-1 -0.148581 -1 -0.621588 -0.127551 -1 0.39632 -1 -1 -0.993775 -1 -0.416143 -0.450562 -0.841645 -1 -0.124698 -1 -1 0.392865 0.628298 -1 -0.558311 -1 0.131083 -1 -1 -0.943116 -1 -0.820077 -0.0407567 -0.0664536 -1 -1 0.974147 -0.362645 -1 -0.278276 -0.543104 -0.658728 -0.57305 -1 -0.928916 -1 0.162202 -0.768919 -0.168508 0.336455 -1 -1 0.539072 -1 -0.771686 -1 -0.707001 -1 0.141737 0.445587 -1 0.173566 -0.0452004 -1 -0.787165 -0.75432 -1 -0.429567 -1 -1 0.704671 0.380034 -0.580559 0.468064 -0.993078 1 -0.132115 -0.817998 -1 -0.58501 -1 -1 0.00635344 -0.787446 -1 -0.886875 -0.23839 -1 -0.632854 -1 -0.389969 -1 -1 0.65686 -1 -0.763955 -0.848331 -1 -0.297949 -0.170879 -1 -0.745217 -1 -0.577499 0.277666 -1 -1 -0.632403 -0.876901 0.0978119 0.724905 -0.903945 -0.736785 -1 -1 -0.923088 0.355287 0.429653 0.276215 -1 -1 -0.354927 -1 -0.997041 0.240603 -0.93558 -0.743892 0.727393 -0.283289 -0.790331 -0.155341 -1 -1 -0.874744 0.247588 -1 -1 -1 1 -1 -1 
-1 0.238525 -1 -1 -1 -1 -1 -0.760446 -1 -0.799218 -1 0.183876 -0.79899 -1 -1 -0.040726 -0.164119 -0.38452 0.0755001 0.0408746 -1 -0.345991 -1 -1 -1 -1 -1 -1 -1 -0.112913 -1 -0.933208 -1 0.565808 -0.860693 -0.135172 -1 -1 -1 -1 -0.915502 -0.655287 0.368811 -0.846317 -1 -0.514604 0.323716 -0.835872 -0.914241 -1 -0.210616 0.685654 -0.957074 -0.962829 0.0929689 -1 0.149528 -0.668669 0.494228 -0.631263 -1 -1 -1 -0.773465 -0.449799 -1 -0.613149 -0.923024 0.872636 -0.89093 -1 0.704477 0.256535 -0.288172 -1 -0.329395 -1 -1 -0.781724 -1 -0.699634 -0.843476 -0.228292 -0.437903 -0.732428 -0.945404 -0.869817 -1 -1 -0.661385 0.417214 -1 -0.997357 -1 -1 -1 -1 -0.333754 -0.22224 0.202628 -0.237042 -0.0894713 -1 -1 -0.669085 -1 -0.496761 0.687964 -1 -1 -0.757161 -1 -1 0.762519 -0.43181 -0.860841 -1 -1 0.0339801 0.799157 -0.905323 0.760098 -0.841863 -1 0.392172 -1 -1 0.618099 -1 -0.539982 0.335636 -0.669692 -0.866567 -0.221501 -0.908781 -0.148724 0.218494 -1 
-0.328755 0.238525 -1 -0.0851882 -0.909766 -0.657445 -0.591582 -1 -0.631147 -1 -1 0.162558 -1 -1 -0.93808 -1 -0.0262757 -0.0568777 -0.163631 0.426952 -1 0.430845 -0.999325 -1 -1 -1 -1 -1 -1 -0.00961804 -1 -0.93649 -1 0.170264 -0.236856 -0.988057 -0.805756 -1 -1 -1 -0.915502 -1 0.368811 -1 -1 -0.716827 0.5704 -0.726447 -1 -0.73482 -1 0.870359 -0.963111 -0.528977 0.0929689 -0.908637 0.149528 -1 0.0326204 0.257861 -1 -1 -0.131977 -1 -0.720897 -1 -0.613149 -0.857667 0.263847 -1 -1 0.704477 0.418677 -0.27906 -0.969267 -0.198512 -0.990011 -1 -1 -0.711931 -0.791747 -1 -0.0934584 -0.240303 -1 -0.587463 -0.521491 -1 -1 -1 0.147279 -1 -0.779489 -1 -1 -1 -0.890458 -1 -0.548083 0.434848 0.145804 0.0468585 -1 -1 -0.0300473 -1 -0.496761 -0.699993 -1 -1 -0.757161 -1 -0.766042 0.396028 -1 -1 -1 -1 0.190754 0.470641 -0.449961 0.651349 -1 -1 0.563607 -0.852168 -0.627872 0.618099 -1 0.321661 0.4065 -0.669692 -1 -0.597986 -0.795892 -1 -0.496159 -0.541377 
-0.976485 0.284575 -1 -0.840932 -1 -0.870307 -0.964451 -1 -0.994492 -1 -1 0.183876 -1 -1 -0.807182 -0.040726 -0.231366 0.127088 0.0755001 -0.51242 -1 -0.435495 -0.973251 -1 -0.653065 -0.566628 -0.865521 -1 -1 -0.112913 -1 -0.972367 -0.907464 0.507122 -0.259329 -0.896425 -1 -0.761888 -1 -1 -1 -1 0.600757 -1 -0.649612 -0.437025 0.465063 -1 -0.584413 -1 -0.568041 0.48878 -0.617651 -1 -0.517836 -1 0.425331 -1 -0.404054 -0.850131 -1 -1 -0.779427 -0.971002 -1 -0.925416 -0.611789 -1 0.489718 -0.89093 -1 0.315605 0.429394 -0.391179 -0.800087 0.0323703 -0.671336 -1 -0.781724 -0.786474 -0.791747 -0.770661 -0.776578 -1 -1 -1 -1 -1 -1 -0.661385 0.566856 -1 -0.930647 -1 -0.688533 -1 -1 0.365859 -0.702302 0.235757 -0.192385 -0.821606 -0.823633 -1 -0.308577 -0.776824 -1 -0.153194 -1 -1 -0.952606 -1 -0.790689 0.396028 -0.697791 -1 -1 -0.93727 -0.463297 0.993156 -1 0.565357 -1 -1 0.211162 -1 0.205931 0.401057 -1 -0.736944 0.742653 -0.669692 -1 -0.482747 -0.95583 -0.305302 0.0057347 -1 
-0.440456 0.238525 -1 -0.0851882 -1 -1 -1 -1 -0.747437 -1 -1 0.14303 -1 -1 -0.807182 -0.209673 -0.529713 -0.00285965 -0.306697 0.0408746 -0.731829 0.37538 -1 -1 -1 -1 -1 -0.948405 -1 0.161701 -0.983348 -0.93649 -1 0.72331 -0.259329 -0.512791 -0.856859 -1 -1 -1 -1 -0.951805 0.368811 -1 -0.954351 -1 0.669951 -0.816133 -0.611689 -0.73482 -1 0.89825 -1 -0.528977 -0.111846 -1 -0.352887 0.23981 -0.0467057 0.257861 -1 -0.593529 -0.131977 -0.672927 -0.449799 -0.847529 -1 -1 1 -0.89093 -1 0.704477 0.818071 -0.592606 -1 -0.121768 -0.834053 -1 -1 -1 -0.791747 -1 -0.185203 -0.437903 -1 -0.787502 -0.500377 -1 -1 -0.661385 -0.259848 -1 -0.590969 -1 -0.746454 -1 -1 -0.348333 -0.298394 0.301877 0.772051 -0.0894713 -1 -0.907167 -0.0759176 -0.776824 -0.739813 0.625469 -0.989216 -1 -0.757161 -1 -0.489785 0.396028 -1 -1 -1 -0.866645 -0.151886 0.799157 -0.347125 0.526905 -1 -0.830871 0.244343 -0.835256 -0.0337487 0.235101 -1 -0.327573 1 -0.669692 -1 -0.221501 -1 -0.823769 -0.781916 -0.541377 
-0.440456 0.238525 -1 -0.398279 -1 -1 -0.847768 -1 -1 -0.832059 -0.586206 0.151934 -0.943709 -1 -0.878816 -0.71583 -0.164119 -0.00285965 0.0755001 0.0408746 -0.731829 0.484191 -1 -1 -1 -1 -1 -1 -1 -0.112913 -1 -0.93649 -1 0.72331 -0.470342 -0.193812 -1 -1 -0.946756 -1 -0.915502 -0.980746 0.368811 -0.909408 -1 -0.23576 0.772115 -0.726447 -1 -0.73482 -1 0.685654 -1 -0.893306 0.0929689 -1 0.149528 -0.249352 0.160799 0.257861 -0.825027 -0.851566 -0.547896 -0.971002 -0.449799 -1 -0.844722 -0.564099 0.872636 -0.89093 -1 -0.267231 0.108457 -0.391179 -1 -0.8394 -0.939762 -1 -0.781724 -0.778693 -0.791747 -1 -0.228292 -0.829407 -1 -1 -1 -1 -1 -1 0.187928 -1 -1 -1 -1 -1 -0.890458 -0.558231 -0.638768 0.319909 0.867466 -0.735784 -1 -0.823286 -0.293609 -1 -0.496761 0.470395 -1 -1 -0.757161 -0.810801 -0.889458 0.396028 -0.43181 -1 -1 -0.866645 0.294084 0.877734 -0.347125 0.371352 -1 -1 -0.0757652 -1 -0.227797 0.666736 -1 -1 1 -0.57295 -1 -0.600888 -1 -0.453539 0.218494 -1 
-0.886478 -0.456212 -1 -0.0851882 -1 -0.657445 -0.591582 -1 -0.631147 -1 -1 0.114909 -1 -1 -0.93808 -0.845116 -0.0262757 -0.200189 -1 0.426952 -1 0.430845 -0.999325 -0.838272 -1 -1 -1 -1 -1 -0.92724 -1 -1 -1 0.297183 -0.236856 -1 -1 -1 -0.982453 -1 -1 -0.872896 0.368811 -1 -1 -0.23576 0.216549 -0.725604 -1 -0.73482 -1 0.685654 -1 -0.528977 0.0929689 -0.252144 0.261451 -1 0.0326204 -0.392279 -0.95541 -0.593529 -0.131977 -0.945636 -0.720897 -1 -0.613149 -1 0.872636 -0.89093 -1 -0.0253767 0.418677 -1 -1 -0.810902 -0.990011 -1 -1 -1 -0.791747 -1 -0.228292 -0.240303 -1 -1 -1 -1 -1 -1 0.147279 -1 -0.351856 -1 -1 -1 -0.890458 -1 -0.691527 -0.459991 0.262911 -0.0894713 -1 -1 -0.0300473 -0.612185 -0.483503 0.273098 -1 -1 -1 -1 -0.489785 0.396028 -1 -1 -1 -0.754038 -0.279179 0.399996 -0.449961 0.651349 -1 -1 0.38535 -0.852168 -0.227797 0.74541 -1 0.321661 0.4065 -0.956382 -1 -0.221501 -0.889728 -1 -0.406094 -0.541377 
-0.659204 0.382077 -1 -0.0851882 -1 -1 -0.591582 -1 -0.747437 -1 -1 -0.0486279 -1 -0.926943 -0.807182 -0.040726 -0.164119 -0.00285965 -0.529941 -0.200082 -0.731829 0.401693 -1 -1 -1 -1 -1 -0.888956 -0.931553 -0.223199 -1 -1 -1 0.670164 -0.259329 -0.215032 -1 -1 -0.946756 -1 -0.877235 -1 0.484535 -1 -1 -0.23576 0.772115 -0.726447 -0.584413 -0.73482 -0.809546 0.86973 -1 -0.528977 0.0929689 -1 -1 -0.776415 0.160799 0.435239 -1 -0.593529 -0.692293 -0.971002 -0.970198 -1 -1 -0.552322 0.888377 -1 -1 0.6165 0.612279 -0.391179 -1 -1 -1 -1 -0.781724 -1 -0.815343 -1 -0.527749 -0.763313 -1 -1 -0.521491 -1 -1 -0.440572 0.443806 -0.919854 -0.590969 -1 -1 -1 -0.890458 -0.0622095 -0.268687 0.319909 0.772051 -0.0894713 -1 -1 -0.0759176 -0.776824 -0.667926 -0.122437 -1 -1 -0.757161 -0.885366 -0.489785 0.396028 -0.43181 -1 -1 -0.610739 0.294084 0.945132 -0.347125 0.371352 -1 -1 0.38535 -1 -0.227797 0.556135 -1 -0.247536 0.75305 -0.669692 -1 -1 -0.795892 -0.453539 0.206629 -1 
-0.328755 -0.111617 -1 -0.0851882 -1 -0.657445 -0.520956 -1 -0.631147 -1 -1 0.162558 -1 -1 -0.93808 -0.845116 -0.0262757 -0.200189 -0.163631 0.426952 -1 0.430845 -1 -1 -1 -1 -1 -1 -1 -1 -1 -0.93649 -1 -0.196085 -1 -0.988057 -1 -1 -1 -1 -0.915502 -1 0.368811 -1 -0.814588 -0.23576 0.630299 -0.726447 -1 -0.73482 -1 0.685654 -1 -0.528977 0.18512 -0.633735 0.149528 -1 0.0326204 0.257861 -1 -0.593529 -0.131977 -0.971002 -0.720897 -1 -0.278507 -1 0.540775 -0.89093 -1 0.704477 0.418677 -0.27906 -1 -0.418199 -0.990011 -0.922258 -1 -0.395776 -0.820217 -1 -0.44184 -1 -1 -0.587463 -0.521491 -1 -1 -1 0.147279 -0.827929 -0.351856 -1 -1 -1 -1 -1 -0.467144 0.319909 0.830347 -0.0894713 -1 -1 -0.771824 -1 -0.496761 -0.542145 -1 -0.676169 -0.757161 -1 -0.489785 0.396028 -1 -1 -1 -1 0.188147 0.616514 -0.449961 1 -1 -1 -0.133972 -0.82907 -0.227797 0.201455 -1 0.193527 0.209846 -0.669692 -1 -0.221501 -0.606065 -1 -0.496159 -0.541377 
-0.440456 0.233811 -1 -0.0851882 -0.947004 -1 -1 -1 -0.838319 -0.509044 -1 0.183876 -1 -1 -1 -0.040726 -1 -0.188452 -0.48276 -0.814528 -0.71158 0.477948 -1 -1 -1 -1 -1 -0.848839 -1 -0.112913 -1 -1 -0.942712 0.914027 -0.903944 0.10129 -1 -1 -0.722969 -1 -1 -1 -0.362341 -1 -1 -0.731461 1 -0.840836 -1 -1 -0.232219 -0.387017 -1 -0.699085 -1 -0.685708 -0.870988 -0.531451 -0.391195 0.257861 -0.855347 -1 -0.874582 -1 -0.258381 -1 -1 -1 0.921401 -1 -1 0.704477 0.381401 -0.821279 -1 -0.785215 -1 -0.712981 -1 -0.646986 -1 -1 -1 -0.363552 -1 -1 -1 -1 -1 -1 -0.502269 -1 -0.59834 -1 -0.915301 -1 -0.69392 -0.175343 -1 0.319909 0.0691235 -0.633132 -1 -1 -0.142389 -0.726717 -0.924095 0.310098 -0.757011 -1 -0.977681 -1 -0.626251 0.61896 -0.377169 -1 -1 -1 0.464427 0.799157 -1 0.401629 -0.754412 -1 0.819132 -1 -0.628377 0.469469 -1 -0.327573 1 -1 -0.805396 -0.0967526 -1 -0.12641 -0.660675 -0.89779 
-0.865486 0.277682 -0.69153 0.0136249 -1 -1 -1 -1 -0.838319 -0.889311 -1 0.183876 -1 -0.976144 -1 -0.635715 -0.716388 -0.243077 -0.160733 -0.644958 -0.693594 0.395795 -1 -1 -1 -1 -1 -1 -1 -0.112913 -1 -1 -1 0.366076 -0.259329 -0.285531 -1 -1 -0.946756 -1 -1 -1 0.278202 -1 -1 -0.553388 1 -0.725125 -0.584413 -0.73482 -0.364716 -0.840707 -1 -1 -0.757468 -0.850299 -0.532416 -0.152649 -0.775914 0.257861 -1 -0.593529 -0.335124 -1 -1 -1 -1 -0.564099 0.872636 -1 -0.91097 0.987292 0.231025 -0.226793 -0.990863 -0.631265 -1 -0.993207 -0.72017 -1 -1 -1 -1 -0.819481 -1 -1 -0.836986 -1 -0.762452 -0.661385 -1 -1 -0.519961 -1 -1 -1 -1 -0.284496 -0.710927 0.319909 -0.404072 -0.408218 -1 -1 -1 -0.933487 -0.496761 0.494786 -0.777639 -1 -0.904953 -1 -0.489785 0.61896 -0.345751 -1 -1 -1 0.202522 0.799157 -0.347125 0.371352 -1 -1 0.0827586 -1 -0.0588017 0.937562 -1 -1 1 -0.987756 -1 0.0841108 -1 -0.384626 0.218494 -1 
-0.440456 0.238525 -1 -0.0851882 -1 -1 -0.591582 -1 -0.747437 -1 -1 0.183876 -1 -1 -0.807182 -0.040726 -0.164119 -0.00285965 0.0755001 0.0408746 -0.731829 0.430845 -1 -1 -1 -1 -1 -1 -1 -0.112913 -1 -0.93649 -1 0.72331 -0.259329 0.10129 -1 -1 -0.946756 -1 -0.915502 -1 0.368811 -1 -1 -0.23576 0.772115 -0.726447 -0.584413 -0.73482 -0.364716 0.685654 -1 -0.528977 0.0929689 -1 0.149528 -0.152649 0.160799 0.257861 -1 -0.593529 -0.131977 -0.971002 -0.449799 -1 -0.613149 -0.564099 0.872636 -0.89093 -1 0.704477 0.818071 -0.391179 -1 -0.329395 -0.990011 -1 -0.781724 -0.778693 -0.791747 -1 -0.228292 -0.437903 -1 -0.945404 -0.521491 -1 -1 -0.661385 0.417214 -1 -0.590969 -1 -0.746454 -1 -0.890458 -0.0760616 -0.298394 0.319909 0.772051 -0.0894713 -1 -1 -0.0759176 -0.776824 -0.496761 0.687964 -1 -1 -0.757161 -1 -0.489785 0.396028 -0.43181 -1 -1 -0.866645 0.294084 0.799157 -0.347125 0.371352 -1 -1 0.38535 -1 -0.227797 0.618099 -1 -0.327573 1 -0.669692 -1 -0.221501 -0.795892 -0.453539 0.218494 -0.541377 
-0.311793 0.238525 -1 -0.0851882 -1 -1 -0.591582 -1 -0.666426 -1 -1 0.183876 -1 -1 -0.807182 -0.040726 -0.164119 -0.00285965 0.0755001 -0.225959 -0.731829 -0.185616 -1 -1 -1 -1 -1 -1 -1 -0.112913 -1 -1 -1 0.360353 -1 -0.132701 -1 -1 -1 -1 -1 -1 0.368811 -0.980328 -1 -0.23576 0.772115 -0.898483 -0.584413 -0.73482 -0.273994 0.685654 -1 -0.720236 0.0929689 -1 0.149528 -0.152649 0.160799 0.257861 -1 -0.593529 -0.131977 -1 -0.449799 -1 -0.613149 -0.53048 0.872636 -0.89093 -1 0.704477 0.444584 -0.391179 -1 -0.329395 -1 -1 -0.781724 -0.778693 -0.791747 -1 -0.228292 -0.437903 -1 -0.945404 -0.521491 -1 -1 -0.661385 -0.00704101 -1 -0.590969 -1 -1 -1 -0.890458 -0.572855 -0.639902 0.319909 0.772051 -0.0894713 -1 -0.830866 -0.0759176 -0.776824 -0.496761 0.687964 -1 -1 -0.757161 -0.947332 -0.489785 0.271794 -0.43181 -0.787425 -1 -0.866645 0.294084 0.799157 -0.955265 0.371352 -1 -1 0.38535 -1 -0.227797 0.483843 -1 -0.327573 1 -0.669692 -1 -0.221501 -0.795892 -0.453539 0.218494 -0.541377 
-0.440456 0.238525 -1 -0.0851882 -1 -1 -0.591582 -1 -0.747437 -1 -1 0.183876 -1 -1 -0.807182 -0.040726 -0.247952 -0.00285965 0.0755001 0.0408746 -0.731829 0.430845 -1 -1 -1 -1 -1 -1 -1 -0.00465271 -1 -0.93649 -1 0.72331 -0.259329 0.10129 -1 -1 -0.946756 -1 -0.915502 -1 0.368811 -1 -1 -0.23576 0.772115 -0.726447 -0.584413 -0.73482 -0.364716 0.685654 -1 -0.528977 0.0929689 -1 0.149528 -0.152649 0.160799 0.257861 -1 -0.593529 -0.131977 -0.971002 -0.449799 -1 -0.613149 -0.864782 0.872636 -0.89093 -1 0.704477 0.818071 -0.391179 -1 -0.329395 -0.990011 -1 -0.781724 -0.778693 -0.791747 -1 -0.228292 -0.437903 -1 -0.945404 -0.521491 -1 -1 -0.661385 0.417214 -1 -0.590969 -1 -0.746454 -1 -0.890458 -0.0760616 -0.298394 0.319909 0.772051 -0.0894713 -1 -1 -0.0759176 -0.776824 -0.496761 0.687964 -1 -1 -0.861584 -1 -0.497587 0.396028 -0.43181 -1 -1 -0.866645 0.294084 0.799157 -0.347125 0.371352 -1 -1 0.38535 -1 -0.227797 0.618099 -1 -0.327573 1 -0.669692 -1 -0.221501 -0.795892 -0.453539 0.218494 -0.541377 
-0.776947 0.238525 -1 -0.369926 -1 -1 -0.957857 -1 -1 -1 -1 0.283944 -1 -1 -0.807182 0.107755 -0.0892413 -0.0791035 0.0755001 0.217019 -1 0.430845 -1 -1 -1 -1 -1 -1 -1 -0.112913 -1 -1 -1 0.72331 -0.259329 -0.710364 -1 -1 -0.946756 -1 -0.830379 -1 0.378041 -1 -1 -0.23576 0.428937 -0.726447 -1 -0.73482 -0.364716 0.86973 -1 -0.94012 0.0929689 -1 -0.876555 -1 -0.35579 0.131564 -1 -0.593529 -0.131977 -1 -1 -1 -1 -0.564099 0.768072 -1 -0.813303 1 0.818071 -1 -1 -0.661667 -0.990011 -0.918786 -0.781724 -1 -0.837347 -1 -0.289043 -0.437903 -0.741253 -1 -0.521491 -1 -1 -0.661385 0.443806 -1 -0.587412 -1 -0.746454 -1 -0.890458 -0.0760616 -0.268687 0.319909 0.772051 -0.0894713 -1 -1 -0.0759176 -0.776824 -0.496761 -0.781135 -1 -1 -0.789872 -1 -0.489785 0.396028 -0.43181 -1 -1 -0.588615 0.0453428 0.799157 -0.347125 0.371352 -1 -0.864548 0.38535 -1 -0.010088 0.618099 -1 -0.327573 0.618079 -0.669692 -1 -0.13552 -1 -0.322565 0.218494 -1 
-0.932455 -0.684215 -1 -0.0851882 -1 -0.996372 -0.295977 -1 -0.747437 -1 -1 0.183876 -0.986095 -1 -1 -0.0637673 -0.835522 -0.15819 0.219273 -0.334009 -1 0.430845 -1 -1 -1 -1 -0.748203 -1 -1 -1 -1 -0.223868 -1 0.418106 -0.0945049 0.10129 -1 -0.889482 -1 -1 -0.775363 -1 0.368811 -1 -1 -1 -0.411344 -0.943677 -0.545203 -1 -1 -0.404886 -1 -1 0.0929689 -1 -0.781773 -0.18177 -1 0.556089 -1 -0.611079 -0.0629279 -1 -1 -1 -1 -1 0.0693388 -1 -1 -0.00866717 0.937003 -1 -1 -0.0422254 -0.990011 -1 -1 -0.736151 -1 -1 -0.900063 -0.437903 -1 -1 -0.521491 -0.93737 -1 -0.661385 -0.868696 -1 -0.738029 -1 -0.746454 -1 -1 -0.573482 -0.740403 0.35301 -0.387582 -1 -0.911494 -1 -0.414281 -0.776824 -0.543563 0.307198 -0.821338 -0.702279 -0.757161 -1 -0.491195 0.396028 -0.511633 -1 -1 -1 0.274896 0.211736 -0.426795 0.446528 -1 -0.727592 -0.705163 -1 -0.227797 0.331188 -1 -0.383998 1 -1 -1 -0.603398 -0.795892 -1 -0.555584 -0.936271 
-1 -0.148581 -1 -0.621588 -0.127551 -1 -0.315082 -1 -1 -1 -1 -0.416143 -0.14437 -0.841645 -1 -0.124698 -0.72861 -1 0.131992 -0.104885 -1 -0.900977 -1 -1 -1 -1 -1 -1 -0.768385 0.26597 -0.310528 -0.791867 -1 0.828248 -1 -1 -0.296474 -1 -0.658728 -0.57305 -1 -1 -1 0.162202 -1 0.427659 -0.369021 -1 -0.542155 0.0250477 -1 -0.69354 -1 -0.707001 -1 0.141737 0.445587 -1 0.173566 0.293743 -1 -0.787165 -1 -1 -0.880631 -1 -1 1 0.269553 -1 0.468064 -1 1 -1 -0.571315 -1 -0.58501 -1 -1 -0.0183642 -0.569271 -1 -0.349811 -1 -0.626778 -1 -1 -1 -1 -1 0.65686 -1 -0.763955 -0.848331 -0.705618 -0.243838 -0.170879 -1 -1 -1 -1 0.277666 -0.728105 -1 -1 -1 0.0978119 1 -0.902271 -1 -1 -1 -0.923088 0.355287 0.429653 -0.148289 -1 -1 0.124733 -1 -1 0.397338 -1 -0.743892 0.286752 -0.318516 -1 0.13163 -1 -1 -1 0.247588 -1 -1 -1 1 -0.909541 -1 
-0.431653 0.17797 -1 -0.551684 -1 -1 -0.591582 -1 -0.747437 -1 -1 -0.41954 -1 -1 -0.807182 0.065084 -0.164119 -0.503002 0.292231 0.0408746 -0.731829 0.430845 -1 -1 -1 -1 -1 -0.93524 -1 -0.112913 -1 -0.93649 -0.893548 0.231387 -0.259329 0.10129 -1 -1 -0.600745 -1 -1 -1 0.368811 -1 -1 -0.23576 0.772115 -0.658573 -0.584413 -0.73482 -0.637527 0.144995 -1 -1 0.0370771 -1 0.149528 -0.472966 -0.100348 -0.0120371 -1 -0.635223 0.00728293 -0.971002 -1 -1 -0.613149 -0.564099 0.320029 -0.89093 -1 0.704477 0.720152 -0.391179 -1 -1 -0.990011 -1 -1 -0.778693 -0.791747 -1 -0.0351926 -0.437903 -0.853219 -0.945404 -0.521491 -0.727857 -1 -0.661385 0.417214 -1 -0.590969 -1 -1 -1 -1 -0.0760616 -0.132043 0.319909 0.838273 -0.0894713 -1 -1 -0.0759176 -1 -0.496761 0.175688 -0.717257 -1 -0.573727 -1 -0.335903 -0.0200048 -1 -1 -1 -0.866645 -0.0306974 0.888633 -0.436237 0.371352 -1 -1 -0.313902 -1 -0.227797 0.618099 -1 -0.327573 1 -0.669692 -1 -0.221501 -0.795892 -0.453539 0.218494 -0.541377 
-0.440456 0.238525 -1 -0.398279 -1 -1 -0.847768 -0.777669 -1 -1 -0.586206 -0.445133 -0.943709 -1 -0.807182 -0.71583 -0.164119 -0.594985 0.0755001 0.0408746 -0.731829 0.484191 -1 -1 -1 -1 -1 -1 -1 -0.112913 -1 -0.93649 -1 0.72331 -0.470342 -0.193812 -1 -1 -0.946756 -1 -0.915502 -0.980746 0.368811 -1 -1 -0.23576 0.772115 -0.726447 -1 -0.642444 -1 0.685654 -1 -0.893306 0.0929689 -1 0.149528 -0.249352 0.160799 0.257861 -1 -0.593529 -0.547896 -0.971002 -0.745873 -1 -0.844722 -0.564099 0.872636 -0.89093 -0.830776 -0.267231 0.108457 -0.391179 -1 -0.8394 -0.990011 -1 -0.781724 -0.778693 -0.791747 -1 -0.228292 -0.308872 -1 -1 -1 -1 -1 -0.923162 0.187928 -1 -0.754803 -1 -0.746454 -1 -0.890458 -0.558231 -0.446196 0.319909 0.867466 -0.735784 -1 -0.823286 -0.293609 -1 -0.496761 0.414617 -1 -1 -0.757161 -0.810801 -0.889458 0.422089 -0.43181 -1 -1 -0.866645 0.294084 0.877734 -0.347125 0.371352 -1 -1 0.38535 -1 -0.227797 0.666736 -1 -1 1 -0.669692 -1 -0.172961 -1 -0.453539 0.218494 -1 
-1 -0.757862 -1 -1 -0.127551 -0.791316 -0.73971 -1 -0.972716 -0.536442 -1 -1 -0.450562 -0.841645 -1 -0.124698 -0.958556 -1 0.392865 0.628298 -0.794516 -0.558311 -1 0.131083 -1 -1 -0.943116 -1 -1 0.0907229 -0.0664536 -1 -1 0.974147 -0.362645 -1 -0.651343 -0.543104 -0.658728 -0.57305 -1 -1 -1 0.162202 -1 0.215644 0.720582 -1 -0.669001 0.539072 -0.441755 -0.249634 -0.389166 -1 -1 -0.22347 0.445587 -1 0.173566 0.293743 -1 -0.378581 -0.75432 -1 -0.429567 -1 -0.60842 0.590846 0.380034 -0.580559 0.0410358 -0.993078 1 -0.132115 -0.817998 -0.77024 -0.58501 -1 -1 -1 -0.787446 -1 -0.584322 -0.48395 -1 -0.632854 -1 -0.389969 -1 -0.907915 0.65686 -1 -0.763955 -0.848331 -1 -0.297949 -0.260866 -0.38149 -0.489787 -1 -0.724217 0.277666 -1 -1 -1 -1 0.0978119 1 -0.903945 -0.736785 -1 -1 -0.923088 0.355287 0.429653 0.0239545 -0.389023 -1 0.124733 -1 -1 0.240603 -0.93558 -0.98068 0.727393 -0.318516 -1 -0.675135 -1 -1 -0.333043 0.105107 -1 -0.786762 -1 0.851045 -1 -1 
-0.888138 -0.262647 -1 -1 -1 -1 -1 -1 -1 -1 -1 0.113704 -1 -1 -1 -0.349378 -0.181514 -0.00285965 0.0469903 -1 -1 -0.822931 -1 -1 -0.997553 -1 -1 -1 -0.896022 -0.0871494 -1 -0.632613 -1 0.523748 -0.20421 0.10129 -1 -1 -1 -0.94806 -0.673434 -0.683693 0.268936 -0.995662 -1 -0.584508 0.772115 -0.726447 -1 -1 -1 0.602467 -0.908151 -0.839682 0.0938806 -1 0.149528 -0.731909 -0.228307 -0.193676 -1 -0.593529 -0.705307 -1 -0.449799 -1 -0.613149 -0.564099 0.134886 -1 -1 0.688145 -0.207623 -0.391179 -0.976374 -1 -1 -1 -1 -1 -1 -1 -1 -0.437903 -0.81733 -0.945404 -1 -0.970495 -1 -1 0.503695 -1 -0.618891 -0.502914 -1 -1 -1 -0.195347 -1 -0.715436 1 -1 -1 -1 -0.436935 -0.598959 -0.85389 -0.35267 -0.663029 -0.917491 -1 -1 -1 0.396028 -1 -1 -1 -0.866645 0.294084 0.687639 -0.913138 0.371352 -1 -1 0.38535 -1 -1 0.84319 -1 -0.327573 1 -0.669692 -1 -0.221501 -0.795892 -0.852671 0.218494 -0.973509 
-0.659204 0.382077 -1 -0.0851882 -1 -1 -0.385523 -1 -1 -1 -1 -0.0486279 -1 -1 -0.807182 -0.040726 -0.0206394 -0.00285965 -0.529941 -0.200082 -0.731829 0.401693 -1 -0.976296 -1 -1 -1 -1 -0.931553 -0.223199 -1 -1 -1 0.670164 -0.259329 -1 -1 -1 -1 -1 -0.877235 -1 0.484535 -1 -1 -0.27288 -0.176252 -0.726447 -0.584413 -0.73482 -0.809546 0.86973 -1 -0.528977 -0.266205 -1 -1 -0.776415 0.380265 0.435239 -1 -0.355185 -0.692293 -0.971002 -0.970198 -1 -1 -0.552322 0.888377 -1 -1 0.6165 0.937635 -0.391179 -1 -1 -0.760841 -1 -0.781724 -1 -0.815343 -1 -0.527749 -0.763313 -1 -1 -0.521491 -1 -1 -0.440572 0.443806 -0.919854 -0.590969 -1 -1 -1 -0.890458 -0.0622095 -0.268687 -0.346054 0.772051 -0.0894713 -0.893835 -1 -0.0759176 -1 -0.667926 -0.122437 -1 -1 -0.757161 -0.885366 -0.564658 0.396028 -0.43181 -1 -1 -0.610739 0.294084 0.945132 -0.347125 0.371352 -1 -1 0.492715 -1 -0.227797 0.592218 -1 0.115344 0.75305 -0.669692 -1 -1 -0.795892 -0.453539 0.206629 -0.831895 
-1 0.238525 -1 -0.0761134 -1 -0.721638 -1 -1 -0.858544 -1 -0.902466 -0.117818 -1 -1 -0.807182 -0.040726 -0.164119 0.0671112 0.223944 0.0408746 -0.731829 0.430845 -1 -0.818416 -1 -1 -0.906379 -1 -0.52624 -0.31453 -1 -1 -1 0.72331 -0.259329 -0.118333 -1 -1 -1 -1 -0.682405 -1 0.571226 -1 -1 -0.88424 0.466773 -0.726447 -0.611833 -0.891001 -1 0.0221938 -0.981182 -1 0.276766 -0.901664 0.175577 -0.152649 0.160799 -0.677695 -1 -1 -0.131977 -1 -0.427714 -1 -0.613149 -0.575396 0.288251 -1 -1 0.704477 0.354855 -0.391179 -1 -1 -0.990011 -0.486331 -0.697512 -0.999575 -0.791747 -1 0.120124 -0.306078 -1 -0.945404 -0.521491 -1 -0.696904 -1 0.417214 -1 -0.590969 -1 -1 -1 -1 -1 -0.715646 0.234833 -0.850571 -0.0894713 -1 -1 -0.0759176 -0.930591 -0.779919 0.687964 -1 -1 -0.865787 -1 -0.489785 0.396028 -0.37527 -1 -0.909888 -0.866645 -0.391554 0.605679 -0.40974 0.933261 -1 -1 -0.227974 -1 -0.227797 0.360741 -1 -0.327573 1 -0.857831 -1 -0.221501 -0.795892 -0.453539 0.218494 -0.541377 
-0.154526 -0.493542 -0.435794 0.490924 -1 -0.317762 -0.931395 -1 -0.234372 -0.555025 0.636097 0.283338 -0.528927 0.199393 -0.880547 -0.0807137 -0.193412 -0.406218 -1 -0.305058 0.304314 -0.125376 0.398247 -0.1026 -1 -1 -0.302429 -0.256976 0.576069 -1 -1 -0.536008 0.541337 -1 -0.255145 -1 -0.605884 -1 0.18874 -0.938085 -1 0.492494 0.0969288 -1 -1 -0.730173 -0.523466 -1 0.0289239 0.962549 -1 -1 0.702892 -0.570527 0.714352 0.588171 -1 -1 0.145916 0.840516 -0.513621 -0.433627 -1 -1 -0.272688 -0.817855 -1 -0.870685 -0.772267 -0.887559 -0.891474 -0.565919 -1 -0.769815 -0.873255 -0.254427 -0.613966 -1 -0.656345 0.472432 -0.304826 0.741273 -0.832902 -1 -0.173192 -1 -1 0.440659 -1 -0.615343 0.96059 -1 -0.414914 -0.746077 -0.510579 0.0381689 -1 -1 -0.129305 0.0278398 0.281778 -0.112465 -1 -1 0.158536 0.611694 -0.569325 -0.389683 -0.0539418 -0.794986 -1 -0.925876 -0.873869 -1 -0.742644 -1 -0.648664 1 0.282762 0.0128689 -1 -0.826016 -0.619359 -1 -0.851129 -0.526848 -0.730446 0.924151 -0.181634 0.285486 -1 -1 0.0678829 0.0306497 0.751152 0.498142 -1 -0.731404 
-0.440456 0.238525 -1 -0.0851882 -1 -1 -0.591582 -1 -0.747437 -1 -1 0.183876 -1 -1 -0.807182 -0.040726 -0.164119 -0.00285965 0.0755001 0.0408746 -0.731829 0.430845 -1 -1 -1 -1 -1 -1 -1 -0.112913 -1 -0.93649 -1 0.72331 -0.259329 0.10129 -1 -1 -0.946756 -1 -0.915502 -1 0.368811 -1 -1 -0.23576 0.772115 -0.726447 -0.584413 -0.73482 -0.364716 0.685654 -1 -0.528977 0.0929689 -1 0.149528 -0.152649 0.160799 0.257861 -1 -0.593529 -0.131977 -0.971002 -0.449799 -1 -0.613149 -0.564099 0.872636 -0.89093 -1 0.704477 0.818071 -0.391179 -1 -0.329395 -0.990011 -1 -0.781724 -0.778693 -0.791747 -1 -0.228292 -0.437903 -1 -0.945404 -0.521491 -1 -1 -0.661385 0.417214 -1 -0.590969 -1 -0.746454 -1 -0.890458 -0.0760616 -0.298394 0.319909 0.772051 -0.0894713 -1 -1 -0.0759176 -0.776824 -0.496761 0.687964 -1 -1 -0.757161 -1 -0.489785 0.396028 -0.43181 -1 -1 -0.866645 0.294084 0.799157 -0.347125 0.371352 -1 -1 0.38535 -1 -0.227797 0.618099 -1 -0.327573 1 -0.669692 -1 -0.221501 -0.795892 -0.453539 0.218494 -0.541377 
-0.571572 0.238525 -1 -0.0851882 -1 -1 -0.591582 -1 -0.747437 -0.993832 -1 0.183876 -1 -1 -0.635832 -0.352626 -1 0.241211 0.149366 0.0408746 -0.731829 0.682448 -1 -1 -1 -0.596806 -1 -0.878959 -0.424621 -0.811168 -1 -1 -0.78142 0.72331 -0.259329 0.131991 -0.888156 -1 -0.946756 -0.964181 -1 -1 0.323762 -1 -1 -0.990723 1 -0.726447 -1 -0.917658 -1 0.685654 -1 -0.528977 0.0929689 -1 -0.340992 -0.152649 0.551387 0.257861 -1 -0.827942 -1 -0.971002 -0.269284 -1 -0.613149 -0.564099 0.872636 -0.89093 -0.741131 0.766441 0.818071 -0.483454 -1 -0.610506 -0.789237 -1 -0.781724 -0.907791 -1 -0.657435 -0.430537 -1 -1 -1 -1 -1 -1 -1 0.417214 -1 -0.87723 -1 -1 -1 -0.890458 -0.674059 -0.927308 0.319909 0.772051 -0.0894713 -1 -0.702274 -0.0759176 -0.776824 -1 0.821909 -1 -0.808573 -0.757161 -0.907808 -1 0.385974 -0.43181 -1 -0.97017 -1 0.294084 0.216886 -0.347125 0.371352 -0.87844 -1 -1 -1 -0.227797 0.986685 -1 -0.327573 1 -1 -1 -0.298336 -1 -1 0.218494 -0.555948 
-1 0.238525 -1 -0.289618 -1 -0.721638 -1 -1 -1 -1 -1 0.183876 -1 -1 -0.807182 -0.040726 -0.20872 -0.00285965 0.223944 0.0408746 -0.731829 0.430845 -1 -0.902137 -1 -1 -0.906379 -1 -0.68966 -0.112913 -1 -0.93649 -0.810394 0.842114 -0.259329 -0.518468 -0.800827 -1 -0.946756 -1 -0.682405 -1 0.120792 -1 -1 -0.455844 0.466773 -1 -0.540955 -0.891001 -1 0.0221938 -1 -1 0.276766 -1 0.328286 -0.152649 0.160799 -0.677695 -1 -0.902812 -0.131977 -1 -0.600129 -1 -0.613149 -0.523878 0.288251 -1 -1 0.704477 -0.0872662 -0.549642 -1 -1 -0.990011 -0.582627 -0.607378 -0.999575 -0.791747 -1 0.284112 -0.306078 -1 -1 -0.521491 -1 -0.696904 -1 0.417214 -1 -0.590969 -1 -1 -1 -1 -1 -0.715646 0.0309263 -0.809832 -0.0894713 -1 -1 -0.0759176 -0.930591 -0.779919 0.687964 -1 -1 -0.865787 -1 -0.489785 0.396028 -0.37527 -1 -1 -0.866645 -0.391554 0.799157 -0.620471 0.570144 -1 -1 -0.227974 -1 -0.227797 0.360741 -1 -0.492393 1 -0.857831 -1 -0.221501 -0.795892 -0.453539 0.218494 -0.541377 
-0.440456 0.373495 -1 -0.0851882 -1 -1 -0.591582 -1 -0.712978 -1 -1 0.381181 -1 -1 -0.807182 -0.040726 -0.164119 -0.00285965 0.0755001 0.0408746 -0.731829 0.430845 -1 -1 -1 -1 -1 -1 -1 -0.211271 -1 -0.93649 -1 0.670986 -0.7867 -0.132701 -1 -1 -1 -1 -0.915502 -1 0.545683 -1 -1 -0.23576 0.772115 -0.772814 -1 -0.73482 -0.364716 0.123721 -1 -0.720236 0.0929689 -1 0.149528 -0.152649 0.160799 0.257861 -1 -0.593529 -0.131977 -0.971002 -0.449799 -1 -0.613149 -0.53048 0.872636 -1 -1 0.704477 0.818071 -0.688657 -1 -0.873271 -0.990011 -1 -0.781724 -0.778693 -0.791747 -1 -0.228292 -0.97162 -1 -1 -0.521491 -1 -1 -0.661385 -0.00704101 -1 -0.590969 -1 -0.746454 -1 -0.890458 -0.572855 -0.298394 0.319909 0.772051 -0.0894713 -1 -1 -0.0759176 -0.776824 -0.496761 0.687964 -1 -0.880113 -1 -0.947332 -0.489785 0.396028 -0.801722 -0.787425 -1 -0.866645 0.294084 0.799157 -0.656525 0.371352 -1 -1 -0.244549 -1 -0.227797 0.483843 -1 -0.327573 1 -0.669692 -1 -0.221501 -0.795892 -0.453539 0.218494 -0.541377 
-0.76533 0.34827 -0.69153 -0.0851882 -1 -0.878941 -1 -0.984963 -1 -0.80495 -1 -0.264185 -0.852729 -1 -1 -0.709313 -0.465075 -0.584483 -0.932207 -1 -0.403242 0.439533 -1 -1 -1 -1 -1 -1 -1 -0.112913 -1 -1 -1 0.882199 -0.891592 -0.24414 -1 -1 -1 -1 -1 -1 -0.290441 -1 -0.903953 -0.543497 0.386319 -0.726447 -1 -1 -0.364716 -1 -1 -1 -0.308649 -0.685708 -0.532416 -0.0704815 -0.0842385 -0.605397 -0.696819 -0.593529 -0.131977 -1 -1 -1 -0.999314 -0.391425 0.525511 -0.810162 -1 0.225319 -0.742145 -0.532626 -1 -0.333123 -0.854144 -1 -1 -1 -1 -1 -1 -1 -1 -1 -0.687956 -0.833517 -0.68849 -1 -0.318602 -1 -0.665202 -1 -0.857986 -1 -1 -0.371785 -0.563364 -0.212348 -1 0.143696 -1 -1 -0.0759176 -1 -0.496761 0.892212 -1 -0.835573 -0.757161 -1 -1 0.539057 -0.0755958 -1 -1 -0.561339 -1 0.799157 -0.347125 0.371352 -1 -0.742792 -1 -1 -0.235968 0.730687 -1 -1 0.911995 -0.880489 -1 0.196321 -1 -0.939122 -0.846614 -0.90635 
-0.724761 0.836778 0.066608 -0.197295 -0.524386 0.247697 -0.457703 0.19593 -0.470672 -0.0464602 -0.656754 0.170205 -0.177562 0.0435247 -0.764109 0.000157356 -0.552976 0.70174 -0.63353 -0.719851 0.342479 -0.200674 -0.945388 0.16843 0.450454 0.0658307 -0.508765 0.7434 -0.0509561 -0.43481 -0.116258 0.195765 0.184012 0.038265 -0.172881 -0.170873 0.235654 -0.474255 -0.895584 -0.695462 -0.510651 0.513682 -0.630502 -0.940732 0.473044 0.628406 0.355024 0.380253 0.768275 -0.147107 -0.727996 0.375717 -0.496851 0.591833 -0.0104308 -0.602523 -0.0697584 0.544066 -0.924229 -0.362648 0.33576 -0.478627 0.115657 0.965926 0.62326 -1 -0.988757 -0.268921 -0.516016 -0.408855 0.679461 -0.308109 -0.648657 -0.597701 -1 0.421647 0.186937 -0.72528 0.966709 0.284766 0.406594 -0.729295 -0.0158432 0.219513 -0.643322 0.208114 -0.252492 0.982262 -0.703007 0.689451 0.50723 -0.637674 -0.699344 -0.0957159 -0.476254 0.199072 -0.84269 -0.0184334 -0.426695 -0.243237 -0.395565 0.163666 0.735476 0.731745 -0.910766 0.568645 -0.494311 0.0802233 -0.969087 0.446783 0.328799 -0.477806 -0.624097 -0.716546 -0.502467 0.63088 -0.519455 -0.815179 -0.653926 -0.676407 -0.5757 -0.98746 -0.202067 0.178017 -0.207799 0.739963 -0.0921463 0.356125 0.46652 0.0802919 0.0734425 -0.749265 -0.492178 0.862499 -0.833272 0.425321 -0.794553 0.734565 
-0.328755 0.238525 -1 -0.0851882 -1 -0.657445 -0.591582 -1 -0.631147 -1 -1 0.162558 -1 -1 -0.93808 -0.845116 -0.0262757 -0.200189 -0.163631 0.426952 -1 0.430845 -0.999325 -0.838272 -1 -1 -1 -1 -1 -0.112913 -1 -0.93649 -1 0.297183 -0.236856 -0.988057 -1 -1 -1 -1 -0.915502 -1 0.368811 -1 -1 -0.23576 0.5704 -0.726447 -1 -0.73482 -1 0.685654 -1 -0.528977 0.0929689 -0.633735 0.149528 -0.78444 0.0326204 0.257861 -1 -0.593529 -0.131977 -0.971002 -0.720897 -1 -0.613149 -1 0.872636 -0.89093 -1 0.704477 0.418677 -0.27906 -1 -0.329395 -0.990011 -1 -1 -0.778693 -0.791747 -1 -0.228292 -0.240303 -1 -0.587463 -0.521491 -1 -1 -1 0.147279 -1 -0.351856 -1 -1 -1 -0.890458 -1 -0.298394 0.319909 0.572398 -0.0894713 -1 -1 -0.0300473 -1 -0.496761 0.273098 -1 -0.676169 -0.757161 -1 -0.489785 0.396028 -1 -1 -1 -0.886928 0.188147 0.616514 -0.449961 0.651349 -1 -1 0.38535 -0.852168 -0.227797 0.618099 -1 0.321661 0.4065 -0.669692 -1 -0.221501 -0.795892 -1 -0.496159 -0.541377 
-0.724761 0.8711 0.066608 -0.197295 -0.524386 0.247697 -0.457703 0.19593 -0.470672 -0.0464602 -0.656754 0.170205 -0.177562 0.0435247 -0.764109 0.000157356 -0.552976 0.70174 -0.63353 -0.570128 0.342479 -0.200674 -0.945388 0.540592 0.450454 0.0658307 -0.508765 0.7434 -0.0509561 0.0922458 0.446245 0.195765 0.184012 0.038265 -0.172881 -0.170873 0.235654 -0.474255 -1 -0.695462 -0.510651 0.513682 -0.630502 -0.940732 0.473044 0.628406 0.848879 0.380253 0.768275 -0.147107 -0.727996 0.375717 -0.496851 0.591833 -0.0104308 -0.602523 -0.265502 0.341469 -0.868242 -0.362648 0.33576 -0.478627 0.115657 0.965926 0.62326 -0.645682 -0.988757 -0.268921 -0.516016 -0.441627 0.464573 -0.379658 -0.648657 -0.597701 -1 0.241488 0.186937 -0.72528 0.966709 0.284766 0.406594 -0.343478 -0.0158432 0.219513 -0.643322 0.173879 -0.338031 0.982262 -0.703007 0.689451 0.50723 -0.637674 -0.699344 -0.0957159 -0.476254 0.199072 -0.672101 -0.0184334 -0.426695 -0.243237 -0.395565 0.217788 0.735476 0.731745 -0.876269 0.568645 -0.494311 0.0802233 -0.969087 0.446783 0.378991 -0.477806 -0.624097 -0.621259 -0.502467 0.63088 0.0679092 -0.815179 -0.653926 -0.676407 -0.5757 -0.98746 -0.202067 0.178017 -0.207799 0.739963 -0.0921463 0.356125 0.46652 0.0802919 0.0734425 -0.749265 -0.492178 0.862499 -0.833272 0.425321 -0.781107 0.734565 
-1 -0.148581 -1 -0.621588 -0.127551 -1 -0.288069 -1 -1 -1 -1 -0.416143 -0.60004 -0.841645 -1 -0.124698 -0.72861 -1 0.131992 -0.104885 -1 -0.900977 -1 -1 -1 -1 -1 -1 -0.768385 0.26597 -0.310528 -0.791867 -1 0.828248 -1 -1 -0.296474 -1 -0.658728 -0.57305 -1 -1 -1 0.162202 -1 0.427659 -0.369021 -1 -0.542155 0.561282 -1 -0.608117 -1 -0.707001 -1 0.141737 0.445587 -1 0.173566 0.293743 -1 -0.787165 -1 -1 -1 -1 -1 1 0.218052 -1 0.468064 -1 1 -1 -0.571315 -1 -0.58501 -1 -1 -0.0183642 -0.569271 -1 -0.349811 -1 -0.575739 -1 -1 -1 -1 -1 0.65686 -1 -0.763955 -0.848331 -0.705618 -0.243838 -0.170879 -1 -1 -1 -1 0.277666 -0.728105 -1 -1 -1 0.0978119 1 -0.902271 -1 -1 -1 -0.923088 0.355287 0.429653 -0.148289 -1 -1 0.124733 -1 -1 0.397338 -1 -1 0.286752 -0.318516 -1 0.13163 -1 -1 -1 0.247588 -1 -1 -1 0.803638 -0.909541 -1 
-0.440456 0.238525 -1 -0.0851882 -1 -1 -0.577642 -1 -0.747437 -1 -0.875349 -0.199194 -1 -1 -0.807182 -0.040726 -0.164119 -0.00285965 0.0755001 0.0408746 -0.731829 0.430845 -1 -1 -1 -1 -1 -1 -1 -0.112913 -1 -0.93649 -1 0.72331 -0.259329 0.10129 -1 -1 -0.946756 -1 -0.915502 -1 0.368811 -1 -1 -0.23576 0.772115 -0.726447 -0.584413 -0.73482 -0.364716 0.685654 -1 -0.528977 0.0929689 -1 0.149528 -0.152649 0.160799 0.257861 -1 -0.593529 -0.131977 -0.971002 -0.449799 -1 -0.613149 -0.564099 0.872636 -0.89093 -1 0.704477 0.818071 -0.391179 -1 -0.329395 -0.990011 -1 -0.781724 -0.778693 -0.791747 -1 -0.228292 -0.435992 -1 -1 -0.521491 -1 -1 -0.661385 0.417214 -1 -0.590969 -1 -0.739799 -1 -0.890458 -0.0760616 -0.298394 0.319909 0.772051 -0.0894713 -1 -1 -0.0759176 -0.776824 -0.496761 0.687964 -1 -1 -0.757161 -1 -0.489785 0.396028 -0.43181 -1 -1 -0.866645 0.294084 0.799157 -0.347125 0.371352 -1 -1 0.38535 -1 -0.227797 0.618099 -1 -0.327573 1 -0.669692 -1 -0.221501 -0.795892 -0.453539 0.218494 -0.541377 
-0.440456 0.238525 -1 -0.0851882 -1 -1 -0.591582 -1 -0.747437 -1 -1 0.183876 -1 -1 -0.807182 -0.040726 -0.164119 -0.00285965 0.0755001 0.0408746 -0.731829 0.430845 -1 -1 -1 -1 -1 -1 -1 -0.112913 -1 -0.93649 -1 0.72331 -0.259329 0.10129 -1 -1 -0.946756 -1 -0.915502 -1 0.368811 -1 -1 -0.23576 0.772115 -0.726447 -0.584413 -0.73482 -0.364716 0.685654 -1 -0.528977 0.0929689 -1 0.149528 -0.152649 0.160799 0.257861 -1 -0.593529 -0.131977 -0.971002 -0.449799 -1 -0.613149 -0.564099 0.872636 -0.89093 -1 0.704477 0.818071 -0.391179 -1 -0.329395 -0.990011 -1 -0.781724 -0.778693 -0.791747 -1 -0.228292 -0.437903 -1 -0.945404 -0.521491 -1 -1 -0.661385 0.417214 -1 -0.590969 -1 -0.746454 -1 -0.890458 -0.0760616 -0.298394 0.319909 0.772051 -0.0894713 -1 -1 -0.0759176 -0.776824 -0.496761 0.687964 -1 -1 -0.757161 -1 -0.489785 0.396028 -0.43181 -1 -1 -0.866645 0.294084 0.799157 -0.347125 0.371352 -1 -1 0.38535 -1 -0.227797 0.618099 -1 -0.327573 1 -0.669692 -1 -0.221501 -0.795892 -0.453539 0.218494 -0.541377 
-0.154526 -0.493542 -0.435794 0.490924 -1 -0.317762 -1 -1 -0.234372 -0.399008 0.636097 0.954884 -0.528927 0.229793 -0.880547 -0.0807137 -0.193412 0.0794479 -0.793031 -0.305058 0.304314 -0.125376 0.306516 -0.1026 -1 -1 -0.302429 0.116507 0.576069 -1 -1 -0.536008 0.541337 -1 -0.574888 -0.713954 0.357771 -1 0.18874 -0.938085 -1 0.492494 0.0969288 -1 -1 -1 -0.767476 -1 1 0.962549 -0.926505 -1 0.702892 0.492311 0.544425 0.588171 -1 -1 0.145916 1 -0.0417535 -0.433627 -1 -1 -0.272688 -1 -1 0.18518 -0.772267 -0.180334 -1 -0.332083 -1 -1 -0.873255 -0.254427 -0.613966 -1 -1 0.954537 -0.304826 0.741273 -0.832902 -1 -0.173192 -1 -1 0.440659 -1 -0.957083 0.96059 -1 -0.414914 -0.746077 -0.510579 0.0381689 -0.531057 -1 -0.129305 0.0278398 0.281778 -0.417376 -1 -0.672121 0.158536 -0.0655873 -0.140283 -0.224987 -0.0539418 -0.794986 -1 -0.718153 -1 -1 0.242378 -1 -0.648664 1 0.282762 0.351487 -1 -0.826016 -1 -1 -1 -0.526848 -0.730446 0.924151 -0.243423 0.285486 -1 -0.984009 0.0678829 0.67564 0.578095 0.498142 -1 -0.731404 
-0.328755 0.238525 -1 -0.0851882 -1 -0.657445 -0.591582 -1 -0.850071 -1 -1 0.162558 -1 -0.95509 -0.93808 -0.845116 -0.0262757 -0.0579798 -0.417296 0.426952 -1 0.430845 -0.999325 -0.838272 -1 -1 -1 -1 -1 -0.112913 -1 -0.93649 -1 0.297183 -0.190029 -1 -1 -1 -1 -1 -1 -1 0.368811 -1 -1 -0.23576 0.5704 -0.726447 -1 -0.73482 -1 0.685654 -1 -0.559808 0.0929689 -0.505513 0.34694 -0.78444 0.0326204 -0.0134261 -1 -0.689939 -0.131977 -0.971002 -0.720897 -1 -0.613149 -1 0.872636 -0.89093 -1 0.704477 0.418677 -0.27906 -1 -0.520346 -1 -1 -1 -1 -0.791747 -1 -0.228292 -0.240303 -1 -0.587463 -0.521491 -1 -1 -1 0.147279 -1 -0.432601 -1 -1 -1 -0.890458 -1 -0.298394 0.319909 0.572398 -0.0894713 -1 -1 -0.0300473 -1 -0.496761 0.273098 -1 -0.676169 -0.757161 -1 -0.489785 0.396028 -1 -1 -1 -0.886928 0.142068 0.616514 -0.449961 0.651349 -1 -1 0.38535 -0.852168 -0.227797 0.618099 -1 0.291489 0.4065 -0.669692 -1 -0.221501 -0.795892 -1 -0.496159 -0.995328 
-0.855244 -0.0157293 -1 -0.518343 -0.127551 -1 -0.600589 -0.876409 -1 -0.932288 -1 -0.416143 -0.41061 -0.575951 -1 -0.627537 -0.958556 -1 0.392865 0.628298 -1 -0.961864 -0.996354 0.164968 -1 -1 -0.943116 -1 -0.98863 0.0907229 -0.0664536 -1 -1 -0.476783 -0.362645 -1 -0.199147 -0.543104 -0.289429 -0.57305 -1 -1 -0.689584 0.100309 -1 0.427659 0.498961 -1 -0.669001 -0.0604154 -0.9607 -0.981516 -0.640474 -1 -0.812714 -0.22347 0.150699 -1 -0.223445 -0.760554 -1 -1 -0.820985 -1 -0.608011 -1 -0.329192 0.596859 0.380034 -0.580559 0.468064 -0.993078 0.490875 -0.132115 -1 -1 -0.730495 -1 -1 -0.533695 -1 -1 -0.584322 -0.606463 -0.932517 -0.824298 -1 -0.333321 -1 -1 0.818579 -1 -0.763955 -0.656513 -1 -0.275809 -0.260866 -0.38149 -0.548953 -0.916567 -0.724217 0.277666 -1 -1 -0.302385 -1 0.0978119 0.727489 -1 -0.736785 -1 -1 -1 0.355287 0.429653 -0.0879956 -0.617128 -0.911705 0.0338614 -1 -0.99212 0.240603 -1 -0.896248 0.727393 -0.833015 -1 -0.155341 -1 -1 -0.333043 -0.268306 -1 -0.896993 -1 1 -1 -1 
-1 -0.122433 -1 -0.832169 -1 -1 -0.591582 -1 -0.795958 -0.818561 -1 0.329456 -0.762915 -0.931494 -0.910523 -0.80573 -1 0.53706 -0.735894 -1 -1 -0.141356 -1 -1 -1 -1 -1 -1 -0.787775 -0.291655 -1 -1 -1 0.464386 -0.959538 -0.333789 -1 -1 -1 -0.437237 -1 -1 -0.414375 -1 -1 -0.85514 -0.42953 -1 -1 -0.77025 -0.549077 -0.977254 -0.949727 -1 -1 -0.928595 -0.688621 -0.436059 -0.562072 -0.604638 -0.892496 -0.548726 -1 -0.923014 -1 -1 -0.821926 -0.564099 -0.298277 -1 -1 0.17023 -1 -1 -1 -1 -1 -1 -0.865029 -1 -1 -0.615001 -0.228292 -0.929381 -1 -1 -1 -1 -0.675356 -0.845233 0.454844 -1 -0.75981 -1 -1 -0.885371 -0.868531 -0.974025 -1 -1 0.739591 0.202916 -1 -1 -1 -1 -0.496761 -0.13077 -1 -1 -0.826891 -1 -1 0.396028 -1 -1 -0.558374 -0.648011 0.639337 0.700885 -0.347125 0.383382 -1 -1 0.498074 -0.716307 -0.530519 0.355439 -0.919544 -0.56995 0.632327 -0.669692 -1 -0.521291 -1 -0.453539 -1 -1 
-1 -0.148581 -0.606399 -0.621588 -0.127551 -1 0.39632 -1 -1 -0.62616 -1 -0.230709 -0.652676 -0.876984 -1 -0.124698 -1 -1 -0.0933404 0.140465 -1 -0.291602 -1 -1 -1 -1 -0.943116 -1 -0.427057 -0.346568 -1 -1 -1 0.974147 -0.362645 -1 -1 -0.543104 -0.787293 -0.57305 -1 -1 -0.475287 0.162202 -1 -0.348396 0.342517 -1 -0.708135 -1 -1 -0.944344 -0.858773 -0.707001 -1 -0.848336 0.445587 -1 -0.308694 0.293743 -1 -1 -0.535336 -1 -1 -0.708205 -0.675561 0.144428 0.380034 -1 0.468064 -1 1 -0.132115 -0.817998 -0.62105 -0.942797 -1 -1 -0.379987 -0.759532 -1 -0.304085 -1 -1 -0.945373 -1 -1 -1 -1 0.647026 -1 -1 -0.848331 -0.904635 -0.297949 -0.170879 -1 -0.745217 -0.989528 -1 0.277666 -0.964683 -1 -1 -0.876901 -0.727797 0.770774 -1 -0.794078 -1 -1 -0.923088 0.355287 0.429653 0.276215 -1 -1 0.124733 -1 -0.997041 0.397338 -0.93558 -0.743892 0.47346 -0.318516 -0.790331 -0.00541523 -1 -1 -0.874744 0.128071 -1 -1 -1 1 -0.909541 -1 
-0.431653 0.17797 -1 -0.860147 -1 -1 -0.591582 -1 -0.686751 -1 -1 -0.41954 -1 -1 -0.807182 0.065084 -0.164119 -0.503002 0.292231 0.0408746 -0.731829 0.430845 -1 -1 -1 -1 -1 -1 -1 -0.112913 -1 -0.93649 -0.893548 0.231387 -0.259329 0.10129 -1 -1 -0.600745 -1 -1 -1 0.368811 -1 -1 -0.23576 0.772115 -0.658573 -0.584413 -0.73482 -0.637527 0.144995 -1 -1 0.0929689 -1 0.149528 -0.787697 -0.100348 -0.0120371 -1 -0.635223 0.00728293 -0.971002 -1 -1 -0.613149 -0.564099 0.320029 -0.89093 -1 0.878686 0.720152 -0.901851 -1 -1 -1 -1 -0.781724 -0.778693 -0.791747 -1 -0.228292 -0.437903 -0.853219 -0.945404 -0.521491 -0.727857 -1 -0.661385 0.417214 -1 -0.590969 -1 -1 -1 -1 -0.0760616 -0.132043 0.319909 0.838273 -0.0894713 -1 -1 -0.0759176 -0.776824 -0.496761 0.175688 -0.717257 -1 -0.573727 -1 -0.335903 0.0974817 -1 -1 -1 -0.866645 -0.0306974 0.888633 -0.436237 0.371352 -1 -1 -0.313902 -1 -0.227797 0.618099 -1 -0.644031 1 -0.669692 -1 -0.221501 -0.795892 -0.453539 0.218494 -0.541377 
-0.702917 0.238525 -0.850954 -0.572519 -1 -1 -1 -1 -0.451845 -1 -1 -0.252739 -1 -1 -1 -0.139611 -0.716388 -0.00285965 0.0755001 -1 -0.78059 0.922669 -1 -0.861177 -1 -1 -1 -1 -1 -0.867728 -1 -1 -1 0.371165 -0.259329 0.10129 -1 -1 -1 -1 -1 -1 0.325797 -1 -0.828567 -0.23576 0.327599 -0.726447 -0.718146 -1 -1 -1 -0.669565 -0.633752 -0.531351 -0.685708 -0.532416 -0.152649 -0.0842385 -0.0774194 -1 -1 -0.173459 -1 -0.813348 -1 -1 -1 0.130789 -1 -1 0.438117 0.231025 -0.375855 -1 -0.182218 -1 -1 -0.642843 -1 -1 -1 -0.799063 -1 -0.912944 -1 -0.861646 -1 -0.741958 -0.593352 -0.702958 -1 -0.519961 -0.893592 -1 -1 -1 -0.278602 -0.818022 0.323641 0.0691235 0.0692286 -1 -1 -1 -0.776824 -0.314556 0.47215 -1 -1 -0.757161 -1 -0.389176 0.61896 -0.377169 -1 -0.791909 -1 -0.235552 -0.0209157 -0.347125 0.0882789 -0.81474 -1 0.637886 -1 -0.0967904 0.730687 -0.967108 -0.619281 1 -0.669692 -1 -0.00636508 -1 -0.12641 0.0742366 -0.89779 
-0.328755 -0.359545 -1 -0.942062 -1 -0.977003 -0.591582 -0.872309 -1 -1 -1 -0.130205 -1 -1 -0.840708 -1 -0.0262757 -0.863826 -0.163631 0.31694 -1 0.430845 -0.744077 -1 -1 -1 -0.832604 -1 -1 -0.112913 -1 -1 -1 0.170264 -0.236856 -0.988057 -0.805756 -1 -1 -0.911796 -0.915502 -0.86743 -0.804634 -1 -1 -0.716827 0.5704 -0.567577 -1 -1 -1 -0.208994 -0.963111 -0.528977 -0.970655 -0.794503 -0.888097 -1 0.0326204 0.257861 -1 -0.959805 -1 -1 -1 -1 -0.613149 -1 -1 -0.89093 -1 0.704477 0.585228 -0.27906 -1 -0.198512 -0.744029 -1 -1 -0.778693 -1 -1 -1 -0.240303 -1 -0.587463 -0.775341 -1 -1 -1 0.147279 -1 -0.351856 -1 -1 -1 -0.890458 -1 -1 0.319909 -0.895976 -0.0894713 -1 -1 0.0774442 -1 -0.861999 -0.275301 -1 -0.676169 -0.757161 -1 -0.766042 0.731288 -1 -1 -1 -0.886928 0.218085 0.470641 -0.449961 0.651349 -1 -1 0.563607 -0.852168 -0.812122 0.618099 -1 0.321661 0.4065 -0.439392 -1 -0.221501 -0.795892 -1 -0.496159 -0.541377 
-0.328755 0.238525 -1 -0.0851882 -1 -0.657445 -0.591582 -1 -0.631147 -1 -1 0.162558 -1 -1 -0.93808 -0.845116 -0.0262757 -0.200189 -0.163631 0.426952 -1 0.430845 -0.999325 -0.838272 -1 -1 -1 -1 -1 -0.421985 -0.954138 -0.93649 -1 -0.259827 -0.3129 -0.988057 -1 -1 -1 -1 -0.915502 -1 0.368811 -1 -1 -0.23576 0.695667 -0.726447 -1 -0.73482 -1 0.685654 -1 -0.639641 0.0929689 -0.633735 0.149528 -0.78444 -0.251245 0.257861 -1 -0.593529 -0.131977 -0.971002 -0.720897 -0.941263 -0.613149 -1 0.980073 -0.89093 -1 0.895802 0.418677 -0.27906 -1 -0.329395 -0.990011 -1 -1 -0.778693 -0.791747 -0.948341 -0.228292 -0.240303 -1 -0.587463 -0.521491 -1 -1 -1 0.147279 -1 -0.351856 -1 -1 -1 -0.890458 -1 -0.298394 0.319909 0.572398 -0.0894713 -1 -1 -0.0300473 -1 -0.496761 0.273098 -1 -0.676169 -0.757161 -1 -0.489785 -0.137388 -1 -1 -1 -0.886928 0.188147 0.506712 -0.449961 0.651349 -1 -1 0.38535 -0.852168 -0.377928 0.694481 -1 0.321661 0.4065 -0.669692 -1 -0.221501 -0.795892 -1 -0.496159 -0.541377 
-0.328755 0.238525 -1 -0.0851882 -1 -0.657445 -0.591582 -1 -0.631147 -1 -1 0.162558 -1 -1 -0.93808 -0.798361 -0.589482 -0.200189 -0.163631 0.50832 -1 0.430845 -0.999325 -0.838272 -1 -1 -1 -1 -1 -0.112913 -1 -0.93649 -1 0.297183 -0.236856 -0.988057 -1 -1 -1 -1 -0.746893 -1 0.368811 -1 -1 -0.23576 0.5704 -1 -1 -0.73482 -1 0.685654 -1 -0.528977 0.0929689 -0.633735 -0.349389 -0.78444 0.0372392 0.276821 -1 -0.593529 -0.131977 -0.971002 -0.720897 -1 -0.613149 -1 0.872636 -1 -1 0.704477 0.596127 -0.27906 -1 -0.329395 -1 -1 -1 -1 -0.791747 -1 -0.228292 -0.382856 -1 -0.534293 -0.521491 -1 -1 -1 0.147279 -1 -0.351856 -1 -1 -1 -0.890458 -1 -0.298394 0.319909 0.572398 -0.0894713 -1 -1 -0.0300473 -1 -0.872303 0.273098 -1 -0.676169 -0.757161 -1 -0.489785 0.545636 -1 -1 -1 -0.886928 0.188147 0.600069 -0.449961 0.651349 -1 -1 0.122876 -0.852168 -0.227797 0.618099 -1 0.321661 0.4065 -0.669692 -1 -0.221501 -1 -1 -0.496159 -0.541377 
-0.440456 0.238525 -1 -0.398279 -1 -1 -1 -0.777669 -1 -0.832059 -0.586206 0.151934 -1 -1 -0.807182 -1 -0.164119 -0.00285965 0.0755001 0.0408746 -0.731829 0.484191 -1 -1 -1 -1 -1 -1 -1 -0.112913 -1 -0.93649 -1 0.72331 -0.470342 -0.193812 -1 -1 -0.946756 -1 -1 -0.980746 0.368811 -1 -1 -0.23576 0.772115 -0.726447 -1 -0.73482 -1 0.685654 -1 -0.893306 0.0929689 -1 0.149528 -0.589901 0.160799 0.257861 -1 -0.593529 -0.547896 -0.971002 -0.449799 -1 -0.844722 -0.564099 0.872636 -0.89093 -1 -0.267231 0.108457 -0.391179 -1 -0.658792 -0.990011 -0.827775 -0.781724 -0.778693 -0.791747 -1 -0.228292 -0.437903 -1 -1 -1 -1 -1 -1 0.187928 -1 -0.754803 -1 -0.746454 -1 -0.890458 -0.558231 -0.638768 0.319909 0.867466 -0.735784 -1 -0.823286 -0.293609 -1 -0.496761 -0.022824 -1 -1 -1 -0.810801 -0.889458 0.396028 -0.43181 -1 -1 -0.866645 0.294084 0.877734 -0.347125 0.371352 -1 -1 0.38535 -1 -0.227797 0.666736 -1 -1 0.802035 -0.669692 -1 -0.172961 -1 -0.453539 0.218494 -1 
-0.328755 0.450213 -1 -0.261707 -1 -0.657445 -0.677319 -1 -1 -1 -1 0.162558 -1 -1 -0.93808 -0.845116 -0.505805 -0.0415483 -0.163631 0.514683 -1 -0.412877 -0.999325 -0.838272 -1 -1 -1 -1 -1 -0.112913 -1 -0.93649 -1 0.297183 -0.236856 -1 -1 -1 -1 -1 -0.925196 -1 0.368811 -1 -1 -0.23576 0.5704 -0.726447 -1 -0.73482 -1 0.685654 -1 -1 0.0929689 -0.633735 -0.0581714 -0.78444 0.0363428 0.257861 -1 -0.593529 -0.131977 -0.971002 -0.720897 -1 -0.613149 -1 -0.27777 -1 -1 0.549098 0.418677 -0.385513 -1 -0.329395 -0.990011 -1 -1 -0.451095 -0.9153 -1 -0.228292 -0.240303 -1 -0.587463 -0.991618 -1 -1 -1 0.207105 -0.846305 -0.351856 -0.766689 -1 -1 -1 -1 -0.298394 -0.190093 0.572398 -0.0894713 -1 -1 -1 -1 -0.517441 0.273098 -1 -0.676169 -0.757161 -1 -0.887554 0.396028 -1 -0.983915 -1 -0.886928 -0.830623 0.62933 -0.449961 0.651349 -1 -1 0.38535 -0.852168 -0.227797 0.618099 -1 0.321661 0.142174 -0.669692 -1 -0.221501 -1 -0.681066 -0.476011 -0.942879 
-1 -1 -1 -0.819334 -0.127551 -1 0.39632 -0.768512 -1 -0.60517 -0.946241 -0.416143 -1 -1 -0.910607 -0.124698 -1 -1 0.553258 0.709877 -0.794516 -0.472292 -1 0.131083 -1 -1 -0.943116 -1 -1 -0.0544334 -0.0664536 -1 -1 1 -0.154303 -1 -0.278276 -1 -1 -0.99763 -1 -1 -1 0.162202 -1 0.446443 0.720582 -0.839347 -0.669001 0.0412688 -0.441755 -0.249634 -0.640474 -0.54348 -1 -1 0.445587 -0.75954 -0.0939093 0.293743 -1 -0.761231 -0.75432 -1 -0.510757 -1 -0.480082 -0.0782295 0.413047 -0.814121 0.468064 -0.993078 0.632847 -0.132115 -0.822579 -1 -0.997971 -0.826336 -1 -0.398726 -1 -1 -0.443035 -0.48395 -1 -1 -1 -0.76355 -1 -0.955363 0.473205 -1 -0.763955 -1 -0.625288 -0.297949 -1 -0.888304 -1 -1 -1 -0.515313 -1 -1 -0.284777 -0.876901 0.0978119 1 -0.903945 -0.881631 -1 -1 -0.989122 0.355287 0.429653 -0.294163 -0.487423 -1 0.190821 -0.938956 -1 0.240603 -0.963374 -1 0.727393 -0.318516 -0.699151 -0.155341 -1 -1 -1 0.17002 -1 -1 -1 1 -1 -1 
-1 -0.148581 -1 -0.621588 -0.127551 -1 0.39632 -1 -1 -1 -1 -0.416143 -0.450562 -0.841645 -1 -0.124698 -1 -1 0.392865 0.628298 -1 -0.558311 -1 0.131083 -1 -1 -0.943116 -1 -0.820077 -0.0407567 -0.0664536 -1 -1 0.974147 -0.362645 -1 -0.278276 -0.543104 -0.658728 -0.57305 -1 -0.928916 -1 0.162202 -1 -0.168508 0.336455 -1 -1 0.539072 -1 -0.771686 -1 -0.707001 -0.636976 -1 0.445587 -1 0.173566 -0.0452004 -1 -0.950178 -0.75432 -1 -0.429567 -1 -1 0.704671 0.380034 -0.580559 0.468064 -0.993078 1 -0.132115 -0.615682 -1 -0.58501 -1 -1 0.00635344 -0.787446 -1 -1 -0.23839 -1 -0.632854 -1 -0.389969 -1 -1 0.65686 -1 -0.763955 -0.848331 -1 -0.297949 -0.170879 -1 -0.745217 -0.832657 -0.577499 0.459443 -1 -1 -0.632403 -0.876901 0.0978119 0.724905 -1 -0.736785 -1 -1 -0.923088 0.355287 0.429653 0.276215 -1 -1 -0.599302 -1 -0.997041 0.240603 -0.93558 -0.743892 0.727393 -0.283289 -0.790331 -0.155341 -1 -1 -1 0.247588 -1 -1 -1 1 -1 -1 
-0.776947 0.238525 -1 -0.369926 -1 -1 -0.957857 -1 -1 -1 -1 0.283944 -1 -1 -0.461933 0.107755 -0.0892413 -0.554233 0.0755001 0.217019 -1 0.430845 -1 -0.699753 -0.849379 -1 -1 -1 -1 -0.112913 -1 -1 -1 0.72331 -0.259329 -1 -1 -1 -1 -1 -1 -1 0.378041 -1 -1 -0.23576 0.428937 -0.726447 -1 -0.73482 -0.364716 1 -1 -0.94012 0.0929689 -1 -0.876555 -1 -0.324821 0.131564 -1 -1 -1 -1 -1 -1 -1 -0.564099 0.768072 -1 -0.813303 0.84175 0.818071 -1 -1 -0.661667 -0.990011 -0.918786 -0.781724 -1 -0.837347 -1 -0.289043 -0.437903 -0.741253 -1 -0.521491 -1 -1 -0.661385 0.443806 -1 -0.587412 -1 -0.746454 -1 -0.666438 -0.0760616 -0.503636 0.319909 0.772051 -0.0894713 -1 -1 -0.0759176 -1 -0.496761 -1 -1 -1 -0.630129 -1 -0.489785 0.396028 -0.43181 -1 -0.663633 -0.588615 0.0453428 0.799157 -0.347125 0.371352 -1 -0.864548 0.38535 -1 -0.010088 0.500743 -1 -1 0.618079 -0.669692 -1 -0.13552 -1 -0.322565 0.218494 -1 
0.441787 -0.59034 0.872915 -0.40433 -0.726676 -1 0.559567 0.345115 0.0548189 -0.499288 0.759324 0.690828 -0.243548 -0.745793 -1 -0.945106 -0.706798 -0.999928 0.632583 0.00613651 0.913548 0.235739 -0.756235 0.0566239 -0.786808 0.402874 0.11811 0.268304 -0.209689 -0.276747 -0.276244 0.200865 -0.530755 -0.770363 0.907043 0.664704 -0.85343 -0.913418 -0.616439 -1 0.938778 0.00819397 -0.457506 -0.625276 0.019775 0.625537 0.263812 -0.366413 0.945391 -0.151312 -0.408468 -0.549989 0.796926 -0.267613 0.54791 -0.826955 0.683388 0.895931 0.237908 0.370131 -0.148053 -0.785058 -0.652931 -0.479518 0.563542 -0.301723 0.310127 0.133975 -0.287217 0.181428 -0.0584728 -0.874545 -0.0205843 -0.283616 -0.897794 0.0919503 -1 0.0111721 -0.571244 0.473713 -0.699462 0.896842 -0.412184 -0.651681 0.76857 0.805514 0.738555 -0.373536 0.66993 -0.169135 0.892437 -0.619046 0.54601 -0.262408 0.851744 -0.300837 0.89674 0.681145 -0.0468006 0.677014 -0.00550383 -0.832142 -0.209194 0.0311662 0.179475 -0.907983 -0.415635 0.0426925 -0.077344 -0.213011 0.42015 -0.395355 -0.00897121 0.378781 0.931957 0.709747 -0.438736 0.88382 -0.964982 0.300134 0.986372 -0.780585 -0.320101 -0.593901 0.0300027 0.69455 0.883583 -0.00993717 -1 -0.680927 0.00367749 -0.906027 0.700565 -0.608696 0.277781 -0.327114 -0.628609 -0.855917 
-0.878729 -0.329085 -1 -0.0851882 -1 -1 -0.591582 -0.973877 -1 -1 -1 -0.676459 -1 -1 -1 -0.040726 -0.913256 -0.949051 -0.158966 0.0795149 -1 0.430845 -1 -1 -0.990168 -1 -1 -0.777453 -1 -0.112913 -1 -1 -1 0.72331 -0.29047 -0.0693212 -1 -0.796234 -1 -1 -1 -1 0.368811 -1 -1 -0.711618 0.772115 -1 -0.584413 -1 -0.156176 0.0846977 -1 -0.528977 -0.671312 -1 -1 -1 0.166068 -0.752421 -0.731538 -0.593529 0.18048 -0.971002 -0.449799 -0.876842 -1 -0.572754 -0.0484242 -0.89093 -1 0.551284 0.818071 -0.391179 -1 -0.92312 -0.824293 -1 -0.982099 -0.959802 -1 -1 -0.773571 -0.740856 -1 -0.945404 -0.994124 -1 -0.810712 -0.661385 0.417214 -1 -1 -1 -0.733518 -1 -0.890458 -0.0760616 -0.790195 -0.986547 0.634723 -0.0894713 -1 -1 -0.701358 -1 -0.496761 0.687964 -0.875702 -1 -0.26007 -1 -0.489785 0.79187 -0.486849 -1 -0.807077 -0.904401 -0.218268 0.951804 -1 0.502788 -1 -1 0.38535 -1 0.0939656 0.618099 -1 -0.327573 0.830432 -1 -1 -0.221501 -0.795892 -0.356787 -1 -1 
-1 -0.148581 -1 -1 -0.127551 -1 0.39632 -1 -1 -0.62616 -1 -0.416143 -0.14437 -0.841645 -1 0.263179 -0.958556 -1 0.185429 0.628298 -1 -0.491145 -1 -1 -0.977739 -1 -0.943116 -1 -0.768385 0.26597 -0.310528 -1 -1 0.828248 -1 -1 -0.296474 -1 -0.658728 -0.57305 -1 -1 -0.825686 0.162202 -0.768919 0.427659 0.720582 -1 -1 0.905097 -1 -0.69354 -1 -0.707001 -1 0.141737 0.445587 -1 0.173566 -0.6809 -1 -0.857514 -1 -1 -0.976206 -1 -1 1 0.380034 -1 0.468064 -0.993078 1 -1 -0.504779 -1 -0.58501 -1 -1 0.00635344 -1 -1 -0.584322 -1 -1 -0.521482 -1 -1 -1 -1 0.65686 -1 -0.763955 -1 -0.705618 -0.571834 -0.170879 -1 -1 -1 -1 0.277666 -1 -1 -0.749459 -0.85934 0.130662 1 -0.748569 -0.913103 -1 -0.67046 -0.923088 0.355287 -0.0153343 0.480798 -1 -1 0.124733 -1 -0.997041 0.397338 -1 -0.743892 -0.595724 -0.318516 -1 0.0554557 -1 -1 -1 0.247588 -0.985155 -1 -1 1 -0.993706 -1 
-0.440456 0.622916 -1 -1 -1 -1 -0.871531 -0.777669 -1 -0.625408 -0.45701 0.151934 -1 -0.653523 -0.807182 -0.71583 -0.762228 -0.131388 0.0755001 -0.533582 -1 0.484191 -1 -1 -1 -1 -1 -0.757382 -1 -0.112913 -1 -1 -1 0.569521 -0.825888 0.10129 -1 -0.847258 -0.946756 -1 -0.915502 -0.846723 0.368811 -0.680633 -1 -0.170338 0.772115 -0.726447 -0.979602 -0.73482 -1 0.466228 -1 -1 -0.98824 -1 0.149528 -0.582608 0.160799 0.257861 -1 -0.593529 -1 -1 -0.449799 -0.957745 -0.613149 -0.564099 -0.677388 -1 -0.791024 0.140948 0.119313 -0.391179 -1 -1 -1 -1 -1 -1 -1 -1 -0.228292 -1 -1 -0.92625 -1 -1 -1 -1 0.187928 -1 -0.445267 -1 -1 -1 -1 -1 -0.638768 0.319909 0.432578 -1 -0.92119 -1 -0.293609 -0.776824 -0.10793 -0.0299988 -1 -1 -1 -0.810801 -0.489785 0.396028 -0.43181 -1 -1 -0.75471 0.43897 0.236897 -0.347125 0.371352 -1 -1 0.38535 -1 -0.227797 0.618099 -1 -0.901472 1 -0.981556 -1 -0.221501 -0.647248 -0.453539 0.425415 -0.541377 
-1 -1 -1 -0.784305 -0.127551 -1 0.39632 -0.768512 -1 -0.60517 -0.946241 -0.416143 -1 -1 -0.723069 -0.124698 -0.840279 -1 0.50849 0.709877 -0.794516 -0.472292 -1 0.131083 -1 -1 -0.943116 -1 -1 -0.0544334 -0.0664536 -1 -1 1 -0.154303 -1 -0.278276 -1 -0.658728 -0.99763 -1 -1 -1 0.162202 -1 0.446443 0.720582 -0.839347 -0.669001 0.228746 -0.441755 -0.249634 -0.640474 -0.54348 -1 -1 0.445587 -0.75954 -0.0939093 0.293743 -1 -0.761231 -0.75432 -1 -0.510757 -1 -0.509063 -0.0782295 0.413047 -0.814121 0.468064 -0.993078 0.697923 -0.132115 -1 -1 -0.997971 -0.826336 -1 -0.133014 -0.787446 -1 -0.443035 -0.48395 -1 -1 -1 -0.76355 -1 -1 0.65686 -1 -0.763955 -0.848331 -1 -0.297949 -1 -0.888304 -1 -1 -1 -0.151596 -1 -1 -0.284777 -0.876901 0.0978119 1 -0.903945 -0.736785 -1 -1 -0.989122 0.355287 0.429653 -0.294163 -0.277754 -1 0.190821 -0.938956 -1 0.240603 -0.963374 -0.92756 0.727393 -0.318516 -1 -0.155341 -1 -1 -1 0.17002 -1 -1 -1 1 -1 -1 
-1 -0.148581 -1 -0.621588 -0.0842505 -1 0.39632 -0.768512 -1 -0.536442 -1 -0.416143 -1 -1 -1 -0.124698 -0.958556 -0.804733 -0.72861 0.628298 -1 -0.558311 -1 0.131083 -1 -1 -0.749604 -1 -0.820077 0.0907229 -0.182129 -1 -0.953742 0.939754 -1 -0.875692 -0.278276 -0.543104 -0.676571 -0.57305 -1 -0.715428 -1 0.162202 -1 0.427659 0.720582 -1 -0.669001 0.539072 -0.441755 -0.763062 -0.628137 0.0340498 -1 -0.22347 -0.186113 -1 0.0524113 -0.892856 -1 -0.485592 -1 -1 -0.429567 -1 -0.509063 0.590846 0.29558 -0.580559 0.468064 -0.993078 0.677351 -0.132115 -1 -1 -0.653462 -1 -1 0.0649179 -0.787446 -1 -0.584322 -0.902338 -1 -1 -1 -0.146346 -1 -1 0.65686 -1 -1 -0.848331 -1 -0.840804 -0.643742 -1 -1 -1 -0.724217 0.160966 -0.850358 -1 -0.557926 -0.876901 0.0978119 0.805301 -0.903945 -0.786013 -1 -1 -0.762991 0.737716 0.429653 0.000564516 -0.649454 -1 -0.500812 -1 -1 -0.0706445 -1 -0.743892 0.229956 -0.318516 -1 -0.155341 -1 -1 -0.184669 0.120106 -1 -0.922903 -1 1 -1 -1 
-1 -0.148581 -1 -0.621588 -0.127551 -1 0.39632 -0.768512 -1 -0.536442 -1 -0.416143 -0.450562 -0.841645 -1 -0.124698 -1 -1 -0.163093 0.628298 -0.794516 -0.558311 -1 0.131083 -1 -1 -0.943116 -1 -0.820077 -0.0335694 -0.0664536 -1 -1 0.974147 -0.362645 -1 -0.278276 -0.931506 -0.658728 -0.57305 -1 -1 -1 0.162202 -1 0.427659 0.720582 -1 -0.669001 0.0099774 -0.441755 -0.249634 -0.640474 0.0340498 -1 -0.72077 0.445587 -1 0.173566 0.293743 -1 -0.761231 -0.75432 -1 -0.429567 -1 -0.509063 0.590846 0.380034 -0.580559 0.394972 -0.993078 1 -0.132115 -0.817998 -1 -0.58501 -1 -1 -0.133014 -0.787446 -1 -0.584322 -0.48395 -1 -0.632854 -1 -0.389969 -1 -1 0.65686 -1 -0.763955 -0.848331 -1 -0.297949 -0.260866 -0.38149 -0.548953 -1 -0.940351 0.277666 -1 -1 -0.284777 -0.876901 0.0978119 1 -1 -0.736785 -1 -1 -0.923088 0.355287 0.429653 -0.145432 -0.389023 -1 0.124733 -1 -1 0.240603 -0.93558 -0.743892 0.727393 -0.318516 -1 -0.155341 -0.817692 -1 -0.7416 0.105107 -1 -1 -1 1 -1 -1 
-0.571572 0.238525 -1 -0.115407 -1 -1 -0.591582 -1 -0.747437 -1 -1 0.183876 -1 -1 -0.807182 0.170466 -0.164119 0.241211 0.185891 -0.403559 -0.731829 0.343893 -1 -1 -1 -0.870875 -1 -0.973904 -0.826483 -0.811168 -1 -0.93649 -1 0.72331 -0.259329 -0.0848826 -0.888156 -1 -0.946756 -1 -1 -1 0.173138 -0.887397 -1 -0.990723 1 -0.726447 -0.584413 -1 -1 0.685654 -1 -0.488452 0.0929689 -1 0.149528 -0.152649 0.551387 0.257861 -1 -0.593529 -1 -0.971002 -0.449799 -0.865886 -0.613149 -0.656643 0.331591 -1 -1 0.704477 0.818071 -0.756177 -1 -0.329395 -0.789237 -1 -1 -0.907791 -0.791747 -1 -0.228292 -1 -1 -0.945404 -0.521491 -1 -1 -0.661385 0.417214 -1 -1 -0.813345 -0.746454 -1 -0.890458 -0.0760616 -1 0.319909 0.772051 -0.184097 -1 -1 -0.0759176 -0.776824 -1 0.687964 -1 -1 -0.899124 -1 -1 0.255464 -0.43181 -1 -1 -0.866645 0.294084 0.695335 -0.347125 0.371352 -0.87844 -1 -0.689647 -1 -0.227797 0.986685 -0.895279 -0.327573 0.93844 -0.669692 -1 -0.321836 -0.795892 -0.453539 0.218494 -0.555948 
-1 -0.148581 -1 -0.621588 -0.414596 -1 0.39632 -0.768512 -1 -0.62616 -1 -0.416143 -0.450562 -0.841645 -1 -0.200856 -0.958556 -1 0.392865 0.628298 -0.794516 -0.690943 -1 0.131083 -0.720259 -0.800496 -1 -1 -0.820077 -0.236884 -0.0664536 -1 -1 0.974147 -0.362645 -1 -0.270123 -0.543104 -0.658728 -0.57305 -1 -1 -1 0.162202 -0.871875 -0.0368093 0.720582 -0.669138 -0.669001 0.539072 -0.441755 -0.249634 -1 0.0340498 -1 -0.22347 0.445587 -1 0.173566 0.293743 -1 -1 -0.75432 -1 -1 -1 -0.595685 0.704671 0.176463 -0.580559 0.468064 -0.993078 1 -1 -0.887099 -1 -0.607169 -1 -1 0.00635344 -0.787446 -1 -0.584322 -0.0910389 -1 -1 -1 -0.389969 -1 -0.875982 -0.286954 -1 -0.826952 -0.848331 -1 -0.297949 -0.170879 -0.3574 -0.548953 -1 -0.724217 0.277666 -1 -1 -0.284777 -0.876901 0.0978119 1 -0.903945 -0.736785 -1 -1 -0.923088 0.355287 0.429653 -0.0875961 -0.389023 -1 0.124733 -1 -0.997041 0.240603 -1 -0.743892 0.514592 -0.318516 -1 -0.155341 -1 -1 -1 0.105107 -1 -0.948021 -1 1 -1 -0.983722 
-1 -1 -1 -1 -0.127551 -1 -0.708159 -1 -1 -0.536442 -1 -0.712087 -1 -0.841645 -1 -0.124698 -0.958556 -0.878932 0.392865 0.628298 -0.794516 -0.318177 -1 0.20177 -1 -0.887405 -1 -1 -0.954369 0.318678 -0.433365 -1 -1 0.974147 -1 -1 -0.394383 -1 -0.482837 -0.57305 -0.727263 -1 -1 -0.228771 -1 0.427659 -0.580509 -0.79181 -0.669001 0.539072 -0.441755 -0.249634 -0.874321 0.0340498 -1 -0.597891 0.551215 -1 0.447257 -0.412479 -1 -1 -1 -1 -0.189676 -1 -0.123548 0.394086 0.655722 -0.758704 0.0125379 -1 -0.0157352 -0.514682 -0.973077 -1 -1 -1 -0.801619 -0.133014 -1 -0.842253 -0.818023 -1 -1 -0.770768 -1 -0.768312 -0.851206 -1 0.65686 -1 -1 -1 -0.890671 -0.297949 -0.260866 -1 -0.548953 -0.914887 -1 -0.51891 -1 -0.781168 -0.902801 -0.876901 -0.266887 1 -0.9977 -1 -1 -0.857805 -0.923088 0.424626 0.677203 0.232873 -1 -0.939392 0.107822 -1 -0.613025 0.485541 -0.93558 -0.743892 0.153123 -0.387593 -1 -0.155341 -0.666586 -0.916786 -0.383429 0.105107 -1 -1 -1 0.182348 -1 -0.971352 
-0.390305 0.323794 -1 -0.569213 -1 -1 -1 -1 -0.747437 -1 -1 -0.994145 -1 -1 -0.986996 -1 -0.164119 -0.00285965 0.0755001 -0.582749 -0.86597 -0.0443351 -0.965772 -1 -0.957795 -1 -0.968498 -0.908656 -1 -0.787257 -1 -1 -1 0.184395 -0.159647 -0.626134 -0.849093 -1 -1 -1 -0.915502 -1 0.390156 -1 -0.974892 -0.500072 0.772115 -1 -1 -0.918202 -1 0.502073 -0.602675 -0.953385 -0.316208 -0.910241 0.149528 -0.805869 -0.513979 -0.238879 -0.913315 -0.275661 -0.131977 -0.718665 -1 -1 -1 -1 0.575432 -0.89093 -1 0.704477 0.818071 -0.617461 -1 -0.366164 -0.808887 -1 -0.781724 -1 -0.621833 -1 -0.228292 -0.437903 -1 -0.836233 -0.475428 -1 -1 -0.829694 0.483743 -1 -1 -1 -0.605888 -0.943806 -1 -0.261379 -1 0.342416 0.310116 -0.580261 -1 -1 -0.319974 -1 -1 0.687964 -1 -1 -0.820396 -0.808709 -0.70513 -0.0823593 -0.43181 -0.669676 -1 -0.825922 -0.45734 0.643706 -0.641269 0.371352 -1 -0.732619 0.38535 -1 -0.225597 0.618099 -1 -0.875647 0.782626 -0.446396 -1 -0.466315 -0.755327 -0.245336 -0.160144 -1 
-0.236786 0.238525 -1 -0.0851882 -1 -1 -0.591582 -1 -0.631147 -1 -1 -0.0303537 -1 -1 -0.93808 -0.845116 -0.0262757 -0.200189 -0.163631 0.426952 -1 0.430845 -0.999325 -0.838272 -1 -1 -1 -1 -1 -0.126748 -1 -1 -1 0.297183 -0.236856 -0.988057 -1 -1 -1 -1 -0.915502 -1 0.368811 -1 -0.982099 -0.23576 0.5704 -0.726447 -1 -1 -1 0.685654 -1 -0.405306 -0.374687 -0.633735 0.149528 -0.78444 -0.124228 0.257861 -1 -0.963549 -0.131977 -1 -0.720897 -1 -0.613149 -1 0.872636 -1 -1 0.704477 0.418677 -0.27906 -1 -0.329395 -0.990011 -1 -1 -0.778693 -0.791747 -1 -0.228292 -0.474845 -1 -0.587463 -0.521491 -1 -1 -1 0.147279 -1 -0.351856 -0.804015 -1 -1 -0.890458 -1 -0.865304 0.319909 0.572398 -0.0894713 -1 -1 -0.0300473 -1 -0.496761 0.273098 -1 -0.676169 -1 -1 -0.489785 0.396028 -1 -1 -1 -0.886928 0.188147 0.616514 -0.443952 0.651349 -1 -1 0.643618 -0.852168 -0.227797 0.618099 -1 0.321661 0.4065 -0.669692 -1 -0.312614 -0.9108 -1 -0.751042 -0.541377 
-1 -0.177201 -1 -0.621588 -0.127551 -1 0.39632 -1 -1 -0.536442 -1 -0.416143 -0.450562 -0.841645 -1 -0.00887644 -1 -1 0.392865 0.792971 -1 -0.501338 -1 -0.25291 -1 -1 -0.680949 -0.950776 -0.55503 -0.187252 -0.424168 -1 -0.889189 0.914594 -0.329242 -1 -0.278276 -0.809103 -0.65512 -1 -1 -1 -1 0.235188 -1 0.513128 0.720582 -1 -0.687401 -0.711174 -1 -0.0019972 -0.41167 0.0340498 -1 -0.22347 0.445587 -0.957336 0.173566 -0.306741 -1 -0.620643 -0.75432 -1 -0.380571 -1 -0.980317 0.635277 -0.210629 -1 0.468064 -0.755959 0.968086 -0.132115 -0.817998 -1 -0.58501 -1 -1 -0.376619 -0.787446 -1 -1 -0.48395 -1 -0.772063 -0.926826 -0.389969 -1 -1 0.65686 -1 -0.763955 -1 -1 -0.297949 -0.526703 -0.38149 -0.795937 -1 -1 0.277666 -1 -1 -0.284777 -0.876901 0.0978119 1 -0.903945 -0.735394 -1 -1 -0.923088 0.355287 0.00213546 -0.145432 -1 -1 0.124733 -1 -1 0.240603 -0.93558 -1 0.727393 -0.318516 -1 -0.155341 -1 -1 -0.333043 -0.0144813 -1 -1 -1 0.60007 -0.885446 -0.925363 
-0.154526 -0.493542 -0.435794 0.490924 -1 -0.317762 -1 -1 -0.234372 -0.399008 0.636097 0.954884 -0.528927 0.229793 -0.880547 -0.0807137 -0.193412 0.0794479 -0.793031 -0.305058 0.304314 -0.125376 0.306516 -0.1026 -1 -1 -0.302429 0.116507 0.576069 -1 -1 -0.536008 0.541337 -1 -0.574888 -0.713954 0.357771 -1 0.18874 -0.938085 -1 0.492494 0.0969288 -1 -1 -1 -0.767476 -1 1 0.962549 -0.926505 -1 0.702892 0.492311 0.544425 0.588171 -1 -1 0.145916 1 -0.0417535 -0.433627 -1 -1 -0.272688 -1 -1 0.18518 -0.772267 -0.180334 -1 -0.332083 -1 -1 -0.873255 -0.254427 -0.613966 -1 -1 0.954537 -0.304826 0.741273 -0.832902 -1 -0.173192 -1 -1 0.440659 -1 -0.957083 0.96059 -1 -0.414914 -0.746077 -0.510579 0.0381689 -0.531057 -1 -0.129305 0.0278398 0.281778 -0.417376 -1 -0.672121 0.158536 -0.0655873 -0.140283 -0.224987 -0.0539418 -0.794986 -1 -0.718153 -1 -1 0.242378 -1 -0.648664 1 0.282762 0.351487 -1 -0.826016 -1 -1 -1 -0.526848 -0.730446 0.924151 -0.243423 0.285486 -1 -0.984009 0.0678829 0.67564 0.578095 0.498142 -1 -0.731404 
0.00641429 -0.0699885 0.316077 0.797588 0.962805 -0.82415 0.248553 -0.153246 0.463292 0.397612 -0.506318 0.780718 0.165741 0.0978541 -0.894276 -0.245139 -0.521199 0.88747 -0.208154 0.610279 0.94862 0.0484537 0.244478 -0.368749 0.407701 0.106249 -0.458469 -0.481295 0.00502804 -0.789491 -0.466828 -0.697184 0.305191 0.743546 1 -0.0877694 0.920018 -0.0823236 -0.115468 0.393992 0.780478 0.872726 -0.647442 -0.968186 0.747699 0.805259 -0.97428 0.477975 -0.983109 0.10101 0.045189 -0.787165 0.311351 -0.174658 0.745324 -0.419408 -0.159667 -0.993231 0.165936 0.364374 -0.389422 -0.167447 0.00879169 0.910406 -0.944742 -0.805757 0.677097 -0.390242 -0.584742 -0.500704 -0.863321 0.0097338 0.164631 0.792354 -0.647117 -0.150783 -0.287766 -0.245809 -0.0014413 -0.453973 0.515748 -0.0269706 -0.109772 0.683306 0.211257 -0.8261 -0.317583 0.792951 -0.0378404 0.0908979 -0.241033 -0.0773764 -0.817329 0.910086 0.46775 -0.299997 0.372965 -0.467577 0.761472 0.266681 -0.19677 -0.173969 -0.999585 0.0400423 0.638213 -0.538869 -0.120042 0.542616 -0.833629 -0.645422 0.462788 0.276677 -0.710654 -0.903286 -0.503278 -0.673074 0.372779 0.027108 -0.0499921 0.322499 -0.884009 0.904843 -0.815294 0.410001 0.921964 -0.779492 -0.518498 -0.378773 -0.271031 0.794441 0.901239 -0.686192 -0.635792 -0.287343 0.508104 -1 -0.518933 -0.811291 
-0.768047 0.238525 -1 -0.0651146 -1 -1 -1 -1 -0.838319 -1 -1 0.492615 -1 -1 -1 -0.040726 -0.716388 -0.00445533 0.0755001 -0.368329 -0.744533 1 -1 -0.861177 -1 -1 -1 -1 -1 -0.112913 -1 -1 -1 0.203183 -0.259329 -0.423653 -1 -1 -1 -1 -0.637598 -1 0.331197 -1 -1 -0.183498 -0.282912 -1 -0.584413 -0.73482 -0.336811 -0.996203 -1 -0.699085 -0.641644 -1 -0.613908 -0.00901607 0.129468 0.0885795 -1 -1 -0.761689 -1 -0.42055 -1 -1 -1 0.716956 -1 -1 0.876507 -0.0831625 -0.658066 -0.990863 -0.44574 -1 -1 -0.781724 -1 -1 -0.809902 -0.799063 -0.421408 -1 -0.609615 -0.836986 -1 -0.741958 -0.567342 -0.318602 -1 -0.519961 -1 -0.991238 -1 -1 -0.0760616 -0.818022 0.09539 0.0691235 -0.557823 -1 -1 -0.629936 -1 -1 0.892212 -1 -1 -1 -1 -0.581236 0.461708 -0.377169 -0.865611 -1 -1 0.379847 0.997251 -0.347125 -0.374903 -1 -0.92385 0.389769 -1 -0.227797 0.730687 -1 -1 1 -1 -1 0.149184 -1 -1 -0.267385 -1 
-1 0.238525 -1 -0.0851882 -1 -1 -0.773835 -1 -1 -1 -1 -0.488994 -0.614463 -0.84611 -0.807182 -0.040726 -0.927916 0.210652 0.0755001 0.0408746 -0.731829 0.565136 -1 -0.887345 -1 -1 -1 -0.811801 -1 -0.00115994 -1 -0.93649 -1 0.268049 -0.614904 0.282018 -0.950169 -1 -1 -1 -0.581934 -1 0.200775 -1 -0.836762 0.0171677 -0.238239 -0.726447 -0.584413 -1 -0.574834 0.685654 -1 -0.229815 -0.52878 -1 0.0851757 -0.159872 0.160799 -0.0966903 -0.844741 -1 -0.610505 -1 -0.449799 -0.864484 -0.565955 -0.936491 1 -1 -0.77504 -0.652301 1 -0.427816 -1 -0.756515 -1 -1 -0.781724 -1 -1 -1 -0.699 -0.437903 -1 -1 -0.657465 -1 -1 -0.643713 0.379325 -1 -0.590969 -1 -1 -1 -1 -0.792696 -0.298394 -0.150273 0.772051 0.074407 -1 -1 0.237562 -1 -0.998969 0.826042 -1 -1 -1 -1 -0.675684 -0.0257153 -0.952557 -1 -1 -1 -0.71414 0.799157 -0.640658 0.131376 -1 -1 -0.0487742 -0.748446 -0.0286238 0.618099 -1 -0.327573 1 -0.989038 -1 -0.221501 -0.795892 -0.480288 0.125798 -1 
-0.888138 -0.583563 -1 -0.228449 -1 -1 -1 -1 -0.747437 -1 -1 -0.18141 -1 -1 -0.918049 -0.349378 -0.181514 0.189549 0.0469903 -0.995998 -1 -1 -1 -1 -1 -1 -1 -1 -1 -0.0871494 -1 -0.632613 -1 0.523748 -0.199149 0.10129 -1 -1 -1 -1 -0.673434 -1 0.268936 -0.995662 -1 0.0486869 0.772115 -0.726447 -0.974148 -1 -1 0.602467 -1 -1 0.0350903 -1 -0.786611 -0.731909 -0.803976 -0.193676 -1 -0.593529 -0.131977 -1 -1 -1 -0.613149 -0.564099 0.775919 -0.694486 -1 0.688145 -0.207623 -0.391179 -1 -1 -1 -1 -1 -1 -1 -1 -1 -0.437903 -1 -0.945404 -1 -1 -1 -0.893618 0.503695 -1 -0.618891 -0.632026 -1 -1 -1 -0.195347 -1 -0.715436 0.772051 -0.935615 -1 -1 -0.263261 -0.598959 -1 -0.35267 -0.663029 -0.917491 -1 -1 -1 0.365066 -1 -1 -1 -0.866645 0.294084 1 -1 0.371352 -1 -1 0.38535 -1 -1 0.145248 -1 -0.327573 1 -1 -0.955335 -0.221501 -0.795892 -0.852671 0.218494 -0.973509 
-0.571572 0.238525 -1 -0.170809 -1 -1 -0.591582 -1 -1 -1 -1 0.183876 -1 -1 -0.807182 -0.628054 -0.662496 0.241211 0.149366 0.0408746 -0.671411 0.312788 -1 -1 -1 -0.870875 -1 -1 -0.826483 -0.824554 -1 -0.93649 -1 0.296294 -0.748879 0.131991 -0.888156 -1 -0.897525 -1 -1 -1 0.0406101 -1 -1 -0.990723 1 -1 -0.40228 -0.917658 -1 0.365771 -0.876026 -0.528977 0.0929689 -1 0.149528 -0.152649 0.000495136 0.419958 -1 -0.827942 -1 -0.971002 -0.968597 -1 -0.613149 -0.564099 0.872636 -0.89093 -1 0.718969 0.818071 -0.483454 -1 -0.329395 -0.789237 -1 -0.781724 -0.907791 -0.791747 -1 -0.228292 -1 -1 -0.945404 -0.521491 -1 -1 -0.661385 -0.192062 -1 -1 -1 -0.746454 -1 -0.890458 -0.0760616 -1 0.319909 0.772051 -0.0894713 -1 -1 -0.0759176 -0.776824 -1 0.821909 -0.914815 -1 -0.757161 -1 -1 0.385974 -0.43181 -1 -1 -0.866645 0.294084 0.799157 -0.347125 0.371352 -0.87844 -1 -0.0512539 -1 -0.227797 0.565515 -0.91295 -0.799644 1 -1 -1 -0.298336 -0.795892 -1 0.218494 -0.555948 
-1 0.771265 -1 -0.547975 -1 -0.61229 -1 -1 -1 -1 -1 -0.691254 -1 -0.84611 -1 -0.291729 -1 0.480983 0.0593283 -1 -0.731829 0.565136 -1 -0.887345 -1 -1 -0.98614 -0.811801 -1 -0.112913 -1 -0.93649 -1 0.565284 -0.517658 0.274295 -0.760786 -1 -1 -0.875028 -1 -1 0.368811 -1 -1 -1 0.772115 -0.726447 -0.584413 -0.898497 -0.915549 0.685654 -0.972894 -0.406542 -0.640409 -1 -0.0890522 -0.152649 0.160799 -1 -0.672518 -0.839041 -0.131977 -1 -1 -1 -1 -1 0.490245 -1 -1 -0.161601 1 -1 -1 -0.68304 -1 -1 -1 -1 -0.951932 -1 -0.168646 -0.437903 -1 -0.594219 -1 -1 -1 0.0101379 0.117334 -1 -0.590969 -1 -1 -1 -1 -1 -1 -0.782199 1 0.146332 -1 -0.874682 0.0901181 -1 -0.793963 0.792206 -1 -1 -1 -0.892536 -1 0.396028 -0.916956 -1 -1 -1 -0.183373 0.54412 -0.87483 0.371352 -1 -1 -0.239915 -1 -0.31901 0.618099 -1 -0.327573 1 -1 -1 -0.418685 -0.795892 -0.453539 0.063866 -0.592239 
-0.976485 0.284575 -1 -0.0445929 -1 -1 -0.591582 -1 -0.994492 -1 -1 0.183876 -1 -1 -0.807182 -0.040726 -0.231366 -0.00285965 0.0755001 0.0408746 -1 -0.589811 -0.860977 -1 -0.614818 -0.566628 -1 -0.983974 -0.991176 -0.112913 -1 -1 -1 0.507122 -0.259329 -0.935664 -1 -0.843852 -0.946756 -1 -1 -1 0.600757 -1 -0.862181 -0.437025 0.465063 -1 -1 -1 -0.427829 -0.0784709 -0.617651 -0.904104 0.0929689 -0.838201 0.149528 -1 0.00459585 0.257861 -0.787665 -0.896894 -0.643221 -0.971002 -1 -0.925416 -1 -1 0.872636 -0.89093 -1 -0.327908 0.525532 -0.126069 -1 -0.258559 -0.889723 -1 -0.781724 -0.786474 -0.791747 -0.770661 -0.776578 -0.897317 -1 -0.945404 -1 -1 -1 -1 0.566856 -1 -0.930647 -1 -0.688533 -1 -1 0.0673493 -0.263328 0.330487 0.43733 -1 -1 -1 -0.27373 -0.776824 -0.748576 -0.181729 -1 -1 -1 -1 -0.790689 -0.0481177 -0.52212 -1 -1 -1 -0.623595 0.59361 -1 0.565357 -1 -1 0.0392129 -1 0.205931 0.401057 -1 -0.257288 0.742653 -1 -1 -0.583265 -1 -0.311585 0.218494 -1 
-0.328755 -0.624992 -0.889012 -0.0851882 -1 -0.911396 -0.578233 -1 -1 -1 -1 -0.724933 -1 -1 -0.93808 -1 -0.0262757 0.337889 -0.163631 0.250374 -1 0.430845 -0.999325 -0.874037 -1 -1 -1 -0.886811 -1 -0.112913 -1 -0.93649 -1 0.297183 -1 -0.826042 -1 -1 -1 -1 -1 -1 0.368811 -1 -0.620809 -0.23576 0.292201 -1 -1 -1 -1 0.685654 -1 -1 0.0929689 -0.537713 -0.00327085 -0.78444 -0.324059 0.257861 -1 -0.593529 -0.653076 -0.971002 -0.720897 -1 -0.79659 -1 0.854345 -0.89093 -1 -0.354017 0.187291 -0.700223 -1 -0.329395 -0.990011 -1 -1 -0.778693 -1 -1 -0.228292 -0.240303 -1 -0.587463 -1 -1 -1 -0.878714 -0.918863 -1 -0.351856 -1 -1 -1 -1 -1 -0.298394 0.319909 0.572398 -0.0894713 -1 -1 -0.0300473 -1 -0.496761 -0.358733 -0.945564 -0.831262 -0.582672 -1 -1 0.396028 -1 -1 -1 -1 0.188147 0.616514 -0.449961 0.651349 -1 -1 0.38535 -1 -0.227797 0.899646 -1 0.501298 0.263614 -0.669692 -0.991129 -1 -0.795892 -1 -0.341077 -1 
-0.474388 -0.233869 -1 -0.0851882 -1 -1 -0.591582 -1 -0.869519 -1 -1 0.183876 -1 -1 -0.807182 0.250116 -0.164119 -0.00285965 0.0755001 0.0408746 -0.742763 0.430845 -1 -1 -1 -1 -1 -1 -1 -0.112913 -0.939447 -0.965895 -0.997271 0.72331 -0.259329 -0.706167 -1 -1 -0.842505 -1 -0.915502 -1 0.368811 -1 -0.79807 -0.23576 0.772115 -0.726447 -0.584413 -0.73482 -0.506927 0.685654 -1 -0.563462 0.0929689 -1 -0.881941 -0.152649 0.160799 0.560336 -1 -0.593529 -0.131977 -0.835702 -1 -1 -0.613149 -0.564099 1 -1 -1 0.704477 0.818071 -0.677133 -1 -0.329395 -0.990011 -1 -1 -1 -0.806988 -1 -0.841282 -0.437903 -1 -0.945404 -0.521491 -1 -1 -0.661385 0.417214 -1 -0.623293 -1 -0.93988 -1 -1 -0.340533 -0.84417 0.439851 0.772051 -0.306805 -1 -1 -0.312694 -1 -0.496761 0.246115 -1 -1 -0.757161 -1 -0.954192 0.128218 -0.43181 -0.954294 -1 -0.866645 -0.227783 0.828755 -0.38548 0.371352 -1 -1 0.223956 -1 -0.712435 0.631567 -1 -0.842835 1 -0.669692 -1 -0.221501 -1 -0.494311 -0.298995 -1 
-1 -0.548322 -1 -0.756649 -0.968954 -0.657445 -0.50821 -1 -0.452304 -1 -1 0.413105 -1 -1 -0.739564 -0.845006 -0.602329 -0.674614 -0.00245601 -0.649225 -0.676638 0.295959 -1 -0.901387 -1 -1 -1 -1 -1 -0.481787 -1 -1 -0.90598 -1 -0.746398 -0.988057 -1 -1 -1 -1 -0.915502 -1 -0.357258 -1 -1 -1 -0.596756 -0.726447 -1 -0.73482 -1 0.725396 -1 -1 -0.678052 -1 -0.372471 -1 -0.98884 0.0569465 -1 -0.660246 -0.84699 -0.971002 -0.720897 -0.866152 -1 -1 0.872636 -1 -1 0.313232 -0.925536 -0.912199 -0.970701 -1 -1 -0.759171 -1 -0.778693 -1 -1 -0.178885 -0.735178 -1 -1 -0.817208 -0.843264 -1 -1 -0.165225 -1 -0.201813 -1 -1 -1 -1 -0.690805 -1 -0.557387 0.596819 -1 -1 -0.825309 -1 -1 -0.864241 0.273098 -1 -1 -0.766406 -0.959567 -1 0.510584 -1 -1 -1 -0.886928 -0.185929 0.836087 -0.458609 0.766742 -1 -0.812379 -0.422049 -0.710575 -0.310684 0.271425 -1 -0.75226 0.213396 -1 -1 -0.425673 -1 -0.762452 -0.496159 -0.859236 
-1 -0.122433 -1 -0.565515 -0.98567 -0.89011 -0.591582 -0.811423 -1 -1 -0.969104 0.329456 -0.762915 -1 -0.807182 -0.977442 -1 0.245577 -0.766515 -0.936432 -0.762337 -0.141356 -0.714273 -1 -0.995298 -0.643379 -1 -1 -1 -0.112913 -1 -1 -1 1 -1 -0.168855 -1 -0.887634 -1 -1 -1 -1 -0.375064 -1 -1 -0.85514 -0.0956856 -1 -1 -1 -0.314378 -0.977254 -1 -1 -1 -1 -1 -0.152649 0.487045 -0.25459 -1 -0.593529 -0.131977 -0.923014 -0.978032 -1 -1 -0.564099 0.872636 -1 -1 0.253667 0.284089 -1 -1 -0.898567 -1 -1 -0.880994 -0.962447 -1 -1 -0.27151 -1 -1 -1 -1 -1 -0.65284 -0.661385 0.668966 -1 -0.498453 -1 -1 -1 -1 -0.00852256 -0.363046 -0.508016 0.739591 -0.436548 -1 -1 -1 -1 -0.48696 -0.362206 -1 -1 -1 -1 -1 0.396028 -0.924664 -0.471472 -1 -0.866645 0.434287 0.729496 -0.657123 0.383382 -1 -1 0.00383782 -1 -0.97414 0.618099 -1 -0.951002 0.632327 -1 -0.705218 -0.221501 -1 -0.453539 -0.0780641 -1 
-0.440456 0.34827 -1 -0.0851882 -1 -1 -1 -1 -1 -1 -1 -0.306144 -1 -1 -1 -0.709313 -0.401782 -0.584483 0.0755001 -0.815233 -0.78059 0.275156 -1 -1 -1 -1 -0.529673 -1 -1 -0.454743 -1 -1 -1 0.72331 -0.259329 -0.199149 -1 -1 -0.946756 -1 -1 -0.834008 0.381603 -1 -1 -0.441827 -0.27081 -1 -0.584413 -1 -0.364716 -1 -1 -1 -0.531351 -0.685708 -0.532416 -0.416405 0.0684686 -0.397527 -0.696819 -0.616272 -1 -1 -0.552365 -1 -1 -0.980588 0.872636 -0.89093 -1 0.40603 -0.742145 -1 -1 -0.329395 -1 -0.938387 -0.781724 -1 -1 -1 -1 -0.781362 -0.999606 -1 -0.836986 -1 -0.741958 -1 -0.987844 -1 -0.519961 -1 -0.689736 -1 -1 -0.704478 -1 -0.212348 -0.206051 0.138975 -0.770849 -1 -0.191495 -0.776824 -0.550089 0.824927 -1 -1 -0.757161 -1 -1 0.539057 -0.0755958 -1 -1 -1 -0.520035 0.799157 -0.480744 0.371352 -1 -1 -0.163196 -1 -0.235968 0.730687 -0.772165 -1 1 -1 -1 0.321289 -0.913787 -1 -0.846614 -1 
-1 -0.148581 -1 -0.621588 -0.127551 -1 0.39632 -0.768512 -1 -0.536442 -1 -0.416143 -0.450562 -0.841645 -1 -0.124698 -0.958556 -1 0.392865 0.628298 -0.794516 -0.558311 -1 0.131083 -1 -1 -0.943116 -1 -0.820077 0.0907229 -0.0664536 -1 -1 0.974147 -0.362645 -1 -0.278276 -0.543104 -0.658728 -0.57305 -1 -1 -1 0.162202 -1 0.427659 0.720582 -1 -0.669001 0.539072 -0.441755 -0.249634 -0.640474 0.0340498 -1 -0.22347 0.445587 -1 0.173566 0.293743 -1 -0.761231 -0.75432 -1 -0.429567 -1 -0.509063 0.590846 0.380034 -0.580559 0.468064 -0.993078 1 -0.132115 -0.817998 -1 -0.58501 -1 -1 -0.133014 -0.787446 -1 -0.584322 -0.48395 -1 -0.632854 -1 -0.389969 -1 -1 0.65686 -1 -0.763955 -0.848331 -1 -0.297949 -0.260866 -0.38149 -0.548953 -1 -0.724217 0.277666 -1 -1 -0.284777 -0.876901 0.0978119 1 -0.903945 -0.736785 -1 -1 -0.923088 0.355287 0.429653 -0.145432 -0.389023 -1 0.124733 -1 -0.997041 0.240603 -0.93558 -0.743892 0.727393 -0.318516 -1 -0.155341 -1 -1 -0.333043 0.105107 -1 -1 -1 1 -1 -1 
-0.440456 0.622916 -1 -0.888788 -1 -1 -0.871531 -0.777669 -0.864297 -0.625408 -0.586206 -1 -1 -0.776711 -0.830337 -0.71583 -0.762228 -0.584836 0.0755001 -0.533582 -1 0.0226226 -1 -1 -1 -1 -1 -1 -1 -0.112913 -0.66921 -1 -1 0.569521 -1 0.10129 -1 -0.809898 -0.946756 -1 -0.859224 -1 -0.63816 -1 -1 -0.721557 -0.1526 -0.726447 -1 -0.73482 -1 0.400265 -1 -1 -0.739473 -1 0.149528 -0.582608 0.160799 0.257861 -1 -0.461202 -0.444707 -1 -0.823074 -1 -0.250972 -0.564099 -0.323517 -1 -1 0.140948 -0.127095 -0.373116 -1 -0.8394 -1 -1 -1 -1 -1 -1 -0.228292 -1 -0.767398 -0.92625 -1 -1 -1 -1 0.187928 -1 -0.111619 -1 -1 -1 -1 -0.558231 -0.638768 0.319909 0.432578 -1 -0.941217 -0.872776 -0.130872 -0.872308 -0.10793 0.687964 -1 -1 -1 -0.810801 -0.489785 0.159537 -0.43181 -0.672753 -0.840462 -0.866645 0.0926249 0.558983 -0.356397 0.371352 -1 -1 0.38535 -1 -0.227797 0.618099 -1 -0.901472 1 -0.738197 -1 -0.221501 -1 -1 0.363542 -1 
-1 0.771265 -1 -0.547975 -1 -0.61229 -1 -0.930282 -1 -1 -1 -0.691254 -1 -0.838934 -1 -0.291729 -1 0.480983 0.0593283 -1 -0.731829 0.565136 -0.729052 -0.887345 -1 -1 -1 -1 -1 -0.112913 -1 -1 -1 0.565284 -0.517658 0.274295 -0.760786 -1 -1 -0.875028 -1 -1 0.368811 -1 -1 -1 0.772115 -0.726447 -0.584413 -0.898497 -0.915549 0.685654 -0.972894 -0.406542 -0.640409 -1 -0.0890522 -0.152649 0.160799 -1 -0.672518 -1 -0.131977 -0.806272 -1 -1 -1 -1 -0.00534198 -1 -1 -0.161601 1 -1 -1 -0.68304 -1 -1 -1 -1 -0.951932 -1 -1 -0.437903 -1 -0.594219 -1 -1 -1 0.0101379 0.117334 -1 -0.590969 -1 -1 -1 -0.620498 -1 -1 -0.782199 1 0.146332 -1 -0.738237 0.0901181 -1 -0.793963 -0.381173 -1 -1 -1 -0.892536 -0.629134 0.396028 -0.916956 -1 -1 -1 -0.183373 0.54412 -0.87483 0.371352 -1 -1 0.154985 -1 -0.31901 0.618099 -1 -0.327573 1 -1 -1 -0.418685 -0.795892 -0.341924 0.063866 -0.592239 
-0.776947 0.238525 -1 -0.255061 -1 -1 -0.957857 -1 -1 -0.694551 -1 0.283944 -1 -1 -0.807182 0.107755 -0.0892413 -0.0791035 0.0755001 0.217019 -1 0.430845 -1 -1 -1 -1 -1 -1 -1 -0.112913 -1 -1 -1 0.72331 -0.259329 -0.710364 -1 -1 -0.946756 -1 -0.830379 -1 0.722357 -1 -1 -0.23576 0.428937 -0.726447 -1 -0.73482 -0.364716 0.86973 -1 -0.94012 0.0929689 -0.914581 -0.876555 -1 -0.35579 0.131564 -1 -0.593529 -0.131977 -1 -1 -1 -1 -0.564099 0.768072 -1 -0.813303 1 0.818071 -1 -1 -0.661667 -1 -0.918786 -0.781724 -1 -0.837347 -1 -0.289043 -0.437903 -0.741253 -1 -0.521491 -1 -1 -0.661385 0.443806 -1 -0.587412 -1 -0.746454 -1 -0.890458 -0.0760616 -0.268687 0.319909 0.0160683 -1 -1 -1 -0.0759176 -1 -0.496761 -0.781135 -1 -1 -0.789872 -1 -0.489785 0.396028 -0.43181 -1 -0.690932 -0.550832 0.0453428 0.350091 -0.347125 0.371352 -1 -0.864548 -0.186132 -1 -0.010088 0.835842 -1 -0.327573 -0.330359 -1 -1 -1 -1 -0.631865 0.218494 -1 
-0.440456 0.238525 -1 -0.0911417 -0.924438 -0.829229 -0.591582 -1 -1 -1 -0.586206 0.151934 -0.906253 -1 -0.807182 -0.71583 -0.326217 -0.458325 0.0755001 0.0408746 -0.731829 0.484191 -1 -1 -1 -1 -1 -1 -1 -0.112913 -1 -0.93649 -1 0.72331 -0.431036 0.248592 -1 -1 -0.946756 -1 -0.915502 -1 0.368811 -1 -1 -0.23576 0.772115 -0.726447 -1 -0.73482 -1 0.685654 -1 -0.715481 0.0929689 -0.91279 0.149528 -0.249352 -0.410361 -0.611696 -1 -1 -0.655149 -1 -0.496692 -1 -1 -0.564099 0.872636 -0.89093 -1 -0.427801 0.218645 -0.391179 -1 -0.8394 -0.990011 -1 -0.781724 -0.876757 -0.791747 -1 -0.228292 -0.437903 -1 -1 -1 -1 -1 -1 0.187928 -1 -0.445267 -1 -0.746454 -1 -1 -0.558231 -0.957033 -0.161378 0.867466 -0.957051 -1 -0.705685 -0.239771 -0.776824 -0.496761 0.687964 -1 -1 -0.757161 -0.810801 -0.489785 0.396028 -0.43181 -1 -1 -0.87032 0.294084 0.799157 -0.347125 0.371352 -1 -1 0.38535 -1 -0.227797 0.126571 -1 -0.901472 0.487726 -0.669692 -1 -0.221501 -1 -0.453539 0.218494 -0.541377 
-1 -0.257313 -0.905984 -0.0851882 -1 -1 -0.773835 -1 -0.805491 -1 -1 -0.488994 -1 -1 -1 -0.040726 -0.941541 0.101852 0.144415 -0.451018 -0.966642 0.510317 -1 -1 -1 -1 -1 -1 -1 -0.425047 -1 -0.93649 -1 0.562688 -0.520892 0.396791 -1 -1 -1 -1 -0.822832 -0.847902 0.456559 -1 -1 -1 0.232327 -0.726447 -1 -1 -0.364716 0.746222 -1 -0.458039 -0.578935 -1 -0.863241 -0.152649 0.512225 0.257861 -1 -1 -0.0591001 -1 -0.449799 -1 -0.811088 -0.360015 1 -0.982854 -1 0.0772777 0.818071 -0.391179 -1 -0.612495 -0.904974 -1 -1 -1 -1 -1 -0.228292 -0.629001 -0.956155 -1 -0.564254 -1 -1 -0.643713 0.417214 -1 -0.631351 -1 -1 -1 -1 -0.707878 -0.937127 0.389017 -0.216172 0.146332 -1 -1 0.193259 -1 -1 0.826042 -1 -1 -0.757161 -1 -0.871527 0.53447 -1 -1 -1 -1 -0.183373 0.804776 -1 0.371352 -1 -1 0.38535 -1 -1 0.618099 -0.828429 -0.327573 1 -1 -1 -0.221501 -0.795892 -0.279858 0.346016 -0.592239 
-0.710085 0.238525 -1 0.0558645 -1 -0.657445 -0.50821 -1 -0.809203 -1 -1 0.0180024 -1 -1 -0.739564 -0.785646 -0.947186 -0.826985 -0.00245601 -0.0634224 -1 0.423513 -1 -0.901387 -1 -1 -1 -1 -0.993364 -0.688215 -1 -1 -1 -0.534214 -1 -0.988057 -1 -1 -1 -0.958003 -0.915502 -1 0.368811 -1 -0.842291 -1 -0.59584 -0.726447 -0.852899 -0.73482 -1 0.725396 -1 -1 0.0929689 -0.682461 -0.916305 -1 -1 0.0569465 -1 -0.603437 -0.995539 -0.971002 -0.720897 -1 -1 -0.817159 0.872636 -1 -1 -0.162261 -0.403394 -0.27906 -0.970701 -0.329395 -0.990011 -0.759171 -1 -0.736959 -1 -1 -0.228292 -0.240303 -1 -0.85743 -0.580453 -1 -1 -1 -0.165225 -1 -0.201813 -1 -1 -1 -1 -1 -1 -0.557387 0.596819 -0.506602 -1 -0.896864 -1 -1 -1 -0.289112 -1 -0.814355 -0.766406 -1 -1 0.510584 -1 -1 -0.87117 -0.886928 0.191866 0.534329 -0.458609 0.435467 -0.979193 -0.852994 -0.696277 -0.710575 -0.227797 0.280395 -1 -1 0.4065 -1 -1 -0.824474 -1 -0.762452 -0.496159 -1 
-0.932455 -0.684215 -0.991776 -0.0851882 -1 -1 -0.295977 -1 -1 -1 -1 0.183876 -0.986095 -1 -1 -0.0637673 -0.835522 -0.15819 0.219273 -1 -1 0.430845 -1 -1 -1 -1 -0.748203 -1 -1 -1 -1 -0.223868 -1 0.418106 -0.0945049 0.10129 -1 -0.889482 -1 -1 -0.772772 -1 0.368811 -1 -1 -1 -0.411344 -1 -0.545203 -1 -0.887636 -0.903474 -1 -0.721785 0.0929689 -1 -0.685599 -0.145671 -1 0.670442 -1 -0.611079 -0.672437 -0.651041 -1 -1 -1 -1 0.0693388 -1 -0.740946 -0.00866717 0.845767 -1 -1 -0.0422254 -1 -1 -1 -0.736151 -1 -1 -1 -0.437903 -1 -1 -0.521491 -0.93737 -1 -0.637185 -0.868696 -0.359977 -0.738029 -1 -0.746454 -1 -1 -0.573482 -0.740403 0.35301 -1 -1 -1 -1 -0.55084 -0.776824 -0.543563 0.307198 -0.821338 -1 -0.757161 -1 -1 0.396028 -0.511633 -1 -1 -0.986473 -0.715743 0.211736 -0.426795 0.298671 -1 -0.727592 -0.705163 -1 -0.227797 0.349848 -1 -0.383998 1 -1 -1 -0.603398 -0.795892 -1 -0.555584 -1 
0.567345 0.505124 -0.817925 -0.298824 0.0569637 0.194102 -0.409635 0.65365 0.554023 0.628962 0.207051 0.942837 -0.741065 -0.581187 0.289457 -0.733124 0.56741 -0.384811 0.273631 -0.694435 0.962476 -0.652459 -0.873956 -0.031339 0.653884 -0.40724 0.991291 -0.886454 -0.338419 0.703172 -0.989034 -0.699263 0.454402 -0.817249 -0.200966 -0.713613 -0.700669 -0.953014 0.636949 -0.181141 -0.0168283 -0.522648 0.164912 -0.904702 -0.542527 0.141031 -0.832105 -0.480787 0.508025 -0.885039 -0.34753 -0.976914 0.680562 0.206005 -0.692147 -0.78298 -0.0426911 0.73897 -0.501625 0.16273 -0.982172 -0.349368 -0.156386 -0.656183 0.464254 -0.678643 0.779007 -0.633006 -0.294288 -0.700656 -0.663481 -0.624312 -0.108264 0.422655 0.281339 0.109921 0.46487 -0.556635 -0.830763 -0.192974 -0.237465 0.328366 0.446909 0.0246484 -0.590086 0.260662 0.573919 0.398915 -0.696855 0.283901 0.266614 0.976866 0.584292 -0.520189 0.674939 0.0814523 0.744823 0.160492 -0.0316805 -0.0406125 -0.357478 0.826066 0.630568 -0.994594 0.821159 -0.647783 0.78625 0.176209 0.115466 -0.110229 -0.973765 0.15552 0.566173 0.48848 -0.557575 -0.140251 0.961018 0.6606 -0.152677 0.326709 0.825061 -0.0932685 0.304618 -0.826161 0.675409 0.745192 -0.520032 -0.944855 -0.942429 0.539669 0.185154 0.540671 0.931094 0.154261 0.132068 -0.66175 -0.8856 -0.860062 
-1 -0.122433 -1 -0.832169 -1 -1 -0.591582 -1 -0.795958 -1 -1 0.329456 -0.762915 -0.931494 -1 -0.80573 -1 0.245577 -0.735894 -0.936432 -1 -0.141356 -1 -1 -1 -1 -0.989263 -1 -0.787775 -0.291655 -1 -1 -1 0.464386 -0.959538 -0.405898 -1 -1 -1 -1 -1 -1 0.368811 -1 -1 -0.85514 0.374028 -1 -1 -0.77025 -0.513862 -0.977254 -0.846662 -1 -1 -0.928595 -0.688621 -0.108668 -0.534113 -0.604638 -0.892496 -0.548726 -1 -0.923014 -0.995221 -1 -0.821926 -0.564099 0.50519 -1 -1 0.17023 -1 -1 -0.95817 -0.839467 -1 -1 -1 -1 -1 -0.615001 -0.228292 -0.929381 -0.781218 -1 -1 -1 -0.675356 -0.845233 0.668966 -1 -0.75981 -1 -1 -1 -1 -0.974025 -0.44686 -1 0.739591 0.202916 -0.704328 -1 -1 -1 -0.724341 -0.13077 -1 -1 -1 -1 -1 0.396028 -0.927549 -1 -0.832145 -0.866645 0.639337 1 -0.347125 0.383382 -1 -1 0.38535 -0.716307 -0.530519 0.355439 -0.919544 -0.56995 0.632327 -0.669692 -1 -0.521291 -1 -0.453539 -0.279809 -1 
-1 -0.148581 -1 -0.621588 -0.127551 -1 0.39632 -1 -1 -0.666628 -1 -0.416143 -0.703681 -1 -1 -0.124698 -1 -1 0.392865 0.140465 -1 -0.291602 -1 -1 -1 -1 -0.943116 -1 -0.820077 -0.593061 -1 -1 -1 0.360126 -0.982365 -1 -0.884826 -0.543104 -0.658728 -0.57305 -1 -1 -1 0.162202 -1 0.428784 0.583056 -1 -0.542155 0.539072 -1 -0.69354 -0.858773 -0.707001 -1 0.243947 0.336668 -1 0.173566 -0.132799 -1 -0.787165 -0.75432 -1 -1 -0.708205 -0.604395 0.784275 0.380034 -0.569881 0.468064 -1 1 -0.696008 -1 -1 -0.58501 -1 -1 0.00635344 -0.787446 -1 -0.565781 -1 -1 -1 -1 -0.389969 -1 -1 0.65686 -1 -0.814329 -1 -1 -1 -0.170879 -1 -0.745217 -0.93648 -1 0.277666 -1 -1 -1 -0.876901 -0.112411 1 -0.903945 -1 -1 -1 -0.923088 0.355287 0.429653 0.276215 -1 -1 0.124733 -1 -1 0.397338 -0.93558 -0.642861 0.286752 -0.318516 -0.790331 -0.00541523 -1 -0.885242 -0.874744 0.247588 -1 -1 -1 1 -0.909541 -1 
-0.440456 0.238525 -1 -0.0851882 -1 -1 -0.591582 -1 -0.747437 -1 -1 0.183876 -1 -1 -0.807182 -0.040726 -0.164119 -0.00285965 0.0755001 -0.221456 -0.731829 0.430845 -1 -1 -1 -1 -1 -1 -1 -0.112913 -1 -0.93649 -1 0.72331 -0.259329 0.10129 -1 -1 -0.946756 -1 -0.915502 -1 0.368811 -1 -1 -0.23576 0.772115 -0.726447 -0.584413 -0.73482 -0.364716 0.820899 -1 -0.528977 0.0929689 -1 0.149528 -0.152649 -0.388756 0.257861 -1 -0.593529 -0.131977 -0.971002 -0.449799 -1 -0.613149 -0.564099 0.872636 -0.89093 -1 0.704477 0.818071 -0.391179 -1 -0.329395 -1 -1 -0.781724 -1 -0.791747 -1 -0.228292 -0.437903 -1 -0.945404 -0.521491 -1 -1 -0.661385 0.417214 -1 -0.590969 -1 -0.746454 -1 -0.890458 -0.0760616 -0.456448 0.319909 0.772051 -0.0894713 -1 -1 -0.0759176 -0.776824 -0.496761 0.687964 -1 -1 -0.757161 -0.955028 -0.489785 0.396028 -0.43181 -1 -1 -0.866645 0.294084 0.799157 -0.347125 0.371352 -1 -1 0.38535 -1 -0.227797 0.618099 -0.938034 -0.327573 1 -0.669692 -1 -0.221501 -1 -0.453539 0.124677 -0.541377 
-0.440456 0.233811 -1 -0.0851882 -0.788636 -1 -0.669715 -1 -0.838319 -0.509044 -1 0.162363 -1 -1 -1 -0.040726 -1 -0.00285965 -0.48276 -0.814528 -0.71158 -0.0918209 -1 -1 -1 -1 -1 -0.848839 -1 -0.112913 -1 -1 -0.942712 0.914027 -0.714126 0.10129 -1 -1 -0.722969 -1 -1 -1 -0.362341 -0.873629 -1 -1 1 -0.840836 -1 -0.940244 -0.232219 -0.387017 -1 -0.699085 -1 -0.685708 -0.870988 -0.531451 -0.391195 0.257861 -0.855347 -1 -0.874582 -1 -0.258381 -1 -1 -1 0.921401 -1 -1 0.704477 0.0448488 -0.821279 -1 -0.785215 -1 -0.74727 -1 -0.646986 -1 -1 -1 -0.363552 -1 -1 -1 -1 -1 -1 -0.502269 -1 -0.59834 -1 -1 -1 -0.69392 -0.0244833 -1 0.319909 0.0691235 -0.0365306 -1 -1 -0.142389 -0.726717 -0.924095 0.310098 -1 -1 -0.977681 -1 -0.400207 0.61896 -0.377169 -1 -1 -1 0.464427 0.799157 -1 0.401629 -0.754412 -1 0.819132 -1 -0.777969 0.469469 -1 -0.327573 1 -1 -0.805396 -0.0967526 -1 -0.235245 -0.660675 -0.89779 
-0.440456 0.238525 -1 -0.0851882 -1 -1 -0.591582 -1 -0.747437 -1 -1 0.183876 -1 -1 -0.807182 -0.040726 -0.164119 -0.00285965 -0.499869 0.0408746 -0.731829 0.392769 -1 -1 -1 -1 -1 -1 -1 -0.112913 -1 -0.93649 -1 0.72331 -0.259329 0.10129 -1 -1 -0.946756 -1 -0.915502 -1 0.368811 -1 -1 -0.23576 0.772115 -0.726447 -0.584413 -0.73482 -0.364716 0.685654 -1 -0.528977 0.0929689 -1 0.149528 -0.152649 0.160799 0.257861 -1 -0.593529 -0.131977 -0.971002 -0.449799 -1 -0.613149 -0.564099 0.872636 -0.89093 -1 0.704477 0.818071 -0.391179 -1 -0.294022 -0.990011 -1 -0.781724 -0.778693 -0.791747 -1 -0.228292 -0.437903 -1 -0.945404 -0.521491 -1 -1 -0.661385 0.417214 -1 -0.590969 -1 -0.746454 -1 -0.890458 -0.0760616 -0.298394 0.514139 0.772051 -0.0894713 -1 -1 -0.0759176 -0.798421 -0.496761 0.677338 -1 -1 -0.757161 -1 -0.489785 0.396028 -0.43181 -1 -1 -0.866645 0.294084 0.799157 -0.347125 0.371352 -1 -1 0.38535 -1 -0.559148 0.618099 -1 -0.327573 1 -0.669692 -1 -0.221501 -0.795892 -0.453539 0.218494 -0.541377 
-0.440456 0.34827 -1 -0.160016 -1 -1 -1 -1 -1 -1 -0.998847 0.0194647 -0.636228 -1 -1 -0.609751 -1 -1 0.0755001 -1 -0.78059 0.366955 -1 -0.942967 -1 -1 -0.624719 -1 -0.837098 -0.112913 -1 -1 -1 0.72331 -0.259329 -0.199149 -1 -1 -1 -1 -1 -0.834008 0.381603 -1 -1 -0.23576 1 -1 -0.376714 -0.811693 -0.364716 -1 -1 -1 -0.531351 -0.833907 -0.532416 -0.0704815 -0.0842385 -0.847112 -0.696819 -0.593529 -0.676068 -0.80465 -0.552365 -1 -1 -0.391425 0.872636 -0.89093 -1 0.570326 -0.742145 -0.634721 -1 -0.329395 -1 -1 -0.781724 -0.874004 -1 -1 -1 -1 -0.999606 -1 -0.836986 -1 -1 -1 -0.987844 -1 -0.519961 -1 -1 -1 -1 -0.0547219 -0.558175 -0.0775948 -0.206051 0.138975 -0.770849 -1 -0.0759176 -0.776824 -0.496761 0.892212 -1 -1 -0.757161 -1 -1 0.539057 -0.0755958 -1 -1 -1 -0.520035 0.799157 -1 0.371352 -0.754412 -0.716469 0.268895 -1 -0.235968 0.730687 -1 -0.884873 -0.106805 -1 -1 0.196321 -0.913787 -0.95768 -1 -0.89779 
-0.328755 0.238525 -1 -0.0851882 -1 -0.657445 -0.591582 -1 -0.606393 -1 -1 0.162558 -1 -1 -0.93808 -0.845116 -0.0262757 -0.200189 -0.163631 0.0654072 -1 0.430845 -1 -0.838272 -1 -1 -1 -1 -1 -0.112913 -1 -0.93649 -1 0.297183 -0.236856 -0.988057 -1 -1 -1 -1 -0.915502 -1 0.368811 -1 -1 -0.23576 0.632777 -0.726447 -1 -0.73482 -1 0.685654 -1 -0.528977 0.0929689 -0.633735 0.149528 -0.78444 0.0326204 0.257861 -1 -0.593529 -0.131977 -0.971002 -1 -1 -0.613149 -1 0.872636 -0.89093 -1 0.704477 0.418677 -0.27906 -1 -0.329395 -0.990011 -1 -1 -0.778693 -0.791747 -1 -0.228292 -0.240303 -1 -0.587463 -0.521491 -1 -1 -1 0.147279 -1 -0.351856 -1 -1 -1 -0.890458 -1 -0.298394 0.0569488 0.572398 -0.0894713 -1 -1 -0.0300473 -1 -0.496761 0.273098 -1 -0.676169 -0.757161 -1 -0.489785 0.396028 -1 -1 -1 -0.886928 0.188147 0.616514 -0.449961 0.651349 -1 -1 0.38535 -0.852168 -0.227797 0.618099 -1 0.321661 0.4065 -0.669692 -1 -0.341316 -0.795892 -1 -0.496159 -0.460569 
-0.328755 0.238525 -1 -0.0851882 -1 -0.657445 -0.591582 -1 -0.631147 -1 -1 0.162558 -1 -1 -0.93808 -0.845116 -0.0262757 -0.200189 -0.0674594 -0.277923 -1 0.430845 -0.999325 -0.838272 -1 -1 -1 -1 -1 -0.112913 -1 -0.93649 -1 0.297183 -0.236856 -0.988057 -1 -1 -1 -1 -1 -1 0.368811 -1 -1 -0.23576 0.5704 -0.726447 -1 -1 -1 -0.235556 -1 -0.528977 0.0929689 -0.633735 0.149528 -0.78444 0.0326204 0.257861 -1 -0.439392 -0.131977 -0.971002 -0.720897 -1 -0.618576 -1 0.872636 -0.89093 -1 0.704477 0.418677 -0.0917418 -1 -0.0400297 -0.990011 -1 -1 -0.778693 -1 -1 -0.228292 -0.240303 -1 -1 -0.521491 -1 -1 -1 0.147279 -1 -0.061837 -1 -1 -1 -0.890458 -1 -0.298394 -0.119718 0.572398 -0.0894713 -1 -1 -0.0300473 -1 -0.163445 -0.830842 -1 -0.676169 -0.757161 -1 -0.489785 0.396028 -1 -1 -1 -0.886928 0.188147 0.616514 -0.449961 0.651349 -1 -1 0.38535 -0.852168 -0.227797 0.618099 -1 0.321661 0.4065 -0.669692 -1 -0.221501 -0.725539 -1 -0.496159 -0.541377 
-0.745986 -0.797287 -0.932311 -0.0851882 -1 -1 -0.591582 -1 -0.747437 -1 -1 0.168509 -1 -1 -1 -0.040726 -0.457335 0.135082 0.0755001 0.0408746 -1 0.430845 -1 -1 -1 -1 -0.880951 -1 -1 -0.112913 -1 -0.980353 -1 0.806877 -0.259329 0.10129 -1 -1 -0.997738 -1 -0.915502 -1 -0.0112721 -1 -1 -1 0.772115 -0.726447 -1 -0.73482 -0.364716 0.685654 -1 -0.528977 -0.00671636 -1 0.149528 -0.152649 -0.783388 0.257861 -1 -0.565531 -0.131977 -1 -0.449799 -1 -0.613149 -0.564099 0.872636 -1 -1 -1 0.799624 -0.391179 -1 -0.329395 -0.878456 -1 -1 -0.615139 -0.791747 -1 -0.10528 -1 -1 -0.945404 -0.392726 -1 -1 -0.661385 0.417214 -1 -0.830606 -1 -1 -1 -0.890458 -0.0760616 -0.869368 0.0120792 0.772051 -0.0894713 -1 -1 -0.0759176 -0.776824 -0.374145 0.687964 -0.822433 -0.941523 -1 -1 -0.489785 0.396028 -0.43181 -1 -1 -1 -0.0154401 0.337479 -0.714863 -0.121349 -1 -1 -0.23771 -1 -0.227797 0.618099 -1 -0.327573 1 -0.669692 -0.793364 -0.221501 -0.967481 -0.587517 -0.291492 -0.532945 
-0.440456 0.238525 -1 -1 -1 -1 -0.601984 -1 -0.747437 -1 -1 0.14303 -1 -1 -0.807182 -0.040726 -0.73241 -0.162693 0.234323 -0.047282 -0.693976 0.0398796 -1 -1 -1 -1 -1 -1 -1 -0.112913 -1 -1 -1 0.72331 -0.278006 -0.0362307 -0.856859 -1 -1 -1 -0.729761 -0.951805 0.368811 -1 -1 -0.23576 0.772115 -1 -1 -1 -0.364716 0.88102 -1 -0.528977 0.0929689 -1 -0.174646 -0.152649 0.160799 0.257861 -1 -0.593529 -0.131977 -1 -0.449799 -1 -1 -1 0.872636 -1 -1 0.0789306 0.818071 -0.391179 -1 -0.329395 -1 -1 -0.781724 -0.778693 -0.861058 -1 -0.228292 -0.437903 -1 -0.945404 -1 -1 -1 -0.661385 0.417214 -1 -0.590969 -0.854708 -0.746454 -1 -1 -0.348333 -0.526557 0.319909 0.743325 -0.0894713 -1 -1 -0.0759176 -0.987924 -0.496761 0.626336 -1 -0.949317 -0.757161 -1 -0.820357 0.396028 -1 -1 -0.885597 -0.72859 0.294084 0.799157 -0.347125 0.371352 -1 -1 0.0470593 -0.845851 -0.227797 0.618099 -1 -0.327573 1 -0.797168 -1 -0.290751 -0.795892 -1 0.218494 -0.541377 
-1 -1 -1 -0.569754 -1 -1 -0.591582 -1 -1 -1 -1 0.183876 -1 -1 -0.807182 -0.57619 -0.164119 -0.371257 -0.451766 0.0408746 -0.731829 0.430845 -1 -1 -1 -1 -1 -0.902772 -1 -0.207424 -1 -0.909291 -1 0.72331 -0.708428 0.10129 -1 -1 -1 -1 -0.915502 -1 0.368811 -1 -0.870219 -0.245164 0.693275 -0.726447 -0.908829 -0.73482 -0.181089 0.685654 -1 -0.528977 0.0929689 -1 0.149528 -0.774505 0.160799 0.333265 -0.948468 -1 -0.710385 -1 -0.666145 -0.987693 -0.733656 -0.564099 0.872636 -1 -1 0.282941 0.580485 -0.730025 -1 -0.781415 -0.990011 -1 -0.781724 -0.778693 -0.791747 -0.89191 -0.0356406 -1 -1 -1 -0.593238 -1 -1 -0.50368 0.417214 -1 -0.590969 -1 -0.746454 -1 -1 -0.577653 -0.298394 0.319909 0.772051 -0.541931 -1 -0.956127 -0.0759176 -0.776824 -0.431632 0.687964 -0.793595 -1 -1 -1 -0.747588 0.624746 -0.43181 -1 -1 -0.77081 -0.177573 0.799157 -0.347125 0.371352 -1 -1 0.38535 -1 -0.227797 0.640842 -1 -0.327573 1 -0.669692 -1 -0.221501 -1 -0.940671 -0.806714 -0.541377 
-1 -0.148581 -1 -0.621588 -0.333174 -1 0.283395 -1 -0.751802 -1 -0.760116 -1 -0.450562 -0.876984 -0.641177 -0.451292 -0.958556 -1 0.392865 0.140465 -1 0.0821919 -1 -1 -1 -1 -0.943116 -1 -0.820077 -1 -1 -1 -1 0.974147 -0.362645 -1 -0.884826 -0.581754 -0.658728 -0.57305 -1 -1 -0.742326 0.152436 -1 0.506546 0.883639 -1 -0.542155 -0.402602 -1 -0.691731 -0.858773 -0.707001 -1 0.243947 0.445587 -1 0.173566 0.52114 -0.80741 -0.787165 -0.75432 -1 -1 -1 -0.262429 0.431098 -0.628875 -1 0.0768109 -1 0.874775 -0.158206 -1 -1 -0.58501 -1 -1 0.00635344 -0.787446 -1 -0.584322 -0.860466 -1 -1 -0.647718 -0.389969 -1 -1 -1 -0.98729 -0.763955 -0.848331 -1 -0.95239 -0.624343 -1 -0.745217 -1 -1 -1 -1 -1 -1 -0.876901 -0.967863 0.907226 -0.903945 -1 -1 -1 -0.923088 0.355287 0.429653 0.276215 -1 -1 0.124733 -1 -1 0.397338 -0.541948 -0.743892 0.286752 -0.318516 -0.790331 -0.00541523 -1 -1 -0.874744 0.247588 -0.959317 -0.906205 -1 1 -0.909541 -1 
-0.440456 0.238525 -1 -0.369926 -0.820378 -1 -0.591582 -0.853932 -1 -1 -0.836381 0.283944 -1 -1 -0.807182 0.107755 -0.0892413 -0.0791035 0.1855 -0.259573 -1 0.430845 -1 -1 -1 -1 -1 -1 -1 -0.112913 -1 -0.93649 -1 0.72331 -0.259329 -0.215032 -1 -1 -0.946756 -1 -0.830379 -1 0.368811 -1 -1 -0.23576 0.428937 -0.726447 -0.584413 -0.73482 -0.364716 0.86973 -1 -0.94012 0.0929689 -1 -0.876555 -1 0.00589764 0.131564 -1 -0.593529 -0.442581 -1 -1 -1 -1 -0.564099 0.872636 -1 -0.8533 0.885765 0.818071 -0.969252 -1 -0.661667 -0.990011 -1 -0.88329 -1 -0.791747 -1 -0.289043 -0.912384 -0.819553 -1 -0.537662 -1 -1 -0.661385 0.443806 -1 -0.587412 -1 -0.746454 -1 -0.890458 -0.0760616 -0.268687 0.319909 0.772051 -0.635882 -1 -0.808582 -0.534101 -0.776824 -0.496761 -0.321077 -1 -1 -0.916109 -1 -0.489785 0.396028 -0.302328 -1 -1 -0.646718 0.0453428 0.799157 -0.347125 0.345127 -1 -1 0.38535 -1 -0.010088 0.618099 -1 -0.327573 0.540853 -0.669692 -1 -0.13552 -1 -0.322565 0.218494 -1 
-0.571572 0.238525 -1 -0.170809 -1 -1 -0.591582 -1 -1 -1 -1 0.183876 -1 -1 -0.807182 -0.720618 -0.662496 0.241211 0.149366 0.0408746 -0.671411 0.696133 -1 -0.814861 -1 -0.870875 -1 -1 -1 -0.824554 -1 -1 -1 0.296294 -0.748879 0.131991 -0.888156 -1 -0.89891 -1 -1 -1 0.0406101 -1 -1 -0.990723 1 -1 -0.40228 -0.917658 -1 0.365771 -0.876026 -0.528977 0.0929689 -1 0.149528 -0.152649 0.000495136 0.419958 -1 -0.827942 -1 -0.971002 -1 -1 -0.613149 -0.564099 0.872636 -0.89093 -1 0.718969 0.818071 -0.266754 -1 -0.329395 -0.522054 -1 -0.781724 -1 -1 -0.701983 -0.228292 -1 -0.99041 -0.945404 -1 -1 -1 -0.661385 -0.20124 -1 -1 -1 -0.746454 -1 -0.890458 -0.0760616 -1 0.319909 0.772051 -0.0894713 -1 -1 -0.0759176 -0.776824 -0.612839 1 -0.914815 -1 -0.757161 -1 -1 0.445569 -0.43181 -0.706532 -1 -0.866645 -0.163658 0.799157 -0.664739 0.371352 -0.87844 -1 -0.0512539 -1 -0.227797 0.565515 -1 -0.799644 1 -1 -1 -0.298336 -0.795892 -1 0.0643778 -0.555948 
-1 -0.934063 -1 -1 -0.968954 -0.666221 -0.50821 -1 -0.452304 -1 -0.926129 0.413105 -1 -1 -0.739564 -0.845006 -0.602329 -0.641708 -0.00245601 -0.649225 -0.676638 0.295959 -1 -1 -1 -1 -1 -0.921368 -1 -0.481787 -1 -1 -0.90598 -1 -0.746398 -0.988057 -1 -1 -1 -1 -0.915502 -1 -0.119535 -1 -1 -1 -0.476685 -0.726447 -0.852899 -0.73482 -1 0.725396 -0.896558 -1 -0.678052 -1 -0.372471 -1 -0.98884 0.0569465 -1 -0.193912 -0.84699 -0.971002 -0.720897 -0.866152 -1 -1 0.872636 -1 -1 0.294466 -0.625667 -0.964863 -0.970701 -0.955923 -1 -1 -1 -0.778693 -1 -1 -0.178885 -0.240303 -1 -0.827294 -0.637804 -1 -0.795008 -1 -0.165225 -1 -0.201813 -1 -1 -1 -1 -0.690805 -1 -0.557387 0.596819 -1 -1 -0.825309 -1 -1 -1 0.273098 -1 -1 -1 -0.688527 -1 0.458627 -1 -1 -1 -0.886928 -0.185929 0.836087 -1 0.766742 -1 -0.812379 -0.303291 -0.710575 -0.227797 0.271425 -1 -0.75226 0.337728 -1 -1 -0.425673 -1 -0.762452 -0.496159 -0.859236 
-0.154526 -1 -1 0.490924 -1 -0.317762 -1 -1 -0.234372 -0.399008 0.636097 0.0246108 -0.528927 -0.0794132 -0.272063 -0.315145 -0.0766239 -0.456579 -0.510277 -0.595118 0.304314 -0.125376 0.00460508 -1 -1 -1 -0.302429 -0.296895 -0.302413 -1 -1 -0.929579 0.541337 -1 -0.576323 -1 -1 -1 -0.598978 -0.938085 -1 0.492494 0.0969288 -1 -0.961521 -0.633682 -0.689262 -0.904694 -0.0573743 -0.462163 -1 -1 0.702892 -0.570527 0.544425 0.432203 -1 -1 0.145916 0.936657 -0.513621 -0.922536 -1 -1 -0.272688 -1 -1 -0.870685 -1 -0.887559 -0.986923 -0.565919 -1 -0.769815 -0.873255 -0.254427 -0.613966 -1 -1 0.954537 -0.304826 0.633208 -0.832902 -1 -0.173192 -0.849484 -1 0.440659 -1 -1 1 -1 -0.414914 -0.746077 -1 -1 -1 -1 -1 -0.489119 0.500868 -0.134909 -1 -1 0.158536 -0.198543 -0.79061 -1 -0.230503 -0.794986 -1 -1 -0.873869 -1 -0.742644 -1 -0.648664 0.928534 0.282762 0.369718 -1 -1 -1 -1 -1 -0.250119 -0.928202 0.924151 -0.181634 0.285486 -1 -1 0.0678829 0.0306497 0.578095 0.306302 -0.806912 -0.731404 
-0.312938 0.622916 -0.747338 -1 -1 -1 -0.872713 -0.777669 -1 -0.625408 -0.45701 0.151934 -1 -0.653523 -0.807182 -0.71583 -0.649814 -0.131388 0.0755001 -0.533582 -1 0.655552 -1 -1 -1 -1 -1 -0.757382 -1 -0.112913 -0.92656 -1 -1 0.398377 -1 0.289449 -1 -0.847258 -0.946756 -1 -1 -1 0.128412 -0.680633 -1 -0.170338 -0.353559 -0.726447 -0.979602 -0.73482 -1 0.466228 -1 -0.69654 -0.739473 -1 -0.588046 -0.582608 0.160799 -0.737139 -1 -0.593529 -1 -1 -1 -0.889515 -0.613149 -1 -0.677388 -1 -0.791024 0.417047 0.119313 -0.391179 -1 -1 -1 -0.756236 -1 -1 -1 -1 -1 -0.809895 -1 -0.92625 -1 -1 -1 -1 0.187928 -1 -0.445267 -1 -1 -1 -1 -0.558231 -0.638768 0.240019 0.432578 -1 -0.92119 -1 -0.464767 -0.776824 -0.10793 -0.329694 -1 -1 -1 -0.810801 -0.489785 0.396028 -0.43181 -1 -1 -0.866645 0.43897 0.236897 -0.0640651 0.371352 -1 -1 0.38535 -1 -0.227797 0.618099 -1 -0.901472 0.939551 -1 -1 -0.221501 -0.647248 -0.453539 0.425415 -0.667621 
-1 0.238525 -1 -0.0851882 -1 -1 -0.773835 -1 -0.805491 -1 -1 -0.488994 -1 -1 -0.687915 -0.482143 -0.388789 -0.00285965 0.0755001 0.0408746 -0.731829 0.565136 -0.810318 -1 -1 -1 -1 -0.811801 -1 -0.0698173 -1 -0.747458 -1 0.565284 -0.0357695 0.282018 -0.950169 -1 -1 -1 -0.822832 -1 0.368811 -1 -0.836762 -0.159252 0.277842 -0.726447 -0.584413 -1 -0.574834 0.685654 -1 -0.229815 -0.578935 -1 0.351021 -0.351797 0.160799 -0.0966903 -0.844741 -1 -0.610505 -1 -0.449799 -0.864484 -0.516237 -0.936491 1 -0.997448 -0.961352 -0.661831 1 -0.427816 -1 -0.756515 -1 -1 -0.781724 -1 -1 -1 -0.168646 -0.437903 -1 -0.945404 -0.564254 -1 -1 -0.883772 0.379325 -1 -0.590969 -1 -1 -1 -0.926389 -0.792696 -0.298394 0.372891 0.772051 0.0235113 -1 -1 0.0901181 -1 -0.998969 0.826042 -1 -1 -0.79437 -1 -0.619825 0.396028 -0.952557 -1 -0.826336 -1 -0.920481 0.799157 -0.640658 -0.105095 -1 -1 0.109788 -1 -0.0286238 0.618099 -1 -0.327573 1 -1 -1 -0.221501 -0.795892 -0.453539 0.125798 -1 
-0.440456 0.238525 -1 -0.0851882 -1 -1 -0.591582 -1 -0.747437 -1 -1 0.183876 -1 -1 -0.807182 -0.040726 -0.164119 -0.00285965 0.0755001 0.0408746 -0.731829 0.430845 -1 -1 -1 -1 -1 -1 -1 -0.112913 -1 -0.93649 -1 0.72331 -0.259329 0.10129 -1 -1 -0.946756 -1 -0.915502 -1 0.368811 -1 -1 -0.23576 0.772115 -0.726447 -0.584413 -0.73482 -0.364716 0.685654 -1 -0.528977 0.0929689 -1 0.149528 -0.152649 0.160799 0.257861 -1 -0.593529 -0.131977 -0.971002 -0.449799 -1 -0.613149 -0.564099 0.872636 -0.89093 -1 0.704477 0.818071 -0.391179 -1 -0.329395 -0.990011 -1 -0.781724 -0.778693 -0.791747 -1 -0.228292 -0.437903 -1 -0.945404 -0.521491 -1 -1 -0.661385 0.417214 -1 -0.590969 -1 -0.746454 -1 -0.890458 -0.0760616 -0.298394 0.319909 0.772051 -0.0894713 -1 -1 -0.0759176 -0.776824 -0.496761 0.687964 -1 -1 -0.757161 -1 -0.489785 0.396028 -0.43181 -1 -1 -0.866645 0.294084 0.799157 -0.347125 0.371352 -1 -1 0.38535 -1 -0.227797 0.618099 -1 -0.327573 1 -0.669692 -1 -0.221501 -0.795892 -0.453539 0.218494 -0.541377 
-0.249114 -0.180966 -0.69153 -0.203103 -1 -1 -1 -0.988453 -0.838319 -1 -1 -0.462215 -1 -1 -0.891679 -0.277432 -0.716388 -0.00285965 0.0755001 -0.472659 -1 -0.289949 -1 -0.884034 -1 -1 -0.681733 -1 -0.857589 -0.6613 -0.804799 -0.962439 -1 0.203183 -0.259329 0.10129 -1 -1 -0.946756 -0.805952 -1 -1 0.331197 -1 -1 -0.811105 1 -0.9078 -0.584413 -0.546537 -0.625028 -0.887886 -1 -0.699085 -0.679294 -1 -1 -0.749346 -0.0842385 0.257861 -1 -0.593529 -0.131977 -1 -0.42055 -0.871326 -0.851296 -0.683311 0.872636 -0.907904 -1 0.123603 -0.288597 -0.375855 -1 -0.140773 -1 -0.853045 -0.781724 -0.833532 -1 -1 -1 -0.437903 -1 -1 -0.830479 -1 -1 -0.661385 -0.789135 -1 -0.830767 -1 -1 -1 -1 -0.0760616 -0.457797 0.216588 0.0691235 -0.0365306 -1 -1 -0.804785 -0.776824 -0.700893 0.373031 -1 -0.787255 -0.667101 -1 -0.489785 0.61896 -0.639594 -0.877796 -1 -1 0.294084 0.214187 -0.347125 0.371352 -0.866453 -1 0.637886 -1 -0.229769 0.620838 -1 -0.709976 1 -0.669692 -0.817646 0.158892 -1 -0.12641 0.218494 -0.881516 
-0.919307 -0.121503 -1 -0.398913 -1 -1 -0.591582 -0.981412 -0.974175 -1 -1 0.183876 -1 -1 -0.807182 0.0996534 -0.764829 -0.00285965 0.00371195 -0.00141728 -0.796133 0.515659 -1 -1 -1 -1 -1 -0.876051 -1 -0.513015 -1 -1 -0.78969 0.72331 -0.594987 0.10129 -0.960478 -1 -1 -1 -0.831925 -1 -0.147547 -1 -1 -0.0909733 0.734339 -1 -0.584413 -1 -0.634569 -0.252356 -1 -0.528977 0.0929689 -1 -0.0844576 -0.519653 0.131766 -0.0460116 -1 -0.593529 -0.465922 -0.931143 -0.449799 -1 -0.800794 -0.946589 0.643747 -1 -1 0.665693 0.818071 -0.90443 -1 -0.177947 -0.990011 -1 -0.781724 -0.778693 -0.791747 -1 -0.228292 -0.322086 -1 -1 -0.682526 -1 -1 -0.830552 0.0582306 -1 -0.590969 -1 -1 -1 -0.809376 -0.0760616 -0.146061 -0.420454 0.944317 -0.265699 -1 -1 -0.0759176 -1 -0.496761 0.0232398 -1 -1 -0.757161 -1 -0.489785 0.64105 -0.43181 -1 -1 -1 0.294084 0.685311 -0.70297 0.593438 -1 -1 -0.064252 -1 -0.0694661 0.40335 -1 -0.283715 0.44162 -1 -1 -0.221501 -0.795892 -0.453539 0.0448023 -1 
-0.328755 0.238525 -1 -0.0851882 -1 -0.657445 -0.591582 -1 -0.631147 -1 -1 0.162558 -1 -1 -0.93808 -0.797222 -0.0262757 -0.200189 -0.417296 0.426952 -1 0.430845 -0.999325 -0.838272 -1 -1 -1 -1 -1 -0.112913 -1 -0.93649 -0.845839 0.297183 -0.190029 -0.988057 -1 -1 -1 -1 -1 -1 0.368811 -1 -1 -0.23576 0.5704 -0.726447 -1 -0.73482 -1 0.685654 -1 -0.528977 0.0929689 -0.505513 0.149528 -1 0.0326204 -0.0430231 -1 -0.862449 -0.0480092 -1 -0.720897 -1 -0.613149 -1 0.318013 -0.89093 -1 0.436818 0.418677 -0.83621 -1 -0.329395 -0.990011 -1 -1 -0.778693 -0.791747 -1 -0.228292 -0.240303 -1 -0.587463 -0.521491 -1 -1 -1 0.147279 -1 -0.432601 -1 -1 -1 -0.890458 -1 -0.298394 0.319909 0.572398 -0.0894713 -0.995114 -1 -0.0300473 -1 -0.496761 0.273098 -1 -0.676169 -0.757161 -1 -0.489785 0.396028 -1 -1 -1 -0.886928 0.188147 0.616514 -0.449961 0.651349 -0.98441 -0.812923 0.38535 -0.852168 -0.227797 0.618099 -1 0.436501 0.4065 -1 -1 -0.221501 -0.795892 -1 -0.496159 -0.52642 
-0.710085 0.238525 -1 0.0558645 -1 -0.657445 -0.50821 -1 -0.809203 -1 -1 0.0862832 -1 -1 -0.739564 -0.785646 -0.947186 -0.826985 -0.00245601 0.0824379 -1 0.423513 -1 -1 -1 -1 -1 -1 -0.993364 -0.688215 -0.774175 -1 -1 -0.534214 -1 -1 -1 -1 -1 -0.958003 -0.915502 -1 0.368811 -1 -0.842291 -1 -1 -0.726447 -0.852899 -0.73482 -1 0.725396 -1 -1 0.0929689 -1 -0.916305 -1 -0.601795 0.0569465 -1 -0.603437 -0.995539 -0.971002 -0.720897 -1 -1 -0.817159 0.872636 -1 -1 -0.162261 -1 -0.27906 -0.970701 0.040877 -1 -0.759171 -1 -1 -1 -1 -0.228292 -0.240303 -1 -0.85743 -0.580453 -1 -1 -1 -0.165225 -1 -0.201813 -1 -1 -1 -1 -1 -1 -0.557387 0.596819 -0.506602 -1 -0.896864 -1 -1 -1 -0.289112 -1 -0.814355 -0.766406 -1 -1 0.510584 -1 -1 -0.87117 -0.886928 0.191866 0.534329 -0.458609 0.435467 -0.979193 -0.852994 -1 -0.710575 -0.91648 0.280395 -1 -1 0.4065 -1 -1 -0.824474 -1 -0.762452 -0.496159 -1 
-0.440456 0.238525 -1 -0.369926 -1 -1 -0.957857 -1 -1 -1 -1 0.283944 -1 -1 -0.807182 0.0415486 -0.0892413 -0.0791035 0.0755001 0.217019 -1 0.430845 -1 -1 -1 -1 -1 -1 -1 -0.112913 -1 -0.93649 -1 0.72331 -0.259329 -0.215032 -1 -1 -0.946756 -1 -0.830379 -1 0.378041 -1 -1 -0.23576 0.428937 -0.726447 -1 -0.73482 -0.364716 0.86973 -1 -0.94012 0.0929689 -1 -0.876555 -0.776415 0.0716304 0.131564 -1 -0.593529 -0.131977 -1 -1 -1 -1 -0.564099 0.768072 -1 -0.813303 0.885765 0.818071 -0.969252 -1 -0.661667 -0.990011 -0.918786 -0.781724 -1 -0.837347 -1 -0.289043 -0.437903 -0.819553 -1 -0.521491 -1 -1 -0.661385 0.443806 -1 -0.587412 -1 -0.746454 -1 -0.890458 -0.0760616 -0.268687 0.319909 0.772051 -0.0894713 -1 -0.859543 -0.0759176 -0.776824 -0.496761 -0.321077 -1 -1 -0.757161 -1 -0.489785 0.396028 -0.43181 -1 -1 -0.588615 0.0453428 0.799157 -0.347125 0.371352 -1 -0.917712 0.38535 -1 -0.010088 0.32012 -1 -0.327573 0.540853 -0.669692 -1 -0.13552 -1 -0.322565 0.218494 -1 
-1 -0.535357 -1 -1 -0.105569 -1 0.39632 -1 -1 -0.62616 -1 -0.416143 -0.15111 -1 -1 -0.124698 -0.958556 -1 0.392865 0.388776 -1 -0.558311 -1 -1 -1 -1 -0.943116 -1 -0.825075 -1 0.287613 -1 -1 0.974147 -0.362645 -1 -0.195615 -0.543104 -0.658728 -0.852184 -1 -1 -1 0.369384 -0.738107 0.427659 0.720582 -1 -0.542155 0.818379 -1 -0.69354 -1 -0.332354 -1 0.141737 0.445587 -1 0.173566 0.135567 -1 -0.787165 -1 -1 -0.880631 -1 -1 1 0.380034 -0.384108 0.468064 -0.993078 1 -0.71381 -1 -1 -0.58501 -1 -1 0.00635344 -0.787446 -1 -0.435609 -1 -1 -0.298195 -1 -0.605594 -1 -1 0.65686 -1 -1 -0.848331 -1 -0.297949 -0.170879 -1 -0.745217 -1 -1 -0.274319 -1 -0.9273 -1 -0.876901 0.0978119 1 -0.903945 -1 -1 -1 -0.923088 0.355287 0.429653 -0.817344 -1 -1 -0.097202 -1 -0.997041 0.397338 -1 -0.743892 0.286752 -0.318516 -0.790331 -0.155341 -1 -1 -0.874744 0.247588 -1 -1 -1 1 -0.909541 -1 
-0.328755 0.238525 -1 -0.0851882 -1 -0.657445 -0.591582 -1 -0.631147 -1 -1 0.162558 -1 -1 -0.93808 -1 -0.0262757 -0.0568777 -0.163631 0.426952 -0.920805 0.430845 -0.999325 -1 -1 -1 -1 -1 -1 -0.00961804 -1 -0.93649 -1 0.170264 -0.236856 -0.988057 -0.805756 -1 -1 -1 -0.915502 -1 0.368811 -0.819746 -1 -1 0.5704 -0.726447 -1 -0.73482 -1 0.870359 -1 -0.528977 0.0929689 -0.633735 -0.220353 -1 0.0326204 -0.257073 -1 -1 -0.131977 -1 -0.720897 -1 -0.613149 -1 0.263847 -1 -1 0.704477 0.418677 -0.27906 -0.969267 -0.198512 -0.990011 -1 -1 -0.711931 -0.791747 -1 -0.0934584 -0.240303 -1 -0.587463 -0.521491 -1 -1 -1 0.147279 -1 -0.779489 -1 -1 -1 -0.890458 -1 -0.548083 0.434848 0.145804 0.0468585 -1 -1 -0.0300473 -1 -0.496761 -1 -1 -0.676169 -0.757161 -1 -0.605922 0.396028 -1 -1 -1 -0.886928 0.190754 0.470641 -0.449961 0.651349 -1 -1 0.563607 -0.852168 -0.227797 0.618099 -1 0.321661 0.4065 -1 -1 -0.221501 -0.795892 -1 -0.496159 -0.480395 
-0.724761 1 0.066608 -0.197295 -0.524386 0.247697 -0.457703 -0.0368466 -0.470672 -0.0464602 -0.656754 -0.492443 -0.177562 0.0435247 -0.764109 0.000157356 -0.552976 0.70174 -1 -1 -0.516899 -0.200674 -1 0.16843 0.0537077 0.0658307 -0.229116 0.7434 -0.262448 -0.560466 -1 0.195765 0.184012 0.038265 -0.172881 -0.170873 -0.766508 -1 -0.606867 -0.695462 -0.510651 0.513682 -0.630502 -0.940732 0.343476 0.628406 0.355024 0.380253 0.58526 -0.147107 -0.89714 0.375717 -0.496851 0.591833 -0.0104308 -0.602523 -0.0697584 0.112868 -0.924229 -0.0475983 0.560731 -0.478627 0.115657 0.965926 0.62326 -1 -1 0.100157 -1 -0.408855 0.679461 -0.934791 -0.648657 -1 -1 0.421647 0.186937 -0.72528 0.966709 -0.0380436 0.267159 -0.729295 -0.0158432 0.219513 -0.726203 0.208114 -0.252492 0.17762 -0.703007 0.689451 0.50723 -0.637674 -0.699344 -0.0957159 -0.476254 0.199072 -0.84269 -0.0184334 -0.426695 -0.243237 -0.395565 0.163666 0.735476 0.0837089 -0.910766 0.568645 -0.452828 0.0802233 -0.969087 0.446783 0.328799 -0.477806 -0.624097 -0.716546 -0.470493 0.63088 -0.519455 -0.815179 -0.653926 -1 -0.5757 -1 -0.202067 0.178017 -0.207799 1 -0.0921463 0.356125 0.46652 -0.834954 0.0478445 -0.749265 -0.492178 1 -0.833272 0.425321 -0.794553 0.734565 
-1 0.0405319 -1 -1 0.0111592 -1 0.39632 -1 -1 -1 -1 -0.416143 -0.81894 -1 -1 0.263179 -1 -1 0.185429 0.628298 -1 -0.491145 -1 -1 -1 -1 -0.943116 -1 -0.768385 0.26597 -0.310528 -1 -1 0.828248 -1 -1 -0.296474 -1 -1 -0.57305 -1 -1 -0.825686 0.162202 -0.861707 0.427659 0.720582 -1 -1 0.905097 -1 -1 -1 -0.707001 -1 -0.0382026 0.839858 -1 -0.550408 -0.757592 -1 -1 -1 -1 -1 -1 -1 1 0.380034 -1 0.468064 -0.993078 1 -1 -0.504779 -1 -0.58501 -1 -1 0.00635344 -1 -1 -0.584322 -1 -1 -0.521482 -1 -1 -1 -1 0.65686 -1 -0.763955 -1 -0.763332 -0.571834 -0.170879 -1 -1 -1 -1 0.277666 -0.746546 -1 -0.749459 -0.85934 0.130662 1 -0.652384 -0.913103 -1 -1 -0.923088 -0.638294 -0.0153343 0.662932 -1 -1 0.124733 -1 -0.997041 0.397338 -1 -0.743892 -0.595724 -0.318516 -1 0.0554557 -1 -1 -1 0.247588 -0.985155 -0.751352 -1 1 -0.993706 -1 
-0.474388 0.238525 -1 -0.0851882 -1 -1 -0.591582 -1 -0.869519 -1 -1 0.0731076 -1 -1 -0.807182 -0.286865 -0.164119 -0.00285965 0.0755001 0.0408746 -0.804795 0.430845 -1 -1 -1 -1 -1 -1 -1 -0.112913 -0.939447 -0.93649 -0.997271 0.72331 -0.259329 -0.31732 -1 -1 -0.946756 -1 -0.915502 -1 0.368811 -1 -0.785267 -0.23576 0.772115 -0.726447 -0.584413 -0.73482 -0.506927 0.685654 -0.902434 -0.563462 0.0929689 -1 -0.538384 -0.152649 0.160799 0.428644 -1 -0.593529 -0.131977 -0.835702 -0.943954 -1 -0.449751 -0.564099 0.872636 -1 -1 0.704477 0.818071 -0.677133 -1 -0.329395 -0.990011 -1 -1 -1 -0.806988 -1 -0.841282 -0.437903 -1 -0.945404 -0.521491 -1 -1 -0.661385 -0.106056 -1 -0.624661 -1 -0.93988 -1 -1 -0.340533 -0.796017 0.319909 0.772051 -0.306805 -1 -1 -0.235471 -1 -0.496761 0.246115 -1 -1 -0.757161 -1 -1 0.128218 -0.43181 -1 -1 -0.866645 -0.106934 0.799157 -0.38548 0.371352 -0.870484 -1 0.382358 -1 -0.46072 0.631567 -1 -0.842835 1 -0.669692 -1 -0.221501 -0.795892 -0.494311 -0.298995 -1 
-0.390305 0.323794 -1 -0.890496 -1 -1 -1 -1 -0.747437 -1 -1 -0.994145 -1 -0.884348 -0.986996 -1 -0.164119 -0.590386 0.0755001 -0.582749 -0.86597 -0.0443351 -0.965772 -1 -0.957795 -1 -0.968498 -1 -1 -0.787257 -1 -1 -1 0.184395 -0.159647 -0.626134 -0.849093 -1 -1 -1 -0.915502 -1 0.390156 -1 -0.974892 -0.500072 0.772115 -1 -1 -0.918202 -1 0.502073 -0.602675 -0.953385 -0.546846 -0.910241 0.149528 -0.805869 -0.513979 -0.238879 -0.913315 -0.275661 -0.131977 -0.718665 -1 -1 -1 -1 0.575432 -0.89093 -1 0.614049 0.818071 -0.617461 -1 -0.366164 -0.808887 -1 -0.781724 -1 -0.621833 -1 -0.228292 -0.507041 -1 -0.847147 -0.475428 -1 -1 -0.829694 0.483743 -1 -1 -1 -0.605888 -0.943806 -1 -0.261379 -1 0.342416 0.310116 -0.580261 -1 -1 -0.319974 -1 -1 0.687964 -1 -1 -0.820396 -0.808709 -0.70513 -0.0823593 -0.43181 -0.669676 -1 -0.893747 -0.45734 0.643706 -0.641269 0.427403 -1 -0.732619 0.38535 -1 -0.225597 0.618099 -1 -0.875647 1 -0.446396 -1 -0.466315 -0.755327 -0.245336 -0.160144 -1 
-1 -0.684215 -1 0.0259349 -1 -1 -0.295977 -1 -0.747437 -1 -1 0.219072 -0.986095 -1 -1 -0.040726 -0.659375 -0.00285965 0.0527186 -0.334009 -1 0.430845 -1 -1 -1 -0.820559 -0.748203 -1 -1 -0.634379 -1 -0.312943 -1 0.919201 -0.0945049 -0.164014 -1 -1 -1 -1 -0.679201 -1 0.368811 -1 -1 -1 -0.411344 -1 -0.839047 -1 -1 -0.404886 -1 -1 0.0929689 -1 -0.781773 -0.810896 -0.582936 0.729761 -1 -0.779688 -0.0629279 -1 -1 -1 -1 -0.564099 0.0693388 -1 -1 -0.00866717 0.937003 -1 -1 -0.0686432 -0.990011 -1 -1 -0.736151 -0.923313 -1 -0.893411 -0.437903 -1 -0.945404 -0.521491 -0.93737 -1 -0.716716 -0.868696 -1 -0.738029 -1 -1 -1 -1 -0.573482 -0.797446 0.307573 -0.387582 -1 -1 -1 -0.414281 -0.776824 -0.543563 0.215458 -0.821338 -0.942551 -1 -1 -0.491195 0.396028 -0.511633 -1 -1 -1 0.274896 0.484984 -0.347125 0.332431 -1 -0.727592 -0.263178 -0.971176 -0.227797 0.618099 -1 -1 1 -1 -1 -0.221501 -0.795892 -1 -0.477151 -0.936271 
-0.456573 0.238525 -1 -0.369926 -1 -1 -0.591582 -1 -1 -1 -0.891517 0.283944 -0.904797 -1 -0.807182 -0.277911 -0.0892413 -0.0791035 0.0755001 0.0408746 -0.731829 0.430845 -1 -1 -1 -1 -1 -1 -0.951625 -0.112913 -1 -0.93649 -1 0.72331 -0.259329 -0.476945 -1 -1 -0.946756 -1 -0.830379 -1 0.368811 -1 -1 -0.23576 0.372308 -1 -0.584413 -0.73482 -0.364716 0.86973 -1 -1 0.187418 -1 -0.865104 -0.87363 0.00589764 0.131564 -1 -0.593529 -0.550812 -1 -1 -1 -1 -0.564099 0.872636 -1 -0.813303 0.885765 0.818071 -0.969252 -1 -0.661667 -0.990011 -1 -0.781724 -1 -0.845886 -1 -0.289043 -0.437903 -0.76636 -1 -0.521491 -1 -1 -0.661385 0.443806 -1 -0.587412 -1 -0.746454 -1 -0.891708 -0.0760616 -0.268687 0.319909 0.772051 -0.0894713 -1 -1 -0.0759176 -0.776824 -0.496761 -0.321077 -1 -1 -0.757161 -1 -0.420852 0.396028 -0.43181 -1 -1 -0.646718 0.0453428 0.799157 -0.435961 0.371352 -1 -1 0.38535 -1 -0.010088 0.36701 -1 -0.327573 0.540853 -0.669692 -1 -0.00458278 -1 -0.322565 0.218494 -1 
-0.154526 -0.493542 -0.435794 0.490924 -1 -0.317762 -1 -1 -0.234372 -0.399008 0.636097 0.954884 -0.528927 0.229793 -0.880547 -0.0807137 -0.193412 0.0794479 -0.793031 -0.305058 0.304314 -0.125376 0.306516 -0.1026 -1 -1 -0.302429 0.116507 0.17418 -1 -1 -0.536008 0.541337 -1 -0.574888 -0.713954 0.357771 -1 0.18874 -0.938085 -1 0.492494 0.0969288 -1 -1 -0.902426 -0.767476 -1 1 0.962549 -0.926505 -1 0.702892 0.492311 0.544425 0.588171 -1 -1 0.145916 1 -0.0417535 -0.433627 -0.814476 -1 -0.272688 -1 -1 0.18518 -0.772267 -0.180334 -1 -0.604156 -1 -1 -0.873255 -0.254427 -0.691539 -1 -1 0.954537 -0.754669 0.741273 -1 -1 -0.237194 -1 -1 0.440659 -1 -1 0.96059 -1 -0.270799 -0.746077 -0.510579 0.0381689 -0.531057 -1 -0.129305 0.0278398 0.281778 -0.417376 -1 -0.672121 0.158536 -0.0655873 -0.140283 -0.224987 -0.0539418 -0.794986 -1 -0.718153 -1 -1 0.242378 -1 -0.648664 1 0.282762 0.351487 -1 -0.826016 -1 -1 -1 -1 -0.730446 0.924151 -0.243423 0.285486 -1 -0.984009 0.0678829 0.67564 0.578095 0.498142 -1 -0.731404 
-1 0.238525 -1 -0.0851882 -1 -1 -1 -1 -1 -1 -1 -0.488994 -0.614463 -0.84611 -0.807182 -0.040726 -0.927916 0.210652 0.0755001 0.0408746 -0.731829 0.565136 -1 -0.887345 -1 -1 -1 -0.811801 -1 -0.00115994 -1 -0.93649 -0.990469 0.268049 -1 0.282018 -0.950169 -1 -1 -1 -0.581934 -1 0.200775 -1 -0.836762 0.0171677 0.277842 -0.726447 -0.584413 -1 -0.574834 0.685654 -1 -0.25933 -0.52878 -1 0.0851757 -0.351797 0.160799 -0.0966903 -0.844741 -1 -1 -1 -0.449799 -0.864484 -0.516237 -0.936491 1 -1 -0.961352 -0.652301 1 -1 -1 -0.756515 -1 -1 -0.781724 -1 -0.927061 -1 -0.179062 -0.437903 -1 -1 -0.516713 -1 -1 -0.643713 0.379325 -1 -0.590969 -1 -1 -1 -1 -0.792696 -0.298394 -0.150273 0.772051 0.146332 -1 -1 0.237562 -1 -0.998969 0.826042 -0.949428 -1 -0.860723 -1 -0.675684 -0.0257153 -0.952557 -1 -1 -1 -0.71414 0.799157 -0.640658 0.131376 -1 -1 -0.494022 -0.748446 -0.0286238 0.618099 -1 -0.72967 1 -1 -1 -0.221501 -0.795892 -0.480288 0.125798 -1 
-0.328755 0.238525 -1 -0.0851882 -1 -0.891927 -0.591582 -1 -0.440854 -1 -1 0.162558 -1 -1 -1 -0.92203 -0.0262757 -0.200189 -0.0170827 -0.62177 -1 0.430845 -0.999325 -0.838272 -1 -0.86281 -1 -1 -1 -0.00991985 -1 -0.955705 -1 0.297183 -0.0909448 -0.988057 -1 -1 -1 -1 -0.915502 -1 0.368811 -1 -1 -0.23576 0.5704 -0.726447 -1 -0.73482 -1 0.685654 -1 -0.528977 0.0929689 -0.633735 -0.154783 -0.78444 0.0326204 0.257861 -1 -0.593529 -0.131977 -0.628008 -0.720897 -1 -0.613149 -1 0.872636 -0.89093 -1 0.704477 0.418677 -0.158672 -1 -0.329395 -1 -1 -1 -0.778693 -1 -1 -0.228292 -0.240303 -1 -0.587463 -0.521491 -1 -1 -1 0.147279 -1 -0.351856 -1 -1 -1 -1 -1 -0.298394 0.319909 0.572398 -0.0894713 -1 -1 -0.0300473 -1 -0.496761 0.273098 -1 -0.965954 -0.757161 -1 -0.414408 0.587797 -1 -1 -1 -0.886928 0.188147 0.616514 -0.449961 0.548317 -1 -1 0.38535 -0.852168 -0.227797 0.810122 -1 0.321661 -0.427748 -0.669692 -1 -0.221501 -1 -1 -0.496159 -0.755245 
-0.734093 0.238525 -1 -0.78572 -1 -1 -0.591582 -1 -1 -1 -1 0.183876 -1 -1 -0.807182 -0.040726 -0.164119 -0.00285965 0.0755001 0.0408746 -0.731829 0.430845 -1 -1 -1 -1 -1 -1 -1 -0.112913 -1 -0.93649 -1 0.72331 -0.259329 0.10129 -1 -1 -0.946756 -1 -0.915502 -1 0.368811 -1 -1 -0.23576 0.772115 -0.726447 -1 -0.73482 -0.364716 0.685654 -1 -0.676366 0.0929689 -1 0.149528 -0.152649 0.160799 0.257861 -1 -0.593529 -0.63893 -1 -0.449799 -1 -0.447081 -0.723929 0.872636 -0.89093 -1 0.704477 1 -0.391179 -1 -0.259763 -0.990011 -1 -1 -0.778693 -0.791747 -0.644731 -0.228292 -0.437903 -0.776808 -1 -0.521491 -1 -1 -0.661385 0.417214 -1 -0.590969 -1 -1 -1 -0.890458 -0.0760616 0.0600956 -0.201233 0.772051 0.29494 -1 -0.605403 -0.0759176 -0.776824 -0.693988 0.687964 -1 -1 -0.757161 -1 -0.139323 0.396028 -0.493207 -0.99164 -1 -1 0.295889 0.799157 -0.347125 0.371352 -1 -1 0.264214 -1 -1 0.677561 -1 -0.327573 1 -0.669692 -1 -0.941275 -0.795892 -1 0.218494 -0.954927 
-0.923519 -0.508982 -1 -0.0761134 -1 -0.721638 -1 -1 -0.858544 -1 -0.902466 -0.117818 -1 -1 -0.807182 -0.040726 -0.164119 0.0671112 0.223944 0.0408746 -0.731829 0.655634 -1 -0.818416 -1 -1 -0.906379 -1 -0.52624 -0.31453 -1 -1 -1 0.72331 0.109601 -0.118333 -1 -1 -0.943628 -1 -0.682405 -1 0.571226 -1 -1 -0.88424 0.299709 -0.726447 -0.611833 -0.891001 -1 0.0221938 -0.981182 -1 0.276766 -0.901664 -0.506935 -0.152649 0.160799 -0.677695 -1 -1 -0.131977 -1 -0.427714 -1 -0.613149 -0.575396 0.288251 -1 -1 0.266371 0.354855 -0.391179 -1 -1 -0.990011 -0.486331 -0.697512 -0.999575 -0.791747 -1 0.120124 -0.306078 -0.906632 -0.945404 -0.521491 -1 -0.696904 -1 0.417214 -0.67137 -0.590969 -1 -1 -1 -1 -1 -0.715646 -0.31855 -0.850571 0.106168 -1 -1 -0.0759176 -0.930591 -0.779919 0.928885 -1 -1 -0.865787 -1 -0.489785 0.396028 -0.37527 -1 -0.909888 -0.866645 -0.391554 0.137593 -1 0.933261 -1 -1 -0.227974 -1 -0.227797 0.360741 -1 -0.327573 1 -0.857831 -0.802163 -0.221501 -0.795892 -0.453539 0.23091 -0.541377 
-0.328755 0.238525 -1 -0.0851882 -1 -0.657445 -0.591582 -1 -0.631147 -1 -1 0.162558 -1 -1 -0.93808 -0.845116 -0.0262757 -0.200189 -0.163631 0.426952 -1 0.430845 -0.999325 -0.838272 -1 -1 -1 -1 -1 -0.112913 -1 -0.93649 -1 0.297183 -0.236856 -0.988057 -1 -1 -1 -1 -0.915502 -1 0.368811 -1 -1 -0.23576 0.5704 -0.726447 -1 -0.73482 -1 0.685654 -1 -0.528977 0.0929689 -0.633735 0.149528 -0.78444 0.0326204 0.257861 -1 -0.593529 -0.131977 -0.971002 -0.720897 -1 -0.613149 -1 0.872636 -0.89093 -1 0.704477 0.418677 -0.27906 -1 -0.329395 -0.990011 -1 -1 -0.778693 -0.791747 -1 -0.228292 -0.240303 -1 -0.587463 -0.521491 -1 -1 -1 0.147279 -1 -0.351856 -1 -1 -1 -0.890458 -1 -0.298394 0.319909 0.572398 -0.0894713 -1 -1 -0.0300473 -1 -0.496761 0.273098 -1 -0.676169 -0.757161 -1 -0.489785 0.396028 -1 -1 -1 -0.886928 0.188147 0.616514 -0.449961 0.651349 -1 -1 0.38535 -0.852168 -0.227797 0.618099 -1 0.321661 0.4065 -0.669692 -1 -0.221501 -0.795892 -1 -0.496159 -0.541377 
-0.69753 0.238525 -0.845119 -0.768183 -1 -1 -1 -1 -0.349966 -1 -1 -0.310564 -1 -1 -1 -1 -1 -1 -0.488758 -0.257672 -1 0.430845 -1 -0.904312 -0.890538 -1 -0.800765 -0.769155 -1 -0.112913 -1 -0.782688 -1 -0.358786 -0.42868 -0.179888 -1 -1 -0.946756 -1 -0.809616 -1 0.368811 -1 -0.938496 -0.775537 -0.23552 -0.64105 -1 -0.825958 -0.800405 -0.158722 -1 -1 -1 -1 -0.502755 0.00254278 0.0133317 -0.86086 -1 -1 -0.106078 -1 -1 -1 -1 -1 0.177465 -1 -1 0.0655991 0.156328 -1 -1 -0.746483 -1 -1 -1 -0.691285 -0.381879 -0.855096 -1 -0.725239 -1 -1 -1 -1 -1 -0.661385 0.287131 -1 -0.943845 -1 -0.885938 -1 -1 -1 -1 -0.0374907 0.695045 -1 -1 -1 -0.895939 -0.776824 -0.496761 0.687964 -0.718632 -1 -1 -0.928123 -0.489785 0.396028 -1 -1 -0.961599 -1 0.294084 0.799157 -0.269081 0.371352 -1 -1 0.481423 -0.955399 -0.32734 0.17286 -1 -0.61935 1 -0.898927 -1 -0.50829 -0.790837 -1 -0.198653 -1 
-0.154526 -1 -1 0.490924 -1 -0.317762 -1 -1 -0.234279 -0.399008 0.636097 0.0246108 -0.528927 -0.0794132 -0.272063 -0.315145 -0.0766239 -0.456579 -0.510277 -0.595118 -0.102658 -0.125376 0.00460508 -1 -1 -1 -0.302429 -0.296895 -0.302413 -1 -1 -0.929579 0.0933199 -1 -0.576323 -1 -1 -1 -0.598978 -0.938085 -1 0.492494 0.0969288 -1 -0.961521 -0.633682 -0.689262 -0.904694 -0.143453 -0.462163 -1 -1 0.702892 -0.570527 0.238742 -0.29337 -1 -1 0.145916 0.936657 -0.513621 -0.922536 -1 -1 -0.272688 -1 -1 -0.870685 -1 -0.5783 -0.986923 -1 -1 -1 -0.873255 -1 -0.613966 -1 -1 0.954537 -0.727672 0.633208 -0.832902 -1 -0.173192 -0.849484 -1 0.440659 -1 -1 1 -1 -0.369474 -0.746077 -1 -1 -1 -1 -1 -0.489119 0.192055 -1 -1 -1 -0.104055 -0.198543 -0.79061 -1 -0.230503 -1 -1 -1 -0.873869 -1 -1 -1 -0.586102 0.928534 -0.751758 0.369718 -1 -0.887651 -1 -1 -1 -0.250119 -0.928202 -0.0202184 -0.181634 0.285486 -1 -1 0.0678829 0.0306497 0.578095 0.306302 -0.806912 -1 
-0.154526 -0.493542 -0.855081 0.490924 -1 -0.317762 -1 -1 -0.213994 -0.399008 0.636097 0.954884 -0.528927 0.229793 -0.880547 -0.0807137 -0.193412 0.0794479 -0.793031 -0.314195 0.304314 -0.125376 0.306516 -0.1026 -1 -1 -0.302429 0.116507 0.576069 -1 -1 -0.536008 0.541337 -1 -0.574888 -0.713954 0.357771 -1 0.18874 -0.938085 -1 0.492494 0.0969288 -1 -1 -1 -0.767476 -1 1 0.962549 -0.926505 -1 0.702892 0.492311 0.544425 0.588171 -1 -1 0.145916 1 -0.514135 -0.433627 -1 -1 -0.272688 -1 -1 0.18518 -0.772267 -0.180334 -1 -0.332083 -1 -1 -0.873255 -0.254427 -0.613966 -1 -0.990675 1 -0.304826 0.741273 -0.832902 -1 -0.282018 -1 -1 0.440659 -1 -0.957083 0.96059 -1 -0.414914 -0.746077 -0.510579 -0.117706 -0.531057 -1 -0.129305 0.0278398 0.281778 -0.417376 -1 -0.672121 0.158536 -0.0655873 -0.140283 -0.578964 -0.0539418 -0.794986 -1 -0.718153 -1 -1 0.242378 -1 -0.648664 0.40404 0.282762 0.351487 -1 -0.826016 -1 -1 -1 -0.526848 -0.730446 0.924151 -0.243423 0.285486 -1 -0.984009 0.0678829 0.67564 0.578095 0.498142 -1 -0.731404 
-0.762372 0.17797 -1 -0.551684 -1 -1 -0.591582 -1 -0.747437 -1 -1 -0.41954 -1 -1 -0.807182 -0.298976 -0.164119 -0.627174 0.292231 0.0408746 -0.731829 0.430845 -1 -1 -1 -1 -1 -1 -1 -0.112913 -0.851892 -0.93649 -1 0.200433 -0.259329 0.10129 -1 -1 -0.600745 -1 -1 -1 0.368811 -1 -1 -0.509651 0.772115 -0.658573 -0.857824 -0.73482 -0.637527 0.144995 -1 -1 -0.0209116 -1 0.149528 -0.152649 -0.100348 0.14648 -1 -0.635223 0.00728293 -0.971002 -1 -1 -0.613149 -0.564099 0.320029 -0.89093 -1 0.704477 0.720152 -0.391179 -1 -1 -0.990011 -1 -1 -0.791034 -0.791747 -0.909126 -0.228292 -0.437903 -1 -0.945404 -0.521491 -0.727857 -1 -0.661385 0.0311253 -1 -0.590969 -1 -1 -1 -1 -0.0760616 -0.333049 0.319909 0.838273 -0.0894713 -1 -1 -0.0759176 -0.776824 -0.496761 0.175688 -0.717257 -1 -0.573727 -1 -0.335903 0.433941 -1 -1 -1 -0.866645 -0.129497 0.984885 -0.436237 0.371352 -1 -1 -0.48855 -1 -0.253725 0.618099 -1 -0.327573 1 -0.669692 -1 -0.221501 -0.795892 -0.453539 0.218494 -0.541377 
-1 0.34827 -0.69153 -0.0851882 -1 -1 -1 -0.984963 -1 -1 -1 -0.475636 -0.731381 -1 -1 -0.040726 -0.217415 -0.835902 0.0762506 -1 -1 -0.101746 -1 -1 -1 -1 -0.500872 -0.607447 -1 -0.112913 -1 -1 -0.83785 0.72331 -0.259329 -1 -1 -1 -1 -0.818179 -1 -1 -0.429912 -1 -1 -0.704865 1 -0.726447 -1 -0.811693 -0.689099 -1 -0.982608 -0.887862 -0.858321 -0.797368 -0.37014 -0.0704815 -0.0842385 -0.298618 -0.6257 -0.593529 0.0888065 -0.985934 -0.731609 -1 -0.933051 -0.636642 0.240472 -0.89093 -1 0.175733 -1 -0.391179 -1 -0.794123 -1 -1 -1 -1 -0.940115 -0.806469 -1 -1 -1 -0.983718 -1 -1 -0.935729 -1 -0.318602 -1 -1 -1 -1 -1 -1 -0.0760616 -1 -0.212348 -0.60327 -0.135448 -1 -1 -0.728932 -0.776824 -0.496761 0.892212 -1 -1 -0.757161 -0.639134 -1 0.539057 -0.0755958 -1 -1 -1 -0.700325 0.799157 -0.347125 0.371352 -0.754412 -0.742792 0.637886 -1 -0.281602 0.730687 -1 -1 1 -1 -1 -0.0233274 -0.933723 -1 -0.846614 -0.89779 
-1 -0.177201 -1 -0.621588 -0.127551 -1 0.39632 -1 -1 -0.536442 -1 -0.416143 -0.450562 -0.841645 -1 -0.00887644 -0.864886 -1 0.392865 0.792971 -0.794516 -0.501338 -1 -0.25291 -1 -1 -0.680949 -0.950776 -0.620823 -0.187252 -0.424168 -1 -0.889189 0.914594 -0.362645 -1 -0.278276 -0.809103 -0.65512 -1 -1 -1 -1 0.235188 -1 0.513128 0.720582 -1 -0.669001 -0.215317 -0.991732 -0.0019972 -0.41167 0.0340498 -1 -0.22347 0.445587 -1 0.173566 -0.306741 -1 -0.620643 -0.75432 -1 -0.380571 -1 -0.980317 0.590846 0.380034 -1 0.468064 -0.755959 1 -0.132115 -0.817998 -1 -0.58501 -1 -1 -0.376619 -0.787446 -1 -0.584322 -0.48395 -1 -0.772063 -1 -0.389969 -1 -1 0.65686 -1 -0.763955 -1 -1 -0.297949 -0.526703 -0.38149 -0.548953 -1 -1 0.277666 -1 -1 -0.284777 -0.876901 0.0978119 1 -0.903945 -0.736785 -1 -1 -0.923088 0.355287 0.00213546 -0.145432 -0.966591 -1 0.124733 -1 -0.997041 0.240603 -0.93558 -1 0.727393 -0.318516 -1 -0.155341 -1 -1 -0.333043 -0.0144813 -1 -1 -1 0.60007 -1 -0.925363 
-1 -0.177201 -1 -0.621588 -0.127551 -1 0.39632 -1 -1 -0.536442 -1 -0.416143 -0.450562 -0.841645 -1 -0.00887644 -0.864886 -1 0.392865 0.792971 -0.794516 -0.501338 -1 -0.25291 -1 -1 -0.680949 -0.950776 -0.620823 -0.187252 -0.424168 -1 -0.889189 0.914594 -0.362645 -1 -0.278276 -0.809103 -0.65512 -1 -1 -1 -1 0.235188 -1 0.513128 0.720582 -1 -0.669001 -0.215317 -0.991732 -0.0019972 -0.41167 0.0340498 -1 -0.22347 0.445587 -1 0.173566 -0.306741 -1 -0.620643 -0.75432 -1 -0.380571 -1 -0.980317 0.590846 0.380034 -1 0.468064 -0.755959 1 -0.132115 -0.817998 -1 -0.58501 -1 -1 -0.376619 -0.787446 -1 -0.584322 -0.48395 -1 -0.772063 -1 -0.389969 -1 -1 0.65686 -1 -0.763955 -1 -1 -0.297949 -0.526703 -0.38149 -0.548953 -1 -1 0.277666 -1 -1 -0.284777 -0.876901 0.0978119 1 -0.903945 -0.736785 -1 -1 -0.923088 0.355287 0.00213546 -0.145432 -0.966591 -1 0.124733 -1 -0.997041 0.240603 -0.93558 -1 0.727393 -0.318516 -1 -0.155341 -1 -1 -0.333043 -0.0144813 -1 -1 -1 0.60007 -1 -0.925363 
-1 -0.148581 -1 -0.240979 -0.105569 -1 0.43905 -0.755899 -0.718405 0.0443729 -1 -0.451397 -0.15111 -1 -0.745225 -1 -1 -1 -0.077427 0.628298 -1 -0.558311 -0.97135 -0.842772 -1 -1 -0.865643 -1 -0.125435 -1 0.259403 -1 -1 0.974147 -0.362645 -1 -0.195615 -0.543104 -0.658728 -0.828483 -1 -1 -1 0.33778 -1 0.391822 0.720582 -1 -0.542155 0.990094 -1 -0.69354 -1 -0.382316 -1 0.242217 0.445587 -1 0.173566 0.841837 -1 -0.730652 -0.908301 -1 -0.880631 -1 -1 0.094109 0.380034 -0.580559 0.60474 -0.824971 0.0238386 -0.93378 -1 -0.885904 -0.58501 -1 -0.929335 0.00635344 -0.539346 -1 -1 -1 -1 -0.298195 -1 -0.518903 -1 -1 0.392827 -1 -1 -0.848331 -1 -0.682925 -0.195058 -0.820888 -1 -1 -1 -0.274319 -1 -1 -1 -1 -0.598224 1 -0.903945 -0.687359 -1 -1 -1 0.355287 0.429653 -0.817344 -1 -0.645572 -0.634068 -1 -0.948359 0.277757 -1 -0.224185 0.264456 -1 -1 -0.155341 -1 -1 -1 0.32591 -1 -1 -1 1 -0.909541 -1 
-0.328755 0.238525 -1 -0.0851882 -1 -0.891927 -0.520463 -1 -0.631147 -1 -1 0.162558 -1 -1 -1 -0.845116 -0.0262757 -0.200189 -0.163631 0.162946 -1 0.430845 -0.999325 -0.838272 -1 -0.86281 -1 -1 -1 -0.112913 -1 -0.955705 -0.909566 0.297183 -0.236856 -0.988057 -1 -1 -1 -1 -0.915502 -1 0.368811 -1 -1 -0.23576 0.5704 -0.726447 -0.89211 -0.73482 -1 0.685654 -1 -0.528977 0.0929689 -0.633735 0.149528 -0.78444 -0.296856 0.257861 -1 -0.593529 -0.131977 -0.971002 -0.720897 -1 -0.443686 -1 0.872636 -0.89093 -0.993843 0.704477 0.418677 -0.158672 -1 -0.329395 -0.990011 -1 -1 -0.778693 -0.791747 -1 -0.228292 -0.240303 -1 -0.587463 -0.521491 -1 -1 -1 0.147279 -1 -0.351856 -1 -1 -1 -0.890458 -1 -0.298394 0.319909 0.572398 -0.0894713 -1 -1 -0.0300473 -1 -0.496761 0.273098 -1 -0.676169 -1 -1 -0.489785 0.587797 -1 -1 -1 -0.886928 0.188147 0.616514 -0.449961 0.651349 -1 -1 0.38535 -0.852168 -0.227797 0.618099 -1 0.321661 0.4065 -0.744029 -1 -0.221501 -1 -1 -0.496159 -0.541377 
-0.976922 -0.269383 -1 -1 -1 -1 -0.871531 -0.435252 -1 -0.917333 -0.552042 0.151934 -1 -0.653523 -0.865965 -0.71583 -0.762228 -0.00285965 0.0755001 -0.161095 -0.846526 0.46511 -1 -1 -1 -1 -1 -1 -1 -0.112913 -1 -1 -1 0.569521 -1 0.10129 -1 -0.809898 -1 -0.971391 -0.915502 -1 0.368811 -0.406006 -0.917595 -0.368405 0.772115 -0.726447 -0.979602 -0.73482 -1 0.466228 -1 -1 -0.739473 -1 0.149528 -0.23908 0.160799 0.257861 -1 -0.593529 -0.644288 -1 -0.329143 -1 -1 -0.564099 -0.323517 -0.899279 -0.791024 -0.781791 -0.400594 -0.214102 -1 -0.8394 -0.931591 -1 -1 -1 -0.935689 -1 -0.810974 -1 -1 -0.92625 -1 -1 -1 -1 0.187928 -1 -0.445267 -1 -1 -1 -1 -1 -0.638768 0.319909 0.432578 -1 -0.92119 -0.909973 -1 -0.776824 -0.298427 0.164725 -1 -1 -1 -0.810801 -0.489785 0.396028 -0.43181 -1 -0.840462 -0.866645 0.278249 0.533092 -0.644987 0.371352 -1 -1 -0.0480988 -1 0.0481023 0.618099 -1 -0.901472 1 -0.282986 -1 -0.221501 -1 -0.675464 0.425415 -0.903882 
-0.625723 0.322147 -1 -0.468132 -1 -0.961632 -0.711229 -1 -1 -0.802968 -0.910802 -0.523148 -1 -0.98138 -1 -0.763015 0.0525963 -0.200189 -0.0972298 -0.692953 -1 0.13427 -0.999325 -0.841298 -1 -0.865001 -1 -1 -1 -0.682965 -1 -1 -0.905433 0.297183 -0.304564 -1 -1 -0.76427 -1 -1 -0.749329 -1 0.368811 -1 -1 -1 0.5704 -0.726447 -1 -0.73482 -1 -0.0717524 -0.797642 -0.325314 -0.149217 -0.633735 -0.201922 -1 0.0326204 -0.114292 -1 -1 -0.131977 -0.835137 -0.739195 -0.597361 -0.613149 -0.924837 -0.0804201 -0.891543 -1 0.704477 0.418677 -0.27906 -1 -0.842218 -0.916264 -0.869069 -1 -0.841527 -1 -1 -0.228292 -0.240303 -1 -0.587463 -0.412538 -1 -1 -1 0.147279 -0.892022 -0.429957 -1 -1 -1 -0.834724 -1 -0.298394 0.319909 0.0470755 -0.487775 -1 -1 -0.0300473 -1 -1 -0.762275 -1 -1 -1 -1 -0.615534 0.396028 -1 -1 -1 -0.886928 -1 0.616514 -0.449961 0.213213 -1 -1 0.38535 -0.486793 -0.190555 0.162629 -1 0.0729952 0.0887621 -0.669692 -0.912805 -1 -0.795892 -0.924067 -1 -1 
-0.440456 0.238525 -1 -0.0851882 -1 -1 -0.591582 -1 -1 -1 -1 0.183876 -1 -1 -0.807182 -0.040726 -0.164119 -0.00285965 0.0755001 0.0408746 -0.731829 0.430845 -1 -1 -1 -1 -1 -1 -1 -0.112913 -1 -0.93649 -1 0.72331 -0.259329 0.10129 -1 -1 -0.922174 -1 -0.915502 -1 0.368811 -1 -1 -0.23576 0.772115 -0.726447 -0.854435 -0.73482 -0.364716 0.685654 -1 -0.528977 0.0929689 -1 0.149528 -0.152649 0.160799 0.257861 -1 -0.593529 -0.131977 -0.971002 -0.449799 -1 -1 -0.564099 0.478582 -0.89093 -1 0.704477 0.818071 -0.391179 -1 -0.491842 -1 -1 -0.781724 -0.778693 -0.791747 -1 -0.228292 -0.437903 -1 -0.945404 -0.521491 -1 -1 -0.661385 0.417214 -1 -0.590969 -0.922608 -0.746454 -1 -0.890458 -0.0760616 -0.298394 0.319909 0.772051 -0.0894713 -1 -1 -0.0759176 -0.776824 -0.496761 0.687964 -1 -1 -1 -1 -0.489785 0.396028 -0.43181 -1 -1 -0.866645 0.294084 0.799157 -0.263971 0.371352 -1 -1 0.38535 -1 -0.227797 0.618099 -1 -0.327573 1 -0.669692 -1 -0.343136 -0.795892 -0.453539 0.218494 -0.541377 
-0.440456 0.238525 -1 -0.0851882 -1 -1 -0.591582 -1 -0.747437 -1 -1 0.183876 -1 -1 -0.73949 -0.040726 -0.164119 -0.00285965 0.0755001 0.152106 -0.731829 0.335831 -1 -1 -1 -1 -1 -1 -1 -0.112913 -1 -0.93649 -1 0.72331 -0.259329 0.10129 -1 -1 -0.946756 -1 -0.915502 -1 0.368811 -1 -1 -0.652149 0.772115 -0.726447 -0.584413 -0.73482 -0.364716 0.685654 -1 -0.528977 0.0929689 -1 0.149528 -0.152649 0.160799 -0.150335 -1 -0.593529 -0.131977 -1 -0.449799 -1 -0.619766 -0.564099 0.872636 -0.89093 -1 0.704477 0.818071 -0.391179 -1 -0.279091 -0.990011 -1 -0.596618 -0.675799 -0.791747 -1 -0.228292 -0.437903 -1 -0.945404 -0.521491 -1 -1 -0.661385 0.417214 -1 -0.590969 -1 -0.746454 -1 -0.890458 -0.0760616 -0.298394 0.319909 0.772051 -0.0894713 -1 -1 -0.0759176 -0.776824 -0.496761 0.687964 -1 -1 -1 -1 -0.489785 0.396028 -0.43181 -1 -1 -0.866645 0.294084 0.799157 -0.347125 0.371352 -1 -1 0.38535 -1 -0.227797 0.618099 -1 -0.327573 1 -0.669692 -1 -0.221501 -0.795892 -0.453539 0.218494 -0.541377 
-0.440456 0.0820153 -1 -0.439398 -1 -1 -1 -1 -1 -1 -1 -1 -0.822069 -0.84611 -0.919527 0.0116613 -0.164119 -0.483614 0.279086 0.0408746 -0.992827 0.583609 -1 -1 -1 -0.712288 -1 -0.768793 -1 0.0661999 -1 -1 -0.959434 0.337469 -0.259329 0.10129 -0.662417 -1 -0.946756 -1 -1 -1 0.523102 -0.953891 -1 -0.23576 0.772115 -0.500652 -0.584413 -1 -0.187662 0.685654 -1 -0.382415 -0.364776 -1 0.12868 -0.152649 -0.365406 0.171927 -1 -1 -0.425896 -0.971002 -0.457976 -1 -0.468969 -0.625356 0.872636 -0.89093 -1 0.704477 0.851085 -0.391179 -1 -0.426042 -0.990011 -1 -0.929287 -0.778693 -0.791747 -1 -0.819643 -0.309618 -1 -1 -0.945311 -1 -1 -1 0.417214 -1 -0.590969 -0.995834 -0.760473 -1 -0.72419 -0.792696 -0.298394 0.319909 0.773824 -0.542184 -1 -1 -0.0759176 -1 -0.496761 0.826042 -1 -1 -0.757161 -1 -0.489785 0.486291 -0.752804 -1 -1 -1 0.294084 0.799157 -1 0.238562 -1 -1 -0.476545 -0.91479 -0.88216 0.618099 -1 -0.327573 1 -1 -1 -0.385355 -0.624198 -0.259692 0.218494 -1 
-1 -0.944672 -1 -1 -0.968954 -0.795808 -0.50821 -1 -0.452304 -1 -1 0.413105 -1 -1 -0.889981 -0.845006 -0.602329 -0.641708 -0.00245601 -0.649225 -0.676638 0.295959 -1 -0.901387 -1 -1 -1 -0.921368 -1 -0.481787 -1 -1 -1 -1 -0.746398 -0.988057 -1 -1 -1 -1 -0.915502 -1 -0.119535 -1 -0.811595 -1 -0.476685 -0.726447 -0.852899 -0.73482 -1 0.725396 -0.991625 -1 -0.678052 -1 -0.372471 -1 -0.98884 0.0569465 -1 -0.193912 -0.84699 -0.971002 -0.720897 -0.866152 -1 -1 0.872636 -1 -1 0.313232 -0.674719 -0.964863 -0.970701 -0.955923 -1 -0.759171 -1 -0.778693 -1 -1 -0.178885 -0.787481 -1 -1 -0.637804 -1 -0.795008 -1 -0.165225 -1 -0.201813 -1 -1 -1 -1 -0.690805 -1 -0.557387 0.596819 -1 -1 -0.825309 -1 -1 -1 0.273098 -1 -1 -0.766406 -0.688527 -1 0.510584 -1 -1 -1 -0.886928 -0.185929 0.836087 -0.458609 0.766742 -1 -0.812379 -0.371874 -0.710575 -0.227797 0.271425 -1 -0.75226 0.166776 -1 -1 -0.425673 -1 -0.762452 -0.496159 -0.859236 
-0.440456 0.54629 -1 -0.0851882 -1 -0.909348 -0.591582 -0.737551 -0.446023 -1 -1 -0.12449 -1 -1 -1 -0.288284 -1 -0.59771 0.0755001 0.308191 -0.731829 0.0464602 -0.886025 -1 -1 -1 -0.851639 -1 -1 -0.609773 -1 -0.709801 -0.876423 0.72331 -0.259329 0.10129 -1 -1 -0.898673 -1 -0.915502 -1 0.368811 -1 -0.925556 -0.710553 0.843101 -0.726447 -0.584413 -0.57959 -0.932586 -0.0917487 -1 -0.528977 0.0929689 -1 0.149528 -0.45484 -0.0413354 -0.188717 -0.898693 -1 -0.131977 -1 -0.449799 -1 -0.613149 -1 0.321188 -1 -1 0.704477 0.818071 -0.391179 -1 -0.329395 -0.990011 -1 -1 -0.778693 -1 -0.788334 -0.228292 -0.437903 -1 -1 -0.521491 -1 -0.967622 -0.661385 -0.668447 -1 -0.275037 -1 -0.746454 -1 -0.890458 -1 -0.344909 -0.295057 0.772051 -0.0894713 -1 -1 0.0901064 -1 -0.496761 0.687964 -1 -0.73202 -0.757161 -1 -0.489785 0.396028 -0.43181 -1 -1 -1 -0.782892 0.799157 -0.347125 -0.257249 -1 -0.816105 -0.0793929 -1 -0.227797 0.618099 -1 -0.327573 0.59679 -0.299979 -1 -0.221501 -1 -1 -0.109035 -0.541377 
-1 -0.122433 -1 -1 -1 -1 -0.591582 -0.828835 -1 -1 -1 -0.508092 -1 -1 -1 -0.040726 -0.998902 0.188527 -0.766515 -1 -1 -0.680358 -1 -1 -0.995298 -0.643379 -0.938825 -1 -0.791001 -1 -0.720075 -1 -1 -0.499 -0.959538 -0.138793 -1 -1 -1 -0.797367 -1 -1 0.313204 -1 -1 -0.732646 0.163024 -1 -1 -0.73482 -0.549077 -0.858062 -1 -1 -0.995028 -1 -1 -0.85423 0.692263 -0.25459 -1 -0.593529 -0.131977 -1 -1 -0.704636 -0.809496 -1 0.872636 -1 -1 0.56686 0.284089 -0.614882 -1 -1 -1 -1 -0.298115 -1 -1 -1 -0.228292 -1 -1 -0.945404 -1 -1 -1 -1 0.893101 -1 -0.722684 -1 -1 -1 -0.755586 -0.518236 -0.300654 -0.594765 0.66459 -0.238451 -1 -1 -1 -1 -0.480822 -0.13077 -1 -1 -0.667416 -0.74441 -0.8354 0.396028 -0.76994 -1 -1 -0.866645 0.434287 1 -0.401389 0.284309 -1 -1 0.38535 -0.716307 -1 0.618099 -1 -0.382964 -0.150419 -1 -1 -0.637185 -0.795892 -0.902222 0.314418 -1 
-1 -0.114909 -1 -0.621588 -0.127551 -0.8425 -0.122145 -1 -1 -1 -1 -0.645152 -0.450562 -1 -1 -0.124698 -0.958556 -1 0.521798 0.628298 -0.847685 -0.919414 -1 -0.87791 -1 -1 -1 -1 -1 0.0907229 -0.81831 -1 -1 0.974147 -0.771016 -1 -0.120405 -1 -0.658728 -0.57305 -0.900578 -0.944211 -1 -0.420141 -0.77537 0.427659 0.720582 -1 -0.669001 0.539072 -0.441755 -1 -0.640474 0.0340498 -1 -1 -0.255604 -1 0.173566 -0.167256 -1 -0.761231 -0.922797 -1 -0.471518 -1 -1 0.590846 0.0969587 -0.200696 -0.0609527 -0.993078 1 -0.132115 -0.817998 -1 -1 -1 -1 -0.551066 -0.787446 -1 -0.584322 -1 -1 -0.632854 -1 -0.307409 -1 -0.829688 0.869258 -1 -0.763955 -0.848331 -0.856924 -0.981128 -0.449855 -0.843191 -0.324212 -1 -1 -0.295182 -0.317972 -1 -0.284777 -1 0.0978119 0.34711 -0.998965 -1 -1 -1 -1 -0.633002 0.429653 -0.545561 -0.751428 -1 -0.988806 -1 -1 -0.0680408 -0.93558 -0.743892 0.727393 -0.228311 -1 0.162224 -1 -1 -0.333043 0.0372892 -1 -1 -0.879947 1 -1 -1 
-1 -0.122433 -1 -1 -1 -0.89011 -0.591582 -1 -0.747437 -1 -1 0.329456 -0.762915 -0.931494 -0.807182 -0.040726 -1 0.245577 -0.766515 -0.936432 -1 -0.186908 -1 -1 -0.995298 -0.643379 -0.938825 -1 -0.791001 -0.64874 -1 -1 -1 0.72331 -0.761251 -0.227499 -1 -1 -1 -0.797367 -1 -1 0.368811 -1 -1 -0.85514 0.0352707 -1 -1 -0.73482 -0.549077 -0.977254 -1 -1 -0.995028 -0.724784 -1 -0.152649 0.692263 -0.25459 -1 -0.593529 -0.131977 -1 -1 -0.859629 -0.401101 -0.726729 0.872636 -1 -1 0.0830782 0.451786 -1 -0.787196 -0.476746 -1 -1 -0.658998 -1 -1 -1 -0.228292 -1 -1 -0.945404 -1 -1 -1 -0.883231 0.668966 -1 -0.94884 -1 -1 -1 -1 -0.0760616 -0.300654 -0.508016 0.625207 0.2914 -1 -1 -0.973432 -1 -0.480822 -0.13077 -1 -1 -0.757161 -1 -0.301646 0.396028 -0.982943 -1 -1 -0.866645 0.434287 1 -0.347125 0.284309 -1 -1 0.00153229 -0.716307 -0.914008 0.618099 -0.89925 -0.56995 0.564641 -0.669692 -0.705218 -0.221501 -0.795892 -0.46898 0.187371 -1 
-0.328755 0.238525 -1 -0.0851882 -1 -0.657445 -1 -1 -1 -1 -0.827268 -1 -1 -1 -0.93808 -0.797222 -0.0262757 -1 -0.417296 0.527501 -1 0.430845 -1 -0.838272 -0.952741 -0.913626 -1 -0.782572 -1 0.0497585 -1 -1 -0.904611 0.297183 -0.190029 -0.988057 -1 -1 -1 -1 -1 -1 0.368811 -0.720133 -1 -0.23576 -0.157213 -0.726447 -1 -0.73482 -1 0.685654 -1 -0.528977 0.0929689 -0.505513 0.149528 -1 0.0326204 -0.0430231 -1 -0.862449 -0.0480092 -0.880877 -1 -1 -0.613149 -1 -0.355767 -1 -0.856588 0.436818 -0.580906 -0.83621 -1 -0.0318221 -0.8239 -1 -1 -0.778693 -0.791747 -1 -0.228292 -0.240303 -1 -0.587463 -0.521491 -0.915502 -1 -1 0.147279 -1 -0.125516 -1 -1 -0.850653 -0.890458 -1 -0.298394 0.34258 -0.49751 -0.0894713 -0.995114 -0.728114 -0.0300473 -1 -0.496761 0.273098 -1 -1 -0.757161 -1 -0.489785 0.396028 -1 -1 -0.81476 -0.756516 0.559443 0.616514 -0.449961 0.651349 -1 -1 0.38535 -0.852168 -0.227797 0.618099 -1 0.436501 -0.378698 -1 -1 -0.221501 -0.795892 -1 -0.496159 -1 
-0.450569 0.238525 -1 -0.0733648 -1 -1 -0.591582 -1 -0.747437 -1 -1 0.183876 -1 -0.837406 -1 -0.040726 -0.164119 -0.520883 0.240846 0.0408746 -0.731829 0.430845 -1 -1 -1 -1 -1 -0.957227 -1 -0.112913 -1 -1 -1 0.72331 -0.935428 -0.132701 -1 -1 -0.946756 -1 -0.915502 -1 0.368811 -1 -1 -0.228449 0.772115 -0.726447 -0.584413 -0.73482 -0.364716 0.685654 -0.999834 -0.720236 0.0929689 -1 0.149528 -0.152649 0.160799 0.257861 -1 -0.593529 -0.131977 -0.971002 -0.449799 -1 -0.613149 -0.53048 0.872636 -0.89093 -1 0.704477 0.818071 -0.391179 -1 -0.329395 -0.990011 -1 -0.781724 -0.778693 -0.791747 -1 -0.228292 -0.437903 -1 -0.945404 -0.521491 -0.950981 -0.80387 -0.661385 0.0214095 -1 -0.590969 -1 -0.746454 -1 -0.890458 -0.572855 -0.298394 0.319909 0.719446 -0.0894713 -1 -1 -0.20351 -0.776824 -0.496761 0.687964 -1 -1 -0.734882 -0.947332 -0.489785 0.396028 -0.403402 -0.787425 -1 -0.866645 0.294084 0.799157 -0.656525 0.371352 -1 -1 0.38535 -1 -0.227797 0.483843 -1 -0.403281 1 -0.669692 -1 -0.229374 -0.795892 -0.453539 0.348308 -1 
-1 -0.148581 -1 -0.621588 -0.105569 -1 0.39632 -1 -0.718405 -0.278666 -1 -0.416143 -0.15111 -1 -1 -1 -0.958556 -1 0.392865 0.628298 -0.68616 -0.558311 -1 -0.842772 -1 -1 -0.865643 -1 -0.820077 -1 0.287613 -1 -1 0.562857 -0.362645 -1 -0.195615 -0.543104 -0.658728 -0.828483 -1 -1 -1 0.369384 -0.632969 0.391822 0.720582 -1 -0.542155 0.818379 -1 -0.69354 -1 -0.332354 -1 0.141737 0.438456 -1 0.173566 0.54462 -1 -0.730652 -1 -1 -0.880631 -1 -1 0.445634 0.380034 -0.844286 0.468064 -0.993078 0.0238386 -0.93378 -1 -1 -0.58501 -1 -1 0.00635344 -0.539346 -1 -0.573148 -1 -1 -0.694192 -1 -0.849879 -1 -1 0.392827 -1 -1 -0.848331 -1 -0.297949 -0.170879 -1 -0.745217 -1 -1 -0.274319 -1 -1 -1 -0.876901 0.167347 1 -0.903945 -1 -1 -1 -1 0.355287 0.429653 -0.817344 -1 -1 0.124733 -1 -1 0.397338 -1 -0.470315 0.286752 -1 -0.790331 -0.155341 -1 -1 -0.68055 0.247588 -1 -1 -1 1 -0.909541 -1 
-1 -0.148581 -1 -0.621588 -0.127551 -1 0.39632 -1 -1 -0.62616 -1 -0.416143 -0.450562 -0.841645 -1 -0.124698 -0.958556 -1 0.392865 0.628298 -1 -0.558311 -1 -1 -1 -1 -0.943116 -1 -0.820077 -0.0407567 -0.0664536 -1 -1 0.974147 -0.44592 -1 -0.296474 -0.543104 -0.658728 -0.57305 -1 -1 -1 0.162202 -0.768919 0.128874 0.720582 -1 -0.542155 0.539072 -1 -0.69354 -1 -0.707001 -1 0.141737 0.445587 -1 0.173566 0.293743 -1 -0.787165 -0.75432 -1 -0.880631 -1 -1 1 0.380034 -0.580559 0.468064 -0.993078 1 -0.132115 -0.817998 -1 -0.58501 -1 -1 0.00635344 -0.787446 -1 -0.584322 -1 -1 -0.632854 -1 -0.389969 -1 -1 0.65686 -1 -0.763955 -0.848331 -1 -0.297949 -0.735419 -1 -0.745217 -1 -1 0.277666 -1 -1 -1 -0.876901 0.0978119 1 -0.903945 -0.736785 -1 -1 -0.923088 0.355287 0.429653 0.276215 -1 -1 0.124733 -1 -0.997041 0.397338 -0.93558 -0.743892 0.210513 -0.318516 -0.790331 -0.155341 -1 -1 -0.874744 0.247588 -1 -1 -1 1 -0.909541 -1 
-0.440456 0.238525 -1 -1 -1 -1 -0.601984 -1 -0.747437 -1 -1 0.14303 -1 -1 -0.807182 -0.040726 -0.164119 -0.162693 0.234323 0.0408746 -0.731829 0.0398796 -1 -1 -1 -1 -1 -1 -1 -0.112913 -1 -1 -1 0.72331 -0.278006 -0.0362307 -0.856859 -1 -1 -1 -0.729761 -0.951805 0.368811 -1 -1 -0.23576 0.772115 -1 -0.584413 -1 -0.364716 0.88102 -1 -0.528977 0.0929689 -1 -0.174646 -0.152649 0.0994112 0.257861 -1 -0.593529 -0.131977 -1 -0.449799 -1 -0.613149 -1 0.872636 -0.89093 -1 -0.147013 0.818071 -0.391179 -1 -0.329395 -1 -1 -0.781724 -0.778693 -0.791747 -1 -0.228292 -0.437903 -1 -1 -1 -1 -1 -0.661385 0.417214 -1 -0.590969 -1 -0.746454 -0.940362 -1 -0.348333 -0.298394 0.319909 0.461688 -0.0894713 -1 -1 -0.0759176 -0.987924 -0.496761 0.557743 -1 -1 -0.979998 -1 -0.489785 0.396028 -1 -1 -0.885597 -0.72859 0.294084 0.799157 -0.347125 0.371352 -1 -1 0.38535 -0.845851 -0.227797 0.696708 -1 -0.327573 1 -0.669692 -1 -0.290751 -0.795892 -1 0.218494 -0.541377 
-0.976922 0.622916 -1 -1 -1 -1 -0.871531 -0.777669 -1 -0.450183 -0.552042 0.151934 -1 -0.653523 -0.807182 -0.71583 -0.762228 -0.00285965 0.0755001 -0.533582 -1 0.484191 -1 -1 -1 -1 -1 -1 -1 -0.112913 -0.66921 -1 -1 0.569521 -1 -0.0200279 -1 -0.809898 -0.946756 -1 -0.947546 -1 0.368811 -0.680633 -0.917595 -0.368405 0.772115 -0.726447 -0.979602 -0.871708 -1 0.466228 -1 -1 -0.739473 -1 0.149528 -0.582608 0.160799 0.257861 -1 -0.593529 -0.444707 -1 -0.449799 -1 -0.613149 -0.564099 -0.323517 -0.919357 -0.791024 0.140948 -0.153667 -0.391179 -0.965385 -0.8394 -1 -1 -1 -1 -1 -1 -0.228292 -1 -0.767398 -0.92625 -1 -1 -1 -1 0.187928 -1 -0.445267 -1 -1 -1 -1 -0.856546 -0.638768 0.319909 0.432578 -1 -0.92119 -1 -0.293609 -0.776824 -0.10793 0.205496 -1 -0.805396 -1 -0.810801 -0.489785 0.396028 -0.43181 -1 -0.840462 -0.866645 0.43897 0.533092 -0.347125 0.371352 -1 -1 0.38535 -1 -0.358088 0.618099 -1 -0.901472 1 -0.669692 -1 -0.221501 -1 -0.453539 0.425415 -0.699411 
-0.440456 0.622916 -1 -1 -1 -1 -0.871531 -0.777669 -1 -0.625408 -0.45701 0.151934 -1 -0.653523 -0.807182 -0.71583 -1 -0.427991 0.0755001 -0.533582 -1 0.484191 -1 -1 -1 -1 -1 -0.757382 -1 -0.112913 -1 -1 -1 0.569521 -1 0.10129 -1 -0.847258 -0.946756 -1 -0.915502 -1 0.368811 -0.680633 -1 -0.170338 0.772115 -0.726447 -0.979602 -0.73482 -1 0.466228 -1 -0.639631 -0.739473 -1 0.149528 -0.582608 0.160799 0.257861 -1 -0.593529 -0.824128 -1 -0.449799 -0.957745 -0.613149 -0.564099 -0.677388 -1 -0.791024 0.140948 0.119313 -0.391179 -1 -0.833114 -1 -1 -1 -1 -1 -1 -0.228292 -1 -1 -0.92625 -1 -1 -1 -1 0.187928 -1 -0.445267 -1 -1 -1 -1 -0.558231 -0.638768 -0.200183 0.432578 -1 -0.92119 -1 -0.293609 -0.776824 -0.10793 -0.0299988 -1 -1 -1 -0.810801 -0.489785 0.396028 -0.43181 -1 -1 -0.866645 0.43897 0.236897 -0.344382 0.371352 -1 -1 0.38535 -1 -0.227797 0.618099 -1 -0.901472 1 -0.981556 -1 -0.221501 -0.647248 -0.453539 0.36748 -0.541377 
-0.440456 0.238525 -0.864906 -0.0851882 -1 -1 -0.465736 -1 -0.747437 -1 -1 0.183876 -1 -1 -0.807182 -0.080854 -0.164119 -0.00285965 0.103198 0.0408746 -0.731829 0.430845 -1 -1 -1 -1 -1 -1 -1 -0.112913 -1 -0.93649 -1 0.72331 -0.259329 0.10129 -1 -1 -0.946756 -1 -0.915502 -1 0.368811 -1 -1 -0.23576 0.772115 -0.726447 -0.584413 -0.73482 -0.364716 0.685654 -1 -0.528977 0.0929689 -1 0.149528 -0.152649 0.160799 0.257861 -1 -0.873823 -0.131977 -0.971002 -0.449799 -1 -0.613149 -0.564099 0.872636 -0.89093 -1 0.704477 0.818071 -0.391179 -1 -0.329395 -0.990011 -1 -0.781724 -0.778693 -0.791747 -1 -0.228292 -0.437903 -1 -0.945404 -0.454509 -1 -1 -0.661385 0.235419 -1 -0.590969 -1 -1 -1 -0.890458 -0.274993 -0.298394 0.319909 0.772051 -0.0894713 -1 -1 -0.0759176 -0.776824 -0.496761 0.178758 -1 -1 -0.757161 -1 -0.489785 0.396028 -0.43181 -1 -1 -0.866645 0.294084 0.799157 -0.347125 0.371352 -1 -1 0.38535 -1 -0.227797 0.618099 -1 -0.327573 1 -0.669692 -1 -0.221501 -0.795892 -0.453539 0.218494 -0.541377 
-0.776947 0.238525 -1 -0.369926 -1 -1 -0.957857 -1 -1 -1 -1 0.283944 -1 -1 -0.807182 -0.788883 -0.0892413 -0.0791035 0.0755001 -0.387984 -1 0.430845 -1 -1 -1 -0.888037 -1 -1 -1 -0.112913 -0.952691 -1 -1 0.72331 -0.259329 -0.710364 -1 -1 -1 -1 -0.830379 -0.639216 0.378041 -0.900668 -1 -0.23576 -0.0418532 -0.726447 -0.856931 -0.73482 -0.364716 0.86973 -0.858175 -0.94012 0.0929689 -1 -1 -1 -0.35579 0.131564 -1 -0.550737 -0.51493 -1 -1 -1 -1 -0.564099 0.768072 -1 -0.813303 1 0.818071 -1 -1 -0.661667 -0.990011 -0.918786 -1 -1 -0.837347 -1 -0.289043 -0.437903 -1 -1 -0.521491 -1 -1 -0.661385 0.443806 -1 -1 -1 -0.746454 -1 -0.890458 -0.0760616 -0.268687 0.319909 0.772051 -0.0894713 -1 -1 -0.0759176 -1 -0.496761 -0.781135 -1 -1 -0.789872 -1 -0.489785 0.396028 -0.43181 -1 -1 -0.588615 0.0453428 0.799157 -0.347125 0.371352 -1 -0.864548 0.38535 -1 -0.010088 -0.21282 -1 -0.327573 0.0358512 -0.669692 -1 0.0845871 -1 -0.539355 0.218494 -1 
-0.851035 0.238525 -1 -0.0851882 -1 -0.657445 -0.591582 -1 -0.631147 -1 -1 0.162558 -1 -1 -0.93808 -0.845116 -0.0262757 -0.200189 -0.163631 0.426952 -1 0.430845 -0.999325 -1 -1 -1 -1 -1 -1 -1 -1 -0.818966 -1 -0.0828014 -1 -0.988057 -1 -1 -0.847356 -1 -0.915502 -1 0.368811 -1 -1 -0.23576 0.630299 -0.726447 -0.997183 -0.73482 -1 0.856659 -1 -0.528977 0.18512 -0.633735 0.149528 -1 0.0326204 0.257861 -1 -0.593529 -0.131977 -0.971002 -0.720897 -1 -0.278507 -0.86191 0.872636 -0.824492 -1 0.704477 0.418677 -0.27906 -1 -0.418199 -0.990011 -1 -1 -0.395776 -0.791747 -1 -0.228292 -1 -1 -0.870872 -0.521491 -1 -1 -1 0.147279 -1 -0.351856 -1 -1 -1 -1 -1 -0.467144 0.319909 0.830347 -0.0894713 -1 -1 -0.771824 -1 -0.496761 -0.542145 -1 -0.676169 -0.757161 -1 -0.489785 0.396028 -1 -1 -1 -1 0.188147 0.616514 -0.449961 1 -1 -1 -0.133972 -0.82907 -0.227797 0.618099 -1 0.193527 0.00881788 -0.669692 -1 -0.221501 -0.606065 -1 -0.496159 -0.541377 
-0.154526 -0.493542 -0.435794 0.490924 -1 -0.317762 -1 -1 -0.234372 -0.399008 0.636097 0.954884 -0.528927 0.229793 -0.880547 -0.0807137 -0.193412 0.120432 -0.793031 -0.305058 0.268806 -0.125376 0.306516 -0.1026 -1 -1 -0.380499 0.116507 0.576069 -1 -1 -0.536008 0.541337 -1 -0.574888 -0.713954 0.357771 -1 0.18874 -0.938085 -1 0.492494 0.0969288 -1 -1 -1 -0.767476 -1 1 1 -0.926505 -1 0.702892 0.492311 0.544425 0.588171 -1 -1 0.145916 1 -0.0417535 -0.433627 -1 -1 -0.129881 -1 -1 0.18518 -0.65499 -0.610628 -1 -0.332083 -0.897827 -1 -0.873255 -0.254427 -0.613966 -1 -1 0.954537 -0.304826 0.805695 -0.832902 -1 -0.173192 -1 -0.931585 0.440659 -1 -0.957083 0.96059 -1 -0.414914 -0.746077 -0.946422 0.0381689 -0.531057 -1 -0.129305 0.0278398 -0.253892 -0.417376 -1 -0.672121 0.158536 -0.0655873 -0.140283 -0.224987 -0.0539418 -0.794986 -1 -0.718153 -1 -1 0.242378 -1 -0.648664 1 -0.162252 0.453289 -1 -0.826016 -1 -1 -1 -0.526848 -0.730446 0.924151 -0.243423 0.285486 -1 -0.949812 0.0678829 0.67564 0.578095 0.398286 -1 -0.731404 
-1 -0.148581 -1 -0.621588 -0.127551 -1 0.39632 -0.768512 -1 -0.536442 -1 -0.416143 -0.450562 -0.841645 -1 -0.124698 -0.958556 -1 0.392865 0.628298 -0.794516 -0.402434 -1 0.344211 -1 -1 -0.943116 -1 -0.820077 0.0907229 -0.0664536 -1 -1 0.471949 -0.376967 -0.816584 -0.278276 -0.543104 -0.658728 -0.57305 -1 -1 -1 0.162202 -1 0.427659 0.499494 -1 -0.669001 0.539072 -0.441755 -0.213741 -0.640474 0.112579 -1 -0.22347 0.445587 -1 0.173566 0.293743 -1 -0.761231 -0.75432 -1 -0.708856 -1 -0.509063 0.590846 0.380034 -0.580559 0.468064 -0.993078 1 -0.132115 -0.817998 -1 -0.58501 -0.86578 -1 -0.133014 -0.787446 -1 -0.584322 -0.48395 -1 -0.632854 -1 -0.389969 -1 -0.940125 0.65686 -1 -0.763955 -0.848331 -0.863347 -0.297949 -0.260866 -0.38149 -0.548953 -1 -0.724217 0.277666 -1 -1 -0.853719 -0.876901 0.0978119 1 -0.903945 -0.736785 -1 -1 -0.923088 0.501974 0.429653 -0.145432 -0.841271 -1 0.124733 -1 -0.997041 0.240603 -0.93558 -0.743892 0.875358 -0.318516 -1 -0.155341 -1 -1 -0.333043 0.105107 -1 -1 -1 0.834168 -1 -1 
-0.202672 -0.246977 -1 -0.808276 -1 -1 -1 -0.777669 -1 -0.832059 -1 -0.952622 -1 -1 -0.807182 -1 -0.284457 -0.49256 0.0755001 0.0286101 -1 0.657788 -1 -0.794428 -1 -1 -1 -1 -1 -0.112913 -1 -0.93649 -1 0.72331 -0.728776 -0.113606 -1 -1 -0.946756 -1 -1 -1 0.368811 -1 -1 -0.221092 0.781477 -0.726447 -1 -0.73482 -1 0.685654 -1 -0.780228 0.0929689 -1 -0.562973 -0.650569 0.294756 0.257861 -1 -0.541527 -0.511917 -0.832057 -0.449799 -0.666283 -0.780907 -1 -1 -1 -0.791024 -1 0.108457 -0.391179 -1 -0.717403 -1 -1 -0.63458 -0.838996 -1 -1 -0.228292 -0.437903 -0.432422 -1 -1 -1 -1 -1 -0.121615 -1 -0.445267 -1 -0.746454 -1 -0.654983 -0.558231 -0.638768 0.082652 0.867466 -0.408949 -0.975393 -1 -0.293609 -0.776824 -0.496761 0.687964 -1 -1 -1 -0.810801 -0.489785 0.0733797 -0.636768 -1 -0.840462 -0.866645 0.609086 0.551423 -0.940857 0.371352 -1 -1 0.38535 -1 -0.227797 0.747423 -1 -0.901472 1 -0.669692 -1 -0.221501 -1 -0.295655 0.425415 -0.541377 
-0.659204 0.238525 -1 -0.0851882 -1 -1 -0.591582 -1 -0.747437 -1 -1 -0.0486279 -1 -0.926943 -0.807182 -0.040726 -0.164119 -0.00285965 -0.529941 0.0408746 -0.731829 0.430845 -1 -1 -1 -1 -1 -1 -1 -0.0727269 -1 -1 -1 0.670164 -0.259329 -0.215032 -1 -1 -1 -1 -0.877235 -1 0.484535 -1 -1 -0.23576 0.26707 -0.726447 -0.584413 -0.73482 -0.283265 0.86973 -1 -0.528977 0.0929689 -1 -1 -0.776415 0.160799 0.257861 -1 -1 -0.692293 -0.971002 -1 -1 -1 -0.564099 0.872636 -1 -0.701433 0.704477 0.612279 -0.391179 -1 -1 -1 -1 -1 -1 -1 -1 -0.793978 -0.704599 -1 -1 -0.521491 -1 -1 -0.440572 0.636472 -1 -0.590969 -1 -0.746454 -1 -1 -0.604591 -0.268687 0.319909 0.772051 -0.294181 -1 -1 -0.0759176 -0.776824 -0.496761 -0.00266778 -1 -1 -0.991123 -0.885366 -0.507559 0.364966 -0.43181 -1 -1 -0.646718 0.114416 0.799157 -0.347125 0.371352 -1 -1 0.38535 -1 -0.227797 0.519119 -1 -0.327573 0.749378 -0.669692 -1 -0.684914 -0.795892 -0.453539 0.206629 -1 
-0.328755 0.238525 -1 -0.261707 -1 -0.657445 -0.591582 -1 -0.631147 -0.938354 -1 0.162558 -1 -1 -0.93808 -0.845116 -0.505805 -0.200189 -0.163631 0.514683 -1 0.407909 -0.999325 -0.838272 -1 -1 -0.981181 -1 -1 -0.112913 -1 -0.93649 -1 0.297183 -0.236856 -1 -1 -1 -1 -1 -0.915502 -1 0.368811 -1 -1 -0.23576 0.5704 -1 -1 -0.73482 -1 0.685654 -1 -0.528977 0.0929689 -0.633735 -0.0581714 -0.78444 0.0326204 0.257861 -1 -0.593529 -0.131977 -0.971002 -0.720897 -1 -0.613149 -1 0.533184 -1 -1 0.549098 0.418677 -0.43594 -1 -0.329395 -0.981719 -1 -1 -0.778693 -0.791747 -1 -0.228292 -0.240303 -1 -0.587463 -0.875476 -1 -1 -1 0.147279 -0.846305 -0.351856 -1 -1 -1 -0.890458 -1 -0.298394 -0.64297 0.517988 -0.0894713 -1 -1 -0.0300473 -1 -0.496761 0.273098 -1 -0.676169 -0.757161 -1 -0.759456 0.396028 -1 -1 -1 -0.886928 0.188147 0.321577 -0.449961 0.651349 -1 -1 0.38535 -0.852168 -0.227797 0.618099 -1 0.321661 -0.132418 -0.669692 -1 -0.221501 -0.962679 -1 -0.496159 -0.942879 
-0.0740792 0.314229 -1 -0.0912135 -1 -0.657445 -0.591582 -1 -0.69008 -1 -1 0.162558 -1 -1 -1 -1 -1 -0.463868 -0.163631 -0.467256 -1 -0.653161 -1 -0.838272 -1 -1 -1 -1 -0.888835 -0.57792 -1 -0.93649 -1 -0.341404 -0.236856 -1 -1 -1 -0.88088 -0.90652 -0.796419 -1 -0.0703285 -1 -1 -0.23576 0.87874 -1 -1 -1 -1 0.685654 -1 -0.528977 0.0929689 -1 -0.779642 -0.78444 -0.0277461 0.257861 -1 -0.593529 -0.131977 -1 -0.720897 -1 -0.456311 -0.742134 0.246828 -0.89093 -1 1 0.274313 -0.325687 -1 -0.449092 -1 -1 -1 -1 -1 -1 -0.308061 -1 -1 -0.587463 -0.946605 -0.89353 -0.796607 -1 -0.457911 -1 -0.351856 -1 -1 -1 -0.890458 -1 -1 0.319909 -0.822683 -1 -1 -1 -0.54236 -1 -0.392013 0.273098 -1 -0.676169 -0.975444 -1 -0.185426 0.872918 -1 -0.804428 -1 -0.886928 -0.279273 0.616514 -0.341157 0.651349 -1 -1 0.38535 -0.852168 -1 0.618099 -0.875145 0.22353 0.719498 -1 -1 -0.221501 -0.795892 -1 -0.496159 -0.541377 
-0.631517 -0.992205 -1 -0.396172 -1 -0.657445 -0.340719 -1 -1 -1 -0.978558 -0.130205 -1 -1 -1 -1 -0.685958 -1 -0.522346 0.426952 -1 0.430845 -0.744077 -0.758414 -1 -1 -1 -1 -1 -0.112913 -1 -1 -1 0.170264 -1 -0.988057 -0.513173 -1 -1 -1 -1 -1 0.368811 -0.930835 -0.706087 -1 0.148596 -0.726447 -1 -1 -1 -0.609932 -0.913803 -0.935912 -0.899147 -0.629557 0.149528 -1 -0.44444 -0.470475 -1 -0.803968 -1 -1 -1 -0.649544 -0.613149 -1 -1 -1 -1 0.162398 -0.30072 -1 -1 -0.198512 -1 -1 -1 -1 -1 -0.702671 -0.384934 -1 -1 -1 -0.521491 -1 -1 -1 0.147279 -1 -0.491355 -1 -1 -1 -0.694512 -1 -1 0.319909 0.145804 0.193303 -1 -1 -1 -1 -0.496761 -0.275301 -1 -1 -0.757161 -1 -0.766042 -0.0792488 -1 -1 -1 -0.886928 -1 0.470641 -0.449961 0.651349 -0.852561 -1 -0.389154 -0.941652 -1 0.618099 -1 0.229428 0.540461 -1 -0.65625 -0.115253 -0.835189 -1 -1 -1 
-1 -0.148581 -0.889127 -0.621588 -0.127551 -1 0.39632 -0.768512 -0.929458 -0.536442 -1 -0.416143 -0.450562 -0.841645 -1 -0.124698 -0.958556 -1 -0.395507 0.628298 -1 -0.431192 -1 0.131083 -1 -1 -1 -1 -0.820077 0.0907229 -0.0664536 -1 -1 0.732298 -0.341715 -1 -0.278276 -0.543104 -0.658728 -0.882164 -0.916509 -1 -0.979066 0.162202 -1 0.0306512 0.720582 -1 -0.669001 0.539072 -0.441755 -0.164785 -0.640474 0.0340498 -1 -0.22347 -0.044784 -1 0.173566 0.293743 -1 -0.761231 -0.879553 -1 -0.321152 -1 -0.602838 0.590846 0.380034 -0.580559 0.468064 -1 1 -0.132115 -0.817998 -1 -0.556727 -1 -1 -0.133014 -0.787446 -1 -0.584322 -0.48395 -1 -0.594778 -1 -0.795019 -1 -1 0.824733 -1 -0.763955 -0.848331 -1 -0.297949 -0.260866 -0.38149 -0.513527 -1 -1 -0.195907 -1 -1 -0.717582 -0.876901 0.0978119 0.538128 -0.844026 -0.736785 -1 -1 -0.923088 0.355287 0.429653 -0.396177 -0.389023 -1 -0.410264 -1 -1 0.0684807 -0.93558 -0.92423 0.723407 -0.856025 -1 -0.720292 -1 -1 -0.333043 0.105107 -0.977772 -1 -1 1 -1 -1 
-1 0.0369439 -1 -0.621588 -0.127551 -1 0.39632 -0.768512 -1 -0.536442 -1 -0.416143 -0.450562 -0.841645 -1 -0.124698 -0.958556 -1 0.392865 0.628298 -1 -0.558311 -1 0.131083 -1 -1 -0.943116 -1 -0.820077 0.0907229 -0.0664536 -1 -1 0.974147 -0.362645 -1 -0.278276 -0.543104 -0.658728 -0.57305 -1 -1 -1 0.162202 -1 0.427659 0.720582 -1 -0.669001 0.539072 -0.441755 -0.249634 -0.640474 0.0340498 -1 -0.22347 0.445587 -1 0.173566 0.293743 -1 -0.761231 -0.75432 -1 -0.429567 -1 -1 0.590846 0.380034 -0.580559 0.468064 -0.993078 1 -0.132115 -0.817998 -1 -0.58501 -1 -1 -0.133014 -0.787446 -1 -0.584322 -0.48395 -1 -0.632854 -1 -0.389969 -1 -1 0.65686 -1 -0.763955 -0.848331 -1 -0.297949 -0.260866 -0.38149 -0.548953 -1 -0.724217 0.277666 -1 -1 -0.284777 -0.876901 0.0978119 1 -0.903945 -0.736785 -1 -1 -0.923088 0.355287 0.429653 -0.145432 -0.389023 -1 0.124733 -1 -0.997041 0.240603 -1 -0.743892 0.727393 -0.318516 -1 -0.155341 -1 -1 -0.333043 0.105107 -1 -1 -1 1 -1 -1 
-1 -0.177201 -1 -0.621588 -0.127551 -1 0.39632 -1 -1 -0.536442 -1 -0.416143 -0.450562 -0.841645 -1 -0.00887644 -0.864886 -1 0.392865 0.792971 -0.794516 -0.501338 -1 -0.25291 -1 -1 -0.680949 -0.950776 -0.620823 -0.187252 -0.424168 -1 -0.889189 0.914594 -0.362645 -1 -0.278276 -0.809103 -0.65512 -1 -1 -1 -1 0.235188 -1 0.513128 0.720582 -1 -0.669001 -0.215317 -0.991732 -0.0019972 -0.41167 0.0340498 -1 -0.22347 0.445587 -1 0.173566 -0.306741 -1 -0.620643 -0.75432 -1 -0.380571 -1 -0.980317 0.590846 0.380034 -1 0.468064 -0.755959 1 -0.132115 -0.817998 -1 -0.58501 -1 -1 -0.376619 -0.787446 -1 -0.584322 -0.48395 -1 -0.772063 -1 -0.389969 -1 -1 0.65686 -1 -0.763955 -1 -1 -0.297949 -0.526703 -0.38149 -0.548953 -1 -1 0.277666 -1 -1 -0.284777 -0.876901 0.0978119 1 -0.903945 -0.736785 -1 -1 -0.923088 0.355287 0.00213546 -0.145432 -0.966591 -1 0.124733 -1 -0.997041 0.240603 -0.93558 -1 0.727393 -0.318516 -1 -0.155341 -1 -1 -0.333043 -0.0144813 -1 -1 -1 0.60007 -1 -0.925363 
-0.328755 -0.692288 -1 -0.898855 -1 -0.657445 -0.591582 -1 -0.631147 -1 -1 -0.130205 -1 -1 -1 -1 -0.0262757 -0.863826 -0.163631 0.426952 -1 0.430845 -1 -1 -1 -1 -1 -1 -1 -0.112913 -1 -1 -1 0.170264 -0.236856 -1 -0.805756 -1 -1 -1 -0.915502 -1 0.368811 -1 -1 -0.716827 0.5704 -0.726447 -1 -1 -1 0.870359 -0.963111 -0.528977 -0.899147 -0.794503 0.149528 -1 -0.500083 0.257861 -1 -0.959805 -1 -1 -0.720897 -0.950887 -0.613149 -1 -0.757027 -0.89093 -1 0.704477 0.418677 -0.27906 -1 -0.198512 -0.990011 -1 -1 -0.778693 -1 -1 -0.312203 -0.240303 -1 -0.587463 -0.689266 -1 -1 -1 0.147279 -1 -0.351856 -1 -1 -1 -0.890458 -1 -1 0.36994 0.145804 -0.0894713 -1 -1 -0.0300473 -1 -0.496761 -0.859124 -1 -0.498672 -0.757161 -1 -0.766042 0.396028 -1 -1 -1 -0.886928 0.188147 0.470641 -0.449961 0.651349 -1 -1 0.543163 -0.852168 -0.92974 0.618099 -1 0.321661 0.4065 -0.669692 -1 -0.221501 -0.795892 -1 -0.496159 -0.984467 
-0.440456 0.622916 -1 -0.808276 -1 -1 -1 -1 -1 -0.832059 -1 0.151934 -0.872115 -1 -0.807182 -0.71583 -0.191281 -0.49256 0.308272 0.307611 -1 0.657788 -1 -0.794428 -1 -1 -1 -1 -1 -0.112913 -0.66921 -0.93649 -1 0.72331 -0.728776 0.10129 -1 -1 -1 -1 -1 -1 0.368811 -0.949355 -1 -0.0795144 0.772115 -0.726447 -1 -0.73482 -1 0.685654 -0.866246 -0.871487 0.0929689 -1 -0.562973 -0.650569 0.160799 0.257861 -1 -0.593529 -1 -1 -0.562648 -1 -0.613149 -0.564099 -0.138018 -0.914741 -0.791024 0.140948 0.108457 -0.391179 -1 -0.8394 -0.990011 -1 -1 -0.838996 -0.890031 -1 -0.190115 -0.437903 -0.767398 -1 -1 -1 -1 -1 0.551383 -1 -0.302378 -1 -0.746454 -1 -1 -0.558231 -1 0.331303 0.987472 -0.735784 -1 -1 -0.293609 -0.776824 -1 0.687964 -1 -1 -1 -0.810801 -1 0.396028 -0.636768 -1 -0.840462 -1 0.609086 0.551423 -0.347125 0.371352 -1 -1 0.38535 -1 -0.227797 0.826569 -1 -1 1 -0.669692 -1 -0.641213 -1 -0.295655 0.425415 -0.541377 
-1 -1 -1 -1 -0.127551 -1 -0.708159 -1 -1 -0.536442 -1 -1 -1 -0.841645 -1 -0.124698 -0.958556 -0.878932 0.392865 0.628298 -0.794516 -0.318177 -1 0.20177 -1 -0.887405 -1 -1 -1 0.318678 -0.433365 -1 -1 0.712614 -0.955127 -1 -0.279434 -1 -0.322781 -0.631333 -0.727263 -1 -1 -0.228771 -1 0.427659 -0.580509 -0.804581 -1 0.539072 -0.441755 -0.249634 -0.874321 0.0340498 -1 -0.597891 0.551215 -1 0.447257 -0.412479 -1 -1 -1 -0.925452 -0.189676 -1 -0.123548 0.0206369 0.655722 -0.758704 0.0125379 -1 -0.0157352 -0.514682 -0.973077 -1 -1 -1 -0.801619 -0.133014 -0.804877 -0.842253 -0.818023 -1 -1 -0.887301 -1 -0.768312 -0.851206 -1 0.286986 -0.983957 -1 -1 -0.890671 -0.297949 -0.260866 -1 -0.548953 -1 -1 -0.51891 -1 -0.781168 -0.902801 -1 -0.266887 1 -0.9977 -1 -1 -0.857805 -0.923088 0.424626 0.677203 0.232873 -1 -0.939392 0.107822 -1 -0.613025 0.485541 -0.93558 -0.743892 0.153123 -0.387593 -1 -0.155341 -1 -0.916786 -0.383429 0.105107 -1 -1 -1 0.182348 -0.841009 -0.971352 
-0.888138 -0.262647 -1 -1 -1 -1 -1 -1 -1 -1 -1 0.113704 -1 -1 -1 -0.349378 -0.181514 -0.888787 0.0469903 -1 -0.901541 -0.822931 -1 -1 -0.997553 -1 -1 -1 -1 -0.0871494 -1 -0.632613 -1 -0.327739 -0.20421 0.10129 -1 -1 -1 -0.94806 -0.673434 -0.326103 0.268936 -0.995662 -1 -0.584508 0.772115 -0.726447 -1 -1 -1 0.292536 -0.908151 -0.839682 -0.568924 -1 -0.642203 -0.731909 -0.228307 -0.193676 -1 -0.593529 -0.705307 -1 -0.449799 -1 -0.613149 -0.564099 0.283713 -1 -1 0.688145 -0.207623 -0.391179 -0.976374 -1 -1 -1 -1 -1 -1 -1 -1 -0.580287 -0.81733 -0.945404 -1 -0.970495 -1 -0.732074 0.281501 -1 -0.618891 -0.502914 -1 -1 -1 -0.0380963 -1 -0.715436 1 -1 -0.641356 -1 -1 -0.598959 -0.85389 -0.0275948 -0.663029 -0.917491 -1 -0.77352 -1 0.396028 -1 -1 -1 -0.866645 0.294084 0.687639 -0.913138 0.371352 -1 -0.900121 0.38535 -1 -1 1 -1 -0.327573 0.454323 -0.669692 -1 -0.221501 -0.795892 -0.852671 0.218494 -1 
-0.440456 0.238525 -1 -0.0851882 -1 -1 -0.591582 -1 -0.747437 -1 -1 0.183876 -1 -1 -0.807182 -0.040726 -0.164119 -0.00285965 0.0755001 0.0408746 -0.731829 0.430845 -1 -1 -1 -1 -1 -1 -1 -0.112913 -1 -0.93649 -1 0.72331 -0.259329 0.10129 -1 -1 -0.946756 -1 -0.915502 -1 0.368811 -1 -1 -0.23576 0.772115 -0.726447 -0.584413 -0.73482 -0.364716 0.685654 -1 -0.528977 0.0929689 -1 0.149528 -0.152649 0.160799 0.257861 -1 -0.593529 -0.131977 -0.971002 -0.449799 -1 -0.613149 -0.564099 0.872636 -0.89093 -1 0.704477 0.818071 -0.391179 -1 -0.329395 -0.990011 -1 -0.781724 -0.778693 -0.791747 -1 -0.228292 -0.437903 -1 -0.945404 -0.521491 -1 -1 -0.661385 0.417214 -1 -0.590969 -1 -0.746454 -1 -0.890458 -0.0760616 -0.298394 0.319909 0.772051 -0.0894713 -1 -1 -0.0759176 -0.776824 -0.496761 0.687964 -1 -1 -0.757161 -1 -0.489785 0.396028 -0.43181 -1 -1 -0.866645 0.294084 0.799157 -0.347125 0.371352 -1 -1 0.38535 -1 -0.227797 0.618099 -1 -0.327573 1 -0.669692 -1 -0.221501 -0.795892 -0.453539 0.218494 -0.541377 
-0.247496 -0.493542 -0.435794 0.0404089 -1 -0.370489 -1 -1 -0.234372 -0.399008 0.636097 0.954884 -0.528927 0.229793 -0.880547 -0.687903 -0.609819 0.0794479 -0.793031 -0.305058 0.304314 -0.125376 -0.204497 -0.1026 -1 -1 -0.302429 0.116507 0.389897 -1 -1 -0.536008 -0.179269 -0.887213 -0.574888 -0.713954 0.357771 -1 0.18874 -0.938085 -1 0.492494 0.0969288 -1 -1 -1 -0.767476 -1 1 0.962549 -0.73514 -1 0.702892 0.492311 0.544425 0.532992 -1 -1 -0.445094 1 -0.0417535 -0.433627 -1 -1 -0.278223 -1 -1 0.18518 -0.772267 -0.519814 -0.840264 -0.26732 -1 -1 -0.873255 -0.254427 -1 -1 -1 0.954537 -0.304826 0.741273 -0.80651 -1 -0.173192 -1 -1 0.440659 -1 -0.957083 0.96059 -1 -0.414914 -0.746077 -0.490743 -0.115754 -0.394513 -1 -0.129305 0.0278398 0.281778 -0.805988 -1 -0.672121 -0.180196 -0.059892 -0.140283 -0.224987 -0.0539418 -0.661659 -1 -0.718153 -1 -1 0.242378 -1 -0.457737 1 0.282762 0.351487 -1 -0.826016 -1 -0.879952 -1 -0.526848 -0.730446 1 -0.243423 0.455032 -1 -0.984009 0.0650309 0.657457 0.578095 0.498142 -1 -1 
-0.328755 0.238525 -1 -1 -1 -0.657445 -0.591582 -1 -0.631147 -1 -1 -0.648808 -1 -1 -0.93808 -0.845116 -0.245342 -1 -0.163631 0.426952 -1 0.632498 -0.999325 -0.838272 -1 -1 -1 -1 -1 -0.112913 -1 -0.93649 -1 0.297183 -0.236856 -0.988057 -1 -1 -1 -1 -0.915502 -1 0.368811 -1 -1 -0.23576 0.5704 -1 -1 -0.415792 -1 0.0800502 -1 -0.528977 0.0929689 -0.373171 0.149528 -0.78444 0.0326204 0.257861 -1 -0.593529 -0.131977 -0.971002 -1 -1 -1 -1 0.872636 -0.89093 -1 0.704477 0.418677 -0.815553 -1 -0.277858 -0.990011 -1 -1 -0.778693 -0.791747 -1 -0.228292 -0.240303 -1 -0.628727 -0.521491 -1 -1 -1 0.147279 -1 -0.351856 -0.898016 -0.626997 -1 -0.890458 -1 -0.298394 0.319909 0.572398 -0.0894713 -1 -1 -0.0300473 -1 -1 0.273098 -1 -0.676169 -0.757161 -1 -0.489785 0.396028 -1 -1 -1 -0.886928 0.188147 0.616514 -0.449961 0.651349 -1 -1 0.38535 -0.852168 -0.227797 0.618099 -1 -0.712845 -0.621951 -0.669692 -1 -0.221501 -0.795892 -1 -0.496159 -0.541377 
-1 -1 -1 -0.865789 -0.127551 -1 -0.564217 -0.768512 -1 -0.87722 -1 -0.948963 -1 -1 -1 -0.222874 -1 -1 0.182879 0.600624 -1 -1 -1 -0.70958 -1 -0.898776 -1 -1 -0.820077 0.0907229 -0.0664536 -1 -1 0.189762 -1 -1 -0.278276 -0.564524 -0.644816 -0.57305 -1 -1 -1 0.180981 -1 -0.247457 0.720582 -1 -0.669001 0.539072 -1 -0.532675 -0.651248 -0.505978 -1 -0.41304 0.445587 -1 0.173566 -0.282704 -1 -1 -1 -1 -0.429567 -1 -0.509063 0.100167 -1 -1 -0.692007 -1 1 -0.506858 -1 -1 -1 -1 -1 -0.517447 -0.787446 -1 -0.96213 -0.783407 -1 -0.632854 -1 -0.389969 -1 -1 0.23472 -0.753932 -0.763955 -0.701959 -1 -0.297949 -0.260866 -0.38149 -0.818921 -1 -0.724217 0.277666 -1 -1 -0.284777 -0.895618 -0.344272 1 -0.903945 -0.736785 -1 -1 -1 0.0477839 -0.268073 0.126175 -0.809227 -0.835232 -0.852052 -0.842257 -1 0.240603 -0.93558 -0.731541 1 -0.980475 -1 -0.163944 -1 -1 -0.223811 -0.491622 -1 -1 -1 1 -0.884355 -1 
-0.259976 0.34827 -1 -0.0851882 -1 -0.936383 -1 -1 -1 -1 -1 0.183876 -0.852729 -1 -1 -0.709313 -0.465075 -0.535068 -0.303394 -1 -0.78059 0.439533 -1 -1 -0.81354 -1 -0.408763 -1 -1 -0.112913 -1 -1 -1 0.856508 -0.470765 -0.199149 -1 -1 -1 -1 -1 -1 0.381603 -1 -1 -0.0829121 0.306616 -1 -0.584413 -0.811693 -0.364716 -1 -1 -1 -0.531351 -0.685708 -0.532416 -0.0704815 -0.0842385 -0.261032 -0.696819 -0.593529 -0.131977 -1 -0.552365 -1 -0.613149 -0.391425 -0.212657 -0.89093 -1 0.523385 -1 -0.634721 -1 -0.329395 -0.996927 -1 -0.582146 -1 -1 -1 -1 -1 -1 -0.983718 -0.777116 -1 -1 -1 -0.987844 -1 -0.519961 -1 -1 -1 -1 -0.0760616 -0.613029 -0.212348 -0.206051 0.138975 -1 -1 -0.01069 -1 -0.496761 0.892212 -1 -1 -0.757161 -0.954128 -1 0.539057 -0.0755958 -0.940343 -1 -0.794617 -0.520035 0.742089 -0.416808 0.691948 -0.754412 -0.838269 0.268895 -0.952935 -0.235968 0.730687 -1 -1 0.285942 -0.583717 -1 0.196321 -1 -0.95768 -1 -0.859917 
-1 -0.148581 -1 -0.621588 -0.127551 -1 -0.315082 -1 -1 -1 -1 -1 0.0254646 -0.841645 -0.659257 -0.124698 -0.72861 -1 0.330497 0.3113 -1 -0.491145 -1 -1 -1 -1 -1 -1 -0.718927 -0.200444 -0.310528 -1 -1 0.828248 -1 -1 -0.714122 -1 -0.658728 -0.57305 -1 -1 -1 0.162202 -1 0.427659 0.720582 -1 -0.542155 0.539072 -1 -0.69354 -1 -0.705244 -1 0.141737 0.445587 -1 -0.573674 0.293743 -1 -0.787165 -1 -1 -0.880631 -1 -1 0.195161 0.380034 -0.813639 -0.0890549 -0.710878 1 -1 -0.571315 -1 -0.485762 -1 -1 -0.0183642 -0.787446 -1 -0.79168 -1 -0.626778 -1 -1 -1 -1 -1 0.65686 -1 -0.763955 -0.582029 -0.705618 -0.243838 -0.170879 -1 -1 -1 -1 0.277666 -1 -1 -1 -0.950298 0.0978119 0.639083 -0.504381 -1 -1 -1 -0.923088 0.355287 0.429653 -0.320718 -1 -1 0.124733 -1 -0.997041 0.397338 -1 -0.743892 0.286752 -0.318516 -1 -0.185494 -1 -1 -1 0.247588 -1 -1 -1 1 -0.909541 -1 
-0.440456 0.238525 -1 -0.0205778 -1 -1 -0.591582 -1 -1 -1 -1 0.104011 -1 -1 -0.807182 -0.0776754 -0.237473 -0.641559 0.0755001 -0.867323 -0.827438 0.430845 -1 -1 -1 -1 -0.93606 -1 -1 -1 -1 -0.898808 -1 -1 -0.259329 0.296762 -1 -1 -1 -1 -1 -1 0.671608 -1 -1 0.117363 0.21674 -1 -0.328603 -0.73482 -0.286887 -0.0475076 -1 -0.826275 0.0929689 -1 0.134303 -0.861504 -0.384886 0.646614 -0.832712 -0.65402 -0.131977 -1 -1 -0.887582 -0.613149 -0.564099 0.971443 -1 -1 0.704477 0.837874 -0.391179 -0.815374 -0.329395 -0.990011 -1 -0.781724 -0.778693 -0.791747 -0.70348 -1 -0.980947 -1 -0.945404 -0.521491 -1 -1 -1 0.179615 -1 -1 -1 -0.746454 -1 -0.775091 -0.347936 -0.7438 0.660806 0.772051 -0.0894713 -0.717908 -0.797884 -0.395801 -0.776824 -0.496761 0.687964 -1 -0.911226 -0.757161 -1 -1 0.396028 -0.43181 -0.997133 -0.865699 -0.594586 0.379754 0.799157 -0.366844 0.371352 -1 -1 0.0833313 -1 -0.290624 0.404959 -0.832127 -1 1 -0.669692 -1 -1 -0.795892 -0.102026 -0.337053 -1 
-0.440456 0.238525 -1 -0.0851882 -1 -1 -0.591582 -1 -0.747437 -1 -1 0.183876 -1 -1 -0.807182 -0.040726 -0.164119 -0.00285965 0.0755001 0.0408746 -0.731829 0.430845 -1 -1 -1 -1 -1 -1 -1 -0.112913 -1 -0.93649 -1 0.72331 -0.259329 0.10129 -1 -1 -0.946756 -1 -0.915502 -1 0.368811 -1 -1 -0.23576 0.772115 -0.726447 -0.584413 -0.73482 -0.364716 0.685654 -1 -0.528977 0.0929689 -1 0.149528 -0.152649 0.160799 0.257861 -1 -0.593529 -0.131977 -0.971002 -0.449799 -1 -0.613149 -0.564099 0.872636 -0.89093 -1 0.704477 0.818071 -0.391179 -1 -0.329395 -0.990011 -1 -0.781724 -0.778693 -0.791747 -1 -0.228292 -0.437903 -1 -0.945404 -0.521491 -1 -1 -0.661385 0.417214 -1 -0.590969 -1 -0.746454 -1 -0.890458 -0.0760616 -0.298394 0.319909 0.772051 -0.0894713 -1 -1 -0.0759176 -0.776824 -0.496761 0.687964 -1 -1 -0.757161 -1 -0.489785 0.396028 -0.43181 -1 -1 -0.866645 0.294084 0.799157 -0.347125 0.371352 -1 -1 0.38535 -1 -0.227797 0.618099 -1 -0.327573 1 -0.669692 -1 -0.221501 -0.795892 -0.453539 0.218494 -0.541377 
-0.328755 0.238525 -1 -0.0851882 -1 -0.657445 -0.591582 -1 -0.631147 -1 -1 0.162558 -1 -1 -0.93808 -0.845116 -0.0262757 -0.200189 -0.163631 0.426952 -1 0.430845 -0.999325 -0.838272 -1 -1 -1 -1 -1 -0.112913 -1 -0.93649 -1 0.297183 -0.236856 -0.988057 -1 -1 -1 -1 -0.915502 -1 0.368811 -1 -1 -0.23576 0.5704 -0.726447 -1 -0.73482 -1 0.685654 -1 -0.528977 0.0929689 -0.633735 0.149528 -0.78444 0.0326204 0.257861 -1 -0.593529 -0.131977 -0.971002 -0.720897 -1 -0.613149 -1 0.872636 -0.89093 -1 0.704477 0.418677 -0.27906 -1 -0.329395 -0.990011 -1 -1 -0.778693 -0.791747 -1 -0.228292 -0.240303 -1 -0.587463 -0.521491 -1 -1 -1 0.147279 -1 -0.351856 -1 -1 -1 -0.890458 -1 -0.298394 0.319909 0.572398 -0.0894713 -1 -1 -0.0300473 -1 -0.496761 0.273098 -1 -0.676169 -0.757161 -1 -0.489785 0.396028 -1 -1 -1 -0.886928 0.188147 0.616514 -0.449961 0.651349 -1 -1 0.38535 -0.852168 -0.227797 0.618099 -1 0.321661 0.4065 -0.669692 -1 -0.221501 -0.795892 -1 -0.496159 -0.541377 
-0.440456 0.238525 -0.811851 -0.542767 -1 -1 -0.991595 -1 -0.747437 -1 -1 0.183876 -0.80828 -1 -0.564671 -0.040726 0.154117 -0.00285965 0.131525 0.0408746 -0.731829 0.560467 -1 -1 -1 -1 -0.884881 -1 -1 -0.238209 -1 -0.93649 -1 0.72331 -0.259329 0.10129 -1 -1 -0.946756 -0.755946 -0.915502 -0.744505 0.368811 -1 -1 -0.23576 0.772115 -1 -0.584413 -0.73482 -0.364716 0.718391 -1 -0.827677 0.0929689 -1 0.149528 -0.152649 0.117414 0.257861 -1 -1 -1 -0.971002 -0.449799 -1 -0.613149 -0.564099 0.872636 -0.89093 -1 0.704477 0.818071 -0.391179 -1 -0.329395 -0.990011 -1 -0.781724 -0.778693 -0.791747 -1 -0.228292 -0.437903 -1 -0.945404 -1 -1 -1 -0.661385 0.417214 -1 -0.590969 -1 -0.746454 -1 -0.890458 -0.0760616 -0.298394 -0.0376867 -0.216413 -0.0894713 -1 -1 -0.699783 -0.776824 -0.496761 0.687964 -1 -0.810871 -0.757161 -1 -0.968714 0.396028 -0.753809 -1 -1 -1 0.294084 0.799157 -0.861376 0.494203 -1 -1 0.38535 -1 -0.227797 0.618099 -1 -0.327573 1 -1 -1 -0.934639 -1 -0.453539 0.218494 -0.541377 
-0.456573 0.238525 -1 -0.369926 -1 -1 -0.591582 -1 -1 -1 -0.891517 0.283944 -0.904797 -1 -0.807182 -0.277911 -0.0892413 -0.0791035 0.0755001 0.0408746 -0.731829 0.112349 -1 -1 -1 -1 -1 -1 -0.951625 -0.112913 -1 -0.93649 -1 0.72331 -0.259329 -0.476945 -1 -1 -0.946756 -1 -0.830379 -1 0.368811 -1 -1 -0.23576 0.428937 -1 -0.584413 -0.73482 -0.364716 0.86973 -1 -1 0.187418 -1 -0.865104 -0.87363 0.00589764 0.319736 -1 -1 -0.131977 -1 -1 -1 -1 -0.564099 0.872636 -1 -0.813303 0.885765 0.818071 -0.969252 -1 -0.661667 -0.990011 -1 -0.781724 -1 -0.791747 -1 -0.289043 -0.437903 -0.819553 -1 -0.521491 -1 -1 -0.661385 0.443806 -1 -0.587412 -0.968186 -0.746454 -1 -1 -0.0760616 -0.588741 0.319909 0.772051 -0.0894713 -1 -1 -0.0759176 -0.776824 -0.496761 -0.486179 -1 -1 -0.757161 -1 -0.489785 0.396028 -0.43181 -1 -1 -0.646718 0.0453428 0.799157 -0.435961 0.472063 -1 -1 0.38535 -1 -0.010088 0.36701 -1 -0.327573 0.238727 -0.669692 -1 -0.00458278 -1 -0.322565 0.218494 -1 
-1 -1 -1 -1 -0.127551 -1 -0.708159 -0.97464 -1 -0.639008 -0.748787 -0.712087 -1 -0.841645 -1 -0.124698 -1 -0.878932 0.392865 0.628298 -0.402781 -0.318177 -1 -0.884354 -1 -1 -1 -0.927629 -0.954369 0.318678 -0.433365 -1 -1 0.974147 -1 -1 -0.394383 -1 -1 -0.57305 -1 -1 -1 -0.803571 -1 0.427659 -0.820007 -0.79181 -1 0.437177 -0.441755 -1 -1 -0.469152 -1 -1 0.198096 -1 0.447257 -0.887244 -1 -1 -0.801666 -1 -0.189676 -1 -0.123548 0.394086 -0.214513 -0.556403 -0.341998 -1 -0.0157352 -0.695288 -1 -1 -1 -1 -0.801619 -0.788289 -1 -0.842253 -0.818023 -1 -1 -0.636033 -1 -0.768312 -1 -1 0.354196 -1 -1 -1 -0.890671 -0.297949 -0.629527 -0.998217 -0.548953 -0.914887 -1 -0.51891 -1 -0.781168 -0.902801 -0.876901 -0.266887 1 -0.602717 -1 -1 -0.857805 -1 0.424626 -0.110146 0.232873 -1 -0.939392 0.107822 -0.739292 -1 0.485541 -0.93558 -0.743892 0.153123 -0.387593 -1 -0.155341 -0.666586 -0.916786 -0.383429 0.105107 -1 -1 -1 0.182348 -1 -0.971352 
-0.440456 0.622916 -1 -1 -1 -1 -0.816903 -0.777669 -1 -0.625408 -0.45701 0.151934 -1 -0.653523 -0.807182 -0.71583 -0.762228 -0.131388 0.0755001 -0.533582 -1 0.655552 -1 -1 -1 -1 -1 -0.757382 -1 -0.112913 -0.92656 -1 -1 0.569521 -1 0.289449 -1 -0.847258 -0.946756 -1 -0.915502 -1 0.368811 -0.680633 -1 -0.170338 0.772115 -0.726447 -0.979602 -0.73482 -1 0.466228 -1 -0.639631 -0.739473 -1 -0.0475208 -0.582608 0.160799 0.257861 -1 -0.593529 -0.824128 -1 -0.449799 -0.889515 -0.613149 -0.564099 -0.677388 -1 -0.791024 0.140948 0.119313 -0.391179 -1 -1 -1 -1 -1 -1 -1 -1 -0.228292 -1 -1 -0.92625 -1 -1 -1 -1 0.187928 -1 -0.445267 -1 -1 -1 -1 -0.558231 -0.638768 0.319909 0.432578 -1 -0.92119 -1 -0.293609 -0.776824 -0.10793 -0.310451 -1 -1 -1 -0.810801 -0.489785 0.396028 -0.43181 -1 -1 -0.866645 0.43897 0.236897 -0.347125 0.371352 -1 -1 0.38535 -1 -0.227797 0.618099 -1 -0.901472 0.939551 -0.981556 -1 -0.221501 -0.647248 -0.453539 0.425415 -0.667621 
-0.584521 -0.266145 -0.988487 -0.246315 -1 -1 -0.591582 -1 -0.747437 -1 -1 0.183876 -1 -1 -0.807182 -0.040726 -0.369066 -0.00285965 0.0755001 -0.680037 -0.731829 0.430845 -1 -1 -1 -1 -1 -1 -1 -0.112913 -1 -0.93649 -1 0.398987 -0.259329 0.10129 -1 -1 -0.946756 -1 -0.915502 -1 0.368811 -1 -1 -0.23576 0.349948 -1 -0.51202 -0.955121 -0.509858 0.76964 -1 -1 -0.257098 -1 0.149528 -0.482211 0.160799 0.257861 -1 -0.593529 -0.131977 -0.971002 -0.726941 -1 -0.613149 -0.564099 0.872636 -0.89093 -1 0.704477 1 -0.619222 -1 -0.329395 -0.990011 -1 -0.781724 -0.883338 -0.745162 -1 -0.228292 -0.437903 -1 -0.945404 -0.521491 -1 -1 -0.661385 0.417214 -1 -0.724736 -1 -1 -1 -0.890458 -0.0760616 -0.340785 0.319909 0.808984 -0.0894713 -0.92159 -1 -0.0759176 -0.776824 -0.496761 0.687964 -1 -1 -0.757161 -1 -1 0.102537 -1 -1 -0.958353 -1 0.294084 0.799157 -0.347125 0.371352 -1 -1 0.38535 -1 -0.344811 0.618099 -1 -0.327573 1 -0.669692 -1 0.163061 -0.722376 -0.453539 0.218494 -0.918429 
-1 -0.148581 -1 -1 -0.127551 -1 0.39632 -0.768512 -1 -0.536442 -1 -0.416143 -0.450562 -0.841645 -1 -0.124698 -0.958556 -1 0.392865 0.628298 -0.863681 -0.558311 -1 0.131083 -1 -1 -0.943116 -1 -0.820077 0.0907229 -0.0664536 -1 -1 0.974147 -0.757998 -1 -0.278276 -0.836814 -0.69222 -0.456185 -1 -1 -1 0.162202 -1 0.427659 0.455143 -1 -0.669001 0.176916 -0.441755 -0.249634 -0.640474 0.0340498 -1 -0.22347 0.445587 -1 0.173566 0.293743 -1 -0.761231 -0.75432 -1 -0.429567 -1 -0.662062 0.590846 0.380034 -0.580559 0.0820391 -0.993078 0.864844 -0.457283 -0.817998 -1 -0.58501 -1 -1 -0.133014 -0.787446 -1 -0.584322 -0.48395 -1 -0.632854 -1 -0.389969 -1 -1 0.65686 -1 -0.763955 -0.848331 -1 -0.297949 -0.260866 -0.38149 -0.548953 -1 -0.724217 0.277666 -1 -1 -0.284777 -0.876901 0.0978119 1 -0.903945 -0.736785 -1 -1 -0.923088 0.355287 0.429653 -0.145432 -0.389023 -0.966749 0.124733 -1 -0.997041 0.240603 -1 -1 0.727393 -0.318516 -1 -0.155341 -1 -1 -0.333043 0.105107 -1 -1 -1 1 -0.894719 -1 
-0.440456 0.238525 -1 -0.0851882 -1 -1 -0.591582 -1 -0.747437 -1 -1 0.0521791 -1 -0.944231 -0.807182 -0.040726 -0.164119 -0.00285965 0.206466 0.0408746 -0.731829 0.430845 -1 -1 -1 -1 -1 -0.847161 -1 -0.0615641 -1 -1 -1 0.72331 -0.259329 0.10129 -1 -1 -0.946756 -1 -1 -1 0.368811 -1 -1 -0.23576 0.772115 -0.726447 -0.584413 -0.73482 -0.364716 0.685654 -1 -0.974012 0.0929689 -1 0.149528 -0.152649 -0.233171 -0.0891292 -1 -0.593529 -0.602047 -0.971002 -0.449799 -1 -0.613149 -0.564099 0.872636 -0.89093 -1 0.704477 0.818071 -0.391179 -1 -0.679527 -0.990011 -1 -0.781724 -0.778693 -0.883334 -1 -0.228292 -0.560116 -1 -0.822203 -0.521491 -1 -1 -0.661385 0.417214 -0.95375 -0.590969 -1 -0.746454 -1 -0.967159 -0.0760616 -0.298394 0.319909 0.772051 -0.542585 -1 -1 -0.0759176 -0.776824 -0.496761 0.687964 -1 -1 -0.757161 -1 -0.489785 0.396028 -0.43181 -1 -1 -0.866645 0.294084 0.799157 -0.347125 0.371352 -1 -1 -0.108479 -1 -0.227797 0.618099 -1 -0.327573 1 -0.669692 -1 -0.221501 -0.795892 -0.453539 0.218494 -0.541377 
-0.440456 0.238525 -1 -0.0851882 -1 -1 -0.591582 -1 -0.747437 -1 -1 0.183876 -1 -1 -0.807182 -0.040726 -0.164119 -0.00285965 0.0755001 0.0408746 -0.731829 0.430845 -1 -1 -1 -1 -1 -1 -1 -0.112913 -1 -0.93649 -1 0.72331 -0.259329 0.10129 -1 -1 -0.946756 -1 -0.915502 -1 0.368811 -1 -1 -0.23576 0.772115 -0.726447 -0.584413 -0.73482 -0.364716 0.685654 -1 -0.528977 0.0929689 -1 0.149528 -0.152649 0.160799 0.257861 -1 -0.593529 -0.131977 -0.971002 -0.449799 -1 -0.613149 -0.564099 0.872636 -0.89093 -1 0.704477 0.818071 -0.391179 -1 -0.329395 -0.990011 -1 -0.781724 -0.778693 -0.791747 -1 -0.228292 -0.437903 -1 -0.945404 -0.521491 -1 -1 -0.661385 0.417214 -1 -0.590969 -1 -0.746454 -1 -0.890458 -0.0760616 -0.298394 0.319909 0.772051 -0.0894713 -1 -1 -0.0759176 -0.776824 -0.496761 0.687964 -1 -1 -0.757161 -1 -0.489785 0.396028 -0.43181 -1 -1 -0.866645 0.294084 0.799157 -0.347125 0.371352 -1 -1 0.38535 -1 -0.227797 0.618099 -1 -0.327573 1 -0.669692 -1 -0.221501 -0.795892 -0.453539 0.218494 -0.541377 
-1 -0.444992 -1 -0.0851882 -1 -1 -0.591582 -1 -1 -1 -1 0.0160575 -1 -0.702454 -0.941455 0.200766 -0.164119 -0.00285965 0.0755001 0.0408746 -0.731829 0.430845 -1 -1 -1 -1 -1 -1 -1 -1 -0.685093 -0.593846 -1 0.303535 -0.440747 0.10129 -1 -1 -0.946756 -1 -0.97022 -1 0.0607565 -0.817983 -1 -0.23576 0.411834 -0.990029 -1 -0.265777 -0.593099 0.833483 -1 -0.25722 0.0929689 -1 0.149528 -0.447596 0.160799 -0.20404 -1 -0.593529 -0.131977 -1 -0.449799 -0.534342 -0.613149 -0.564099 0.935424 -1 -0.718352 0.653908 -0.059348 -0.391179 -1 0.0145629 -0.990011 -1 -0.402965 -1 -1 -1 -0.228292 -0.437903 -0.79019 -0.945404 -1 -1 -0.618804 -0.661385 0.540307 -1 -0.590969 -1 -0.746454 -1 -0.890458 -0.0760616 -0.642386 0.319909 0.258754 -0.248118 -1 -1 -0.0759176 -0.776824 -0.243062 0.687964 -1 -1 -1 -1 -0.489785 0.517155 -0.43181 -1 -1 -1 -0.87864 0.975455 -0.347125 0.00770766 -1 -1 0.204445 -0.821105 -0.227797 0.484951 -1 -0.327573 1 -0.669692 -1 -0.133989 -1 -0.453539 0.218494 -1 
-1 0.238525 -1 -0.0851882 -1 -0.891927 -0.591582 -1 -0.440854 -1 -1 -0.602508 -1 -1 -1 -0.92203 -0.0262757 -0.200189 -0.248988 -0.62177 -1 0.802536 -0.999325 -0.838272 -1 -1 -1 -1 -1 -0.362095 -1 -0.955705 -1 0.297183 -0.0909448 -0.988057 -1 -1 -1 -1 -0.915502 -1 0.368811 -1 -1 -0.616728 0.5704 -0.726447 -1 -0.73482 -1 0.685654 -1 -0.528977 -0.142994 -0.721226 -0.154783 -0.78444 0.0326204 0.257861 -1 -0.593529 -0.473959 -1 -0.720897 -1 -0.918552 -1 0.0551727 -0.89093 -1 0.704477 0.106204 -0.158672 -1 -0.906376 -1 -1 -1 -1 -1 -1 -0.228292 -0.240303 -1 -0.587463 -0.521491 -1 -1 -1 0.147279 -1 -0.351856 -1 -1 -1 -1 -1 -0.298394 0.319909 0.572398 -0.0894713 -1 -1 -0.0300473 -1 -0.496761 0.273098 -1 -1 -0.757161 -1 -0.414408 0.587797 -1 -1 -1 -0.766766 0.188147 0.616514 -0.449961 0.548317 -1 -1 -0.321366 -0.852168 -0.696189 0.810122 -1 0.321661 -0.427748 -0.669692 -1 -0.221501 -1 -0.810372 -0.414234 -0.755245 
-0.440456 0.34827 -1 -0.0851882 -1 -1 -1 -1 -1 -1 -1 0.183876 -1 -1 -1 -0.709313 -0.465075 -0.584483 0.0755001 -1 -0.78059 -0.17178 -1 -1 -1 -1 -0.928187 -1 -0.837098 -0.924502 -1 -1 -1 0.72331 -0.259329 -0.199149 -1 -1 -0.946756 -1 -1 -0.834008 0.381603 -1 -1 -0.441827 0.872378 -1 -0.584413 -0.811693 -0.364716 -1 -1 -1 -0.531351 -0.685708 -0.532416 -0.416405 -0.0842385 -0.298618 -0.696819 -0.593529 -0.131977 -1 -0.657582 -1 -1 -0.391425 0.872636 -0.89093 -1 0.40603 -0.742145 -0.634721 -1 -0.329395 -1 -1 -0.781724 -1 -1 -1 -1 -1 -0.999606 -1 -0.709103 -1 -0.741958 -1 -0.889594 -1 -0.519961 -1 -1 -1 -1 -0.0782894 -0.558175 -0.212348 -0.206051 0.138975 -0.770849 -1 -0.0759176 -0.682358 -0.496761 0.892212 -1 -1 -0.757161 -1 -1 0.539057 -0.0755958 -1 -1 -1 -0.520035 0.60505 -0.87138 0.371352 -0.754412 -0.716469 0.268895 -1 -0.235968 0.730687 -1 -1 0.911995 -0.583717 -1 0.321289 -0.913787 -0.95768 -0.846614 -1 
-0.69753 0.425905 -0.845119 -1 -1 -1 -1 -0.967026 -0.349966 -1 -1 -0.310564 -1 -1 -1 -1 -1 -1 -0.14592 -0.275475 -0.822652 0.430845 -1 -0.904312 -0.701262 -1 -1 -0.905058 -1 -0.112913 -1 -1 -0.958274 -0.358786 -0.42868 -0.127541 -1 -1 -0.946756 -1 -0.7894 -1 -0.285987 -1 -0.938496 -0.775537 -0.23552 -0.342708 -0.854631 -0.973575 -0.800405 -0.315917 -1 -1 -0.880131 -1 -0.502755 -0.115566 0.0133317 -0.86086 -1 -1 -0.131977 -1 -1 -1 -1 -1 0.177465 -1 -1 0.0655991 -0.856121 -1 -1 -1 -0.989171 -1 -1 -0.691285 0.00822923 -0.855096 -1 -0.725239 -1 -1 -1 -0.82286 -1 -0.661385 -0.109184 -1 -0.945335 -1 -0.885938 -1 -1 -1 -0.879343 -0.0374907 0.772051 -1 -1 -1 -0.768732 -0.59152 -0.496761 0.687964 -1 -1 -1 -0.928123 -0.489785 0.396028 -1 -1 -1 -1 0.294084 0.403286 -1 0.371352 -1 -1 0.481423 -1 -0.32734 0.593425 -1 -0.61935 1 -0.898927 -1 -1 -0.790837 -1 -0.5807 -1 
-0.328755 0.238525 -1 -0.0851882 -1 -0.657445 -0.591582 -1 -0.631147 -1 -1 0.162558 -1 -1 -0.93808 -0.845116 -0.555126 -0.200189 -0.436949 0.426952 -1 0.430845 -0.999325 -0.838272 -1 -1 -1 -1 -1 -0.311362 -0.954138 -0.93649 -1 -0.259827 -0.3129 -0.988057 -1 -1 -1 -1 -0.915502 -1 0.368811 -1 -1 -0.23576 0.695667 -0.726447 -1 -1 -1 0.685654 -1 -0.639641 0.0929689 -0.633735 0.149528 -0.78444 -0.251245 -0.917216 -1 -0.593529 -0.131977 -0.971002 -0.720897 -0.941263 -0.613149 -1 0.980073 -0.771696 -1 0.165678 0.418677 -0.27906 -1 -0.329395 -0.990011 -1 -1 -0.778693 -1 -0.948341 -0.228292 -0.240303 -1 -0.587463 -0.521491 -1 -1 -1 0.147279 -1 -0.351856 -0.667563 -1 -1 -1 -1 -0.699261 0.319909 0.572398 -0.0894713 -1 -0.79338 -0.0300473 -1 -0.496761 0.273098 -1 -0.676169 -0.757161 -1 -0.489785 -0.137388 -1 -1 -1 -0.700158 0.188147 0.506712 -0.449961 0.651349 -1 -1 0.38535 -0.852168 -0.377928 0.694481 -1 0.087122 0.4065 -0.669692 -1 -0.221501 -0.795892 -1 -0.496159 -0.541377 
-0.474388 0.238525 -1 -0.218117 -1 -1 -0.591582 -1 -0.714078 -1 -1 0.183876 -0.985445 -1 -0.704138 0.250116 -0.164119 -0.00285965 0.0755001 0.0408746 -0.731829 0.430845 -0.937353 -1 -1 -1 -1 -1 -1 -0.112913 -0.939447 -0.93649 -0.997271 0.72331 -0.259329 0.102542 -1 -0.809505 -0.946756 -1 -0.915502 -1 0.368811 -1 -0.785267 -0.23576 0.772115 -0.726447 -0.584413 -0.73482 -0.364716 0.685654 -1 -0.528977 0.0929689 -1 -0.705799 -0.152649 0.160799 0.257861 -1 -0.593529 -0.131977 -1 -0.943954 -1 -0.613149 -0.564099 0.872636 -1 -1 0.704477 0.818071 -0.421518 -1 -0.329395 -0.990011 -1 -1 -1 -0.806988 -1 -0.228292 -0.437903 -1 -0.945404 -0.521491 -1 -1 -0.661385 0.626294 -1 -0.624661 -1 -0.93988 -1 -1 -0.749487 -0.84417 0.319909 0.772051 -0.198036 -1 -1 -0.235471 -1 -0.496761 0.299395 -1 -1 -1 -1 -1 0.128218 -0.43181 -1 -1 -0.866645 -0.106934 0.799157 -0.486716 0.371352 -1 -1 0.386545 -1 -0.46072 0.618099 -1 -0.842835 1 -0.669692 -1 -0.221501 -0.795892 -0.551794 -0.298995 -1 
-1 -0.439378 -1 -0.621588 -0.127551 -0.8425 0.164747 -1 -1 -1 -1 -0.645152 -0.450562 -1 -1 -0.124698 -0.958556 -1 0.521798 0.628298 -0.847685 -0.9709 -1 0.131083 -1 -1 -1 -1 -0.820077 0.0907229 -0.81831 -1 -1 0.974147 -0.771016 -1 -0.120405 -0.801585 -0.658728 -0.57305 -0.900578 -0.944211 -1 -0.420141 -1 0.427659 0.720582 -1 -0.669001 0.539072 -0.441755 -1 -0.640474 0.0340498 -1 -1 -0.255604 -1 0.173566 -0.148351 -1 -0.761231 -0.922797 -1 -0.429567 -1 -1 0.590846 0.0969587 -0.580559 -0.0609527 -0.993078 1 -0.132115 -0.817998 -1 -1 -1 -1 -0.551066 -0.787446 -1 -0.584322 -1 -1 -0.632854 -1 -0.307409 -1 -0.829688 0.869258 -1 -0.763955 -0.848331 -0.856924 -0.981128 -0.449855 -0.38149 -0.692385 -1 -0.724217 -0.295182 -0.712648 -1 -0.284777 -1 0.0978119 1 -0.998965 -1 -1 -1 -0.923088 0.206336 0.429653 -0.145432 -0.751428 -1 0.124733 -1 -0.997041 -0.0680408 -0.93558 -0.743892 0.727393 -0.228311 -1 0.162224 -1 -1 -0.333043 0.0372892 -1 -1 -0.879947 1 -1 -1 
-0.836249 0.238525 -1 -0.0851882 -1 -1 -1 -1 -1 -0.818644 -1 -0.986447 -0.745526 -0.997386 -1 0.318424 -0.828538 -0.233101 0.0755001 0.0408746 -1 -0.023749 -1 -1 -1 -1 -1 -1 -1 -0.112913 -0.937048 -1 -1 0.72331 -0.259329 -0.521705 -1 -1 -1 -1 -1 -1 0.141476 -1 -1 0.12786 -1 -0.523215 -0.584413 -1 -0.659521 0.685654 -1 -0.528977 -0.407531 -1 -1 -1 0.160799 0.178567 -0.772939 -1 -0.9966 -0.98096 -0.449799 -1 -0.613149 -0.564099 1 -0.89093 -1 0.125291 0.818071 -0.391179 -1 -1 -1 -1 -0.781724 -0.742321 -1 -1 -0.228292 -0.437903 -1 -1 -0.558275 -1 -1 -1 0.647116 -1 -0.590969 -1 -0.399496 -1 -0.890458 -0.0760616 -1 0.319909 0.466858 -0.401212 -1 -0.649824 -0.810072 -0.776824 -0.243839 0.687964 -1 -1 -1 -1 -0.768161 0.440836 -0.43181 -0.627637 -1 -1 0.294084 0.799157 -0.347125 -0.493148 -1 -1 0.38535 -1 -0.331252 0.0940671 -0.877211 -0.327573 1 -0.768894 -1 -0.829145 -0.795892 -1 -0.315299 -0.541377 
-0.326534 0.500735 -0.266569 -1 0.0137228 0.768307 -0.0371946 -0.723022 0.049162 0.69005 0.587273 -0.218548 -0.815712 -0.4008 -0.759791 -0.777619 0.789102 0.0932899 1 -0.352136 0.852194 0.541622 0.667017 0.256929 0.907613 -0.265617 -0.105457 0.189825 -0.0857437 0.21323 0.541412 0.0539744 0.405508 -0.522723 0.768923 -0.258044 0.0332272 -0.644053 0.434275 -0.407179 -0.579838 0.0575996 -0.547627 -0.0264384 -0.995724 0.143893 -0.90822 0.394728 -0.369137 0.0498556 -0.990115 -0.467042 0.788399 -0.240359 0.828213 0.304005 -0.406603 0.174649 0.704936 -0.0284719 -1 0.0828184 0.35779 0.837889 0.597446 0.250871 0.394577 0.336835 -0.590205 -0.668108 0.114634 -0.794042 -0.464181 0.111998 0.0521457 -0.380114 0.600571 -0.613507 0.722452 0.234677 -0.428397 -0.846541 -0.0595019 0.174374 -0.127503 -0.831024 0.907727 -0.583034 0.730341 -1 0.288784 -0.149978 0.944267 0.617292 -0.555655 0.0243875 -0.316288 0.392207 0.360399 -0.261561 0.371595 0.0468289 0.730782 -0.639334 0.573142 -0.312665 0.235703 -0.975042 -0.337165 -0.463756 -0.983276 -1 -0.663427 -0.305021 0.339315 -0.348392 0.761863 -0.407006 0.232564 -0.3957 0.988684 -0.451941 0.0197944 0.446762 -0.359154 -0.0168158 -0.342425 -0.609352 -0.687648 0.359813 0.733371 0.79528 -0.342126 -1 -0.439814 -0.300343 -1 0.822128 
-0.440456 0.0820153 -1 -0.439398 -0.811676 -1 -1 -0.810974 -1 -1 -1 -0.490616 -1 -0.84611 -1 -0.040726 -0.164119 -0.483614 0.279086 0.0408746 -0.731829 0.430845 -1 -1 -1 -0.712288 -1 -0.768793 -1 0.0661999 -1 -0.88396 -1 0.337469 -0.312792 0.10129 -0.831794 -1 -0.946756 -1 -1 -0.90274 0.523102 -0.953891 -1 -0.23576 0.772115 -0.500652 -1 -1 -0.336837 0.685654 -1 -0.382415 -0.898864 -1 -0.356965 -0.152649 -0.365406 0.257861 -1 -1 -0.425896 -0.971002 -0.457976 -1 -0.468969 -0.564099 0.872636 -1 -1 0.0221642 0.743027 -0.391179 -1 -0.426042 -1 -1 -0.929287 -0.778693 -0.824213 -1 -0.514121 -0.309618 -1 -1 -0.945311 -1 -1 -1 0.417214 -1 -1 -1 -0.760473 -1 -0.72419 -0.792696 -0.298394 0.319909 0.463232 -1 -1 -1 -0.47235 -1 -0.798097 0.826042 -1 -0.895319 -0.757161 -1 -0.489785 0.214091 -0.738557 -1 -1 -1 0.365761 0.799157 -1 0.238562 -1 -1 0.38535 -1 -1 0.618099 -1 -0.327573 1 -1 -1 -0.385355 -0.795892 -0.876328 -0.123023 -0.541377 
-1 0.114083 -1 -1 -1 -0.878191 -1 -1 -1 -0.99284 -1 0.183876 -0.986095 -0.781269 -0.480576 -0.4865 -0.808369 -0.0321908 -0.511674 0.0408746 -0.848611 0.716497 -1 -1 -1 -0.854183 -0.933605 -1 -0.887237 -0.439589 -1 -0.617334 -1 0.390224 -0.30805 0.0896344 -1 -1 -0.946756 -0.973747 -1 -1 0.368811 -1 -1 -1 -0.289374 -1 -0.584413 -0.904219 -0.791458 -0.77339 -1 -1 -0.285825 -1 -0.649149 -0.776289 -0.350647 0.483946 -1 -0.593529 -0.11629 -0.933796 -1 -0.903986 -1 -0.425957 -1 -1 -1 0.154881 0.443124 -0.391179 -1 -0.839811 -1 -1 -1 -1 -0.791747 -1 -0.987901 -0.437903 -1 -0.945404 -0.521491 -0.93737 -0.657775 -1 -0.191737 -1 -0.82329 -0.929767 -0.681284 -1 -1 -1 -0.893025 -0.0392039 -0.893658 -1 -0.771816 -1 -1 -1 -0.512116 0.0348269 -1 -0.666237 -0.757161 -1 -0.621657 0.290014 -0.511633 -0.754903 -1 -1 0.259518 0.656884 -0.347125 0.36745 -1 -0.943937 -0.263178 -0.971176 -0.522968 0.618099 -1 -0.383998 0.153281 -0.881594 -1 0.118916 -1 -0.453539 -0.97461 -1 
-0.440456 0.238525 -1 -0.479683 -1 -1 -0.591582 -1 -0.747437 -1 -1 0.183876 -1 -1 -1 -0.040726 -0.164119 -0.00285965 0.0983224 0.0408746 -0.731829 0.806922 -1 -1 -1 -1 -1 -1 -1 -0.467515 -1 -1 -1 0.72331 -0.259329 0.10129 -1 -1 -0.946756 -1 -0.915502 -1 0.262895 -1 -1 -0.23576 0.772115 -0.726447 -0.464001 -0.73482 -1 0.685654 -1 -0.528977 -0.105276 -1 -0.351828 -0.152649 -0.279672 -0.378531 -1 -0.593529 -0.131977 -1 -1 -1 -1 -0.564099 0.176821 -1 -1 0.293049 0.818071 -0.858746 -1 -0.329395 -0.990011 -1 -1 -1 -0.788446 -1 -0.228292 -0.9491 -1 -0.945404 -0.521491 -1 -1 -0.661385 0.417214 -1 -0.590969 -1 -1 -0.851512 -0.890458 -0.0760616 -0.854142 0.319909 0.772051 -0.714692 -0.970571 -1 0.0134609 -0.776824 -0.690892 0.687964 -1 -1 -0.757161 -1 -0.240346 -0.523054 -0.43181 -1 -1 -0.922132 0.294084 0.413567 -0.43545 -0.479547 -0.894148 -1 -0.0384411 -1 -0.227797 0.618099 -1 -0.327573 1 -0.669692 -1 -0.221501 -1 -0.453539 0.243095 -0.541377 
-0.440456 0.119605 -1 -0.0205778 -0.677173 -1 -0.591582 -1 -1 -1 -1 -0.16091 -1 -1 -0.807182 -0.040726 -0.164119 -0.580888 0.117951 -1 -0.621455 0.430845 -1 -1 -1 -1 -1 -1 -1 -1 -1 -0.93649 -1 -0.638866 -0.658804 0.296762 -1 -1 -1 -1 -0.915502 -1 0.368811 -1 -1 -0.106319 0.775698 -1 -0.402354 -1 -0.495182 0.0629229 -1 -0.826275 0.025562 -1 0.149528 -1 -0.444854 0.646614 -1 -0.953573 -0.131977 -1 -0.696077 -0.887582 -0.613149 -0.694534 0.0676375 -1 -1 0.704477 -0.280086 -0.391179 -1 -0.336567 -1 -1 -0.781724 -1 -0.739234 -0.774604 -0.228292 -1 -1 -1 -0.620301 -1 -0.922238 -0.661385 0.607746 -1 -0.785959 -1 -1 -1 -1 -0.0760616 -0.328228 0.319909 0.772051 -1 -1 -1 -0.530415 -0.776824 -0.496761 0.185294 -1 -0.914979 -0.722346 -1 -0.489785 0.406094 -0.711957 -1 -0.865699 -0.866645 -0.212255 0.799157 -1 0.371352 -1 -1 0.38535 -0.904277 -0.317784 0.404959 -1 -0.570636 0.621774 -0.987238 -0.754267 -0.221501 -0.795892 -0.453539 -0.304705 -0.541377 
-1 -0.148581 -1 -0.621588 -0.127551 -1 0.39632 -1 -1 -1 -1 -0.416143 -0.450562 -0.841645 -1 -0.627953 -1 -1 0.662934 0.628298 -1 -1 -1 0.131083 -1 -1 -0.943116 -1 -0.820077 -0.0407567 -0.0664536 -1 -1 0.974147 -0.362645 -1 -0.278276 -0.543104 -0.658728 -0.57305 -1 -0.928916 -1 0.162202 -1 -0.168508 0.336455 -1 -1 0.539072 -1 -0.771686 -0.967737 -0.800403 -0.636976 -1 0.445587 -1 0.173566 -0.0452004 -1 -0.950178 -1 -1 -0.429567 -1 -1 0.704671 0.380034 -0.580559 0.431128 -0.670852 1 -0.225138 -0.615682 -1 -0.58501 -1 -1 0.00635344 -0.787446 -1 -1 -0.23839 -1 -0.632854 -1 -0.389969 -1 -1 -0.254205 -1 -0.763955 -0.848331 -1 -0.297949 -0.170879 -1 -0.745217 -1 -0.577499 0.459443 -1 -1 -0.632403 -0.744789 0.0978119 0.724905 -1 -0.736785 -1 -1 -0.923088 0.355287 0.429653 0.276215 -1 -1 -0.599302 -1 -1 0.240603 -0.93558 -0.743892 0.727393 -0.283289 -0.790331 -0.155341 -1 -1 -1 0.247588 -1 -1 -1 0.921847 -1 -1 
-1 -0.148581 -1 -0.621588 -0.127551 -1 0.39632 -0.768512 -1 -0.536442 -1 -0.416143 -0.450562 -0.841645 -1 -0.124698 -0.958556 -1 0.392865 0.628298 -0.794516 -0.558311 -1 0.131083 -1 -1 -0.943116 -1 -0.820077 0.0907229 -0.0664536 -1 -1 0.974147 -0.362645 -1 -0.278276 -0.543104 -0.658728 -0.57305 -1 -1 -1 0.162202 -1 0.427659 0.720582 -1 -0.669001 0.539072 -0.441755 -0.249634 -0.640474 0.0340498 -1 -0.22347 0.445587 -1 0.173566 0.293743 -1 -0.761231 -0.75432 -1 -0.429567 -1 -0.509063 0.590846 0.380034 -0.580559 0.468064 -0.993078 1 -0.132115 -0.817998 -1 -0.58501 -1 -1 -0.133014 -0.787446 -1 -0.584322 -0.48395 -1 -0.632854 -1 -0.389969 -1 -1 0.65686 -1 -0.763955 -0.848331 -1 -0.297949 -0.260866 -0.38149 -0.548953 -1 -0.724217 0.277666 -1 -1 -0.284777 -0.876901 0.0978119 1 -0.903945 -0.736785 -1 -1 -0.923088 0.355287 0.429653 -0.145432 -0.389023 -1 0.124733 -1 -0.997041 0.240603 -0.93558 -0.743892 0.727393 -0.318516 -1 -0.155341 -1 -1 -0.333043 0.105107 -1 -1 -1 1 -1 -1 
-0.440456 0.238525 -0.809989 -0.369926 -0.806465 -1 -0.591582 -1 -1 -1 -0.836381 0.214931 -1 -1 -0.807182 0.107755 -0.603723 -0.0791035 0.0755001 -0.259573 -1 0.430845 -1 -1 -1 -1 -1 -1 -1 -0.112913 -1 -0.93649 -1 0.48442 -0.813675 -0.215032 -1 -1 -1 -1 -0.830379 -1 0.368811 -1 -1 -0.23576 0.58265 -0.726447 -0.584413 -0.73482 -0.364716 0.86973 -1 -0.94012 0.0929689 -1 -0.876555 -1 0.00589764 0.131564 -1 -0.593529 -0.131977 -1 -1 -1 -1 -0.564099 0.872636 -1 -1 0.885765 0.818071 -0.969252 -1 -0.661667 -0.990011 -1 -0.781724 -1 -0.791747 -1 -0.289043 -0.437903 -0.819553 -1 -0.537662 -1 -1 -0.661385 0.443806 -1 -0.587412 -1 -1 -1 -0.890458 -0.0760616 -0.268687 0.319909 0.772051 -0.635882 -1 -1 -0.618135 -0.776824 -0.496761 -0.321077 -1 -1 -1 -1 -0.489785 0.396028 -0.302328 -1 -1 -0.646718 0.0453428 0.799157 -0.347125 0.345127 -1 -1 0.38535 -1 -0.010088 0.618099 -1 -0.327573 0.540853 -0.669692 -1 -0.13552 -1 -0.322565 0.218494 -1 
-0.440456 -0.0506481 -1 -0.354152 -1 -0.741514 -0.591582 -0.777669 -0.854075 -0.832059 -1 -0.591964 -1 -1 -0.96214 -0.71583 -1 -0.00285965 0.0755001 -1 -0.731829 0.484191 -1 -1 -0.810192 -1 -1 -1 -1 -0.112913 -1 -0.93649 -1 0.72331 -0.478568 0.10129 -1 -1 -0.946756 -1 -0.915502 -1 0.368811 -1 -1 -0.23576 0.341215 -1 -0.898358 -0.73482 -1 0.685654 -0.965549 -1 0.0929689 -1 0.321678 -0.249352 0.160799 0.257861 -1 -0.884965 -0.406109 -0.971002 -0.449799 -1 -0.613149 -0.564099 0.331064 -0.705882 -1 -0.267231 0.108457 -0.391179 -1 -1 -0.990011 -1 -0.781724 -0.778693 -0.791747 -1 -0.228292 -0.437903 -0.977518 -1 -1 -1 -1 -0.852846 0.187928 -1 -1 -1 -1 -1 -0.890458 -0.851966 -1 0.319909 0.867466 -0.735784 -1 -0.622974 -0.293609 -1 -1 0.687964 -1 -1 -0.757161 -0.810801 -1 0.396028 -0.43181 -1 -1 -0.966753 0.294084 0.877734 -0.347125 0.371352 -1 -1 0.38535 -1 -0.227797 0.666736 -1 -0.901472 1 -0.849554 -1 -0.603127 -0.958767 -0.453539 0.218494 -1 
0.265698 -0.517117 0.253793 -0.418256 -1 -1 0.559599 -0.0481019 -0.0613152 -1 -0.430445 -0.908415 0.888031 0.0453425 -1 -0.134073 -0.23091 0.466816 -0.494767 -0.658916 0.970832 -0.513425 -0.427882 -0.617622 0.928817 -1 0.44859 -0.0943657 -0.937853 -0.276386 0.320049 0.906675 -0.0448525 -0.77023 0.310478 0.632101 -1 -0.516628 -0.777826 0.326737 -1 -0.736928 0.0558655 0.231308 -1 0.218245 -1 0.766755 0.668952 0.629267 0.127301 -0.627673 -0.38923 -0.558386 -0.979054 -1 -0.266161 -0.851807 0.543771 -0.375408 -0.745887 -0.597529 -0.356521 -0.583291 -0.633158 -1 0.124837 0.754306 0.678181 -0.781009 -0.144397 0.889941 0.904553 -1 -0.501219 -0.281019 -0.446577 0.981319 -0.782264 -0.823525 -1 -0.892788 -1 0.351368 -0.781905 -0.865025 -0.290576 0.844431 0.988401 -0.679496 0.379942 -0.84973 0.61898 -1 -1 -0.013668 -1 -0.501311 -0.937782 -0.771733 -0.95701 -0.294032 -0.700059 0.369366 -0.655018 0.696397 0.730914 -0.064063 0.781217 0.256302 -0.968522 -0.0746854 -0.749849 -1 -0.784987 -1 -0.315223 -0.932867 0.423154 0.423408 -0.383853 -0.830995 0.844483 -0.429932 -0.411249 -0.969131 0.949661 0.217656 0.869424 0.901949 0.220911 -0.0660254 -0.243837 -1 0.316923 -0.552612 -0.151893 -0.350908 
-1 -0.839557 -1 -0.727104 -1 -1 -1 -0.760446 -0.904229 -0.806835 -1 0.0509473 -1 -1 -1 -0.040726 -0.732749 -0.163642 -0.673844 -0.522828 -1 -0.356872 -1 -0.90292 -1 -1 -1 -1 -1 -0.644876 -0.985133 -0.93649 -1 0.8347 -0.634605 -0.135172 -0.860015 -0.801504 -1 -1 -0.772444 -1 0.368811 -1 -1 -0.705109 0.50747 -1 -0.392518 -1 -0.282212 -0.324672 -1 -0.962829 -0.0680376 -1 -0.216911 -1 -0.47952 -1 -0.709569 -0.775232 -1 -0.773465 -0.449799 -1 -0.613149 -0.635726 0.872636 -0.89093 -1 0.704477 0.847393 -0.776446 -1 -0.940335 -1 -1 -1 -1 -1 -1 -0.562505 -1 -1 -0.839296 -1 -0.858696 -1 -0.680746 0.565905 -0.787035 -0.673692 -0.724258 -1 -1 -1 -0.118787 -1 0.154438 0.206803 -0.0894713 -1 -1 -0.0759176 -1 -0.496761 0.0332619 -1 -1 -0.610131 -1 -0.616479 0.49183 -0.354305 -0.915544 -1 -1 0.372155 0.799157 -0.467902 0.371352 -1 -1 0.497783 -0.753041 -0.646008 0.138743 -1 -0.145183 0.335636 -0.471198 -0.812548 -0.638969 -1 -0.650478 -1 -1 
-0.951812 0.211939 -1 -0.0911417 -1 -1 -0.591582 -0.777669 -1 -0.832059 -0.586206 0.151934 -1 -1 -0.807182 -0.71583 -0.628872 -0.00285965 -0.334731 0.0408746 -0.731829 0.626823 -0.878903 -1 -1 -0.921366 -1 -1 -1 -0.112913 -1 -0.93649 -1 0.72331 -0.470342 0.10129 -1 -1 -0.946756 -1 -0.915502 -1 0.368811 -1 -1 -0.23576 0.772115 -0.81828 -1 -0.73482 -1 0.685654 -1 -1 0.0929689 -1 0.149528 -0.249352 0.210698 0.257861 -1 -0.593529 -0.406109 -0.971002 -0.449799 -1 -0.613149 -0.564099 0.872636 -1 -1 -0.585499 0.108457 -0.391179 -1 -0.8394 -0.990011 -1 -0.781724 -0.778693 -0.791747 -1 -0.228292 -0.437903 -0.977518 -1 -1 -1 -1 -0.852846 0.187928 -1 -1 -1 -0.746454 -1 -0.78973 -0.558231 -0.638768 0.319909 0.867466 -0.735784 -1 -0.622974 -0.293609 -1 -0.496761 0.687964 -1 -1 -0.757161 -0.810801 -1 0.396028 -0.43181 -1 -1 -0.966753 0.294084 0.877734 -0.586848 0.371352 -1 -1 0.38535 -1 -0.227797 0.666736 -1 -1 1 -0.849554 -1 -0.172961 -0.958767 -0.453539 0.218494 -1 
-0.886478 -0.456212 -1 -0.0617422 -1 -0.657445 -0.591582 -1 -0.702008 -1 -1 0.114909 -1 -1 -0.93808 -1 -0.0289266 -0.200189 -1 0.426952 -1 0.262183 -1 -0.838272 -1 -1 -1 -1 -0.875243 -0.92724 -1 -1 -0.826287 0.297183 -0.132259 -1 -1 -1 -0.982453 -1 -1 -0.872896 0.368811 -1 -1 -0.23576 0.216549 -0.742491 -1 -0.73482 -1 0.685654 -1 -0.528977 0.0929689 -0.252144 0.0366307 -1 0.0326204 -0.392279 -0.95541 -0.593529 -0.645398 -0.945636 -0.720897 -1 -0.613149 -1 0.872636 -0.89093 -1 -0.434468 0.418677 -0.966073 -0.692753 -1 -0.990011 -1 -1 -0.735109 -0.791747 -1 -0.228292 -0.130756 -1 -1 -1 -1 -1 -1 0.147279 -1 -0.351856 -1 -1 -0.947221 -1 -1 -0.691527 -0.459991 0.262911 -0.0894713 -1 -1 -0.0300473 -0.612185 -0.483503 0.273098 -1 -1 -1 -1 -1 0.396028 -1 -0.735591 -1 -0.754038 -0.279179 0.399996 -1 0.651349 -1 -1 0.38535 -0.852168 -0.796973 1 -1 0.321661 0.4065 -1 -1 -0.221501 -1 -1 -0.406094 -0.541377 
-0.865486 0.277682 -0.69153 0.0136249 -1 -1 -1 -1 -0.838319 -0.889311 -1 0.183876 -1 -1 -1 -0.635715 -0.716388 -0.806514 -0.160733 -0.644958 -0.693594 0.395795 -1 -1 -1 -1 -1 -1 -1 -1 -1 -1 -1 0.366076 -0.259329 -0.285531 -1 -1 -1 -0.611924 -1 -1 -0.339578 -1 -1 -0.553388 0.797279 -1 -0.584413 -0.73482 -0.364716 -0.696533 -1 -1 -0.757468 -0.850299 -0.532416 -0.152649 -0.775914 0.257861 -1 -0.593529 -1 -1 -1 -1 -1 -0.564099 0.872636 -0.841905 -0.91097 0.987292 0.231025 -0.7468 -0.594706 -0.631265 -1 -0.993207 -0.72017 -1 -1 -1 -1 -0.819481 -1 -1 -0.836986 -1 -0.762452 -0.661385 -1 -1 -0.519961 -1 -1 -1 -1 -0.284496 -0.710927 0.319909 -0.404072 -0.408218 -1 -1 -1 -0.933487 -0.496761 0.00986287 -0.777639 -1 -1 -1 -0.489785 0.61896 -0.345751 -0.610944 -1 -1 0.202522 0.799157 -0.347125 0.371352 -1 -1 0.0827586 -1 -0.0588017 0.937562 -1 -1 1 -0.987756 -1 0.283703 -1 -1 0.313632 -1 
-0.440456 0.622916 -1 -0.808276 -1 -1 -1 -0.777669 -1 -0.832059 -1 0.151934 -1 -1 -0.807182 -0.71583 -0.191281 -0.49256 0.0755001 0.0408746 -1 0.657788 -1 -0.794428 -1 -1 -1 -1 -1 -0.112913 -0.66921 -1 -1 0.72331 -0.728776 0.10129 -1 -1 -0.946756 -1 -1 -1 0.368811 -0.949355 -1 -0.0795144 0.772115 -0.726447 -1 -0.73482 -1 0.685654 -1 -1 0.0929689 -1 -0.562973 -1 0.160799 0.257861 -1 -0.593529 -0.511917 -0.971002 -0.449799 -1 -0.613149 -0.564099 -0.323517 -0.791865 -0.791024 0.140948 0.108457 -0.43545 -1 -0.8394 -1 -1 -1 -0.838996 -0.791747 -1 -0.228292 -0.437903 -0.767398 -1 -1 -1 -1 -1 0.187928 -1 -0.445267 -1 -0.746454 -1 -1 -0.558231 -0.638768 0.319909 0.867466 -0.735784 -1 -1 -0.293609 -0.776824 -0.496761 0.687964 -1 -1 -0.757161 -0.810801 -0.489785 0.396028 -0.636768 -1 -0.840462 -0.866645 0.609086 0.551423 -0.347125 0.371352 -1 -1 0.38535 -1 -0.227797 0.747423 -1 -0.901472 1 -1 -1 -0.221501 -1 -0.295655 0.425415 -0.541377 
-0.440456 0.238525 -1 -0.0851882 -1 -1 -0.591582 -1 -0.747437 -1 -1 0.14303 -1 -1 -0.807182 -0.040726 -0.164119 -0.00285965 0.234323 0.0408746 -0.731829 0.430845 -1 -1 -1 -1 -1 -1 -1 -0.112913 -0.983348 -1 -1 0.72331 -0.259329 -0.0362307 -0.856859 -1 -1 -1 -0.729761 -0.835269 0.368811 -1 -1 -0.23576 0.772115 -1 -0.584413 -0.73482 -0.364716 0.88102 -0.898962 -0.528977 0.0929689 -1 -0.174646 -0.152649 0.160799 -0.0906933 -0.792867 -0.593529 -0.131977 -1 -1 -1 -0.910895 -0.564099 0.872636 -0.89093 -1 0.704477 0.818071 -0.391179 -1 -0.496368 -0.990011 -0.891477 -1 -0.778693 -0.791747 -1 -0.605537 -0.965677 -1 -0.799581 -0.521491 -1 -1 -0.661385 0.417214 -1 -0.590969 -1 -0.746454 -1 -0.881162 -0.348333 -0.689838 0.319909 0.772051 -0.0894713 -1 -0.907167 -0.0759176 -0.776824 -0.857409 0.687964 -1 -1 -0.757161 -1 -0.489785 0.396028 -1 -1 -1 -0.866645 0.449405 0.799157 -0.347125 0.510637 -1 -1 0.38535 -0.845851 -0.0455908 0.618099 -1 -0.327573 0.482033 -0.669692 -1 -0.670264 -0.795892 -0.823769 0.218494 -0.541377 
-1 -0.148581 -1 -0.621588 -0.127551 -0.905156 -0.748526 -1 -1 -1 -1 -1 -0.450562 -0.658512 -1 -0.124698 -1 -1 0.618945 0.628298 -0.874124 -0.419845 -1 -0.388212 -0.993135 -1 -0.943116 -1 -1 0.0907229 -0.272277 -1 -1 0.974147 -1 -1 -0.102014 -0.708105 -0.658728 -0.57305 -0.771864 -0.944211 -1 -0.0807672 -1 0.33035 0.720582 -1 -0.669001 -1 -0.560143 -0.605973 -1 0.0340498 -1 -1 -0.255604 -1 0.173566 0.223593 -0.869863 -0.761231 -1 -0.793898 -0.429567 -1 -0.509063 0.0992769 -0.0343782 -0.998517 -0.0609527 -0.993078 0.551937 -0.213319 -0.817998 -1 -0.818692 -1 -0.749823 -0.301441 -0.787446 -1 -0.477718 -0.973204 -1 -0.943274 -1 -0.389969 -1 -1 0.201421 -1 -0.763955 -0.848331 -0.856924 -1 -0.449855 -0.830662 -0.441203 -1 -1 -0.236662 -1 -1 -0.284777 -0.876901 0.29573 1 -0.761624 -1 -1 -1 -1 0.206336 -0.245364 -0.145432 -0.259081 -1 0.124733 -1 -0.997041 -0.215982 -0.93558 -0.541425 0.727393 -0.131206 -1 0.162224 -1 -1 -0.333043 -0.23859 -1 -1 -1 0.740674 -1 -1 
-0.434148 -1 -1 -0.0851882 -1 -1 -1 -1 -0.494386 -1 -1 -0.278656 -1 -1 -0.807182 0.152263 -1 -0.980337 0.0814883 -0.533688 -1 -0.276385 -1 -1 -1 -1 -1 -1 -0.899618 -1 -0.990765 -0.72502 -1 0.72331 -0.830509 -0.314204 -1 -1 -0.94867 -1 -0.821681 -1 0.367255 -1 -1 -0.23576 0.972041 -0.726447 -1 -0.946381 -1 -1 -0.827274 -0.58821 0.129041 -1 0.00319143 -1 -0.505938 -0.370135 -0.884812 -0.593529 -1 -0.975956 -1 -0.771807 -0.903734 -0.503723 0.24741 -1 -1 0.704477 0.818071 -1 -1 -0.329395 -0.595793 -1 -0.53334 -1 -0.791747 -1 -1 -1 -1 -0.945404 -1 -1 -1 -1 0.567972 -0.956793 -0.590969 -1 -1 -1 -0.947128 -0.766673 -0.808788 0.319909 -0.101591 -0.817418 -1 -1 -0.77176 -0.773395 -0.298005 0.687964 -1 -1 -0.592082 -1 -1 -0.207022 -1 -0.908947 -1 -0.574373 0.294084 1 -0.342962 0.419081 -0.940625 -1 -0.348165 -1 -0.741295 0.684789 -0.678628 -0.508535 0.784032 -0.854282 -1 -0.686386 -1 -1 0.218494 -1 
-0.328755 0.238525 -1 -0.0851882 -1 -0.657445 -0.591582 -1 -0.631147 -1 -1 0.162558 -1 -1 -0.93808 -0.845116 -0.0262757 -0.200189 -0.163631 0.426952 -1 0.430845 -0.999325 -0.838272 -1 -1 -1 -1 -1 -0.112913 -1 -0.93649 -1 0.297183 -0.236856 -0.988057 -1 -1 -1 -1 -0.915502 -1 0.368811 -1 -1 -0.23576 0.5704 -0.726447 -1 -0.73482 -1 0.685654 -1 -0.528977 0.0929689 -0.633735 0.149528 -0.78444 0.0326204 0.257861 -1 -0.593529 -0.131977 -0.971002 -0.720897 -1 -0.613149 -1 0.872636 -0.89093 -1 0.704477 0.418677 -0.27906 -1 -0.329395 -0.990011 -1 -1 -0.778693 -0.791747 -1 -0.228292 -0.240303 -1 -0.587463 -0.521491 -1 -1 -1 0.147279 -1 -0.351856 -1 -1 -1 -0.890458 -1 -0.298394 0.319909 0.572398 -0.0894713 -1 -1 -0.0300473 -1 -0.496761 0.273098 -1 -0.676169 -0.757161 -1 -0.489785 0.396028 -1 -1 -1 -0.886928 0.188147 0.616514 -0.449961 0.651349 -1 -1 0.38535 -0.852168 -0.227797 0.618099 -1 0.321661 0.4065 -0.669692 -1 -0.221501 -0.795892 -1 -0.496159 -0.541377 
-1 -1 -1 -1 -0.127551 -1 -0.708159 -1 -1 -0.536442 -1 -0.712087 -1 -0.841645 -1 -0.124698 -0.958556 -0.878932 0.392865 0.628298 -0.794516 -0.318177 -1 0.20177 -1 -0.887405 -1 -1 -0.954369 0.318678 -0.433365 -1 -1 0.974147 -1 -1 -0.394383 -1 -0.482837 -0.57305 -0.727263 -1 -1 -0.228771 -1 0.427659 -0.580509 -0.79181 -0.669001 0.539072 -0.441755 -0.249634 -0.874321 0.0340498 -1 -0.597891 0.551215 -1 0.447257 -0.412479 -1 -1 -1 -1 -0.189676 -1 -0.123548 0.394086 0.655722 -0.758704 0.0125379 -1 -0.0157352 -0.514682 -0.973077 -1 -1 -1 -0.801619 -0.133014 -1 -0.842253 -0.818023 -1 -1 -0.770768 -1 -0.768312 -0.851206 -1 0.65686 -1 -1 -1 -0.890671 -0.297949 -0.260866 -1 -0.548953 -0.914887 -1 -0.51891 -1 -0.781168 -0.902801 -0.876901 -0.266887 1 -0.9977 -1 -1 -0.857805 -0.923088 0.424626 0.677203 0.232873 -1 -0.939392 0.107822 -1 -0.613025 0.485541 -0.93558 -0.743892 0.153123 -0.387593 -1 -0.155341 -0.666586 -0.916786 -0.383429 0.105107 -1 -1 -1 0.182348 -1 -0.971352 
-0.440456 0.622916 -1 -1 -1 -1 -0.871531 -0.777669 -1 -0.625408 -0.45701 0.151934 -1 -0.653523 -0.807182 -0.66924 -0.762228 -0.131388 0.0755001 -0.533582 -1 0.484191 -1 -1 -1 -0.972555 -1 -0.757382 -1 -0.112913 -1 -1 -1 0.569521 -1 0.10129 -1 -0.847258 -0.946756 -1 -0.915502 -1 0.368811 -0.680633 -1 -0.170338 0.772115 -0.726447 -0.979602 -1 -1 0.30359 -1 -0.639631 -0.739473 -1 0.124249 -0.582608 0.160799 0.257861 -1 -0.593529 -1 -1 -0.449799 -0.957745 -0.883712 -0.824992 -0.677388 -1 -0.791024 0.140948 0.119313 -0.391179 -1 -1 -1 -1 -1 -1 -1 -1 -0.228292 -1 -1 -0.932387 -1 -1 -1 -1 0.187928 -1 -0.445267 -1 -1 -1 -1 -0.558231 -0.862977 0.319909 0.432578 -1 -0.92119 -1 -0.293609 -0.776824 -0.10793 -0.0299988 -1 -1 -1 -0.810801 -0.489785 0.396028 -0.43181 -1 -1 -0.866645 0.43897 0.236897 -0.218586 0.371352 -1 -1 0.38535 -1 -0.227797 0.163926 -1 -0.901472 1 -0.981556 -1 -0.117365 -0.647248 -0.654643 0.425415 -0.541377 
-0.641557 0.238525 -1 -0.0851882 -1 -0.657445 -0.591582 -1 -0.631147 -1 -1 0.486391 -1 -1 -0.93808 -1 0.22223 -0.0568777 -0.0438543 0.426952 -1 0.430845 -0.999325 -1 -1 -1 -1 -1 -1 -0.00961804 -1 -0.93649 -1 -0.382264 -0.236856 -1 -0.805756 -1 -1 -1 -0.915502 -0.969789 0.368811 -1 -1 -1 0.5704 -0.726447 -1 -1 -1 0.870359 -0.963111 -0.528977 0.0929689 -1 0.149528 -1 0.0326204 0.257861 -1 -1 -0.131977 -1 -0.902291 -1 -0.613149 -0.857667 0.263847 -1 -1 0.704477 0.516493 -0.27906 -0.969267 -0.198512 -0.990011 -1 -1 -0.711931 -1 -1 -0.0934584 -0.240303 -1 -1 -0.521491 -1 -1 -1 0.147279 -1 -0.779489 -1 -1 -1 -1 -1 -0.548083 0.434848 0.145804 -0.752906 -1 -1 -0.0300473 -1 -0.496761 -0.699993 -1 -1 -0.757161 -1 -0.766042 0.396028 -1 -1 -1 -1 0.190754 0.470641 -0.449961 0.651349 -1 -1 0.563607 -0.852168 -0.387507 0.618099 -1 0.321661 0.4065 -1 -1 -0.597986 -0.795892 -1 -0.290268 -0.541377 
-1 -0.148581 -1 -0.621588 -0.127551 -1 0.39632 -0.771652 -1 -0.536442 -1 -0.416143 -0.450562 -0.841645 -1 -0.615795 -0.958556 -1 0.392865 0.628298 -0.794516 -0.558311 -1 0.274816 -1 -1 -0.943116 -1 -0.820077 0.0907229 -0.0664536 -1 -1 1 -0.362645 -1 -0.278276 -0.543104 -0.658728 -0.57305 -1 -1 -1 0.162202 -1 0.427659 0.720582 -1 -0.669001 0.0854241 -0.441755 -0.795396 -0.640474 0.0340498 -1 -0.22347 0.445587 -1 0.173566 0.293743 -1 -0.761231 -0.75432 -1 -0.429567 -1 -0.509063 0.590846 0.380034 -0.580559 0.468064 -0.993078 1 -0.132115 -0.817998 -1 -0.58501 -1 -1 -0.133014 -0.766204 -1 -0.584322 -0.48395 -1 -0.632854 -1 -0.389969 -1 -1 0.65686 -1 -0.763955 -0.848331 -1 -0.297949 -0.260866 -0.795217 -0.548953 -1 -0.689897 0.277666 -1 -0.90394 -0.284777 -0.876901 0.0978119 1 -0.903945 -0.736785 -1 -1 -0.923088 0.355287 0.357639 -0.145432 -0.389023 -1 0.124733 -1 -0.997041 -0.328841 -0.93558 -0.743892 0.727393 -0.318516 -1 -0.155341 -1 -1 -0.333043 -0.451113 -1 -1 -1 1 -1 -1 
-0.154526 -0.493542 -0.36848 0.490924 -1 -0.317762 -0.931395 -1 -0.234372 -0.399008 0.636097 0.283338 -0.528927 0.229793 -0.880547 -0.0807137 -0.193412 -0.406218 -0.793031 -0.195883 0.304314 -0.125376 0.306516 -0.1026 -1 -1 -0.302429 0.116507 0.576069 -1 -1 -0.536008 -0.0208043 -1 -0.255145 -1 -0.605884 -1 0.18874 -0.931199 -1 0.492494 0.0969288 -1 -1 -0.730173 -0.523466 -1 0.0289239 0.962549 -0.811688 -1 0.702892 -0.570527 0.0450579 0.588171 -1 -1 0.145916 1 -0.513621 -0.433627 -1 -1 -0.845752 -1 -1 -0.870685 -0.772267 -1 -0.891474 -0.565919 -1 -0.769815 -0.873255 -0.254427 -0.613966 -1 -0.656345 0.954537 -0.537178 0.741273 -1 -1 -0.637294 -1 -1 0.454317 -1 -0.615343 0.96059 -1 -0.414914 -0.756781 -0.658046 0.0381689 -1 -1 -0.129305 0.0278398 0.281778 -0.112465 -1 -1 0.158536 0.611694 -0.569325 -0.224987 -0.0539418 -0.815082 -1 -1 -0.873869 -1 -0.58665 -1 -0.648664 1 0.282762 0.351487 -1 -0.826016 -0.619359 -1 -1 -0.526848 -0.730446 0.924151 -0.181634 0.285486 -1 -1 0.0678829 0.0306497 0.578095 0.498142 -1 -0.847414 
-1 -0.130848 -1 -0.621588 -0.0773694 -1 0.39632 -0.902532 -1 -0.536442 -1 -0.416143 -0.450562 -0.841645 -1 -0.00887644 -0.864886 -1 0.392865 0.792971 -0.794516 -0.501338 -1 -0.25291 -1 -1 -0.680949 -0.950776 -0.620823 -0.187252 -0.424168 -1 -0.930517 0.914594 -0.362645 -1 -0.278276 -0.809103 -1 -0.987657 -1 -0.945392 -1 0.235188 -1 0.336272 0.720582 -1 -0.938397 -0.215317 -0.991732 -0.0019972 -0.41167 0.0340498 -1 -0.22347 0.445587 -1 0.173566 -1 -1 -0.620643 -0.75432 -1 -0.380571 -1 -0.980317 0.590846 0.380034 -1 0.468064 -1 1 -0.132115 -0.817998 -1 -0.58501 -1 -1 -0.376619 -0.686381 -1 -1 -0.48395 -1 -1 -0.943192 -0.519218 -1 -1 0.65686 -1 -0.763955 -1 -1 -0.32999 -0.526703 -1 -0.548953 -1 -1 0.171028 -1 -1 -0.284777 -0.876901 0.0978119 1 -0.903945 -0.736785 -1 -1 -0.923088 0.355287 0.00213546 -0.145432 -0.966591 -1 0.124733 -1 -0.997041 0.240603 -0.93558 -1 0.727393 -0.750661 -1 -0.155341 -1 -1 -0.333043 -0.0490121 -1 -1 -1 0.564377 -1 -0.925363 
-1 0.238525 -1 -0.211641 -1 -0.657445 -0.591582 -0.914917 -0.631147 -0.984177 -0.652661 -0.140543 -1 -1 -1 -0.845116 -0.224362 -0.200189 -0.163631 0.426952 -1 0.734356 -0.999325 -0.838272 -1 -1 -0.924185 -1 -0.994481 -0.112913 -0.98876 -1 -1 0.297183 -0.236856 -0.988057 -1 -1 -1 -1 -0.915502 -1 0.368811 -1 -1 -0.23576 0.5704 -0.726447 -1 -0.73482 -1 0.685654 -1 -0.528977 0.0929689 -0.633735 0.149528 -1 0.0326204 0.257861 -1 -0.593529 -0.854574 -0.7731 -0.720897 -1 -0.613149 -0.983664 0.872636 -1 -1 -0.376974 0.4283 -0.27906 -1 -0.329395 -0.990011 -0.801884 -1 -0.778693 -1 -0.710522 -0.228292 -1 -1 -0.751871 -0.521491 -1 -1 -1 0.147279 -0.88052 -0.351856 -1 -1 -1 -0.890458 -1 -0.298394 -0.0899773 0.572398 -0.0894713 -1 -1 -0.0300473 -1 -0.496761 0.273098 -1 -0.676169 -0.757161 -1 -0.489785 0.396028 -1 -1 -1 -1 0.188147 0.616514 -0.449961 0.651349 -1 -1 0.38535 -0.852168 -0.227797 0.618099 -1 0.321661 0.4065 -0.669692 -1 -0.221501 -0.795892 -0.640186 -0.496159 -0.541377 
-0.440456 0.153881 -1 -0.0851882 -1 -1 -0.591582 -1 -0.747437 -1 -1 0.14303 -1 -1 -0.807182 -0.149403 -0.164119 -0.00285965 0.234323 0.0408746 -0.731829 0.430845 -1 -1 -1 -1 -1 -1 -1 -0.112913 -0.983348 -1 -1 0.72331 -0.72017 -0.0362307 -0.856859 -1 -1 -1 -0.729761 -0.951805 0.368811 -1 -1 -1 0.772115 -0.857046 -0.584413 -0.73482 -0.805985 0.88102 -0.635656 -0.528977 0.106919 -1 -0.174646 -0.234071 0.160799 -0.0906933 -1 -0.837795 -0.131977 -1 -0.991121 -1 -1 -0.564099 0.872636 -0.89093 -1 0.704477 0.818071 -0.391179 -0.826453 -0.329395 -1 -0.891477 -0.781724 -0.778693 -1 -1 -0.228292 -0.437903 -0.610315 -1 -1 -1 -0.930672 -0.661385 0.417214 -1 -0.590969 -1 -0.746454 -1 -0.881162 -0.348333 -1 0.319909 0.199423 -0.0894713 -1 -0.907167 -0.0759176 -0.776824 -0.496761 0.687964 -1 -0.841814 -0.757161 -1 -0.489785 0.396028 -1 -1 -1 -0.688197 0.449405 0.306564 -0.347125 0.510637 -1 -0.87341 -0.161824 -0.845851 -0.759897 0.442631 -0.849582 -0.327573 0.482033 -0.669692 -1 -0.221501 -0.693276 -1 0.218494 -0.541377 
-0.474388 -0.601904 -1 0.181247 -1 -1 -0.993529 -1 -0.869519 -1 -1 0.183876 -1 -1 -0.972979 0.3522 -0.164119 -0.234132 0.0755001 0.0408746 -1 0.430845 -1 -1 -0.961179 -1 -1 -1 -1 -0.112913 -0.939447 -0.93649 -0.997271 0.72331 -0.259329 -0.31732 -1 -0.939116 -0.946756 -1 -0.915502 -1 0.368811 -0.72479 -0.785267 -0.173553 0.772115 -0.726447 -1 -0.73482 -0.506927 0.685654 -1 -0.563462 0.0929689 -1 -0.462631 -0.152649 -0.826115 -1 -1 -1 -0.131977 -0.835702 -1 -1 -0.613149 -1 0.872636 -1 -1 0.704477 0.818071 -1 -1 -0.329395 -0.990011 -1 -0.906746 -1 -1 -1 -0.841282 -1 -1 -0.945404 -0.124124 -1 -1 -0.710821 0.417214 -0.877552 -0.75383 -0.999869 -1 -1 -1 -0.340533 -0.84417 0.319909 0.0937122 -0.235887 -0.998578 -0.854152 -0.235471 -1 -0.947166 -0.588966 -1 -1 -0.757161 -1 -0.855229 0.301296 -0.361839 -1 -1 -0.866645 -0.106934 0.799157 -0.38548 0.371352 -1 -1 0.386545 -1 -0.921584 0.631567 -1 -0.842835 1 -0.669692 -1 -0.297579 -0.795892 -0.494311 -1 -1 
-0.440456 0.238525 -1 -1 -1 -1 -0.502166 -1 -0.747437 -1 -1 0.183876 -1 -1 -0.751686 -0.040726 -0.164119 -0.101665 0.0755001 0.0408746 -0.731829 0.430845 -1 -1 -1 -1 -0.852943 -1 -1 -0.112913 -1 -0.93649 -1 -0.125746 -0.672948 0.10129 -1 -1 -0.71309 -0.995407 -0.915502 -1 -0.152229 -1 -1 -1 0.772115 -0.726447 -1 -0.923591 -0.364716 0.685654 -1 -0.528977 0.0929689 -1 -0.248581 -0.152649 0.160799 -0.110865 -1 -0.593529 -1 -0.971002 -0.449799 -1 -0.613149 -0.807353 0.994816 -0.89093 -1 0.704477 0.818071 -0.391179 -1 -0.329395 -0.990011 -1 -0.617208 -0.794882 -0.791747 -1 -0.28521 -0.437903 -0.72894 -0.945404 -0.521491 -1 -1 -0.661385 0.0441801 -1 -0.590969 -1 -0.746454 -1 -0.890458 -0.231637 -0.298394 0.319909 -1 -0.926427 -1 -1 -0.768098 -0.776824 -0.496761 0.687964 -1 -1 -0.757161 -1 -1 0.363459 -0.43181 -1 -1 -1 -0.881408 0.799157 -0.347125 -0.478019 -1 -1 -0.0947988 -1 0.214078 0.618099 -1 -0.327573 1 -0.669692 -1 0.0372722 -1 -0.453539 0.218494 -1 
-0.223708 0.238525 -1 -0.261707 -1 -0.657445 -0.591582 -1 -0.631147 -0.938354 -1 0.162558 -1 -1 -0.93808 -0.845116 -0.505805 -0.200189 -0.163631 0.514683 -1 0.407909 -1 -0.838272 -1 -1 -1 -1 -1 -0.112913 -1 -1 -1 0.297183 -0.236856 -1 -1 -1 -1 -1 -0.915502 -1 -0.224584 -1 -1 -0.23576 0.660313 -0.726447 -1 -0.73482 -1 0.685654 -1 -0.43568 0.0929689 -0.633735 -0.0581714 -0.78444 0.0326204 0.257861 -1 -0.593529 -0.621922 -0.971002 -0.720897 -1 -0.613149 -1 0.115294 -1 -1 0.549098 0.418677 -0.43594 -1 -0.329395 -0.990011 -1 -1 -1 -0.791747 -1 -0.228292 -0.240303 -1 -0.859597 -0.875476 -1 -1 -1 0.147279 -0.846305 -0.351856 -1 -0.914808 -1 -0.890458 -1 -0.298394 -0.190093 0.572398 -0.0894713 -1 -1 -0.0300473 -1 -0.496761 0.273098 -1 -0.676169 -0.757161 -1 -0.887554 0.573188 -0.994408 -1 -1 -0.886928 0.188147 0.616514 -0.449961 0.651349 -1 -1 0.38535 -0.852168 -0.155038 0.67818 -1 0.321661 0.4065 -0.669692 -1 -0.221501 -0.889308 -1 -0.496159 -0.942879 
-1 0.238525 -0.910681 -0.0761134 -1 -0.485563 -1 -1 -0.858544 -1 -0.902466 -0.117818 -1 -1 -0.807182 -0.040726 -0.164119 0.0671112 0.223944 0.0408746 -0.731829 0.430845 -1 -0.818416 -0.88677 -1 -1 -1 -0.52624 -0.31453 -1 -1 -1 0.72331 -0.259329 -0.487752 -1 -1 -1 -1 -0.682405 -1 0.100783 -1 -1 -0.88424 -0.537798 -0.726447 -0.611833 -0.683026 -1 0.0221938 -0.981182 -1 0.276766 -0.901664 0.537062 -0.152649 0.160799 -0.677695 -0.609296 -1 -0.131977 -1 -0.427714 -1 -1 -0.575396 0.288251 -1 -1 0.704477 -0.0661717 -0.391179 -1 -1 -0.990011 -0.486331 -0.697512 -0.999575 -0.791747 -1 0.120124 -0.306078 -1 -0.945404 -0.521491 -1 -0.696904 -1 0.417214 -0.823448 -0.590969 -1 -1 -1 -1 -1 -0.913676 0.234833 -0.850571 -1 -1 -1 -0.0759176 -0.930591 -0.420052 0.687964 -1 -1 -0.865787 -1 -1 0.396028 -1 -1 -0.909888 -0.866645 -0.391554 0.605679 -0.668069 0.933261 -1 -1 -1 -1 -0.227797 0.360741 -0.722367 -0.327573 0.568972 -0.857831 -1 -0.221501 -1 -0.0833597 0.218494 -0.541377 
-1 -0.148581 -1 -0.621588 -0.127551 -1 0.39632 -0.768512 -1 -0.536442 -1 -0.416143 -0.450562 -0.841645 -1 -0.124698 -0.958556 -1 0.392865 0.628298 -0.794516 -0.558311 -1 0.131083 -1 -1 -0.943116 -1 -0.820077 0.0907229 -0.0664536 -1 -1 0.974147 -0.362645 -1 -0.278276 -0.543104 -0.658728 -0.57305 -1 -1 -1 0.162202 -1 0.427659 0.720582 -1 -0.669001 0.539072 -0.441755 -0.249634 -0.640474 0.0340498 -1 -0.22347 0.445587 -1 0.173566 0.293743 -1 -0.761231 -0.75432 -1 -0.429567 -1 -0.509063 0.590846 0.380034 -0.580559 0.468064 -0.993078 1 -0.132115 -0.817998 -1 -0.58501 -1 -1 -0.133014 -0.787446 -1 -0.584322 -0.48395 -1 -0.632854 -1 -0.389969 -1 -1 0.65686 -1 -0.763955 -0.848331 -1 -0.297949 -0.260866 -0.38149 -0.548953 -1 -0.724217 0.277666 -1 -1 -0.284777 -0.876901 0.0978119 1 -0.903945 -0.736785 -1 -1 -0.923088 0.355287 0.429653 -0.145432 -0.389023 -1 0.124733 -1 -0.997041 0.240603 -0.93558 -0.743892 0.727393 -0.318516 -1 -0.155341 -1 -1 -0.333043 0.105107 -1 -1 -1 1 -1 -1 
-0.440456 -0.266145 -1 -0.0851882 -1 -1 -0.591582 -1 -0.747437 -1 -1 0.183876 -1 -1 -0.807182 -0.040726 -0.369066 -0.00285965 0.0755001 -0.513322 -0.731829 0.430845 -1 -1 -1 -1 -1 -1 -1 -0.112913 -0.86113 -0.93649 -1 0.398987 -0.259329 0.10129 -1 -1 -0.946756 -1 -0.915502 -0.959952 0.368811 -1 -1 -0.23576 0.349948 -1 -0.584413 -0.955121 -0.509858 0.76964 -1 -0.820202 -0.192324 -1 0.149528 -0.482211 0.160799 0.257861 -1 -0.398025 -0.131977 -0.971002 -0.449799 -1 -0.613149 -0.564099 0.872636 -0.89093 -1 0.704477 0.818071 -0.619222 -1 -0.329395 -0.990011 -1 -0.777177 -0.778693 -0.745162 -1 -0.228292 -0.437903 -1 -1 -0.521491 -1 -1 -0.661385 0.417214 -1 -0.724736 -1 -0.746454 -0.932863 -0.890458 -0.0760616 -0.340785 0.319909 0.808984 -0.0894713 -0.92159 -1 -0.0759176 -0.776824 -0.702886 0.687964 -1 -1 -0.757161 -1 -0.653316 0.102537 -1 -1 -0.958353 -1 0.294084 0.799157 -0.347125 0.371352 -1 -1 0.38535 -1 -0.344811 0.618099 -1 -0.327573 0.526125 -0.669692 -1 -0.0100026 -0.948626 -0.453539 -0.153453 -0.918429 
-0.440456 0.238525 -1 -0.0851882 -1 -1 -0.591582 -1 -1 -1 -1 0.183876 -1 -1 -0.772502 -0.040726 -0.164119 -0.00285965 0.0755001 0.0408746 -0.731829 0.430845 -1 -1 -1 -1 -1 -1 -0.982022 -1 -1 -0.93649 -1 0.269387 -0.259329 0.10129 -0.635662 -0.916671 -0.80165 -1 -0.915502 -1 0.368811 -1 -0.641116 -0.23576 0.772115 -0.726447 -0.584413 -0.669324 -0.364716 0.685654 -0.972748 -0.528977 0.0929689 -1 0.149528 -0.152649 0.160799 0.257861 -1 -0.593529 -0.131977 -0.971002 -0.449799 -1 -0.613149 -1 0.872636 -0.89093 -0.93723 0.704477 0.971724 -0.973495 -1 -0.329395 -0.872163 -1 -1 -0.778693 -0.75722 -1 0.00121477 -0.841605 -1 -0.945404 -0.521491 -1 -1 -0.661385 0.13513 -1 -0.590969 -1 -0.746454 -1 -0.890458 -0.0760616 -0.298394 0.319909 -0.338787 -0.0894713 -1 -1 -0.0759176 -0.776824 -0.875643 0.687964 -1 -1 -0.757161 -1 -0.4535 0.396028 -0.43181 -1 -1 -0.866645 0.294084 0.799157 -0.347125 0.371352 -1 -1 0.38535 -1 -0.227797 0.618099 -1 -0.327573 1 -0.929669 -1 -0.221501 -0.795892 -0.453539 0.218494 -0.541377 
-0.8949 0.238525 -1 -0.0851882 -1 -0.679227 -1 -1 -1 -1 -1 -1 -0.745526 -0.997386 -0.807182 -0.300237 -1 -0.00285965 0.385127 0.0408746 -1 0.430845 -1 -1 -1 -0.855501 -1 -0.995754 -0.840248 -0.112913 -1 -1 -1 0.72331 -0.259329 -0.521705 -1 -1 -1 -1 -1 -1 -0.490803 -1 -1 -0.833338 -1 -0.906068 -0.584413 -0.85501 -0.659521 0.685654 -1 -0.528977 -0.726707 -0.889839 -0.894005 -1 0.160799 0.257861 -0.680397 -0.593529 -0.909787 -0.98096 -0.449799 -0.679662 -0.613149 -0.564099 0.192945 -1 -1 -0.0322093 0.818071 -0.391179 -1 -0.329395 -0.578403 -0.952066 -0.781724 -0.802852 -1 -1 -0.228292 -0.437903 -1 -0.945404 -0.838445 -1 -1 -0.636047 0.0643737 -1 -0.590969 -1 -0.399496 -1 -1 -0.0760616 -0.809185 0.399142 0.466858 -1 -1 -1 -1 -0.9276 -0.243839 -0.363923 -1 -1 -1 -1 -0.768161 -0.441069 -0.681717 -0.62173 -1 -1 0.294084 0.799157 -0.347125 0.0729901 -1 -1 0.38535 -1 -0.331252 0.618099 -1 -0.327573 0.757891 -1 -1 -0.829145 -0.795892 -1 0.276935 -1 
-1 -0.148581 -1 -1 -0.127551 -1 0.281583 -1 -0.878046 -1 -1 -0.416143 -1 -1 -1 -0.931635 -1 -1 -0.00423127 0.610762 -1 -0.558311 -1 -0.144204 -1 -1 -0.749604 -1 -1 0.0907229 -0.427382 -1 -0.953742 1 -1 -1 -0.59547 -0.543104 -1 -0.7212 -1 -0.939994 -1 0.162202 -1 0.427659 0.720582 -1 -0.669001 0.539072 -1 -1 -0.628137 -0.360641 -1 -0.22347 -0.186113 -1 0.245337 -0.892856 -1 -0.61689 -1 -1 -0.429567 -1 -0.614202 0.150715 0.380034 -0.580559 0.468064 -0.993078 0.677351 -1 -1 -1 -0.58501 -1 -1 -0.133014 -0.702135 -1 -0.584322 -0.902338 -1 -0.629179 -1 -0.632443 -0.754104 -1 0.172146 -1 -1 -0.848331 -1 -0.297949 -0.260866 -1 -0.966757 -1 -0.724217 0.160966 -0.850358 -1 -0.349301 -0.876901 0.0978119 1 -0.74698 -0.786013 -1 -1 -0.923088 0.737716 0.49707 0.000564516 -0.730552 -1 0.124733 -1 -1 -0.157093 -1 -0.743892 0.228453 -1 -0.885412 -0.155341 -1 -1 -1 -0.537597 -1 -1 -1 1 -1 -1 
-1 -0.439378 -1 -0.621588 -0.893277 -0.8425 0.39632 -1 -1 -1 -1 -1 -1 -1 -1 -0.124698 -0.958556 -1 0.521798 0.628298 -0.847685 -0.9709 -1 0.131083 -1 -1 -1 -1 -0.820077 0.0907229 -0.699256 -1 -1 -0.157457 -0.771016 -0.866226 -0.278276 -0.801585 -0.983732 -0.719784 -1 -1 -1 -0.420141 -1 0.427659 0.720582 -1 -0.669001 0.539072 -0.441755 -1 -0.286418 0.0340498 -1 -1 -0.255604 -1 0.173566 0.293743 -1 -0.761231 -0.922797 -1 -0.517218 -1 -1 0.562398 0.0969587 -0.400237 -0.0609527 -0.993078 1 -0.132115 -0.817998 -1 -1 -1 -1 0.0849607 -0.787446 -1 -0.70759 -0.691775 -1 -1 -1 -0.389969 -1 -1 0.869258 -1 -0.763955 -1 -0.856924 -0.981128 -0.449855 -0.634052 -0.692385 -1 -0.49278 0.277666 -0.712648 -1 -0.284777 -1 0.0978119 1 -0.998965 -1 -1 -1 -1 0.206336 0.429653 -0.494972 -0.389023 -1 0.124733 -1 -1 -0.156175 -0.93558 -0.743892 0.727393 -0.131206 -1 0.162224 -1 -1 -0.387704 0.0372892 -1 -1 -0.879947 1 -1 -1 
-1 -1 -1 -1 -0.127551 -1 -0.708159 -1 -0.802743 -0.753409 -1 -0.712087 -1 -0.841645 -1 -0.124698 -0.958556 -0.878932 0.052654 0.628298 -0.794516 -0.318177 -0.791802 -0.361256 -1 -0.887405 -1 -1 -0.954369 0.318678 -0.433365 -1 -0.938517 0.974147 -1 -1 -0.394383 -0.97919 -0.482837 -0.57305 -0.727263 -1 -1 -0.228771 -1 0.427659 -0.580509 -0.79181 -0.582754 0.539072 -0.441755 -0.249634 -0.874321 0.0340498 -1 -0.597891 0.551215 -1 0.447257 -0.565701 -0.819546 -1 -1 -1 -0.189676 -1 -0.123548 0.394086 0.784905 -0.758704 0.0125379 -1 -0.0157352 -0.906994 -0.973077 -1 -1 -1 -0.801619 -0.133014 -1 -0.842253 -0.868772 -1 -1 -0.607953 -1 -0.768312 -0.851206 -1 0.65686 -1 -1 -1 -0.890671 -0.297949 -0.260866 -1 -0.548953 -0.937241 -1 -0.51891 -1 -0.781168 -1 -0.876901 -0.266887 1 -0.9977 -1 -1 -1 -0.923088 0.424626 0.611563 0.232873 -1 -0.939392 -0.477665 -1 -0.613025 0.485541 -0.93558 -0.743892 0.153123 -0.387593 -1 -0.155341 -0.666586 -0.916786 -0.383429 0.105107 -1 -1 -1 0.0502055 -1 -0.971352 
-1 -0.728769 -1 -0.581073 -0.127551 -1 0.39632 -1 -1 -0.62616 -1 -0.416143 -0.14437 -0.841645 -1 0.263179 -0.958556 -1 0.185429 0.628298 -1 -0.491145 -1 -1 -1 -1 -0.943116 -1 -0.768385 0.26597 -0.310528 -1 -1 0.828248 -1 -1 -0.296474 -1 -0.658728 -0.57305 -1 -1 -0.825686 0.162202 -0.768919 0.427659 0.720582 -1 -1 0.905097 -1 -0.69354 -1 -0.707001 -0.905425 0.141737 0.445587 -1 0.221374 -0.49363 -1 -0.787165 -1 -1 -0.976206 -1 -1 1 0.380034 -1 0.468064 -0.993078 1 -1 -0.504779 -1 -1 -1 -1 0.00635344 -1 -1 -0.584322 -1 -1 -0.521482 -1 -1 -1 -1 0.65686 -1 -0.763955 -1 -0.705618 -0.243838 -0.644941 -1 -1 -1 -1 0.277666 -1 -1 -0.749459 -0.85934 0.0978119 1 -0.748569 -0.913103 -1 -0.67046 -0.923088 0.355287 -0.0153343 0.480798 -1 -1 0.124733 -1 -0.997041 0.397338 -1 -0.743892 -0.595724 -0.318516 -0.790331 0.0554557 -1 -1 -1 0.247588 -1 -1 -1 1 -0.560111 -1 
-1 0.43232 -0.762737 -1 -1 -1 -1 -0.73937 -1 -1 -0.84436 -0.25636 -1 -1 -0.300648 -0.886736 -1 -0.247274 0.199825 -0.808315 -1 -1 -1 -1 -1 -1 -1 -1 -1 -0.688063 -1 -1 -1 -0.0561854 -0.49113 -0.134464 -1 -0.834311 -1 -1 -1 -1 0.198494 -0.957731 -1 -0.23576 -0.419489 -0.754726 -0.584413 -0.73482 -1 -0.84745 -0.638781 -0.528977 -0.214123 -1 -1 -0.152649 -0.496766 -0.246447 -1 -0.919502 -0.825051 -1 -0.624706 -0.763425 -0.637005 -1 1 -1 -1 -1 1 -1 -1 -0.829964 -1 -1 -1 -1 -1 -1 -1 -1 -1 -1 -1 -1 -1 -0.850748 0.00169349 -1 -0.590969 -1 -0.769604 -1 -1 -0.0760616 0.0857296 -0.733286 0.738954 -0.248458 -1 -1 -0.436945 -1 -1 0.0513585 -0.597053 -1 -0.757161 -1 -1 0.422382 -0.862847 -0.920386 -0.723055 -1 -0.748892 0.799157 -0.879916 0.297415 -1 -0.835015 0.000434935 -1 -0.748601 0.707202 -0.629347 -0.214754 0.50778 -0.90977 -0.782201 -0.646234 -1 -0.453539 -0.732875 -0.971121 
-0.450569 0.238525 -1 -0.0478959 -1 -1 -0.591582 -1 -0.888542 -1 -1 0.183876 -1 -0.837406 -1 -0.040726 -0.164119 -0.00285965 0.0755001 0.0408746 -0.731829 0.430845 -1 -1 -1 -1 -1 -1 -1 -0.112913 -1 -0.93649 -1 0.72331 -0.935428 -0.132701 -0.967573 -1 -0.921571 -1 -0.915502 -1 0.368811 -1 -1 -0.228449 0.772115 -0.726447 -0.584413 -0.73482 -0.364716 0.685654 -0.999834 -0.720236 0.0929689 -1 0.149528 -0.152649 0.160799 0.257861 -1 -0.593529 -0.131977 -0.971002 -0.449799 -1 -0.869709 -0.53048 0.872636 -0.89093 -1 0.704477 0.818071 -0.391179 -1 -0.329395 -0.990011 -0.929424 -0.781724 -0.778693 -0.791747 -1 -0.798693 -0.437903 -1 -0.945404 -0.521491 -0.950981 -0.80387 -0.661385 -0.00704101 -1 -0.590969 -1 -0.746454 -1 -0.870707 -0.572855 -0.298394 0.319909 0.772051 -0.0894713 -1 -1 -0.20351 -0.776824 -0.496761 0.687964 -1 -0.99638 -0.734882 -0.947332 -0.489785 0.396028 -0.561566 -0.787425 -1 -0.76763 0.294084 0.799157 -0.656525 0.371352 -1 -1 0.38535 -1 -0.227797 0.270075 -1 -0.403281 1 -0.669692 -1 -0.221501 -0.795892 -0.453539 0.218494 -1 
-0.247308 0.314229 -1 -0.0912135 -1 -0.296414 -0.591582 -1 -0.818602 -1 -0.916936 0.162558 -0.795974 -1 -1 -1 -1 -0.463868 -0.163631 -0.467256 -0.87573 -0.653161 -1 -0.838272 -1 -1 -1 -1 -0.821848 -0.57792 -1 -1 -1 -0.341404 -0.236856 -1 -1 -1 -0.88088 -0.691702 -0.796419 -1 0.057936 -1 -1 -0.23576 0.87874 -1 -1 -1 -1 0.685654 -1 -0.528977 -0.312234 -1 -0.779642 -0.78444 -0.0277461 0.257861 -1 -0.593529 0.125653 -1 -0.720897 -0.740289 -0.456311 -0.742134 -0.330367 -0.89093 -1 1 0.601983 -0.325687 -1 -0.928425 -0.966438 -1 -1 -1 -1 -1 -0.308061 -1 -1 -0.587463 -1 -0.89353 -0.796607 -1 -0.987463 -1 -0.351856 -1 -1 -1 -0.890458 -1 -1 0.319909 -0.822683 -1 -1 -1 -0.54236 -1 -0.164975 0.273098 -0.940839 -1 -0.975444 -1 -0.531149 0.891931 -1 -0.804428 -1 -1 -0.210228 0.616514 -0.341157 0.651349 -1 -1 0.38535 -0.852168 -1 0.618099 -0.875145 0.563825 0.719498 -1 -1 -0.221501 -0.795892 -1 -0.496159 -0.541377 
-0.328755 0.238525 -1 -0.0851882 -1 -0.657445 -0.591582 -1 -0.839789 -1 -1 0.0687599 -1 -1 -0.836894 -0.845116 -0.0262757 -0.200189 -0.163631 0.426952 -1 0.430845 -0.999325 -0.838272 -1 -1 -1 -1 -1 -0.112913 -1 -0.93649 -1 0.297183 -0.3129 -0.988057 -1 -1 -1 -1 -1 -1 0.368811 -1 -1 -0.23576 0.5704 -0.726447 -1 -0.716332 -1 0.685654 -0.96554 -0.528977 0.0929689 -0.633735 0.149528 -0.78444 -0.251245 0.257861 -1 -0.593529 -0.131977 -0.971002 -0.720897 -1 -0.613149 -1 0.872636 -0.89093 -1 0.895802 0.418677 -0.27906 -1 -0.329395 -0.990011 -1 -1 -0.778693 -0.791747 -0.948341 -0.228292 -0.240303 -1 -0.587463 -0.521491 -1 -1 -1 0.147279 -1 -0.351856 -1 -1 -1 -0.890458 -1 -0.298394 0.319909 0.572398 -0.0894713 -1 -1 -0.0300473 -1 -0.611444 0.273098 -1 -0.676169 -0.757161 -1 -0.489785 0.396028 -1 -1 -1 -0.886928 0.188147 0.506712 -0.449961 0.651349 -1 -1 0.177363 -0.852168 -0.227797 0.694481 -1 0.321661 0.4065 -0.669692 -1 -0.221501 -0.795892 -1 -0.496159 -0.541377 
-0.346463 -0.493542 -0.435794 0.806091 -1 -0.317762 -1 -1 -0.234372 -0.399008 0.636097 1 -0.477386 -0.594577 -1 -0.868006 -0.277763 0.0794479 -0.793031 -0.305058 -0.891667 -0.125376 -0.189735 -0.1026 -1 -1 -0.296211 0.116507 0.427579 -0.890878 -1 -1 0.541337 -0.888089 -0.574888 -0.713954 0.120308 -1 -0.28101 -0.938085 -1 0.492494 0.0969288 -1 -1 -1 -0.767476 -1 1 0.599428 -1 -0.88926 0.702892 0.0320951 0.544425 0.117087 -1 -1 -0.445581 1 -0.0417535 -0.433627 -1 -0.990988 -0.272688 -1 -1 -0.194238 -0.772267 -0.180334 -1 -0.268477 -1 -1 -0.873255 -0.254427 -0.613966 -1 -1 -0.0914674 -0.304826 0.30029 -0.832902 -1 -0.768776 -1 -0.798693 0.440659 -1 -1 0.621384 -1 -0.414914 -0.349802 -1 0.0381689 -0.261524 -1 -0.129305 -0.380349 0.180292 -0.907012 -0.869674 -0.672121 0.158536 -0.0655873 -0.140283 -0.224987 -0.614838 -0.794986 -1 -0.718153 -1 -1 0.027226 -1 -0.995512 1 -0.179934 0.351487 -1 -0.826016 -1 -0.914649 -1 -0.526848 -1 0.32542 -0.243423 0.318726 -1 -1 0.0678829 0.67564 -0.249611 0.498142 -1 -1 
-1 -0.548322 -1 -0.756649 -0.968954 -1 -0.50821 -1 -0.452304 -1 -1 -0.736331 -1 -1 -0.739564 -0.845006 -0.602329 -0.674614 -0.59518 -0.649225 -0.676638 0.580396 -1 -0.901387 -1 -1 -1 -1 -1 -0.481787 -1 -1 -0.966102 -1 -0.986048 -0.988057 -1 -1 -1 -1 -0.915502 -0.74375 -0.357258 -1 -1 -0.785862 -0.596756 -1 -1 -1 -1 0.725396 -1 -1 -0.678052 -1 -0.372471 -1 -0.98884 0.0569465 -1 -0.660246 -0.84699 -0.971002 -0.720897 -0.810377 -1 -1 0.872636 -1 -1 0.26262 -0.925536 -0.912199 -0.970701 -1 -1 -0.647524 -1 -0.778693 -1 -1 -0.178885 -1 -1 -1 -0.817208 -0.843264 -1 -1 -0.165225 -1 -0.201813 -1 -1 -1 -1 -0.690805 -1 -0.557387 0.596819 -1 -1 -0.825309 -1 -1 -0.864241 0.273098 -1 -1 -0.766406 -0.959567 -1 0.510584 -1 -1 -1 -0.886928 -0.185929 0.836087 -0.458609 0.766742 -0.976809 -0.812379 -0.422049 -0.710575 -0.310684 0.271425 -1 -0.75226 0.213396 -1 -1 -0.425673 -1 -0.762452 -0.258139 -0.859236 
-1 -0.0672366 -1 -0.0851882 -1 -1 -0.773835 -1 -0.805491 -1 -1 -0.488994 -1 -0.84611 -0.807182 -0.040726 -0.388789 -0.00285965 0.0755001 0.0408746 -0.617054 0.565136 -1 -0.887345 -1 -1 -1 -0.841346 -1 -0.0698173 -1 -0.93649 -1 0.565284 -0.0357695 0.282018 -0.950169 -1 -1 -1 -0.822832 -0.872149 0.368811 -1 -0.836762 -0.159252 0.277842 -0.726447 -0.643781 -0.887225 -0.574834 0.685654 -1 -0.229815 -0.991937 -1 0.351021 -0.351797 0.313447 -0.0966903 -1 -1 -0.542396 -0.850824 -0.449799 -1 -0.516237 -0.936491 1 -1 -1 -0.369344 -0.543192 -1 -1 -0.756515 -1 -1 -0.781724 -1 -1 -1 -0.168646 -0.437903 -1 -1 -0.564254 -1 -1 -0.643713 0.379325 -1 -0.590969 -1 -0.741928 -1 -1 -0.792696 -0.477191 0.372891 0.772051 0.146332 -1 -1 0.0901181 -1 -1 0.826042 -1 -1 -0.757161 -1 -1 0.396028 -0.952557 -1 -0.826336 -1 -0.71414 0.799157 -0.640658 -0.105095 -1 -1 -0.0487742 -1 -0.810995 0.618099 -1 -0.327573 1 -1 -1 -0.221501 -0.795892 -0.453539 0.125798 -1 
-0.440456 0.43232 -0.762737 -1 -1 -1 -1 -0.73937 -0.957722 -1 -1 -0.25636 -1 -1 -0.300648 -0.886736 -1 -0.247274 0.199825 -0.808315 -1 -0.477972 -1 -1 -1 -1 -1 -1 -1 -0.688063 -1 -1 -1 0.898022 -0.49113 -0.134464 -1 -0.834311 -1 -1 -1 -1 0.198494 -1 -0.854334 -0.23576 -0.419489 -0.754726 -0.584413 -0.73482 -0.906866 -0.84745 -1 -0.528977 -0.214123 -1 -1 -0.152649 -1 0.301499 -1 -0.919502 -0.825051 -1 -0.624706 -0.763425 -0.637005 -1 1 -0.992578 -1 -1 1 -1 -1 -0.829964 -1 -1 -1 -0.884116 -1 -1 -0.980633 -1 -1 -1 -1 -1 -1 -1 0.00169349 -1 -0.848242 -1 -1 -0.994922 -1 -0.0760616 0.0857296 -0.733286 0.738954 -0.248458 -1 -1 0.0504168 -1 -1 0.0513585 -0.630987 -1 -0.757161 -1 -1 0.422382 -0.862847 -0.920386 -1 -1 -0.748892 0.799157 -0.55153 0.297415 -1 -0.774915 0.000434935 -1 -0.748601 0.403815 -0.800348 -0.214754 0.50778 -0.90977 -1 -0.646234 -1 -0.453539 -0.732875 -0.971121 
-0.328755 0.238525 -1 -0.0851882 -1 -0.657445 -0.591582 -1 -0.631147 -1 -1 0.162558 -1 -1 -0.93808 -0.845116 -0.0262757 -0.200189 -0.163631 0.426952 -1 0.430845 -0.999325 -0.838272 -1 -1 -1 -1 -1 -0.112913 -1 -0.93649 -1 0.297183 -0.236856 -0.988057 -1 -1 -1 -1 -0.915502 -1 0.368811 -1 -1 -0.23576 0.5704 -0.726447 -1 -0.73482 -1 0.685654 -1 -0.528977 0.0929689 -0.633735 0.149528 -0.78444 0.0326204 0.257861 -1 -0.593529 -0.131977 -0.971002 -0.720897 -1 -0.613149 -1 0.872636 -0.89093 -1 0.704477 0.418677 -0.27906 -1 -0.329395 -0.990011 -1 -1 -0.778693 -0.791747 -1 -0.228292 -0.240303 -1 -0.587463 -0.521491 -1 -1 -1 0.147279 -1 -0.351856 -1 -1 -1 -0.890458 -1 -0.298394 0.319909 0.572398 -0.0894713 -1 -1 -0.0300473 -1 -0.496761 0.273098 -1 -0.676169 -0.757161 -1 -0.489785 0.396028 -1 -1 -1 -0.886928 0.188147 0.616514 -0.449961 0.651349 -1 -1 0.38535 -0.852168 -0.227797 0.618099 -1 0.321661 0.4065 -0.669692 -1 -0.221501 -0.795892 -1 -0.496159 -0.541377 
-1 -0.148581 -1 -0.621588 -0.127551 -1 0.39632 -0.768512 -1 -0.822482 -1 -0.416143 -0.325338 -1 -1 -0.659821 -1 -1 0.522774 0.628298 -0.794516 -0.558311 -1 0.131083 -1 -0.979419 -0.864397 -1 -0.820077 0.305264 -0.575712 -0.987162 -1 0.545112 -0.258198 -1 -0.231213 -0.543104 -1 -0.57305 -1 -1 -1 0.309744 -1 0.427659 0.442918 -1 -0.731853 -0.0655313 -0.441755 -0.249634 -0.640474 -0.411755 -1 -0.334146 0.445587 -1 -0.179241 -0.262823 -1 -1 -0.75432 -1 -0.433495 -1 -0.509063 0.590846 -0.62422 -1 0.468064 -0.993078 1 -0.580916 -0.994789 -1 -0.916999 -1 -1 -0.133014 -0.787446 -1 -0.299404 -1 -1 -1 -1 -1 -1 -1 0.574654 -0.924487 -1 -1 -1 -0.297949 -0.25205 -0.38149 -0.548953 -1 -1 -0.732669 -1 -0.783378 -0.725357 -1 0.0978119 1 -0.903945 -0.736785 -1 -1 -0.923088 0.284048 -0.0938754 -0.145432 -0.389023 -1 0.124733 -1 -1 0.659083 -0.93558 -0.743892 0.727393 -0.318516 -1 -0.155341 -1 -1 -0.333043 -0.370218 -1 -0.828729 -1 0.84673 -1 -1 
-0.154526 -0.493542 -0.36848 0.490924 -1 -0.317762 -1 -1 -0.234372 -0.399008 0.636097 0.283338 -0.528927 0.229793 -1 -0.0807137 -0.193412 -0.406218 -1 -0.195883 0.304314 -0.125376 0.306516 -0.1026 -1 -1 -0.302429 0.116507 -0.21697 -1 -1 -0.536008 -0.0208043 -1 -0.255145 -1 -1 -1 0.18874 -0.931199 -1 0.492494 0.0969288 -1 -1 -0.730173 -1 -1 0.0289239 0.962549 -0.811688 -1 0.580882 -1 0.0450579 0.588171 -1 -1 0.145916 1 -0.513621 -0.433627 -1 -1 -0.845752 -1 -1 -0.870685 -0.772267 -1 -0.941425 -0.565919 -1 -0.769815 -0.873255 -0.254427 -0.613966 -1 -0.286634 0.954537 -0.537178 0.741273 -1 -1 -0.637294 -1 -1 0.454317 -1 -0.615343 0.96059 -1 -0.414914 -0.756781 -0.658046 -0.736448 -1 -1 0.135243 0.0278398 0.281778 -0.112465 -1 -1 0.158536 0.611694 -0.569325 -0.0729411 -0.0539418 -1 -1 -1 -0.873869 -1 -0.58665 -1 -0.648664 1 0.282762 0.351487 -1 -1 -0.619359 -1 -1 -0.243302 -0.730446 0.924151 0.160367 0.497336 -1 -1 0.0678829 0.0306497 0.578095 0.498142 -1 -0.681568 
-1 -0.122433 -0.808498 -1 -1 -0.89011 -0.591582 -1 -0.747437 -1 -1 0.329456 -0.762915 -0.931494 -0.807182 -0.040726 -1 0.245577 -0.766515 -0.936432 -1 -0.186908 -1 -1 -0.995298 -0.643379 -0.938825 -1 -0.791001 -0.64874 -1 -1 -1 0.72331 -0.761251 -0.823423 -1 -1 -1 -0.797367 -1 -1 0.368811 -1 -1 -0.85514 0.0352707 -1 -1 -0.73482 -0.549077 -0.977254 -1 -1 -0.995028 -0.724784 -1 -0.152649 0.692263 -0.25459 -1 -0.593529 0.0503631 -1 -1 -1 -0.401101 -0.726729 0.872636 -1 -1 0.239687 0.451786 -1 -0.787196 -0.476746 -1 -1 -0.658998 -1 -1 -1 -0.228292 -1 -1 -0.798531 -1 -1 -1 -0.883231 0.668966 -1 -0.94884 -1 -1 -1 -1 -0.0760616 -0.300654 -0.508016 0.543474 0.2914 -1 -1 -0.973432 -1 -0.480822 -0.13077 -0.839231 -1 -0.757161 -1 -0.301646 0.396028 -0.982943 -1 -1 -0.866645 0.434287 1 -0.347125 -0.0756164 -1 -1 0.172398 -0.716307 -0.914008 0.618099 -0.89925 -0.520109 0.564641 -0.669692 -0.705218 -0.221501 -0.795892 -0.46898 0.187371 -1 
-0.762372 0.17797 -1 -0.550602 -1 -1 -0.591582 -1 -0.747437 -1 -1 -0.41954 -1 -1 -0.807182 0.065084 -0.164119 -1 0.22871 0.0408746 -0.731829 0.430845 -1 -1 -1 -1 -1 -1 -1 -0.112913 -1 -0.93649 -0.8593 0.200433 -0.259329 0.10129 -1 -1 -0.800775 -1 -1 -1 0.368811 -1 -1 -0.803916 0.772115 -0.658573 -0.857824 -0.73482 -0.637527 0.144995 -1 -1 0.0929689 -1 0.149528 -0.152649 -0.100348 0.14648 -1 -0.635223 0.00500408 -0.971002 -1 -1 -0.613149 -0.564099 0.320029 -0.945214 -1 0.704477 0.720152 -0.316004 -1 -1 -1 -1 -1 -0.791034 -0.791747 -0.909126 -0.228292 -0.437903 -1 -0.945404 -0.521491 -0.727857 -1 -0.661385 0.487366 -1 -0.590969 -1 -1 -1 -1 -0.0760616 -0.298394 0.319909 0.838273 -0.0894713 -1 -1 -0.0759176 -0.776824 -0.496761 0.342932 -0.717257 -1 -0.573727 -1 -0.335903 0.433941 -1 -1 -1 -0.866645 -0.129497 0.984885 -0.436237 0.371352 -1 -1 -0.313902 -1 -0.227797 0.618099 -1 -0.277842 1 -0.669692 -1 -0.221501 -0.795892 -0.453539 0.218494 -0.541377 
-0.768047 0.238525 -0.75039 -0.0651146 -1 -1 -1 -1 -0.824808 -1 -1 0.193992 -1 -1 -1 -0.040726 -0.662562 -0.818004 0.0755001 -1 -0.744533 1 -1 -0.861177 -1 -1 -1 -1 -1 -0.112913 -1 -1 -1 0.203183 -0.259329 -0.423653 -1 -1 -1 -1 -0.637598 -0.995205 0.331197 -1 -1 -0.00480957 -0.282912 -1 -0.584413 -0.73482 -0.336811 -0.996203 -1 -0.699085 -0.531351 -1 -0.613908 -0.00901607 0.129468 0.0885795 -1 -1 -0.173459 -1 -0.223018 -1 -1 -1 0.716956 -1 -0.917018 0.876507 -0.0831625 -0.598231 -0.990863 -1 -1 -1 -0.990823 -1 -1 -0.61126 -0.799063 -0.421408 -1 -0.609615 -0.836986 -1 -0.741958 -0.485204 -0.318602 -1 -0.519961 -1 -0.917194 -1 -1 -1 -0.818022 0.09539 0.0691235 -0.865314 -1 -0.702263 -0.629936 -1 -0.496761 0.7245 -1 -1 -1 -1 -0.581236 -0.200594 -0.242467 -0.865611 -0.861472 -1 0.41589 0.997251 -0.347125 -0.374903 -1 -0.92385 0.637886 -1 -0.390292 0.730687 -1 -1 1 -1 -1 0.149184 -1 -1 -0.267385 -1 
-0.328755 0.238525 -1 -0.0851882 -1 -0.725304 -0.591582 -1 -0.884152 -1 -1 0.162558 -1 -1 -0.93808 -0.845116 -0.0262757 -0.200189 -0.163631 0.426952 -1 0.430845 -0.999325 -0.838272 -1 -1 -1 -1 -1 -0.112913 -1 -0.93649 -1 0.297183 -0.236856 -0.988057 -1 -1 -1 -1 -1 -1 0.368811 -1 -1 -0.23576 0.5704 -0.726447 -1 -0.73482 -1 0.110849 -1 -0.528977 0.0929689 -0.969507 0.149528 -1 0.0326204 0.257861 -1 -0.593529 -0.131977 -0.971002 -0.781494 -1 -1 -1 0.872636 -0.89093 -1 0.704477 0.418677 -0.198679 -0.980451 -0.329395 -0.990011 -1 -1 -0.778693 -0.791747 -1 -0.228292 -0.240303 -1 -0.587463 -0.969217 -1 -1 -0.869003 0.147279 -1 -0.267983 -1 -1 -1 -0.890458 -1 -0.298394 0.319909 0.572398 -0.0894713 -1 -1 -0.0300473 -1 -0.496761 0.273098 -1 -0.676169 -0.757161 -1 -0.489785 0.396028 -1 -1 -1 -0.886928 0.188147 0.616514 -0.534348 0.651349 -1 -1 0.38535 -0.852168 -0.101058 0.618099 -1 0.321661 0.470246 -0.980868 -1 -0.221501 -0.795892 -1 -0.496159 -0.541377 
-1 -0.757862 -1 -0.621588 -0.127551 -0.791316 -0.73971 -0.768512 -0.972716 -0.688649 -1 -1 -0.450562 -0.841645 -1 -0.232001 -0.958556 -1 0.392865 0.628298 -0.794516 -0.558311 -1 0.131083 -1 -0.801118 -0.943116 -1 -1 0.0907229 -0.0664536 -1 -1 0.567207 -0.362645 -1 -0.651343 -0.543104 -0.658728 -0.57305 -1 -1 -1 0.162202 -1 0.749766 0.720582 -1 -0.669001 0.539072 -0.441755 -0.249634 -0.389166 -1 -0.9469 -0.22347 0.445587 -1 0.173566 0.293743 -1 -0.378581 -0.75432 -1 -0.429567 -1 -0.509063 0.590846 0.380034 -0.488017 -0.513641 -0.993078 1 -0.132115 -0.817998 -0.77024 -0.58501 -1 -1 -1 -0.787446 -1 -0.584322 -0.48395 -1 -0.632854 -1 -0.896205 -1 -1 0.65686 -1 -0.763955 -0.848331 -1 -0.297949 -0.260866 -0.38149 -0.489787 -1 -0.724217 0.277666 -1 -1 -1 -0.876901 0.0978119 0.89352 -0.903945 -0.676573 -1 -1 -0.923088 0.355287 0.429653 0.0239545 -0.389023 -1 0.124733 -1 -1 0.240603 -0.93558 -0.98068 0.727393 -0.318516 -1 -0.155341 -1 -1 -0.333043 0.105107 -1 -0.786762 -1 1 -1 -1 
-0.431653 0.17797 -1 -0.551684 -1 -1 -0.791188 -1 -0.747437 -1 -1 -0.41954 -1 -0.916205 -1 0.065084 -0.164119 -0.503002 0.292231 -0.389906 -0.731829 0.430845 -1 -1 -1 -0.815768 -1 -0.93524 -1 -0.112913 -1 -0.93649 -0.893548 -0.0420644 -0.259329 0.10129 -1 -1 -0.600745 -1 -1 -1 0.235062 -1 -1 -0.23576 0.772115 -1 -0.584413 -0.73482 -0.637527 0.144995 -1 -1 0.0370771 -1 -0.656979 -0.472966 -0.100348 -0.0120371 -1 -0.635223 0.00728293 -0.971002 -1 -1 -0.613149 -0.564099 0.320029 -0.89093 -0.644392 0.704477 0.144289 -0.391179 -0.917962 -1 -0.990011 -1 -1 -0.778693 -0.791747 -1 -0.960901 -0.437903 -0.853219 -1 -0.521491 -0.822356 -1 -0.661385 0.417214 -1 -0.590969 -1 -1 -1 -1 -0.0760616 -0.132043 0.319909 0.709353 -0.0894713 -1 -1 -0.0759176 -1 -0.496761 0.175688 -0.717257 -1 -1 -1 -0.335903 -0.0200048 -0.632894 -0.788327 -1 -0.866645 -0.0306974 0.888633 -0.436237 0.371352 -1 -1 -0.313902 -1 0.0779513 0.618099 -1 -0.327573 1 -1 -1 -0.221501 -0.795892 -0.453539 0.218494 -0.541377 
-0.836249 0.238525 -1 -0.0851882 -1 -1 -1 -1 -1 -1 -1 -0.986447 -0.745526 -0.997386 -0.807182 0.318424 -1 -0.233101 0.0755001 0.0408746 -0.731829 -0.023749 -1 -1 -1 -1 -1 -1 -1 -0.112913 -0.937048 -1 -1 0.72331 -0.259329 -0.521705 -1 -1 -1 -0.952042 -1 -1 0.683916 -1 -1 0.12786 -1 -0.726447 -0.584413 -0.965454 -0.659521 0.685654 -1 -0.528977 -0.407531 -1 -0.894005 -1 0.160799 0.257861 -1 -0.593529 -0.909787 -0.98096 -0.449799 -1 -0.613149 -0.564099 0.872636 -0.89093 -1 0.125291 0.818071 -0.391179 -1 -0.329395 -1 -1 -0.781724 -0.742321 -0.791747 -1 -0.228292 -0.437903 -1 -0.945404 -0.558275 -1 -1 -1 0.647116 -1 -0.590969 -0.944251 -0.399496 -1 -0.890458 -0.0760616 -1 0.319909 0.466858 -0.401212 -1 -1 -0.810072 -0.776824 -0.243839 0.687964 -1 -1 -1 -1 -0.768161 0.396028 -0.43181 -0.627637 -1 -1 0.294084 0.799157 -0.347125 0.202124 -1 -1 0.38535 -1 -0.331252 0.618099 -1 -0.327573 1 -0.768894 -1 -0.829145 -0.795892 -1 -0.315299 -0.541377 
-0.440456 0.238525 -1 -0.291068 -1 -1 -0.591582 -1 -0.747437 -1 -1 0.0521791 -1 -0.944231 -0.807182 -0.040726 -0.164119 -0.00285965 0.0755001 0.0408746 -0.731829 0.430845 -1 -1 -1 -1 -1 -0.847161 -1 -0.0615641 -1 -1 -1 0.72331 -0.259329 0.10129 -1 -1 -0.946756 -1 -1 -1 -0.156437 -1 -1 -0.31772 0.772115 -0.726447 -0.584413 -0.73482 -0.364716 0.685654 -1 -0.528977 -0.0570351 -1 0.149528 -0.152649 -0.233171 0.257861 -1 -0.593529 -0.602047 -0.971002 -0.449799 -1 -0.613149 -0.564099 0.872636 -0.89093 -1 0.704477 0.818071 -0.368003 -1 -0.329395 -1 -1 -0.628199 -0.778693 -0.883334 -1 -0.228292 -0.560116 -1 -0.945404 -0.521491 -1 -1 -0.661385 0.417214 -1 -0.590969 -1 -1 -1 -0.890458 -0.0760616 -0.298394 0.319909 0.772051 -0.542585 -1 -1 -0.0759176 -0.776824 -0.496761 0.687964 -1 -1 -0.757161 -1 -0.489785 0.396028 -0.43181 -1 -1 -0.998222 0.294084 0.799157 -0.347125 0.371352 -1 -1 0.38535 -1 -0.493018 0.618099 -1 -0.327573 1 -0.669692 -1 -0.221501 -0.795892 -0.453539 0.218494 -0.541377 
-0.328755 0.238525 -1 -0.0851882 -1 -0.881041 -0.578233 -1 -0.631147 -1 -1 -0.446446 -1 -1 -0.93808 -1 -0.0262757 -0.200189 -0.163631 0.426952 -1 0.430845 -0.999325 -0.838272 -1 -1 -1 -0.886811 -1 -0.112913 -1 -0.93649 -1 0.246592 -0.236856 -0.988057 -0.936208 -1 -1 -1 -1 -1 0.368811 -1 -1 -0.23576 -0.40266 -0.726447 -1 -0.73482 -1 0.685654 -1 -1 0.0929689 -0.633735 0.149528 -0.776643 -0.324059 0.257861 -1 -0.593529 -0.385073 -0.971002 -0.720897 -1 -0.613149 -1 0.872636 -0.89093 -0.942032 0.126191 0.187291 -0.700223 -0.850881 -0.167674 -1 -1 -1 -0.778693 -0.717582 -1 -0.228292 -0.240303 -1 -0.847165 -0.521491 -1 -1 -0.878714 0.147279 -1 -0.842728 -1 -1 -1 -0.890458 -1 -0.298394 0.319909 0.572398 -0.0507502 -1 -0.926929 -0.0300473 -1 -0.496761 0.273098 -0.945564 -0.676169 -0.757161 -1 -1 0.396028 -1 -1 -1 -0.886928 0.188147 0.616514 -0.449961 0.651349 -1 -1 0.38535 -0.852168 -0.227797 0.618099 -1 0.501298 0.366158 -0.669692 -0.991129 -0.73981 -0.795892 -1 -0.341077 -0.541377 
0.187688 -0.3782 -0.221757 -1 -1 -1 0.781082 0.293953 -0.0613152 -1 -0.576239 0.221715 0.661359 -1 -1 -0.703149 -0.20578 0.550991 -0.43105 0.233167 -0.476937 -1 -0.241691 -1 0.842548 -0.861984 0.915689 -1 -1 -0.901314 0.18025 0.803438 0.00962219 -0.429418 0.548591 0.348914 -1 -0.627895 -0.33495 -0.45276 -0.689472 -0.736928 0.89197 -0.123406 -0.883048 0.346295 -0.186041 0.766755 -0.162427 -0.279303 -0.404868 -0.359801 -0.0860254 -0.361957 -1 -1 0.988337 -0.851807 -1 -0.784471 -0.745887 -1 -0.356521 -1 -0.394621 -1 0.178251 0.90723 -1 -0.0583784 -0.0896713 -0.648974 0.892789 -0.293097 -0.620577 -0.281019 -0.509235 0.837233 -0.89673 -1 -0.923678 -0.892788 -1 0.0339858 -1 -1 0.229644 0.307864 0.867775 -1 0.0734192 -0.76865 0.284532 -0.901823 -0.869183 0.369843 -0.18824 -0.501311 -1 -0.771733 -1 -0.294032 -0.556816 0.0567107 -1 -0.0510699 0.730914 0.169658 0.474634 -0.444682 -0.968522 -0.044625 -0.967875 -0.952943 -1 -1 -1 -1 0.944339 0.627532 -0.771569 0.373805 0.844483 0.0857505 -0.837645 -1 0.178434 -0.38617 0.869424 0.14052 0.220911 0.309575 -0.0369826 -0.159576 0.132619 -1 -0.364202 -0.694999 
-0.440456 0.238525 -1 -0.398279 -0.952549 -0.70724 -1 -0.777669 -1 -0.832059 -0.829751 0.151934 -1 -1 -0.807182 -0.774595 -0.164119 -0.0522162 0.0755001 -0.546171 -0.731829 0.484191 -1 -1 -1 -1 -1 -1 -1 -0.112913 -1 -0.652788 -1 0.72331 -0.661754 -0.193812 -1 -1 -0.946756 -1 -1 -0.980746 0.368811 -1 -1 -0.23576 0.772115 -0.726447 -1 -0.73482 -1 0.685654 -1 -0.893306 0.0929689 -1 0.149528 -0.589901 -1 0.257861 -1 -0.593529 -0.547896 -0.971002 -0.449799 -1 -0.844722 -0.564099 0.872636 -0.89093 -1 -0.267231 0.108457 -0.391179 -1 -0.658792 -0.990011 -0.827775 -0.781724 -0.778693 -0.791747 -1 -0.0186011 -0.437903 -1 -1 -1 -1 -1 -1 0.1333 -1 -0.754803 -1 -0.746454 -1 -0.890458 -0.694273 -0.638768 0.319909 0.867466 -0.735784 -1 -0.823286 -0.293609 -1 -1 -0.022824 -1 -1 -1 -1 -0.889458 0.396028 -0.43181 -1 -1 -0.866645 0.294084 0.877734 -1 0.371352 -1 -1 0.38535 -0.871479 -0.013873 0.666736 -1 -1 0.802035 -0.669692 -1 -0.550024 -1 -0.453539 -0.193149 -1 
-0.474388 -0.337012 -1 -0.0851882 -1 -1 -0.591582 -1 -0.869519 -1 -1 0.183876 -1 -1 -0.807182 0.250116 -0.164119 -0.00285965 0.0755001 0.0408746 -0.731829 0.430845 -1 -1 -1 -0.882437 -1 -1 -1 -0.420217 -0.939447 -0.93649 -0.997271 0.72331 -0.259329 0.102542 -1 -0.809505 -0.946756 -1 -0.915502 -1 0.368811 -1 -0.785267 -0.647412 0.772115 -0.726447 -0.96375 -0.73482 -0.364716 0.685654 -1 -0.528977 0.0929689 -1 -0.701294 -0.339313 0.160799 0.257861 -1 -0.593529 -0.431029 -1 -0.943954 -1 -0.993838 -0.564099 0.872636 -1 -1 0.268616 0.818071 -0.391179 -1 -0.299501 -1 -1 -1 -1 -0.806988 -1 -0.228292 -0.718614 -1 -0.945404 -0.84644 -1 -1 -0.661385 0.0302939 -1 -0.624661 -1 -0.93988 -1 -1 -0.149603 -1 0.319909 0.882043 -0.306805 -1 -1 -0.235471 -1 -0.496761 0.246115 -1 -1 -0.757161 -0.909644 -0.954192 0.128218 -1 -1 -1 -0.866645 -0.106934 0.799157 -0.394684 0.371352 -1 -1 0.386545 -1 -0.46072 0.618099 -1 -0.842835 1 -0.669692 -1 -0.021957 -0.795892 -0.551794 -0.298995 -1 
-0.571572 0.238525 -1 -0.0851882 -0.881316 -1 -1 -1 -0.747437 -0.993832 -1 0.183876 -1 -1 -0.635832 -0.352626 -1 0.241211 0.149366 0.0408746 -0.731829 0.682448 -1 -1 -1 -0.596806 -1 -0.503886 -0.819009 -0.811168 -1 -1 -0.78142 0.72331 -0.259329 0.131991 -0.888156 -1 -1 -0.964181 -0.762219 -1 0.323762 -1 -1 -1 1 -0.699945 -0.673887 -1 -1 0.685654 -1 -0.528977 0.0929689 -1 -0.340992 -0.152649 0.551387 0.257861 -0.858879 -0.827942 -1 -0.765741 -0.411643 -1 -0.613149 -0.564099 0.872636 -0.89093 -0.741131 0.795835 0.818071 -0.483454 -1 -0.610506 -0.789237 -1 -0.781724 -0.993057 -1 -0.657435 -0.430537 -1 -1 -0.694713 -1 -1 -1 -1 0.417214 -1 -0.87723 -1 -0.711701 -1 -0.890458 -0.856019 -0.927308 0.319909 -0.28157 -0.0894713 -1 -0.974999 -0.0759176 -0.776824 -1 0.821909 -1 -0.808573 -0.757161 -0.907808 -1 0.385974 -0.739941 -0.849091 -0.97017 -1 0.294084 0.216886 -0.347125 0.529714 -0.87844 -1 -1 -1 -0.227797 0.0545403 -1 -0.327573 1 -1 -1 -0.298336 -1 -1 0.218494 -0.555948 
-0.571572 0.238525 -1 -0.0851882 -1 -1 -0.196994 -1 -0.747437 -1 -1 -0.839349 -1 -1 -0.807182 0.170466 -0.164119 -0.869481 0.149366 -0.424778 -0.731829 0.614456 -1 -1 -1 -0.902431 -0.617521 -1 -1 -0.811168 -0.859513 -0.93649 -0.704027 0.40155 -0.171438 0.131991 -0.888156 -1 -1 -1 -1 -1 -0.697594 -0.887397 -1 -0.990723 1 -0.726447 -0.608875 -1 -1 1 -1 -1 0.0929689 -1 -1 -0.152649 0.551387 0.257861 -1 -0.593529 -1 -0.971002 -0.613653 -1 -0.613149 -0.564099 0.102578 -0.89093 -1 0.704477 0.818071 -1 -1 -0.538425 -0.465824 -1 -1 -0.907791 -0.791747 -1 -1 -1 -0.854681 -1 -0.50488 -1 -1 -0.661385 0.417214 -1 -1 -0.813345 -0.584463 -1 -1 -0.334719 -1 0.319909 0.38912 -0.184097 -1 -1 -0.214742 -0.776824 -1 0.687964 -1 -0.901658 -0.473874 -0.850929 -0.885883 0.255464 -0.101306 -1 -0.680952 -0.822195 0.294084 1 -0.347125 0.626963 -0.87844 -1 -1 -0.924137 -0.227797 0.986685 -0.895279 -0.327573 -0.115212 -1 -1 -0.298336 -0.632214 -0.808512 -0.251514 -0.555948 
-0.440456 -0.285889 -1 -0.305787 -1 -1 -0.573268 -0.777669 -1 -1 -0.586206 0.334268 -1 -0.968668 -0.807182 -0.32517 -0.164119 -0.00285965 -0.232641 -0.843346 -1 0.484191 -1 -1 -1 -1 -0.799024 -1 -0.945791 0.194476 -1 -0.93649 -1 0.72331 -0.259329 0.23036 -1 -1 -0.971873 -1 -1 -0.975577 0.368811 -1 -1 -0.23576 0.772115 -1 -1 -0.73482 -0.811279 0.685654 -1 -0.212597 0.0929689 -1 0.149528 0.0503469 0.160799 -0.103665 -1 -0.992752 -0.655149 -0.971002 -0.449799 -1 -0.824673 -1 0.872636 -1 -0.970142 -0.514155 -0.476768 -0.298448 -1 -1 -0.990011 -1 -1 -0.562029 -0.791747 -1 -0.228292 -0.15774 -1 -1 -1 -0.81911 -1 -1 0.187928 -1 -0.445267 -1 -0.746454 -1 -0.890458 -0.697705 -1 0.319909 0.940201 -0.595733 -1 -0.823286 -0.293609 -1 -0.496761 0.687964 -1 -1 -1 -0.810801 -0.489785 0.396028 -1 -1 -1 -1 0.294084 0.799157 -0.347125 0.710974 -0.808568 -1 0.38535 -1 -0.481717 0.905614 -1 -0.901472 1 -0.787659 -1 -0.221501 -1 -0.453539 -0.0400623 -1 
-1 -1 -1 -1 -0.127551 -1 -0.708159 -0.97464 -1 -0.639008 -0.748787 -1 -0.774063 -0.841645 -1 -0.124698 -1 -0.625837 0.392865 0.628298 -0.402781 -0.318177 -1 -0.884354 -1 -1 -1 -0.927629 -0.954369 0.318678 -0.433365 -1 -1 0.974147 -1 -1 -0.394383 -1 -1 -0.57305 -1 -1 -1 -0.803571 -1 0.427659 -1 -1 -1 -0.176115 -1 -1 -1 -0.845955 -1 -1 0.198096 -1 0.447257 -0.887244 -1 -1 -0.801666 -1 -0.189676 -1 -0.123548 -0.560732 -0.214513 -0.556403 -0.341998 -1 -0.0157352 -0.695288 -1 -1 -1 -1 -0.801619 -0.438954 -1 -0.842253 -1 -1 -1 -0.636033 -1 -0.768312 -1 -1 0.354196 -1 -1 -1 -0.890671 -0.297949 -0.629527 -1 -0.548953 -1 -1 -0.51891 -1 -0.781168 -0.902801 -0.876901 -0.266887 1 -0.602717 -1 -1 -0.857805 -1 0.424626 -0.110146 0.232873 -1 -0.939392 0.107822 -0.739292 -1 0.485541 -0.93558 -0.743892 0.153123 -0.387593 -1 -0.155341 -0.666586 -0.873549 -0.383429 0.105107 -1 -1 -1 0.182348 -1 -0.971352 
-0.265985 0.238525 -0.786816 -1 -0.960344 -1 -0.989146 -1 -1 -1 -1 -0.488994 -1 -0.84611 -0.980116 -0.040726 0.0710634 -0.00285965 0.0755001 -0.251978 -0.836977 0.510317 -1 -1 -0.806365 -1 -0.945599 -1 -1 -0.112913 -0.807961 -1 -1 0.473701 -0.749308 -0.822376 -1 -1 -0.727901 -1 -1 -0.797681 0.71777 -0.816006 -1 -0.23576 0.772115 -0.726447 -0.965072 -0.65754 -0.826245 0.685654 -1 -0.531389 -0.501166 -1 0.149528 -0.152649 0.160799 0.257861 -0.876776 -1 -0.97034 -0.933078 -0.355991 -1 -0.613149 -0.564099 1 -1 -1 -0.269032 0.956049 -0.916541 -1 -0.628503 -1 -0.902994 -0.883486 -1 -1 -1 -0.251776 -0.437903 -1 -1 -0.647468 -1 -1 -1 0.216903 -1 -0.590969 -1 -1 -1 -1 -1 -0.298394 0.0818779 -0.462288 -0.797245 -1 -1 0.21144 -1 -0.496761 0.826042 -1 -1 -0.757161 -1 -0.367658 0.253877 -1 -1 -1 -0.857713 0.286387 0.799157 -0.347125 0.371352 -1 -1 -0.0645582 -1 -1 0.601377 -1 -0.327573 0.544913 -1 -0.826025 0.129171 -1 -0.453539 -0.0223287 -1 
-1 -1 -1 -0.621588 -0.127551 -1 0.39632 -0.768512 -1 -0.536442 -1 -0.416143 -0.450562 -0.841645 -1 -0.51663 -0.958556 -1 -0.026772 0.628298 -0.794516 -0.558311 -1 0.131083 -1 -1 -1 -1 -1 0.0907229 -0.446332 -1 -1 0.974147 -0.438052 -1 -0.278276 -0.543104 -0.658728 -0.57305 -1 -1 -1 0.162202 -1 0.427659 0.720582 -1 -0.669001 0.539072 -0.441755 -0.249634 -0.85537 0.0340498 -1 -0.22347 0.445587 -1 0.173566 0.293743 -1 -0.761231 -0.75432 -1 -0.429567 -1 -0.509063 0.590846 0.380034 -0.807015 0.468064 -0.993078 0.975898 -0.132115 -0.817998 -1 -0.58501 -1 -1 -0.133014 -0.787446 -1 -0.584322 -0.48395 -1 -0.726304 -1 -0.389969 -1 -1 0.65686 -1 -0.763955 -0.848331 -1 -0.297949 -0.260866 -0.38149 -0.548953 -1 -0.724217 0.277666 -0.994402 -1 -0.284777 -0.876901 0.0978119 0.730643 -0.903945 -0.736785 -1 -1 -0.923088 0.355287 0.429653 -0.145432 -0.389023 -1 0.32359 -1 -0.997041 0.240603 -0.93558 -1 0.727393 -0.318516 -1 -0.155341 -1 -1 -0.333043 0.105107 -1 -1 -1 1 -1 -0.795161 
-0.440456 0.106975 -1 -0.0851882 -1 -1 -0.591582 -1 -0.747437 -1 -1 0.0521791 -1 -0.944231 -0.807182 -0.040726 -0.164119 -0.00285965 0.0755001 0.0408746 -0.731829 0.430845 -1 -1 -1 -1 -1 -0.847161 -1 -0.0615641 -1 -1 -1 0.72331 -0.259329 0.10129 -1 -1 -0.946756 -1 -1 -1 0.368811 -1 -1 -0.572328 0.331032 -0.726447 -0.93285 -0.73482 -0.364716 0.685654 -1 -0.431967 0.0929689 -1 0.149528 -0.152649 -0.233171 0.257861 -1 -0.593529 -0.602047 -0.971002 -0.449799 -1 -0.863287 -0.564099 0.872636 -0.788782 -1 0.704477 0.818071 -0.391179 -1 -0.329395 -0.990011 -1 -0.781724 -0.778693 -0.883334 -1 -0.228292 -0.560116 -1 -0.945404 -0.521491 -1 -1 -0.661385 0.417214 -1 -0.590969 -1 -0.746454 -1 -0.890458 -0.0760616 -0.572087 0.319909 0.772051 -0.542585 -1 -1 -0.262862 -0.776824 -0.496761 0.687964 -1 -1 -0.923985 -1 -0.489785 0.396028 -0.43181 -1 -1 -0.866645 0.294084 0.799157 -0.347125 0.371352 -1 -1 0.38535 -1 -0.227797 0.618099 -1 -0.327573 1 -0.850359 -1 -0.221501 -1 -0.453539 0.218494 -0.541377 
-1 0.251407 -1 -0.398913 -1 -1 -0.591582 -1 -0.974175 -1 -1 0.183876 -1 -1 -0.838244 0.0996534 -0.764829 -0.00285965 0.00371195 -0.00141728 -0.731829 0.515659 -1 -1 -1 -1 -1 -0.876051 -1 -0.513015 -1 -1 -0.78969 0.72331 -0.259329 0.10129 -0.960478 -1 -1 -1 -0.688654 -1 -0.147547 -1 -1 -0.0909733 0.734339 -1 -0.584413 -1 -0.634569 -0.252356 -1 -0.528977 -0.267147 -1 -0.0844576 -0.336285 0.160799 -0.0460116 -1 -0.593529 -0.465922 -0.931143 -0.449799 -1 -0.800794 -0.946589 0.563077 -1 -1 0.665693 0.818071 -0.90443 -1 -0.177947 -0.990011 -1 -0.781724 -0.778693 -0.791747 -1 -0.228292 -0.322086 -1 -1 -0.682526 -1 -1 -0.830552 0.0582306 -1 -0.590969 -1 -1 -1 -0.890458 -0.0760616 -0.298394 -0.420454 0.944317 -0.265699 -1 -1 -0.0759176 -1 -1 0.0232398 -0.823376 -1 -0.757161 -1 -0.489785 0.477226 -0.43181 -1 -0.872624 -1 0.294084 0.685311 -0.70297 0.593438 -1 -1 0.278762 -1 -0.0694661 0.40335 -1 -0.283715 0.44162 -1 -1 -0.221501 -0.795892 -0.453539 0.0448023 -1 
-0.328755 0.238525 -1 -0.0851882 -1 -0.657445 -0.591582 -0.914917 -0.631147 -1 -1 -0.140543 -1 -1 -0.93808 -0.845116 -0.0262757 -0.200189 -0.163631 0.426952 -1 0.430845 -0.999325 -0.838272 -1 -1 -0.924185 -1 -0.994481 -0.112913 -0.98876 -0.93649 -1 0.297183 -0.236856 -0.988057 -1 -1 -1 -1 -0.915502 -1 0.368811 -1 -1 -0.23576 0.5704 -0.726447 -1 -0.73482 -1 0.685654 -1 -0.528977 0.0929689 -0.633735 0.149528 -0.78444 0.0326204 0.257861 -1 -0.593529 -0.131977 -0.7731 -0.720897 -1 -0.613149 -1 0.872636 -0.89093 -1 0.704477 0.4283 -0.27906 -1 -0.329395 -0.990011 -0.801884 -1 -0.778693 -0.791747 -1 -0.228292 -0.240303 -1 -0.587463 -0.521491 -1 -1 -1 0.147279 -1 -0.351856 -1 -1 -1 -0.890458 -1 -0.298394 0.339821 0.572398 -0.0894713 -1 -1 -0.0300473 -1 -0.496761 0.273098 -1 -0.676169 -0.757161 -1 -0.489785 0.396028 -1 -1 -1 -0.886928 0.188147 0.616514 -0.449961 0.651349 -1 -1 0.38535 -0.852168 -0.227797 0.618099 -1 0.321661 0.4065 -0.669692 -1 -0.221501 -0.795892 -1 -0.496159 -0.541377 
-0.328755 -0.400956 -1 -0.396172 -1 -0.657445 -0.591582 -1 -1 -1 -0.978558 -0.130205 -1 -0.807994 -1 -1 -0.181697 -0.945376 -0.309742 0.426952 -1 0.430845 -0.744077 -0.758414 -0.826088 -1 -0.94431 -1 -1 -0.112913 -1 -0.93649 -1 0.170264 -1 -0.988057 -0.513173 -1 -1 -1 -1 -1 0.319423 -1 -1 -1 0.5704 -1 -1 -1 -0.770263 -0.102913 -0.963111 -0.935912 -0.899147 -0.794503 0.149528 -1 -0.339827 0.257861 -1 -0.587542 -1 -1 -0.811328 -1 -0.613149 -1 -0.836101 -0.89093 -1 0.704477 0.359752 -1 -1 -0.198512 -0.990011 -1 -1 -1 -1 -1 -0.312203 -0.240303 -1 -0.587463 -0.521491 -1 -1 -1 -0.340456 -1 -0.47625 -1 -0.997791 -1 -0.890458 -1 -1 0.319909 0.145804 -0.0894713 -1 -1 -0.0300473 -0.934046 -0.524925 -0.275301 -0.872564 -1 -0.757161 -1 -1 0.396028 -1 -1 -1 -0.886928 -0.996429 0.0399634 -0.449961 0.651349 -1 -0.857336 0.563607 -0.852168 -0.959182 0.618099 -1 0.229428 0.703648 -0.669692 -1 -0.221501 -0.795892 -1 -1 -1 
-1 -0.148581 -1 -0.621588 -0.127551 -1 -0.315082 -1 -1 -1 -1 -0.416143 0.0254646 -0.841645 -1 -0.124698 -0.72861 -1 0.330497 0.628298 -1 -0.491145 -1 -1 -1 -1 -1 -1 -0.718927 0.26597 -0.310528 -1 -1 0.828248 -1 -1 -0.296474 -1 -0.658728 -0.57305 -1 -1 -1 0.162202 -1 0.427659 0.720582 -1 -0.542155 0.539072 -1 -0.69354 -1 -0.707001 -1 0.141737 0.445587 -1 0.173566 0.293743 -1 -0.787165 -1 -1 -0.880631 -1 -1 0.859291 0.380034 -1 -0.0890549 -1 1 -1 -0.571315 -1 -0.485762 -1 -1 -0.0183642 -0.787446 -1 -0.79168 -1 -0.626778 -1 -1 -1 -1 -1 0.65686 -1 -0.763955 -0.848331 -0.705618 -0.243838 -0.170879 -1 -1 -1 -1 0.277666 -1 -1 -1 -0.85934 0.0978119 0.639083 -0.504381 -1 -1 -0.67046 -0.923088 0.355287 0.429653 -0.320718 -1 -1 0.124733 -1 -0.997041 0.397338 -1 -0.743892 0.286752 -0.318516 -1 -0.185494 -1 -1 -1 0.247588 -1 -1 -1 1 -0.909541 -1 
-1 -0.177201 -1 -0.621588 -0.127551 -1 0.39632 -1 -0.975869 -0.536442 -1 -0.416143 -0.450562 -0.841645 -1 -0.234319 -0.989777 -1 0.392865 0.792971 -1 -0.512339 -1 -0.25291 -1 -1 -0.680949 -0.950776 -0.561279 -0.187252 -0.424168 -1 -0.889189 0.914594 -0.362645 -1 -0.278276 -0.809103 -0.65512 -1 -1 -1 -1 -0.373352 -1 -0.047252 0.720582 -1 -0.669001 -0.215317 -0.991732 -0.0019972 -0.463964 0.0340498 -1 -0.22347 0.445587 -0.957423 0.173566 -0.306741 -1 -0.433083 -1 -1 -1 -1 -1 0.590846 0.380034 -1 0.468064 -0.755959 1 -0.132115 -0.817998 -1 -0.83525 -1 -1 -0.376619 -0.787446 -1 -0.584322 -0.48395 -1 -0.878312 -1 -0.389969 -1 -1 0.65686 -0.936471 -0.763955 -1 -1 -0.562991 -0.526703 -0.38149 -0.745377 -1 -1 0.277666 -1 -1 -0.284777 -0.876901 0.0978119 1 -1 -0.736785 -1 -1 -0.923088 0.355287 0.00213546 -0.145432 -0.966591 -1 0.124733 -1 -0.997041 0.240603 -0.93558 -1 0.727393 -0.0798695 -1 -0.155341 -1 -1 -0.0240687 -0.0144813 -1 -1 -1 -0.3292 -1 -1 
-0.440456 0.238525 -1 -0.0851882 -1 -1 -0.591582 -1 -0.747437 -1 -1 0.183876 -1 -1 -0.807182 -0.040726 -0.164119 -0.00285965 0.0755001 0.0408746 -0.731829 0.430845 -1 -1 -1 -1 -1 -1 -1 -0.112913 -0.881076 -0.93649 -1 0.72331 -0.259329 0.10129 -1 -1 -0.946756 -1 -0.915502 -1 0.368811 -1 -1 -0.23576 0.772115 -0.726447 -0.584413 -0.73482 -0.364716 -0.122822 -1 -0.528977 0.0929689 -1 -0.114442 -0.152649 0.160799 0.490535 -1 -1 -0.131977 -1 -0.449799 -0.791023 -0.613149 -0.564099 0.872636 -0.89093 -1 0.843569 0.818071 -0.199893 -1 -0.329395 -0.990011 -1 -0.781724 -0.778693 -0.791747 -1 -0.810359 -0.437903 -1 -0.945404 -0.875025 -1 -1 -0.661385 0.417214 -1 -0.590969 -1 -0.746454 -1 -1 -0.85431 -0.298394 0.319909 0.772051 -0.0894713 -1 -1 -0.410299 -0.776824 -0.159204 0.687964 -1 -1 -1 -1 -0.489785 0.396028 -0.43181 -1 -1 -0.866645 0.294084 0.799157 -0.347125 0.371352 -1 -1 0.38535 -1 -0.227797 0.618099 -1 -0.327573 1 -0.669692 -1 -0.221501 -0.795892 -0.453539 0.218494 -0.541377 
-1 -0.148581 -1 -0.621588 -0.127551 -1 -0.315082 -1 -1 -1 -1 -0.416143 -0.14437 -1 -1 -0.124698 -0.72861 -1 0.131992 -0.104885 -1 -0.900977 -1 -1 -1 -1 -1 -1 -0.768385 0.26597 -0.310528 -1 -1 0.828248 -1 -1 -0.296474 -1 -0.658728 -0.57305 -1 -1 -1 0.162202 -1 0.427659 -0.369021 -1 -0.542155 0.539072 -1 -0.69354 -1 -0.707001 -1 -0.0309865 0.445587 -1 0.173566 0.293743 -1 -0.787165 -1 -1 -0.880631 -1 -1 1 0.218052 -1 0.468064 -1 1 -1 -0.571315 -1 -0.58501 -1 -1 -0.0183642 -0.569271 -1 -0.349811 -1 -0.626778 -1 -1 -1 -1 -1 0.65686 -1 -0.763955 -0.848331 -0.705618 -0.243838 -0.170879 -1 -1 -1 -1 0.277666 -0.728105 -1 -1 -1 0.0978119 1 -0.902271 -1 -1 -1 -0.923088 0.355287 0.429653 -0.148289 -1 -1 0.124733 -1 -1 0.397338 -1 -0.743892 0.286752 -0.318516 -1 0.13163 -1 -1 -1 0.247588 -1 -1 -1 1 -0.909541 -1 
-0.440456 0.238525 -1 -0.0851882 -1 -1 -0.591582 -1 -0.747437 -1 -1 0.183876 -1 -1 -0.807182 -0.040726 -0.164119 -0.00285965 0.0755001 0.0408746 -0.731829 0.430845 -1 -1 -1 -1 -1 -1 -1 -0.112913 -1 -0.93649 -1 0.72331 -0.259329 0.10129 -1 -1 -0.946756 -1 -0.915502 -1 0.368811 -1 -1 -0.23576 0.772115 -0.726447 -0.584413 -0.73482 -0.364716 0.685654 -1 -0.528977 0.0929689 -1 0.149528 -0.152649 0.160799 0.257861 -1 -0.593529 -0.131977 -0.971002 -0.449799 -1 -0.613149 -0.564099 0.872636 -0.89093 -1 0.704477 0.818071 -0.391179 -1 -0.329395 -0.990011 -1 -0.781724 -0.778693 -0.791747 -1 -0.228292 -0.437903 -1 -0.945404 -0.521491 -1 -1 -0.661385 0.417214 -1 -0.590969 -1 -0.746454 -1 -0.890458 -0.0760616 -0.298394 0.319909 0.772051 -0.0894713 -1 -1 -0.0759176 -0.776824 -0.496761 0.687964 -1 -1 -0.757161 -1 -0.489785 0.396028 -0.43181 -1 -1 -0.866645 0.294084 0.799157 -0.347125 0.371352 -1 -1 0.38535 -1 -0.227797 0.618099 -1 -0.327573 1 -0.669692 -1 -0.221501 -0.795892 -0.453539 0.218494 -0.541377 
-1 -0.148581 -1 -0.240979 -0.105569 -1 0.627922 -1 -0.647833 -0.278666 -1 -0.416143 -0.15111 -1 -1 -1 -0.958556 -1 0.392865 0.628298 -0.68616 -0.558311 -0.97135 -0.842772 -1 -1 -0.837346 -1 -0.506351 -1 0.259403 -1 -1 1 -0.362645 -1 -0.195615 -0.543104 -0.658728 -0.828483 -1 -1 -1 0.33778 -1 0.391822 0.720582 -1 -0.542155 0.818379 -1 -0.69354 -1 -0.332354 -1 0.141737 0.445587 -1 0.173566 0.841837 -0.802687 -0.730652 -0.908301 -1 -0.763055 -1 -1 0.445634 0.380034 -0.580559 0.468064 -0.993078 0.0238386 -0.93378 -1 -1 -0.58501 -1 -1 0.00635344 -0.539346 -1 -0.435609 -1 -1 -0.298195 -1 -0.518903 -1 -1 0.392827 -1 -1 -0.848331 -1 -0.804491 -0.170879 -1 -0.745217 -1 -1 -0.274319 -1 -0.927773 -1 -1 0.167347 1 -0.903945 -0.687359 -1 -1 -1 0.355287 0.429653 -0.817344 -1 -0.645572 -0.0763019 -1 -0.948359 0.397338 -1 -0.470315 0.286752 -1 -0.790331 -0.155341 -1 -1 -1 0.247588 -1 -1 -1 1 -0.909541 -1 
-0.154526 -1 -1 0.490924 -1 -0.317762 -1 -1 -0.234372 -1 0.636097 0.0246108 -0.297676 -0.0794132 -0.698499 -0.0702224 -0.0766239 -0.456579 -0.510277 -1 0.0827725 -0.125376 -0.635237 -1 -0.862693 -1 -0.302429 -1 -0.436061 -1 -1 -0.929579 0.541337 -0.694597 -0.576323 -1 -0.972343 -1 -0.448156 -0.938085 -1 0.492494 0.0969288 -1 -0.961521 -0.633682 -1 -1 -0.0573743 -0.0676924 -1 -1 0.702892 -0.570527 0.544425 0.432203 -1 -1 0.145916 0.936657 -0.513621 -0.922536 -1 -1 -0.272688 -1 -1 -0.870685 -1 -0.887559 -0.986923 -0.565919 -1 -0.769815 -0.873255 -0.254427 -0.613966 -1 -1 0.954537 -0.304826 0.633208 -0.832902 -0.993802 -0.173192 -0.849484 -1 0.636676 -1 -1 1 -1 -1 -0.746077 -1 -1 -1 -1 -1 -0.489119 0.500868 -0.134909 -1 -1 0.158536 -0.198543 -0.79061 -1 -0.514506 -0.794986 -1 -1 -0.873869 -1 -0.742644 -1 -0.739531 0.928534 0.037585 0.369718 -1 -1 -1 -1 -1 -0.250119 -1 1 -0.181634 0.285486 -1 -1 -0.143441 -0.411713 0.578095 0.306302 -1 -1 
-0.154526 -0.493542 -0.344191 0.490924 -1 -0.317762 -1 -1 -0.234372 -0.399008 0.636097 0.954884 -0.528927 0.229793 -0.880547 -0.0807137 -0.193412 0.0794479 -0.793031 -0.61729 0.304314 -0.125376 0.306516 -0.1026 -1 -1 -0.302429 0.116507 0.576069 -1 -1 -0.536008 0.541337 -1 -0.574888 -0.713954 0.357771 -0.881082 0.18874 -0.938085 -1 0.492494 0.0969288 -1 -1 -1 -0.767476 -1 1 0.962549 -0.743567 -1 0.702892 0.492311 0.544425 0.588171 -1 -1 0.145916 1 -0.0417535 -0.433627 -1 -1 -0.272688 -1 -1 0.18518 -1 -0.180334 -1 -0.491528 -1 -1 -0.873255 -0.254427 -0.613966 -1 -1 0.943864 -0.304826 0.741273 -0.832902 -1 -0.000923246 -1 -1 0.440659 -1 -1 0.96059 -1 -0.414914 -0.746077 -0.510579 0.0381689 -0.531057 -1 -0.568695 0.0278398 0.281778 -0.417376 -1 -0.672121 0.158536 -0.0655873 -0.140283 -0.224987 -0.0539418 -0.794986 -1 -0.718153 -1 -1 0.242378 -1 -0.648664 1 0.282762 0.351487 -1 -0.826016 -1 -1 -1 -0.526848 -0.730446 0.924151 -0.243423 0.285486 -1 -0.984009 0.0678829 0.67564 0.578095 0.498142 -1 -0.731404 
-0.440456 0.238525 -1 -1 -1 -1 -0.591582 -0.707443 -0.747437 -1 -1 0.183876 -1 -1 -0.807182 -0.040726 -0.164119 -0.00285965 0.337555 -0.221456 -0.634462 0.430845 -1 -1 -1 -1 -1 -1 -1 -0.112913 -1 -0.93649 -1 0.72331 -0.259329 0.10129 -0.913035 -1 -0.946756 -1 -0.915502 -1 0.368811 -1 -1 -0.23576 0.772115 -0.726447 -0.584413 -0.73482 -0.364716 0.820899 -1 -0.528977 0.0929689 -1 -0.265181 -0.152649 -0.388756 0.257861 -1 -0.593529 -0.131977 -0.971002 -0.449799 -1 -0.613149 -0.606854 0.872636 -0.89093 -1 0.704477 0.818071 -0.391179 -1 -0.329395 -1 -1 -0.781724 -1 -1 -1 -0.228292 -0.437903 -1 -0.945404 -0.521491 -1 -1 -1 0.417214 -1 -0.590969 -1 -0.746454 -1 -0.890458 -0.0760616 -0.280783 0.319909 0.772051 -0.0894713 -1 -1 -0.0759176 -0.776824 -0.496761 0.687964 -1 -1 -0.757161 -1 -0.489785 0.396028 -0.43181 -1 -1 -0.644208 0.294084 0.799157 -0.347125 0.371352 -1 -1 0.38535 -0.933322 -0.227797 0.618099 -0.938034 -0.327573 0.106965 -0.669692 -1 -0.221501 -0.643838 -0.453539 0.124677 -1 
-1 -0.586963 -1 -0.576222 -1 -1 -0.591582 -1 -0.747437 -1 -1 0.382485 -1 -1 -1 -0.191799 -0.335428 -0.00285965 0.0755001 0.0408746 -0.731829 0.430845 -1 -1 -1 -1 -1 -1 -1 -0.112913 -1 -0.858331 -1 0.72331 -0.565384 0.10129 -1 -1 -1 -1 -0.915502 -1 0.5297 -1 -0.870219 -0.23576 0.772115 -1 -0.584413 -1 -0.181089 0.194963 -1 -0.528977 -0.080877 -1 0.149528 -0.152649 0.160799 0.257861 -1 -0.971716 -0.107017 -0.976123 -0.472903 -1 -0.613149 -0.564099 0.662308 -0.89093 -1 0.132107 0.718724 -0.524736 -1 -0.781415 -0.879455 -1 -0.781724 -1 -0.791747 -0.89191 -0.228292 -0.437903 -1 -1 -0.521491 -1 -1 -0.661385 0.175183 -1 -0.918967 -1 -0.746454 -1 -1 -0.466078 -0.509701 0.319909 0.749999 -0.404947 -1 -1 0.230267 -0.776824 -0.496761 0.592742 -1 -1 -1 -1 -0.656353 0.624746 -0.43181 -0.784157 -1 -0.866645 -0.735849 0.213637 -0.555201 0.371352 -1 -1 0.38535 -1 -0.227797 0.618099 -1 -0.327573 1 -0.737926 -0.899245 -0.484168 -1 -1 0.218494 -0.541377 
-1 -0.177201 -1 -0.621588 -0.127551 -1 0.39632 -1 -0.975869 -0.390488 -1 -0.416143 -0.450562 -0.841645 -1 -0.234319 -1 -1 0.392865 0.792971 -1 -0.512339 -1 -0.25291 -1 -1 -0.680949 -0.950776 -0.561279 -0.187252 -0.424168 -1 -0.889189 0.914594 -0.362645 -1 -0.278276 -0.809103 -0.649153 -1 -1 -0.784808 -1 -0.373352 -1 -0.047252 0.720582 -1 -0.669001 -1 -0.991732 -0.0019972 -0.463964 0.0340498 -1 -0.22347 -0.412068 -0.957423 0.173566 -0.306741 -1 -0.433083 -1 -1 -1 -1 -1 0.590846 0.380034 -1 0.309227 -0.972534 1 -0.132115 -0.817998 -1 -0.83525 -1 -1 -0.376619 -0.787446 -1 -1 -0.48395 -1 -0.878312 -1 -1 -1 -1 0.65686 -0.936471 -0.763955 -1 -1 -1 -0.971882 -0.38149 -0.745377 -1 -1 0.277666 -1 -1 -0.279564 -0.876901 0.0978119 1 -1 -0.736785 -1 -1 -1 0.355287 0.00213546 -0.145432 -0.966591 -1 0.124733 -1 -0.997041 0.240603 -0.93558 -1 -0.0176249 -0.0798695 -1 -0.155341 -1 -1 0.0873077 -0.0144813 -1 -1 -1 -0.3292 -1 -1 
0.155675 -0.517117 0.253793 -0.162428 -1 -1 0.559599 0.968446 -0.0613152 -1 -0.430445 0.0734869 0.888031 -0.123113 -1 0.0679236 -0.23091 0.692467 -0.494767 -0.658916 0.970832 -0.513425 -0.427882 -1 0.928817 -1 0.44859 -0.327476 -0.937853 -0.276386 0.320049 0.906675 -0.0448525 -0.77023 0.310478 0.632101 -1 -0.347631 -0.369412 0.13452 -0.689472 -0.736928 0.612476 0.231308 -1 0.218245 -1 0.766755 0.668952 0.629267 -0.104976 -0.627673 -0.38923 -0.558386 -0.979054 -1 -0.266161 -0.851807 0.543771 -0.375408 -0.745887 -0.180743 -0.356521 -0.701067 -0.633158 -1 0.178251 0.754306 0.678181 -0.272712 -0.0896713 0.889941 0.904553 -1 -0.501219 -0.281019 -0.446577 0.837233 -0.782264 -0.823525 -0.923678 -0.892788 -0.998863 0.351368 -0.781905 -0.865025 -0.290576 0.844431 0.867775 -0.679496 0.379942 -0.84973 0.61898 -1 -1 0.414438 -1 -0.501311 -0.937782 -0.771733 -0.95701 -0.304034 -0.700059 0.369366 -0.655018 0.696397 0.730914 -0.0321403 0.781217 0.256302 -0.968522 -0.122849 -0.749849 -1 -0.784987 -0.929774 -0.315223 -1 0.423154 0.423408 -0.383853 -0.333916 0.844483 -0.285445 -0.411249 -0.820437 0.949661 0.0684218 0.869424 0.831028 0.220911 -0.0660254 0.138087 -1 0.316923 -0.552612 -0.151893 -0.350908 
-0.440456 0.0820153 -1 -0.439398 -1 -1 -1 -1 -1 -1 -1 -0.490616 -1 -1 -1 -0.040726 -0.164119 -0.483614 0.279086 0.0408746 -0.731829 0.430845 -1 -1 -1 -0.712288 -1 -0.768793 -1 0.0661999 -1 -1 -0.959434 0.337469 -0.312792 0.10129 -0.831794 -1 -1 -1 -1 -1 0.523102 -0.953891 -1 -0.23576 0.772115 -0.500652 -0.584413 -1 -0.336837 0.685654 -1 -0.382415 -0.364776 -1 -0.356965 -0.152649 -0.365406 0.257861 -1 -1 -0.425896 -0.775794 -0.457976 -1 -0.50675 -0.564099 0.872636 -0.89093 -1 0.418322 0.743027 -0.391179 -1 -0.426042 -0.990011 -1 -1 -0.778693 -0.824213 -1 -0.514121 -0.309618 -1 -1 -0.945311 -1 -1 -1 0.417214 -1 -0.590969 -1 -0.760473 -1 -0.72419 -0.792696 -0.298394 0.319909 0.796054 -1 -1 -1 -0.0759176 -1 -0.496761 0.826042 -1 -0.774503 -0.757161 -1 -0.489785 0.486291 -1 -1 -1 -1 0.294084 0.799157 -0.852317 0.238562 -1 -1 0.38535 -0.91479 -1 0.618099 -1 -0.327573 1 -1 -1 -0.385355 -0.795892 -0.876328 0.218494 -0.541377 
-1 0.771265 -1 -1 -1 -0.61229 -1 -0.930282 -1 -1 -1 -1 -1 -0.838934 -1 -0.291729 -1 0.480983 0.0593283 -1 -0.731829 0.370285 -0.729052 -0.887345 -1 -1 -1 -1 -1 -0.112913 -1 -1 -1 0.565284 -0.517658 0.274295 -0.910903 -1 -1 -0.512593 -1 -1 0.368811 -1 -1 -1 0.772115 -0.433428 -1 -0.99062 -1 0.685654 -0.972894 -0.406542 -1 -1 -0.0890522 -0.152649 0.160799 -1 -0.672518 -1 -0.131977 -1 -1 -1 -1 -1 -0.00534198 -1 -1 -0.161601 1 -1 -1 -1 -1 -1 -1 -0.795355 -0.951932 -1 -1 -0.437903 -1 -1 -1 -1 -1 0.0101379 0.394291 -1 -0.590969 -1 -1 -1 -0.620498 -1 -1 -0.45998 1 0.146332 -1 -0.738237 0.0901181 -1 -0.793963 -0.381173 -0.647201 -1 -1 -0.892536 -0.629134 0.396028 -0.916956 -1 -0.751859 -1 -0.183373 0.817986 -0.87483 0.371352 -1 -1 0.154985 -1 -0.31901 0.618099 -1 -0.327573 1 -1 -1 -0.418685 -0.795892 -0.341924 0.063866 -0.592239 
-0.440456 -0.285889 -1 -0.305787 -1 -1 -0.573268 -0.991091 -0.74716 -1 -0.586206 0.334268 -1 -0.968668 -0.807182 -0.32517 -1 -0.00285965 -0.232641 -0.843346 -1 0.484191 -1 -1 -1 -1 -0.799024 -0.873331 -0.945791 -0.482561 -1 -0.93649 -1 0.72331 -0.259329 0.23036 -1 -1 -0.971873 -1 -1 -0.975577 0.368811 -1 -1 -0.23576 0.772115 -1 -1 -0.73482 -1 0.143185 -1 -0.212597 0.0929689 -1 0.149528 0.0503469 0.160799 -0.103665 -1 -0.992752 -0.655149 -1 -0.449799 -1 -1 -1 0.694652 -1 -0.970142 -0.514155 -0.476768 -0.298448 -1 -1 -0.990011 -1 -1 -1 -0.791747 -1 -0.228292 -1 -1 -1 -1 -0.81911 -1 -0.906996 0.187928 -1 -0.445267 -1 -0.746454 -1 -0.890458 -0.853072 -1 0.473056 0.940201 -0.595733 -0.624015 -0.823286 -0.43772 -1 -0.496761 0.687964 -1 -1 -1 -0.810801 -0.489785 0.396028 -1 -1 -1 -1 0.294084 0.799157 -0.347125 0.710974 -0.808568 -1 0.38535 -1 -0.481717 0.905614 -1 -0.901472 1 -1 -1 -1 -1 -0.453539 -0.0400623 -1 
-0.474388 -0.601904 -1 0.181247 -1 -1 -0.993529 -1 -1 -1 -1 0.183876 -1 -1 -0.972979 0.3522 -0.164119 -0.0799756 0.0755001 0.0408746 -1 0.430845 -1 -1 -0.961179 -1 -1 -1 -1 -0.112913 -0.939447 -0.93649 -0.997271 0.72331 -0.259329 -0.31732 -0.826847 -0.939116 -0.946756 -1 -0.915502 -0.840568 0.368811 -0.72479 -0.785267 -1 0.772115 -1 -0.584413 -0.73482 -1 0.114835 -1 -0.563462 0.0929689 -1 -0.462631 -0.152649 -0.826115 -0.987018 -1 -1 -0.131977 -0.835702 -1 -1 -0.74481 -0.564099 0.872636 -1 -1 -0.00801444 0.818071 -1 -1 -0.329395 -0.990011 -1 -0.906746 -1 -0.806988 -1 -0.841282 -1 -1 -1 -0.124124 -1 -1 -0.710821 0.700546 -1 -1 -1 -1 -1 -1 -0.340533 -0.84417 0.319909 1 -0.235887 -0.998578 -1 -0.235471 -0.982143 -1 -0.588966 -1 -0.772961 -0.657423 -1 -0.954192 0.301296 -0.361839 -1 -1 -0.866645 -0.106934 0.799157 -0.38548 0.371352 -1 -1 0.386545 -1 -0.921584 0.631567 -1 -0.842835 0.478446 -0.550457 -1 -0.297579 -0.795892 -0.494311 -0.298995 -1 
-0.976485 0.347103 -1 -0.153224 -1 -0.768887 -1 -0.659848 -0.795788 -1 -1 -0.1333 -1 -1 -0.807182 -0.040726 -1 -0.00285965 -0.606113 0.0408746 -0.874339 -0.589811 -1 -1 -0.653065 -1 -1 -1 -0.966279 -0.112913 -1 -1 -1 0.0383239 -0.629756 -0.720165 -1 -0.843852 -0.946756 -0.90372 -1 -1 0.193009 -1 -0.862181 -0.437025 0.381182 -1 -0.441678 -1 -0.427829 0.612184 -0.561001 -0.904104 0.0929689 -1 0.149528 -1 0.00459585 -0.546969 -0.787665 -1 -0.643221 -0.971002 -1 -0.925416 -1 -0.91527 0.872636 -0.89093 -1 -0.327908 0.66252 -0.391179 -1 -0.0675758 -0.889723 -1 -0.781724 -0.786474 -0.791747 -0.770661 -1 -1 -1 -0.945404 -0.794335 -0.601117 -1 -0.977805 0.566856 -0.843882 -0.930647 -1 -0.688533 -1 -0.936311 -0.507156 -0.255766 0.271878 0.43733 -1 -1 -1 -0.0759176 -0.776824 -0.748576 0.153323 -1 -1 -1 -1 -0.790689 0.396028 -0.697791 -1 -1 -1 -0.0438215 0.993156 -1 0.565357 -1 -1 -0.0596297 -1 0.205931 0.389315 -1 -0.257288 0.742653 -1 -1 -1 -0.805648 -0.320038 0.218494 -1 
-0.440456 -0.180596 -1 -1 -1 -1 -0.772571 -1 -0.747437 -1 -1 0.14303 -1 -1 -0.807182 -0.040726 -0.73241 -0.162693 0.5711 -0.047282 -0.693976 0.0398796 -1 -1 -1 -1 -1 -1 -1 -0.214007 -1 -1 -1 -0.0433651 -0.122389 -0.0362307 -0.856859 -1 -1 -0.728323 -0.729761 -0.951805 -0.099241 -1 -1 -0.23576 0.772115 -1 -1 -1 -0.364716 0.88102 -0.699918 -0.986731 0.12694 -1 -1 -0.152649 0.466872 0.257861 -1 -0.593529 -0.131977 -1 -0.449799 -1 -1 -1 0.872636 -1 -1 -0.857549 0.818071 -0.391179 -1 -0.329395 -1 -1 -0.781724 -0.778693 -0.861058 -1 -0.228292 -1 -1 -0.945404 -1 -1 -1 -0.661385 0.417214 -1 -0.590969 -0.854708 -0.746454 -1 -1 -0.348333 -0.526557 0.145725 0.743325 0.177834 -1 -1 -0.0759176 -0.987924 -0.496761 0.410522 -1 -0.949317 -0.757161 -1 -0.820357 0.396028 -1 -1 -0.885597 -0.72859 0.229629 0.799157 -0.347125 0.371352 -1 -1 0.0470593 -0.845851 -0.227797 0.618099 -1 -0.327573 1 -0.797168 -1 -0.290751 -0.856364 -1 0.218494 -0.541377 
-0.440456 0.238525 -1 -0.0851882 -1 -1 -0.591582 -1 -0.747437 -1 -1 0.183876 -1 -1 -0.807182 -0.040726 -0.164119 -0.00285965 0.0755001 0.0408746 -0.731829 0.430845 -1 -1 -0.947006 -1 -1 -1 -1 -0.112913 -1 -1 -1 0.72331 -0.259329 0.093061 -1 -1 -0.946756 -1 -0.915502 -1 0.368811 -1 -1 -0.23576 0.772115 -0.726447 -0.53744 -0.73482 -0.364716 0.685654 -1 -0.528977 0.0929689 -1 0.149528 -0.152649 0.160799 0.257861 -1 -0.93966 -0.131977 -0.971002 -0.449799 -1 -0.613149 -0.564099 0.872636 -0.89093 -1 0.704477 1 -0.857042 -1 -0.307431 -0.990011 -1 -0.781724 -0.778693 -0.791747 -1 -0.228292 -0.437903 -1 -0.945404 -0.521491 -1 -1 -0.661385 0.417214 -1 -0.590969 -1 -0.746454 -1 -0.890458 -0.0760616 -0.298394 0.319909 0.772051 -0.0894713 -1 -1 -0.0759176 -0.776824 -0.496761 0.687964 -1 -1 -0.757161 -1 -0.489785 0.519621 -0.659566 -1 -1 -1 0.294084 0.799157 -0.347125 0.371352 -1 -1 0.38535 -1 -0.227797 0.618099 -1 -0.327573 0.955198 -0.669692 -1 -0.221501 -0.795892 -0.453539 0.218494 -0.541377 
-1 -0.148581 -1 -0.621588 -0.127551 -1 0.39632 -0.768512 -1 -0.536442 -1 -0.416143 -0.450562 -0.841645 -1 -0.124698 -0.958556 -1 0.392865 0.628298 -0.794516 -0.558311 -1 0.131083 -1 -1 -0.943116 -1 -0.820077 0.0907229 -0.0664536 -1 -1 0.974147 -0.362645 -1 -0.278276 -0.543104 -0.658728 -0.57305 -1 -1 -1 0.162202 -1 0.427659 0.720582 -1 -0.669001 0.539072 -0.441755 -0.249634 -0.640474 0.0340498 -1 -0.22347 0.445587 -1 0.173566 0.293743 -1 -0.761231 -0.75432 -1 -0.429567 -1 -0.509063 0.590846 0.380034 -0.580559 0.468064 -0.993078 1 -0.132115 -0.817998 -1 -0.58501 -1 -1 -0.133014 -0.787446 -1 -0.584322 -0.48395 -1 -0.632854 -1 -0.389969 -1 -1 0.65686 -1 -0.763955 -0.848331 -1 -0.297949 -0.260866 -0.38149 -0.548953 -1 -0.724217 0.277666 -1 -1 -0.284777 -0.876901 0.0978119 1 -0.903945 -0.736785 -1 -1 -0.923088 0.355287 0.429653 -0.145432 -0.389023 -1 0.124733 -1 -0.997041 0.240603 -0.93558 -0.743892 0.727393 -0.318516 -1 -0.155341 -1 -1 -0.333043 0.105107 -1 -1 -1 1 -1 -1 
-0.328755 0.238525 -1 -0.0851882 -1 -0.657445 -1 -1 -1 -1 -1 0.162558 -1 -1 -0.93808 -0.845116 -0.0262757 -0.200189 -0.163631 0.426952 -1 0.430845 -0.999325 -1 -1 -1 -1 -1 -1 -1 -1 -0.93649 -1 0.297183 -0.917864 -0.988057 -1 -1 -1 -1 -0.915502 -1 0.368811 -1 -1 -0.58898 0.630299 -0.726447 -1 -0.73482 -1 0.69992 -1 -0.528977 0.248158 -0.633735 0.149528 -1 -0.231048 0.202006 -1 -0.593529 -0.131977 -0.971002 -0.720897 -1 -0.278507 -1 0.872636 -0.89093 -1 0.640034 0.418677 -0.27906 -1 -0.418199 -0.990011 -1 -1 -0.395776 -0.791747 -0.946226 -0.228292 -1 -1 -0.587463 -0.521491 -1 -1 -1 0.237907 -1 -0.351856 -1 -1 -1 -1 -1 -0.319018 0.319909 0.830347 -0.0894713 -1 -1 -1 -1 -0.496761 -0.542145 -1 -0.676169 -0.757161 -1 -0.489785 0.396028 -0.975742 -1 -1 -1 0.188147 0.616514 -0.449961 1 -1 -1 -0.133972 -0.82907 -0.227797 0.618099 -1 0.193527 0.209846 -0.669692 -1 -0.221501 -0.606065 -1 -0.496159 -0.541377 
-1 -1 -1 -1 -0.127551 -1 -0.708159 -1 -1 -0.536442 -1 -0.712087 -1 -0.841645 -1 -0.124698 -0.958556 -0.878932 0.392865 0.628298 -0.794516 -0.318177 -1 0.20177 -1 -0.887405 -1 -1 -0.954369 0.318678 -0.433365 -1 -1 0.974147 -1 -1 -0.394383 -1 -0.482837 -0.57305 -0.727263 -1 -1 -0.228771 -1 0.427659 -0.580509 -0.79181 -0.669001 0.539072 -0.441755 -0.249634 -0.874321 0.0340498 -1 -0.597891 0.551215 -1 0.447257 -0.412479 -1 -1 -1 -1 -0.189676 -1 -0.123548 0.394086 0.655722 -0.758704 0.0125379 -1 -0.0157352 -0.514682 -0.973077 -1 -1 -1 -0.801619 -0.133014 -1 -0.842253 -0.818023 -1 -1 -0.770768 -1 -0.768312 -0.851206 -1 0.65686 -1 -1 -1 -0.890671 -0.297949 -0.260866 -1 -0.548953 -0.914887 -1 -0.51891 -1 -0.781168 -0.902801 -0.876901 -0.266887 1 -0.9977 -1 -1 -0.857805 -0.923088 0.424626 0.677203 0.232873 -1 -0.939392 0.107822 -1 -0.613025 0.485541 -0.93558 -0.743892 0.153123 -0.387593 -1 -0.155341 -0.666586 -0.916786 -0.383429 0.105107 -1 -1 -1 0.182348 -1 -0.971352 
-1 -0.148581 -1 -0.621588 -0.0842505 -1 0.39632 -0.613506 -1 -0.536442 -1 -0.416143 -1 -1 -1 -0.183077 -0.958556 -0.804733 -0.72861 0.628298 -1 -0.558311 -1 0.131083 -1 -1 -0.749604 -1 -0.820077 0.0907229 -0.182129 -1 -0.953742 0.939754 -1 -0.875692 -0.597055 -0.543104 -0.750385 -0.57305 -1 -0.715428 -1 0.162202 -1 0.427659 0.687164 -1 -0.669001 0.539072 -0.441755 -0.763062 -0.628137 0.0340498 -1 -0.22347 -0.186113 -1 0.268983 -0.892856 -1 -0.485592 -1 -1 -0.526046 -1 -0.509063 0.590846 0.29558 -0.580559 0.468064 -0.993078 0.518703 -0.132115 -1 -1 -0.58501 -1 -1 -0.133014 -0.787446 -1 -0.584322 -0.902338 -1 -1 -1 -0.146346 -1 -1 0.65686 -1 -1 -0.848331 -1 -0.297949 -0.643742 -1 -0.966757 -1 -0.724217 0.160966 -0.850358 -1 -0.557926 -0.876901 0.0978119 0.805301 -0.903945 -0.786013 -1 -1 -0.762991 0.737716 0.429653 0.000564516 -0.567305 -1 -0.500812 -1 -1 -0.0706445 -1 -0.743892 0.768494 -0.318516 -1 -0.155341 -1 -1 -0.36978 0.105107 -1 -1 -1 1 -1 -1 
-1 -0.635935 -1 -0.621588 -1 -1 0.39632 -1 -0.718405 -0.278666 -1 -0.416143 -0.272219 -1 -1 -1 -0.958556 -1 -0.591299 0.785306 -0.68616 -0.558311 -1 -1 -1 -1 -0.812837 -1 -0.632115 -1 0.287613 -1 -1 0.870046 -0.362645 -1 -0.195615 -1 -0.658728 -0.507026 -1 -1 -1 0.369384 -0.632969 0.391822 0.325201 -1 -0.542155 0.818379 -1 -0.640468 -0.840967 -0.696299 -1 0.141737 0.445587 -0.92375 0.0643155 -0.331006 -1 -0.730652 -1 -1 -0.824581 -1 -1 0.445634 0.380034 -0.580559 0.468064 -0.993078 0.0238386 -0.93378 -1 -1 -0.58501 -1 -1 0.00635344 -0.539346 -1 -1 -1 -1 -0.298195 -1 -0.518903 -0.647833 -1 0.0309027 -1 -1 -0.848331 -1 -0.652452 -1 -0.877512 -0.745217 -1 -1 -0.274319 -1 -1 -1 -1 0.167347 0.908379 -0.903945 -1 -1 -1 -1 0.751644 -0.0847232 -0.817344 -1 -1 0.124733 -1 -0.850544 0.397338 -1 -0.470315 0.286752 -1 -1 -0.167288 -1 -1 -1 0.247588 -1 -1 -1 0.74372 -0.909541 -1 
-1 -1 -1 -1 -0.127551 -1 -0.708159 -1 -1 -0.536442 -1 -0.712087 -1 -0.841645 -1 -0.124698 -0.958556 -0.878932 0.392865 0.628298 -0.794516 -0.318177 -1 0.20177 -1 -0.887405 -1 -1 -0.954369 0.318678 -0.433365 -1 -1 0.974147 -1 -1 -0.394383 -1 -0.482837 -0.57305 -0.727263 -1 -1 -0.228771 -1 0.427659 -0.580509 -0.79181 -0.669001 0.539072 -0.441755 -0.249634 -0.874321 0.0340498 -1 -0.597891 0.551215 -1 0.447257 -0.412479 -1 -1 -1 -1 -0.189676 -1 -0.123548 0.394086 0.655722 -0.758704 0.0125379 -1 -0.0157352 -0.514682 -0.973077 -1 -1 -1 -0.801619 -0.133014 -1 -0.842253 -0.818023 -1 -1 -0.770768 -1 -0.768312 -0.851206 -1 0.65686 -1 -1 -1 -0.890671 -0.297949 -0.260866 -1 -0.548953 -0.914887 -1 -0.51891 -1 -0.781168 -0.902801 -0.876901 -0.266887 1 -0.9977 -1 -1 -0.857805 -0.923088 0.424626 0.677203 0.232873 -1 -0.939392 0.107822 -1 -0.613025 0.485541 -0.93558 -0.743892 0.153123 -0.387593 -1 -0.155341 -0.666586 -0.916786 -0.383429 0.105107 -1 -1 -1 0.182348 -1 -0.971352 
-1 -0.148581 -1 -0.621588 -0.127551 -0.905156 -0.748526 -1 -1 -1 -1 -1 -0.450562 -0.658512 -1 -0.124698 -1 -1 0.521798 0.628298 -0.874124 -0.419845 -1 -0.388212 -0.993135 -1 -1 -1 -1 0.0907229 -0.272277 -1 -1 0.974147 -1 -1 -0.102014 -0.543104 -1 -0.57305 -0.771864 -1 -1 -0.546529 -1 0.0256374 0.720582 -1 -0.556356 -0.659405 -0.560143 -0.605973 -0.640474 0.0340498 -1 -1 -0.419724 -1 0.0820993 0.223593 -0.869863 -0.761231 -1 -0.793898 -0.373773 -1 -0.509063 -0.183775 -0.0343782 -0.580559 -0.0609527 -0.993078 0.551937 -0.213319 -0.817998 -1 -1 -1 -0.749823 -0.133014 -0.787446 -1 -0.896975 -0.973204 -1 -0.943274 -1 -0.389969 -1 -1 0.65686 -1 -0.763955 -0.848331 -0.907981 -1 -0.449855 -0.38149 -0.441203 -1 -1 0.277666 -1 -1 -0.284777 -0.876901 0.29573 1 -0.761624 -1 -1 -1 -1 0.206336 -0.245364 -0.145432 -0.389023 -1 0.124733 -1 -1 0.240603 -0.93558 -0.541425 0.727393 -0.0025773 -1 0.162224 -1 -1 -0.306385 -0.23859 -1 -1 -1 1 -1 -1 
-0.456573 0.238525 -1 -0.369926 -1 -1 -0.591582 -1 -1 -1 -0.891517 0.283944 -0.904797 -1 -0.807182 -0.110793 -0.0892413 -0.0791035 0.0761187 0.0408746 -0.731829 0.430845 -1 -1 -1 -1 -1 -1 -0.951625 -0.112913 -1 -0.93649 -1 0.172572 -0.259329 -0.476945 -1 -1 -0.946756 -1 -0.913959 -1 -0.122679 -1 -1 -0.125199 0.428937 -1 -0.584413 -0.73482 -0.908259 0.86973 -1 -1 0.187418 -1 -0.865104 -0.87363 0.00589764 -0.170934 -1 -0.593529 -0.131977 -1 -1 -1 -1 -0.564099 0.872636 -1 -0.813303 0.885765 0.818071 -0.969252 -1 -0.661667 -0.990011 -1 -0.781724 -1 -0.791747 -1 -0.289043 -0.437903 -0.819553 -1 -0.521491 -1 -1 -0.661385 0.443806 -1 -0.413384 -1 -0.746454 -1 -0.891708 -0.0760616 -0.268687 0.319909 0.772051 -0.0894713 -1 -1 -0.0759176 -0.776824 -0.496761 -0.321077 -1 -1 -0.757161 -1 -0.489785 0.396028 -0.43181 -1 -1 -0.646718 0.0453428 0.799157 -0.435961 0.319747 -1 -1 0.38535 -1 -0.010088 0.36701 -1 -0.327573 0.540853 -0.669692 -1 -0.00458278 -1 -0.322565 0.218494 -1 
-0.474388 -0.601904 -1 0.181247 -1 -1 -0.993529 -1 -0.869519 -1 -1 0.183876 -1 -1 -0.972979 0.3522 -0.164119 0.219162 0.0755001 0.0408746 -1 0.430845 -1 -1 -0.961179 -1 -1 -1 -1 -0.112913 -0.939447 -0.93649 -0.997271 0.72331 -0.259329 -0.31732 -1 -0.939116 -0.946756 -1 -0.915502 -1 0.368811 -0.72479 -0.785267 -0.173553 0.772115 -0.726447 -0.584413 -0.73482 -0.506927 0.685654 -1 -0.563462 0.0929689 -1 -0.462631 -0.152649 -0.826115 -0.987018 -1 -1 -0.131977 -0.835702 -1 -1 -0.613149 -0.564099 0.872636 -1 -1 0.704477 0.818071 -1 -1 -0.329395 -0.990011 -1 -0.906746 -1 -0.806988 -1 -0.841282 -1 -1 -0.945404 -0.124124 -1 -1 -0.710821 0.417214 -1 -0.74657 -1 -1 -1 -1 -0.340533 -0.84417 0.319909 0.772051 -0.235887 -0.998578 -1 -0.235471 -1 -1 -0.588966 -1 -1 -0.757161 -1 -0.954192 0.301296 -0.361839 -1 -1 -0.866645 -0.106934 0.799157 -0.38548 0.371352 -1 -1 0.386545 -1 -0.921584 0.631567 -1 -0.842835 1 -0.669692 -1 -0.297579 -0.795892 -0.494311 -0.298995 -1 
-0.440456 0.43232 -0.762737 -1 -1 -1 -1 -0.73937 -1 -1 -0.84436 -0.25636 -1 -1 -0.300648 -0.886736 -1 -0.38186 0.199825 -0.808315 -1 -0.537704 -1 -1 -1 -1 -1 -1 -1 -0.688063 -1 -1 -1 0.898022 -0.49113 -0.230262 -1 -0.834311 -1 -1 -1 -1 0.198494 -1 -0.854334 -0.23576 -0.419489 -0.754726 -0.584413 -1 -1 -0.84745 -1 -0.528977 -0.214123 -1 -1 -0.152649 -0.496766 0.301499 -1 -0.919502 -0.825051 -1 -0.624706 -0.763425 -0.637005 -0.835871 1 -1 -1 -1 1 -1 -1 -0.829964 -1 -1 -1 -0.811134 -1 -1 -0.980633 -1 -1 -1 -1 -1 -1 -1 0.00169349 -1 -0.590969 -1 -1 -0.994922 -1 -0.0760616 0.0857296 -0.733286 0.738954 -0.248458 -0.880572 -1 0.0504168 -1 -0.820165 0.0513585 -0.630987 -1 -0.757161 -1 -1 0.422382 -0.862847 -0.920386 -1 -1 -0.748892 0.799157 -0.55153 0.297415 -1 -0.835015 0.000434935 -1 -0.748601 0.403815 -0.800348 -0.214754 0.50778 -0.881784 -1 -0.646234 -1 -0.453539 -0.732875 -0.971121 
0.00386567 -0.46464 -1 -0.68114 0.568204 0.101282 -0.590065 -1 -1 -1 -1 0.0107653 -1 -1 -0.957972 -0.479328 0.414936 -0.11408 -0.762978 -0.191219 -1 -1 -1 -0.401167 -0.45704 -0.746756 -0.44316 -0.381796 -1 0.529809 -0.50914 -0.859052 -1 -1 -0.849861 -0.9227 -0.611022 0.706152 -1 -1 -1 0.0955782 -0.0181788 0.296867 -1 -1 0.0436171 0.342898 0.303249 -1 -1 -0.416746 -0.946272 0.181408 -0.00117886 -1 -1 -1 -0.919041 -0.491826 -1 0.760512 0.0207385 -0.460927 -0.868737 0.17377 0.909318 -1 -1 -1 -0.733412 -1 -0.571153 -1 -0.0849712 -1 -0.351254 -0.682724 -1 -0.690392 -0.937633 -1 -0.562032 -1 -1 -0.560094 -1 -0.0585132 -0.624742 -0.983983 -0.231465 -0.599772 -1 -0.309899 -0.0458082 -0.676078 -0.906211 -1 -1 0.326931 -0.224718 -1 -1 -1 -0.148304 0.0839873 0.272423 -0.975506 -0.833939 -1 -0.739005 -0.348874 -0.707799 -1 -1 -1 0.398037 0.886641 -1 -0.475636 -1 -0.0374113 -1 0.0779354 -0.15546 -0.461231 0.0473922 -1 0.234456 -0.819707 -0.630376 -0.407859 -1 -0.809991 -0.914167 0.322805 0.698446 -0.900944 
-1 -0.177201 -1 -0.621588 -0.127551 -1 0.39632 -1 -1 -0.536442 -1 -0.416143 -0.450562 -0.841645 -1 -0.00887644 -0.864886 -1 0.392865 0.792971 -0.794516 -0.501338 -1 -0.25291 -1 -1 -0.680949 -0.950776 -0.620823 -0.187252 -0.424168 -1 -0.889189 0.914594 -0.362645 -1 -0.278276 -0.809103 -0.65512 -1 -1 -1 -1 0.235188 -1 0.513128 0.720582 -1 -0.669001 -0.215317 -0.991732 -0.0019972 -0.41167 0.0340498 -1 -0.22347 0.445587 -1 0.173566 -0.306741 -1 -0.620643 -0.75432 -1 -0.380571 -1 -0.980317 0.590846 0.380034 -1 0.468064 -0.755959 1 -0.132115 -0.817998 -1 -0.58501 -1 -1 -0.376619 -0.787446 -1 -0.584322 -0.48395 -1 -0.772063 -1 -0.389969 -1 -1 0.65686 -1 -0.763955 -1 -1 -0.297949 -0.526703 -0.38149 -0.548953 -1 -1 0.277666 -1 -1 -0.284777 -0.876901 0.0978119 1 -0.903945 -0.736785 -1 -1 -0.923088 0.355287 0.00213546 -0.145432 -0.966591 -1 0.124733 -1 -0.997041 0.240603 -0.93558 -1 0.727393 -0.318516 -1 -0.155341 -1 -1 -0.333043 -0.0144813 -1 -1 -1 0.60007 -1 -0.925363 
-0.440456 0.238525 -1 -0.0851882 -1 -1 -0.591582 -1 -0.747437 -1 -1 -0.320112 -1 -1 -0.807182 -0.040726 -0.164119 -0.00285965 0.0755001 0.0408746 -0.731829 0.494773 -1 -1 -1 -1 -1 -1 -1 -0.112913 -1 -0.93649 -1 0.310279 -0.259329 0.10129 -1 -1 -0.946756 -1 -0.935382 -1 0.368811 -1 -0.922449 -0.23576 0.772115 -0.726447 -0.800206 -0.73482 -0.92922 0.685654 -1 -0.528977 0.0929689 -1 0.149528 -0.152649 -0.292264 0.257861 -1 -0.593529 -0.67968 -0.971002 -0.449799 -1 -0.613149 -0.564099 0.872636 -0.89093 -1 0.704477 0.608153 -0.391179 -1 -0.329395 -0.990011 -1 -0.781724 -0.635519 -0.919137 -1 -0.228292 -0.437903 -1 -0.945404 -1 -1 -1 -0.661385 0.417214 -1 -0.590969 -1 -0.746454 -1 -0.890458 -0.0760616 -0.298394 0.319909 0.772051 -0.0894713 -0.927796 -1 -0.0759176 -0.776824 -0.496761 0.687964 -1 -1 -0.757161 -1 -0.489785 0.396028 -0.43181 -1 -1 -0.866645 0.294084 0.799157 -0.347125 0.371352 -1 -1 0.4517 -1 -0.227797 0.618099 -1 -0.327573 0.873739 -0.669692 -1 -0.221501 -0.795892 -0.453539 0.218494 -0.885137 
-1 -1 -1 -1 -0.127551 -1 -0.708159 -1 -1 -0.536442 -0.748787 -0.712087 -1 -0.841645 -1 -0.209636 -1 -0.878932 0.392865 0.628298 -0.402781 -0.318177 -1 -0.884354 -1 -1 -1 -1 -0.954369 0.318678 -0.433365 -1 -1 0.974147 -1 -1 -0.394383 -1 -1 -0.57305 -1 -1 -1 -0.803571 -1 0.427659 -0.820007 -0.79181 -1 0.437177 -0.441755 -1 -1 -0.386648 -1 -1 0.198096 -1 0.447257 -0.455427 -1 -1 -0.801666 -1 -0.189676 -1 -0.123548 0.394086 -0.500295 -0.556403 0.0125379 -1 -0.0157352 -0.695288 -0.938211 -1 -1 -1 -0.801619 -1 -1 -0.842253 -1 -1 -1 -0.770768 -1 -0.768312 -1 -1 0.354196 -1 -1 -1 -0.890671 -0.297949 -0.629527 -1 -0.548953 -0.914887 -1 -0.51891 -1 -0.781168 -0.902801 -0.876901 -0.647471 1 -0.602717 -1 -1 -1 -0.923088 0.424626 -0.110146 0.232873 -1 -0.939392 0.107822 -0.739292 -1 0.485541 -0.93558 -0.743892 0.153123 -0.387593 -1 -0.155341 -0.666586 -0.916786 -0.383429 0.105107 -1 -1 -1 0.182348 -1 -0.971352 
-0.976485 0.284575 -1 -0.0445929 -1 -1 -1 -0.544254 -0.917781 -1 -1 0.183876 -1 -0.827224 -0.807182 -0.660991 -0.231366 -0.00285965 0.0755001 0.0408746 -1 -0.441679 -1 -1 -0.653065 -0.566628 -1 -0.983974 -0.991176 -0.112913 -1 -1 -1 0.656146 -0.259329 -0.720165 -1 -0.829622 -1 -1 -1 -1 0.600757 -1 -0.862181 -0.437025 0.465063 -1 -0.584413 -1 -0.427829 0.48878 -0.617651 -0.904104 0.0929689 -0.838201 0.149528 -1 0.00459585 0.257861 -0.787665 -1 -0.643221 -0.971002 -1 -0.925416 -1 -0.91527 0.872636 -1 -1 -0.327908 0.525532 -0.391179 -1 -0.258559 -0.889723 -1 -0.781724 -0.786474 -0.791747 -1 -0.776578 -0.976121 -1 -0.945404 -1 -1 -1 -0.977805 0.566856 -1 -0.742998 -0.852649 -0.745392 -1 -1 0.0673493 -0.263328 0.271878 0.0797888 -1 -1 -1 -0.0759176 -0.776824 -0.748576 -0.229685 -1 -1 -1 -1 -0.790689 0.396028 -0.697791 -1 -1 -1 -0.114881 0.993156 -1 0.565357 -1 -1 0.0392129 -1 0.205931 0.401057 -1 -0.257288 0.742653 -1 -1 -0.583265 -0.805648 -0.320038 0.218494 -1 
-0.91942 -0.148581 -1 -0.621588 -0.208908 -0.838101 0.39632 -1 -1 -1 -1 -0.492277 -0.450562 -0.841645 -0.917861 -0.124698 -1 -1 0.76547 0.628298 -0.79317 -1 -1 0.131083 -0.676191 -1 -0.943116 -0.661983 -0.820077 0.0907229 -1 -0.969895 -1 0.974147 -0.762203 -1 -0.454243 -0.543104 -0.973259 -0.57305 -1 -1 -1 0.398475 -1 0.465783 0.720582 -1 -0.65358 0.539072 -0.53863 -0.605973 -0.540103 -0.781514 -1 -0.999748 0.022198 -1 -0.728221 0.293743 -1 -0.761231 -1 -1 -0.429567 -1 -0.696146 0.207346 0.0969587 -1 -0.392676 -0.982386 0.413163 -1 -1 -1 -0.58501 -1 -1 -0.619443 -0.787446 -1 -0.584322 -0.48395 -1 -0.575928 -1 -1 -1 -1 0.380763 -1 -0.763955 -0.736562 -0.856924 -0.867653 -0.260866 -0.567015 -0.441203 -1 -0.724217 -0.367786 -0.712648 -0.964342 -0.284777 -0.91499 0.0978119 0.748248 -0.998965 -1 -1 -1 -1 0.206336 0.429653 -0.145432 -0.389023 -0.793091 0.308591 -1 -0.821874 0.240603 -1 -1 0.806269 0.0218635 -1 0.162224 -1 -1 -0.333043 0.0372892 -1 -1 -0.867989 1 -1 -1 
0.30913 -0.46464 -1 -0.68114 0.568204 0.0815027 -0.590065 -1 -1 -1 -1 0.0107653 -1 -1 -1 -1 0.414936 -0.11408 -1 -0.191219 -1 -1 -1 -0.415289 -0.998394 -0.790009 -0.44316 -0.593176 -1 0.213965 -0.138411 -1 -0.980765 -1 -0.849861 -0.712336 -0.611022 0.706152 -1 -1 -1 0.0955782 -0.0181788 -0.785047 -1 -1 0.0436171 0.342898 0.303249 -1 -1 -0.416746 -1 0.181408 -0.175978 -1 -1 -1 -0.874582 -0.491826 -1 0.760512 0.0207385 -0.925027 -1 0.17377 0.828236 -1 -1 -1 -0.733412 -1 -0.571153 -1 -0.0849712 -1 -0.351254 -0.682724 -1 -0.690392 -1 -1 -0.362632 -1 -1 -1 -1 -0.0585132 -0.624742 -0.983983 0.0714068 -0.599772 -1 -0.0868409 -0.679757 -0.357818 -0.961546 -1 -0.874983 0.326931 -0.224718 -0.904221 -1 -1 -0.761767 0.0839873 0.222023 -0.975506 -0.833939 -1 -0.299376 -0.388048 -0.707799 -1 -1 -0.519467 0.60334 0.826323 -1 -0.475636 -1 -0.0374113 -0.726723 0.0779354 -0.15546 -1 -0.0079948 -1 0.234456 -0.929307 -0.630376 -0.396751 -1 -0.987781 -1 0.322805 0.164963 -1 
-0.328755 0.238525 -1 -0.0851882 -1 -0.657445 -0.591582 -1 -0.631147 -1 -1 0.162558 -1 -1 -0.93808 -0.845116 -0.0262757 -0.200189 -0.163631 0.426952 -1 0.430845 -0.999325 -0.838272 -1 -1 -1 -1 -1 -0.112913 -1 -0.93649 -1 0.297183 -0.236856 -0.988057 -1 -1 -1 -1 -0.915502 -1 0.368811 -1 -1 -0.23576 0.5704 -0.726447 -1 -0.73482 -1 0.685654 -1 -0.528977 0.0929689 -0.633735 0.149528 -0.78444 0.0326204 0.257861 -1 -0.593529 -0.131977 -0.971002 -0.720897 -1 -0.613149 -1 0.872636 -0.89093 -1 0.704477 0.418677 -0.27906 -1 -0.329395 -0.990011 -1 -1 -0.778693 -0.791747 -1 -0.228292 -0.240303 -1 -0.587463 -0.521491 -1 -1 -1 0.147279 -1 -0.351856 -1 -1 -1 -0.890458 -1 -0.298394 0.319909 0.572398 -0.0894713 -1 -1 -0.0300473 -1 -0.496761 0.273098 -1 -0.676169 -0.757161 -1 -0.489785 0.396028 -1 -1 -1 -0.886928 0.188147 0.616514 -0.449961 0.651349 -1 -1 0.38535 -0.852168 -0.227797 0.618099 -1 0.321661 0.4065 -0.669692 -1 -0.221501 -0.795892 -1 -0.496159 -0.541377 
-0.440456 0.238525 -1 -0.0851882 -1 -1 -0.591582 -1 -0.747437 -1 -0.89217 0.183876 -1 -0.912068 -0.807182 -0.467217 -0.164119 -0.333259 0.0755001 0.0087253 -0.731829 0.352062 -0.96333 -1 -1 -0.883209 -1 -1 -1 -0.112913 -1 -0.93649 -1 0.386569 -0.378303 0.10129 -0.810071 -1 -0.860458 -1 -0.915502 -1 0.368811 -1 -1 -0.23576 0.165798 -1 -0.584413 -0.567421 -0.47189 0.685654 -1 -0.528977 -0.349127 -1 0.149528 -0.53738 -0.131111 0.257861 -1 -0.593529 -0.572774 -0.971002 -0.320135 -1 -0.613149 -0.564099 0.872636 -0.89093 -1 0.704477 0.788953 -0.391179 -1 -0.802953 -0.990011 -0.875511 -0.781724 -0.778693 -0.791747 -1 -0.228292 -0.437903 -1 -0.945404 -0.521491 -1 -1 -0.661385 0.417214 -1 -0.590969 -1 -0.746454 -1 -0.890458 -0.0760616 -0.298394 0.0948915 0.772051 -0.0894713 -1 -1 -0.363488 -0.776824 -0.496761 0.687964 -1 -1 -1 -1 -0.489785 0.396028 -1 -1 -0.995066 -0.866645 0.205504 0.626167 -0.347125 0.341945 -1 -1 0.245111 -0.791009 -0.227797 0.618099 -1 -0.327573 0.627861 -0.669692 -1 -0.221501 -0.795892 -0.453539 -0.289064 -0.541377 
0.441787 -0.226313 0.872915 -0.40433 -0.726676 -0.90224 0.559567 0.345115 0.0548189 -0.499288 0.759324 0.690828 -0.243548 -0.840652 -0.9567 -0.945106 -0.706798 -0.999928 0.766563 0.475507 0.913548 0.235739 -0.756235 0.0566239 -0.786808 0.402874 0.11811 0.268304 -0.209689 -0.276747 0.671049 0.200865 -0.530755 -0.770363 0.907043 0.517057 -0.85343 -0.913418 -0.616439 -0.358612 0.631939 0.00819397 -0.457506 -0.625276 0.019775 0.625537 0.727322 -0.366413 0.945391 -0.151312 -0.408468 -0.549989 0.796926 -0.267613 0.54791 -0.826955 0.683388 0.895931 0.237908 0.370131 -0.148053 -0.785058 -0.652931 -0.431748 0.563542 -0.301723 -0.0306795 0.133975 -0.287217 0.181428 0.143793 -0.722249 -0.0205843 0.597304 -0.343842 0.0919503 -0.805654 0.0111721 -0.571244 0.473713 -0.699462 0.896842 -0.412184 -0.266891 0.76857 0.805514 0.738555 -0.373536 0.66993 -0.169135 0.892437 -0.619046 0.54601 -0.262408 0.851744 -0.219569 0.89674 0.681145 -0.129339 0.677014 -0.00550383 -0.805691 -0.209194 0.0311662 0.179475 -0.907983 -0.415635 0.0426925 -0.077344 -0.213011 0.42015 -0.395355 -0.00897121 0.378781 0.931957 0.709747 0.335224 0.975047 -0.964982 0.466942 0.986372 -0.780585 -0.320101 -0.593901 0.0300027 0.69455 0.53382 -0.00993717 -0.976669 -0.680927 0.00367749 -0.906027 0.700565 -0.608696 0.277781 -0.327114 0.46864 -0.855917 
-0.625723 0.322147 -1 -0.468132 -1 -0.657445 -0.711229 -1 -1 -0.802968 -0.910802 -0.523148 -1 -0.98138 -1 -0.763015 0.0525963 -0.200189 -0.0977406 -0.692953 -1 0.216375 -0.999325 -0.841298 -1 -0.865001 -1 -1 -1 -0.682965 -1 -1 -1 0.297183 -0.304564 -1 -1 -0.76427 -1 -1 -0.915502 -1 0.368811 -1 -1 -1 0.5704 -0.726447 -1 -0.73482 -1 0.134396 -1 -0.315897 -0.149217 -0.633735 -0.201922 -1 0.0326204 -0.114292 -1 -1 -0.131977 -0.835137 -0.739195 -0.791577 -0.613149 -0.924837 -0.0804201 -0.891543 -1 0.704477 0.418677 -0.27906 -1 -0.842218 -0.916264 -0.869069 -1 -0.841527 -1 -1 -0.228292 -0.240303 -1 -0.587463 -0.412538 -1 -1 -1 0.147279 -0.892022 -0.429957 -1 -1 -1 -0.834724 -1 -0.298394 0.319909 0.572398 -0.487775 -1 -1 -0.0300473 -1 -1 -0.762275 -1 -1 -1 -1 -0.591039 0.396028 -1 -1 -1 -0.886928 -1 0.50334 -0.449961 0.213213 -1 -1 0.38535 -0.486793 -0.190555 0.759901 -1 0.0729952 0.0887621 -0.669692 -0.912805 -1 -1 -1 -1 -1 
-1 -0.757862 -1 -0.895644 -0.127551 -0.791316 -0.73971 -0.768512 -1 -0.536442 -1 -1 -0.450562 -0.841645 -1 -0.124698 -0.958556 -1 0.527516 0.628298 -0.794516 -0.558311 -1 0.131083 -1 -1 -0.943116 -1 -1 0.0907229 -0.587889 -1 -1 0.974147 -0.362645 -1 -0.651343 -0.543104 -0.658728 -0.57305 -1 -1 -1 0.162202 -1 0.749766 0.720582 -1 -0.669001 0.539072 -0.441755 -0.1982 -0.389166 -1 -1 -0.22347 0.445587 -1 0.173566 -0.037122 -1 -0.379862 -0.75432 -1 -0.429567 -1 -0.509063 0.590846 0.380034 -0.580559 0.0410358 -0.993078 1 -0.132115 -0.8531 -0.893138 -0.58501 -1 -1 -1 -0.787446 -1 -0.584322 -0.48395 -1 -0.632854 -1 -0.389969 -1 -1 0.65686 -0.810292 -0.763955 -0.848331 -1 -0.297949 -0.260866 -0.38149 -0.489787 -1 -0.724217 0.277666 -1 -1 -1 -0.876901 0.0978119 1 -0.903945 -0.736785 -1 -1 -0.952822 0.355287 0.429653 0.0239545 -0.611928 -1 -0.0947924 -1 -1 0.240603 -0.93558 -0.98068 0.727393 -0.318516 -1 -0.155341 -1 -1 -0.333043 0.105107 -1 -0.786762 -1 1 -1 -1 
-0.440456 0.238525 -1 -0.0851882 -1 -1 -0.591582 -1 -0.747437 -1 -1 0.183876 -1 -1 -0.807182 -0.040726 -0.164119 -0.00285965 0.0755001 0.0408746 -0.731829 0.430845 -1 -1 -1 -1 -1 -1 -1 -0.112913 -1 -0.93649 -1 0.72331 -0.259329 0.10129 -1 -1 -0.946756 -1 -0.915502 -1 0.368811 -1 -1 -0.23576 0.772115 -0.726447 -0.584413 -0.73482 -0.364716 0.685654 -1 -0.528977 0.0929689 -1 0.149528 -0.152649 0.160799 0.257861 -1 -0.593529 -0.131977 -0.971002 -0.449799 -1 -0.613149 -0.564099 0.872636 -0.89093 -1 0.704477 0.818071 -0.391179 -1 -0.329395 -0.990011 -1 -0.781724 -0.778693 -0.791747 -1 -0.228292 -0.437903 -1 -0.945404 -0.521491 -1 -1 -0.661385 0.417214 -1 -0.590969 -1 -0.746454 -1 -0.890458 -0.0760616 -0.298394 0.319909 0.772051 -0.0894713 -1 -1 -0.0759176 -0.776824 -0.496761 0.687964 -1 -1 -0.757161 -1 -0.489785 0.396028 -0.43181 -1 -1 -0.866645 0.294084 0.799157 -0.347125 0.371352 -1 -1 0.38535 -1 -0.227797 0.618099 -1 -0.327573 1 -0.669692 -1 -0.221501 -0.795892 -0.453539 0.218494 -0.541377 
-1 -0.148581 -1 -0.621588 -0.733281 -0.803247 0.39632 -0.768512 -1 -0.649982 -1 -0.416143 -0.450562 -0.841645 -1 -0.153038 -0.958556 -1 0.522774 0.00171059 -0.794516 -0.558311 -1 0.131083 -1 -1 -0.864397 -1 -1 0.0907229 -0.575712 -1 -1 0.739037 -0.177076 -0.805279 -0.278276 -0.543104 -1 -0.57305 -1 -1 -1 0.162202 -1 0.427659 0.720582 -1 -0.669001 -0.0655313 -0.441755 -0.249634 -0.640474 -0.111143 -1 -0.663467 0.445587 -1 0.156205 0.293743 -1 -0.761231 -0.75432 -1 -0.429567 -1 -0.743107 0.590846 0.0134445 -0.627254 0.468064 -0.993078 1 -0.636862 -0.994789 -1 -0.499625 -1 -1 -0.729279 -0.787446 -1 -0.385635 -1 -1 -0.632854 -1 -0.379202 -1 -1 0.65686 -1 -1 -0.848331 -1 -0.297949 -0.260866 -0.38149 -0.548953 -1 -0.724217 0.277666 -1 -0.835511 -0.725357 -0.876901 0.0978119 0.530723 -0.903945 -1 -1 -1 -0.923088 0.355287 0.429653 -0.185527 -0.821806 -1 0.124733 -1 -0.997041 0.240603 -0.93558 -0.743892 0.727393 -0.318516 -1 -0.148934 -1 -1 -0.333043 0.105107 -1 -1 -1 1 -1 -1 
-1 0.34827 -0.69153 -0.0851882 -1 -1 -1 -0.984963 -1 -1 -1 -0.475636 -1 -1 -1 -0.040726 -0.217415 -0.835902 0.0762506 -1 -1 -0.101746 -1 -1 -1 -1 -0.500872 -0.607447 -1 -0.112913 -1 -1 -1 0.72331 -0.259329 -0.782414 -1 -1 -1 -0.818179 -1 -1 -0.429912 -1 -1 -1 1 -1 -1 -0.811693 -0.689099 -1 -0.982608 -0.887862 -0.858321 -0.797368 -0.37014 -0.0704815 -0.0842385 -0.298618 -0.6257 -0.593529 0.0888065 -0.985934 -0.731609 -1 -0.933051 -0.450246 0.240472 -0.89093 -1 0.175733 -1 -0.391179 -1 -0.794123 -1 -1 -1 -1 -0.940115 -0.806469 -1 -1 -1 -0.983718 -1 -1 -1 -1 0.0422903 -1 -1 -1 -1 -1 -1 -0.0760616 -1 -0.212348 -0.60327 -0.135448 -1 -1 -0.728932 -0.776824 -0.496761 0.973199 -1 -1 -0.757161 -0.639134 -1 0.539057 -0.0755958 -1 -1 -1 -0.700325 0.546092 -0.347125 0.371352 -0.754412 -0.742792 0.637886 -1 -0.281602 0.730687 -1 -1 1 -1 -1 -0.976412 -1 -1 -0.846614 -0.89779 
-0.440456 0.238525 -1 -0.0718229 -1 -1 -0.591582 -1 -0.747437 -1 -1 -0.124687 -0.928496 -1 -0.807182 -0.040726 -0.164119 -0.00285965 0.0755001 0.0408746 -0.731829 0.430845 -1 -1 -1 -1 -1 -1 -1 -0.112913 -1 -0.93649 -1 0.810065 -0.259329 0.10129 -1 -1 -0.946756 -1 -0.915502 -1 0.368811 -0.930276 -1 -0.23576 0.772115 -0.726447 -0.584413 -0.73482 -0.364716 0.685654 -1 -0.528977 0.0929689 -1 0.149528 -0.152649 0.160799 0.257861 -1 -0.593529 -0.131977 -0.971002 -0.449799 -1 -0.613149 -0.564099 0.872636 -0.89093 -1 0.704477 0.818071 -0.554073 -1 -0.329395 -0.990011 -1 -0.781724 -0.778693 -1 -1 -0.228292 -0.437903 -1 -0.945404 -0.521491 -1 -1 -0.661385 0.417214 -1 -0.590969 -1 -0.746454 -1 -0.890458 -0.0760616 -0.298394 0.319909 0.772051 -0.0894713 -1 -1 -0.0759176 -0.776824 -0.496761 0.687964 -1 -1 -1 -1 -0.489785 0.396028 -0.43181 -1 -1 -0.866645 0.294084 0.664123 -0.347125 0.371352 -1 -1 0.38535 -1 -0.227797 0.618099 -1 -0.327573 1 -0.669692 -1 -0.293613 -0.795892 -0.453539 0.211284 -0.541377 
-0.865486 0.277682 -0.69153 -0.0932777 -1 -1 -1 -1 -0.838319 -0.889311 -1 0.183876 -1 -1 -0.743112 -0.635715 -0.716388 -0.806514 -0.160733 -0.644958 -1 0.295997 -1 -1 -1 -1 -1 -1 -1 -1 -1 -1 -1 0.366076 0.111422 -0.285531 -1 -1 -1 -0.611924 -1 -1 -0.65274 -1 -1 -0.553388 0.797279 -1 -0.584413 -0.73482 -0.364716 -0.696533 -0.905563 -1 -0.757468 -0.850299 -0.532416 -0.152649 -0.775914 0.257861 -1 -0.593529 -1 -1 -1 -1 -1 -0.564099 0.872636 -0.841905 -0.91097 0.987292 0.231025 -0.7468 -0.594706 -0.627743 -1 -0.993207 -0.72017 -1 -1 -1 -1 -0.819481 -1 -1 -0.836986 -1 -0.762452 -0.661385 -1 -1 -1 -1 -1 -1 -1 -0.284496 -0.484052 0.319909 -0.596466 -0.408218 -1 -1 -1 -0.933487 -0.496761 0.00986287 -0.777639 -1 -1 -1 -0.489785 0.61896 -0.345751 -0.610944 -1 -1 0.202522 0.799157 -0.347125 0.371352 -1 -1 0.0827586 -1 -0.0588017 -0.0645922 -1 -1 1 -0.987756 -1 0.283703 -1 -1 0.313632 -1 
-1 -0.177201 -1 -0.621588 -0.127551 -1 0.617829 -1 -0.791107 -0.536442 -1 -0.461552 -0.450562 -0.841645 -1 -0.00887644 -0.864886 -1 0.392865 0.792971 -0.794516 -0.710065 -1 -0.838779 -1 -1 -0.680949 -1 -0.620823 -0.187252 -0.424168 -1 -0.889189 0.914594 -0.362645 -1 -0.278276 -1 -1 -1 -1 -1 -1 -0.151576 -1 0.513128 0.720582 -1 -0.669001 -0.215317 -0.991732 -0.902005 -0.41167 0.0340498 -1 -0.22347 0.445587 -1 0.173566 -0.306741 -1 -0.782286 -0.75432 -1 -0.380571 -1 -1 0.590846 0.380034 -1 0.489033 -0.755959 0.840098 -1 -0.817998 -1 -0.58501 -1 -1 -0.78489 -0.787446 -1 -0.584322 -0.292138 -1 -0.772063 -0.726927 -0.389969 -1 -1 -0.0780244 -1 -0.763955 -1 -1 -1 -0.880499 -0.0300349 -0.548953 -1 -1 0.277666 -1 -1 -0.159695 -1 0.0978119 1 -0.903945 -0.736785 -1 -1 -0.923088 0.355287 0.00213546 -0.145432 -0.966591 -1 -0.480477 -1 -0.997041 0.240603 -0.93558 -1 0.405088 -0.318516 -1 -0.155341 -1 -0.879545 -0.742013 -0.0144813 -1 -1 -1 -0.444071 -1 -0.925363 
-0.328755 0.238525 -1 -0.0851882 -1 -0.657445 -0.591582 -1 -0.631147 -1 -1 0.162558 -1 -1 -0.93808 -0.845116 -0.0262757 -0.200189 0.110961 0.779553 -1 0.430845 -1 -0.838272 -1 -1 -1 -1 -1 -0.112913 -1 -0.93649 -1 0.297183 -0.236856 -1 -1 -1 -1 -1 -0.915502 -1 0.368811 -1 -1 -0.611658 0.5704 -0.726447 -1 -0.73482 -1 0.685654 -0.941874 -0.528977 0.0929689 -0.633735 0.149528 -0.78444 0.0326204 0.257861 -1 -0.593529 -0.131977 -0.971002 -0.720897 -0.782468 -0.613149 -1 0.872636 -0.89093 -1 0.704477 -0.778179 -0.27906 -1 -0.329395 -0.990011 -1 -1 -0.778693 -0.791747 -1 -0.228292 -0.240303 -1 -0.288934 -1 -1 -1 -1 -0.243148 -1 -0.201815 -1 -1 -0.60019 -1 -1 -0.298394 0.319909 0.572398 -0.0894713 -1 -1 -0.0300473 -1 -0.496761 0.273098 -1 -0.676169 -0.757161 -1 -1 0.396028 -1 -1 -1 -0.886928 0.188147 0.616514 -0.449961 0.651349 -1 -1 0.38535 -0.852168 -0.3828 0.618099 -1 0.321661 0.4065 -0.669692 -1 -0.221501 -0.795892 -1 -1 -0.541377 
-0.328755 0.238525 -1 -0.0851882 -1 -0.881041 -1 -1 -0.631147 -1 -1 -0.446446 -1 -1 -0.93808 -1 -1 -0.200189 -0.327202 0.426952 -1 0.430845 -0.999325 -0.838272 -1 -1 -1 -1 -1 -0.112913 -1 -0.93649 -1 0.246592 -1 -0.988057 -1 -1 -1 -1 -1 -1 0.368811 -1 -1 -0.23576 -0.40266 -0.726447 -1 -0.51498 -1 0.685654 -1 -1 0.0929689 -0.387597 0.149528 -0.776643 -0.324059 0.257861 -1 -0.593529 -0.155597 -0.971002 -0.720897 -1 -1 -1 0.872636 -0.89093 -0.942032 0.126191 0.187291 -0.700223 -0.850881 0.0236255 -1 -1 -1 -0.778693 -0.717582 -1 -0.788476 -0.78135 -1 -0.847165 -0.521491 -1 -1 -0.878714 0.147279 -1 -0.842728 -1 -1 -1 -0.890458 -1 -0.298394 0.319909 0.94491 -0.0507502 -0.63631 -0.926929 -0.0300473 -1 -0.496761 0.273098 -0.945564 -0.353606 -0.757161 -1 -1 0.396028 -1 -1 -1 -0.886928 0.188147 -0.54608 -0.449961 0.651349 -1 -1 0.38535 -0.852168 -0.227797 0.618099 -1 0.501298 0.366158 -0.669692 -0.991129 -0.73981 -0.795892 -0.756975 -0.341077 -1 
-0.154526 -0.493542 -0.435794 0.490924 -1 -0.317762 -1 -1 -0.234372 -0.399008 0.636097 0.954884 -0.528927 0.229793 -0.880547 -0.0807137 -0.193412 0.0794479 -0.793031 -0.305058 0.304314 -0.125376 0.306516 -0.1026 -1 -1 -0.302429 0.116507 0.576069 -1 -1 -0.536008 0.541337 -1 -0.574888 -0.713954 0.357771 -1 0.18874 -0.938085 -1 0.492494 0.0969288 -1 -1 -1 -0.767476 -1 1 0.962549 -0.926505 -1 0.702892 0.492311 0.544425 0.588171 -1 -1 0.145916 1 -0.0417535 -0.433627 -1 -1 -0.272688 -1 -1 0.18518 -0.772267 -0.180334 -1 -0.332083 -1 -1 -0.873255 -0.254427 -0.613966 -1 -1 0.954537 -0.304826 0.741273 -0.832902 -1 -0.173192 -1 -1 0.440659 -1 -0.957083 0.96059 -1 -0.414914 -0.746077 -0.510579 0.0381689 -0.531057 -1 -0.129305 0.0278398 0.281778 -0.417376 -1 -0.672121 0.158536 -0.0655873 -0.140283 -0.224987 -0.0539418 -0.794986 -1 -0.718153 -1 -1 0.242378 -1 -0.648664 1 0.282762 0.351487 -1 -0.826016 -1 -1 -1 -0.526848 -0.730446 0.924151 -0.243423 0.285486 -1 -0.984009 0.0678829 0.67564 0.578095 0.498142 -1 -0.731404 
-1 0.322147 -1 -0.468132 -0.712778 -0.657445 -0.711229 -0.973065 -1 -1 -1 -0.505313 -1 -1 -1 -0.763015 0.0525963 -0.07265 -0.163631 -0.692953 -1 0.216375 -1 -0.958799 -0.676742 -1 -1 -1 -1 -0.743522 -1 -1 -1 0.297183 -0.304564 -1 -1 -0.585459 -1 -1 -0.915502 -0.769189 -0.304563 -1 -1 -0.966942 0.0555178 -0.537752 -1 -0.845494 -0.993969 0.258851 -0.897199 -0.528977 0.0929689 -1 -0.496891 -1 0.0326204 -0.114292 -1 -0.593529 -0.807797 -1 -0.720897 -0.791577 -0.481833 -0.924837 -1 -0.855689 -1 0.821998 -0.603886 -0.561734 -1 -1 -1 -0.869069 -1 -0.778693 -0.861964 -1 -0.58863 -0.240303 -0.967928 -1 -0.412538 -1 -0.87441 -1 -1 -1 -0.429957 -1 -1 -1 -0.890458 -1 -0.298394 0.319909 0.572398 -0.0894713 -0.923277 -1 -0.0300473 -0.768243 -0.496761 -0.762275 -1 -1 -1 -1 -0.64388 0.396028 -1 -1 -1 -1 -1 0.924026 -0.449961 -0.351761 -1 -1 0.461795 -0.59437 -0.162166 0.618099 -1 0.0729952 -0.334502 -0.669692 -0.912805 -1 -0.795892 -1 -0.496159 -1 
-0.878729 0.109466 -1 -0.0851882 -1 -0.872788 -0.591582 -0.973877 -1 -1 -1 -0.676459 -1 -1 -1 -0.040726 -0.913256 -0.949051 -0.158966 0.0795149 -1 0.430845 -1 -1 -0.993495 -1 -1 -0.777453 -1 -0.112913 -0.85207 -1 -1 0.72331 -0.29047 -0.0693212 -1 -0.796234 -1 -1 -1 -1 0.368811 -1 -1 -0.711618 0.238918 -1 -0.584413 -1 -0.156176 0.0846977 -1 -0.528977 -0.671312 -1 -1 -1 0.166068 -0.752421 -0.731538 -0.593529 0.18048 -0.971002 -0.449799 -0.876842 -1 -0.572754 -0.0484242 -0.89093 -1 0.551284 0.818071 -0.391179 -1 -0.92312 -1 -1 -0.982099 -0.959802 -1 -1 -0.773571 -0.740856 -1 -0.945404 -0.994124 -1 -0.810712 -0.661385 0.417214 -1 -1 -1 -0.746454 -1 -0.890458 -0.0760616 -0.790195 -0.740991 0.634723 0.0151382 -1 -1 -0.701358 -1 -0.496761 0.687964 -0.875702 -1 -0.26007 -1 -1 0.79187 -0.680415 -1 -0.807077 -0.904401 -0.218268 0.951804 -1 0.34492 -1 -1 0.38535 -1 0.0939656 0.618099 -1 -0.327573 0.830432 -1 -1 -0.221501 -0.795892 -0.356787 -1 -1 
-1 -0.148581 -1 -0.621588 -0.127551 -1 0.39632 -0.768512 -1 -0.536442 -1 -0.416143 -0.450562 -0.841645 -1 -0.124698 -0.958556 -1 0.392865 0.628298 -0.794516 -0.558311 -1 0.131083 -1 -1 -0.943116 -1 -0.820077 0.0907229 -0.0664536 -1 -1 0.974147 -0.362645 -1 -0.278276 -0.543104 -0.658728 -0.57305 -1 -1 -1 0.162202 -1 0.427659 0.720582 -1 -0.669001 0.539072 -0.441755 -0.249634 -0.652012 -0.423946 -1 -0.22347 0.445587 -1 -0.0559305 0.293743 -1 -0.761231 -0.75432 -1 -0.877144 -1 -0.509063 0.590846 0.380034 -0.580559 0.468064 -0.993078 1 -0.672812 -0.634563 -1 -0.58501 -1 -1 -0.133014 -0.787446 -1 -0.584322 -0.48395 -1 -0.632854 -1 -0.389969 -1 -1 0.65686 -1 -0.763955 -0.848331 -1 -0.297949 -0.260866 -0.38149 -0.548953 -1 -0.724217 0.277666 -1 -1 -0.284777 -0.876901 0.0978119 1 -0.903945 -0.736785 -1 -1 -0.923088 0.355287 0.429653 -0.145432 -0.34964 -1 0.124733 -1 -0.997041 0.240603 -0.865513 -0.743892 0.727393 -0.551929 -1 -0.155341 -1 -1 -0.333043 0.105107 -1 -1 -1 1 -1 -1 
-0.69753 0.238525 -0.845119 -0.925718 -1 -1 -1 -1 -0.349966 -1 -1 -0.310564 -1 -1 -1 -1 -1 -1 -0.14592 -0.257672 -1 0.430845 -1 -0.904312 -1 -1 -0.800765 -0.769155 -1 -0.112913 -1 -0.782688 -0.958274 -0.358786 -0.42868 -0.127541 -1 -1 -0.946756 -1 -0.809616 -1 0.368811 -1 -0.938496 -0.800175 -0.23552 -0.342708 -1 -0.825958 -0.800405 -0.158722 -1 -1 -1 -1 -0.502755 -0.541725 0.0133317 -0.86086 -1 -1 -0.131977 -1 -1 -1 -1 -1 0.177465 -1 -1 0.0655991 0.156328 -1 -1 -0.746483 -1 -1 -1 -0.691285 -0.381879 -0.855096 -1 -0.725239 -1 -1 -0.86217 -1 -1 -0.661385 0.682081 -1 -0.943845 -1 -0.885938 -1 -1 -1 -0.973615 -0.0374907 0.90411 -1 -1 -1 -0.895939 -0.776824 -0.496761 0.687964 -0.718632 -1 -1 -0.928123 -0.489785 0.396028 -1 -1 -0.961599 -1 0.294084 0.799157 -0.132199 0.371352 -1 -1 0.481423 -1 -0.32734 0.17286 -1 -0.61935 1 -0.898927 -1 -0.50829 -0.790837 -1 -0.198653 -1 
-1 0.238525 -1 -1 -1 -1 -0.591582 -0.760446 -1 -1 -1 0.183876 -0.79899 -1 -1 -0.040726 -0.164119 -0.163642 0.0755001 0.0408746 -1 0.430845 -1 -1 -1 -1 -1 -1 -1 -0.112913 -1 -0.933208 -1 0.565808 -0.634605 -0.135172 -1 -0.910555 -1 -0.854024 -0.915502 -0.990654 0.368811 -0.846317 -1 -0.514604 0.772115 -0.835872 -0.914241 -1 -0.210616 0.685654 -1 -0.962829 0.0929689 -1 0.149528 -0.668669 0.160799 -0.631263 -0.949827 -0.775232 -1 -0.773465 -0.449799 -1 -0.613149 -0.923024 0.872636 -0.89093 -1 0.704477 0.847393 -0.288172 -1 -0.329395 -1 -1 -0.781724 -1 -1 -0.843476 -0.228292 -0.437903 -0.732428 -0.945404 -0.869817 -1 -1 -0.661385 0.417214 -1 -1 -1 -1 -1 -1 -0.333754 -0.22224 0.202628 0.206803 -0.0894713 -1 -1 0.116111 -1 -0.496761 0.687964 -1 -1 -0.757161 -1 -0.442832 0.396028 -0.43181 -0.860841 -1 -1 0.0339801 0.799157 -0.905323 0.371352 -0.841863 -1 0.392172 -1 -1 0.618099 -0.83675 -0.539982 0.335636 -0.669692 -0.866567 -0.221501 -1 -0.148724 0.218494 -1 
-0.474388 0.238525 -1 -1 -1 -1 -1 -1 -0.758713 -1 -1 0.183876 -1 -1 -1 -0.842254 0.163368 -0.00285965 0.0755001 -0.530687 -0.731829 0.430845 -0.898979 -1 -1 -1 -1 -1 -1 -0.112913 -0.988019 -0.93649 -1 0.685611 -0.910017 0.102542 -1 -0.809505 -0.946756 -1 -0.915502 -1 0.368811 -0.907718 -0.785267 -0.237396 0.772115 -0.726447 -0.58358 -0.73482 -0.605637 0.685654 -1 -1 -0.754185 -1 -1 -0.152649 -0.131341 0.257861 -1 -0.593529 -0.795618 -1 -0.943954 -1 -0.613149 -0.564099 0.872636 -1 -1 0.668734 0.818071 -0.391179 -1 -0.329395 -1 -1 -1 -0.854334 -1 -1 -0.228292 -0.437903 -1 -1 -1 -1 -1 -0.856549 0.0994474 -0.813981 -0.624661 -1 -0.698943 -1 -1 -0.0760616 -0.298394 0.118208 0.772051 -0.306805 -1 -1 -0.539779 -1 -0.677966 0.246115 -1 -1 -1 -1 -0.954192 0.128218 -0.43181 -1 -1 -0.866645 -0.106934 0.799157 -0.347125 0.357481 -1 -1 0.386545 -1 -0.227797 0.445428 -1 -1 1 -0.669692 -1 -0.835491 -0.795892 -0.551794 0.295651 -1 
-1 -1 -1 -0.0595044 -0.664141 -1 -1 -0.831471 -1 -0.764477 -1 -0.0492628 -1 -1 -1 -0.560884 -0.615767 -0.00285965 0.0469903 -0.995998 -0.949195 -1 -1 -0.926378 -1 -1 -1 -1 -1 -0.0871494 -1 -0.982405 -1 0.523748 -0.900124 -1 -1 -1 -1 -0.888425 -0.673434 -0.683693 0.932926 -0.995662 -1 -0.344482 0.772115 -0.726447 -1 -0.966412 -1 0.685654 -1 -0.839682 0.033076 -1 -0.509317 -0.620392 -0.228307 0.257861 -0.924612 -0.683694 -0.131977 -1 -0.386582 -1 -0.613149 -1 -0.286348 -1 -1 0.724367 -0.927364 -0.391179 -1 -1 -1 -1 -0.675821 -1 -1 -1 -1 -0.27267 -1 -1 -0.337859 -0.970495 -1 -1 0.667122 -0.686087 -0.618891 -1 -1 -1 -0.897535 -0.911673 -0.481607 -1 0.313099 -0.344187 -0.838291 -0.738937 -1 -0.598959 -0.85389 -0.35267 -0.663029 -1 -1 -0.701736 -1 0.396028 -1 -1 -1 -0.866645 0.294084 0.687639 -1 0.371352 -1 -1 0.203965 -1 -0.578907 0.84319 -1 -0.327573 1 -0.727154 -1 -1 -0.795892 -0.852671 0.520882 -1 
-0.328755 0.238525 -1 -0.0851882 -1 -0.657445 -0.591582 -1 -0.631147 -1 -1 -0.416115 -1 -1 -0.93808 -0.845116 -0.0262757 -0.200189 -0.163631 0.426952 -1 0.069656 -1 -0.838272 -1 -1 -1 -1 -1 -0.112913 -1 -0.93649 -1 0.297183 -0.236856 -0.988057 -1 -1 -1 -0.95725 -0.915502 -1 0.34647 -1 -1 -0.23576 0.5704 -0.726447 -1 -1 -1 0.685654 -1 -0.528977 0.0929689 -1 0.186408 -0.78444 0.0326204 0.257861 -1 -0.593529 -0.131977 -0.971002 -0.720897 -1 -0.613149 -1 0.559745 -0.89093 -1 0.704477 0.418677 -0.27906 -1 -0.402766 -0.982489 -1 -1 -0.778693 -0.791747 -1 -0.228292 -0.240303 -0.855344 -0.587463 -0.521491 -1 -1 -1 0.147279 -1 -0.351856 -1 -1 -1 -1 -1 -0.298394 -0.18169 0.588744 -0.0894713 -1 -1 0.0318228 -1 -0.496761 0.273098 -1 -0.676169 -0.757161 -1 -0.489785 0.396028 -1 -1 -1 -0.886928 0.188147 0.616514 -0.568803 0.651349 -1 -1 0.38535 -0.852168 -0.227797 0.618099 -1 0.321661 0.00100774 -0.669692 -1 -0.221501 -1 -1 -0.922828 -0.541377 
-1 -0.148581 -1 -0.621588 -0.333174 -1 0.283395 -1 -0.751802 -1 -0.760116 -1 -1 -0.876984 -0.641177 -1 -0.958556 -0.703269 0.392865 0.140465 -1 0.0821919 -1 -1 -1 -1 -0.943116 -0.613477 -0.820077 -1 -1 -1 -1 0.974147 -0.362645 -1 -0.884826 -1 -0.658728 -0.57305 -1 -1 -0.735884 0.195154 -1 0.506546 0.802447 -1 -0.542155 -0.402602 -1 -0.691731 -0.858773 -0.707001 -1 -0.845457 -0.636382 -1 -0.411372 0.52114 -0.80741 -0.787165 -0.75432 -1 -1 -1 -0.262429 0.431098 -0.628875 -1 0.0768109 -1 0.874775 -0.158206 -1 -1 -0.58501 -1 -1 -0.418528 -0.787446 -1 -0.584322 -0.860466 -1 -1 -0.647718 -0.389969 -1 -1 -1 -0.98729 -0.763955 -0.848331 -1 -0.95239 -1 -1 -0.745217 -1 -1 -1 -1 -1 -1 -1 -0.582743 0.907226 -0.903945 -1 -1 -1 -0.923088 0.355287 0.429653 0.276215 -1 -1 0.124733 -1 -1 0.448389 -0.541948 -0.743892 0.286752 -0.318516 -0.790331 -0.00541523 -1 -1 -0.874744 0.247588 -0.959317 -0.906205 -1 1 -0.909541 -1 
-1 1 0.066608 -0.197295 -0.524386 0.102214 -0.457703 -0.0368466 -0.470672 -0.0464602 -0.656754 -0.492443 -0.177562 0.0435247 -0.764109 0.000157356 -0.552976 0.943313 -1 -1 -0.516899 -0.200674 -1 0.16843 0.0537077 0.0658307 -0.229116 0.7434 -0.262448 -0.560466 -1 0.346231 0.184012 0.038265 -0.172881 -0.170873 -0.766508 -1 -0.606867 -1 -0.510651 0.513682 -0.630502 -0.940732 0.343476 0.628406 0.355024 0.380253 0.58526 -0.147107 -0.89714 0.0821074 -1 0.0383289 -0.0104308 -0.602523 -0.0697584 0.112868 -0.924229 -0.0475983 0.560731 -0.478627 0.115657 0.965926 0.463225 -1 -1 0.100157 -1 -0.408855 0.679461 -0.934791 -0.648657 -1 -1 0.421647 -0.392687 -1 0.966709 -0.0380436 0.267159 -1 -0.0158432 0.219513 -0.726203 0.208114 -0.252492 0.17762 -0.703007 0.689451 0.438101 -0.637674 -0.699344 -0.0957159 -0.476254 0.199072 -0.84269 -0.0184334 -0.426695 -0.243237 -0.395565 0.163666 0.735476 -0.648864 -0.910766 0.568645 -1 0.0802233 -0.969087 0.446783 0.328799 -0.477806 -0.624097 -1 -0.470493 0.63088 -0.519455 -0.815179 -0.653926 -1 -1 -1 -0.202067 0.530741 -0.207799 1 -0.0921463 0.356125 0.46652 -0.834954 0.0478445 -1 -0.492178 1 -0.833272 0.425321 -0.794553 0.734565 
-1 -0.148581 -1 -1 -0.127551 -0.873909 0.446913 -0.768512 -1 -0.536442 -1 -0.231149 -0.450562 -0.841645 -1 -0.0640766 -1 -1 0.392865 0.628298 -0.794516 -0.516224 -1 0.131083 -1 -0.86281 -0.943116 -1 -0.820077 -0.142095 -0.0664536 -0.868094 -1 0.974147 -0.290883 -1 -0.278276 -0.846659 -1 -0.57305 -1 -1 -1 0.0875303 -1 -0.188455 0.61326 -1 -1 0.539072 -0.798601 -0.249634 -0.504465 -0.188847 -1 -0.20262 0.445587 -1 0.281796 0.293743 -1 -1 -0.626666 -1 -0.429567 -1 -1 0.590846 0.380034 -0.580559 0.468064 -0.993078 1 -0.132115 -0.817998 -1 -0.58501 -1 -1 -0.279291 -0.787446 -1 -0.584322 -0.48395 -1 -1 -1 -0.389969 -1 -1 0.457674 -1 -0.763955 -0.888139 -1 -0.111196 -0.260866 -0.293403 -0.78853 -1 -0.986348 0.294367 -0.929776 -1 -0.284777 -1 0.0978119 1 -0.903945 -0.736785 -1 -1 -0.923088 0.355287 0.429653 -0.145432 -0.389023 -1 -0.18383 -1 -0.997041 0.240603 -0.93558 -0.628306 0.727393 -0.106625 -1 -0.155341 -1 -1 -0.810613 -0.179184 -1 -1 -1 1 -1 -1 
-0.328755 -0.588846 -1 -0.396172 -0.87447 -0.657445 -0.591582 -0.872309 -1 -1 -1 -0.130205 -1 -1 -1 -1 -0.0262757 -0.863826 -0.163631 0.426952 -1 0.430845 -0.744077 -1 -1 -1 -0.832604 -1 -1 -0.112913 -1 -0.93649 -1 -0.0424673 -0.236856 -0.988057 -0.805756 -0.83295 -1 -1 -0.915502 -1 0.368811 -1 -1 -0.716827 0.5704 -0.726447 -1 -1 -1 0.870359 -0.963111 -0.528977 -0.899147 -1 0.149528 -1 0.0326204 0.257861 -1 -0.959805 -1 -1 -0.684262 -1 -0.613149 -1 -0.757027 -0.89093 -1 0.704477 0.418677 -0.27906 -1 -0.198512 -1 -1 -1 -0.778693 -1 -1 -0.499606 -0.240303 -1 -0.587463 -0.521491 -1 -1 -1 0.147279 -1 -0.488326 -1 -1 -1 -0.890458 -1 -1 -0.220909 0.145804 -0.0894713 -1 -1 -0.0300473 -1 -0.496761 -0.275301 -1 -0.676169 -0.757161 -1 -0.766042 0.396028 -1 -1 -1 -0.886928 0.188147 0.470641 -0.449961 0.651349 -1 -1 0.563607 -0.852168 -0.812122 0.618099 -1 0.321661 0.182322 -0.669692 -1 -0.221501 -0.795892 -1 -0.496159 -0.541377 
-1 -0.148581 -1 -1 -0.127551 -1 0.39632 -0.768512 -1 -0.536442 -0.73133 -0.416143 -0.450562 -0.595324 -1 -0.124698 -0.958556 -1 0.392865 0.628298 -0.794516 -0.558311 -1 0.131083 -1 -1 -0.943116 -1 -0.820077 0.0907229 -0.0664536 -1 -1 0.974147 -0.385105 -1 -0.278276 -0.543104 -0.658728 -1 -1 -1 -1 0.162202 -1 0.427659 0.720582 -1 -0.669001 0.539072 -0.441755 -0.249634 -0.640474 0.0340498 -1 -0.0063611 0.445587 -1 0.129498 0.293743 -1 -0.761231 -0.75432 -1 -0.405138 -1 -0.509063 0.590846 0.380034 -0.580559 0.468064 -0.993078 1 -0.132115 -0.817998 -1 -0.58501 -1 -1 -0.133014 -0.787446 -1 -0.584322 -0.48395 -1 -0.632854 -1 -0.389969 -1 -1 0.65686 -1 -0.763955 -0.848331 -1 -0.50044 -0.260866 -0.38149 -0.548953 -1 -0.724217 0.277666 -1 -1 -0.284777 -0.876901 0.0978119 1 -0.903945 -0.736785 -1 -1 -0.923088 0.355287 0.429653 -0.145432 -0.389023 -1 0.124733 -1 -0.67521 0.240603 -1 -0.743892 0.727393 -0.318516 -1 -0.155341 -1 -1 -0.333043 0.105107 -1 -1 -1 1 -1 -1 
-0.853482 0.106975 -1 -0.0851882 -1 -1 -0.591582 -1 -1 -1 -1 0.0521791 -1 -0.944231 -1 -0.040726 -0.164119 -0.480793 0.0755001 0.0408746 -0.731829 0.430845 -1 -1 -0.811461 -1 -1 -0.847161 -1 0.0839117 -1 -1 -1 0.72331 -0.928911 -0.191021 -1 -1 -0.946756 -1 -1 -1 0.368811 -1 -1 -0.572328 0.331032 -0.726447 -0.93285 -0.73482 -0.364716 0.685654 -1 -0.431967 0.224992 -1 0.149528 -0.152649 -0.233171 0.257861 -1 -0.593529 -0.602047 -0.971002 -0.449799 -1 -1 -0.564099 0.872636 -0.788782 -1 0.704477 0.999866 -1 -1 -0.329395 -0.990011 -1 -0.781724 -0.778693 -0.883334 -0.824837 -0.228292 -1 -1 -0.945404 -0.521491 -1 -1 -0.661385 0.772659 -1 -0.590969 -1 -1 -1 -0.890458 -0.0760616 -1 0.319909 0.772051 -1 -1 -1 -0.201159 -0.776824 -0.669907 0.687964 -1 -1 -0.923985 -1 -0.489785 0.396028 -0.43181 -1 -1 -0.866645 0.294084 0.799157 -0.907951 0.371352 -1 -1 0.38535 -1 -0.227797 0.618099 -1 -0.327573 1 -0.850359 -1 -0.221501 -1 -0.453539 0.218494 -0.541377 
-1 -1 -1 -0.784305 -0.127551 -1 0.484615 -1 -1 -0.60517 -1 -0.416143 -1 -1 -1 -0.124698 -0.840279 -1 0.50849 0.709877 -0.794516 -0.472292 -1 0.131083 -1 -1 -1 -1 -1 -0.945654 -0.0664536 -1 -1 1 -0.154303 -1 -0.278276 -1 -1 -0.99763 -1 -1 -1 0.162202 -1 0.366817 0.828111 -0.839347 -0.523188 -0.528683 -0.441755 -0.198148 -0.640474 -0.54348 -0.645814 -1 0.445587 -0.75954 -0.0939093 0.293743 -1 -0.761231 -0.75432 -1 -1 -1 -0.509063 -0.0803799 0.413047 -0.814121 0.468064 -1 0.697923 -0.132115 -1 -1 -0.997971 -1 -1 -0.585925 -0.787446 -1 -1 -0.48395 -1 -1 -1 -0.76355 -1 -1 0.129057 -1 -1 -0.848331 -1 -0.297949 -1 -1 -1 -1 -1 -0.151596 -1 -1 -0.284777 -1 0.0978119 1 -0.903945 -0.736785 -1 -1 -0.989122 0.355287 -0.474802 -0.278728 -0.770187 -1 0.429255 -1 -1 -0.0731637 -0.963374 -0.92756 -0.742709 -0.318516 -1 -0.155341 -1 -1 -1 0.17002 -1 -1 -1 1 -1 -1 
-0.154526 -0.493542 -0.435794 0.490924 -1 -0.317762 -1 -1 -0.234372 -0.399008 0.636097 0.954884 -0.528927 0.229793 -0.852792 -0.0807137 -0.193412 0.0794479 -0.793031 -0.305058 0.304314 -0.600706 0.306516 -0.571466 -1 -1 -0.302429 0.091004 0.576069 -1 -1 -1 0.541337 -1 -0.574888 -0.713954 0.357771 -1 0.18874 -0.938085 -1 0.492494 0.0969288 -1 -1 -1 -1 -1 1 0.962549 -0.926505 -1 0.702892 0.492311 0.544425 0.588171 -1 -1 0.145916 1 -0.0417535 -0.433627 -1 -1 -0.272688 -0.958175 -1 0.18518 -0.772267 -0.180334 -1 -0.332083 -1 -1 -0.873255 -0.254427 -0.613966 -1 -1 0.954537 -0.806728 0.741273 -0.832902 -1 -0.173192 -1 -1 0.440659 -1 -0.957083 0.96059 -1 -0.414914 -0.746077 -0.510579 0.0381689 -0.531057 -1 -0.129305 0.0278398 0.281778 -0.417376 -1 -0.672121 0.158536 -0.0655873 -0.140283 -0.224987 -0.0539418 -0.794986 -1 -0.708736 -1 -1 0.242378 -1 -0.648664 1 0.282762 0.29825 -1 -0.826016 -1 -1 -1 -0.526848 -0.730446 0.924151 -0.243423 0.285486 -1 -0.984009 0.0678829 0.67564 0.578095 0.498142 -1 -0.731404 
-1 -0.148581 -1 -0.621588 -0.127551 -1 0.39632 -0.768512 -1 -0.536442 -1 -0.416143 -0.450562 -0.91338 -1 -0.124698 -0.958556 -1 0.392865 0.628298 -0.794516 -0.558311 -1 0.131083 -1 -1 -0.943116 -1 -0.820077 0.0907229 -0.0664536 -1 -1 0.974147 -0.362645 -1 -0.278276 -0.543104 -0.658728 -0.57305 -1 -1 -1 0.162202 -1 0.427659 0.720582 -1 -0.669001 -0.0358347 -0.976118 -0.249634 -0.679792 -0.335364 -1 -0.22347 0.445587 -1 0.173566 0.293743 -1 -0.761231 -0.75432 -1 -0.429567 -1 -0.509063 0.590846 0.380034 -0.52838 0.468064 -0.993078 1 -0.132115 -0.817998 -1 -0.58501 -1 -1 -0.133014 -0.787446 -1 -0.584322 -0.48395 -1 -0.632854 -1 -0.389969 -1 -1 0.65686 -1 -0.763955 -0.848331 -1 -0.297949 -0.260866 -0.38149 -0.548953 -1 -0.724217 0.277666 -1 -1 -0.284777 -0.876901 0.0978119 1 -0.903945 -0.736785 -1 -1 -0.923088 0.355287 0.429653 -0.145432 -0.518907 -1 0.00674892 -1 -1 0.240603 -0.93558 -0.743892 0.727393 -0.318516 -1 -0.155341 -1 -1 -0.333043 0.105107 -1 -1 -1 1 -1 -1 
-1 -0.148581 -1 -0.889249 -0.127551 -1 0.39632 -1 -1 -1 -1 -0.416143 -0.450562 -0.876984 -0.776532 0.233442 -0.691101 -1 0.392865 0.140465 -1 -0.405288 -1 -1 -1 -1 -0.943116 -1 -0.965053 -0.346568 -1 -1 -1 1 -0.362645 -1 -1 -1 -1 -0.57305 -1 -1 -0.742326 0.162202 -1 0.506546 0.883639 -1 -1 -0.901005 -0.99847 -0.69354 -0.858773 -0.981858 -1 -0.867417 0.445587 -1 0.173566 0.293743 -1 -0.787165 -0.75432 -1 -1 -0.708205 -0.604395 1 -0.599782 -0.569881 0.468064 -0.993078 1 0.0463671 -0.817998 -1 -1 -1 -1 -1 -0.787446 -1 -0.214686 -0.945285 -1 -1 -1 -0.460472 -1 -1 0.51181 -0.872547 -0.763955 -0.848331 -1 -0.297949 -0.170879 -1 -1 -0.93648 -1 -0.141781 -1 -1 -1 -0.876901 0.0978119 1 -1 -0.736785 -0.869779 -1 -0.911623 0.355287 0.429653 0.276215 -1 -1 0.369504 -1 -0.997041 0.183902 -0.93558 -0.743892 0.286752 -0.680137 -0.790331 -0.22771 -0.97301 -1 -1 0.247588 -1 -1 -1 1 -1 -1 
-0.474388 0.238525 -1 -1 -1 -1 -1 -1 -0.758713 -1 -1 0.183876 -1 -1 -1 -1 0.163368 -0.00285965 0.0755001 -0.970498 -0.731829 0.430845 -0.675953 -1 -1 -1 -1 -1 -1 -0.112913 -0.988019 -0.93649 -0.997271 0.685611 -0.910017 0.102542 -1 -1 -0.946756 -1 -0.915502 -1 0.368811 -0.850516 -0.785267 -0.237396 0.772115 -0.726447 -0.58358 -0.73482 -0.367073 0.727254 -1 -1 -0.754185 -1 -1 -0.152649 0.160799 0.257861 -1 -0.593529 -0.795618 -1 -0.943954 -1 -0.613149 -0.564099 0.872636 -1 -1 0.668734 0.818071 -0.391179 -1 -0.329395 -1 -1 -1 -0.854334 -1 -1 -0.228292 -0.437903 -1 -1 -1 -1 -1 -0.856549 0.0994474 -1 -0.624661 -1 -0.698943 -1 -0.890458 -0.0760616 -0.298394 0.319909 0.772051 -0.306805 -1 -1 -0.781275 -1 -0.677966 0.246115 -0.865812 -1 -1 -1 -0.954192 0.128218 -0.43181 -1 -1 -0.866645 -0.274317 0.799157 -0.347125 0.357481 -1 -1 0.386545 -1 -0.227797 0.618099 -1 -1 1 -0.651341 -1 -0.835491 -0.795892 -0.551794 0.295651 -1 
-1 -0.148581 -1 -0.621588 -0.692637 -1 0.39632 -1 -1 -0.666628 -1 -0.416143 -0.450562 -1 -1 -0.124698 -1 -1 0.392865 0.140465 -1 -0.291602 -1 -1 -1 -1 -1 -1 -0.820077 -0.593061 -1 -1 -1 0.360126 -1 -1 -0.884826 -0.543104 -0.658728 -0.57305 -1 -1 -1 0.162202 -1 0.506546 0.883639 -1 -0.542155 0.539072 -1 -0.69354 -0.847911 -0.707001 -1 0.243947 0.445587 -1 0.173566 -0.132799 -1 -0.787165 -0.75432 -1 -1 -0.708205 -0.604395 1 0.380034 -0.569881 0.468064 -1 1 -0.521016 -1 -1 -0.58501 -1 -1 0.00635344 -0.787446 -1 -0.584322 -1 -1 -1 -1 -0.389969 -1 -1 0.804178 -1 -0.763955 -1 -1 -1 -0.734959 -1 -0.745217 -1 -1 0.277666 -1 -1 -1 -0.876901 0.0978119 1 -0.903945 -1 -1 -1 -0.923088 0.355287 0.429653 0.276215 -1 -1 0.124733 -1 -0.997041 0.397338 -0.93558 -0.642861 0.286752 -0.318516 -0.790331 -0.00541523 -1 -0.885242 -1 0.247588 -1 -1 -1 1 -0.909541 -1 
-0.313755 0.238525 -1 -0.414379 -1 -0.657445 -0.591582 -1 -0.631147 -1 -1 0.162558 -1 -1 -0.93808 -0.845116 -0.0262757 -0.200189 -0.163631 0.147361 -1 0.430845 -0.999325 -0.838272 -0.805476 -1 -1 -1 -1 -0.112913 -0.861498 -0.93649 -1 -0.0677267 -0.3129 -0.988057 -1 -1 -1 -1 -0.915502 -1 0.368811 -1 -1 -0.23576 0.5704 -0.726447 -1 -0.73482 -1 0.685654 -1 -0.528977 0.0929689 -0.633735 0.149528 -0.78444 -0.251245 -0.329893 -1 -0.896032 -0.131977 -0.971002 -0.720897 -1 -0.934245 -1 0.872636 -0.998889 -1 0.895802 0.418677 -0.27906 -1 -0.640283 -0.990011 -1 -1 -0.711317 -0.791747 -0.948341 -0.228292 -0.539794 -1 -0.587463 -0.491042 -1 -1 -1 0.147279 -0.895093 -0.351856 -1 -1 -1 -0.73504 -1 -0.298394 0.319909 0.572398 -0.0894713 -1 -1 -0.0300473 -1 -0.496761 0.273098 -1 -0.676169 -0.757161 -1 -0.489785 0.396028 -1 -1 -1 -0.886928 0.188147 0.506712 -0.449961 0.476044 -1 -1 0.38535 -0.852168 -0.227797 0.694481 -1 0.185201 0.4065 -0.669692 -1 -0.806236 -0.795892 -1 -0.496159 -1 
-0.781057 0.238525 -1 -0.0851882 -1 -1 -0.870985 -1 -0.747437 -0.87135 -1 0.183876 -1 -1 -0.807182 -0.040726 -0.164119 -0.00285965 0.0755001 0.0408746 -0.731829 0.430845 -1 -1 -1 -1 -1 -1 -1 -0.112913 -1 -0.93649 -1 0.72331 -0.259329 0.10129 -1 -1 -0.946756 -1 -0.915502 -1 0.368811 -1 -1 -0.23576 0.772115 -0.726447 -0.584413 -0.73482 -0.559848 0.685654 -1 -0.528977 -0.102213 -1 0.149528 -0.152649 0.160799 -0.216678 -1 -0.593529 -0.131977 -0.971002 -0.449799 -1 -0.613149 -0.564099 0.872636 -0.908662 -1 0.704477 0.818071 -0.391179 -1 -0.329395 -0.990011 -1 -1 -0.778693 -1 -1 -0.228292 -0.437903 -1 -0.833914 -0.521491 -1 -1 -0.661385 0.469402 -1 -0.590969 -1 -0.746454 -1 -0.890458 -0.0760616 -0.298394 0.319909 0.772051 -0.0894713 -1 -1 -0.0759176 -0.776824 -0.496761 0.687964 -1 -1 -0.757161 -1 -0.999208 0.396028 -0.43181 -1 -1 -0.866645 0.294084 0.720348 -0.347125 0.371352 -1 -1 0.38535 -1 -0.227797 0.504555 -1 -0.327573 1 -0.669692 -1 -0.221501 -0.795892 -0.453539 0.218494 -0.541377 
-1 -0.148581 -1 -0.621588 -0.848627 -1 0.39632 -0.768512 -1 -0.536442 -1 -0.416143 -0.450562 -0.841645 -1 -0.124698 -0.958556 -1 0.73154 0.628298 -0.794516 -0.558311 -1 -0.344097 -1 -1 -0.943116 -1 -0.820077 0.0907229 -0.0664536 -1 -1 0.974147 -0.362645 -1 -0.278276 -0.543104 -0.658728 -0.57305 -1 -1 -0.988416 0.162202 -1 0.427659 0.720582 -1 -0.669001 0.539072 -1 -0.249634 -0.652012 -0.829637 -1 -0.22347 0.445587 -1 -0.950476 0.293743 -1 -0.761231 -0.75432 -1 -0.877144 -1 -0.509063 0.590846 0.380034 -1 0.468064 -1 0.930859 -0.672812 -0.634563 -1 -0.58501 -1 -1 -0.133014 -1 -1 -0.584322 -0.48395 -1 -0.632854 -1 -0.260749 -1 -1 0.65686 -1 -0.763955 -0.490484 -1 -0.863199 -0.260866 -0.38149 -0.548953 -1 -0.724217 0.277666 -1 -1 -0.284777 -0.876901 0.0978119 1 -0.903945 -0.736785 -1 -1 -0.923088 -0.0822818 0.429653 -0.145432 -0.34964 -1 0.124733 -1 -0.997041 0.240603 -0.865513 -0.743892 0.727393 -0.551929 -1 -0.155341 -1 -1 -0.333043 0.105107 -0.771428 -1 -0.661888 1 -1 -1 
-0.328755 -0.32954 -1 -0.0851882 -1 -1 -0.833726 -1 -0.631147 -0.998489 -1 -0.0511195 -1 -1 -0.890815 -0.845116 -0.286808 -0.200189 -0.163631 0.426952 -0.989202 0.430845 -1 -0.872289 -1 -1 -1 -1 -1 -0.112913 -1 -0.93649 -0.83668 0.297183 -0.236856 -1 -1 -1 -1 -1 -0.915502 -1 -0.607956 -1 -1 -0.23576 0.5704 -0.726447 -1 -0.73482 -1 -0.239571 -1 -0.528977 -0.0671785 -0.75757 0.149528 -1 0.0326204 -1 -1 -1 -0.761078 -0.657514 -1 -0.939852 -0.638202 -1 0.872636 -0.89093 -0.848304 0.153999 0.418677 0.0748197 -0.940032 -0.329395 -1 -0.993275 -1 -0.778693 -0.791747 -1 -0.228292 -0.258361 -1 -0.57776 -0.521491 -1 -1 -1 -0.587312 -1 -0.15939 -1 -1 -1 -0.862779 -1 -1 0.319909 -0.371738 -0.0894713 -1 -1 -0.275534 -1 -0.496761 0.398345 -1 -1 -1 -1 -0.489785 0.396028 -1 -1 -0.974485 -0.886928 -0.554281 0.616514 -0.449961 0.651349 -1 -1 0.38535 -0.852168 -0.227797 0.618099 -1 0.435431 0.4065 -1 -1 -0.221501 -1 -1 -0.496159 -0.541377 
-1 -0.177201 -1 -0.621588 -0.127551 -1 0.39632 -1 -1 -0.536442 -1 -0.416143 -0.450562 -0.841645 -1 -0.00887644 -0.864886 -1 0.392865 0.792971 -0.794516 -0.501338 -1 -0.25291 -1 -1 -0.680949 -0.950776 -0.620823 -0.187252 -0.424168 -1 -0.889189 0.914594 -0.362645 -1 -0.278276 -0.809103 -0.65512 -1 -1 -1 -1 0.235188 -1 0.513128 0.720582 -1 -0.669001 -0.215317 -0.991732 -0.0019972 -0.41167 0.0340498 -1 -0.22347 0.445587 -1 0.173566 -0.306741 -1 -0.620643 -0.75432 -1 -0.380571 -1 -0.980317 0.590846 0.380034 -1 0.468064 -0.755959 1 -0.132115 -0.817998 -1 -0.58501 -1 -1 -0.376619 -0.787446 -1 -0.584322 -0.48395 -1 -0.772063 -1 -0.389969 -1 -1 0.65686 -1 -0.763955 -1 -1 -0.297949 -0.526703 -0.38149 -0.548953 -1 -1 0.277666 -1 -1 -0.284777 -0.876901 0.0978119 1 -0.903945 -0.736785 -1 -1 -0.923088 0.355287 0.00213546 -0.145432 -0.966591 -1 0.124733 -1 -0.997041 0.240603 -0.93558 -1 0.727393 -0.318516 -1 -0.155341 -1 -1 -0.333043 -0.0144813 -1 -1 -1 0.60007 -1 -0.925363 
-1 -0.148581 -1 -0.770559 -0.127551 -1 0.39632 -0.973892 -1 -1 -1 -0.416143 -0.450562 -0.876984 -0.776532 0.233442 -1 -1 0.392865 0.280083 -1 -0.405288 -1 -1 -1 -1 -0.943116 -1 -0.820077 -0.346568 -1 -1 -1 1 -0.362645 -1 -1 -1 -1 -0.57305 -1 -1 -0.742326 0.162202 -1 0.506546 0.883639 -1 -1 -0.458141 -1 -1 -0.858773 -0.981858 -1 -0.867417 0.445587 -1 0.173566 0.293743 -1 -0.891263 -0.75432 -1 -1 -0.708205 -0.604395 1 -0.599782 -0.569881 0.468064 -0.993078 1 -0.132115 -0.817998 -1 -1 -1 -1 -1 -0.787446 -1 -0.214686 -0.796886 -1 -1 -1 -0.482458 -1 -1 0.51181 -1 -0.763955 -0.848331 -1 -0.297949 -0.26996 -1 -1 -0.93648 -1 -0.141781 -1 -1 -1 -0.876901 0.0978119 1 -1 -0.736785 -0.869779 -1 -0.911623 0.381994 0.429653 0.276215 -1 -1 0.369504 -1 -0.997041 0.397338 -1 -0.743892 0.286752 -0.318516 -0.790331 -0.00541523 -1 -1 -1 0.247588 -1 -1 -1 1 -1 -1 
-0.440456 0.238525 -1 -0.0587252 -1 -1 -0.934157 -1 -0.747437 -1 -1 0.183876 -1 -1 -0.837278 -0.040726 -0.164119 0.00991902 0.0983224 0.0408746 -0.731829 -0.268534 -1 -0.790276 -1 -1 -1 -0.616771 -1 -0.923576 -1 -1 -1 0.402923 -0.788398 0.10129 -1 -1 -0.946756 -0.775025 -0.915502 -1 0.262895 -1 -0.878705 -0.23576 0.772115 -0.726447 -0.464001 -0.73482 -0.364716 0.685654 -1 -0.528977 0.0726217 -0.840471 -0.344706 -0.152649 -0.279672 -0.378531 -1 -0.593529 -1 -1 -1 -1 -1 -0.564099 0.373844 -0.89093 -1 -0.567676 0.818071 -0.858746 -1 -0.329395 -0.990011 -1 -1 -1 -0.580254 -1 -0.228292 -0.437903 -1 -0.945404 -0.751583 -1 -1 -0.661385 -0.451556 -1 -1 -1 -0.670291 -0.851512 -1 -0.0760616 -1 0.319909 0.772051 -0.714692 -1 -1 0.0134609 -0.776824 -0.496761 0.687964 -1 -1 -0.757161 -1 -1 0.396028 -0.333068 -1 -1 -0.922132 0.294084 0.413567 -0.169079 0.204256 -1 -1 -0.0384411 -1 -0.227797 0.815678 -1 -0.327573 1 -0.669692 -1 -0.884675 -1 -0.496111 0.243095 -1 
-0.571572 0.238525 -1 -0.0851882 -1 -1 -0.591582 -1 -1 -1 -1 0.183876 -1 -1 -0.807182 -0.040726 -0.662496 -0.191218 0.149366 0.0408746 -0.590448 0.682448 -1 -1 -1 -0.870875 -1 -1 -0.826483 -0.824554 -1 -0.93649 -0.84171 0.296294 -0.748879 0.131991 -0.888156 -1 -0.946756 -1 -1 -1 0.470213 -1 -1 -0.990723 1 -0.726447 -0.43165 -0.917658 -0.808627 0.685654 -0.876026 -0.528977 0.0929689 -1 0.149528 -0.152649 -0.233001 0.17574 -1 -0.827942 -1 -0.971002 -0.449799 -1 -0.542626 -0.564099 0.872636 -0.89093 -1 0.704477 0.818071 -0.483454 -1 -0.329395 -0.789237 -1 -0.781724 -0.907791 -0.791747 -1 -0.228292 -1 -1 -0.951185 -0.521491 -1 -1 -0.661385 -0.192062 -1 -1 -1 -0.746454 -1 -0.890458 -0.0760616 -1 0.319909 0.772051 -0.0894713 -1 -1 -0.0759176 -0.776824 -1 0.7663 -1 -1 -1 -1 -1 0.385974 -0.43181 -1 -1 -0.866645 0.294084 0.799157 -0.347125 0.371352 -0.87844 -1 -0.0512539 -1 -0.227797 0.986685 -1 -0.799644 1 -0.669692 -1 -0.298336 -0.795892 -1 0.218494 -0.555948 
-0.440456 0.238525 -0.811851 -0.542767 -1 -1 -0.991142 -1 -0.747437 -1 -1 0.183876 -1 -1 -0.564671 -0.040726 0.154117 -0.00285965 0.131525 0.0408746 -0.731829 0.560467 -1 -1 -1 -1 -1 -1 -1 -0.112913 -1 -0.967717 -1 0.72331 -0.259329 0.10129 -1 -1 -0.946756 -0.755946 -0.915502 -0.744505 0.368811 -1 -1 -0.23576 0.772115 -1 -0.584413 -0.73482 -0.364716 0.718391 -1 -0.528977 0.0929689 -1 0.149528 -0.698778 0.117414 0.257861 -1 -0.71708 -1 -1 -0.449799 -1 -0.613149 -0.564099 0.872636 -0.89093 -1 0.704477 0.818071 -0.391179 -1 -0.329395 -0.990011 -1 -0.781724 -0.778693 -0.791747 -1 -0.197325 -0.437903 -1 -0.945404 -1 -1 -1 -0.661385 0.417214 -1 -0.690424 -1 -0.746454 -1 -0.890458 -0.0760616 -0.298394 0.319909 -0.216413 -0.0894713 -1 -1 -0.913678 -0.776824 -0.496761 0.687964 -1 -1 -0.757161 -1 -0.968714 0.396028 -0.43181 -1 -1 -1 0.294084 0.799157 -0.347125 0.371352 -1 -1 0.38535 -1 -0.227797 0.618099 -1 -0.327573 1 -0.669692 -1 -0.934639 -1 -0.453539 0.218494 -0.440165 
-1 0.716487 0.436898 0.0801011 0.298226 -0.1589 -1 -1 -0.542444 0.0186053 -0.96412 -0.660535 0.0189499 -0.525554 -1 -0.993882 -0.407685 -1 -0.811301 -0.297889 -0.413248 0.205787 0.0106179 0.601074 -0.384586 0.359877 -0.563053 -0.843691 0.95179 0.807712 -0.165725 -0.64754 -1 -0.415396 -0.363171 -0.249685 -0.553175 -1 0.0359378 0.862053 0.75269 -1 -1 0.789569 -0.519726 -1 -0.679794 -0.875217 -0.80414 -1 0.155367 -0.913691 -0.81648 0.574891 -0.918525 -1 -0.732863 -0.488962 -0.399531 0.394256 -0.677546 -0.927057 -0.306622 -0.404137 -0.486788 -1 -0.260379 -0.597063 -0.293264 -0.144939 0.0646818 -1 -0.422471 -0.973187 -1 -1 0.460003 -1 -0.64632 -0.012639 -0.206733 -0.555185 0.347136 -0.470165 -0.244005 0.293728 -1 -0.830845 -0.0571781 -1 -1 0.334299 -1 -1 -0.27951 -0.972935 -1 0.707945 -0.44441 0.714435 0.544152 0.497053 -0.263825 -0.320373 -0.0781414 -0.504918 0.34619 -0.112005 -0.376682 -0.853116 -0.511457 -0.686003 -0.573581 -0.751385 -1 -0.0763388 -0.00195038 -0.556662 0.40395 0.425791 0.655808 0.709959 -0.201295 -1 0.385042 -0.508407 -1 0.229978 0.150094 0.831894 0.721185 -0.383273 0.361205 -0.76047 -0.412761 0.703218 -0.745704 -0.0819378 
-1 0.452693 -1 -0.0851882 -1 -1 -0.591582 -1 -0.747437 -1 -1 0.0160575 -1 -0.702454 -0.807182 0.200766 -0.164119 -0.00285965 0.0755001 0.0408746 -0.731829 0.430845 -1 -1 -1 -1 -1 -1 -1 -0.112913 -0.685093 -0.593846 -1 0.303535 -0.440747 0.10129 -1 -1 -0.946756 -1 -1 -1 0.368811 -0.817983 -1 -0.23576 0.772115 -0.990029 -1 -0.380363 -0.593099 0.833483 -1 -0.528977 0.0929689 -1 0.149528 -0.447596 0.160799 -0.20404 -1 -0.593529 -0.131977 -1 -0.449799 -0.857343 -0.613149 -0.564099 0.935424 -1 -0.718352 0.653908 -0.059348 -0.391179 -1 -0.329395 -0.990011 -1 -0.781724 -1 -1 -1 -0.228292 -0.437903 -0.79019 -0.945404 -1 -1 -0.618804 -0.661385 0.540307 -1 -0.590969 -1 -0.746454 -1 -0.890458 -0.0760616 -0.298394 0.319909 0.258754 -0.248118 -1 -1 -0.0759176 -0.776824 -0.496761 0.687964 -1 -1 -1 -1 -0.489785 0.517155 -0.43181 -1 -1 -1 -0.87864 0.975455 -0.347125 0.00770766 -1 -1 0.381336 -0.821105 -0.227797 0.484951 -1 -0.327573 1 -0.669692 -1 -0.133989 -1 -0.453539 0.218494 -1 
-0.976922 0.622916 -1 -1 -1 -1 -0.871531 -0.777669 -1 -0.625408 -0.841387 0.151934 -1 -0.653523 -0.807182 -1 -0.762228 -0.00285965 0.0755001 -0.533582 -1 0.484191 -1 -1 -1 -1 -1 -1 -1 -0.10593 -0.54012 -1 -0.900645 0.569521 -1 0.10129 -1 -0.809898 -0.946756 -0.935292 -0.915502 -1 0.368811 -0.680633 -0.917595 -0.368405 0.772115 -0.726447 -0.979602 -0.73482 -1 -0.114106 -1 -1 -0.739473 -1 0.149528 -0.582608 0.160799 0.257861 -1 -0.593529 -0.444707 -1 -0.449799 -1 -0.613149 -0.564099 -0.323517 -1 -0.791024 0.140948 0.419812 -0.391179 -1 -0.8394 -1 -1 -1 -1 -1 -1 -0.228292 -1 -0.767398 -1 -1 -1 -1 -1 0.187928 -1 -0.445267 -1 -1 -1 -1 -0.558231 -0.638768 0.319909 0.432578 -1 -0.840011 -1 -0.293609 -0.776824 -0.10793 0.687964 -1 -1 -1 -0.860223 -0.489785 0.396028 -0.43181 -1 -0.840462 -0.866645 0.43897 0.208117 -0.347125 0.371352 -1 -1 0.38535 -1 -0.227797 0.618099 -1 -0.901472 1 -0.669692 -1 -0.221501 -1 -0.453539 0.425415 -0.541377 
-1 -1 -1 -1 -0.127551 -1 -0.708159 -1 -1 -0.536442 -1 -0.712087 -1 -0.841645 -1 -0.124698 -0.958556 -0.878932 0.392865 0.628298 -0.794516 -0.318177 -1 0.20177 -1 -0.887405 -1 -1 -0.954369 0.318678 -0.433365 -1 -1 0.974147 -1 -1 -0.394383 -1 -0.482837 -0.57305 -0.727263 -1 -1 -0.228771 -1 0.427659 -0.580509 -0.79181 -0.669001 0.539072 -0.441755 -0.249634 -0.874321 0.0340498 -1 -0.597891 0.551215 -1 0.447257 -0.412479 -1 -1 -1 -1 -0.189676 -1 -0.123548 0.394086 0.655722 -0.758704 0.0125379 -1 -0.0157352 -0.514682 -0.973077 -1 -1 -1 -0.801619 -0.133014 -1 -0.842253 -0.818023 -1 -1 -0.770768 -1 -0.768312 -0.851206 -1 0.65686 -1 -1 -1 -0.890671 -0.297949 -0.260866 -1 -0.548953 -0.914887 -1 -0.51891 -1 -0.781168 -0.902801 -0.876901 -0.266887 1 -0.9977 -1 -1 -0.857805 -0.923088 0.424626 0.677203 0.232873 -1 -0.939392 0.107822 -1 -0.613025 0.485541 -0.93558 -0.743892 0.153123 -0.387593 -1 -0.155341 -0.666586 -0.916786 -0.383429 0.105107 -1 -1 -1 0.182348 -1 -0.971352 
-0.154526 -0.493542 -1 0.490924 -1 -1 -1 -1 -0.234372 -0.399008 0.636097 0.954884 -0.528927 0.229793 -0.880547 -0.901878 -0.168627 -0.382257 -0.661991 -0.0260176 0.304314 -0.125376 0.306516 -0.1026 -1 -0.842733 -0.302429 0.116507 0.576069 -1 -1 -0.508324 0.541337 -1 -0.574888 -0.713954 0.357771 -1 0.18874 -1 -1 0.492494 0.0509861 -1 -0.780735 -1 -0.767476 -1 1 0.962549 -0.926505 -1 0.702892 -0.370262 0.544425 0.588171 -1 -1 0.145916 1 -0.0417535 -1 -1 -1 -0.272688 -1 -1 -0.811264 -0.772267 -0.180334 -1 -0.332083 -1 -1 -0.960941 -0.254427 -1 -1 -1 0.954537 -0.304826 1 -1 -1 -0.173192 -1 -1 0.440659 -1 -0.885681 0.96059 -1 -0.414914 -1 -0.620683 -0.0801307 -1 -0.907595 -1 0.0278398 0.281778 -0.447542 -1 -0.672121 0.158536 -0.0655873 -0.140283 -0.224987 -0.0539418 -0.794986 -1 -0.718153 -1 -1 0.242378 -1 -0.648664 0.0626847 0.282762 0.351487 -1 -0.826016 -1 -1 -1 -1 -1 0.924151 -0.243423 0.285486 -1 -1 0.0678829 0.67564 0.578095 0.498142 -1 -0.731404 
-1 -0.148581 -1 -1 -0.127551 -1 0.39632 -1 -0.700049 -1 -1 -1 -0.450562 -0.876984 -0.776532 0.381508 -0.691101 -1 0.392865 0.140465 -1 -0.382691 -1 -1 -1 -1 -0.943116 -1 -0.820077 -0.346568 -1 -1 -1 1 -0.362645 -1 -1 -1 -1 -0.57305 -1 -1 -0.742326 0.162202 -1 0.0885319 0.883639 -1 -0.715954 -0.458141 -1 -0.69354 -0.858773 -0.981858 -1 -0.867417 0.445587 -1 0.173566 0.293743 -1 -1 -0.75432 -1 -1 -1 -0.604395 1 -0.599782 -1 -0.356171 -0.993078 1 -0.55993 -1 -1 -1 -1 -1 -1 -0.787446 -1 -0.214686 -0.945285 -1 -1 -1 -0.482458 -1 -1 0.51181 -1 -0.763955 -0.848331 -1 -0.297949 -0.170879 -1 -1 -0.93648 -1 -0.141781 -1 -1 -1 -1 0.0978119 1 -1 -0.736785 -0.869779 -1 -0.911623 0.355287 0.429653 0.276215 -1 -1 0.369504 -1 -0.997041 0.397338 -0.93558 -0.743892 -0.0912899 0.063494 -0.790331 -0.00541523 -1 -1 -1 0.247588 -1 -1 -0.869513 1 -1 -1 
-1 -0.177201 -1 -0.621588 -0.127551 -1 0.39632 -1 -1 -1 -1 -0.416143 -0.450562 -0.841645 -1 -0.00887644 -0.864886 -1 0.392865 0.792971 -0.794516 -0.501338 -1 -0.25291 -1 -1 -0.680949 -0.811044 -0.620823 -0.187252 -0.424168 -1 -0.889189 0.914594 -0.957253 -1 -0.278276 -0.809103 -1 -1 -1 -1 -1 0.235188 -1 0.513128 0.720582 -1 -0.669001 -0.215317 -0.991732 -0.454866 -0.41167 0.0340498 -1 -0.22347 0.445587 -1 0.173566 -0.306741 -1 -0.620643 -0.75432 -1 -0.730083 -1 -0.980317 0.590846 0.0247615 -1 0.468064 -0.755959 1 -0.132115 -0.817998 -1 -0.58501 -1 -1 -0.376619 -0.787446 -1 -0.584322 -0.48395 -1 -0.772063 -1 -0.389969 -1 -1 0.65686 -1 -0.763955 -1 -1 -0.297949 -0.849736 -0.38149 -0.548953 -1 -1 0.182365 -1 -1 -0.284777 -0.876319 0.0978119 1 -0.903945 -0.736785 -1 -1 -0.923088 0.355287 0.00213546 -0.176644 -0.966591 -1 0.124733 -1 -0.997041 0.240603 -0.93558 -1 0.727393 -0.221125 -1 -0.155341 -1 -1 -0.333043 -0.0144813 -1 -1 -1 0.60007 -1 -0.925363 
-1 -0.148581 -1 -0.621588 -0.333174 -1 -0.887681 -1 -0.751802 -1 -1 -1 -1 -0.876984 -0.641177 -1 -1 -1 0.392865 0.140465 -0.612975 0.0821919 -1 -1 -1 -1 -0.943116 -0.613477 -0.820077 -1 -1 -0.781886 -1 1 -0.362645 -1 -0.884826 -1 -0.658728 -0.467773 -1 -0.729491 -0.735884 0.195154 -1 0.506546 0.538166 -1 -0.725098 -0.402602 -1 -0.691731 -0.858773 -0.707001 -1 -0.845457 -0.636382 -1 -0.411372 0.52114 -1 -0.787165 -0.75432 -1 -1 -1 -0.262429 0.141661 -0.669716 -1 0.641966 -1 0.874775 -0.158206 -1 -1 -0.58501 -1 -1 -0.418528 -0.787446 -1 -1 -1 -1 -0.74517 -0.647718 -0.389969 -1 -1 -1 -0.98729 -1 -0.848331 -1 -1 -1 -1 -0.745217 -1 -1 -1 -1 -0.776013 -1 -1 -0.582743 -0.0580189 -0.903945 -1 -1 -1 -0.923088 0.355287 0.429653 0.276215 -0.959359 -1 0.124733 -1 -1 0.448389 -0.541948 -0.743892 0.286752 -0.318516 -0.790331 -0.00541523 -1 -1 -0.874744 0.247588 -1 -1 -1 1 -1 -1 
-0.328755 0.238525 -1 -0.0851882 -1 -0.657445 -0.468909 -1 -0.631147 -1 -1 0.162558 -1 -1 -1 -0.845116 -0.0262757 -0.200189 -0.163631 0.426952 -1 0.430845 -0.999325 -0.838272 -1 -1 -1 -1 -1 -0.112913 -1 -1 -1 0.297183 -0.236856 -0.988057 -1 -1 -0.989352 -1 -0.915502 -1 0.368811 -1 -1 -0.23576 0.5704 -0.726447 -1 -1 -1 0.874481 -1 -0.528977 0.0929689 -0.633735 0.149528 -0.78444 -1 0.257861 -1 -1 -0.131977 -0.971002 -0.720897 -1 -0.613149 -1 0.872636 -0.724199 -1 0.468945 0.418677 -0.27906 -1 -0.329395 -0.990011 -1 -1 -0.778693 -0.650441 -1 -0.275311 -0.240303 -1 -1 -0.521491 -1 -1 -0.712687 0.255514 -1 -0.351856 -1 -1 -1 -0.890458 -1 -0.298394 0.319909 0.572398 -0.0894713 -1 -0.827242 -0.35949 -1 -1 0.273098 -1 -1 -0.757161 -1 -0.489785 0.396028 -1 -1 -1 -1 0.188147 0.616514 -0.449961 0.651349 -1 -1 0.38535 -0.852168 -0.227797 0.618099 -1 0.321661 0.288116 -0.669692 -1 -0.221501 -1 -1 -0.496159 -0.541377 
-1 -0.122433 -1 -1 -0.820764 -0.89011 -0.788508 -0.828835 -0.747437 -1 -1 -0.458575 -1 -0.931494 -1 -0.040726 -1 0.245577 -1 -0.936432 -1 -1 -1 -1 -0.995298 -0.643379 -0.938825 -0.840689 -0.791001 -1 -0.720075 -1 -1 -0.100773 -0.959538 -0.0240785 -1 -1 -1 -0.985661 -1 -1 0.067015 -1 -1 -0.732646 0.163024 -1 -1 -0.714722 -0.549077 -0.977254 -1 -0.611159 -0.803261 -1 -1 -0.85423 0.692263 -0.961471 -1 -0.593529 -0.650639 -1 -0.915769 -0.704636 -1 -1 0.872636 -1 -1 0.56686 0.284089 -0.614882 -1 -1 -1 -1 -0.63029 -1 -1 -1 -0.228292 -1 -1 -0.945404 -1 -1 -1 -1 0.893101 -1 -0.455877 -0.906937 -1 -1 -1 -0.518236 -0.300654 -0.594765 0.991922 -0.238451 -1 -1 -1 -1 -0.480822 -0.13077 -1 -1 -0.667416 -0.74441 -0.8354 0.396028 -0.76994 -1 -1 -0.866645 0.434287 1 -0.950938 0.284309 -1 -1 0.38535 -0.716307 -1 0.618099 -1 -0.440179 -0.471272 -1 -1 -1 -1 -0.902222 0.314418 -1 
-1 0.238525 -1 -0.0851882 -0.702486 -1 -0.591582 -1 -0.747437 -1 -1 -0.704074 -1 -1 -0.807182 -0.26064 -0.164119 -0.00285965 0.0755001 -0.0715538 -0.731829 0.455797 -1 -1 -1 -1 -1 -0.785769 -1 -0.112913 -1 -1 -1 0.72331 -0.259329 0.10129 -1 -1 -1 -1 -0.915502 -1 0.368811 -1 -1 -0.23576 -0.222291 -0.726447 -0.942444 -0.73482 -0.364716 0.685654 -1 -0.528977 -0.905295 -1 -0.947958 -0.053616 0.160799 0.257861 -1 -0.593529 -0.131977 -0.971002 -0.449799 -1 -1 -0.564099 0.143606 -0.717045 -1 0.704477 0.818071 -0.391179 -1 -0.329395 -0.990011 -1 -1 -0.778693 -0.791747 -1 -0.228292 -0.437903 -1 -0.945404 -0.521491 -1 -1 -0.661385 0.527007 -1 -0.590969 -1 -0.377821 -1 -0.890458 -0.0760616 -0.298394 0.319909 0.772051 -1 -1 -1 -0.0759176 -0.776824 -0.496761 0.687964 -1 -1 -1 -1 -0.489785 0.396028 -0.43181 -1 -1 -0.866645 0.294084 0.381993 -0.347125 0.371352 -1 -1 0.38535 -1 -0.227797 0.618099 -1 -0.530435 -0.0766147 -1 -1 -0.221501 -0.795892 -0.453539 0.532109 -1 
-0.888138 -0.408053 -1 -1 -0.920304 -1 -1 -1 -1 -1 -1 0.113704 -1 -1 -1 -0.349378 -0.181514 -0.00285965 -0.834901 -1 -1 -0.834559 -1 -0.70548 -0.997553 -1 -1 -1 -0.896022 -0.0871494 -1 -0.632613 -1 0.523748 -0.840098 -0.0415203 -1 -1 -1 -0.94806 -1 -0.683693 0.268936 -0.995662 -1 -0.496537 0.147676 -0.726447 -1 -1 -1 0.602467 -1 -0.839682 0.0938806 -1 0.149528 -0.731909 -0.228307 -0.193676 -1 -0.593529 -1 -1 -1 -1 -0.613149 -0.564099 0.134886 -1 -1 0.688145 -0.207623 -0.391179 -0.976374 -1 -1 -1 -1 -1 -1 -1 -1 -0.437903 -0.81733 -0.945404 -1 -0.970495 -1 -1 0.741027 -1 -0.618891 -1 -1 -1 -1 -0.195347 -1 -0.715436 1 -1 -1 -1 -0.436935 -0.598959 -0.75755 -0.35267 -0.663029 -0.917491 -1 -1 -1 -0.131707 -1 -1 -1 -0.866645 0.281179 0.687639 -0.913138 0.371352 -1 -1 0.599585 -1 -1 0.84319 -1 -0.327573 1 -0.669692 -1 -0.949085 -0.795892 -0.852671 0.218494 -0.973509 
-0.440456 0.607448 -1 -1 -1 -1 -1 -1 -1 -0.832059 -1 0.151934 -1 -1 -0.807182 -0.71583 -0.191281 -0.49256 -0.0722452 0.359743 -1 0.657788 -1 -0.794428 -1 -1 -1 -1 -1 -0.112913 -0.66921 -0.93649 -1 0.72331 -0.728776 0.10129 -1 -1 -1 -1 -1 -1 0.368811 -0.949355 -1 -0.506099 0.772115 -0.726447 -1 -0.73482 -0.900344 0.685654 -1 -0.871487 0.0929689 -1 -0.562973 -0.650569 0.160799 0.257861 -1 -0.593529 -1 -1 -0.727424 -1 -0.613149 -0.564099 -0.138018 -0.914741 -0.791024 0.140948 -0.261263 -0.391179 -1 -0.8394 -0.990011 -1 -1 -0.838996 -0.890031 -1 -0.190115 -0.437903 -0.767398 -1 -1 -1 -1 -1 0.551383 -1 -0.425852 -1 -0.746454 -1 -1 -0.558231 -1 0.319909 0.987472 -0.735784 -1 -1 -0.293609 -0.902229 -1 0.687964 -1 -1 -1 -0.810801 -1 0.396028 -0.636768 -1 -0.840462 -1 0.609086 0.551423 -0.347125 0.246646 -1 -0.975878 0.38535 -1 -0.227797 0.747423 -1 -0.901472 1 -0.669692 -1 -0.221501 -1 -0.295655 0.425415 -0.541377 
-0.440456 0.622916 -1 -0.808276 -1 -1 -1 -0.777669 -0.896482 -0.832059 -1 0.151934 -1 -1 -1 -0.71583 -0.191281 -0.49256 0.0755001 0.0408746 -1 0.657788 -1 -0.794428 -1 -1 -1 -1 -1 -0.112913 -0.66921 -0.93649 -1 0.72331 -0.728776 0.10129 -1 -1 -0.946756 -1 -1 -1 0.368811 -1 -1 -0.163352 0.772115 -0.726447 -1 -0.73482 -1 0.685654 -1 -1 -0.355031 -1 -0.562973 -0.650569 0.160799 0.257861 -1 -0.593529 -0.511917 -0.971002 -0.449799 -1 -0.613149 -0.564099 -0.323517 -0.791865 -0.791024 0.140948 0.108457 -0.78164 -1 -0.8394 -0.990011 -1 -1 -0.838996 -0.791747 -1 -0.228292 -0.437903 -0.767398 -1 -1 -1 -1 -1 0.187928 -1 -0.445267 -1 -0.746454 -1 -1 -0.558231 -0.638768 0.319909 0.867466 -0.735784 -1 -1 -0.293609 -0.776824 -0.496761 0.687964 -1 -1 -0.757161 -0.810801 -0.489785 0.396028 -0.636768 -1 -0.840462 -0.866645 0.609086 0.551423 -0.347125 0.371352 -1 -1 0.38535 -1 -0.227797 0.747423 -1 -0.901472 1 -0.669692 -1 -0.192504 -1 -0.295655 0.425415 -0.541377 
-0.328755 0.238525 -1 -0.261707 -1 -0.657445 -0.591582 -1 -0.631147 -0.938354 -1 0.162558 -0.818974 -1 -0.93808 -0.845116 -0.505805 -0.200189 -0.163631 0.514683 -1 0.407909 -0.999325 -0.838272 -1 -1 -1 -1 -1 -0.112913 -1 -0.93649 -1 -0.0349495 -0.236856 -1 -1 -1 -1 -1 -0.915502 -1 0.368811 -1 -1 -0.23576 0.54722 -0.726447 -1 -1 -1 0.685654 -1 -0.528977 0.0929689 -0.633735 -0.0581714 -0.78444 0.0326204 0.257861 -1 -0.593529 -0.131977 -0.971002 -0.720897 -1 -0.613149 -1 0.533184 -0.89093 -1 0.549098 0.418677 -0.43594 -0.974762 -0.329395 -0.990011 -1 -1 -0.778693 -0.791747 -1 -0.228292 -0.240303 -1 -0.587463 -0.875476 -1 -1 -1 0.147279 -1 -0.351856 -1 -1 -1 -0.890458 -1 -0.298394 -0.190093 0.572398 -0.0894713 -1 -1 -0.0300473 -1 -0.496761 0.273098 -1 -0.676169 -0.757161 -1 -0.887554 0.396028 -1 -1 -1 -0.950805 -0.408707 0.616514 -0.449961 0.651349 -1 -1 0.38535 -1 -0.227797 0.618099 -1 0.321661 0.0799765 -0.669692 -1 -0.221501 -0.962679 -1 -0.496159 -0.942879 
-0.154526 -0.455758 -0.435794 -0.0354047 -0.872159 -0.93662 -1 -1 -0.328613 -0.399008 0.636097 0.954884 -0.892449 0.411455 -0.880547 -0.167502 -0.193412 0.0794479 -1 -0.898524 -0.148606 -0.0319071 0.527088 -0.281035 -1 -1 -0.302429 0.116507 0.576069 -0.806765 -1 -0.536008 0.541337 -1 -1 -0.713954 0.357771 -1 0.18874 -0.745836 -1 0.415238 -0.432995 -1 -1 -1 -0.767476 -1 1 0.962549 -0.926505 -1 0.894913 0.492311 0.419273 0.588171 -1 -1 0.145916 1 0.207767 -0.433627 -1 -1 0.0939289 -0.621646 -0.799859 -0.261695 -0.772267 -0.180334 -1 -0.332083 -1 -1 -0.873255 -0.254427 -0.999233 -1 -1 0.954537 -0.759469 -0.136469 -1 -1 -1 -1 -1 -0.290647 -1 -0.957083 0.96059 -1 -0.414914 -0.746077 -0.510579 0.0381689 -0.695672 -1 -0.0653774 0.0278398 0.281778 -0.417376 -1 -0.851075 0.158536 -0.0655873 -0.122764 -1 -0.0539418 -0.794986 -1 -0.718153 -1 -1 0.242378 -1 -1 1 -0.19108 0.351487 -1 -1 -1 -0.988235 -1 -0.526848 -1 1 -0.243423 -0.503132 -1 -0.984009 0.0678829 0.34229 0.340305 -0.613968 -1 -0.924703 
-0.888138 -0.262647 -1 -0.228449 -0.669477 -1 -1 -1 -0.747437 -1 -1 -0.330213 -0.812296 -1 -1 -0.503925 -0.420668 -0.00285965 0.0469903 -1 -1 -1 -1 -1 -1 -1 -1 -1 -1 -0.0871494 -1 -1 -1 0.523748 -0.548343 0.10129 -1 -0.94778 -1 -1 -0.673434 -0.683693 0.00186607 -1 -1 -0.0182222 0.772115 -0.769772 -0.934786 -1 -1 0.685654 -1 -0.839682 0.257742 -1 0.149528 -0.620392 -0.228307 0.257861 -1 -0.593529 -0.131977 -1 -0.449799 -1 -0.758605 -0.564099 0.76247 -1 -0.795881 0.611493 -0.207623 -0.391179 -1 -1 -1 -1 -1 -1 -1 -1 -1 -0.437903 -1 -0.869194 -0.521491 -0.970495 -1 -1 0.503695 -1 -1 -1 -1 -1 -0.897535 -0.195347 -0.298394 -0.715436 0.772051 -0.0894713 -1 -1 -0.829181 -0.650399 -0.85389 -0.35267 -0.677782 -1 -1 -1 -1 0.396028 -1 -1 -1 -0.866645 0.294084 0.687639 -1 0.371993 -1 -1 0.369478 -1 -0.578907 0.84319 -1 -0.327573 1 -0.669692 -1 -0.221501 -0.795892 -0.852671 0.218494 -0.973509 
-0.328755 -0.111617 -1 -0.0851882 -1 -0.657445 -0.520956 -1 -0.631147 -1 -0.729462 0.162558 -1 -1 -0.93808 -0.845116 -0.0262757 -0.200189 -0.163631 0.426952 -1 0.516593 -1 -1 -1 -1 -1 -1 -1 -1 -1 -0.93649 -1 -0.196085 -1 -0.988057 -1 -1 -1 -1 -1 -1 0.368811 -1 -1 -1 0.630299 -0.726447 -1 -0.73482 -1 0.685654 -1 -0.528977 -0.361162 -0.633735 -0.611122 -1 0.0326204 0.257861 -1 -1 -0.131977 -0.971002 -0.720897 -1 -0.278507 -1 0.540775 -0.568147 -1 0.704477 0.418677 -0.27906 -1 -1 -1 -0.922258 -1 -0.395776 -0.820217 -1 -0.44184 -1 -1 -0.587463 -0.521491 -1 -1 -1 0.147279 -0.827929 -0.351856 -1 -1 -1 -1 -1 -0.467144 0.319909 0.830347 -0.0894713 -1 -1 -0.771824 -1 -0.496761 -0.542145 -1 -0.676169 -0.757161 -1 -0.489785 0.213643 -1 -1 -0.724862 -1 0.188147 0.616514 -1 1 -1 -1 -0.133972 -0.82907 -0.227797 0.201455 -1 0.193527 0.209846 -1 -1 -0.592823 -0.606065 -1 -0.496159 -0.541377 
-1 -0.148581 -1 -0.621588 -0.127551 -1 0.39632 -0.742645 -1 -0.536442 -1 -0.416143 -0.450562 -0.841645 -0.845792 -0.124698 -0.958556 -1 0.392865 0.628298 -0.794516 -0.558311 -1 0.131083 -1 -1 -0.943116 -1 -0.820077 -0.117063 -0.0664536 -1 -1 0.974147 -0.362645 -1 -0.278276 -0.543104 -0.658728 -0.57305 -1 -1 -1 0.162202 -1 0.427659 0.720582 -1 -0.669001 0.539072 -0.441755 -0.249634 -0.640474 -0.361156 -1 -0.22347 0.445587 -1 0.173566 0.293743 -1 -0.761231 -0.75432 -1 -0.429567 -1 -0.509063 0.590846 0.380034 -1 0.468064 -0.993078 0.984945 -0.381264 -0.817998 -1 -0.58501 -1 -1 -0.133014 -0.787446 -1 -0.584322 -0.48395 -1 -0.632854 -1 -0.389969 -1 -1 0.65686 -1 -0.763955 -0.848331 -1 -0.297949 -0.260866 -0.38149 -0.548953 -1 -0.724217 0.277666 -1 -1 -0.700254 -0.876901 0.0978119 0.699669 -0.903945 -0.811861 -1 -1 -0.923088 0.355287 0.0618463 -0.145432 -0.389023 -1 0.124733 -1 -0.997041 0.240603 -0.93558 -0.743892 0.727393 -0.318516 -1 -0.325482 -1 -1 -0.333043 0.105107 -1 -1 -1 1 -1 -1 
-1 -0.177201 -1 -0.621588 -0.127551 -1 0.39632 -1 -1 -0.536442 -1 -0.416143 -0.450562 -0.841645 -1 -0.00887644 -0.864886 -1 0.392865 0.792971 -0.794516 -0.501338 -1 -0.25291 -1 -1 -0.680949 -0.950776 -0.620823 -0.187252 -0.424168 -1 -0.889189 0.914594 -0.362645 -1 -0.278276 -0.809103 -0.65512 -1 -1 -1 -1 0.235188 -1 0.513128 0.720582 -1 -0.669001 -0.215317 -0.991732 -0.0019972 -0.41167 0.0340498 -1 -0.22347 0.445587 -1 0.173566 -0.306741 -1 -0.620643 -0.75432 -1 -0.380571 -1 -0.980317 0.590846 0.380034 -1 0.468064 -0.755959 1 -0.132115 -0.817998 -1 -0.58501 -1 -1 -0.376619 -0.787446 -1 -0.584322 -0.48395 -1 -0.772063 -1 -0.389969 -1 -1 0.65686 -1 -0.763955 -1 -1 -0.297949 -0.526703 -0.38149 -0.548953 -1 -1 0.277666 -1 -1 -0.284777 -0.876901 0.0978119 1 -0.903945 -0.736785 -1 -1 -0.923088 0.355287 0.00213546 -0.145432 -0.966591 -1 0.124733 -1 -0.997041 0.240603 -0.93558 -1 0.727393 -0.318516 -1 -0.155341 -1 -1 -0.333043 -0.0144813 -1 -1 -1 0.60007 -1 -0.925363 
-0.328755 0.238525 -1 -0.0851882 -1 -0.657445 -0.591582 -1 -1 -1 -1 -1 -1 -1 -0.93808 -0.797222 -0.0262757 -1 -0.417296 0.426952 -1 0.430845 -0.999325 -0.838272 -1 -1 -1 -0.782572 -1 -0.112913 -1 -0.93649 -0.904611 0.297183 -0.190029 -0.988057 -1 -1 -1 -1 -1 -1 0.368811 -0.720133 -1 -0.23576 -0.157213 -0.726447 -1 -0.73482 -1 0.685654 -1 -0.528977 0.0929689 -0.505513 0.149528 -1 0.0326204 -0.0430231 -1 -0.862449 -0.0480092 -0.880877 -1 -1 -0.613149 -1 0.318013 -1 -1 0.436818 0.418677 -0.83621 -1 -0.0318221 -0.8239 -1 -1 -0.778693 -0.791747 -1 -0.228292 -0.240303 -1 -0.587463 -0.521491 -0.915502 -1 -1 0.147279 -1 -0.432601 -1 -1 -1 -0.890458 -1 -0.298394 0.319909 0.572398 -0.0894713 -0.995114 -0.728114 -0.0300473 -1 -0.496761 0.273098 -1 -0.676169 -0.757161 -1 -0.489785 0.396028 -1 -1 -0.81476 -0.886928 0.188147 0.616514 -0.449961 0.651349 -0.98441 -1 0.38535 -0.852168 -0.227797 0.618099 -1 0.436501 -0.578227 -1 -1 -0.221501 -0.795892 -1 -0.496159 -1 
-1 0.238525 -0.926758 0.0213964 -1 -0.657445 -0.591582 -1 -0.631147 -1 -1 0.449899 -1 -1 -1 -0.845116 -0.0262757 -1 -0.163631 0.525664 -1 -0.25539 -0.999325 -0.699418 -1 -1 -1 -1 -1 -0.112913 -1 -1 -1 0.297183 -0.733461 -0.930754 -1 -1 -1 -1 -0.915502 -1 0.368811 -1 -1 -0.663368 0.5704 -0.726447 -1 -1 -1 0.612724 -1 -0.528977 0.0929689 -0.633735 0.149528 -0.561413 0.0326204 0.257861 -1 -0.838097 -0.131977 -1 -0.720897 -1 -1 -0.911655 1 -1 -1 0.664016 0.805602 -0.27906 -1 -0.329395 -0.990011 -1 -1 -0.778693 -1 -1 -0.228292 -0.212895 -1 -1 -0.521491 -1 -1 -1 -0.425858 -1 -0.351856 -0.924856 -1 -1 -1 -1 -0.298394 0.319909 0.572398 -1 -1 -1 -1 -1 -0.495279 -0.292977 -1 -1 -0.757161 -1 -0.817429 0.396028 -1 -1 -1 -0.886928 0.188147 0.616514 -0.722896 0.149909 -0.847341 -1 -1 -0.852168 -0.433517 0.618099 -1 0.321661 0.4065 -1 -1 -0.262999 -1 -1 -0.496159 -1 
-0.390305 0.323794 -1 -0.890496 -1 -1 -0.886612 -1 -0.747437 -1 -1 -0.994145 -1 -0.884348 -0.986996 -1 -0.164119 -0.590386 0.0755001 -0.582749 -0.86597 -0.0443351 -0.965772 -1 -0.957795 -1 -0.968498 -1 -1 -0.787257 -1 -1 -1 0.184395 -0.628553 -1 -0.849093 -1 -1 -1 -0.915502 -1 0.390156 -1 -0.974892 -0.500072 0.772115 -1 -1 -0.823159 -1 0.738628 -0.602675 -0.953385 -0.546846 -0.910241 0.149528 -1 -0.513979 -0.238879 -0.913315 -0.901077 -0.325749 -0.718665 -1 -1 -1 -1 0.575432 -0.89093 -0.967899 0.614049 -0.105864 -0.389771 -1 -0.366164 -0.808887 -1 -0.781724 -1 -0.621833 -1 -0.228292 -0.507041 -1 -0.968199 -0.475428 -1 -1 -0.829694 0.483743 -1 -1 -1 -0.605888 -0.943806 -1 -0.261379 -1 0.342416 0.310116 -0.580261 -1 -1 -0.319974 -1 -1 0.687964 -1 -1 -0.820396 -0.808709 -0.70513 -0.0823593 -1 -0.669676 -1 -1 -0.45734 0.643706 -0.641269 0.427403 -1 -0.732619 0.38535 -1 -0.225597 0.618099 -1 -0.875647 1 -0.981644 -1 -1 -0.755327 0.0324167 -0.160144 -1 
-0.440456 0.238525 -1 -0.0851882 -1 -1 -1 -1 -0.747437 -1 -1 0.14303 -1 -1 -0.807182 -0.209673 -0.529713 -0.00285965 -0.302796 0.0408746 -0.868937 0.37538 -1 -1 -1 -0.927548 -1 -0.948405 -1 -0.28638 -0.983348 -0.93649 -1 0.72331 -0.259329 -0.973589 -1 -1 -1 -1 -1 -0.951805 0.368811 -1 -0.954351 -1 0.669951 -0.816133 -0.611689 -0.73482 -0.856867 0.89825 -1 -0.528977 -0.111846 -1 -0.352887 0.23981 -0.527092 0.257861 -1 -0.593529 -0.131977 -0.672927 -0.305544 -0.847529 -1 -1 1 -0.89093 -1 0.704477 0.818071 -0.391179 -1 -0.121768 -0.787724 -1 -1 -1 -0.791747 -1 -0.185203 -0.437903 -1 -0.787502 -0.500377 -1 -1 -0.661385 -0.259848 -1 -0.590969 -1 -0.746454 -1 -1 -0.348333 -0.298394 0.301877 0.772051 0.0782238 -1 -0.907167 -0.0759176 -0.776824 -0.739813 0.512522 -0.989216 -1 -0.757161 -1 -0.489785 0.396028 -1 -1 -1 -0.866645 -0.151886 0.799157 -0.347125 0.526905 -1 -0.830871 0.552142 -0.835256 -0.0337487 0.618099 -1 -0.327573 1 -0.669692 -1 -0.221501 -1 -0.823769 -0.781916 -0.541377 
-0.8935 -0.624992 -0.889012 -0.0711857 -1 -0.911396 -0.578233 -1 -1 -1 -1 -0.724933 -1 -1 -0.93808 -1 -0.0262757 0.337889 -0.163631 0.250374 -1 -0.280739 -0.999325 -0.898657 -1 -1 -1 -0.886811 -1 -0.54171 -1 -1 -1 0.352307 -1 -1 -1 -1 -1 -1 -1 -1 0.368811 -1 -0.620809 -0.23576 0.292201 -1 -1 -1 -1 0.685654 -1 -0.852703 0.0929689 -0.633735 0.149528 -1 -0.324059 0.257861 -1 -1 -0.653076 -0.971002 -0.720897 -1 -0.79659 -1 0.872636 -0.89093 -1 -0.354017 -0.0281388 -0.633466 -1 -0.329395 -0.990011 -1 -1 -0.778693 -1 -1 -0.228292 -0.240303 -1 -0.587463 -1 -1 -1 -1 -0.918863 -1 -0.351856 -1 -1 -1 -1 -1 -0.298394 0.319909 0.572398 -0.40351 -1 -1 -0.0300473 -1 -0.496761 -0.358733 -0.945564 -0.831262 -1 -0.919567 -1 0.396028 -1 -1 -0.795986 -1 0.188147 0.629028 -0.449961 0.651349 -1 -1 0.38535 -1 -0.519737 0.507575 -1 0.46402 0.263614 -1 -0.833952 -1 -0.795892 -1 -0.341077 -1 
-1 0.238525 -1 -0.0851882 -1 -1 -0.773835 -1 -0.805491 -1 -1 -0.488994 -1 -0.84611 -0.807182 -0.040726 -0.388789 -0.00285965 0.183873 0.0408746 -0.731829 0.565136 -1 -0.887345 -1 -1 -1 -1 -1 -0.0698173 -1 -0.93649 -0.886691 0.565284 -0.0357695 0.282018 -0.950169 -1 -1 -1 -0.92933 -1 0.407153 -1 -0.836762 -0.159252 0.277842 -0.726447 -0.389113 -1 -0.520962 0.685654 -1 -0.229815 -0.578935 -1 0.351021 -0.351797 -0.291429 -0.2588 -0.844741 -1 -0.610505 -1 -0.809669 -0.864484 -0.516237 -0.936491 1 -0.997448 -0.961352 -0.369344 1 -0.427816 -1 -0.756515 -1 -1 -0.781724 -1 -1 -1 -0.168646 -0.437903 -1 -0.945404 -0.564254 -1 -1 -0.643713 0.379325 -1 -0.590969 -1 -1 -1 -1 -0.792696 -0.298394 0.280365 0.772051 0.146332 -1 -1 0.0901181 -1 -0.998969 0.826042 -1 -1 -0.745282 -1 -0.675684 0.396028 -1 -1 -0.826336 -1 -0.71414 0.799157 -0.640658 -0.105095 -1 -1 -0.0487742 -1 -0.0286238 0.618099 -1 -0.327573 1 -1 -1 -0.385307 -0.795892 -0.453539 0.125798 -1 
-0.702917 0.238525 -0.850954 -0.572519 -1 -1 -1 -1 -0.451845 -1 -1 -0.252739 -1 -0.952767 -1 -0.139611 -0.716388 -0.00285965 0.0755001 -1 -1 0.922669 -1 -0.861177 -1 -1 -1 -1 -1 -0.867728 -1 -1 -1 0.371165 -0.774502 0.10129 -1 -1 -1 -1 -1 -1 0.325797 -1 -0.828567 -0.149795 0.327599 -0.726447 -0.718146 -1 -0.98285 -1 -0.669565 -0.699085 -0.531351 -0.685708 -0.532416 -0.152649 -0.0842385 -0.0774194 -1 -1 -0.173459 -1 -0.813348 -0.893348 -1 -1 0.130789 -1 -1 0.438117 0.231025 -0.375855 -1 -0.182218 -1 -1 -0.642843 -1 -1 -1 -0.799063 -1 -1 -1 -0.861646 -0.800237 -0.741958 -0.593352 -0.702958 -1 -0.519961 -0.893592 -1 -1 -1 -0.278602 -0.818022 0.323641 0.0691235 0.0692286 -1 -1 -1 -0.776824 -0.314556 0.47215 -1 -1 -0.757161 -1 -0.389176 0.61896 -0.377169 -1 -0.656467 -1 -0.235552 -0.0209157 -0.347125 0.0882789 -0.81474 -1 0.637886 -1 -0.0967904 0.730687 -0.967108 -0.557437 1 -0.669692 -1 -0.602469 -1 -0.12641 0.0742366 -0.89779 
-1 -0.257313 -0.905984 -0.0851882 -1 -1 -0.773835 -1 -0.805491 -1 -1 -0.488994 -1 -1 -1 -0.040726 -1 0.101852 0.144415 -0.451018 -0.966642 0.510317 -1 -1 -1 -1 -1 -1 -1 -0.425047 -1 -0.93649 -1 0.562172 -0.520892 0.396791 -1 -1 -1 -1 -0.822832 -0.847902 0.368811 -1 -1 -1 0.232327 -0.726447 -1 -1 -0.364716 0.894763 -1 -0.458039 -0.578935 -1 -0.863241 -0.152649 0.512225 0.257861 -1 -1 -0.0591001 -1 -0.449799 -1 -0.811088 -0.360015 0.751521 -0.982854 -1 0.0772777 0.818071 -0.391179 -0.915704 -0.612495 -0.904974 -1 -1 -1 -1 -1 -0.228292 -0.629001 -1 -1 -0.564254 -1 -1 -1 0.417214 -1 -0.631351 -1 -1 -1 -1 -0.707878 -0.937127 0.389017 -0.216172 0.146332 -1 -1 0.481683 -1 -1 0.826042 -1 -0.962101 -0.757161 -1 -0.871527 0.53447 -1 -1 -1 -1 -0.183373 0.804776 -1 0.371352 -1 -1 0.38535 -1 -1 0.0724471 -0.828429 -0.327573 1 -1 -1 -0.221501 -0.795892 -0.279858 0.346016 -0.592239 
-1 -0.148581 -1 -0.770559 -0.127551 -1 0.39632 -1 -1 -1 -1 -0.416143 -0.450562 -0.876984 -0.776532 0.351426 -0.691101 -1 0.392865 0.140465 -1 -0.405288 -1 -1 -1 -0.912507 -0.943116 -1 -0.820077 -0.346568 -1 -1 -1 1 -0.362645 -1 -1 -1 -1 -0.57305 -1 -1 -0.742326 0.162202 -1 0.301179 0.883639 -1 -1 -0.458141 -1 -0.69354 -0.858773 -0.981858 -1 -0.867417 0.340937 -1 0.173566 0.293743 -1 -0.991357 -0.75432 -1 -1 -0.708205 -0.604395 1 -0.599782 -1 0.468064 -0.993078 1 -0.560432 -1 -1 -1 -0.874106 -1 -1 -0.787446 -1 -0.214686 -0.81645 -1 -1 -1 -0.482458 -1 -1 0.51181 -1 -0.763955 -0.848331 -1 -0.297949 -0.170879 -1 -1 -0.93648 -1 -0.141781 -1 -1 -1 -0.876901 0.0978119 1 -1 -0.736785 -0.869779 -1 -0.911623 0.355287 0.429653 0.276215 -1 -1 0.369504 -1 -0.997041 0.397338 -0.93558 -0.743892 0.22643 -0.318516 -0.790331 -0.00541523 -1 -1 -1 0.247588 -1 -1 -1 1 -1 -1 
-0.768047 0.238525 -1 -0.0651146 -1 -1 -1 -1 -0.838319 -1 -1 0.492615 -1 -1 -1 -0.040726 -0.716388 0.17948 -0.485325 -0.368329 -0.744533 0.965898 -1 -0.861177 -1 -1 -1 -1 -1 -0.112913 -1 -1 -1 0.203183 -0.259329 -0.423653 -1 -1 -1 -1 -0.637598 -1 0.331197 -1 -1 -0.183498 -0.282912 -1 -0.584413 -0.73482 -0.336811 -0.996203 -1 -0.699085 -0.641644 -1 -0.613908 -0.00901607 -0.494708 0.0885795 -1 -1 -0.761689 -1 -0.405037 -1 -1 -1 0.716956 -1 -0.850458 0.876507 -0.364863 -0.658066 -0.990863 -0.44574 -1 -1 -0.781724 -1 -1 -0.809902 -0.799063 -0.421408 -1 -0.656907 -0.836986 -1 -0.741958 -0.567342 -0.11022 -1 -0.519961 -1 -0.991238 -1 -1 -0.0760616 -0.818022 0.09539 0.0691235 -0.557823 -1 -1 -0.629936 -1 -1 0.892212 -1 -1 -1 -1 -0.898629 -0.359818 -1 -0.865611 -1 -0.90181 0.379847 0.997251 -0.347125 -0.844877 -1 -1 0.608797 -1 -0.692494 0.730687 -1 -1 1 -1 -1 0.149184 -0.656835 -1 -0.267385 -1 
-0.633709 0.568191 -1 -0.0851882 -1 -1 -1 -1 -0.747437 -1 -1 -0.41954 -1 -1 -0.807182 0.065084 -0.164119 -0.503002 0.113175 0.0408746 -0.731829 0.0630108 -0.968005 -0.871909 -1 -1 -1 -1 -1 -0.112913 -1 -0.93649 -1 0.72331 -0.259329 0.10129 -1 -1 -0.946756 -1 -0.915502 -1 0.368811 -1 -1 -0.23576 0.945311 -0.726447 -1 -0.73482 -0.278275 -0.359297 -0.810715 -1 0.0929689 -1 0.179096 -0.152649 0.141963 0.257861 -1 -1 -0.131977 -0.971002 -0.449799 -1 -0.583469 -0.564099 1 -1 -1 0.704477 0.126228 -0.391179 -1 -0.329395 -0.990011 -1 -1 -0.921176 -0.791747 -1 -0.228292 -0.634532 -0.89224 -0.945404 -0.521491 -0.855465 -1 -1 0.417214 -1 -0.46267 -1 -0.634629 -1 -0.890458 -0.654681 -0.298394 0.319909 0.772051 -0.0894713 -1 -1 -0.0759176 -0.67516 -0.496761 0.687964 -1 -1 -0.466145 -1 -0.42355 0.396028 -0.498776 -1 -1 -0.686699 0.294084 0.799157 -0.584909 0.371352 -1 -1 0.508857 -1 -0.227797 0.618099 -1 -0.327573 1 -0.669692 -1 -0.221501 -0.795892 -0.453539 0.218494 -0.541377 
-0.328755 0.238525 -1 -0.0851882 -1 -0.657445 -0.726054 -1 -0.631147 -1 -1 0.206013 -1 -1 -0.93808 -0.845116 -0.0262757 -0.200189 -0.163631 0.426952 -1 0.430845 -0.999325 -0.838272 -1 -1 -1 -1 -1 -0.648662 -1 -0.93649 -1 0.297183 -0.236856 -0.988057 -1 -0.803462 -1 -1 -0.915502 -1 0.368811 -1 -1 -0.23576 0.5704 -0.726447 -1 -0.73482 -1 0.685654 -1 -1 0.0929689 -0.633735 -0.223574 -0.78444 0.0326204 0.257861 -1 -0.593529 -0.131977 -0.971002 -0.720897 -1 -0.613149 -1 0.872636 -1 -1 0.704477 0.273442 -0.27906 -1 -0.329395 -0.990011 -1 -1 -0.778693 -0.791747 -1 -0.228292 -0.578602 -1 -0.587463 -0.521491 -1 -1 -0.790557 0.147279 -1 -0.351856 -1 -0.81765 -1 -0.890458 -1 -0.298394 0.493508 0.572398 -0.0894713 -1 -1 -0.0300473 -0.899714 -0.968199 0.273098 -1 -0.676169 -0.757161 -1 -0.489785 0.396028 -1 -1 -1 -0.886928 0.188147 0.616514 -0.449961 0.651349 -1 -1 0.38535 -0.852168 -0.227797 0.785138 -1 0.321661 0.4065 -0.669692 -1 -0.221501 -1 -1 -0.496159 -0.541377 
-0.328755 0.238525 -1 -0.0851882 -1 -0.657445 -0.591582 -0.998168 -0.631147 -1 -1 0.162558 -1 -1 -0.93808 -0.845116 -0.0262757 -0.200189 -0.163631 0.378615 -1 0.430845 -1 -1 -1 -1 -1 -1 -1 -1 -1 -0.93649 -1 0.297183 -1 -0.988057 -1 -1 -1 -1 -0.915502 -1 0.368811 -1 -1 -0.23576 0.630299 -0.726447 -1 -0.73482 -1 0.685654 -1 -0.528977 0.18512 -0.633735 0.149528 -1 -0.422258 0.257861 -1 -0.5169 -0.131977 -0.971002 -0.720897 -1 -0.278507 -1 0.872636 -0.89093 -1 0.704477 0.418677 -0.27906 -1 -0.418199 -1 -1 -1 -0.754944 -0.791747 -1 -0.228292 -1 -1 -0.587463 -0.521491 -1 -0.875513 -1 0.147279 -1 -0.351856 -1 -1 -1 -1 -1 -0.467144 0.319909 0.830347 -0.0894713 -1 -1 -0.771824 -1 -0.496761 -0.542145 -1 -0.676169 -0.757161 -1 -0.489785 0.396028 -1 -1 -1 -1 0.188147 0.616514 -0.449961 1 -1 -1 -0.133972 -0.82907 -0.227797 0.618099 -1 0.193527 0.209846 -0.669692 -1 -0.221501 -0.606065 -1 -0.35409 -0.541377 
-0.440456 -0.023576 -1 -0.0851882 -1 -1 -0.591582 -1 -0.747437 -1 -1 0.183876 -1 -1 -0.807182 -0.040726 -0.164119 -0.00285965 0.0755001 -1 -0.731829 0.430845 -1 -1 -1 -1 -1 -1 -1 -0.112913 -1 -1 -1 0.72331 -0.259329 0.10129 -1 -1 -0.946756 -1 -0.915502 -1 0.368811 -1 -1 -0.23576 0.306875 -0.726447 -0.753836 -0.73482 -0.364716 0.685654 -1 -0.528977 0.0929689 -1 0.149528 -0.152649 0.160799 0.257861 -1 -0.593529 -0.131977 -0.971002 -0.850632 -1 -1 -1 0.872636 -1 -1 0.704477 1 -0.391179 -1 -0.329395 -0.990011 -1 -0.525577 -0.778693 -0.791747 -1 -0.228292 -0.437903 -1 -0.945404 -0.521491 -1 -1 -0.661385 0.417214 -1 -0.24478 -1 -0.746454 -1 -1 -0.110742 -0.926234 -0.311345 0.772051 -0.0894713 -1 -1 -0.0759176 -0.776824 -0.569812 0.687964 -1 -0.935273 -0.757161 -1 -0.151643 0.396028 -0.43181 -1 -1 -0.866645 0.444759 0.799157 -0.347125 0.371352 -1 -1 -0.407759 -1 -0.227797 0.618099 -1 -0.327573 1 -0.669692 -1 -0.221501 -0.795892 -0.453539 0.218494 -0.541377 
-0.878729 0.109466 -1 -0.0851882 -1 -1 -0.591582 -0.973877 -1 -1 -1 -0.676459 -1 -1 -1 -0.040726 -0.913256 -0.949051 -0.158966 0.0795149 -1 0.430845 -1 -1 -0.993495 -1 -1 -0.777453 -1 -0.112913 -1 -1 -1 0.72331 -0.29047 -0.0693212 -1 -0.796234 -0.977989 -1 -1 -1 0.368811 -1 -1 -0.711618 0.772115 -1 -0.584413 -1 -0.156176 0.0846977 -1 -0.528977 -0.671312 -1 -1 -1 0.166068 -0.752421 -0.731538 -0.593529 0.18048 -0.971002 -0.449799 -0.876842 -1 -0.572754 -0.0484242 -0.89093 -1 0.444367 0.295873 -0.391179 -1 -0.92312 -1 -1 -0.982099 -0.959802 -0.839323 -1 -0.773571 -0.740856 -1 -0.945404 -0.994124 -1 -0.810712 -0.661385 0.417214 -1 -1 -1 -0.746454 -1 -0.890458 -0.0760616 -0.790195 -0.740991 0.634723 -0.0894713 -1 -1 -0.701358 -1 -0.496761 0.687964 -0.875702 -1 -0.26007 -1 -0.489785 0.79187 -0.62596 -1 -0.807077 -0.904401 -0.218268 0.951804 -1 0.603082 -1 -1 0.38535 -1 0.0939656 0.618099 -0.804745 -0.327573 0.830432 -0.848796 -1 -0.179456 -0.795892 -0.356787 -1 -1 
-0.848785 0.50835 -1 -0.143781 -0.935594 -0.657445 -0.591582 -1 -0.631147 -1 -0.734498 0.406069 -1 -1 -0.93808 -1 -0.0262757 -0.200189 -0.173222 0.426952 -1 0.0661741 -0.557875 -0.928748 -1 -1 -1 -1 -1 -0.112913 -1 -1 -1 0.297183 -0.145629 -0.988057 -1 -1 -1 -1 -0.915502 -1 0.368811 -1 -1 -0.23576 0.669038 -0.595754 -1 -0.73482 -1 0.612724 -1 -0.528977 0.0929689 -0.633735 -0.391615 -0.78444 0.0326204 0.257861 -0.689463 -0.593529 -0.131977 -0.971002 -0.720897 -1 -1 -0.834648 0.872636 -1 -1 0.704477 0.418677 -0.27906 -1 -0.134611 -1 -1 -1 -0.778693 -1 -1 -0.228292 -1 -0.853785 -0.840909 -0.521491 -1 -1 -1 0.114778 -1 -0.351856 -1 -1 -1 -1 -1 -0.298394 0.319909 0.572398 0.0902443 -1 -1 -0.623219 -1 -0.496761 0.273098 -1 -0.676169 -0.757161 -1 -0.817429 0.396028 -1 -1 -0.943125 -0.886928 0.188147 0.808435 -0.982617 0.149909 -1 -1 0.532127 -0.852168 -0.433517 0.500894 -1 -0.165631 0.4065 -0.669692 -1 -0.221501 -1 -1 -0.496159 -0.749846 
-0.0740792 0.238525 -1 -0.0912135 -1 -0.657445 -0.591582 -1 -0.69008 -1 -0.852755 0.162558 -1 -1 -1 -1 -0.896715 -0.463868 -0.163631 -0.467256 -1 -0.653161 -1 -0.838272 -1 -0.735165 -1 -1 -0.888835 -0.519365 -1 -0.93649 -1 -0.341404 -0.236856 -1 -1 -1 -1 -0.90652 -0.796419 -1 -0.60116 -1 -1 -0.23576 0.808778 -1 -1 -1 -1 0.685654 -1 -0.528977 0.26976 -1 -0.779642 -0.78444 -0.0277461 0.257861 -1 -0.593529 -0.131977 -1 -0.720897 -1 -0.456311 -0.742134 0.246828 -0.89093 -1 1 0.274313 -0.325687 -1 -0.449092 -1 -1 -1 -1 -1 -1 -0.308061 -1 -1 -0.410183 -0.946605 -0.89353 -0.796607 -1 -0.457911 -1 -0.351856 -1 -1 -1 -0.890458 -1 -0.801056 0.319909 -1 -1 -0.800413 -1 -0.482965 -1 -0.392013 0.273098 -0.807152 -0.676169 -0.757161 -1 -0.185426 0.668612 -1 -0.804428 -1 -0.886928 -0.111274 0.616514 -0.341157 0.651349 -1 -1 0.38535 -0.852168 -0.874036 0.618099 -0.875145 0.22353 0.719498 -1 -1 -0.221501 -0.795892 -1 -0.496159 -0.541377 
-1 -0.148581 -1 -0.621588 -0.127551 -1 0.39632 -1 -1 -0.993775 -1 -0.120817 -0.450562 -0.841645 -0.600862 -0.124698 -1 -1 0.392865 0.628298 -1 -0.558311 -1 -0.213281 -0.791652 -1 -1 -1 -0.820077 -0.0407567 -0.861547 -1 -0.813999 0.503293 -0.362645 -1 -0.278276 -0.543104 -0.658728 -0.57305 -1 -0.928916 -1 0.162202 -0.768919 -0.168508 -0.54449 -1 -1 0.918503 -1 -0.771686 -1 -0.707001 -1 0.141737 0.479068 -1 0.173566 -0.0452004 -1 -0.787165 -0.75432 -1 -0.429567 -1 -1 0.704671 0.380034 -0.580559 0.468064 -0.993078 1 -0.132115 -0.817998 -1 -0.58501 -0.962093 -1 0.00635344 -0.787446 -1 -1 -1 -1 -0.632854 -1 -0.389969 -1 -0.704691 0.65686 -1 -0.763955 -0.848331 -1 -0.297949 -0.170879 -1 -0.745217 -1 -0.577499 0.277666 -1 -1 -0.74921 -0.876901 0.0978119 0.218675 -0.903945 -0.736785 -1 -1 -0.801277 0.355287 0.429653 0.276215 -1 -1 -0.354927 -1 -0.997041 0.240603 -0.93558 -0.743892 0.727393 -0.283289 -0.790331 -0.155341 -1 -1 -0.874744 0.247588 -1 -1 -1 0.219956 -1 -1 
-0.700167 -0.894176 -1 0.111513 -1 -1 -0.591582 -1 -0.747437 -0.978641 -1 -0.919366 -1 -1 -0.807182 -0.535561 -0.164119 -0.00285965 0.0755001 0.0909929 -0.731829 0.801658 -1 -1 -1 -1 -1 -1 -1 -0.112913 -1 -1 -1 0.72331 -0.259329 0.10129 -1 -1 -1 -1 -0.915502 -1 0.368811 -1 -1 0.10675 0.772115 -0.726447 -0.584413 -0.73482 -0.364716 0.685654 -1 -0.831848 0.0929689 -1 0.149528 -0.152649 0.160799 0.257861 -1 -0.593529 -0.131977 -0.610808 -0.449799 -1 -0.613149 -0.564099 0.872636 -0.89093 -1 0.704477 0.818071 -0.391179 -1 -0.329395 -0.990011 -1 -0.781724 -0.778693 -1 -1 -0.228292 -0.437903 -1 -0.945404 -0.521491 -1 -1 -0.920937 0.417214 -1 -0.590969 -1 -1 -1 -0.890458 -0.0760616 -0.298394 0.319909 0.810747 -0.0894713 -1 -1 -0.0759176 -0.776824 -0.496761 0.687964 -1 -1 -0.757161 -1 -0.629049 0.396028 -0.43181 -1 -1 -0.866645 0.294084 0.968159 -0.347125 0.371352 -1 -1 0.38535 -0.874594 -1 0.618099 -1 -0.327573 1 -0.669692 -1 -0.221501 -0.795892 -0.453539 0.218494 -0.511591 
-0.474388 -1 -1 -1 -1 -1 -0.591582 -1 -0.483299 -1 -1 0.183876 -1 -1 -0.807182 -0.575495 -0.0876539 -0.00285965 0.310415 0.0408746 -0.742763 0.430845 -1 -1 -1 -1 -1 -1 -0.657705 -0.112913 -0.851643 -0.965895 -0.997271 0.72331 -0.259329 -0.569265 -1 -1 -0.842505 -1 -0.915502 -1 -0.519004 -1 -0.79807 -0.23576 0.772115 -0.726447 -1 -1 -0.506927 0.685654 -0.991688 -0.563462 0.0929689 -1 -0.881941 -0.152649 0.160799 0.560336 -1 -1 -0.131977 -0.835702 -1 -1 -0.613149 -0.564099 1 -1 -1 0.704477 -0.362631 -0.677133 -1 -0.329395 -0.990011 -1 -1 -0.808064 -0.806988 -1 -0.841282 -0.437903 -1 -1 -0.521491 -1 -1 -0.661385 0.417214 -1 -0.623293 -1 -0.93988 -1 -1 -0.340533 -1 -0.672197 0.772051 -0.306805 -1 -1 -0.312694 -1 -1 -0.662685 -1 -1 -0.757161 -1 -0.954192 0.128218 -0.43181 -0.954294 -1 -0.866645 -0.227783 0.828755 0.00583604 0.371352 -1 -1 0.223956 -1 -0.712435 0.631567 -1 -0.842835 1 -0.669692 -1 0.156801 -1 -0.548128 -0.298995 -1 
-0.440456 -0.510899 -1 -0.0851882 -1 -1 -1 -1 -0.747437 -1 -1 0.183876 -1 -1 -0.802443 -0.700787 -0.497828 -0.67508 0.0755001 0.0408746 -0.731829 0.430845 -1 -1 -1 -1 -1 -1 -1 -0.112913 -1 -0.93649 -1 0.72331 -0.259329 -0.186207 -1 -1 -0.946756 -1 -1 -1 0.368811 -1 -1 -0.23576 0.772115 -1 -0.584413 -0.950529 -0.488264 0.785328 -1 -1 -0.890339 -1 -0.882504 -0.152649 -0.0539383 0.10821 -1 -0.894455 -0.131977 -1 -1 -1 -1 -0.564099 0.872636 -0.732147 -1 0.57696 0.818071 -0.391179 -0.898377 -1 -0.990011 -1 -0.781724 -0.778693 -0.791747 -1 -0.228292 -1 -1 -0.945404 -0.521491 -1 -1 -0.661385 0.417214 -1 -0.656561 -1 -1 -1 -0.890458 0.0781578 -0.617193 0.319909 0.772051 -1 -1 -1 -0.0759176 -1 -1 -0.108562 -1 -0.95474 -0.629144 -1 -0.511911 0.772828 -0.43181 -0.864375 -1 -1 0.294084 0.406027 -0.347125 0.371352 -1 -1 -0.60584 -1 -0.227797 -0.424157 -1 -0.327573 0.492424 -0.669692 -1 -0.221501 -1 -0.453539 -0.754942 -0.541377 
-1 0.34827 -0.69153 -0.594319 -1 -1 -1 -0.984963 -1 -1 -1 -0.475636 -1 -1 -1 -0.040726 -0.217415 -0.835902 0.0755001 -1 -1 -0.101746 -1 -1 -1 -1 -0.500872 -0.607447 -0.888008 -0.112913 -1 -1 -0.83785 0.72331 -0.259329 -1 -1 -1 -1 -1 -0.826907 -1 -0.429912 -1 -1 -0.704865 1 -0.726447 -1 -0.811693 -0.689099 -1 -0.982608 -0.887862 -0.858321 -0.685708 -0.37014 -0.0704815 -0.0842385 -0.298618 -0.696819 -0.593529 0.0888065 -1 -0.731609 -1 -0.635641 -0.636642 0.240472 -0.89093 -1 -0.403634 -1 -0.391179 -1 -0.794123 -1 -1 -1 -1 -1 -1 -1 -1 -1 -0.983718 -0.836986 -1 -0.935729 -1 -0.318602 -1 -1 -1 -1 -1 -1 -0.0760616 -1 -0.212348 -0.60327 0.143696 -1 -1 -0.728932 -0.776824 -0.496761 0.892212 -1 -1 -0.757161 -1 -1 0.443016 -0.0755958 -1 -1 -1 -0.700325 0.799157 -0.347125 0.371352 -1 -0.742792 0.637886 -1 -0.235968 0.730687 -1 -1 1 -1 -0.873345 -0.0233274 -0.933723 -1 -0.846614 -0.89779 
-0.440456 0.238525 -0.832461 -0.0851882 -1 -1 -0.591582 -1 -0.747437 -1 -1 0.183876 -1 -1 -0.807182 -0.040726 -0.221454 0.0714939 -0.155298 -0.390048 -0.731829 0.200767 -1 -1 -0.84784 -1 -1 -1 -1 -1 -0.994722 -0.93649 -1 0.84262 -0.835188 -0.925187 -1 -1 -1 -1 -0.915502 -1 0.368811 -1 -1 -0.23576 0.658606 -1 -1 -0.73482 -0.364716 0.685654 -1 -1 -0.147661 -1 0.215816 -0.152649 -0.934006 -0.228103 -1 -0.681848 -0.365844 -1 -0.449799 -0.840548 -0.613149 -0.564099 0.872636 -1 -1 0.312667 0.725198 -0.392359 -1 -0.329395 -1 -1 -0.785869 -1 -0.791747 -1 -0.228292 -0.437903 -1 -0.965248 -1 -1 -1 -0.661385 0.417214 -0.930105 -0.590969 -1 -0.746454 -1 -1 -0.55175 -0.869808 0.319909 0.299636 -1 -0.927849 -1 0.2548 -0.776824 -0.496761 0.437939 -1 -1 -0.757161 -1 -1 0.396028 -0.43181 -1 -1 -0.866645 0.294084 0.589145 -0.401205 0.442271 -1 -1 0.38535 -1 -0.298217 0.152299 -0.79038 -0.327573 1 -0.669692 -1 -1 -0.658847 -0.371809 -0.727034 -0.541377 
-0.745986 -0.797287 -1 -0.0851882 -1 -0.658777 -0.941311 -1 -0.747437 -1 -1 0.168509 -1 -1 -0.807182 -0.435223 -0.872287 0.135082 -0.183302 0.0408746 -0.731829 0.430845 -1 -1 -1 -0.538974 -1 -1 -0.738861 -1 -1 -0.980353 -0.991641 0.857032 -0.259329 0.10129 -1 -0.673956 -0.736276 -1 -0.915502 -1 0.0453817 -1 -1 -1 0.772115 -0.612609 -1 -0.73482 -0.929331 -0.351428 -1 -1 0.177411 -1 0.149528 -0.152649 -0.525284 0.257861 -0.910841 -0.565531 -0.131977 -1 -0.0933588 -1 -0.429884 -0.564099 0.724356 -1 -1 -0.82527 0.145387 -0.313653 -1 -0.684694 -1 -1 -0.781724 -0.574369 -1 -1 -0.228292 -1 -1 -0.945404 -0.392726 -1 -1 -0.661385 -0.232738 -1 -0.975197 -1 -1 -1 -0.890458 -0.0760616 -0.869368 0.319909 -0.211217 -0.848483 -1 -1 0.240482 -1 -0.374145 0.687964 -0.822433 -1 -1 -1 -0.537864 0.396028 -0.545424 -1 -1 -1 0.294084 0.799157 -0.597224 -0.121349 -1 -1 -0.23771 -1 -0.227797 0.618099 -1 -0.327573 1 -1 -1 -0.221501 -0.967481 -0.692994 -0.291492 -0.541377 
-1 -0.625762 -0.435794 0.725178 -1 -0.497209 -1 -1 -0.128656 -0.399008 0.636097 0.954884 -0.528927 0.229793 -0.880547 -0.0807137 -0.193412 0.0794479 -1 -0.305058 0.304314 -0.125376 0.306516 -0.567367 -1 -1 -0.302429 0.116507 0.768568 -1 -1 -0.536008 0.541337 -0.958454 -0.574888 -0.713954 0.357771 -1 0.18874 -0.938085 -1 0.492494 -0.90796 -1 -1 -1 -0.767476 -0.865507 1 0.962549 -1 -1 0.702892 0.492311 0.312744 0.588171 -1 -1 0.145916 1 -0.0417535 -0.433627 -1 -1 -0.272688 -1 -1 -0.219463 -0.772267 -0.696721 -1 -0.332083 -1 -1 -0.873255 -0.254427 -0.613966 -1 -1 0.954537 -0.304826 0.741273 -1 -1 -1 -1 -1 0.554312 -1 -0.957083 0.96059 -1 -0.414914 -0.746077 -0.510579 0.0381689 -0.531057 -1 -0.129305 0.0515543 0.619829 -0.417376 -1 -0.672121 0.158536 -0.80128 -0.140283 -0.224987 -0.0539418 -0.644202 -1 -0.718153 -1 -1 0.242378 -1 -0.648664 1 -0.1431 0.351487 -1 -0.826016 -1 -1 -0.65143 -0.421419 -0.730446 0.924151 -0.243423 0.285486 -1 -0.984009 -0.380022 0.67564 0.578095 0.498142 -0.835393 -1 
0.251498 -0.438177 -1 -1 0.568204 -0.0811644 -0.465101 -0.923669 -1 -1 -1 -0.227844 -1 -1 -1 -0.479328 0.866816 -0.11408 -0.762978 -0.191219 -1 -1 -0.791186 -0.415289 -0.596814 -1 -0.862921 -0.361509 -1 0.491713 -0.50914 -1 -1 -1 -0.849861 -1 -0.0175517 0.76955 -0.823858 -1 -1 0.0955782 -0.0181788 -0.118797 -1 -1 0.00245571 0.422701 0.362908 -1 -1 -0.416746 -1 0.181408 -0.00117886 -1 -1 -0.829342 -1 0.184348 -1 0.760512 0.0207385 -0.460927 -1 0.17377 0.690119 -0.784656 -1 -1 -0.435032 -1 -0.571153 -1 -0.0849712 -1 -0.351254 -0.478741 -0.993313 -0.690392 -0.841221 -1 -1 -1 -1 -1 -1 0.496865 -0.624742 -0.983983 0.0714068 -0.507327 -1 -0.563724 -0.138422 -1 -0.961546 -0.97617 -1 0.326931 -0.224718 -1 -1 -1 -0.148304 0.0839873 0.272423 -0.884363 -0.41693 -1 -0.703264 -0.348874 -1 -1 -1 -0.249473 0.398037 0.826323 -1 -0.202838 -1 -0.0374113 -0.726723 -0.332677 -0.15546 -0.461231 0.0473922 -1 0.230871 -0.819707 -0.682614 -0.59483 -1 -0.809991 -1 0.00486341 0.698446 -1 
-1 0.34827 -0.69153 -0.0851882 -1 -1 -1 -1 -1 -1 -1 -0.475636 -1 -1 -1 -0.040726 -0.217415 -1 0.188007 -1 -1 0.439533 -1 -1 -1 -1 -0.500872 -0.811832 -1 -0.112913 -1 -1 -0.83785 0.72331 -0.259329 -0.775235 -1 -1 -1 -1 -0.826907 -0.839207 -0.429912 -1 -1 -0.704865 0.646374 -0.726447 -0.826004 -0.811693 -0.689099 -1 -0.982608 -0.887862 -0.858321 -0.685708 -0.374097 -0.0704815 -0.0842385 -0.298618 -0.696819 -0.593529 0.0888065 -0.985934 -0.731609 -1 -0.614352 -0.391425 0.400016 -0.89093 -1 -0.298896 -1 -0.391179 -1 -0.794123 -1 -1 -1 -1 -0.877442 -0.806469 -1 -1 -1 -1 -0.836986 -0.852031 -0.935729 -1 -0.318602 -1 -0.519961 -1 -1 -1 -1 -0.0760616 -1 -0.212348 -0.60327 0.143696 -1 -1 -0.728932 -0.776824 -0.496761 0.892212 -1 -1 -0.684836 -1 -1 0.539057 -0.0755958 -1 -1 -1 -0.700325 0.555082 -0.347125 -0.541363 -0.754412 -0.742792 0.724018 -1 -0.235968 0.730687 -1 -1 0.647339 -1 -1 -0.0233274 -0.933723 -1 -1 -0.89779 
-0.440456 0.238525 -1 -0.0851882 -1 -1 -0.591582 -1 -0.747437 -1 -1 0.183876 -1 -1 -0.807182 -0.040726 -0.164119 -0.00285965 0.0755001 0.0408746 -0.731829 0.430845 -1 -1 -1 -1 -1 -1 -1 -0.112913 -1 -0.93649 -1 0.72331 -0.259329 0.10129 -1 -1 -0.946756 -1 -0.915502 -1 0.368811 -1 -1 -0.23576 0.772115 -0.726447 -0.584413 -0.73482 -0.364716 0.685654 -1 -0.528977 0.0929689 -1 0.149528 -0.152649 0.160799 0.257861 -1 -0.593529 -0.131977 -0.971002 -0.449799 -1 -0.613149 -0.564099 0.872636 -0.89093 -1 0.704477 0.818071 -0.391179 -1 -0.329395 -0.990011 -1 -0.781724 -0.778693 -0.791747 -1 -0.228292 -0.437903 -1 -0.945404 -0.521491 -1 -1 -0.661385 0.417214 -1 -0.590969 -1 -0.746454 -1 -0.890458 -0.0760616 -0.298394 0.319909 0.772051 -0.0894713 -1 -1 -0.0759176 -0.776824 -0.496761 0.687964 -1 -1 -0.757161 -1 -0.489785 0.396028 -0.43181 -1 -1 -0.866645 0.294084 0.799157 -0.347125 0.371352 -1 -1 0.38535 -1 -0.227797 0.618099 -1 -0.327573 1 -0.669692 -1 -0.221501 -0.795892 -0.453539 0.218494 -0.541377 
-1 -0.37389 -1 -0.398913 -0.742512 -1 -1 -1 -1 -1 -1 -0.181318 -1 -1 -0.807182 -0.11668 -0.164119 -0.00285965 0.0755001 -1 -0.731829 0.515659 -1 -1 -1 -1 -1 -1 -1 -0.513015 -1 -1 -1 0.322222 -0.259329 0.10129 -0.960478 -1 -1 -1 -1 -1 -0.147547 -1 -1 -0.347189 0.126979 -0.900232 -1 -1 -0.706251 0.309414 -1 -0.528977 0.0929689 -1 -0.0844576 -0.336285 0.18044 -0.0460116 -1 -0.430981 -0.465922 -0.971002 -0.149896 -1 -1 -0.946589 0.643747 -1 -1 0.665693 0.0555292 -0.202272 -1 -0.84242 -0.990011 -1 -0.934846 -0.778693 -1 -1 -0.228292 -0.322086 -1 -1 -0.682526 -1 -0.941863 -0.830552 0.417214 -1 -0.590969 -1 -1 -0.731807 -0.890458 -0.0760616 -0.298394 -0.444095 0.391698 -0.265699 -1 -1 -0.296391 -0.6791 -1 0.0232398 -0.846967 -1 -0.950664 -1 -0.489785 0.477226 -0.43181 -0.99511 -0.768193 -1 0.483917 0.895313 -0.111435 0.593438 -1 -1 0.207974 -1 -0.274272 0.40335 -1 -0.283715 -0.038183 -0.98021 -1 -0.221501 -1 -0.974465 0.0361755 -1 
-0.440456 0.233811 -1 -0.0851882 -0.947004 -1 -1 -1 -0.528594 -0.461197 -1 0.183876 -1 -1 -1 -0.040726 -1 -0.188452 -0.48276 -0.814528 -0.71158 0.0139762 -1 -1 -1 -1 -0.927489 -0.848839 -1 -0.112913 -1 -1 -0.942712 0.914027 -1 0.10129 -0.701318 -1 -0.722969 -1 -1 -1 -0.362341 -1 -1 -0.731461 1 -0.840836 -1 -1 -0.232219 -0.615394 -1 -0.699085 -1 -0.685708 -0.870988 -0.531451 -0.391195 0.257861 -0.855347 -1 -0.874582 -1 -1 -1 -1 -1 0.921401 -1 -1 1 0.381401 -0.821279 -1 -0.785215 -1 -0.712981 -1 -0.646986 -1 -1 -1 -0.363552 -0.770439 -1 -1 -1 -1 -1 -0.502269 -1 -0.59834 -1 -0.915301 -1 -0.69392 -0.175343 -1 0.319909 0.0691235 -0.633132 -1 -1 -0.142389 -0.726717 -0.924095 0.310098 -0.757011 -1 -0.977681 -1 -0.626251 0.61896 -0.377169 -1 -1 -1 0.464427 0.799157 -1 0.401629 -1 -1 0.819132 -1 -0.628377 0.857057 -1 -0.327573 1 -1 -0.805396 -0.0967526 -1 -0.12641 -0.660675 -0.562312 
-0.483287 -0.285543 -1 -0.0851882 -1 -0.657445 -0.591582 -1 -0.631147 -1 -1 0.162558 -1 -1 -0.93808 -0.845116 0.0847077 -0.200189 -0.0674594 -0.277923 -1 0.430845 -1 -0.838272 -1 -1 -1 -1 -1 -0.112913 -1 -0.819346 -1 0.297183 -0.236856 -0.988057 -1 -1 -1 -1 -1 -1 0.368811 -1 -1 -0.747893 0.5704 -0.726447 -1 -1 -1 0.0866497 -1 -0.528977 0.0929689 -0.633735 0.149528 -0.78444 0.0326204 0.257861 -1 -0.439392 -0.584008 -1 -1 -1 -0.70047 -1 0.872636 -1 -1 0.704477 0.418677 -0.0917418 -1 -0.0400297 -0.990011 -1 -1 -0.778693 -1 -1 -0.228292 -0.240303 -0.81961 -1 -0.521491 -1 -1 -1 0.147279 -1 -0.061837 -1 -1 -1 -0.890458 -1 -0.298394 -0.119718 0.572398 -0.0894713 -1 -0.672501 -0.0300473 -1 -0.163445 -0.830842 -1 -0.676169 -0.757161 -1 -0.489785 0.396028 -1 -1 -1 -0.886928 0.188147 0.616514 -0.449961 0.651349 -1 -1 0.080635 -0.852168 -0.227797 0.558044 -1 0.321661 0.4065 -0.669692 -1 -0.221501 -0.725539 -1 -0.496159 -1 
-0.154526 -0.493542 -0.435794 0.490924 -1 -0.317762 -1 -1 -0.234372 -0.399008 -0.497941 0.954884 -0.528927 0.229793 -0.880547 -0.0807137 -0.193412 0.442338 -0.793031 -0.305058 0.304314 -0.125376 0.306516 -0.1026 -1 -1 -0.302429 0.116507 0.17418 -1 -1 -0.536008 0.541337 -1 -0.51473 -0.713954 0.357771 -1 0.18874 -0.938085 -1 0.492494 0.0969288 -1 -1 -0.902426 -0.767476 -1 1 1 -0.926505 -1 0.410718 0.492311 0.544425 0.588171 -1 -1 0.471188 1 -0.0417535 -0.433627 -1 -1 -0.272688 -1 -1 0.18518 -0.772267 -0.180334 -1 -0.604156 -1 -1 -0.873255 -1 -0.691539 -1 -1 0.890958 -0.754669 0.741273 -1 -1 -0.237194 -1 -1 0.440659 -1 -1 0.96059 -1 -0.270799 -0.746077 -0.510579 0.0381689 -0.531057 -0.976804 -0.129305 0.0278398 0.354831 -0.417376 -1 -0.672121 0.158536 -0.0655873 -0.624307 -0.224987 -0.0539418 -0.794986 -1 -0.718153 -1 -1 0.471952 -1 -0.648664 1 -0.793617 0.351487 -1 -0.826016 -1 -0.930568 -1 -1 -1 0.924151 0.0712 0.285486 -1 -0.984009 -0.277664 0.67564 0.578095 -0.462454 -1 -0.731404 
-0.440456 0.238525 -1 -0.516585 -1 -1 -1 -0.777669 -1 -0.832059 -0.586206 0.0302516 -1 -1 -0.807182 -1 -0.164119 -0.00285965 0.0755001 0.0408746 -0.731829 0.484191 -1 -1 -1 -1 -0.931046 -1 -1 -0.112913 -1 -0.93649 -1 0.72331 -0.470342 -0.193812 -1 -1 -0.946756 -1 -1 -0.980746 0.368811 -1 -1 -0.23576 0.772115 -0.726447 -1 -0.73482 -1 0.635592 -1 -0.893306 0.0929689 -1 0.149528 -0.589901 0.160799 0.257861 -1 -0.593529 -0.359543 -0.971002 -0.449799 -1 -0.844722 -0.564099 0.872636 -0.89093 -1 -0.267231 -0.775363 -0.125503 -1 -0.591335 -0.990011 -0.827775 -0.781724 -0.778693 -0.791747 -1 -0.423163 -0.437903 -1 -1 -1 -1 -1 -1 0.187928 -1 -0.754803 -1 -0.746454 -1 -0.890458 -0.558231 -0.638768 0.319909 0.867466 -0.735784 -1 -0.823286 -0.293609 -1 -0.327833 -0.022824 -1 -1 -1 -0.810801 -0.889458 0.396028 -0.43181 -1 -1 -1 0.294084 0.877734 -0.347125 -0.783572 -1 -1 0.38535 -1 -0.227797 0.666736 -1 -1 0.802035 -0.669692 -1 -0.172961 -1 -0.453539 -0.269757 -1 
-0.440456 0.238525 -1 -0.0851882 -1 -1 -0.591582 -1 -0.747437 -1 -1 0.0521791 -1 -0.944231 -0.807182 -0.454106 -0.164119 -0.00285965 0.206466 0.0408746 -0.731829 0.430845 -1 -1 -1 -1 -1 -0.878695 -1 -0.25229 -1 -1 -1 0.72331 -0.259329 0.10129 -1 -1 -0.946756 -1 -1 -1 0.368811 -1 -1 -0.23576 0.772115 -0.726447 -0.584413 -0.73482 -1 0.685654 -1 -0.974012 0.0929689 -1 0.149528 -0.152649 -0.233171 -0.0891292 -1 -0.593529 -0.602047 -0.971002 -0.449799 -0.997216 -0.613149 -0.564099 0.872636 -0.89093 -1 0.704477 0.818071 -0.391179 -1 -0.679527 -0.990011 -1 -1 -0.778693 -0.883334 -1 -0.228292 -1 -1 -0.822203 -1 -1 -1 -0.661385 -0.254254 -1 -0.590969 -1 -0.746454 -1 -0.967159 -0.0760616 -0.298394 0.319909 0.772051 -0.542585 -1 -1 -0.0759176 -0.776824 -0.496761 0.687964 -1 -1 -0.757161 -1 -0.489785 0.396028 -0.0710849 -1 -1 -0.866645 0.294084 0.799157 -0.347125 0.495845 -1 -1 -1 -1 -0.862241 0.618099 -1 -0.327573 1 -0.669692 -1 -0.221501 -0.795892 -0.453539 -0.477436 -0.541377 
-0.440456 0.238525 -1 -0.0851882 -1 -1 -0.591582 -1 -0.747437 -1 -1 0.183876 -1 -1 -0.807182 -0.040726 -0.164119 -0.00285965 0.0755001 0.0408746 -0.731829 0.430845 -1 -1 -1 -1 -1 -1 -1 -0.112913 -1 -0.93649 -1 0.72331 -0.259329 0.10129 -1 -1 -1 -1 -0.973792 -1 0.547285 -1 -1 -0.23576 0.772115 -0.726447 -0.584413 -0.73482 -0.364716 0.685654 -1 -0.494618 0.249473 -1 0.149528 -0.152649 0.160799 0.257861 -1 -0.593529 -0.131977 -0.971002 -0.449799 -1 -0.613149 -0.564099 0.872636 -0.89093 -1 0.704477 0.818071 -0.391179 -1 -0.329395 -0.990011 -1 -0.781724 -0.778693 -0.791747 -1 -0.228292 -0.437903 -1 -0.945404 -0.521491 -1 -1 -0.661385 0.417214 -1 -0.590969 -1 -0.82083 -1 -0.890458 -0.0760616 -0.298394 0.319909 0.772051 -0.0894713 -1 -1 -0.468594 -0.776824 -0.496761 0.687964 -1 -1 -0.757161 -1 -0.489785 0.396028 -0.43181 -1 -1 -0.866645 0.294084 0.799157 -0.347125 0.371352 -1 -1 0.38535 -1 -0.516783 0.618099 -1 -0.484628 1 -0.669692 -1 -0.221501 -0.843572 -0.453539 0.218494 -0.541377 
-0.431653 0.17797 -1 -0.860147 -0.955555 -1 -0.591582 -1 -0.686751 -1 -1 -1 -1 -1 -0.807182 0.065084 -0.164119 -0.503002 0.292231 0.0408746 -0.731829 0.504608 -1 -1 -1 -1 -1 -1 -1 -0.112913 -1 -0.93649 -1 0.231387 -0.259329 0.10129 -1 -1 -0.642921 -1 -1 -1 0.368811 -1 -1 -0.23576 0.772115 -1 -0.584413 -0.73482 -0.637527 0.144995 -1 -1 0.0929689 -1 0.149528 -1 -0.100348 -0.738338 -1 -0.635223 -0.686502 -0.971002 -1 -1 -0.613149 -0.564099 0.0867067 -0.89093 -1 0.878686 0.279667 -1 -1 -1 -1 -1 -0.502508 -1 -0.791747 -1 -0.228292 -0.437903 -1 -0.945404 -0.521491 -0.727857 -1 -0.661385 0.629505 -1 -0.590969 -1 -1 -1 -1 -0.0760616 -0.132043 0.319909 0.838273 -1 -0.682846 -1 -0.78416 -1 -0.133021 0.175688 -1 -1 -0.394838 -1 -0.335903 -0.495936 -1 -0.73299 -1 -1 -0.0306974 0.888633 -1 0.371352 -1 -1 -0.313902 -1 -0.227797 0.618099 -1 -0.644031 1 -0.669692 -1 -0.0605108 -0.795892 -0.56594 -0.59426 -0.541377 
-0.440456 0.0820153 -1 -0.439398 -1 -1 -1 -0.810974 -1 -1 -1 -0.490616 -1 -0.84611 -1 -0.040726 -0.164119 -0.483614 0.0277549 0.0408746 -0.678053 0.430845 -1 -1 -1 -1 -1 -0.768793 -1 0.0661999 -1 -1 -0.959434 0.337469 -0.312792 0.150418 -0.831794 -1 -0.946756 -1 -1 -1 0.523102 -0.953891 -1 -0.23576 0.772115 -0.500652 -0.584413 -1 -0.336837 0.685654 -1 -0.382415 -0.364776 -1 -0.356965 -0.152649 -0.365406 0.257861 -1 -1 -0.425896 -0.971002 -0.457976 -1 -0.468969 -0.564099 0.872636 -0.89093 -1 0.418322 0.743027 -0.391179 -1 -0.426042 -0.990011 -1 -0.929287 -0.778693 -0.824213 -1 -0.514121 -0.309618 -1 -1 -0.945311 -1 -1 -1 0.173286 -1 -0.590969 -1 -0.758541 -1 -0.72419 -0.792696 -0.298394 0.319909 0.796054 -1 -1 -1 -0.0759176 -1 -0.496761 0.826042 -1 -0.895319 -0.757161 -1 -0.489785 0.486291 -1 -1 -1 -1 0.294084 0.799157 -0.852317 0.238562 -1 -1 0.38535 -0.91479 -1 0.618099 -1 -0.327573 1 -1 -1 -0.385355 -0.944305 -1 0.218494 -0.541377 
-0.888138 -0.262647 -1 -0.228449 -1 -1 -1 -1 -0.747437 -1 -1 -0.18141 -1 -1 -1 -0.349378 -0.181514 0.189549 0.0469903 -0.995998 -1 -1 -0.939088 -1 -1 -1 -1 -1 -1 -0.0871494 -1 -0.632613 -1 0.523748 -0.259329 0.10129 -1 -1 -1 -1 -0.673434 -0.683693 0.268936 -0.995662 -1 -0.0182222 0.772115 -0.726447 -1 -1 -1 0.602467 -1 -0.839682 0.0350903 -1 0.149528 -0.731909 -0.228307 -0.193676 -0.924612 -0.593529 -0.131977 -1 -0.449799 -1 -0.613149 -0.564099 0.775919 -1 -1 0.688145 -0.207623 -0.391179 -1 -1 -1 -1 -1 -1 -1 -1 -1 -0.437903 -1 -0.945404 -1 -0.970495 -1 -0.893618 0.503695 -1 -0.618891 -0.632026 -1 -1 -1 -0.195347 -1 -0.715436 0.772051 -0.935615 -1 -1 -0.263261 -0.598959 -0.85389 -0.35267 -0.663029 -0.917491 -1 -1 -1 0.365066 -1 -1 -1 -0.866645 0.294084 0.687639 -0.913138 0.371352 -1 -1 0.38535 -1 -0.912544 0.84319 -1 -0.327573 1 -0.669692 -1 -0.221501 -0.795892 -0.852671 0.218494 -0.973509 
-0.328755 -0.624992 -0.889012 -0.0851882 -1 -0.911396 -0.578233 -1 -1 -1 -1 -0.724933 -1 -1 -0.93808 -1 -0.0262757 0.337889 -0.163631 0.250374 -1 0.430845 -0.999325 -0.898657 -1 -1 -1 -0.886811 -1 -0.112913 -1 -1 -1 0.352307 -1 -1 -1 -1 -1 -1 -1 -1 0.368811 -1 -0.620809 -0.23576 0.292201 -1 -1 -1 -1 0.685654 -1 -0.917165 0.0929689 -0.633735 0.149528 -1 -0.324059 0.257861 -1 -0.593529 -0.653076 -0.971002 -0.720897 -1 -0.79659 -1 0.872636 -0.89093 -1 -0.354017 0.187291 -0.633466 -1 -0.329395 -0.990011 -1 -1 -0.778693 -1 -1 -0.228292 -0.240303 -1 -0.587463 -1 -1 -1 -1 -0.918863 -1 -0.351856 -1 -1 -1 -1 -0.960174 -0.298394 0.319909 0.572398 -0.0822628 -1 -1 -0.0300473 -1 -0.496761 -0.358733 -0.945564 -0.831262 -0.582672 -0.919567 -1 0.396028 -1 -1 -1 -1 0.188147 0.629028 -0.449961 0.651349 -1 -1 0.38535 -1 -0.519737 0.507575 -1 0.46402 0.263614 -0.669692 -0.991129 -1 -0.795892 -1 -0.341077 -1 
-0.328755 0.238525 -1 -0.0851882 -1 -0.657445 -0.591582 -1 -0.631147 -1 -1 0.162558 -1 -1 -0.93808 -0.845116 -0.0262757 -0.200189 -0.163631 0.426952 -1 0.430845 -0.999325 -0.838272 -1 -1 -1 -1 -1 -0.112913 -1 -0.93649 -1 0.297183 -0.236856 -0.988057 -1 -1 -1 -1 -0.915502 -1 0.368811 -1 -1 -0.23576 0.5704 -0.726447 -1 -0.73482 -1 0.685654 -1 -0.528977 0.0929689 -0.633735 0.149528 -0.78444 0.0326204 0.257861 -1 -0.593529 -0.131977 -0.971002 -0.720897 -1 -0.613149 -1 0.872636 -0.89093 -1 0.704477 0.418677 -0.27906 -1 -0.329395 -0.990011 -1 -1 -0.778693 -0.791747 -1 -0.228292 -0.240303 -1 -0.587463 -0.521491 -1 -1 -1 0.147279 -1 -0.351856 -1 -1 -1 -0.890458 -1 -0.298394 0.319909 0.572398 -0.0894713 -1 -1 -0.0300473 -1 -0.496761 0.273098 -1 -0.676169 -0.757161 -1 -0.489785 0.396028 -1 -1 -1 -0.886928 0.188147 0.616514 -0.449961 0.651349 -1 -1 0.38535 -0.852168 -0.227797 0.618099 -1 0.321661 0.4065 -0.669692 -1 -0.221501 -0.795892 -1 -0.496159 -0.541377 
-0.440456 0.238525 -1 -0.0911417 -1 -1 -0.591582 -0.777669 -1 -1 -0.586206 -0.441816 -1 -1 -0.807182 -1 -0.628872 -0.00285965 0.0755001 0.0408746 -0.731829 0.484191 -1 -1 -1 -1 -1 -1 -1 -0.112913 -1 -0.93649 -1 0.72331 -0.470342 0.10129 -1 -1 -0.946756 -1 -1 -1 0.368811 -1 -1 -0.23576 0.772115 -1 -1 -0.73482 -0.952745 0.685654 -0.821383 -0.893306 0.0929689 -1 -0.100852 -0.249352 0.194266 0.29412 -1 -0.593529 -0.406109 -1 -0.449799 -1 -0.613149 -0.564099 0.872636 -0.89093 -1 -0.267231 -0.473884 -0.391179 -1 -1 -0.990011 -1 -0.781724 -0.778693 -1 -1 -0.228292 -0.588877 -0.977518 -1 -1 -1 -1 -1 0.187928 -1 -1 -1 -0.746454 -1 -1 -0.558231 -0.638768 0.319909 0.420584 -0.735784 -1 -0.622974 -0.293609 -1 -0.496761 0.687964 -1 -1 -0.757161 -0.810801 -1 0.396028 -0.43181 -1 -1 -1 0.294084 0.801744 -0.347125 -0.11823 -1 -1 -0.269784 -1 -0.227797 0.666736 -1 -1 1 -0.849554 -1 -0.972966 -0.958767 -0.90758 0.218494 -1 
-0.440456 0.238525 -1 -0.0851882 -1 -1 -0.591582 -1 -0.747437 -1 -1 0.183876 -1 -1 -0.807182 -0.040726 -0.164119 -0.00285965 0.0755001 0.0408746 -0.731829 0.430845 -1 -1 -1 -1 -1 -1 -1 -0.112913 -1 -0.93649 -1 0.72331 -0.259329 0.10129 -1 -1 -0.946756 -1 -0.915502 -1 0.368811 -1 -1 -0.23576 0.772115 -0.726447 -0.584413 -0.73482 -0.364716 0.685654 -1 -0.528977 0.0929689 -1 0.149528 -0.152649 0.160799 0.257861 -1 -0.593529 -0.131977 -0.971002 -0.449799 -1 -0.613149 -0.564099 0.872636 -0.89093 -1 0.704477 0.818071 -0.391179 -1 -0.329395 -0.990011 -1 -0.781724 -0.778693 -0.791747 -1 -0.228292 -0.437903 -1 -0.945404 -0.521491 -1 -1 -0.661385 0.417214 -1 -0.590969 -1 -0.746454 -1 -0.890458 -0.0760616 -0.298394 0.319909 0.772051 -0.0894713 -1 -1 -0.0759176 -0.776824 -0.496761 0.687964 -1 -1 -0.757161 -1 -0.489785 0.396028 -0.43181 -1 -1 -0.866645 0.294084 0.799157 -0.347125 0.371352 -1 -1 0.38535 -1 -0.227797 0.618099 -1 -0.327573 1 -0.669692 -1 -0.221501 -0.795892 -0.453539 0.218494 -0.541377 
-0.328755 0.238525 -1 -0.0851882 -1 -0.657445 -0.591582 -1 -0.631147 -1 -1 0.162558 -1 -1 -0.93808 -0.845116 -0.0262757 -0.200189 -0.163631 0.426952 -1 0.430845 -0.999325 -0.838272 -1 -1 -1 -1 -1 -0.112913 -1 -0.93649 -1 0.297183 -0.236856 -0.988057 -1 -1 -1 -1 -0.915502 -1 0.368811 -1 -1 -0.23576 0.5704 -0.726447 -1 -0.73482 -1 0.685654 -1 -0.528977 0.0929689 -0.633735 0.149528 -0.78444 0.0326204 0.257861 -1 -0.593529 -0.131977 -0.971002 -0.720897 -1 -0.613149 -1 0.872636 -0.89093 -1 0.704477 0.418677 -0.27906 -1 -0.329395 -0.990011 -1 -1 -0.778693 -0.791747 -1 -0.228292 -0.240303 -1 -0.587463 -0.521491 -1 -1 -1 0.147279 -1 -0.351856 -1 -1 -1 -0.890458 -1 -0.298394 0.319909 0.572398 -0.0894713 -1 -1 -0.0300473 -1 -0.496761 0.273098 -1 -0.676169 -0.757161 -1 -0.489785 0.396028 -1 -1 -1 -0.886928 0.188147 0.616514 -0.449961 0.651349 -1 -1 0.38535 -0.852168 -0.227797 0.618099 -1 0.321661 0.4065 -0.669692 -1 -0.221501 -0.795892 -1 -0.496159 -0.541377 
-1 -0.148581 -1 -0.621588 -0.127551 -1 0.39632 -0.768512 -1 -0.536442 -1 -0.416143 -0.450562 -0.841645 -1 -0.124698 -0.958556 -1 0.392865 0.628298 -0.794516 -0.558311 -1 0.131083 -1 -1 -0.943116 -1 -0.820077 0.0907229 -0.0664536 -1 -1 0.974147 -0.362645 -1 -0.278276 -0.543104 -0.658728 -0.57305 -1 -1 -1 0.162202 -1 0.427659 0.720582 -1 -0.669001 0.539072 -0.441755 -0.249634 -0.640474 0.0340498 -1 -0.22347 0.445587 -1 0.173566 0.293743 -1 -0.761231 -0.75432 -1 -0.429567 -1 -0.509063 0.590846 0.380034 -0.580559 0.468064 -0.993078 1 -0.132115 -0.817998 -1 -0.58501 -1 -1 -0.133014 -0.787446 -1 -0.584322 -0.48395 -1 -0.632854 -1 -0.389969 -1 -1 0.65686 -1 -0.763955 -0.848331 -1 -0.297949 -0.260866 -0.38149 -0.548953 -1 -0.724217 0.277666 -1 -1 -0.284777 -0.876901 0.0978119 1 -0.903945 -0.736785 -1 -1 -0.923088 0.355287 0.429653 -0.145432 -0.389023 -1 0.124733 -1 -0.997041 0.240603 -0.93558 -0.743892 0.727393 -0.318516 -1 -0.155341 -1 -1 -0.333043 0.105107 -1 -1 -1 1 -1 -1 
-0.91942 -0.148581 -1 -0.798094 -0.208908 -0.838101 -0.543824 -1 -1 -1 -0.784013 -0.492277 -0.450562 -0.841645 -1 -0.576959 -1 -1 0.76547 0.628298 -0.874124 -1 -1 0.131083 -0.676191 -1 -0.943116 -0.661983 -0.820077 -1 -1 -0.928181 -1 -0.198581 -0.904563 -1 -0.278276 -0.543104 -0.658728 -0.57305 -1 -1 -1 0.398475 -1 0.427659 0.720582 -1 -0.65358 -0.0606582 -0.814737 -1 -0.640474 -1 -1 -1 0.022198 -1 -0.842878 0.293743 -1 -0.761231 -1 -1 -0.429567 -1 -0.509063 -0.548396 0.0969587 -1 -0.528572 -0.82883 0.413163 -0.984132 -1 -1 -0.58501 -1 -1 -0.619443 -1 -1 -0.584322 -1 -1 -0.474301 -1 -0.952265 -1 -1 0.65686 -1 -1 -1 -0.856924 -1 -0.756904 -0.567015 -0.548615 -1 -0.724217 -0.367786 -0.712648 -0.964342 -0.284777 -0.91499 -0.26991 0.362014 -0.998965 -1 -1 -1 -1 0.206336 0.429653 -0.145432 -0.389023 -0.793091 0.308591 -1 -0.997041 0.240603 -1 -1 0.0151274 -0.131206 -1 0.0172491 -1 -1 -0.172068 0.0375952 -1 -1 -0.867989 1 -1 -1 
-0.440456 -0.830708 -1 -1 -1 -1 -0.847768 -1 -1 -0.832059 -0.586206 0.151934 -0.943709 -1 -0.878816 -0.71583 -0.164119 -0.00285965 0.0755001 0.0408746 -0.731829 0.484191 -1 -1 -1 -1 -1 -1 -1 -0.112913 -1 -0.93649 -1 0.72331 -0.470342 -0.193812 -1 -1 -0.946756 -1 -1 -0.980746 0.368811 -0.909408 -1 -0.23576 1 -0.726447 -1 -0.73482 -1 0.685654 -1 -0.893306 0.0929689 -1 0.53715 -0.249352 0.160799 0.257861 -0.825027 -0.53269 -0.148341 -0.971002 -0.449799 -1 -1 -0.564099 0.872636 -0.89093 -1 -0.267231 0.108457 -0.391179 -1 -0.8394 -0.939762 -1 -0.781724 -0.778693 -0.791747 -1 -0.228292 -0.829407 -1 -1 -1 -1 -1 -1 0.187928 -1 -1 -1 -1 -1 -0.890458 -0.909814 -0.638768 0.319909 0.867466 -1 -1 -0.823286 -0.293609 -1 -1 0.470395 -1 -1 -0.757161 -0.810801 -0.889458 0.396028 -0.43181 -1 -1 -0.866645 0.294084 0.877734 -0.347125 0.312195 -1 -1 -0.0757652 -1 -0.227797 0.666736 -1 -1 0.994604 -0.57295 -1 -0.600888 -1 -0.453539 0.0480814 -1 
-1 -0.0135836 -1 -0.229001 -1 -1 -1 -0.805299 -1 -1 -1 -0.697512 -0.911448 -1 -0.672457 -0.0608908 -0.164119 -0.130446 0.0755001 0.0408746 -1 0.430845 -1 -1 -1 -0.983389 -1 -1 -1 -0.112913 -0.873197 -1 -1 0.72331 -0.259329 -1 -1 -1 -1 -1 -0.915502 -1 0.476542 -1 -1 -0.23576 0.772115 -1 -0.584413 -1 -1 0.685654 -1 -0.707687 0.0929689 -1 0.149528 0.131342 -0.243433 -0.62621 -1 -0.593529 -0.131977 -0.971002 -0.449799 -1 -0.774378 -0.928533 0.412518 -1 -1 0.704477 0.818071 -0.904265 -1 -1 -1 -1 -0.781724 -0.778693 -0.593135 -1 -0.228292 -1 -1 -1 -0.521491 -1 -1 -0.709853 -0.727459 -0.839572 -1 -0.751433 -0.711529 -1 -0.688765 -0.671253 -0.80317 -1 0.772051 0.0807381 -1 -1 -0.485579 -1 -0.916386 1 -1 -1 -1 -1 -0.489785 0.424693 -0.826711 -1 -1 -1 0.294084 0.799157 -0.347125 0.622799 -1 -1 0.175278 -0.866262 -0.227797 0.618099 -1 -0.327573 0.709468 -1 -1 -0.221501 -1 -0.146878 0.218494 -0.607786 
-0.440456 0.238525 -1 -1 -1 -1 -0.591582 -1 -0.747437 -1 -1 0.183876 -1 -1 -0.720611 -0.040726 -0.164119 -0.00285965 -0.963584 0.0408746 -1 -0.687067 -1 -1 -1 -1 -1 -1 -1 -0.342377 -1 -0.93649 -0.904764 0.72331 -0.259329 0.10129 -1 -1 -0.946756 -1 -0.915502 -1 0.368811 -1 -1 -0.23576 0.37376 -0.726447 -1 -0.73482 -0.364716 0.578211 -1 -0.254964 0.311217 -1 0.149528 -0.152649 0.160799 0.287057 -1 -0.593529 -1 -1 -0.449799 -1 -0.613149 -0.564099 0.841281 -0.790712 -1 -0.360829 0.818071 -0.884665 -0.912657 -0.44376 -0.976975 -1 -0.781724 -0.778693 -1 -1 -1 -0.437903 -1 -0.945404 -0.521491 -0.652516 -1 -0.50061 0.187944 -1 -0.723488 -1 -0.82083 -1 -1 -0.0760616 -0.298394 0.319909 0.772051 -0.795126 -1 -0.807347 -0.988363 -1 -0.496761 0.687964 -1 -1 -0.757161 -1 -0.489785 0.272275 -0.43181 -0.803269 -1 -1 -0.0210486 1 -0.347125 0.459129 -1 -1 0.38535 -1 -0.227797 0.618099 -1 -0.327573 1 -0.669692 -0.638026 -0.41973 -0.843572 -0.566831 0.218494 -0.541377 
-0.328755 0.238525 -1 -0.261707 -1 -0.657445 -0.591582 -1 -0.631147 -0.938354 -1 0.162558 -1 -1 -0.93808 -0.845116 -0.505805 -0.200189 -0.0077614 0.514683 -1 0.407909 -0.999325 -0.838272 -1 -1 -0.981181 -1 -1 -0.157963 -1 -0.856689 -1 0.319257 -1 -1 -1 -1 -1 -1 -0.915502 -1 0.368811 -1 -1 -0.23576 0.5704 -1 -1 -0.73482 -1 0.685654 -1 -0.528977 0.0929689 -0.633735 -0.0581714 -0.78444 0.0326204 -0.0241147 -1 -0.593529 0.156068 -0.971002 -0.720897 -1 -0.376072 -1 0.533184 -1 -1 0.549098 0.418677 -0.43594 -1 -0.329395 -0.981719 -1 -1 -0.778693 -0.791747 -1 -0.228292 -0.240303 -1 -0.587463 -0.875476 -1 -1 -1 0.147279 -0.846305 -0.351856 -1 -1 -1 -0.890458 -1 -0.298394 -0.64297 0.261316 -0.0894713 -1 -1 -0.0300473 -1 -0.496761 0.273098 -1 -0.676169 -0.757161 -1 -0.759456 0.396028 -1 -1 -1 -1 0.188147 0.321577 -0.449961 0.651349 -1 -1 0.38535 -0.852168 -0.227797 0.618099 -1 0.321661 -0.132418 -0.669692 -1 -0.221501 -0.962679 -1 -0.496159 -0.942879 
-0.902194 -1 -0.659346 -0.756649 -0.805281 -0.657445 -0.601754 -1 -1 -0.992255 -1 0.413637 -1 -1 -1 -0.7179 -0.962696 -0.674614 -0.00245601 -0.649225 -0.676638 0.151831 -1 -1 -1 -1 -1 -0.8246 -1 -0.338631 -1 -1 -0.90598 -1 -0.746398 -0.988057 -1 -1 -1 -1 -0.915502 -1 -0.119535 -1 -1 -0.911586 -0.596756 -0.726447 -1 -1 -1 0.243111 -1 -1 -0.678052 -1 -0.372471 -1 -0.98884 0.0569465 -0.712701 -0.660246 -0.84699 -0.971002 -0.584705 -0.685865 -1 -1 0.0627055 -1 -1 0.580417 -0.925536 -1 -0.837145 -0.955923 -1 -1 -1 -0.778693 -1 -1 -0.178885 -1 -1 -1 -0.637804 -1 -1 -1 -1 -1 -0.201813 -1 -0.744077 -1 -1 -0.690805 -1 -0.557387 0.596819 -1 -1 -0.981631 -1 -1 -1 0.273098 -0.672233 -1 -0.766406 -1 -1 0.183874 -0.874381 -1 -1 -0.886928 -0.20542 0.836087 -0.458609 0.766742 -1 -1 -0.780222 -0.710575 -0.310684 0.0623128 -1 -1 0.0829129 -1 -1 -0.425673 -1 -1 -0.496159 -0.859236 
-1 -1 -1 -1 -0.127551 -1 -0.708159 -1 -1 -0.536442 -1 -0.712087 -1 -0.841645 -1 -0.124698 -0.958556 -0.878932 0.392865 0.628298 -1 -0.318177 -1 0.20177 -1 -0.887405 -1 -1 -0.954369 0.318678 -0.433365 -1 -1 0.974147 -1 -1 -0.911248 -1 -0.482837 -0.57305 -0.727263 -1 -1 -0.228771 -1 0.427659 -0.580509 -1 -0.669001 0.539072 -0.441755 -0.249634 -0.874321 0.0340498 -1 -0.597891 0.551215 -1 0.447257 -0.412479 -1 -1 -1 -1 -0.189676 -1 -0.123548 0.394086 0.655722 -0.758704 0.072376 -1 -0.0157352 -0.514682 -0.973077 -1 -1 -1 -0.801619 -0.133014 -1 -0.842253 -0.818023 -1 -1 -0.770768 -1 -0.768312 -0.851206 -1 0.65686 -1 -1 -1 -0.890671 -0.297949 -0.260866 -1 -0.548953 -0.914887 -1 -0.51891 -0.864092 -0.781168 -0.902801 -0.876901 -0.266887 1 -0.9977 -1 -0.809611 -0.857805 -0.923088 0.424626 0.677203 0.232873 -1 -0.939392 0.0705358 -1 -0.613025 0.485541 -0.93558 -0.743892 0.153123 -0.387593 -1 -0.155341 -0.666586 -0.916786 -0.383429 0.105107 -1 -1 -1 0.182348 -1 -0.971352 
-0.440456 0.238525 -1 -0.064555 -1 -1 -0.591582 -1 -0.747437 -1 -0.802806 0.0521791 -1 -0.944231 -0.807182 -0.040726 -0.164119 -0.365979 0.0755001 -0.310586 -0.731829 0.430845 -1 -1 -1 -1 -1 -0.847161 -1 0.0773084 -1 -1 -1 0.72331 -0.259329 0.10129 -1 -1 -0.946756 -1 -1 -1 0.368811 -1 -1 -0.23576 0.772115 -0.726447 -0.584413 -0.73482 -0.364716 0.685654 -1 -0.528977 0.0929689 -1 0.149528 -0.152649 -0.233171 0.257861 -1 -0.438795 -0.602047 -0.971002 -0.497452 -1 -0.613149 -0.564099 0.872636 -0.89093 -1 0.704477 0.818071 -0.278703 -1 -0.329395 -0.990011 -1 -0.781724 -0.778693 -0.883334 -1 -0.228292 -0.560116 -1 -0.945404 -1 -1 -1 -0.661385 0.417214 -1 -0.590969 -1 -0.746454 -1 -0.890458 -0.0760616 -0.298394 0.319909 0.772051 -0.542585 -1 -1 -0.0759176 -0.776824 -0.496761 0.687964 -1 -1 -0.757161 -1 -0.489785 0.130104 -0.43181 -1 -1 -0.866645 0.294084 0.799157 -0.263073 0.371352 -1 -1 0.38535 -1 -0.227797 0.618099 -1 -0.327573 1 -0.669692 -1 -0.221501 -0.795892 -0.453539 0.218494 -0.541377 
-0.341471 -0.0699885 0.316077 0.797588 0.0177953 -0.82415 -0.00509615 -0.153246 -0.683062 0.397612 -0.506318 0.772404 0.412704 0.0978541 -0.309458 -0.245139 -0.521199 0.858097 -0.208154 0.55632 0.94862 0.223785 0.0505518 -0.368749 0.407701 0.106249 -0.458469 -0.481295 0.480822 -0.789491 -0.782578 -0.683444 0.305191 0.743546 0.90212 -0.0877694 0.920018 -0.0823236 -0.115468 0.393992 0.780478 0.872726 -0.411907 -0.968186 0.747699 0.805259 -0.582687 0.477975 -0.983109 0.10101 -0.0592722 -0.774207 0.311351 -0.174658 0.745324 -0.419408 -0.159667 -0.993231 0.408651 0.364374 -0.389422 -0.336551 0.00879169 0.7127 -0.944742 -0.493822 0.87268 -0.390242 -0.584742 -0.646841 -0.863321 0.0097338 0.138963 0.792354 -0.392404 0.0214131 -0.287766 -0.245809 -0.111634 -0.453973 0.432641 -0.0269706 -0.762757 0.683306 -0.176016 -1 -0.141744 0.258262 -0.14392 0.0908979 -0.241033 -0.0773764 -0.817329 0.910086 0.0699952 -0.299997 0.545706 -0.218391 0.761472 0.237296 -0.367777 -0.173969 -1 0.0400423 0.638213 -0.434555 -0.120042 0.0950313 -1 -0.645422 0.596822 -0.00742447 -0.728647 -0.903286 -1 -1 0.372779 0.027108 -0.843741 0.322499 -0.884009 0.680939 -0.815294 -0.308418 0.297799 -1 -0.518498 -0.378773 -0.271031 0.0388138 -0.206 -0.686192 -0.974435 -0.415545 0.508104 -0.481804 -0.518933 -0.836249 
-1 -0.177201 -1 -0.621588 -0.293077 -1 0.39632 -1 -1 -0.536442 -0.998882 -0.416143 -0.450562 -0.841645 -1 0.0843436 -1 -1 0.392865 0.792971 -0.794516 -0.359516 -1 -0.25291 -1 -1 -0.680949 -0.950776 -0.55503 -0.187252 -0.424168 -1 -0.889189 0.914594 -0.329242 -1 -0.236239 -0.928106 -0.65512 -1 -1 -1 -1 0.235188 -1 0.513128 0.720582 -1 -0.687401 -0.215317 -1 -0.0019972 -0.718793 0.073676 -1 -0.22347 0.445587 -1 0.173566 -0.306741 -1 -0.620643 -0.75432 -1 -0.380571 -1 -0.980317 0.24787 0.380034 -1 0.468064 -0.755959 1 -0.132115 -0.817998 -1 -0.654191 -1 -1 -0.376619 -0.787446 -1 -0.584322 -0.48395 -1 -0.772063 -0.926826 -0.389969 -1 -1 0.65686 -1 -1 -1 -1 -0.297949 -0.526703 -0.38149 -0.548953 -1 -1 0.277666 -1 -1 -0.284777 -0.876901 0.0978119 1 -0.798732 -0.735394 -1 -1 -0.923088 0.355287 0.00213546 -0.145432 -1 -1 0.124733 -1 -1 0.240603 -0.93558 -1 0.727393 -0.318516 -1 -0.155341 -1 -1 -0.333043 -0.0144813 -1 -0.947011 -1 0.60007 -0.885446 -1 
-1 -1 -1 -1 -0.127551 -1 -1 -1 -1 -0.914243 -1 -1 -1 -1 -1 -1 -1 -0.878932 0.052654 0.985201 -0.794516 -0.318177 -0.791802 -0.361256 -1 -0.600585 -1 -1 -0.82334 -0.185829 -1 -1 -0.938517 0.974147 -1 -1 -0.394383 -0.97919 -0.482837 -0.57305 -0.727263 -1 -0.834009 -0.228771 -1 0.427659 -0.330058 -0.79181 -1 0.539072 -0.209994 0.144217 -0.426062 -0.66 -1 -0.597891 0.551215 -1 0.447257 -1 -0.625369 -1 -1 -1 -0.866481 -1 -0.123548 0.394086 0.784905 -0.758704 0.0125379 -0.907257 -0.0157352 -0.906994 -0.973077 -1 -1 -1 -0.801619 -0.133014 -1 -1 -0.868772 -1 -1 -0.607953 -1 -0.768312 -0.851206 -1 0.65686 -1 -1 -1 -0.890671 -0.958353 -0.260866 -1 -0.655775 -0.937241 -1 -0.51891 -1 -0.781168 -0.717973 -0.876901 0.0609969 0.726603 -0.759428 -1 -0.952276 -1 -0.923088 0.424626 -0.380655 -0.55459 -1 -0.939392 -0.477665 -1 -0.613025 0.846482 -0.93558 -0.743892 -1 -0.387593 -1 -0.155341 -0.666586 -1 -0.266382 0.105107 -1 -1 -0.992042 0.0502055 -1 -0.971352 
0.251498 -0.438177 -1 -1 0.690069 -0.417045 -0.590065 -0.923669 -1 -1 -1 0.0107653 -0.976745 -1 -1 -0.479328 0.866816 -0.11408 -0.718618 -0.191219 -1 -1 -1 -0.415289 -0.45704 -0.944786 -0.44316 -0.361509 -1 0.491713 -0.50914 -1 -1 -1 -0.849861 -1 -0.0175517 0.706152 -1 -0.982954 -1 -0.368323 -0.0181788 0.0875841 -1 -1 0.0436171 0.342898 0.485953 -0.806238 -1 -0.416746 -1 -0.0449049 -0.682714 -1 -1 -0.829342 -0.992715 0.184348 -1 0.760512 0.0207385 -0.727535 -1 0.17377 0.828236 -1 -1 -1 -0.381053 -1 -0.571153 -1 -0.0849712 -1 -0.768299 -0.478741 -1 -0.690392 -0.528582 -1 -1 -1 -1 -0.665012 -1 0.496865 -0.624742 -0.983983 0.0714068 -0.507327 -1 -0.296056 -0.110984 -1 -0.961546 -1 -1 0.326931 -0.224718 -1 -1 -1 -0.148304 0.0839873 0.272423 -0.884363 -0.243325 -1 -0.703264 -0.348874 -0.823 -1 -1 -0.249473 0.398037 0.826323 -1 -0.202838 -0.843188 -0.0415035 -0.726723 -0.76563 -0.15546 -0.461231 0.0473922 -1 0.230871 -0.828438 -0.682614 -0.581661 -1 -0.809991 -1 0.322805 0.58326 -1 
-1 -0.148581 -1 -0.544819 -0.127551 -1 0.281583 -0.96346 -1 -0.921249 -1 -0.416143 -1 -1 -1 -0.124698 -1 -1 -0.00423127 0.628298 -1 -0.558311 -1 -0.144204 -1 -1 -0.749604 -1 -1 0.0907229 -0.427382 -1 -0.953742 1 -1 -1 -0.78004 -0.543104 -0.821683 -0.7212 -1 -0.715428 -1 0.162202 -1 0.427659 0.720582 -1 -0.669001 0.539072 -0.441755 -0.763062 -0.628137 -0.360641 -1 -0.22347 -0.186113 -1 0.245337 -0.892856 -1 -0.61689 -1 -1 -0.429567 -1 -0.509063 0.150715 0.380034 -0.580559 0.468064 -0.993078 0.677351 -0.536626 -1 -1 -0.58501 -1 -1 -0.133014 -0.702135 -1 -0.584322 -0.902338 -1 -0.629179 -1 -0.146346 -0.79311 -0.931414 0.172146 -1 -1 -0.848331 -1 -0.297949 -0.260866 -1 -0.966757 -1 -0.724217 0.160966 -0.850358 -1 -0.284777 -0.876901 0.0978119 1 -0.74698 -0.786013 -1 -1 -0.923088 0.737716 0.49707 0.000564516 -0.567305 -1 0.124733 -1 -1 -0.157093 -1 -0.743892 0.228453 -0.56643 -0.885412 -0.155341 -1 -1 -1 0.105107 -1 -1 -1 1 -1 -1 
-0.328755 0.238525 -1 -1 -1 -0.657445 -0.591582 -0.627479 -0.631147 -1 -1 0.162558 -1 -0.715949 -0.93808 -0.798361 -0.817532 -0.200189 -0.163631 0.426952 -1 0.430845 -0.999325 -0.838272 -1 -1 -1 -1 -1 -0.112913 -1 -0.93649 -1 0.297183 -0.236856 -1 -1 -1 -1 -1 -0.746893 -1 0.368811 -0.84754 -1 -0.23576 0.5704 -1 -1 -0.906856 -1 0.685654 -1 -0.528977 0.0929689 -0.633735 -0.349389 -0.78444 0.0372392 -0.522272 -1 -0.593529 -0.131977 -0.971002 -0.720897 -1 -0.613149 -1 0.872636 -1 -0.962003 0.704477 -0.00570998 -0.27906 -1 -1 -1 -1 -1 -0.778693 -0.791747 -1 -0.172485 -0.692135 -0.814956 -0.222439 -0.551702 -1 -1 -1 0.147279 -1 -0.351856 -1 -1 -1 -0.708391 -1 -0.298394 0.319909 0.572398 -0.0894713 -1 -1 -0.276974 -1 -0.872303 0.273098 -1 -0.397357 -0.757161 -1 -0.489785 0.545636 -1 -1 -1 -0.580117 0.188147 0.616514 -0.449961 0.749256 -1 -1 -0.470445 -0.916999 -0.227797 0.618099 -1 0.321661 -0.646752 -0.669692 -1 -0.221501 -1 -1 -0.900165 -0.541377 
-1 -0.493542 -0.435794 0.0404089 -1 -0.370489 -1 -1 -0.234372 -0.399008 0.636097 0.954884 -0.528927 0.229793 -0.880547 -0.687903 -0.609819 0.0794479 -0.793031 -0.305058 0.304314 -0.125376 -0.204497 -0.1026 -1 -1 -0.302429 0.116507 0.389897 -1 -1 -0.536008 -0.179269 -1 -0.574888 -0.713954 0.357771 -1 0.18874 -0.938085 -1 0.492494 0.0969288 -1 -1 -1 -0.767476 -1 1 0.962549 -0.73514 -1 0.702892 0.492311 0.487442 0.532992 -1 -1 -0.445094 1 -0.0417535 -0.433627 -1 -1 -0.278223 -0.916765 -1 0.18518 -0.772267 -0.519814 -0.840264 -0.26732 -1 -1 -0.873255 -0.254427 -1 -0.998307 -1 0.954537 -0.304826 0.741273 -0.66475 -1 -0.173192 -1 -1 0.440659 -1 -0.957083 0.96059 -1 -0.414914 -0.746077 -0.490743 -0.115754 -0.394513 -1 -0.129305 0.0278398 0.281778 -0.805988 -1 -0.672121 -0.180196 -0.059892 -0.140283 -0.224987 -0.0539418 -0.661659 -1 -0.718153 -1 -1 0.242378 -1 -0.457737 0.592316 0.0194463 0.14278 -1 -0.826016 -1 -0.879952 -1 -0.526848 -0.730446 1 -0.243423 -0.146542 -1 -0.984009 0.0650309 0.657457 0.585223 0.498142 -1 -1 
-0.710085 0.238525 -1 0.0558645 -1 -0.637516 -0.384163 -1 -0.809203 -1 -1 -0.235966 -1 -0.80581 -0.739564 -0.785646 -0.947186 -0.826985 -0.00245601 -0.0634224 -1 0.423513 -1 -0.901387 -1 -1 -1 -0.800345 -0.993364 -0.688215 -1 -1 -1 -0.803586 -1 -0.988057 -1 -1 -1 -0.958003 -0.915502 -1 0.368811 -1 -1 -1 -1 -0.726447 -0.852899 -0.73482 -1 0.191489 -1 -1 0.0929689 -0.682461 -0.916305 -1 -1 0.0569465 -1 -0.603437 -0.995539 -0.971002 -0.720897 -1 -1 -0.817159 0.872636 -1 -1 -0.162261 -0.912948 -0.27906 -0.970701 -0.329395 -1 -0.685258 -1 -0.778693 -1 -0.9875 -0.228292 -0.240303 -1 -1 -0.637804 -1 -1 -1 -0.165225 -0.914844 -0.201813 -1 -1 -1 -1 -0.974798 -1 -0.557387 0.0969757 -0.506602 -1 -1 -1 -1 -1 -0.289112 -1 -0.814355 -0.766406 -1 -1 0.510584 -1 -1 -0.822344 -0.886928 0.191866 0.534329 -0.458609 0.766742 -0.979193 -1 -1 -0.710575 -0.227797 0.280395 -0.941026 -1 0.4065 -1 -1 -0.824474 -1 -0.762452 -0.496159 -1 
-1 -0.177201 -1 -0.621588 -0.127551 -1 0.39632 -1 -1 -0.536442 -1 -0.416143 -0.450562 -0.841645 -1 -0.00887644 -0.864886 -1 0.392865 0.792971 -0.794516 -0.501338 -1 -0.25291 -1 -1 -0.680949 -0.950776 -0.620823 -0.187252 -0.424168 -1 -0.889189 0.914594 -0.362645 -1 -0.278276 -0.809103 -0.65512 -1 -1 -1 -1 0.235188 -1 0.513128 0.720582 -1 -0.669001 -0.215317 -0.991732 -0.0019972 -0.41167 0.0340498 -1 -0.22347 0.445587 -1 0.173566 -0.306741 -1 -0.620643 -0.75432 -1 -0.380571 -1 -0.980317 0.590846 0.380034 -1 0.468064 -0.755959 1 -0.132115 -0.817998 -1 -0.58501 -1 -1 -0.376619 -0.787446 -1 -0.584322 -0.48395 -1 -0.772063 -1 -0.389969 -1 -1 0.65686 -1 -0.763955 -1 -1 -0.297949 -0.526703 -0.38149 -0.548953 -1 -1 0.277666 -1 -1 -0.284777 -0.876901 0.0978119 1 -0.903945 -0.736785 -1 -1 -0.923088 0.355287 0.00213546 -0.145432 -0.966591 -1 0.124733 -1 -0.997041 0.240603 -0.93558 -1 0.727393 -0.318516 -1 -0.155341 -1 -1 -0.333043 -0.0144813 -1 -1 -1 0.60007 -1 -0.925363 
-0.474388 0.238525 -1 -0.0851882 -1 -1 -0.591582 -1 -0.714078 -1 -1 0.183876 -0.985445 -1 -0.704138 0.250116 -0.164119 -0.00285965 0.0755001 0.0408746 -0.731829 0.430845 -0.937353 -1 -1 -1 -1 -1 -1 -0.112913 -0.972545 -0.93649 -0.997271 0.72331 -0.259329 0.102542 -1 -0.809505 -0.946756 -1 -0.915502 -1 0.368811 -1 -0.785267 -0.23576 0.772115 -0.726447 -0.584413 -0.73482 -0.364716 0.685654 -1 -0.528977 0.0929689 -1 -0.705799 -0.152649 0.160799 0.257861 -1 -0.593529 -0.424998 -1 -0.943954 -1 -0.850952 -0.564099 0.872636 -0.891929 -1 0.704477 0.818071 -0.391179 -1 -0.329395 -0.990011 -1 -1 -1 -0.806988 -1 -0.41318 -0.437903 -1 -0.945404 -0.521491 -1 -1 -0.661385 0.626294 -1 -0.624661 -1 -1 -1 -1 -0.149603 -1 0.319909 0.772051 -0.306805 -1 -1 -0.235471 -1 -0.496761 0.299395 -1 -1 -1 -1 -1 0.128218 -0.43181 -1 -1 -0.866645 -0.106934 0.799157 -0.347125 0.371352 -1 -1 0.386545 -1 -0.46072 0.618099 -1 -0.842835 1 -0.669692 -1 -0.221501 -0.795892 -0.551794 -0.298995 -1 
0.567345 0.505124 -0.817925 -0.298824 0.0569637 0.194102 -0.409635 0.65365 0.577635 0.628962 0.207051 0.942837 -0.741065 -0.581187 0.289457 -1 0.56741 -0.384811 0.273631 -1 0.962476 -0.652459 -0.873956 -0.031339 0.653884 -0.40724 0.84996 -0.886454 -0.338419 -0.230574 -0.9569 -0.699263 0.310893 -0.817249 -0.200966 -0.782805 -0.700669 -1 0.636949 -0.0202337 -0.0168283 -0.522648 -0.522329 -0.904702 -0.542527 0.141031 -1 -1 0.508025 -0.885039 -0.34753 -0.976914 0.680562 0.339332 -0.692147 -0.78298 0.106286 0.73897 -0.501625 -0.897724 -0.982172 -0.349368 -0.156386 -0.656183 0.464254 -0.678643 0.779007 -0.633006 -0.294288 -1 -1 -0.624312 -0.108264 0.422655 0.281339 -0.0521185 0.46487 -0.556635 -0.800306 -0.192974 -0.237465 0.0862903 0.446909 0.418543 -0.590086 0.260662 0.573919 0.398915 -0.696855 -0.6848 0.266614 0.976866 -0.421768 -0.520189 0.674939 0.0814523 0.744823 0.160492 -0.571733 -0.0406125 -0.357478 0.826066 -0.512849 -0.994594 0.821159 -0.647783 0.78625 0.176209 0.115466 -0.110229 -0.973765 0.15552 -0.548366 0.48848 -0.557575 -0.948199 0.961018 0.6606 -0.152677 0.326709 -0.0380566 -1 0.304618 -0.826161 0.675409 0.745192 -0.520032 -0.944855 -0.942429 0.539669 0.185154 0.540671 0.931094 0.154261 0.132068 -1 -0.8856 -1 
-0.878729 0.109466 -1 -0.0851882 -1 -1 -0.556918 -0.973877 -1 -1 -1 -0.308159 -1 -1 -1 -0.040726 -0.913256 -0.949051 -0.158966 -0.0413676 -1 0.430845 -0.873177 -1 -0.993495 -1 -1 -0.777453 -1 -0.112913 -1 -1 -1 0.72331 -0.235622 -0.0693212 -1 -1 -1 -1 -1 -1 -0.208776 -1 -1 -0.711618 0.772115 -1 -0.584413 -1 -0.156176 0.0846977 -1 -0.750291 -0.671312 -1 -1 -1 0.166068 -1 -0.731538 -0.503775 0.18048 -0.971002 -0.449799 -0.876842 -1 -0.572754 -0.0484242 -0.70151 -1 0.551284 0.644387 -0.391179 -1 -0.92312 -1 -1 -1 -1 -1 -1 -0.999844 -0.740856 -1 -0.945404 -0.801735 -1 -1 -0.661385 0.417214 -1 -0.742965 -1 -0.746454 -1 -0.890458 -0.0760616 -0.319318 -0.740991 0.347331 -0.0894713 -1 -1 -0.780709 -1 -0.496761 0.687964 -0.875702 -1 -0.26007 -1 -0.489785 0.79187 -0.62596 -0.82412 -1 -0.904401 -0.218268 0.799157 -1 0.502788 -1 -1 0.38535 -1 0.031919 0.263928 -1 -0.327573 0.830432 -1 -1 -0.221501 -0.795892 -0.453539 -1 -1 
-1 -0.177201 -1 -0.621588 -0.127551 -1 0.39632 -1 -1 -0.536442 -1 -0.416143 -0.376287 -0.841645 -1 -0.00887644 -0.864886 -1 0.441828 0.792971 -0.794516 -0.941149 -1 -0.25291 -1 -1 -0.680949 -0.853317 -0.620823 -0.187252 -0.424168 -1 -0.889189 0.914594 -0.362645 -1 -0.278276 -0.809103 -0.65512 -1 -1 -1 -1 0.235188 -1 0.513128 0.720582 -1 -0.669001 -0.215317 -0.991732 -0.0019972 -0.41167 0.0340498 -1 -0.22347 0.445587 -1 0.173566 -0.306741 -1 -0.620643 -0.75432 -1 -0.380571 -1 -0.980317 0.590846 0.380034 -1 0.468064 -0.755959 1 -0.132115 -0.817998 -1 -0.58501 -1 -1 -0.409731 -0.787446 -1 -0.584322 -0.48395 -1 -0.772063 -1 -0.389969 -1 -1 0.65686 -1 -0.763955 -1 -1 -0.297949 -0.526703 -0.38149 -0.548953 -1 -1 0.277666 -1 -1 -0.284777 -0.876901 0.0978119 1 -0.903945 -0.736785 -1 -1 -0.923088 0.355287 0.00213546 -0.145432 -1 -1 0.124733 -1 -0.997041 0.240603 -0.93558 -1 0.727393 -0.318516 -1 -0.616731 -1 -1 -0.333043 -0.0144813 -1 -1 -1 0.60007 -1 -0.898829 
-0.474388 0.238525 -1 -1 -1 -1 -1 -1 -0.758713 -1 -1 0.183876 -1 -0.8689 -1 -1 0.163368 -0.00285965 0.0755001 -1 -0.731829 0.430845 -0.359018 -1 -1 -1 -1 -1 -1 -0.112913 -0.986348 -1 -0.997271 0.685611 -0.910017 0.102542 -1 -1 -0.946756 -1 -0.915502 -1 0.368811 -0.850516 -0.74238 -0.237396 0.772115 -0.726447 -0.58358 -1 -0.367073 0.727254 -1 -1 -0.754185 -1 -1 -0.152649 0.160799 0.0615776 -1 -0.593529 -0.795618 -1 -1 -1 -0.613149 -0.564099 0.872636 -1 -0.778003 0.668734 0.818071 -0.391179 -1 -0.329395 -1 -1 -1 -0.854334 -1 -1 -0.228292 -0.437903 -1 -1 -1 -1 -1 -0.856549 0.0994474 -1 -0.624661 -1 -0.698943 -1 -0.890458 -0.0760616 -0.298394 0.319909 0.772051 -0.306805 -1 -1 -1 -1 -0.677966 0.246115 -0.865812 -1 -1 -0.788375 -0.954192 0.128218 -0.43181 -1 -1 -0.866645 -0.687065 0.799157 -0.347125 0.357481 -1 -1 0.386545 -1 -0.227797 0.618099 -1 -1 1 -0.651341 -1 -0.835491 -0.795892 -0.551794 -0.799047 -1 
-1 0.109466 -1 -0.471172 -1 -1 -0.591582 -1 -1 -1 -0.908653 -0.308159 -1 -1 -1 -0.040726 -0.926226 -1 0.0226437 0.0795149 -1 0.143885 -1 -1 -0.993495 -1 -1 -0.777453 -1 -0.102468 -1 -0.93649 -1 0.72331 -0.29047 -0.0693212 -1 -1 -1 -1 -1 -1 -0.231257 -1 -1 -1 0.772115 -1 -0.584413 -1 -0.156176 0.0846977 -0.819836 -0.528977 -0.0038566 -1 -0.759708 -1 0.152941 -1 -1 -0.593529 0.18048 -0.971002 -0.449799 -1 -1 -0.572754 -0.0484242 -0.89093 -1 0.551284 0.818071 -0.365887 -0.776125 -0.92312 -1 -1 -0.982099 -1 -1 -1 -0.773571 -0.327634 -1 -0.945404 -0.994124 -1 -0.975766 -1 0.417214 -1 -0.288084 -1 -0.903708 -1 -0.890458 -0.0760616 -0.319318 -0.740991 0.772051 0.0610745 -1 -1 -0.208027 -1 -0.531057 0.513367 -1 -1 -0.366152 -1 -0.489785 0.79187 -0.62596 -1 -0.807077 -1 -0.776345 0.35589 -1 0.363345 -1 -1 0.38535 -1 0.0939656 0.618099 -1 -0.327573 1 -1 -1 -0.221501 -0.795892 -0.453539 -1 -1 
-0.249114 -0.180966 -1 -0.203103 -1 -1 -1 -0.988453 -0.838319 -1 -1 -0.359818 -0.634147 -1 -0.891679 -0.277432 -0.716388 -0.00285965 0.0755001 -0.844307 -1 -0.289949 -1 -0.884034 -1 -1 -0.681733 -1 -0.857589 -0.6613 -0.804799 -0.962439 -1 0.203183 -0.519078 0.10129 -1 -1 -0.946756 -0.805952 -1 -1 0.331197 -1 -1 -1 1 -0.9078 -0.584413 -0.546537 -1 -0.887886 -1 -0.699085 -0.679294 -1 -1 -0.749346 -0.0842385 0.257861 -1 -0.593529 0.0961878 -1 -0.42055 -0.871326 -0.851296 -0.629491 1 -0.920067 -1 0.123603 -0.288597 -0.558752 -1 -0.140773 -1 -1 -0.781724 -0.833532 -1 -1 -1 -0.437903 -1 -1 -0.830479 -1 -1 -0.661385 -0.789135 -1 -0.830767 -1 -1 -1 -1 -0.0760616 -0.457797 -0.657314 0.0691235 -0.0365306 -1 -1 -0.804785 -0.776824 -0.700893 0.373031 -1 -0.787255 -0.667101 -1 -0.489785 0.61896 -0.639594 -0.877796 -1 -1 -0.346339 0.214187 -0.347125 0.371352 -0.866453 -1 0.637886 -1 -0.229769 0.620838 -1 -1 1 -0.669692 -0.817646 0.158892 -1 -0.12641 0.218494 -0.881516 
-0.440456 0.238525 -1 -0.34074 -1 -1 -0.847768 -0.777669 -1 -0.832059 -0.586206 0.151934 -0.943709 -1 -0.807182 -0.71583 -0.164119 -0.00285965 0.0755001 0.0408746 -0.731829 -0.0339596 -1 -1 -1 -1 -1 -1 -1 -0.112913 -1 -0.93649 -1 0.72331 -0.470342 -0.193812 -1 -1 -0.946756 -1 -0.915502 -0.980746 0.368811 -0.812963 -1 -0.23576 0.772115 -0.726447 -1 -1 -1 0.685654 -1 -0.893306 0.0929689 -1 0.149528 -0.249352 0.160799 0.257861 -1 -0.593529 -0.547896 -0.971002 -0.449799 -1 -0.844722 -0.564099 0.872636 -0.89093 -1 -0.267231 0.108457 -0.391179 -1 -0.8394 -0.990011 -1 -0.781724 -0.778693 -0.791747 -1 -0.228292 -0.437903 -1 -1 -1 -1 -1 -1 0.187928 -1 -0.754803 -1 -0.746454 -1 -0.890458 -0.558231 -0.638768 0.319909 0.867466 -0.735784 -1 -0.823286 -0.422207 -1 -0.496761 0.414617 -1 -1 -0.757161 -0.810801 -0.889458 0.396028 -0.43181 -1 -1 -0.866645 0.294084 0.877734 -0.347125 0.371352 -1 -1 0.38535 -1 -0.227797 0.666736 -1 -1 1 -0.669692 -1 -0.172961 -1 -0.453539 0.218494 -1 
-1 -0.130848 -1 -1 -0.0773694 -1 0.380818 -1 -1 -0.536442 -1 -0.416143 -0.450562 -0.841645 -1 -0.523959 -0.864886 -1 0.392865 0.792971 -0.794516 -0.501338 -1 -0.25291 -1 -1 -0.680949 -0.950776 -0.620823 -0.187252 -0.424168 -1 -0.930517 0.914594 -0.362645 -1 -0.759835 -0.809103 -1 -0.987657 -1 -0.945392 -1 -0.440182 -1 0.336272 0.720582 -1 -0.938397 -0.215317 -0.991732 -0.0019972 -0.41167 0.0340498 -1 -0.22347 0.445587 -1 0.173566 -1 -1 -0.620643 -1 -1 -0.380571 -1 -0.980317 0.690785 0.380034 -1 0.468064 -1 1 -0.132115 -0.817998 -1 -0.58501 -1 -1 -0.376619 -0.686381 -1 -1 -0.48395 -1 -1 -0.943192 -0.426518 -0.941799 -1 0.65686 -1 -0.763955 -1 -1 -0.32999 -0.526703 -1 -0.548953 -1 -1 -0.808771 -1 -1 -0.284777 -0.876901 -0.765548 1 -0.903945 -0.736785 -1 -1 -0.923088 0.355287 0.00213546 -0.145432 -0.966591 -0.829394 -0.265146 -1 -0.997041 0.240603 -0.93558 -1 0.727393 -0.750661 -1 -1 -1 -1 -0.333043 -0.0490121 -1 -1 -1 0.564377 -1 -0.925363 
-0.440456 0.238525 -1 -0.0587252 -1 -1 -0.591582 -1 -0.747437 -1 -1 0.183876 -1 -1 -0.837278 -0.040726 -0.164119 0.00991902 0.0983224 0.0408746 -0.731829 0.485075 -1 -0.790276 -1 -1 -1 -1 -1 -0.467515 -1 -1 -1 0.72331 -0.259329 0.10129 -1 -1 -0.946756 -1 -0.915502 -1 0.262895 -1 -0.878705 -0.23576 0.772115 -0.726447 -0.464001 -0.73482 -0.364716 0.685654 -1 -0.528977 -0.105276 -1 -0.344706 -0.152649 -0.279672 -0.378531 -1 -0.593529 -0.131977 -1 -1 -1 -1 -0.564099 0.636836 -0.89093 -1 -0.131951 0.818071 -0.858746 -1 -0.329395 -0.990011 -1 -1 -1 -0.580254 -1 -0.228292 -0.437903 -1 -0.945404 -0.521491 -1 -1 -0.661385 0.417214 -1 -0.590969 -1 -0.670291 -0.851512 -0.890458 -0.0760616 -1 0.319909 0.772051 -0.714692 -0.989748 -1 0.0134609 -0.776824 -0.496761 0.687964 -1 -1 -0.757161 -1 -0.489785 0.396028 -0.333068 -1 -1 -0.922132 0.294084 0.413567 -0.169079 0.204256 -1 -1 -0.0384411 -1 -0.227797 0.618099 -1 -0.327573 1 -0.669692 -1 -0.221501 -1 -0.453539 0.243095 -0.541377 
-1 -0.177201 -1 -0.621588 -0.127551 -1 0.39632 -1 -1 -0.536442 -1 -0.416143 -0.450562 -0.841645 -1 -0.00887644 -0.864886 -1 0.392865 0.792971 -0.794516 -0.501338 -1 -0.25291 -1 -1 -0.680949 -0.950776 -0.620823 -0.187252 -0.424168 -1 -0.889189 0.914594 -0.362645 -1 -0.278276 -0.809103 -0.65512 -1 -1 -1 -1 0.235188 -1 0.513128 0.720582 -1 -0.669001 -0.215317 -0.991732 -0.0019972 -0.41167 0.0340498 -1 -0.22347 0.445587 -1 0.173566 -0.306741 -1 -0.620643 -0.75432 -1 -0.380571 -1 -0.980317 0.590846 0.380034 -1 0.468064 -0.755959 1 -0.132115 -0.817998 -1 -0.58501 -1 -1 -0.376619 -0.787446 -1 -0.584322 -0.48395 -1 -0.772063 -1 -0.389969 -1 -1 0.65686 -1 -0.763955 -1 -1 -0.297949 -0.526703 -0.38149 -0.548953 -1 -1 0.277666 -1 -1 -0.284777 -0.876901 0.0978119 1 -0.903945 -0.736785 -1 -1 -0.923088 0.355287 0.00213546 -0.145432 -0.966591 -1 0.124733 -1 -0.997041 0.240603 -0.93558 -1 0.727393 -0.318516 -1 -0.155341 -1 -1 -0.333043 -0.0144813 -1 -1 -1 0.60007 -1 -0.925363 
-1 -0.366551 -1 -0.398913 -0.742512 -1 -0.932473 -1 -1 -1 -1 0.183876 -1 -1 -0.807182 -0.11668 -0.164119 -0.00285965 0.0755001 -1 -1 0.515659 -1 -1 -1 -1 -1 -1 -1 -0.513015 -0.707914 -1 -1 0.418025 -0.259329 0.10129 -0.960478 -1 -1 -1 -1 -1 -0.147547 -1 -1 -0.347189 0.126979 -1 -0.584413 -1 -0.706251 0.309414 -1 -0.528977 0.0929689 -1 -0.0844576 -0.336285 0.160799 -0.0460116 -1 -0.430981 -0.465922 -0.971002 -0.322781 -1 -1 -0.946589 0.441612 -1 -1 0.665693 0.0555292 -0.202272 -1 -0.84242 -0.990011 -1 -0.934846 -0.778693 -1 -1 -0.436075 -0.322086 -1 -1 -0.682526 -1 -0.941863 -0.906015 0.417214 -1 -0.590969 -1 -1 -0.731807 -0.890458 -0.0760616 -0.298394 -0.444095 0.391698 -0.265699 -1 -1 -0.0759176 -0.847256 -1 0.0232398 -0.846967 -1 -0.950664 -1 -0.489785 0.477226 -0.633406 -0.99511 -0.768193 -1 0.483917 0.895313 -0.111435 0.593438 -1 -1 0.254474 -1 -0.274272 0.40335 -1 -0.283715 -0.038183 -0.98021 -1 -0.440844 -1 -0.974465 0.0361755 -1 
-0.154526 -0.493542 -0.435794 0.490924 -1 -0.317762 -1 -1 -0.234372 -0.399008 0.636097 0.954884 -0.528927 0.229793 -0.880547 -0.0807137 -0.193412 0.0794479 -0.793031 -0.305058 0.304314 -0.125376 0.306516 -0.1026 -1 -1 -0.270874 0.116507 0.576069 -1 -1 -0.536008 0.541337 -1 -0.574888 -0.811029 0.357771 -1 0.18874 -0.938085 -1 0.220295 0.0969288 -1 -1 -1 -0.767476 -1 1 0.962549 -0.926505 -1 0.702892 0.492311 0.544425 0.588171 -1 -1 0.145916 1 -0.0417535 -0.433627 -1 -1 -0.272688 -1 -1 0.18518 -0.772267 -0.180334 -1 -0.332083 -1 -1 -0.873255 -0.254427 -0.613966 -1 -1 0.650614 -0.304826 0.741273 -0.832902 -1 -0.173192 -1 -1 0.440659 -1 -0.957083 0.96059 -1 -0.414914 -0.746077 -0.510579 0.0381689 -0.531057 -1 -0.129305 0.0278398 0.281778 -0.417376 -1 -0.672121 0.158536 -0.0655873 -0.140283 -0.224987 -0.0539418 -0.794986 -1 -0.718153 -1 -1 0.242378 -0.80956 -0.648664 1 0.282762 0.351487 -0.926381 -0.826016 -1 -1 -1 -0.526848 -0.730446 0.924151 -0.243423 0.285486 -1 -0.984009 -0.0860725 0.67564 0.578095 0.498142 -1 -1 
-0.431653 0.453505 -0.999929 -0.0851882 -0.784453 -1 -0.591582 -1 -0.747437 -1 -1 -1 -0.863051 -0.829478 -0.807182 0.065084 -0.164119 -0.503002 0.292231 0.0408746 -0.731829 0.430845 -1 -1 -1 -1 -1 -1 -1 -0.469159 -1 -0.93649 -0.860494 0.72331 -0.259329 0.10129 -1 -1 -0.600745 -1 -0.832733 -1 0.368811 -1 -1 -0.23576 0.772115 -0.726447 -0.584413 -0.73482 -0.278275 0.184393 -1 -1 0.0929689 -1 0.149528 -0.134363 0.141963 0.14648 -1 -0.48001 -0.131977 -0.971002 -1 -1 -0.613149 -1 0.872636 -1 -1 0.704477 0.106838 -0.654947 -1 -0.631899 -1 -1 -0.781724 -0.778693 -0.915548 -1 -0.228292 -0.437903 -1 -0.945404 -0.742072 -0.727857 -1 -0.661385 0.417214 -1 -0.590969 -1 -1 -1 -1 -0.614131 -1 0.319909 0.772051 -0.0894713 -1 -1 -0.0759176 -0.776824 -1 0.687964 -0.717257 -1 -0.573727 -1 -0.335903 -0.195229 -1 -1 -1 -0.866645 -0.129497 0.799157 -0.436237 0.371352 -1 -1 -0.313902 -1 -0.227797 0.618099 -1 -0.327573 1 -0.669692 -1 -0.221501 -1 -0.56041 -0.277979 -0.541377 
-1 -1 -1 -0.621588 -0.576655 -1 0.39632 -0.768512 -1 -0.536442 -0.676349 -0.416143 -0.450562 -0.841645 -1 -0.124698 -0.958556 -1 0.392865 0.628298 -1 -0.558311 -1 -0.640441 -1 -1 -1 -1 -1 0.0907229 -0.872958 -1 -1 0.974147 -1 -1 -0.278276 -0.543104 -0.658728 -0.57305 -1 -1 -1 0.242395 -1 0.427659 0.720582 -1 -0.669001 0.539072 -0.441755 -0.249634 -0.640474 0.0340498 -1 -1 0.445587 -1 0.173566 0.293743 -1 -0.444316 -0.75432 -1 -0.429567 -1 -1 0.590846 0.380034 -0.580559 0.468064 -0.993078 1 -0.132115 -0.817998 -1 -1 -1 -1 -0.133014 -0.787446 -1 -0.584322 -0.48395 -1 -0.315214 -1 -0.33074 -1 -1 0.65686 -0.790345 -0.763955 -0.848331 -1 -0.297949 -0.260866 -0.38149 -0.548953 -1 -0.814381 -0.921043 -1 -1 -0.284777 -0.876901 0.0978119 1 -0.903945 -0.736785 -1 -1 -0.923088 0.510307 0.429653 0.181876 -0.86793 -1 0.124733 -1 -0.997041 0.240603 -1 -1 0.727393 -0.318516 -1 -0.20913 -1 -1 -0.333043 0.105107 -1 -1 -0.910884 0.609147 -0.946209 -1 
-0.287658 0.34827 -1 -0.0851882 -1 -0.936383 -1 -1 -1 -1 -1 0.183876 -0.852729 -1 -1 -0.709313 -0.465075 -0.584483 -0.303394 -1 -0.78059 0.439533 -0.700056 -1 -1 -1 -0.624719 -1 -0.822976 -0.112913 -1 -1 -1 0.856508 -0.751408 -0.199149 -1 -0.850409 -1 -1 -1 -1 0.381603 -1 -1 -0.0766575 0.306616 -1 -0.692706 -0.811693 -0.364716 -1 -1 -0.894292 -0.531351 -0.685708 -0.532416 -0.558036 -0.0842385 -0.261032 -0.696819 -0.593529 -0.131977 -1 -0.552365 -1 -0.613149 -0.339653 0.872636 -0.89093 -1 0.602464 -0.742145 -0.634721 -1 -0.329395 -1 -1 -0.781724 -1 -1 -1 -1 -1 -1 -1 -0.836122 -1 -1 -1 -0.987844 -1 -0.519961 -0.868601 -1 -1 -1 -0.0760616 -0.613029 -0.212348 -0.206051 0.138975 -0.770849 -1 -0.01069 -1 -0.496761 0.892212 -1 -1 -0.569165 -1 -1 0.539057 -0.0755958 -1 -1 -0.794617 -0.520035 0.742089 -0.416808 0.371352 -0.754412 -1 0.268895 -1 -0.235968 0.730687 -1 -1 0.911995 -0.583717 -1 0.196321 -0.913787 -0.95768 -1 -0.859917 
-1 -0.148581 -1 -0.621588 -0.127551 -1 0.39632 -0.768512 -1 -0.536442 -1 -0.416143 -0.450562 -0.841645 -1 -0.124698 -0.958556 -1 0.392865 0.628298 -0.794516 -0.558311 -1 0.131083 -1 -1 -1 -1 -0.820077 0.0907229 -0.0664536 -1 -1 0.974147 -0.362645 -1 -0.278276 -0.543104 -0.658728 -0.57305 -1 -1 -1 0.162202 -1 0.427659 0.720582 -0.890463 -0.669001 0.539072 -0.441755 -0.249634 -0.640474 0.0340498 -1 -0.22347 0.445587 -1 0.173566 0.293743 -1 -0.761231 -0.75432 -1 -0.429567 -1 -0.509063 0.590846 0.380034 -0.580559 0.468064 -0.993078 1 -0.132115 -0.817998 -1 -0.58501 -1 -1 -0.133014 -0.787446 -1 -0.584322 -0.48395 -1 -0.766699 -1 -0.389969 -1 -1 0.65686 -1 -1 -0.848331 -1 -0.297949 -0.260866 -0.38149 -0.548953 -1 -0.724217 0.277666 -1 -1 -0.284777 -0.876901 0.0978119 1 -0.903945 -0.736785 -1 -1 -0.923088 0.355287 0.429653 -0.145432 -0.389023 -1 0.124733 -1 -0.997041 0.240603 -0.93558 -0.743892 0.727393 -0.318516 -1 -0.155341 -1 -1 -0.333043 0.105107 -1 -1 -1 1 -1 -1 
-1 -0.148581 -0.789534 -0.621588 -0.127551 -1 0.220557 -1 -1 -0.62616 -0.834439 -0.416143 -0.854302 -0.876984 -1 -0.124698 -0.958556 -1 0.10566 0.140465 -1 -0.291602 -1 -0.961952 -1 -1 -0.943116 -1 -0.820077 -0.378309 -1 -1 -1 0.974147 -0.362645 -1 -0.884826 -0.543104 -0.787293 -0.57305 -1 -1 -0.475287 0.301716 -0.961452 0.086469 0.695582 -1 -0.542155 0.539072 -1 -0.69354 -0.858773 -0.707001 -1 -0.848336 0.445587 -1 -0.506238 0.293743 -1 -1 -0.75432 -1 -1 -0.708205 -0.675561 0.144428 0.380034 -0.569881 0.468064 -1 1 -0.132115 -0.817998 -1 -0.58501 -1 -1 0.00635344 -0.787446 -1 -0.304085 -1 -1 -1 -1 -1 -1 -1 0.65686 -0.884186 -1 -0.848331 -0.882349 -0.297949 -0.170879 -1 -0.745217 -0.778428 -1 0.277666 -1 -1 -1 -0.876901 -0.376037 0.560401 -0.903945 -0.794078 -1 -1 -0.923088 0.355287 0.429653 0.276215 -1 -1 0.124733 -1 -0.997041 0.397338 -0.93558 -0.743892 0.286752 -0.318516 -0.790331 -0.00541523 -1 -1 -0.874744 0.128071 -1 -1 -1 0.590176 -0.909541 -1 
-0.440456 -0.276052 -1 -1 -1 -1 -0.591582 -1 -0.747437 -1 -1 0.183876 -1 -1 -0.807182 -0.040726 -0.164119 -0.00285965 0.0755001 0.0408746 -0.731829 -0.476204 -1 -1 -1 -1 -1 -1 -1 0.0428077 -1 -0.93649 -1 0.72331 -0.259329 0.10129 -1 -1 -0.946756 -1 -0.915502 -1 0.368811 -1 -1 -0.251679 0.772115 -0.726447 -0.978297 -0.73482 -0.364716 0.805326 -1 -0.545675 0.0929689 -1 0.149528 -0.440135 -0.430702 0.257861 -1 -0.593529 -0.131977 -0.971002 -0.449799 -1 -1 -0.564099 0.872636 -0.89093 -0.688913 0.704477 0.818071 -0.721133 -1 -0.329395 -0.990011 -1 -0.781724 -0.778693 -0.791747 -1 -0.228292 -0.437903 -1 -0.945404 -1 -1 -1 -0.661385 0.417214 -1 -0.590969 -1 -0.746454 -1 -0.890458 -0.0760616 -0.298394 0.319909 0.772051 -0.68387 -1 -1 0.138433 -0.776824 -0.496761 0.687964 -1 -1 -0.757161 -1 -0.489785 -0.53411 -0.43181 -1 -1 -0.866645 0.294084 0.799157 -0.347125 0.371352 -0.884918 -0.710583 0.38535 -1 -0.227797 0.749168 -1 -0.327573 1 -0.669692 -1 -0.46386 -0.795892 -0.453539 0.218494 -0.541377 
-0.440456 0.153881 -1 -0.0851882 -1 -1 -0.591582 -1 -0.747437 -1 -1 0.14303 -1 -1 -0.807182 -0.040726 -0.164119 -0.00285965 0.234323 0.0408746 -0.731829 0.430845 -1 -1 -1 -1 -1 -1 -1 -0.112913 -0.983348 -1 -1 0.72331 -0.72017 -0.240262 -0.947648 -1 -1 -1 -0.729761 -0.951805 0.368811 -1 -1 -1 0.772115 -1 -0.584413 -0.73482 -0.805985 0.88102 -0.635656 -0.528977 0.0929689 -1 -0.174646 -0.234071 0.160799 -0.0906933 -1 -0.959715 -0.131977 -1 -1 -1 -1 -0.564099 0.837833 -0.89093 -1 0.704477 0.818071 -0.391179 -0.826453 -0.329395 -1 -0.891477 -0.781724 -0.778693 -1 -1 -0.228292 -0.437903 -0.610315 -1 -1 -1 -0.930672 -0.661385 0.417214 -1 -0.590969 -1 -0.746454 -1 -0.881162 -0.348333 -1 0.0630984 0.730932 -0.0894713 -1 -0.907167 -0.0759176 -0.776824 -0.496761 0.687964 -1 -1 -0.757161 -0.936258 -0.489785 0.396028 -1 -1 -1 -0.866645 0.449405 0.728332 -0.347125 0.510637 -1 -0.87341 0.417259 -0.845851 -0.759897 0.442631 -1 -0.327573 0.482033 -0.669692 -1 -0.221501 -0.795892 -0.823769 0.218494 -0.541377 
-0.440456 0.238525 -1 -0.0851882 -1 -1 -0.591582 -1 -0.747437 -1 -1 -0.328975 -0.901023 -1 -0.807182 -0.040726 -0.164119 -0.00285965 0.0617381 0.0408746 -0.731829 0.430845 -1 -1 -1 -1 -1 -1 -1 -0.112913 -1 -0.93649 -1 0.72331 -0.259329 0.10129 -1 -1 -0.946756 -1 -0.915502 -1 0.368811 -1 -1 -0.23576 0.772115 -0.726447 -0.584413 -0.73482 -0.329956 0.311427 -1 -0.528977 0.0929689 -1 0.149528 -0.152649 0.160799 0.257861 -1 -0.593529 -0.131977 -0.971002 -0.449799 -1 -0.613149 -0.564099 0.872636 -0.89093 -1 0.704477 0.818071 -0.391179 -1 -0.329395 -0.990011 -1 -0.781724 -0.778693 -0.791747 -1 -0.364248 -0.437903 -1 -0.945404 -0.521491 -1 -1 -0.661385 0.417214 -1 -0.590969 -1 -0.746454 -1 -0.890458 -0.0760616 -0.298394 0.319909 0.772051 -0.0894713 -1 -1 -0.602404 -0.776824 -0.496761 0.687964 -1 -1 -0.757161 -1 -0.489785 0.396028 -0.43181 -1 -1 -0.866645 0.294084 0.799157 -0.347125 0.503057 -1 -1 0.38535 -1 -0.227797 0.618099 -1 -0.327573 1 -0.669692 -1 -0.221501 -0.795892 -0.453539 0.081884 -0.541377 
-1 -0.0491296 -1 -0.621588 -0.127551 -0.8425 0.593252 -1 -1 -1 -1 -0.645152 -0.267328 -0.841645 -1 -0.124698 -0.958556 -1 0.521798 0.131745 -0.874124 -0.419845 -1 -0.300931 -1 -1 -0.943116 -1 -1 0.1167 -0.589626 -0.935593 -1 0.974147 -0.771016 -1 -0.472385 -0.543104 -0.658728 -0.635331 -0.771864 -0.944211 -1 -0.0807672 -1 0.633316 0.720582 -1 -0.669001 0.6623 -0.441755 -0.605973 -1 0.0340498 -1 -0.797671 -0.255604 -1 -0.0638029 0.293743 -1 -0.761231 -1 -1 -0.836066 -1 -1 0.590846 0.0969587 -0.580559 0.148216 -0.993078 1 -0.605347 -0.817998 -1 -0.58501 -1 -1 -0.133014 -0.787446 -1 -1 -0.48395 -1 -0.632854 -1 -0.389969 -1 -1 0.548731 -0.982617 -0.763955 -0.848331 -0.688381 -0.867653 -0.449855 -0.38149 -0.441203 -0.932218 -0.724217 0.289475 -0.712648 -1 -0.284777 -1 0.0978119 1 -1 -1 -1 -1 -0.923088 0.206336 0.429653 -0.145432 -0.725805 -0.983981 0.124733 -1 -0.997041 -0.149808 -0.93558 -0.743892 0.727393 -0.131206 -1 0.162224 -1 -1 -0.333043 -0.0184968 -1 -1 -1 0.761655 -1 -1 
-0.154526 -0.493542 -0.36848 0.490924 -1 -0.317762 -0.931395 -1 -0.434395 -0.399008 0.636097 0.283338 -0.528927 0.229793 -0.880547 -0.0807137 -0.193412 -0.406218 -0.793031 -0.195883 0.304314 -0.125376 0.306516 -0.137681 -1 -1 -0.302429 0.116507 0.576069 -1 -1 -0.536008 -0.0208043 -1 -0.255145 -1 -0.605884 -1 0.234804 -0.938085 -1 0.492494 0.0969288 -1 -1 -0.730173 -0.523466 -1 0.116386 0.962549 -0.926505 -1 0.702892 -0.570527 0.684027 0.588171 -1 -1 0.145916 1 -0.367273 -0.433627 -1 -0.970924 -0.845752 -1 -1 -0.870685 -1 -0.884638 -0.891474 -0.565919 -1 -0.769815 -0.873255 -0.254427 -0.621793 -1 -0.656345 0.954537 -0.537178 0.741273 -0.657595 -1 -0.637294 -1 -1 0.440659 -0.952831 -0.615343 0.96059 -1 -0.414914 -0.756781 -0.510579 0.0381689 -1 -1 -0.129305 0.0278398 0.281778 -0.112465 -1 -1 0.158536 0.611694 -0.569325 -0.224987 -0.298423 -0.794986 -1 -0.925876 -0.873869 -1 -1 -1 -0.648664 0.555739 0.282762 0.351487 -1 -0.826016 -0.619359 -1 -1 -0.526848 -0.730446 0.924151 -0.406008 0.285486 -1 -1 0.0678829 0.0306497 0.578095 0.498142 -1 -0.847414 
-1 -0.148581 -1 -0.621588 -0.127551 -1 -1 -1 -1 -1 -1 -0.416143 -0.14437 -0.841645 -1 -0.383333 -1 -1 0.267257 0.628298 -1 -0.491145 -1 -1 -1 -1 -1 -1 -0.768385 0.26597 -1 -1 -1 0.828248 -0.959253 -1 -0.675549 -1 -0.658728 -1 -1 -1 -1 0.162202 -1 -0.576344 0.720582 -1 -0.496692 0.539072 -1 -0.69354 -1 -0.880052 -1 0.133019 0.600195 -1 0.173566 0.293743 -1 -0.787165 -1 -1 -1 -1 -1 1 0.380034 -1 0.788002 -1 0.757245 -1 -0.571315 -1 -0.58501 -1 -1 -0.342395 -0.787446 -0.869277 -0.278888 -1 -0.626778 -0.905088 -1 -1 -1 -1 0.65686 -1 -0.763955 -0.574744 -0.705618 -0.243838 -0.170879 -1 -1 -1 -1 0.277666 -1 -1 -1 -1 0.0978119 1 -0.504381 -1 -1 -1 -1 0.355287 0.429653 -0.320718 -1 -1 0.124733 -1 -0.997041 0.397338 -1 -0.980684 0.286752 -0.318516 -1 -0.185494 -1 -1 -1 0.247588 -1 -1 -1 -0.0149215 -0.909541 -1 
-0.236786 0.297598 -1 -1 -1 -1 -0.902545 -1 -0.631147 -1 -1 -0.0303537 -1 -1 -1 -1 -0.0262757 -0.200189 -0.163631 0.229557 -1 0.430845 -0.999325 -0.838272 -1 -1 -1 -1 -1 -0.126748 -1 -1 -0.920046 0.297183 -0.236856 -0.988057 -1 -1 -1 -1 -0.915502 -1 0.368811 -1 -1 -0.23576 -0.124203 -0.726447 -1 -1 -1 0.685654 -0.65282 -1 -0.374687 -0.633735 -0.878054 -1 -0.124228 0.257861 -1 -0.963549 -0.131977 -1 -1 -1 -0.379273 -1 0.212825 -1 -1 0.704477 0.418677 -0.27906 -1 -0.329395 -0.990011 -1 -1 -0.778693 -0.791747 -1 -0.228292 -0.474845 -0.870662 -0.587463 -0.521491 -1 -1 -1 0.147279 -1 -0.351856 -1 -1 -1 -0.890458 -1 -0.865304 0.319909 0.780446 -0.0894713 -1 -1 0.0952321 -1 -0.496761 0.273098 -1 -0.676169 -1 -1 -0.489785 0.396028 -1 -1 -1 -0.886928 0.188147 0.616514 -0.443952 -0.00214756 -1 -1 0.643618 -0.852168 -0.232188 0.618099 -1 0.321661 0.4065 -0.669692 -1 -0.312614 -0.9108 -1 -0.751042 -0.541377 
-1 -0.257313 -0.905984 -0.0851882 -1 -1 -0.773835 -0.945597 -0.805491 -1 -1 -0.488994 -0.751373 -1 -1 -0.040726 -0.941541 0.101852 0.144415 -0.451018 -0.966642 0.510317 -1 -0.919778 -1 -1 -1 -1 -1 -0.425047 -1 -0.93649 -1 0.562688 -0.133061 -0.452088 -1 -1 -1 -1 -1 -0.847902 0.456559 -0.864213 -1 -1 0.232327 -1 -1 -1 -0.364716 -0.0457807 -1 -0.458039 -0.578935 -1 -1 -0.152649 0.512225 -0.0515396 -1 -1 -0.0591001 -1 -0.449799 -1 -0.811088 -0.515038 1 -1 -1 0.0772777 0.818071 -0.391179 -1 -0.612495 -0.904974 -1 -1 -1 -1 -1 -0.581264 -0.629001 -0.956155 -1 -0.564254 -1 -1 -0.643713 0.417214 -1 -1 -1 -1 -1 -1 -0.707878 -0.937127 0.389017 -0.216172 0.146332 -1 -1 0.193259 -1 -1 0.826042 -0.818017 -1 -0.757161 -1 -0.871527 -0.159392 -1 -1 -1 -1 -1 0.804776 -1 0.371352 -1 -1 0.38535 -1 -1 0.420677 -0.828429 -0.327573 1 -0.770215 -1 -0.221501 -0.795892 -0.403548 0.346016 -1 
-1 -0.413548 -1 -0.398913 -1 -1 -0.591582 -1 -0.974175 -1 -1 0.183876 -1 -1 -0.807182 0.0996534 -0.540126 -0.592172 -0.0851464 -0.709183 -1 0.515659 -1 -1 -1 -1 -1 -0.876051 -1 -0.513015 -1 -1 -1 0.72331 -0.259329 -0.134214 -0.960478 -1 -1 -1 -0.688654 -1 -0.147547 -1 -1 -0.347189 0.9074 -0.969066 -0.584413 -1 -1 0.365474 -0.789338 -0.528977 0.0929689 -1 -0.0844576 -0.336285 0.160799 -0.0460116 -1 -1 -0.465922 -0.971002 -0.449799 -1 -0.941498 -0.946589 0.643747 -1 -1 0.665693 0.535637 -0.391179 -1 -0.175836 -0.990011 -1 -0.781724 -0.744565 -1 -1 -0.228292 -0.322086 -1 -1 -0.682526 -1 -1 -0.830552 0.417214 -1 -0.590969 -1 -1 -0.934356 -0.890458 -0.579508 -0.298394 -0.936653 0.772051 -0.265699 -1 -1 -0.0759176 -1 -0.496761 0.0232398 -1 -1 -1 -1 -0.489785 0.477226 -0.841418 -1 -0.872624 -1 0.294084 0.385369 -0.111435 0.593438 -1 -1 0.348336 -1 -0.227797 0.40335 -1 -0.283715 0.44162 -1 -1 -0.221501 -0.983312 -0.453539 -0.273407 -1 
-0.865486 0.277682 -0.69153 0.0136249 -1 -1 -1 -1 -0.838319 -0.889311 -1 0.183876 -1 -0.976144 -1 -0.635715 -0.716388 -0.243077 -0.160733 -1 -0.693594 0.395795 -1 -1 -1 -1 -1 -1 -1 -0.112913 -1 -1 -0.729971 0.366076 -0.259329 -0.285531 -1 -1 -0.946756 -1 -1 -1 -0.758414 -1 -1 -0.553388 1 -0.725125 -0.584413 -0.73482 -0.364716 -0.840707 -1 -1 -0.757468 -0.850299 -0.306968 -0.707273 -0.775914 0.521606 -1 -0.593529 -1 -1 -0.833837 -1 -1 -1 0.872636 -1 -1 0.987292 0.231025 -0.226793 -0.990863 -0.631265 -1 -0.993207 -0.72017 -1 -1 -1 -1 -0.819481 -1 -1 -1 -1 -0.762452 -0.661385 -1 -1 -0.519961 -1 -1 -1 -1 -0.284496 -0.710927 0.319909 -0.404072 -0.326026 -1 -1 -1 -1 -0.347343 0.494786 -0.777639 -1 -1 -1 -0.629223 0.61896 -0.345751 -1 -1 -1 0.202522 0.355228 -0.347125 0.613752 -1 -1 0.0827586 -1 -0.0588017 0.937562 -1 -1 1 -1 -1 0.0841108 -1 -0.384626 -0.158208 -1 
-1 -0.148581 -0.861532 -0.621588 -0.127551 -1 0.39632 -1 -1 -1 -1 -0.416143 -0.854302 -1 -1 -0.124698 -1 -1 0.10566 -0.619694 -1 -0.291602 -1 -1 -1 -1 -1 -1 -0.820077 -0.320624 -1 -0.616385 -0.897354 0.974147 -0.362645 -1 -0.884826 -0.722669 -1 -0.57305 -1 -1 -0.475287 0.306355 -1 0.086469 1 -1 -0.542155 0.539072 -1 -0.69354 -0.858773 -0.930963 -1 -0.982968 0.445587 -1 -0.308694 0.572845 -1 -1 -0.75432 -1 -1 -0.708205 -0.675561 0.144428 0.380034 -1 0.468064 -1 1 -0.828967 -0.817998 -1 -0.58501 -1 -0.863533 0.00635344 -0.787446 -1 -0.304085 -1 -1 -1 -1 -1 -1 -1 0.65686 -0.892566 -1 -1 -1 -0.297949 -0.170879 -1 -0.745217 -1 -1 0.277666 -1 -1 -1 -0.528523 0.27269 -0.159581 -0.903945 -0.794078 -1 -1 -0.923088 -0.547808 0.429653 0.276215 -1 -1 -0.69003 -1 -0.997041 0.534567 -0.93558 -0.798185 0.286752 -1 -0.790331 -0.00541523 -1 -1 -0.874744 0.128071 -1 -1 -1 1 -0.909541 -1 
-0.328755 0.238525 -1 -0.0851882 -1 -0.657445 -0.591582 -1 -0.631147 -1 -1 0.162558 -1 -1 -0.781806 -0.845116 -0.0262757 -0.200189 -0.163631 0.426952 -1 0.430845 -0.999325 -0.838272 -1 -0.934533 -1 -1 -1 -0.112913 -1 -0.93649 -1 0.297183 -0.236856 -0.988057 -1 -1 -1 -1 -0.915502 -1 0.368811 -1 -1 -0.23576 0.5704 -0.726447 -1 -0.73482 -1 0.579349 -1 -0.528977 0.0929689 -0.633735 0.149528 -0.78444 -0.0498944 0.257861 -0.882084 -0.696038 -0.355285 -0.971002 -0.720897 -1 -0.613149 -1 0.872636 -0.89093 -1 0.704477 0.418677 -0.27906 -1 -0.329395 -0.990011 -1 -1 -0.778693 -0.791747 -1 -0.228292 -0.240303 -1 -0.587463 -0.521491 -1 -1 -1 0.147279 -1 -0.351856 -1 -1 -1 -0.890458 -0.826423 -0.298394 0.319909 0.572398 -0.0894713 -1 -1 -0.0300473 -1 -0.496761 0.273098 -1 -0.676169 -0.757161 -1 -0.489785 0.396028 -1 -1 -1 -0.886928 0.188147 0.136983 -0.449961 0.651349 -1 -1 0.38535 -0.852168 -0.68942 0.618099 -1 0.321661 0.4065 -0.669692 -1 -0.63684 -0.795892 -1 -0.496159 -0.541377 
-1 -0.148581 -1 -0.621588 -0.127551 -1 0.39632 -0.605474 -1 -0.536442 -0.969956 -0.416143 -0.450562 -0.841645 -1 -0.124698 -0.958556 -1 0.392865 0.628298 -0.794516 -0.558311 -1 0.131083 -1 -1 -0.943116 -1 -1 -0.493713 -0.0664536 -1 -1 0.974147 -0.362645 -1 -0.278276 -0.543104 -0.658728 -0.57305 -1 -1 -1 0.162202 -1 0.427659 0.430249 -1 -0.543239 0.673383 -0.449662 -0.249634 -0.640474 0.0340498 -1 -0.22347 0.445587 -1 0.173566 0.293743 -1 -0.761231 -0.75432 -1 -0.846497 -1 -0.509063 0.590846 -0.156317 -0.580559 0.468064 -0.993078 1 -0.132115 -0.817998 -1 -0.58501 -1 -1 -0.488561 -0.787446 -1 -0.584322 -0.48395 -1 -0.632854 -1 -0.389969 -1 -1 0.65686 -1 -0.763955 -0.848331 -1 -0.297949 -0.260866 -0.38149 -0.548953 -1 -0.724217 0.115148 -1 -1 -0.284777 -0.876901 0.0978119 1 -0.903945 -0.736785 -1 -1 -1 0.355287 0.429653 -0.145432 -0.807296 -1 0.124733 -1 -1 0.240603 -0.93558 -0.743892 0.499156 -0.318516 -1 -0.155341 -0.974773 -1 -0.333043 0.105107 -1 -1 -1 1 -1 -1 
-0.141781 0.34827 -1 -0.0851882 -1 -1 -1 -1 -1 -0.781917 -0.881621 0.183876 -0.852729 -1 -1 -0.709313 -0.465075 -0.535068 -0.303394 -1 -0.78059 0.439533 -1 -1 -0.81354 -1 -0.408763 -1 -1 -0.112913 -1 -1 -1 0.856508 -0.470765 -1 -1 -1 -1 -1 -1 -1 0.381603 -1 -1 -0.0829121 0.306616 -1 -0.584413 -0.811693 -0.364716 -1 -1 -1 -0.531351 -1 -0.532416 -0.0704815 -1 -0.261032 -0.696819 -0.593529 -0.131977 -1 -0.552365 -1 -0.613149 -0.391425 -0.212657 -0.89093 -1 -0.147262 -1 -0.634721 -1 -0.329395 -0.749674 -1 -0.582146 -1 -1 -1 -1 -1 -1 -1 -0.777116 -1 -1 -1 -1 -1 -0.519961 -1 -1 -0.861796 -1 -0.477471 -0.613029 -0.212348 -0.206051 0.138975 -1 -0.937634 -0.01069 -1 -0.496761 0.892212 -1 -1 -0.757161 -1 -0.685349 0.498014 -0.0755958 -0.940343 -1 -0.956127 -0.520035 0.362867 -0.416808 0.691948 -0.754412 -0.838269 0.268895 -0.952935 -0.235968 0.593608 -1 -1 0.285942 -0.583717 -1 0.196321 -1 -0.95768 -1 -0.859917 
-1 -0.148581 -1 -0.621588 -0.127551 -1 0.39632 -0.768512 -1 -0.536442 -1 -0.416143 -0.450562 -0.841645 -0.954808 -0.124698 -0.958556 -1 0.392865 0.628298 -0.794516 -0.558311 -1 0.131083 -1 -1 -0.943116 -1 -0.820077 0.0907229 -0.0664536 -1 -0.813764 0.974147 -0.576425 -1 -0.278276 -0.543104 -0.658728 -0.57305 -1 -1 -1 0.162202 -1 0.427659 0.720582 -1 -0.669001 0.539072 -0.627761 -0.249634 -0.640474 0.0340498 -1 -0.548926 0.445587 -1 0.173566 0.293743 -1 -0.761231 -0.75432 -1 -0.429567 -1 -0.509063 0.590846 0.380034 -0.580559 0.468064 -0.993078 1 -0.132115 -0.817998 -1 -0.58501 -1 -1 -0.133014 -0.787446 -1 -0.584322 -0.48395 -1 -0.632854 -1 -0.822015 -1 -1 0.65686 -1 -0.763955 -0.848331 -1 -0.297949 -0.260866 -0.38149 -0.548953 -1 -0.724217 -0.0169057 -1 -1 -0.284777 -0.876901 0.0978119 0.763737 -0.903945 -0.736785 -1 -1 -0.923088 0.355287 0.429653 -0.638125 -0.389023 -0.822015 0.124733 -1 -1 0.240603 -0.93558 -0.743892 0.727393 -0.318516 -1 -0.155341 -1 -1 -0.670889 0.105107 -1 -1 -1 1 -1 -1 
-0.440456 0.238525 -1 -0.0851882 -1 -1 -0.989146 -1 -1 -1 -1 -0.44781 -1 -0.84611 -1 -0.040726 0.0710634 -0.00285965 0.0755001 -0.251978 -0.836977 0.302525 -1 -1 -1 -1 -1 -1 -1 -0.112913 -0.807961 -1 -1 0.473701 -0.259329 0.10129 -1 -1 -1 -1 -0.822832 -1 0.368811 -0.816006 -1 -0.23576 0.772115 -0.726447 -0.584413 -0.73482 -0.364716 0.685654 -1 -0.340585 -0.364776 -1 0.149528 -0.152649 0.160799 0.257861 -0.876776 -0.593529 0.0108816 -0.957696 -0.355991 -1 -1 -0.564099 1 -0.89093 -1 -0.119134 0.818071 -0.791609 -1 -0.628503 -1 -1 -1 -1 -1 -0.925464 -0.251776 -0.437903 -1 -0.945404 -0.639929 -1 -1 -0.438693 0.216903 -1 -0.590969 -1 -1 -1 -1 -1 -0.298394 0.0818779 0.140699 -0.797245 -1 -1 -0.31384 -1 -0.496761 0.826042 -1 -1 -0.874098 -1 -0.367658 0.253877 -1 -1 -1 -1 0.286387 0.283477 -0.347125 0.371352 -1 -1 -0.0645582 -1 -0.227797 0.618099 -1 -0.798483 0.544913 -1 -0.826025 -0.221501 -0.795892 -0.453539 -0.256007 -1 
-0.440456 0.238525 -1 -0.0851882 -1 -1 -0.591582 -1 -0.747437 -1 -1 0.183876 -1 -1 -0.807182 -0.040726 -0.164119 -0.00285965 0.0755001 0.0408746 -0.731829 0.430845 -1 -1 -1 -1 -1 -1 -1 -0.112913 -1 -0.93649 -1 0.72331 -0.259329 0.10129 -1 -1 -0.946756 -1 -0.915502 -1 0.368811 -1 -1 -0.23576 0.772115 -0.726447 -0.584413 -0.73482 -0.364716 0.685654 -1 -0.528977 0.0929689 -1 0.149528 -0.152649 0.160799 0.257861 -1 -0.593529 -0.131977 -0.971002 -0.449799 -1 -0.613149 -0.564099 0.872636 -0.89093 -1 0.704477 0.818071 -0.391179 -1 -0.329395 -0.990011 -1 -0.781724 -0.778693 -0.791747 -1 -0.228292 -0.437903 -1 -0.945404 -0.521491 -1 -1 -0.661385 0.417214 -1 -0.590969 -1 -0.746454 -1 -0.890458 -0.0760616 -0.298394 0.319909 0.772051 -0.0894713 -1 -1 -0.0759176 -0.776824 -0.496761 0.687964 -1 -1 -0.757161 -1 -0.489785 0.396028 -0.43181 -1 -1 -0.866645 0.294084 0.799157 -0.347125 0.371352 -1 -1 0.38535 -1 -0.227797 0.618099 -1 -0.327573 1 -0.669692 -1 -0.221501 -0.795892 -0.453539 0.218494 -0.541377 
-0.390305 0.323794 -1 -0.569213 -1 -1 -1 -1 -0.747437 -1 -1 -1 -1 -1 -0.986996 -1 -0.164119 -0.00285965 0.0755001 -0.300114 -0.86597 -0.0443351 -0.781285 -1 -0.957795 -1 -0.968498 -1 -1 -0.787257 -1 -1 -1 0.72331 -0.159647 -0.626134 -0.755846 -0.998584 -1 -1 -0.915502 -1 0.390156 -1 -1 -0.23576 0.772115 -1 -1 -0.918202 -1 0.502073 -0.868543 -0.953385 -0.316208 -0.910241 0.331179 -0.805869 -0.513979 -0.228955 -0.913315 -0.137747 -0.131977 -0.718665 -1 -1 -1 -1 0.575432 -0.89093 -1 0.704477 0.350658 -0.617461 -1 -0.366164 -1 -1 -0.781724 -0.760791 -0.621833 -1 -0.530767 -0.437903 -1 -0.836916 -0.475428 -1 -1 -1 0.323764 -1 -1 -1 -0.605888 -0.943806 -1 -0.261379 -1 0.342416 -0.135291 -0.580261 -1 -1 -0.319974 -1 -1 0.513243 -1 -1 -0.853233 -1 -0.70513 -0.0823593 -0.43181 -0.835113 -1 -0.893747 -0.286107 0.643706 -0.641269 0.371352 -1 -0.732619 0.38535 -1 -0.621431 0.618099 -1 -0.702384 0.916187 -0.446396 -1 -0.466315 -0.86244 -0.245336 0.0862456 -1 
-1 -0.148581 -1 -0.621588 -0.127551 -1 0.39632 -0.768512 -1 -0.536442 -1 -0.416143 -0.450562 -0.841645 -1 -0.124698 -0.958556 -1 0.392865 0.628298 -0.794516 -0.558311 -1 0.131083 -1 -1 -0.943116 -1 -0.820077 0.0907229 -0.0664536 -1 -1 0.974147 -0.362645 -1 -0.278276 -0.543104 -0.658728 -0.57305 -1 -1 -1 0.162202 -1 0.427659 0.720582 -1 -0.669001 0.539072 -0.441755 -0.249634 -0.640474 0.0340498 -1 -0.22347 0.445587 -1 0.173566 0.293743 -1 -0.761231 -0.75432 -1 -0.429567 -1 -0.509063 0.590846 0.380034 -0.580559 0.468064 -0.993078 1 -0.132115 -0.817998 -1 -0.58501 -1 -1 -0.133014 -0.787446 -1 -0.584322 -0.48395 -1 -0.632854 -1 -0.389969 -1 -1 0.65686 -1 -0.763955 -0.848331 -1 -0.297949 -0.260866 -0.38149 -0.548953 -1 -0.724217 0.277666 -1 -1 -0.284777 -0.876901 0.0978119 1 -0.903945 -0.736785 -1 -1 -0.923088 0.355287 0.429653 -0.145432 -0.389023 -1 0.124733 -1 -0.997041 0.240603 -0.93558 -0.743892 0.727393 -0.318516 -1 -0.155341 -1 -1 -0.333043 0.105107 -1 -1 -1 1 -1 -1 
-0.373716 -0.284837 -1 -0.0851882 -0.712117 -1 -0.591582 -1 -0.747437 -1 -1 0.183876 -1 -1 -0.807182 0.131433 -0.164119 -0.00285965 0.0755001 -0.260951 -0.731829 0.430845 -1 -1 -1 -1 -1 -1 -1 -0.112913 -1 -0.93649 -1 0.72331 -0.259329 0.10129 -1 -1 -0.946756 -1 -1 -1 0.368811 -0.867324 -1 -0.23576 0.772115 -1 -0.584413 -0.557805 -0.364716 0.685654 -1 -0.528977 0.0929689 -1 0.149528 -0.374673 0.160799 -0.0576418 -1 -0.593529 -0.131977 -1 -0.449799 -1 -0.613149 -0.564099 0.872636 -1 -0.937322 0.704477 -0.136504 -0.391179 -1 -0.140206 -0.709543 -1 -0.781724 -0.778693 -0.969727 -1 -0.228292 -0.644894 -1 -0.985253 -1 -1 -1 -0.661385 0.417214 -1 -0.794335 -1 -0.746454 -1 -0.890458 -0.423826 0.0844955 0.319909 1 -0.667442 -1 -1 0.217484 -0.776824 -0.496761 0.687964 -1 -1 -0.757161 -1 -0.489785 0.396028 -0.43181 -1 -1 -0.866645 0.294084 0.799157 -0.0641221 0.371352 -1 -1 0.38535 -1 -0.227797 0.618099 -1 -0.871304 1 -0.669692 -1 -0.769122 -0.795892 -0.453539 0.218494 -0.541377 
-1 -0.471814 -1 -1 -1 -1 -0.591582 -0.760446 -1 -1 -1 -0.237372 -1 -1 -0.729248 -0.040726 -0.164119 -0.163642 0.0755001 0.0408746 -0.815897 0.430845 -1 -1 -1 -1 -1 -1 -1 -0.112913 -1 -1 -1 0.478062 -1 -0.135172 -1 -0.631823 -1 -0.854024 -0.915502 -1 -0.100517 -0.846317 -1 -0.767771 0.772115 -1 -0.584413 -1 -0.282212 0.603108 -1 -0.962829 0.0929689 -1 0.149528 -0.668669 0.160799 -0.571445 -0.949827 -0.742944 -1 -0.773465 -0.242754 -1 -0.254671 -0.923024 0.872636 -0.89093 -1 0.704477 0.847393 -0.288172 -1 -0.1827 -1 -1 -0.781724 -1 -1 -0.843476 -0.79768 -0.437903 -0.732428 -1 -1 -1 -1 -0.661385 0.417214 -1 -0.752734 -1 -1 -1 -1 -0.333754 -0.346102 -0.34415 0.206803 -0.144317 -1 -1 -0.0759176 -1 -0.496761 0.687964 -1 -1 -0.757161 -1 -0.489785 0.396028 -0.0720588 -0.860841 -0.710105 -1 0.6526 0.799157 -0.362092 0.371352 -1 -1 0.354566 -1 -1 0.618099 -1 -0.539982 -0.356587 -0.669692 -0.866567 -0.681733 -1 -0.148724 0.218494 -1 
-0.690711 0.448373 -0.35202 0.0784802 -1 -1 -1 -0.788276 -0.864005 -1 -0.979528 -0.873567 -1 -1 -0.885816 -0.641115 -0.0738138 -0.618217 -0.0535988 -1 -1 0.900833 -1 -1 -1 -1 -1 -1 -0.72347 0.0144391 -1 -0.72876 -0.816924 -1 -0.918334 -0.613841 -0.795358 -0.888302 -0.567532 -1 -1 -1 -0.398797 -0.328644 -0.886711 0.0187011 0.857542 -1 -0.561303 -1 -0.586873 -0.305006 -0.966754 -0.831826 -0.749562 -0.874361 -0.219626 -1 -0.712862 -0.100072 -1 -0.810504 0.124881 -0.199208 0.0794739 -0.937986 -0.872847 -0.127565 0.896126 -0.187159 -1 -1 0.826407 -1 -1 -0.840735 -1 -1 -1 -0.591747 -1 -0.95264 -0.82185 -0.740614 -1 -0.377265 -0.908773 -1 -0.651235 -0.846501 0.532866 -1 -0.486466 -1 -1 -0.481052 -1 -0.287928 -1 -0.526195 -0.717788 -1 -0.627842 -0.749497 0.358094 -1 -0.330228 -1 -0.891587 -0.999318 -0.905607 -1 -0.683555 0.301818 -0.513609 -1 -1 -1 -0.13105 -0.171134 0.270434 0.283117 -1 -1 0.432368 -0.891742 -0.602206 0.0865582 -1 -0.742845 0.571397 0.179916 0.304081 -0.184891 -1 -1 -0.611262 -0.602977 
-1 0.385522 -1 -0.0479807 -1 -1 -0.773835 -1 -1 -1 -1 -0.846356 -1 -0.84611 -0.807182 -0.291729 -1 0.480983 0.0593283 0.0408746 -0.731829 0.565136 -1 -0.887345 -1 -1 -1 -0.811801 -1 0.0713263 -1 -0.93649 -1 0.565284 -0.0357695 0.274295 -1 -1 -1 -0.875028 -0.822832 -1 0.368811 -0.913179 -1 -0.23576 0.394922 -0.726447 -0.456423 -0.898497 -0.915549 0.685654 -1 -0.229815 -0.640409 -1 0.587857 -0.152649 0.160799 0.257861 -0.739575 -1 -0.131977 -1 -0.449799 -1 -0.613149 -0.564099 1 -1 -1 -0.161601 1 -1 -1 -0.885455 -0.844249 -1 -0.781724 -1 -1 -1 -0.168646 -0.437903 -1 -0.615285 -0.564851 -1 -1 -0.381377 0.417214 -1 -0.590969 -1 -0.923519 -1 -1 -1 -0.0190431 0.389017 0.772051 0.137356 -1 -0.993513 0.0901181 -1 -1 0.826042 -1 -1 -0.757161 -1 -0.675684 0.19587 -1 -1 -1 -1 -0.183373 0.550527 -0.809406 0.371352 -1 -0.923817 -0.239915 -1 -0.590505 0.618099 -1 -0.327573 1 -1 -1 -0.221501 -0.795892 -0.453539 0.500466 -0.592239 
-0.976922 -0.269383 -1 -1 -1 -1 -0.871531 -0.435252 -1 -0.625408 -0.552042 0.151934 -1 -0.653523 -0.807182 -0.71583 -0.762228 -0.00285965 0.0755001 -0.161095 -0.846526 0.46511 -1 -1 -1 -1 -1 -1 -1 -0.430498 -1 -1 -1 0.569521 -1 0.10129 -1 -0.809898 -0.946756 -0.935292 -1 -1 0.368811 -0.406006 -0.917595 -0.739352 0.772115 -0.726447 -0.979602 -0.73482 -1 0.466228 -1 -1 -0.739473 -1 0.149528 -0.788607 0.160799 0.257861 -1 -0.593529 -0.644288 -1 -0.449799 -1 -1 -0.564099 -0.323517 -0.8995 -0.791024 -0.781791 -0.400594 -0.214102 -1 -0.8394 -0.931591 -1 -1 -1 -0.935689 -1 -0.810974 -1 -1 -0.92625 -1 -1 -1 -1 0.187928 -1 -0.445267 -1 -1 -1 -1 -1 -0.638768 0.319909 0.432578 -1 -0.92119 -1 -1 -0.776824 -0.10793 0.164725 -1 -1 -1 -0.810801 -0.489785 0.396028 -0.43181 -1 -0.840462 -0.866645 0.278249 0.433902 -0.347125 0.371352 -1 -1 0.38535 -1 0.0481023 0.618099 -1 -0.901472 1 -0.282986 -1 -0.221501 -1 -0.675464 0.425415 -0.903882 
-0.776947 0.238525 -1 -1 -1 -1 -0.957008 -1 -1 -1 -1 0.283944 -1 -1 -0.461933 0.107755 -0.0892413 -0.554233 0.0755001 0.217019 -1 0.430845 -1 -0.699753 -1 -1 -1 -1 -1 -0.112913 -0.944717 -1 -1 0.72331 -1 -1 -1 -1 -1 -1 -1 -1 -0.388536 -1 -0.816979 -0.23576 0.428937 -0.726447 -1 -0.452554 -0.364716 1 -1 -0.94012 0.0929689 -0.944357 -0.876555 -1 -0.324821 0.131564 -1 -1 -1 -1 -1 -1 -1 -0.564099 0.768072 -1 -0.813303 0.84175 0.818071 -1 -1 -0.661667 -1 -0.918786 -1 -1 -0.837347 -1 -0.289043 -0.437903 -0.892418 -1 -1 -1 -1 -0.661385 0.443806 -1 -0.587412 -1 -0.746454 -1 -0.666438 -0.0760616 -0.503636 0.319909 0.772051 -0.0894713 -1 -1 -0.752459 -1 -0.496761 -1 -1 -1 -0.630129 -0.609175 -0.489785 0.396028 -0.43181 -1 -0.663633 -0.588615 0.0453428 0.429329 -1 0.371352 -1 -0.864548 0.38535 -1 -0.010088 0.500743 -1 -1 0.618079 -0.855071 -1 -0.13552 -1 -1 0.218494 -1 
-0.571572 0.238525 -1 -0.170809 -1 -1 -0.771415 -1 -1 -1 -1 0.183876 -1 -1 -0.807182 -0.720618 -0.662496 0.241211 0.146724 0.0408746 -0.671411 0.696133 -1 -0.814861 -1 -0.870875 -1 -1 -1 -0.824554 -1 -1 -1 0.296294 -0.748879 0.131991 -1 -1 -0.89891 -1 -0.935887 -1 0.0406101 -1 -1 -0.990723 1 -1 -0.40228 -0.917658 -1 0.365771 -0.876026 -0.528977 0.0929689 -1 0.149528 -0.152649 -1 0.419958 -1 -0.827942 -1 -0.971002 -1 -1 -0.613149 -0.564099 0.872636 -0.89093 -1 -0.104633 0.818071 -0.266754 -1 -0.329395 -0.522054 -1 -1 -1 -1 -0.701983 -0.228292 -1 -0.665266 -0.945404 -1 -1 -1 -0.661385 -0.20124 -1 -1 -1 -0.746454 -1 -0.890458 -0.596725 -1 0.319909 -0.105065 -0.0894713 -1 -1 -0.0759176 -1 -0.612839 1 -0.914815 -0.821378 -0.757161 -1 -1 0.445569 -0.43181 -0.706532 -1 -0.866645 -0.163658 0.799157 -0.664739 0.371352 -1 -1 -0.0512539 -1 -0.227797 0.565515 -1 -0.799644 1 -1 -1 -0.298336 -0.795892 -1 0.0643778 -0.555948 
-0.625723 0.322147 -0.848689 -0.849693 -1 -0.657445 -0.711229 -1 -1 -0.802968 -0.910802 -0.339905 -1 -0.98138 -1 -0.763015 0.0525963 -0.200189 -0.0977406 -0.692953 -1 0.216375 -0.999325 -0.841298 -1 -0.865001 -1 -1 -1 -0.682965 -1 -1 -1 0.297183 -0.556856 -1 -1 -0.76427 -1 -1 -0.915502 -1 -0.00594902 -1 -1 -1 0.5704 -0.726447 -1 -0.73482 -1 0.134396 -0.797642 -0.325314 -0.149217 -1 -0.201922 -1 0.0326204 -0.114292 -1 -1 -0.501158 -0.835137 -0.739195 -0.791577 -0.613149 -0.924837 -0.0804201 -0.891543 -1 0.704477 0.418677 -0.27906 -1 -0.842218 -0.916264 -0.869069 -1 -1 -1 -1 -0.228292 -0.240303 -1 -0.587463 -0.412538 -1 -1 -1 0.147279 -0.892022 -0.854 -1 -1 -1 -0.834724 -1 -0.298394 0.319909 0.572398 -0.487775 -1 -1 -0.0300473 -1 -1 -0.762275 -1 -1 -1 -1 -0.591039 0.396028 -1 -1 -1 -0.886928 -1 0.616514 -0.449961 0.213213 -1 -1 0.38535 -0.486793 -0.190555 0.759901 -1 0.0729952 0.0887621 -0.669692 -0.912805 -1 -0.795892 -1 -1 -1 
-1 -0.757862 -1 -0.895644 -0.127551 -0.791316 -0.73971 -0.768512 -1 -0.536442 -1 -1 -0.450562 -0.841645 -1 -0.124698 -0.958556 -1 0.527516 0.628298 -0.794516 -0.558311 -1 0.131083 -1 -1 -0.943116 -1 -1 0.0907229 -0.587889 -1 -1 0.974147 -0.68635 -1 -0.885538 -0.543104 -0.512983 -0.57305 -1 -1 -1 0.162202 -1 0.749766 0.720582 -1 -0.669001 0.539072 -0.441755 -1 -0.389166 -1 -1 -0.22347 0.445587 -0.982765 0.173566 -0.037122 -1 -0.379862 -0.75432 -1 -0.429567 -1 -0.509063 0.590846 0.380034 -0.634843 0.0410358 -0.993078 0.570831 -0.132115 -0.8531 -1 -0.58501 -1 -1 -1 -0.787446 -1 -0.584322 -0.48395 -1 -0.632854 -1 -0.389969 -1 -1 0.65686 -0.810292 -0.763955 -0.848331 -1 -0.297949 -0.260866 -0.755825 -0.489787 -1 -0.724217 -0.102875 -1 -1 -1 -0.876901 0.328381 1 -0.903945 -0.736785 -1 -1 -0.952822 0.355287 0.793095 0.0239545 -1 -1 -0.477317 -1 -1 0.240603 -0.93558 -0.98068 1 -0.318516 -1 -0.155341 -1 -1 -0.333043 0.105107 -1 -1 -1 1 -1 -1 
-0.346463 -0.493542 -0.435794 0.806091 -1 -0.317762 -1 -1 -0.234372 -0.399008 0.286855 1 -0.477386 -0.594577 -1 -0.868006 -0.193412 0.0794479 -0.793031 -0.305058 -0.891667 -0.125376 -0.257915 -0.1026 -1 -1 -0.296211 0.116507 0.427579 -0.890878 -1 -1 0.541337 -1 -0.574888 -1 0.120308 -1 0.18874 -0.938085 -1 0.465123 0.0969288 -1 -0.813403 -1 -0.767476 -1 1 0.194761 -0.926505 -1 0.702892 0.492311 0.544425 0.117087 -1 -1 -0.445581 1 -0.0417535 -0.433627 -1 -1 -0.272688 -1 -1 -0.194238 -0.772267 -0.180334 -1 -0.332083 -1 -1 -0.940403 -0.254427 -0.779203 -1 -1 -0.0914674 -0.304826 0.335423 -0.832902 -1 -0.768776 -1 -0.968576 0.440659 -1 -1 0.621384 -1 -0.414914 -0.349802 -1 0.0381689 -0.261524 -1 -0.129305 -0.380349 0.169457 -0.907012 -1 -0.672121 -0.0643849 -0.0655873 -0.140283 -0.224987 -0.341173 -0.99669 -0.904028 -0.718153 -1 -1 0.027226 -1 -0.995512 1 -0.179934 0.351487 -1 -0.826016 -1 -1 -1 -0.526848 -1 0.924151 -0.68908 0.318726 -1 -1 -0.104144 0.67564 -0.249611 0.498142 -1 -1 
-0.8949 0.238525 -1 -0.0851882 -1 -1 -1 -1 -1 -1 -1 -0.986447 -0.745526 -0.997386 -1 0.318424 -0.960227 -0.00285965 0.0755001 0.0408746 -0.731829 0.430845 -1 -1 -1 -1 -1 -1 -0.840248 -0.112913 -1 -0.93649 -1 0.72331 -0.259329 -1 -1 -1 -0.790123 -1 -0.915502 -1 0.683916 -1 -1 0.12786 -1 -0.726447 -1 -0.85501 -0.575821 0.685654 -1 -0.528977 0.0559625 -1 -0.894005 -1 0.160799 0.257861 -1 -0.593529 -0.909787 -0.98096 -0.449799 -1 -0.613149 -0.564099 0.872636 -0.89093 -1 -0.0322093 0.818071 -0.391179 -1 -0.329395 -0.990011 -1 -1 -0.802852 -0.791747 -1 -0.228292 -0.437903 -1 -0.945404 -0.558275 -1 -1 -1 0.647116 -1 -0.772822 -1 -0.399496 -1 -0.890458 -0.51395 -1 0.319909 0.466858 -0.401212 -1 -1 -1 -0.776824 -0.243839 0.687964 -1 -1 -1 -1 -0.768161 0.396028 -0.43181 -0.62173 -1 -1 0.294084 0.799157 -1 -0.0879489 -1 -1 0.38535 -1 -0.331252 0.618099 -1 -0.327573 1 -0.768894 -1 -0.829145 -0.795892 -1 0.276935 -0.541377 
-0.888138 -0.262647 -1 -0.228449 -0.825117 -1 -1 -1 -0.747437 -1 -1 -0.18141 -1 -1 -0.880626 -0.533681 -0.181514 0.189549 0.0469903 -0.995998 -1 -1 -1 -1 -1 -1 -1 -1 -1 -0.0871494 -1 -0.632613 -1 0.523748 -0.259329 0.10129 -1 -1 -1 -1 -0.673434 -0.683693 0.268936 -0.995662 -1 -0.0182222 0.272235 -0.726447 -1 -0.924699 -1 0.602467 -1 -0.839682 0.0350903 -1 0.149528 -0.731909 -0.228307 -0.193676 -0.924612 -0.82005 -0.131977 -1 -0.449799 -1 -0.613149 -0.919823 0.775919 -1 -1 0.688145 -0.207623 -0.391179 -1 -1 -1 -1 -1 -1 -0.963906 -1 -1 -0.437903 -1 -0.945404 -1 -0.970495 -1 -0.893618 0.503695 -1 -0.618891 -0.649197 -1 -1 -1 -0.195347 -1 -0.715436 0.772051 -0.935615 -1 -1 -0.263261 -0.598959 -0.85389 -0.35267 -0.663029 -0.917491 -1 -1 -1 0.396028 -1 -1 -1 -0.866645 0.294084 0.687639 -0.913138 0.371352 -1 -1 0.38535 -1 -0.912544 0.84319 -1 -0.327573 1 -0.669692 -1 -0.221501 -0.795892 -0.852671 0.218494 -0.973509 
-1 -0.625555 -1 -0.71779 -0.127551 -1 0.39632 -0.768512 -1 -0.60517 -0.946241 -0.416143 -0.450562 -1 -1 -0.124698 -0.840279 -1 0.392865 0.628298 -0.794516 -0.448971 -1 0.131083 -1 -1 -0.943116 -1 -0.820077 0.0907229 -0.0664536 -1 -1 1 -0.362645 -1 -0.278276 -0.543104 -0.658728 -0.57305 -1 -1 -1 0.162202 -1 0.555464 0.720582 -1 -0.669001 0.535496 -0.441755 -0.249634 -0.640474 -0.226504 -1 -0.702842 0.445587 -1 0.173566 0.293743 -1 -1 -0.889804 -1 -0.429567 -1 -0.509063 0.590846 0.413047 -0.580559 0.468064 -0.993078 0.697923 -0.132115 -1 -1 -0.997971 -0.826336 -1 -0.133014 -0.787446 -1 -0.429531 -0.48395 -1 -1 -1 -0.72135 -0.973229 -1 0.65686 -1 -0.763955 -0.848331 -1 -0.297949 -1 -0.888304 -0.548953 -0.970622 -1 -0.151596 -1 -1 -0.284777 -0.876901 0.0978119 0.857979 -1 -0.736785 -1 -1 -1 0.355287 0.429653 -0.145432 -0.277754 -1 0.190821 -0.938956 -1 0.240603 -0.93558 -0.743892 0.727393 -0.318516 -1 -0.155341 -1 -1 -0.949136 0.17002 -1 -1 -1 1 -1 -1 
0.304745 0.500735 -0.266569 -0.663323 0.0137228 0.768307 -0.0371946 0.359405 0.049162 0.69005 0.587273 -0.218548 -0.815712 -0.4008 -0.759791 -0.777619 0.789102 0.0932899 0.70206 -0.352136 0.852194 0.541622 0.972824 0.256929 0.907613 -0.265617 -0.105457 0.189825 -0.0857437 0.21323 0.541412 0.0539744 0.405508 -0.635933 0.768923 -0.258044 0.0332272 -0.644053 0.434275 -0.407179 0.0318891 -0.0619608 -0.547627 -0.213134 -0.995724 0.143893 -0.90822 0.394728 -0.369137 -0.198268 -0.990115 -0.446039 0.788399 -0.240359 0.828213 0.304005 -0.406603 0.174649 0.704936 -0.0284719 -0.89246 0.0828184 0.35779 0.837889 0.597446 0.250871 0.394577 0.336835 -0.590205 -0.668108 0.114634 -0.794042 -0.464181 0.111998 0.0521457 -0.380114 0.600571 -0.238667 0.722452 0.234677 -0.428397 -0.223451 -0.0595019 0.810501 -0.127503 -0.831024 0.907727 -0.69634 0.730341 -0.912846 0.288784 -0.0393379 0.944267 0.617292 -0.555655 0.0243875 -0.316288 0.482663 0.360399 -0.261561 0.371595 0.0468289 0.730782 -0.120614 0.573142 -0.312665 0.235703 -0.975042 -0.337165 -0.463756 -0.983276 -0.540724 -0.621201 -0.305021 0.339315 -0.348392 0.761863 -0.407006 0.232564 -0.159861 0.988684 0.24724 0.273652 0.446762 -0.359154 -0.0168158 0.0242983 -0.609352 -0.687648 0.359813 0.529832 0.79528 -0.342126 -0.699849 -0.439814 -0.300343 -0.427969 0.822128 
-0.878729 0.109466 -1 -0.0851882 -1 -1 -0.591582 -0.973877 -1 -1 -1 -0.308159 -1 -1 -1 -0.42288 -0.913256 -0.949051 -0.158966 0.0795149 -1 0.430845 -1 -1 -0.993495 -1 -1 -1 -1 -0.112913 -1 -1 -1 0.72331 -0.29047 -0.0693212 -1 -1 -1 -1 -1 -0.858546 0.368811 -1 -0.939394 -0.763569 0.772115 -1 -0.584413 -1 -0.156176 0.0846977 -1 -0.528977 -0.671312 -1 -1 -1 -0.351044 -0.752421 -0.731538 -0.642346 0.18048 -0.971002 -0.489879 -0.753996 -0.977731 -0.572754 -0.0484242 -0.89093 -1 0.551284 0.189602 -0.519743 -1 -0.938728 -1 -1 -0.982099 -1 -0.916738 -1 -0.773571 -1 -1 -0.945404 -0.994124 -0.823173 -1 -0.661385 0.417214 -1 -0.742965 -1 -0.746454 -1 -0.890458 -0.0760616 -0.319318 -1 0.634723 -0.0894713 -1 -1 -0.701358 -1 -0.496761 0.426632 -0.875702 -1 -0.26007 -1 -0.489785 0.50488 -1 -1 -0.807077 -0.904401 -0.218268 0.799157 -1 0.502788 -1 -1 0.38535 -1 0.0939656 0.618099 -1 -0.327573 0.970309 -1 -1 -0.221501 -0.795892 -0.453539 -1 -1 
-1 -1 -1 -1 -0.127551 -1 -0.708159 -1 -1 -0.536442 -1 -1 -1 -1 -1 -0.124698 -0.958556 -0.878932 0.0785768 0.628298 -0.794516 -0.318177 -1 0.20177 -1 -0.887405 -1 -1 -0.954369 0.318678 -0.433365 -1 -0.861357 0.974147 -1 -1 -0.394383 -1 -0.482837 -0.57305 -0.727263 -1 -1 -0.228771 -1 0.427659 -0.580509 -1 -0.669001 0.539072 -0.441755 -0.249634 -0.874321 0.0340498 -1 -0.597891 0.551215 -1 0.637046 -0.412479 -1 -1 -1 -0.815781 -0.189676 -1 -0.123548 0.394086 0.655722 -0.758704 0.0125379 -1 -0.0157352 -0.514682 -0.973077 -1 -1 -1 -0.801619 -0.133014 -1 -1 -0.818023 -1 -1 -0.770768 -1 -0.768312 -0.851206 -1 0.65686 -1 -1 -1 -1 -0.297949 -0.260866 -1 -0.548953 -0.914887 -1 -0.51891 -1 -0.781168 -0.902801 -1 -0.266887 1 -0.9977 -1 -1 -0.857805 -0.923088 0.424626 0.677203 0.232873 -1 -0.939392 0.107822 -1 -0.613025 0.485541 -0.93558 -0.743892 0.153123 -0.387593 -1 -0.549138 -0.666586 -0.916786 -0.383429 0.0651446 -1 -1 -1 0.182348 -1 -0.971352 
-1 0.238525 -1 -0.0851882 -1 -1 -0.773835 -1 -0.805491 -1 -1 -0.488994 -1 -0.84611 -0.807182 -0.040726 -0.388789 -0.00285965 0.0755001 0.0408746 -0.617054 0.565136 -1 -0.887345 -1 -1 -1 -0.811801 -1 -0.0698173 -1 -0.93649 -1 0.565284 -0.0357695 0.282018 -0.950169 -1 -1 -1 -0.822832 -1 0.368811 -1 -0.836762 -0.159252 0.277842 -0.726447 -0.584413 -1 -0.574834 0.685654 -1 -0.229815 -0.578935 -1 0.351021 -0.351797 0.313447 -0.0966903 -0.844741 -1 -0.885517 -1 -0.449799 -0.864484 -0.516237 -0.936491 1 -0.997448 -0.961352 -0.369344 0.58203 -0.427816 -1 -0.756515 -1 -1 -0.781724 -1 -1 -1 -0.168646 -0.437903 -1 -1 -0.564254 -1 -1 -0.643713 0.379325 -1 -0.590969 -1 -1 -1 -1 -0.792696 -0.477191 0.372891 0.772051 0.146332 -1 -1 0.0901181 -1 -0.998969 0.826042 -1 -1 -0.757161 -1 -0.675684 0.396028 -0.952557 -0.823019 -0.826336 -1 -0.71414 0.799157 -0.640658 -0.105095 -1 -1 -0.0487742 -1 -0.0286238 0.618099 -1 -0.327573 1 -1 -1 -0.221501 -0.795892 -0.453539 0.125798 -1 
-1 -0.177201 -1 -0.621588 -0.127551 -1 0.39632 -1 -1 -0.536442 -1 -0.416143 -0.450562 -0.841645 -1 -0.00887644 -0.864886 -1 0.392865 0.792971 -0.794516 -0.501338 -1 -0.25291 -1 -1 -0.680949 -0.950776 -0.620823 -0.187252 -0.424168 -1 -0.889189 0.914594 -0.362645 -1 -0.278276 -0.809103 -0.65512 -1 -1 -1 -1 0.235188 -1 0.513128 0.720582 -1 -0.669001 -0.215317 -0.991732 -0.0019972 -0.41167 0.0340498 -1 -0.22347 0.445587 -1 0.173566 -0.306741 -1 -0.620643 -0.75432 -1 -0.380571 -1 -0.980317 0.590846 0.380034 -1 0.468064 -0.755959 1 -0.132115 -0.817998 -1 -0.58501 -1 -1 -0.376619 -0.787446 -1 -0.584322 -0.48395 -1 -0.772063 -1 -0.389969 -1 -1 0.65686 -1 -0.763955 -1 -1 -0.297949 -0.526703 -0.38149 -0.548953 -1 -1 0.277666 -1 -1 -0.284777 -0.876901 0.0978119 1 -0.903945 -0.736785 -1 -1 -0.923088 0.355287 0.00213546 -0.145432 -0.966591 -1 0.124733 -1 -0.997041 0.240603 -0.93558 -1 0.727393 -0.318516 -1 -0.155341 -1 -1 -0.333043 -0.0144813 -1 -1 -1 0.60007 -1 -0.925363 
-0.328755 0.238525 -0.926758 0.0213964 -1 -0.657445 -0.591582 -1 -0.631147 -1 -1 -0.266561 -1 -1 -0.796545 -0.845116 -0.0262757 -0.200189 -0.163631 -0.501732 -1 0.430845 -0.999325 -1 -1 -1 -1 -1 -0.673782 -0.112913 -1 -1 -1 0.297183 -0.15426 -1 -1 -1 -1 -1 -1 -1 0.368811 -1 -0.986329 -0.23576 0.619342 -1 -1 -0.73482 -1 0.335712 -1 -0.528977 0.0929689 -0.569384 0.149528 -1 0.0326204 -0.831062 -1 -0.42623 -0.131977 -1 -1 -1 -1 -1 1 -1 -0.923715 0.704477 0.418677 -0.27906 -1 -0.329395 -0.990011 -1 -0.867998 -0.778693 -1 -1 -0.228292 -0.212895 -1 -0.587463 -0.924034 -1 -1 -1 0.147279 -0.971713 -0.351856 -0.924856 -1 -1 -1 -1 -0.298394 0.319909 0.674789 -0.828544 -1 -1 -1 -1 -1 -0.931814 -1 -1 -0.757161 -1 -0.817429 0.396028 -0.927836 -1 -1 -0.886928 0.0639597 0.616514 -1 0.149909 -1 -1 0.38535 -1 -0.433517 0.618099 -1 -0.0823439 0.4065 -1 -1 -0.221501 -1 -1 -0.809793 -0.749846 
-1 0.238525 -1 -1 -1 -1 -0.591582 -1 -1 -1 -1 0.183876 -0.79899 -0.984146 -0.807182 -0.415647 -0.164119 -0.163642 0.0755001 0.0149424 -1 0.430845 -1 -1 -1 -1 -1 -1 -1 -0.112913 -1 -0.93649 -1 0.565808 -0.634605 -0.135172 -1 -1 -1 -0.854024 -0.98523 -1 0.368811 -0.846317 -1 -0.064355 0.772115 -1 -0.584413 -1 -0.282212 0.685654 -1 -0.962829 0.0929689 -1 -0.430918 -0.668669 0.160799 -0.571445 -0.949827 -0.775232 -1 -0.773465 -0.409905 -1 -0.613149 -0.923024 0.872636 -0.89093 -1 0.704477 0.193407 -0.288172 -1 -0.329395 -1 -1 -0.781724 -1 -1 -0.843476 -0.590104 -0.437903 -0.732428 -0.945404 -0.869817 -1 -1 -0.919049 0.417214 -1 -0.752734 -1 -1 -1 -1 -0.333754 -0.346102 0.281964 0.206803 -0.0894713 -1 -0.79923 -0.385716 -1 -0.496761 0.687964 -1 -1 -0.757161 -1 -1 0.396028 -0.43181 -0.860841 -1 -1 0.372155 0.799157 -0.467902 0.371352 -1 -1 0.392172 -1 -1 0.618099 -1 -1 0.335636 -0.669692 -0.866567 -0.221501 -0.808667 -0.148724 0.218494 -1 
-0.888138 -0.262647 -1 -0.228449 -0.669477 -1 -1 -1 -0.747437 -1 -1 0.226914 -0.812296 -1 -1 -0.503925 -0.181514 -0.00285965 0.0469903 -1 -1 -1 -1 -1 -1 -1 -1 -1 -1 -0.0871494 -1 -0.982405 -1 0.523748 -0.259329 0.10129 -1 -0.94778 -1 -1 -0.673434 -0.683693 0.268936 -0.995662 -1 -0.0182222 0.772115 -0.769772 -1 -1 -1 0.685654 -1 -0.839682 0.257742 -1 0.149528 -1 -0.228307 0.257861 -0.924612 -0.467329 -0.131977 -1 -0.449799 -1 -0.758605 -0.564099 0.76247 -1 -0.795881 0.611493 -0.207623 -0.391179 -1 -1 -1 -1 -1 -1 -1 -1 -1 -0.437903 -1 -0.945404 -0.521491 -0.970495 -1 -1 0.503695 -1 -1 -1 -1 -1 -0.897535 -0.195347 -0.298394 -0.715436 0.772051 -0.0894713 -1 -1 -0.829181 -0.650399 -0.85389 -0.35267 -0.677782 -1 -1 -1 -1 0.396028 -1 -1 -1 -0.866645 0.294084 0.687639 -1 0.371993 -0.911547 -1 0.38535 -1 -0.578907 0.84319 -0.870902 -0.327573 1 -0.669692 -1 -0.221501 -0.795892 -0.852671 0.218494 -0.973509 
-0.675971 -0.148581 -1 -0.621588 -0.127551 -1 0.39632 -1 -1 -0.666628 -1 -0.416143 -0.703681 -1 -1 -0.124698 -1 -1 0.392865 0.0287097 -1 -0.291602 -1 -1 -1 -1 -0.943116 -1 -0.820077 -0.593061 -1 -1 -1 0.360126 -0.982365 -1 -0.789067 -1 -0.710379 -0.57305 -1 -1 -1 0.162202 -1 0.428784 0.583056 -0.616225 -0.542155 0.539072 -1 -0.549144 -1 -0.707001 -1 0.243947 0.336668 -1 0.451557 -0.132799 -1 -0.787165 -0.75432 -1 -1 -0.708205 -0.604395 0.784275 0.380034 -0.569881 0.468064 -1 1 -0.696008 -1 -1 -0.58501 -1 -0.798311 0.00635344 -0.787446 -1 -1 -1 -1 -1 -1 -0.389969 -1 -1 0.65686 -1 -0.74572 -0.768736 -1 -1 -0.170879 -0.786697 -0.745217 -0.93648 -1 0.277666 -1 -1 -1 -0.876901 -0.954325 1 -1 -1 -1 -1 -0.994361 0.0340969 0.429653 0.276215 -0.819177 -1 0.124733 -1 -1 0.397338 -0.93558 -0.642861 0.286752 -0.318516 -0.790331 -0.00541523 -1 -1 -0.874744 0.247588 -1 -1 -1 1 -1 -1 
-0.328755 0.238525 -1 -1 -1 -0.686921 -0.591582 -1 -0.440854 -1 -1 0.162558 -1 -1 -1 -0.92203 -0.263888 -0.200189 -0.366495 0.426952 -1 -0.1214 -0.999325 -0.838272 -1 -0.86281 -1 -1 -1 -0.00991985 -1 -0.955705 -1 0.297183 -0.0909448 -0.988057 -1 -1 -1 -1 -0.915502 -1 0.368811 -1 -1 -0.23576 0.5704 -1 -1 -0.73482 -1 0.685654 -1 -0.528977 0.0929689 -0.433861 0.149528 -0.78444 0.0326204 0.257861 -1 -0.593529 -0.131977 -0.971002 -0.720897 -1 -0.613149 -1 0.872636 -0.655932 -1 0.704477 -0.315254 -0.158672 -1 -0.329395 -1 -1 -0.89959 -0.778693 -1 -1 -0.228292 -0.266263 -1 -1 -0.521491 -1 -1 -1 0.147279 -1 -0.351856 -1 -1 -1 -0.890458 -1 -0.298394 0.113946 0.572398 -0.0894713 -1 -1 -0.0300473 -1 -0.699353 -0.613928 -1 -1 -0.757161 -1 -0.489785 0.587797 -1 -1 -1 -0.886928 0.188147 -0.334768 -1 0.651349 -1 -0.948105 0.38535 -0.852168 -0.227797 0.810122 -1 0.321661 0.4065 -0.669692 -1 0.177147 -1 -1 -0.496159 -0.755245 
-0.249114 -0.180966 -0.69153 -0.455966 -1 -1 -1 -1 -0.838319 -1 -1 -0.462215 -1 -1 -0.891679 -0.277432 -0.716388 -0.488236 0.0755001 -0.472659 -0.994874 -0.289949 -1 -0.884034 -1 -1 -0.681733 -1 -1 -0.6613 -0.804799 -0.962439 -1 0.203183 -0.259329 0.10129 -1 -1 -0.946756 -1 -1 -1 0.331197 -1 -1 -0.23576 1 -0.9078 -0.460212 -1 -0.242838 -0.887886 -1 -0.699085 -0.679294 -0.902782 -1 -0.749346 -0.0842385 0.257861 -1 -0.593529 -0.131977 -1 -0.42055 -0.871326 -0.851296 -0.973865 0.872636 -0.907904 -1 0.580533 -0.288597 -0.375855 -1 -0.140773 -1 -0.853045 -0.781724 -0.989855 -1 -1 -1 -0.437903 -1 -1 -0.830479 -1 -1 -0.661385 -0.789135 -1 -0.830767 -1 -1 -0.902878 -1 -0.0760616 -0.457797 0.216588 0.0691235 -0.0365306 -0.917514 -1 -0.629936 -0.776824 -0.700893 0.892212 -1 -0.787255 -0.667101 -1 -0.489785 0.61896 -0.377169 -1 -1 -1 0.451929 0.214187 -0.347125 0.371352 -0.866453 -1 0.637886 -1 -0.229769 0.620838 -1 -0.709976 1 -0.669692 -0.943344 0.158892 -1 -0.12641 0.218494 -0.881516 
-0.26029 0.238525 -1 -0.0478959 -1 -1 -0.591582 -1 -0.747437 -1 -1 0.183876 -1 -0.837406 -1 -0.040726 -0.164119 -0.42253 0.0755001 0.0408746 -0.731829 0.430845 -1 -1 -1 -1 -1 -1 -1 -0.112913 -1 -0.93649 -1 0.611066 -0.935428 -0.132701 -1 -0.88499 -0.946756 -1 -1 -1 0.368811 -1 -1 -0.228449 0.772115 -0.726447 -0.584413 -0.73482 -0.364716 0.685654 -0.999834 -0.720236 0.0929689 -1 0.149528 -0.152649 0.160799 0.257861 -1 -0.593529 -0.131977 -0.971002 -0.449799 -1 -0.613149 -0.53048 0.872636 -0.89093 -1 0.704477 0.818071 -0.391179 -1 -0.329395 -0.990011 -1 -0.781724 -1 -1 -1 -0.228292 -0.437903 -1 -0.945404 -0.521491 -0.950981 -0.80387 -0.661385 -0.00704101 -1 -0.590969 -1 -0.746454 -1 -0.890458 -0.572855 -0.298394 0.319909 0.772051 -0.0894713 -1 -1 -0.20351 -0.776824 -0.905867 0.398006 -1 -1 -0.734882 -0.947332 -0.489785 0.396028 -0.43181 -0.787425 -1 -0.866645 0.294084 0.799157 -0.656525 0.371352 -1 -1 0.38535 -1 -0.227797 0.483843 -1 -0.403281 1 -0.669692 -1 -0.221501 -0.795892 -0.317277 0.218494 -1 
-1 0.34827 -0.69153 -0.0851882 -1 -1 -1 -1 -1 -1 -1 -0.475636 -1 -1 -1 -0.040726 -0.217415 -1 0.188007 -1 -1 0.439533 -1 -1 -1 -1 -0.500872 -0.811832 -1 -0.112913 -1 -0.663767 -0.83785 -0.0953734 -0.259329 -0.775235 -1 -0.629332 -1 -1 -0.826907 -0.839207 -0.429912 -1 -1 -0.704865 1 -0.726447 -0.826004 -0.811693 -0.689099 -1 -0.982608 -0.887862 -0.858321 -0.487234 -0.374097 -0.0704815 -0.0842385 -0.298618 -0.696819 -1 0.0888065 -0.985934 -0.731609 -0.734782 -0.635641 -0.391425 0.400016 -0.89093 -1 -0.298896 -1 -0.391179 -1 -1 -1 -1 -1 -1 -1 -1 -1 -1 -1 -1 -0.836986 -0.852031 -0.935729 -1 -0.318602 -1 -0.519961 -1 -1 -1 -1 -0.0760616 -1 -0.212348 -0.60327 -0.194867 -1 -1 -0.797854 -0.776824 -0.496761 0.892212 -1 -1 -0.684836 -1 -1 -0.409194 -0.0755958 -1 -1 -1 -0.475637 0.555082 -0.347125 0.371352 -0.754412 -0.742792 0.724018 -1 -0.235968 0.730687 -1 -1 1 -1 -1 -0.814993 -0.933723 -1 -1 -0.583037 
-1 -0.122433 -1 -0.544653 -0.98567 -0.89011 -0.591582 -0.86497 -1 -1 -1 -0.194579 -1 -1 -0.807182 -0.040726 -1 0.245577 -0.735894 -1 -1 -0.141356 -1 -1 -1 -0.643379 -1 -0.910745 -0.791001 -1 -1 -1 -1 0.150165 -1 -0.168855 -1 -1 -1 -0.797367 -1 -1 0.368811 -1 -1 -0.85514 0.181665 -1 -1 -0.889181 -0.549077 -0.977254 -0.865767 -1 -1 -0.759212 -1 -0.152649 0.534981 -0.604638 -1 -0.593529 -0.131977 -1 -1 -1 -0.178575 -0.564099 0.50519 -1 -1 -0.0298966 0.284089 -1 -1 -0.308798 -1 -1 -0.526946 -1 -0.920193 -1 -1 -0.917292 -0.781218 -0.945404 -1 -1 -1 -0.661385 -0.101311 -1 -0.498453 -1 -1 -1 -1 -0.690848 -0.298394 -0.508016 -0.0872944 0.115348 -0.755318 -1 -1 -0.950397 -0.496761 -0.10384 -1 -1 -0.757161 -1 -0.489785 0.161843 -0.931767 -1 -1 -0.866645 -0.434752 1 -0.347125 0.383382 -1 -1 -1 -0.775135 -1 0.618099 -1 -0.56995 0.632327 -0.450007 -0.86232 -1 -1 -0.453539 0.254709 -1 
-0.440456 0.521678 -1 -0.0911417 -1 -1 -0.591582 -0.777669 -1 -1 -0.586206 -0.441816 -1 -1 -0.807182 -1 -1 -0.00285965 -0.616225 0.0408746 -0.376787 -0.041452 -1 -1 -1 -1 -1 -1 -1 -0.112913 -1 -0.93649 -1 0.000638247 -1 0.10129 -1 -1 -0.946756 -1 -0.915502 -1 -0.22226 -1 -1 -0.23576 0.221541 -1 -1 -0.73482 -1 0.685654 -1 -0.893306 0.0929689 -1 -0.844481 -0.702842 0.194266 0.29412 -1 -0.593529 -0.406109 -1 -0.449799 -1 -0.613149 -0.564099 0.872636 -0.89093 -1 -0.267231 0.108457 -0.825487 -1 -0.8394 -0.866588 -1 -0.781724 -0.778693 -0.937255 -1 -0.228292 -0.588877 -0.977518 -0.840923 -1 -1 -1 -1 0.187928 -1 -1 -0.604449 -0.746454 -1 -1 -0.558231 -0.638768 0.476178 0.375429 -0.735784 -1 -1 -0.462758 -1 -0.496761 0.687964 -1 -1 -0.757161 -0.810801 -1 0.396028 -0.43181 -0.943554 -1 -1 0.294084 0.877734 -1 0.371352 -1 -1 -0.269784 -1 -0.227797 0.666736 -1 -0.901472 1 -1 -1 -0.972966 -1 -0.90758 0.218494 -1 
0.793917 -0.279993 0.0341867 0.892122 0.0532348 0.213696 -0.417047 -0.596139 -0.0151788 -0.15392 -0.579576 -0.574816 0.747204 0.69065 -0.635212 0.406854 0.915834 0.787761 0.918722 -0.817827 -0.390227 -0.268162 -0.751685 -0.91576 0.558961 0.683409 0.644851 -0.167336 -0.862723 -0.417217 0.0607119 -0.437969 -0.511464 0.852494 -0.450686 0.878647 0.0997999 0.0477319 0.269886 0.052709 -0.254221 -0.632141 -0.493499 -0.753453 0.828543 0.72925 -0.299472 -0.118268 0.848295 0.234254 0.956691 -0.938609 -0.919457 -0.385772 -0.872269 0.795802 0.544145 0.662865 -0.262541 0.971932 0.843215 -0.553538 -0.0720477 1 0.938247 -0.256669 0.250038 -0.848943 -0.851126 0.308061 -0.803586 0.618984 -0.792261 -0.943898 0.189785 -0.591417 0.908492 -1 -0.105534 0.563956 0.620326 1 -0.765885 -1 0.260014 0.331051 -0.172611 -0.435331 0.0749093 -0.439533 -0.722956 0.354507 -0.691523 0.783113 -0.102346 -0.91555 0.221282 0.887912 0.131111 0.595761 -0.0812622 -0.487215 -0.497379 0.107575 -0.165789 0.756316 -0.0640968 0.824518 -1 0.813276 0.612671 -1 0.573007 0.975158 -0.101052 0.43351 -0.952394 -0.151904 -0.923082 -0.998715 -0.274132 -0.175494 -0.59157 -0.595936 -0.585102 0.290869 0.959041 0.515798 -0.840153 -0.305106 -0.0565334 0.023343 0.156539 0.157266 -0.186351 0.603708 -0.379444 -0.994681 
-1 -1 -1 -0.621588 -0.127551 -1 0.39632 -0.771652 -1 -0.536442 -1 -0.416143 -0.450562 -0.841645 -1 -0.615795 -0.958556 -1 0.401078 0.628298 -1 -0.558311 -1 0.274816 -1 -1 -0.943116 -1 -0.820077 0.0907229 -0.218154 -1 -1 0.63465 -0.362645 -1 -0.278276 -0.543104 -0.658728 -0.57305 -1 -1 -1 0.162202 -1 0.427659 0.720582 -1 -0.669001 0.47169 -0.441755 -0.795396 -0.640474 -0.89472 -1 -0.22347 0.293739 -1 0.173566 0.293743 -0.979674 -0.761231 -0.75432 -1 -1 -1 -0.509063 0.590846 0.368534 -0.343739 0.468064 -0.639214 1 -0.132115 -0.817998 -1 -0.58501 -1 -1 -1 -0.766204 -1 -0.584322 -0.48395 -1 -0.632854 -1 -0.389969 -1 -1 0.65686 -1 -0.763955 -1 -1 -0.297949 -0.260866 -0.795217 -0.213506 -1 -0.689897 0.277666 -1 -0.90394 -0.284777 -0.876901 -0.165071 1 -0.903945 -0.736785 -1 -1 -1 0.355287 0.357639 -0.145432 -1 -1 0.124733 -1 -1 -0.328841 -0.93558 -0.743892 0.727393 -0.318516 -1 -0.155341 -1 -1 -0.333043 -0.451113 -1 -1 -1 1 -1 -1 
-1 -0.684215 -1 0.0259349 -1 -0.718533 -0.295977 -0.957047 -0.747437 -1 -1 -0.625652 -1 -0.796122 -1 -0.040726 -0.659375 -0.00285965 0.0527186 -0.334009 -1 -0.251519 -1 -1 -1 -1 -1 -1 -1 -1 -1 -0.312943 -1 0.919201 -0.0945049 -0.357696 -1 -1 -1 -1 -0.679201 -1 0.368811 -1 -1 -1 -0.411344 -1 -0.839047 -1 -0.837044 -0.404886 -1 -1 0.0929689 -1 -0.781773 -0.810896 -0.582936 0.729761 -1 -0.779688 -0.0629279 -1 -1 -1 -1 -0.564099 0.0693388 -1 -1 -0.00866717 0.937003 -1 -1 -0.0686432 -0.990011 -1 -1 -0.736151 -1 -1 -0.893411 -0.437903 -1 -0.945404 -1 -0.93737 -1 -0.716716 -0.868696 -1 -0.738029 -1 -1 -1 -1 -0.734796 -0.797446 0.307573 -0.387582 -1 -1 -1 -0.730557 -0.776824 -0.543563 0.215458 -0.821338 -0.942551 -1 -1 -0.491195 0.396028 -1 -1 -1 -1 0.274896 0.484984 -1 0.332431 -1 -0.404884 -0.986624 -0.971176 -1 0.618099 -1 -1 1 -0.758961 -0.602263 -0.936774 -0.795892 -1 -0.477151 -1 
-0.328755 -0.0114061 -1 -0.0851882 -1 -0.657445 -0.591582 -1 -0.631147 -1 -1 0.162558 -1 -1 -0.93808 -1 -0.0262757 -0.200189 -0.163631 0.426952 -1 0.430845 -0.999325 -0.838272 -1 -1 -1 -1 -1 -0.112913 -1 -0.93649 -1 0.339976 -0.236856 -0.988057 -1 -1 -1 -1 -0.915502 -1 0.368811 -1 -1 -0.23576 0.5704 -0.726447 -1 -0.940137 -1 0.685654 -1 -0.679457 0.0929689 -1 0.149528 -0.78444 0.0326204 0.257861 -1 -0.593529 -0.131977 -0.971002 -0.54481 -1 -0.613149 -1 0.872636 -0.89093 -1 0.677452 0.418677 -0.515857 -1 -0.329395 -0.990011 -1 -1 -0.778693 -0.791747 -1 -0.228292 -0.240303 -1 -0.587463 -1 -1 -1 -1 -0.200464 -0.971115 -0.351856 -1 -1 -1 -0.890458 -1 -0.900769 0.319909 0.572398 -0.437068 -1 -1 -0.0300473 -1 -0.549879 0.273098 -1 -0.676169 -0.757161 -1 -0.489785 0.396028 -1 -1 -1 -0.886928 0.188147 0.616514 -0.449961 0.651349 -1 -1 -0.128306 -0.852168 -0.227797 0.618099 -1 0.321661 0.4065 -1 -1 -0.221501 -1 -1 -0.496159 -0.541377 
-0.328755 0.238525 -1 -0.0851882 -1 -0.657445 -0.591582 -1 -0.631147 -1 -1 -0.0361318 -1 -1 -1 -1 -0.0262757 -0.200189 -0.163631 0.0487925 -1 0.430845 -0.999325 -1 -1 -1 -0.808884 -1 -1 -0.112913 -1 -0.93649 -1 0.297183 -0.134978 -0.988057 -1 -1 -1 -1 -0.915502 -1 0.368811 -1 -1 -0.23576 0.5704 -0.726447 -1 -0.73482 -1 0.685654 -1 -0.504891 0.0929689 -0.633735 0.149528 -0.63038 0.0326204 0.257861 -1 -0.593529 -0.131977 -0.971002 -0.720897 -1 -0.613149 -1 0.872636 -1 -1 0.704477 0.418677 -0.517044 -1 -0.329395 -0.990011 -1 -1 -0.778693 -0.791747 -1 -0.228292 -0.240303 -1 -0.587463 -0.521491 -1 -1 -0.95367 0.147279 -1 -0.351856 -0.987755 -1 -1 -0.890458 -1 -0.298394 0.319909 0.267897 -0.0894713 -0.826941 -1 -0.0300473 -1 -0.496761 0.273098 -1 -0.676169 -0.757161 -1 -0.992233 0.396028 -0.845549 -1 -1 -0.886928 -0.359392 0.616514 -0.449961 0.282917 -1 -1 0.38535 -0.852168 -0.227797 0.618099 -1 0.321661 0.4065 -0.669692 -0.957738 -0.221501 -0.795892 -1 -0.496159 -0.541377 
-0.440456 0.238525 -1 -0.0851882 -1 -1 -0.591582 -1 -0.747437 -1 -1 0.183876 -1 -1 -0.807182 -0.040726 -0.164119 -0.00285965 0.0755001 0.0408746 -0.731829 0.430845 -1 -1 -1 -1 -1 -1 -1 -0.112913 -1 -0.93649 -1 0.72331 -0.259329 0.10129 -1 -1 -0.946756 -1 -0.915502 -1 0.368811 -1 -1 -0.23576 0.772115 -0.726447 -0.584413 -0.73482 -0.364716 0.685654 -1 -0.528977 0.0929689 -1 0.149528 -0.152649 0.160799 0.257861 -1 -0.593529 -0.131977 -0.971002 -0.449799 -1 -0.613149 -0.564099 0.872636 -0.89093 -1 0.704477 0.818071 -0.391179 -1 -0.329395 -0.990011 -1 -0.781724 -0.778693 -0.791747 -1 -0.228292 -0.437903 -1 -0.945404 -0.521491 -1 -1 -0.661385 0.417214 -1 -0.590969 -1 -0.746454 -1 -0.890458 -0.0760616 -0.298394 0.319909 0.772051 -0.0894713 -1 -1 -0.0759176 -0.776824 -0.496761 0.687964 -1 -1 -0.757161 -1 -0.489785 0.396028 -0.43181 -1 -1 -0.866645 0.294084 0.799157 -0.347125 0.371352 -1 -1 0.38535 -1 -0.227797 0.618099 -1 -0.327573 1 -0.669692 -1 -0.221501 -0.795892 -0.453539 0.218494 -0.541377 
-1 -0.148581 -1 -0.621588 -0.127551 -1 0.39632 -0.768512 -1 -0.536442 -1 -0.416143 -0.450562 -0.841645 -1 -0.124698 -0.958556 -1 0.392865 0.628298 -0.794516 -0.558311 -1 0.131083 -1 -1 -0.943116 -1 -0.820077 0.0907229 -0.0664536 -1 -1 0.974147 -0.362645 -1 -0.278276 -0.543104 -0.658728 -0.57305 -1 -1 -1 0.162202 -1 0.427659 0.720582 -1 -0.669001 0.539072 -0.441755 -0.249634 -0.640474 0.0340498 -1 -0.22347 0.445587 -1 0.173566 0.293743 -1 -0.761231 -0.75432 -1 -0.429567 -1 -0.509063 0.590846 0.380034 -0.580559 0.468064 -0.993078 1 -0.132115 -0.817998 -1 -0.58501 -1 -1 -0.133014 -0.787446 -1 -0.584322 -0.48395 -1 -0.632854 -1 -0.389969 -1 -1 0.65686 -1 -0.763955 -0.848331 -1 -0.297949 -0.260866 -0.38149 -0.548953 -1 -0.724217 0.277666 -1 -1 -0.284777 -0.876901 0.0978119 1 -0.903945 -0.736785 -1 -1 -0.923088 0.355287 0.429653 -0.145432 -0.389023 -1 0.124733 -1 -0.997041 0.240603 -0.93558 -0.743892 0.727393 -0.318516 -1 -0.155341 -1 -1 -0.333043 0.105107 -1 -1 -1 1 -1 -1 
-0.91942 -0.733366 -1 -1 0.176843 -1 0.39632 -1 -1 -1 -1 -0.492277 -0.450562 -0.841645 -1 -0.124698 -1 -1 0.862614 0.934578 -0.79317 -1 -1 -0.227981 -1 -1 -1 -0.661983 -1 0.0907229 -1 -0.845118 -1 0.974147 -0.904563 -1 -0.278276 -1 -0.658728 -0.956621 -1 -1 -1 0.130924 -1 -0.0079051 0.720582 -1 -0.65358 0.539072 -0.577039 -0.605973 -1 -0.781514 -1 -1 -0.546767 -0.315142 -0.901535 0.221372 -1 -0.761231 -1 -1 -0.429567 -0.908842 -0.696146 0.207346 0.0597441 -1 -0.392676 -0.82883 0.413163 -1 -1 -1 -1 -1 -0.815516 -0.619443 -0.662673 -1 -0.584322 -0.943279 -1 -1 -1 -1 -1 -1 -1 -1 -0.763955 -0.848331 -0.856924 -0.867653 -1 -1 -0.441203 -1 -0.724217 -0.702365 -0.712648 -1 -0.284777 -0.91499 0.0978119 0.748248 -0.596112 -1 -1 -1 -1 -0.0804079 -0.0814383 -0.145432 -0.71387 -0.793091 0.308591 -1 -0.779367 0.240603 -1 -1 1 0.0259252 -1 0.162224 -1 -1 -0.333043 0.308309 -1 -1 -0.867989 0.697787 -1 -0.882061 
-1 -0.153147 -0.808498 -1 -1 -1 -0.591582 -1 -0.747437 -1 -1 0.329456 -0.762915 -1 -0.807182 -0.040726 -1 0.245577 -0.766515 -1 -1 -0.186908 -1 -1 -0.995298 -0.643379 -0.938825 -1 -0.791001 -0.64874 -1 -1 -1 0.72331 -0.761251 -0.227499 -1 -1 -1 -0.797367 -1 -1 0.368811 -1 -1 -0.85514 -0.325868 -1 -1 -0.73482 -0.549077 -0.977254 -1 -1 -0.995028 -0.724784 -1 -0.152649 0.692263 -0.25459 -1 -0.593529 -0.131977 -1 -1 -0.859629 -0.401101 -0.726729 0.872636 -1 -1 0.239687 0.451786 -1 -0.787196 -0.476746 -1 -1 -0.658998 -1 -1 -1 -0.228292 -1 -1 -0.945404 -1 -1 -1 -0.883231 0.668966 -1 -0.94884 -1 -1 -1 -1 -0.0760616 -0.300654 -0.508016 0.625207 0.2914 -1 -1 -0.973432 -1 -0.480822 -0.297378 -1 -1 -0.757161 -1 -0.301646 0.554616 -0.997824 -1 -0.850953 -0.866645 0.434287 1 -0.347125 0.284309 -1 -1 0.38535 -0.716307 -1 0.618099 -0.89925 -0.56995 0.564641 -0.669692 -0.705218 -0.221501 -0.795892 -0.46898 0.187371 -1 
-1 -1 -1 -1 -0.127551 -1 -0.708159 -1 -1 -0.536442 -1 -0.712087 -1 -0.841645 -1 -0.124698 -0.958556 -1 0.431997 0.628298 -0.794516 -0.318177 -1 0.20177 -1 -0.887405 -1 -1 -0.954369 0.318678 -0.433365 -1 -1 0.974147 -1 -1 -0.394383 -1 -0.482837 -0.57305 -1 -1 -1 -0.228771 -1 0.427659 -0.580509 -0.79181 -0.760798 0.539072 -0.441755 -0.249634 -0.890241 0.0340498 -1 -0.597891 0.551215 -1 0.447257 -0.412479 -1 -1 -1 -1 -0.189676 -1 -0.123548 0.394086 0.655722 -0.758704 0.0125379 -1 -0.0157352 -0.514682 -0.973077 -1 -1 -1 -0.801619 -0.133014 -1 -0.842253 -1 -1 -1 -0.770768 -0.918461 -0.768312 -0.851206 -1 0.65686 -1 -1 -1 -0.890671 -0.297949 -0.260866 -1 -0.548953 -0.914887 -1 -0.51891 -1 -0.781168 -0.902801 -0.876901 -0.266887 1 -0.9977 -1 -1 -0.857805 -0.923088 0.424626 0.677203 0.232873 -1 -0.939392 0.107822 -1 -0.613025 0.485541 -0.93558 -0.711181 0.153123 -0.387593 -1 -0.155341 -0.666586 -0.916786 -0.383429 0.105107 -1 -1 -1 0.182348 -1 -1 
-0.202672 -0.246977 -1 -0.808276 -1 -1 -1 -0.777669 -1 -0.832059 -1 -0.952622 -1 -1 -0.807182 -1 -0.191281 -0.49256 0.0755001 0.0286101 -1 0.109908 -1 -0.794428 -1 -1 -1 -1 -1 -0.112913 -1 -0.93649 -1 0.72331 -0.728776 -0.113606 -1 -1 -0.946756 -1 -1 -1 0.368811 -1 -1 -0.0795144 0.715374 -1 -1 -1 -1 0.685654 -1 -0.780228 0.0929689 -1 -0.568366 -0.650569 0.374114 0.257861 -1 -0.593529 -0.511917 -0.832057 -0.449799 -0.666283 -0.850363 -1 -1 -1 -0.987325 -1 0.108457 -0.391179 -1 -0.717403 -1 -1 -0.63458 -0.838996 -1 -1 -0.228292 -0.437903 -0.432422 -1 -1 -1 -1 -1 0.187928 -1 -0.389317 -1 -0.746454 -1 -0.654983 -0.558231 -0.638768 0.082652 0.867466 -0.408949 -0.975393 -1 -0.293609 -0.776824 -0.496761 0.147988 -1 -1 -1 -0.810801 -1 0.0733797 -0.636768 -1 -1 -0.866645 0.609086 0.551423 -0.940857 0.371352 -1 -1 0.38535 -1 -0.227797 0.747423 -1 -0.901472 1 -0.669692 -1 -0.221501 -1 -0.295655 0.425415 -0.541377 
-1 -0.148581 -1 -0.89105 -0.127551 -1 0.39632 -1 -1 -0.993775 -1 -0.806922 -0.450562 -0.841645 -1 -0.124698 -1 -1 0.392865 0.0125731 -1 -0.907263 -0.676675 0.131083 -1 -1 -1 -1 -0.820077 -0.0407567 -0.820245 -1 -1 0.974147 -0.362645 -1 -0.278276 -0.543104 -0.658728 -0.606641 -0.870355 -0.928916 -1 0.162202 -0.768919 -0.168508 0.336455 -1 -1 0.345627 -1 -0.771686 -1 -0.707001 -1 0.141737 -0.210403 -1 0.173566 -0.0452004 -1 -1 -0.75432 -1 -1 -1 -1 0.704671 0.380034 -0.580559 0.468064 -0.993078 1 -0.132115 -0.817998 -1 -0.58501 -1 -1 -0.796332 -0.787446 -1 -0.886875 -0.23839 -1 -0.632854 -1 -0.389969 -1 -1 0.65686 -1 -0.763955 -1 -0.990324 -0.297949 -0.170879 -1 -0.745217 -1 -0.577499 0.277666 -1 -0.77755 -0.632403 -0.876901 0.0978119 0.724905 -1 -0.736785 -1 -1 -0.923088 0.355287 0.617666 0.276215 -1 -1 -0.354927 -1 -0.997041 0.240603 -0.93558 -0.743892 0.752928 -0.283289 -0.790331 -0.155341 -1 -1 -0.874744 0.247588 -1 -1 -0.644205 1 -1 -1 
