-1 0.676973 -0.127016 -0.232748 0.218214 -0.974063 0.495397 0.10731 -0.707532 -0.873315 0.938123 0.587781 0.0749856 0.0473019 -0.58193 -0.963755 -1 -0.56645 -1 -0.462198 -0.862218 -0.944585 -0.994865 -0.720538 -0.986546 0.997341 0.92304 -0.0105503 0.330911 -1 0.369833 -0.0177615 0.282957 0.885497 -0.459892 -1 0.586821 -0.109592 0.790006 0.678528 -0.0398632 0.960263 1 -0.698817 -0.419939 -0.148163 0.913844 -0.470435 -0.428922 -0.161057 -0.636786 -0.655163 0.591375 0.104119 0.941055 0.891988 -0.497191 -0.937229 0.107123 -0.978624 -0.740947 -0.145965 -0.627339 -0.309764 0.425828 0.997759 -1 -1 0.90064 -0.928613 -0.908982 0.226353 0.82925 0.907952 0.497007 -0.957494 -0.995605 -0.561864 -0.673114 -0.372004 -0.311954 -1 -0.460118 -1 -0.21816 0.45304 0.556175 -0.691379 0.880038 -0.141621 0.627223 0.799645 -0.373668 0.308969 -0.192986 -0.537362 0.695039 0.687635 -0.0343438 -0.458948 0.773786 0.549714 0.704616 -0.510021 0.0794789 0.195395 0.506381 -1 -0.504777 0.615716 -0.891377 0.0252826 0.693483 0.802305 0.645072 0.277971 -0.871675 -0.542636 -0.602065 0.691067 -0.309046 -1 -0.356442 -1 0.33001 -0.10099 -0.657078 -0.275947 -0.182198 -0.340621 -0.317022 0.172963 -0.777762 -0.085072 0.841393 -0.961558 -0.11103 -0.866689 
-1 -0.820033 0.086289 -0.692533 -1 -1 -1 -0.248016 -0.415016 -1 -1 0.324058 -0.171539 -0.0808805 -0.512676 -0.735317 -0.689561 -1 -1 -1 -0.206796 -1 -0.495541 -0.155689 -0.951484 -1 0.59308 0.128448 -1 0.222818 -0.811368 -1 -1 -1 -1 -0.258136 -0.689829 -1 -0.374074 -0.49408 0.109871 -0.610236 -0.676179 -0.432878 -0.183234 -0.074993 -0.095161 -1 -0.271798 -1 -0.737329 -1 -0.431809 -1 -1 0.982649 -1 -1 -1 -1 -1 -0.783104 -1 -1 -1 -0.937635 -1 -0.351857 -0.576412 -1 0.318488 -0.543402 -0.97165 0.928926 -1 -0.553827 -0.809026 -0.670939 -1 -1 -0.820239 -1 -0.0523067 -0.752148 -1 -0.851665 0.363359 -1 -1 -1 -0.747867 -1 -1 -1 -1 -0.89748 0.157464 -1 -0.8045 -1 -0.391384 -1 -0.761914 -1 -1 -0.526372 -0.897073 -0.503075 -1 -1 -0.88783 -1 0.392249 -0.776962 0.119859 -0.828755 -1 -0.652024 -1 0.421719 -0.856674 0.624297 -1 -1 -0.162778 0.0460214 -0.74001 0.705098 0.000169426 0.650675 -0.386049 -1 -1 -0.78282 -0.0498808 -1 -1 -1 
-0.799032 0.627324 -0.127016 -0.232748 0.285689 -0.974063 -0.0490555 0.10731 -0.707532 -0.873315 0.938123 0.587781 0.0749856 0.0473019 -1 -1 -1 -0.56645 -1 -0.462198 -0.862218 -0.944585 -0.994865 -1 -0.986546 0.997341 0.92304 -0.0105503 0.330911 -1 0.398945 -0.435423 0.282957 0.885497 -0.657098 -0.639911 0.586821 0.249029 0.790006 0.678528 -0.0398632 0.690217 1 -1 -0.419939 -0.148163 0.747323 -0.470435 -1 -0.161057 -0.636786 -1 0.263526 0.104119 0.941055 0.267307 -0.497191 -0.937229 0.107123 -0.978624 -0.740947 0.354326 -0.627339 -0.309764 0.787435 0.997759 -0.811843 -1 -0.164617 -1 -0.908982 0.226353 0.649448 0.907952 0.497007 -0.957494 -0.995605 -0.561864 -0.673114 -0.0704718 -0.247295 -1 -0.0967309 -1 -0.21816 0.0884585 0.415274 -0.374687 0.880038 -0.869162 0.627223 0.777383 -0.373668 -0.633931 0.0218759 -0.537362 0.695039 0.687635 -0.0910508 -0.458948 0.773786 -0.142708 -0.248669 -0.285038 0.0794789 0.195395 0.506381 -1 -0.504777 0.480132 -0.891377 -0.69766 0.693483 0.724976 0.645072 0.277971 -0.871675 -0.750414 -0.602065 0.200003 0.1842 -1 -1 -0.904729 0.33001 -0.10099 -0.657078 -0.275947 -0.182198 -0.340621 -0.317022 -0.360877 -0.777762 0.214721 0.841393 -0.961558 -0.11103 -0.866689 
0.994873 -0.0727531 0.712142 -1 -0.782073 -0.632546 0.953357 -0.131415 -1 -0.273203 -0.039605 -0.778781 -1 -0.315007 -0.520483 0.573317 0.0352136 -0.164485 -0.448729 0.4733 -0.232575 -0.209464 -1 0.654443 -0.442243 0.557301 -0.688466 -0.562268 -0.268125 -0.316048 0.10968 -0.866394 -0.92144 -1 -0.673702 -1 0.487297 -0.290466 -1 0.478432 -1 0.383297 -0.547248 -1 -0.637069 -0.65659 -0.487157 -0.746795 0.401998 -0.611623 0.107056 0.416923 0.150773 -0.876317 0.64807 -1 -1 -0.267561 -0.911839 0.751887 -0.496818 1 -1 0.194015 -0.968285 0.0428177 -1 -0.800423 -1 0.255163 -1 -0.204064 0.458334 -1 0.667333 0.769231 1 0.0778558 -0.189028 0.439015 0.0348936 -1 -0.732112 -0.920351 -0.990493 -0.957656 -1 -0.641114 -0.323875 -1 0.325006 0.955563 0.254848 0.553759 -0.532894 -1 0.00449979 -0.482454 -1 0.0202542 -1 -1 -0.4924 -0.886969 0.0605687 0.561408 -0.0164219 0.883028 0.431335 -1 -0.787722 -0.559318 -0.698606 -1 -1 -0.147673 -1 -0.0231245 -0.653275 0.00973308 -0.429592 -1 -0.494485 -0.653352 -0.596263 0.861367 -0.822925 -0.0523019 0.148832 -0.295351 -0.571232 -0.0415063 -0.759013 -0.788394 0.007781 0.740873 -1 -1 
-1 -1 -1 -0.709484 0.977614 -0.346957 -1 -0.272456 0.353086 0.202982 -0.694786 -1 -0.296345 -0.997203 -1 -0.0690182 -0.350571 0.480895 -0.798125 -0.489852 -1 -0.143498 -0.495469 -0.726478 -1 -0.997271 -1 -0.597591 -1 -1 -0.788165 -0.348251 -0.903956 -1 -0.699236 -0.398423 -1 -1 -0.240977 -0.881491 -0.867736 -1 -1 -1 0.269259 -1 -1 -1 -1 -0.426712 -0.758503 -1 -1 -0.915695 -0.801237 -1 -1 -0.881026 -1 -0.273426 -1 -1 -0.428786 -0.977264 -1 -1 -1 -1 -1 -1 -1 -1 -1 -1 -1 -1 -0.657315 1 -1 0.0439214 -0.64167 -0.650388 -1 -0.862722 -1 -0.941552 -1 -0.0481375 -0.585461 -0.712019 -1 -1 -0.672606 -1 -0.785537 -1 -0.156746 -0.864092 -1 -1 -1 -0.940881 -0.280472 -0.50743 -0.335717 -0.959737 -1 -0.573855 -0.80712 -0.247209 -0.655653 -1 -1 -0.983238 -1 -0.400527 -1 0.175395 -1 -0.572833 -0.984353 -0.575019 -1 -1 -1 0.989164 0.705747 -0.830967 0.319827 -1 -0.702529 -0.982782 -1 -1 -0.702351 -1 -1 -1 
-0.981648 0.269046 0.340528 0.242276 0.738706 0.793875 0.27965 0.0807652 0.580779 0.0484741 -0.253963 -0.817464 -0.891188 -0.477663 -0.303632 0.22598 -0.263843 -0.4082 0.595844 0.622729 -0.220869 -0.877622 0.865692 -0.161951 0.604884 0.128669 -0.272434 0.902602 -0.773835 0.763054 0.313169 -0.0139418 0.979906 0.891345 -0.672303 -0.614021 0.103302 0.772958 -0.030454 -0.282649 -0.208759 -0.166305 -0.0571586 0.0211526 0.863907 0.353717 -0.0264179 0.131944 -0.997538 -0.412361 -0.725303 0.924439 -0.365517 -0.636937 0.539546 0.606096 0.944141 0.540084 -0.892227 0.342658 -0.133992 -0.29118 0.323444 -0.959357 -1 -0.802162 -0.527184 -0.652514 -0.307771 0.694993 -0.953928 -0.110228 -0.0418353 0.844015 0.315925 0.47601 -0.0653854 -0.567278 -0.169692 -1 -0.77898 -1 -0.0932692 -0.326074 0.496495 0.579386 -0.929489 -0.76454 -0.457312 -0.0193832 0.683391 -0.775581 -1 -0.897135 0.499344 0.581142 0.164011 0.346975 0.877584 -1 -0.839009 0.0909108 0.0948225 0.794249 0.877025 -0.209672 -0.795492 -0.201512 -0.060857 -0.506309 0.965924 0.30295 -0.776175 0.552074 -0.824192 -0.137687 0.0509377 -0.879596 -0.444967 -0.256461 -0.747448 -0.56416 -0.101671 0.230835 -0.114153 0.151256 0.781088 -0.662968 -0.245937 0.738195 -0.291263 -0.0471946 -0.981176 0.505401 -1 0.820472 0.27345 -0.829687 
-1 -1 -1 -0.709484 0.977614 -0.346957 -1 -0.614756 0.353086 0.202982 0.41271 -1 -0.296345 -1 -0.0474297 -0.0690182 -0.350571 0.571811 -1 -0.489852 -1 -0.143498 -0.86971 -0.726478 -1 -0.997271 -1 -0.597591 -1 -1 -0.788165 -0.348251 -0.903956 -1 -0.699236 -0.398423 -1 -1 -0.240977 -0.881491 -0.867736 -1 -0.610277 -1 0.269259 -1 -1 -1 -1 -0.749078 -0.758503 -1 -1 -0.915695 -1 -1 -1 -0.881026 -1 -0.273426 -1 -1 -0.391797 -1 -0.684368 -1 -1 -1 -1 -1 -0.95039 -0.815811 -1 -1 -1 -1 -0.657315 1 -1 0.0439214 -0.825462 -0.650388 -1 -0.955767 -1 -0.941552 -1 -0.0481375 -0.274949 -1 -1 -1 -0.672606 -1 -0.785537 -1 -0.156746 -0.864092 -1 -1 -1 -0.940881 -0.280472 -0.50743 -0.335717 -0.959737 -1 -0.573855 -0.486627 -0.247209 -0.655653 -1 -1 -0.31567 -1 -0.67 -1 0.175395 -1 -0.00176159 -0.984353 -0.575019 -1 -1 -1 0.989164 0.705747 -0.459342 0.319827 -1 -0.702529 -0.982782 -1 -1 -0.702351 -1 -1 -1 
-1 -1 1 -1 -0.935394 0.78233 -1 -1 -1 -1 -1 -0.961801 -1 -1 -1 -0.779023 -0.845209 -1 -1 -1 -1 -1 -0.875253 -1 -1 -1 -0.882972 -1 -0.794476 -1 -1 -1 -1 -0.780523 -1 -0.758436 -1 -0.905119 -0.981462 -1 -1 -1 -1 -1 -0.137679 -0.952252 -0.815332 -1 -1 -0.521136 -0.732131 -0.292693 -1 -1 -0.526126 -1 -0.419458 -1 -1 -1 -0.762094 -1 -1 -0.2687 -0.739581 -0.879438 -1 -1 -1 -1 -1 -1 -1 -1 -0.0850793 -0.0955714 -0.963527 -1 -1 -0.304046 -1 -1 -0.951259 -0.131969 -1 -1 -1 -1 -0.319242 -0.213234 1 -0.940778 -1 -0.684234 -1 -1 -0.690207 -1 -1 -1 -0.604942 -1 -0.631646 0.17416 -0.777148 -1 -1 -0.668016 -1 -1 -1 -0.935112 -1 -1 -0.874774 -1 -0.480144 1 -0.489386 0.565812 -0.591461 -0.928946 -0.557762 -0.833855 -1 -1 -1 0.789105 -0.700383 -1 -0.770152 -0.81867 -0.255862 -0.771757 -1 -0.898693 -0.907039 -1 
-0.207301 -0.609962 -0.650878 -1 -1 -1 -0.828776 -1 -1 -0.886506 -0.83672 -0.627605 -0.639988 0.297104 -1 0.446737 -1 -1 -1 -1 -0.772285 -0.280072 -1 -0.831028 -1 -0.350219 -1 0.896664 -1 -0.577247 0.610078 -1 -1 -0.572822 -1 -0.958711 -1 -1 -1 -0.920545 -1 -0.969164 -1 -0.980097 -0.787636 -0.834027 -0.241562 -0.582834 -1 -1 -1 -1 -1 -1 -1 -1 -0.159467 -1 -1 0.100613 -0.986169 -1 -0.990547 -0.43413 -1 0.172198 -1 -0.992705 -1 0.548887 -1 -1 -0.635474 -1 -0.256687 -1 0.493478 -0.198375 -1 -1 -0.862047 -0.642493 -0.386976 -0.947313 -0.53434 -1 -0.935669 -1 -1 -0.979294 -0.685873 -1 -0.385095 -1 -1 -0.600993 -0.704536 -0.178711 -0.0697559 -1 -0.778791 -1 -0.624331 -1 -1 -1 -0.854453 -1 -1 -1 -1 -1 -1 -0.885862 -0.896313 -1 -1 0.789699 -1 0.55213 -0.945937 0.376896 -1 -0.015031 -1 -0.708064 -1 -0.199271 -1 -1 -1 -1 -0.607499 -1 -0.516266 -1 -0.573937 -1 
0.12677 -1 0.919134 -1 -1 -0.863461 -1 -1 -0.880863 0.80917 -0.599868 -0.835986 -0.818116 0.358948 0.20859 0.620062 0.943304 -1 0.335874 -0.800433 -1 -1 0.346604 -1 -0.669513 -0.0113124 -1 -1 -1 -0.246546 -0.718624 -1 1 -0.389736 -1 -1 -1 -0.987433 -0.68088 -0.923583 0.5693 -1 -0.819853 0.214505 0.773786 -0.473 0.489799 0.710556 -0.83138 -0.659005 -0.054677 -1 -0.613152 -0.950666 -0.925718 -0.190934 -0.199473 -1 -1 0.0922286 -0.930017 -0.530894 -0.81517 -1 0.0220275 0.0703773 -1 -1 -1 -1 -1 -1 -1 -1 -0.788856 -1 -0.431307 -1 -0.00378746 -1 -1 -1 0.511925 -1 -0.598615 0.807582 -1 -1 -0.546908 -0.373743 -0.362265 -0.464942 -0.39601 -1 -0.848852 0.537817 -0.54777 -1 -1 -0.471935 -1 -1 -1 -1 -1 -0.825111 -0.607978 0.326961 -0.569736 -1 0.128681 -0.47583 0.366555 -0.869635 0.0724148 -0.628264 -1 -1 -1 0.529034 -1 -1 -0.357247 -1 -1 -0.416745 -1 -1 -1 -1 -1 -0.969108 -1 0.145044 -0.897482 -0.658627 0.390128 -1 
-0.803252 -1 1 -0.510144 -0.720731 -0.865804 -1 -1 -1 -1 -0.336924 -1 0.588871 -0.676288 -0.606134 -0.851329 -1 -1 -1 -0.945033 -1 0.289713 -0.960927 -0.713033 -1 -0.818294 0.27777 1 -1 -0.119303 -0.0340993 -0.410338 -1 -1 -0.589811 0.125108 -1 -1 0.593305 -1 0.731488 -1 0.468015 -1 -1 -0.57032 -0.137028 -1 0.819751 -1 -0.33257 -1 -0.225501 -0.646162 -1 0.830288 -0.846245 -1 0.0961196 -1 -1 -1 -0.114935 -1 -1 -1 -0.652087 -0.828712 -0.873493 -0.653109 -1 0.247798 0.183782 -0.203825 -1 -0.553827 -1 -0.18615 -0.187871 -1 0.393845 -1 -0.786181 -1 -0.637979 -1 -0.947406 -1 -1 -1 -0.839574 -0.871702 -1 -1 -0.232358 -1 0.157464 -1 -1 -0.974363 -0.863229 -0.885149 -1 -1 -0.837314 -1 -1 -1 -1 -0.927125 -0.755416 -1 -0.949083 -1 -1 -0.952407 -1 -1 -1 0.16285 -1 0.458773 -0.713877 -1 -0.0271363 0.205417 -1 0.216431 0.254483 -0.327305 0.211595 -1 -1 -0.897781 -1 -1 -1 -0.856071 
-0.207301 -1 -1 -0.661276 -0.975662 -1 -0.881811 -0.844937 -1 -0.897971 -0.698111 -1 -1 -1 -1 0.63097 -0.0830048 -1 -1 -1 -1 -1 -1 -1 -1 0.0284819 -0.900054 1 -1 -0.431662 -0.223595 -1 -0.801861 0.811459 -1 -0.21943 -1 -0.874967 -0.872708 0.740031 -0.848593 -1 -0.644047 -1 -0.412022 -0.943749 -0.308134 -0.582834 -1 -0.175605 -1 -1 -1 -1 -1 -0.20702 -1 -0.559072 -0.852641 -0.963612 -1 -0.64998 -1 0.159068 -0.854055 -0.148067 -1 -0.825448 -1 0.52557 -1 -1 -1 -1 0.419602 -0.259231 0.818697 -1 -0.628226 -1 -1 -0.876126 -0.451487 -1 -0.53434 -1 -0.935669 -1 -0.826676 -0.991764 -1 -1 -1 -1 -1 -1 -0.336819 -0.106067 -0.0618739 -1 -1 -1 -1 -1 -1 -1 -1 -1 -1 -1 -0.787235 -1 -0.488143 -0.967099 -1 -1 -1 0.483263 -1 0.594926 -0.291724 -0.00881194 -0.875857 -0.015031 -1 -0.411031 -1 -0.206428 -0.923029 -1 -1 -1 -0.281457 -1 -0.957148 -1 -1 -1 
-1 -1 0.361112 -0.461616 -1 -1 -1 -0.289877 -0.533429 -1 -0.482164 0.173169 -0.0280117 -0.636207 -0.512676 -0.563893 -1 -1 -1 -1 -0.206796 -0.0333186 -0.912807 -0.155689 -0.951484 -1 0.59308 0.128448 -0.830663 0.281138 -0.729254 -1 -1 -1 -1 -0.0858276 -0.871131 -0.931455 0.0702699 -0.478747 0.109871 -0.998268 -0.676179 -0.905973 -1 -0.074993 -0.095161 -1 -0.150116 -0.901467 0.223251 -1 -0.00131005 -1 -1 0.982649 -1 -0.815241 -1 -0.662738 -1 -0.195266 -0.740541 -1 -1 -0.937635 -0.721084 -1 -0.576412 -0.766898 0.221927 0.815531 -0.97165 0.928926 -0.752814 -0.759365 -0.809026 -0.670939 -0.016511 -0.741711 -0.820239 -1 -0.447894 -0.752148 -0.873349 -0.851665 0.363359 -1 -1 -1 -0.747867 -1 -1 -1 -0.829008 -0.89748 0.157464 -1 -0.8045 -0.462334 -0.20781 -1 -0.761914 -1 -1 -0.526372 -1 -0.7983 -1 -1 -0.88783 -0.89896 0.392249 -1 0.119859 -0.828755 -0.479896 -0.279401 -1 0.421719 -1 0.602706 -1 -1 0.503935 0.289043 -1 0.705098 0.000169426 0.581798 -0.361274 -1 -1 -0.594604 -0.0498808 -0.583586 -1 -1 
0.994873 -0.663008 -0.366804 -0.562665 -0.782073 -1 0.953357 0.20933 -1 -0.273203 -0.836012 -1 -1 -1 -1 0.0411015 0.128785 -0.164485 -1 0.209237 -0.232575 -0.548671 -1 0.654443 -0.442243 0.557301 -0.688466 -0.562268 -0.268125 -0.313502 0.10968 -1 -0.92144 -1 -0.673702 -0.946843 0.726499 -1 -0.966036 0.478432 -1 0.383297 -1 -1 -0.637069 -0.65659 -0.487157 -0.746795 0.401998 -1 0.107056 -0.390796 0.00631303 -0.563729 0.64807 -1 -1 -0.202982 -1 0.723469 -1 1 -1 0.194015 -0.778152 -1 -1 -0.654235 -1 0.255163 -1 -0.204064 0.458334 -1 0.667333 0.263295 1 -0.544651 -0.189028 0.439015 0.0348936 -1 -0.948239 -0.920351 -0.990493 -1 -0.66416 -0.641114 -0.323875 -0.885237 -0.0767746 0.787097 -0.560827 0.602006 -0.532894 -0.625072 0.00449979 -1 -0.648003 -0.710199 -1 -1 -0.4924 -1 0.0605687 0.561408 -0.89514 0.883028 -1 -1 -0.787722 -1 -0.698606 -1 -1 -0.415543 -1 -0.0231245 -0.653275 -0.447401 -0.429592 -0.863363 -0.156135 -0.390615 -0.386452 0.861367 -0.822925 -0.0523019 0.148832 -0.295351 -0.482213 -0.80582 -0.759013 -0.788394 0.0832833 0.740873 -1 -1 
-1 -1 -1 -0.892173 0.523075 -0.805801 -1 -1 0.73199 0.000503212 0.41271 -1 -0.350963 -0.859831 0.249643 -1 -0.992928 0.182832 -1 -1 -0.260757 -0.143498 -1 -0.726478 -1 -0.997271 -1 -0.571095 -0.909324 -1 -0.788165 0.182736 0.130386 -1 -1 -1 -1 -1 0.509288 -1 -1 -0.965622 -0.715652 -1 0.269259 -0.906751 -1 -1 -1 -0.675093 -0.736627 -1 -1 -0.813586 -1 -1 -1 -1 -1 -0.285467 -0.658762 -1 -1 -1 -1 -0.978447 -1 -1 -1 -1 -1 -1 -0.768887 -0.652206 -1 -0.683842 -1 1 -1 -0.841135 -1 -1 -1 -0.842273 -1 -1 -1 -0.228275 -0.274949 -1 -1 -1 -0.927285 -0.755804 -1 -1 -0.156746 -1 -0.667559 -0.841597 -0.525558 -1 0.0496182 -1 -1 -1 -1 -0.699177 -0.521075 -0.628905 -1 -1 -1 0.821042 -1 -1 -0.843673 0.175395 -0.785199 -0.00176159 -1 -1 -1 -1 -1 -0.209436 -1 -0.650653 -0.0936667 -1 -0.702529 -1 -1 -1 -1 -1 -1 -0.706403 
0.994873 -0.0727531 0.712142 -1 -1 -0.632546 0.953357 -0.131415 -1 -0.273203 -0.039605 -0.778781 -1 -0.315007 -0.520483 0.630991 0.0352136 -0.164485 -0.448729 0.4733 -0.232575 -0.209464 -1 0.654443 -0.442243 0.557301 -0.701497 -0.562268 -0.268125 -0.316048 0.10968 -0.866394 -0.92144 -1 -0.673702 -1 0.487297 -0.290466 -1 0.478432 -1 0.152985 -0.547248 -1 -0.637069 -0.65659 -0.487157 -0.746795 0.401998 -0.611623 0.107056 0.416923 0.150773 -0.876317 0.64807 -1 -1 -0.267561 -0.911839 0.751887 -0.496818 1 -1 0.194015 -0.968285 0.0428177 -1 -0.800423 -1 0.255163 -1 -0.204064 0.458334 -1 0.667333 0.769231 1 0.0778558 -0.189028 0.439015 0.0348936 -0.860027 -0.732112 -0.920351 -0.990493 -0.957656 -1 -0.641114 -0.323875 -1 0.325006 0.955563 0.254848 0.553759 -1 -1 -0.258067 -0.482454 -1 0.0202542 -1 -1 -0.4924 -0.886969 0.0605687 0.561408 -0.043032 0.883028 0.431335 -1 -0.787722 -0.559318 -0.698606 -1 -1 -0.147673 -1 -0.0231245 -0.653275 0.00973308 -0.429592 -1 -0.494485 -0.653352 -0.596263 0.861367 -0.777817 -0.0523019 0.148832 -0.295351 -0.571232 -0.0415063 -0.759013 -0.788394 0.007781 0.740873 -1 -1 
-0.803252 -1 1 -0.510144 -0.761184 -0.865804 -1 -0.492736 -1 -1 -0.336924 -1 0.588871 -0.676288 -0.688561 -0.851329 -1 -1 -1 -0.945033 -1 0.289713 -0.896206 -0.713033 -1 -0.818294 0.27777 1 -0.97312 -0.119303 0.69627 -0.410338 -1 -1 -0.589811 0.125108 -1 -1 0.593305 -1 0.731488 -1 0.468015 -1 -1 -0.57032 -0.137028 -1 0.819751 -0.68224 -0.188651 -1 -0.225501 -0.646162 -1 0.830288 -0.846245 -1 0.0961196 -1 -1 -1 -0.114935 -1 -1 -1 -0.652087 -1 -0.873493 -1 -1 0.247798 0.485839 -0.203825 -0.424193 -0.553827 -1 -0.18615 -0.187871 -1 0.616719 -1 -0.786181 -1 -0.637979 -1 -0.623735 -1 -1 -1 -0.839574 -0.871702 -1 -1 -0.232358 -1 0.157464 -1 -1 -0.974363 -0.863229 -1 -1 -1 -0.837314 -1 -1 -1 -1 -1 -0.755416 -1 -0.949083 -1 -1 -0.952407 -1 -1 -1 0.16285 -1 0.619253 -0.865415 -1 -0.0271363 0.205417 -1 0.216431 0.254483 -0.26501 0.211595 -1 -1 -1 -1 -1 -1 -0.856071 
-1 -1 0.086289 -0.460881 -1 -1 -1 -0.868173 -0.415016 -0.62603 -0.328317 0.899961 -0.228248 -0.00651233 -1 -1 -1 -1 -1 -1 -0.107618 0.289713 -0.495541 -0.155689 -1 -1 0.469989 -0.235415 -0.826438 0.10819 -0.729254 -1 -1 -1 -1 -0.588082 -1 -1 0.0702699 -0.478747 0.109871 -0.867323 -0.676179 -0.432878 -0.719922 -1 -0.257721 -1 -0.271798 -1 0.0906613 -1 -0.00131005 -1 -1 0.629442 -1 -1 -0.979917 -0.252629 -1 -0.395816 0.218563 -1 -0.630808 -0.937635 -0.942256 -1 -0.225681 -0.580836 0.783365 -0.509959 -0.572245 0.928926 -0.719363 -0.767627 -0.809026 -0.670939 -0.153721 -1 -1 -0.398487 -0.447894 -0.865057 -0.942461 -1 0.363359 -1 -1 0.1425 -0.752736 -1 -1 -0.936401 -0.711451 -1 0.157464 -1 -0.8045 -0.71715 -0.20781 -1 -0.761914 -1 -1 -0.526372 -1 -0.824602 -1 -0.876491 -0.968709 -0.772385 -0.243911 -0.776962 -0.295522 -1 -0.585625 -0.279401 -1 0.421719 -1 0.624297 -1 -1 0.996022 -0.404933 -1 0.705098 0.000169426 0.616466 -0.3891 -1 -0.613124 -0.78282 -0.0498808 -1 -1 -1 
0.966278 0.056058 -0.40444 -1 -0.0286554 -0.332847 0.163604 -0.656392 -0.499199 -0.162696 0.115467 0.881455 -0.232959 -1 0.0273277 -0.00751841 -0.917882 0.361597 0.689352 0.0369349 0.930749 -0.430174 -0.0384813 0.658121 0.530993 1 0.353238 -1 -0.952374 0.972484 -0.761747 0.985559 0.923133 -0.0965434 0.891069 -0.0786142 -0.992493 0.566423 0.262611 -0.119125 0.798414 0.73457 0.313173 -0.877615 -0.16561 -0.550567 0.88719 0.189444 -0.888186 0.224197 0.199197 0.775153 0.256808 -1 0.314639 0.801838 -0.785745 0.892646 0.346724 -1 -0.147799 -0.0302187 0.683912 0.0833451 -0.158226 0.958995 -0.893643 0.868786 -0.155838 -0.253246 -0.661371 1 0.752996 0.390138 -0.105552 -0.917687 -0.85021 -0.379766 -0.740622 -0.664672 -0.169836 -0.889001 0.799739 -0.869272 0.281259 0.617687 -0.0651697 0.202112 -1 -0.0956175 -1 0.645433 0.709721 -0.596103 0.341504 -0.00705409 0.43542 -0.747476 -0.508977 0.326761 0.106033 0.270632 0.812949 0.0751549 -1 0.887135 -0.953711 -0.0305766 -0.930891 -1 0.307307 -0.745644 -1 -0.429267 0.371367 -1 -0.12696 -0.812275 -1 -0.591903 0.0878387 -0.336501 0.0800495 0.982992 0.113394 -0.494343 -0.941568 0.084932 0.133336 -1 0.700828 0.363257 -1 -0.0809189 -0.554931 -0.794835 -0.59832 -0.830789 
-1 -0.131602 1 -0.543097 -1 -1 -0.475721 -1 -1 -1 -0.77007 0.729301 0.0393164 -0.8974 -1 -0.681742 -1 -1 -1 -1 -0.365819 -0.855436 -1 -0.624652 -1 -1 0.43828 0.0187778 -0.563495 -0.823158 -0.0347537 -1 -0.615096 -1 -1 -1 -1 -1 -1 -1 -0.925141 -1 0.772732 -0.845784 -1 -0.24697 -0.380103 0.235161 -0.678551 -1 -1 -1 -1 -1 -1 -1 -1 -0.989474 -0.649636 -1 -1 -0.406769 0.831896 -0.389475 -1 -1 -0.87139 -0.7936 -0.679171 -1 0.681534 -0.22227 -1 0.468866 -0.58238 -1 -0.682595 -1 -1 -1 -0.407103 -0.967967 -1 -0.370608 -0.294016 -1 -0.139234 -0.90746 -1 -0.614411 -1 -1 -1 -0.897105 -0.417889 -0.846705 -1 -1 -0.597821 -0.566164 -1 -1 -1 -1 -0.395202 -1 -0.7731 -0.384533 -1 -0.857262 -0.505975 -0.798633 -1 -0.83638 -1 -1 -1 -0.251526 -0.537855 0.0430288 -0.844978 0.232415 -0.841318 0.214982 -1 0.520154 -1 -0.0196146 0.00756958 -0.206318 -1 -1 -1 -0.630664 -1 -1 -0.883315 -1 
-1 -1 1 -1 -1 0.936099 -1 -1 -1 -0.313363 -1 0.131247 -0.952498 -1 -1 -1 -0.688065 -1 -1 -0.685154 0.825043 -1 -1 -0.637754 -0.642627 -0.968646 -0.882972 -0.65517 -1 -0.949514 -0.0572325 -1 -0.954394 -0.573606 -1 -0.758436 -1 -1 -0.891446 -1 -1 -1 -1 -1 0.114189 -0.547166 -1 -1 -1 -0.521136 -1 -1 -1 -1 -1 -1 -0.300895 -0.50256 -1 -1 -0.37393 -0.7452 -1 -1 -1 -0.81889 -1 -1 -1 -0.853393 -1 -1 -1 -1 0.653561 0.502781 0.0385188 -1 -1 -0.458624 -0.841274 -1 -1 -0.131969 -0.38484 0.612332 -0.788784 -0.929051 -0.523804 0.0105196 0.760378 -0.0704647 -1 -1 -0.908351 -0.202295 -0.143201 0.110195 -1 -1 -0.604942 -1 -1 -0.197397 -0.68529 -0.824229 -1 -1 -0.272832 -1 -0.774097 -1 -0.672513 -1 -1 -1 -0.480144 1 -0.357631 0.565812 -1 -1 -0.947712 -1 0.0215898 -0.739308 -0.589254 0.252856 -1 -1 -1 -1 -0.406616 -1 -1 -1 -1 -1 
-0.957843 -1 -0.861568 -0.518813 -0.992638 -0.491881 -0.679743 -1 -1 -1 -1 -1 -1 -1 -1 0.129677 -0.0837889 -1 -0.66414 -1 -0.966687 -0.708871 -1 -1 -0.289971 -1 -1 -0.866888 -0.712667 -0.514486 -0.666857 -1 -0.849114 -1 -0.781107 -0.623861 -1 -1 -1 -0.190212 -1 -0.383055 -0.986369 -0.979172 -1 -0.65659 -1 -1 -1 -1 -1 0.126482 -1 -0.894466 -1 -0.821387 -1 -1 -1 0.721413 -1 0.843085 -1 -0.314659 -1 0.0995366 -1 -0.640387 -1 -1 -1 -0.422547 -0.168501 -0.7162 -0.234232 -1 0.242066 0.0778558 -0.507388 1 -0.427189 -1 -1 -0.652326 -1 -1 -0.795644 -1 -1 -1 -1 -1 -1 0.303865 -1 -1 -0.544734 -0.478985 -1 -0.136948 -0.508461 -1 -1 -0.959181 -0.899152 -1 -1 -0.592809 0.134337 -1 -1 -1 -1 -0.661714 -0.801246 0.307987 -1 0.00893328 -1 0.151254 -0.963426 -1 -1 -0.57949 -1 0.211897 -0.848154 0.791175 -0.630306 -1 -0.794933 -0.589439 -1 -1 -0.807895 0.615622 -1 -1 
-1 -1 1 0.83928 -1 -1 -1 -0.681247 -1 -0.949709 -1 0.0533312 -0.629246 -1 -0.672758 -1 -1 -0.624947 -1 -1 -0.297683 0.570736 0.106345 -0.943768 -0.712961 -0.83559 1 0.425226 -0.533709 -1 -1 -0.521188 -1 -0.896826 -0.951649 -0.602519 -0.432076 -0.815692 -0.445583 -0.393449 -1 -1 0.398992 -0.867879 -0.940811 -0.081375 -1 -1 -0.360672 -1 -0.61177 -0.709934 -1 -1 -0.859684 -0.275902 -0.407681 -0.642909 -0.678898 -1 -1 -1 -1 -0.0460835 -1 -1 -1 -1 0.497122 -1 0.539464 1 -0.688637 -1 0.759114 -1 -0.609577 -0.859586 -1 -0.707176 -0.992958 -0.822254 0.324634 -1 -0.427906 -0.828293 -0.424771 -1 -0.816268 -0.0785413 -1 -0.711703 -1 -0.66568 -0.554112 -0.939711 -1 -1 -1 -1 -0.0412979 -0.462553 -1 -1 -0.624619 -0.894103 -0.837508 -1 -1 -1 -0.553344 -0.791269 -1 -1 -0.873403 -1 -0.61254 -0.611534 -0.872793 0.124315 -1 0.624297 -1 -0.127087 1 -1 -1 0.410495 -0.280033 -0.432596 -0.844281 -1 -0.335086 -0.760984 -0.235053 -1 -0.924687 -0.82172 
-1 -1 1 -0.575091 -1 -0.960382 -1 -0.161133 -0.043203 -1 -1 0.855649 -1 -0.141738 -1 -1 -1 -1 -0.908313 -1 -0.0642328 -0.0331461 -0.646717 -0.155689 -1 -1 0.48367 -0.925318 -1 -0.757755 -0.776006 -1 -0.943665 -1 -0.903444 -0.600144 -0.625506 -0.296644 -0.488442 -1 -1 -1 -0.676179 -0.608133 -0.0670174 -1 -0.186438 -1 -0.505412 -0.810131 -1 -0.766592 -1 -1 -1 -0.782856 -1 -0.623847 -1 -0.518484 -1 -0.195266 0.169569 -1 -1 -1 -0.434834 -1 0.498643 -1 0.749887 0.0133913 -1 0.509385 -1 -1 -1 0.00404924 -0.66182 -0.904333 -1 -0.908531 0.489004 -1 -1 -0.722104 -1 -1 -1 0.476362 -0.650355 -1 -1 -1 -1 -0.720334 0.157464 -1 -1 -0.696779 -0.685741 -1 -0.761914 -1 -0.905886 -0.261992 -1 -0.827833 -1 -1 -0.6929 -0.28259 0.675909 -1 -1 -0.828755 -1 -0.97498 -1 0.792821 -1 0.624297 -1 -0.909545 0.429325 -0.30928 -0.872485 0.155903 0.0137354 -0.275611 -1 -0.699003 -1 -1 -1 -0.583586 -1 -1 
0.994873 -0.0727531 0.712142 -1 -0.427542 -0.632546 0.953357 -0.131415 -1 -0.273203 -0.039605 -0.778781 -1 -1 -0.520483 0.573317 0.0352136 -0.164485 -0.448729 0.0413715 -0.232575 -0.209464 -1 0.654443 -0.442243 0.557301 -0.688466 -0.562268 -0.268125 -0.316048 0.10968 -0.866394 -0.92144 -1 -0.673702 -1 0.487297 -0.290466 -1 0.478432 -1 -0.46188 -0.547248 -1 -0.637069 -0.65659 -0.487157 -0.746795 0.401998 -0.611623 0.107056 0.416923 0.473763 -1 0.64807 -1 -1 -0.267561 -0.911839 0.751887 -0.599525 1 -1 0.194015 -0.671959 0.0428177 -1 -0.800423 -1 0.255163 -1 -0.204064 -0.700462 -1 0.667333 0.769231 1 0.0778558 -0.189028 0.439015 0.0348936 -1 -0.732112 -0.920351 -0.990493 -0.957656 -1 -0.641114 -0.323875 -1 -0.561809 0.955563 0.121322 0.553759 -0.532894 -1 0.00449979 -0.482454 -1 0.0202542 -1 -1 -0.4924 -0.886969 0.330797 0.561408 -0.509575 0.246214 0.431335 -1 -0.787722 -0.559318 -0.569456 -1 -1 -0.147673 -1 -0.0231245 -0.688235 0.00973308 -0.429592 -1 -0.494485 -0.653352 -0.596263 0.861367 -0.822925 -0.0523019 0.0797865 -1 -0.571232 -0.0415063 -0.759013 -0.788394 0.007781 0.740873 -1 -1 
-1 -1 1 -0.510144 -0.720731 -0.865804 -1 -1 -1 -1 -0.336924 -0.841753 0.588871 -0.676288 -0.606134 -0.851329 -1 -1 -1 -1 -1 0.289713 -0.960927 -0.713033 -1 -0.818294 0.27777 1 -1 -0.119303 -0.596281 -0.410338 -1 -1 -0.589811 0.125108 -1 -1 0.268945 -1 0.731488 -1 0.468015 -1 -1 -0.57032 -0.137028 -1 0.819751 -1 -0.33257 -1 -0.225501 -0.646162 -1 0.830288 -0.846245 -1 0.0961196 -1 -1 -1 -0.114935 -1 -1 -1 -1 -1 -0.873493 -0.653109 -1 0.247798 -0.585921 -0.203825 -1 -0.553827 -1 -0.18615 -0.187871 -1 -0.165232 -1 -0.786181 -1 -0.637979 -1 -0.947406 -1 -1 -1 -0.839574 -0.871702 -1 -1 -0.232358 -1 0.157464 -1 -1 -1 -0.863229 -0.885149 -1 -1 -0.837314 -1 -1 -1 -1 -0.927125 -0.755416 -1 -0.623334 -1 -1 -0.952407 -1 -1 -1 0.427472 -1 0.458773 -0.713877 -1 -0.894221 -0.000662535 -1 0.216431 0.254483 -0.327305 0.211595 -1 -1 -0.897781 -1 -1 -1 -0.856071 
-0.982795 -0.400054 -0.882147 -0.461616 -1 -0.960382 -1 -0.277602 -0.415016 -0.894276 -1 -0.00213325 -0.816377 -0.405638 -0.688561 -1 -1 -0.849927 -1 -1 -0.403611 -0.412215 -1 -0.155689 -1 -1 -1 -0.303635 -0.830663 -0.875984 -0.729254 -1 -1 -0.979687 -1 -0.0253474 -0.778674 -0.931455 0.0702699 -0.624247 -1 -1 -1 -0.219529 -0.417666 -0.074993 -1 -1 -0.792118 -0.988779 -0.661997 -1 -0.00131005 -1 -1 0.960236 -1 -1 -1 -1 -1 -0.760018 -0.130428 -1 -1 -0.937635 -1 -0.351857 -1 -1 0.783365 -0.545617 -1 0.752158 -0.752814 -0.63695 -0.809026 -1 -0.62993 -1 -0.817707 -0.398487 -1 -1 -1 -0.851665 0.363359 -1 -1 -0.0508574 -0.419681 -1 -1 -0.880449 -0.744756 -1 0.157464 -1 -0.8045 -0.462334 -0.198468 -1 -0.761914 -1 -1 -0.633537 -1 -1 -1 -1 -0.88783 -0.932484 0.392249 -1 0.0864462 -1 -0.537029 -0.423906 -1 0.421719 -1 0.83726 -1 -1 0.416765 -0.00689986 -1 -0.462454 0.000169426 0.150582 -0.361274 -1 -1 -0.78282 -0.0498808 -1 -0.990093 -0.964964 
-1 -1 0.63689 -0.461616 -0.712128 -1 -1 0.0477895 -0.696102 -1 -1 0.855649 0.0355503 -0.141738 -1 -1 -1 -1 -1 -1 -0.107618 0.289713 -0.764765 -0.114606 -1 -1 -0.648388 -0.238016 -0.679207 -0.808558 -0.776006 -0.806652 -1 -1 -0.776568 -0.673132 -0.273465 -0.334585 0.129616 -0.478747 -0.300606 -1 -0.693913 -0.608133 -0.719569 -0.0579988 -1 -1 -0.222198 -1 -1 -0.766592 -0.040342 -0.646678 -0.533286 0.982649 -1 -0.623847 -1 -0.387681 -1 -0.278937 -0.130428 -1 -1 -1 -0.637936 -0.370737 -0.36215 -0.766898 1 0.455897 -0.58894 0.776822 -1 -0.946683 -1 0.0426657 -0.459397 -1 -1 -0.678618 0.822916 -0.687353 -1 -1 -1 -1 -1 0.202994 -0.898883 -1 -1 -0.993309 -0.758284 -1 -0.796122 -1 -0.673754 -0.462334 -1 -1 -0.890164 -1 -0.905886 -0.56651 -1 -1 -1 -1 -0.6929 -0.644849 0.911691 -1 -1 -0.828755 -0.585625 -0.279401 -1 0.792821 -1 -0.102023 -1 -0.909545 0.456223 0.914075 -0.872485 0.155903 0.246562 0.581798 -0.573337 -1 -1 -1 -1 -0.585642 -1 -1 
-0.890718 -1 -0.238042 0.103108 -1 -1 -0.9954 -1 -0.399471 -1 -1 -1 0.284205 0.00342155 -1 -1 -1 -0.648385 -1 -1 -0.747708 0.289713 -0.783346 -0.138994 -0.664074 -0.908592 0.120849 1 -1 -1 -0.617749 -0.789448 -0.670716 -1 -1 -0.283168 -0.815073 0.0947458 0.450871 -1 -0.500258 -1 0.240788 -1 -0.15753 0.0402967 -1 -1 -0.202997 -1 -0.840727 -1 -0.898368 -0.991519 -1 -0.0259936 -0.407681 -1 -0.560878 -0.915674 -0.948487 -0.076488 0.465777 -0.887663 -1 -1 -0.0780415 -0.295527 -0.355136 -1 0.267548 0.266707 -1 -0.0937327 -0.796666 -1 -0.016756 0.490539 -1 -1 -1 -1 -0.953425 -0.787062 -1 -0.944858 -0.0625289 -1 -1 -0.165251 -1 -1 -1 -1 -0.28763 -1 -0.990932 -1 -1 -0.628867 0.229723 -1 -0.638605 -1 -0.303642 -0.574419 -0.627202 -0.272736 -1 -0.903931 -0.811301 -0.791269 -0.480513 -0.816602 -0.787436 -1 0.022818 0.0387259 -0.74811 -0.122084 -1 0.624297 0.114986 -0.174948 0.996022 -0.00164914 -0.845324 0.410495 -1 -0.670621 -0.558155 -1 -0.715155 0.252969 -0.779956 -0.583586 -1 -1 
-1 -1 1 -0.522792 -1 -0.960382 -1 -0.289877 -0.415016 -1 -1 0.855649 0.254892 -0.0801037 -1 -1 -1 -1 -1 -0.728107 -0.107618 -0.50793 -0.764765 -0.732744 -1 -1 0.13413 0.128448 -0.623551 -0.757755 -0.729254 -0.806652 -0.702057 -1 -0.984953 -0.600144 -0.625506 -0.114768 0.129616 -0.478747 -0.300606 -1 -0.676179 -1 -1 -0.074993 -1 -1 -0.222198 -1 -1 -1 -0.286893 -1 -1 0.982649 -1 -0.623847 -1 -0.757826 -1 -0.195266 -0.130428 -1 -1 -1 -0.434834 -0.49074 0.498643 -0.766898 0.749887 0.455897 -0.572245 0.776822 -1 -0.553827 -1 0.556966 -0.747826 -1 -0.844244 -1 0.489004 -0.676968 -1 -1 0.0336669 -1 -0.701057 0.202994 -1 -1 -1 -1 -0.575727 -0.587499 0.157464 -1 -1 -0.462334 0.148366 -1 -0.761914 -1 -0.905886 -1 -1 -0.827833 -1 -1 -0.6929 0.243423 -0.118426 -1 0.0864462 -0.530416 -1 -0.279401 -1 0.792821 -1 0.608426 -1 -1 0.996022 0.541357 -1 -0.43126 0.000169426 0.280016 -0.38125 -1 -1 -0.78282 -1 -0.583586 -1 -0.977111 
-0.712254 -1 -0.556118 -1 -1 -1 -1 -0.289877 -0.415016 -1 -0.482164 0.507655 -1 -0.620732 -1 -1 -1 -1 -1 -1 -0.383525 0.289713 -1 0.223678 -1 -0.988979 -0.638567 0.173713 -1 0.10819 -0.729254 -0.934129 -1 -1 -1 -0.276328 -0.691404 -1 -0.487967 -1 -0.18343 -0.9193 -0.395929 -0.790405 -0.915757 -0.074993 -0.257721 -1 -0.271798 -1 0.0906613 -0.462564 -0.524872 -1 -1 0.201359 -0.812241 -1 -1 -0.864423 -1 -0.413587 -0.242541 -1 -1 -0.581064 -1 -1 -1 -0.766898 0.365853 -1 -0.926504 0.0128344 -0.87252 -0.181907 -0.809026 -0.670939 -0.153721 -1 -1 -0.809062 -1 -1 -1 -1 -0.671789 -0.706478 -1 0.202994 -0.752736 -1 -0.985126 -1 -0.711451 -0.801211 0.0457132 -1 -0.973305 -0.462334 -0.613636 -0.642685 -1 -1 -1 -0.179659 -0.952127 -0.819307 -1 -0.717684 -1 -1 -0.243911 -0.641767 -1 -0.568649 -0.784411 -0.279401 -1 0.421719 -1 0.420405 -1 -1 0.24126 0.0236384 -0.812345 0.135465 -1 0.313616 -1 -1 -1 -0.78282 -0.0498808 -0.838699 -1 -1 
-1 -0.227257 1 0.236117 -0.88646 -1 -1 -0.492736 -1 -0.933109 -1 0.305822 -0.775228 -0.880299 -1 -1 -1 -0.620343 -0.873332 -1 -0.297683 0.570736 0.106345 -0.943768 -1 -0.872313 1 0.539156 -0.853609 -1 0.234152 -1 -1 -1 -1 -0.288143 -0.36809 0.151083 0.20992 -0.833726 -0.933968 -0.66282 0.683743 -0.868179 -1 -0.074993 -1 0.160793 -0.202997 -0.82717 -0.61177 -1 -0.449498 -1 -1 -0.0259936 -0.182994 -0.963839 0.210698 -0.37131 -1 -0.301034 0.494889 -0.123526 -1 -1 -0.985673 -1 0.497122 -0.49097 0.249546 1 -0.572245 0.448722 0.759114 -0.701852 0.0141493 0.252135 -1 -1 -0.200484 -0.744009 0.319324 -1 -0.473685 -0.132633 0.329572 -0.758617 -1 -0.517785 -0.833584 -1 -1 -1 0.146681 -1 -0.409336 -0.707163 -1 -0.499165 0.229723 -1 -0.305852 -1 -0.624619 -0.980567 -1 -1 -0.536414 -0.903931 -1 -1 -0.426229 -1 -0.31374 -0.957412 -1 -0.537931 -0.991699 0.124315 -0.627307 0.624297 -1 -0.231343 1 -0.0877333 -1 0.410495 -0.229823 -0.0161991 -0.558155 -1 -1 -1 -0.652158 -0.563051 -1 -1 
-0.803252 -1 1 -1 -0.761184 -0.865804 -1 -0.492736 -1 -0.731411 -0.336924 -1 0.588871 -0.676288 -0.688561 -0.851329 -1 -1 -0.671975 -0.945033 -1 0.289713 -0.896206 -0.713033 -1 -0.818294 0.27777 1 -0.97312 -0.0861914 0.69627 -0.161191 -1 -1 -0.589811 0.180683 -1 -1 0.593305 -1 0.731488 -1 -0.171057 -1 -1 -0.57032 0.157087 -1 0.819751 -0.68224 -1 -1 -0.225501 -0.646162 -1 0.830288 -0.846245 -1 0.0961196 -1 -1 -1 -0.114935 -1 -1 -1 -0.652087 -1 -0.873493 -1 -1 0.247798 0.485839 -0.203825 -0.424193 -0.553827 -1 -0.18615 -0.187871 -1 0.524558 -1 -0.786181 -1 -0.756709 -0.829023 -0.623735 -1 -1 -1 -0.839574 -0.871702 -1 -1 -1 -1 0.157464 -1 -1 -0.974363 -0.863229 -1 -1 -1 -0.837314 -1 -1 -1 -1 -1 -0.755416 -1 -0.949083 -1 -1 -0.952407 -1 -1 -1 0.16285 -1 0.619253 -0.865415 -1 -0.0271363 0.205417 -1 0.216431 0.254483 -0.26501 0.211595 -1 -1 -1 -1 -1 -1 -0.856071 
-0.390688 -0.648752 -0.971048 -0.280166 -0.484418 -0.705599 -0.466492 -0.283824 0.22059 1 0.348254 0.228663 -0.388799 1 -0.112468 0.928022 -0.625822 -0.615913 0.0345426 -1 -0.750534 0.0434896 0.239456 0.453224 0.0131247 0.345928 0.176522 -0.69298 -0.229681 0.966393 -1 -0.97688 0.10782 -0.840687 0.0402719 0.308441 -0.388473 -0.06432 0.429773 0.959089 -0.686282 0.918588 -0.408977 0.150674 -0.941892 -0.893008 -0.63425 0.385924 -0.155453 -1 0.94081 -0.736536 0.100937 -0.128819 0.00441062 -1 -1 -0.471804 -0.376521 0.908384 -0.82269 0.062137 0.315877 -0.941793 -1 0.618833 0.415341 1 0.712083 0.168524 -0.683486 -0.940778 -0.169476 0.99841 0.276939 0.954978 -0.268362 0.0593547 0.196838 -0.25769 -0.61271 -0.38691 -0.860382 -0.0840513 0.465742 0.13604 -0.366084 0.280052 -0.400687 0.220483 0.248327 0.749725 -0.363842 -0.863541 -0.683728 -1 -0.679539 0.0497931 0.731693 0.911854 0.704481 0.283021 -0.220689 0.00864327 0.874451 0.489437 -0.983241 -0.560964 0.0561506 -0.816992 -0.781271 -0.959422 -0.568052 -0.612908 -0.928089 0.238607 0.391968 0.596235 -0.593467 0.713187 -0.482997 0.858346 0.518136 -0.669731 -0.480507 0.202183 0.463908 0.834189 -1 0.787267 0.0825493 -0.45233 0.492589 -0.160024 -0.860323 0.91647 0.725954 -0.740896 
0.370875 -0.116672 0.712142 -1 -1 -0.632546 0.953357 -0.197524 -1 -0.059208 -0.039605 -0.778781 -1 -1 -0.280158 0.573317 -0.229347 -0.164485 -0.280407 0.677963 -0.232575 -0.529273 -0.587711 -0.159184 -1 -0.189958 -1 -1 -1 -1 -1 -0.545532 -0.92144 -0.958445 -0.673702 -1 -0.849525 -1 -0.969561 -1 -1 -0.796538 -0.738807 -1 -1 -0.421964 -1 -1 0.221961 -1 -0.286402 0.390799 0.150773 -0.876317 0.633464 -0.785402 -1 -1 -0.952049 -0.0416348 -0.393971 1 -1 -0.85575 -0.592201 -0.785447 -1 -0.74551 -1 -1 -0.932598 -0.204064 0.458334 -0.975985 0.425936 -0.0413929 0.0346072 -0.220738 -0.189028 -0.976105 0.422415 -1 -1 -1 -1 -0.682265 -1 -1 -0.890493 -1 0.325006 0.853459 -1 0.133008 -1 -0.980495 -0.285223 -1 -1 -0.828915 -1 -1 -1 -1 -0.49359 0.228724 -0.178172 0.0133597 0.431335 -1 -1 -1 -1 -1 -1 -0.487045 -1 -0.10316 -1 -0.0109185 -0.429592 -1 -0.712683 -0.653352 -1 1 -1 -0.599909 -0.858367 0.0871187 -1 -0.79792 -0.386036 -1 -1 -0.736762 -1 -1 
-1 0.623639 -1 -0.952309 0.339963 0.133696 -0.575109 0.647153 -1 -0.818846 0.9805 -1 0.338556 -0.250697 0.951395 -0.321957 -0.888057 -0.605937 -0.0848828 0.417075 -1 -0.996558 0.579872 -1 -0.885876 -1 0.83609 -0.287549 -1 -0.360348 0.87913 -1 0.301368 -1 -0.730848 -0.949583 0.582735 0.241995 -0.653653 -0.188032 -0.590316 -0.852538 -0.324968 -1 -0.270031 -1 -0.50367 -1 -0.769064 -1 -1 -0.437061 -1 -0.056547 -0.520599 0.77313 -0.986684 0.711923 -0.838533 -1 -1 1 0.358722 -1 -0.296005 0.659962 -0.892137 -1 -0.927928 -1 -0.0410822 -1 -0.352118 0.86565 -1 0.072446 -1 -0.353671 -1 -0.306096 -0.407182 0.0943683 -1 -0.370664 -1 0.126718 -1 -0.742544 -0.268915 -1 -0.436687 -0.780059 -0.172244 0.194633 -1 -0.742139 -0.140815 -1 0.363314 0.359323 0.252618 -0.0985112 0.353699 -0.229948 0.94713 -0.866217 -0.601081 -0.302179 -0.00864492 0.998321 -1 0.409383 -1 0.497945 -0.630824 0.988518 -1 -0.713402 0.674402 -0.826115 -0.546662 -0.463209 0.492301 -0.48361 -0.477199 -1 -0.483326 0.574803 -0.0509113 -0.924638 -0.811688 -0.082013 -0.23755 -0.319831 0.564164 -0.387214 -1 0.372528 
-1 -1 -1 -0.344515 0.977614 -0.346957 -1 -0.614756 0.136281 0.202982 -0.238856 -1 -0.296345 -1 -0.0474297 -0.0690182 -0.350571 0.571811 -1 -0.489852 -1 -0.143498 -0.652762 -1 -1 -1 -1 -1 -1 -1 -0.788165 -0.623918 -0.913185 -1 -0.699236 -0.398423 -0.961175 -1 -0.0792374 -0.881491 -0.867736 -1 -1 -1 0.269259 -1 -1 -1 -1 -0.749078 -0.758503 -0.864371 -1 -0.915695 -1 -1 -1 -1 -1 -0.267903 -1 -1 -0.391797 -1 -0.684368 -1 -1 -1 -1 -1 -0.95039 -0.815811 -1 -1 -1 -1 -0.717471 1 -1 -1 -1 -0.650388 -1 -0.95189 -0.791102 -0.941552 -1 -0.0481375 -0.274949 -1 -1 -1 -0.672606 -1 -1 -1 -0.927891 -0.864092 -1 -1 -1 -0.576218 -0.440082 -0.50743 -0.335717 -0.959737 -1 -0.573855 -0.486627 -0.247209 -0.655653 -1 -1 -0.33811 -1 -1 -1 0.175395 -1 -0.00176159 -0.984353 -0.575019 -1 -1 -1 0.989164 -0.386224 -1 0.319827 -0.910678 -0.702529 -1 -1 -1 -0.702351 -1 -1 -1 
-1 -1 1 -1 -1 -0.13031 -1 -1 -1 -0.313363 -1 0.131247 -0.952498 -1 -1 -0.277843 -0.688065 -1 -1 -0.685154 1 -1 -1 -0.637754 -0.642627 -0.968646 -0.882972 -0.65517 -1 -1 -0.0572325 -1 -0.954394 -1 -1 -0.758436 -1 -1 -0.891446 -1 -1 -1 -1 -1 -0.137679 -1 -0.909969 -1 -1 -0.521136 -1 -1 -1 -1 -1 -1 -0.0724778 -0.697978 -1 -1 -0.475639 -1 -1 -1 -1 -0.81889 -1 -1 -1 -1 -0.5708 -1 -1 -1 0.932142 0.376729 0.0385188 -1 -1 -0.458624 -0.704475 -1 -1 -0.131969 -0.38484 0.0805654 -0.528615 -0.946444 -0.523804 0.0105196 0.760378 -0.179175 -1 -1 -0.908351 -0.202295 -0.272765 0.350477 -1 -1 -0.604942 -1 -1 -0.197397 -1 -0.824229 -1 -1 -0.272832 -1 -1 -1 -0.672513 -1 -1 -1 -0.480144 1 -0.714366 -0.307181 -1 -1 -1 -1 -0.105526 -0.739308 -0.145676 0.252856 -1 -1 -1 -1 -0.406616 -1 -1 -1 -1 -1 
-0.207301 -0.609962 -0.650878 -1 -1 -1 -1 -1 -1 -0.886506 -0.83672 -0.627605 -0.639988 0.297104 -1 0.446737 -1 -1 -1 -1 -0.772285 -0.280072 -1 -0.594608 -1 -0.350219 -1 0.896664 -1 -0.577247 0.610078 -1 -1 -0.572822 -1 -1 -1 -1 -1 -0.920545 -1 -0.969164 -1 -0.980097 -1 -1 -1 -0.582834 -1 -1 -1 -0.835442 -1 -1 -1 -1 -0.159467 -1 -1 0.100613 -0.986169 -1 -0.612676 -0.43413 -1 0.172198 -1 -0.992705 -1 0.891601 -1 -1 -0.635474 -1 -0.256687 -1 0.493478 -0.198375 -1 -1 -1 -0.642493 -0.386976 -0.578507 -0.662691 -1 -0.935669 -1 -1 -0.979294 -0.685873 -1 -0.385095 -1 -1 -0.600993 -0.704536 -0.46705 -0.0697559 -1 -1 -0.982742 -0.624331 -1 -1 -1 -0.854453 -1 -1 -1 -1 -1 -1 -0.885862 -0.896313 -1 -1 0.789699 -0.770698 0.55213 -0.945937 0.376896 -1 -0.015031 -1 -0.708064 -1 -0.199271 -1 -1 -1 -1 -0.607499 -1 -0.516266 -0.60984 -0.647019 -1 
-1 -1 0.086289 -0.460881 -1 -0.960382 -1 -0.289877 -0.415016 -1 -0.482164 0.75586 -0.310484 -0.620732 -0.493269 -1 -1 -1 -1 -1 -0.324798 0.289713 -0.751688 -0.155689 -1 -0.988979 0.469989 0.173713 -0.826438 0.10819 -0.729254 -1 -1 -1 -1 -0.276328 -0.871131 -1 -0.760913 -1 -0.455003 -0.128931 -0.676179 -0.790405 -0.915757 -0.074993 -0.257721 -0.702783 -0.271798 -1 0.0906613 -0.85697 -0.00131005 -1 -1 0.201359 -1 -1 -1 -0.373873 -1 0.00406125 -0.130428 -1 -1 -0.581064 -1 -0.82845 -1 -0.766898 0.365853 0.383328 -0.926504 0.68858 -0.914031 -0.181907 -0.809026 -0.670939 -0.153721 -1 -1 -0.809062 -0.447894 -1 -1 -0.945017 0.363359 -0.706478 -1 0.202994 -0.752736 -0.86088 -0.985126 -0.936401 -0.711451 -1 0.175045 -1 -0.8045 -0.462334 -0.613636 -1 -0.761914 -1 -1 -0.526372 -0.743032 -0.819307 -1 -1 -0.927459 -1 -0.243911 -0.776962 0.0369253 -0.828755 -0.585625 -0.279401 -1 0.421719 -0.959407 0.624297 -1 -1 0.996022 0.0236384 -0.812345 0.875432 0.000169426 0.616466 -0.3891 -1 -1 -0.78282 -0.0498808 -0.838699 -1 -0.964964 
-0.08275 -0.609962 -1 -0.739369 -1 -1 -0.828776 -1 -1 -0.495566 -0.698111 -0.627605 -1 0.676124 -1 0.446737 -0.94651 -1 -1 -1 -1 -0.280072 -1 -0.831028 -1 -0.350219 -1 0.896664 -1 -0.577247 0.610078 -1 -1 0.792341 -1 -0.21943 -1 -1 -1 0.668332 -0.927722 -1 -1 -1 -0.412022 -1 -0.752724 -0.759186 -1 -0.88621 -0.753346 -1 -1 -1 -1 -1 -0.159467 -1 -1 0.100613 -1 -1 -0.990547 1 -1 0.0959945 -1 -0.992705 -1 0.405296 -0.721729 -1 -0.635474 -1 0.414563 -0.259231 0.493478 -0.393713 -1 -1 -1 -0.642493 -0.210278 -0.947313 -0.76891 -1 -0.935669 -1 -1 -0.691729 -0.685873 -1 -0.385095 -1 -1 -0.655865 -1 -0.774469 -0.0697559 -0.815212 -1 -1 -1 -1 -1 -1 -1 -1 -1 -1 -1 -1 -0.690546 -0.583732 -0.896313 -1 -1 0.910884 -1 0.55213 -0.793821 0.159961 -1 -0.530036 -1 -0.708064 -1 -0.199271 -1 -1 -1 -1 -0.607499 -1 -0.516266 -1 -0.573937 -1 
0.370875 -0.116672 0.712142 -1 -1 -0.632546 1 -0.131415 -0.980791 -0.273203 -0.766325 -0.778781 -1 -1 -0.520483 -0.586702 -0.174462 -0.0825513 -0.208727 0.4733 -1 -0.209464 -0.837819 0.0601547 -0.442243 -0.0336572 -1 -0.876904 -0.238635 -0.824591 -0.703561 -0.866394 -0.92144 -1 -1 -1 0.878637 -0.860548 -0.969561 -1 -1 0.294741 -0.217682 -1 -1 -1 -0.72463 -1 -0.0497911 -1 0.109643 -1 0.150773 -0.876317 0.980158 -0.785402 -1 -0.267561 -1 -0.0369433 -0.408846 1 -1 -1 -0.968285 0.0428177 -0.93218 -1 -1 -1 -1 -1 -1 -1 0.833832 0.407195 0.0961655 0.213447 -0.189028 0.439015 0.148456 -1 -1 -0.649503 -1 -1 -0.725145 -0.641114 -1 -0.810088 0.325006 0.0684603 -1 -0.509975 -0.970805 -1 0.00449979 -0.817972 -1 -0.566128 -1 -1 -0.687237 -0.457933 -0.794452 0.561408 -0.0164219 -0.408259 -0.377613 -1 -1 -1 -0.698606 -1 -1 -0.950688 -1 0.102918 -1 0.00973308 -0.336483 -1 -1 -0.613238 -1 1 -1 -0.508432 -0.880731 0.0867167 -1 -1 -0.759013 -0.788394 -1 -0.228733 -1 -1 
-1 -0.841442 0.405385 -6.83367e-05 -1 -0.809387 -1 -0.795541 -0.578461 -0.893002 -1 -0.219835 0.0393164 -0.709633 -1 -1 -0.967406 -1 -1 -0.869825 -0.365819 -1 -1 -0.910706 -1 -1 0.43828 0.76757 -1 -1 -0.0996338 -1 -0.615096 -1 -0.82276 -1 -0.432076 -0.713345 -0.392571 -1 -1 -1 0.772732 -1 -1 -0.987826 -0.919536 0.235161 -0.795382 -1 -1 -1 -1 -1 -1 -0.933432 -1 -0.971777 -1 -1 -1 -1 -0.218721 -0.488986 -1 -1 -0.65495 -1 -0.679171 -1 0.681534 -0.329279 -0.884355 -0.405345 0.133978 -1 -0.682595 -0.714357 -1 -0.65998 -0.407103 -0.0782278 -0.632368 -0.370608 -0.294016 -1 -0.18613 -1 -1 -0.701344 -1 -0.868677 -1 -1 -0.756186 -0.846705 -0.958123 -1 -0.716706 -1 -1 -0.757738 -1 -0.653545 -0.706379 -0.609034 -0.7731 -0.553755 -0.859619 -1 -1 -0.798633 0.0915919 -0.83638 -1 -1 -1 -0.251526 -0.537855 0.0430288 -1 0.232415 -0.841318 0.518394 -1 0.450213 -0.668369 -0.458611 0.00756958 0.112903 -0.801577 -1 -1 -1 -1 -1 -1 -1 
-1 -0.841442 0.405385 -0.905757 -1 -0.809387 -1 -0.795541 -0.578461 -0.893002 -1 -0.219835 0.0393164 -0.709633 -1 -1 -0.967406 -1 -1 -0.869825 -0.365819 -0.729302 -1 -0.910706 -1 -1 0.43828 0.76757 -1 -1 -0.0996338 -1 -0.615096 -1 -0.82276 -1 -0.432076 -0.713345 -0.392571 -1 -1 -1 0.772732 -1 -1 -0.987826 -0.919536 0.235161 -0.795382 -0.673033 -1 -1 -1 -1 -1 -0.933432 -1 -0.971777 -1 -1 -1 -1 -0.218721 -0.488986 -1 -1 -0.65495 -1 -0.679171 -1 0.681534 -0.329279 -0.884355 -1 0.133978 -1 -0.682595 -0.400189 -1 -0.65998 -0.407103 -0.0782278 -0.632368 -0.370608 -1 -1 -0.18613 -1 -1 -1 -1 -0.868677 -1 -1 -0.756186 -0.846705 -0.760489 -1 -0.716706 -1 -1 -1 -1 -0.98055 -0.706379 -0.609034 -0.595707 -0.553755 -0.859619 -1 -1 -1 -0.995164 -0.83638 -1 -1 -1 -0.251526 -0.537855 0.0430288 -1 0.232415 -0.841318 0.518394 -1 0.450213 -0.283118 -0.458611 -0.0419908 0.280956 -0.801577 -0.646967 -1 -1 -1 -1 -1 -1 
-1 -1 -0.272462 -0.461616 -1 -0.812801 -1 -1 -0.415016 -1 -1 -0.320733 -0.0653108 -1 -1 -1 -1 -1 -0.636407 -1 -1 -1 -0.550142 -0.955357 -1 -1 0.59308 -1 -1 -0.344887 -1 -1 -1 -0.851546 -1 -0.433167 -0.708995 -1 -0.959833 -1 -0.5266 -0.947258 -1 -1 -0.165085 0.0304234 -1 -1 -0.271798 -1 0.0165332 -1 0.20814 -0.411152 -0.646825 0.0460837 -1 -0.815241 -1 -0.184712 -0.634104 -1 -1 -1 -1 -0.916027 -0.502797 -0.54154 -0.225681 -1 0.783365 0.15423 -0.21004 -1 -0.704772 -0.526447 -1 -0.493483 -0.153721 -0.924731 -1 -0.520861 -1 -0.752148 -0.663199 -0.851665 -0.168864 -1 -1 -0.792112 -1 -1 -0.638093 -1 -1 -1 -1 -0.879368 -0.8045 -0.504555 -1 -1 -0.754065 -1 -1 -1 -1 -1 -1 -1 -0.457207 -0.938566 0.392249 -0.93588 0.0864462 -0.828755 -0.585625 -0.279401 -1 0.343348 -1 0.624297 -0.977439 -1 0.996022 0.289043 -0.750364 0.803003 0.000169426 -0.178439 -0.361274 -1 -1 -0.78282 -1 -0.908817 -1 -1 
-1 -0.131602 1 -0.215586 -1 -0.809387 -0.607507 -1 -1 -1 -1 0.624275 0.0971861 -0.709633 -1 -0.681742 -1 -1 -1 -1 -0.365819 -1 -1 -0.910706 -1 -1 0.43828 0.392327 -0.248603 -0.823158 -0.0996338 -1 -0.615096 -1 -0.82276 -1 -0.432076 -1 -0.322184 -1 -1 -1 0.772732 -1 -1 -0.24697 -0.380103 0.235161 -0.678551 -1 -1 -1 -0.792082 -0.731588 -1 -1 -1 -0.971777 -1 -1 -1 -1 0.831896 -0.389475 -1 -1 -0.65495 -1 -0.679171 -1 0.681534 0.453722 -0.884355 0.200243 0.133978 -0.850324 -0.682595 -0.714357 -1 -1 -0.407103 -0.0782278 -1 -0.967657 -0.294016 -1 -0.18613 -1 -1 -1 -0.942075 -1 -1 -1 -0.417889 -0.846705 -0.958123 -1 -0.716706 -0.566164 -1 -1 -1 -0.653545 -0.706379 -0.802132 -0.7731 -0.553755 -0.859619 -0.857262 -0.505975 -0.798633 0.0915919 -0.83638 -1 -1 -1 -0.418217 -0.537855 -0.409112 -1 0.369253 -0.841318 0.409398 -1 0.450213 -1 -0.163128 0.00756958 0.112903 -1 -1 -1 -0.630664 -1 -1 -1 -0.998359 
-1 -0.711539 -1 -1 0.977614 -1 -0.935933 -0.614756 0.353086 0.0596358 -0.861476 -1 -0.141951 -1 -0.678228 -0.903606 -1 0.736038 -1 -1 -1 0.18759 -0.652398 -1 -1 -1 -1 -1 -1 -1 -1 -0.000469774 -0.0311958 -0.858662 -0.680284 -0.34835 -1 -1 -1 -0.996308 -0.965201 -1 -0.828609 -0.674275 -0.1197 -0.326574 -1 -1 -1 -1 -1 -1 -1 -1 -0.395854 -0.970376 -0.892434 -1 -1 -1 -0.949952 -1 -0.391797 -1 -1 -0.978447 -1 -0.824656 -1 -1 -1 -0.435166 -1 -1 -1 -1 -1 0.709072 -1 0.135441 -1 -0.628055 -0.922414 -1 -1 -0.64365 -0.65153 -0.623102 -0.835245 -1 -1 -1 -0.899392 -0.660851 -1 -1 -1 -0.864092 -0.729741 -0.561588 -1 -1 -0.723532 -0.216675 -1 -1 -1 -0.634426 -1 -0.247209 -1 -1 -1 0.760629 -1 -1 -1 -0.0845809 -1 -0.00176159 -0.825497 -1 -1 -1 -1 0.989164 0.441233 -0.65274 0.505007 -1 -0.702529 -0.952291 -1 -1 -1 -0.778341 -1 -1 
-1 -1 0.086289 -0.460881 -1 -0.960382 -1 -0.868173 -0.415016 -1 -0.328317 0.899961 -0.228248 -0.00651233 -0.688561 -1 -1 -1 -1 -1 -0.107618 0.289713 -0.495541 -0.155689 -1 -1 0.469989 0.128448 -0.826438 0.10819 -0.729254 -1 -1 -1 -1 -0.588082 -1 -1 0.0702699 -0.478747 0.109871 -0.867323 -0.676179 -0.432878 -0.719922 -0.074993 -0.257721 -1 -0.271798 -1 0.0906613 -1 -0.00131005 -1 -1 0.629442 -1 -1 -0.979917 -0.252629 -1 -0.395816 -0.130428 -1 -1 -0.937635 -0.942256 -0.351857 -0.225681 -0.766898 0.783365 0.544593 -0.572245 0.928926 -0.914031 -0.767627 -0.809026 -0.670939 -0.153721 -1 -1 -0.398487 -0.447894 -0.865057 -0.942461 -1 0.363359 -1 -1 0.1425 -0.752736 -1 -1 -0.936401 -0.711451 -1 0.157464 -1 -0.8045 -0.71715 -0.20781 -1 -0.761914 -1 -1 -0.526372 -1 -1 -1 -0.876491 -0.764458 -0.89896 -0.243911 -0.776962 -0.295522 -0.828755 -0.585625 -0.279401 -1 0.421719 -1 0.624297 -1 -1 0.996022 -0.404933 -1 0.705098 0.000169426 0.616466 -0.3891 -1 -0.613124 -0.78282 -0.0498808 -0.583586 -1 -0.964964 
-0.0625644 -1 0.758634 -1 -1 -0.863461 -0.19053 -1 -0.70476 0.80917 -0.994502 -1 -0.818116 0.514131 -1 -0.501565 0.943304 -1 -1 -0.800433 -1 -1 -0.343748 -1 -0.669513 -0.0113124 -1 -0.705107 0.0255042 0.0413701 -0.711414 -1 0.531035 -0.389736 -1 -0.190034 -1 -0.726213 -1 -1 -0.316288 -1 -1 0.214505 1 -1 0.450636 -0.00348037 -0.860141 -0.659005 -0.054677 -1 -1 -0.702709 -1 0.141215 -0.199473 -1 -1 1 -1 -0.705665 -0.81517 -1 -0.191448 -0.352715 -1 -0.716809 -0.871531 -1 -0.618874 -0.817468 -1 -1 -0.854322 -0.786247 -0.50994 -1 -0.683893 -0.959451 -0.712624 -1 0.511925 -1 -0.333315 0.445368 -1 -1 -1 -1 -0.362265 -0.464942 -1 -0.87097 -0.806869 -0.146911 -1 -1 -0.642738 -0.608326 -1 -1 -0.673506 -1 -0.525718 -0.825111 -0.607978 -0.201345 -1 -0.565915 -0.151328 -1 -0.742217 -1 0.0724148 -1 -1 -1 -1 0.322661 -0.874907 -1 -0.279972 -1 -1 -0.124454 -1 -0.923075 -0.891553 -1 -1 -0.969108 -1 -0.63554 -0.949665 -0.658627 0.481579 -1 
-0.675618 -0.58376 -1 -1 -0.68742 -0.701039 -1 -0.447078 -0.579662 -0.664143 -0.896238 -0.306486 -0.399883 -1 -1 -0.38033 -0.781863 -0.959208 -0.605518 0.667728 -1 -0.784208 0.221752 -0.712335 -1 -0.963917 -0.593536 -0.293479 -1 0.0299302 -0.530352 -0.390334 -1 -0.497442 -0.651776 0.46695 -0.176965 -0.097048 -0.963103 -1 -0.187327 -0.881256 -0.667574 -0.595056 -0.392501 1 -0.0687305 -0.366729 -0.638066 -1 0.482141 -1 -1 -0.318868 -0.894373 -1 -0.126281 -1 -0.767317 -0.93874 -0.658227 0.521744 -1 -0.75557 -0.105582 -1 -0.699955 -0.339039 -1 -0.422294 -1 0.144677 -0.88014 -0.261224 -1 -0.0439778 -1 0.57568 -1 -1 -0.969502 0.513894 -0.398202 -1 -0.603544 0.877399 -1 0.540591 -0.736508 -0.72451 0.0506312 -1 -0.910431 0.650671 -0.509772 -0.77874 -0.906562 -1 -0.665533 0.687779 -0.711883 -0.233704 -0.432165 0.146797 -0.829331 -1 -0.819954 -1 -0.856764 -1 -0.957637 -0.560025 -0.807828 0.758046 -1 -0.921433 -0.108249 -1 -1 0.0948921 0.680219 -1 -0.721387 0.514179 -1 -1 -0.1637 -0.942261 -1 0.164755 -0.728977 0.181327 -0.0115231 -0.125001 0.0823663 0.458862 0.989971 -1 
-1 -1 -1 -0.709484 1 -0.346957 -1 -0.614756 0.353086 0.0596358 0.41271 -1 -0.141951 -0.859831 -0.0474297 -0.328761 -0.492179 0.571811 -1 -0.489852 -1 -0.377389 -1 -0.726478 -1 -0.997271 -0.923863 -0.430225 -1 -1 -0.788165 -0.112103 -0.0311958 -0.798478 -0.699236 0.345416 -1 -1 -0.193881 -0.637221 -0.965201 -1 -1 -1 0.269259 -0.476497 -1 -1 -0.456216 -1 -1 -0.980078 -1 -1 -0.395854 -1 -1 -0.703092 -1 -1 -1 -1 -1 -1 -1 -1 -1 -1 -1 -1 -0.794239 -0.815811 -1 -1 -1 -1 -1 1 -1 0.0439214 -1 -0.828373 -1 -1 -0.966422 -0.941552 -0.888614 0.496017 -0.274949 -0.664454 -1 -1 -0.899392 -1 -1 -1 -0.156746 -0.850621 -1 -0.865733 -1 -1 -0.280472 -0.50743 -0.335717 -1 -1 -1 -0.521075 -0.247209 -1 -1 -1 0.760629 -0.671065 -1 -1 0.175395 -0.571501 -0.00176159 -1 -1 -1 -1 -1 0.989164 0.441233 -0.65274 0.319827 -1 -0.702529 -1 -0.849975 -1 -1 -1 -1 -1 
-1 -1 -1 -1 0.370369 -0.705747 0.94431 -1 -1 -1 -0.661425 -0.580609 -1 -0.760281 -0.984631 -0.731225 -1 -1 -0.886299 -1 -0.765848 -0.762179 -1 -1 -1 -0.742337 -0.847095 -0.818167 -0.885338 -1 -0.586899 -0.533947 -1 -1 -0.551312 0.0859998 -0.802113 -1 -1 -1 -0.136093 -0.31346 -0.673641 -1 -1 -0.805882 -1 -1 -0.720186 -0.607004 -0.905402 -0.573821 -1 -0.62491 -1 -1 -1 -1 -1 -1 -1 -1 -1 -1 -1 -1 -0.634364 -1 -1 -1 -0.997788 -1 -1 -0.875386 -1 -1 -1 -1 -0.841396 -1 -1 -1 -1 -1 -1 -1 -1 -0.675106 -1 1 -0.889693 -1 -0.81099 -1 -1 -1 -1 -1 -1 -1 -1 -1 -0.628001 -1 0.119874 -1 -0.956814 -1 -0.852333 1 -1 -0.968721 -1 -0.977906 -1 -1 -1 0.474958 -1 -1 -0.836231 -1 -0.621525 -1 -1 0.837556 -1 -1 -0.659713 0.283218 -1 -1 -1 -1 -1 -0.806105 -1 -0.96944 
-0.874429 -0.227257 0.355044 -0.252077 -0.869107 -0.908848 -1 -1 -0.25993 -1 -1 -0.481156 0.284205 0.00342155 -1 -1 -1 -0.620343 -1 -0.811674 0.131472 -0.152543 -1 -0.629615 -1 -0.369852 0.995031 0.639929 -1 -0.761566 0.207658 -1 -0.941004 -1 -1 -0.283168 -0.432076 0.0947458 -0.0339315 -0.623266 -0.312993 -1 0.660795 -1 -0.439805 0.0402967 -1 -0.218059 -1 -1 -0.60491 -1 -0.283068 -0.991519 -1 0.0598325 -0.407681 -1 -0.0542102 -0.37131 -1 -0.076488 0.494889 -0.504746 -1 -0.912899 -1 -0.295527 -0.438477 -0.771392 -0.143058 0.62506 -0.447328 -0.0937327 0.759114 -0.502504 -0.016756 0.687034 -1 -0.818976 -1 -1 -0.492968 -0.787062 -0.427906 -0.270799 0.117198 -0.946039 -1 -0.165251 -0.724397 -1 -1 -1 0.0986617 -1 -1 -1 -1 -1 0.26694 -1 -0.690346 -0.943998 -0.303642 -0.239398 -1 -1 -0.690607 -0.865422 -0.811301 -0.791269 -1 -1 -0.771478 -1 -0.508801 0.0387259 -0.826033 0.124315 -0.627307 1 -0.221378 -0.299605 0.996022 -0.235372 -1 0.410495 -0.260706 -0.296077 -0.558155 -1 -0.551688 0.197445 -1 -0.583586 -1 -1 
-0.207301 -0.609962 -1 -1 -1 -1 -0.828776 -0.617136 -1 -0.643107 -0.698111 -1 -1 1 -0.752707 -0.40547 -0.0830048 -1 -1 -1 -0.86869 -0.280072 -1 -0.831028 -0.807978 -0.109931 -1 -0.409302 -1 -0.577247 0.449975 -1 -0.842033 0.528339 -1 -0.21943 -0.996322 -0.881024 -1 0.517217 -1 -1 -1 -0.788416 -1 -1 -0.653943 -1 -1 -0.407553 -1 -1 -1 -1 -1 -0.980798 -1 -1 -0.822232 0.100613 -0.649933 -0.662936 -0.990547 1 -1 -0.275095 -1 -0.992705 -0.481926 -0.296136 -1 -1 -0.879917 -1 0.466152 -0.259231 0.493478 -0.86103 -1 -1 -0.862047 -0.642493 -0.210278 -0.947313 -0.53434 -1 -0.935669 -1 -1 -1 -0.685873 -0.818477 -1 -1 -1 -0.600993 -0.189121 -0.796636 -0.382081 -0.771684 -0.900699 -1 -1 -1 -0.940826 -1 -1 -1 -1 -1 -0.863428 -1 -0.814778 -0.802997 -0.848699 -1 -1 1 -1 0.511916 -0.876277 0.159961 -1 -0.573567 -1 -0.708064 -1 -0.199271 -1 -1 -1 -1 -0.89288 -1 -1 -1 -1 -0.626383 
-1 0.676973 -0.499758 -1 -0.558851 -0.974063 0.620461 0.10731 -0.507027 -0.813709 0.938123 0.587781 -0.631129 0.0473019 -0.58193 -0.89925 -1 -1 -1 -1 -0.862218 -0.944585 -1 -0.813888 -1 0.164109 0.92304 0.186395 0.330911 -1 0.348047 -0.00910239 -0.951208 -0.296773 -0.459892 -1 0.586821 -1 -0.0884787 0.678528 -0.644412 0.932931 1 -0.432647 -0.419939 -0.348525 0.245553 -0.624732 -0.78977 -1 -1 -1 -0.397494 0.104119 0.941055 0.0564048 -0.739995 -1 0.107123 -1 -1 -0.145965 -1 -1 0.166763 0.997759 -1 -1 0.90064 -0.786389 -1 0.226353 0.82925 1 -0.968276 -0.957494 -1 -0.561864 -1 -0.600574 -1 -1 -0.460118 -1 -1 0.45304 -1 -0.691379 0.311799 0.00533745 -0.644099 0.799645 -0.373668 -0.51447 -0.98762 -0.537362 -0.403746 0.242553 -1 -0.248686 -0.400567 0.549714 0.704616 -0.617237 0.0794789 0.655485 -0.08214 -1 -0.119114 0.442847 -0.891377 0.0252826 0.523631 0.802305 0.530432 0.584147 -0.871675 -0.755262 -0.602065 0.315531 -0.0130937 -1 -0.356442 -1 -0.315464 -0.119213 -0.435335 -0.275947 -0.0531853 -0.340621 -1 0.172963 -1 -0.085072 0.841393 -1 -0.88648 -0.866689 
-1 -1 -0.293835 -0.461616 -1 -0.812801 -1 -1 -0.353007 -1 -1 -0.331257 -0.122607 -0.844927 -0.688561 -1 -1 -0.651975 -0.636407 -0.859931 -1 -0.758206 -0.495541 -0.608217 -1 -1 0.672031 -0.491074 -1 -0.383191 -1 -1 -0.912005 -1 -1 -0.0253474 -1 -1 -0.572401 -1 -0.5266 -0.668366 -0.676179 -1 -1 -0.960705 -1 -1 -0.271798 -0.753505 -0.967934 -1 0.0406483 -0.0300834 -0.702616 0.373608 -0.79035 -1 -1 -0.184712 -0.634104 -1 -1 -1 -1 -1 -0.721084 -0.54154 -0.225681 -1 0.496566 0.336541 -0.422256 0.0259732 -0.704772 -1 -1 -1 -0.153721 -1 -1 -0.520861 -1 -0.943275 -0.663199 -0.851665 -0.168864 -1 -1 -0.792112 -0.641135 -1 -0.638093 -1 -1 -1 -1 -0.879368 -1 -0.504555 -1 -1 -1 -1 -1 -1 -1 -1 -1 -1 -0.457207 -0.938566 0.392249 -0.93588 0.0864462 -0.828755 -0.585625 -1 -1 0.274196 -1 0.915774 -1 -1 0.996022 0.289043 -0.750364 0.803003 -0.158036 -0.178439 -0.361274 -1 -1 -0.78282 -1 -0.583586 -1 -1 
-1 -1 -0.80552 -0.709484 -0.00828016 -0.346957 -1 -1 -0.84236 -0.0165491 -0.68114 -1 -1 -1 -1 -0.139602 -0.189145 0.300426 -1 -0.983115 -0.94525 -1 -1 -0.726478 -0.657387 -0.997271 -0.974519 -0.562327 -0.819431 -1 -1 -0.599397 -0.0311958 -1 -0.699236 0.0383385 -1 -1 -0.193881 -1 -1 -1 -0.793459 -1 -0.000411838 -1 -1 -1 -1 -1 -1 -1 -1 -1 -0.60629 -0.967697 -1 -1 -1 -0.896105 -1 -1 -1 -1 -1 -1 -1 -1 -0.714257 -1 -0.962085 -1 -1 -0.682789 -1 -1 -0.986005 0.727107 -1 -0.557822 -1 -1 -0.60078 -1 -1 -0.941552 -0.888614 -0.788794 -0.274949 -1 -1 -0.999248 -1 -1 -1 -1 -0.14319 -1 -1 -0.749041 -1 -1 -0.280472 -0.941 -0.738458 -1 -1 -1 -0.521075 -0.247209 -1 -0.847379 -1 -0.110721 -1 -0.79683 -1 -0.605539 -0.695916 -0.00176159 -0.776973 -0.986117 -1 -1 -0.350898 0.0812706 -0.663452 -0.65274 0.319827 -0.680568 -1 -1 -0.849975 -0.678616 -0.91957 -1 -0.699733 -0.931273 
-0.586884 -1 -1 -0.561324 0.903119 -1 -0.989406 -1 -1 -0.238666 -0.762249 0.335447 -0.199003 0.319701 0.99333 0.364148 0.375139 -0.701537 -0.704923 -0.926425 0.0833907 -1 -1 -0.781412 -0.499004 -0.491643 -1 -0.373477 -1 -1 -1 -0.822475 -0.061497 0.0326218 -0.0168225 -1 -1 -1 -1 -0.0560002 0.372596 -0.230411 -0.860445 -0.0290152 0.153879 -1 -1 -1 -0.803312 0.0960228 -0.672335 -0.413978 -1 0.693519 -1 0.503266 -1 0.375165 -1 -0.208788 -1 -1 -0.360473 0.467154 -0.97805 -0.379296 -1 -1 0.916137 0.237681 -1 -1 -1 0.885224 0.715713 0.767023 -0.630576 -0.865197 -0.62895 -1 -1 -0.451175 -0.685314 -1 0.227714 -1 1 -0.782878 -1 -0.651316 -1 -0.441674 -1 -1 -1 0.622242 -0.120088 -1 -1 -0.129248 -0.823594 -0.743208 0.534364 -0.730678 -0.456682 -1 -0.824095 -1 -0.905308 -1 -0.872118 -0.440181 -1 -0.739312 0.0881076 -0.233402 -1 0.248228 -0.312394 -0.403105 -0.649407 -1 -0.834982 0.604892 -0.228414 -1 -0.288017 -0.432353 -0.446279 -0.0110074 -0.758157 -1 -1 -0.690338 -0.713256 -0.611085 -0.563377 -1 
0.0238086 -0.607345 0.644263 -1 -1 -0.632546 0.953357 -0.197524 -1 0.0995212 0.261307 -0.870995 -1 -1 -0.619024 0.573317 -0.719296 -0.164485 -0.218054 0.603585 -0.65257 -1 -0.914321 -0.0352274 -0.353451 0.0954771 -1 -1 -1 -1 -1 -0.545532 -0.92144 -1 -0.317213 -1 -1 -1 -1 -1 -1 -1 -1 -1 -1 -0.421964 -1 -0.675065 0.401998 -1 -0.65171 0.723754 0.150773 -0.632377 0.633464 -0.627564 -1 -0.747379 -0.603595 -0.385716 -0.710984 1 -1 -1 -0.968285 -1 -1 -1 -1 -1 -0.981028 -1 -0.540786 -1 -0.27754 -0.631475 -0.674411 -0.220738 -0.189028 -1 0.0348936 -1 -1 -0.920351 -1 -1 -1 -1 -1 -0.796155 0.325006 0.267157 -1 -0.116177 -1 -0.980495 -1 -0.0636762 -1 -0.634651 -1 -1 -0.925419 -1 -0.49359 0.0406783 -0.178172 0.511388 0.506441 -1 -0.66902 -1 -0.877428 -1 -1 -0.580832 -0.556868 -1 -1 -0.0109185 -0.429592 -0.637502 -0.714912 -0.653352 -1 0.691304 -0.654598 -1 -1 0.0719755 -1 -1 -0.759013 -1 -1 -1 -1 -1 
-1 -1 1 0.773718 -1 -1 -1 -0.681247 -1 -0.949709 -1 0.0533312 -0.629246 -1 -1 -1 -1 -0.624947 -1 -1 -0.297683 0.570736 0.106345 -0.943768 -0.712961 -0.83559 1 0.425226 -0.533709 -1 -0.328535 -0.793695 -1 -0.896826 -0.951649 -0.602519 -0.432076 -0.815692 -0.445583 -0.393449 -1 -1 0.398992 -0.867879 -0.940811 -0.074993 -1 -1 -0.360672 -1 -0.61177 -0.709934 -1 -1 -0.859684 -0.275902 -0.407681 -0.642909 0.0764374 -1 -1 -1 -1 -0.0460835 -1 -1 -1 -1 0.497122 -1 0.539464 1 -0.688637 -1 0.759114 -1 -0.609577 0.116271 -1 -1 -0.992958 -0.822254 0.324634 -1 -0.427906 -0.828293 -0.278565 -1 -0.816268 -0.0785413 -1 -0.711703 -1 -0.66568 -0.554112 -0.939711 -1 -0.911661 -1 -1 -0.0412979 -0.462553 -1 -1 -0.624619 -0.894103 -0.837508 -1 -1 -1 -0.553344 -0.791269 -1 -1 -0.873403 -1 -0.61254 -0.611534 -0.872793 0.124315 -1 0.624297 -1 -0.127087 1 -1 -1 0.410495 -0.280033 -0.432596 -1 -1 -0.667134 -0.760984 -0.235053 -1 -0.794202 -1 
0.12677 -1 0.919134 -1 -1 -0.863461 -1 -1 -0.880863 -0.0907257 -0.508345 -0.835986 -0.918631 0.358948 0.221293 0.620062 0.943304 -1 0.335874 -0.800433 -1 -1 -0.190874 -1 -1 -0.0113124 -1 -1 -1 -1 -0.718624 -1 1 -0.389736 -1 -1 -1 -0.987433 -0.68088 -0.923583 0.5693 -1 -0.819853 0.214505 0.773786 -0.385448 0.489799 0.710556 -0.83138 -0.659005 -0.054677 -1 -0.613152 -0.950666 -0.925718 -0.190934 -0.199473 -1 -1 0.0922286 -0.930017 -1 -1 -1 0.0220275 0.0703773 -1 -1 -1 -1 -1 -1 -1 -1 -0.788856 -1 -0.431307 -1 -0.00378746 -1 -1 -1 0.336567 -1 -0.598615 0.842882 -1 -1 -0.546908 -0.373743 -0.362265 -0.464942 -0.39601 -1 -0.848852 0.537817 -0.54777 -1 -1 -0.275989 -1 -1 -1 -1 -1 -0.825111 -0.607978 0.326961 -0.569736 -1 0.128681 -0.47583 0.366555 -0.869635 0.25881 -0.628264 -1 -1 -1 0.529034 -1 -1 -0.988571 -1 -1 -0.416745 -1 -1 -1 -1 -1 -0.969108 -1 0.145044 -1 -1 0.649691 -1 
-1 0.352146 -0.420518 -0.232748 0.285689 -1 0.495397 -0.796026 -0.707532 -0.873315 0.938123 -0.460985 0.317851 0.0473019 -0.58193 -1 -1 -0.56645 -1 -0.462198 -0.862218 -0.639157 -0.994865 -1 -0.986546 0.544165 0.226056 -1 0.330911 -1 0.398945 -0.0177615 0.282957 0.885497 -0.657098 -0.639911 -0.326838 0.42564 0.461606 -0.228255 -0.53493 0.690217 1 -0.745929 -0.419939 -0.532395 0.2555 -0.470435 -0.909592 0.230372 -0.636786 -0.629098 0.609517 -0.327697 0.0164825 0.891988 -0.497191 -0.937229 0.0518896 -0.978624 -0.903549 -0.553543 -0.82778 -0.309764 0.787435 0.986621 -1 -1 0.505128 -0.928613 -0.908982 0.226353 0.649448 -0.314869 0.497007 -0.692188 -0.995605 -0.561864 -0.551128 -0.737476 -1 -1 -0.0979931 -1 -0.596287 0.45304 0.415274 -0.374687 0.857929 0.00545415 0.627223 0.777383 -1 0.485467 -0.192986 -0.537362 0.695039 0.687635 -0.0910508 -0.694744 0.773786 0.191178 0.011638 -0.510021 -0.464502 0.195395 -0.274555 -1 -0.377432 0.587142 -0.891377 0.0252826 0.693483 1 0.645072 0.277971 -1 -1 -0.602065 0.415202 -0.426541 -1 -0.352171 -1 0.33001 -0.10099 -0.657078 -0.275947 -0.182198 -0.340621 -0.317022 0.172963 -1 -0.085072 0.841393 -0.961558 -0.00560108 -0.866689 
-1 -1 -1 -0.709484 0.977614 -0.346957 -1 -0.614756 0.353086 -0.17404 -0.344189 -1 -0.296345 -0.859831 -0.0474297 -0.0690182 -0.350571 0.571811 -1 -0.489852 -1 -0.143498 -0.86971 -0.726478 -1 -0.997271 -1 -1 -1 -1 -1 -0.348251 -0.693113 -1 -0.699236 0.575053 -1 -1 -0.669506 -0.881491 -1 -1 -1 -1 0.269259 -0.825831 -1 -1 -0.957831 -1 -1 -1 -1 -1 -1 -1 -1 -1 -1 -0.273426 -1 -1 -0.391797 -1 -0.880284 -1 -1 -1 -1 -1 -0.95039 -0.815811 -1 -1 -1 -0.669333 -0.686908 1 -1 0.0439214 -1 -0.503322 -1 -1 -1 -0.941552 -1 -0.238898 -0.274949 -1 -0.78495 -1 -0.672606 -1 -1 -1 -0.156746 -0.797939 -1 -1 -1 -0.940881 -0.280472 -0.50743 -0.335717 -0.959737 -1 -0.573855 -0.865317 -0.247209 -0.655653 -1 -1 0.760629 -1 -1 -1 0.175395 -1 -0.00176159 -0.984353 -0.575019 -1 -1 -1 0.989164 0.798299 -0.65274 0.319827 -1 -0.702529 -0.982782 -1 -1 -0.702351 -1 -0.77429 -1 
-0.671717 0.627324 -0.127016 -0.232748 0.285689 -0.974063 -0.0490555 0.10731 -0.707532 -0.873315 0.938123 0.587781 0.213565 -1 -1 -1 -1 -0.56645 -1 -0.462198 -0.862218 -0.944585 -1 -1 -0.986546 0.997341 0.92304 -0.0105503 -0.534608 -1 0.398945 -0.221372 0.282957 0.885497 -0.657098 -0.639911 0.586821 0.249029 -0.361248 0.678528 -0.844779 0.690217 0.892436 -1 -0.419939 -0.111593 0.184009 -0.470435 -1 -0.161057 -0.636786 -1 0.263526 0.104119 0.700515 0.182992 -0.497191 -0.937229 0.107123 -0.876653 -0.740947 -0.0135619 -0.627339 -0.309764 0.609548 1 -0.811843 -1 -0.164617 -1 -0.908982 0.226353 0.0773389 0.907952 0.497007 -0.957494 -0.995605 -0.561864 -0.673114 -0.0704718 -0.98366 -1 -0.0967309 -1 -0.21816 0.0884585 0.415274 -0.374687 -0.129232 -0.869162 -0.131998 0.569851 -0.373668 -0.633931 0.0218759 -0.537362 0.695039 0.687635 -0.0910508 -0.458948 0.0800248 -1 -0.248669 -0.285038 0.0794789 0.195395 -0.510471 -1 -0.504777 0.480132 -0.891377 -1 0.693483 0.724976 0.645072 0.277971 -1 -0.750414 -0.602065 0.200003 0.1842 -1 -1 -0.904729 0.33001 -0.10099 -0.657078 -0.275947 -0.182198 -0.340621 -0.317022 -0.360877 -0.870998 -0.0772226 0.841393 -0.961558 -0.11103 -0.866689 
-1 -1 1 -0.461616 -1 -0.960382 -0.901414 -0.289877 -0.043203 -1 -1 0.855649 0.0355503 -0.141738 -1 -1 -1 -1 -1 -1 -0.107618 -0.239785 -0.896668 -0.155689 -1 -0.88153 0.322541 -0.925318 -1 -0.757755 -0.776006 -1 -1 -1 -0.776568 -0.600144 -0.625506 -0.296644 -0.232411 -1 0.00833246 -1 -0.676179 -0.608133 -0.417666 -0.0579988 -0.114203 -1 -0.222198 -0.819482 -1 -0.766592 -0.040342 -1 -0.86769 0.982649 -1 -0.623847 -1 -0.387681 -1 -0.195266 -0.130428 -1 -1 -1 -0.434834 -0.49074 0.498643 -1 0.749887 0.655644 -0.572469 0.776822 -1 -0.553827 -0.743051 0.556966 -0.66182 -1 -0.844244 -0.908531 0.489004 -1 -1 -0.722104 0.0336669 -1 -1 0.202994 -0.650355 -1 -1 -1 -0.660165 -0.720334 0.157464 -1 -0.673754 -0.696779 -0.685741 -1 -0.761914 -1 -0.905886 -0.526372 -1 -0.827833 -1 -1 -0.6929 -0.28259 0.675909 -1 0.0864462 -0.828755 -0.585625 -0.279401 -1 0.792821 -0.627307 0.624297 -1 -0.909545 0.429325 0.289043 -0.872485 0.155903 0.000169426 -0.275611 -0.573337 -0.699003 -1 -1 -1 -0.583586 -1 -0.977111 
-1 -1 1 -0.407497 -0.739022 -1 -1 -1 -1 -1 -1 0.0533312 -0.381475 -1 -1 -1 -1 -0.624947 -1 -1 -0.297683 0.304723 0.485895 -1 -0.712961 -0.83559 1 0.335389 -0.853609 -1 -0.668993 -0.740465 -1 -0.896826 -0.807234 -1 -1 -0.265426 -0.654962 -0.478747 -1 -1 0.398992 -0.867879 -0.940811 -0.074993 -1 -0.920897 -0.360672 -1 -0.61177 -1 -1 -1 -0.859684 -0.275902 -0.407681 -1 0.0764374 -1 -1 -1 0.197035 -0.894688 -1 -1 -1 -1 0.497122 -1 0.539464 0.0846214 -0.839424 -1 -0.19808 -0.766363 -0.00812185 0.195811 -0.928095 -1 -1 -0.744009 -1 -0.744918 -1 -0.0436944 -0.278565 -0.891723 -0.93562 -0.887593 -1 -1 -1 -1 0.639455 -0.939711 -1 -0.911661 -1 -0.89342 -0.339643 -0.845467 -1 -1 -0.624619 -0.894103 -1 -1 -0.536414 -1 -0.739148 -0.791269 -1 -1 -0.508716 -1 -1 -0.537931 -0.872793 0.135586 -0.627307 0.576972 -1 -0.600455 0.900913 -0.348477 -1 0.410495 0.044459 -0.192587 -0.571928 -1 -0.667134 -0.760984 -0.235053 -1 -1 -1 
-0.799032 0.352146 -0.127016 -0.232748 0.285689 -0.974063 0.495397 -0.796026 -0.707532 -0.873315 0.938123 0.587781 0.317851 0.0473019 -0.58193 -0.45056 -1 -0.56645 -1 -0.462198 -0.862218 -0.639157 -0.994865 -1 -0.986546 0.544165 0.226056 -1 0.330911 -1 0.398945 -0.0177615 0.282957 0.885497 -0.657098 -0.639911 0.586821 0.42564 0.461606 -0.228255 -0.53493 0.690217 1 -0.745929 -0.419939 -0.148163 0.747323 -0.470435 -0.428922 0.230372 -0.636786 -0.629098 0.609517 0.104119 0.941055 0.891988 -0.497191 -0.937229 -0.196155 -0.978624 -0.740947 0.354326 -0.82778 -0.309764 0.787435 0.997759 -1 -1 0.505128 -0.928613 -0.908982 0.226353 0.649448 0.62651 0.497007 -0.692188 -0.995605 -0.561864 -0.551128 -0.372004 -0.247295 -1 -0.0967309 -1 -0.596287 0.45304 0.415274 -0.374687 0.880038 0.00545415 0.627223 0.777383 -0.444212 0.485467 -0.192986 -0.537362 0.695039 0.687635 -0.0910508 -0.458948 0.773786 0.191178 0.704616 -0.510021 0.0794789 0.195395 -0.274555 -1 -0.504777 0.480132 -0.891377 0.0252826 0.693483 0.802305 0.645072 0.277971 -0.871675 -0.750414 -0.602065 0.415202 0.1842 -1 -0.445408 -1 0.33001 -0.10099 -0.657078 -0.275947 -0.182198 -0.340621 -0.317022 0.172963 -1 -0.085072 0.841393 -0.961558 -0.11103 -0.866689 
-0.207301 -0.609962 -1 -0.739369 -1 -1 -0.828776 -0.617136 -1 -0.495566 -0.698111 -1 -1 1 -1 0.63097 -0.0830048 -1 -1 -1 -1 -0.280072 -1 -0.831028 -0.807978 -0.109931 -1 0.446926 -1 -0.577247 0.449975 -1 -0.842033 0.528339 -1 -0.21943 -0.996322 -0.881024 -1 0.668332 -0.939167 -0.695427 -0.903724 -0.788416 -0.412022 -1 -0.653943 -0.582834 -1 -0.407553 -1 -1 -1 -1 -1 -0.85173 -0.446106 -1 -1 0.100613 -1 -1 -0.990547 1 -0.780017 -0.275095 -1 -0.992705 -0.481926 0.405296 -1 -1 -0.879917 -1 0.449952 -0.259231 0.493478 -0.198375 -1 -1 -0.862047 -0.642493 -0.210278 -0.947313 -0.53434 -1 -0.935669 -1 -1 -1 -0.685873 -0.818477 -0.918832 -1 -1 -0.600993 -0.189121 -0.106067 -0.382081 -1 -0.900699 -1 -1 -1 -0.940826 -0.952886 -1 -1 -1 -1 -0.863428 -1 -0.814778 -0.802997 -0.838976 -1 -1 1 -1 0.55213 -0.793821 0.159961 -1 -0.015031 -1 -0.708064 -1 -0.199271 -1 -1 -1 -1 -0.89288 -1 -0.516266 -1 -0.745432 -1 
-0.207301 -0.609962 -0.650878 -1 -1 -0.833018 -1 -1 -1 -0.886506 -0.83672 -0.627605 -0.639988 0.297104 -1 0.446737 -1 -1 -1 -1 -0.772285 -0.280072 -1 -0.594608 -1 -0.829286 -1 0.896664 -1 -1 0.610078 -1 -1 -0.572822 -1 -1 -1 -1 -1 -0.920545 -1 -0.969164 -1 -0.980097 -1 -1 -1 -0.582834 -1 -1 -1 -0.835442 -1 -1 -1 -1 -0.159467 -1 -1 -0.301053 -0.986169 -1 -0.612676 -0.43413 -1 0.172198 -1 -0.837368 -1 0.891601 -1 -1 -0.635474 -1 -0.781542 -1 0.493478 -0.00319868 -1 -1 -1 -0.642493 -0.386976 -0.578507 -1 -1 -0.935669 -1 -1 -0.979294 -0.685873 -1 -0.385095 -1 -1 -0.600993 -1 -0.46705 -0.0697559 -1 -1 -0.982742 -1 -1 -1 -1 -0.854453 -1 -1 -1 -1 -1 -1 -0.885862 -1 -1 -1 0.789699 -0.770698 0.55213 -0.945937 0.376896 -1 -0.015031 -1 -0.708064 -1 -1 -1 -1 -1 -1 -0.607499 -1 -0.516266 -0.60984 -0.647019 -1 
0.0238086 -0.116672 0.712142 -1 -1 -0.632546 0.953357 -0.197524 -1 -0.059208 0.261307 -0.870995 -1 -1 -0.617505 0.573317 -0.366103 -0.164485 -0.218054 0.603585 -0.871985 -1 -0.858426 -0.0352274 -0.353451 0.0954771 -1 -1 -1 -1 -1 -0.545532 -0.92144 -1 -0.317213 -1 -1 -1 -1 -1 -1 -1 -1 -1 -1 -0.421964 -1 -1 0.401998 -1 -0.93824 0.723754 0.150773 -0.876317 0.633464 -0.627564 -1 -0.747379 -0.603595 -0.385716 -0.710984 1 -1 -0.85575 -0.968285 -1 -1 -1 -1 -1 -0.981028 -0.204064 0.458334 -0.975985 -0.27754 -0.885668 -0.674411 -0.220738 -0.189028 -1 0.0348936 -1 -1 -0.920351 -1 -1 -1 -1 -1 -0.796155 0.325006 0.752357 -1 -0.116177 -1 -0.980495 -1 -0.0636762 -1 -0.634651 -1 -1 -0.925419 -1 -0.49359 0.0406783 -0.178172 0.511388 0.506441 -1 -0.66902 -1 -0.877428 -1 -1 -0.0264762 -0.607562 0.13675 -0.382834 -0.0109185 -0.429592 -0.637502 -1 -0.653352 -1 1 -1 -0.226345 -1 0.0719755 -1 -0.79792 -0.759013 -1 -1 -1 -1 -1 
-1 -1 -1 -0.56097 0.977614 -0.665019 -1 -1 0.73199 0.0596358 0.41271 -0.906937 -0.350963 -0.859831 0.389338 -0.0690182 -0.370028 0.571811 -1 -0.978844 -1 -0.387743 -1 -0.477451 -0.791247 -0.997271 -1 -0.430225 -1 -1 -1 0.138999 0.318159 -0.717467 -0.699236 0.0127383 -1 -1 0.681281 -1 -0.965201 -0.958746 -0.715652 -1 0.269259 -0.476497 -1 -1 -0.85261 -1 -1 -1 -1 -1 -0.395854 -1 -1 -1 -0.745669 -0.352942 -1 -1 -0.604664 -1 -1 -0.901608 -1 -0.5366 -1 -1 0.339496 -1 -0.768887 -1 -0.767593 -1 -1 1 -1 0.0439214 -0.748096 -0.53293 -1 -0.766212 -1 0.369526 -0.915046 0.127206 -0.274949 -1 -0.0184391 -1 -0.385706 -1 -1 -0.846788 0.0101296 -1 -0.829833 -1 -0.835552 -0.940881 -0.280472 -0.50743 -0.335717 -1 -1 -1 -0.386555 -0.247209 -1 -0.686828 -1 0.76449 -1 -1 -1 0.175395 -1 -0.00176159 -1 -1 -1 -0.50241 -1 0.989164 0.935644 -0.65274 0.325313 -1 -0.702529 -1 -1 -1 -0.702351 -1 -1 -1 
-1 -1 -0.293835 -0.0620636 -1 -0.812801 -1 -1 -0.956425 -1 -1 0.112807 0.151686 -0.986497 -1 -1 -1 -0.651975 -0.636407 -1 -0.684608 -0.866875 -0.398981 -0.955357 -1 -1 0.315387 -0.156329 -1 -0.383191 -1 -1 -1 -1 -1 -0.0253474 -0.708995 -1 -0.674433 -1 -0.14267 -0.75312 -1 -1 -0.225943 0.0304234 -1 -1 -0.289407 -0.753505 0.0165332 -1 0.142794 -0.479607 -1 -0.629296 -0.79035 -1 -1 -1 -0.165581 -1 -1 -1 -1 -0.748003 -0.462489 -1 -0.225681 -1 0.783365 0.336541 -0.947187 0.0259732 -0.704772 -1 -1 -0.814521 -0.153721 -1 -1 -0.520861 -1 -1 -0.545592 -0.503099 -0.168864 -1 -1 -0.792112 -0.902033 -1 -0.638093 -1 -1 -1 -1 -1 -0.536684 -0.852751 -0.20781 -1 -1 -0.766601 -0.862663 -1 -1 -1 -1 -1 -0.661151 -0.938566 -0.0384386 -1 0.0864462 -0.828755 -0.585625 0.106459 -1 0.274196 -1 0.624297 -1 -1 0.996022 0.289043 -0.750364 0.803003 0.000169426 -0.178439 -0.292181 -1 -1 -1 -1 -0.583586 -1 -1 
-1 -1 1 -1 -1 0.710107 -1 -1 -1 -0.313363 -1 0.131247 -1 -0.869184 -0.895285 -0.277843 -0.688065 -1 -1 -0.685154 0.821556 -1 -1 -0.637754 -0.916221 -0.968646 -1 -0.65517 -1 -0.646101 -0.0201577 -1 -0.954394 -0.370623 -0.764805 -0.758436 -1 -1 -0.891446 -1 -1 -0.88174 -1 -0.778266 -0.137679 -0.589846 -1 -1 -1 -0.521136 -1 -1 -1 -1 -1 -1 -0.300895 -1 -1 -1 -1 -1 -1 -1 -1 -0.81889 -0.653264 -1 -1 -0.853393 -1 -1 -1 -0.816493 -0.259296 0.502781 -0.674215 -1 -0.715434 -0.660122 -0.841274 -1 -0.651827 -0.795216 -0.38484 0.612332 -0.822443 -0.929051 -0.523804 -1 0.760378 -0.827399 -1 -1 -0.908351 0.0482652 -0.272765 0.233995 -1 -0.654429 -0.637046 -1 -1 -0.197397 -1 -0.912883 -1 -1 -0.272832 -1 -0.774097 -1 -1 -1 -1 -1 -0.480144 1 -0.357631 0.377571 -1 -1 -0.947712 -1 0.0215898 -1 -0.349554 0.252856 -1 -1 -1 -1 -0.406616 -1 -1 -1 -1 -1 
-1 -1 0.212639 -0.44253 -1 -1 -1 -1 -0.415016 -1 -0.482164 -0.348916 -0.843464 -0.932198 -1 -1 -1 -0.627812 -0.435594 -1 -0.280716 0.289713 -1 0.0597311 -1 -1 0.26152 -0.719743 -1 0.10819 -1 -1 -1 -1 -1 -0.588082 -0.871131 -1 0.0702699 -0.478747 -0.913853 -1 -1 -0.70293 -0.417666 -0.747026 -0.911195 -1 -0.620704 -1 -1 -0.880182 -0.00131005 -1 -1 0.629442 -1 -1 -0.979917 -0.990318 -1 0.00406125 -0.0317538 -1 -1 -0.937635 -1 -0.351857 -0.225681 -1 -0.219476 -0.525739 -0.495802 0.594094 -1 -0.447889 -1 -0.284205 -0.153721 -0.959377 -1 -1 -0.0861225 -0.865057 -1 -0.868925 0.489144 -0.784183 -1 -0.0175424 -0.752736 -1 -1 -1 -0.711451 -1 -0.467258 -0.631618 -1 -0.899143 -0.746852 -0.5394 -0.761914 -1 -1 -1 -1 -1 -0.613519 -0.805951 -0.764458 -1 -0.707047 -0.847919 -0.728313 -0.828755 -0.585625 -0.279401 -1 0.371924 -1 0.624297 -1 -1 0.996022 0.0236384 -1 0.758886 -0.0543555 -0.110074 -1 -1 -1 -0.78282 -0.465217 -1 -1 -1 
-1 -1 1 -1 -0.910255 0.716909 -1 -1 -1 -0.313363 -1 0.131247 -1 -0.869184 -0.895285 -0.0553953 -0.688065 -1 -1 -0.685154 0.821556 -1 -1 -0.637754 -0.916221 -0.968646 -1 -1 -1 -0.646101 -0.0201577 -1 -0.954394 -0.370623 -0.764805 -0.758436 -1 -1 -0.891446 -1 -1 -0.88174 -1 -0.778266 -0.137679 -0.589846 -1 -1 -0.96957 -0.949509 -1 -1 -1 -1 -1 -1 -0.300895 -1 -1 -1 -0.92895 -1 -1 -1 -1 -0.81889 -0.653264 -1 -1 -1 -1 -1 -1 -0.816493 -0.259296 0.502781 -1 -1 -0.715434 -0.660122 -0.841274 -1 -0.651827 -0.795216 -0.38484 0.612332 -0.822443 -0.624853 -0.523804 -1 0.760378 -0.827399 -1 -1 -0.908351 0.0482652 -0.117285 0.233995 -1 -0.654429 -0.637046 -1 -0.921836 -0.197397 -1 -0.912883 -1 -1 -0.514669 -1 -0.774097 -0.996356 -1 -1 -1 -0.659956 -0.480144 1 -0.803674 0.377571 -1 -1 -1 -1 0.0215898 -1 -0.0405895 0.252856 -1 -1 -1 -1 -0.406616 -1 -1 -0.689903 -1 -1 
-1 -1 -0.776189 -1 -0.810486 -1 -1 -0.289877 -0.858428 -1 -0.349956 0.507655 -1 -1 -1 -1 -1 -1 -0.682047 -1 -0.383525 -0.29785 -1 0.223678 -1 -0.988979 -1 0.173713 -1 0.10819 -0.729254 -0.591514 -1 -1 -1 -0.238966 -0.691404 -1 -0.487967 -1 -0.18343 -0.9193 -0.395929 -1 -1 -0.566418 -0.637618 -1 -0.289326 -1 0.0906613 -0.462564 -0.524872 -1 -1 0.201359 -0.812241 -1 -1 -1 -1 -0.859318 0.0905266 -1 -1 -0.581064 -1 -1 -1 -0.766898 0.365853 -1 -0.829036 -0.0575591 -0.87252 -0.522285 -1 -0.670939 -0.153721 -1 -0.76019 -0.809062 -1 -1 -0.811766 -1 -0.671789 -0.897536 -1 0.202994 -0.752736 -1 -0.985126 -1 -1 -0.801211 0.0457132 -1 -0.973305 -0.462334 -0.613636 -0.642685 -1 -1 -0.919381 -0.179659 -0.952127 -0.819307 -1 -0.875978 -1 -1 -0.786151 -0.308551 -1 -0.568649 -0.333481 -0.279401 -1 0.421719 -1 0.420405 -0.701154 -1 -0.306797 0.0236384 -0.904944 0.135465 -1 0.313616 -1 -0.977 -1 -0.78282 -0.612578 -1 -1 -1 
0.370875 -0.116672 0.712142 -1 -1 -0.632546 0.953357 -0.197524 -1 -0.059208 0.261307 -0.870995 -1 -1 -0.0546023 0.573317 -0.366103 -0.164485 -0.280407 0.603585 -0.871985 -1 -0.858426 -0.0352274 -0.353451 0.0954771 -1 -1 -1 -1 -1 -0.545532 -0.92144 -1 -0.317213 -1 -0.849525 -1 -1 -1 -1 -1 -1 -1 -1 -0.421964 -0.95137 -1 0.401998 -1 -0.93824 0.723754 0.150773 -0.876317 0.633464 -0.627564 -1 -0.747379 -0.603595 -0.385716 -0.710984 1 -1 -0.85575 -0.968285 -1 -1 -1 -1 -1 -0.981028 -0.204064 0.458334 -0.975985 -0.27754 0.065513 -0.818716 -0.220738 -0.189028 -1 0.0348936 -1 -1 -0.920351 -1 -1 -1 -1 -0.890493 -0.796155 0.325006 0.752357 -1 -0.116177 -1 -0.980495 -1 -0.0636762 -1 -0.634651 -1 -1 -1 -1 -0.49359 0.0406783 -0.178172 0.511388 0.506441 -1 -0.66902 -1 -0.877428 -1 -1 -0.0264762 -0.866943 0.13675 -0.382834 -0.0109185 -0.429592 -0.637502 -1 -0.653352 -1 1 -1 -0.0523019 -1 0.0719755 -1 -0.79792 -0.759013 -1 -1 -1 -1 -1 
-1 0.959053 -1 0.873028 0.972544 -1 0.360524 -1 -1 -0.82429 -0.767085 -1 -1 -1 -0.308827 -1 -1 -0.706527 -0.510774 -0.719306 -1 -1 -0.897519 -0.892552 -1 -1 -1 0.665769 -1 -0.765608 -1 -1 -0.0883792 -0.119088 0.890069 -0.00428674 -1 -1 0.786792 -1 -1 -0.35489 -1 -1 -0.510907 -0.59499 -0.804771 -1 -1 0.512515 -0.631731 -0.663967 -1 -1 -1 -1 -0.597716 -1 -1 -1 -1 0.430128 -1 -1 -1 -1 -1 -0.984079 -1 -0.970213 -0.670003 -1 -1 -0.65669 -0.630906 -1 -0.00848654 -1 -1 -0.815434 -1 -0.661414 -0.829079 -1 -1 0.42913 -1 -1 -0.295799 -0.402074 0.328881 -0.829578 -0.0462904 -0.864161 -0.88206 -0.51395 -0.446911 -1 -0.138045 -1 -1 -0.0443614 -1 -1 -0.494782 -0.804117 -1 -1 -1 0.624607 -1 -0.489176 -0.552789 0.502849 -1 -0.890967 -1 0.706546 -0.879778 -0.293164 -1 -1 -1 -1 -0.858652 0.989266 -0.69565 -1 -0.218089 -1 -1 -1 -1 -0.916833 -0.255694 0.499765 -1 -1 
-1 0.959053 -1 0.873028 0.972544 -0.502874 0.360524 -1 -0.795196 -0.566603 -0.767085 -1 -1 -1 -0.308827 -0.927185 -1 -0.977775 -0.510774 -0.563841 -0.92525 -1 -0.952711 -0.892552 -1 -1 -1 0.665769 -1 -0.413682 -1 -1 -0.242962 -0.119088 0.680663 -0.301543 -0.933349 -1 0.50758 -1 -1 -0.35489 -1 -0.817498 -0.510907 -0.59499 -0.804771 -1 -1 0.512515 -0.631731 -0.663967 -1 -1 -1 -1 -0.797888 -1 -1 -0.940493 -1 0.430128 -1 -1 -1 -1 -1 -0.984079 -1 -0.991497 -0.446203 -1 -0.603597 -0.80734 -0.976635 -1 -0.323783 -1 -1 -0.815434 -1 -0.00636172 -0.417896 -0.822538 -1 0.42913 -1 -1 -0.295799 -0.799745 0.328881 -0.51566 -0.343955 -0.864161 -0.610829 -0.695157 -0.446911 -1 -0.138045 -1 -1 -0.0443614 -0.348843 -0.141852 -0.189978 -0.804117 -1 -1 -1 0.624607 -1 -0.489176 -0.552789 0.643786 -1 -0.897604 -1 0.515428 -0.971756 -0.293164 -1 -1 -0.836724 -1 -0.858652 0.989266 -0.69565 -1 -0.538043 -1 -1 -0.549711 -0.962088 -0.916833 -0.255694 0.51035 -1 -1 
-0.885267 -0.58376 -1 -0.603946 -0.68742 -0.701039 -1 -0.447078 -0.579662 -0.664143 -0.614179 -0.306486 -0.399883 -1 -1 -0.38033 -0.781863 -0.959208 -0.605518 0.667728 -1 -0.784208 0.221752 -0.712335 -1 -1 -0.593536 -0.293479 -1 -0.409113 -1 -0.390334 -1 -0.497442 -0.651776 0.46695 -0.176965 -0.097048 -0.963103 -1 -0.184862 -0.826177 -0.667574 -0.872989 -0.392501 0.30335 -0.0687305 -0.366729 -0.638066 -1 0.482141 -1 -1 -0.318868 -0.894373 -1 -0.126281 -0.705938 -0.767317 -0.93874 -0.658227 0.521744 -0.944546 -0.75557 -0.105582 -1 -0.699955 -0.339039 -1 -0.422294 -1 0.144677 -0.88014 -0.261224 -1 -0.0439778 -1 -0.0542793 -1 -1 -0.969502 -0.205179 -0.398202 -1 -0.788665 0.877399 -1 0.272975 -0.436705 -0.72451 0.0506312 -1 -0.910431 0.208762 -0.509772 -0.77874 -1 -1 -0.665533 0.687779 -0.711883 -0.233704 -0.432165 0.146797 -0.829331 -1 -0.819954 -1 -0.856764 -1 -0.957637 -0.560025 -0.807828 0.758046 -1 -0.921433 -0.108249 -1 -1 0.0948921 0.680219 -1 -0.721387 0.514179 -1 -1 -0.1637 -0.70566 -1 0.164755 -0.728977 0.181327 0.153403 -1 0.0823663 0.458862 0.989971 -1 
-1 -0.919934 0.086289 -0.461616 -1 -0.960382 -1 -0.289877 -0.415016 -0.894276 -0.482164 0.855649 -0.171539 -0.00651233 -0.688561 -1 -1 -1 -1 -1 -0.219859 0.289713 -0.330478 -0.155689 -1 -1 0.59308 -0.0653951 -0.830663 0.10819 -0.729254 -1 -1 -0.979687 -1 -0.0253474 -1 -0.958847 0.0702699 -0.478747 0.109871 -0.668366 -0.676179 -0.432878 -0.417666 -0.074993 -0.0330793 -1 -0.271798 -1 -0.494112 -1 -0.00131005 -1 -1 0.982649 -0.698222 -1 -0.979917 -0.619671 -1 -0.195266 -0.130428 -1 -1 -0.937635 -0.721084 -0.351857 -0.225681 -0.766898 0.783365 0.183214 -0.572245 0.928926 -0.752814 -0.638695 -0.809026 -1 -0.153721 -1 -1 -0.398487 -0.447894 -0.752148 -1 -0.851665 0.363359 -1 -1 0.202994 -0.752736 -1 -0.967259 -1 -1 -1 0.157464 -1 -0.8045 -0.462334 -0.198468 -1 -0.761914 -1 -1 -0.526372 -1 -0.900689 -1 -1 -0.88783 -1 0.392249 -0.776962 0.0864462 -0.828755 -0.830827 -0.279401 -1 0.421719 -1 0.624297 -1 -1 0.416765 0.12671 -1 0.705098 0.000169426 0.581798 -0.361274 -1 -1 -0.78282 -0.0498808 -0.583586 -1 -0.964964 
-1 -0.325176 -1 -0.709484 0.977614 -0.346957 -1 -0.614756 -0.820604 0.202982 -0.739759 -1 -0.296345 -1 -0.0474297 -0.0690182 -0.0570886 0.571811 -1 -0.489852 -1 -0.143498 -1 -0.807502 -0.852981 -0.879969 -1 -0.135136 -1 -1 -0.788165 -0.435186 -0.903956 -1 -0.699236 -1 -1 -1 -0.739229 -1 -0.867736 -1 -1 -1 0.269259 -1 -1 -1 -1 -1 -0.758503 -1 -1 -0.915695 -1 -1 -1 -1 -1 -0.178204 -1 -1 -1 -1 -0.994052 -1 -1 -1 -0.956853 -1 -0.95039 -0.522105 -1 -1 -1 -1 -0.657315 1 -0.778767 -1 -0.450846 -1 -1 -0.95189 -1 -1 -1 -0.0481375 0.0232761 -1 -1 -1 -0.665588 -0.752774 -0.785537 -0.88795 -0.156746 -0.765984 -1 -1 -1 -0.940881 -0.280472 -0.50743 -0.335717 -0.959737 -1 -0.573855 -0.486627 -1 -0.416506 -1 -1 -0.31567 -1 -1 -1 0.175395 -0.859393 0.0814014 -0.984353 -0.32495 -1 -0.908994 -1 0.989164 0.705747 -1 0.319827 -0.910678 -0.58782 -1 -1 -1 -0.984459 -1 -1 -1 
-1 -1 -1 -1 -0.810486 -1 -1 -0.289877 -0.415016 -1 -0.349956 0.507655 -1 -0.620732 -1 -1 -1 -1 -1 -1 -0.383525 0.289713 -1 0.223678 -1 -0.988979 -0.638567 0.173713 -1 0.10819 -0.729254 -0.591514 -1 -1 -1 -0.276328 -0.691404 -1 -0.487967 -1 -0.18343 -0.9193 -0.395929 -1 -1 -0.566418 -1 -1 -0.289326 -1 0.0906613 -0.462564 -0.524872 -1 -1 0.201359 -0.812241 -1 -1 -1 -1 -0.413587 -0.217705 -1 -1 -0.581064 -1 -1 -1 -0.766898 0.365853 -1 -0.926504 0.0128344 -0.87252 -0.181907 -0.809026 -0.670939 -0.153721 -1 -0.76019 -0.809062 -1 -1 -0.811766 -1 -0.671789 -0.897536 -1 0.202994 -0.752736 -1 -0.985126 -1 -1 -0.801211 0.0457132 -1 -0.973305 -0.462334 -0.613636 -0.642685 -1 -1 -1 -0.179659 -0.952127 -0.819307 -1 -0.875978 -1 -1 -0.243911 -0.641767 -1 -0.568649 -0.538744 -0.279401 -1 0.421719 -1 0.420405 -1 -1 0.24126 0.0236384 -0.904944 0.135465 -1 0.313616 -1 -0.977 -1 -0.78282 -0.0498808 -0.838699 -1 -1 
0.760767 -0.663008 -0.366804 -0.562665 -1 -1 0.953357 -0.875115 -1 -0.644386 -0.836012 -1 -1 -1 -1 0.0411015 0.128785 -0.164485 -1 0.209237 -0.232575 -0.548671 -1 0.654443 -0.442243 0.557301 -0.688466 -0.845691 -0.268125 -0.444967 0.10968 -1 -0.92144 -1 -0.673702 -0.946843 0.726499 -0.700997 -1 0.478432 -1 0.383297 -1 -1 -0.637069 -0.65659 -0.487157 -0.746795 0.401998 -1 0.107056 -0.390796 0.00631303 -0.563729 0.64807 -1 -1 -0.202982 -1 0.723469 -1 1 -1 0.194015 -0.778152 -1 -1 -0.654235 -1 0.255163 -1 -0.204064 0.458334 -1 0.667333 0.263295 1 -0.544651 -0.189028 0.439015 0.0348936 -1 -0.948239 -0.920351 -0.990493 -1 -0.66416 -0.641114 -1 -0.885237 -0.0767746 0.787097 -0.703176 0.602006 -0.532894 -0.625072 0.00449979 -1 -0.648003 -0.710199 -1 -1 -0.4924 -1 0.0605687 0.561408 -1 0.713702 -1 -1 -0.787722 -1 -0.698606 -1 -1 -0.415543 -1 -0.0231245 -1 -0.447401 -0.429592 -0.66524 -0.156135 -0.390615 -0.386452 0.861367 -0.822925 -0.0523019 0.148832 -0.295351 -0.482213 -0.80582 -0.759013 -0.788394 0.0777537 0.740873 -1 -1 
-1 -0.622006 -1 -0.709484 0.977614 -0.346957 -1 -0.614756 0.136281 0.202982 -0.238856 -1 -0.296345 -1 -0.0474297 -0.0690182 -0.350571 0.571811 -1 -0.489852 -1 -0.143498 -0.86971 -0.726478 -1 -0.997271 -1 -0.49538 -1 -1 -0.788165 -0.623918 -0.903956 -1 -0.699236 -0.398423 -1 -1 0.127363 -0.881491 -0.867736 -1 -0.610277 -1 0.269259 -1 -1 -1 -1 -0.749078 -0.758503 -1 -1 -0.915695 -1 -1 -1 -1 -1 -0.273426 -1 -1 -0.391797 -1 -0.684368 -1 -1 -1 -0.956853 -1 -0.95039 -0.815811 -1 -1 -1 -1 -0.657315 1 -1 -1 -0.825462 -0.650388 -1 -0.95189 -1 -0.941552 -1 -0.0481375 -0.274949 -1 -1 -1 -0.672606 -1 -0.785537 -1 -0.156746 -0.864092 -1 -1 -1 -0.940881 -0.280472 -0.50743 -0.335717 -0.959737 -1 -0.573855 -0.486627 -0.247209 -0.655653 -1 -1 -0.31567 -1 -1 -1 0.175395 -1 -0.00176159 -0.984353 -0.575019 -1 -1 -1 0.989164 0.705747 -0.459342 0.319827 -0.910678 -0.702529 -1 -1 -1 -0.702351 -1 -1 -1 
-0.705824 -0.730229 -0.0660089 -0.380888 -0.924831 -0.121541 0.344532 0.623929 0.702642 0.264447 0.24129 -0.505844 -0.804843 0.193818 -0.697602 0.521633 0.641154 -0.0558801 0.544597 -0.611599 -0.845002 0.250942 -0.190342 -0.951096 -0.410419 -0.407422 0.478437 0.394129 -0.161785 0.00700927 -0.650156 0.588436 -0.234067 -0.366198 0.55007 0.217874 -0.21267 0.164803 -0.130338 -0.318613 0.726395 0.213777 0.961615 -0.714085 -0.678313 -0.984224 0.361529 0.471704 0.627381 -0.0887778 -0.697501 0.533221 0.88861 0.721587 -1 0.235826 0.0464228 -0.794885 0.971615 0.601786 0.0519743 0.845812 -0.119851 -0.398322 0.750343 0.731686 -0.155299 0.569172 0.813158 0.914067 -0.313355 0.954185 -0.305033 0.256369 0.266771 -0.649068 0.869015 0.89802 -0.0836422 -0.72899 -0.255625 0.704514 0.203872 -0.118399 -0.29779 0.309183 0.603347 0.913726 0.777316 0.463238 0.634535 -0.702896 -0.689236 -0.0521316 0.820862 0.315198 0.939353 -0.286358 -0.401429 -0.441748 -0.352535 0.0986662 -0.54789 0.0165756 0.314963 0.38885 0.798361 -0.682239 -0.970579 0.7183 -0.830102 -0.360902 -0.231686 0.867987 -0.992405 -0.35017 0.459237 -0.511625 -0.676576 0.149299 -0.536921 0.293461 0.599698 -0.427724 -0.00615472 0.230399 0.923327 -0.390477 -0.328666 0.903327 0.563802 -0.149418 0.490182 -0.133596 -0.24726 0.741898 -0.1832 0.330643 
-1 0.708974 -0.565407 -0.232748 0.218214 -0.974063 0.495397 0.10731 -0.707532 -0.873315 0.898097 0.484641 0.0749856 0.0473019 -0.58193 -0.963755 -1 -0.810895 -1 -0.462198 -0.862218 -0.944585 -0.994865 -0.720538 -0.986546 0.997341 0.421356 -0.0105503 0.330911 -1 0.369833 0.361734 0.282957 0.885497 -0.545979 -1 0.586821 -0.997428 0.790006 0.678528 -0.0398632 0.960263 1 -0.698817 -0.419939 -1 0.913844 -0.470435 -0.428922 -0.161057 -0.603572 -1 0.591375 -0.456372 0.941055 0.891988 -1 -0.937229 -0.926203 -0.978624 -1 -0.145965 -0.627339 -0.309764 0.425828 0.997759 -1 -1 0.984003 -1 -0.553399 0.226353 0.82925 0.907952 0.497007 -0.957494 -1 -0.561864 -0.673114 -0.372004 -0.311954 -1 -0.501976 -1 -0.21816 0.45304 0.556175 -1 0.880038 -0.141621 0.450211 0.799645 -0.373668 0.308969 -0.192986 -0.537362 0.680303 0.687635 -0.0343438 -0.458948 1 0.549714 0.704616 -0.510021 -0.788737 0.195395 0.506381 -1 -0.504777 0.615716 -0.891377 0.0252826 0.693483 0.802305 0.645072 -0.109075 -0.871675 -0.542636 -0.602065 0.691067 -0.533832 -1 -0.356442 -1 0.33001 -0.10099 -0.657078 -0.275947 -0.182198 -0.340621 -0.317022 0.172963 -0.777762 -0.085072 0.841393 -1 -0.11103 -0.866689 
-1 0.676973 -0.127016 -1 0.218214 -0.974063 0.495397 -0.275623 -0.707532 -0.873315 0.938123 0.587781 0.0749856 0.0473019 -0.58193 -0.963755 -1 -0.56645 -1 -0.462198 -0.862218 -0.944585 -1 -0.720538 -0.986546 0.997341 0.92304 -0.223503 0.330911 -1 0.369833 -0.0177615 0.282957 1 -0.459892 -1 0.586821 -0.109592 0.790006 0.678528 -0.0398632 0.960263 1 -0.698817 -0.419939 -0.148163 0.913844 -0.470435 -0.428922 -0.538305 -0.636786 -0.699688 0.591375 0.104119 0.941055 0.841529 -0.497191 -0.937229 0.107123 -1 -0.740947 -0.145965 -0.627339 -0.309764 0.296225 0.997759 -1 -1 0.90064 -0.928613 -0.908982 0.226353 0.82925 0.907952 0.497007 -0.957494 -0.995605 -0.561864 -0.673114 -0.372004 -0.311954 -1 -0.460118 -1 -0.21816 0.45304 0.556175 -0.691379 0.880038 -0.141621 0.627223 0.799645 -0.373668 0.308969 -0.192986 -0.537362 0.695039 0.687635 -0.0343438 -0.458948 0.324655 0.549714 0.704616 -0.510021 0.0794789 0.195395 0.506381 -1 -0.504777 0.873559 -0.891377 0.0252826 0.693483 0.802305 0.645072 0.277971 -0.871675 -0.542636 -0.602065 0.691067 -0.309046 -1 -0.356442 -1 0.33001 -0.10099 -0.657078 -0.595036 -0.182198 -0.340621 -0.317022 -0.0186509 -0.777762 -0.085072 0.841393 -0.961558 -0.413036 -0.566968 
-0.0524728 -0.942941 0.752907 0.333474 0.971596 -0.00106284 -0.0235807 0.334016 -1 -0.0201818 0.265298 0.619645 0.306734 0.0647026 -0.696805 -1 -1 0.351729 0.051373 0.166909 -0.627049 0.0764573 -0.806828 0.356318 -0.217197 -0.870612 -1 -0.249692 0.995739 -0.87292 -1 -0.0725937 0.148893 -0.450579 0.768223 0.787853 -0.625574 -0.395657 -0.150977 0.526195 0.419669 0.212723 -0.0524767 -0.849701 -1 1 -0.0584819 0.111103 -0.157169 -0.365268 0.196538 -0.239083 0.869142 0.187492 0.444571 0.0299414 -1 0.19212 -1 0.636502 -0.584346 0.630415 0.449251 -0.537483 0.247876 -0.770047 0.0592256 -0.683767 0.616377 -1 0.349414 0.333286 -1 -1 -0.440169 -0.975684 -0.285294 0.356623 0.510508 -0.134224 0.750261 0.447122 -0.540799 -1 -1 -0.846875 0.235902 -0.985042 -1 0.630608 -0.822132 0.213081 0.46679 -0.429024 -0.42069 0.157152 -0.765994 0.254124 1 -0.00138313 -0.921736 0.487909 -1 -0.0944376 -0.898453 -0.812822 -0.729982 0.239778 -0.250007 0.333357 0.00806773 0.708069 -0.219349 0.238618 -0.248055 -0.870824 -1 -0.160807 0.298877 0.441641 0.518961 -0.710096 -0.897154 0.438037 -1 -0.489205 0.932624 -1 -1 -0.149029 -0.820953 0.677694 -0.536806 0.301334 -0.625069 -0.944589 -1 -1 
-1 -1 1 -1 -0.813798 0.936099 -1 -1 -1 -0.313363 -1 0.131247 -0.582669 -1 -1 -0.277843 -1 -1 -1 -0.685154 1 -1 -1 -0.637754 -1 -0.968646 -0.882972 -0.65517 -1 -0.570414 -1 -0.99161 -1 -0.573606 -0.851117 -0.758436 -1 -1 -0.891446 -1 -1 -0.879312 -1 -1 -0.137679 -1 -1 -1 -0.959614 -0.85962 -1 -1 -1 -1 -0.863118 -1 -0.323246 -0.697978 -0.838537 -1 -0.37393 -0.504799 -1 -1 -1 -0.81889 -1 -1 -1 -0.853393 -1 -1 -1 -1 0.487694 0.576202 -0.295403 -1 -1 -0.458624 -0.841274 -1 -1 -0.131969 0.00117409 0.24445 -0.352379 -0.929051 -0.523804 0.0105196 0.784401 -0.498252 -1 -1 -0.908351 -0.202295 -0.743261 0.219059 -0.95372 -1 -1 -0.757507 -1 -0.691063 -1 -1 -1 -1 -0.980849 -1 -0.881227 -1 -1 -1 -0.51597 -1 -0.508811 1 -0.357631 0.565812 -1 -1 -0.947712 -1 -0.640014 -1 -0.145676 0.555871 -1 -1 -0.779871 -1 -0.473764 -1 -1 -1 -0.901786 -0.814335 
-1 -0.711539 -1 -1 0.977614 -1 -1 -0.614756 0.353086 0.0596358 0.138238 -1 -0.141951 -1 -0.678228 -0.903606 -1 0.736038 -1 -1 -1 -0.143498 -0.652398 -1 -1 -0.997271 -1 -1 -1 -1 -0.788165 -0.000469774 -0.0311958 -0.858662 -0.994497 -0.34835 -1 -1 -1 -0.996308 -0.965201 -1 -0.828609 -0.674275 -0.1197 -0.326574 -1 -1 -1 -1 -1 -1 -1 -1 -0.395854 -0.752602 -0.892434 -1 -1 -1 -0.949952 -1 -0.391797 -1 -1 -0.978447 -1 -0.824656 -1 -1 -1 -0.435166 -1 -1 -1 -1 -1 0.709072 -1 0.135441 -1 -0.628055 -0.922414 -1 -1 -0.64365 -0.888614 -0.623102 -0.835245 -0.976772 -1 -1 -0.899392 -1 -1 -1 -1 -0.864092 -1 -0.561588 -1 -1 -0.723532 -0.216675 -1 -1 -1 -0.634426 -1 -0.247209 -1 -0.850588 -1 0.760629 -1 -1 -1 -0.0845809 -1 -0.00176159 -0.825497 -1 -1 -1 -1 0.989164 0.441233 -0.65274 0.505007 -1 -0.702529 -1 -1 -1 -0.994805 -0.906663 -1 -1 
-1 -1 -1 -1 -0.926414 -0.701039 -1 0.165015 -0.557432 -0.932665 -0.551175 -1 -0.511056 -1 -1 -0.0471182 -1 -1 -0.512455 1 -1 -1 0.221752 -0.712335 -1 -0.0996567 -0.593536 -0.634168 -1 0.0299302 -1 -0.390334 -1 -0.642856 -0.447724 0.487552 -0.176965 -0.097048 -1 -1 -0.388705 -0.0319283 0.072578 -0.595056 -0.178373 0.68704 0.41039 0.0610875 -0.525011 -0.369289 0.311531 -1 -1 -0.318868 -0.894373 -0.831714 -0.126281 -1 -0.767317 -0.944307 -0.877353 0.521744 -0.970389 -1 -0.105582 -1 -0.809448 -0.441327 -0.948137 -0.718196 -1 -0.668195 -0.959168 -0.261224 -1 -0.184166 -0.0652514 0.461113 -0.793605 -0.763722 -1 0.513894 -0.112226 -1 -0.559678 0.862659 -1 0.540591 -1 -0.72451 0.103281 -1 -0.910431 0.262626 -0.78067 -0.77874 -1 -0.904263 -0.859575 1 -1 -0.102521 0.137323 0.146797 -1 -1 -1 -0.874772 -1 -1 -0.594125 -0.888126 -1 0.399471 -1 -1 -0.412988 -1 -0.434654 -0.167028 0.414043 -1 -0.721387 0.514179 -1 -0.161738 -0.811405 -1 -1 0.164755 -0.728977 0.162835 0.573724 0.0968578 0.210412 0.458862 0.852127 -1 
-1 -1 -0.265435 -0.461616 -1 -1 -1 -1 -0.415016 -0.894276 -1 0.112807 -0.171539 -0.517425 -0.688561 -0.909204 -1 -0.834931 -0.930322 -0.91527 -1 -1 -0.678703 -0.845453 -1 -0.947722 0.403565 -0.491074 -1 0.10819 -1 -1 -0.678347 -0.990017 -1 -0.0253474 -0.530243 -0.931455 -0.728897 -1 -1 -1 -0.676179 -0.432878 -0.634053 -0.0531924 -1 -0.961218 -0.271798 -1 -0.792828 -1 -0.729402 -0.271145 -0.637493 0.0460837 -0.593808 -0.815241 -1 -0.184712 -1 -1 -0.859535 -0.838227 -0.628657 -0.916027 -1 -0.351857 -0.234047 -1 1 0.142712 -0.667612 1 -0.704772 -0.553827 -1 -0.567901 -0.153721 -1 -1 -0.520861 -0.8441 -0.752148 -0.663199 -1 -0.168864 -1 -0.830644 -0.792112 -0.752736 -1 -1 -1 -1 -1 -1 -1 -1 -0.176246 -0.20781 -1 -0.974221 -1 -1 -0.950691 -1 -1 -1 -1 -0.760885 -0.89896 -0.181378 -0.776962 0.0864462 -0.828755 -0.736103 -0.279401 -1 0.354581 -1 0.624297 -1 -1 0.996022 0.289043 -0.750364 0.705098 0.000169426 0.644781 -1 -0.89949 -1 -0.78282 -1 -1 -1 -1 
-1 -1 1 -1 -1 0.936099 -1 -0.748426 -1 -0.313363 -1 0.131247 -0.952498 -1 -1 -0.519601 -0.688065 -1 -1 -0.685154 0.652239 -1 -1 -0.637754 -0.642627 -0.968646 -0.882972 -0.65517 -1 -0.949514 -0.0572325 -1 -0.954394 -0.573606 -1 -0.758436 -1 -1 -0.891446 -1 -1 -1 -1 -0.9518 -0.137679 -0.498237 -0.909969 -1 -0.749216 -0.521136 -1 -1 -1 -1 -1 -1 -0.300895 -0.697978 -1 -1 -0.37393 -0.7452 -1 -1 -1 -0.81889 -0.44072 -1 -1 -1 -1 -1 -1 -1 0.572335 0.123314 0.0385188 -1 -1 -0.458624 -1 -1 -1 -0.131969 -0.38484 0.612332 -0.799229 -0.929051 -0.523804 0.0105196 0.760378 -0.0704647 -1 -1 -0.908351 -0.202295 -0.272765 0.110195 -1 -1 -0.323354 -1 -1 -0.575267 -1 -0.824229 -1 -1 -0.272832 -1 -0.774097 -1 -0.93503 -1 -1 -1 -0.480144 1 0.257263 0.558201 -0.143821 -1 -0.947712 -1 0.0215898 -0.739308 -0.145676 0.252856 -1 -0.979739 -1 -1 -0.406616 -1 -1 -1 -1 -1 
-0.890718 -0.227257 0.355044 0.103108 -0.869107 -0.908848 -0.9954 -1 -0.399471 -1 -1 -0.591764 0.284205 0.00342155 -1 -1 -1 -0.620343 -0.895719 -0.811674 -0.0148273 0.289713 -0.199135 -0.138994 -1 -0.369852 0.995031 0.94084 -1 -1 0.207658 -1 -1 -1 -1 -0.283168 -0.432076 0.0947458 0.450871 -1 -0.500258 -1 0.69031 -1 -0.15753 0.0402967 -1 -0.453974 -0.202997 -1 -0.840727 -1 -0.449498 -0.991519 -1 -0.416721 -0.407681 -1 -0.0542102 -0.37131 -0.948487 -0.076488 0.494889 -0.504746 -1 -0.912899 -0.0780415 -0.295527 0.497122 -1 0.730958 0.62506 -0.572245 -0.0937327 0.759114 -0.502504 -0.016756 0.472043 -1 -0.978544 -1 -0.842121 -0.184367 -0.787062 -0.427906 -0.826929 0.117198 -1 -1 -0.165251 -0.805264 -1 -1 -1 0.0986617 -1 -0.409336 -0.9838 -1 -0.628867 -0.370987 -1 -0.305852 -0.828281 -0.303642 -0.239398 -0.627202 -0.272736 -1 -1 -0.811301 -0.791269 -0.197724 -0.929969 0.0864462 -1 -0.0495764 0.0387259 -1 0.124315 -0.627307 0.553518 0.114986 -0.299605 0.96281 -0.00164914 -0.720144 0.410495 -0.260706 -0.249753 -0.558155 -1 -0.884283 -0.101348 -1 -0.954004 -1 -1 
-0.982795 -0.400054 -0.882147 -0.461616 -1 -0.960382 -1 -0.277602 -0.415016 -0.894276 -1 -0.00213325 -1 -1 -0.496398 -1 -0.646167 -0.849927 -1 -1 -0.403611 -0.412215 -0.715735 -0.155689 -1 -1 -1 -0.303635 -0.830663 -0.875984 -0.609628 -1 -1 -0.979687 -1 -1 -0.778674 -0.931455 0.0702699 -0.624247 -1 -1 -1 -0.219529 -0.417666 -1 -1 -1 -0.792118 -0.988779 -0.661997 -1 -0.00131005 -1 -1 0.960236 -1 -1 -1 -1 -1 -1 -0.458184 -1 -1 -0.937635 -1 -0.351857 -0.901486 -0.653558 0.783365 -0.545617 -1 0.800672 -0.752814 -0.658633 -0.809026 -1 -0.62993 -1 -0.817707 -0.398487 -1 -0.729318 -1 -0.851665 0.363359 -1 -1 -0.0508574 -0.419681 -1 -1 -0.880449 -0.744756 -1 0.157464 -1 -0.8045 -0.462334 -0.198468 -1 -0.761914 -1 -1 -0.633537 -1 -1 -1 -1 -0.88783 -1 0.392249 -1 0.0864462 -1 -0.537029 -0.423906 -1 0.620802 -1 0.83726 -1 -0.9663 0.416765 -0.00689986 -0.777604 -1 -0.415111 0.150582 -0.361274 -1 -1 -0.78282 -0.399979 -1 -0.990093 -0.964964 
-1 -1 1 -0.510144 -0.532516 -0.865804 -1 -1 -1 -1 -0.336924 -0.841753 0.914964 -0.676288 -0.606134 -0.851329 -1 -1 -1 -1 -1 0.289713 -0.960927 -0.713033 -1 -0.818294 0.492417 0.945224 -1 -0.119303 -0.596281 -0.410338 -1 -1 -1 0.125108 -1 -1 0.268945 -1 -0.399472 -1 0.468015 -1 -1 -0.57032 -0.205026 -0.874793 0.819751 -1 -0.33257 -1 -0.225501 -0.646162 -1 0.384919 -0.846245 -1 0.0961196 -1 -1 -1 -0.114935 -1 -1 -1 -1 -1 -0.873493 -0.653109 -1 0.247798 -0.585921 -0.203825 -1 -0.560605 -1 -0.18615 -0.720362 -1 -0.165232 -1 -0.786181 -1 -0.637979 -1 -0.947406 -1 -1 -0.966963 -0.839574 -0.871702 -1 -0.960349 -0.757604 -1 0.157464 -1 -1 -0.622016 -0.863229 -0.885149 -1 -1 -0.837314 -1 -1 -1 -1 -0.927125 -0.755416 -1 -0.623334 -1 -1 -0.952407 -1 -1 -1 0.427472 -1 0.458773 -0.713877 -1 -0.894221 -0.000662535 -1 0.270592 0.254483 -0.327305 0.211595 -1 -1 -1 -1 -1 -1 -1 
-0.799032 0.352146 -1 -0.232748 0.625583 -0.974063 0.0967007 -1 -0.707532 -0.481843 0.938123 -0.318216 0.467676 0.0473019 -1 -0.45056 -1 -0.56645 -1 -0.462198 -1 -0.639157 -1 -1 -0.986546 -0.086839 0.226056 -0.919921 -0.914694 -1 0.398945 -0.940876 0.282957 1 -0.657098 -1 -0.359995 0.503063 0.427095 -1 -0.53493 0.690217 1 -1 -0.496891 0.464575 0.747323 -0.470435 -0.428922 0.230372 0.0515351 -0.629098 -0.307812 0.104119 0.941055 0.891988 -0.497191 -0.937229 -0.196155 -0.978624 -0.740947 0.117857 -1 -1 0.787435 0.997759 -0.821959 -1 -0.284029 -1 -0.908982 0.226353 0.649448 0.893741 -0.50539 -0.692188 -0.995605 -1 -1 -0.372004 -0.827625 -1 -0.0967309 -0.793846 -0.596287 0.45304 -0.65694 -1 0.880038 0.00545415 0.627223 0.777383 -0.158225 0.485467 -0.192986 -0.537362 0.695039 -0.452172 -1 -0.770878 0.830219 0.191178 0.00305021 -1 -0.659175 -0.611269 -1 -1 -0.504777 0.480132 -0.891377 -0.651701 0.693483 0.632849 0.645072 -0.451657 -0.871675 -0.750414 -0.95325 0.415202 0.0887153 -1 -1 -1 0.33001 -0.54418 -0.657078 0.0353998 -0.182198 -0.340621 -1 0.172963 -1 -0.085072 0.475882 -1 -0.11103 -0.866689 
0.370875 0.0369371 0.712142 -1 -1 -0.632546 0.953357 -0.131415 -1 -0.059208 -0.039605 -0.778781 -1 -1 -0.280158 0.573317 -0.229347 -0.164485 -0.280407 0.677963 -0.232575 -0.209464 -0.858426 0.676926 -0.442243 -0.189958 -1 -1 -1 -0.824591 -0.703561 -0.545532 -0.977844 -1 -0.673702 -1 -0.849525 -1 -0.969561 -1 -1 -0.796538 -0.706832 -1 -1 -0.421964 -0.95137 -1 0.401998 -1 -0.106316 0.390799 0.150773 -0.876317 0.633464 -0.785402 -1 -1 -0.911839 -0.385716 -0.710984 1 -1 -0.85575 -0.968285 -0.785447 -1 -0.79627 -1 -1 -0.882315 -0.204064 0.458334 -0.975985 0.425936 -0.0415334 0.270943 0.0778558 -0.189028 0.0854698 0.0348936 -1 -1 -0.920351 -1 -1 -1 -1 -0.890493 -0.810088 0.325006 0.752357 -1 0.133008 -1 -0.980495 0.00449979 -0.101453 -1 -0.828915 -1 -1 -1 -1 -0.49359 0.228724 -0.178172 0.511388 0.431335 -1 -1 -1 -1 -1 -1 -0.0264762 -1 0.32284 -0.653275 0.00973308 -0.429592 -0.637502 -1 -0.653352 -1 1 -1 -0.0523019 -1 -0.295351 -1 -0.79792 -0.759013 -1 -1 -0.228733 -1 -1 
0.12677 -1 0.919134 -1 -1 -0.863461 -0.33088 -1 -1 0.80917 -0.599868 -0.835986 -0.818116 0.514131 0.20859 0.620062 0.943304 -1 0.00117621 -0.800433 -1 -1 0.346604 -1 -0.669513 -0.0113124 -1 -0.815338 -0.527802 -0.246546 -0.711414 -1 1 -0.389736 -1 -0.190034 -1 -0.987433 -1 -1 0.5693 -1 -1 0.214505 0.773786 -0.473 0.450636 0.710556 -0.83138 -0.659005 -0.054677 -1 -1 -1 -0.925718 -0.190934 -0.199473 -1 -1 0.923679 -0.930017 -0.530894 -0.81517 -1 0.0220275 0.0703773 -1 -1 -1 -1 -0.618874 -1 -1 -1 -0.701348 -1 -0.50994 -1 -0.144598 -0.927449 -1 -1 0.511925 -1 -0.598615 0.807582 -1 -1 -0.546908 -0.693878 -0.362265 -0.464942 -0.0737915 -1 -0.848852 0.218787 -0.54777 -1 -1 0.464105 -1 -1 -0.702892 -1 -0.822412 -0.825111 -0.607978 0.326961 -0.771239 -0.565915 0.128681 -0.47583 0.366555 -0.869635 0.0724148 -0.628264 -1 -1 -1 0.529034 -1 -1 -0.357247 -1 -1 -0.124454 -1 -0.923075 -1 -1 -1 -0.969108 -1 0.145044 -0.571131 -0.658627 0.390128 -1 
-1 -1 -1 -0.892173 0.523075 -0.805801 -1 -1 0.73199 0.000503212 0.282332 -1 -0.350963 -0.859831 0.249643 -1 -0.992928 -0.865357 -1 -1 -0.741025 -0.143498 -1 -0.726478 -1 -1 -1 -0.571095 -1 -1 -0.788165 0.182736 0.130386 -1 -1 -1 -1 -1 0.780052 -1 -1 -0.965622 -0.715652 -1 0.269259 -0.906751 -1 -1 -1 -0.675093 -0.736627 -1 -1 -0.813586 -1 -1 -1 -1 -1 -0.0471511 -0.658762 -1 -1 -1 -1 -0.978447 -1 -1 -1 -1 -1 -1 -0.768887 -0.652206 -1 -0.683842 -1 1 -1 -0.841135 -1 -1 -1 -0.842273 -1 -1 -1 -0.228275 -0.274949 -1 -1 -1 -0.927285 -0.755804 -1 -1 -0.156746 -1 -1 -0.841597 -0.654716 -1 0.0496182 -1 -1 -1 -1 -1 -0.521075 -0.628905 -1 -1 -1 0.821042 -1 -1 -0.843673 0.175395 -0.785199 -0.00176159 -1 -1 -1 -1 -0.854148 -0.209436 -1 -0.650653 -0.0936667 -1 -1 -0.777446 -1 -1 -1 -1 -1 -0.706403 
-1 -0.919934 0.209746 -0.461616 -1 -0.960382 -1 -0.289877 -0.415016 -0.894276 -0.295875 0.855649 -0.171539 -0.00651233 -0.655473 -1 -1 -1 -1 -1 -0.107618 0.289713 -0.330478 -0.554088 -1 -1 0.59308 -0.0653951 -0.830663 0.10819 -0.729254 -1 -1 -0.979687 -1 -0.0253474 -1 -1 0.0702699 -0.478747 0.109871 -0.668366 -0.676179 -0.524988 -0.417666 -0.074993 -0.127904 -1 -0.271798 -1 0.0906613 -1 -0.00131005 -1 -1 0.982649 -0.85754 -1 -0.979917 -0.619671 -1 -0.195266 -0.0928942 -1 -1 -0.937635 -0.721084 -0.351857 -0.225681 -0.766898 0.783365 0.183214 -0.572245 0.928926 -0.752814 -0.638695 -0.809026 -1 -0.153721 -1 -1 -0.398487 -0.447894 -0.553246 -1 -0.851665 0.363359 -1 -1 0.202994 -0.752736 -1 -0.967259 -1 -0.744756 -1 0.157464 -1 -0.8045 -0.462334 -0.198468 -1 -0.761914 -1 -1 -0.526372 -1 -0.900689 -1 -1 -0.88783 -1 0.392249 -0.776962 0.0864462 -0.828755 -0.585625 -0.279401 -1 0.421719 -0.883214 0.624297 -1 -1 0.0317576 0.12671 -1 0.705098 0.000169426 0.581798 -0.361274 -1 -1 -0.78282 -0.0498808 -0.583586 -1 -0.964964 
-1 -1 0.086289 -0.461616 -1 -0.960382 -1 -1 -1 -1 -0.482164 0.855649 -0.171539 -0.00651233 -0.688561 -1 -1 -1 -1 -1 -0.107618 0.168072 -0.495541 -0.63355 -1 -1 0.59308 0.128448 -1 0.10819 -0.599313 -0.927393 -1 -1 -1 -0.0253474 -1 -0.931455 -0.747467 -0.478747 -0.823621 -1 -0.676179 -0.131575 -1 -0.501953 0.0272529 -0.793208 -0.494767 -1 -1 -1 -0.00131005 -1 -1 0.691783 -1 -1 -0.979917 -0.252629 -1 -0.312068 -0.568211 -1 -1 -1 -0.721084 -0.351857 -0.225681 -0.766898 -0.00186557 0.544593 -0.537451 0.928926 -0.752814 -0.553827 -0.807949 -0.670939 -0.644603 -0.993523 -1 -0.398487 -0.447894 -0.752148 -1 -1 0.363359 -1 -1 0.202994 -0.940365 -1 -0.967259 -1 -0.711451 -1 0.157464 -1 -0.8045 -1 -0.20781 -1 -0.761914 -1 -1 -0.526372 -1 -0.7983 -1 -1 -0.88783 -0.89896 0.392249 -1 0.135748 -1 -0.585625 -0.279401 -0.837332 0.421719 -1 0.624297 -0.977439 -1 0.996022 0.289043 -1 0.705098 0.000169426 0.581798 -0.892885 -1 -1 -0.78282 0.313277 -0.583586 -1 -0.964964 
-1 -1 1 -1 -1 0.936099 -1 -1 -1 -0.313363 -1 0.131247 -0.952498 -1 -1 -0.277843 -0.688065 -1 -1 -0.685154 0.825043 -1 -1 -0.637754 -0.642627 -0.968646 -0.882972 -0.65517 -1 -0.949514 -0.0572325 -1 -0.954394 -0.573606 -1 -0.758436 -1 -1 -0.891446 -1 -1 -1 -1 -1 -0.137679 -0.547166 -0.909969 -1 -1 -0.521136 -1 -1 -1 -1 -1 -1 -0.300895 -0.697978 -1 -1 -0.37393 -0.7452 -1 -1 -1 -0.81889 -1 -1 -1 -0.853393 -0.912593 -1 -1 -1 0.653561 0.502781 0.0385188 -1 -1 -0.458624 -0.841274 -1 -1 -0.131969 -0.38484 0.612332 -0.799229 -0.929051 -0.523804 0.0105196 0.760378 -0.0704647 -1 -1 -0.908351 -0.202295 -0.272765 0.110195 -1 -1 -0.604942 -1 -1 -0.197397 -1 -0.824229 -1 -1 -0.272832 -1 -0.774097 -1 -0.672513 -1 -1 -1 -0.480144 1 -0.357631 0.565812 -1 -1 -0.947712 -1 0.0215898 -0.739308 -0.145676 0.252856 -1 -1 -1 -1 -0.406616 -1 -1 -1 -1 -1 
-1 -0.227257 0.23191 0.236117 -0.88646 -1 -1 -0.492736 -1 -0.933109 -1 0.305822 -0.775228 -0.880299 -1 -1 -1 -0.620343 -0.873332 -1 -0.297683 0.570736 0.106345 -0.943768 -1 -0.872313 0.326417 0.539156 -0.853609 -1 -0.76112 -1 -1 -1 -1 -1 -0.36809 -0.986619 0.20992 -0.833726 -0.933968 -0.66282 0.683743 -1 -1 -0.697149 -1 0.160793 -0.202997 -0.82717 -0.61177 -1 -0.449498 -1 -1 -0.0259936 -0.551298 -0.963839 0.210698 -0.37131 -1 -0.942208 -0.0228597 -0.179288 -1 -1 -0.985673 -1 0.497122 -0.49097 0.249546 1 -0.572245 0.448722 0.759114 -1 0.054945 -0.409679 -1 -1 -0.200484 -0.744009 0.319324 -1 -0.473685 -0.132633 -0.245051 -1 -1 -0.517785 -0.833584 -1 -1 -1 0.146681 -1 -0.687014 -0.707163 -1 -0.499165 -0.324415 -1 -0.337555 -1 -0.624619 -1 -1 -1 -0.324763 -0.903931 -1 -1 -0.1785 -1 -0.31374 -0.957412 -1 -0.537931 -0.991699 0.124315 -0.627307 0.624297 -1 -0.492232 1 -0.0877333 -1 0.410495 -0.229823 -0.0161991 -1 -1 -1 -1 -0.652158 -0.563051 -1 -1 
0.12677 -1 0.919134 -1 -1 -0.863461 -0.33088 -1 -1 0.80917 -0.599868 -0.835986 -0.818116 0.514131 0.20859 0.620062 0.943304 -1 0.00117621 -0.800433 -1 -1 0.346604 -1 -0.669513 -0.0113124 -1 -0.815338 -0.527802 -0.246546 -0.711414 -1 1 -0.389736 -1 -0.190034 -1 -0.987433 -1 -1 0.5693 -1 -1 0.214505 0.773786 -0.473 0.450636 0.710556 -0.83138 -0.659005 -0.054677 -1 -1 -1 -0.925718 -0.190934 -0.199473 -1 -1 0.923679 -0.930017 -0.530894 -0.81517 -1 0.0220275 0.0703773 -1 -1 -1 -1 -0.618874 -1 -1 -1 -0.701348 -1 -0.50994 -1 -0.144598 -0.927449 -1 -1 0.511925 -1 -0.598615 0.807582 -1 -1 -0.546908 -0.693878 -0.362265 -0.464942 -0.0737915 -1 -0.848852 0.218787 -0.54777 -1 -1 0.464105 -1 -1 -0.702892 -1 -0.822412 -0.825111 -0.607978 0.326961 -0.771239 -0.565915 0.128681 -0.47583 0.366555 -0.869635 0.0724148 -0.628264 -1 -1 -1 0.529034 -1 -1 -0.357247 -1 -1 -0.124454 -1 -0.923075 -1 -1 -1 -0.969108 -1 0.145044 -0.571131 -0.658627 0.390128 -1 
-1 -0.711539 -1 -1 1 -1 -0.935933 -1 0.353086 0.0596358 -0.861476 -1 -0.141951 -1 -0.678228 -0.903606 -1 0.736038 -1 -1 -1 -0.368189 -0.652398 -1 -1 -1 -1 -1 -1 -1 -1 -0.000469774 -0.527709 -0.799195 -0.313157 -0.34835 -0.827946 -1 -1 -1 -1 -1 -1 -0.707933 -0.1197 -0.524486 -1 -1 -1 -1 -1 -1 -1 -1 -0.395854 -0.970376 -0.531018 -1 -1 -1 -0.949952 -1 -0.706641 -1 -1 -0.978447 -1 -0.824656 -1 -1 -1 -0.435166 -1 -1 -0.722636 -1 -0.990115 0.709072 -1 0.135441 -1 -0.628055 -1 -1 -1 -1 -0.65153 -0.623102 -1 -1 -1 -1 -0.76913 -0.593101 -1 -1 -1 -0.864092 -1 -0.222457 -1 -1 -1 -0.216675 -1 -1 -0.779531 -0.634426 -1 -1 -1 -1 -1 0.760629 -1 -1 -1 -1 -1 -1 -0.825497 -1 -0.883175 -1 -1 0.989164 -0.131079 -0.65274 0.822443 -1 -0.702529 -0.952291 -1 -1 -1 -0.778341 -1 -1 
-0.791889 -1 -1 -0.892522 0.815687 -1 -1 -1 0.353086 0.0596358 -0.45118 -0.623782 -1 -1 -1 -1 -1 1 -1 -1 -1 -0.143498 -0.811877 -0.76758 -1 -0.76475 -1 -1 -0.923123 -1 -0.628965 -0.259978 -0.0311958 -1 -0.9007 -0.717775 -1 -1 -1 -1 -1 -1 -1 -1 -0.1197 -0.326574 -1 -1 -1 -1 -1 -1 -1 -1 -0.739368 -0.956658 -0.892434 -1 -1 -1 -0.949952 -1 -1 -1 -1 -0.978447 -0.948816 -0.824656 -1 -1 -1 -0.706906 -1 -1 -1 -0.78805 -1 0.709072 -0.975113 -1 -1 -0.628055 -0.922414 -1 -1 -0.874897 -0.508379 -1 -1 -0.976772 -1 -1 -0.899392 -1 -1 -1 -1 -0.864092 -0.505184 -1 -1 -1 -1 -0.053228 -0.660099 -1 -1 -1 -1 -0.733017 -0.846795 -0.850588 -1 0.760629 -1 -1 -1 -0.0845809 -1 -0.00176159 -0.825497 -1 -1 -1 -1 0.989164 0.441233 -0.64975 0.505007 -0.92098 -0.702529 -1 -1 -0.7426 -1 -0.906663 -1 -1 
-1 -1 -1 -0.588713 0.523075 -0.805801 -1 -0.839082 0.73199 -1 -0.208431 -1 -0.350963 -0.930974 0.13609 -1 -0.992928 -0.682619 -0.979604 -1 -0.260757 -0.143498 -1 -0.588427 -1 -0.997271 -1 -0.464954 -0.909324 -0.864597 -1 -0.911388 0.130386 -1 -1 -1 -1 -1 0.509288 -1 -0.694263 -0.965622 -0.715652 -1 0.269259 -0.618032 -1 -1 -1 -0.675093 -1 -1 -1 -1 -1 -1 -1 -1 -1 -0.285467 -1 -1 -1 -1 -1 -0.978447 -1 -1 -1 -1 -1 -1 -0.875709 -1 -1 -0.81309 -1 1 -1 -1 -1 -1 -1 -0.842273 -1 -1 -1 -0.228275 -0.274949 -0.963183 -1 -1 -1 -1 -1 -1 -0.156746 -1 -0.667559 -0.991126 -0.525558 -1 -0.0810679 -1 -0.656198 -1 -1 -0.699177 -1 -0.628905 -1 -1 -1 0.296057 -1 -0.810818 -1 0.175395 -0.785199 -0.00176159 -1 -1 -1 -0.634029 -0.897157 -0.209436 -1 -0.650653 -0.687116 -1 -0.702529 -1 -1 -1 -1 -1 -1 -1 
0.283429 -0.821711 -0.133298 0.207543 -0.473766 0.251201 -1 0.278517 -0.677126 0.276659 0.657974 -0.808531 0.195346 0.069602 -0.904477 0.730755 0.741549 -0.375766 -0.995487 0.406164 -0.709756 -0.0895959 0.603461 0.845443 -1 -0.176912 -0.994154 -0.804555 -0.184852 0.699501 0.940886 -1 0.690126 -0.667084 -0.4203 -0.820938 -0.880674 0.755299 0.0736079 -0.672119 0.526629 -1 0.829991 -0.0448522 -0.0763133 -0.916271 0.448075 -0.348487 0.588543 0.45436 -0.0361897 0.0644186 0.719891 -0.306004 -0.387824 -1 -0.730497 0.148939 0.392034 0.28162 0.621684 -0.873661 -0.226078 0.101467 0.166509 0.880199 -0.80724 -0.746572 -0.605451 -0.316715 -0.490545 -0.91231 0.184583 0.395266 0.899447 -0.520954 -0.0148336 -0.699603 0.353228 -0.253111 -0.255361 0.545023 0.557472 -0.408954 -0.375667 -0.645588 0.593627 0.0277627 -0.875269 0.880851 0.392604 -0.958378 0.317921 0.603565 0.536089 -0.83731 0.72063 0.334616 0.995895 -0.613452 0.0656021 -0.213953 0.257416 -0.222297 -0.753148 -0.92401 -0.222565 -0.498629 0.0672029 -0.223782 -0.221508 -0.71599 -0.338001 -0.131858 -1 0.0217887 0.504836 -1 -1 -0.712845 0.102678 -0.346447 0.535189 -0.888197 0.274706 0.410144 -1 -0.982323 -0.0927228 -0.807637 0.861576 0.87771 0.217399 -1 -1 0.278504 -0.436718 0.374162 
-0.0524728 -0.431053 0.752907 0.333474 0.971596 -0.00106284 -0.0235807 0.334016 -0.783996 -0.0201818 0.265298 0.619645 0.116395 0.0647026 -0.696805 -0.444743 -1 0.351729 0.051373 0.166909 -1 0.0764573 -0.806828 0.356318 -0.217197 -0.870612 -1 -0.249692 0.995739 -0.87292 -1 -0.0725937 0.148893 -0.450579 0.768223 0.909483 -0.576591 -0.395657 -0.150977 0.526195 0.419669 0.212723 -0.0524767 -0.849701 -1 1 -0.0584819 0.111103 -0.18264 -0.365268 0.196538 -0.239083 0.869142 0.0926414 0.444571 0.0299414 -0.798503 0.19212 -0.810987 0.636502 -0.584346 0.630415 0.449251 -0.537483 0.247876 -0.770047 0.0592256 -0.0917733 0.457955 -1 0.349414 0.333286 -0.377213 -0.180774 -0.440169 -0.975684 -0.285294 0.356623 0.42316 -0.134224 0.750261 0.447122 -0.540799 -0.933189 -1 -0.846875 0.235902 -0.985042 -1 0.630608 -0.822132 0.213081 0.46679 -0.429024 -0.42069 0.157152 -0.765994 0.254124 1 -0.00138313 -0.921736 0.487909 -1 -0.0944376 -0.898453 -0.812822 -0.729982 0.239778 -0.250007 0.333357 0.00806773 0.891928 -0.219349 0.238618 -0.248055 -0.870824 -1 -0.160807 0.298877 0.537426 0.518961 -0.710096 -0.897154 0.310753 -1 -0.489205 0.932624 -1 -1 -0.149029 -0.784478 0.677694 -0.567854 -0.0120797 -0.862657 -0.944589 -1 -1 
-0.927005 -1 -1 -0.56097 1 -0.346957 -1 -1 0.40108 -0.00865987 0.283073 -0.906937 -0.350963 -0.859831 0.389338 -0.0690182 -0.666439 0.125896 -1 -1 -1 -0.143498 -1 -0.726478 -0.403776 -0.997271 -1 -0.430225 -0.854657 -1 -0.554486 0.104748 -0.203844 -0.47077 -1 -0.774273 -1 -1 -1 -1 -0.965201 -0.958746 -0.715652 -1 0.269259 -0.0923177 -0.857455 -1 -0.456216 -0.984171 -1 -1 -1 -1 -0.800824 -1 -1 -0.909432 -1 -1 -1 -1 -0.391797 -1 -1 -0.978447 -1 -1 -1 -1 -0.77739 -1 -1 -1 -1 -1 -0.812498 1 -1 0.0439214 -1 -0.628055 -1 -1 -1 -0.941552 -0.888614 0.496017 -0.274949 -0.976772 -1 -1 -0.328633 -1 -1 -1 -0.156746 -1 -0.829833 -1 -0.835552 -0.940881 -0.280472 -0.50743 -0.99972 -1 -1 -0.634426 -0.579714 -0.247209 -1 -1 -1 0.525347 -1 -1 -1 0.175395 -1 -0.00176159 -1 -0.959511 -1 -1 -1 0.989164 0.148274 -0.65274 0.325313 -1 -1 -1 -1 -1 -0.702351 -0.685696 -1 -0.623105 
-0.08275 -0.609962 -1 -0.739369 -1 -1 -0.828776 -1 -1 -0.495566 -0.698111 -0.627605 -1 0.676124 -0.996239 0.446737 -1 -1 -1 -0.895336 -1 -0.280072 -1 -0.831028 -1 -0.350219 -1 0.896664 -1 -0.577247 0.610078 -1 -1 0.792341 -1 -0.21943 -1 -1 -1 0.668332 -0.879517 -1 -1 -1 -0.412022 -1 -0.752724 -0.759186 -1 -0.88621 -0.753346 -1 -1 -1 -1 -1 -0.159467 -1 -0.979095 0.100613 -1 -1 -1 1 -1 -0.169984 -1 -1 -1 0.405296 -0.721729 -1 -0.635474 -1 0.414563 -0.259231 0.493478 -0.393713 -1 -1 -1 -0.642493 -0.210278 -0.947313 -0.76891 -0.98958 -0.935669 -1 -1 -0.926582 -0.685873 -1 -0.0639954 -1 -1 -0.655865 -1 -0.774469 -0.0697559 -0.727867 -1 -1 -1 -1 -1 -1 -1 -1 -1 -1 -1 -1 -1 -0.583732 -0.896313 -1 -1 0.910884 -1 0.55213 -0.793821 0.159961 -1 -0.530036 -1 -0.708064 -1 -0.199271 -1 -1 -1 -1 -0.607499 -1 -1 -1 -0.573937 -1 
0.994873 -0.693265 0.712142 -1 -0.427542 -0.632546 0.953357 -0.131415 -1 -0.273203 -0.0582684 -0.778781 -1 -1 -0.520483 0.573317 0.0352136 -0.233992 -0.448729 0.0413715 -0.232575 -1 -1 0.654443 -0.442243 0.557301 -0.688466 -0.562268 -0.268125 -0.484858 0.10968 -0.866394 -0.92144 -1 -0.673702 -1 0.487297 -0.290466 -1 0.478432 -1 -0.46188 -0.547248 -1 -0.637069 -0.65659 -0.487157 -0.746795 0.300885 -0.611623 0.107056 0.416923 0.473763 -1 0.64807 -1 -1 -0.267561 -0.911839 0.995276 -0.599525 1 -1 0.194015 -0.671959 0.272689 -0.951129 -0.717598 -1 0.255163 -1 -0.193739 -0.700462 -1 0.667333 0.769231 1 0.0778558 -0.189028 0.439015 0.0348936 -1 -0.732112 -0.920351 -0.990493 -0.957656 -1 -0.858321 -0.323875 -1 -0.561809 0.955563 0.50658 0.553759 -0.685381 -1 0.00449979 -1 -1 0.0202542 -1 -1 -0.243551 -1 0.330797 0.738559 -0.509575 0.246214 0.431335 -1 -0.787722 -0.559318 -0.569456 -1 -0.640461 -0.147673 -1 -0.0231245 -0.688235 0.00973308 -0.429592 -1 -1 -0.653352 -0.596263 0.861367 -0.822925 -0.0523019 0.0797865 -1 -0.571232 -0.0415063 -1 -0.788394 0.007781 0.740873 -1 -1 
0.994873 -0.522114 -0.262857 -1 -1 -0.728413 0.46228 -0.131415 -1 -1 -0.039605 -0.778781 -1 -0.315007 -0.532825 -0.556397 -0.0736674 -0.164485 -0.448729 -0.407422 -0.762562 -0.209464 -0.967941 0.4546 -0.733502 0.557301 -1 -0.658451 -0.268125 -0.316048 0.10968 -0.866394 -0.92144 -1 -0.542676 -1 -0.323965 -1 -1 0.352013 -1 -1 -0.746731 -1 -0.955081 -0.65659 -1 -1 -0.0135583 -0.538149 0.107056 -1 -0.661479 -1 0.64807 -0.645986 -0.663986 -0.267561 -0.691887 1 -1 1 -1 -0.188854 -1 0.0428177 -1 -0.800423 -1 -0.339466 -0.863521 -0.00684795 -1 -1 0.667333 1 1 -0.495766 -0.189028 0.713204 -0.0218643 -1 -1 -0.920351 -1 -0.603506 -1 -0.524417 -0.323875 -0.860731 0.325006 0.947668 -0.821968 -0.195927 -0.460184 -1 -0.645024 -1 -0.707003 0.0202542 -1 -1 -0.4924 -0.886969 -1 0.767456 -1 0.958209 0.01522 -1 -0.787722 -0.462444 -0.698606 -1 -1 -0.144905 -1 -0.0231245 -0.914099 0.00973308 -0.429592 -1 -0.446274 -1 -1 0.324884 -0.822925 0.0984315 0.148832 -0.0796471 -1 -0.0415063 -1 -1 0.007781 -0.8907 -1 -0.912325 
-0.207301 -1 -1 -1 -1 -0.979524 -0.772921 -0.891802 -1 -0.495566 -0.698111 -0.627605 -1 -0.0194158 -1 -0.322598 -1 -1 -0.935534 -1 -0.772285 -0.498348 -1 -1 -1 -0.350219 -1 -0.0349073 -1 -0.577247 -0.444103 -0.886419 -0.874028 0.183904 -1 -0.158393 -0.583065 -1 -0.648554 0.145616 -0.36679 -0.969164 -1 -0.960837 -1 -1 0.225344 -0.582834 -1 -1 -1 -1 -1 -1 -1 -1 0.136245 -1 -1 -0.737132 -1 -1 -0.990547 0.230535 -0.804819 0.45913 -0.932885 -1 -1 0.405296 -1 -1 -1 -1 0.269032 -0.016156 0.573054 -0.198375 -1 -1 -0.862047 -0.642493 -1 -1 -1 -1 -0.714266 -1 -1 -1 -1 -1 -0.991904 -1 -1 -0.531023 -1 -1 -0.812868 -1 -0.319532 -1 -0.616638 -1 -1 -1 -0.584416 -1 -1 -1 -1 -1 -1 -0.802997 -1 -1 -1 0.869112 -0.657705 0.55213 -1 -1 -1 -0.015031 -1 -0.708064 -1 -0.199271 -1 -1 -1 -1 -0.607499 -0.739241 -0.89966 -1 -0.573937 -1 
0.893162 0.0897747 -1 -0.784705 -0.782073 -0.632546 0.127677 -0.131415 -1 -0.796656 -1 -1 -1 -0.0971515 -0.325586 -0.636853 -0.150911 -0.164485 -0.448729 0.4733 -1 -1 -0.929104 0.473918 -0.766719 -0.458148 -1 -0.768255 -1 -0.907218 -0.478395 -0.389327 -0.800228 -0.825993 -0.716151 -1 0.319091 -1 -1 0.077503 -1 -1 -1 -1 -1 -0.668893 -0.487157 -1 -0.530412 -0.919832 0.107056 -1 -0.788824 -1 -0.439867 -1 -0.612937 -0.70061 -1 0.205324 -0.726602 -1 -1 -1 -1 -0.91579 -1 -1 -0.652635 -1 -1 0.129523 -0.6617 -0.842177 -0.599341 0.341532 1 -1 -0.894642 0.439015 0.0348936 -1 -1 -1 -1 -1 -0.231508 0.0663087 -0.925515 -1 -0.161822 -0.134356 -0.329486 -1 -0.422188 -1 -1 -1 -1 -0.690844 -1 -0.803408 -0.169566 -0.792321 0.14107 -0.892028 -0.499046 -0.176574 0.296885 -1 -1 -0.944431 -0.351034 -1 -1 0.303677 -0.946552 0.280296 -1 -1 -0.675159 -1 -0.494485 -1 -1 0.861367 -1 -1 -0.38458 -0.869404 -0.425141 -0.662385 -0.701005 -1 -0.748049 0.740873 -1 -1 
-0.48419 -0.190495 -0.935745 -0.481777 0.0312465 -1 -0.840499 -0.621658 -1 -1 -0.669816 -1 -0.790298 -0.755347 -1 -0.95788 -1 -1 -1 -0.85693 -0.933041 -1 -1 -0.784343 -1 -1 -1 -0.49995 -1 -0.290264 -0.673118 -1 -0.436902 -0.881753 0.170155 -0.768832 -1 -1 -0.925397 -1 -1 -0.94472 -1 -1 0.0914908 -0.172292 -0.803341 -1 -1 0.512515 -1 -1 -1 -1 -0.906987 -1 -1 -1 -1 -1 -0.876937 -0.453277 -0.720584 -0.632848 -1 -1 -1 -1 -0.844024 -0.603776 0.590412 -0.911124 -1 -1 -0.611893 -1 -0.85628 -0.68751 -1 -1 -0.664503 -1 -1 -1 -1 0.539623 -1 -1 -0.962715 0.459222 -1 -1 -0.349338 -1 -1 -0.873534 -1 -1 -0.351483 -1 -1 -0.761871 -0.629535 -1 -1 -1 -0.452834 -1 -1 -0.925825 -1 -0.875656 0.0774637 0.435707 -0.911253 -0.930979 -1 0.491964 -1 -0.297979 -0.669812 -0.934671 -0.738725 -1 -0.938118 0.989266 -0.986261 -1 -1 -0.858926 -1 -0.833486 -0.705671 -0.891726 0.163228 0.181815 -0.77118 -1 
1 -0.0727531 0.712142 -1 -0.782073 -1 0.453706 -0.131415 -1 -0.273203 -0.039605 -0.778781 -1 -1 -0.520483 0.69479 0.227928 -0.164485 -0.799508 0.4733 -0.232575 -0.209464 -1 0.654443 -0.442243 -0.1977 -0.688466 -0.562268 -0.268125 -0.316048 0.10968 -0.866394 -0.92144 -1 -0.673702 -1 0.487297 -0.290466 -1 0.478432 -1 0.0443214 -0.731441 -1 -0.637069 -0.65659 -0.487157 -0.406196 0.065748 -0.611623 0.0241902 0.416923 0.150773 -1 0.64807 -1 -1 -0.267561 -1 0.751887 -0.496818 1 -1 0.194015 -1 0.0428177 -1 -0.800423 -0.742697 0.255163 -1 -0.204064 0.458334 -1 0.667333 0.769231 1 0.0778558 -0.189028 0.439015 0.0348936 -1 -0.732112 -0.657742 -0.990493 -0.957656 -1 -0.641114 -0.323875 -1 0.325006 -0.0794528 0.254848 -0.0225132 -0.604139 -1 -0.342834 -0.482454 -1 0.0202542 -1 -1 -1 -0.886969 0.0605687 -0.530306 -0.0164219 0.883028 0.431335 -1 -0.787722 -0.559318 -0.698606 -1 -1 -1 -1 -0.0231245 -0.831316 0.142317 -0.429592 -1 -0.494485 -0.653352 -0.983697 0.861367 -0.822925 -0.0523019 0.148832 -0.295351 -0.571232 0.0337472 -0.759013 -1 -0.533173 0.740873 -1 -1 
-1 -0.847934 0.355044 -0.696751 -1 -1 -0.718482 -0.83543 -0.0993742 -0.698204 -0.759883 -0.480633 0.284205 0.00342155 -1 -1 -1 -0.633636 -0.895719 -0.688747 -0.0991482 -0.195108 -0.831912 0.0083942 -0.850609 -1 0.995031 0.134152 -1 -0.980686 -0.746072 -1 -1 -1 -1 -0.192766 -0.432076 -1 -0.352881 -1 -0.320096 -1 -1 -1 -0.15753 -0.251088 -1 -0.453974 -0.590089 -0.746023 -1 -1 -1 -0.991519 -1 -0.0259936 -0.609068 -1 -0.0542102 -0.37131 -0.948487 -0.076488 0.494889 -0.504746 -1 -0.912899 -0.0780415 -0.295527 -0.526902 -1 0.730958 -0.979179 -0.572245 -1 0.312606 -0.655022 -0.016756 0.687034 -1 -0.978544 -0.720852 -1 -0.227204 -0.787062 -0.427906 -1 -0.151609 -1 -1 -0.353533 -1 -0.903693 -1 -1 0.0986617 -1 -1 -1 -1 -1 0.146519 -1 -0.647061 -1 -0.303642 -0.239398 -1 -0.76163 -1 -1 -0.811301 -0.905502 -0.809892 -0.890639 0.0889389 -1 -0.0495764 0.0387259 -1 0.0748878 -1 0.624297 -0.912401 -0.299605 -0.651349 -0.00164914 -0.82446 0.229878 -0.313047 -1 -0.558155 -1 -1 -0.0546975 -0.68484 -1 -1 -1 
-0.779236 -1 0.18338 -1 -1 -0.13031 -1 -1 -1 -0.313363 -1 0.131247 -0.952498 -0.769084 -1 -0.277843 -0.688065 -1 -1 -0.685154 0.825043 -1 -1 -0.637754 -0.642627 -0.968646 -0.882972 -0.339057 -1 -1 -0.0572325 -0.6478 -1 -0.573606 -1 -0.758436 -1 -1 -0.891446 -1 -1 -1 -1 -1 -0.137679 -1 -0.909969 -1 -1 -0.521136 -1 -1 -1 -1 -1 -1 -0.300895 -0.697978 -1 -1 -0.76126 -1 -1 -1 -1 -0.81889 -1 -1 -1 -1 -0.912593 -1 -1 -1 0.932142 0.376729 0.0385188 -1 -1 -0.563515 -0.841274 -1 -0.92201 -0.131969 -0.38484 0.612332 -0.799229 -1 -0.523804 -0.480015 0.760378 -0.0704647 -1 -1 -0.908351 -0.202295 -0.226804 0.110195 -1 -1 -0.604942 -1 -1 -0.197397 -1 -0.824229 -1 -1 -0.272832 -1 -0.774097 -1 -0.672513 -1 -1 -1 -0.480144 1 -0.714366 -0.796143 -1 -1 -0.947712 -1 -0.105526 -0.739308 -0.145676 0.252856 -1 -1 -1 -1 -0.406616 -1 -1 -1 -1 -1 
-1 -1 1 -1 -1 0.936099 -1 -1 -1 -1 -1 -0.851476 -0.952498 -1 -1 -0.277843 -0.688065 -1 -1 -0.752054 0.825043 -1 -1 -1 -1 -1 -1 -0.837881 -1 -0.949514 -0.0572325 -1 -1 -0.206115 -1 -0.758436 -1 -1 -0.735808 -1 -1 -1 -1 -0.998599 0.225851 -0.547166 -1 -0.793383 -1 -1 -1 -1 -1 -1 -1 -1 -0.34957 -0.697978 -1 -0.651735 -0.37393 -0.7452 -1 -1 -1 -1 -1 -1 -1 -0.853393 -1 -1 -0.756049 -1 0.300316 -0.529699 0.0385188 -1 -1 -1 -1 -1 -0.834264 -0.424423 -1 0.612332 -0.799229 -0.929051 -1 -1 0.760378 -0.0704647 -1 -1 -0.908351 0.136114 -0.095946 0.395269 -1 -1 -1 -1 -0.804981 -0.197397 -1 -0.824229 -1 -0.846241 -0.351554 -1 -0.690017 -0.837927 -0.672513 -1 -1 -1 -0.356843 1 -0.590808 0.565812 -1 -1 -1 -1 -0.441604 -0.592983 -0.145676 0.335944 -0.477473 -1 -1 -1 -0.406616 -1 -1 -0.955196 -1 -0.643194 
0.104064 -0.152685 0.299683 0.834719 0.573055 0.23551 0.456826 0.796612 -0.510372 0.114727 0.65919 -0.330669 0.735258 -0.277597 -0.345951 -0.592474 -0.64206 -0.762079 0.510421 -0.460745 0.0264632 0.62767 -0.782277 -0.144117 -0.445848 0.271492 0.880807 0.208994 -0.582609 0.46008 -0.0430791 -0.737733 0.222692 -0.954521 -0.529427 0.823272 0.114638 0.395065 0.247244 -0.0859783 -0.146159 0.535547 -0.134303 -0.510144 -0.196496 -0.866351 0.496579 0.140038 -0.348971 -0.748057 -0.589137 0.634317 0.861559 0.999755 0.394671 0.0569898 -0.443224 -0.384503 -0.741327 -0.225539 0.535124 -0.0909407 0.564761 0.880991 0.915967 0.13655 0.757964 0.390953 -0.831823 -0.717984 -0.272395 0.924443 -0.792308 -0.34982 -0.882357 0.843647 -0.44912 -0.641599 -0.387917 0.152468 -0.108343 0.842631 0.95012 0.265237 0.159014 0.0398843 0.727474 0.557322 0.898899 0.222775 0.279068 0.837224 -0.560508 0.20868 -0.0151933 -0.0302843 0.52433 0.811606 -0.836875 -0.835724 -0.482243 0.148895 -0.956099 0.845574 0.306732 -0.171468 0.0233363 0.298679 0.799961 -0.162003 0.434939 -0.658693 -0.483534 0.498021 0.877981 0.672432 0.181116 -0.566805 0.91965 0.691209 0.748641 0.919034 0.285918 -0.940589 -0.134536 0.31302 0.0698394 -0.833306 0.783154 0.102107 -0.298052 -0.571487 0.633334 -0.247058 0.183815 -0.377555 -0.221382 -0.83948 
-1 -1 0.315451 -0.407497 -0.739022 -1 -1 -1 -1 -1 -1 0.0533312 -0.569541 -1 -1 -1 -1 -0.368544 -1 -1 0.221634 0.304723 0.485895 -0.862906 -0.712961 -0.83559 1 0.335389 -0.853609 -1 -0.298862 -0.802759 -0.493184 -0.896826 -0.807234 -1 -1 -0.59745 -1 -0.523111 -1 -1 -0.604495 -1 -1 -0.854882 -1 -0.920897 -1 -1 -0.748786 -1 -1 -1 -0.859684 -0.275902 -1 -1 0.0764374 -1 -1 -1 -0.509877 -1 -1 -1 -1 -1 0.497122 -1 -0.109416 0.37215 -0.730006 -1 -1 -1 0.183896 -1 -0.928095 -0.877432 -1 -0.744009 -1 -0.744918 -1 -0.820268 -0.0308443 -1 -0.93562 -0.887593 -1 -1 -1 -0.723632 0.639455 -0.939711 -1 -0.911661 -1 -1 -0.339643 -0.845467 -1 -1 -1 -0.804099 -1 -1 -0.536414 -1 -0.866061 -0.924852 -1 -1 -0.508716 -0.851072 -1 -0.537931 -0.936521 0.135586 -0.799258 0.75244 -1 -0.600455 -1 -0.260397 -1 0.797078 0.044459 -0.569899 -0.571928 -1 -1 -1 -0.357245 -1 -1 -1 
-1 -1 -0.0375607 -1 -1 -0.13031 -1 -1 -1 -0.313363 -1 0.131247 -0.952498 -1 -1 -0.277843 -1 -1 -1 -0.685154 0.769897 -1 -1 -0.637754 -0.642627 -0.968646 -0.882972 -0.65517 -1 -1 -0.0572325 -1 -0.954394 -1 -1 -0.758436 -1 -1 -0.891446 -1 -1 -1 -1 -1 -0.0629545 -1 -1 -1 -1 -0.521136 -1 -1 -1 -1 -1 -1 0.314994 -0.697978 -1 -1 -0.475639 -1 -1 -1 -1 -0.81889 -1 -1 -1 -1 -0.5708 -1 -1 -0.834969 0.932142 0.376729 0.0385188 -1 -1 -0.458624 -0.704475 -1 -1 -0.131969 -0.38484 0.0805654 -1 -0.946444 -0.523804 0.0926277 -0.182316 -0.179175 -0.704426 -1 -0.908351 -0.202295 -0.272765 0.0225326 -1 -1 -0.604942 -0.715066 -1 -0.917649 -1 -0.824229 -1 -1 -0.272832 -1 -1 -1 -1 -1 -1 -0.736431 -0.480144 1 -0.714366 -0.307181 -1 -1 -1 -1 -0.105526 -0.739308 -0.145676 0.252856 -1 -1 -1 -1 -0.406616 -1 -1 -1 -1 -1 
-0.80919 0.0957429 -1 -0.293193 0.475629 0.133696 -0.733837 0.647153 -0.887948 0.433588 0.785381 -1 0.338556 -0.236354 -0.197042 -1 -0.599442 -0.808011 -0.0848828 0.691048 -1 -0.993386 0.49608 -0.252212 -0.885876 -0.0653995 0.594266 -1 -1 -0.712675 0.15439 -1 -0.139782 -1 -1 -0.956474 0.433887 0.468628 -0.592992 0.712491 -0.459048 0.894117 -0.840909 -0.810741 -0.112429 -1 -0.434673 -1 -0.932985 -1 -1 -0.437061 -1 0.0503082 -0.520599 0.77313 -0.986684 0.711923 0.456669 -0.974038 -1 1 0.235743 -1 -0.296005 0.659962 -0.892137 -0.968723 -0.927928 -0.476628 0.434005 -1 -0.352118 0.86565 -0.916905 1 -1 -0.503535 -1 -0.306096 -0.777809 -0.193817 -1 -1 -0.162846 0.126718 -0.950786 -0.864928 -1 -0.776311 -1 0.265432 0.0198365 0.194633 -1 -1 -0.0221947 -1 0.0446717 0.359323 -0.281527 -0.0985112 0.353699 -0.161346 -0.13447 -0.430965 -0.601081 -0.361654 0.227042 0.658895 -0.232213 1 -1 0.00726733 -1 0.837569 -0.713616 -0.182858 0.404708 -0.553838 -0.546662 -0.293755 0.492301 -0.758279 -1 -0.966979 0.125895 0.706126 0.559229 0.0767202 -0.783689 -0.950541 -0.307522 -0.228404 0.340211 -0.311138 -0.324307 -0.162588 
-1 -1 -0.80552 -1 -0.55091 -0.679964 -1 -0.49918 -0.990193 -0.16098 -1 -0.998977 -0.515804 -1 -1 0.164519 -0.224803 0.300426 -1 -0.983115 -1 -1 -0.609556 -0.361906 -1 -1 -1 -0.328126 -1 -1 -1 -1 -0.34839 -1 -1 0.00817883 -1 -0.916762 -0.860225 -1 -1 -1 -0.765723 -1 -0.601213 -0.680707 -1 -1 -1 -1 -1 -1 -1 -1 -1 -0.702733 -1 -1 -0.7465 -0.896105 -1 -1 -1 -1 -1 -1 -0.755358 -1 -1 -1 -1 -1 -1 -0.868471 -1 -0.778677 -1 -0.0879868 -1 -1 -1 -0.628055 -0.60078 -1 -1 -0.941552 -1 -0.258686 -0.274949 -1 -1 -1 -0.899392 -1 -1 -0.934206 -0.14319 -1 -0.986521 -1 -0.97081 -1 -1 -0.904026 -0.224685 -1 -1 -1 -1 -0.247209 -1 -0.847379 -1 -0.0235684 -1 -0.79683 -1 0.125599 -0.695916 -0.00176159 -1 -0.986117 -1 -1 -0.656306 1 0.441233 -1 0.319827 -1 -1 -0.947286 -0.707589 -1 -1 -1 -0.395422 -0.931273 
-0.799032 0.676973 -0.127016 -0.292593 0.218214 -0.974063 0.784104 0.10731 -0.662133 -0.873315 0.938123 0.488198 0.221331 0.0473019 -0.949792 -1 -1 -0.56645 -0.933049 -0.462198 -0.862218 -1 -0.994865 -0.720538 -0.986546 0.997341 0.92304 -0.329474 0.359603 -0.684537 0.398945 -0.0177615 0.282957 0.885497 -0.894936 -0.639911 0.586821 0.42564 0.790006 0.678528 0.0204169 0.960263 1 -1 -1 -0.148163 -0.0521841 -0.470435 -0.428922 -0.161057 -0.636786 -0.167398 0.53552 -0.873872 1 0.891988 -0.497191 -1 -0.147403 -0.978624 -0.740947 0.354326 -0.627339 -0.697894 0.787435 0.977248 -0.811843 -1 0.90064 -1 -0.908982 0.226353 -0.282478 1 0.497007 -0.957494 -1 -0.561864 -0.673114 -0.372004 -0.957131 -0.830383 -0.17871 -1 -0.21816 0.45304 0.556175 -0.374687 0.880038 -0.141621 0.627223 0.799645 -0.373668 0.235886 -0.192986 -0.537362 0.695039 0.926376 -0.0343438 -1 0.773786 0.766094 0.704616 -0.510021 0.0794789 0.195395 0.506381 -1 -0.504777 -0.460802 -0.771879 -0.0219596 0.524226 0.802305 0.645072 0.277971 -0.871675 -0.542636 -0.602065 0.691067 0.1842 -1 -0.356442 -0.904729 0.33001 -0.158672 -0.657078 -0.275947 -1 -0.340621 -0.317022 0.172963 -0.530746 -0.085072 0.841393 -0.961558 -0.11103 -1 
-0.982795 -0.400054 -0.882147 -0.461616 -1 -0.960382 -1 -0.364547 -0.415016 -0.562282 -1 -0.00213325 -1 -1 -0.496398 -1 -0.388826 -0.849927 -1 -1 -0.403611 -0.412215 -0.715735 -1 -1 -1 -1 -0.303635 -0.830663 -0.875984 -0.609628 -1 -1 -1 -0.765133 -1 -0.778674 -0.931455 0.0702699 -0.624247 -1 -1 -1 -0.219529 -0.417666 -1 -1 -1 -0.792118 -0.988779 -0.857896 -1 -0.00131005 -1 -1 0.960236 -1 -1 -1 -1 -1 -0.776976 -0.458184 -1 -1 -0.937635 -1 -0.351857 -0.901486 -0.641206 0.783365 -0.545617 -1 0.800672 -0.752814 -0.658633 -0.809026 -1 -1 -1 -0.817707 -0.398487 -1 -0.729318 -1 -0.851665 0.300286 -1 -1 -0.0508574 -0.419681 -1 -1 -1 -0.744756 -1 0.157464 -1 -0.8045 -0.462334 -0.198468 -1 -0.761914 -1 -1 -0.818363 -1 -1 -1 -1 -0.88783 -1 0.392249 -1 0.0864462 -1 -0.537029 -0.423906 -1 -0.159351 -1 0.83726 -1 -1 0.416765 -0.00689986 -1 -1 -0.415111 0.150582 -0.361274 -1 -1 -0.78282 -0.918207 -1 -0.990093 -0.964964 
-0.207301 -0.609962 -1 -0.739369 -1 -1 -0.828776 -1 -1 -0.495566 -0.698111 -0.627605 -1 1 -1 0.446737 -0.94651 -1 -1 -1 -0.772285 -0.280072 -1 -0.831028 -1 -0.350219 -1 0.896664 -1 -0.577247 0.610078 -1 -1 0.528339 -1 -0.21943 -1 -1 -1 0.668332 -0.36679 -0.969164 -1 -0.980097 -0.412022 -1 -0.241562 -0.582834 -1 -1 -1 -1 -1 -1 -1 -1 -0.159467 -1 -1 0.100613 -1 -1 -0.990547 1 -0.854055 0.0959945 -1 -0.992705 -1 0.405296 -1 -1 -0.635474 -1 0.449952 -0.259231 0.493478 -0.198375 -1 -1 -0.862047 -0.642493 -0.210278 -0.947313 -0.53434 -1 -0.935669 -1 -1 -1 -0.685873 -1 -0.385095 -1 -1 -0.600993 -1 -0.178711 -0.0697559 -1 -0.778791 -1 -0.624331 -1 -1 -1 -0.854453 -1 -1 -1 -1 -1 -1 -0.802997 -0.896313 -1 -1 0.789699 -1 0.55213 -0.793821 0.159961 -1 -0.015031 -1 -0.708064 -1 -0.199271 -1 -1 -1 -1 -0.607499 -1 -0.516266 -1 -0.573937 -1 
-1 0.0185039 -0.405178 -0.895295 -1 -0.908848 -1 -1 -0.921024 -1 -1 -1 0.0727397 0.00342155 -1 -1 -1 -0.620343 -0.844524 -1 -0.214586 -0.853489 -0.199135 -0.0123967 -0.763327 -1 0.995031 0.94084 -0.911031 -1 0.207658 -0.849864 -1 -1 -1 -0.780967 -0.432076 0.0947458 -0.453614 -1 -0.500258 -1 0.246818 -1 -0.0607904 -0.732919 -1 -1 -1 -1 -1 -1 -0.449498 -0.628496 -1 -0.536454 -0.407681 -0.616017 -0.529321 -0.37131 -0.728133 -0.54306 0.828246 -0.816755 -1 -0.912899 -0.0780415 -1 0.497122 -1 0.208689 -0.2937 -1 -0.781476 -0.698621 -0.502504 -1 0.687034 -1 -1 -1 -1 -1 -0.787062 -0.427906 -0.270799 0.117198 -1 -1 -0.0579914 -1 -1 -1 -1 0.0986617 -1 -0.903636 -0.9838 -1 -0.628867 0.229723 -1 -0.69458 -0.877197 -0.00685847 -0.239398 -1 -0.272736 -1 -1 -0.811301 -0.791269 -1 -0.929969 0.0864462 -1 -0.953406 0.0387259 -1 0.124315 -0.627307 0.819551 -0.0636794 -0.109737 0.996022 0.0351978 -1 0.0821986 -1 -0.249753 -1 -0.821012 -0.884283 -0.101348 -1 -1 -1 -1 
-1 -1 -0.293835 -0.0620636 -1 -0.812801 -1 -1 -1 -0.894276 -1 0.112807 -0.122607 -0.986497 -1 -1 -1 -1 -0.636407 -0.992168 -1 -0.866875 -0.495541 -0.955357 -1 -1 0.59308 -0.491074 -1 -0.383191 -1 -1 -0.912005 -1 -1 -0.0253474 -0.708995 -1 -0.728897 -1 -0.5266 -0.668366 -1 -1 -1 0.0304234 -1 -1 -0.289407 -0.753505 0.0910567 -1 -0.112123 -0.866582 -1 -0.629296 -1 -1 -1 -0.184712 -0.634104 -1 -1 -1 -1 -0.916027 -0.462489 -1 -0.231866 -1 0.783365 0.336541 0.0353696 0.0259732 -0.704772 -1 -1 -0.814521 -0.153721 -1 -1 -0.520861 -1 -1 -0.545592 -0.503099 -0.168864 -1 -1 -0.792112 -1 -1 -0.638093 -1 -1 -1 -1 -0.879368 -0.593148 -0.504555 -0.20781 -1 -1 -0.766601 -1 -1 -1 -1 -1 -1 -0.661151 -0.938566 -0.0384386 -0.93588 0.0864462 -0.828755 -0.585625 0.106459 -1 0.274196 -1 0.624297 -1 -1 0.996022 0.289043 -0.750364 0.197117 0.000169426 -0.178439 -0.361274 -1 -1 -0.78282 -1 -0.583586 -1 -1 
-1 -0.131602 1 -6.83367e-05 -1 -0.809387 -0.607507 -1 -1 -0.893002 -1 0.624275 0.0393164 -0.709633 -1 -0.681742 -1 -1 -1 -1 -0.365819 -1 -1 -0.910706 -1 -1 0.489534 0.76757 -0.248603 -0.823158 -0.0996338 -1 -0.615096 -1 -0.82276 -1 -0.432076 -1 -0.322184 -0.953683 -1 -1 0.772732 -1 -1 -0.24697 -0.380103 0.235161 -0.678551 -1 -1 -1 -0.792082 -0.731588 -1 -1 -1 -0.971777 -1 -1 -1 -1 0.831896 -0.389475 -1 -1 -0.65495 -1 -0.679171 -1 0.681534 0.453722 -0.884355 0.200243 0.133978 -0.850324 -0.512623 -0.714357 -1 -0.977899 -0.407103 -0.0782278 -1 -0.370608 -0.294016 -1 -0.18613 -1 -1 -1 -1 -1 -1 -1 -0.417889 -0.846705 -0.958123 -1 -0.716706 -0.566164 -1 -1 -1 -0.653545 -0.706379 -0.802132 -0.650537 -0.553755 -0.859619 -0.857262 -0.505975 -0.798633 0.0915919 -0.83638 -1 -1 -1 -0.251526 -0.537855 0.0430288 -1 0.232415 -0.841318 0.214982 -1 0.450213 -1 -0.163128 0.00756958 0.112903 -1 -1 -1 -0.630664 -1 -1 -1 -1 
0.701828 -0.308768 -0.550354 -0.87905 -0.172866 0.870934 -1 0.106452 0.146868 -0.746066 0.813463 -0.639346 -0.0142213 -1 -0.156169 -0.635706 -0.90324 0.830153 -1 0.0174 -1 -0.632732 0.474412 -0.746435 -0.577126 -0.251827 0.497304 0.851166 0.954331 -1 0.0631202 -0.921269 -0.640624 -1 -0.741196 0.140764 0.250919 -0.703787 -0.840309 -0.757892 0.865611 -0.886927 -0.0904756 0.467413 -0.564213 0.513267 -0.0496958 -0.107504 -0.106135 0.339471 -0.923183 0.612047 -0.120851 -0.497976 -0.121786 -0.0430344 -0.000381529 0.138707 -0.837005 0.356105 -0.754001 -0.0987745 -1 -0.807203 0.615924 -1 -0.052849 -1 0.629005 -0.0708609 -0.627519 -0.173312 0.721901 0.0289257 -0.948878 0.101836 0.0641094 -0.720889 -0.0237693 -0.893135 0.0622309 -1 0.842358 -1 -0.212734 0.710207 0.998547 -0.112965 0.273179 -0.850799 -0.994214 -1 -0.474273 0.869232 -0.154537 -0.433925 -0.612436 0.346422 0.549469 -1 -0.960273 -0.36469 0.363699 0.390769 -0.994408 -0.599652 -0.244777 -0.308289 0.521581 -1 0.924421 0.676163 0.184388 -1 -1 -0.960161 -0.681376 0.99617 -0.30772 -0.28016 0.762635 -0.772944 0.8414 -0.30937 0.0251448 0.851321 -0.261186 -0.735817 0.710235 -0.248268 -0.736863 -0.716771 -1 -0.162917 -0.105414 0.355729 -0.125347 -0.930776 
-1 -0.919934 0.209746 -0.78123 -1 -1 -1 -0.289877 -1 -0.894276 -0.295875 0.855649 -0.171539 -0.00651233 -0.655473 -1 -1 -1 -1 -1 -0.76645 0.289713 -0.330478 -0.554088 -1 -1 0.263283 -0.0653951 -1 0.10819 -0.729254 -1 -1 -1 -1 0.265055 -1 -1 0.0702699 -0.478747 0.109871 -0.668366 -0.676179 -0.524988 -0.417666 -0.074993 -0.127904 -1 -0.271798 -1 0.0906613 -1 -0.00131005 -1 -1 0.101302 -0.85754 -1 -0.979917 -1 -1 -0.195266 -0.0928942 -0.874074 -1 -0.937635 -0.721084 -0.351857 -0.225681 -0.766898 -0.277776 0.183214 -0.572245 0.928926 -0.752814 -0.638695 -0.809026 -1 -0.153721 -1 -1 -1 -0.447894 -0.553246 -1 -0.464009 0.363359 -1 -1 0.202994 -0.752736 -1 -0.967259 -1 -0.744756 -1 0.157464 -1 -0.517346 -0.318549 -0.198468 -1 -1 -1 -1 -1 -1 -0.900689 -1 -1 -0.88783 -1 0.392249 -0.776962 0.0864462 -0.828755 -1 -0.279401 -1 0.421719 -1 0.624297 -1 -1 0.0317576 0.12671 -1 0.705098 0.000169426 0.581798 -0.361274 -1 -0.610741 -0.78282 -0.0498808 -1 -1 -0.964964 
-1 -1 0.292318 0.585913 -1 -1 -1 -0.28284 -1 -0.845446 -0.743303 0.618206 0.0136681 -0.707996 -0.677839 -0.957108 -1 -1 -1 -1 -0.297997 -0.114476 -0.133346 -1 -1 0.194189 0.549281 0.226501 -1 -1 0.329955 -0.992751 -1 0.369669 -1 -0.179825 -0.725177 0.0947458 0.0667177 -1 -0.145156 -0.660615 0.772428 0.316338 -0.763059 -1 -0.789775 0.116153 -0.821124 -1 -1 -1 -0.161249 -0.656295 -0.863498 0.892259 -1 -1 -1 -1 -0.991847 0.271436 -0.438388 0.323722 -0.836704 -0.636323 -0.806259 -0.735889 0.298729 -0.703282 -0.769194 0.376626 -1 0.67573 0.364656 -1 -1 0.254586 -1 -0.487478 0.408272 -1 -1 -1 -1 0.0858978 -0.847372 -0.711171 -1 -0.927275 -0.812777 -1 -1 0.436218 -1 -1 -1 -1 -1 -0.602448 0.515023 -1 -0.974804 -1 -0.896191 -0.815995 -0.712431 0.0471187 0.00370622 -1 -1 -0.555663 0.0790853 -1 0.0864462 -1 0.190532 0.198042 -0.869621 -0.047818 -1 0.392494 -0.0410209 -0.321227 -0.988167 -0.0891678 -1 0.369098 -0.296246 0.110583 -1 -0.957583 -0.747716 -0.964152 -1 -1 -0.975413 -0.879019 
-1 -1 -0.790705 -0.460881 -1 -1 -1 -0.868173 -0.415016 -1 -0.765015 0.899961 -0.228248 0.0161878 -1 -1 -1 -1 -1 -1 -0.107618 0.0139399 -0.495541 -0.155689 -0.658121 -1 -0.190184 -0.235415 -0.826438 0.10819 -0.729254 -1 -1 -1 -1 -1 -1 -1 -1 -1 0.109871 -0.681144 -0.676179 -0.432878 -0.881941 -1 -0.257721 -1 -0.271798 -1 0.0906613 -1 -1 -1 -1 0.629442 -1 -1 -0.979917 -0.385002 -1 -0.251518 -0.422144 -0.756719 -0.630808 -0.904935 -1 -1 -0.225681 -0.580836 0.783365 -0.509959 -0.572245 -0.125127 -0.719363 -0.878488 -1 -0.670939 -0.153721 -1 -1 -0.398487 -0.313897 -0.865057 -0.942461 -0.870061 0.363359 -0.728688 -1 0.1425 -0.752736 -1 -1 -0.936401 -0.724443 -1 -0.509133 -1 -0.8045 -1 -1 -0.631696 -0.761914 -1 -1 -0.609976 -1 -0.824602 -1 -0.62295 -0.968709 -0.861117 -0.0441316 -1 -0.295522 -1 -1 -1 -1 0.242203 -1 0.931882 -1 -1 0.996022 -0.404933 -1 0.867603 0.0562517 0.979931 -0.3891 -0.999211 -0.613124 -1 -0.842419 -1 -1 -1 
-1 -1 1 -0.510144 -0.720731 -0.865804 -1 -1 -1 -0.656851 -0.336924 -1 0.588871 -0.676288 -0.469325 -0.851329 -1 -1 -1 -0.945033 -1 -0.0126058 -0.960927 -0.713033 -1 -0.818294 0.27777 1 -1 -0.119303 -0.0340993 -0.410338 -1 -1 -1 0.125108 -1 -1 -0.392577 -1 0.731488 -1 0.468015 -1 -1 -0.57032 -0.137028 -0.958258 0.819751 -1 -0.33257 -1 -0.225501 -0.646162 -0.992413 0.830288 -0.846245 -0.753624 0.0961196 -1 -1 -1 -0.114935 -1 -1 -1 -0.652087 -0.828712 -0.873493 -0.653109 -1 0.247798 0.183782 -0.203825 -1 -0.553827 -1 -0.18615 -0.187871 -1 0.393845 -1 -0.786181 -1 -0.637979 -1 -1 -1 -1 -1 -0.839574 -0.871702 -1 -1 -0.232358 -1 0.157464 -1 -1 -0.974363 -1 -0.885149 -1 -1 -0.771523 -1 -1 -1 -1 -0.927125 -0.755416 -0.878425 -1 -1 -1 -0.952407 -1 -1 -1 0.16285 -1 0.458773 -0.713877 -1 -0.0271363 0.491639 -1 0.216431 0.254483 -0.911856 0.211595 -1 -1 -1 -1 -1 -1 -0.856071 
-1 -1 -1 -1 -0.158499 -0.346957 -1 -0.614756 0.353086 0.0596358 0.680581 -1 -0.894351 -1 -0.0474297 -1 -1 0.658415 -0.670474 -1 -1 -0.143498 -0.871353 -0.726478 -0.853994 -0.684744 -1 -0.430225 -1 -1 -1 0.138999 -0.0311958 -1 -0.389275 -0.719826 -1 -1 -0.0649998 -1 -0.965201 -1 -1 -1 0.269259 -0.490889 -1 -1 -1 -1 -1 -1 -1 -1 -1 -1 -1 -1 -1 -0.0313686 -1 -1 -1 -0.86825 -1 -0.978447 -1 -1 -1 -1 -1 -0.765407 -1 -1 -1 -1 -1 1 -1 0.0439214 -1 -0.411585 -1 -1 -0.776261 -0.899979 -1 0.496017 -0.274949 -1 -1 -1 -0.697611 -1 -0.906023 -1 -1 -0.864092 -1 -1 -1 -0.831385 -0.06906 -1 -0.209058 -1 -1 -0.578179 -1 -0.932497 -1 -1 -0.865965 0.444942 -1 -1 -1 0.175395 -0.695916 -0.454939 -1 -1 -1 -1 -1 1 0.441233 -0.65274 0.319827 -1 -0.702529 -1 -1 -1 -0.52128 -1 -1 -0.992546 
-1 -1 -1 -0.709484 0.244463 -0.346957 -1 -0.272456 -0.120934 0.202982 -0.694786 -1 -0.296345 -0.997203 -1 -0.284846 -1 0.379755 -0.798125 -0.489852 -1 0.0805508 -0.495469 -0.726478 -1 -0.997271 -0.95927 -0.597591 -1 -1 -0.788165 -0.348251 -1 -1 -1 -0.398423 -1 -1 -0.240977 -0.881491 -1 -1 -1 -1 0.342272 -1 -1 -1 -1 -0.741832 -1 -1 -1 -0.915695 -0.801237 -1 -0.751897 -1 -1 -0.817706 -1 -1 -1 -0.977264 -1 -1 -1 -1 -1 -1 -1 -1 -1 -1 -1 -1 -1 1 -1 0.00619659 -0.736499 -0.650388 -1 -1 -1 -1 -1 -0.0481375 -1 -0.712019 -1 -0.667043 -0.672606 -1 -0.685924 -1 -0.156746 -1 -0.88926 -1 -1 -0.940881 -0.287526 -0.816515 -0.335717 -0.959737 -1 0.107677 -0.80712 -0.247209 -0.655653 -1 -1 -0.983238 -1 -0.400527 -1 -0.502605 -1 -0.905146 -0.772052 -1 -1 -0.816469 -1 0.989164 1 -0.533269 0.319827 -1 -0.702529 -1 -1 -1 -1 -0.938307 -1 -1 
-1 0.959053 -1 1 0.972544 -1 0.360524 -1 -0.795196 -0.566603 -0.767085 -1 -1 -1 -0.308827 -1 -0.792799 -0.825323 -0.510774 -0.496404 -0.92525 -1 -0.952711 -0.892552 -1 -1 -1 0.665769 -1 -0.413682 -1 -0.939322 -0.242962 -0.119088 1 -1 -0.933349 -1 0.50758 -1 -1 -0.59681 -1 -1 -0.510907 -0.59499 -1 -1 -1 0.512515 -0.631731 -1 -1 -1 -1 -1 -0.797888 -0.723934 -1 -0.940493 -1 0.822805 -1 -1 -1 -1 -1 -0.984079 -1 -0.991497 -1 -1 -1 -0.80734 -0.976635 -0.906548 -0.323783 -1 -1 -0.815434 -1 -0.00636172 -1 -0.715332 -1 0.42913 -1 -0.877362 -0.295799 -0.799745 -0.0409066 -0.51566 -0.343955 -1 -0.610829 -0.695157 -0.446911 -1 -0.259577 -1 -1 -0.0443614 -0.348843 -0.141852 -0.189978 -0.804117 -1 -1 -1 0.624607 -1 -0.489176 -0.552789 0.643786 -1 -0.897604 -1 0.515428 -0.971756 -0.293164 -1 -1 -1 -1 -0.858652 0.989266 -0.69565 -1 -0.538043 -1 -1 -0.549711 -1 -1 -1 0.51035 -0.833364 -1 
-1 -0.988351 -0.541282 -0.854294 -0.549087 0.0989345 0.200391 -0.570715 0.326974 0.164512 0.86413 0.15492 -1 0.283849 -0.19373 -0.381865 -0.677498 -0.188055 0.061704 -0.180472 -0.32354 -0.919282 0.980725 0.942279 -0.228702 0.583532 -0.188081 0.359035 0.334141 0.552996 -0.235826 -0.699722 0.214743 0.306175 0.759903 -0.469206 0.832721 -0.040381 -0.456943 -0.779248 0.316854 -0.770198 -0.621631 0.542534 0.262186 0.79326 -0.559021 0.524405 -0.877959 0.13375 0.185163 -0.133841 -1 -1 0.278611 1 -0.811427 0.366948 0.39903 0.526301 0.484671 0.616881 0.0802616 -0.572541 -0.583659 -0.0973259 0.303946 0.00157022 -0.226136 -1 0.0906413 -0.53992 0.98054 0.70151 -0.799679 -0.406342 -0.213827 0.483607 0.671385 0.191388 0.105248 -0.213278 -0.755706 -0.962471 -0.823924 -0.985809 0.665309 -0.7422 0.249884 -0.674399 0.0361526 -0.52851 0.387757 -1 0.00572312 0.157641 -0.845008 -0.179808 0.183169 0.861424 -0.44384 -0.371689 -0.401518 -0.108365 -0.0256027 -0.645141 0.721525 0.766801 -0.284757 0.216323 0.778152 -0.0566882 0.197381 0.00446677 0.23839 0.496202 0.222674 -0.467025 -0.604624 -0.041523 -0.94111 0.280913 -0.0697737 0.880021 0.478975 0.821409 0.417186 0.760605 0.940367 0.414285 -0.200268 0.94108 0.39897 -0.857454 0.979636 -0.379567 -0.50217 0.0427115 
0.994873 -0.0727531 0.712142 -1 -0.782073 -0.632546 0.953357 -0.131415 -1 -0.273203 -0.039605 -0.778781 -1 -0.315007 -0.520483 0.573317 0.0352136 -0.164485 -0.448729 0.4733 -0.232575 -0.209464 -1 0.654443 -0.442243 0.557301 -0.688466 -0.562268 -0.268125 -0.316048 0.10968 -0.866394 -0.92144 -1 -0.673702 -1 0.487297 -0.290466 -1 0.478432 -1 0.383297 -0.547248 -1 -0.637069 -0.65659 -0.487157 -0.746795 0.401998 -0.611623 0.107056 0.416923 0.150773 -0.876317 0.64807 -1 -1 -0.267561 -0.911839 0.751887 -0.496818 1 -1 0.194015 -0.968285 0.0428177 -1 -0.800423 -1 0.255163 -1 -0.204064 0.458334 -1 0.667333 0.769231 1 0.0778558 -0.189028 0.439015 0.0348936 -1 -0.732112 -0.920351 -0.990493 -0.957656 -1 -0.641114 -0.323875 -1 0.325006 0.955563 0.254848 0.553759 -0.532894 -1 0.00449979 -0.482454 -1 0.0202542 -1 -1 -0.4924 -0.886969 0.0605687 0.561408 -0.0164219 0.883028 0.431335 -1 -0.787722 -0.559318 -0.698606 -1 -1 -0.147673 -1 -0.0231245 -0.653275 0.00973308 -0.429592 -1 -0.494485 -0.653352 -0.596263 0.861367 -0.822925 -0.0523019 0.148832 -0.295351 -0.571232 -0.0415063 -0.759013 -0.788394 0.007781 0.740873 -1 -1 
-0.207301 -0.609962 -0.650878 -0.739369 -1 -1 -0.828776 -1 -1 -0.495566 -0.83672 -0.627605 -0.639988 0.297104 -1 0.446737 -1 -1 -1 -1 -0.772285 -0.280072 -1 -0.831028 -1 -0.350219 -1 0.896664 -1 -0.577247 0.610078 -1 -1 -0.572822 -1 -0.958711 -1 -1 -1 -0.375282 -0.36679 -0.969164 -1 -0.980097 -0.787636 -0.834027 -0.241562 -0.582834 -1 -1 -1 -1 -1 -1 -1 -1 -0.159467 -1 -1 0.100613 -1 -1 -0.990547 0.649135 -0.854055 0.0959945 -1 -0.992705 -1 0.405296 -1 -1 -0.635474 -1 -0.256687 -0.983695 0.493478 -0.198375 -1 -1 -0.862047 -0.642493 -0.386976 -0.947313 -0.53434 -1 -0.935669 -1 -1 -1 -0.685873 -1 -0.385095 -1 -1 -0.600993 -1 -0.178711 -0.0697559 -1 -0.778791 -1 -0.624331 -1 -1 -1 -0.854453 -1 -1 -1 -1 -1 -1 -0.885862 -0.896313 -1 -1 0.789699 -1 0.55213 -1 0.159961 -1 -0.015031 -1 -0.708064 -1 -0.199271 -1 -1 -1 -1 -0.607499 -1 -0.516266 -1 -0.573937 -1 
-0.791889 -1 -1 -0.892522 0.815687 -1 -1 -0.614756 0.353086 0.0596358 -0.45118 -0.623782 -1 -0.959717 -1 -1 -1 1 -1 -1 -1 -0.143498 -0.811877 -0.76758 -1 -0.76475 -1 -1 -0.923123 -1 -0.628965 -0.000469774 -0.0311958 -1 -1 -0.717775 -1 -1 -1 -0.996308 -1 -1 -1 -1 -0.1197 -0.326574 -1 -0.68595 -1 -1 -1 -1 -1 -1 -0.739368 -0.956658 -0.892434 -1 -1 -1 -0.949952 -1 -1 -1 -1 -0.978447 -0.948816 -0.824656 -0.915048 -1 -1 -0.435166 -1 -1 -1 -0.78805 -1 0.709072 -1 -1 -1 -0.628055 -0.922414 -1 -1 -0.627442 -0.508379 -1 -1 -0.976772 -1 -1 -0.899392 -1 -1 -1 -1 -0.864092 -0.505184 -1 -1 -1 -1 -0.053228 -1 -1 -1 -1 -1 -0.733017 -0.846795 -0.850588 -1 0.760629 -1 -1 -1 -0.0845809 -1 -0.00176159 -0.825497 -1 -1 -1 -1 0.989164 0.441233 -0.64975 0.505007 -0.92098 -0.702529 -1 -1 -0.7426 -1 -0.906663 -1 -1 
0.814931 0.332451 -0.601874 0.986908 0.863848 0.981473 -0.674803 0.873572 -0.110856 -0.818978 -0.952703 0.607566 -0.744449 0.00660563 0.194481 -0.991929 -0.224893 -0.525215 -0.930469 0.579271 -0.37991 -0.60883 -0.590342 -0.197032 0.23798 -0.472216 0.249775 0.575693 0.15272 0.919881 -0.0555078 -0.702855 0.322387 -0.733804 -0.265473 0.564722 0.858512 0.940452 -0.622923 -0.187376 0.0131701 -0.435451 -0.30616 0.323338 0.0868216 0.250579 0.292463 -0.816164 -0.498035 -0.133474 -0.0192943 0.417528 -0.484719 -0.732251 0.155193 0.813169 -0.78159 0.67707 -0.890205 0.159412 -0.944185 -0.960095 0.459631 0.505643 0.632951 -0.68039 -0.343889 -0.734497 -0.443755 0.747132 -0.442952 0.478401 -0.299601 -0.539936 0.43397 -0.910166 0.957102 -0.81553 0.494135 -0.149119 0.723553 -0.591002 -0.0485904 0.874512 -0.749725 -0.608124 -0.727517 -0.912621 -0.871805 -0.528847 -0.101694 -0.655751 -0.50373 0.703817 -0.948882 0.60226 -0.616631 -0.720082 0.668987 0.300491 -0.135924 -0.516695 -0.511788 -0.836715 -0.569184 0.680075 0.0705345 0.527944 -0.737436 0.635761 -0.534089 0.977027 0.464854 0.257805 -0.799865 -0.507981 0.0327356 -0.795183 0.577783 0.533961 -0.502073 -0.0693141 -0.305401 -0.593655 -0.0948762 0.59396 0.329573 0.859954 0.0596075 0.123776 0.74445 0.754192 -0.154977 0.0330613 -0.569175 -0.616155 -0.844748 -0.0959527 
-0.799032 0.352146 -1 -0.232748 0.625583 -0.974063 -0.288042 -0.796026 -0.707532 -0.481843 0.938123 0.587781 0.467676 0.0473019 -0.58193 -0.45056 -1 -0.56645 -1 -0.462198 -1 -0.639157 -1 -1 -0.986546 0.544165 0.226056 -1 0.18961 -1 0.398945 -0.940876 0.282957 1 -0.657098 -1 -0.359995 0.503063 0.461606 -1 -0.53493 0.690217 1 -0.549723 -0.496891 0.0976038 0.747323 -0.470435 -0.428922 0.230372 -0.31957 -0.629098 0.308994 0.104119 0.941055 0.891988 -0.497191 -0.937229 -0.196155 -0.978624 -0.740947 0.354326 -1 -1 0.787435 0.997759 -1 -1 -0.284029 -1 -0.908982 0.226353 0.649448 0.62651 -0.50539 -0.692188 -0.995605 -1 -1 -0.372004 -0.247295 -1 -0.0967309 -1 -0.596287 0.45304 -0.65694 -1 0.880038 0.00545415 0.627223 0.777383 -0.20234 0.485467 -0.192986 -0.537362 0.695039 0.687635 -0.699133 -0.458948 0.830219 0.191178 0.00305021 -1 -0.659175 0.195395 -1 -1 -0.504777 0.480132 -0.891377 -0.231756 0.693483 0.632849 0.645072 0.277971 -0.871675 -0.750414 -1 0.415202 0.1842 -1 -1 -1 0.33001 -0.675797 -0.657078 -0.325519 -0.182198 -0.340621 -0.317022 0.172963 -1 -0.085072 0.841393 -1 -0.11103 -0.866689 
-1 -0.841442 0.405385 -6.83367e-05 -1 -1 -1 -1 -0.646035 -0.893002 -1 -0.307351 0.0393164 -0.709633 -1 -1 -1 -0.631634 -1 -1 -0.365819 -1 -1 -1 -1 -1 0.43828 -0.421549 -1 -1 -0.157608 -0.855612 -0.615096 -1 -0.82276 -0.8864 -0.643233 -0.632814 -0.295593 -1 -1 -1 0.772732 -1 -0.820247 -0.987826 -0.910626 0.318043 -1 -1 -1 -1 -1 -1 -1 -0.817599 -1 -0.971777 -1 -0.829089 -1 -1 -0.218721 -0.832254 -1 -1 -0.65495 -1 -1 -1 -0.0641871 -0.329279 -0.884355 -0.405345 0.133978 -1 -0.682595 -0.714357 -1 -0.399199 -0.407103 -0.0782278 -0.632368 -0.370608 -0.294016 -1 -0.18613 -1 -1 -1 -1 -0.868677 -1 -1 -1 -1 -0.958123 -1 -0.850202 -1 -0.708911 -1 -1 -1 -0.706379 -0.609034 -0.629441 -0.553755 -0.859619 -0.857262 -1 -0.798633 0.0915919 -0.83638 -1 -1 -1 -0.335813 -0.537855 0.0430288 -1 0.232415 -0.841318 0.518394 -1 0.518472 -0.635142 -1 0.0096378 -0.46037 -0.801577 -1 -1 -1 -1 -1 -1 -1 
-0.671717 -0.0945125 -1 -0.247207 0.285689 -1 -0.0490555 0.10731 -0.707532 -1 0.938123 -0.615894 -0.293358 -1 -0.664328 -1 -1 -0.56645 -1 -1 -0.862218 -1 -1 -1 -1 0.162018 0.92304 -0.0105503 -0.582893 -1 0.770645 -0.221372 0.615675 0.885497 -0.657098 -0.457996 0.586821 -0.250155 -0.361248 1 -0.844779 0.0785152 0.892436 -1 -0.206374 0.190569 0.184009 -0.470435 -0.888849 -0.964075 -1 -1 0.263526 -0.24705 0.700515 0.178888 -0.614823 -0.937229 -0.755489 -0.876653 -0.592294 -0.42474 -1 -0.309764 -1 1 -1 -0.896223 -0.19128 -1 -0.908982 0.553064 0.0773389 1 0.497007 -0.613115 -0.608546 -0.561864 -0.673114 -0.847715 -0.98366 -1 -0.262543 -1 -0.223707 0.0884585 0.415274 -0.167608 -0.129232 -0.869162 -0.00838485 -0.174478 -0.373668 -0.633931 0.0218759 -0.537362 0.695039 0.687635 -0.377032 -0.458948 -0.795514 -1 -0.577721 -0.285038 0.0175204 0.195395 -0.510471 -1 -0.815602 0.480132 -1 -1 0.693483 0.375785 -0.299539 -0.265058 -0.694144 -0.750414 -0.602065 0.327107 0.1842 -1 -1 -1 0.33001 0.112253 -0.657078 -1 -0.846797 -1 -0.317022 -0.360877 -0.870998 -0.998763 0.841393 -1 -0.11103 -0.764815 
-0.671717 0.627324 -0.574598 -0.140077 0.285689 -0.974063 -0.0490555 0.10731 -1 -0.873315 0.938123 0.587781 0.213565 -1 -0.965091 -1 -1 -0.56645 -1 -0.462198 -0.862218 -0.944585 -1 -1 -1 0.997341 0.92304 -0.773678 -0.534608 -1 0.398945 -0.326364 0.282957 0.439263 -0.598135 -0.639911 0.586821 0.249029 -0.361248 0.678528 -0.844779 0.690217 0.892436 -1 -0.419939 -0.111593 0.184009 -0.470435 -1 -0.161057 -0.636786 -1 0.263526 0.362127 0.700515 0.182992 -0.497191 -0.937229 0.107123 -1 -0.740947 -0.0135619 -0.627339 -0.309764 0.609548 0.581403 -0.811843 -1 -0.164617 -1 -1 0.447917 0.0773389 0.907952 0.497007 -0.957494 -0.995605 -0.312239 -0.673114 -0.0704718 -1 -1 -0.0967309 -1 -0.21816 0.0884585 0.415274 -0.374687 -0.129232 -0.869162 -0.854089 0.569851 -0.373668 -1 0.0218759 -0.537362 0.695039 0.687635 -1 -0.458948 0.0800248 -1 -0.248669 -0.285038 0.0794789 0.195395 -0.184116 -1 -0.890276 -0.0589611 -0.891377 -1 0.693483 0.724976 0.645072 0.277971 -1 -1 -0.66864 0.200003 0.1842 -1 -1 -0.904729 -0.662178 -0.10099 -0.657078 -0.275947 -0.482601 -0.340621 -0.317022 -0.360877 -0.870998 -0.0772226 0.841393 -0.961558 -0.11103 -0.866689 
-0.207301 -1 -1 -1 -1 -0.979524 -0.772921 -0.891802 -1 -0.495566 -0.698111 -0.627605 -1 -0.0194158 -1 -0.322598 -1 -1 -0.935534 -1 -0.772285 -0.498348 -1 -1 -1 -0.350219 -1 0.896664 -1 -0.577247 -0.444103 -0.886419 -0.874028 0.183904 -1 -0.158393 -0.583065 -1 -1 0.145616 -0.36679 -0.969164 -1 -1 -1 -1 0.225344 -0.582834 -1 -1 -1 -1 -1 -1 -1 -1 0.136245 -1 -1 -0.737132 -1 -1 -0.990547 0.230535 -0.804819 0.45913 -0.932885 -1 -1 0.405296 -1 -1 -1 -1 0.269032 0.0688064 0.573054 -0.198375 -1 -1 -0.862047 -0.642493 -1 -1 -0.66787 -1 -0.714266 -1 -1 -1 -1 -1 -0.385095 -1 -1 -0.531023 -1 -1 -0.641717 -1 -0.319532 -1 -0.616638 -1 -1 -1 -0.584416 -1 -1 -1 -1 -1 -1 -0.802997 -1 -1 -1 0.9653 -0.657705 0.55213 -0.793821 -1 -1 -0.015031 -1 -0.708064 -1 -0.199271 -1 -1 -1 -1 -0.607499 -1 -0.89966 -1 -0.573937 -1 
0.283429 -0.821711 -0.133298 0.265207 -1 -0.332656 -1 0.278517 -1 0.276659 0.657974 -1 0.195346 0.069602 -0.904477 0.730755 0.115731 -0.789042 -0.995487 0.406164 -0.709756 -0.837377 0.603461 -0.124038 -1 -0.176912 -1 -0.410987 -1 0.699501 0.514099 -1 0.926327 -0.667084 -1 -0.820938 -0.880674 0.755299 0.0736079 -0.571099 0.126242 -1 0.368328 -0.438115 -0.0763133 -0.661329 0.71296 0.0396568 0.537496 -0.494632 -0.625073 -0.230261 0.719891 -0.306004 -0.476804 -1 -0.730497 0.148939 0.392034 0.28162 0.621684 -0.873661 -0.226078 -0.839409 0.166509 0.953636 -0.80724 -0.746572 -0.605451 -0.744733 -0.490545 -1 0.184583 -0.55047 -0.0404731 -0.520954 -0.0148336 -0.699603 -0.229805 -0.253111 -0.34098 -0.514253 0.557472 -1 -0.375667 -0.645588 0.071854 -1 -1 0.880851 0.392604 -0.958378 0.317921 0.594273 0.536089 -0.527772 0.0460486 -0.72594 -0.196004 -1 0.0656021 -0.213953 0.257416 -0.222297 -0.753148 -0.92401 -0.889151 -0.249671 0.0672029 -0.223782 -1 -0.71599 -0.338001 -0.131858 -1 0.363364 0.493342 -1 -1 -0.712845 0.102678 -0.0195502 0.535189 -1 -1 0.410144 -1 -0.982323 -0.961998 -0.807637 0.603299 0.87771 0.217399 -1 -1 0.278504 -0.436718 -0.0256985 
-1 0.959053 -1 0.873028 0.972544 -0.502874 0.360524 -1 -0.795196 -0.566603 -0.767085 -1 -1 -1 -0.308827 -0.927185 -1 -0.977775 -0.510774 -0.563841 -0.92525 -1 -0.897519 -0.892552 -1 -1 -1 0.665769 -1 -0.413682 -1 -1 -0.242962 -0.119088 0.890069 -0.301543 -0.933349 -1 0.50758 -1 -1 -0.35489 -1 -0.817498 -0.510907 -0.59499 -0.804771 -1 -1 0.512515 -0.631731 -0.663967 -1 -1 -1 -1 -0.797888 -1 -1 -0.940493 -1 0.430128 -1 -1 -1 -1 -1 -0.984079 -1 -0.991497 -1 -1 -0.603597 -0.80734 -0.976635 -1 -0.323783 -1 -1 -0.815434 -1 -0.00636172 -0.417896 -0.822538 -1 0.42913 -1 -1 -0.295799 -1 0.328881 -0.829578 -0.0462904 -0.864161 -1 -0.695157 -0.446911 -1 -0.138045 -1 -1 -0.0443614 -0.348843 -0.141852 -0.189978 -0.804117 -1 -1 -1 0.624607 -1 -0.489176 -0.552789 0.643786 -1 -0.897604 -1 0.515428 -0.971756 -0.293164 -1 -1 -0.836724 -1 -0.858652 0.989266 -0.69565 -1 -0.538043 -1 -1 -0.549711 -1 -0.916833 -0.255694 0.51035 -1 -1 
-0.915094 0.255675 -1 0.161476 -0.472484 -0.276618 -0.277464 -1 -0.265116 -0.125593 -0.958126 -1 0.512589 -1 -0.93471 -1 -1 -0.87161 -1 -0.445819 -1 -1 -1 -0.775745 -0.65416 -1 -1 -0.177272 -1 0.0844085 -0.519733 -1 -0.00871204 -1 0.597327 -0.950921 -1 -0.971412 -0.346951 -1 -1 -0.391989 -1 -0.95695 -0.86842 0.587324 -0.623429 -1 -1 -0.499283 -1 -0.153129 -1 -0.80282 -0.744271 -1 -1 -1 -1 -1 -1 0.0673945 -1 -0.863487 -1 -1 -1 -1 -0.656103 -0.991497 -1 -1 -0.914185 -0.80734 -0.975125 -1 -0.0358157 -1 -0.830976 -1 -1 -0.200457 -0.417896 -1 -1 0.42913 -0.932855 -1 0.0321251 -0.0317015 -0.44956 -1 -1 -1 -1 -0.131176 -0.299228 -1 -0.194708 -1 -0.617417 -1 -0.00440213 -0.389579 -0.543261 -0.804276 -1 -1 -0.985073 -0.768738 -1 -0.560638 -0.905666 0.771291 -0.945271 -1 -0.703483 0.342034 -1 -0.17091 -0.483094 -0.985151 -0.678697 -0.623118 -1 0.989266 -0.69565 -0.887977 -0.942111 -1 -1 -1 -1 -0.386546 -0.138577 -0.446361 -1 -1 
-1 -1 -0.884611 -0.709484 -0.00828016 -0.346957 -1 -0.712661 0.353086 0.0596358 -0.68114 -1 -0.735468 -0.859831 -0.0474297 -0.139602 -0.189145 0.300426 -1 -0.539672 -1 -1 -1 -0.726478 -0.927464 -0.997271 -1 -0.562327 -1 -1 -0.788165 -0.599397 -0.0311958 -1 -0.699236 0.0383385 -1 -1 -0.193881 -1 -0.965201 -1 -1 -1 -0.000411838 -1 -1 -1 -0.456216 -1 -1 -1 -1 -1 -1 -0.967697 -1 -0.703092 -1 -0.896105 -1 -1 -1 -1 -1 -1 -0.724073 -1 -1 -1 -0.962085 -1 -1 -0.682789 -1 -1 -1 1 -1 -0.557822 -1 -0.628055 -0.60078 -1 -1 -0.941552 -0.888614 -0.258686 -0.274949 -1 -1 -0.999248 -0.899392 -1 -1 -1 -0.489584 -1 -0.986521 -1 -0.847533 -1 -0.280472 -0.904026 -0.335717 -1 -1 -1 -0.521075 -0.247209 -1 -0.847379 -1 -0.0235684 -1 -0.79683 -1 0.427328 -0.695916 -0.00176159 -1 -0.986117 -1 -1 -0.654329 0.989164 0.441233 -0.65274 0.319827 -1 -1 -1 -0.849975 -1 -1 -1 -0.699733 -0.931273 
-0.952946 -1 -0.495967 -1 -1 -1 -0.33088 -1 -1 0.80917 -1 -0.835986 -0.989155 0.102999 0.511055 -0.182625 0.359204 -0.996241 0.00117621 -0.800433 -1 -1 -0.253019 -0.775111 -0.679193 -0.0113124 -1 -1 -0.42749 -0.466945 -0.655369 -1 0.654047 -0.389736 -0.822006 -0.308189 -0.849261 -1 -1 -1 0.607406 -1 -1 0.0909653 0.533432 -0.672818 0.684167 0.710556 -0.83138 -0.346848 -0.054677 -1 -1 -1 -1 -1 -0.954806 -1 -1 0.837192 -0.930017 -0.530894 -1 -1 0.204499 0.0704326 -0.966865 -1 -1 -1 -1 -1 -0.964847 -1 -1 -0.721738 -0.291794 -0.937636 -0.982384 -0.927449 -1 -1 0.631643 -1 -0.598615 0.983112 -1 -1 -1 -0.693878 -0.362265 -0.394429 -0.0737915 -0.774244 -0.60244 0.218787 -0.54777 -1 -1 -0.803596 -1 -1 -1 -0.930326 -1 -1 -0.607978 -0.534157 -0.651266 -1 0.128681 -0.47583 0.613826 -1 -0.547581 -0.726817 -1 -1 -1 0.0854669 -1 -1 -0.327645 -1 -1 -1 -1 -0.871859 -1 -1 -1 -1 -0.871171 0.374532 -0.494623 -0.658627 0.128251 -1 
-1 -1 -0.582061 -0.8513 -0.761184 -0.865804 -1 -0.492736 -1 -1 -0.336924 -1 0.588871 -1 -1 -1 -1 -1 -1 -1 -0.957627 0.289713 -0.896206 -0.713033 -1 -0.818294 0.27777 0.926127 -1 -0.119303 1 -0.810724 -1 -1 -0.589811 0.125108 -1 -0.981277 0.593305 -1 0.786358 -1 0.468015 -0.969688 -1 -0.840008 -0.137028 -1 0.819751 -0.68224 -0.188651 -1 -1 -0.249105 -0.631111 0.605351 -0.846245 -1 0.176927 -1 -1 -0.630772 -0.251083 -1 -1 -1 -0.652087 -0.797716 -0.873493 -0.641938 -1 0.247798 0.545766 -0.784097 -0.424193 -0.569828 -1 -0.18615 -0.187871 -1 -0.971281 -1 -1 -1 -0.637979 -1 -0.623735 -1 -1 -1 -0.839574 -0.871702 -1 -1 -0.624797 -1 0.157464 -1 -1 -1 -1 -1 -1 -0.823228 -0.837314 -0.889435 -1 -1 -1 -1 -0.472788 -1 -0.949083 -1 -1 -0.952407 -1 -1 -1 0.16285 -1 0.0914941 -0.470718 -1 -0.95279 0.228542 -1 -0.386626 -0.315285 -0.26501 -0.0542031 -0.736685 -1 -1 -1 -1 -1 -0.856071 
-1 -1 -1 -0.892173 0.523075 -0.805801 -1 -1 0.73199 -1 -0.208431 -1 -0.350963 -0.859831 0.249643 -1 -0.992928 -0.682619 -0.979604 -1 -0.260757 -0.143498 -1 -0.726478 -1 -0.997271 -1 -0.464954 -0.909324 -1 -1 -0.911388 0.130386 -1 -1 -1 -1 -1 0.509288 -1 -0.694263 -0.965622 -0.715652 -1 0.269259 -1 -1 -1 -1 -0.675093 -0.736627 -1 -1 -1 -1 -1 -1 -1 -1 -0.285467 -0.543644 -1 -1 -1 -1 -0.978447 -1 -1 -1 -1 -1 -1 -0.875709 -1 -1 -0.81309 -1 1 -1 -1 -1 -1 -1 -0.842273 -0.909264 -1 -1 -0.228275 -0.274949 -0.963183 -1 -1 -0.927285 -1 -1 -1 -0.156746 -1 -0.667559 -0.841597 -0.525558 -1 -0.0810679 -1 -0.656198 -1 -1 -0.699177 -1 -0.628905 -1 -1 -1 0.296057 -1 -1 -1 0.175395 -0.785199 -0.00176159 -1 -1 -1 -1 -1 -0.209436 -1 -0.650653 -0.687116 -1 -0.702529 -1 -1 -1 -1 -1 -1 -1 
-1 -1 -0.265435 -0.534921 -1 -1 -1 -1 -0.415016 -0.894276 -1 0.112807 -0.171539 -0.517425 -0.575866 -0.909204 -1 -0.834931 -1 -0.91527 -1 -1 -0.678703 -0.845453 -1 -0.947722 0.403565 -0.491074 -1 0.10819 -1 -1 -1 -0.990017 -1 -0.0253474 -0.530243 -0.931455 -0.728897 -1 -1 -1 -1 -0.432878 -0.634053 0.132791 -1 -1 -1 -1 -0.792828 -1 -0.952329 -0.271145 -0.249793 0.0460837 -0.560603 -0.815241 -1 -0.184712 -1 -1 -0.859535 -0.838227 -0.628657 -0.916027 -1 -1 -1 -1 1 0.142712 -0.667612 1 -1 -0.553827 -1 -0.567901 -0.153721 -1 -0.970023 -0.520861 -0.8441 -0.752148 -0.663199 -1 -0.168864 -1 -0.830644 -0.40268 -0.858353 -1 -1 -1 -1 -1 -1 -1 -1 -0.176246 -0.20781 -1 -0.974221 -1 -1 -0.950691 -1 -1 -1 -1 -0.760885 -0.89896 -0.181378 -1 0.0864462 -0.828755 -0.736103 -1 -1 0.354581 -0.773286 0.624297 -1 -1 0.996022 0.289043 -0.750364 0.705098 0.000169426 0.0455124 -1 -0.675324 -1 -0.78282 -1 -1 -0.766981 -1 
-0.899191 -1 0.086289 -1 -0.700309 -1 -1 -1 -1 -0.894276 -0.482164 1 -0.171539 -1 -0.688561 -1 -0.780082 -1 -0.847949 -1 -0.107618 0.289713 -1 -0.230574 -1 -0.674813 0.356855 0.128448 -1 -0.238965 -1 -0.770261 -0.653792 -0.944708 -1 -0.193658 -1 -0.931145 0.188855 -0.211428 -0.752724 -0.51051 -1 -0.67899 -0.729066 -0.074993 -0.958871 -1 -0.0171907 -1 0.203732 -0.6736 -0.274292 -1 -1 0.681069 -0.919187 -0.629563 -1 -0.252629 -1 -0.669756 -1 -0.946707 -0.958326 -0.937635 -0.545069 -1 -0.225681 -0.88457 0.783365 -0.0718928 -0.242556 1 -1 -0.553827 -1 -1 -0.440033 -1 -1 -1 -0.447894 -1 -1 -1 -0.225853 -1 -1 -0.980647 -0.752736 -1 -1 -1 -0.964617 -1 0.803023 -0.631975 -1 -0.462334 -0.79187 -0.800368 -0.77948 -0.861852 -1 -1 -1 -1 -1 -1 -1 -1 -0.548475 -0.776962 0.264937 -1 -1 -0.23373 -0.709994 0.24741 -1 0.750297 -0.977439 -1 0.996022 -0.131222 -1 0.712474 0.351986 -0.370022 -1 -1 -1 -1 -1 -1 -1 -1 
-1 -1 0.086289 -1 -0.700309 -1 -0.943168 -0.674656 -1 -0.894276 -0.482164 0.855649 -0.171539 -0.205059 -0.688561 -1 -0.780082 -1 -1 -1 -0.107618 0.289713 -1 -0.171493 -1 -1 0.356855 -0.450874 -1 0.10819 -0.686905 -0.770261 -1 -0.944708 -1 -0.925896 -0.919463 -1 0.188855 -0.211428 -0.233975 -0.27181 -0.676179 -0.67899 -1 -0.074993 -0.880007 -1 -0.0171907 -1 0.203732 -0.6736 0.0336956 -1 -1 0.982649 -0.919187 -1 -1 -0.252629 -1 -0.195266 -0.47158 -0.87959 -0.958326 -0.937635 -0.378278 -1 -0.225681 -0.88457 0.783365 -0.155863 -0.572245 1 -0.958811 -0.553827 -1 -0.670939 -0.440033 -1 -1 -1 -0.447894 -1 -1 -1 -0.225853 -1 -1 -0.980647 -0.752736 -1 -1 -1 -0.441744 -1 0.531418 -1 -0.871883 -0.462334 -0.79187 -0.783506 -0.761914 -0.861852 -1 -1 -1 -1 -1 -1 -1 -1 0.440856 -0.776962 0.264937 -0.828755 -1 -0.279401 -0.992633 0.299004 -1 0.791768 -0.977439 -1 0.996022 -0.244087 -1 0.712474 -0.184078 -0.370022 -1 -1 -1 -0.78282 -1 -1 -1 -0.964964 
-1 0.676973 0.114073 -0.232748 0.218214 -0.974063 0.495397 0.10731 -0.507027 -0.873315 0.938123 -0.065771 0.0749856 0.0473019 -0.58193 -0.963755 -1 -0.56645 -1 -0.104013 -0.862218 -0.944585 -1 -0.720538 -0.986546 0.997341 0.92304 -0.0105503 0.330911 -1 0.564259 -0.0177615 -0.697236 -0.115827 -0.459892 -1 0.586821 -0.109592 0.542039 0.678528 -0.0398632 0.960263 1 -0.698817 -0.419939 -0.148163 0.913844 -0.79348 -0.428922 -1 -0.636786 -1 0.591375 0.104119 -0.17678 0.891988 -0.497191 -0.868781 0.25217 -0.959041 -0.740947 -0.145965 -0.627339 -0.309764 0.425828 0.997759 -1 -1 0.90064 -1 -0.908982 -0.556755 0.82925 0.907952 -0.265405 -0.957494 -0.995605 -0.561864 -0.673114 -1 -1 -1 -0.460118 -1 -0.21816 0.45304 0.779233 -0.691379 0.880038 0.00533745 0.627223 0.799645 -0.373668 0.308969 -0.760008 -0.537362 0.695039 0.687635 -0.0343438 -0.458948 0.367573 0.549714 0.363179 -0.457951 -0.579452 0.545855 -0.08214 -0.679224 -0.504777 0.615716 -0.891377 0.0252826 0.693483 0.802305 0.504256 0.277971 -0.871675 -0.542636 -0.602065 0.691067 -0.309046 -1 -0.356442 -1 0.33001 -0.119213 -0.657078 -0.275947 -0.815475 -0.230623 -1 0.172963 -1 -0.085072 0.841393 -0.961558 -0.884012 -1 
-0.666046 -1 1 -1 -1 0.936099 -1 -0.748426 -1 -0.313363 -1 0.131247 -0.952498 -1 -1 -0.519601 -0.688065 -1 -1 -0.685154 0.652239 -1 -1 -0.637754 -0.642627 -0.968646 -0.882972 -0.34964 -1 -0.949514 -0.0572325 -1 -0.954394 -1 -1 -0.758436 -1 -1 -0.891446 -1 -1 -1 -1 -0.9518 -0.137679 -0.498237 -0.589405 -0.686102 -0.657598 -0.521136 -1 -1 -1 -1 -1 -0.698882 -0.300895 -0.697978 -1 -1 -0.37393 -1 -1 -1 -1 -0.81889 -0.44072 -1 -1 -1 -1 -1 -1 -1 0.0708584 0.470635 0.0385188 -1 -1 -0.458624 -1 -1 -1 -0.131969 -0.38484 -0.489062 -0.799229 -0.929051 -0.523804 0.0105196 0.142687 -0.0704647 -1 -1 -1 -0.202295 -0.272765 0.110195 -1 -0.791112 -0.326821 -1 -1 -0.575267 -1 -0.824229 -1 -1 -0.272832 -1 -0.774097 -1 -0.93503 -1 -0.858828 -1 -0.480144 1 0.257263 -0.0907754 -0.143821 -1 -0.947712 -1 0.0215898 -0.739308 -0.145676 0.252856 -1 -0.979739 -1 -0.622951 -0.406616 -1 -1 -1 -1 -1 
-1 -0.919934 0.086289 -0.461616 -1 -0.960382 -1 -0.289877 -0.415016 -0.894276 -0.482164 0.855649 -0.171539 -0.00651233 -0.688561 -1 -1 -1 -1 -1 -0.107618 0.289713 -0.330478 -0.155689 -1 -1 0.59308 -0.0653951 -0.830663 0.10819 -0.729254 -1 -1 -0.979687 -1 -0.0253474 -1 -1 0.0702699 -0.478747 0.109871 -0.668366 -0.676179 -0.432878 -0.417666 -0.074993 -0.35165 -1 -0.271798 -1 0.0906613 -1 -0.00131005 -1 -1 0.982649 -0.85754 -1 -0.979917 -0.619671 -1 -0.195266 -0.130428 -1 -1 -0.937635 -0.721084 -0.351857 -0.225681 -0.766898 0.783365 0.183214 -0.572245 0.928926 -0.752814 -0.638695 -0.809026 -1 -0.153721 -1 -1 -0.398487 -0.447894 -0.752148 -1 -0.851665 0.363359 -1 -1 0.202994 -0.752736 -1 -0.967259 -1 -0.744756 -1 0.157464 -1 -0.8045 -0.462334 -0.198468 -1 -0.761914 -1 -0.896538 -0.526372 -1 -1 -1 -1 -0.88783 -1 0.392249 -0.776962 0.0864462 -0.828755 -0.585625 -0.279401 -1 0.421719 -1 0.624297 -1 -1 0.593611 0.12671 -1 0.705098 0.000169426 0.581798 -0.361274 -1 -1 -0.78282 -0.0498808 -0.583586 -1 -0.964964 
-0.429268 -0.296159 0.189502 -1 -0.559743 0.529671 -1 -1 0.147001 -0.921084 0.968545 0.622506 -1 -0.503242 -0.221342 1 -0.181367 -1 -1 -1 -0.122068 -0.222404 0.500413 -0.272763 -0.5511 -0.899484 0.391203 0.702056 0.713754 0.478735 -1 0.470306 0.0613157 -0.299119 -0.819533 0.33829 -0.568795 0.912337 0.571845 -0.092608 -0.285347 -1 0.247103 -1 0.714737 -1 -0.0025605 0.551438 -0.00352263 0.995011 -0.0576075 0.0343751 -0.9247 -0.817098 0.186005 -0.78805 -1 -0.0434412 -1 -1 0.280521 -0.799779 -0.213173 -0.412416 0.739592 -1 -1 -0.407598 -0.921341 -0.0796884 -1 -1 -0.398962 -0.795673 0.563132 0.000896215 -0.701542 -1 0.0979917 -0.35522 0.197026 -0.501172 -1 -0.202506 -0.395141 -0.273516 -0.847331 0.246378 -0.880487 0.0290593 0.95618 -0.0409229 -1 1 -0.440208 0.145416 -1 -0.589713 0.0104387 -0.214225 -0.293424 0.635649 -0.278476 -0.0248937 -0.945689 0.111947 -0.295021 -0.569738 0.599139 -1 -0.915542 0.517255 -0.521991 -1 0.878337 -1 0.103632 0.881311 -0.908376 -0.675702 0.731117 0.0832242 -0.334299 -0.430199 -0.230749 0.657722 0.635139 -1 0.590879 0.833868 0.485605 -0.327795 1 0.167066 0.967878 -0.853183 -0.414909 -0.772383 
-1 -0.431805 1 0.16829 -1 -1 -0.607507 -1 -1 -0.893002 -1 0.624275 0.0393164 -0.709633 -1 -0.681742 -1 -1 -1 -1 -0.365819 -1 -1 -0.910706 -1 -1 0.489534 0.76757 -0.248603 -0.823158 -0.0996338 -1 -0.615096 -1 -0.694012 -1 -0.432076 -1 -1 -0.953683 -1 -1 0.772732 -1 -1 -0.24697 -0.380103 0.235161 -0.678551 -1 -1 -1 -0.792082 -0.731588 -1 -1 -1 -0.971777 -1 -1 -1 -1 0.831896 -1 -1 -1 -0.65495 -1 -0.679171 -1 0.0509918 0.285759 -0.884355 -0.317329 0.419003 -0.850324 -0.512623 -0.714357 -1 -0.977899 -0.407103 -0.0782278 -0.919983 -0.370608 -0.226058 -1 -0.18613 -1 -1 -1 -1 -1 -1 -1 -0.417889 -0.846705 -1 -1 -0.716706 -0.566164 -1 -1 -1 -0.653545 -0.706379 -0.802132 -0.650537 -0.553755 -0.859619 -0.857262 -0.505975 -0.798633 0.0915919 -0.83638 -1 -1 -0.991976 -0.251526 -0.537855 -0.91577 -1 0.232415 -0.841318 0.214982 -1 0.450213 -1 -0.163128 0.00756958 -1 -1 -1 -1 -0.630664 -1 -1 -1 -1 
-0.586884 -1 -1 -0.561324 0.518888 -1 -0.989406 -1 -1 -0.238666 -0.762249 0.335447 -0.199003 0.319701 0.99333 0.364148 0.375139 -0.701537 -0.704923 -0.926425 0.0833907 -1 -1 -0.781412 -0.499004 -0.491643 -1 -0.435852 -1 -1 -1 -0.822475 -0.061497 0.0326218 -0.233667 -1 -1 -1 -1 -0.0560002 0.372596 -0.230411 -0.860445 -0.0290152 0.153879 -1 -1 -1 -0.803312 0.0960228 -0.672335 -0.413978 -1 0.72541 -1 0.503266 -1 0.375165 -1 -0.208788 -1 -1 -0.360473 0.467154 -0.97805 -0.379296 -1 -1 0.916137 0.237681 -1 -1 -1 0.885224 0.715713 0.767023 -0.630576 -0.865197 -0.62895 -1 -1 0.747886 -0.685314 -1 0.227714 -0.923781 1 -0.782878 -0.893027 -0.651316 -1 -0.441674 -1 -0.60518 -1 0.622242 -0.120088 -1 -1 -0.129248 -0.823594 -0.743208 0.534364 -0.730678 -0.456682 -0.843415 -0.824095 -1 -0.905308 -1 -0.872118 -0.440181 -1 -0.739312 0.0881076 -0.233402 -1 0.248228 -0.312394 -0.403105 -0.649407 -1 -0.834982 0.604892 -0.228414 -1 -0.288017 -0.432353 -0.446279 0.190478 -0.758157 -1 -1 -0.87102 -1 -0.611085 -0.531067 -1 
-1 -0.919934 0.086289 -0.461616 -1 -0.963308 -1 -0.289877 -0.415016 -0.894276 -0.482164 -0.212155 -0.171539 -0.00651233 -0.688561 -1 -1 -1 -0.772704 -1 -0.107618 0.289713 -0.330478 -0.155689 -1 -1 0.59308 -0.0653951 -0.830663 0.10819 -0.729254 -1 -1 -0.979687 -1 -0.0253474 -1 -1 -1 -0.478747 0.109871 -0.668366 -1 -0.432878 -0.417666 -0.074993 -0.35165 -1 -0.271798 -1 -0.532292 -1 -0.288366 -1 -1 0.982649 -1 -1 -0.979917 -0.619671 -1 -0.195266 -0.130428 -1 -1 -0.937635 -0.721084 -0.351857 -0.225681 -0.766898 0.783365 0.183214 -0.572245 0.928926 -1 -0.638695 -1 -1 -0.153721 -1 -1 -0.398487 -1 -0.752148 -1 -0.851665 0.363359 -1 -1 0.202994 -0.752736 -1 -0.967259 -0.649346 -0.744756 -1 -0.117155 -1 -0.8045 -0.4092 -1 -1 -0.761914 -1 -0.896538 -0.526372 -1 -1 -1 -1 -1 -1 0.392249 -0.776962 0.0864462 -0.805653 -0.585625 -0.279401 -1 0.421719 -1 0.692782 -1 -1 0.593611 0.12671 -1 0.705098 0.000169426 0.581798 -0.361274 -1 -0.701103 -0.78282 -0.0498808 -0.583586 -1 -0.964964 
-0.799032 0.676973 -0.127016 -0.232748 0.218214 -0.974063 0.451049 0.10731 -0.707532 -0.873315 0.938123 0.587781 0.0749856 0.0473019 -0.58193 -0.963755 -1 -0.56645 -0.933049 -0.817788 -1 -0.944585 -0.994865 -0.720538 -0.986546 0.997341 0.92304 -0.0105503 0.330911 -0.684537 0.398945 -0.0177615 0.282957 0.885497 -0.459892 -0.639911 0.586821 0.42564 0.790006 0.678528 -0.0398632 0.960263 1 -0.698817 -0.419939 -0.148163 0.747323 -0.470435 -0.428922 -0.161057 -0.636786 -0.167398 0.591375 0.104119 0.941055 0.891988 -0.497191 -0.937229 0.107123 -1 -0.740947 0.354326 -0.627339 -0.309764 0.787435 0.997759 -0.811843 -1 0.90064 -0.928613 -1 0.226353 0.649448 0.907952 0.497007 -0.957494 -0.995605 -0.561864 -0.673114 -0.372004 -0.182414 -1 -0.17871 -1 -0.21816 0.45304 0.556175 -0.374687 0.880038 -0.141621 0.627223 0.799645 -0.373668 0.485467 -0.192986 -0.537362 0.695039 0.687635 -0.0343438 -0.458948 0.773786 0.549714 0.704616 -0.510021 0.0794789 0.195395 0.506381 -1 -0.504777 0.615716 -0.732249 0.0252826 0.693483 0.802305 0.645072 0.277971 -0.871675 -0.542636 -0.553304 0.691067 0.1842 -1 -0.356442 -0.904729 0.33001 -0.171908 -0.657078 -0.275947 -0.182198 -0.340621 -0.317022 0.172963 -0.777762 -0.085072 0.841393 -0.961558 -0.11103 -0.866689 
0.716363 -0.87604 0.712142 -1 -1 -0.632546 0.953357 -0.131415 -1 -0.273203 -0.0771635 -1 -1 -1 -0.520483 -0.464521 -0.693097 -0.164485 -0.427059 0.4733 -0.232575 -1 -1 0.344132 -0.442243 0.115166 -1 -0.876904 -1 -0.957052 -0.0388325 -0.866394 -0.92144 -1 -0.683339 -1 1 -0.815567 -1 -0.598969 -1 0.383297 -0.547248 -0.747029 -1 -1 -1 -1 -0.836628 -1 0.107056 0.223874 0.531241 -1 0.633464 -1 -1 -0.267561 -0.911839 0.751887 -0.837629 1 -1 -0.0308195 -0.968285 -1 -0.811029 -0.800423 -0.827325 0.255163 -1 -1 0.458334 -0.806587 0.501141 0.476946 0.391175 0.0778558 -0.45361 0.579939 0.0382029 -1 -0.732112 -1 -0.860429 -1 -1 -0.840016 -1 -1 -0.571012 0.955563 -0.122865 0.553759 -1 -0.980495 0.00449979 -0.589903 -1 -0.0850428 -1 -1 -0.687237 -0.916033 0.0605687 0.751349 -0.0164219 0.241585 -0.42949 -0.941241 -0.71961 -0.559318 -0.698606 -1 -0.613449 -0.0264762 -1 -0.0231245 -1 0.00973308 -0.429592 -0.699991 -1 -0.811617 -0.913439 1 -0.822925 -0.0523019 0.323595 -0.295351 -1 0.0967964 -0.901395 -1 -0.848776 -0.228733 -1 -1 
-0.08275 -0.609962 -1 -0.739369 -1 -1 -0.902717 -1 -1 -0.495566 -0.773985 -1 -1 0.676124 -1 0.446737 -0.94651 -1 -1 -1 -1 -0.280072 -1 -1 -1 -0.350219 -1 0.896664 -1 -0.577247 0.610078 -1 -1 0.386644 -1 -0.21943 -1 -1 -1 0.668332 -1 -1 -1 -1 -0.412022 -1 -0.752724 -1 -1 -0.88621 -0.378078 -1 -1 -1 -1 -1 -0.159467 -1 -1 0.100613 -1 -1 -0.990547 1 -1 0.0959945 -1 -0.992705 -0.677424 0.405296 -0.721729 -1 -0.635474 -1 0.414563 -0.259231 0.493478 -0.393713 -1 -1 -1 -0.642493 -0.210278 -0.947313 -0.76891 -1 -0.935669 -1 -1 -0.691729 -0.685873 -1 -0.759423 -1 -1 -0.655865 -1 -0.774469 -0.0697559 -0.815212 -1 -1 -1 -1 -1 -1 -1 -1 -1 -1 -1 -1 -0.690546 -0.583732 -0.896313 -1 -1 1 -0.77434 0.55213 -0.793821 0.159961 -1 -0.530036 -1 -0.708064 -1 -0.630815 -1 -1 -1 -1 -0.607499 -1 -0.516266 -1 -0.573937 -1 
-1 -1 0.122136 -1 -1 0.936099 -1 -1 -1 -1 -1 -0.851476 -0.75497 -1 -0.843169 -0.454883 -0.688065 -0.804483 -1 -1 0.825043 -1 -1 -1 -1 -1 -0.919208 -0.837881 -1 -0.715061 -0.0572325 -1 -1 -0.206115 -0.965484 -0.941135 -1 -1 -0.735808 -1 -0.641299 -1 -1 -0.998599 -0.667799 -1 -1 -0.793383 -1 -1 -1 -1 -1 -1 -1 -1 -0.34957 -0.697978 -1 -0.651735 -1 -0.7452 -1 -1 -1 -1 -1 -0.788519 -1 -0.853393 -0.640187 -1 -0.756049 -1 0.300316 -0.529699 0.0385188 -1 -1 -1 -1 -1 -0.834264 -0.424423 -1 0.612332 -0.799229 -0.929051 -1 -1 -1 -0.0704647 -1 -1 -0.908351 0.136114 -0.095946 0.395269 -1 -1 -1 -1 -0.804981 -0.197397 -1 -1 -1 -1 -0.351554 -1 -0.690017 -1 -0.964381 -1 -1 -1 -0.356843 1 -0.590808 0.467381 -1 -1 -1 -1 -0.212141 -0.592983 -1 0.463428 -1 -1 -1 -1 -0.406616 -1 -1 -0.955196 -1 -0.611819 
-1 -1 0.086289 -0.461616 -1 -0.830048 -0.962725 -1 -1 -0.894276 -0.482164 1 -0.171539 -1 -1 -1 -1 -1 -1 -1 -0.107618 -0.883543 -1 -0.155689 -1 -1 0.162649 0.128448 -1 0.10819 -0.729254 -0.770261 -1 -0.63505 -0.992066 -0.894911 -1 -0.931455 -0.85895 -0.211428 -0.233975 -0.27181 -0.676179 -0.432878 -1 -0.280891 -0.257721 -1 -0.467025 -1 0.0906613 -1 0.0336956 -1 -1 0.982649 -0.919187 -1 -1 -0.252629 -1 -0.916182 -0.479402 -1 -1 -1 -0.545069 -1 -0.225681 -0.88457 0.783365 0.142712 -0.572245 0.872378 -0.911192 -0.727155 -1 -0.670939 -0.440033 -1 -1 -0.520861 -0.736987 -1 -0.937255 -1 -0.168864 -1 -1 -1 -1 -1 -0.967259 -0.776352 -0.441744 -1 0.531418 -1 -0.8045 -1 -1 -1 -0.761914 -0.82636 -1 -1 -1 -1 -1 -0.840822 -1 -1 0.64583 -0.776962 0.0864462 -0.828755 -1 -0.279401 -1 0.299004 -1 0.754816 -0.761115 -1 0.996022 -0.244087 -1 0.712474 0.000169426 -0.768764 -0.418868 -1 -1 -0.78282 -1 -0.583586 -1 -0.964964 
-0.224684 -1 0.919134 -1 -1 -0.863461 -0.33088 -1 -1 0.80917 -0.916947 -1 -0.818116 0.514131 -0.673134 0.620062 0.943304 -1 0.00117621 -0.800433 -1 -1 0.346604 -1 -0.669513 -0.0113124 -1 -0.815338 -0.527802 -0.246546 -0.711414 -1 0.9972 -0.389736 -1 -0.824119 -1 -0.987433 -1 -1 0.5693 -1 -1 0.214505 0.773786 -0.473 0.213869 0.710556 -1 -1 -0.157689 -1 -0.895 -1 -1 -0.190934 -0.199473 -1 -1 0.923679 -0.930017 -0.530894 -1 -1 0.0220275 -0.887086 -1 -1 -1 -1 -0.618874 -1 -1 -1 -0.701348 -1 -0.50994 -1 -0.144598 -1 -0.829611 -1 0.511925 -1 -1 0.807582 -1 -1 -0.546908 -0.693878 -0.674196 -0.464942 -0.421652 -1 -0.848852 0.218787 -1 -1 -1 0.464105 -1 -1 -0.702892 -1 -0.934135 -0.825111 -0.607978 0.326961 -1 -0.565915 0.128681 -0.47583 0.366555 -1 0.0724148 -0.628264 -1 -1 -1 0.529034 -1 -1 -0.357247 -1 -1 -0.124454 -1 -0.923075 -1 -1 -1 -0.969108 -1 0.145044 -0.571131 -0.658627 0.390128 -1 
-1 -1 -1 -0.56097 0.977614 -0.346957 -1 -1 0.73199 -0.44804 -0.147024 -0.906937 -0.697561 -1 0.389338 -0.0690182 -0.0357785 0.571811 -1 -0.489852 -0.982285 -0.143498 -0.624788 -0.726478 -0.791247 -0.959747 -1 -0.430225 -1 -1 -0.788165 0.138999 -0.0311958 -1 -0.699236 0.313479 -1 -1 -0.240977 -1 -0.965201 -0.947489 -0.715652 -1 0.269259 -0.476497 -1 -1 -0.456216 -1 -1 -1 -1 -1 -0.395854 -1 -1 -1 -1 -0.73673 -1 -1 -0.391797 -1 -1 -0.978447 -1 -1 -1 -0.864555 -0.794239 -0.486705 -0.768887 -1 -1 -1 -1 1 -0.988831 0.0439214 -1 -0.628055 -1 -1 -1 -0.941552 -0.888614 0.496017 -0.349057 -0.976772 -1 -1 -0.328633 -1 -1 -0.846788 -1 -1 -1 -1 -0.835552 -0.940881 -0.841351 -0.620836 -0.335717 -1 -1 -0.634426 -0.521075 -0.480251 -1 -1 -1 0.760629 -1 -1 -1 0.175395 -0.695916 -0.00176159 -1 -0.959511 -1 -1 -1 0.989164 0.441233 -0.65274 0.325313 -1 -0.702529 -1 -0.824103 -1 -0.702351 -1 -1 -1 
-1 -1 -1 -0.56097 0.977614 -0.665019 -1 -1 0.382583 0.0596358 0.41271 -1 -0.350963 -0.859831 0.389338 -0.0690182 -0.370028 0.571811 -1 -0.489852 -1 -0.527033 -1 -0.208554 -0.791247 -0.997271 -1 -0.430225 -1 -1 -1 0.138999 0.318159 -0.717467 -0.699236 -0.0169865 -1 -1 0.681281 -1 -0.965201 -0.958746 -0.715652 -1 0.269259 -0.476497 -1 -1 -0.85261 -1 -1 -1 -1 -1 -0.395854 -1 -1 -0.88021 -0.745669 -0.352942 -1 -1 -0.604664 -1 -1 -0.978447 -1 -0.5366 -1 -1 0.0222107 -1 -0.768887 -1 -1 -1 -1 1 -1 -0.104495 -0.748096 -0.555608 -1 -1 -0.949004 0.369526 -0.888614 0.127206 -0.274949 -1 -0.0184391 -1 -0.385706 -1 -1 -0.846788 -0.234589 -1 -0.829833 -1 -0.835552 -0.880152 -0.280472 -0.50743 -0.335717 -0.958378 -0.868078 -1 -0.420501 -0.247209 -0.916839 -0.686828 -1 0.760629 -1 -1 -1 0.175395 -1 -0.00176159 -1 -1 -0.938281 -0.287049 -0.707424 0.989164 0.935644 -0.65274 0.325313 -1 -0.520236 -1 -1 -1 -1 -0.804309 -1 -1 
-1 -1 1 0.423293 -0.739022 -0.844373 -1 -0.681247 -1 -1 -1 0.0533312 -0.629246 -1 -1 -1 -1 -0.624947 -1 -1 -0.297683 0.570736 0.106345 -0.943768 -0.712961 -0.83559 1 0.335389 -0.853609 -1 -0.269775 -0.793695 -1 -0.896826 -0.951649 -0.602519 -0.432076 -0.265426 0.450871 -0.478747 -1 -1 0.398992 -0.867879 -0.940811 -0.074993 -1 -0.920897 -0.360672 -1 -0.61177 -1 -0.742785 -1 -0.859684 -0.275902 -0.407681 -1 0.0764374 -1 -1 -1 0.0200429 -0.123526 -1 -1 -1 -1 0.497122 -1 0.539464 1 -0.688637 -1 0.759114 -0.766363 -0.00812185 0.116271 -0.928095 -1 -0.590878 -0.744009 -0.0956556 -0.744918 -0.427906 -0.132633 -0.278565 -0.891723 -0.816268 -0.0785413 -1 -1 -1 -1 0.639455 -0.939711 -1 -0.911661 -1 -0.89342 -0.339643 -0.845467 -1 -1 -0.624619 -0.894103 -0.949351 -1 -0.536414 -1 -0.739148 -0.791269 -1 -1 0.206525 -1 -1 -0.537931 -0.872793 0.124315 -0.627307 0.624297 -1 -0.127087 0.900913 -0.348477 -1 0.410495 0.044459 -0.0446566 -0.571928 -1 -0.667134 -0.760984 -0.235053 -1 -0.926575 -1 
-1 -1 0.086289 -0.460881 -1 -0.960382 -1 -0.289877 -0.415016 -1 -0.482164 0.75586 -0.310484 -0.620732 -0.493269 -1 -1 -1 -1 -1 -0.324798 0.57449 -0.751688 -0.155689 -1 -0.988979 0.469989 0.173713 -0.826438 0.10819 -0.702401 -1 -0.820408 -1 -1 -0.276328 -0.871131 -1 -0.403567 -1 -0.455003 -0.128931 -0.676179 -0.790405 -0.915757 -0.218579 -0.641775 -1 -0.271798 -1 0.0906613 -0.85697 -0.00131005 -1 -1 0.201359 -1 -1 -1 -0.373873 -1 0.00406125 -0.130428 -1 -1 -0.581064 -1 -0.82845 -1 -0.766898 -0.386036 0.383328 -0.926504 0.68858 -1 -0.181907 -0.809026 -0.670939 -0.153721 -1 -1 -0.809062 -0.447894 -1 -1 -0.945017 0.363359 -1 -1 0.202994 -0.752736 -0.86088 -0.985126 -0.936401 -0.711451 -1 0.175045 -1 -1 -0.462334 -0.558255 -1 -0.761914 -1 -1 -0.526372 -0.966436 -0.819307 -1 -1 -0.927459 -1 -0.820189 -0.776962 0.0369253 -0.828755 -0.585625 -1 -1 0.421719 -0.959407 0.624297 -1 -1 0.996022 0.0236384 -1 0.77552 0.000169426 -0.550482 -0.3891 -1 -1 -0.78282 -0.0498808 -0.838699 -1 -0.964964 
-1 -1 1 -1 -1 0.936099 -1 -0.748426 -1 -0.313363 -1 0.131247 -0.952498 -1 -1 -0.519601 -0.688065 -1 -1 -1 0.652239 -1 -1 -0.637754 -0.642627 -0.968646 -0.882972 -0.65517 -1 -0.949514 -0.0572325 -1 -0.974395 -0.573606 -1 -0.758436 -1 -1 -0.891446 -1 -1 -1 -1 -0.9518 -1 -0.498237 -0.909969 -1 -0.749216 -0.521136 -1 -1 -1 -1 -1 -1 0.045497 -0.697978 -1 -1 -0.37393 -1 -1 -1 -1 -0.81889 -0.44072 -0.755515 -0.99275 -1 -1 -1 -1 -1 0.572335 0.123314 -0.857189 -1 -1 -0.458624 -1 -1 -1 -0.131969 -0.38484 0.612332 -0.799229 -0.929051 -0.523804 0.121162 0.760378 -0.0704647 -1 -1 -0.908351 -0.202295 -0.187667 0.110195 -1 -1 -0.323354 -1 -1 -0.575267 -1 -1 -1 -1 -0.272832 -1 -0.774097 -1 -0.93503 -1 -1 -1 -1 1 0.257263 0.558201 -0.143821 -1 -0.947712 -1 0.0215898 -0.739308 -0.145676 0.252856 -1 -0.909191 -1 -0.907658 -0.406616 -1 -1 -1 -1 -1 
-1 -1 -1 -1 -0.926414 -0.701039 -1 -0.521012 -0.557432 -0.932665 -0.551175 -1 -0.511056 -1 -1 -0.0471182 -1 -1 -0.512455 1 -1 -1 0.221752 -0.712335 -1 -0.0996567 -0.593536 -0.634168 -1 0.0299302 -1 -0.390334 -1 -0.642856 -0.447724 0.487552 -0.12865 -0.097048 -1 -1 -0.388705 -0.0319283 0.072578 -0.595056 -0.667069 0.251444 0.41039 -0.0547173 -1 -0.369289 -0.857899 -1 -1 -0.318868 -0.894373 -0.831714 -0.126281 -1 -0.767317 -0.944307 -1 0.521744 -0.970389 -1 -0.105582 -0.95054 -1 -0.441327 -0.948137 -0.718196 -0.79303 -0.668195 -0.609502 -0.261224 -1 -0.184166 -0.0652514 0.461113 -1 -0.763722 -1 0.513894 -0.112226 -1 -0.559678 0.862659 -1 0.811722 -1 -0.72451 -0.288392 -1 -0.732409 0.262626 -1 -0.77874 -1 -0.904263 -0.859575 0.536849 -1 -0.102521 0.137323 0.146797 -1 -1 -1 -0.874772 -1 -1 -0.594125 -0.888126 -0.703451 0.399471 -1 -1 -0.412988 -1 -0.434654 -0.167028 0.414043 -1 -0.721387 0.514179 -1 -0.161738 -0.811405 -1 -1 0.164755 -0.728977 0.162835 0.573724 0.0968578 0.210412 0.458862 0.592408 -1 
-1 -1 0.00702927 -0.666736 -1 -1 -1 -1 -0.959047 -1 -1 0.151197 -0.171539 -1 -0.904411 -1 -1 -1 -0.802456 -1 -0.206796 -0.0690399 -0.858894 -0.155689 -1 -1 0.248803 -0.931497 -1 -0.691557 -1 -1 -0.632163 -1 -1 -0.0616226 -0.871131 -1 0.16989 -0.471774 -1 -1 -1 -0.481903 -0.949815 -0.167137 -0.342849 -1 -1 -1 -0.225791 -0.986209 -0.00131005 -1 -1 0.982649 -1 -0.931426 -1 -1 -0.899329 -1 -0.723356 -1 -1 -0.937635 -1 -1 -0.292023 -0.522335 -0.488041 0.369097 -1 0.376028 -1 -0.553827 -0.6848 -1 -1 -0.624679 -1 -1 -1 -1 -1 -0.851665 -0.651776 -1 -1 -0.349796 -0.747867 -0.977544 -1 -1 -0.697365 -1 -1 -0.667582 -1 -0.462334 -1 -0.939037 -0.606126 -1 -1 -0.616195 -0.615791 -1 -1 -0.678872 -0.809544 -1 -0.00995272 -0.776962 -0.694153 -1 -0.922553 -0.430925 -1 -0.4712 -1 0.115212 -0.653968 -1 0.0541535 0.289043 -0.74001 0.763456 -1 0.660046 -0.361274 -0.978148 -1 -0.999616 -0.0693035 -1 -0.687808 -1 
-1 -1 0.086289 -1 -1 -1 -0.943168 -0.674656 -1 -0.894276 -0.482164 0.855649 -0.171539 -0.205059 -0.688561 -1 -0.780082 -1 -1 -1 -1 0.289713 -1 -0.171493 -1 -1 0.356855 -0.450874 -1 0.10819 -0.686905 -0.683955 -1 -0.944708 -1 -0.925896 -0.919463 -1 0.201756 -0.211428 -1 0.0148503 -0.798488 -0.67899 -1 -0.35002 -0.880007 -1 -0.0171907 -1 -0.845958 -0.579945 0.0336956 -1 -1 0.982649 -0.919187 -1 -1 -0.653749 -1 -0.537165 -0.47158 -0.87959 -0.958326 -0.685491 -0.378278 -1 -0.225681 -0.88457 0.783365 -0.155863 -0.921814 1 -0.958811 -0.553827 -1 -0.670939 -0.440033 -1 -1 -1 -1 -1 -1 -1 -0.225853 -1 -1 -0.980647 -0.480832 -1 -1 -1 -0.441744 -0.896805 0.531418 -1 -0.824264 -0.462334 -1 -0.783506 -0.761914 -1 -1 -1 -1 -1 -1 -1 -1 -1 0.440856 -0.776962 0.264937 -0.828755 -1 -0.279401 -1 0.299004 -1 0.791768 -0.977439 -1 0.996022 -0.244087 -1 0.712474 -0.184078 -0.370022 -1 -1 -1 -0.78282 -1 -1 -1 -0.964964 
-1 0.959053 -1 1 0.972544 -1 0.360524 -1 -0.795196 -0.566603 -0.767085 -1 -1 -1 -0.308827 -1 -0.792799 -0.977775 -0.510774 -0.563841 -0.92525 -1 -0.952711 -0.892552 -1 -1 -1 0.665769 -1 -0.413682 -1 -1 -0.242962 -0.119088 0.680663 -0.301543 -0.933349 -1 0.50758 -1 -1 -0.59681 -1 -0.817498 -0.510907 -0.59499 -1 -1 -1 0.512515 -0.631731 -1 -1 -1 -1 -1 -0.797888 -0.723934 -1 -0.940493 -1 0.822805 -1 -1 -1 -1 -1 -0.984079 -1 -0.991497 -1 -1 -0.603597 -0.80734 -0.976635 -1 -0.323783 -1 -1 -0.815434 -1 -0.00636172 -0.471578 -0.822538 -1 0.42913 -1 -0.877362 -0.295799 -0.799745 -0.0409066 -0.51566 -0.343955 -0.864161 -0.610829 -0.695157 -0.446911 -0.92414 -0.259577 -1 -1 -0.0443614 -0.348843 -0.141852 -0.189978 -0.804117 -1 -1 -1 0.624607 -1 -0.489176 -0.552789 0.643786 -1 -0.897604 -1 0.515428 -0.971756 -0.293164 -1 -1 -0.836724 -1 -0.858652 0.989266 -0.69565 -1 -0.538043 -1 -1 -0.549711 -1 -0.916833 -0.770573 0.51035 -1 -1 
-0.933948 -1 1 -1 -1 0.936099 -1 -0.748426 -1 -0.313363 -1 0.131247 -1 -1 -1 -0.519601 -0.688065 -1 -1 -1 0.652239 -1 -1 -0.637754 -0.642627 -0.968646 -0.882972 -0.65517 -1 -0.949514 -0.0572325 -1 -1 -0.573606 -1 -0.980974 -1 -1 -0.891446 -1 -1 -1 -1 -0.9518 -0.137679 -0.498237 -0.909969 -1 -0.749216 -0.521136 -1 -1 -1 -1 -1 -1 -0.300895 -0.697978 -1 -1 -0.37393 -0.7452 -1 -1 -1 -0.81889 -0.44072 -1 -1 -1 -1 -1 -1 -1 0.572335 -0.440395 0.0385188 -1 -1 -0.458624 -1 -1 -1 -0.131969 -0.38484 0.612332 -0.799229 -0.929051 -0.523804 0.0105196 0.760378 -0.0704647 -1 -1 -0.908351 -0.333696 -0.272765 0.110195 -1 -1 -0.323354 -1 -1 -0.575267 -1 -0.824229 -1 -1 -0.272832 -1 -0.774097 -1 -0.93503 -1 -1 -1 -0.480144 1 0.257263 0.558201 -0.143821 -1 -1 -1 0.0514519 -0.739308 -0.145676 0.252856 -1 -0.979739 -1 -1 -0.406616 -1 -1 -1 -1 -1 
-1 -1 -1 -0.709484 0.977614 -0.514212 -1 -1 -0.120934 -0.367795 -0.694786 -1 -0.296345 -0.997203 -1 -0.284846 -0.93942 0.472628 -1 -0.489852 -1 0.0316324 -0.495469 -0.726478 -1 -0.997271 -0.95927 -1 -1 -0.66625 -0.788165 -0.348251 -0.959726 -1 -1 -0.398423 -1 -0.953886 -0.240977 -0.881491 -1 -1 -1 -1 0.269259 -1 -1 -1 -1 -1 -0.667011 -1 -0.859561 -0.618459 -0.817808 -1 -1 -1 -1 -0.817706 -1 -1 -1 -1 -0.829552 -1 -0.834706 -1 -1 -1 -1 -1 -1 -1 -1 -1 -0.744362 1 -1 0.00619659 -0.736499 -0.833158 -1 -0.862722 -1 -1 -1 -0.0481375 -1 -1 -1 -0.667043 -1 -1 -1 -1 -0.156746 -1 -1 -1 -1 -0.695538 -0.287526 -1 -0.335717 -0.959737 -1 -0.727303 -0.80712 -0.247209 -1 -1 -0.990536 -0.983238 -1 -0.400527 -1 -0.502605 -1 -1 -1 -1 -0.6389 -0.816469 -1 0.989164 1 -0.533269 0.319827 -1 -0.702529 -1 -1 -1 -0.704262 -0.938307 -1 -1 
-1 -1 -1 -0.709484 0.977614 -0.514212 -1 -1 -0.120934 0.202982 -0.694786 -1 -0.296345 -0.997203 -1 -0.284846 -1 0.76142 -0.672224 -0.489852 -1 -0.143498 -0.495469 -0.726478 -1 -0.997271 -0.95927 -0.597591 -0.69743 -0.66625 -0.788165 -0.348251 -1 -1 -1 -0.398423 -1 -1 -0.240977 -0.881491 -1 -1 -1 -1 0.269259 -1 -1 -1 -1 -1 -0.667011 -1 -1 -0.915695 -0.801237 -1 -1 -1 -1 -0.817706 -1 -1 -1 -1 -0.829552 -1 -0.834706 -1 -1 -0.91118 -1 -1 -1 -1 -1 -1 -1 1 -1 0.00619659 -0.736499 -0.650388 -1 -0.862722 -1 -1 -1 -0.0481375 -1 -1 -1 -0.667043 -0.672606 -1 -1 -1 -0.156746 -1 -1 -1 -1 -0.695538 -0.287526 -0.50743 -0.335717 -0.959737 -1 -1 -0.80712 -0.247209 -0.655653 -1 -1 -0.983238 -1 -0.400527 -1 -0.502605 -1 -1 -1 -1 -1 -0.816469 -1 0.989164 1 -0.533269 0.319827 -1 -0.702529 -1 -1 -1 -0.704262 -0.938307 -1 -1 
0.370875 -0.116672 0.712142 -1 -1 -0.632546 0.953357 -0.197524 -1 -0.059208 -0.039605 -0.778781 -1 -1 -0.280158 0.573317 -0.366103 -0.164485 -0.280407 0.603585 -0.871985 -1 -0.858426 -0.0352274 -0.353451 -0.189958 -1 -1 -1 -1 -1 -0.545532 -0.92144 -1 -0.673702 -1 -0.849525 -1 -1 -1 -1 -0.796538 -1 -1 -1 -0.421964 -0.95137 -1 0.401998 -1 -0.93824 0.723754 0.150773 -0.876317 0.633464 -0.627564 -1 -0.747379 -0.603595 -0.385716 -0.710984 1 -1 -0.85575 -0.968285 -0.785447 -1 -0.79627 -1 -1 -0.981028 -0.204064 0.458334 -0.975985 0.56297 0.065513 -0.818716 -0.220738 -0.189028 -0.843054 0.0348936 -1 -1 -0.920351 -1 -1 -1 -1 -0.890493 -0.796155 0.325006 0.752357 -1 0.133008 -1 -0.980495 -1 -0.0636762 -1 -0.634651 -1 -1 -1 -1 -0.49359 0.228724 -0.178172 0.511388 0.431335 -1 -0.66902 -1 -0.877428 -1 -1 -0.0264762 -0.866943 0.32284 -0.382834 -0.0109185 -0.429592 -0.637502 -1 -0.653352 -1 1 -1 -0.0523019 -1 0.0719755 -1 -0.79792 -0.759013 -1 -1 -0.228733 -1 -1 
0.370875 -0.107201 0.712142 -1 -1 -0.632546 0.953357 -0.131415 -0.980791 -0.273203 -0.766325 -0.778781 -1 -1 -0.520483 -0.586702 -0.174462 -0.0825513 -0.208727 0.4733 -1 -0.209464 -0.837819 0.0601547 -0.442243 -0.412197 -1 -0.876904 -0.238635 -0.824591 -0.703561 -0.866394 -0.92144 -1 -1 -1 0.878637 -0.860548 -0.969561 -1 -1 0.294741 -0.217682 -1 -1 -1 -0.72463 -1 0.0841855 -1 0.109643 -1 0.150773 -0.876317 0.980158 -0.785402 -1 -0.267561 -1 -0.0369433 -0.408846 1 -1 -1 -0.968285 0.0428177 -0.93218 -1 -1 -1 -1 -1 -1 -1 0.833832 0.407195 0.0961655 0.0778558 -0.189028 0.439015 0.148456 -1 -1 -0.649503 -1 -1 -0.725145 -0.641114 -1 -0.810088 0.325006 0.0684603 -1 -0.509975 -1 -1 0.00449979 -0.817972 -1 -0.566128 -1 -0.87703 -0.687237 -0.457933 -0.794452 0.561408 -0.0164219 -0.809682 -0.377613 -1 -1 -0.823267 -0.698606 -1 -1 -0.950688 -1 0.102918 -1 0.00973308 -0.336483 -1 -1 -0.613238 -1 1 -1 -0.508432 -0.880731 0.0867167 -1 -1 -0.759013 -0.788394 -1 -0.228733 -1 -1 
-1 -0.227257 0.355044 -0.172473 -1 -1 -0.718482 -1 -0.0993742 -0.698204 -1 -0.480633 0.284205 0.00342155 -1 -1 -0.806339 -0.771826 -0.895719 -1 -0.0991482 0.198209 -0.199135 0.0083942 -0.91087 -1 0.995031 0.0770403 -1 -0.980686 -0.0500922 -1 -1 -1 -0.986731 -0.283168 -0.432076 -1 0.428268 -1 -0.589035 -0.626694 -0.36717 -1 -0.15753 -0.37394 -1 -0.453974 -0.202997 -0.746023 -1 -1 -1 -0.991519 -1 -0.0259936 -0.407681 -1 -0.0542102 -0.37131 -0.78128 -0.076488 0.494889 -0.504746 -1 -0.912899 -0.0780415 -0.295527 0.889013 -1 0.730958 -0.942494 -0.572245 -0.0937327 0.759114 -0.502504 -0.016756 0.687034 -1 -0.978544 -1 -1 -0.481725 -0.787062 -0.427906 -1 -0.151609 -0.946039 -1 -0.00976041 -0.451804 -1 -1 -1 0.0986617 -1 -0.409336 -1 -1 -1 0.146519 -1 -0.690346 -1 -0.303642 -0.239398 -0.627202 -0.272736 -0.921566 -1 -0.811301 -0.905502 -0.809892 -0.890639 -0.0969563 -1 -0.0495764 0.0387259 -1 0.124315 -0.627307 0.624297 -0.0200513 -0.299605 -0.0737829 -0.00164914 -1 0.410495 -0.260706 -1 -0.558155 -1 -1 -0.101348 -0.68484 -1 -1 -1 
-0.047814 -0.870138 0.919134 -1 -1 -1 -0.162911 -1 -1 0.80917 -0.599868 -0.686665 -0.818116 0.514131 0.20859 0.620062 0.943304 -1 -0.353806 -1 -1 -1 0.236724 -1 -0.669513 -0.145569 -1 -0.815338 -0.527802 -0.279482 -0.73071 -1 -0.111634 -0.273828 -1 -0.190034 -1 -1 -1 -1 0.5693 -1 -1 0.117021 0.61397 -0.309857 0.450636 0.710556 -0.83138 -0.483115 -0.054677 -1 -1 -1 -0.925718 -0.562104 -0.199473 -0.837369 -1 0.923679 -0.930017 -0.530894 -0.943282 -1 0.0220275 0.0703773 -1 -1 -1 -1 -0.401207 -1 -1 -1 -0.701348 -1 -0.50994 -1 -0.144598 -0.927449 -1 -1 0.18637 -1 -1 0.57784 -0.975346 -1 -0.546908 -0.693878 -1 -0.464942 -0.0737915 -1 -0.848852 0.218787 -0.54777 -1 -0.513544 0.464105 -1 -1 -0.702892 -1 -0.822412 -0.825111 -0.720713 0.326961 -0.771239 -0.565915 0.128681 -0.47583 0.366555 -0.869635 0.0724148 -0.628264 -1 -1 -1 0.085332 -0.718036 -0.744677 -0.357247 -1 -1 -0.124454 -0.971953 -1 -1 -1 -1 -0.969108 -1 0.145044 -0.571131 -0.931573 0.777051 -1 
-1 -0.919934 0.086289 -0.461616 -1 -0.960382 -1 -0.289877 -0.415016 -0.590773 -0.482164 0.855649 -0.171539 -0.00651233 -0.688561 -1 -1 -1 -1 -1 -0.219859 0.663402 -0.330478 -0.155689 -1 -1 0.59308 -0.134462 -0.830663 0.10819 -0.729254 -1 -1 -0.979687 -1 -0.0253474 -0.805492 -0.958847 0.0702699 -0.478747 0.109871 -0.706159 -0.676179 -0.432878 -0.417666 -0.074993 -0.0330793 -0.604137 -0.271798 -1 -0.494112 -1 -0.701668 -1 -1 0.982649 -1 -1 -0.979917 -0.619671 -0.690538 -0.820426 -0.130428 -1 -1 -0.937635 -0.721084 -1 -0.365182 -0.766898 0.783365 0.183214 -0.572245 0.928926 -0.752814 -0.638695 -0.809026 -1 -0.153721 -1 -1 -0.398487 -0.447894 -0.752148 -1 -0.851665 0.363359 -1 -1 0.202994 -0.752736 -1 -1 -1 -1 -1 0.157464 -1 -1 -0.462334 -0.198468 -1 -0.761914 -1 -1 -0.526372 -1 -0.900689 -1 -1 -0.88783 -1 0.392249 -0.776962 0.0864462 -0.828755 -0.830827 -0.279401 -1 0.421719 -1 0.116177 -1 -1 0.416765 0.12671 -1 0.705098 0.000169426 -0.437446 -0.361274 -1 -1 -0.78282 -0.380755 -0.583586 -1 -0.964964 
-0.229401 -0.116672 0.498838 -1 -1 -0.632546 0.953357 -0.197524 -1 -0.059208 0.378409 -0.870995 -1 -1 -0.617505 0.573317 -0.366103 0.160134 -0.705657 0.603585 -0.871985 -1 -0.62777 -0.0352274 -0.353451 0.0954771 -1 -1 -1 -1 -1 -0.385667 -0.92144 -1 -0.653304 -1 -1 -1 -1 -1 -1 -1 -1 -1 -1 -0.421964 -1 -1 0.401998 -1 -0.93824 0.723754 0.150773 -0.876317 0.867142 -0.627564 -1 -0.747379 -1 -0.385716 -0.710984 1 -1 -0.85575 -0.968285 -1 -1 -1 -1 -1 -0.981028 -1 0.458334 -0.975985 -0.27754 -0.885668 -0.674411 -0.220738 -0.272047 -1 0.0348936 -1 -1 -0.920351 -1 -1 -1 -1 -1 -0.796155 0.325006 0.97224 -1 -0.116177 -1 -0.980495 -1 -0.0636762 -1 -0.634651 -1 -1 -0.925419 -1 -0.49359 0.0406783 -0.178172 0.511388 0.506441 -1 -0.66902 -0.951757 -0.877428 -1 -1 -0.752606 -0.739007 0.13675 -0.382834 -0.0109185 -0.429592 -0.637502 -1 -0.653352 -1 1 -1 -0.226345 -1 0.0719755 -1 -0.79792 -0.759013 -1 -1 -1 -1 -1 
-1 -1 1 -0.911294 -0.849436 -0.960382 -1 -0.289877 -0.415016 -1 -1 0.671937 -0.307584 -0.0801037 -1 -1 -1 -1 -1 -0.810415 -0.107618 0.289713 -0.764765 -0.732744 -1 -1 0.13413 0.128448 -0.623551 -0.6641 -1 -0.806652 -1 -1 -1 -0.600144 -0.907493 -0.378002 -0.155494 -1 -0.300606 -1 -1 -0.608133 -0.417666 -0.074993 0.0482163 -1 -0.222198 -1 -1 -1 -0.040342 -0.988183 -0.775158 0.937011 -1 -0.926563 -1 -0.757826 -0.947769 -1 -0.130428 -1 -1 -1 -1 -0.49074 0.498643 -1 0.749887 0.455897 -0.572245 0.430473 -1 -0.553827 -1 0.833947 -0.613999 -1 -0.844244 -0.908531 0.489004 -0.676968 -1 -1 -0.195383 -1 -1 0.202994 -1 -1 -1 -1 -0.711451 -0.720334 0.157464 -1 -0.673754 -1 -0.20781 -1 -0.761914 -1 -0.807015 -1 -1 -0.827833 -0.980619 -0.744532 -1 0.243423 0.675909 -1 0.0383362 -0.981515 -0.203796 -0.279401 -1 0.792821 -1 0.208122 -0.797698 -0.909545 0.996022 0.289043 -0.872485 0.647317 0.000169426 0.581798 -0.573337 -1 -1 -0.78282 -1 -0.742896 -0.848636 -0.977111 
-1 -1 -1 -1 0.458734 -0.346957 -1 -0.614756 0.353086 0.0596358 0.680581 -1 -0.141951 -1 -0.0474297 -1 -1 0.658415 -0.670474 -1 -1 -0.143498 -0.871353 -0.726478 -1 -0.997271 -1 -0.430225 -1 -1 -0.788165 0.138999 -0.0311958 -0.858662 -0.389275 -0.34835 -1 -1 -0.155088 -1 -0.965201 -1 -1 -1 0.269259 -0.476497 -1 -1 -1 -1 -1 -1 -1 -1 -1 -1 -1 -1 -1 -0.0313686 -1 -0.85802 -0.391797 -0.83076 -1 -0.978447 -1 -1 -1 -1 -1 -0.464896 -1 -1 -1 -1 -1 1 -1 0.0439214 -1 -0.411585 -1 -1 -1 -0.899979 -0.888614 0.496017 -0.274949 -1 -1 -1 -0.697611 -1 -0.906023 -1 -1 -0.864092 -1 -0.835639 -1 -0.831385 -0.06906 -0.50743 0.186088 -1 -1 -0.578179 -1 -0.247209 -1 -1 -0.865965 0.444942 -1 -1 -1 0.175395 -0.695916 -0.454939 -1 -1 -1 -1 -1 1 0.441233 -0.65274 0.319827 -1 -0.702529 -1 -1 -1 -0.52128 -1 -1 -1 
-1 -1 0.292318 0.585913 -1 -1 -0.203919 -0.492736 -0.820737 -0.845446 -0.233489 0.305822 -0.0648379 -0.910455 -1 -0.957108 -1 -0.484049 -0.74731 -0.811674 0.704206 0.0988848 -0.133346 -0.241464 -1 0.25018 0.549281 0.94084 -1 -1 0.329955 -1 -1 0.227692 -1 -0.535879 -0.53438 -0.477814 0.467227 -1 -0.145156 -1 0.315235 -0.0444985 -0.32277 -1 -0.257721 -0.192962 -0.448038 -1 -1 -1 0.510022 -0.656295 -0.863498 0.982649 -1 -1 -0.0542102 -1 -0.991847 0.271436 -0.00208846 0.742584 -1 -1 -0.352444 -0.540141 0.400773 -0.459607 0.539464 0.0295976 -1 0.67573 0.127776 0.0116411 -1 1 -0.66268 -0.488074 1 -0.649254 -0.548137 -0.783759 -1 0.0858978 0.258087 -0.891344 -1 -0.602048 -0.727485 -1 -1 0.436218 -0.216002 -1 -0.248405 -0.834436 -1 -0.602448 -0.0510042 -1 -0.241542 -1 -0.592722 -0.815995 -0.572279 -0.0878238 0.0383363 -1 -0.505975 -0.555663 0.0790853 -1 0.0864462 -1 0.472466 0.198042 -1 -0.072699 -1 0.624297 0.448167 -0.321227 0.595112 -0.0891678 -1 0.42198 -0.408779 0.498204 0.0969941 -0.957583 -1 -1 -0.530569 -0.420397 -0.852898 -1 
-0.177973 -1 0.712142 -1 -1 -0.632546 1 -0.131415 -1 -0.273203 -0.039605 -1 -0.740147 -0.315007 -0.520483 0.630991 -0.789277 -0.164485 -0.627962 0.260602 -0.232575 -0.209464 -1 0.654443 -0.442243 0.557301 -0.701497 -1 -0.268125 -1 -0.0231542 -1 -0.92144 -1 -0.673702 -1 0.487297 -0.290466 -1 0.0345811 -0.764145 -0.755489 -0.949137 -1 -0.637069 -0.65659 -0.487157 -0.746795 0.401998 -0.611623 0.107056 0.416923 0.150773 -0.819527 0.64807 -1 -1 -0.267561 -0.911839 0.751887 -0.496818 0.92801 -1 0.194015 -0.968285 0.0428177 -1 -0.800423 -1 0.255163 -1 -0.204064 0.285172 -1 0.667333 0.769231 1 0.0778558 -1 -1 -0.715497 -1 -0.799732 -0.920351 -0.990493 -0.94823 -1 -0.641114 -0.323875 -1 0.325006 0.0546685 0.254848 0.427478 -1 -1 -0.258067 -0.482454 -0.956003 -0.657886 -1 -1 -0.188973 -0.835952 0.0605687 0.561408 -0.819585 0.883028 0.431335 -1 -0.787722 -1 -0.698606 -1 -1 -0.147673 -0.64739 -0.393476 -0.653275 0.00973308 -0.429592 -0.851541 -0.494485 -0.653352 -0.811538 1 -0.963131 -0.0523019 0.47666 -1 -0.571232 -0.0415063 -0.759013 -0.788394 0.007781 0.740873 -1 -1 
0.12677 -1 0.919134 -0.878478 -1 -0.863461 -0.419514 -1 -1 0.80917 -1 -0.835986 -0.818116 0.514131 0.20859 0.620062 0.943304 -1 0.00117621 -0.800433 -1 -1 0.49183 -1 -0.669513 -0.0113124 -1 -0.815338 -0.527802 -0.222881 -0.711414 -1 1 -0.389736 -0.856993 -0.190034 -1 -0.987433 -1 -1 0.5693 -1 -1 0.214505 0.773786 -0.473 0.639148 0.753123 -0.83138 -0.659005 -0.054677 -1 -1 -1 -0.925718 -0.190934 -0.199473 -1 -1 0.923679 -0.930017 -0.530894 -0.81517 -1 0.0220275 0.0703773 -1 -1 -1 -1 -0.618874 -1 -1 -1 -0.962652 -0.861969 -0.50994 -1 -0.144598 -0.946909 -1 -1 0.511925 -1 -0.598615 0.807582 -1 -1 -0.546908 -0.693878 -0.362265 -0.464942 -0.0737915 -1 -0.848852 0.218787 -0.408989 -1 -1 0.464105 -1 -1 -0.702892 -1 -0.822412 -0.825111 -0.607978 0.326961 -0.771239 -0.565915 0.128681 -0.47583 0.366555 -0.869635 0.0724148 -0.628264 -1 -1 -1 0.457347 -1 -1 -0.357247 -1 -1 -0.124454 -1 -0.923075 -1 -1 -1 -0.969108 -1 0.145044 -0.454397 -0.658627 0.390128 -1 
-1 -1 -1 -1 -1 -1 -1 -0.868173 -0.415016 -1 -0.765015 0.899961 -1 -0.0312416 -0.661713 -1 -1 -1 -1 -1 -0.884412 0.0139399 -0.7073 -0.155689 -0.658121 -1 -0.190184 -0.235415 -0.826438 0.10819 -1 -1 -1 -1 -1 -1 -1 -1 -1 -1 0.109871 -0.681144 -0.676179 -1 -0.881941 -1 -1 -1 -0.271798 -1 0.0906613 -1 -1 -1 -1 0.629442 -1 -1 -0.979917 -1 -1 -0.251518 -0.422144 -0.756719 -0.630808 -0.904935 -1 -1 -0.281999 -0.580836 0.783365 -0.509959 -0.572245 -0.0501531 -0.565631 -0.878488 -1 -0.670939 -0.153721 -1 -1 -0.398487 -0.800715 -1 -1 -1 0.363359 -0.728688 -1 -0.453518 -0.752736 -1 -1 -0.936401 -0.724443 -1 -0.509133 -1 -0.8045 -1 -1 -1 -0.761914 -1 -0.687807 -1 -1 -0.824602 -1 -0.62295 -0.968709 -0.861117 -0.0441316 -0.644189 -0.131893 -1 -1 -1 -1 0.242203 -1 0.931882 -1 -1 0.996022 -0.404933 -1 0.867603 -0.153008 0.979931 -0.23409 -0.999211 -0.613124 -1 -1 -1 -1 -1 
-1 0.676973 -0.277476 -0.636937 -0.558851 -0.974063 0.620461 0.10731 -0.507027 -0.813709 0.938123 0.44217 -1 -0.211374 -0.58193 -0.89925 -1 -1 -1 -1 -0.862218 -1 -1 -0.813888 -1 0.164109 0.92304 0.186395 0.330911 -1 0.348047 -0.00910239 -1 -0.296773 -0.459892 -1 0.586821 -1 -0.0884787 0.678528 -0.644412 0.932931 1 -0.432647 -0.419939 -0.348525 0.245553 -0.624732 -0.78977 -1 -1 -1 -0.397494 0.104119 0.236761 0.0564048 -0.739995 -1 -0.633537 -1 -1 -0.145965 -0.713548 -1 0.166763 0.997759 -1 -1 0.90064 -0.936608 -1 0.112345 0.82925 1 -0.968276 -0.957494 -1 -0.561864 -1 -0.201328 -1 -1 -0.460118 -1 -1 0.45304 -0.966204 -0.691379 0.311799 -0.431102 -0.644099 0.799645 -0.373668 -0.51447 -0.98762 -0.537362 -0.403746 0.242553 -0.752007 -0.248686 -1 0.549714 -0.394959 -0.617237 0.0794789 0.655485 -0.08214 -1 -0.119114 -0.146416 -0.891377 0.0252826 0.523631 0.802305 0.0174228 0.584147 -1 -0.755262 -0.602065 0.315531 -0.0130937 -1 -0.356442 -1 -0.315464 -0.119213 -0.435335 -0.275947 -0.0531853 -0.340621 -1 0.172963 -1 -0.085072 0.841393 -1 -0.88648 -0.866689 
-0.390688 -0.648752 -0.971048 -0.566883 -0.484418 -0.705599 -0.466492 -1 0.22059 0.628841 0.348254 0.228663 -0.388799 1 -0.112468 0.928022 -0.625822 -0.615913 -0.123606 -1 -0.750534 -1 0.568972 0.427336 0.0131247 0.345928 0.0528836 -0.69298 -0.229681 0.266359 -1 -0.97688 0.10782 -0.840687 0.0402719 0.308441 -1 -0.06432 0.429773 0.959089 -0.686282 0.918588 -0.408977 0.150674 -1 -0.893008 -0.63425 0.385924 -0.155453 -1 0.94081 -0.736536 0.100937 -0.128819 0.00441062 -1 -0.837415 -0.471804 -0.376521 0.908384 -0.82269 0.062137 0.315877 -0.941793 -1 0.618833 0.415341 1 -0.257506 0.168524 -1 -0.940778 -0.169476 0.99841 -0.483686 0.954978 -0.268362 0.0593547 0.196838 -1 -0.61271 -0.38691 -0.860382 -0.0840513 0.465742 0.13604 -0.366084 0.280052 -0.400687 0.220483 0.248327 0.749725 -0.651708 -1 -0.683728 -1 -0.679539 0.393782 -0.230951 0.911854 0.704481 0.283021 -0.220689 0.00864327 0.874451 0.270815 -1 -0.560964 -1 -0.816992 -1 -0.959422 -0.568052 -0.338543 -0.928089 0.238607 0.391968 0.596235 -0.593467 0.713187 -0.482997 0.858346 -0.142476 -1 -0.480507 0.202183 0.463908 0.413632 -1 0.843213 -0.534847 -0.45233 0.492589 -0.160024 -1 0.91647 0.725954 -0.740896 
-1 -1 -0.775646 0.716212 0.730189 -1 -0.951293 -1 -1 -1 -1 -0.614564 0.511114 0.438791 -1 0.274904 -0.541059 0.0499023 0.553353 -1 0.0833907 -1 0.474086 -1 -1 0.12367 -1 -0.618816 -0.641787 -0.550756 -0.871516 -0.210497 -1 -0.259568 -0.866984 -1 -0.951978 -1 -1 -1 0.206848 -1 -1 0.216543 -1 -1 -1 -0.385153 -0.803312 -1 -0.462098 -0.413978 -1 -0.857798 -0.640926 0.375693 -0.688632 0.198931 -0.537998 -0.440746 -0.346412 -0.233 -0.360473 0.75439 -1 -1 -1 -0.763818 -0.18706 -0.808864 -1 -1 -1 -0.421406 -0.390537 0.792327 -1 1 -1 -1 -1 1 0.128904 -1 -1 -0.525197 -1 0.101626 -0.616493 -1 -0.615356 0.427242 -1 -0.970696 -1 0.105073 0.051984 -1 -1 -0.0193772 -0.993433 -0.938991 -0.404296 -1 0.285854 -1 -0.819716 -1 -1 -0.565508 -0.718407 -1 -0.858468 -1 -1 -0.54143 -1 -0.0412049 -0.265284 -0.938728 -1 -1 -1 0.686903 -0.867383 -0.9293 -0.595178 -1 -0.0794415 0.952267 -1 -1 0.660173 0.187618 -0.905654 -0.780903 -1 -0.578564 
-1 -1 0.156766 -1 -1 0.829159 -1 -1 -1 -0.529811 -1 0.131247 -0.952498 -1 -1 -0.426457 -0.874948 -1 -1 -1 0.938229 -1 -1 -0.637754 -0.398467 -0.968646 -0.882972 -1 -1 -0.949514 0.00137278 -0.766382 -1 -0.573606 -1 -0.758436 -0.715444 -1 -1 -1 -1 -1 -1 -0.663305 -0.123486 -0.755998 -1 -1 -1 -0.521136 -1 -1 -0.948764 -1 -1 -1 -1 -0.697978 -0.753108 -0.690771 -1 -1 -0.961427 -1 -1 -0.81889 -1 -1 -1 -0.853393 -1 -1 -1 -1 0.00663412 0.502781 0.0385188 -1 -1 -0.458624 -0.841274 -1 -1 -0.382057 -0.38484 0.807383 -0.799229 -0.929051 -0.523804 -1 0.785953 0.0461988 -1 -1 -0.908351 -0.202295 -0.272765 0.110195 -1 -1 -0.347921 -1 -1 -0.197397 -1 -1 -1 -0.712298 -0.272832 -1 -0.828389 -0.657034 -0.672513 -1 -1 -1 -0.154963 1 -0.60168 0.565812 -1 -1 -1 -1 0.0215898 -0.739308 0.171219 0.32893 -0.83185 -1 -1 -1 -0.192703 -1 -0.959411 -1 -1 -1 
0.231313 0.927643 -0.791199 0.332474 -0.447972 0.905453 0.863375 -0.41317 0.592864 -0.571766 0.86314 -0.331022 0.147615 -0.864689 0.0422782 0.79705 0.360688 0.0590141 0.551309 -0.226872 0.0576488 0.291995 -0.502106 0.319877 -0.880484 -0.736487 -0.390155 -0.370759 -0.285457 0.347706 -0.296902 -0.148926 -0.204447 0.63768 -0.134883 -0.180572 0.287575 -0.211248 0.251444 0.215991 -0.00616223 0.176674 -0.0499764 -0.779428 0.964309 -0.0606548 -0.0456082 0.714271 0.427993 0.16066 -0.571719 0.742494 -0.90861 0.534463 -0.340869 -0.37706 0.065653 -0.42812 -0.95329 0.221215 -0.843526 -0.395425 0.61345 0.682402 -0.838493 0.387268 -0.571445 0.117942 -0.756499 -1 -0.910626 0.470434 0.21197 -0.245841 0.747637 0.130949 0.685606 0.629519 0.295276 -0.880548 -0.278432 -0.133276 0.309959 -0.496076 0.340132 -0.423329 -0.637178 0.791302 -0.0816758 0.047163 -0.721814 -0.72492 0.675056 0.193762 0.290154 -0.95233 0.582078 0.723236 -0.500041 0.250065 -0.951626 0.816539 0.905755 0.735982 -0.458964 -0.280794 -0.972892 0.50656 0.494829 0.198155 1 -0.97406 -1 -0.536641 -1 -0.190168 -0.201137 0.459183 0.587177 -0.101771 0.294867 0.570056 -0.538946 0.581407 0.613565 0.558411 -0.847001 0.0973942 -0.909361 -0.366099 0.418883 -0.328367 0.524071 -0.287791 -0.125547 0.0736263 0.8477 -0.702691 
0.12677 -1 0.919134 -1 -1 -0.863461 -1 -1 -0.880863 -0.0907257 -0.508345 -0.835986 -0.918631 0.358948 0.221293 0.620062 0.943304 -1 0.335874 -0.800433 -1 -1 -0.190874 -1 -0.885494 -0.0113124 -1 -1 -1 -1 -1 -1 1 -0.389736 -0.990668 -1 -1 -0.987433 -0.68088 -0.923583 0.5693 -1 -0.819853 0.214505 0.773786 -0.385448 0.489799 0.710556 -0.83138 -0.659005 -0.054677 -1 -0.613152 -0.950666 -1 -0.190934 -0.222746 -1 -1 0.0922286 -1 -0.754949 -1 -1 0.0220275 0.0703773 -1 -0.812446 -1 -1 -1 -1 -1 -1 -0.788856 -0.652104 -1 -1 -0.00378746 -1 -1 -1 0.336567 -1 -0.598615 0.10246 -1 -1 -0.424409 -0.373743 -0.362265 -0.464942 -0.39601 -1 -0.848852 0.537817 -0.54777 -1 -1 -0.275989 -1 -1 -1 -1 -1 -0.981716 -0.607978 0.326961 -0.569736 -1 0.128681 -0.356084 0.366555 -0.869635 0.25881 -1 -1 -1 -1 0.529034 -1 -1 -0.988571 -1 -1 -0.416745 -1 -0.761225 -1 -1 -1 -0.969108 -1 0.145044 -1 -1 0.649691 -1 
-0.981648 0.269046 0.147576 0.2768 0.11064 0.793875 0.27965 0.0807652 0.258543 0.0484741 -0.253963 -1 -0.891188 -0.477663 -0.303632 0.22598 -0.263843 -0.4082 0.595844 0.675925 -1 -0.877622 0.865692 -0.161951 0.604884 0.128669 -0.272434 0.613216 -0.633339 0.763054 -0.106072 -0.0139418 0.979906 0.891345 -0.672303 -0.614021 0.173653 0.772958 -0.030454 -0.282649 -1 -0.208941 0.265614 0.0211526 -0.0637063 0.353717 -0.0264179 0.131944 -0.997538 -0.412361 -0.725303 0.924439 -0.618267 -0.636937 0.539546 0.606096 0.944141 0.540084 -0.892227 0.342658 -0.69631 -0.850028 0.323444 -0.959357 -1 -0.802162 -0.527184 -0.652514 -0.0642003 0.694993 -1 -0.110228 -0.0418353 0.844015 0.315925 0.47601 -0.0653854 -0.567278 -1 -1 -0.77898 -1 -0.413359 -0.326074 0.496495 0.579386 -0.929489 -1 -0.457312 -0.749778 0.683391 -0.775581 -1 -0.897135 0.499344 0.581142 0.164011 0.346975 0.877584 -1 -0.839009 0.0909108 0.0948225 0.794249 0.877025 -0.209672 -0.795492 -0.201512 -0.060857 -0.506309 0.0574545 0.54898 -0.776175 0.552074 -0.824192 -0.891073 0.0509377 -0.879596 -0.444967 -0.256461 -0.747448 -0.56416 -0.101671 -0.950687 -0.114153 -0.452498 0.781088 -0.662968 -0.571543 0.738195 -0.291263 -0.0471946 -0.608393 0.505401 -0.981563 0.820472 0.27345 -0.829687 
-1 -1 -0.293835 -0.0620636 -0.895002 -0.712954 -1 -1 -1 -0.894276 -1 0.112807 -0.122607 -0.986497 -1 -0.942316 -1 -1 -0.636407 -0.992168 -1 -0.866875 -0.495541 -1 -1 -1 0.59308 -0.491074 -1 -1 -1 -1 -1 -1 -1 -0.0253474 -0.708995 -1 -0.728897 -1 -0.5266 -0.444848 -1 -1 -1 -0.756336 -1 -1 -0.701534 -0.969678 -0.426434 -1 -1 -0.698976 -1 -0.629296 -1 -1 -1 -0.184712 -0.528828 -1 -1 -1 -1 -1 -0.462489 -1 -0.231866 -1 -0.115604 0.336541 0.0353696 0.0259732 -0.892335 -1 -1 -0.814521 0.213699 -1 -1 -0.520861 -1 -1 -0.545592 -0.503099 -0.919814 -1 -1 -0.792112 -1 -1 -0.638093 -1 -1 -1 -0.808534 -0.879368 -0.82934 -1 -0.20781 -1 -1 -0.766601 -1 -1 -1 -1 -1 -1 -0.851009 -0.938566 -0.0384386 -1 0.0864462 -0.828755 -0.983285 0.106459 -1 0.274196 -1 -0.554267 -1 -1 0.996022 0.289043 -0.750364 0.197117 0.195016 -0.178439 -0.361274 -1 -1 -0.78282 -1 -0.583586 -1 -1 
-1 -1 1 -1 -1 0.936099 -1 -1 -1 -0.529811 -1 0.131247 -0.952498 -1 -1 -0.426457 -0.874948 -1 -1 -1 0.938229 -1 -1 -0.637754 -0.380899 -0.968646 -0.882972 -1 -1 -0.949514 0.00137278 -0.766382 -1 -0.573606 -1 -0.758436 -0.715444 -1 -1 -1 -1 -1 -1 -0.663305 -0.123486 -0.755998 -1 -1 -1 -0.521136 -1 -1 -1 -1 -1 -1 -1 -0.697978 -0.753108 -1 -1 -1 -1 -1 -1 -0.81889 -1 -1 -1 -0.853393 -1 -1 -1 -1 0.630099 0.502781 0.0385188 -0.9625 -1 -0.458624 -0.841274 -1 -1 -0.382057 -0.38484 0.807383 -0.799229 -0.929051 -0.523804 -1 0.785953 0.0461988 -1 -1 -0.908351 -0.202295 -0.272765 0.110195 -1 -1 -0.347921 -1 -1 -0.197397 -1 -0.824229 -1 -1 -0.272832 -1 -0.774097 -1 -0.672513 -1 -1 -1 -0.154963 1 -0.60168 0.565812 -1 -1 -1 -1 0.0215898 -0.739308 0.171219 0.32893 -0.83185 -1 -1 -0.771657 -0.406616 -1 -0.959411 -1 -1 -1 
-1 -1 -1 -1 0.675421 -0.346957 -1 -0.614756 0.353086 0.0596358 0.85091 -1 -0.353009 -1 0.213174 -1 -0.801948 0.658415 -0.670474 -1 -1 -0.706853 -1 -0.726478 -1 -0.997271 -0.950438 -0.488981 -1 -1 -1 0.138999 -0.0311958 -0.898694 -0.389275 -0.881876 -1 -1 0.0127616 -1 -1 -1 -1 -1 0.269259 -0.476497 -1 -1 -1 -1 -1 -1 -1 -1 -1 -1 -1 -0.775118 -1 -0.477597 -0.970881 -0.85802 -0.391797 -1 -0.666052 -0.978447 -1 -1 -1 -1 -1 -1 -1 -1 -1 -0.688251 -1 0.951974 -1 0.0439214 -1 -0.411585 -1 -1 -0.633518 -0.899979 -0.888614 0.496017 -0.274949 -1 -0.785211 -1 -1 -1 -0.906023 -1 -0.646327 -0.864092 -0.671619 -0.867998 -1 -0.831385 -0.623832 -0.166649 -0.63598 -0.333187 -0.642616 -1 -1 -1 -1 -1 -0.865965 0.444942 -1 -1 -1 -0.0706702 -0.695916 -0.482184 -1 -1 -1 -1 -1 1 0.441233 -0.65274 0.319827 -0.901885 -0.702529 -1 -1 -1 -0.52128 -1 -1 -1 
-1 -1 -1 -0.56097 0.977614 -0.346957 -1 -1 0.73199 0.0596358 0.41271 -0.906937 -0.350963 -0.859831 0.135429 -0.95659 -0.992928 0.571811 -1 -1 -1 -0.143498 -1 -0.726478 -0.403776 -0.997271 -1 -0.603039 -1 -1 -0.788165 0.138999 -0.0311958 -0.670704 -0.699236 -1 -1 -1 0.321237 -1 -0.989046 -1 -0.715652 -1 0.269259 -0.906751 -1 -1 -1 -1 -1 -1 -1 -1 -1 -1 -1 -1 -1 -0.285467 -1 -1 -0.807379 -1 -1 -0.978447 -1 -1 -1 -1 -0.77739 -1 -0.768887 -1 -1 -1 -1 1 -1 0.0439214 -1 -1 -1 -1 -1 -0.941552 -0.888614 0.496017 -0.274949 -1 -1 -1 -0.328633 -1 -1 -1 -0.156746 -1 -0.829833 -1 -0.6427 -0.940881 -0.280472 -0.986609 -1 -1 -0.762516 -0.634426 -0.521075 -0.628905 -1 -1 -1 0.821042 -1 -1 -1 0.175395 -0.695916 -0.00176159 -1 -0.729143 -1 -1 -1 0.870887 -0.582866 -0.65274 -0.0936667 -1 -0.702529 -1 -1 -1 -1 -0.685696 -1 -1 
0.370875 -0.0140814 0.493608 -1 -0.82278 -1 0.283181 -0.156563 -1 -0.506916 0.222189 -0.778781 -1 -0.703171 -0.187641 0.573317 -0.229347 -0.40877 -0.280407 -0.076723 -0.232575 -0.34583 -1 0.336028 -0.442243 -0.641698 -1 -1 -1 -0.824591 -1 -0.545532 -0.92144 -1 -0.673702 -1 -0.849525 -1 -0.969561 -1 -1 -1 -0.706832 -1 -1 -0.421964 -0.95137 -1 0.401998 -1 -0.286402 -0.380554 -0.739067 -0.876317 0.633464 -1 -1 -0.747379 -0.812468 -0.178988 -0.710984 1 -1 -0.85575 -0.968285 -1 -1 -0.79627 -0.657917 -1 -1 -0.52138 -0.645375 -0.975985 0.425936 0.271784 0.270943 0.0778558 -0.345516 -0.499767 0.0348936 -1 -1 -0.920351 -1 -1 -1 -1 -0.715418 -0.646976 0.325006 0.545204 -1 0.133008 -0.724559 -0.980495 -0.863007 -0.704642 -1 -0.828915 -1 -1 -1 -0.859754 -0.423954 0.228724 -0.618097 -0.487767 0.510622 -1 -0.95605 -1 -1 -1 -1 -0.0264762 -1 -0.0337451 -0.653275 -0.364408 -0.429592 -1 -1 -1 -1 1 -1 -0.0523019 -1 -0.295351 -1 -1 -0.759013 -0.96142 -1 -0.330086 -1 -1 
-1 -1 -1 -0.709484 0.977614 -0.346957 -1 -0.272456 0.353086 0.202982 -0.694786 -1 -0.296345 -0.997203 -1 -0.0690182 -0.784701 0.480895 -0.798125 -0.489852 -1 -0.143498 -0.495469 -0.726478 -1 -0.997271 -0.95927 -0.597591 -1 -1 -0.788165 -0.348251 -1 -1 -1 -0.398423 -1 -1 -0.240977 -0.881491 -0.867736 -1 -1 -1 0.269259 -1 -1 -1 -1 -0.426712 -0.758503 -1 -1 -0.915695 -0.801237 -1 -1 -0.881026 -1 -0.817706 -1 -1 -0.428786 -0.977264 -1 -1 -1 -1 -1 -1 -1 -1 -1 -1 -1 -1 -0.657315 1 -1 0.0439214 -0.736499 -0.650388 -0.913197 -0.862722 -1 -0.941552 -1 -0.0481375 -0.585461 -0.712019 -1 -1 -0.672606 -1 -0.785537 -1 -0.156746 -1 -0.88926 -1 -1 -0.940881 -0.280472 -0.50743 -0.335717 -0.959737 -1 -0.573855 -0.80712 -0.247209 -0.655653 -1 -1 -0.983238 -1 -0.400527 -1 -0.502605 -1 -1 -0.772052 -1 -1 -0.816469 -1 0.989164 1 -0.830967 0.319827 -1 -0.702529 -1 -1 -1 -0.702351 -0.938307 -1 -1 
-1 -1 -1 -0.709484 0.247401 -0.346957 -1 -0.614756 -0.8479 0.202982 -0.238856 -1 -0.296345 -1 -0.0474297 -0.0690182 -0.350571 0.571811 -0.910335 -0.449288 -1 -0.143498 -1 -0.807502 -0.852981 -0.879969 -1 -0.49538 -1 -1 -0.788165 -0.956057 -0.903956 -1 -0.699236 -1 -1 -1 0.350583 -0.881491 -0.776376 -1 -0.959032 -0.683561 0.657269 -1 -1 -1 -1 -0.749078 -0.846467 -1 -1 -0.915695 -1 -1 -1 -1 -1 -0.178204 -1 -1 -1 -1 -0.684368 -1 -1 -0.958761 -0.956853 -1 -0.778852 -1 -1 -1 -1 -1 -1 1 -1 -1 -0.450846 -0.650388 -1 -0.95189 -1 -1 -1 -0.508618 -0.274949 -1 -1 -1 -1 -1 -0.785537 -0.88795 -1 -0.765984 -1 -1 -1 -1 -0.280472 -0.50743 -0.969094 -0.987028 -1 -1 -1 -0.764355 -0.416506 -1 -1 -0.31567 -1 -1 -1 0.175395 -1 0.0814014 -0.984353 -0.575019 -1 -0.908994 -1 0.989164 0.40384 -1 0.319827 -0.910678 -0.363433 -1 -1 -1 -0.984459 -1 -1 -1 
0.517252 -0.942325 0.493608 -1 -0.82278 -1 0.283181 -0.156563 -1 -0.506916 0.222189 -0.778781 -1 -0.703171 -0.187641 0.573317 -0.229347 -1 -0.280407 -0.076723 -0.232575 -0.34583 -1 0.336028 -1 -0.641698 -1 -0.702799 -1 -0.824591 -1 -0.545532 -1 -1 -1 -0.670815 -0.849525 -1 -0.695558 -1 -1 -1 -0.706832 -1 -1 -0.421964 -0.95137 -1 -0.269322 -1 -0.286402 -0.380554 -0.739067 -0.876317 0.633464 -1 -1 -1 -0.812468 0.152729 -0.710984 1 -1 -0.85575 -0.968285 -1 -1 -0.982593 -0.657917 -0.714677 -1 -0.52138 -0.645375 -0.975985 0.425936 0.271784 0.270943 0.0142998 -0.345516 -0.499767 0.0348936 -1 -1 -1 -1 -1 -1 -1 -0.715418 -0.646976 0.325006 0.545204 -1 0.0889116 -0.724559 -0.980495 -0.863007 -0.728077 -1 -0.828915 -1 -1 -1 -0.859754 -0.423954 0.228724 -0.618097 -0.487767 0.510622 -1 -0.95605 -1 -1 -1 -1 -1 -1 -0.0337451 -0.653275 -0.364408 -0.429592 -0.837049 -1 -0.946698 -1 1 -1 -0.0523019 -1 -0.295351 -1 -1 -0.759013 -0.96142 -1 -0.330086 -1 -1 
-1 -1 0.361112 -0.461616 -1 -0.728375 -1 -0.289877 -1 -1 -0.482164 0.173169 -0.0280117 -0.636207 -0.512676 -1 -1 -1 -1 -1 -1 -0.0333186 -0.912807 -0.155689 -0.951484 -1 0.59308 0.128448 -0.830663 0.281138 -1 -1 -1 -1 -1 -0.0858276 -0.871131 -0.931455 0.0702699 -0.478747 -0.832552 -0.998268 -0.676179 -0.905973 -1 -0.074993 -0.095161 -1 -0.306781 -0.901467 0.504751 -1 -0.00131005 -1 -1 0.982649 -1 -0.815241 -1 -0.662738 -1 -0.195266 -0.740541 -1 -1 -0.937635 -0.721084 -1 -0.576412 -1 -0.284009 0.815531 -0.97165 0.928926 -0.752814 -0.759365 -0.809026 -0.670939 -0.016511 -0.993057 -0.820239 -1 -1 -0.752148 -0.873349 -0.851665 -0.445276 -1 -1 -1 -0.747867 -1 -1 -1 -0.829008 -0.89748 -0.000160351 -1 -1 -0.462334 -0.20781 -1 -0.424206 -1 -1 -0.526372 -1 -0.7983 -1 -1 -0.896732 -0.89896 0.392249 -1 0.119859 -0.828755 -0.479896 -0.279401 -1 0.42234 -1 -0.488057 -1 -1 0.503935 0.289043 -1 0.705098 0.000169426 0.581798 -0.361274 -1 -1 -0.449726 -0.0498808 -0.583586 -1 -1 
0.231313 0.927643 -0.791199 0.332474 -0.447972 0.905453 0.863375 -0.41317 0.592864 -0.0797066 0.86314 -0.331022 0.147615 -0.7706 0.0422782 0.79705 0.360688 0.0590141 0.551309 -0.226872 -0.181386 0.291995 -0.502106 0.376674 0.31106 -0.736487 0.360719 -0.370759 0.648262 0.347706 -0.296902 -0.148926 -0.204447 0.63768 -0.134883 0.57757 0.287575 -0.211248 0.251444 0.215991 -0.00616223 0.176674 -0.0499764 -0.779428 0.964309 -0.0606548 -0.0456082 0.714271 0.427993 0.0864877 -0.571719 0.742494 -0.90861 0.534463 -0.340869 -0.187895 0.065653 -0.42812 -0.95329 0.221215 -0.843526 -0.395425 0.61345 0.682402 -0.838493 0.602386 0.336828 0.117942 -0.756499 -0.6963 -0.910626 0.470434 0.21197 -0.161664 0.747637 0.130949 0.685606 0.629519 0.295276 -0.880548 -0.278432 -0.133276 0.309959 -0.496076 0.340132 -0.423329 -0.609142 0.791302 -0.0816758 0.047163 -0.721814 0.155856 0.675056 0.193762 0.290154 -0.95233 0.582078 0.723236 -0.500041 0.250065 -0.951626 0.816539 0.905755 0.735982 -0.458964 -0.280794 -0.0650848 0.50656 0.494829 0.198155 0.653455 -0.97406 -0.956568 -0.536641 -0.381022 -0.190168 0.795428 0.459183 0.587177 -0.101771 0.244179 0.570056 0.238957 0.581407 0.613565 0.558411 -0.847001 0.0973942 -0.909361 0.0273075 0.52588 0.676801 0.427537 -0.287791 -0.125547 0.0736263 0.8477 -0.843289 
-1 -0.711539 -1 -1 1 -1 -0.905077 -1 0.353086 0.070481 -0.861476 -1 -0.141951 -1 -0.678228 -0.903606 -1 0.736038 -1 -1 -1 -0.368189 -0.652398 -0.717819 -1 -1 -1 -1 -1 -1 -1 -0.000469774 -0.527709 -0.799195 -0.313157 -0.34835 -0.538997 -1 -1 -1 -1 -1 -1 -0.707933 -0.1197 -0.524486 -1 -1 -1 -1 -1 -1 -0.894968 -1 -0.395854 -0.970376 -1 -1 -1 -1 -0.949952 -1 -0.706641 -1 -1 -0.978447 -1 -0.824656 -1 -1 -1 -0.435166 -1 -1 -0.722636 -1 -1 0.709072 -1 0.135441 -1 -0.628055 -0.86782 -1 -1 -1 -0.65153 -0.623102 -1 -1 -1 -1 -0.76913 -0.593101 -1 -1 -1 -0.864092 -1 -0.222457 -1 -1 -1 -0.0840207 -1 -1 -0.98817 -0.634426 -1 -1 -1 -1 -1 0.508034 -1 -1 -1 -1 -1 -0.722722 -0.825497 -1 -0.883175 -1 -1 0.989164 -0.131079 -0.65274 0.822443 -1 -0.702529 -0.952291 -1 -1 -1 -0.778341 -1 -1 
0.370875 -0.116672 0.712142 -1 -1 -0.632546 0.953357 -0.197524 -1 -0.059208 -0.039605 -0.778781 -1 -1 -0.280158 0.573317 -0.229347 -0.164485 -0.280407 0.677963 -0.232575 -0.529273 -0.858426 0.676926 -0.442243 -0.189958 -1 -1 -1 -0.824591 -0.703561 -0.545532 -0.92144 -1 -0.673702 -1 -0.849525 -1 -0.969561 -1 -1 -0.796538 -0.738807 -1 -1 -0.421964 -0.95137 -1 0.401998 -1 -0.286402 0.390799 0.150773 -0.876317 0.633464 -0.785402 -1 -0.747379 -0.911839 -0.385716 -0.710984 1 -1 -0.85575 -0.968285 -0.785447 -1 -0.79627 -1 -1 -0.981028 -0.204064 0.458334 -0.975985 0.425936 0.500955 0.270943 -0.220738 -0.189028 -0.429873 0.0348936 -1 -1 -0.920351 -1 -1 -1 -1 -0.890493 -0.810088 0.325006 0.752357 -1 0.133008 -1 -0.980495 -0.0568766 -0.40061 -1 -0.828915 -1 -1 -1 -1 -0.49359 0.228724 -0.178172 0.511388 0.431335 -1 -1 -1 -1 -1 -1 -0.0264762 -1 0.32284 -0.653275 -0.0109185 -0.429592 -0.637502 -1 -0.653352 -1 1 -1 -0.0523019 -1 -0.295351 -1 -0.79792 -0.759013 -1 -1 -0.228733 -1 -1 
-1 -0.648752 -0.971048 -0.663838 -0.661301 -0.705599 -1 -1 0.22059 0.628841 0.348254 -0.79875 -0.388799 0.11693 -0.112468 0.928022 -0.625822 -0.440291 -0.123606 -1 -0.750534 -1 0.568972 0.675418 0.0131247 0.345928 0.0528836 -1 -0.229681 0.266359 -1 -0.97688 0.10782 -0.840687 -0.608955 0.308441 -1 -0.788966 -0.445417 0.959089 -0.430022 0.918588 -0.408977 0.150674 -1 -0.893008 -0.63425 0.385924 -0.155453 -1 0.94081 -0.736536 0.100937 -0.128819 0.00441062 -1 -0.837415 -0.471804 -0.376521 -0.246552 -1 0.062137 0.315877 -1 -0.960138 0.460283 0.415341 1 -0.257506 0.168524 -1 -0.940778 -0.169476 0.99841 -0.483686 0.954978 -0.268362 0.0593547 0.196838 -1 -0.61271 -0.38691 -0.860382 -0.0840513 0.465742 0.13604 -1 0.280052 -0.400687 0.220483 0.248327 0.749725 -0.651708 -1 -0.683728 -1 -0.679539 0.393782 -0.230951 0.911854 0.704481 0.283021 -1 0.00864327 0.874451 0.270815 -1 -0.560964 -1 -0.816992 -1 -1 -1 -0.338543 -0.928089 0.238607 0.391968 0.904235 -0.593467 0.713187 -0.152299 0.858346 -0.142476 -1 -0.36764 0.337804 0.109118 0.413632 -1 1 -0.534847 -0.45233 0.492589 -0.160024 -1 0.91647 0.725954 -0.740896 
0.994873 -0.256764 0.712142 -1 -0.782073 -0.632546 0.953357 -0.131415 -1 0.0468458 -0.039605 -0.778781 -1 -0.315007 -0.352712 0.573317 -0.103073 -0.164485 -0.448729 0.4733 -1 -0.209464 -1 -0.230771 -0.442243 0.557301 -0.688466 -0.562268 -1 -0.901045 -0.322192 -0.866394 -0.92144 -1 -0.673702 -1 0.607446 -1 -1 -0.603891 -1 0.383297 -0.547248 -0.809926 -0.637069 -0.637724 -1 -0.746795 0.401998 -0.611623 0.107056 0.618196 0.150773 -0.876317 0.64807 -1 -1 0.0623387 -0.911839 0.751887 -0.496818 1 -1 0.194015 -0.968285 0.0428177 -1 -1 -1 0.255163 -1 -0.204064 0.458334 -1 0.667333 0.769231 0.356297 0.0778558 0.198882 0.00745803 0.0348936 -1 -0.732112 -0.920351 -0.990493 -0.957656 -1 -0.641114 -0.323875 -1 0.325006 0.917068 0.0294878 -0.222828 -0.38421 -1 0.00449979 -0.482454 -1 0.0202542 -1 -1 -0.80391 -0.886969 0.0605687 0.561408 -0.0164219 0.800941 0.431335 -1 -0.787722 -0.838698 -1 -1 -1 -0.797475 -1 -0.0231245 -0.653275 0.00973308 -0.429592 -1 -1 -1 -0.498826 0.693513 -1 -0.0523019 0.148832 -0.295351 -0.571232 -0.0415063 -0.759013 -0.788394 0.007781 0.633939 -1 -1 
-0.177973 -0.0727531 0.712142 -1 -1 -0.632546 1 -0.131415 -1 -0.273203 -0.039605 -1 -1 -0.315007 -0.520483 0.630991 -0.789277 -0.164485 -0.627962 0.850195 -0.232575 -0.209464 -1 0.654443 -0.442243 0.557301 -0.701497 -1 -0.268125 -1 0.10968 -1 -0.92144 -1 -0.673702 -1 0.487297 -0.290466 -1 0.0345811 -0.764145 0.152985 -0.547248 -1 -0.637069 -0.65659 -0.487157 -0.746795 0.401998 -0.611623 0.107056 0.416923 0.150773 -0.876317 0.64807 -1 -1 -0.267561 -0.911839 0.751887 -0.496818 0.92801 -1 0.194015 -0.968285 0.0428177 -1 -0.800423 -1 0.255163 -1 -0.204064 0.458334 -1 0.667333 0.769231 1 0.0778558 -1 -0.659837 -0.715497 -0.860027 -0.732112 -0.920351 -0.990493 -0.957656 -1 -0.641114 -0.323875 -1 0.325006 0.955563 0.254848 0.553759 -1 -1 -0.258067 -0.482454 -1 0.0202542 -1 -1 -0.188973 -0.835952 0.0605687 0.561408 -0.043032 0.883028 0.431335 -1 -0.787722 -1 -0.698606 -1 -1 -0.147673 -1 -0.0231245 -0.653275 0.00973308 -0.429592 -1 -0.494485 -0.653352 -0.596263 0.861367 -0.777817 -0.0523019 0.148832 -1 -0.571232 -0.0415063 -0.759013 -0.788394 0.007781 0.740873 -1 -1 
-1 0.676973 0.114073 0.140321 0.218214 -0.974063 0.495397 -1 -0.507027 -0.873315 0.938123 -0.065771 0.0749856 0.0473019 -0.58193 -0.963755 -1 -0.56645 -0.743357 -0.104013 -0.862218 -1 -0.695902 -0.720538 -0.986546 0.997341 0.92304 0.0159797 0.330911 -1 0.564259 -0.0177615 -1 -0.115827 -0.459892 -1 0.586821 -0.109592 0.542039 0.209889 -0.0398632 0.960263 1 -0.698817 -0.419939 -0.148163 -0.240879 -0.79348 -1 -1 -0.636786 -1 0.591375 0.104119 -0.17678 0.221026 -0.122403 -0.868781 0.311974 -0.959041 -0.740947 -0.145965 -0.627339 -0.309764 0.425828 0.997759 -1 -1 0.90064 -1 -1 -0.556755 0.845631 -0.25495 -0.265405 -0.783703 -0.995605 -0.561864 -0.701101 -1 -1 -1 -0.460118 -0.780712 -0.21816 0.45304 -0.19641 -0.691379 0.880038 0.00533745 0.627223 0.799645 -0.373668 0.308969 -0.720227 -0.537362 0.695039 0.528082 -0.0343438 -1 0.367573 0.549714 0.363179 -0.457951 -0.579452 -0.263428 -0.08214 -0.679224 -0.504777 0.615716 -1 0.0252826 0.693483 0.325442 0.504256 0.419224 -0.871675 -0.542636 -0.602065 -0.0252922 -0.309046 -1 -0.356442 -1 0.33001 -0.941135 -0.657078 -0.275947 -0.815475 -0.230623 -1 0.172963 -1 -0.673006 0.841393 -0.961558 -0.884012 -1 
-1 -1 0.00702927 -1 -1 -1 -1 -1 -0.959047 -1 -0.482164 0.151197 -0.171539 -0.769579 -0.904411 -1 -1 -1 -0.802456 -1 -0.206796 -0.0690399 -0.858894 -0.155689 -1 -1 0.248803 -0.931497 -1 -0.691557 -1 -1 -0.632163 -1 -1 -0.0616226 -0.871131 -1 0.16989 -0.471774 -1 -1 -1 -0.481903 -0.949815 -0.167137 -0.342849 -1 -1 -1 -0.225791 -0.986209 -0.00131005 -1 -1 0.982649 -1 -0.931426 -1 -1 -0.899329 -1 -0.723356 -1 -1 -0.937635 -1 -1 -0.292023 -0.522335 -0.488041 0.369097 -1 0.376028 -1 -0.553827 -0.815085 -1 -1 -0.624679 -1 -1 -1 -0.752148 -1 -0.851665 -0.651776 -1 -1 -0.349796 -0.747867 -0.977544 -1 -1 -1 -1 -1 -0.667582 -1 -0.462334 -1 -0.939037 -0.606126 -1 -0.772098 -0.367485 -0.615791 -1 -1 -1 -0.809544 -1 -0.00995272 -0.776962 0.119859 -1 -0.922553 -0.340291 -1 -0.4712 -1 0.115212 -0.653968 -1 0.0541535 0.289043 -0.74001 0.763456 -1 0.660046 -0.361274 -0.978148 -1 -0.78282 -0.0693035 -1 -1 -1 
-0.671717 0.627324 -0.127016 -0.232748 0.285689 -0.974063 -0.0490555 0.10731 -0.707532 -0.873315 0.938123 -0.542712 0.213565 -1 -0.664328 -1 -1 -0.56645 -1 -0.71822 -0.862218 -0.944585 -1 -1 -0.986546 0.997341 0.92304 -0.0105503 -0.534608 -1 0.770645 -0.221372 0.282957 0.885497 -0.657098 -0.457996 0.586821 0.249029 -0.361248 0.939729 -0.844779 0.690217 0.892436 -1 -0.206374 -0.111593 0.184009 -0.470435 -1 -0.161057 -0.636786 -1 0.263526 0.104119 0.700515 0.178888 -0.614823 -0.937229 0.107123 -0.876653 -0.740947 -0.0135619 -0.627339 -0.309764 -0.563924 1 -0.811843 -1 -0.164617 -1 -0.908982 0.553064 0.0773389 1 0.497007 -0.613115 -0.995605 -0.561864 -0.673114 -0.0704718 -0.98366 -1 -0.0967309 -1 -0.21816 0.0884585 0.415274 -0.340178 -0.129232 -0.869162 -0.131998 0.504322 -0.373668 -0.633931 0.0218759 -0.537362 0.695039 0.687635 -0.0910508 -0.458948 0.0800248 -1 -0.577721 -0.285038 0.0794789 0.195395 -0.510471 -1 -0.815602 0.480132 -1 -1 0.693483 0.724976 -0.0490682 0.277971 -1 -0.750414 -0.602065 0.200003 0.1842 -1 -1 -0.904729 0.33001 -0.10099 -0.657078 -0.275947 -0.182198 -0.340621 -0.317022 -0.360877 -0.870998 -0.998763 0.841393 -0.961558 -0.11103 -0.866689 
0.370875 -0.116672 0.712142 -1 -1 -0.632546 1 -0.131415 -0.980791 -0.273203 -1 -0.619397 -1 -1 -0.520483 -0.586702 -0.174462 -0.668394 -1 0.4733 -1 -0.209464 -0.837819 0.0601547 -0.442243 -0.0336572 -1 -1 -0.238635 -0.824591 -0.703561 -0.866394 -0.92144 -1 -1 -0.622801 0.5482 -0.860548 -0.969561 -1 -1 0.294741 -0.771239 -1 -1 -1 -1 -1 -0.0497911 -1 0.109643 -1 0.150773 -0.876317 0.980158 -0.785402 -1 -0.267561 -1 -0.0369433 -0.408846 1 -1 -1 -0.968285 0.0428177 -0.93218 -1 -1 -1 -1 -1 -1 -1 0.833832 0.407195 0.0961655 0.213447 -0.189028 0.439015 0.148456 -1 -1 -0.649503 -1 -1 -0.650731 -0.641114 -1 -0.910272 0.178333 0.0684603 -1 -0.509975 -0.970805 -1 0.00449979 -1 -1 -1 -1 -1 -1 -0.457933 -0.794452 0.390784 -0.688182 -0.408259 -0.377613 -1 -1 -1 -0.698606 -1 -1 -0.950688 -1 0.102918 -1 0.00973308 -0.336483 -1 -1 -0.613238 -1 0.184932 -1 -0.291335 -0.880731 0.0867167 -1 -1 -0.759013 -1 -1 -0.228733 -1 -1 
-0.08275 -0.609962 -1 -0.739369 -1 -1 -0.875315 -1 -1 -0.495566 -1 -0.627605 -1 0.676124 -0.996239 0.238297 -1 -1 -1 -0.895336 -1 -0.280072 -1 -0.831028 -1 -0.350219 -1 0.896664 -1 -1 0.610078 -1 -1 0.792341 -0.995445 -0.21943 -1 -1 -1 0.668332 -0.879517 -1 -1 -1 -0.412022 -1 -0.752724 -1 -1 -1 -0.753346 -0.753618 -1 -1 -1 -1 -0.159467 -1 -0.979095 0.100613 -1 -1 -1 0.853364 -1 -0.169984 -1 -1 -1 0.405296 -0.721729 -1 -0.635474 -1 0.414563 -0.259231 0.493478 -0.393713 -1 -1 -1 -0.642493 -0.210278 -0.947313 -0.76891 -0.98958 -1 -1 -1 -0.926582 -0.555545 -1 -0.0639954 -1 -1 -0.655865 -1 -0.774469 -0.0697559 -0.727867 -1 -1 -1 -1 -1 -1 -1 -1 -1 -1 -1 -1 -1 -0.583732 -0.896313 -1 -1 0.910884 -1 0.767043 -0.793821 0.159961 -1 -0.530036 -1 -0.708064 -1 0.181021 -1 -1 -0.702906 -1 -0.607499 -1 -1 -1 -0.573937 -1 
-0.207301 -0.609962 -1 -0.739369 -1 -1 -0.828776 -1 -0.83173 -0.974453 -0.698111 -0.627605 -1 1 -1 0.63097 -1 -1 -1 -1 -0.772285 -0.280072 -1 -0.831028 -1 -0.350219 -1 0.896664 -1 -0.577247 0.610078 -1 -1 -0.25563 -1 -0.21943 -0.707237 -1 -0.549204 0.668332 -0.36679 -0.969164 -1 -0.788416 -0.412022 -1 0.0756479 -1 -1 -1 -1 -1 -1 -1 -1 -1 -0.159467 -1 -1 0.100613 -1 -1 -0.990547 0.0568072 -0.854055 -0.487735 -1 -0.992705 -1 0.405296 -1 -1 -0.635474 -1 0.298839 -0.199354 0.493478 -0.198375 -1 -1 -0.862047 -1 -0.210278 -1 -0.53434 -0.726932 -0.714266 -1 -1 -0.959071 -1 -1 -0.385095 -1 -1 -0.600993 -1 -0.106067 -0.510748 -1 -0.636037 -1 -0.624331 -1 -1 -0.952703 -0.584416 -1 -1 -1 -1 -1 -1 -0.802997 -1 -1 -1 0.789699 -1 0.55213 -0.92704 -0.701152 -0.707378 -0.015031 -1 -0.708064 -1 -0.199271 -1 -1 -1 -1 -0.607499 -1 -0.558216 -1 -0.573937 -1 
-1 0.676973 -0.779997 0.148837 -0.867541 -0.974063 0.495397 0.10731 -0.507027 -0.873315 -0.217712 -0.065771 0.0749856 0.0473019 -0.58193 -0.963755 -1 -0.56645 -1 -0.631962 -0.862218 -0.944585 -1 -0.720538 -0.986546 0.997341 0.92304 -0.0105503 0.330911 -1 0.564259 -0.961759 -0.697236 -0.115827 -0.459892 -1 0.650055 -0.109592 0.542039 0.0565583 -0.135287 0.960263 1 -0.698817 -0.419939 -0.459308 0.913844 -0.79348 -0.253911 -0.96335 -0.636786 -1 0.591375 0.104119 -1 1 -0.497191 -1 0.25217 -0.799058 -0.740947 -0.145965 -0.627339 -0.309764 0.425828 0.997759 -1 -1 0.90064 -1 -0.908982 -1 0.82925 0.59026 -1 -0.957494 -0.995605 -0.561864 -0.423567 -1 -0.837652 -1 -0.460118 -1 -1 0.45304 0.779233 -0.691379 0.880038 0.00533745 0.915238 0.799645 -0.373668 0.308969 -0.760008 -0.537362 0.695039 0.687635 -0.0343438 -0.458948 0.367573 -0.240494 0.363179 -0.457951 -0.579452 0.545855 -0.08214 -0.679224 -1 -0.191459 -1 -1 0.693483 -0.032498 -0.695635 -0.799871 -0.871675 -0.542636 -0.602065 0.691067 -0.309046 -0.696501 -0.356442 -1 -0.719041 -0.119213 -0.657078 -0.275947 -0.815475 -0.230623 -0.709774 -0.737877 -1 -0.309604 0.841393 -0.961558 -0.884012 -1 
-1 -1 -1 -0.892173 0.523075 -1 -1 -1 0.73199 0.000503212 0.282332 -1 -0.350963 -0.859831 0.249643 -1 -1 -0.865357 -1 -1 -0.741025 -0.143498 -1 -0.726478 -1 -1 -1 -0.571095 -1 -1 -0.938522 0.182736 0.130386 -1 -1 -1 -1 -1 0.780052 -1 -1 -0.965622 -0.715652 -1 0.269259 -0.906751 -1 -1 -1 -0.675093 -0.736627 -1 -1 -0.813586 -1 -1 -1 -1 -1 -0.569979 -1 -1 -1 -1 -1 -0.978447 -1 -1 -1 -1 -1 -1 -0.768887 -1 -1 -0.683842 -1 1 -1 -0.841135 -1 -1 -1 -0.842273 -1 -1 -1 0.0194087 -0.274949 -1 -0.787061 -1 -0.927285 -1 -1 -1 0.0691057 -1 -1 -0.841597 -0.654716 -0.93387 0.0496182 -1 -1 -1 -1 -1 -0.521075 -0.628905 -1 -1 -1 0.821042 -1 -0.76062 -0.843673 0.175395 -0.785199 -0.00176159 -1 -1 -1 -1 -0.854148 -0.209436 -1 -0.650653 -0.0936667 -1 -1 -0.777446 -1 -1 -1 -1 -1 -0.706403 
-1 -1 -0.971048 -0.566883 -0.484418 -0.543566 -0.784698 -1 0.22059 0.628841 0.348254 0.228663 -0.388799 1 -0.112468 0.928022 -0.625822 -0.615913 -0.860335 -1 -0.750534 -1 0.568972 0.427336 0.139744 0.345928 0.0528836 -0.69298 -0.229681 0.266359 -1 -1 0.10782 -0.840687 0.0402719 0.308441 -1 -0.06432 0.429773 0.379164 -1 0.918588 -0.408977 0.150674 -1 -1 -0.51622 0.385924 -0.155453 -1 0.94081 -0.736536 0.100937 -0.32176 0.00441062 -1 -0.837415 -0.482301 -1 0.908384 -0.82269 0.062137 0.315877 -0.941793 -1 0.618833 0.415341 1 -0.257506 0.168524 -1 -0.940778 -0.169476 0.99841 -0.483686 0.954978 -0.268362 0.0593547 0.196838 -1 -1 -0.38691 -0.860382 -0.0840513 0.465742 0.13604 -0.366084 0.280052 -0.400687 0.220483 0.248327 0.749725 -0.651708 -1 -0.683728 -1 -0.679539 0.393782 -0.230951 0.911854 0.704481 0.484053 -0.220689 0.00864327 1 0.270815 -1 -0.560964 -1 -0.952334 -1 -0.959422 -0.568052 -0.338543 -0.928089 0.238607 0.391968 0.596235 -0.593467 0.713187 -0.755098 0.858346 -0.750015 -1 -0.480507 -0.673281 0.463908 0.413632 -1 0.843213 -0.534847 -0.45233 0.492589 -0.160024 -1 0.91647 0.725954 -0.740896 
-1 -1 -1 -1 -0.616269 -0.705747 0.94431 -1 -1 -1 -0.661425 -0.580609 -1 -0.760281 -0.984631 -0.731225 -1 -1 -0.886299 -1 -0.765848 -0.762179 -1 -1 -0.694997 -0.742337 -0.847095 -0.818167 -0.885338 -1 -0.586899 -0.533947 -1 -1 -0.551312 0.0859998 -0.802113 -1 -1 -1 -0.711125 -0.31346 -0.673641 -1 -1 -0.805882 -1 -1 -0.720186 -0.607004 -0.905402 -0.573821 -1 -0.62491 -1 -1 -1 -1 -1 -1 -1 -0.821676 -1 -1 -1 -1 -0.634364 -1 -1 -1 -0.997788 -1 -1 -0.875386 -1 -1 -1 -1 -0.841396 -0.655937 -1 -1 -1 -1 -1 -1 -1 -0.675106 -1 1 -0.99257 -1 -0.660252 -1 -1 -1 -0.853029 -1 -1 -1 -1 -1 -0.623857 -1 0.119874 -1 -0.956814 -1 -0.852333 1 -1 -0.968721 -1 -0.977906 -1 -1 -1 0.474958 -1 -1 -0.836231 -1 -0.621525 -1 -1 1 -1 -1 -0.659713 0.283218 -1 -1 -1 -1 -0.788098 -0.806105 -1 -1 
-1 -1 -0.173696 0.585913 -1 -1 -0.203919 -0.492736 -0.820737 -0.845446 -0.233489 0.305822 -0.0648379 -0.910455 -1 -0.957108 -1 -0.484049 -0.74731 -0.811674 0.34774 0.0988848 -0.133346 -0.241464 -1 0.25018 0.549281 0.94084 -1 -1 0.329955 -1 -1 0.227692 -1 -0.535879 -0.53438 -0.477814 0.467227 -1 -0.145156 -1 0.470678 -0.0444985 -0.32277 -1 -0.257721 -0.192962 -0.544756 -1 -0.824878 -1 0.510022 -0.656295 -0.863498 0.982649 -1 -1 -0.0367286 -1 -0.991847 0.271436 -0.506113 0.742584 -1 -1 -0.352444 -0.540141 0.400773 -0.459607 0.539464 0.0295976 -1 0.67573 0.127776 0.0116411 -1 1 -0.66268 -0.488074 1 -0.649254 -0.548137 -0.783759 -1 0.0858978 0.258087 -0.724723 -1 -0.602048 -0.727485 -1 -1 0.436218 -0.216002 -1 0.171921 -0.834436 -1 -0.602448 0.229723 -1 -0.305852 -1 -0.592722 -0.815995 -0.572279 -0.0878238 0.0383363 -1 -0.505975 -0.555663 0.0790853 -1 0.0864462 -1 0.472466 0.198042 -1 0.0722019 -1 0.624297 0.448167 -0.321227 0.595112 -0.493689 -1 0.42198 -0.500238 0.498204 0.0969941 -0.957583 -1 -1 -0.301703 -0.96085 -1 -1 
-1 0.352146 -0.127016 -0.232748 0.323034 -0.974063 0.495397 -0.796026 -0.707532 -0.873315 0.938123 -0.257848 0.317851 -0.000734776 -0.58193 -1 -0.775234 -0.56645 -1 -0.319279 -0.862218 -0.999214 -0.994865 -0.99545 -0.986546 0.544165 0.226056 -1 0.402715 -1 -0.682017 -0.0177615 0.282957 0.18181 -0.911987 -0.639911 0.586821 0.42564 0.461606 -0.228255 -1 -0.499308 1 -1 -0.066994 -0.148163 0.747323 -0.845918 -0.428922 -0.882115 -0.636786 -0.629098 0.609517 0.351479 1 0.891988 -0.497191 -1 0.0911843 -0.978624 -0.892512 -1 -0.82778 -0.44498 0.787435 0.997759 -1 -1 -0.034285 -0.928613 -0.937081 0.371842 0.649448 0.62651 0.497007 -1 -1 -0.740109 -0.551128 -0.372004 -0.247295 -1 -1 -1 -0.596287 0.45304 0.415274 -1 0.880038 0.00545415 0.627223 0.777383 -0.444212 -0.51559 -0.192986 -0.667349 0.695039 0.119741 -0.0910508 -1 0.773786 -1 0.704616 -0.510021 0.162869 0.195395 -1 -1 -0.698295 0.480132 -1 0.0252826 0.693483 0.802305 0.645072 0.277971 -0.871675 -1 -1 0.415202 0.326908 -1 -0.445408 -0.907199 -0.578804 -0.104701 -0.430664 -0.275947 -0.182198 -1 -1 0.172963 -1 -0.317325 0.660781 -0.961558 -0.11103 -1 
-1 0.676973 -0.127016 -0.232748 -0.458316 -0.974063 0.620461 0.10731 -0.507027 -0.813709 0.938123 0.587781 0.0749856 0.0473019 -0.58193 -0.89925 -1 -0.56645 -1 -1 -0.862218 -0.944585 -1 -0.813888 -1 0.164109 0.92304 0.186395 0.330911 -1 0.34397 -0.00910239 -0.951208 0.885497 -0.459892 -1 0.586821 -0.641186 -0.0884787 0.678528 -0.644412 0.932931 1 -0.698817 -0.419939 -0.348525 0.537165 -0.624732 -0.78977 -1 -1 -1 0.591375 0.104119 0.941055 0.891988 -0.497191 -0.868781 0.107123 -0.959041 -1 -0.145965 -0.627339 -0.309764 0.425828 0.997759 -1 -1 0.90064 -0.543809 -1 0.226353 0.82925 1 -0.265405 -0.957494 -1 -0.561864 -1 -0.600574 -1 -1 -0.460118 -1 -1 0.45304 -0.438614 -0.691379 0.311799 0.00533745 -0.303074 0.799645 -0.373668 -0.51447 -0.98762 -0.537362 0.695039 0.687635 -0.0343438 -0.506859 -0.400567 0.549714 0.704616 -0.457951 0.0794789 0.655485 -0.08214 -1 -0.119114 0.442847 -0.891377 0.0252826 0.523631 0.802305 0.645072 0.277971 -0.871675 -0.308162 -0.602065 0.315531 -0.309046 -1 -0.356442 -1 -0.315464 -0.119213 -0.657078 -0.275947 -0.0417763 -0.340621 -1 0.172963 -0.777762 -0.085072 0.841393 -0.961558 -0.424992 -0.866689 
-1 -1 -1 -1 -1 -1 -1 -0.61834 -1 -1 -0.174999 -0.180704 0.0176993 -0.00651233 -0.643048 -1 -1 -1 -1 -1 0.13974 -0.857345 -0.419901 -0.744166 -1 -1 0.823109 -0.0764264 -0.765316 0.0550072 -1 -1 -1 -1 -1 -0.989947 -0.526787 -0.920297 -0.092817 -0.335644 -1 -0.402925 -1 -0.138497 -1 -0.229588 -0.895315 -1 -0.271798 -0.946813 0.0553671 -1 -1 -1 -0.914765 0.93509 -1 -1 -0.979917 -0.0374654 -1 -0.706891 0.380005 -1 -1 -0.937635 -1 -0.351857 -0.924509 -1 0.783365 -0.708852 -1 -0.17807 -0.914031 -0.627076 -0.809026 -0.670939 -0.014581 -0.959377 -0.994234 -0.280881 -0.447894 -1 -1 -1 0.363359 -1 -1 0.0826583 -1 -1 -1 -1 -0.947846 -1 -0.497942 -1 -1 -1 -0.20781 -1 -1 -1 -1 -1 -1 -1 -1 -1 -1 -1 -0.243911 -1 -0.743962 -0.724177 -0.909732 -0.712223 -0.713223 -0.165004 -1 -0.155776 -1 -1 -0.242943 -0.448106 -1 0.222905 -0.68803 0.616466 -0.516343 -0.93199 -0.2376 -1 -1 -0.643254 -0.626847 -1 
-0.671717 0.627324 -0.127016 -0.232748 0.285689 -1 -0.0490555 0.10731 -0.707532 -0.873315 0.938123 -0.258953 0.213565 -1 -0.664328 -1 -0.83551 -0.56645 -1 -0.512105 -0.862218 -1 -1 -1 -1 0.162018 0.92304 -0.0105503 -0.534608 -1 0.770645 -0.221372 0.282957 0.885497 -0.657098 -0.457996 0.586821 -0.250155 -0.361248 0.939729 -0.844779 0.690217 0.892436 -1 -0.206374 0.190569 0.184009 -0.470435 -0.888849 -0.964075 -1 -1 0.263526 -0.24705 0.700515 0.178888 -0.614823 -0.937229 -0.755489 -0.876653 -0.740947 -0.42474 -0.627339 -0.309764 -0.563924 1 -1 -1 -0.19128 -1 -0.908982 0.553064 0.0773389 1 0.497007 -0.613115 -0.995605 -0.561864 -0.673114 -0.847715 -0.98366 -1 -0.262543 -1 -0.223707 0.0884585 0.415274 -0.340178 -0.129232 -0.869162 -0.131998 0.541365 -0.373668 -0.633931 0.0218759 -0.537362 0.695039 0.687635 -0.377032 -0.458948 0.0800248 -1 -0.577721 -0.285038 0.0794789 0.195395 -0.510471 -1 -0.815602 0.480132 -1 -1 0.693483 0.375785 -0.299539 0.277971 -0.694144 -0.750414 -0.602065 0.327107 0.1842 -1 -1 -1 0.33001 0.112253 -0.657078 -0.275947 -0.846797 -0.340621 -0.317022 -0.360877 -0.870998 -0.998763 0.841393 -1 -0.11103 -0.866689 
-0.799032 0.352146 -0.127016 -0.232748 0.323034 -0.974063 0.495397 -0.796026 -0.707532 -0.873315 0.938123 -0.257848 0.317851 0.0473019 -0.58193 -0.531781 -1 -0.56645 -1 -0.372924 -0.862218 -0.794479 -0.994865 -0.99545 -0.986546 0.544165 0.226056 -1 0.402715 -1 -0.682017 -0.0177615 0.282957 0.18181 -0.911987 -0.639911 0.586821 0.42564 0.461606 -0.228255 -1 -0.499308 1 -0.745929 -0.419939 -0.148163 0.747323 -0.845918 -0.428922 0.230372 -0.636786 -0.629098 0.609517 0.351479 0.941055 0.891988 -0.497191 -0.937229 0.0911843 -0.978624 -0.740947 0.0418385 -0.82778 -0.309764 0.787435 0.997759 -1 -1 -0.291641 -0.928613 -0.937081 0.371842 0.649448 0.62651 0.497007 -1 -0.995605 -0.740109 -0.551128 -0.372004 -0.247295 -1 -1 -1 -0.596287 0.45304 0.415274 -1 0.880038 0.00545415 0.627223 0.777383 -0.444212 -0.51559 -0.192986 -0.470639 0.695039 0.119741 -0.0910508 -1 0.773786 -1 0.704616 -0.510021 0.162869 0.195395 -1 -1 -0.698295 0.480132 -0.891377 0.0252826 0.693483 0.802305 0.645072 0.277971 -0.871675 -1 -1 0.415202 0.1842 -1 -0.445408 -0.67184 -0.578804 -0.10099 -0.430664 -0.275947 -0.182198 -1 -1 0.172963 -1 -0.317325 0.841393 -0.961558 -0.11103 -0.866689 
-0.56218 -0.726198 -0.971048 -0.280166 -0.484418 -0.705599 -0.466492 -0.0212884 0.22059 1 0.348254 0.228663 -0.388799 1 -0.112468 0.928022 -0.625822 -0.615913 0.0345426 -1 -0.750534 0.198078 -0.940489 0.453224 0.0131247 -0.546485 0.0136898 -0.69298 -1 0.966393 -1 -0.937936 0.10782 -0.840687 0.0402719 0.404114 -1 -1 0.429773 0.940695 -1 0.918588 -0.408977 0.21057 -1 -0.893008 -0.27839 0.616241 -0.218715 -1 0.94081 -0.907742 0.100937 -0.128819 0.00441062 -1 -0.653233 -0.407415 -0.376521 0.908384 -0.82269 0.062137 0.315877 -1 -1 0.901185 0.415341 1 0.617322 -0.543401 -1 -0.940778 -0.169476 1 -1 -0.0962677 -0.268362 -0.820065 -0.372287 -0.716472 -1 -1 -0.860382 -0.0840513 0.465742 0.13604 -0.366084 -0.670056 -0.400687 0.220483 0.248327 0.749725 -0.80834 -0.863541 -0.683728 -1 -0.334836 0.0497931 0.839264 0.911854 -0.0959481 0.283021 -0.734817 -0.262562 0.874451 0.489437 -0.983241 -0.560964 -0.509147 -0.816992 -0.781271 -0.638338 -0.568052 -0.612908 -1 0.326052 -0.218465 0.973715 -0.593467 0.470524 -1 0.858346 0.272478 -0.669731 -0.480507 0.349598 0.463908 0.852373 -1 0.787267 0.0825493 -1 0.144172 -0.160024 -0.7116 0.736465 0.725954 -1 
0.675151 -0.139884 0.440193 -0.271224 0.892059 0.348938 -0.992183 -0.761874 0.86053 0.923287 0.455611 -0.999768 0.70902 -0.646536 0.716713 -0.305481 -0.260611 -0.273671 -0.424836 -0.222106 -0.0602829 0.665515 0.0753168 -0.402281 0.498559 0.557543 -0.387221 -0.307372 -0.985627 0.719823 0.0772696 0.755678 0.232921 0.826578 0.538186 -0.51666 0.337791 -0.948272 -0.159779 -0.751944 -0.904698 0.422784 0.505769 0.223768 0.158101 -0.516416 -1 0.0880457 0.26402 -0.819642 -0.035953 -0.992386 0.119817 -0.931172 0.326145 0.161871 -0.240723 0.530927 0.922267 -0.530984 -0.112254 -0.293768 -0.813322 0.479687 0.966323 0.267727 0.243562 0.680158 -0.393856 -0.807967 0.492028 -0.943355 0.0269401 -0.353935 -0.752125 -1 0.0316538 -0.19198 -0.461663 0.183822 0.674305 -0.396117 -0.879136 -0.265884 0.263363 0.468405 -0.635081 0.110286 -0.231224 0.767276 0.0954293 0.29485 -0.389642 0.30661 -0.886606 -1 -0.0824471 -0.391667 0.639843 -1 -0.245062 0.464511 -0.470413 0.394835 -1 -0.123982 0.638471 -0.0461435 -0.21101 -0.211052 -0.914219 -0.810937 0.952161 -0.635831 0.816639 -0.831943 -0.296949 0.892367 -0.149621 -0.784976 0.529947 0.39843 0.134887 -0.694815 -0.269125 -0.73458 -0.0312874 -0.668848 0.503681 -0.645774 0.976988 0.945096 0.844642 0.797134 -0.795536 -0.939224 0.0764512 0.0254683 
-1 -1 0.233452 -1 -1 -0.227174 -1 -1 -1 -0.0923006 -1 0.131247 -0.765377 -1 -0.98543 -0.519601 -0.688065 -1 -1 -1 -0.0114942 -1 -1 -1 -0.675566 -0.968646 -1 -1 -0.608903 -1 -0.0572325 -1 -0.954394 -0.573606 -0.747362 -1 -0.654711 -1 -0.532872 -1 -1 -1 -1 -1 -1 -1 -1 -1 -1 -1 -1 -1 -1 -1 -1 -1 -0.349913 -1 -1 -1 -0.639167 -1 -0.736465 -1 -1 -1 -0.44072 -1 -1 -1 -1 -1 -1 -1 0.572335 0.173928 -0.927799 -1 -0.992491 -0.427954 -0.919761 -1 -1 -0.844365 -1 0.878907 -0.799229 -0.631242 -1 -0.950319 0.760378 -1 -1 -1 -1 -1 -0.0750979 -0.608947 -1 -1 -1 -0.825252 -1 -0.575267 -1 -0.127203 -1 -0.623965 -0.139531 -1 -1 -0.960849 -1 -1 -1 -1 -1 1 -0.108356 0.558201 -0.653428 -1 -1 -1 -0.125142 -1 -0.561601 -0.405328 -1 -1 -0.76686 -1 -0.406616 -1 -0.573134 -1 -1 -1 
-0.704089 -0.648752 -0.971048 -0.280166 -0.484418 -0.705599 -0.466492 -0.135651 0.22059 0.930064 0.348254 0.228663 -0.388799 0.900588 -0.112468 0.928022 -0.625822 -0.615913 0.210349 -0.635759 -0.750534 0.382352 0.239456 0.453224 0.0131247 0.345928 0.408215 -0.69298 -0.229681 0.966393 -0.514668 -0.97688 0.10782 -0.840687 0.0402719 0.308441 0.0596833 -0.06432 0.429773 0.959089 -0.686282 0.918588 0.337527 0.150674 0.0211575 -0.893008 -0.0136698 0.385924 -0.155453 -0.867472 0.94081 -0.736536 0.261549 0.262628 0.00441062 -0.837221 -0.0131197 -0.471804 -0.523974 0.908384 -0.82269 0.062137 0.315877 -0.941793 -0.898885 0.618833 0.415341 0.777543 0.712083 0.168524 0.0148277 -0.940778 -0.169476 0.99841 0.276939 0.954978 -0.268362 0.804564 0.196838 0.181056 -0.61271 -0.38691 -0.860382 -0.0840513 0.465742 0.13604 -0.224736 0.280052 -0.400687 0.220483 0.248327 0.377866 -0.363842 -0.863541 -0.307625 -0.858511 -0.679539 0.0497931 0.731693 0.911854 0.702194 0.283021 -0.220689 0.00864327 0.874451 0.864947 -0.0632179 -0.560964 0.0561506 -0.346055 -0.781271 -0.959422 -0.568052 -0.612908 -0.928089 0.238607 0.391968 0.596235 -0.593467 0.713187 -0.482997 0.858346 0.600973 -0.669731 -0.480507 0.202183 0.463908 0.834189 -0.380392 0.787267 0.0340565 -0.45233 0.492589 -0.160024 -0.860323 0.897589 0.725954 -0.740896 
-1 -1 0.086289 -0.461616 -1 -0.960382 -1 -1 -1 -1 -0.482164 0.855649 -0.465443 -0.00651233 -0.688561 -1 -1 -1 -1 -1 -0.107618 0.168072 -0.495541 -0.63355 -1 -1 0.918201 -0.148075 -1 -1 -0.599313 -1 -1 -1 -1 0.171156 -1 -0.931455 -0.747467 -0.478747 -0.823621 -1 -0.676179 -0.658084 -1 -0.501953 0.0272529 -1 -0.494767 -1 -1 -1 -0.00131005 -1 -1 0.691783 -1 -1 -0.979917 -0.849498 -1 -0.312068 -1 -1 -1 -1 -1 -0.351857 -0.225681 -0.766898 -0.00186557 0.544593 -0.537451 1 -0.752814 -0.553827 -0.807949 -0.670939 -0.644603 -0.993523 -1 -0.398487 -0.447894 -0.690135 -1 -1 0.363359 -1 -1 0.202994 -0.940365 -1 -0.967259 -1 -0.711451 -1 0.157464 -1 -0.865003 -1 -0.851667 -1 -0.761914 -1 -1 -0.526372 -1 -0.7983 -1 -1 -0.88783 -1 0.392249 -1 0.135748 -1 -1 -0.279401 -0.837332 0.421719 -1 0.871896 -0.977439 -1 0.996022 0.289043 -1 0.705098 0.000169426 0.581798 -0.892885 -1 -1 -0.78282 0.313277 -0.583586 -1 -0.964964 
0.994873 -0.922811 0.712142 -1 -0.782073 -0.632546 1 -0.131415 -1 -0.251764 -0.039605 -0.778781 -1 0.0726252 -0.520483 0.655107 0.0352136 -0.164485 -0.448729 0.4733 -0.232575 -0.209464 -1 0.654443 -0.442243 0.557301 -0.688466 -0.367464 -0.268125 -0.316048 0.10968 -0.866394 -0.92144 -1 -0.673702 -1 0.487297 -0.290466 -1 0.478432 -1 0.383297 -1 -1 -0.637069 -0.65659 -0.487157 -1 0.401998 -0.611623 0.227726 0.416923 0.150773 -0.876317 0.64807 -1 -1 -0.267561 -0.911839 0.751887 -0.496818 1 -1 0.194015 -0.968285 0.0428177 -1 -0.800423 -1 0.255163 -1 -0.279944 0.458334 -1 0.667333 0.769231 1 0.0778558 -0.189028 0.439015 0.0348936 -1 -0.732112 -0.920351 -0.990493 -0.957656 -1 -0.641114 -0.323875 -1 0.159795 0.955563 0.254848 0.553759 -0.532894 -1 0.00449979 -0.482454 -1 0.0202542 -1 -1 -1 -0.886969 0.0605687 0.561408 -0.0164219 0.883028 0.431335 -1 -0.787722 -0.559318 -0.929154 -1 -1 -0.777095 -1 -0.0231245 -0.653275 0.00973308 -0.429592 -1 -0.494485 -0.653352 -1 0.861367 -0.822925 -0.0523019 0.148832 -1 -0.229811 -0.0415063 -0.759013 -0.788394 -0.452536 0.740873 -1 -1 
0.943131 -0.87604 0.712142 -1 -1 -0.632546 0.953357 -0.131415 -1 -0.273203 -0.0771635 -1 -1 -1 -0.520483 -0.464521 -0.693097 -0.164485 -0.470299 0.4733 -0.232575 -1 -1 0.344132 -1 0.115166 -1 -0.876904 -1 -0.957052 -0.353874 -0.866394 -0.92144 -1 -0.683339 -1 1 -1 -1 -0.598969 -1 -0.742482 -0.547248 -1 -1 -1 -1 -1 -0.836628 -1 -0.907284 -0.0424315 0.531241 -1 -0.516115 -1 -1 -0.267561 -1 0.751887 -0.837629 0.583917 -1 -0.0308195 -0.968285 -1 -0.811029 -0.800423 -0.827325 0.255163 -1 -1 0.458334 -0.806587 0.501141 0.476946 0.391175 0.0778558 -1 0.579939 0.0898202 -1 -0.732112 -1 -0.860429 -1 -1 -0.840016 -1 -1 -0.571012 0.663754 -0.122865 0.553759 -1 -0.980495 0.00449979 -0.589903 -1 -0.0850428 -1 -1 -1 -0.916033 0.0605687 0.751349 -0.0164219 0.241585 -0.42949 -0.941241 -0.71961 -1 -1 -1 -0.613449 -0.674305 -1 -0.0231245 -1 0.00973308 -0.429592 -0.699991 -1 -0.811617 -0.913439 1 -0.822925 -0.0523019 0.323595 -0.295351 -1 0.475408 -0.901395 -1 -1 -0.804379 -1 -1 
-1 -1 1 -0.287494 -0.739022 -1 -1 -0.681247 -1 -1 -1 0.0533312 -0.327117 -1 -1 -1 -1 -0.624947 -1 -1 -0.297683 0.570736 -0.517788 -1 -1 -0.83559 1 0.335389 -0.853609 -1 -0.269775 -0.740465 -1 -0.896826 -0.951649 -1 -0.432076 0.0477217 -0.476875 -1 -1 -1 0.398992 -0.867879 -0.940811 -0.074993 -1 -0.920897 -0.360672 -1 -0.61177 -1 -1 -1 -1 -0.275902 -0.407681 -1 0.0764374 -1 -1 -1 0.634286 -0.123526 -1 -1 -1 -1 0.497122 -1 0.686268 0.0846214 -0.839424 -1 -0.19808 -0.766363 -0.00812185 -0.370576 -0.928095 -1 -0.590878 -0.744009 -1 -1 -0.270562 -0.0436944 -0.278565 -0.891723 -1 -0.0785413 -1 -1 -1 -1 0.730599 -0.939711 -1 -1 -1 -0.89342 -0.339643 -0.845467 -1 -1 -0.624619 -0.894103 -1 -1 -0.536414 -1 -0.739148 -0.791269 -1 -1 0.206525 -1 -1 -0.537931 -1 -0.0576847 -0.627307 0.624297 -1 -0.600455 0.900913 -0.348477 -1 0.410495 0.044459 -0.516352 -0.571928 -1 -0.667134 -0.760984 -0.235053 -1 -0.926575 -1 
-1 -1 1 -1 -0.813798 0.936099 -1 -1 -1 -0.313363 -1 -0.0407744 -0.582669 -1 -1 -0.277843 -1 -1 -1 -0.685154 1 -1 -1 -1 -1 -0.968646 -0.882972 -0.65517 -1 -0.570414 -1 -0.99161 -1 -0.573606 -0.809184 -0.758436 -1 -1 -0.891446 -1 -1 -0.879312 -1 -1 -0.137679 -1 -1 -1 -1 -0.521136 -1 -1 -1 -1 -0.863118 -1 -0.323246 -0.697978 -0.857677 -1 -0.37393 -0.504799 -0.702846 -1 -1 -0.775031 -1 -1 -1 -0.853393 -1 -1 -1 -1 0.487694 0.576202 -0.295403 -1 -1 -0.458624 -0.841274 -1 -1 -0.131969 0.00117409 0.24445 -0.352379 -0.929051 -0.523804 0.0105196 0.784401 -0.498252 -1 -1 -0.908351 -0.202295 -0.84343 0.219059 -0.95372 -1 -1 -1 -1 -0.197397 -1 -1 -0.859886 -1 -0.859628 -1 -0.881227 -1 -1 -1 -0.827628 -1 -0.508811 1 -0.357631 0.565812 -1 -1 -0.947712 -1 -0.640014 -1 -0.145676 0.573175 -1 -1 -0.779871 -1 -0.473764 -1 -1 -1 -0.901786 -0.814335 
-0.212515 -0.35343 -1 -1 -1 -1 0.820062 -0.797848 -0.625393 -1 -0.794901 -0.956261 -1 -1 -0.629458 -1 -1 -1 -0.627925 -1 -0.93922 -1 -0.951664 -0.506929 -0.385861 -0.308276 -1 -1 -1 -0.339322 -1 -1 -1 -0.711658 -1 -1 -1 -1 -0.739988 -1 0.680514 -1 -1 0.218247 -1 -0.405596 0.432584 -0.789193 -1 -1 0.671877 -0.883876 -1 -0.882754 -1 -0.91576 -1 -1 -1 -1 -0.16562 -1 0.39843 -1 -0.453353 -1 -0.723418 -1 -0.97873 -1 -1 -1 -0.518588 0.269693 0.849067 -0.85497 -1 -1 -1 -0.341421 -1 -1 0.117165 -1 -0.855961 -0.230203 -0.868638 -0.00447354 -0.365429 -1 -0.709777 -1 -0.871047 -1 -0.678298 -0.831538 -1 -0.0792523 -1 -1 -1 0.477256 -0.460128 -1 -0.513009 -1 -0.727822 -0.827921 -1 -1 -0.792397 -0.743966 -0.470447 -0.796466 -0.947826 -0.0905849 -1 -0.0655388 -1 -1 -1 -0.959223 -1 0.143109 -1 -1 -0.942896 0.207633 -1 -0.882301 -1 -0.98337 -0.898993 -1 -1 -1 -1 -1 
-1 -1 1 -0.407497 -0.739022 -1 -1 -1 -1 -1 -1 0.0533312 -0.965528 -1 -1 -1 -1 -0.368544 -1 -1 0.221634 0.304723 0.485895 -1 -0.712961 -0.83559 1 0.335389 -0.853609 -1 -0.182928 -0.802759 -0.841861 -0.896826 -0.807234 -1 -1 -0.59745 -1 -0.523111 -1 -1 -0.604495 -1 -1 -0.854882 -1 -0.920897 -1 -1 -0.61177 -1 -1 -1 -0.859684 -0.275902 -1 -1 0.0764374 -1 -1 -1 0.308345 -0.894688 -1 -1 -1 -1 0.497122 -1 -0.109416 0.132718 -0.730006 -1 -0.19808 -1 0.183896 -0.985393 -0.928095 -1 -1 -0.744009 -1 -0.744918 -1 -0.820268 -0.0308443 -1 -0.93562 -0.887593 -1 -1 -1 -0.723632 0.639455 -0.939711 -1 -0.911661 -1 -1 -0.339643 -0.845467 -1 -1 -1 -0.804099 -1 -1 -0.536414 -1 -1 -0.924852 -1 -1 -0.508716 -0.851072 -1 -0.537931 -0.936521 0.135586 -0.627307 0.75244 -1 -0.600455 0.0704669 -0.348477 -1 0.797078 0.044459 -0.569899 -0.571928 -1 -0.667134 -1 -0.357245 -1 -1 -1 
-1 -0.131602 1 -6.83367e-05 -0.792199 -0.809387 -0.607507 -1 -1 -1 -1 0.624275 0.0393164 -0.709633 -1 -0.681742 -1 -1 -1 -1 -0.174587 -1 -1 -0.910706 -1 -1 0.168731 0.76757 -0.248603 -1 -0.36387 -1 -0.615096 -1 -0.82276 -1 -0.432076 -1 -0.322184 -0.953683 -1 -1 0.627623 -0.700948 -1 -0.24697 -0.225718 0.235161 -0.678551 -1 -1 -1 -0.792082 -0.731588 -1 -1 -1 -0.971777 -1 -1 -1 -1 0.831896 -0.389475 -1 -1 -0.65495 -1 -1 -1 0.681534 0.453722 -0.884355 0.200243 -0.358824 -0.850324 -0.512623 -0.714357 -1 -0.977899 -0.407103 0.14372 -1 -0.370608 -0.294016 -1 -0.657985 -1 -1 -1 -1 -1 -1 -1 -0.417889 -0.846705 -0.958123 -1 -1 -0.566164 -1 -1 -1 -0.653545 -0.706379 -0.802132 -0.650537 -1 -0.859619 -0.857262 -1 -0.798633 0.0915919 -0.83638 -1 -1 -1 -0.251526 -0.537855 0.0430288 -1 -0.661036 -0.841318 -0.263658 -1 0.450213 -1 -0.163128 0.00756958 0.211562 -1 -1 -1 -0.425462 -1 -1 -1 -1 
-1 -1 1 0.83928 -1 -1 -1 -0.681247 -1 -0.949709 -1 0.0581508 -0.629246 -1 -0.672758 -1 -1 -0.624947 -1 -1 -0.297683 0.570736 0.106345 -0.943768 -0.712961 -0.83559 1 0.425226 -0.533709 -1 -1 -0.521188 -1 -0.896826 -0.811806 -1 -0.432076 -1 -0.445583 -0.507292 -1 -1 0.398992 -0.867879 -0.940811 -0.419946 -1 -1 -0.360672 -1 -0.61177 -0.709934 -1 -1 -0.859684 -0.275902 -0.407681 -0.642909 -0.678898 -1 -1 -1 -1 -1 -1 -1 -1 -1 0.497122 -1 0.539464 1 -0.688637 -1 0.971845 -1 -0.609577 -0.859586 -1 -0.707176 -0.992958 -0.822254 0.324634 -1 -0.427906 -0.828293 -0.424771 -1 -0.816268 0.26267 -1 -0.711703 -1 -0.66568 -0.554112 -0.939711 -1 -1 -1 -1 -0.0412979 -0.462553 -1 -1 -0.624619 -0.894103 -0.837508 -1 -1 -1 -0.553344 -0.791269 -1 -1 -0.873403 -1 -0.61254 -0.611534 -0.872793 0.124315 -1 0.624297 -1 -0.127087 1 -1 -1 0.410495 -0.280033 -0.432596 -1 -1 -1 -0.760984 -0.235053 -1 -1 -0.82172 
-1 -0.919934 0.086289 -0.461616 -1 -0.960382 -1 -0.289877 -0.415016 -0.894276 -0.482164 0.855649 -0.171539 -0.306164 -0.688561 -0.853692 -1 -1 -1 -1 -0.107618 0.289713 -0.330478 -0.155689 -1 -1 0.59308 -0.0653951 -0.830663 0.10819 -0.729254 -0.998852 -0.887223 -0.979687 -1 -0.0253474 -1 -0.931455 0.0702699 -0.478747 0.109871 -0.668366 -0.676179 -0.432878 -0.417666 -0.074993 -0.127904 -1 -0.792118 -1 0.0906613 -1 -0.00131005 -1 -1 0.625528 -1 -1 -0.979917 -0.619671 -1 -0.760018 -0.130428 -1 -1 -0.937635 -0.721084 -0.351857 -0.740509 -0.766898 0.783365 -0.338035 -0.572245 0.928926 -0.752814 -0.63695 -0.809026 -1 -0.153721 -1 -0.817707 -0.398487 -0.447894 -0.752148 -1 -0.851665 0.363359 -1 -1 0.202994 -0.752736 -1 -0.967259 -1 -0.744756 -1 0.157464 -1 -0.8045 -0.462334 -0.198468 -1 -0.761914 -1 -1 -0.633537 -1 -0.900689 -1 -1 -0.88783 -1 0.392249 -0.776962 0.0864462 -1 -0.585625 -0.279401 -1 0.421719 -1 0.624297 -1 -1 0.416765 0.12671 -1 0.705098 0.000169426 0.150582 -0.361274 -1 -1 -0.78282 -0.0498808 -0.583586 -1 -0.964964 
-1 -1 -1 -0.709484 -0.166178 -1 -1 -0.614756 0.353086 -0.257703 -0.125515 -1 -0.296345 -0.859831 -0.0474297 -0.0690182 -0.350571 0.571811 -0.680531 -0.481905 -1 -0.143498 -0.86971 -0.726478 -1 -0.997271 -1 -0.597591 -1 -1 -0.788165 -0.1207 -0.0311958 -0.788667 -0.699236 0.575053 -1 -0.864582 -0.240977 -0.54828 -0.867736 -0.7966 -0.622903 -1 0.269259 -1 -1 -1 -0.456216 -1 -1 -1 -1 -1 -1 -1 -1 -1 -1 -0.273426 -1 -1 -1 -1 -1 -1 -1 -1 -1 -1 -0.95039 -0.815811 -1 -1 -1 -1 -0.371511 1 -0.679308 0.0439214 -1 -0.503322 -1 -1 -1 -0.941552 -1 -0.0481375 -0.274949 -1 -1 -1 -0.672606 -1 -0.866797 -1 -0.156746 -1 -1 -1 -0.931495 -1 -0.280472 -0.50743 -0.335717 -0.959737 -1 -1 -1 -1 -0.655653 -1 -1 0.742863 -1 -1 -1 0.175395 -1 -1 -1 -0.575019 -1 -1 -1 0.098658 0.810308 -0.723877 0.319827 -1 -0.702529 -0.982782 -1 -1 -1 -1 -1 -1 
0.12677 -1 0.919134 -1 -1 -0.863461 -0.33088 -1 -1 0.80917 -0.599868 -0.835986 -0.818116 0.514131 0.20859 0.620062 0.943304 -1 0.00117621 -0.800433 -1 -1 0.346604 -1 -0.669513 -0.0113124 -1 -0.815338 -0.527802 -0.246546 -0.711414 -1 1 -0.389736 -1 -0.190034 -1 -0.987433 -1 -1 0.5693 -1 -1 0.214505 0.773786 -0.473 0.450636 0.710556 -0.83138 -0.659005 -0.054677 -1 -1 -1 -0.925718 -0.190934 -0.199473 -1 -1 0.923679 -0.930017 -0.530894 -0.81517 -1 0.0220275 0.0703773 -1 -1 -1 -1 -0.618874 -1 -1 -1 -0.701348 -1 -0.50994 -1 -0.144598 -0.927449 -1 -1 0.511925 -1 -0.598615 0.807582 -1 -1 -0.546908 -0.693878 -0.362265 -0.464942 -0.0737915 -1 -0.848852 0.218787 -0.54777 -1 -1 0.464105 -1 -1 -0.702892 -1 -0.822412 -0.825111 -0.607978 0.326961 -0.771239 -0.565915 0.128681 -0.47583 0.366555 -0.869635 0.0724148 -0.628264 -1 -1 -1 0.529034 -1 -1 -0.357247 -1 -1 -0.124454 -1 -0.923075 -1 -1 -1 -0.969108 -1 0.145044 -0.571131 -0.658627 0.390128 -1 
-1 -1 -1 -1 -0.586204 -0.701039 -1 0.165015 -0.579662 -1 -0.551175 -1 -0.450749 -1 -1 -0.0471182 -1 -1 -0.512455 1 -1 -1 0.221752 -0.712335 -1 -0.0996567 -0.593536 -1 -1 0.0299302 -0.723698 -0.624282 -1 -0.642856 -0.447724 0.354965 -0.176965 -0.097048 -1 -1 -0.388705 -0.0319283 0.179263 -0.595056 -0.178373 0.68704 0.41039 0.201801 -0.525011 -0.369289 0.311531 -1 -1 -0.318868 -1 -1 -0.126281 -1 -0.767317 -0.944307 -0.877353 0.521744 -0.970389 -1 -0.105582 -1 -0.809448 -0.768832 -0.948137 -0.718196 -1 -0.387242 -0.959168 -0.261224 -1 -0.184166 -0.0652514 0.620945 -0.793605 -0.763722 -1 0.0651619 -0.112226 -1 -0.559678 0.862659 -1 0.540591 -1 -0.72451 0.103281 -1 -1 -0.310223 -0.78067 -0.77874 -1 -0.904263 -0.859575 1 -0.901129 -0.102521 0.137323 0.146797 -1 -1 -1 -1 -1 -1 -0.594125 -0.573943 -1 0.402693 -1 -1 -0.377279 -0.533425 -0.434654 -0.167028 0.404359 -1 -0.721387 0.0440612 -1 -0.161738 -0.214617 -1 -1 0.164755 -0.728977 0.162835 1 0.0968578 0.210412 0.458862 0.852127 -1 
-1 -1 0.086289 -1 -1 -1 -1 -0.289877 -1 -0.894276 -0.482164 0.151197 -0.171539 -0.432003 -0.398749 -0.735317 -1 -1 -1 -1 -0.206796 0.289713 -0.495541 -0.155689 -0.880571 -1 -0.443435 0.128448 -1 -0.138632 -0.546345 -1 -1 -1 -1 -0.151937 -0.871131 -0.633417 0.0702699 -0.478747 0.109871 -1 -0.676179 -0.845042 -0.53913 -0.074993 -0.095161 -1 -0.658353 -1 -0.342764 -1 -1 -1 -1 0.982649 -1 -1 -1 -1 -1 -0.772435 -0.456989 -1 -1 -0.937635 -0.721084 -0.580958 -0.225681 -0.766898 0.0878499 0.544593 -0.97165 0.774165 -0.752814 -0.553827 -0.633587 -1 -0.5385 -1 -0.820239 -1 -1 -0.752148 -1 -0.851665 -0.661132 -1 -1 -1 -0.747867 -1 -1 -1 -1 -1 -0.689703 -1 -1 -0.462334 -1 -1 -0.761914 -1 -0.659073 -0.83952 -1 -0.7983 -1 -1 -1 -1 0.392249 -1 -0.390113 -0.828755 -0.585625 -0.279401 -0.818691 -0.456886 -1 0.832355 -0.80793 -1 0.345123 0.289043 -0.74001 0.466184 0.000169426 0.93413 -0.361274 -1 -1 -0.78282 -0.0498808 -0.583586 -1 -1 
-1 -0.865912 -1 -0.895295 -0.850123 -0.908848 -1 -1 -0.921024 -1 -1 -1 0.0727397 0.00342155 -1 -1 -1 -0.620343 -0.844524 -1 -0.214586 -0.853489 0.0546668 -0.0123967 -0.763327 -1 0.817144 0.94084 -0.911031 -1 0.207658 -0.849864 -1 -1 -1 -0.528347 -0.432076 0.0947458 -0.453614 -1 -0.500258 -1 0.246818 -1 -0.0607904 -0.732919 -1 -1 -1 -1 -1 -1 -0.449498 -0.628496 -1 -0.536454 -0.74786 -1 -0.529321 -0.37131 -1 -0.54306 0.828246 -0.816755 -1 -0.912899 -0.326819 -1 0.497122 -0.759157 0.208689 -0.2937 -1 -0.781476 -0.698621 -0.502504 -1 0.687034 -1 -1 -1 -1 -1 -0.971032 -0.427906 -0.554097 -0.419363 -1 -1 -0.0579914 -1 -1 -1 -1 0.0986617 -1 -0.903636 -0.9838 -1 -0.628867 0.229723 -1 -0.674507 -0.963487 -0.117047 -0.459936 -1 -0.606172 -1 -1 -0.811301 -0.791269 -1 -0.651225 0.0864462 -1 -0.953406 0.0387259 -1 0.185245 -0.627307 0.819551 -0.0636794 -0.109737 0.996022 0.236666 -1 0.0821986 -1 -0.249753 -1 -0.821012 -0.884283 -1 -1 -1 -1 -1 
-1 -1 -1 -0.56097 0.977614 -0.346957 -1 -1 0.73199 -0.744303 0.41271 -0.906937 -0.350963 -0.772095 0.672418 -0.0690182 -0.666439 0.571811 -1 -0.489852 -1 -0.143498 -1 -1 -0.403776 -0.997271 -1 -0.430225 -1 -1 -1 0.138999 -0.0311958 -0.858662 -0.366336 -0.774273 -1 -1 -0.0442395 -1 -1 -0.958746 -0.549431 -1 0.269259 -0.476497 -1 -1 -0.456216 -0.984171 -1 -1 -1 -1 -0.800824 -1 -1 -0.909432 -1 -0.285467 -1 -0.697642 -0.391797 -1 -0.924438 -0.978447 -1 -1 -1 -1 -1 -1 -0.768887 -1 -1 -1 -1 1 -1 0.0439214 -1 -0.628055 -1 -1 -1 -0.654574 -1 0.496017 -0.274949 -1 -1 -1 -0.328633 -0.968543 -1 -1 -0.156746 -1 -1 -1 -0.835552 -0.940881 -0.280472 -0.50743 -1 -1 -1 -0.634426 -0.521075 -0.825511 -1 -1 -1 0.821042 -1 -0.981113 -1 0.175395 -0.695916 -0.00176159 -1 -0.867134 -1 -1 -0.869755 0.532496 0.441233 -0.65274 0.325313 -1 -0.702529 -1 -1 -1 -0.702351 -0.685696 -1 -1 
-1 -1 1 -0.575091 -1 -0.960382 -1 -0.161133 -0.043203 -1 -1 0.855649 -1 -0.141738 -1 -1 -1 -1 -0.908313 -1 -0.0642328 -0.802698 -0.646717 -0.155689 -1 -1 0.48367 -0.925318 -1 -0.757755 -0.776006 -1 -0.943665 -1 -0.903444 -0.600144 -0.625506 -0.296644 -0.488442 -1 -1 -1 -0.676179 -0.608133 -0.0670174 -1 -0.186438 -1 -0.505412 -0.810131 -1 -0.766592 -1 -1 -1 -1 -1 -0.623847 -1 -0.518484 -1 -0.195266 0.36327 -1 -1 -1 -0.434834 -1 0.498643 -1 0.749887 0.188718 -1 -0.0643283 -1 -1 -1 0.00404924 -0.66182 -0.904333 -1 -0.908531 0.489004 -1 -1 -0.722104 -1 -0.692246 -1 0.476362 -0.650355 -1 -1 -1 -1 -0.996568 0.157464 -1 -1 -0.696779 -0.685741 -1 -0.971256 -1 -0.905886 -1 -1 -0.827833 -1 -1 -0.6929 -0.28259 0.675909 -1 -1 -0.828755 -1 -0.97498 -1 0.792821 -1 0.624297 -1 -0.909545 0.429325 -0.30928 -0.872485 0.155903 0.0137354 -0.275611 -1 -0.699003 -1 -1 -1 -0.583586 -1 -1 
-1 0.270188 0.604203 -0.269044 -1 0.532755 0.816566 -0.197134 0.432482 1 -0.235606 -0.133527 0.135833 -0.281462 -0.495396 -0.918895 -0.370753 -1 -0.137696 -1 0.173716 -0.349249 0.745015 -0.955207 0.0982132 0.999324 -1 0.811398 0.922444 0.515373 1 -0.335519 -0.563635 -0.315623 0.181293 0.605409 -0.0104035 -0.134454 -0.874003 -0.664243 0.847176 0.653738 -0.645654 -0.786467 -0.239088 0.781067 -0.876447 0.991123 1 -0.683935 -0.696081 -0.928659 0.825175 0.934392 -0.467374 -0.226248 -1 0.547586 0.425323 -1 -0.654261 -0.486441 -0.536351 -1 -1 0.560446 0.109636 0.198506 -0.216385 0.26979 -1 -1 -0.601124 0.255474 0.164458 0.33563 -0.457571 -0.675009 -0.843866 -0.764415 -0.0547115 -0.217288 0.896308 -9.66787e-05 -0.466885 0.130501 -0.369922 -0.616147 0.402121 -0.537306 0.794057 0.47914 0.00137484 0.389962 -1 -0.353918 0.215658 -0.631407 -0.935326 -1 0.206601 -1 0.72407 -0.146544 -1 -0.6524 -0.569101 -0.0609092 0.194918 -0.479808 -0.808516 0.185287 -0.727597 -0.944532 0.478904 0.897824 -0.903547 0.0913827 -0.634221 -0.0153758 0.712212 -0.189934 0.176597 1 -1 -0.435709 -0.595198 -0.559212 0.619638 0.654287 0.119912 0.730687 -0.239894 -1 0.119892 0.556111 -0.8565 -0.435229 
-1 -1 -1 -1 0.977614 -0.346957 -1 -0.614756 0.353086 0.0596358 0.41271 -1 -0.141951 -0.859831 -0.0474297 -0.395347 -1 0.571811 -1 -0.489852 -1 -0.143498 -0.871353 -0.726478 -1 -0.997271 -1 -0.430225 -1 -1 -0.788165 0.138999 -0.0311958 -0.858662 -0.699236 -0.34835 -1 -1 -0.155088 -1 -0.965201 -1 -1 -1 0.269259 -0.476497 -1 -1 -1 -1 -1 -1 -1 -1 -0.395854 -1 -1 -1 -1 -0.273426 -1 -0.85802 -0.391797 -1 -1 -0.978447 -1 -0.824656 -1 -1 -0.794239 -0.464896 -1 -1 -1 -1 -1 1 -1 0.0439214 -1 -0.628055 -1 -1 -1 -0.899979 -0.888614 0.496017 -0.274949 -0.976772 -1 -0.913114 -0.899392 -1 -1 -1 -1 -0.864092 -1 -0.835639 -1 -1 -0.280472 -0.50743 0.000199884 -1 -1 -0.578179 -1 -0.247209 -1 -1 -1 0.894185 -1 -1 -1 0.175395 -0.695916 -0.00176159 -0.830061 -1 -1 -1 -1 0.989164 0.441233 -0.65274 0.319827 -1 -0.702529 -1 -1 -1 -0.702351 -1 -1 -1 
0.893162 -0.953256 -1 -0.784705 -0.782073 -0.632546 0.127677 -0.131415 -1 -0.812163 -1 -1 -1 -0.0971515 -0.325586 -0.636853 -0.4491 -0.901261 -0.448729 0.4733 -1 -1 -0.929104 0.473918 -0.766719 -0.458148 -1 -0.898275 -1 -0.907218 -0.366896 -0.389327 -0.800228 -0.825993 -0.716151 -1 -0.253219 -1 -1 0.077503 -1 -1 -1 -1 -1 -1 -0.487157 -0.848296 -0.530412 -0.919832 0.107056 -1 -0.788824 -0.869665 -0.94454 -1 -0.612937 -0.70061 -1 0.205324 -0.596307 -1 -1 -1 -1 -0.91579 -1 -1 -0.652635 -1 -1 0.129523 -0.6617 -0.842177 -0.599341 0.341532 1 -1 -0.894642 0.439015 0.0348936 -1 -1 -1 -1 -1 -0.231508 0.0663087 -0.925515 -1 -0.161822 0.175273 -0.329486 -1 -0.422188 -0.77742 -1 -1 -1 -0.690844 -1 -0.803408 -0.169566 -0.792321 0.14107 -1 -0.499046 -0.176574 0.296885 -1 -1 -0.944431 -0.351034 -1 -1 0.303677 -0.946552 0.280296 -1 -1 -0.675159 -1 -1 -1 -1 0.861367 -1 -1 -0.38458 -0.869404 -0.425141 -0.662385 -0.701005 -1 -1 0.740873 -1 -1 
0.994873 -0.0727531 0.712142 -1 -0.427542 -0.632546 0.953357 -0.131415 -1 -0.273203 0.152914 -0.778781 -1 -1 -0.520483 0.573317 0.0352136 -0.164485 -0.551314 0.0413715 -0.232575 -0.209464 -1 0.654443 -0.442243 0.557301 -0.688466 -0.562268 -1 -0.444992 0.10968 -0.866394 -0.897467 -1 -1 -1 0.487297 -0.290466 -1 0.478432 -1 -0.46188 -0.75079 -0.867929 -0.637069 -0.332393 -0.487157 -0.746795 -0.795361 -0.611623 0.107056 0.416923 0.473763 -1 0.64807 -1 -1 -0.144077 -1 0.812432 -0.599525 1 -1 0.194015 -0.671959 0.0428177 -1 -0.800423 -1 0.255163 -1 -0.204064 -0.700462 -1 0.667333 0.769231 0.668475 0.0778558 -0.189028 0.439015 0.0348936 -1 -0.732112 -0.920351 -0.990493 -0.957656 -1 -0.641114 -0.323875 -1 -1 0.115362 0.121322 0.553759 -0.532894 -1 0.00449979 -0.401415 -1 0.0202542 -1 -0.909972 -1 -0.886969 0.330797 0.644306 -0.509575 0.246214 0.431335 -1 -0.787722 -0.559318 -0.569456 -1 -1 -1 -1 -0.0231245 -0.403922 0.00973308 -0.429592 -1 -0.494485 -1 -0.596263 0.861367 -1 -0.0523019 0.0797865 -1 -0.571232 -0.0415063 -0.759013 -0.788394 0.007781 0.740873 -1 -1 
-1 -0.325176 -1 -0.709484 0.977614 -0.346957 -1 -0.614756 0.136281 0.202982 -0.238856 -1 -0.296345 -1 -0.0474297 -0.0690182 -0.350571 0.571811 -1 -0.489852 -1 -0.143498 -1 -0.807502 -0.852981 -0.879969 -1 -0.49538 -1 -1 -0.788165 -0.435186 -0.903956 -1 -0.699236 -1 -1 -1 0.127363 -0.881491 -0.867736 -1 -0.959032 -1 0.269259 -1 -1 -1 -1 -0.749078 -0.758503 -1 -1 -0.915695 -1 -1 -1 -1 -1 -0.178204 -1 -1 -1 -1 -0.684368 -1 -1 -1 -0.956853 -1 -0.95039 -0.522105 -1 -1 -1 -1 -0.657315 1 -1 -1 -0.450846 -0.650388 -1 -0.95189 -1 -1 -1 -0.0481375 -0.274949 -1 -1 -1 -0.672606 -1 -0.785537 -0.88795 -0.156746 -0.765984 -1 -1 -1 -0.940881 -0.280472 -0.50743 -0.335717 -0.959737 -1 -0.573855 -0.486627 -0.764355 -0.416506 -1 -1 -0.31567 -1 -1 -1 0.175395 -0.859393 0.0814014 -0.984353 -0.575019 -1 -0.908994 -1 0.989164 0.705747 -1 0.319827 -0.910678 -0.58782 -1 -1 -1 -0.984459 -1 -1 -1 
-0.862749 -0.967579 -1 -0.709484 0.977614 -0.346957 -1 -0.455373 0.136281 0.202982 -0.238856 -1 -0.296345 -1 -0.0474297 -0.0690182 -0.350571 -0.0622535 -1 -0.489852 -1 -0.143498 -1 -0.726478 -1 -0.997271 -1 -0.49538 -1 -1 -1 -0.623918 -0.903956 -1 -1 -1 -0.636497 -1 0.127363 -0.881491 -0.867736 -1 -0.617665 -1 0.269259 -1 -0.954669 -1 -1 -0.585694 -0.758503 -1 -1 -0.915695 -1 -1 -1 -1 -0.675556 -0.273426 -1 -1 -0.391797 -1 -0.684368 -1 -1 -1 -0.956853 -1 -0.95039 -1 -1 -1 -1 -1 -0.657315 1 -1 -1 -0.825462 -0.650388 -1 -0.95189 -1 -0.941552 -1 -0.0481375 -0.274949 -1 -1 -1 -0.672606 -1 -0.785537 -1 0.179241 -0.984356 -1 -1 -1 -0.940881 -0.280472 -0.50743 -0.335717 -0.959737 -1 -0.573855 -0.486627 -0.247209 -1 -1 -1 -0.31567 -1 -1 -1 0.3527 -1 -0.00176159 -1 -0.575019 -1 -1 -1 0.989164 0.705747 -0.753494 0.319827 -0.910678 -0.903356 -1 -1 -1 -0.702351 -1 -1 -1 
0.283429 -0.821711 -0.133298 0.207543 -0.265615 0.251201 -1 0.278517 -0.677126 0.200421 0.657974 -1 0.195346 0.069602 -0.904477 0.444605 1 -0.375766 -0.995487 -0.357317 -0.709756 -0.0895959 0.603461 0.845443 -1 -0.176912 -0.994154 -0.804555 -0.184852 0.699501 0.940886 -1 0.690126 -0.667084 -0.4203 -0.820938 -1 0.755299 -0.208604 -0.672119 0.526629 -1 -0.0630116 -0.54758 -0.0763133 -0.916271 0.448075 -0.348487 0.588543 0.45436 -0.0361897 -0.432214 0.935034 -0.306004 -0.387824 -1 -0.730497 0.148939 0.392034 0.28162 0.695728 -0.873661 -0.226078 -1 0.166509 0.880199 -0.80724 -0.746572 -0.605451 -0.957186 -0.490545 -0.91231 0.184583 -0.157022 0.417971 -0.399789 -0.0148336 -0.699603 0.133294 -0.253111 -0.255361 0.545023 0.557472 -0.408954 -1 -0.645588 0.593627 0.0277627 -1 0.880851 0.392604 -0.958378 0.317921 0.603565 0.536089 -0.83731 0.72063 0.334616 0.995895 -0.613452 0.0656021 -0.213953 0.257416 -0.222297 -0.753148 -0.92401 -0.222565 -0.498629 0.0672029 -0.223782 -0.439042 -0.71599 -0.338001 -0.279789 -1 0.0217887 0.504836 -1 -1 -0.712845 0.102678 -0.346447 0.528894 -1 -0.74235 0.0605385 -1 -0.982323 -0.0927228 -0.807637 -0.216067 0.87771 -0.742553 -1 -0.823095 -0.469593 -0.436718 0.374162 
-0.0220004 -1 0.712142 -1 -1 -0.373772 0.953357 -0.298564 -1 -0.059208 0.261307 -1 -1 -1 -0.0546023 0.573317 -0.366103 -0.434577 -0.280407 0.603585 -1 -1 -0.858426 -0.0352274 -0.353451 0.0954771 -1 -1 -1 -1 -1 -0.545532 -0.92144 -1 -0.317213 -1 -0.849525 -1 -1 -1 -1 -1 -1 -1 -1 -0.421964 -1 -1 0.360825 -0.68759 -0.93824 0.723754 0.150773 -0.876317 0.633464 -0.627564 -1 -0.747379 -1 -0.385716 -0.710984 1 -1 -0.85575 -1 -1 -1 -1 -1 -1 -0.981028 -0.693858 0.651826 -0.975985 -0.859399 0.065513 -1 -0.220738 -0.321873 -1 -0.691596 -1 -1 -0.920351 -1 -1 -1 -1 -0.890493 -0.458032 0.325006 0.752357 -0.66267 -0.116177 -1 -0.980495 -1 -0.187627 -1 -0.765124 -1 -1 -1 -1 -1 0.0406783 -0.178172 0.511388 0.506441 -1 -0.66902 -1 -0.877428 -1 -1 -0.0264762 -1 -0.354236 -0.382834 -0.0109185 -0.429592 -1 -1 -0.653352 -1 1 -1 -0.876139 -1 0.0719755 -1 -0.79792 -0.759013 -1 -1 -1 -1 -1 
-1 -1 1 -1 -0.935394 0.0948762 -1 -1 -1 -1 -1 -0.961801 -1 -1 -1 -0.779023 -0.845209 -1 -1 -1 -1 -1 -0.875253 -1 -1 -1 -0.882972 -0.801191 -0.794476 -1 -1 -1 -1 -1 -1 -0.758436 -1 -0.905119 -0.981462 -1 -1 -1 -1 -1 -0.137679 -0.952252 -1 -1 -1 -0.521136 -0.732131 -0.292693 -1 -1 -0.932259 -1 -0.419458 -1 -1 -1 -1 -1 -1 -0.2687 -0.739581 -0.879438 -1 -1 -1 -1 -1 -1 -1 -1 -0.208554 -0.0955714 -0.963527 -1 -1 -0.304046 -1 -1 -1 -0.131969 -1 -1 -1 -1 -0.319242 -0.452317 1 -0.940778 -1 -0.684234 -1 -1 -0.690207 -1 -1 -1 -0.604942 -1 -0.631646 0.17416 -0.777148 -1 -1 -0.668016 -1 -1 -1 -0.935112 -1 -1 -0.874774 -1 -1 1 -0.489386 0.565812 -0.591461 -0.928946 -0.557762 -0.833855 -0.862345 -1 -0.683957 0.789105 -0.700383 -1 -0.770152 -0.81867 -0.255862 -0.771757 -1 -0.898693 -0.907039 -1 
-0.789486 -0.648752 -0.971048 -0.280166 -0.484418 -1 -0.466492 -0.283824 0.22059 1 0.348254 0.228663 -0.388799 1 -0.112468 0.928022 -0.625822 -0.648185 0.0345426 -1 -0.750534 -0.902346 0.239456 0.453224 0.0131247 0.651207 0.176522 -0.69298 -1 0.966393 -1 -0.937936 0.10782 -0.840687 0.0402719 0.804885 0.00862932 -0.06432 0.429773 0.940695 -1 0.969729 -1 0.21057 -0.941892 -0.893008 -0.27839 0.385924 -0.155453 -1 0.209008 -0.736536 -0.292664 -0.128819 0.00441062 -1 -1 -0.471804 -0.376521 0.908384 -0.82269 0.062137 0.315877 -0.592954 -1 0.718902 0.415341 1 0.617322 -0.543401 -1 -0.690365 -0.169476 0.998661 -0.148999 0.954978 -0.268362 -0.820065 -0.75069 -1 -1 -0.247415 -0.860382 -1 0.465742 0.13604 -0.366084 0.280052 -0.177932 0.220483 0.248327 0.749725 -0.363842 -0.863541 -0.683728 -1 -1 0.0497931 0.0462754 0.166565 0.704481 0.283021 -0.220689 0.00864327 0.874451 0.489437 -1 -0.560964 0.353723 -0.816992 -0.781271 -0.638338 -1 -0.612908 -0.928089 0.238607 0.391968 0.182628 -0.593467 0.170438 -1 0.106131 0.286666 -0.669731 -0.480507 -0.00213599 0.463908 0.778416 -1 0.787267 0.0825493 -1 -0.557515 -0.160024 -0.625723 0.91647 0.725954 -0.740896 
-0.837658 -1 1 -1 -0.813798 0.936099 -1 -1 -1 -0.313363 -1 0.131247 -0.582669 -1 -1 -0.277843 -1 -1 -1 -0.685154 1 -1 -1 -0.637754 -1 -0.968646 -0.882972 -1 -1 -0.570414 -1 -0.99161 -1 -0.573606 -0.851117 -0.825137 -1 -1 -0.891446 -1 -1 -0.879312 -1 -1 -0.642924 -1 -1 -0.725695 -0.959614 -0.85962 -1 -1 -1 -1 -0.863118 -1 -0.323246 -0.697978 -0.838537 -1 -0.37393 -0.504799 -1 -1 -1 -0.81889 -1 -1 -1 -0.853393 -1 -1 -1 -1 0.487694 0.576202 -1 -1 -1 -0.458624 -0.841274 -1 -1 -0.35835 0.00117409 0.24445 -0.352379 -0.929051 -0.523804 0.0105196 0.784401 -0.498252 -1 -1 -0.908351 -1 -1 -0.872474 -0.95372 -1 -0.607937 -0.757507 -1 -0.691063 -1 -1 -1 -1 -0.980849 -1 -0.881227 -1 -1 -1 -1 -1 -0.508811 1 -0.357631 0.565812 -1 -1 -0.947712 -1 -0.640014 -1 -0.145676 0.555871 -1 -1 -0.779871 -1 -0.473764 -1 -1 -1 -0.901786 -0.814335 
-1 -1 -1 -0.448014 -0.0203163 -0.275869 -0.134875 -1 -1 -1 -1 -0.907764 -0.0483505 -1 -1 -1 -1 -0.995025 -0.962833 -1 -0.82719 -0.730421 -1 -1 -1 -0.736035 -1 -1 -0.6619 0.0844085 -1 -1 0.414811 -0.853971 -0.398575 -1 -1 -0.621897 0.379658 -1 -1 0.137432 -1 -1 0.50932 -1 -1 -0.815933 -0.915697 -0.676533 -1 -1 -0.839001 -0.182065 -0.416394 -0.817023 -0.998875 -1 -1 -1 -1 -0.253275 -1 -1 -0.75816 -1 -1 -1 -1 -0.959944 -0.147908 -1 -0.603597 -1 -1 -1 -0.611323 0.456936 -1 -0.936135 -1 -0.0106257 -1 -1 -0.688266 0.52672 -0.704854 -1 -1 -0.231472 -1 -1 0.0628324 -1 -1 -0.83595 -0.872475 -1 -1 -1 -1 -1 -0.37847 -1 -1 -1 -1 -0.992129 -0.918205 0.179998 -1 -0.489176 -0.26644 0.275862 -1 -1 -0.704687 -1 -0.718591 -0.107605 -0.952798 -1 -0.871738 -0.411258 -1 0.927016 -1 -1 -0.710367 -0.583601 -1 -0.996131 -1 -0.656058 -0.888704 0.362568 -1 -0.833252 
0.701828 -0.308768 -0.550354 -0.849755 -0.513844 -0.203304 -0.949717 0.422716 -1 -0.746066 0.107248 -0.639346 -0.0142213 -1 -0.156169 -0.635706 -0.94606 0.940683 -1 -0.457498 -1 -1 0.680259 -1 -0.516779 -0.993901 -0.626251 -0.195493 -1 -1 0.0631202 -1 -0.640624 -1 -0.741196 0.0395418 -0.0129703 -1 -0.840309 -1 0.865611 -0.886927 -1 -0.607983 -0.564213 -0.419919 0.103916 -0.336714 -0.242687 -0.334731 -0.923183 0.612047 -0.463823 -0.497976 -1 -1 -0.0841781 0.138707 -0.837005 0.356105 -0.754001 -0.0987745 -1 -1 -1 -1 -0.115787 -1 0.106306 -1 -0.627519 -0.197625 0.721901 -0.737696 -0.969359 0.101836 -0.484373 -0.716427 -0.0237693 -1 0.0622309 -1 0.842358 -1 -0.212734 -0.169152 0.473368 -0.112965 -1 -0.871296 -0.994214 -1 -1 0.835067 -0.919445 -0.433925 -0.612436 -0.0791532 0.549469 -1 -0.960273 -0.589669 -0.0570695 0.390769 -1 -1 -0.244777 -1 0.521581 -1 0.924421 0.676163 0.41096 -1 -1 -0.597432 -0.681376 0.99617 -0.30772 -1 0.0611959 -1 0.8414 -0.30937 0.0251448 0.336767 -0.924623 -1 0.775697 -0.248268 -1 -1 -1 -0.162917 -1 0.355729 -0.125347 -0.786702 
-1 -1 1 -1 -1 0.936099 -1 -1 -1 -0.313363 -1 0.131247 -0.952498 -1 -1 -0.277843 -0.688065 -1 -1 -0.685154 0.825043 -1 -1 -0.637754 -0.642627 -0.968646 -0.882972 -0.65517 -1 -0.949514 -0.0572325 -1 -0.954394 -0.573606 -1 -0.758436 -1 -1 -0.891446 -1 -1 -1 -1 -1 -0.137679 -0.547166 -0.909969 -1 -1 -0.521136 -1 -1 -1 -1 -1 -1 -0.300895 -0.697978 -1 -1 -0.37393 -0.7452 -1 -1 -1 -0.81889 -1 -1 -1 -0.853393 -0.912593 -1 -1 -1 0.653561 0.502781 0.0385188 -1 -1 -0.458624 -0.841274 -1 -1 -0.131969 -0.38484 0.612332 -0.799229 -0.929051 -0.523804 0.0105196 0.760378 -0.0704647 -1 -1 -0.908351 -0.202295 -0.272765 0.110195 -1 -1 -0.604942 -1 -1 -0.197397 -1 -0.824229 -1 -1 -0.272832 -1 -0.774097 -1 -0.672513 -1 -1 -1 -0.480144 1 -0.357631 0.565812 -1 -1 -0.947712 -1 0.0215898 -0.739308 -0.145676 0.252856 -1 -1 -1 -1 -0.406616 -1 -1 -1 -1 -1 
-0.877741 -1 0.086289 -0.891338 -1 -0.960382 -1 -0.674656 -0.415016 -0.66804 -0.967057 0.848372 -0.171539 -0.490469 -0.688561 -1 -1 -1 -1 -1 -0.0108832 0.289713 -1 -0.155689 -1 -1 0.253902 0.128448 -0.830663 0.10819 -0.729254 -1 -1 -1 -1 -0.0253474 -1 -0.931455 0.0702699 -0.478747 0.109871 -1 -0.818349 -0.432878 -0.0568825 -0.074993 -0.257721 -0.94199 -0.271798 -1 -0.504405 -1 -1 -1 -1 0.754323 -1 -0.815241 -0.979917 -0.252629 -0.855354 -1 -0.954903 -1 -1 -1 -0.721084 -0.721174 -0.225681 -0.701476 -0.314902 0.142712 -1 0.538184 -1 -0.896369 -1 -1 -0.287062 -0.670511 -0.807647 -0.910263 -0.447894 -1 -0.87653 -0.851665 -0.692477 -1 -1 0.202994 -0.752736 -1 -0.967259 -1 -1 -1 0.157464 -1 -1 -0.462334 -0.20781 -1 -0.817058 -1 -1 -1 -1 -1 -1 -1 -0.716214 -0.89896 0.113784 -0.776962 -0.354182 -0.828755 -0.632406 -0.039298 -1 0.274196 -1 0.648222 -0.977439 -0.85328 0.996022 -0.110314 -1 0.705098 0.000169426 0.349779 -0.361274 -1 -1 -0.78282 -1 -1 -1 -0.964964 
0.814931 0.332451 -0.601874 0.986908 0.786445 0.981473 -0.674803 1 -0.110856 -0.818978 -0.952703 -0.16169 -0.744449 0.00660563 0.194481 -0.991929 -0.224893 -0.525215 -0.930469 0.579271 -0.357775 -0.60883 -0.590342 -0.197032 0.23798 -0.472216 0.249775 0.575693 0.15272 0.919881 -0.0555078 -0.702855 0.322387 -0.733804 -0.265473 0.564722 0.858512 0.047417 -0.622923 -0.187376 0.0131701 -0.435451 -1 0.323338 0.0868216 0.250579 0.292463 -0.816164 -0.668501 -0.133474 0.213158 0.417528 -0.484719 -0.732251 -0.701064 0.813169 -0.78159 -0.436406 -0.890205 0.159412 -0.944185 -0.960095 0.459631 0.757699 0.611403 -0.68039 -0.343889 -0.734497 -0.443755 0.747132 -0.442952 0.161504 -0.299601 -0.539936 0.43397 -0.910166 0.957102 -0.81553 0.494135 -0.149119 0.723553 -0.591002 -0.0485904 0.874512 -0.749725 -0.608124 -0.727517 -0.912621 -0.502375 -0.528847 -0.101694 -0.764803 -0.50373 0.800111 -0.948882 -0.579853 -0.616631 -0.720082 0.668987 0.300491 -0.135924 -0.516695 -0.389387 -1 -0.569184 0.680075 0.0705345 0.527944 -0.737436 -0.210568 -0.534089 0.977027 -0.26995 0.257805 -0.799865 -0.507981 0.0327356 -0.795183 0.577783 0.533961 -0.502073 -0.0693141 -0.199123 -0.593655 -0.0948762 0.59396 0.329573 0.859954 0.0596075 0.123776 0.74445 0.754192 -0.154977 0.0330613 -0.569175 -0.616155 -0.844748 -0.0959527 
-0.436099 -1 -0.775646 0.716212 0.858093 -1 -0.951293 -1 -1 -0.69975 -1 -0.614564 0.79097 0.438791 -0.722776 0.274904 -0.691887 -0.287347 0.211353 -1 0.0833907 -0.822355 0.46956 -1 -1 0.12367 -1 -0.618816 -0.641787 -0.550756 -1 -0.210497 -1 -0.259568 -0.534759 -1 -0.951978 -1 -1 -0.587305 0.981739 -1 -1 0.216543 -0.1097 -1 -1 -0.385153 -0.803312 -0.865896 -0.758236 -0.413978 -1 -0.857798 -1 0.375693 -1 0.198931 -0.537998 -0.440746 -0.346412 0.539503 -0.360473 0.75439 -0.724724 -0.470972 -0.360682 -0.571431 0.916137 0.142837 -1 -1 -0.911675 -0.421406 -0.390537 1 -1 1 -1 -1 -1 1 0.93265 -1 -1 0.621233 -1 0.492713 -1 -1 -0.615356 0.427242 -1 -0.970696 -1 0.768604 0.051984 -1 -1 0.371747 -0.993433 -0.938991 -0.404296 -1 0.513246 -1 -0.819716 -1 -0.210644 -0.565508 -0.515042 -1 -1 -0.687104 -0.364196 -0.060995 -1 -0.0805494 -0.349306 -0.916779 -1 -1 -0.948849 0.604892 -0.813507 0.111227 -0.595178 -0.558503 -0.0794415 0.952267 -0.758157 -1 0.660173 0.205019 -0.905654 -1 -1 -0.733671 
-1 -1 -0.642543 -0.460881 -1 -0.960382 -1 -0.289877 -0.416162 -1 -0.482164 0.507655 0.0114604 -0.620732 -0.493269 -1 -1 -1 -1 -1 -0.383525 0.289713 -0.751688 0.223678 -1 -0.988979 0.469989 0.173713 -1 0.10819 -0.729254 -1 -1 -0.811676 -1 -0.696567 -1 -1 -0.760913 -0.687769 -0.18343 -0.128931 -0.283951 -0.790405 -0.915757 -0.074993 -0.257721 -1 -0.271798 -0.712885 0.0906613 -1 -0.00131005 -0.881036 -1 0.201359 -1 -1 -1 -0.208699 -1 0.00406125 -0.242541 -1 -1 -0.581064 -1 -0.82845 -1 -0.766898 0.365853 0.383328 -0.926504 0.68858 -0.87252 -0.181907 -0.809026 -0.670939 -0.411005 -1 -1 -0.809062 -0.864112 -1 -1 -0.945017 -0.0859097 -0.706478 -1 0.202994 -1 -0.86088 -0.985126 -0.936401 -0.498856 -1 0.175045 -1 -0.973305 -0.654497 -0.613636 -0.642685 -1 -1 -0.995487 -0.526372 -0.743032 -0.819307 -1 -1 -1 -1 -0.243911 -0.423971 0.0369253 -0.568649 -0.585625 -0.279401 -1 0.421719 -0.959407 0.420405 -1 -1 0.181603 0.0236384 -0.812345 0.135465 0.000169426 -0.409392 -0.3891 -1 -1 -0.78282 -0.0498808 -0.838699 -1 -0.964964 
-1 -1 -1 -1 -0.810486 -1 -1 -0.289877 -0.858428 -1 -0.349956 0.507655 -1 -1 -1 -1 -1 -1 -0.641044 -1 -0.383525 -1 -1 0.261583 -1 -0.988979 -1 -0.336636 -1 -0.0165136 -0.729254 -0.591514 -1 -1 -1 -0.238966 -0.691404 -1 -0.310721 -1 -0.18343 -0.9193 -0.395929 -1 -1 -0.566418 -0.637618 -1 -0.289326 -1 0.0906613 -0.462564 -0.524872 -1 -1 -0.633642 -0.812241 -1 -1 -1 -1 -0.859318 0.0905266 -1 -1 -0.667492 -1 -1 -1 -1 0.365853 -1 -0.829036 -0.0575591 -0.87252 -0.522285 -1 -0.670939 -0.153721 -1 -0.76019 -1 -1 -1 -1 -1 -0.671789 -0.897536 -1 -0.21031 -0.752736 -1 -0.952757 -1 -1 -0.801211 0.0457132 -1 -0.973305 -0.462334 -0.613636 -0.642685 -1 -1 -0.919381 -0.179659 -1 -0.819307 -1 -0.875978 -1 -1 -0.786151 -0.308551 -1 -0.568649 -0.333481 -0.279401 -1 0.421719 -1 0.420405 -1 -1 -0.306797 0.0236384 -0.757611 0.135465 -1 0.313616 -1 -0.977 -1 -1 -0.420908 -1 -1 -1 
-1 -1 0.086289 -1 -1 -1 -0.943168 -0.674656 -1 -0.894276 -0.482164 0.855649 -0.171539 -0.205059 -0.688561 -1 -0.780082 -1 -1 -1 -1 0.289713 -1 -0.774893 -1 -1 0.356855 -0.450874 -1 0.10819 -0.686905 -0.683955 -1 -0.944708 -1 -0.925896 -1 -1 0.201756 -0.211428 -1 0.254174 -0.798488 -0.67899 -1 -0.35002 -0.880007 -1 -1 -1 -0.845958 -0.579945 0.0336956 -1 -1 0.982649 -0.919187 -1 -1 -0.653749 -1 -0.537165 -0.47158 -1 -0.958326 -1 -0.378278 -1 -0.225681 -1 0.783365 -0.834385 -0.921814 1 -0.958811 -0.553827 -0.607278 -0.670939 -0.226574 -1 -1 -1 -1 -1 -0.808506 -1 -1 -1 -1 -1 -0.480832 -1 -1 -1 -0.441744 -0.896805 0.531418 -1 -0.824264 -0.462334 -1 -0.783506 -0.761914 -1 -1 -1 -1 -1 -1 -1 -1 -1 0.440856 -0.776962 0.264937 -0.828755 -1 -0.279401 -1 0.299004 -1 0.791768 -0.977439 -1 0.996022 -0.244087 -1 0.712474 -0.184078 -0.370022 -1 -1 -1 -1 -1 -1 -1 -0.964964 
-1 -1 1 -1 -1 0.936099 -1 -1 -1 -0.313363 -1 0.131247 -0.952498 -1 -1 -0.277843 -0.688065 -1 -1 -0.685154 0.825043 -1 -1 -0.637754 -0.642627 -0.968646 -0.882972 -0.65517 -1 -0.949514 -0.0572325 -1 -0.954394 -0.573606 -1 -0.758436 -1 -1 -0.891446 -1 -1 -1 -1 -1 -0.137679 -0.547166 -0.909969 -1 -1 -0.521136 -1 -1 -1 -1 -1 -1 -0.300895 -0.697978 -1 -1 -0.37393 -0.7452 -1 -1 -1 -0.81889 -1 -1 -1 -0.853393 -0.912593 -1 -1 -1 0.653561 0.502781 0.0385188 -1 -1 -0.458624 -0.841274 -1 -1 -0.131969 -0.38484 0.612332 -0.799229 -0.929051 -0.523804 0.0105196 0.760378 -0.0704647 -1 -1 -0.908351 -0.202295 -0.272765 0.110195 -1 -1 -0.604942 -1 -1 -0.197397 -1 -0.824229 -1 -1 -0.272832 -1 -0.774097 -1 -0.672513 -1 -1 -1 -0.480144 1 -0.357631 0.565812 -1 -1 -0.947712 -1 0.0215898 -0.739308 -0.145676 0.252856 -1 -1 -1 -1 -0.406616 -1 -1 -1 -1 -1 
-1 -1 1 -1 -1 0.936099 -1 -1 -1 0.0743893 -1 -0.271656 -0.952498 -1 -1 -1 -0.688065 -1 -1 -0.685154 0.825043 -1 -1 -0.637754 -0.642627 -0.638429 -0.882972 -0.65517 -1 -0.796783 0.16878 -1 -0.954394 -0.573606 -1 -0.758436 -1 -1 -0.891446 -1 -1 -1 -1 -1 0.114189 -0.547166 -1 -1 -1 -1 -1 -1 -1 -1 -1 -1 -0.300895 -0.50256 -1 -1 -0.37393 -0.7452 -0.817189 -1 -0.66512 -0.81889 -1 -1 -1 -0.853393 -1 -1 -1 -1 0.233204 0.502781 -1 -0.657897 -1 -1 -0.841274 -1 -1 -0.131969 -1 0.612332 -1 -1 -0.523804 0.0105196 0.672355 -1 -1 -1 -1 -0.202295 0.0780095 0.110195 -1 -1 -0.604942 -1 -1 -0.197397 -0.68529 -1 -1 -1 -0.272832 -1 -0.774097 -1 -0.672513 -1 -1 -1 -0.329257 1 -0.357631 -0.501757 -1 -1 -0.947712 -1 -0.628878 -0.739308 -0.589254 0.252856 -0.868234 -1 -1 -1 -0.406616 -1 -1 -1 -1 -1 
-1 -1 -0.293835 -0.551548 -1 -1 -1 -0.967403 -0.353007 -1 -1 -0.770396 -0.122607 -0.844927 -0.688561 -1 -1 -0.651975 -0.398633 -0.859931 -1 -0.758206 -0.495541 -0.78894 -1 -1 0.187929 -0.491074 -1 -0.383191 -1 -1 -0.773203 -1 -1 -0.0253474 -1 -1 -0.572401 -1 -0.5266 -0.668366 -0.825215 -1 -1 -1 -1 -1 -0.0388052 -1 -0.792423 -1 0.0406483 0.175706 -0.702616 0.373608 -1 -1 -1 -1 -1 -1 -1 -1 -1 -0.670398 -0.832428 -0.54154 -0.57532 -1 0.156925 0.336541 -0.422256 0.0259732 -0.704772 -1 -1 -0.818459 -0.153721 -1 -1 -0.520861 -1 -0.674935 -0.631457 -0.851665 0.222587 -1 -1 -0.792112 -0.641135 -1 -0.638093 -1 -1 -1 -1 -0.879368 -1 -0.715658 -0.752595 -1 -1 -1 -1 -1 -1 -1 -1 -1 -0.269418 -0.938566 0.392249 -1 0.0864462 -0.828755 -0.41973 -1 -0.615282 0.274196 -1 0.915774 -1 -1 0.996022 0.0125197 -0.750364 0.300552 -0.158036 -0.178439 -0.361274 -1 -0.681911 -0.78282 -1 -0.583586 -1 -1 
-1 -1 0.086289 -0.460881 -0.859203 -1 -0.828315 -0.0259848 -1 -1 -0.830708 0.912686 -0.959394 -1 -1 -1 -1 -1 -1 -1 -0.107618 0.659333 -0.938294 -0.155689 -1 -1 -0.540379 -1 -0.782434 0.10819 -0.729254 -1 -1 -0.844297 -1 -0.461583 -1 -1 0.0702699 -1 0.189845 -0.581266 -0.742554 -0.943447 -0.417666 -1 -0.209021 -1 -0.271798 -1 -0.14088 -1 0.0556003 -1 -1 0.0509306 -1 -1 -0.979917 -0.726611 -1 -0.310534 -1 -0.78899 -1 -0.937635 -1 -0.351857 -0.225681 -0.766898 0.783365 0.544593 -0.572245 0.686785 -0.938001 -0.181907 -0.809026 -0.889093 -0.153721 -1 -1 -1 -0.447894 -0.865057 -1 -1 0.0208781 -0.767008 -1 0.1425 -0.752736 -1 -0.916343 -1 -0.711451 -1 0.157464 -1 -0.8045 -0.0662168 0.0862122 -0.856439 -0.761914 -1 -1 -1 -1 -1 -1 -1 -0.906694 -0.89896 -0.243911 -1 -0.458496 -0.449463 -1 -0.279401 -1 0.421719 -1 0.10136 -1 -1 0.996022 -0.820073 -0.826445 -0.274695 0.000169426 -0.0249096 -1 -1 -0.856255 -0.78282 0.124194 -0.567771 -1 -0.964964 
0.994873 -0.522114 -0.262857 -1 -1 -0.728413 0.46228 0.244566 -1 -1 -0.039605 -0.778781 -1 -0.315007 -0.532825 -0.211085 -0.0736674 0.226971 -0.448729 -0.407422 -0.762562 -0.644435 -0.967941 0.4546 -0.733502 0.557301 -1 -0.658451 -0.268125 -0.316048 -0.0820523 -0.866394 -0.92144 -1 -0.542676 -1 -0.454556 -1 -1 0.352013 -1 -1 -0.746731 -0.704581 -1 -0.65659 -1 -1 -1 -0.538149 0.107056 -1 -0.661479 -1 0.64807 -0.645986 -0.663986 -1 -0.691887 1 -1 0.71424 -1 -0.188854 -1 0.0428177 -1 -0.634162 -1 -0.339466 -0.863521 -0.00684795 -1 -1 0.667333 1 1 -0.495766 -0.189028 0.713204 -0.377552 -1 -1 -0.920351 -1 -0.603506 -1 -0.818001 -0.323875 -0.64141 0.325006 0.320875 -1 -0.195927 -0.300231 -0.894813 -0.645024 -1 -0.707003 0.0202542 -1 -1 -0.4924 -0.886969 -1 0.767456 -1 0.495072 0.01522 -1 -0.787722 -0.462444 -0.698606 -1 -1 -0.144905 -1 -0.0231245 -1 0.00973308 -0.429592 -1 -0.446274 -1 -1 0.324884 -0.822925 0.0984315 0.148832 -0.707281 -1 -0.0415063 -1 -1 0.007781 -0.8907 -1 -0.912325 
-1 -1 0.00702927 -1 -1 -1 -1 -1 -0.959047 -0.894276 -0.482164 0.151197 -0.171539 0.114193 -0.904411 -1 -1 -1 -0.802456 -1 -0.206796 -0.0690399 -0.495541 -0.155689 -1 -1 0.248803 0.128448 -1 -0.691557 -1 -1 -0.632163 -1 -1 -0.151937 -0.871131 -0.274831 0.16989 -0.478747 -1 -0.452127 -1 -0.222981 -0.53913 -0.167137 -0.342849 -1 -1 -1 -0.225791 -1 -0.00131005 -1 -1 0.982649 -1 -1 -1 -1 -1 -0.195266 -0.723356 -0.912376 -1 -0.937635 -0.721084 -1 -0.292023 -0.766898 -0.488041 0.369097 -1 0.928926 -1 -0.553827 -0.815085 -0.670939 -1 -1 -1 -1 -1 -0.752148 -1 -0.851665 -0.661132 -1 -1 -0.673935 -0.747867 -1 -1 -1 -1 -1 -1 -1 -1 -0.462334 -1 -0.939037 -1 -1 -0.772098 -0.367485 -0.615791 -1 -1 -1 -0.88783 -1 0.392249 -0.776962 0.119859 -1 -0.922553 -0.340291 -0.889831 -0.4712 -1 0.832355 -0.803141 -1 0.353967 0.289043 -0.74001 0.763456 -1 0.660046 -0.361274 -0.978148 -1 -0.78282 -0.0693035 -0.583586 -1 -1 
-1 -1 1 -0.143836 -1 -1 -1 -0.681247 -1 -0.949709 -1 -0.643205 -0.629246 -1 -1 -1 -1 -0.624947 -1 -1 -0.297683 0.570736 0.106345 -1 -1 -1 1 0.425226 -0.778443 -0.682337 -1 -0.521188 -0.678084 -0.896826 -1 -1 -0.432076 -0.815692 -0.104909 -0.393449 -1 -1 0.398992 -0.867879 -0.940811 -0.081375 -1 -0.874789 -0.360672 -1 -0.61177 -0.709934 -1 -1 -1 -0.275902 -1 -1 -1 -1 -1 -1 -1 -0.0460835 -1 -0.993642 -1 -1 0.174319 -1 -0.019325 1 -1 -1 0.759114 -0.652035 -0.609577 -0.859586 -1 -0.707176 -0.992958 -0.822254 0.324634 -1 -1 -0.828293 -0.424771 -1 -0.816268 -0.0785413 -1 -0.943265 -1 -0.66568 -0.601593 -0.939711 -1 -1 -1 -1 -0.0412979 -0.723681 -1 -1 -0.452384 -0.894103 -0.837508 -1 -1 -1 -0.553344 -0.791269 -1 -1 -0.873403 -0.804366 -0.61254 -0.611534 -0.872793 0.124315 -1 0.624297 -1 -0.127087 1 -1 -1 -0.297274 -0.280033 -0.432596 -1 -0.618741 -0.335086 -0.771956 -0.235053 -1 -0.924687 -1 
-0.952946 -1 -0.495967 -1 -1 -1 -0.33088 -1 -1 0.80917 -1 -0.835986 -0.989155 0.102999 0.511055 -0.182625 0.359204 -0.996241 0.00117621 -0.800433 -1 -1 0.346604 -0.775111 -0.679193 -0.0113124 -1 -1 -0.42749 -0.246546 -0.839928 -1 1 -0.389736 -0.822006 -0.260564 -0.659576 -1 -1 -1 0.607406 -1 -1 0.0909653 0.533432 -0.672818 0.684167 0.710556 -0.83138 -0.346848 -0.054677 -1 -1 -1 -1 -1 -0.954806 -1 -1 0.837192 -0.930017 -0.530894 -1 -1 0.204499 0.0704326 -0.966865 -1 -1 -1 -1 -1 -0.964847 -1 -1 -0.721738 -0.48505 -1 -0.982384 -0.927449 -1 -1 0.631643 -1 -0.598615 0.983112 -1 -1 -1 -0.693878 -0.300743 -0.394429 -0.0737915 -0.774244 -0.60244 0.218787 -0.54777 -1 -1 -0.803596 -1 -1 -1 -0.930326 -1 -1 -0.607978 -0.534157 -0.976102 -1 0.128681 -0.47583 0.613826 -1 -0.547581 -0.726817 -1 -1 -0.946608 0.245411 -1 -1 -0.327645 -1 -1 -1 -1 -0.871859 -1 -1 -1 -1 -0.677745 0.374532 -0.612196 -0.658627 0.128251 -1 
-1 -1 0.086289 -0.460881 -1 -0.960382 -1 -0.868173 -0.415016 -0.679555 -0.328317 1 -0.228248 -0.00651233 -0.688561 -1 -1 -1 -1 -1 -0.107618 0.289713 -1 -0.155689 -1 -1 0.469989 0.128448 -0.826438 -0.774819 -0.729254 -1 -1 -1 -1 -0.588082 -1 -1 0.0702699 -0.906509 -0.351504 -0.867323 -0.676179 -0.432878 -0.719922 -0.629204 -0.36243 -1 -0.271798 -1 0.119658 -1 -0.00131005 -1 -1 0.629442 -1 -1 -0.979917 -0.252629 -0.620306 -0.395816 -0.130428 -1 -1 -0.937635 -0.942256 -0.351857 -0.225681 -0.766898 0.783365 0.544593 -0.572245 0.928926 -0.914031 -0.767627 -0.809026 -0.670939 0.0452164 -1 -1 -1 -0.447894 -0.865057 -0.942461 -1 0.363359 -1 -1 0.487934 -1 -1 -1 -0.936401 -0.711451 -1 0.157464 -1 -0.8045 -0.71715 -0.20781 -1 -0.761914 -1 -1 -0.526372 -1 -1 -1 -0.876491 -0.764458 -0.89896 -0.932745 -0.776962 -0.295522 -0.828755 -0.585625 -0.279401 -1 0.421719 -1 0.624297 -1 -1 0.996022 -0.404933 -1 0.705098 0.000169426 0.616466 -0.254779 -1 -0.587379 -0.78282 -0.0498808 -0.583586 -1 -0.964964 
-0.732813 0.469375 -0.487527 0.448949 0.853881 0.605856 -0.196524 0.0314661 -0.351479 0.916505 0.478079 -0.0666505 0.756731 0.333025 0.216513 -0.273507 -0.214439 -0.39626 0.714205 -0.495636 0.164875 -0.901528 -0.555951 0.575493 -0.407533 0.879044 0.919941 0.86867 -0.448368 -0.0999834 -0.324982 -0.430051 0.704984 0.425579 -0.246975 0.000794649 -0.288499 0.595845 0.602661 -0.469761 -0.183686 -0.557689 -0.822812 -0.890293 0.543628 0.687054 0.154194 0.498175 -0.800819 -0.670774 0.184307 -0.927879 0.0763574 -0.0684387 0.225073 -0.624853 0.109862 0.387252 -0.487495 -0.158491 -0.278865 -0.405267 0.726042 -0.491038 0.760306 0.509803 -0.706916 -0.57181 -0.267397 -0.0154747 0.729352 -0.566764 0.912691 -0.183149 -0.887959 0.255791 0.508261 0.279079 0.851139 -0.675382 0.314895 -0.692975 0.275241 -0.847978 -0.185867 -0.3908 0.417509 0.407053 0.389282 -0.0207658 -0.544157 0.244527 0.216327 -0.839364 0.598328 0.578481 -0.206517 -0.0253256 -0.312121 0.0651519 -0.849626 0.819993 0.844071 -0.975054 0.944717 -0.49319 0.935647 -0.859737 -0.808949 -0.276648 0.151504 0.0846119 0.639953 0.616987 0.55531 -0.643994 0.487698 0.417151 0.537884 -0.281001 -0.680969 -0.0829213 0.437634 0.345558 -0.692818 -0.462882 0.565442 0.904783 -0.825895 0.183559 0.825278 0.605367 -0.789396 0.234617 0.767069 0.237106 0.851961 -0.0634338 
-1 0.0185039 -0.35181 -0.895295 -1 -0.908848 -1 -1 -0.203704 -1 -1 -0.914752 0.304241 0.00342155 -1 -1 -1 -0.620343 -0.844524 -1 -0.0148273 0.0853564 -0.199135 -0.0123967 -0.763327 -0.914588 0.995031 0.94084 -1 -1 0.207658 -0.849864 -1 -1 -1 -0.283168 -0.432076 0.0947458 -0.453614 -1 -0.500258 -1 0.246818 -1 -0.0607904 -1 -1 -0.708035 -0.80018 -1 -1 -1 -0.449498 -0.628496 -0.740581 -0.536454 -0.407681 -0.823937 -0.529321 -0.37131 -0.728133 -0.547249 0.706585 -1 -1 -0.912899 -0.0780415 -0.665185 0.497122 -1 0.730958 -0.2937 -0.572245 -0.775068 0.44231 -0.458854 -1 0.687034 -1 -1 -1 -1 -1 -0.787062 -0.427906 -0.270799 0.117198 -1 -1 -0.165251 -1 -1 -0.937258 -1 0.0986617 -1 -0.903636 -0.9838 -1 -0.628867 0.229723 -0.852922 -0.305852 -0.9106 -0.00685847 -0.239398 -1 -0.272736 -0.898089 -1 -0.811301 -0.791269 -0.203692 -0.929969 0.0864462 -1 -0.0495764 -0.050373 -1 0.124315 -0.627307 0.624297 -0.0636794 -0.299605 0.901981 -0.358181 -1 0.0821986 -0.610745 -0.166771 -0.558155 -1 -0.884283 -0.101348 -1 -1 -1 -1 
-0.359948 0.414376 -0.492551 -0.195011 -0.806518 -0.113456 0.794516 -0.636315 0.770424 -0.156798 -0.0800559 0.357617 0.0502907 -0.0812646 0.496798 0.953096 0.128174 0.975884 0.827751 -0.684767 0.316462 0.100969 0.245708 0.144033 -0.689638 -0.522115 -0.141927 -0.0595892 -0.198427 -0.511338 0.750783 -0.641077 -0.897151 0.983662 -0.33832 0.849438 -0.561505 0.527249 0.816373 -0.582988 0.145738 -0.376608 0.856834 -0.312969 0.304148 0.481258 -0.0433779 0.790486 -0.332995 0.49224 -0.162603 0.78615 -0.556235 0.392141 -0.0268204 -0.642608 -0.624191 0.623667 0.261411 -0.0590593 -0.332055 0.143201 -0.969893 -0.425371 -0.447182 0.943607 0.510591 0.121863 0.921424 -0.236837 -0.622978 -0.0728865 0.18283 -0.861747 -0.959276 -0.687382 -0.148971 -0.708922 -0.26762 -0.864025 -0.271746 0.034813 -0.96443 -0.459988 -0.283801 -0.424492 -0.426913 -0.335674 0.351771 0.361924 -0.84252 0.885853 0.261021 0.887727 -0.517728 -0.786365 0.430816 0.247259 -1 0.0369179 0.00737524 -0.199238 0.0503678 -0.9309 -0.239847 0.44848 0.281835 -0.695177 0.472476 0.301158 -0.287208 0.877566 -0.304137 -0.411061 0.381505 0.672563 -0.13839 -0.934811 0.0761515 -0.0478996 0.138572 -1 0.506988 -0.0775696 -0.0419732 -0.289966 0.361999 -0.962865 -0.285776 0.877971 0.965076 -0.56041 0.83152 -0.235386 0.207392 0.301987 0.37488 -0.62293 
-0.952946 -1 -0.495967 -1 -0.713705 -1 -0.313991 -1 -1 0.80917 -0.632047 -0.719641 -1 0.102999 0.511055 -0.182625 0.359204 -0.996241 0.00117621 -0.800433 -1 -1 0.346604 -0.775111 -0.679193 -0.0113124 -1 -1 -0.42749 -0.246546 -0.839928 -1 1 -0.389736 -0.822006 -0.260564 -0.659576 -1 -1 -1 0.607406 -1 -1 0.310958 0.533432 -0.672818 0.684167 0.710556 -0.83138 -0.346848 -0.054677 -1 -1 -1 -0.706277 -1 -0.954806 -1 -1 0.837192 -1 -0.530894 -1 -1 0.204499 0.0704326 -1 -1 -1 -1 -1 -1 -0.964847 -1 -1 -0.721738 -0.48505 -1 -0.982384 -1 -1 -1 0.631643 -1 -0.598615 0.983112 -1 -1 -1 -0.693878 -0.703297 -0.0878077 -0.0737915 -0.81983 -0.275703 0.218787 -0.657735 -0.931726 -0.697243 -0.803596 -1 -1 -1 -1 -1 -1 -0.607978 -0.924531 -0.976102 -1 0.424901 -0.47583 0.613826 -1 -0.547581 -0.726817 -1 -1 -0.946608 0.245411 -1 -1 -0.327645 -1 -1 -0.609392 -1 -0.871859 -1 -1 -0.602332 -1 -0.677745 0.374532 -0.612196 -0.658627 0.128251 -1 
-0.482755 -0.726868 0.919134 -0.878478 -1 -0.863461 -0.419514 -1 -1 0.80917 -0.599868 -1 -0.818116 0.514131 -0.195716 0.620062 0.845179 -1 -0.0428889 -0.800433 -1 -1 0.346604 -1 -0.669513 -0.0113124 -1 -0.815338 -0.527802 -0.222881 -0.644883 -1 1 -0.389736 -1 -0.190034 -0.995633 -0.987433 -1 -0.887398 0.5693 -1 -1 0.214505 0.868704 -0.473 0.450636 0.753123 -1 -0.659005 -0.516216 -1 -1 -1 -0.790651 -0.190934 -0.86157 -1 -1 0.923679 -0.930017 -0.530894 -0.81517 -1 0.0220275 0.0703773 -1 -1 -1 -1 -0.618874 -1 -1 -0.770156 -0.701348 -1 -0.50994 -1 -0.651093 -0.946909 -1 -1 0.511925 -1 -0.598615 0.807582 -1 -1 -0.546908 -0.693878 -0.653767 -0.464942 -0.0737915 -1 -0.893746 0.218787 -0.408989 -1 -1 0.464105 -1 -1 -0.702892 -1 -0.822412 -0.825111 -0.607978 0.326961 -0.771239 -0.565915 0.296894 -1 0.366555 -0.869635 0.0724148 -0.628264 -1 -1 -1 -0.0025093 -1 -1 -0.501025 -1 -1 -0.124454 -1 -0.923075 -1 -1 -0.968846 -0.969108 -1 0.145044 -0.454397 -0.658627 0.123874 -0.989652 
-1 -1 -1 -0.709484 1 -0.392591 -1 -0.614756 0.353086 0.0596358 0.41271 -1 -0.141951 -0.859831 -0.0474297 -0.328761 -0.492179 0.571811 -1 -1 -1 -0.377389 -1 -0.726478 -1 -0.997271 -0.923863 -0.430225 -1 -1 -0.788165 -0.112103 -0.0311958 -1 -0.699236 0.345416 -0.616598 -1 -0.193881 -0.637221 -0.965201 -1 -1 -1 0.269259 -0.476497 -1 -1 -0.277491 -1 -0.901824 -0.980078 -1 -0.810417 -0.395854 -1 -1 -0.476173 -1 -1 -0.641899 -1 -1 -1 -1 -1 -1 -1 -1 -1 -0.794239 -0.815811 -1 -1 -1 -0.749454 -1 1 -1 0.0439214 -0.849472 -0.828373 -1 -1 -0.966422 -0.941552 -0.888614 0.471866 -0.274949 -0.664454 -1 -1 -0.899392 -1 -1 -1 0.156458 -0.850621 -1 -0.865733 -1 -1 -0.280472 -0.50743 -0.335717 -1 -1 -1 -0.521075 -0.247209 -1 -1 -1 0.760629 -0.372233 -1 -1 0.175395 -0.571501 -0.00176159 -1 -1 -1 -1 -1 0.989164 0.441233 -0.65274 0.319827 -1 -0.702529 -1 -0.849975 -1 -1 -1 -1 -1 
0.12677 -1 0.919134 -0.878478 -1 -0.863461 -0.419514 -1 -1 0.80917 -0.599868 -1 -0.818116 0.514131 0.20859 0.620062 0.845179 -1 -0.0428889 -0.800433 -1 -1 0.346604 -1 -0.669513 -0.0113124 -1 -0.815338 -0.527802 -0.222881 -0.644883 -1 1 -0.389736 -1 -0.190034 -1 -0.987433 -1 -1 0.5693 -1 -1 0.214505 0.773786 -0.473 0.450636 0.753123 -0.83138 -0.659005 -0.054677 -1 -1 -1 -0.790651 -0.190934 -0.199473 -1 -1 0.923679 -0.930017 -0.530894 -0.81517 -1 0.0220275 0.0703773 -1 -1 -1 -1 -0.618874 -1 -1 -1 -0.701348 -1 -0.50994 -1 -0.651093 -0.946909 -1 -1 0.511925 -1 -0.598615 0.807582 -1 -1 -0.546908 -0.693878 -0.362265 -0.464942 -0.0737915 -1 -0.848852 0.218787 -0.408989 -1 -1 0.464105 -1 -1 -0.702892 -1 -0.822412 -0.825111 -0.607978 0.326961 -0.771239 -0.565915 0.296894 -0.47583 0.366555 -0.869635 0.0724148 -0.628264 -1 -1 -1 -0.0025093 -1 -1 -0.357247 -1 -1 -0.124454 -1 -0.923075 -1 -1 -1 -0.969108 -1 0.145044 -0.454397 -0.658627 0.390128 -0.989652 
-0.0625644 -1 0.758634 -1 -1 -0.863461 -0.19053 -1 -0.70476 0.674412 -1 -1 -0.559144 0.514131 -0.923921 -0.553268 0.219745 -1 -1 -1 -1 -1 -0.343748 -1 -0.669513 -0.274974 -1 -0.705107 0.0255042 0.0413701 -1 -1 0.531035 -0.715087 -1 -0.380293 -1 -1 -1 -1 -0.746964 -1 -1 0.214505 1 -1 -0.522142 -0.00348037 -1 -0.659005 -0.054677 -1 -1 -0.702709 -1 0.141215 -0.274667 -1 -1 0.579315 -1 -0.705665 -0.81517 -1 -0.191448 -0.352715 -1 -0.716809 -0.871531 -1 -0.801929 -0.817468 -1 -1 -0.854322 -1 -0.50994 -0.896863 -0.683893 -0.959451 -0.712624 -1 -0.254182 -1 0.0446587 -0.63154 -1 -1 -1 -1 -0.924079 -0.464942 -1 -0.87097 -0.809202 -1 -0.946631 -1 -0.851226 -1 -1 -1 -1 -1 -0.525718 -0.825111 -0.607978 -0.201345 -1 -0.565915 -0.151328 -1 -0.742217 -1 0.0724148 -0.861178 -1 -1 -1 0.322661 -1 -1 0.0483249 -1 -1 -1 -1 -0.923075 -1 -1 -1 -0.969108 -1 -1 -1 -1 0.481579 -1 
-1 -0.841442 0.405385 -6.83367e-05 -1 -1 -1 -1 -0.646035 -0.893002 -1 -0.307351 0.0393164 -0.777362 -1 -1 -1 -1 -1 -1 -0.365819 -1 -1 -0.910706 -0.820677 -1 0.43828 -1 -1 -1 -0.0996338 -0.855612 -0.615096 -1 -0.82276 -1 -0.432076 -0.632814 -0.392571 -1 -1 -1 0.772732 -1 -0.612522 -0.987826 -0.919536 0.318043 -0.693415 -1 -1 -1 -1 -1 -1 -0.817599 -1 -0.971777 -1 -1 -1 -1 -0.218721 -1 -1 -1 -0.65495 -1 -1 -1 0.681534 -0.329279 -0.884355 -0.405345 0.133978 -1 -0.682595 -0.714357 -1 -0.399199 -1 -0.0782278 -0.632368 -0.370608 -0.294016 -1 -0.18613 -1 -1 -0.701344 -1 -1 -1 -1 -0.468972 -1 -0.958123 -1 -0.850202 -1 -0.708911 -1 -1 -1 -0.706379 -0.609034 -0.629441 -0.553755 -0.859619 -0.857262 -1 -0.798633 0.0915919 -0.83638 -1 -1 -1 -0.251526 -0.537855 0.0430288 -0.865847 0.232415 -0.841318 0.735684 -1 0.450213 -0.668369 -1 0.0096378 -0.410348 -0.801577 -1 -1 -1 -1 -1 -1 -1 
-1 -1 1 -1 -0.935394 0.0948762 -1 -1 -1 -1 -1 -0.961801 -1 -1 -1 -0.932346 -0.845209 -1 -1 -1 -1 -1 -0.875253 -1 -1 -0.610464 -0.882972 -0.801191 -0.794476 -1 -1 -1 -1 -1 -1 -1 -1 -0.905119 -0.981462 -1 -1 -1 -0.81268 -1 -0.137679 -0.952252 -1 -1 -1 -0.521136 -0.732131 -0.292693 -1 -1 -0.932259 -1 -0.419458 -1 -1 -1 -1 -1 -1 -0.2687 -0.739581 -1 -1 -1 -1 -1 -0.817035 -1 -1 -1 -0.0269476 -0.0955714 -1 -1 -1 -0.304046 -1 -1 -1 -0.131969 -1 -1 -1 -1 -0.466977 -0.435254 0.281543 -0.940778 -1 -0.895379 -1 -1 -0.690207 -1 -0.959635 -1 -1 -1 -0.631646 -0.0901775 -0.777148 -1 -1 -0.668016 -1 -0.659298 -0.595318 -0.935112 -1 -1 -0.874774 -1 -1 1 -0.489386 0.565812 -0.591461 -0.928946 -0.620604 -0.833855 -0.862345 -1 -1 0.597649 -0.700383 -1 -0.770152 -0.81867 0.141404 -0.771757 -1 -0.898693 -1 -1 
-1 -0.827446 -0.0845602 -1 -1 -1 -0.475721 -1 -1 -1 -0.77007 0.729301 -1 -1 -1 -1 -1 -1 -1 -1 -0.61455 -0.855436 -1 -0.581201 -1 -1 -0.442075 -1 -0.563495 -0.823158 -0.0347537 -1 -1 -1 -0.815511 -1 -1 -1 -1 -1 -0.888357 -1 0.772732 -0.845784 -1 -0.24697 -0.380103 0.235161 -0.486415 -1 -1 -1 -0.765736 -1 -0.73316 -1 -1 -0.989474 -0.649636 -1 -1 -0.109477 0.460146 -0.389475 -1 -1 -0.965178 -0.7936 -0.679171 -0.966205 0.681534 -0.22227 -1 0.468866 -0.58238 -1 -0.682595 -1 -0.602044 -1 -0.407103 -1 -1 -0.370608 -0.294016 -1 -0.139234 -0.90746 -1 -0.614411 -1 -1 -1 -0.897105 -0.417889 -1 -1 -0.911331 -0.597821 -0.453464 -1 -1 -1 -1 -0.35973 -1 -0.7731 -0.384533 -1 -0.857262 -0.505975 -0.798633 -1 -0.83638 -0.985649 -0.645227 -1 -1 -1 0.0430288 -0.844978 0.232415 -0.841318 0.214982 -1 0.520154 -1 -0.0196146 0.00756958 -0.206318 -1 -1 -1 -0.263569 -1 -1 -0.883315 -1 
-1 -0.131602 1 -0.543097 -1 -1 -0.475721 -1 -1 -1 -0.77007 0.729301 0.0393164 -0.8974 -1 -0.681742 -1 -1 -1 -1 -0.61455 -0.855436 -1 -0.508518 -1 -1 -0.442075 0.0187778 -0.563495 -0.823158 -0.0347537 -1 -0.615096 -1 -1 -1 -1 -1 -1 -1 -0.925141 -1 0.772732 -0.845784 -1 -0.24697 -0.380103 0.235161 -0.486415 -1 -1 -1 -1 -0.6123 -1 -1 -1 -0.989474 -0.649636 -1 -1 -0.109477 1 -0.389475 -1 -1 -0.87139 -0.7936 -0.679171 -0.966205 0.681534 -0.22227 -1 0.468866 -0.58238 -1 -0.682595 -1 -1 -1 -0.407103 -1 -1 -0.370608 -0.294016 -1 -0.139234 -0.90746 -1 -0.614411 -1 -1 -1 -0.897105 -0.417889 -0.846705 -1 -1 -0.597821 -0.566164 -1 -1 -1 -1 -0.35973 -1 -0.7731 -0.384533 -1 -0.857262 -0.505975 -0.798633 -1 -0.83638 -1 -1 -1 -1 -1 0.0430288 -0.844978 0.232415 -0.841318 0.214982 -1 0.520154 -1 -0.0196146 0.00756958 -0.206318 -1 -1 -1 -0.630664 -1 -1 -0.883315 -1 
-1 -1 -1 -0.56097 0.977614 -0.665019 -1 -1 0.73199 -0.339669 0.41271 -0.906937 -0.350963 -0.859831 0.389338 -0.0690182 -0.370028 0.571811 -1 -1 -1 -0.143498 -0.67037 -0.208554 -0.791247 -0.997271 -1 -0.560561 -1 -1 -1 -0.192441 -0.870269 -1 -0.699236 -0.487799 -1 -1 0.681281 -0.548457 -1 -0.958746 -0.715652 -1 0.269259 -0.476497 -1 -0.801965 -1 -1 -1 -1 -1 -1 -0.395854 -1 -1 -0.88021 -0.745669 -0.352942 -1 -1 -0.604664 -1 -1 -0.978447 -1 -1 -1 -1 0.339496 -1 -1 -1 -0.767593 -1 -1 1 -1 0.0439214 -0.748096 -0.555608 -1 -0.989149 -0.604355 -1 -1 0.127206 -0.274949 -1 0.363963 -1 -0.974139 -0.784127 -1 -0.892258 0.0494135 -1 -0.829833 -1 -0.835552 -0.940881 -0.280472 -1 -0.785372 -1 -1 -1 -0.420501 -0.555749 -1 -0.384178 -1 -1 -1 -1 -1 0.175395 -1 -0.00176159 -1 -1 -1 -0.287049 -1 0.989164 0.935644 -1 0.325313 -1 -1 -0.847291 -1 -1 -0.702351 -1 -1 -1 
-1 0.35832 -1 -0.379017 0.614696 -0.731856 0.296295 -1 -1 -0.796476 -0.915349 -0.937546 0.249055 -1 -1 -0.959098 -1 -1 -1 -0.625865 -0.7393 -0.932018 -1 -0.948612 -0.392357 -0.930761 -1 -1 -1 -0.326257 -1 -0.535985 0.33353 -0.983542 -0.193795 0.205754 -1 -1 -0.655004 -1 -1 -1 -0.748152 -0.920131 0.528032 -1 -1 -1 -1 -0.303675 -1 -1 -0.720153 -1 -1 -1 -1 -0.511281 -0.70093 -1 -1 -0.948082 -0.973373 -1 -1 -1 -1 -0.794101 -0.998663 -1 0.741298 -1 -0.601629 -1 -1 -1 -1 0.698168 -1 -0.956984 -0.787624 -1 -1 -1 -1 0.42913 -1 -1 -1 -0.972945 -1 -0.954515 -0.466454 -0.79839 -0.610829 -0.847533 -0.299228 -1 -0.351483 -1 -0.84708 -0.920215 -0.477679 -0.257317 -0.449851 -1 -0.580452 -1 -1 0.493959 -1 -1 -0.198399 0.389247 -0.947587 -1 -1 0.491964 -0.638471 -1 -1 -1 -0.745598 -0.684484 -0.746683 0.989266 -1 -0.791236 -0.328008 -0.551137 -1 -0.233952 -0.268968 -0.814484 -0.455501 -0.607795 -0.859001 -1 
-1 -1 1 -1 -0.935394 0.762435 -1 -1 -1 -1 -1 -0.795709 -1 -1 -1 -0.779023 -0.845209 -1 -1 -1 -1 -1 -0.875253 -0.865505 -1 -1 -0.882972 -1 -0.40337 -1 -0.788187 -1 -1 -0.780523 -1 -0.758436 -1 -0.905119 -0.981462 -1 -1 -1 -1 -1 -0.137679 -0.952252 -0.815332 -1 -1 -0.521136 -0.732131 -0.656049 -1 -1 -0.526126 -1 -0.419458 -1 -1 -1 -0.762094 -1 -1 -0.2687 -0.739581 -0.879438 -0.675971 -1 -1 -1 -1 -1 -1 -1 -0.0850793 -0.0955714 -0.963527 -1 -1 -0.304046 -1 -1 -0.951259 -0.929716 -1 -1 -1 -1 -0.319242 -0.213234 1 -0.940778 -1 -0.684234 -1 -1 -0.690207 -1 -1 -1 -0.604942 -1 -0.631646 0.17416 -0.777148 -1 -1 -0.668016 -1 -1 -1 -1 -1 -1 -0.874774 -1 -0.534801 1 -0.489386 -0.586565 -0.591461 -0.928946 -0.557762 -0.833855 -1 -1 -1 0.789105 -0.700383 -1 -0.770152 -0.81867 -0.255862 -0.899073 -0.987112 -0.898693 -1 -1 
-0.675458 -1 1 -1 -0.935394 0.78233 -1 -1 -1 -1 -1 -1 -1 -1 -1 -1 -0.845209 -1 -1 -1 -0.665285 -1 -1 -1 -1 -1 -0.882972 -1 -0.794476 -1 -1 -1 -1 -1 -1 -0.758436 -1 -0.905119 -0.981462 -1 -1 -1 -1 -1 0.139433 -0.952252 -0.815332 -1 -1 -0.339041 -0.732131 -0.292693 -1 -1 -0.526126 -1 -1 -1 -1 -1 -0.762094 -1 -1 -0.2687 -0.739581 -0.879438 -1 -1 -1 -1 -1 -1 -1 -1 -0.0850793 -0.0955714 -0.963527 -1 -1 -0.304046 -1 -1 -0.951259 -0.131969 -1 -1 -0.879943 -1 -0.319242 -0.480386 1 -0.940778 -1 -1 -1 -1 -0.690207 -1 -1 -1 -0.371566 -1 -0.631646 0.17416 -0.777148 -1 -1 -0.668016 -1 -1 -1 -0.935112 -1 -1 -0.874774 -1 -0.480144 1 -0.489386 0.565812 -0.591461 -0.928946 -0.557762 -0.833855 -1 -1 -1 0.789105 -0.700383 -1 -0.770152 -0.81867 -0.255862 -0.771757 -0.887788 -0.898693 -0.907039 -1 
-0.454954 -0.988351 -0.541282 -0.854294 0.0838841 -0.431452 0.377588 -0.420185 0.326974 0.164512 1 -0.252769 -0.488471 0.283849 -0.19373 -0.381865 -0.167663 0.548931 -1 -0.180472 -0.32354 -0.919282 0.980725 0.871601 -0.00823891 0.583532 -0.188081 0.359035 0.228643 0.552996 -0.235826 -0.699722 -0.150053 0.306175 -0.231665 -0.469206 0.902261 -1 -0.456943 -0.779248 0.316854 -0.718446 -0.621631 0.2617 0.262186 0.79326 -0.559021 0.524405 -1 0.13375 0.185163 -0.133841 -0.883077 -0.133561 0.278611 0.648766 -1 0.366948 0.39903 -0.143092 0.310834 0.940909 0.0802616 -0.883666 -0.155259 -0.0973259 0.0757542 -1 -0.226136 -1 0.0906413 -0.553607 0.98054 -0.206671 -0.799679 -0.35619 -0.0804329 0.76249 0.671385 -0.144485 0.105248 -0.561399 -1 -0.962471 -0.32643 -0.829249 0.665309 -0.7422 0.249884 -0.508857 0.0361526 -0.52851 0.387757 -1 0.00572312 0.7849 -0.845008 -0.179808 0.316379 1 0.138075 -0.371689 -0.529987 -1 -0.0256027 -0.645141 0.799123 0.766801 -0.284757 0.506179 0.805219 -0.0566882 -0.685005 0.0434504 -0.0685301 0.496202 0.222674 -0.271381 -0.604624 -0.35452 -0.94111 0.604637 -0.0697737 0.880021 -0.613265 0.759366 0.417186 0.760605 0.460523 -0.476457 -0.551624 0.880419 0.39897 -0.857454 0.979636 -0.379567 -0.328702 0.0427115 
-1 -1 -0.495967 -1 -1 -1 -0.33088 -1 -1 0.312179 -1 -1 -0.989155 -0.303921 0.511055 -0.232014 0.324773 -0.996241 0.00117621 -0.800433 -1 -1 0.346604 -0.775111 -1 -0.0113124 -1 -1 -0.18003 -0.246546 -0.655369 -1 1 -0.389736 -0.822006 -0.308189 -0.849261 -1 -1 -1 0.607406 -1 -1 -0.398714 0.533432 -0.672818 0.684167 0.710556 -0.83138 -1 -0.054677 -1 -1 -1 -1 -1 -0.954806 -1 -1 0.837192 -0.930017 -0.530894 -1 -1 -0.697963 0.0704326 -0.966865 -1 -1 -1 -1 -1 -0.964847 -1 -1 -0.721738 -0.48505 -1 -1 -1 -1 -1 0.631643 -1 -0.598615 0.703531 -1 -1 -1 -0.693878 -0.362265 -0.394429 -0.0737915 -0.774244 -0.60244 0.218787 -0.962841 -1 -1 -0.803596 -1 -1 -1 -0.930326 -1 -1 -0.298108 -0.534157 -0.708498 -1 -0.554272 -0.493315 0.107538 -1 -0.547581 -0.726817 -1 -1 -0.946608 0.0854669 -1 -1 -0.327645 -1 -1 -1 -1 -0.871859 -1 -1 -1 -1 -0.677745 0.374532 -0.612196 -0.481073 -0.358092 -1 
-1 -1 1 -0.752502 -0.720731 -0.865804 -1 -1 -1 -0.656851 -0.336924 -1 0.588871 -0.676288 -0.122289 -0.851329 -1 -1 -1 -0.945033 -1 -0.0126058 -0.960927 -0.375881 -0.849375 -0.818294 0.27777 1 -1 -1 -0.0340993 -0.410338 -1 -1 -0.696146 0.125108 -1 -1 -0.392577 -1 0.782196 -1 -0.697731 -0.915981 -1 -0.57032 -0.137028 -1 0.819751 -1 -0.33257 -1 -0.225501 -0.646162 -0.992413 0.248027 -0.846245 -0.753624 0.0961196 -1 -1 -1 -0.114935 -1 -1 -1 -0.652087 -0.828712 -0.873493 -0.653109 -1 -0.168727 0.183782 -0.0136981 -1 -0.553827 -1 -0.18615 -0.187871 -1 0.393845 -1 -0.786181 -1 -0.637979 -0.804016 -1 -1 -1 -1 -0.528564 -0.871702 -1 -1 -0.232358 -1 -0.9622 -1 -1 -0.974363 -1 -1 -1 -1 -0.771523 -1 -1 -1 -1 -0.927125 -0.781084 -0.878425 -1 -1 -1 -0.952407 -1 -1 -1 0.16285 -1 0.458773 -0.713877 -1 0.19802 0.491639 -1 0.216431 -0.145397 -0.911856 0.211595 -1 -0.916533 -1 -1 -1 -1 -0.856071 
0.12677 -1 0.919134 -1 -1 -0.863461 -0.33088 -1 -0.880863 0.80917 -0.599868 -0.835986 -0.818116 0.514131 0.20859 0.620062 0.943304 -1 0.335874 -0.800433 -1 -1 0.346604 -1 -0.669513 -0.0113124 -1 -1 -1 -0.246546 -0.718624 -1 1 -0.389736 -1 -0.190034 -1 -0.987433 -0.68088 -1 0.5693 -1 -0.819853 0.214505 0.773786 -0.473 0.450636 0.710556 -0.83138 -0.659005 -0.054677 -1 -1 -0.950666 -0.925718 -0.190934 -0.199473 -1 -1 0.607191 -0.930017 -0.530894 -0.81517 -0.882622 0.0220275 0.0703773 -1 -1 -1 -1 -0.618874 -1 -1 -1 -0.788856 -1 -0.50994 -1 -0.00378746 -1 -1 -1 0.511925 -1 -0.598615 0.807582 -1 -1 -0.546908 -0.693878 -0.362265 -0.464942 -0.0737915 -1 -0.848852 0.218787 -0.54777 -1 -1 -0.471935 -1 -1 -0.702892 -1 -0.822412 -0.825111 -0.607978 0.326961 -0.569736 -0.565915 0.128681 -0.47583 0.366555 -0.869635 0.0724148 -0.628264 -1 -1 -1 0.529034 -1 -1 -0.357247 -1 -1 -0.124454 -1 -0.923075 -1 -1 -1 -0.969108 -1 0.145044 -0.897482 -0.658627 0.390128 -1 
-1 -1 -1 -0.892173 0.523075 -0.805801 -1 -1 0.73199 -0.537505 0.41271 -1 -0.350963 -0.859831 0.249643 -1 -0.992928 -0.682619 -1 -1 -0.260757 -0.143498 -1 -0.726478 -1 -0.997271 -1 -0.571095 -0.909324 -1 -1 -0.911388 0.130386 -1 -1 -1 -1 -1 0.509288 -1 -1 -0.965622 -0.715652 -1 0.269259 -0.906751 -1 -1 -1 -0.675093 -0.736627 -1 -1 -1 -1 -1 -1 -1 -1 -0.285467 -0.543644 -1 -1 -1 -1 -0.978447 -1 -1 -1 -1 -1 -1 -1 -1 -1 -0.81309 -1 1 -1 -0.841135 -1 -1 -1 -0.842273 -0.71412 -1 -1 -0.228275 -0.274949 -0.963183 -1 -1 -0.927285 -1 -1 -1 -0.156746 -1 -0.667559 -0.841597 -0.525558 -1 -0.0810679 -1 -0.703599 -1 -1 -0.699177 -0.521075 -0.628905 -1 -1 -1 0.821042 -1 -1 -1 0.175395 -0.785199 -0.00176159 -1 -1 -1 -1 -1 -0.209436 -1 -0.650653 -0.687116 -1 -0.702529 -1 -1 -1 -1 -1 -1 -0.706403 
-1 -1 0.00702927 -1 -1 -1 -1 -1 -0.959047 -1 -0.482164 0.151197 -0.171539 -0.769579 -0.904411 -1 -1 -1 -0.802456 -1 -0.206796 -0.0690399 -0.495541 -0.155689 -1 -1 0.248803 -0.931497 -1 -0.691557 -1 -1 -0.632163 -1 -1 -0.0616226 -0.871131 -1 0.16989 -0.478747 -1 -0.452127 -1 -0.481903 -0.949815 -0.167137 -0.342849 -1 -1 -1 -0.225791 -0.986209 -0.00131005 -1 -1 0.982649 -1 -0.931426 -1 -1 -1 -0.195266 -0.723356 -1 -1 -0.937635 -0.721084 -1 -0.292023 -0.522335 -0.488041 0.369097 -1 0.376028 -1 -0.553827 -0.815085 -1 -0.974752 -0.624679 -1 -1 -1 -0.752148 -1 -0.851665 -0.651776 -1 -1 -0.673935 -0.747867 -0.977544 -1 -1 -1 -1 -1 -1 -1 -0.462334 -1 -0.939037 -0.606126 -1 -0.772098 -0.367485 -0.615791 -1 -1 -1 -0.88783 -1 0.392249 -0.776962 0.119859 -1 -0.922553 -0.340291 -1 -0.4712 -1 0.115212 -0.803141 -1 0.353967 0.289043 -0.74001 0.763456 -1 0.660046 -0.361274 -0.978148 -1 -0.78282 -0.0693035 -1 -1 -1 
-1 -1 -1 -1 0.523075 -1 -1 -1 0.73199 0.000503212 0.41271 -1 -0.350963 -0.859831 0.249643 -1 -0.992928 0.182832 -1 -1 -0.260757 -0.143498 -1 -0.726478 -1 -0.997271 -1 -0.571095 -0.909324 -0.667346 -0.788165 0.182736 0.130386 -1 -1 -1 -1 -1 0.509288 -1 -1 -0.965622 -0.715652 -1 0.269259 -0.906751 -1 -1 -1 -0.675093 -0.736627 -1 -1 -0.813586 -1 -1 -1 -1 -1 0.0184371 -0.658762 -1 -1 -1 -1 -0.978447 -1 -1 -1 -1 -1 -1 -0.768887 -0.652206 -1 -0.683842 -1 1 -1 -0.841135 -1 -1 -1 -0.842273 -1 -0.929879 -1 -0.228275 -0.274949 -1 -0.817839 -1 -0.927285 -0.755804 -1 -1 -0.156746 -1 -0.744025 -0.841597 -0.525558 -1 0.0496182 -1 -1 -1 -1 -0.699177 -0.521075 -0.628905 -1 -1 -1 0.821042 -1 -1 -0.843673 0.175395 -0.785199 -0.00176159 -1 -1 -1 -1 -1 -0.209436 -1 -0.650653 -0.0936667 -1 -0.702529 -1 -1 -1 -1 -1 -1 -0.706403 
-1 -1 -1 -0.461616 -0.855994 -0.960382 -0.771613 -1 -0.92256 -0.894276 -0.482164 -1 -0.171539 -1 -1 -1 -0.96249 -1 -1 -1 -0.195572 0.113752 -0.495541 -1 -0.795552 -1 0.59308 -0.468349 -0.92345 -0.089736 -0.729254 -1 -1 -1 -1 -0.340057 -0.787924 -0.931455 -0.614599 -1 -0.998011 -0.668366 -1 -0.17437 -0.417666 -0.503394 -0.0575085 -1 -0.271798 -1 -1 -1 -0.00131005 -1 -0.952267 -0.951231 -1 -0.678844 -1 -0.252629 -1 -0.760511 -1 -0.849928 -1 -1 -0.721084 -0.988057 -0.225681 -1 -0.0609939 -0.988536 -0.433265 1 -1 -1 -0.809026 -1 -0.775919 -1 -0.84696 -1 -0.39125 -0.777942 -1 -1 0.116745 -1 -1 -0.823686 -1 -1 -1 -0.470231 -1 -0.927851 -0.40011 -1 -0.8045 -0.685839 -1 -1 -1 -1 -1 -1 -0.884505 -1 -1 -1 -0.88783 -1 0.627472 -0.776962 0.299993 -1 -1 -0.511961 -1 -0.0231052 -1 0.624297 -1 -1 0.676159 -0.385936 -1 0.828115 0.000169426 -0.15307 -1 -0.729319 -1 -1 -0.595246 -1 -1 -1 
-1 -1 1 -1 -1 0.936099 -1 -0.748426 -1 -0.313363 -1 0.131247 -0.952498 -1 -1 -1 -0.688065 -1 -1 -0.685154 0.652239 -1 -1 -1 -0.642627 -0.968646 -0.882972 -0.65517 -0.904705 -0.949514 -0.0572325 -1 -1 -0.573606 -1 -0.758436 -1 -1 -0.493206 -1 -1 -1 -1 -0.9518 -0.137679 -0.498237 -0.909969 -1 -0.599835 -0.521136 -1 -1 -1 -1 -1 -1 -0.300895 -0.697978 -1 -1 -1 -0.7452 -1 -1 -1 -0.81889 -0.0617453 -1 -1 -1 -1 -1 -1 -1 0.572335 0.123314 0.0385188 -1 -1 -0.458624 -1 -1 -1 -0.131969 -0.38484 0.612332 -0.585871 -0.929051 -0.523804 0.0105196 0.760378 -1 -1 -1 -0.835132 -0.202295 -0.272765 0.110195 -1 -1 -0.339726 -1 -1 -0.575267 -1 -0.903924 -1 -1 -0.272832 -1 -0.774097 -1 -0.93503 -1 -1 -1 -0.480144 1 0.257263 0.558201 -0.143821 -1 -0.947712 -1 0.0215898 -0.739308 -0.145676 0.553019 -1 -0.979739 -1 -1 -0.406616 -1 -1 -1 -1 -1 
-1 -1 -1 -0.709484 0.977614 -0.346957 -1 -0.614756 0.353086 -0.17404 0.41271 -1 -0.296345 -0.859831 -0.0474297 -0.0690182 -0.350571 0.571811 -1 -0.489852 -1 -0.143498 -0.86971 -0.726478 -1 -0.997271 -1 -0.597591 -1 -1 -0.788165 -0.348251 -0.0311958 -1 -0.699236 0.575053 -1 -1 -0.240977 -0.881491 -0.867736 -1 -1 -1 0.269259 -1 -1 -1 -0.456216 -1 -1 -1 -1 -1 -1 -1 -1 -1 -1 -0.273426 -1 -1 -0.391797 -1 -1 -1 -1 -1 -1 -1 -0.95039 -0.815811 -1 -1 -1 -0.669333 -0.686908 1 -1 0.0439214 -1 -0.503322 -1 -1 -1 -0.941552 -1 -0.0481375 -0.274949 -1 -1 -1 -0.672606 -1 -1 -1 -0.156746 -0.864092 -1 -1 -1 -0.940881 -0.280472 -0.50743 -0.335717 -0.959737 -1 -0.573855 -0.865317 -0.247209 -0.655653 -1 -1 0.760629 -1 -1 -1 0.175395 -1 -0.00176159 -0.984353 -0.575019 -1 -1 -1 0.989164 0.441233 -0.65274 0.319827 -1 -0.702529 -0.982782 -1 -1 -0.702351 -1 -1 -1 
-1 -1 1 0.337894 -1 -1 -1 -0.498353 -1 -0.949709 -1 0.346827 -1 -1 -1 -1 -1 -0.249845 -1 -1 -0.297683 0.570736 0.106345 -0.943768 -0.712961 -1 1 -0.0353651 -0.533709 -1 -0.328535 -0.793695 -1 -1 -0.951649 -0.602519 -0.432076 -0.815692 -0.445583 -0.451434 -1 -1 0.398992 -0.867879 -0.940811 -0.074993 -1 -1 -0.360672 -1 -0.61177 -0.709934 -1 -1 -0.859684 -0.275902 -0.407681 -0.642909 0.0764374 -1 -1 -0.700491 -1 -0.0460835 -1 -1 -1 -0.664178 0.497122 -1 0.539464 0.788089 -0.688637 -1 0.759114 -1 -0.609577 0.116271 -1 -1 -0.992958 -0.822254 0.324634 -1 -0.427906 -0.828293 -0.583605 -1 -0.816268 -0.0785413 -1 -0.711703 -1 -0.66568 -1 -1 -1 -0.911661 -1 -1 0.0408932 -0.462553 -1 -1 -0.624619 -0.871475 -0.837508 -1 -1 -1 -0.553344 -0.791269 -0.970129 -1 -0.873403 -1 -0.61254 -0.611534 -1 0.124315 -1 0.624297 -1 -0.127087 1 -1 -1 -0.558616 -0.280033 -0.432596 -1 -1 -0.667134 -0.760984 -0.235053 -1 -0.743657 -1 
-1 -1 1 -0.911294 -0.849436 -0.960382 -1 -0.289877 -0.415016 -1 -1 0.671937 -0.307584 -1 -1 -1 -1 -1 -1 -0.810415 -0.107618 -0.284329 -0.764765 -0.732744 -1 -1 0.13413 0.128448 -0.623551 -1 -1 -0.806652 -1 -1 -1 -0.600144 -0.907493 -0.378002 -0.155494 -1 -0.300606 -1 -1 -0.608133 -0.417666 -0.074993 0.0482163 -1 -0.222198 -1 -1 -1 -0.809108 -0.988183 -1 0.937011 -1 -0.926563 -1 -0.757826 -0.947769 -1 -0.130428 -1 -1 -1 -1 -0.49074 -0.0237346 -1 0.982665 0.455897 -0.572245 0.689143 -1 -0.334467 -1 -0.115552 -0.613999 -1 -0.844244 -0.908531 0.489004 -0.676968 -1 -1 -0.195383 -1 -1 0.202994 -1 -1 -1 -1 -0.515473 -1 -0.945319 -1 -0.805177 -1 -0.376418 -1 -0.761914 -1 -0.807015 -1 -1 -0.442754 -0.980619 -0.744532 -1 0.243423 0.675909 -1 0.0383362 -0.981515 -0.203796 -0.279401 -1 0.792821 -1 0.208122 -0.797698 -0.909545 0.568735 0.0923802 -0.872485 0.647317 0.000169426 0.581798 -0.573337 -1 -1 -0.881909 -1 -0.742896 -0.848636 -0.977111 
-0.877741 -1 0.086289 -0.461616 -1 -0.960382 -1 -0.674656 -0.415016 -1 -0.967057 0.848372 -0.171539 -0.437429 -0.688561 -1 -1 -1 -1 -1 -0.107618 0.289713 -0.495541 -0.155689 -1 -1 0.253902 0.128448 -0.830663 0.10819 -0.729254 -1 -1 -1 -1 -0.0253474 -1 -0.931455 0.0702699 -0.478747 0.109871 -0.668366 -0.818349 -0.432878 -0.0568825 -0.074993 -0.257721 -1 -0.271798 -1 0.0906613 -1 -0.886542 -1 -1 0.754323 -1 -0.815241 -0.979917 -0.252629 -1 -1 -0.224694 -1 -1 -1 -0.721084 -0.351857 -0.225681 -0.701476 0.618018 0.142712 -1 1 -1 -0.896369 -1 -1 -0.287062 -1 -0.807647 -0.910263 -0.447894 -1 -1 -0.851665 -0.692477 -1 -1 0.202994 -0.752736 -1 -0.967259 -1 -1 -1 0.157464 -1 -1 -0.462334 -0.20781 -1 -0.463071 -1 -1 -1 -1 -1 -0.941245 -1 -0.716214 -0.89896 0.392249 -0.776962 -0.354182 -0.828755 -0.632406 -0.279401 -1 0.274196 -1 0.648222 -0.977439 -1 0.996022 -0.110314 -1 0.705098 0.000169426 0.349779 -0.361274 -1 -1 -0.78282 -1 -0.568717 -1 -0.964964 
-0.867462 -1 0.086289 -0.461616 -1 -1 -1 -0.289877 -1 -1 -0.482164 0.00414853 -0.171539 -0.558186 -0.652822 -0.533038 -1 -1 -1 -1 0.0952003 0.289713 -0.495541 -0.130152 -0.889588 -1 0.59308 0.128448 -1 0.10819 -0.729254 -1 -1 -1 -1 -0.151937 -0.871131 -0.633417 -0.215104 -1 0.109871 -0.441813 -0.998 -0.432878 -0.53913 -0.074993 0.0253456 -1 -1 -1 0.223251 -1 -0.00131005 -1 -1 0.982649 -1 -0.815241 -1 -1 -1 -0.195266 -0.456989 -0.997446 -1 -0.596948 -0.721084 -0.351857 -0.225681 -1 0.0878499 -0.511294 -0.97165 1 -1 -1 -0.809026 -0.670939 -0.016511 -1 -1 -1 -1 -0.752148 -1 -0.851665 -1 -1 -1 -0.673935 -0.747867 -1 -1 -1 -0.733007 -1 -0.689703 -1 -0.961088 -0.462334 -1 -1 -0.761914 -0.735897 -1 -0.522034 -1 -0.773382 -1 -1 -1 -0.89896 0.108808 -0.776962 0.119859 -0.828755 -0.585625 -0.469236 -0.593324 0.0718952 -1 0.524194 -0.80793 -1 -0.127184 0.289043 -1 0.705098 0.385856 0.660046 -0.361274 -1 -1 -0.78282 -0.0498808 -0.583586 -1 -1 
-1 0.568215 -1 -0.339763 0.285689 -0.993579 -0.0490555 -0.626861 -0.937515 -1 0.938123 -0.327923 0.0749856 -0.254693 -1 -1 -0.872204 -0.56645 -0.704336 -1 -1 -0.60465 -0.994865 -1 -1 0.997341 0.438833 0.384742 0.330911 -1 -0.456999 -1 0.282957 0.885497 -0.657098 -0.639911 0.335489 0.249029 0.790006 0.678528 -0.0398632 0.690217 1 -1 -0.419939 -0.148163 -1 -0.470435 -1 -0.161057 -0.944474 -1 -0.164102 0.104119 0.941055 0.63899 -0.743824 -0.937229 0.107123 -0.978624 -0.740947 0.354326 -0.627339 -1 0.128432 -0.122135 -0.811843 -1 -1 -1 -0.908982 -0.947579 1 0.907952 0.497007 -1 -1 -0.561864 -1 -0.0704718 -1 -1 -0.0967309 -1 -0.21816 0.0884585 0.415274 -0.374687 0.880038 -0.53776 0.133908 0.777383 -0.373668 -0.374701 0.0218759 -0.537362 0.695039 0.687635 -0.0910508 -0.458948 -0.276408 -0.531587 -0.248669 -0.285038 0.0794789 0.195395 0.506381 -1 -1 0.480132 -0.891377 -0.69766 0.658521 0.724976 0.645072 -0.0351346 -0.831484 -0.750414 -0.602065 0.200003 0.1842 -1 -1 -0.904729 0.539077 -1 -0.657078 -0.275947 -0.182198 -0.606146 -0.930834 0.011996 -1 0.0634097 0.841393 -0.961558 -1 -1 
-0.957843 -1 -0.861568 -0.518813 -1 -0.491881 -0.679743 -1 -1 -1 -1 -1 -1 -1 -1 0.129677 -0.0837889 -0.998746 -0.66414 -1 -0.920813 -0.708871 -1 -1 -0.289971 -1 -1 -1 -0.712667 -0.514486 -0.666857 -1 -0.653798 -1 -0.781107 -0.623861 -1 -1 -1 -0.190212 -1 -0.383055 -0.986369 -0.979172 -1 -0.65659 -1 -1 -1 -1 -1 0.126482 -1 -0.894466 -1 -0.821387 -1 -1 -1 -0.0493796 -1 0.843085 -1 -0.314659 -1 -0.852467 -1 -0.640387 -1 -1 -1 -0.422547 -0.168501 -0.7162 -0.234232 -1 0.242066 0.0778558 -0.507388 1 -0.427189 -1 -0.798886 -0.472285 -1 -1 -0.795644 -1 -1 -1 -1 -1 -1 0.303865 -1 -1 -0.544734 -0.478985 -0.869829 -0.136948 -0.508461 -1 -1 -0.959181 -0.899152 -1 -0.693074 -0.592809 0.134337 -0.607326 -1 -1 -1 -0.661714 -0.801246 0.534787 -1 0.00893328 -1 0.151254 -1 -1 -1 -0.57949 -1 0.211897 -0.848154 0.791175 -0.630306 -1 -0.794933 -0.589439 -1 -1 -0.807895 0.615622 -1 -1 
-0.957843 -0.877773 -1 -0.518813 -1 -0.415522 -0.679743 -1 -0.920635 -1 -1 -1 -1 -1 -1 0.129677 -0.0837889 -1 -0.66414 -1 -1 -0.708871 -1 -1 -0.289971 -1 -1 -0.778535 -0.712667 -0.514486 -1 -1 -1 -1 -0.781107 -0.623861 -1 -1 -0.969644 -0.0316253 -1 -0.383055 -0.986369 -0.979172 -1 -0.65659 -1 -1 -1 -1 -1 0.126482 -1 -0.894466 -0.926121 -1 -1 -1 -1 0.417614 -1 0.843085 -1 -0.314659 -1 -0.390886 -1 -0.640387 -1 -1 -1 -1 -0.168501 -0.7162 -0.0615013 -1 0.242066 -0.797772 -0.231083 1 -0.427189 -1 -1 -0.652326 -1 -1 -0.795644 -1 -1 -1 -1 -1 -1 0.303865 -1 -1 -0.544734 -0.478985 -1 -0.136948 -0.508461 -0.898337 -1 -0.959181 -0.899152 -1 -1 -0.592809 0.505375 -1 -1 -1 -1 -0.661714 -1 0.307987 -1 -0.65368 -1 0.151254 -0.963426 -1 -1 -0.57949 -1 0.211897 -0.848154 0.791175 -1 -1 -0.794933 -0.589439 -1 -1 -0.807895 0.615622 -1 -1 
-1 -1 -1 -1 0.977614 -0.346957 -1 -0.614756 0.353086 0.0596358 0.41271 -0.906937 -0.141951 -0.859831 -0.0474297 -0.395347 -1 0.662131 -1 -0.489852 -1 -0.143498 -0.871353 -0.726478 -1 -0.997271 -1 -0.430225 -1 -1 -0.788165 -0.000469774 -0.0311958 -0.858662 -0.699236 -0.34835 -1 -1 -0.240977 -1 -0.965201 -1 -1 -1 -0.1197 -0.476497 -1 -1 -1 -1 -1 -1 -1 -1 -0.395854 -1 -1 -1 -1 -0.273426 -1 -1 -0.391797 -1 -1 -0.978447 -1 -0.824656 -1 -1 -0.794239 -0.435166 -1 -0.837908 -1 -1 -1 0.568049 -1 0.0439214 -1 -0.628055 -0.902634 -1 -1 -0.899979 -0.888614 0.496017 -0.835245 -0.976772 -1 -1 -0.899392 -1 -1 -1 -1 -0.864092 -1 -0.835639 -1 -1 -0.723532 -0.359542 0.000199884 -1 -1 -0.634426 -1 -0.247209 -1 -1 -1 0.760629 -1 -1 -1 0.175395 -0.722627 -0.00176159 -0.830061 -1 -1 -1 -1 0.989164 0.441233 -0.65274 0.319827 -1 -0.702529 -1 -1 -1 -0.702351 -1 -1 -1 
-0.207301 -0.609962 -0.650878 -1 -1 -1 -0.828776 -1 -1 -0.886506 -0.809994 -1 -0.639988 0.297104 -1 0.446737 -1 -1 -1 -1 -0.772285 -0.280072 -1 -1 -1 -0.153326 -1 0.951313 -1 -0.577247 0.610078 -1 -1 -0.572822 -1 -0.958711 -1 -1 -1 -0.920545 -1 -0.969164 -1 -0.980097 -0.787636 -0.834027 -0.241562 -0.582834 -1 -1 -1 -1 -1 -1 -1 -1 -0.159467 -1 -1 0.100613 -0.986169 -1 -0.990547 -0.43413 -1 0.108659 -1 -0.992705 -1 0.452133 -1 -1 -0.635474 -1 -0.256687 -1 0.493478 -0.198375 -1 -1 -0.862047 -0.642493 -0.386976 -0.947313 -0.53434 -1 -0.935669 -1 -1 -0.796894 -0.685873 -1 -0.385095 -1 -1 -0.756607 -0.704536 -0.178711 -0.0697559 -1 -0.753562 -1 -0.624331 -1 -0.661466 -1 -0.854453 -1 -1 -1 -1 -1 -1 -0.885862 -1 -0.968304 -1 0.789699 -0.725153 0.55213 -0.945937 0.376896 -1 -1 -1 -0.708064 -1 -0.199271 -1 -1 -1 -1 -1 -1 -0.516266 -1 -0.573937 -1 
-1 -0.66197 0.361112 -0.34067 -1 -1 -1 -0.289877 -0.533429 -1 -0.482164 0.173169 -0.364732 -0.636207 -0.512676 -0.70802 -1 -1 -1 -1 -0.0935396 -0.0333186 -0.912807 -0.155689 -1 -1 0.59308 -0.667317 -0.830663 0.281138 -0.729254 -1 -1 -1 -1 -0.0858276 -0.871131 -0.931455 0.0702699 -0.478747 0.109871 -1 -1 -0.905973 -1 -0.074993 -0.095161 -1 -0.150116 -0.858899 0.223251 -1 -0.00131005 -1 -1 0.982649 -1 -0.815241 -1 -0.662738 -1 -0.195266 -0.740541 -0.709033 -1 -1 -0.721084 -1 -0.576412 -0.766898 0.221927 0.49384 -0.97165 0.928926 -0.752814 -0.753882 -1 -0.670939 -0.016511 -0.741711 -0.820239 -1 -0.447894 -1 -0.873349 -0.851665 0.363359 -1 -1 -1 -0.747867 -0.984487 -1 -1 -0.829008 -0.89748 -0.870672 -1 -0.8045 -0.462334 -0.20781 -0.801974 -0.761914 -1 -1 -0.526372 -1 -0.7983 -1 -1 -0.88783 -0.89896 0.392249 -1 0.119859 -0.828755 -0.283366 -0.279401 -1 0.421719 -1 0.602706 -0.977382 -1 0.503935 -0.817666 -1 0.705098 0.000169426 0.751919 -0.361274 -1 -1 -0.594604 -0.0498808 -0.583586 -1 -1 
-1 -0.131602 1 -0.543097 -1 -0.809387 -0.475721 -1 -1 -1 -1 0.729301 0.0393164 -0.8974 -1 -0.681742 -1 -1 -1 -1 -0.365819 -1 -1 -0.624652 -1 -1 0.43828 0.76757 -0.563495 -0.823158 -0.0347537 -1 -0.615096 -1 -1 -1 -1 -1 -0.306265 -1 -0.925141 -1 0.772732 -1 -1 -0.24697 -0.380103 0.235161 -0.678551 -1 -1 -1 -1 -1 -1 -1 -1 -0.971777 -0.649636 -1 -1 -0.406769 0.831896 -0.389475 -1 -1 -0.87139 -0.7936 -0.679171 -1 0.681534 0.453722 -1 0.205889 0.133978 -1 -0.682595 -1 -1 -1 -0.407103 -0.967967 -1 -0.370608 -0.294016 -1 -0.139234 -0.90746 -1 -1 -1 -1 -1 -1 -0.417889 -0.846705 -1 -1 -0.716706 -0.566164 -1 -1 -1 -1 -0.706379 -1 -0.7731 -0.384533 -1 -0.857262 -0.505975 -0.798633 -1 -0.83638 -1 -1 -1 -0.251526 -0.537855 0.0430288 -0.844978 0.232415 -0.841318 0.214982 -1 0.450213 -1 -0.163128 0.00756958 -0.206318 -1 -1 -1 -0.630664 -1 -1 -1 -1 
-1 -1 1 -1 -1 0.936099 -1 -1 -1 -1 -1 0.176389 -1 -1 -1 -0.0460445 -1 -1 -1 -1 0.379501 -1 -1 -0.793407 -0.642627 -0.968646 -0.882972 -1 -1 -0.682225 -0.294648 -1 -0.954394 -0.573606 -1 -0.758436 -1 -0.718086 -0.737385 -1 -1 -1 -1 -1 -0.623014 -0.547166 -0.585672 -0.744958 -1 -0.521136 -1 -1 -1 -1 -1 -1 -0.300895 -1 -1 -1 -0.37393 -0.839847 -1 -0.634495 -1 -1 -1 -1 -1 -0.967278 -0.912593 -1 -1 -1 0.372312 0.0690459 -0.974369 -1 -1 -0.242513 -0.841274 -1 -0.951259 -0.131969 -0.962198 0.737261 -1 -0.929051 -0.319242 -0.364924 0.760378 -0.674193 -0.879583 -1 -0.908351 -0.959778 -0.272765 -0.381686 -0.771286 -1 -0.604942 -1 -1 -0.197397 -1 -1 -1 -1 -0.272832 -1 -1 -1 -0.672513 -1 -1 -1 -0.480144 1 -0.357631 0.565812 -1 -1 -0.947712 -1 -0.240402 -1 -0.145676 0.427142 -1 -1 -1 -0.81867 -0.255862 -0.90378 -1 -0.803004 -1 -1 
-0.436099 -1 -0.775646 0.716212 0.204619 -1 -0.951293 -1 -1 -0.69975 -0.770162 -0.614564 0.017453 0.438791 -0.722776 0.274904 -0.691887 -0.287347 -0.055611 -1 0.0833907 -0.822355 0.46956 -0.789678 -1 0.12367 -1 -1 -0.641787 -0.550756 -0.859884 -1 -1 -0.259568 -0.534759 -1 -0.951978 -1 -1 -0.587305 0.981739 -1 -1 0.216543 -0.1097 -1 -1 -0.385153 -0.803312 -0.865896 -0.758236 -0.413978 -1 -0.857798 -1 0.375693 -1 0.198931 -0.297522 -0.440746 -0.346412 0.539503 -0.360473 0.75439 -0.724724 -0.470972 -0.981056 -0.571431 0.916137 0.142837 -1 -1 -1 -0.421406 -0.390537 1 -1 1 -1 -1 -1 1 0.93265 -1 -1 0.621233 -1 0.492713 -1 -1 -0.615356 0.427242 -1 -0.970696 -1 0.768604 0.051984 -1 -1 0.371747 -0.993433 -0.938991 -0.404296 -1 0.513246 -1 -1 -1 -0.210644 -0.565508 -1 -1 -1 -0.687104 -0.364196 0.335178 -1 -0.0805494 -0.349306 -0.916779 -1 -1 -1 0.604892 -0.813507 0.111227 -0.595178 -1 -0.120335 0.952267 -0.758157 -1 0.660173 0.205019 -0.905654 -1 -1 -1 
-1 -1 0.632389 -0.575699 -1 -0.960382 -1 -1 -0.043203 -1 -1 0.855649 -0.754618 -0.00874537 -1 -1 -1 -1 -1 -1 -0.107618 -0.239785 -1 -0.155689 -1 -1 0.322541 -1 -1 -0.757755 -1 -1 -1 -1 -0.776568 -0.600144 -0.625506 -0.969279 -0.536058 -1 -0.560283 -1 -0.676179 -0.608133 -0.417666 -0.975135 -0.114203 -1 -0.915285 -0.819482 -1 -0.766592 -0.948927 -1 -1 0.380862 -1 -0.623847 -1 -0.387681 -1 -0.195266 -0.397335 -1 -1 -1 -0.434834 -1 0.498643 -1 0.749887 0.655644 -1 0.776822 -1 -1 -1 0.00404924 -1 -1 -1 -0.908531 0.489004 -1 -1 -0.722104 -1 -1 -0.725888 -0.357216 -0.563572 -1 -1 -0.985975 -0.660165 -0.720334 0.157464 -1 -0.673754 -0.696779 -0.685741 -1 -0.761914 -1 -0.905886 -0.526372 -1 -0.827833 -1 -1 -0.6929 -0.28259 0.675909 -1 0.0864462 -0.44841 -0.585625 -0.97498 -1 0.792821 -0.637125 0.624297 -0.971604 -0.909545 0.284532 0.289043 -0.872485 -0.107962 -0.6818 -0.275611 -1 -0.699003 -1 -1 -1 -0.583586 -1 -0.60505 
0.197249 -1 0.547198 -1 -1 -1 -1 -0.642762 -1 0.787833 -0.554212 -1 -1 0.501539 0.20859 0.620062 0.943304 -1 -0.649594 -0.800433 -0.986657 -1 0.659696 -1 -0.669513 -0.607384 -0.92167 -1 -1 -0.246546 -0.711414 -1 1 -0.389736 -1 -0.852907 -1 -1 -1 -1 0.5693 -1 -1 0.214505 0.773786 -0.473 0.450636 0.55664 -1 -1 -0.054677 -1 -1 -0.706699 -0.925718 -0.190934 -0.199473 -1 -1 0.923679 -1 -0.530894 -0.81517 -1 -0.929232 -1 -1 -1 -1 -1 -0.618874 -1 -1 -1 -1 -1 -1 -1 0.150875 -0.995916 -1 -0.767978 -0.488105 -1 -0.452027 0.807582 -1 -1 -0.546908 -0.693878 -0.362265 -1 -0.0737915 -1 -0.848852 0.218787 -0.54777 -1 -1 0.464105 -1 -1 -0.702892 -1 -0.822412 -0.825111 -0.607978 0.326961 -0.771239 -1 -0.571943 -0.47583 0.366555 -0.869635 -0.392623 -0.628264 -1 -0.988951 -1 0.529034 -1 -1 -0.357247 -1 -1 0.0171865 -1 -0.923075 -1 -1 -1 -0.969108 -1 -0.0241053 -0.571131 -1 0.420142 -1 
-0.207301 -1 -0.688637 -0.739369 -1 -1 -0.828776 -1 -1 -0.552599 -0.698111 -1 -1 1 -0.862973 0.397186 -0.715026 -0.607338 -0.604143 -1 -0.772285 -0.729651 -0.841031 -1 -1 -0.775149 -1 0.896664 -1 -0.785049 0.563826 -1 -1 0.373546 -1 -0.21943 -1 -1 -1 -0.242587 -0.36679 -0.969164 -0.676832 -0.894639 -0.412022 -1 -0.241562 -0.582834 -0.66642 -1 -1 -1 -1 -1 -1 -1 -0.098963 -1 -1 -0.834725 -1 -1 -0.990547 1 -1 0.0959945 -1 -1 -1 0.405296 -0.992726 -1 -0.635474 -1 -0.363137 -1 0.493478 -0.0283271 -1 -1 -0.802163 -0.642493 -0.210278 -1 -0.53434 -1 -0.935669 -1 -1 -0.799017 -0.685873 -1 -0.949741 -1 -1 -0.600993 -1 -0.336484 -0.0697559 -1 -1 -1 -1 -1 -1 -1 -0.854453 -0.934643 -1 -1 -1 -0.950886 -1 -0.802997 -0.896313 -1 -1 0.421033 -1 0.55213 -0.793821 0.159961 -1 -0.148087 -1 -0.708064 -1 -0.199271 -1 -1 -1 -1 -0.420555 -1 -0.516266 -1 -0.573937 -1 
-0.0220004 -1 0.731803 -1 -1 -0.373772 0.953357 -0.298564 -1 -0.267967 0.0251463 -1 -1 -1 -0.0546023 -0.127488 -0.366103 -0.434577 -0.280407 0.603585 -1 -0.996194 -0.858426 -0.0352274 -1 0.0954771 -1 -1 -1 -1 -1 -0.545532 -0.92144 -1 -0.317213 -0.840077 -0.849525 -0.983643 -1 -1 -1 -1 -1 -1 -1 -0.421964 -1 -1 0.360825 -0.531217 -1 0.723754 0.150773 -0.876317 0.633464 -0.631329 -1 -0.747379 -0.73072 -0.385716 -0.710984 1 -1 -0.541399 -1 -1 -1 -1 -1 -1 -1 -0.952695 0.651826 -1 -0.859399 0.065513 -1 -0.893306 -0.321873 -1 -0.691596 -1 -1 -1 -1 -1 -1 -1 -0.890493 -0.262972 0.325006 0.752357 -0.66267 -0.116177 -1 -0.980495 -1 -1 -1 -0.765124 -1 -1 -1 -1 -1 0.0406783 -0.178172 0.511388 0.830373 -1 -0.66902 -1 -0.877428 -1 -1 -0.0264762 -1 -0.354236 -0.382834 -0.144171 -0.429592 -1 -1 -0.653352 -1 1 -1 -0.876139 -1 -0.611479 -1 -0.79792 -0.759013 -1 -1 -1 -1 -1 
-0.890718 -1 -1 -0.42278 -1 -0.659479 -0.653731 -1 -0.425277 -0.603484 -1 -1 -0.399603 0.215806 -1 -1 -1 -1 -0.790215 -1 -0.627163 -0.804992 -0.783346 -0.469565 -0.664074 -0.908592 0.120849 1 -1 -1 -0.617749 -1 -1 -1 -1 -0.283168 -1 0.0947458 0.450871 -1 -0.500258 -1 0.240788 -0.820206 -1 -0.822938 -1 -1 -0.202997 -1 -0.840727 -1 -0.692079 -0.991519 -1 -0.852396 -0.831934 -1 -0.560878 -1 -1 -0.132344 0.871952 -0.998379 -1 -1 -0.0780415 -0.276907 -1 -1 0.267548 -0.286428 -1 -0.0937327 -0.847626 -1 -0.016756 -0.198661 -1 -1 -1 -1 -1 -0.607613 -1 -0.944858 0.257133 -1 -0.760775 -0.165251 -1 -1 -1 -1 -1 -1 -1 -0.778781 -1 -0.555974 -0.766533 -1 -0.638605 -1 -0.303642 -0.281702 -1 -0.272736 -1 -1 -0.811301 -0.499989 0.0807915 -0.568159 -0.787436 -1 -0.567439 0.307599 -0.74811 -0.122084 -1 0.624297 0.114986 2.83122e-05 0.785753 -1 -1 0.523654 -1 -0.670621 -0.558155 -1 -1 0.252969 -1 -0.583586 -1 -1 
-1 -1 -0.999964 -0.854294 -0.549087 0.0989345 0.200391 -0.570715 0.326974 0.164512 0.861694 0.15492 -1 0.131757 -0.19373 -0.381865 -1 -0.188055 0.061704 -0.180472 -0.32354 -0.919282 0.980725 0.942279 -0.228702 0.307098 -0.471998 0.359035 0.334141 0.552996 -0.235826 -1 0.028707 0.306175 0.590904 -0.409267 0.832721 -0.040381 -1 -0.779248 -0.0671532 -1 -0.621631 0.542534 0.262186 0.79326 -1 0.524405 -0.877959 0.13375 0.185163 0.046584 -1 -1 0.278611 1 -0.811427 -0.178475 0.39903 0.526301 0.484671 0.616881 -1 -0.436324 -0.583659 -0.0973259 0.303946 0.00157022 -0.226136 -1 -1 -0.53992 0.98054 0.70151 -0.896163 -0.406342 -0.213827 0.483607 0.00701696 0.191388 0.105248 -0.213278 -0.754567 -0.962471 -0.823924 -1 0.665309 -1 0.249884 -0.674399 0.0361526 -0.52851 0.387757 -1 0.00572312 0.157641 -0.845008 -0.795223 0.183169 0.861424 -0.465474 -0.371689 -0.401518 -0.108365 -0.0256027 -1 0.721525 -0.145699 -0.284757 0.216323 0.778152 -0.0566882 0.562244 0.00446677 0.23839 0.496202 0.222674 -0.467025 -0.604624 0.187211 -0.94111 0.280913 -0.0697737 0.880021 0.478975 0.821409 0.417186 0.760605 0.940367 0.414285 -0.200268 0.94108 0.239559 -0.688583 0.979636 -1 -0.50217 0.0427115 
-1 -1 0.0720083 -1 -0.913562 0.936099 -1 -0.748426 -1 -0.313363 -1 0.131247 -0.952498 -1 -1 -1 -0.688065 -1 -1 -0.685154 0.652239 -0.661906 -1 -0.637754 -0.642627 -0.968646 -1 -0.65517 -1 -1 -0.0572325 -1 -0.954394 -0.573606 -1 -0.758436 -1 -0.71851 -1 -1 -1 -1 -1 -0.9518 -0.137679 -0.498237 -0.909969 -1 -0.749216 -0.521136 -1 -1 -1 -1 -1 -1 -0.300895 -1 -1 -1 -0.37393 -0.7452 -1 -1 -1 -0.81889 -0.44072 -1 -1 -1 -1 -1 -1 -1 0.420531 0.123314 0.0385188 -1 -1 -0.973611 -1 -1 -1 -0.131969 -0.38484 0.612332 -0.799229 -1 -0.523804 0.0105196 0.427446 0.150653 -1 -1 -0.908351 -0.921833 -0.272765 -0.828154 -1 -1 -0.611322 -1 -0.974475 -0.575267 -1 -0.824229 -1 -1 -0.272832 -1 -0.774097 -1 -1 -1 -1 -1 -0.480144 1 0.257263 0.558201 -0.143821 -1 -0.947712 -1 0.0215898 -0.739308 -0.145676 0.252856 -1 -1 -1 -1 -0.406616 -1 -1 -1 -1 -1 
-0.207301 -0.609962 -1 -1 -1 -1 -0.828776 -0.617136 -1 -0.643107 -0.698111 -1 -1 0.251528 -1 -0.299712 -0.0830048 -1 -1 -1 -0.86869 -0.280072 -0.991604 -0.831028 -0.807978 -0.109931 -1 0.446926 -1 -0.577247 -0.107781 -1 -1 0.528339 -1 -0.21943 -1 -0.881024 -1 0.668332 -0.939167 -1 -1 -0.788416 -1 -1 -0.653943 -1 -1 -0.407553 -1 -1 -1 -1 -1 -0.980798 -1 -1 -0.822232 0.100613 -0.649933 -0.662936 -1 1 -0.780017 -0.275095 -1 -0.992705 -0.481926 -0.206818 -1 -1 -0.879917 -1 0.466152 -0.259231 0.493478 -0.86103 -1 -1 -1 -1 -1 -0.947313 -0.53434 -1 -1 -1 -1 -1 -0.629296 -0.818477 -1 -1 -1 -0.600993 -0.189121 -0.74009 -1 -1 -0.900699 -1 -1 -1 -0.940826 -1 -1 -1 -1 -1 -0.863428 -1 -0.814778 -0.802997 -0.942427 -1 -1 1 -1 0.511916 -0.876277 0.159961 -1 -0.015031 -1 -0.708064 -1 -0.199271 -1 -1 -1 -1 -1 -1 -1 -1 -1 -0.626383 
-1 -1 1 -0.0220265 -1 -1 -1 -0.681247 -1 -1 -1 0.0581508 -0.629246 -1 -0.672758 -1 -1 -0.624947 -1 -1 -0.297683 0.570736 0.106345 -0.943768 -0.464377 -0.83559 1 0.0691222 -0.533709 -1 -1 -0.521188 -1 -0.896826 -0.811806 -1 -0.432076 -1 -0.445583 -0.614557 -0.999421 -1 0.400678 -1 -0.940811 -0.419946 -1 -1 -0.360672 -1 -0.61177 -1 -1 -1 -0.859684 -0.275902 -0.407681 -0.642909 -0.678898 -1 -1 -1 -1 -1 -1 -1 -1 -1 0.497122 -1 0.539464 1 -0.688637 -1 0.971845 -1 -0.609577 -0.859586 -1 -0.707176 -0.992958 -0.822254 0.324634 -1 -0.427906 -0.828293 -0.424771 -1 -0.816268 0.26267 -1 -0.711703 -1 -1 -1 -0.756573 -1 -0.732504 -1 -1 -0.0412979 -0.462553 -1 -1 -0.624619 -0.894103 -0.837508 -1 -1 -0.616302 -0.553344 -0.791269 -1 -1 -0.873403 -1 -0.61254 -0.611534 -0.872793 0.124315 -1 0.624297 -1 -0.127087 1 -1 -1 0.410495 -0.280033 -0.432596 -1 -1 -1 -0.760984 -0.235053 -1 -1 -1 
-1 -1 1 -0.451974 -1 -1 -1 -0.289877 -0.415016 -0.894276 -0.482164 0.855649 -0.171539 -0.217398 -0.688561 -1 -1 -1 -1 -0.810415 -0.376916 0.289713 -0.775131 -0.155689 -1 -1 0.422949 0.128448 -1 0.32484 -1 -1 -1 -1 -1 -0.0253474 -0.728367 -0.334585 0.0702699 -0.478747 -0.456551 -0.668366 -0.676179 -0.432878 -0.417666 -0.074993 -0.257721 -1 -0.556425 -0.662748 0.0906613 -1 -0.00131005 -1 -1 0.982649 -1 -0.815241 -0.979917 -0.74318 -1 -0.195266 -0.130428 -1 -1 -1 -0.721084 -0.351857 0.498643 -0.766898 0.783365 0.656008 -1 0.928926 -1 -1 -0.809026 0.297553 -0.153721 -0.978459 -1 -0.398487 0.0314707 -0.752148 -1 -0.851665 0.0876036 -1 -1 0.202994 -1 -1 -0.919023 -1 -0.732762 -0.720334 -0.211131 -1 -0.8045 -0.40771 -0.558683 -1 -0.761914 -1 -0.905886 -0.526372 -1 -0.7983 -0.913717 -1 -0.88783 0.243423 0.392249 -1 0.0864462 -1 -0.585625 -0.279401 -1 0.421719 -0.41265 0.624297 -1 -0.909545 0.996022 0.289043 -1 0.705098 0.0647386 0.195287 -0.361274 -1 -1 -0.78282 -1 -0.583586 -1 -0.964964 
-1 -1 -1 -1 -1 -1 -1 0.150484 -0.579662 -1 -0.551175 -1 -0.450749 -1 -1 -0.0471182 -1 -1 -0.512455 1 -1 -1 0.221752 -0.712335 -1 -0.0996567 -0.593536 -1 -1 0.0299302 -0.723698 -0.624282 -1 -0.642856 -0.447724 0.354965 -0.176965 -0.431923 -1 -1 -0.388705 -0.689744 0.179263 -0.595056 -0.178373 0.68704 0.41039 0.201801 -1 -0.369289 0.311531 -1 -1 -1 -1 -1 -0.126281 -0.948068 -0.767317 -0.944307 -0.572921 0.521744 -0.970389 -1 -0.105582 -1 -0.809448 -0.768832 -1 -0.718196 -1 -0.387242 -0.959168 -0.261224 -1 -0.184166 -0.0652514 0.620945 -0.793605 -0.763722 -1 0.0651619 -0.112226 -1 -0.751262 0.862659 -1 0.540591 -1 -0.72451 -0.775728 -1 -0.629614 -0.310223 -0.78067 -0.77874 -1 -0.904263 -0.859575 1 -0.901129 0.221527 -0.637027 0.146797 -1 -1 -1 -0.663467 -1 -1 -0.594125 -0.573943 -1 0.402693 -1 -1 -0.377279 -0.533425 -0.434654 -0.167028 0.404359 -0.929225 -0.721387 0.0440612 -1 -0.161738 -0.214617 -1 -0.66732 0.164755 -0.728977 0.162835 1 0.0968578 0.210412 0.458862 0.852127 -1 
0.966278 0.056058 -0.40444 -1 -0.0286554 0.758913 0.173827 -0.726153 -0.326128 -0.587517 0.115467 0.924644 -0.232959 -1 -0.104969 -0.00751841 -0.616751 0.420621 0.689352 0.150484 0.930749 -0.430174 -0.0384813 0.658121 0.530993 1 0.353238 -1 -1 1 -1 0.985559 0.923133 -0.0965434 0.891069 0.0802654 -1 0.566423 0.170171 -1 0.798414 0.73457 0.313173 -0.894402 -0.16561 -0.550567 0.72906 0.605917 -0.888186 0.224197 0.199197 0.220423 0.256808 -0.994151 0.314639 0.801838 -0.93036 -0.039629 0.174739 -0.803889 -0.147799 0.118196 0.920589 0.867965 -0.301126 0.958995 -0.893643 0.868786 -1 -0.253246 -0.661371 1 -0.113791 -1 -0.105552 -0.917687 -0.85021 -0.379766 -0.740622 -1 -0.169836 -0.524839 -0.607941 -0.869272 0.281259 0.988848 -0.0876434 -0.145755 -0.683446 -0.0956175 -0.812175 -0.440612 0.709721 0.0606657 0.341504 -0.00705409 -0.950621 -0.871157 -0.508977 0.326761 -0.522111 -0.3538 0.812949 0.0751549 -1 0.887135 -0.953711 -0.0305766 -0.930891 -0.873479 0.307307 -0.745644 -1 -0.741755 0.371367 -0.70031 -0.12696 -1 -1 -1 0.0878387 -0.336501 0.0800495 0.0701544 0.113394 -0.494343 -0.941568 0.084932 0.133336 -1 0.700828 0.0203372 -1 -0.0655366 -0.554931 -0.794835 -0.541602 -0.830789 
-1 -0.734377 -0.64347 -0.835863 -1 -1 -1 -0.479537 -0.721015 -1 -0.482164 0.573534 -0.171539 0.16386 -0.803868 -0.790946 -1 -1 -0.875811 -1 -1 0.573193 -1 -0.155689 -1 -0.741484 0.59308 0.445072 -0.712686 0.10819 -1 -0.927393 -1 -1 -1 -0.362064 -1 -0.931455 0.0702699 -0.478747 -1 -0.668366 -0.676179 -0.242894 -0.417666 -0.501953 -1 -1 -0.271798 -1 -1 -1 -0.00131005 -1 -1 1 -1 -0.970411 -1 -1 -1 -0.312068 -1 -1 -1 -0.937635 -0.875733 -0.531287 -0.225681 -1 0.10896 0.544593 -1 1 -0.752814 -0.757376 -1 -1 -1 -1 -1 -0.245347 -1 -1 -1 -1 0.363359 -1 -1 -0.814046 -1 -1 -0.935791 -0.597009 -0.711451 -1 -0.434785 -1 -0.583104 0.111722 -0.944536 -0.803818 -1 -1 -1 -0.526372 -1 -1 -1 -1 -1 -0.89896 -0.781507 -1 0.0864462 -0.828755 -1 -0.0718726 -1 0.191266 -1 0.624297 -0.977439 -1 1 0.289043 -1 -0.0173154 -0.553473 0.891636 -0.21121 -1 -0.871827 -0.78282 -0.133534 -0.583586 -1 -1 
-1 -0.847934 0.355044 -0.696751 -1 -1 -0.718482 -1 -0.0993742 -0.698204 -0.834044 -0.480633 0.284205 0.00342155 -1 -1 -1 -0.633636 -1 -0.688747 -0.0991482 0.198209 -1 0.0083942 -0.850609 -1 1 0.134152 -1 -0.980686 -0.746072 -1 -1 -1 -1 -0.192766 -0.432076 -1 -0.352881 -1 -0.320096 -1 -1 -1 -0.15753 -0.251088 -1 -0.453974 -0.590089 -0.746023 -1 -1 -1 -0.991519 -1 -0.0259936 -0.609068 -1 -0.0542102 -0.75586 -1 -0.076488 0.494889 -0.504746 -1 -0.912899 -0.0780415 -0.295527 0.0422664 -1 0.730958 -0.979179 -0.572245 -0.792171 0.312606 -0.655022 -0.016756 0.687034 -1 -0.978544 -0.720852 -1 -0.227204 -0.787062 -0.427906 -1 -0.151609 -0.946039 -1 -0.00976041 -1 -1 -1 -1 0.0986617 -1 -1 -1 -1 -1 -0.451605 -1 -0.647061 -1 -0.303642 -0.239398 -1 -0.76163 -1 -1 -0.846042 -0.905502 -0.809892 -0.890639 0.0889389 -1 -0.0495764 0.0387259 -1 -0.00319454 -1 0.624297 -0.912401 -0.299605 -0.651349 -0.00164914 -0.82446 0.410495 -0.260706 -1 -0.558155 -1 -1 -0.101348 -0.68484 -1 -1 -1 
-1 -1 -1 -1 -1 -1 -1 -0.0367106 -0.579662 -1 -0.551175 -1 -0.450749 -1 -1 -0.0471182 -1 -1 -0.512455 1 -1 -1 0.221752 -0.712335 -1 0.280607 -0.593536 -1 -1 0.0299302 -0.723698 -0.624282 -1 -0.856095 -0.447724 0.354965 -0.176965 -0.431923 -1 -1 -0.388705 -0.689744 0.179263 -0.559168 -0.178373 0.68704 0.41039 0.201801 -1 -1 0.311531 -1 -1 -1 -1 -0.889731 -0.126281 -0.948068 -1 -1 -0.572921 0.521744 -0.970389 -1 -0.0564728 -1 -1 -0.768832 -1 -0.695368 -0.896676 -0.170596 -0.959168 -1 -1 -1 -0.0652514 0.620945 -0.793605 -0.763722 -1 0.0624717 -0.112226 -0.956332 -0.870286 0.857987 -0.919559 0.89393 -0.947466 -0.914068 -0.775728 -1 -0.629614 -0.918968 -0.78067 -0.77874 -1 -0.904263 -0.859575 1 -0.901129 0.221527 -0.637027 0.232353 -1 -1 -1 -1 -1 -1 -0.476242 -0.573943 -1 0.402693 -1 -1 -0.377279 -0.533425 -0.434654 -0.167028 0.404359 -0.929225 -1 0.0440612 -1 -0.161738 -0.214617 -1 -0.66732 -0.739282 -0.728977 0.162835 1 0.0968578 0.210412 0.458862 0.852127 -1 
-1 -0.820033 0.086289 -0.692533 -0.917469 -1 -1 -0.248016 -0.415016 -1 -1 0.324058 -0.303572 -0.0808805 -1 -0.735317 -0.689561 -1 -1 -1 -0.206796 -1 -0.495541 -0.155689 -0.951484 -0.93681 0.59308 0.128448 -1 -0.842971 -0.811368 -0.608561 -1 -1 -1 0.122976 -0.689829 -1 -0.0409402 -0.49408 0.109871 -0.610236 -0.676179 -0.0597051 -1 -0.074993 -0.095161 -1 -0.271798 -1 -0.686857 -1 -0.194779 -1 -1 0.982649 -1 -1 -1 -1 -1 -0.783104 -1 -0.90583 -1 -0.937635 -1 -0.351857 -0.576412 -1 0.318488 -1 -0.97165 0.915779 -1 -0.553827 -1 -0.670939 -1 -1 -0.820239 -1 -0.0523067 -0.752148 -1 -0.851665 0.363359 -1 -1 -0.994568 -0.747867 -1 -1 -1 -1 -0.89748 0.157464 -1 -0.872797 -1 -0.391384 -1 -1 -1 -1 -0.526372 -0.897073 -0.444195 -1 -1 -0.88783 -1 0.392249 -1 0.119859 -0.828755 -1 -0.652024 -1 0.421719 -0.856674 0.624297 -1 -1 -0.162778 0.0460214 -0.74001 0.4468 -0.742339 0.650675 -0.386049 -1 -1 -0.78282 -0.0498808 -1 -1 -1 
-0.48419 -0.190495 -0.935745 -0.481777 -0.1032 -1 -0.840499 -0.621658 -1 -1 -0.669816 -1 0.282403 -0.755347 -1 -0.95788 -1 -1 -1 -0.85693 -0.933041 -1 -0.942225 -1 -1 -1 -1 -0.49995 -1 -0.290264 -1 -0.884236 -0.436902 -0.881753 0.639102 -0.768832 -1 -1 -1 -1 -1 -1 -0.334042 -1 0.702385 -0.172292 -0.803341 -1 -1 0.680385 -1 -1 -1 -1 -0.984516 -1 -1 -1 -1 -1 -1 -0.584197 -1 -0.632848 -1 -0.683723 -1 -1 -0.844024 -0.603776 0.590412 -0.911124 -1 -1 -0.611893 -1 -0.85628 -0.68751 -1 -1 -0.664503 -1 -1 -1 -0.688266 0.240759 -1 -1 -0.962715 0.459222 -1 -1 -0.243348 -1 -1 -0.873534 -0.299228 -1 -0.351483 -1 -1 -0.761871 -0.629535 -1 -1 -1 -0.452834 -1 -0.692071 -0.750146 -1 -1 0.0774637 0.435707 -1 -0.691095 -1 0.491964 -1 -0.297979 -0.471909 -0.934671 -0.738725 -1 -0.938118 0.989266 -1 -1 -1 -1 -1 -0.833486 -0.705671 -0.891726 0.163228 0.181815 -0.77118 -1 
-1 -1 -0.536547 -0.461616 -1 -0.777601 -1 -1 -0.415016 -1 -1 0.112807 -0.664131 -1 -0.688561 -1 -1 -0.846235 -0.636407 -1 -1 -0.866875 -0.495541 -0.845453 -1 -1 0.59308 -0.491074 -1 -0.56141 -1 -1 -0.907768 -0.851546 -1 -0.0253474 -0.708995 -0.931455 -0.728897 -0.542678 -0.5266 -0.668366 -0.676179 -1 -0.165085 0.0304234 -1 -1 -0.271798 -0.753505 0.0906613 -1 0.20814 -0.219256 -0.646825 0.0460837 -0.79035 -0.815241 -1 -0.184712 -0.482207 -1 -1 -1 -1 -1 -0.721084 -0.351857 -0.225681 -1 0.783365 0.142712 -0.21004 -0.209857 -0.704772 -0.553827 -1 -0.567901 -0.153721 -1 -1 -0.520861 -1 -0.752148 -0.663199 -0.851665 -0.168864 -1 -1 -0.792112 -1 -1 -0.638093 -0.9916 -1 -1 -1 -1 -1 -0.740644 -0.20781 -1 -0.761914 -0.971355 -1 -1 -1 -1 -1 -1 -0.457207 -0.938566 0.524375 -0.93588 0.0864462 -0.828755 -0.585625 -0.279401 -1 -0.038378 -1 0.624297 -0.977439 -1 0.996022 0.289043 -0.750364 0.705098 0.000169426 -0.178439 -0.266035 -1 -1 -0.78282 -1 -1 -1 -1 
-1 -0.951301 -0.790705 -0.460881 -1 -1 -1 -0.868173 -0.415016 -1 -0.520506 0.899961 -0.228248 0.0161878 -1 -1 -1 -1 -1 -1 -0.107618 0.289713 -0.869876 -0.155689 -1 -1 -0.190184 -0.713628 -0.826438 0.10819 -1 -1 -1 -1 -1 -1 -1 -1 -1 -1 -0.402851 -0.867323 -0.676179 -0.432878 -0.719922 -0.896554 -0.257721 -1 -0.79964 -1 0.0906613 -1 -0.00131005 -1 -1 0.629442 -1 -1 -0.979917 -0.252629 -1 -0.251518 -0.422144 -1 -0.630808 -0.904935 -1 -1 -0.225681 -0.580836 0.783365 -0.757098 -0.572245 -0.125127 -0.719363 -0.878488 -0.947148 -0.670939 -0.153721 -1 -1 -0.398487 -0.547566 -0.865057 -0.942461 -0.870061 0.509898 -1 -1 0.1425 -0.752736 -1 -1 -0.936401 -0.724443 -0.709663 -0.509133 -1 -0.8045 -1 -0.974492 -1 -0.761914 -1 -1 -1 -1 -0.553749 -1 -0.876491 -0.968709 -0.861117 -0.0441316 -0.819928 -0.295522 -1 -1 -1 -1 0.421719 -1 1 -1 -1 0.996022 -0.404933 -1 -0.0337766 0.000169426 0.616466 -0.3891 -0.999211 -0.613124 -0.78282 -0.0498808 -0.977863 -1 -1 
-1 -0.841442 0.405385 -0.31958 -1 -1 -1 -1 -0.353342 -0.893002 -1 -0.307351 0.0393164 -0.777362 -1 -1 -1 -1 -1 -1 -0.365819 -1 -1 -1 -0.820677 -1 0.144759 -1 -1 -1 -0.0996338 -0.855612 -0.615096 -1 -0.82276 -1 -1 -0.632814 -0.392571 -1 -1 -0.847329 0.772732 -1 -0.612522 -0.987826 -0.635752 0.318043 -1 -1 -1 -1 -1 -1 -1 -0.8026 -1 -0.971777 -1 -1 -0.626429 -1 -1 -1 -1 -1 -0.65495 -1 -1 -1 0.681534 -0.329279 -0.884355 -0.405345 0.133978 -1 -0.682595 -0.714357 -1 -0.399199 -1 -0.0782278 -0.632368 -0.370608 -0.294016 -1 -0.18613 -1 -1 -1 -1 -1 -1 -1 -0.468972 -0.85236 -0.958123 -1 -0.850202 -1 -0.708911 -1 -1 -1 -0.709462 -0.609034 -0.629441 -0.553755 -0.859619 -0.857262 -1 -0.798633 0.0915919 -0.83638 -1 -1 -1 -0.251526 -0.537855 0.0430288 -0.865847 0.232415 -0.592588 0.735684 -1 0.450213 -0.319907 -1 0.0096378 -0.410348 -0.801577 -1 -1 -1 -1 -1 -1 -1 
-0.356518 0.723216 -0.760711 0.199448 -0.504105 0.543769 -0.0716915 -0.265228 -0.306375 0.160954 0.225491 -0.208806 0.730815 -0.874385 -0.544781 -0.236922 -0.338032 -0.460878 0.188408 0.820214 0.772427 -0.618544 -0.915983 0.927331 -0.145953 0.444861 0.740465 -0.465829 -0.848564 0.754223 -0.691869 -0.193743 0.0480106 0.0662638 0.417388 0.463727 -0.0968372 0.820938 0.304454 -0.201623 -0.17987 0.777168 0.605578 0.941182 -0.303116 -0.114582 0.898789 -0.538002 -0.0216471 0.362989 0.810336 -0.449731 0.439859 0.198583 -0.178592 -0.106555 0.127438 -0.452151 0.990071 -0.352724 0.30697 0.987087 -0.191464 0.875927 0.0407097 -0.0741358 -0.291577 -0.164623 0.427994 -0.319719 0.0937392 0.845999 -0.502565 0.0599955 0.752846 0.660835 0.720892 0.332202 0.153499 -0.259562 -0.731688 0.421088 0.63999 0.166783 -0.496202 0.995377 0.941391 0.525648 0.808399 0.229895 -0.646357 -0.012998 0.112898 0.590001 0.380266 -0.189546 -0.801007 -0.0432379 -0.694337 0.187589 0.617406 -0.379963 0.955688 -0.362888 0.108939 0.362698 -0.204027 0.0813278 -0.379466 -0.0817762 0.956132 0.197809 0.367654 -0.72097 0.296568 0.17284 0.0141084 -0.363928 -0.97076 0.20448 0.872164 0.530946 0.984994 -0.166046 -0.476514 -0.601452 -0.721905 -0.875155 -0.691115 -0.58369 -0.8492 0.00048542 -0.135217 -0.168466 -0.0524211 0.644983 -0.42602 0.501164 
-1 -1 -0.861704 -1 0.582625 -0.823206 0.789449 -1 -1 -0.831125 -1 -0.580609 -0.606442 -1 -1 -1 -0.818138 -1 -0.942049 -1 -1 -1 -0.60656 -1 -1 -0.52265 -1 -0.105474 -1 -1 -1 -0.352383 -1 -0.80281 -0.779627 -0.445079 -0.802113 -1 0.71744 -1 -0.699884 -0.502738 -1 -1 -0.661369 -0.753885 -1 -0.888948 -0.62731 -1 -0.868945 -0.765283 -1 -0.841852 -1 -0.65058 -1 -1 -1 -1 -1 -0.781262 -1 -0.881171 -1 -1 -1 -1 -1 -1 -0.900876 -1 -0.651953 -1 -0.786094 -1 -1 -1 -0.805138 -1 -1 -1 -1 -1 -1 -0.786454 -1 -1 -0.644894 -0.0368845 -1 -0.668059 -1 -1 -1 -1 -1 -0.966622 -1 -0.869308 -0.630417 -1 -0.677437 -1 0.0988914 -1 -1 -1 -0.836486 0.727329 -1 -1 -1 -0.447621 -1 -1 -1 0.442212 -1 0.420704 -0.990025 -0.363511 -1 -1 -1 1 -1 -1 -1 -0.859918 -1 -1 -1 0.243395 -1 -0.814282 -1 -1 
-0.957843 -1 -0.861568 -0.518813 -0.992638 -0.491881 -1 -1 -1 -1 -1 -1 -1 -1 -1 0.129677 -0.0837889 -1 -0.66414 -1 -0.966687 -1 -1 -1 -0.289971 -1 -1 -0.866888 -0.712667 -0.445432 -0.666857 -1 -0.849114 -1 -0.781107 -0.972391 -1 -1 -1 -0.190212 -1 -0.383055 -0.986369 -0.979172 -1 -0.65659 -1 -0.649619 -1 -1 -1 0.126482 -1 -0.894466 -1 -0.821387 -1 -1 -1 0.721413 -0.78066 0.703279 -1 -1 -1 0.0995366 -1 -0.640387 -1 -1 -1 -0.422547 -0.168501 -0.7162 -0.234232 -1 -0.95565 0.0778558 -0.507388 1 -0.427189 -1 -1 -0.666382 -1 -1 -0.795644 -1 -1 -1 -1 -1 -1 0.303865 -1 -1 -0.544734 -0.542725 -0.669494 -0.136948 -0.508461 -1 -1 -0.959181 -0.899152 -1 -1 -0.592809 0.247549 -1 -1 -1 -1 -0.382623 -0.801246 0.307987 -1 0.00893328 -1 0.151254 -0.963426 -1 -0.712158 -0.57949 -0.695226 -0.0201308 -0.848154 0.791175 -0.630306 -1 -0.794933 -0.589439 -1 -1 -1 0.615622 -1 -1 
-1 -1 1 -1 -1 0.936099 -1 -1 -0.893894 -0.313363 -1 0.131247 -0.952498 -1 -1 -0.666675 -1 -1 -1 -0.685154 0.825043 -1 -1 -1 -0.308507 -0.968646 -1 -0.65517 -1 -0.949514 -0.0572325 -1 -0.954394 -0.573606 -1 -0.758436 -1 -1 -1 -1 -1 -1 -1 -1 0.114189 -0.547166 -1 -1 -1 -0.483843 -1 -1 -1 -1 -1 -1 -0.300895 -0.50256 -1 -1 -0.311411 -0.7452 -1 -1 -1 -0.81889 -1 -1 -1 -0.853393 -1 -1 -1 -0.642394 0.653561 0.502781 -0.261543 -1 -1 -0.458624 -0.841274 -1 -1 -0.131969 -1 0.612332 -0.788784 -0.929051 -0.523804 0.0105196 0.760378 -0.0704647 -1 -1 -0.908351 -0.202295 -0.143201 0.278779 -1 -1 -0.604942 -1 -1 -0.197397 -1 -0.626602 -1 -1 -0.272832 -1 -0.774097 -0.69953 -0.54056 -1 -1 -1 -0.346434 1 -0.357631 0.565812 -1 -1 -0.947712 -1 0.0215898 -0.739308 -0.589254 0.252856 -1 -1 -1 -1 -0.406616 -1 -0.830758 -1 -1 -1 
-0.454954 -0.988351 -0.541282 -0.854294 0.772526 0.344448 0.200391 -0.420185 0.326974 0.164512 0.86413 -0.252769 -0.488471 0.283849 -0.19373 -0.381865 -0.365791 0.548931 0.061704 -0.180472 -0.32354 -0.919282 0.980725 0.871601 -0.00823891 0.583532 -0.188081 0.359035 0.145679 0.552996 -0.235826 -0.699722 -0.150053 0.306175 0.759903 -0.469206 0.902261 -0.200445 -0.456943 -0.779248 0.316854 -0.718446 -0.621631 0.2617 0.262186 0.79326 -0.559021 0.524405 -0.89068 0.13375 0.185163 -0.133841 -0.883077 -0.523106 0.278611 0.884869 -0.811427 0.366948 0.39903 0.526301 0.310834 0.940909 0.0802616 -0.572541 -0.155259 -0.0973259 0.0757542 0.00157022 -0.226136 -1 0.0906413 -0.53992 0.98054 0.70151 -0.799679 -0.35619 -0.213827 0.76249 0.671385 -0.144485 0.105248 -0.213278 -1 -0.962471 -0.32643 -0.829249 0.665309 -0.7422 0.249884 -0.508857 0.0361526 -0.52851 0.387757 -1 0.00572312 0.784231 -0.845008 -0.179808 0.316379 0.861424 0.138075 -0.371689 -0.401518 -0.108365 -0.0256027 -0.645141 0.799123 0.766801 -0.284757 0.506179 0.805219 -0.0566882 0.197381 0.00446677 0.23839 0.496202 0.222674 -0.271381 -0.604624 -0.35452 -0.94111 0.604637 -0.0697737 0.880021 0.478975 0.382217 0.417186 0.760605 0.460523 0.414285 -0.551624 0.880419 0.39897 -0.857454 0.979636 -0.379567 -0.328702 0.0427115 
-1 -1 0.00702927 -1 -1 -1 -1 -1 -0.959047 -0.894276 -0.482164 0.151197 -0.171539 0.114193 -0.904411 -1 -1 -1 -0.802456 -1 -0.206796 -0.0690399 -0.495541 -0.155689 -1 -1 0.59308 0.128448 -1 -0.691557 -1 -1 -1 -1 -1 -0.151937 -0.871131 -0.274831 0.16989 -0.478747 -1 -0.452127 -1 -0.432878 -0.53913 -0.167137 -0.342849 -1 -1 -1 -0.225791 -1 -0.00131005 -1 -1 0.982649 -1 -1 -1 -1 -1 -0.195266 -0.723356 -1 -1 -0.937635 -0.721084 -0.708959 -0.225681 -0.766898 -0.488041 0.369097 -1 0.928926 -1 -0.553827 -0.815085 -0.670939 -1 -1 -0.820239 -1 -1 -0.752148 -1 -0.851665 -0.661132 -1 -1 -0.673935 -0.747867 -1 -1 -1 -1 -1 -1 -1 -0.961088 -0.462334 -1 -0.939037 -1 -0.658031 -0.772098 -0.367485 -0.615791 -1 -1 -1 -0.88783 -1 0.392249 -0.776962 0.119859 -1 -0.211978 -0.340291 -0.889831 -0.210164 -1 0.832355 -0.80793 -1 0.353967 0.289043 -0.74001 0.705098 -1 0.660046 -0.361274 -0.978148 -1 -0.78282 -0.0498808 -0.583586 -1 -1 
0.370875 -0.116672 -0.355929 -1 -1 -0.632546 0.5521 -0.131415 -0.980791 -0.273203 -0.766325 -0.778781 -1 -1 -0.520483 -0.586702 -0.174462 -0.0825513 -0.208727 0.4733 -1 -0.209464 -1 -0.251534 -0.442243 -0.484386 -1 -0.876904 -0.238635 -0.824591 -0.703561 -0.617528 -0.92144 -1 -1 -1 0.878637 -0.860548 -0.969561 -1 -1 -0.124401 -0.217682 -1 -1 -1 -0.72463 -0.645434 0.401998 -1 -0.918786 -1 0.0355829 -0.750347 0.411906 -1 -1 -0.707359 -1 -0.0369433 -0.408846 1 -1 -1 -0.968285 0.0584288 -0.93218 -1 -1 -1 -1 -1 -1 -1 0.833832 0.407195 0.0961655 0.0778558 -0.189028 0.0792049 0.148456 -1 -1 -0.419659 -1 -1 -0.778666 -0.641114 -1 -0.810088 0.325006 0.0684603 -1 -1 -1 -1 -0.136532 -1 -1 -0.566128 -1 -0.87703 -0.687237 -0.457933 -0.794452 0.561408 -0.0164219 -0.483477 -0.377613 -0.81906 -0.667581 -1 -0.698606 -1 -1 -1 -1 0.102918 -1 -0.332871 -0.336483 -1 -1 -0.613238 -1 1 -1 -0.508432 -1 0.0867167 -1 -1 -0.759013 -0.788394 -1 -0.228733 -1 -1 
0.994873 -0.522114 -0.262857 -1 -1 -0.632546 0.46228 -0.131415 -1 -1 -0.039605 -0.778781 -1 -0.315007 -0.532825 -0.556397 0.0352136 -0.164485 -0.448729 -0.407422 -0.762562 -0.209464 -1 0.4546 -0.733502 0.557301 -1 -0.658451 -0.268125 -0.316048 0.10968 -0.866394 -0.92144 -1 -0.542676 -1 -0.323965 -1 -1 0.409923 -1 -1 -0.151953 -1 -0.955081 -0.65659 -1 -1 -0.0135583 -0.538149 0.107056 -1 -0.797652 -1 0.742505 -0.645986 -0.663986 -0.10572 -0.691887 1 -1 1 -1 -0.196204 -1 0.0428177 -1 -0.800423 -1 -0.339466 -0.863521 -0.00684795 -1 -1 0.667333 0.853018 1 -0.139124 -0.189028 0.304916 -0.0218643 -1 -1 -0.920351 -1 -0.603506 -1 -0.524417 -0.363734 -0.860731 0.325006 0.947668 -0.821968 -0.338307 -0.672676 -1 -0.553521 -1 -0.707003 0.0202542 -1 -1 -0.4924 -0.886969 -1 0.767456 -1 0.958209 -0.253777 -1 -0.787722 -0.462444 -0.698606 -1 -1 -0.4339 -1 -0.0231245 -0.65771 -0.237143 -0.474516 -0.922132 -0.446274 -1 -1 0.861367 -0.822925 0.0984315 0.148832 -0.0796471 -1 -0.0415063 -1 -1 0.007781 -0.8907 -1 -0.912325 
-0.959669 -1 -1 -0.976489 -0.761719 -1 -1 0.0729408 -1 -1 -1 -1 -1 1 -1 0.29279 0.493331 -1 -1 -1 -1 0.277908 -1 -0.831028 -0.852083 -0.635979 -1 -0.0399992 -0.89688 0.240443 0.351699 -1 -1 -0.828825 -1 -0.146195 -1 -1 -1 0.740031 -1 -1 -1 -0.844513 -1 -0.800419 -0.405676 -0.582834 -1 -0.407553 -1 -0.955697 -1 -0.204756 -0.654285 -0.0736456 -0.387391 -1 -0.892401 -0.239243 -1 -1 -0.623732 -0.0135686 -0.650313 0.289079 -1 -0.768776 -1 0.201187 -0.600612 -0.659557 -1 -1 -0.619718 -0.259231 -0.165765 0.0648318 -1 -1 -0.766608 -0.396671 -1 -1 -1 0.416227 -0.723771 -1 -1 -1 -0.685873 -0.834173 -1 -1 -1 -0.438558 0.805792 -0.106067 -0.0083729 -1 -1 -1 -1 -1 -0.940826 -1 -1 -1 -1 -1 -0.369499 -0.680279 -0.778865 -1 -1 -1 -1 0.968751 -0.937665 -1 -0.568362 -0.197283 -1 -1 -0.818413 -1 -0.636512 -1 -1 -0.959842 -1 -0.441246 -0.89288 -0.839681 -0.516266 -1 -0.736263 -1 
-1 -0.647485 1 0.759638 -0.600804 -0.797294 -0.616155 -0.80937 -0.620451 -0.385615 -1 -0.285227 -0.0648379 -0.244804 -0.688561 -0.938546 -0.772791 -0.123595 -0.634591 -0.811674 0.500274 -0.0892178 -0.199135 -0.241464 -1 -0.367433 0.111102 0.94084 -1 0.145702 0.196905 -1 -0.973421 -0.356256 -1 -0.0253474 -0.432076 0.0947458 0.467227 -1 0.489962 -1 0.606621 -0.265133 -0.00303623 -0.306112 -0.560381 -0.192962 -1 -1 -0.964405 -1 0.590918 -0.656295 -1 0.982649 -0.857902 -1 -0.327657 -0.730522 -1 0.271436 0.912767 0.827758 -1 -0.924352 0.254103 -0.540141 0.405881 -0.536815 0.539464 0.346045 -0.810205 0.565565 -0.43933 0.181615 -0.00812185 1 -0.793838 -0.488074 0.895308 -1 -0.175439 -1 -0.201915 -1 -0.144294 -0.724723 -1 -0.165251 -1 -1 -1 0.436218 0.488125 -0.846705 -0.132147 -0.834436 -0.737262 -0.70402 -0.425599 -1 -0.5026 -0.888454 -1 -1 -1 -0.372172 0.0383363 -1 -1 0.40452 0.782496 -0.374495 -0.374346 -1 0.474125 -0.16244 -1 0.20386 -0.627307 0.33867 0.36167 -0.526543 0.549711 -0.139156 -1 0.42198 -0.62491 0.292421 -0.050637 -1 -1 -1 -0.460575 -0.583586 -1 -1 
-1 -1 -0.265435 -0.461616 -1 -0.960382 -1 -1 -0.415016 -1 -0.995556 -0.176665 -0.171539 -0.517425 -0.688561 -1 -1 -0.651975 -0.636407 -1 -1 -0.866875 -0.495541 -0.845453 -1 -1 0.59308 -0.491074 -1 0.10819 -1 -1 -1 -0.696574 -1 -0.0253474 -0.708995 -0.931455 -0.728897 -0.478747 -0.904217 -0.668366 -0.676179 -0.432878 -0.417666 -0.419834 -1 -1 -0.271798 -1 0.0906613 -1 -0.00131005 -0.271145 -0.646825 0.0460837 -0.79035 -0.815241 -0.972671 -0.626195 -0.634104 -1 -1 -1 -1 -0.916027 -0.721084 -0.351857 -0.225681 -1 0.783365 0.142712 -0.489225 1 -0.520115 -0.690376 -1 -0.567901 -0.153721 -1 -1 -0.520861 -0.447894 -0.752148 -0.663199 -0.851665 -0.168864 -1 -1 -0.792112 -0.752736 -0.884543 -1 -1 -1 -0.955536 -1 -1 -0.8045 -0.696274 -0.20781 -1 -0.761914 -1 -0.971472 -1 -1 -1 -1 -1 -0.760885 -0.89896 0.046527 -0.776962 0.0864462 -0.828755 -1 -0.279401 -1 0.274196 -1 0.624297 -0.977439 -1 0.996022 0.289043 -0.750364 0.705098 -0.401309 0.644781 -0.361274 -1 -1 -0.78282 -1 -0.583586 -1 -1 
-0.596046 -0.58376 -1 -0.603946 -0.68742 -0.701039 -1 -0.550522 -0.579662 -0.54233 -1 -0.306486 -0.841477 -1 -1 -0.38033 -0.781863 -1 -0.605518 0.667728 -1 -0.784208 0.221752 -0.712335 -1 -1 -0.360274 -0.293479 -1 -0.409113 -0.905805 -0.390334 -1 -0.497442 -0.651776 0.46695 -0.176965 -0.418377 -0.963103 -1 -0.184862 -0.826177 -0.667574 -0.872989 -0.392501 0.238234 -0.0687305 -0.366729 -0.638066 -0.630052 0.482141 -1 -1 -0.318868 -0.894373 -1 -0.126281 -0.705938 -0.767317 -0.93874 -1 0.521744 -1 -0.75557 -0.105582 -1 -0.699955 -0.339039 -1 -0.422294 -1 0.144677 -0.88014 -0.261224 -1 -0.0439778 -1 -0.489631 -1 -1 -0.969502 -0.205179 -1 -0.936492 -1 0.877399 -1 0.272975 -0.436705 -0.72451 0.0506312 -1 -0.910431 0.208762 -0.509772 -0.77874 -1 -1 -0.665533 0.687779 -0.978993 -0.233704 -0.432165 0.146797 -0.829331 -1 -0.819954 -1 -0.856764 -1 -0.957637 -0.560025 -0.807828 0.758046 -1 -0.921433 -0.108249 -1 -1 0.0948921 0.680219 -1 -1 0.514179 -1 -1 -0.1637 -1 -1 0.164755 -1 0.181327 0.153403 -1 0.0823663 0.458862 0.989971 -1 
-0.957843 -1 -1 -0.518813 -1 -0.415522 -0.679743 -1 -0.920635 -1 -1 -1 -1 -1 -1 0.129677 -0.0837889 -1 -0.66414 -1 -1 -0.708871 -1 -1 -0.289971 -1 -1 -0.778535 -0.712667 -0.514486 -1 -1 -1 -1 -0.781107 -0.623861 -1 -1 -0.969644 -0.671041 -1 -0.383055 -0.986369 -0.979172 -1 -0.65659 -1 -1 -1 -1 -1 0.126482 -1 -0.894466 -0.926121 -1 -1 -1 -1 0.417614 -1 0.843085 -1 -0.314659 -1 0.0995366 -1 -0.640387 -1 -1 -1 -1 -0.168501 -0.7162 -0.493765 -1 -0.242875 -0.797772 -0.231083 1 -0.427189 -1 -1 -0.652326 -1 -1 -0.795644 -1 -1 -1 -1 -1 -1 0.303865 -1 -1 -0.544734 -0.478985 -1 -0.136948 -0.728108 -0.898337 -1 -0.814776 -0.899152 -1 -1 -0.592809 0.505375 -1 -1 -1 -1 -0.661714 -1 0.307987 -1 -0.65368 -1 0.151254 -0.963426 -1 -1 -0.57949 -1 0.211897 -0.848154 0.791175 -1 -1 -0.794933 -0.899928 -1 -1 -0.807895 0.566477 -1 -1 
-1 -1 -0.642543 -1 -1 -0.960382 -1 -0.289877 -0.415016 -1 -0.482164 0.507655 -0.310484 -0.620732 -1 -1 -1 -1 -1 -1 -0.383525 0.289713 -1 0.223678 -1 -0.988979 -0.638567 0.173713 -1 0.10819 -0.729254 -0.934129 -1 -1 -1 -0.276328 -0.691404 -1 -0.487967 -1 -0.18343 -0.9193 -0.395929 -0.790405 -0.915757 -0.074993 -0.257721 -1 -0.271798 -1 0.0906613 -0.462564 -0.00131005 -1 -1 0.201359 -1 -1 -1 -0.31853 -1 -0.413587 -0.242541 -1 -1 -0.581064 -1 -0.82845 -1 -0.766898 0.365853 -0.0482025 -0.926504 0.0128344 -0.87252 -0.181907 -0.809026 -0.670939 -0.153721 -1 -1 -0.809062 -1 -1 -1 -1 0.363359 -0.706478 -1 0.202994 -0.752736 -0.86088 -0.985126 -0.936401 -0.711451 -1 0.0457132 -1 -0.973305 -0.462334 -0.613636 -0.642685 -1 -1 -1 -0.526372 -0.952127 -0.819307 -1 -1 -1 -1 -0.243911 -0.776962 -0.704876 -0.568649 -0.585625 -0.279401 -1 0.421719 -0.959407 0.420405 -1 -1 0.996022 0.0236384 -0.812345 0.135465 -1 0.616466 -1 -1 -1 -0.78282 -0.0498808 -0.838699 -1 -1 
-1 -1 -0.493002 -0.461616 -1 -0.960382 -1 -1 -1 -1 -0.329812 0.855649 -0.171539 -0.19 -0.688561 -1 -1 -1 -1 -1 -0.107618 -0.345646 -0.495541 -0.155689 -1 -1 0.59308 0.128448 -1 0.10819 -0.595703 -0.927393 -1 -1 -1 -0.0253474 -1 -0.931455 -0.747467 -1 -0.823621 -1 -1 -0.131575 -1 -0.501953 0.278993 -0.574352 -0.494767 -1 -1 -1 -0.00131005 -1 -1 0.691783 -1 -0.815241 -0.979917 -0.30716 -1 -0.312068 -0.672274 -1 -1 -1 -0.672108 -0.211478 -1 -0.766898 -0.652492 0.344376 -0.537451 0.928926 -0.752814 -1 -1 -0.670939 -1 -1 -1 -0.398487 -0.447894 -0.752148 -1 -0.851665 0.0474673 -1 -1 0.202994 -0.940365 -1 -0.967259 -1 -0.711451 -1 0.157464 -1 -0.8045 -1 -0.20781 -1 -0.761914 -1 -1 -0.526372 -0.615091 -0.7983 -1 -1 -0.88783 -1 -0.610397 -1 -0.796011 -0.768096 -0.195074 -0.279401 -1 0.421719 -1 0.533049 -0.977439 -0.884679 0.996022 0.289043 -1 0.83121 0.000169426 0.0139403 -0.361274 -1 -1 -0.603972 0.313277 -0.583586 -1 -0.964964 
0.12677 -1 0.919134 -1 -1 -0.863461 -0.33088 -1 -1 0.80917 -0.599868 -0.835986 -0.818116 0.514131 0.20859 0.620062 0.943304 -1 0.00117621 -0.800433 -1 -1 0.346604 -1 -0.669513 -0.0113124 -1 -0.815338 -0.527802 -0.246546 -0.711414 -1 1 -0.389736 -1 -0.190034 -1 -0.987433 -1 -1 0.5693 -1 -1 0.214505 0.773786 -0.473 0.450636 0.710556 -0.83138 -0.659005 -0.054677 -1 -1 -1 -0.925718 -0.190934 -0.199473 -1 -1 0.923679 -0.930017 -0.530894 -0.81517 -1 0.0220275 0.0703773 -1 -1 -1 -1 -0.618874 -1 -1 -1 -0.701348 -1 -0.50994 -1 -0.144598 -0.927449 -1 -1 0.511925 -1 -0.598615 0.807582 -1 -1 -0.546908 -0.693878 -0.362265 -0.464942 -0.0737915 -1 -0.848852 0.218787 -0.54777 -1 -1 0.464105 -1 -1 -0.702892 -1 -0.822412 -0.825111 -0.607978 0.326961 -0.771239 -0.565915 0.128681 -0.47583 0.366555 -0.869635 0.0724148 -0.628264 -1 -1 -1 0.529034 -1 -1 -0.357247 -1 -1 -0.124454 -1 -0.923075 -1 -1 -1 -0.969108 -1 0.145044 -0.571131 -0.658627 0.390128 -1 
-0.177973 -1 0.712142 -1 -1 -0.632546 1 -0.131415 -1 -0.273203 -0.98788 -1 -1 -0.315007 -0.520483 0.630991 -0.789277 -0.164485 -0.627962 0.260602 -0.232575 -0.209464 -1 0.654443 -0.442243 0.557301 -0.701497 -1 -0.268125 -1 -1 -1 -0.92144 -1 -0.333483 -1 0.477491 -0.290466 -1 0.0345811 -0.632032 -1 -0.949137 -1 -0.637069 -0.65659 -0.487157 -0.746795 0.401998 -1 0.107056 0.416923 0.150773 -0.819527 -0.337696 -1 -1 -0.267561 -1 0.751887 -0.496818 0.92801 -1 0.194015 -0.968285 0.0428177 -1 -0.800423 -1 -0.843666 -1 -0.204064 -0.84373 -1 0.667333 0.769231 1 0.0778558 -1 -1 -1 -1 -0.799732 -0.920351 -1 -0.94823 -1 -0.641114 -0.323875 -1 0.325006 -0.00142229 0.254848 0.427478 -1 -0.832671 -0.258067 -0.482454 -0.956003 -0.657886 -1 -1 -0.188973 -0.835952 0.0605687 0.561408 -1 0.883028 0.431335 -1 -1 -1 -0.698606 -1 -1 -0.147673 -0.64739 -1 -0.774457 0.00973308 -0.429592 -0.499177 -0.494485 -0.653352 -1 1 -0.963131 -0.667874 0.47666 -1 -1 -0.0415063 -0.759013 -0.788394 0.007781 0.740873 -1 -1 
0.701828 -0.308768 -0.550354 -1 -0.513844 -0.203304 -1 0.564678 -0.928928 -0.746066 0.0725846 -0.639346 -0.0142213 -1 0.226067 -0.730791 -0.94606 0.940683 -1 -0.457498 -1 -1 0.680259 -1 -0.516779 -0.993901 -0.626251 -0.195493 -0.696894 -1 -0.973528 -1 -0.577202 -1 -0.741196 0.0395418 -0.0129703 -1 -0.840309 -1 0.865611 -0.886927 -1 -0.607983 -0.564213 -0.419919 0.103916 -0.336714 -0.242687 -0.334731 -0.923183 0.612047 -1 -0.497976 -1 -1 -0.0841781 0.138707 -0.837005 0.356105 -0.8169 -0.0987745 -1 -1 -1 -1 -0.115787 -1 0.106306 -1 -0.627519 -0.197625 0.721901 -0.737696 -0.969359 -0.512148 -0.484373 -0.425562 -1 -1 0.0640447 -1 0.842358 -1 -0.212734 -0.169152 0.473368 -0.112965 -1 -0.871296 -0.994214 -1 -1 0.835067 -1 -0.433925 -0.612436 -0.769793 0.549469 -1 -0.960273 -1 -0.0570695 0.755812 -1 -1 -0.244777 -1 0.521581 -1 0.924421 0.676163 0.41096 -1 -1 -0.597432 -0.681376 0.99617 -0.30772 -1 0.0611959 -1 0.8414 -0.30937 0.0251448 0.336767 -0.924623 -1 0.775697 -0.248268 -1 -1 -1 -0.162917 -1 0.355729 -0.125347 -0.786702 
-0.619972 0.864251 0.430819 0.821032 -0.0954272 0.609368 0.832273 -0.791008 0.354957 0.413839 0.410392 -0.51727 -0.525808 0.0186025 0.44485 -0.0352951 -0.842014 0.914756 -0.387627 -0.595591 -0.912391 -0.402401 0.950006 -0.72213 -0.706923 0.859896 -0.908936 0.639484 -0.735696 0.0967561 -0.811463 0.661983 -0.189466 0.462248 0.0588373 0.342023 0.102889 0.723951 -0.860076 0.13221 -0.813382 -0.757656 0.248755 -0.289528 -0.192107 0.267719 0.44587 -0.757591 -0.467954 0.313484 0.284654 -0.535663 -0.00395477 0.43027 -0.734922 -0.0257562 -0.11216 0.731039 0.328247 -0.300321 0.808376 -0.9178 -0.2694 -0.0876131 -0.307436 0.0665711 -0.533484 0.713645 0.174426 0.265682 0.196362 -0.805025 0.840668 -0.497018 0.0647311 -0.897213 0.993116 0.705549 0.63184 -0.470919 0.389609 0.0635512 -0.913581 -0.296304 0.754763 -0.0401037 0.714054 -0.161662 0.184196 0.11262 -0.176308 0.680702 -0.846324 -0.383455 -0.223106 0.309423 -0.159014 0.967099 -0.471669 -0.495946 0.607838 0.604005 0.116754 -0.0351503 0.177376 0.262641 0.557077 -0.104751 -0.798116 -0.565155 -0.0786909 -0.428843 -0.764354 0.885368 -0.288146 -0.447026 -0.547498 -0.960513 -0.147091 -0.696207 0.875182 0.255616 -0.896744 0.780178 0.796652 -0.69153 -0.793277 0.392549 -0.607884 0.763822 -0.0114723 -0.00747794 0.0679637 -0.428727 -0.534157 -0.528545 -0.71317 -0.799897 
-1 -1 -0.493002 -0.461616 -1 -0.960382 -1 -1 -1 -1 -0.329812 0.855649 -0.171539 -0.00651233 -0.688561 -1 -1 -1 -1 -1 -0.107618 0.168072 -0.495541 -0.155689 -1 -1 0.59308 0.128448 -1 0.10819 -0.729254 -0.927393 -1 -1 -1 -0.0253474 -1 -0.931455 -0.747467 -0.373273 -0.823621 -1 -0.676179 -0.131575 -1 -0.501953 0.0272529 -0.793208 -0.494767 -1 -1 -1 -0.00131005 -1 -1 0.691783 -1 -0.815241 -0.979917 -0.252629 -1 -0.312068 -0.568211 -1 -1 -1 -0.672108 -0.211478 -0.225681 -0.766898 -0.00186557 0.544593 -0.537451 0.928926 -0.752814 -0.553827 -1 -0.670939 -0.644603 -1 -1 -0.398487 -0.447894 -0.752148 -1 -0.851665 0.0474673 -1 -1 0.202994 -0.940365 -1 -0.967259 -1 -0.711451 -1 0.157464 -1 -0.8045 -1 -0.20781 -1 -0.761914 -1 -1 -0.526372 -1 -0.7983 -1 -1 -0.88783 -0.89896 0.392249 -1 0.135748 -0.768096 -0.585625 -0.279401 -1 0.421719 -1 0.533049 -0.977439 -0.884679 0.996022 0.289043 -1 0.83121 0.000169426 0.581798 -0.361274 -1 -1 -0.78282 0.313277 -0.583586 -1 -0.964964 
-1 -1 0.086289 -0.945384 -1 -0.830048 -0.962725 -1 -1 -1 -0.482164 1 -0.171539 -1 -1 -1 -1 -1 -1 -1 -0.107618 -0.883543 -1 -0.155689 -1 -1 0.162649 0.128448 -1 0.10819 -1 -0.468802 -1 -0.63505 -0.992066 -0.894911 -1 -0.931455 -0.85895 -0.211428 -0.233975 -0.27181 -0.920392 -0.432878 -1 -0.280891 -0.257721 -1 -0.467025 -1 0.0906613 -1 0.0336956 -1 -1 0.982649 -0.919187 -1 -1 0.0785411 -1 -0.999881 -0.479402 -1 -1 -1 -0.545069 -1 -0.593702 -0.88457 0.783365 0.142712 -0.982903 0.549045 -0.911192 -0.727155 -1 -0.906817 -0.440033 -1 -1 -0.520861 -0.736987 -1 -1 -0.769105 -0.168864 -1 -1 -1 -1 -1 -0.967259 -0.776352 -0.441744 -1 -0.299138 -1 -0.8045 -0.680546 -1 -1 -0.761914 -0.82636 -1 -1 -1 -1 -1 -0.840822 -1 -1 0.64583 -0.776962 0.0864462 -0.828755 -1 -0.279401 -1 0.299004 -1 0.754816 -0.761115 -1 0.996022 -0.244087 -1 0.712474 -1 -0.768764 -0.418868 -1 -1 -0.78282 -1 -1 -1 -0.964964 
-0.982795 -0.919934 0.086289 -0.461616 -1 -0.960382 -1 -0.289877 -0.415016 -0.894276 -0.482164 0.855649 -0.171539 -0.306164 -0.688561 -0.853692 -1 -1 -1 -1 -0.107618 0.289713 -0.330478 -0.155689 -1 -1 -0.322343 -0.0653951 -0.830663 -0.875984 -0.729254 -1 -1 -0.979687 -1 -0.0253474 -0.778674 -0.931455 0.0702699 -0.478747 -0.147159 -0.668366 -0.676179 -0.432878 -0.417666 -0.074993 -0.127904 -1 -0.792118 -1 -0.661997 -0.987215 -0.00131005 -1 -1 0.960236 -1 -1 -0.979917 -0.262563 -1 -0.760018 -0.130428 -1 -1 -0.937635 -0.721084 -0.351857 -0.740509 -0.766898 0.783365 -0.545617 -1 0.928926 -0.752814 -0.63695 -0.809026 -1 -0.62993 -1 -0.817707 -0.398487 -0.447894 -0.752148 -1 -0.851665 0.363359 -1 -1 -0.0508574 -0.419681 -1 -0.967259 -1 -0.744756 -1 0.157464 -1 -0.8045 -0.462334 -0.198468 -1 -0.761914 -1 -1 -0.633537 -1 -0.900689 -1 -1 -0.88783 -1 0.392249 -1 0.0864462 -1 -0.537029 -0.279401 -1 0.421719 -1 0.624297 -1 -1 0.416765 0.12671 -1 0.705098 0.000169426 0.150582 -0.361274 -1 -1 -0.78282 -0.0498808 -0.583586 -1 -0.964964 
-1 -1 1 -0.382637 -1 -0.960382 -1 -0.289877 -0.415016 -1 -1 0.855649 0.254892 -0.0801037 -1 -1 -1 -1 -1 -0.728107 -0.107618 -0.50793 -0.764765 -0.732744 -1 -1 0.0411297 0.128448 -0.623551 -0.575495 -0.729254 -0.806652 -0.702057 -1 -1 -0.600144 -0.625506 -0.114768 0.129616 -0.478747 -0.300606 -1 -0.676179 -1 -1 -0.229643 -1 -1 -0.222198 -1 -1 -1 -0.286893 -1 -0.68525 0.982649 -1 -1 -1 -0.757826 -1 0.170212 -1 -0.943203 -1 -1 -0.434834 -0.49074 -0.384658 -0.766898 0.749887 0.455897 -0.572245 0.776822 -1 -0.553827 -1 0.556966 -0.747826 -1 -0.844244 -1 0.489004 -0.676968 -1 -1 0.0336669 -1 -0.701057 0.140991 -1 -1 -1 -1 -0.260152 -0.587499 0.157464 -1 -1 -0.462334 0.148366 -1 -0.761914 -1 -0.905886 -1 -1 -0.993183 -1 -0.673313 -0.6929 0.243423 0.127273 -1 0.0864462 -0.530416 -1 -0.279401 -1 0.792821 -1 0.608426 -1 -1 0.996022 0.541357 -1 -0.43126 -0.622113 0.280016 -0.38125 -1 -1 -0.78282 -1 -0.583586 -1 -0.977111 
0.12677 -1 0.919134 -1 -1 -0.863461 -0.33088 -1 -1 0.80917 -0.599868 -0.835986 -0.818116 0.514131 0.20859 0.620062 0.943304 -1 0.00117621 -0.800433 -1 -1 0.346604 -1 -0.669513 -0.0113124 -1 -0.815338 -0.527802 -0.246546 -0.711414 -1 1 -0.389736 -1 -0.190034 -1 -0.987433 -1 -1 0.5693 -1 -1 0.214505 0.773786 -0.473 0.450636 0.710556 -0.83138 -0.659005 -0.054677 -1 -1 -1 -0.925718 -0.190934 -0.199473 -1 -1 0.923679 -0.930017 -0.530894 -0.81517 -1 0.0220275 0.0703773 -1 -1 -1 -1 -0.618874 -1 -1 -1 -0.701348 -1 -0.50994 -1 -0.144598 -0.927449 -1 -1 0.511925 -1 -0.598615 0.807582 -1 -1 -0.546908 -0.693878 -0.362265 -0.464942 -0.0737915 -1 -0.848852 0.218787 -0.54777 -1 -1 0.464105 -1 -1 -0.702892 -1 -0.822412 -0.825111 -0.607978 0.326961 -0.771239 -0.565915 0.128681 -0.47583 0.366555 -0.869635 0.0724148 -0.628264 -1 -1 -1 0.529034 -1 -1 -0.357247 -1 -1 -0.124454 -1 -0.923075 -1 -1 -1 -0.969108 -1 0.145044 -0.571131 -0.658627 0.390128 -1 
-0.867872 -0.131602 0.61778 -6.83367e-05 -1 -0.809387 -0.607507 -0.876902 -0.615573 -0.893002 -0.796273 0.624275 0.0393164 -0.709633 -1 -0.681742 -1 -1 -1 -1 -0.365819 -1 -1 -0.910706 -1 -1 0.643294 0.76757 -1 -0.823158 -0.0996338 -1 -0.615096 -1 -1 -0.713528 -0.640485 -1 -1 -0.953683 -1 -1 0.772732 -1 -1 -0.24697 -0.380103 0.235161 -0.678551 -1 -1 -1 -1 -1 -0.902314 -1 -1 -0.971777 -1 -1 -1 -1 0.831896 -0.389475 -1 -0.640978 -0.65495 -1 -1 -1 0.681534 -1 -0.884355 0.525125 -0.00731966 -0.850324 -0.512623 -0.714357 -1 -1 -0.407103 -0.0782278 -1 -0.370608 -0.886184 -1 -0.177534 -1 -1 -0.821197 -1 -1 -1 -1 -0.769765 -0.846705 -0.996832 -1 -0.458919 -1 -1 -1 -1 -0.653545 -0.494495 -0.861761 -0.650537 -0.553755 -0.859619 -0.770073 -1 -0.798633 0.0915919 -1 -1 -1 -1 -0.251526 -0.537855 0.34415 -1 0.232415 -0.841318 0.214982 -1 0.450213 -1 -0.163128 0.00756958 0.112903 -1 -1 -1 -0.630664 -1 -1 -1 -1 
-1 -1 0.589459 -0.605672 -0.746815 -0.865804 -1 -1 -1 -0.686105 -1 -0.841753 0.412792 -0.719597 -0.606134 -0.851329 -0.66307 -1 -1 -1 -1 0.289713 -0.960927 -1 -1 -0.818294 0.492417 1 -1 -1 -0.596281 -0.16294 -1 -1 -1 0.125108 -1 -1 -0.868541 -1 -0.399472 -1 0.571132 -1 -1 -1 -0.205026 -0.874793 0.909089 -1 -0.33257 -0.749479 -0.647898 -0.60951 -1 0.384919 -0.846245 -1 0.0961196 -1 -0.63354 -1 -0.114935 -1 -1 -1 -1 -1 -0.873493 -0.513501 -1 0.247798 -0.887211 -0.203825 -1 -0.560605 -1 -0.18615 -0.720362 -1 -0.950785 -1 -0.786181 -1 -0.637979 -0.901531 -0.947406 -1 -1 -0.966963 -1 -1 -1 -1 -0.757604 -1 0.0410666 -1 -1 -0.622016 -0.863229 -0.739499 -1 -1 -0.837314 -1 -1 -1 -1 -1 -0.755416 -1 -0.623334 -1 -0.881167 -0.952407 -1 -1 -1 0.427472 -1 0.458773 -0.713877 -1 -1 -0.000662535 -1 0.270592 0.254483 -0.31781 0.211595 -0.777971 -1 -1 -1 -1 -1 -1 
-1 -1 -1 -0.892173 0.523075 -0.805801 -1 -1 0.73199 0.000503212 0.41271 -0.665934 -0.777748 -0.859831 0.249643 -1 -0.992928 0.182832 -1 -1 -0.260757 -0.143498 -1 -0.633003 -1 -0.997271 -1 -0.571095 -0.909324 -1 -0.788165 0.182736 0.130386 -1 -1 -1 -1 -1 0.509288 -1 -1 -0.671796 -0.715652 -1 0.269259 -0.906751 -1 -1 -1 -0.675093 -0.736627 -1 -1 -0.813586 -1 -1 -1 -1 -1 -0.180204 -0.944894 -1 -1 -1 -1 -1 -1 -1 -1 -1 -1 -1 -0.768887 -0.652206 -1 -0.683842 -1 -0.0885442 -1 -1 -1 -1 -1 -0.842273 -1 -1 -1 -0.228275 -0.274949 -1 -1 -1 -0.927285 -0.755804 -1 -1 -0.156746 -1 -0.667559 -0.841597 -0.525558 -1 0.0496182 -1 -1 -1 -1 -0.699177 -1 -0.628905 -1 -1 -1 -0.182471 -1 -1 -0.843673 -0.866097 -0.785199 0.325364 -1 -1 -1 -1 -1 -0.209436 -1 -0.628194 -0.0936667 -1 -0.702529 -1 -1 -1 -1 -1 -1 -0.706403 
-0.987473 -1 1 -1 -1 0.78233 -1 -1 -1 -0.873598 -1 0.364102 -0.703087 -1 -1 0.0853544 -1 -1 -1 -1 0.314257 -1 -0.875253 -1 -0.513092 -1 -0.882972 -1 -1 -1 -0.294648 -1 -0.954394 -0.573606 -1 -0.758436 -1 -1 -1 -1 -0.996749 -1 -1 -1 -0.137679 -0.547166 -0.585672 -0.744958 -1 -0.521136 -1 -1 -1 -1 -0.905396 -1 -0.452257 -1 -1 -1 -0.37393 -0.951856 -1 -1 -1 -1 -1 -1 -1 -1 -0.912593 -1 -0.882278 -1 0.372312 0.0690459 -1 -1 -1 -0.242513 -1 -1 -0.951259 -0.131969 -0.962198 -0.504602 -1 -0.929051 -0.319242 0.219615 0.760378 -1 -1 -1 -0.908351 -1 -0.272765 -1 -0.927512 -0.808778 -0.604942 -1 -0.631646 -0.197397 -1 -1 -1 -1 -0.272832 -1 -1 -1 -0.672513 -0.839558 -0.874774 -1 -0.480144 1 -0.357631 0.565812 -0.770749 -1 -0.947712 -1 -0.240402 -1 0.111258 0.789105 -1 -1 -1 -0.81867 -0.255862 -0.90378 -1 -1 -1 -1 
-1 -1 -1 -0.709484 0.977614 -0.346957 -1 -0.272456 -0.120934 0.202982 -0.694786 -1 -0.296345 -0.997203 -1 -0.284846 -1 0.76142 -0.798125 -0.489852 -1 -0.143498 -0.495469 -0.726478 -1 -0.997271 -0.95927 -0.597591 -1 -1 -0.788165 -0.348251 -1 -1 -1 -0.398423 -1 -1 -0.240977 -0.881491 -1 -1 -1 -1 0.269259 -1 -1 -1 -1 -1 -0.758503 -1 -1 -0.915695 -0.801237 -1 -1 -1 -1 -0.817706 -1 -1 -1 -0.977264 -1 -1 -1 -1 -1 -1 -1 -1 -1 -1 -1 -1 -1 1 -1 0.00619659 -0.736499 -0.650388 -1 -0.862722 -1 -1 -1 -0.0481375 -1 -0.712019 -1 -0.667043 -0.672606 -1 -0.685924 -1 -0.156746 -1 -0.88926 -1 -1 -0.940881 -0.287526 -0.50743 -0.335717 -0.959737 -1 -0.266897 -0.80712 -0.247209 -0.655653 -1 -1 -0.983238 -1 -0.400527 -1 -0.502605 -1 -1 -0.772052 -1 -1 -0.816469 -1 0.989164 1 -0.533269 0.319827 -1 -0.702529 -1 -1 -1 -1 -0.938307 -1 -1 
-0.671717 -0.365917 -0.67205 -0.903755 0.285689 -0.965522 -0.501038 -0.00254291 -0.707532 -1 0.797422 0.587781 0.213565 -1 -0.857183 -1 -0.743404 -0.56645 -1 -0.462198 -0.862218 -0.944585 -1 -1 -0.757079 0.997341 0.92304 -1 -0.534608 -1 -0.111743 -1 0.282957 0.885497 -0.657098 -0.639911 -0.349426 0.249029 -1 0.678528 -0.844779 0.690217 0.892436 -1 -0.419939 0.0203953 -0.456208 -0.470435 -1 -0.161057 -0.499668 -1 0.263526 0.104119 0.700515 0.182992 -0.497191 -1 0.505912 -0.876653 -1 -0.0733587 -0.627339 -1 0.943885 1 -0.811843 -1 -1 -1 -0.908982 0.226353 0.0773389 0.292126 0.497007 -0.957494 -0.995605 -0.561864 -0.432651 -0.0704718 -0.98366 -1 -0.0967309 -1 -0.21816 -0.0413258 0.415274 -0.34658 -0.129232 -0.586997 -0.793416 0.569851 -0.373668 -0.633931 0.0218759 -0.537362 -0.312688 0.687635 -0.0910508 -0.867303 0.0800248 -1 -0.248669 -0.34475 -0.0281741 -0.471492 -0.510471 -1 -0.504777 0.480132 -0.891377 -1 0.714478 0.724976 0.645072 -0.662217 -1 -0.414677 -1 0.373106 0.1842 -1 -1 -1 0.33001 -1 -0.657078 -0.275947 -0.182198 -0.340621 -0.317022 -0.840443 -0.870998 0.226782 0.841393 -0.961558 0.0529453 -0.653861 
-0.945065 -0.721896 -0.071749 0.529396 0.583123 1 0.704976 -1 -0.20981 0.519517 -1 -1 -1 0.978374 0.992892 0.288801 0.513797 0.935593 -1 -0.129426 0.696827 0.0559593 -1 0.918407 -0.743319 -1 0.0962549 -0.500866 -0.437622 0.94881 -0.980565 0.770582 -0.481119 0.54154 0.0723573 -1 -0.178553 0.551914 -0.982493 -0.0530396 -1 -0.37267 -1 0.238566 -0.675209 0.124529 -0.112634 -0.383905 -1 -0.312531 -1 -1 -0.135078 -0.419025 -1 -0.21595 0.308074 -1 -1 0.985073 0.10497 0.696769 0.88317 -0.521155 -1 0.535991 0.140437 0.247382 0.135446 -0.336709 -0.631696 0.821949 -0.582724 -0.232827 0.422451 -0.436779 0.247494 -0.706349 -0.992218 -0.21829 -0.47567 0.608409 -1 -1 -0.67958 -0.12893 0.204771 -0.185708 -0.29378 0.174719 0.400354 -1 0.399241 1 0.113747 -1 -0.504624 -0.526583 -0.3653 -0.0731403 0.476336 -0.289407 -0.132847 -0.0812463 0.431645 -0.260266 0.751 -0.0505062 -0.214783 0.235204 0.243537 0.347354 -0.465188 -0.00408617 -0.649998 -0.557583 0.0194604 -1 -1 0.0484508 -0.557231 0.301268 0.305056 0.657923 -0.261022 -0.985026 -0.852974 0.733683 0.633506 0.447793 0.3187 -0.375362 0.416308 -0.608415 -0.369138 0.859236 0.469623 -1 
-1 -1 -0.545963 -1 -1 -0.227174 -1 -1 -1 -0.0923006 -1 0.131247 -1 -1 -0.98543 -0.519601 -0.688065 -1 -1 -1 -0.0114942 -1 -1 -1 -1 -0.756904 -1 -1 -0.608903 -1 -0.0572325 -0.924448 -0.954394 -0.573606 -0.747362 -1 -1 -1 -0.532872 -1 -0.954719 -1 -1 -1 -1 -1 -1 -1 -1 -1 -1 -1 -1 -1 -1 -1 -0.349913 -1 -1 -1 -0.639167 -1 -0.967392 -1 -1 -1 -0.44072 -1 -1 -1 -1 -1 -1 -1 0.572335 0.173928 -0.927799 -1 -0.955155 -0.19629 -0.919761 -1 -0.773396 -0.844365 -1 0.843481 -0.799229 -0.631242 -1 -1 0.760378 -1 -1 -1 -1 -1 -0.16555 -0.887773 -1 -1 -1 -1 -1 -0.398022 -0.864874 -0.127203 -1 -0.623965 -0.139531 -1 -1 -0.960849 -1 -1 -0.688032 -1 -1 1 -0.108356 0.558201 -0.653428 -1 -1 -1 -0.908467 -1 -1 -0.784749 -1 -0.909884 -0.76686 -1 -0.406616 -1 -0.573134 -1 -1 -1 
-1 -1 1 -1 -1 1 -1 -0.748426 -1 -0.313363 -1 0.131247 -0.952498 -1 -1 -0.519601 -0.688065 -1 -1 -0.685154 0.652239 -1 -1 -0.637754 -0.642627 -0.968646 -0.882972 -0.65517 -1 -1 -0.421827 -1 -0.954394 -0.613601 -1 -0.758436 -1 -1 -0.891446 -1 -1 -1 -1 -0.9518 -0.137679 -0.241008 -1 -1 -0.749216 -0.681693 -1 -1 -1 -1 -1 -1 -0.0618083 -1 -1 -1 -0.37393 -0.7452 -1 -1 -1 -0.81889 -1 -1 -1 -1 -1 -0.640679 -1 -1 0.509844 0.123314 0.0385188 -1 -1 -0.458624 -1 -1 -1 -0.131969 -0.38484 0.612332 -0.799229 -0.929051 -0.523804 0.0105196 0.760378 -0.0704647 -1 -1 -0.908351 -0.202295 -0.272765 0.110195 -1 -1 -1 -1 -1 -0.575267 -1 -1 -1 -1 -0.272832 -1 -0.774097 -1 -0.93503 -1 -1 -1 -0.480144 1 -0.832647 0.558201 -0.143821 -1 -0.947712 -1 0.0215898 -0.739308 -1 0.252856 -1 -0.842067 -1 -1 -0.406616 -1 -1 -1 -1 -1 
-1 -1 1 -1 -1 0.936099 -1 -0.748426 -1 -0.313363 -1 0.131247 -0.952498 -1 -1 -0.519601 -0.688065 -1 -1 -0.685154 0.652239 -1 -1 -0.637754 -0.642627 -0.968646 -0.882972 -0.65517 -1 -0.949514 -0.0572325 -1 -0.954394 -0.573606 -1 -0.758436 -1 -1 -0.891446 -1 -1 -1 -1 -0.9518 -0.137679 -0.498237 -0.909969 -1 -0.749216 -0.521136 -1 -1 -1 -1 -1 -1 -0.300895 -0.697978 -1 -1 -0.37393 -0.7452 -1 -1 -1 -0.81889 -0.44072 -1 -1 -1 -1 -1 -1 -1 0.572335 0.123314 0.0385188 -1 -1 -0.458624 -1 -1 -1 -0.131969 -0.38484 0.612332 -0.799229 -0.929051 -0.523804 0.0105196 0.760378 -0.0704647 -1 -1 -0.908351 -0.202295 -0.272765 0.110195 -1 -1 -0.323354 -1 -1 -0.575267 -1 -0.824229 -1 -1 -0.272832 -1 -0.774097 -1 -0.93503 -1 -1 -1 -0.480144 1 0.257263 0.558201 -0.143821 -1 -0.947712 -1 0.0215898 -0.739308 -0.145676 0.252856 -1 -0.979739 -1 -1 -0.406616 -1 -1 -1 -1 -1 
-1 -1 0.292318 0.585913 -1 -0.861718 -0.203919 -0.826228 -0.820737 -1 -0.233489 0.366509 -0.0648379 -0.910455 -1 -1 -1 -1 -0.74731 -1 0.00810057 0.0988848 -0.133346 -0.759581 -1 0.122264 -0.244764 0.94084 -1 -1 0.329955 -1 -1 0.390152 -1 -0.496546 -0.53438 -0.477814 0.467227 -1 -0.242685 -1 0.470678 -0.734214 -0.32277 -1 -0.94195 -0.192962 -0.486753 -1 -0.824878 -1 0.510022 -0.656295 -0.863498 0.982649 -1 -1 0.0895119 -1 -0.884481 0.271436 -0.00208846 0.742584 -1 -1 -0.352444 -0.794876 0.400773 -0.459607 0.539464 0.0295976 -1 0.67573 0.0187114 0.0116411 -1 1 -0.66268 -0.484084 1 -1 -0.548137 -0.783759 -1 -0.901123 0.258087 -1 -1 -0.854409 -1 -1 -1 0.436218 -0.216002 -1 -0.0615074 -0.834436 -1 -0.602448 0.229723 -1 -0.606214 -1 -0.226314 -1 -0.572279 -0.0878238 0.0383363 -1 -0.505975 -0.555663 0.0790853 -1 0.0864462 -1 0.472466 0.198042 -1 -0.072699 -1 0.624297 0.448167 -0.321227 0.654879 -0.0891678 -1 0.472471 -0.408779 0.498204 -1 -0.957583 -1 -1 -0.301703 -0.575345 -1 -1 
0.893162 0.0897747 -1 -0.784705 -1 -1 0.127677 -0.131415 -0.732178 -0.796656 -1 -1 -1 -0.0971515 -0.325586 -0.636853 -0.150911 -0.164485 -0.448729 0.0999902 -0.831497 -1 -0.929104 0.473918 -0.766719 -0.458148 -1 -0.768255 -1 -0.907218 -0.478395 -0.389327 -0.800228 -0.825993 -0.716151 -1 0.319091 -1 -1 0.077503 -1 -1 -1 -1 -1 -0.668893 -0.487157 -0.662198 -0.530412 -1 0.107056 -1 -0.788824 -1 -0.439867 -1 -0.612937 -0.70061 -1 -0.564703 -1 -1 -1 -1 -1 -0.91579 -1 -1 -0.652635 -1 -1 0.129523 -1 -0.842177 -0.599341 -0.278664 1 -1 -1 0.439015 0.0348936 -1 -1 -1 -1 -1 -1 0.0663087 -0.925515 -1 -0.161822 -0.134356 -0.329486 -1 -0.422188 -1 -1 -1 -1 -0.690844 -1 -0.803408 -0.169566 -0.792321 0.14107 -0.892028 -0.499046 -0.176574 0.296885 -1 -1 -0.944431 -1 -1 -1 0.303677 -1 0.280296 -1 -1 -0.675159 -1 -0.494485 -1 -1 0.484087 -1 -1 -0.38458 -0.869404 -0.425141 -1 -0.701005 -1 -0.748049 0.740873 -1 -1 
-1 -0.371207 0.611288 -0.359129 -0.869107 -0.908848 -1 -1 -1 -1 -0.879827 0.305822 -0.297693 -1 -1 -1 -1 -0.404576 -0.873332 -0.804824 0.131675 0.570736 -0.867141 -1 -1 -1 0.564744 0.814762 -1 -1 0.297105 -1 -1 -1 -1 -1 -0.432076 0.0947458 0.815547 -0.872226 -0.584935 -0.994562 0.69031 -0.867879 -0.872777 -0.744542 -0.579074 0.248123 -0.202997 -1 -1 -1 -1 -1 -1 -0.4284 -0.406507 -0.679049 0.0764374 -0.37131 -1 0.0114627 0.0529757 -1 -1 -0.912899 -0.133657 -1 0.141852 -0.82822 0.197137 1 -1 0.593373 0.217794 -0.799344 -0.00812185 0.0729243 -1 -1 -0.794456 -0.477579 -0.0163818 -0.744918 -0.427906 -0.598697 -0.101359 -1 -1 -0.579695 -0.5633 -1 -1 -1 0.298662 -1 -1 -0.690228 -1 -0.628867 0.339759 -0.989161 -0.305852 -1 -1 -0.200822 -1 -1 -1 -0.807234 -1 -0.990143 -0.0245295 -1 -0.141388 -0.91825 -0.979517 0.0387259 -0.826033 0.124315 -0.627307 0.624297 -1 -0.231343 0.213272 -0.00164914 -1 -0.0354781 -0.244103 0.0414011 -1 -1 -0.666678 -0.29928 0.129393 -0.583586 -0.67373 -1 
-1 -0.653674 -1 -0.448014 -0.0203163 -0.507246 0.127807 -1 -1 -1 -1 -0.907764 -0.0483505 -0.805252 -0.966947 -1 -1 -0.995025 -0.676343 -1 -0.598607 -1 -1 -1 -1 -0.736035 -1 -1 -0.6619 0.0844085 -1 -1 0.414811 -0.853971 -0.398575 -1 -1 -0.621897 0.379658 -1 -1 0.137432 -1 -1 0.50932 -1 -1 -0.92616 -0.915697 -1 -0.867373 -1 -0.839001 -0.182065 -0.416394 -0.817023 -0.998875 -0.983676 -1 -1 -1 -0.253275 -1 -1 -0.75816 -1 -1 -1 -1 -0.959944 -0.147908 -1 -0.603597 -1 -1 -1 -1 0.456936 -1 -0.936135 -1 -0.0106257 -1 -1 -0.688266 0.842661 -1 -0.962389 -1 -0.231472 -1 -1 0.0628324 -1 -0.660448 -0.83595 -0.87833 -1 -1 -1 -1 -1 -0.37847 -1 -1 -1 -1 -1 -0.918205 -0.551592 -1 -1 -0.26644 0.275862 -0.910392 -1 -1 -1 -1 -0.583011 -1 -1 -0.871738 -1 -1 0.927016 -1 -1 -0.710367 -1 -1 -0.996131 -1 -0.656058 -0.923972 0.362568 -1 -1 
-1 -0.325176 -1 -0.709484 0.977614 -0.346957 -0.742992 -0.614756 -1 0.202982 -1 -1 -0.296345 -1 0.091794 -0.0690182 -0.786992 0.571811 -0.764868 -0.489852 -1 -0.690818 -1 -0.807502 -0.852981 -1 -1 -0.364217 -1 -0.615321 -0.788165 -0.435186 -0.709999 -1 -1 -1 -1 -1 -0.513864 -1 -0.867736 -1 -1 -1 0.528661 -1 -1 -1 -1 -1 -0.758503 -1 -1 -1 -1 -1 -1 -1 -0.728079 -0.178204 -1 -1 -1 -1 -0.994052 -1 -1 -1 -1 -1 -1 -0.522105 -1 -1 -1 -1 -1 0.33882 -0.778767 -1 -0.450846 -0.977592 -1 -1 -0.764044 -1 -1 -0.0481375 0.0232761 -1 -1 -1 -0.665588 -0.752774 -0.560174 -0.833443 -0.156746 -0.765984 -1 -1 -1 -1 -0.42383 -0.50743 -0.335717 -0.959737 -1 -0.573855 -0.486627 -0.677247 -0.456374 -1 -1 -0.652255 -1 -0.760377 -0.803553 0.175395 -0.859393 0.0814014 -0.984353 -0.32495 -1 -0.908994 -1 0.989164 0.311976 -1 0.582018 -0.910678 -0.58782 -1 -1 -1 -0.984459 -1 -1 -1 
0.370875 -0.116672 0.712142 -1 -1 -0.632546 0.953357 -0.171152 -1 -0.273203 -0.039605 -0.778781 -1 -1 -0.124276 -0.0086683 -0.174462 -0.761682 -0.761669 0.677963 -0.232575 -0.209464 -0.761289 0.676926 -0.442243 -0.176605 -1 -0.876904 -0.268125 -1 -0.703561 -0.545532 -0.92144 -1 -0.673702 -1 0.177138 -1 -0.969561 -1 -1 0.383297 -1 -1 -1 -0.65659 -1 -1 0.532218 -1 0.107056 0.157239 0.150773 -0.876317 0.131639 -0.785402 -1 -0.267561 -0.911839 -0.691504 -0.496818 1 -0.831446 -0.85575 -0.968285 0.0428177 -1 -0.79627 -1 -1 -0.882315 -0.204064 0.458334 -1 0.425936 0.763558 0.391175 0.238139 -0.011711 0.426192 -0.525405 -0.976687 -1 -0.807664 -1 -0.870389 -1 -1 -0.890493 -0.810088 0.325006 0.955563 -1 0.133008 -1 -0.980495 0.00449979 -0.101453 -1 -0.828915 -1 -1 -0.687237 -0.789578 -0.49359 0.561408 -0.0164219 0.472407 0.431335 -1 -1 -1 -1 -1 -1 0.0693244 -1 0.32284 -0.653275 -0.100128 -0.429592 -0.637502 -1 -0.653352 -1 1 -1 -0.0523019 -0.564502 -0.53889 -1 -0.79792 -0.759013 -1 -1 -0.699761 -1 -1 
-1 -1 1 -1 -1 0.936099 -1 -0.748426 -1 -0.313363 -1 0.131247 -0.952498 -1 -1 -0.519601 -0.688065 -1 -1 -0.685154 0.652239 -1 -1 -0.637754 -0.642627 -0.968646 -0.882972 -0.65517 -1 -0.949514 -0.0572325 -1 -0.954394 -0.573606 -1 -0.758436 -1 -1 -0.891446 -1 -1 -1 -1 -0.9518 -0.137679 -0.498237 -0.909969 -1 -0.749216 -0.521136 -1 -1 -1 -1 -1 -1 -0.300895 -0.697978 -1 -1 -0.37393 -0.7452 -1 -1 -1 -0.81889 -0.44072 -1 -1 -1 -1 -1 -1 -1 0.572335 0.123314 0.0385188 -1 -1 -0.458624 -1 -1 -1 -0.131969 -0.38484 0.612332 -0.799229 -0.929051 -0.523804 0.0105196 0.760378 -0.0704647 -1 -1 -0.908351 -0.202295 -0.272765 0.110195 -1 -1 -0.323354 -1 -1 -0.575267 -1 -0.824229 -1 -1 -0.272832 -1 -0.774097 -1 -0.93503 -1 -1 -1 -0.480144 1 0.257263 0.558201 -0.143821 -1 -0.947712 -1 0.0215898 -0.739308 -0.145676 0.252856 -1 -0.979739 -1 -1 -0.406616 -1 -1 -1 -1 -1 
0.197075 -1 -1 -0.259688 0.107233 0.16632 -0.528594 -0.820447 -0.045618 -0.0174188 -1 -1 -1 -0.875972 0.780698 -1 -0.863274 -1 -0.709397 -0.515395 -0.924419 0.91469 0.0231667 -0.903445 -1 -0.87151 -1 -0.0890297 -0.0644411 0.900411 -0.267572 -1 -0.322104 -1 0.762834 0.883015 -0.236646 0.179047 1 -0.329801 -0.415349 -0.121646 -0.74932 -0.145038 -0.810124 -1 -0.696863 -0.787787 -1 -0.594096 -1 -0.771929 0.585053 0.0787785 -0.244071 0.0064581 -0.124129 -0.572125 0.106327 0.541827 -0.623364 -0.585537 -1 -1 -1 -0.254956 -1 0.370671 -0.229115 0.850581 -0.563372 -0.892257 -0.88884 -0.816104 -1 0.353483 0.239676 -0.344395 1 -0.459831 0.292779 -1 -0.466926 -0.645039 -0.469205 -1 -0.92292 -0.492885 -0.392095 -0.150027 0.429853 0.321908 -1 -0.0374721 -1 -0.0848107 -1 -1 -1 -0.585088 0.645082 -0.669529 -0.387491 -0.752434 0.275402 -0.512303 -0.95593 0.603756 -0.563638 -1 -1 -0.01973 -1 -1 0.33021 -0.995052 -1 -0.220943 -0.0846275 0.434615 0.02257 0.150382 -0.912356 -0.317139 0.183212 0.0932416 0.0731639 0.763241 -0.901775 -1 -0.161124 -1 -1 -1 0.46049 0.0644925 0.859238 0.181653 
-0.981648 0.269046 0.147576 0.2768 0.11064 0.586733 0.27965 -0.311084 -0.703227 0.0484741 -0.253963 -1 -0.891188 -1 -0.303632 0.22598 -0.765785 -0.4082 0.595844 0.675925 -1 -0.877622 0.865692 -0.161951 0.604884 0.128669 -0.141098 0.613216 -0.890612 1 -0.106072 -0.0139418 0.979906 0.891345 -0.672303 -1 0.173653 0.772958 -0.030454 -0.282649 -1 -0.208941 0.265614 0.0211526 -0.0637063 0.353717 -0.0264179 0.131944 -0.997538 -0.412361 -0.725303 1 -0.618267 -0.636937 0.539546 0.606096 0.944141 0.540084 -0.892227 0.342658 -0.69631 -0.850028 0.323444 -0.959357 -0.613497 -1 -0.527184 -0.652514 -0.0642003 0.694993 -1 -0.110228 -0.0418353 0.844015 -0.470544 0.47601 -0.0653854 -0.797633 -1 -1 -0.77898 -1 -0.413359 -0.326074 -0.612481 -0.600451 -0.929489 -1 -0.53533 -0.749778 0.683391 -0.775581 -1 -0.897135 0.499344 0.581142 0.164011 -0.185517 0.877584 -1 -1 -1 0.0948225 0.794249 0.877025 -0.209672 -0.795492 -0.201512 -0.060857 -0.506309 0.0574545 0.54898 -0.776175 0.552074 -0.865705 -0.891073 0.0509377 -0.682021 -0.444967 -0.256461 -1 -0.56416 -0.101671 -1 -0.114153 -0.452498 -0.191762 -0.277486 -0.571543 0.738195 -0.291263 -0.0471946 -1 0.505401 -0.981563 0.820472 0.27345 -0.829687 
-1 -1 -1 -1 -0.810486 -1 -1 -0.289877 -0.415016 -1 -0.349956 0.507655 -1 -0.620732 -1 -1 -1 -1 -1 -1 -0.383525 0.446429 -1 0.223678 -1 -0.988979 -0.638567 0.101463 -1 0.10819 -0.729254 -0.591514 -1 -1 -1 -0.276328 -0.691404 -1 -0.487967 -1 -0.18343 -1 -1 -1 -1 -0.566418 -1 -1 -1 -1 0.0906613 -0.462564 -0.875067 -1 -1 0.201359 -0.812241 -1 -1 -1 -1 -0.413587 -0.217705 -1 -1 -0.581064 -1 -1 -1 -0.766898 0.365853 -1 -0.926504 0.0128344 -0.87252 -0.297562 -0.809026 -0.670939 -0.153721 -0.960846 -0.76019 -0.809062 -1 -1 -0.811766 -1 -0.671789 -1 -1 0.202994 -0.405069 -1 -0.985126 -1 -1 -0.801211 0.0457132 -1 -0.973305 -1 -0.613636 -1 -1 -1 -1 -0.179659 -0.60307 -1 -1 -0.875978 -1 -1 -0.243911 -0.641767 -1 -0.326634 -0.538744 -0.279401 -1 0.421719 -1 0.420405 -0.708523 -1 0.24126 0.0236384 -1 0.135465 -1 0.313616 -1 -0.977 -0.858681 -0.78282 -0.0498808 -0.838699 -1 -1 
-0.207301 -1 -1 -1 -1 -0.979524 -0.772921 -0.891802 -0.83173 -0.495566 -0.698111 -0.627605 -1 -0.0194158 -1 0.63097 -1 -1 -0.935534 -1 -0.772285 -0.498348 -1 -1 -1 -0.350219 -1 0.896664 -1 -0.577247 -0.444103 -0.886419 -0.874028 0.183904 -1 -0.158393 -0.707237 -1 -1 0.145616 -0.36679 -0.969164 -1 -1 -1 -1 0.225344 -0.582834 -1 -1 -1 -1 -1 -1 -1 -1 0.136245 -1 -1 -0.737132 -1 -1 -0.990547 0.123397 -0.804819 0.45913 -0.932885 -1 -1 0.405296 -0.830645 -1 -1 -1 0.298839 0.0688064 0.573054 -0.198375 -1 -1 -0.862047 -0.642493 -1 -1 -0.66787 -1 -0.714266 -1 -1 -1 -1 -1 -0.385095 -1 -1 -0.600993 -1 -1 0.271363 -1 -0.319532 -1 -1 -1 -1 -1 -0.584416 -1 -1 -1 -1 -1 -1 -0.802997 -1 -1 -1 0.9653 -0.657705 0.55213 -0.793821 -0.932987 -1 -0.015031 -1 -0.708064 -1 -0.199271 -1 -1 -1 -1 -0.607499 -1 -0.89966 -1 -0.573937 -1 
-1 0.623639 -1 -0.952309 0.339963 0.421249 -1 -0.476597 -1 -0.818846 0.9805 -0.768258 0.338556 -0.250697 0.221689 -0.849581 -0.888057 -0.605937 0.0742068 0.417075 -1 -0.996558 0.579872 -1 -0.885876 -1 0.83609 -0.287549 -1 -0.360348 0.87913 -1 -0.712746 -1 -0.730848 -0.949583 0.582735 0.241995 -0.653653 -0.188032 -0.590316 -0.852538 -0.324968 -1 -0.270031 -1 -0.50367 -1 -0.769064 -1 -1 -0.437061 -1 -0.978452 -0.520599 0.77313 -0.986684 0.711923 -0.625931 -1 -1 1 0.358722 -1 -0.296005 0.659962 -0.892137 -1 -0.927928 -1 -0.0410822 -1 -0.352118 0.86565 -1 0.072446 -1 -0.353671 -1 -0.306096 -0.407182 0.0943683 -1 -0.370664 -1 0.126718 -1 -0.742544 -1 -1 -0.436687 -0.780059 -0.172244 0.194633 -1 -0.742139 -0.140815 -1 0.363314 0.359323 0.252618 -0.0985112 0.353699 -0.229948 0.94713 -0.866217 -0.601081 -0.302179 -0.00864492 0.998321 -1 0.622653 -0.753505 0.497945 -0.630824 0.988518 -1 -0.713402 -0.394073 -0.826115 -0.546662 -0.463209 0.492301 -0.48361 -0.477199 -1 -0.507389 0.574803 -0.0509113 -0.924638 -0.811688 -0.082013 -0.23755 -0.319831 0.235044 -0.387214 -1 0.372528 
-1 -1 1 -1 -1 0.936099 -1 -0.748426 -1 -0.313363 -1 0.131247 -0.952498 -1 -1 -0.519601 -0.688065 -1 -1 -0.685154 0.652239 -1 -1 -0.637754 -0.642627 -0.968646 -0.882972 -0.65517 -1 -0.949514 -0.0572325 -1 -0.954394 -0.573606 -1 -0.758436 -1 -1 -0.891446 -1 -1 -1 -1 -0.9518 -0.137679 -0.498237 -0.909969 -1 -0.749216 -0.521136 -1 -1 -1 -1 -1 -1 -0.300895 -0.697978 -1 -1 -0.37393 -0.7452 -1 -1 -1 -0.81889 -0.44072 -1 -1 -1 -1 -1 -1 -1 0.572335 0.123314 0.0385188 -1 -1 -0.458624 -1 -1 -1 -0.131969 -0.38484 0.612332 -0.799229 -0.929051 -0.523804 0.0105196 0.760378 -0.0704647 -1 -1 -0.908351 -0.202295 -0.272765 0.110195 -1 -1 -0.323354 -1 -1 -0.575267 -1 -0.824229 -1 -1 -0.272832 -1 -0.774097 -1 -0.93503 -1 -1 -1 -0.480144 1 0.257263 0.558201 -0.143821 -1 -0.947712 -1 0.0215898 -0.739308 -0.145676 0.252856 -1 -0.979739 -1 -1 -0.406616 -1 -1 -1 -1 -1 
-0.957843 -1 -1 -0.518813 -1 -0.415522 -0.679743 -1 -0.920635 -1 -1 -0.996844 -1 -1 -1 0.129677 -0.0837889 -1 -0.66414 -1 -1 -0.708871 -1 -1 -0.289971 -1 -1 -0.794357 -0.712667 -0.514486 -1 -1 -1 -1 -0.781107 -0.623861 -1 -1 -1 0.0384373 -1 -0.383055 -0.986369 -0.979172 -1 -0.65659 -1 -1 -1 -1 -1 0.126482 -1 -1 -0.990196 -1 -1 -1 -1 0.417614 -1 0.843085 -1 -0.314659 -1 -0.390886 -0.944835 -0.65166 -1 -1 -1 -1 -1 -1 -0.0615013 -0.944856 -0.755505 -1 -0.231083 1 -0.427189 -1 -1 -0.652326 -0.890662 -1 -0.795644 -1 -1 -1 -1 -1 -1 0.303865 -1 -1 -0.544734 -0.991601 -1 -0.136948 -0.508461 -0.898337 -1 -0.959181 -0.899152 -1 -1 -0.592809 0.505375 -1 -1 -1 -1 -1 -0.646512 0.307987 -1 -0.614893 -1 0.151254 -0.963426 -1 -1 -0.57949 -1 0.211897 -0.848154 0.791175 -1 -1 -1 -1 -1 -1 -1 0.615622 -1 -1 
-1 -0.902148 1 -1 -1 0.936099 -1 -1 -1 -0.697382 -1 -0.271656 -1 -0.707679 -1 -1 -0.688065 -1 -1 -0.685154 0.825043 -1 -1 -0.637754 -0.642627 -0.638429 -0.882972 -0.65517 -1 -0.796783 0.16878 -1 -0.954394 -0.573606 -1 -0.758436 -1 -1 -0.891446 -0.984721 -1 -1 -1 -1 0.114189 -0.547166 -1 -1 -1 -1 -1 -1 -1 -1 -1 -1 -1 -0.50256 -1 -1 -0.1719 -1 -0.817189 -1 -0.710917 -0.81889 -1 -1 -1 -0.853393 -1 -1 -1 -1 0.233204 0.502781 -1 -0.657897 -1 -1 -0.841274 -1 -1 -0.131969 -1 0.612332 -1 -1 -1 0.0105196 -0.0704787 -1 -1 -1 -0.657091 -0.202295 0.0780095 0.110195 -1 -1 -0.604942 -0.70163 -1 -0.197397 -0.68529 -1 -1 -0.941873 -0.272832 -1 -0.774097 -1 -0.672513 -1 -1 -1 -0.329257 1 -0.357631 -1 -1 -1 -0.947712 -1 -0.628878 -1 -0.589254 0.252856 -0.696879 -1 -1 -1 -0.406616 -1 -1 -1 -1 -1 
-1 -1 1 -1 -1 0.936099 -1 -0.748426 -1 -0.313363 -1 0.131247 -0.952498 -1 -1 -0.519601 -0.688065 -1 -1 -0.685154 0.652239 -1 -1 -0.637754 -0.642627 -0.968646 -0.882972 -0.65517 -1 -0.949514 -0.0572325 -1 -0.954394 -0.573606 -1 -0.758436 -1 -1 -0.891446 -1 -1 -1 -1 -0.9518 -0.137679 -0.498237 -0.909969 -1 -0.749216 -0.521136 -1 -1 -1 -1 -1 -1 -0.300895 -0.697978 -1 -1 -0.37393 -0.7452 -1 -1 -1 -0.81889 -0.44072 -1 -1 -1 -1 -1 -1 -1 0.572335 0.123314 0.0385188 -1 -1 -0.458624 -1 -1 -1 -0.131969 -0.38484 0.612332 -0.799229 -0.929051 -0.523804 0.0105196 0.760378 -0.0704647 -1 -1 -0.908351 -0.202295 -0.272765 0.110195 -1 -1 -0.323354 -1 -1 -0.575267 -1 -0.824229 -1 -1 -0.272832 -1 -0.774097 -1 -0.93503 -1 -1 -1 -0.480144 1 0.257263 0.558201 -0.143821 -1 -0.947712 -1 0.0215898 -0.739308 -0.145676 0.252856 -1 -0.979739 -1 -1 -0.406616 -1 -1 -1 -1 -1 
-1 -1 -0.97151 -0.460881 -1 -0.960382 -1 -0.868173 -0.415016 -1 -0.328317 0.153264 -0.153461 -0.00651233 -0.299005 -1 -1 -0.792327 -1 -1 -0.107618 -0.418359 -0.495541 -0.967873 -1 -1 0.469989 0.128448 -0.826438 0.10819 -1 -1 -1 -1 -1 -0.588082 -1 -1 0.0702699 -0.478747 -0.0618397 -1 -0.676179 -0.0460506 -0.347317 -0.074993 -0.257721 -1 -0.271798 -1 0.0906613 -1 -0.00131005 -0.645284 -1 0.629442 -1 -1 -0.979917 -0.252629 -1 -0.395816 -0.130428 -1 -1 -1 -0.942256 -1 -0.225681 -1 0.783365 0.544593 -0.572245 0.0927827 -0.914031 -0.767627 -0.809026 -0.670939 0.21413 -1 -1 -0.398487 -0.447894 -0.865057 -0.942461 -1 0.118043 -1 -1 0.1425 -0.752736 -1 -1 -1 -0.711451 -1 0.157464 -1 -0.8045 -0.71715 -0.20781 -0.853859 -0.761914 -1 -1 -0.526372 -1 -1 -1 -0.915486 -0.764458 -0.89896 -0.243911 -0.776962 -0.295522 -0.828755 -0.585625 -0.279401 -1 0.421719 -1 0.624297 -1 -1 0.996022 -0.404933 -1 0.705098 0.000169426 0.616466 -0.808071 -1 -1 -0.78282 -0.0498808 -0.583586 -1 -0.964964 
-1 -1 0.086289 -0.461616 -1 -1 -1 -1 -1 -1 -0.632184 0.855649 -0.171539 -0.00651233 -0.299593 -1 -1 -1 -1 -1 -0.107618 0.168072 -0.495541 -0.155689 -1 -1 0.59308 0.128448 -1 0.10819 -1 -1 -1 -1 -1 -0.908141 -1 -0.931455 -0.747467 -0.478747 -0.823621 -1 -0.676179 -1 -1 -1 0.0272529 -0.793208 -0.494767 -1 -1 -1 0.366348 -1 -1 0.691783 -1 -0.815241 -1 -0.252629 -1 -0.312068 -0.568211 -1 -1 -1 -0.721084 -0.351857 -1 -0.766898 -0.00186557 0.544593 -0.904657 0.928926 -0.752814 -0.553827 -1 -0.670939 -0.644603 -1 -1 -0.398487 -0.447894 -0.752148 -1 -0.851665 0.363359 -1 -1 0.202994 -0.940365 -1 -0.885524 -1 -1 -1 -0.530723 -1 -0.990297 -1 -0.683703 -1 -0.761914 -1 -1 -0.526372 -1 -1 -1 -1 -0.88783 -0.89896 0.163053 -1 -0.410369 -0.828755 -0.585625 -0.385943 -1 0.421719 -1 0.624297 -0.977439 -1 1 -0.707884 -1 0.435853 0.102493 0.581798 -0.361274 -1 -1 -0.764199 0.313277 -0.583586 -1 -0.964964 
-0.799032 0.352146 -0.127016 -0.232748 0.285689 -0.974063 0.495397 0.10731 -0.707532 -0.873315 0.938123 0.587781 0.0749856 0.0473019 -0.58193 -0.84519 -1 -0.56645 -1 -0.462198 -0.862218 -0.944585 -0.994865 -0.720538 -0.986546 0.997341 0.92304 -0.0105503 0.330911 -1 0.398945 -0.0177615 0.282957 0.885497 -0.657098 -0.639911 0.586821 0.42564 0.790006 0.678528 -0.0398632 0.690217 1 -1 -0.419939 -0.148163 0.747323 -0.470435 -0.428922 -0.161057 -0.636786 -0.629098 0.263526 0.104119 0.941055 0.891988 -0.497191 -0.937229 0.107123 -0.978624 -0.740947 0.354326 -0.627339 -0.309764 0.787435 0.997759 -0.811843 -1 0.505128 -0.928613 -0.908982 0.226353 0.649448 0.907952 0.497007 -0.957494 -0.995605 -0.561864 -0.673114 -0.372004 -0.247295 -1 -0.0967309 -1 -0.21816 0.45304 0.415274 -0.374687 0.880038 -0.141621 0.627223 0.777383 -0.373668 0.485467 -0.192986 -0.537362 0.695039 0.687635 -0.0910508 -0.458948 0.773786 0.549714 0.704616 -0.510021 0.0794789 0.195395 0.506381 -1 -0.504777 0.480132 -0.891377 0.0252826 0.693483 0.802305 0.645072 0.277971 -0.871675 -0.750414 -0.602065 0.691067 0.1842 -1 -0.356442 -0.904729 0.33001 -0.10099 -0.657078 -0.275947 -0.182198 -0.340621 -0.317022 0.172963 -0.777762 -0.085072 0.841393 -0.961558 -0.11103 -0.866689 
0.504586 0.503266 0.940462 -0.0722641 0.15781 0.685131 0.972729 0.993228 0.66152 -0.317026 0.592634 -0.105467 -0.79669 0.00949156 -0.305586 0.76124 -0.395824 -0.633924 0.845006 -0.352073 0.263677 -0.707849 -0.245011 0.510784 -0.57785 0.351706 -0.689611 -0.728323 -0.560005 -0.980912 0.711563 -0.571504 0.0659115 -0.832581 0.461915 -0.981547 0.039674 0.47684 0.73674 0.728649 0.890042 -0.436802 -0.315812 -0.928089 -0.0709177 0.506798 0.123905 -0.166803 0.889726 -0.892599 -0.843179 -0.40774 -0.666002 0.0719802 0.583853 -0.509947 0.0260606 0.91442 -0.73088 0.448578 0.720518 0.882826 0.427842 0.35403 0.0376929 0.308717 -0.876799 -0.639216 0.742478 -0.830711 0.252759 0.281914 0.105956 0.0112211 0.0209817 0.41294 0.900966 0.237127 -0.461323 -0.509422 -0.272971 0.167086 -0.186175 -0.173859 -0.0147092 0.645009 -0.966602 -0.956359 0.723892 0.208046 0.146135 -0.380866 0.424034 0.025036 -0.0758666 0.184565 0.719917 0.81191 -0.451239 0.998688 -0.831511 0.901785 0.208415 0.807114 -0.00718689 0.633552 -0.0302209 0.464963 0.435364 -0.570228 0.362909 -0.313824 -0.111609 0.755606 0.403001 -0.109778 -0.391741 0.909547 0.511585 -0.16398 0.0819072 -0.396753 -0.749965 -0.492014 -0.0600033 -0.794155 -0.901894 0.898856 -0.150064 0.565355 0.555734 0.779014 0.439424 -0.266824 -0.0731391 -0.501456 0.850412 -0.562453 
-1 -1 1 -1 -1 0.314911 -1 -1 -1 -0.313363 -1 0.131247 -0.952498 -1 -0.840493 -0.277843 -0.688065 -1 -1 -0.685154 0.825043 -1 -1 -0.637754 -0.345422 -0.968646 -0.882972 -0.65517 -1 -0.949514 -0.0572325 -1 -0.954394 -0.573606 -1 -0.758436 -1 -1 -0.891446 -1 -1 -1 -1 -1 -0.137679 -0.547166 -0.909969 -1 -1 -0.521136 -1 -1 -1 -1 -1 -1 -0.300895 -0.697978 -1 -1 -0.37393 -0.7452 -1 -1 -1 -1 -1 -1 -1 -1 -0.912593 -1 -1 -1 0.125382 0.502781 0.0385188 -1 -1 -0.458624 -0.841274 -1 -1 -0.131969 -0.38484 -0.303057 -0.799229 -0.929051 -0.523804 0.0105196 0.760378 -0.0704647 -1 -1 -0.908351 0.0066739 -0.272765 0.110195 -1 -1 -0.604942 -1 -1 -0.197397 -1 -0.824229 -1 -1 -0.272832 -1 -0.774097 -1 -0.672513 -1 -1 -0.623945 -0.480144 1 -0.357631 0.565812 -1 -1 -0.947712 -1 0.0215898 -1 -1 0.252856 -1 -1 -1 -0.873682 -0.406616 -1 -1 -1 -1 -1 
-0.207301 -0.609962 -1 -0.798183 -1 -1 -0.828776 -0.617136 -1 -0.643107 -0.698111 -1 -1 0.251528 -1 -0.299712 -0.0830048 -1 -1 -1 -0.86869 -0.280072 -1 -0.786491 -1 0.245565 -1 0.446926 -1 -0.577247 -0.107781 -1 -1 0.528339 -0.849935 -0.21943 -1 -1 -1 0.668332 -0.939167 -1 -1 -0.788416 -1 -1 -0.653943 -1 -0.933595 -0.407553 -1 -1 -1 -1 -1 -0.980798 -1 -1 -1 0.148215 -0.649933 -0.662936 -1 1 -0.780017 -0.275095 -1 -0.992705 -0.481926 0.153618 -1 -0.749608 -0.879917 -1 0.466152 -0.259231 0.493478 -0.86103 -1 -1 -1 -1 -1 -0.947313 -0.436624 -1 -1 -1 -1 -1 -0.629296 -0.818477 -1 -1 -1 -0.600993 -0.189121 -0.74009 -1 -1 -0.900699 -1 -0.826607 -1 -0.578693 -1 -1 -1 -1 -1 -0.863428 -1 -0.814778 -0.525091 -0.942427 -1 -0.919389 1 -1 0.511916 -0.876277 0.159961 -1 -0.46108 -1 -1 -1 -0.199271 -0.93014 -1 -1 -1 -1 -1 -1 -1 -1 -0.626383 
-1 -1 1 -1 -1 0.936099 -1 -1 -1 -0.529811 -1 -0.165487 -0.952498 -1 -1 -0.55798 -0.874948 -1 -1 -1 0.938229 -1 -1 -1 -0.380899 -1 -1 -1 -1 -0.949514 0.00137278 -0.766382 -1 -0.573606 -1 -0.758436 -0.715444 -1 -1 -1 -1 -1 -1 -0.663305 0.115265 -0.755998 -1 -0.727073 -1 -1 -1 -1 -0.716843 -1 -1 -1 -1 -0.697978 -0.753108 -1 -1 -1 -1 -1 -1 -0.822805 -1 -1 -1 -0.853393 -1 -1 -1 -1 0.630099 0.502781 0.0385188 -1 -1 -0.791578 -1 -1 -1 -0.382057 -0.38484 0.807383 -0.799229 -0.929051 -0.523804 -1 0.785953 0.0461988 -1 -1 -0.908351 -1 -0.272765 0.110195 -1 -1 -0.347921 -1 -1 -0.588921 -1 -1 -1 -1 -0.053235 -1 -0.798478 -1 -0.672513 -1 -1 -1 -0.154963 1 -0.451035 0.565812 -1 -1 -1 -1 -0.0946514 -0.739308 0.171219 0.32893 -0.83185 -1 -1 -1 -0.406616 -1 -0.959411 -1 -1 -1 
-0.738863 0.723216 -0.589008 0.199448 -0.504105 0.762245 -0.0716915 -1 -0.306375 0.160954 0.452538 -0.652239 0.554989 -0.874385 -0.666905 -0.236922 -0.338032 -0.192094 -0.368492 -0.153934 0.772427 -0.85931 -0.915983 0.927331 -0.643274 -0.412901 0.740465 -0.465829 -0.848564 0.754223 -1 -1 0.0480106 0.0662638 0.417388 0.463727 -0.0968372 0.649826 0.304454 -0.515275 -0.17987 0.777168 0.419405 0.941182 -0.303116 -0.114582 -0.387911 -0.538002 -1 0.362989 0.844135 -0.449731 -0.127771 0.198583 -0.178592 -0.106555 0.241753 -0.573225 0.475272 -0.352724 0.30697 0.987087 -0.946999 0.875927 0.0407097 -0.0577175 -0.814291 -0.688941 0.427994 -0.547552 0.0937392 0.845999 -0.502565 0.0599955 0.878538 -1 -0.452435 0.332202 0.153499 -0.259562 -0.731688 -0.28931 0.63999 0.166783 -0.496202 0.995377 0.941391 -0.634379 0.434352 -0.250584 -0.646357 0.10358 -0.848142 0.590001 0.0598827 -0.189546 -0.852565 -0.0432379 -1 -1 -0.20121 -0.379963 0.955688 -0.362888 0.108939 0.729302 -1 0.0813278 -0.379466 -0.0817762 0.840044 0.197809 0.367654 -0.72097 -0.72406 0.17284 0.0141084 -0.363928 -0.97076 -0.340578 0.872164 0.530946 0.984994 -0.166046 -0.476514 -0.369349 -0.721905 -0.875155 -0.691115 -0.931269 -0.8492 0.00048542 -0.135217 -0.968381 -0.0524211 -0.22403 -0.42602 0.129842 
-1 -1 1 -1 -1 0.936099 -1 -1 -1 -0.313363 -1 -0.131427 -0.952498 -1 -1 -0.277843 -0.688065 -1 -1 -0.685154 0.825043 -1 -1 -0.637754 -0.642627 -0.968646 -0.882972 -0.65517 -1 -0.949514 -0.0572325 -1 -0.954394 -0.573606 -1 -0.758436 -1 -1 -0.700983 -1 -0.856261 -1 -1 -1 -0.137679 -0.547166 -0.909969 -1 -1 -0.521136 -1 -1 -1 -1 -1 -1 -0.300895 -0.592315 -1 -1 -0.37393 -0.7452 -1 -1 -1 -0.81889 -1 -1 -1 -0.853393 -0.912593 -1 -1 -1 0.653561 0.502781 0.0385188 -1 -1 -0.458624 -0.841274 -1 -1 -0.131969 -0.38484 0.612332 -0.799229 -0.929051 -0.523804 0.0105196 0.760378 -0.0704647 -0.961612 -1 -0.947187 -0.202295 -0.272765 0.110195 -1 -1 -0.604942 -1 -1 -0.197397 -1 -0.824229 -1 -1 -0.276237 -1 -0.774097 -1 -0.672513 -1 -1 -1 -0.480144 1 -0.357631 0.565812 -1 -1 -0.947712 -1 0.0215898 -0.739308 -0.145676 0.252856 -1 -1 -1 -1 -0.406616 -1 -1 -1 -1 -1 
-0.981648 0.269046 0.340528 -0.922447 0.738706 0.642467 0.27965 0.0807652 0.580779 0.0484741 -0.26125 -0.817464 -0.891188 -0.477663 -0.303632 0.22598 -0.263843 -0.4082 0.595844 0.622729 -0.281347 -0.657045 0.865692 -0.161951 0.604884 0.128669 -0.272434 0.902602 -0.773835 0.763054 0.313169 -0.719029 0.979906 0.891345 -0.672303 -0.614021 -0.575429 0.185766 -0.030454 -0.282649 -0.208759 -0.166305 -1 0.0211526 0.863907 0.353717 -0.0264179 0.390819 -0.997538 -0.412361 -0.725303 0.924439 -0.365517 -0.636937 0.539546 0.606096 0.944141 0.540084 -0.892227 0.342658 -0.133992 -0.29118 0.323444 -0.959357 -1 -0.802162 -0.527184 -0.652514 -0.307771 0.694993 -0.953928 -0.144587 0.0770649 0.844015 0.315925 0.47601 -0.0653854 -1 -0.169692 -1 -0.77898 -1 -0.0932692 -0.326074 0.496495 0.579386 -0.719022 -0.76454 -0.480751 -0.876352 0.683391 -0.775581 -1 -0.897135 0.499344 0.581142 0.164011 0.200289 0.877584 -1 -0.839009 -0.00414112 0.0948225 0.794249 0.877025 -0.209672 -1 -0.201512 -0.060857 -0.506309 0.965924 0.30295 -0.776175 0.0927281 -1 -0.137687 0.0509377 -0.879596 -0.444967 -0.256461 -1 -0.56416 -0.299206 0.230835 -0.114153 0.151256 0.781088 -0.662968 -0.776801 0.738195 -0.291263 -0.0471946 -0.981176 0.438642 -1 0.820472 -0.569628 -0.829687 
-0.48419 -0.190495 -0.935745 -0.153726 -0.1032 -1 -0.840499 -0.621658 -1 -1 -1 -1 0.282403 -1 -1 -1 -1 -1 -1 -0.85693 -0.529952 -1 -0.942225 -0.847654 -1 -1 -1 -0.49995 -1 -0.290264 -0.82405 -1 -0.436902 -0.881753 0.639102 -0.768832 -1 -1 -1 -1 -1 -1 -0.334042 -1 0.702385 -0.172292 -0.803341 -1 -1 0.512515 -1 -1 -1 -1 -0.984516 -1 -1 -1 -1 -1 -1 -0.453277 -0.905125 -0.632848 -0.703207 -0.683723 -1 -0.97491 -0.844024 -0.603776 0.590412 -1 -1 -1 -0.611893 -1 -0.783593 -0.68751 -1 -1 -0.664503 -1 -1 -1 -0.688266 0.42913 -1 -1 -0.962715 0.459222 -1 -1 -0.183377 -1 -1 -0.873534 -0.299228 -1 -0.351483 -1 -1 -0.761871 -0.629535 -1 -1 -1 -0.828992 -1 -0.692071 -0.233821 -1 -1 -0.0353764 0.435707 -1 -0.584562 -1 0.491964 -1 -0.297979 -0.622576 -0.934671 -0.738725 -1 -0.869864 0.989266 -1 -1 -1 -1 -1 -0.833486 -0.705671 -0.891726 0.163228 0.181815 -1 -1 
-1 -1 -0.293835 -0.461616 -1 -0.812801 -1 -1 -0.353007 -0.894276 -1 0.112807 -0.122607 -0.617328 -0.688561 -1 -1 -0.651975 -0.636407 -1 -1 -0.866875 -0.495541 -0.955357 -1 -1 0.59308 -0.491074 -1 -0.383191 -1 -1 -0.912005 -0.851546 -1 -0.0253474 -0.708995 -1 -0.728897 -0.478747 -0.5266 -0.668366 -0.676179 -1 -0.165085 0.0304234 -1 -1 -0.271798 -0.753505 0.0165332 -1 0.20814 -0.411152 -0.646825 0.0460837 -0.79035 -1 -1 -0.184712 -0.634104 -1 -1 -1 -1 -0.916027 -0.721084 -0.54154 -0.225681 -1 0.783365 0.336541 -0.21004 0.0259732 -0.704772 -0.553827 -1 -0.814521 -0.153721 -1 -1 -0.520861 -1 -0.943275 -0.663199 -0.851665 -0.168864 -1 -1 -0.792112 -0.641135 -1 -0.638093 -1 -1 -1 -1 -0.879368 -0.8045 -0.504555 -0.20781 -1 -1 -1 -1 -1 -1 -1 -1 -1 -0.457207 -0.938566 0.392249 -0.93588 0.0864462 -0.828755 -0.585625 -0.279401 -1 0.274196 -1 0.624297 -0.789325 -1 0.996022 0.289043 -0.750364 0.803003 0.000169426 -0.178439 -0.361274 -1 -1 -0.78282 -1 -0.583586 -1 -1 
-0.207301 -1 -1 -0.739369 -1 -0.979524 -0.828776 -0.891802 -0.83173 -0.495566 -0.698111 -0.627605 -1 1 -1 0.63097 -1 -1 -1 -1 -0.772285 -0.498348 -1 -0.831028 -1 -0.350219 -1 0.896664 -1 -0.577247 0.535677 -0.886419 -1 0.183904 -1 -0.158393 -0.707237 -1 -1 0.145616 -0.36679 -0.969164 -1 -1 -0.412022 -1 0.0756479 -0.582834 -1 -1 -1 -1 -1 -1 -1 -1 -0.159467 -1 -1 0.100613 -1 -1 -0.990547 1 -0.854055 0.0959945 -0.953538 -0.992705 -1 0.405296 -1 -1 -0.635474 -1 0.298839 0.0306725 0.493478 -0.198375 -1 -1 -0.862047 -0.642493 -0.210278 -1 -0.53434 -1 -0.714266 -1 -1 -1 -1 -1 -0.385095 -1 -1 -0.600993 -1 -0.106067 0.271363 -1 -0.495219 -1 -0.624331 -1 -1 -1 -0.584416 -1 -1 -1 -1 -1 -1 -0.802997 -1 -1 -1 0.908657 -0.657705 0.55213 -0.793821 -0.932987 -1 -0.015031 -1 -0.708064 -1 -0.199271 -1 -1 -1 -1 -0.607499 -1 -0.446934 -1 -0.573937 -1 
0.674009 -0.495281 -0.648676 0.127482 0.8326 -0.722492 -0.083293 -0.965422 0.338118 0.0592995 0.192984 -0.381819 -0.426425 0.933922 0.539002 -0.0484695 0.703594 0.484943 0.0904611 -0.256515 -0.515725 -0.0601789 0.389429 -0.759248 0.0557065 -0.484807 -0.954154 0.350355 -0.806738 0.11868 -0.751844 -0.727533 0.785855 -0.954669 0.595046 0.963627 -0.965054 0.342619 0.245215 0.515577 0.121045 0.117932 -0.416156 0.805045 -0.902771 -0.398929 -0.437473 -0.147049 -0.0284055 0.31743 0.542672 -0.309052 0.523821 0.953281 0.719831 -0.595423 -0.00854242 -0.038841 -0.19095 -0.304683 0.923834 -0.0598115 -0.857037 0.595423 -0.519834 0.561533 -1 -0.741279 -0.624509 0.411846 0.379201 0.489254 -0.977069 0.858235 0.390199 -0.931216 -0.566077 -0.438588 -0.213057 -0.825372 -0.00994378 -0.954853 -0.675523 -1 0.783158 -0.956168 -0.748755 -0.357878 -0.725765 -0.184123 0.870445 -0.52569 0.0935584 -0.570087 0.65406 0.393408 0.363755 0.0543498 -0.827309 -0.951272 -0.197496 0.646252 0.117773 -0.39705 -0.137107 0.110989 -0.600265 0.232936 -0.87414 -0.315864 0.537235 0.815019 -0.357804 -0.704336 -0.608577 -0.995063 0.0515726 0.0773981 -0.468607 -0.857961 -0.565255 0.204252 0.16203 0.657856 -0.698905 -1 -0.00276327 -0.288915 -0.19227 0.986993 -0.139482 -0.0360285 0.480294 0.285637 0.651693 -0.311588 -0.237532 -0.153737 
-1 -1 0.086289 -0.461616 -1 -0.960382 -1 -0.624887 -0.415016 -0.894276 -0.482164 0.855649 -0.171539 -0.205059 -1 -1 -1 -1 -1 -1 -0.107618 0.289713 -0.495541 -0.155689 -1 -1 0.162649 0.128448 -1 0.10819 -0.729254 -1 -1 -1 -1 -0.0253474 -1 -0.931455 0.0702699 -0.873408 0.109871 -0.668366 -0.676179 -0.618288 -0.417666 -0.074993 -1 -1 -0.271798 -1 -1 -1 -0.00131005 -1 -1 0.982649 -1 -0.721153 -0.979917 -0.219253 -1 -0.549569 -0.224694 -0.892091 -1 -0.937635 -0.721084 -0.351857 -0.225681 -0.88457 0.783365 0.142712 -0.572245 0.928926 -0.828088 -0.553827 -1 -0.670939 -0.818521 -1 -1 -0.520861 -0.447894 -1 -1 -0.851665 -0.278025 -1 -1 0.202994 -1 -1 -0.967259 -1 -1 -1 0.157464 -0.893376 -0.8045 -0.462334 -0.20781 -1 -0.761914 -0.861852 -1 -1 -1 -1 -1 -1 -0.755216 -0.89896 0.392249 -0.776962 0.0864462 -0.828755 -0.585625 -0.279401 -1 0.274196 -1 0.624297 -0.977439 -1 1 -0.244087 -1 0.705098 0.000169426 0.644781 -0.361274 -0.70413 -1 -0.78282 -0.762565 -0.788705 -1 -0.964964 
-1 0.0185039 -0.405178 -0.895295 -1 -1 -1 -1 -0.921024 -1 -1 -1 0.0727397 0.00342155 -1 -1 -1 -0.620343 -0.594253 -1 -1 -0.853489 -0.199135 -0.0123967 -0.763327 -1 0.995031 0.94084 -0.911031 -1 0.207658 -0.849864 -1 -1 -1 -1 -0.432076 0.0947458 -1 -1 -0.500258 -1 -0.0663218 -1 -0.0607904 -0.732919 -1 -1 -1 -1 -1 -1 -0.449498 -0.628496 -1 -0.536454 -0.407681 -0.616017 -0.529321 -0.37131 -0.728133 -0.54306 0.828246 -0.816755 -1 -0.912899 -0.0780415 -1 0.497122 -1 0.583719 -0.2937 -1 -0.781476 -0.698621 -0.502504 -1 0.687034 -1 -1 -1 -1 -1 -0.787062 -0.427906 -0.270799 0.117198 -1 -1 -0.197364 -1 -1 -1 -1 0.0986617 -1 -0.903636 -0.9838 -0.929889 -1 0.229723 -1 -0.69458 -1 -0.00685847 -0.239398 -1 -0.272736 -1 -1 -0.811301 -0.791269 -1 -0.929969 0.359408 -1 -0.953406 0.370325 -1 0.124315 -0.627307 0.819551 -0.0636794 -0.109737 0.996022 0.0351978 -1 0.344206 -1 -0.249753 -1 -0.821012 -0.884283 -0.371954 -1 -1 -1 -1 
0.169869 -1 0.919134 -1 -1 -0.863461 -0.33088 -1 -1 0.356673 -1 -0.835986 -1 0.514131 0.20859 0.307793 0.943304 -1 0.00117621 -0.800433 -1 -1 -0.311368 -0.898551 -0.669513 -0.56412 -1 -0.815338 -0.965401 -0.246546 -1 -1 0.683936 -0.389736 -1 -0.721516 -1 -0.987433 -0.994432 -1 0.673824 -1 -0.687124 0.214505 0.773786 -0.473 0.586502 0.710556 -0.83138 -1 -0.054677 -1 -0.975861 -1 -0.925718 -0.190934 -0.199473 -1 -0.812559 0.620125 -0.930017 -1 -0.81517 -1 0.0220275 -0.412126 -1 -0.800499 -1 -1 -1 -1 -1 -1 -0.701348 -0.943506 -0.50994 -1 -0.144598 -1 -1 -1 0.511925 -1 -0.598615 0.807582 -1 -0.927453 -0.761461 -0.656976 -0.362265 -0.464942 0.0468009 -1 -0.848852 -0.70353 -0.54777 -1 -1 0.174692 -1 -1 -0.702892 -1 -0.822412 -0.825111 -0.607978 0.326961 -1 -0.565915 0.128681 -0.47583 -0.271888 -0.869635 -0.463195 -1 -1 -1 -0.930484 0.529034 -0.600259 -1 -0.945286 -1 -1 -0.124454 -1 -0.923075 -0.787635 -1 -1 -1 -1 0.145044 -0.571131 -1 -0.438418 -0.92375 
-0.207301 -0.76215 -1 -1 -1 -1 -0.759388 -0.617136 -1 -0.643107 -1 -1 -1 -0.245449 -0.752707 -0.40547 -0.0830048 -1 -1 -1 -0.86869 -0.280072 -1 -0.582424 -1 -0.109931 -1 -0.762659 -1 -0.577247 0.449975 -1 -1 0.366389 -1 -0.149305 -1 -0.881024 -0.929324 0.517217 -1 -1 -1 -0.954652 -1 -1 -0.653943 -1 -1 -0.407553 -0.877396 -1 -0.823076 -1 -1 -0.980798 -0.694831 -1 -0.699913 0.100613 -0.694637 -1 -0.990547 -0.0397333 -1 -0.275095 -1 -0.992705 -0.481926 -0.296136 -1 -0.895417 -1 -1 0.466152 -0.259231 0.493478 -0.86103 -1 -0.702034 -0.862047 -0.642493 -0.210278 -0.947313 -0.53434 -1 -1 -1 -1 -1 -0.685873 -0.914735 -0.629379 -0.573898 -1 -0.600993 -0.189121 -0.796636 -0.382081 -1 -0.900699 -1 -1 -1 -1 -1 -1 -1 -1 -1 -0.863428 -1 -0.814778 -1 -1 -1 -1 1 -1 0.511916 -1 0.159961 -1 -0.573567 -1 -1 -1 -1 -1 -1 -1 -1 -0.89288 -1 -1 -1 -1 -1 
-0.586884 -1 -1 -1 0.518888 -1 -1 -1 -0.894861 -0.583246 -1 0.335447 -0.199003 0.504679 0.99333 0.364148 0.375139 -1 -0.704923 -0.926425 0.0928339 -1 -1 -0.781412 -0.499004 -0.491643 -1 -0.435852 -1 -1 -0.927924 -0.822475 -0.061497 0.0326218 -0.233667 -1 -1 -1 -1 -0.0560002 0.372596 -0.230411 -0.860445 -0.0290152 0.153879 -1 -0.855142 -1 -0.803312 0.0960228 -0.672335 -0.413978 -1 -0.178134 -1 0.697146 -1 0.375165 -0.967483 -0.749936 -1 -1 -0.360473 0.467154 -0.97805 -0.379296 -1 -1 0.916137 0.237681 -1 -1 -1 0.885224 0.715713 1 -0.630576 -0.544178 -0.62895 -0.929553 -1 0.747886 -0.685314 -1 0.227714 -0.923781 1 -0.782878 -0.893027 -0.651316 -1 -0.441674 -1 -0.60518 -1 0.622242 -0.120088 -1 -1 -0.129248 -0.823594 -1 0.462383 -0.730678 -0.456682 -0.843415 -1 -1 -0.905308 -1 -0.872118 -0.440181 -1 -0.739312 0.0881076 -0.233402 -1 0.248228 -0.312394 -0.262785 -0.649407 -1 -0.834982 0.0403538 -0.228414 -1 -0.288017 -0.432353 -0.446279 0.190478 -0.758157 -1 -1 -0.87102 -1 -0.611085 -1 -1 
-0.0625644 -1 0.758634 -1 -1 -0.863461 -0.19053 -1 -0.70476 0.80917 -0.994502 -1 -0.818116 0.514131 -1 -0.501565 0.943304 -1 -1 -0.800433 -1 -1 -0.00168562 -1 -0.669513 -0.976089 -1 -0.705107 0.0255042 -0.70191 -0.628507 -1 0.531035 -0.389736 -1 -0.580741 -1 -1 -1 -1 -0.316288 -1 -1 0.214505 1 -1 0.450636 -0.00348037 -0.860141 -0.659005 -0.054677 -1 -1 -0.702709 -1 0.141215 -0.915337 -1 -1 1 -1 -0.705665 -0.81517 -1 -0.191448 -0.352715 -1 -0.716809 -0.871531 -1 -0.618874 -0.454043 -1 -1 -0.854322 -1 -1 -1 -1 -0.959451 -1 -1 0.511925 -1 -0.333315 0.445368 -1 -1 -1 -1 -0.362265 -0.464942 -1 -0.87097 -0.806869 -0.146911 -1 -1 -0.642738 -1 -1 -1 -0.673506 -1 -0.525718 -0.825111 -1 -0.201345 -1 -0.565915 -0.151328 -1 -0.742217 -1 0.0724148 -1 -1 -1 -1 0.322661 -0.874907 -1 -0.279972 -1 -1 -0.124454 -1 -0.923075 -0.891553 -1 -1 -1 -1 -0.63554 -0.949665 -0.281772 -0.260886 -1 
-1 -1 -1 -0.461616 -0.855994 -1 -0.806124 -1 -0.415016 -1 -0.482164 0.0491102 -0.171539 -1 -1 -1 -0.96249 -1 -1 -1 -0.195572 0.113752 -0.495541 -0.155689 -0.795552 -1 0.59308 -0.468349 -0.92345 -0.089736 -0.729254 -1 -1 -1 -1 -0.340057 -0.896225 -0.931455 -0.119242 -1 0.109871 -0.668366 -0.676179 -0.17437 -0.417666 -0.074993 -0.257721 -1 -1 -1 -0.535465 -1 -1 -1 -1 0.19191 -1 -0.678844 -0.979917 -0.252629 -1 -0.195266 0.0203222 -1 -1 -1 -0.721084 -0.748046 -0.225681 -1 -0.0609939 0.142712 -0.572245 1 -0.704772 -1 -0.809026 -1 -1 -1 -1 -1 -0.374533 -0.752148 -1 -1 0.116745 -1 -1 0.202994 -1 -1 -1 -0.796998 -1 -1 0.157464 -1 -0.8045 -0.685839 -1 -1 -1 -1 -1 -1 -1 -1 -0.907733 -1 -0.88783 -1 0.392249 -1 0.299993 -1 -1 -0.511961 -1 -0.0231052 -1 0.624297 -0.977439 -1 0.676159 -0.0720508 -1 0.828115 0.000169426 0.261804 -1 -1 -1 -1 -0.595246 -1 -1 -1 
0.12677 -1 0.919134 -1 -1 -0.863461 -0.33088 -1 -1 0.80917 -0.599868 -0.835986 -0.818116 0.514131 0.20859 0.620062 0.943304 -1 0.00117621 -0.800433 -1 -1 0.471762 -1 -0.785275 -0.0113124 -1 -0.815338 -0.527802 -0.246546 -0.613622 -1 1 -0.389736 -1 -0.190034 -1 -1 -1 -1 -0.357006 -1 -1 -0.850971 0.773786 -0.473 0.450636 0.789074 -0.83138 -0.659005 -0.054677 -1 -1 -1 -0.925718 -0.190934 -0.199473 -1 -1 0.923679 -0.930017 -0.530894 -0.81517 -1 0.0220275 0.0703773 -1 -1 -1 -1 -0.618874 -1 -1 -1 -1 -1 -0.50994 -1 0.0587688 -0.927449 -1 -1 0.511925 -1 -0.598615 0.807582 -1 -1 -0.546908 -0.693878 -0.362265 -0.464942 -0.0737915 -1 -0.684624 0.426102 -0.54777 -0.738905 -1 0.464105 -1 -1 -1 -1 -0.822412 -0.825111 -0.607978 -0.0849708 -1 -0.874458 0.494553 -0.47583 0.261067 -0.869635 0.0724148 -1 -1 -1 -1 0.529034 -1 -1 -0.357247 -1 -1 -0.124454 -1 -1 -1 -1 -1 -0.969108 -1 0.145044 -0.571131 -0.308917 0.390128 -1 
-1 -1 1 -1 -1 0.976302 -1 -1 -0.609917 -0.313363 -1 0.131247 -0.952498 -1 -1 -0.277843 -0.688065 -1 -0.67583 -0.685154 0.237999 -1 -1 -0.637754 -0.642627 -0.968646 -0.882972 -0.65517 -1 -0.949514 -0.0572325 -1 -0.954394 -0.573606 -1 -1 -1 -1 -0.891446 -1 -1 -1 -0.98207 -1 -1 -0.547166 -0.909969 -1 -1 -0.521136 -1 -1 -1 -0.734838 -1 -1 -0.300895 -0.697978 -1 -1 -0.37393 -0.7452 -1 -1 -1 -1 -1 -1 -1 -0.853393 -0.600208 -1 -1 -0.735177 0.402632 0.404504 0.0385188 -1 -1 -1 -0.841274 -1 -1 -0.131969 -0.38484 0.265535 -0.798044 -0.929051 -0.523804 -0.374173 0.760378 -0.0704647 -1 -1 -0.851855 -0.202295 -0.272765 0.110195 -1 -1 -0.604942 -1 -1 -0.197397 -1 -0.824229 -1 -1 -0.272832 -1 -0.774097 -1 -0.672513 -1 -1 -1 -0.480144 1 -1 0.565812 -1 -1 -0.947712 -1 0.0215898 -0.739308 -0.145676 0.252856 -1 -1 -1 -0.671042 -0.406616 -1 -1 -1 -1 -1 
-0.790053 -0.728086 0.712142 -1 -1 -1 0.329851 -1 -0.954198 -1 -0.0489091 -1 -1 -0.69311 -0.520483 0.573317 0.0352136 0.0899139 -1 0.270326 -0.232575 -0.209464 -0.770625 0.610174 -0.442243 0.557301 -0.688466 -1 -1 -1 -0.588289 -0.651625 -0.92144 -1 -0.309794 -1 0.214405 -1 -0.882748 -0.332328 -1 0.383297 -0.985133 -1 -0.381459 -0.643534 -0.87362 -1 0.286147 -0.611623 -0.377131 0.416923 -0.725898 -1 0.64807 -0.677714 -1 -0.789411 -1 -0.593641 -0.288715 1 -1 0.194015 -0.66161 0.0428177 -1 -0.950372 -1 0.322614 -1 -1 0.657326 -1 0.667333 -0.302278 1 -0.380762 -0.189028 0.439015 -0.217537 -1 -1 -0.920351 -1 -0.957656 -1 -0.805846 -0.323875 -1 -0.86605 0.0659249 0.254848 0.553759 -0.484725 -1 0.00449979 -0.972442 -1 -0.436766 -0.685416 -1 -1 -0.886969 -0.295365 -0.0577423 -1 0.883028 0.614663 -1 -0.787722 -1 -0.698606 -1 -1 -0.747745 -1 0.0724765 -1 -0.644059 -1 -1 -1 -0.653352 -0.732835 0.861367 -1 -0.0523019 0.0992357 0.0692168 -0.571232 0.0336057 -0.763668 -0.788394 -0.796421 0.978913 -1 -1 
-0.790053 -0.892988 0.712142 -1 -1 -1 -0.0954965 -1 -0.954198 -1 -0.0489091 -1 -1 -0.69311 -0.520483 0.573317 0.0352136 0.0899139 -1 0.270326 -0.232575 -0.209464 -0.770625 0.619591 -0.442243 0.557301 -0.688466 -1 -0.956123 -1 -0.588289 -1 -1 -1 -0.309794 -1 0.214405 -1 -0.882748 -0.332328 -1 0.383297 -0.985133 -1 -0.381459 -0.643534 -0.87362 -1 0.286147 -1 -0.377131 0.416923 -0.725898 -1 0.64807 -0.677714 -1 -0.789411 -1 -0.593641 -0.288715 1 -1 0.194015 -0.600111 0.0428177 -1 -1 -1 0.322614 -1 -1 0.657326 -1 0.327286 -0.529308 1 -0.380762 -0.189028 0.439015 -0.217537 -1 -1 -0.920351 -1 -0.957656 -1 -0.805846 -0.323875 -1 -0.86605 0.0659249 0.254848 0.553759 -0.484725 -1 0.00449979 -0.972442 -1 -1 -1 -1 -1 -0.886969 -0.295365 -0.0577423 -1 0.883028 0.614663 -1 -0.787722 -1 -0.904091 -1 -1 -0.747745 -1 0.0724765 -1 -0.644059 -1 -1 -1 -0.653352 -0.732835 0.0641503 -1 -0.0523019 0.0992357 0.0692168 -0.571232 0.0336057 -0.763668 -0.788394 -0.796421 0.978913 -1 -1 
-1 0.701422 -1 0.244966 0.600091 -0.731856 -0.12454 -1 -1 -0.701768 -1 -1 0.249055 -1 -1 -0.959098 -1 -1 -1 -1 -1 -1 -1 -0.948612 -0.392357 -1 -1 -1 -1 -0.81174 -0.780446 -0.266215 0.544487 -1 -1 0.205754 -1 -1 -1 -1 -1 -0.859127 -0.465053 -0.920131 0.528032 -1 -1 -1 -0.975671 -0.303675 -1 -1 -1 -1 -1 -1 -1 -0.511281 -1 -1 -0.863392 -1 -0.831899 -1 -1 -1 -0.985008 -1 -1 -1 0.394243 -1 -0.979692 -1 -1 -1 -1 0.610703 -1 -0.956984 -0.787624 -1 -1 -0.781254 -1 0.42913 -1 -1 -1 -1 -1 -1 -0.466926 -0.903143 -0.610829 -0.860253 -0.299228 -0.921515 -1 -1 -1 -1 -0.477679 -0.512944 0.0603757 -1 -0.724785 -1 -1 0.681807 -0.78922 -1 -0.198399 0.389247 -0.947587 -1 -0.886855 0.21816 -1 -1 -1 -1 -0.745598 -1 -0.746683 0.989266 -1 -1 -1 -0.551137 -1 -0.379822 -0.224209 -0.814484 -0.455501 -0.417362 -1 -1 
-0.799788 -0.922276 -1 -0.528533 -0.761719 -1 -1 0.0729408 -1 -1 -1 -1 -1 1 -1 0.29279 0.493331 -1 -1 -1 -1 0.277908 -1 -0.831028 -0.807978 -0.635979 -1 -0.0399992 -0.89688 0.240443 0.351699 -1 -1 -0.828825 -1 -0.146195 -1 -1 -1 0.740031 -1 -1 -1 -0.844513 -1 -1 -0.405676 -0.582834 -1 -0.407553 -1 -0.955697 -1 -0.204756 -0.654285 -0.436768 -0.446106 -1 -0.998861 0.100613 -1 -0.381349 -1 -0.0135686 -0.650313 0.289079 -1 -0.768776 -1 0.201187 -0.600612 -0.659557 -1 -1 0.354987 -0.259231 -0.165765 0.0358468 -1 -1 -0.766608 -0.396671 -1 -1 -0.53434 0.136635 -0.723771 -1 -1 -1 -0.685873 -0.834173 -1 -1 -1 -0.438558 0.805792 -0.106067 0.459923 -1 -1 -1 -1 -1 -0.940826 -1 -1 -1 -1 -1 -0.369499 -0.680279 -0.778865 -1 -1 -1 -1 0.968751 -0.937665 -0.709106 -0.568362 -0.197283 -1 -1 -0.818413 -1 -0.636512 -0.769669 -1 -0.959842 -0.911587 -0.441246 -0.89288 -0.839681 -0.516266 -1 -0.736263 -1 
-0.890718 -1 -0.766913 -0.42278 -1 -1 -0.9954 -1 -0.425277 -0.603484 -1 -1 -0.399603 0.00342155 -1 -1 -1 -0.648385 -0.87631 -1 -0.627163 -1 -0.783346 -0.469565 -0.664074 -0.908592 0.120849 1 -1 -1 -0.617749 -1 -1 -1 -1 -0.283168 -1 0.0947458 0.450871 -1 -0.500258 -1 0.240788 -0.910998 -1 0.0402967 -1 -1 -0.202997 -1 -0.840727 -1 -0.898368 -0.991519 -1 -0.852396 -0.831934 -1 -0.560878 -0.915674 -1 0.0298751 0.529076 -0.998379 -1 -1 -0.0780415 -0.295527 -0.355136 -1 0.267548 0.266707 -1 -0.0937327 -1 -1 -0.016756 -0.198661 -1 -1 -1 -1 -1 -0.787062 -1 -0.944858 0.257133 -1 -0.760775 -0.165251 -1 -1 -1 -1 -0.441801 -1 -1 -0.778781 -1 -0.555974 0.229723 -1 -0.638605 -1 -0.303642 -0.574419 -1 -0.272736 -1 -1 -0.811301 -0.791269 -0.129703 -0.568159 -0.787436 -1 -0.567439 0.0387259 -0.74811 -0.122084 -1 0.624297 0.114986 -0.174948 0.785753 -1 -1 0.523654 -1 -0.670621 -0.558155 -1 -0.682383 0.252969 -1 -0.583586 -1 -1 
-0.957843 -0.877773 -1 -0.518813 -1 -0.415522 -0.679743 -1 -0.920635 -1 -1 -1 -1 -1 -1 0.129677 -0.0837889 -1 -0.66414 -1 -1 -0.708871 -1 -1 -0.482645 -1 -0.720152 -0.72108 -0.712667 -0.514486 -1 -1 -1 -1 -0.889218 -0.623861 -1 -1 -0.969644 -0.0316253 -1 -0.383055 -0.986369 -1 -1 -0.65659 -1 -1 -1 -1 -1 0.126482 -1 -0.894466 -0.926121 -1 -1 -1 -1 0.417614 -0.808913 0.843085 -1 -0.314659 -1 -0.961475 -1 -0.640387 -1 -1 -1 -1 -0.168501 -0.7162 0.166114 -1 0.242066 -1 -0.231083 0.537212 -0.830107 -1 -1 -0.991956 -1 -1 -0.795644 -1 -1 -1 -1 -1 -1 0.521211 -1 -1 -1 -0.478985 -1 -0.136948 -0.508461 -0.898337 -1 -0.959181 -0.899152 -1 -1 -0.592809 -0.0745396 -1 -1 -1 -1 -0.47629 -1 0.307987 -1 -0.65368 -1 0.151254 -0.963426 -1 -1 -0.57949 -1 0.211897 -0.848154 0.791175 -1 -1 -0.794933 -0.589439 -1 -1 -0.807895 0.615622 -1 -1 
-1 -0.691715 -0.790705 -0.460881 -1 -0.833095 -1 -0.868173 -0.415016 -1 -0.765015 0.899961 -0.228248 0.0161878 -1 -1 -1 -1 -1 -1 0.0205397 0.0139399 -0.495541 -0.382116 -0.658121 -1 -0.190184 -0.235415 -0.826438 -0.289728 -0.729254 -1 -1 -1 -1 -1 -1 -1 -1 -1 0.109871 -0.681144 -0.676179 -0.432878 -0.881941 -1 -0.257721 -1 -0.464899 -1 -1 -1 -1 -1 -1 0.629442 -1 -1 -0.979917 -0.385002 -1 -0.251518 -0.422144 -0.619863 -1 -0.904935 -1 -1 -0.225681 -0.580836 0.783365 -0.509959 -0.572245 -0.49542 -0.719363 -0.878488 -1 -0.670939 -0.153721 -1 -1 -0.609714 -0.313897 -0.865057 -0.942461 -0.870061 0.363359 -0.728688 -1 0.1425 -0.752736 -1 -1 -1 -0.724443 -1 -0.509133 -1 -1 -1 -1 -0.631696 -0.761914 -1 -1 -0.609976 -1 -0.824602 -1 -0.62295 -1 -0.861117 -0.0441316 -1 -0.295522 -1 -0.790794 -1 -1 0.242203 -1 0.931882 -1 -1 0.996022 -0.404933 -1 0.967931 0.0562517 0.979931 -0.3891 -0.999211 -0.613124 -1 -0.842419 -1 -1 -1 
-1 -1 1 -1 -1 0.936099 -1 -0.999357 -1 -1 -1 -0.851476 -0.952498 -1 -1 -0.277843 -0.688065 -0.694462 -1 -0.752054 0.825043 -1 -1 -1 -1 -1 -1 -0.837881 -1 -0.949514 -0.0572325 -1 -1 -1 -1 -0.758436 -1 -1 -0.973835 -1 -1 -1 -1 -0.998599 0.225851 -0.547166 -1 -0.793383 -1 -1 -1 -1 -1 -1 -1 -1 -0.34957 -0.697978 -1 -0.651735 -0.37393 -0.7452 -1 -1 -1 -1 -1 -1 -1 -0.853393 -1 -1 -0.756049 -1 0.300316 -0.529699 -1 -1 -1 -1 -1 -1 -0.834264 -0.424423 -1 0.612332 -1 -0.929051 -1 -1 0.760378 -0.0704647 -1 -1 -0.908351 0.136114 -0.095946 0.395269 -1 -1 -1 -1 -0.804981 -0.197397 -1 -0.824229 -0.96579 -0.846241 -0.351554 -1 -0.690017 -0.837927 -0.672513 -1 -1 -1 -0.356843 1 -1 0.565812 -1 -1 -1 -1 -0.441604 -0.592983 -0.751569 0.335944 -0.477473 -1 -1 -1 -0.406616 -1 -1 -1 -1 -0.643194 
-0.586884 -1 -1 -1 0.518888 -0.898366 -0.549435 -1 -1 -0.238666 -0.762249 -0.77226 -0.199003 0.319701 0.99333 0.364148 0.375139 -0.579668 -0.704923 -1 -0.193466 -1 -1 -0.785952 -0.499004 0.624896 -1 -0.303352 -1 -0.825728 -0.806631 -0.822475 -0.226724 0.0326218 -0.534759 -1 -0.951978 -1 -1 -0.0560002 0.30363 -0.230411 -0.860445 -0.0290152 0.153879 -1 -0.514518 -1 -0.803312 -0.0195339 -0.687681 -0.340512 -1 0.724681 -1 0.519765 -0.795619 -0.694156 -1 -0.208788 -1 -1 -0.360473 0.75439 -0.97805 -1 -0.178552 -0.798129 0.916137 0.0245339 -1 -1 -0.817217 0.555348 0.715713 0.767023 -0.630576 -0.865197 -1 -1 -1 0.747886 0.93265 -1 0.0165955 -0.923781 0.875834 -0.700541 -0.905851 -1 -1 0.527707 -1 -0.75096 -1 0.491788 -0.120088 -1 -1 -0.129248 -0.834078 -0.585082 0.534364 -0.541929 -0.138758 -0.843415 -0.953567 -1 -1 -1 -0.974955 -0.440181 -0.908249 -0.739312 0.0254849 -0.233402 -1 0.248228 -0.466131 -0.403105 -0.865036 -1 -0.834982 0.604892 -0.228414 -1 -0.288017 -0.362693 -0.446279 0.190478 -0.758157 -1 -1 -0.87102 -1 -0.611085 -0.531067 -1 
-1 -1 0.086289 -0.461616 -1 -0.960382 -1 -0.674656 -0.415016 -0.894276 -0.482164 0.855649 -0.171539 -0.205059 -1 -1 -1 -1 -1 -1 -0.107618 -0.0459676 -0.495541 -0.155689 -1 -1 0.162649 0.128448 -1 0.10819 -0.983944 -1 -1 -1 -1 -0.0253474 -1 -0.931455 -0.850388 -0.478747 0.109871 -0.668366 -0.676179 -0.432878 -0.417666 -0.074993 -1 -1 -0.271798 -1 -1 -1 -0.00131005 -1 -1 0.982649 -1 -0.914074 -1 -1 -1 -0.549569 -0.224694 -1 -1 -0.937635 -0.721084 -0.351857 -0.225681 -1 0.783365 -0.449964 -0.572245 0.928926 -1 -0.553827 -1 -0.670939 -1 -1 -1 -0.520861 -0.447894 -0.839968 -1 -1 -0.345591 -1 -1 0.202994 -1 -1 -1 -1 -1 -0.935458 0.157464 -0.990675 -0.8045 -0.462334 -1 -1 -0.761914 -0.861852 -1 -1 -0.621913 -1 -1 -1 -0.755216 -0.89896 0.392249 -0.776962 0.0864462 -0.828755 -0.585625 -0.279401 -1 0.274196 -1 0.624297 -0.74786 -1 0.996022 -0.244087 -1 0.705098 0.000169426 0.644781 -0.361274 -0.70413 -1 -0.955793 -0.762565 -0.760901 -1 -1 
-0.982795 -0.400054 -1 -0.461616 -1 -1 -1 -1 -0.415016 -0.894276 -1 -0.00213325 -0.816377 -1 -0.40954 -1 -1 -0.725944 -1 -1 -0.780562 -0.412215 -1 -0.831545 -1 -1 -1 -0.303635 -1 -1 -0.729254 -1 -1 -1 -1 -0.74165 -0.778674 -0.931455 -0.806571 -0.624247 -1 -0.670746 -1 -0.304351 -0.417666 -0.074993 -1 -1 -0.792118 -0.988779 -1 -1 -0.00131005 -1 -0.628509 1 -1 -1 -0.69209 -1 -1 -1 -0.130428 -1 -1 -0.937635 -1 -0.933312 -1 -1 0.916363 -1 -0.992061 0.752158 -0.752814 -0.379895 -1 -1 -0.62993 -0.799445 -0.817707 -0.667788 -1 -1 -1 -0.851665 0.363359 -1 -1 -0.0508574 -0.0926718 -1 -1 -0.983968 -1 -1 -0.884891 -1 -0.8045 -0.334549 -0.198468 -0.686685 -1 -1 -1 -1 -1 -1 -1 -1 -1 -1 0.392249 -1 0.347131 -1 -0.475959 -0.044438 -1 -0.36776 -1 0.83726 -1 -1 0.416765 -0.00689986 -0.982129 -1 0.000169426 0.150582 -0.361274 -1 -1 -1 -0.0498808 -1 -0.990093 -0.964964 
0.12677 -1 0.919134 -1 -1 -0.863461 -0.172517 -1 -1 1 -0.599868 -0.835986 -0.818116 0.514131 0.20859 0.620062 1 -1 -1 -0.800433 -1 -1 0.346604 -0.651879 -0.669513 -0.0113124 -1 -0.815338 -0.527802 -0.246546 -0.711414 -1 1 -0.389736 -1 -0.190034 -1 -0.987433 -1 -1 0.5693 -1 -1 0.554175 0.773786 -0.281385 0.450636 0.710556 -0.83138 -0.659005 -0.054677 -1 -1 -1 -0.925718 -0.190934 -0.199473 -1 -1 0.932371 -0.930017 -0.530894 -0.81517 -1 0.0220275 0.0703773 -1 -1 -1 -1 -0.618874 -1 -1 -1 -0.701348 -1 -0.50994 -1 -0.144598 -1 -1 -1 0.511925 -1 -0.598615 0.537488 -1 -1 -0.546908 -0.324098 -0.362265 -0.897268 0.129505 -1 -0.848852 0.218787 -0.54777 -1 -1 0.464105 -1 -0.672459 -0.702892 -1 -1 -1 -0.607978 -0.203813 -0.771239 -0.565915 -0.452152 -0.47583 0.366555 -1 0.0724148 -0.628264 -1 -1 -1 0.529034 -1 -1 -0.357247 -1 -1 -0.124454 -1 -1 -1 -1 -0.847874 -0.969108 -1 0.145044 -0.571131 -0.658627 0.390128 -1 
0.370875 -0.116672 0.712142 -1 -1 -0.632546 0.918303 -0.197524 -1 -0.059208 -0.039605 -0.778781 -1 -1 -0.280158 0.573317 -0.229347 -0.301858 -0.54475 0.677963 -1 -0.529273 -0.587711 -0.159184 -1 -1 -1 -1 -1 -1 -1 -0.545532 -0.92144 -1 -0.673702 -1 -0.849525 -1 -0.969561 -1 -1 -1 -0.738807 -1 -0.718589 -1 -1 -1 0.221961 -1 -0.286402 0.390799 0.150773 -0.876317 0.633464 -0.785402 -1 -1 -0.952049 -0.0416348 -0.393971 1 -0.750271 -0.85575 -0.592201 -0.785447 -1 -0.74551 -1 -1 -0.932598 -0.204064 0.602085 -1 0.425936 -0.606885 0.0346072 -0.220738 -1 -0.976105 -0.266126 -1 -1 -1 -1 -0.682265 -1 -1 -0.890493 -1 0.0600662 0.853459 -1 -0.088738 -1 -0.980495 -0.285223 -1 -1 -1 -1 -1 -1 -1 -0.49359 0.228724 -0.178172 0.0133597 0.431335 -1 -1 -1 -1 -1 -0.88226 -0.487045 -1 0.25793 -1 -0.0109185 -0.429592 -1 -0.712683 -0.653352 -1 1 -1 -0.599909 -0.858367 0.0871187 -1 -1 -0.530763 -1 -1 -0.736762 -1 -1 
-1 0.0185039 -1 -0.603189 -1 -0.908848 -1 -1 -0.936682 -1 -1 -0.914752 0.304241 0.00342155 -1 -1 -1 -0.676018 -0.957883 -1 -0.0148273 0.0853564 -0.199135 -0.0123967 -0.763327 -0.914588 0.995031 0.94084 -1 -1 0.207658 -0.491018 -1 -1 -1 -0.283168 -0.432076 0.0947458 -0.453614 -1 -0.500258 -0.608391 0.246818 -1 -0.0607904 -1 -1 -0.708035 -0.80018 -0.735402 -1 -1 -0.449498 -0.628496 -0.740581 -0.536454 -0.407681 -1 -1 -0.37131 -0.728133 -0.237505 0.706585 -1 -1 -0.912899 -0.0780415 -0.665185 -0.123674 -1 0.730958 -0.2937 -0.572245 -0.775068 0.44231 -0.458854 -1 0.687034 -1 -1 -1 -1 -1 -0.910635 -0.427906 -0.270799 0.117198 -1 -1 -1 -1 -1 -0.937258 -0.886839 0.0986617 -1 -0.903636 -0.9838 -1 -0.628867 0.229723 -1 -0.305852 -0.9106 -0.00685847 -0.239398 -1 -0.272736 -1 -1 -0.811301 -0.791269 -0.203692 -0.929969 0.0864462 -1 -0.0495764 -0.050373 -1 0.124315 -0.627307 0.624297 -1 -0.299605 0.901981 -0.358181 -1 0.0821986 -0.610745 -0.166771 -0.558155 -1 -0.884283 -0.101348 -1 -1 -1 -0.615265 
0.674009 -0.495281 0.165833 0.127482 0.8326 0.417097 -0.083293 -0.436632 0.338118 0.296404 0.818377 -0.381819 -0.649561 0.831031 0.539002 -0.0484695 0.703594 0.484943 0.0904611 -0.256515 -0.515725 -0.377173 0.389429 -0.031909 0.0557065 -0.484807 -0.954154 0.198967 -0.164556 0.11868 -0.751844 -0.727533 0.785855 -0.954669 0.595046 0.963627 -0.884675 -0.00944167 0.107777 0.515577 0.121045 0.117932 0.223357 0.805045 -0.902771 0.235754 -0.437473 -0.147049 -0.0284055 0.31743 0.542672 -0.309052 0.523821 0.953281 0.719831 -0.595423 -0.00854242 -0.038841 -0.206956 -0.304683 0.923834 -0.0598115 -0.857037 0.595423 -0.519834 0.561533 -0.366984 -0.741279 -0.624509 0.411846 0.379201 0.489254 -0.977069 0.858235 0.422693 -0.931216 -0.566077 -0.438588 0.945265 -0.825372 -0.00994378 -0.81152 -0.675523 -0.433164 0.783158 -0.956168 -0.745018 -0.357878 -0.725765 -0.184123 0.870445 -0.52569 0.0935584 -0.570087 0.65406 0.393408 0.363755 0.188006 -0.827309 -0.951272 -0.197496 0.646252 0.117773 -0.39705 -0.529596 0.110989 -0.600265 0.232936 -0.87414 0.454364 0.537235 0.815019 -0.357804 -0.704336 -0.608577 -0.995063 0.0515726 0.0773981 -0.758354 -0.857961 -0.565255 0.204252 0.16203 0.657856 -0.698905 -0.770373 -0.00276327 -0.288915 -0.19227 0.986993 -0.139482 -0.0360285 0.480294 0.285637 0.651693 -0.311588 0.549434 -0.153737 
-0.207301 -1 -1 -0.661276 -0.975662 -1 -1 -0.988068 -1 -0.897971 -1 -1 -1 -1 -1 0.63097 -0.593591 -1 -1 -1 -1 -1 -1 -1 -1 0.0284819 -0.900054 1 -1 -0.869208 -0.223595 -0.87402 -0.801861 0.811459 -1 -0.21943 -1 -0.874967 -0.872708 0.740031 -0.848593 -1 -0.644047 -1 -0.569971 -0.943749 -0.308134 -0.582834 -1 -0.175605 -1 -1 -1 -1 -1 -0.20702 -1 -0.559072 -0.852641 -0.963612 -1 -0.64998 -1 0.159068 -0.854055 -0.148067 -1 -0.825448 -1 0.574938 -1 -0.897346 -1 -1 -0.472308 -0.259231 0.818697 -1 -0.628226 -1 -1 -0.876126 -0.451487 -1 -0.53434 -1 -0.935669 -1 -0.826676 -0.991764 -1 -1 -1 -1 -1 -1 -0.336819 -0.106067 -0.279122 -1 -1 -1 -1 -1 -1 -1 -1 -1 -1 -1 -0.787235 -1 -0.373586 -0.967099 -1 -0.893287 -1 0.873679 -1 -0.149199 -0.291724 0.219772 -0.875857 -0.015031 -1 -0.411031 -1 -1 -0.923029 -1 -1 -1 -1 -1 -0.957148 -1 -1 -1 
-0.207301 -0.742522 -1 -0.783064 -1 -1 -0.828776 -1 -1 -0.495566 -0.698111 -0.754023 -1 1 -1 0.446737 -0.94651 -1 -1 -1 -0.569556 -0.280072 -1 -0.831028 -1 -0.350219 -1 0.0512484 -1 -0.577247 0.610078 -1 -1 0.528339 -1 -0.21943 -0.862708 -1 -1 0.668332 -0.36679 -1 -1 -0.980097 -0.1408 -1 -0.241562 -0.72559 -1 -1 -1 -1 -1 -1 -1 -1 -0.159467 -1 -1 -0.467985 -1 -1 -0.990547 1 -0.854055 -0.563583 -1 -0.992705 -1 0.405296 -1 -1 -0.635474 -1 0.449952 -0.259231 0.493478 -0.765766 -1 -1 -0.862047 -0.719783 -0.210278 -0.570237 -0.53434 -1 -0.935669 -0.800596 -1 -1 -0.685873 -1 -0.385095 -1 -1 -0.600993 -1 -0.178711 -0.0697559 -1 -0.778791 -1 -0.624331 -1 -1 -1 -0.854453 -1 -1 -1 -1 -1 -1 -0.802997 -0.896313 -1 -1 0.789699 -1 0.55213 -1 0.159961 -1 -0.015031 -1 -0.708064 -1 -0.636091 -1 -1 -1 -1 -1 -1 -0.516266 -1 -0.568995 -1 
-0.883459 -1 -1 -0.892173 0.523075 -1 -1 -1 0.73199 0.000503212 0.282332 -1 -1 -0.859831 0.249643 -1 -1 -0.56299 -1 -1 -0.741025 -0.143498 -1 -0.726478 -1 -1 -1 -0.557145 -1 -1 -0.938522 0.182736 0.130386 -1 -1 -1 -1 -1 0.780052 -1 -1 -0.965622 -0.715652 -1 0.269259 -1 -1 -1 -1 -1 -0.382658 -1 -1 -1 -1 -1 -1 -1 -1 -0.569979 -1 -1 -1 -1 -1 -0.978447 -1 -1 -1 -1 -1 -0.77937 -0.768887 -1 -1 -0.683842 -1 -0.194596 -1 -0.841135 -1 -1 -1 -0.842273 -1 -1 -1 0.0194087 -0.274949 -1 -1 -1 -0.927285 -1 -1 -1 0.0691057 -1 -1 -0.841597 -0.654716 -0.735175 0.0496182 -1 -1 -1 -1 -0.976077 -0.521075 -0.628905 -1 -1 -1 0.821042 -1 -0.76062 -0.843673 -0.742945 -0.785199 -0.00176159 -1 -1 -1 -1 -0.854148 -0.209436 -1 -0.650653 -0.0936667 -1 -1 -0.777446 -1 -1 -1 -1 -1 -0.633954 
-1 -1 -0.48295 -0.461616 -1 -0.960382 -1 -0.578707 -0.795911 -0.894276 -0.482164 0.855649 -0.902844 0.0701861 -1 -1 -1 -1 -1 -1 -0.107618 0.289713 -0.330478 -0.155689 -0.853826 -1 -0.025115 0.151309 -0.830663 -0.894799 -0.41008 -0.453735 -0.887223 -0.729729 -1 -1 -1 -0.50805 0.0702699 -1 0.109871 -0.375215 -0.676179 -0.432878 -1 -0.074993 -0.127904 -0.783903 -0.705684 -1 0.102998 -1 -0.00131005 -1 -1 0.625528 -1 -1 -0.979917 -1 -1 -0.760018 -0.130428 -1 -1 -1 -1 -0.351857 -0.899262 -0.766898 0.783365 -0.64365 -0.844584 0.594315 -0.752814 -0.63695 -0.468072 -1 -0.153721 -1 -0.817707 -0.398487 -0.447894 -0.752148 -1 -1 0.363359 -1 -1 0.202994 -0.752736 -1 -1 -1 -1 -0.659267 0.157464 -1 -0.8045 -1 -0.198468 -1 -0.761914 -1 -1 -0.633537 -1 -0.900689 -0.612185 -1 -0.88783 -1 0.325921 -0.776962 0.0864462 -1 -0.585625 -0.445548 -1 0.421719 -1 0.624297 -1 -1 0.416765 0.12671 -1 0.705098 0.000169426 0.150582 -0.361274 -1 -1 -1 -0.0498808 -0.701788 -1 -0.964964 
-1 -1 1 -1 -1 1 -1 -1 -1 -0.44217 -1 0.131247 -1 -1 -0.911157 -0.184062 -0.501336 -1 -1 -0.685154 0.825043 -1 -1 -1 -0.642627 -1 -0.627737 -0.885617 -0.874662 -1 -0.368835 -1 -1 -1 -1 -0.758436 -1 -1 -0.810249 -0.639238 -1 -1 -1 -1 -0.109981 -0.992663 -0.943556 -1 -0.919032 -0.521136 -1 -1 -0.838944 -1 -1 -1 -0.300895 -0.404 -1 -1 -0.37393 -0.7452 -1 -1 -1 -0.977326 -0.971919 -1 -1 -0.853393 -1 -1 -1 -1 -1 0.502781 -1 -0.849179 -1 -1 -1 -1 -1 -0.477166 -1 0.782351 -1 -1 -0.523804 -0.218497 0.585768 -0.1549 -0.702615 -0.690622 -1 -0.656895 -1 -0.560961 -1 -1 -1 -1 -1 -0.197397 -1 -0.980928 -1 -1 -1 -1 -0.774097 -1 -0.270774 -1 -1 -1 -0.480144 1 -0.495266 0.296824 -1 -1 -1 -0.804177 -0.0918766 -0.739308 -0.920769 0.530925 -0.611515 -1 -0.9383 -1 -0.510775 -1 -0.884541 -0.616138 -1 -1 
-0.207301 -1 -1 -0.739369 -1 -1 -0.828776 -1 -1 -0.495566 -0.698111 -1 -1 1 -0.862973 0.556297 -0.62353 -1 -1 -1 -0.772285 -0.280072 -1 -1 -1 -1 -1 0.896664 -1 -0.577247 0.610078 -1 -1 0.528339 -1 -0.21943 -1 -1 -1 -0.242587 -0.36679 -0.969164 -1 -0.894639 -0.412022 -1 -0.241562 -0.582834 -1 -0.615794 -1 -1 -1 -1 -1 -1 -0.098963 -1 -1 0.100613 -1 -1 -0.990547 1 -1 0.0959945 -1 -0.992705 -1 0.405296 -1 -1 -0.635474 -1 0.449952 -0.259231 0.493478 -0.198375 -1 -1 -1 -0.642493 -0.210278 -0.947313 -0.53434 -1 -0.935669 -1 -1 -1 -0.685873 -1 -0.385095 -1 -1 -0.600993 -1 0.160224 -0.0697559 -1 -0.778791 -1 -0.624331 -1 -1 -1 -0.854453 -1 -1 -1 -1 -1 -1 -0.802997 -0.896313 -1 -1 0.789699 -1 0.55213 -0.793821 0.159961 -1 -0.015031 -1 -0.708064 -1 -0.199271 -1 -1 -1 -1 -0.607499 -1 -0.516266 -1 -0.573937 -1 
0.12677 -1 0.919134 -1 -1 -0.863461 -0.33088 -1 -1 0.80917 -0.599868 -0.835986 -0.818116 0.514131 0.20859 0.620062 0.943304 -1 0.00117621 -0.800433 -1 -1 0.346604 -1 -0.669513 -0.0113124 -1 -0.815338 -0.527802 -0.246546 -0.711414 -1 1 -0.389736 -1 -0.190034 -1 -0.987433 -1 -1 0.5693 -1 -1 0.214505 0.773786 -0.473 0.450636 0.710556 -0.83138 -0.659005 -0.054677 -1 -1 -1 -0.925718 -0.190934 -0.199473 -1 -1 0.923679 -0.930017 -0.530894 -0.81517 -1 0.0220275 0.0703773 -1 -1 -1 -1 -0.618874 -1 -1 -1 -0.701348 -1 -0.50994 -1 -0.144598 -0.927449 -1 -1 0.511925 -1 -0.598615 0.807582 -1 -1 -0.546908 -0.693878 -0.362265 -0.464942 -0.0737915 -1 -0.848852 0.218787 -0.54777 -1 -1 0.464105 -1 -1 -0.702892 -1 -0.822412 -0.825111 -0.607978 0.326961 -0.771239 -0.565915 0.128681 -0.47583 0.366555 -0.869635 0.0724148 -0.628264 -1 -1 -1 0.529034 -1 -1 -0.357247 -1 -1 -0.124454 -1 -0.923075 -1 -1 -1 -0.969108 -1 0.145044 -0.571131 -0.658627 0.390128 -1 
-1 0.959053 -1 0.375892 0.972544 -0.502874 0.360524 -1 -0.241473 -0.790506 -0.582925 -1 -1 -1 -0.308827 -0.927185 -1 -0.783662 -0.510774 -0.563841 -1 -1 -0.952711 -0.621268 -1 -1 -1 0.665769 -1 -0.413682 -1 -1 -0.242962 -0.119088 0.680663 -0.301543 -0.933349 -1 0.50758 -1 -1 -0.35489 -1 -0.817498 -0.510907 -0.59499 -0.804771 -1 -1 0.512515 -0.62028 -0.663967 -1 -1 -1 -1 -0.899263 -1 -1 -0.940493 -1 0.430128 -1 -1 -1 -1 -1 -1 -1 -0.991497 -0.446203 -1 -0.603597 -0.80734 -1 -1 -0.323783 -1 -1 -0.815434 -1 -0.00636172 -0.417896 -0.822538 -0.870187 0.42913 -1 -1 -0.295799 -0.799745 0.328881 -0.51566 -0.343955 -0.864161 -0.610829 -0.695157 -0.299228 -1 -0.138045 -1 -1 -0.0443614 -0.348843 -0.141852 -0.189978 -0.705056 -1 -1 -1 0.624607 -1 -0.489176 -0.552789 0.643786 -1 -0.897604 -1 0.515428 -0.971756 -0.293164 -1 -1 -0.836724 -1 -0.398185 0.989266 -0.69565 -1 -0.538043 -1 -1 -0.549711 -0.962088 -0.916833 -0.255694 0.51035 -1 -1 
0.171102 -0.531432 -0.805697 0.760346 0.0124702 0.577097 -0.10053 -0.248628 0.314448 0.816715 0.986329 -0.682759 -0.252849 -0.853787 0.15209 0.905335 0.813498 -0.0799521 -0.732078 -0.844415 -0.0125124 -0.384043 0.0637065 -0.193762 -0.833884 -0.904786 -0.663303 0.884913 0.194543 -0.547632 0.75949 0.285718 0.65515 0.0405794 -0.629716 0.187035 -0.796214 -0.968797 -0.173178 -0.715258 -0.303014 0.96707 -0.422271 -0.417749 0.921714 0.0519009 0.0268059 0.623508 0.643705 -0.28156 -0.90562 -0.414128 0.536304 -0.834816 -0.0687839 -0.586994 0.169573 -0.998144 0.414485 -0.345962 -0.335203 -0.598853 -0.472552 0.00235248 -0.658066 -0.987277 0.950034 0.724461 -0.182327 -0.399786 -0.153325 -0.98027 -0.652109 0.135363 0.195391 -0.24841 0.702847 0.547545 0.468715 0.514862 -0.0296764 0.190096 0.831906 0.878114 -0.835052 -0.694543 -0.322519 -0.0772062 -0.160836 0.415089 -0.551297 0.415408 -0.782602 -0.606496 -0.396147 -0.825314 0.480346 0.151108 0.0108812 0.910138 -0.0876661 0.304923 0.0963881 -0.0500615 0.263079 -0.628184 -0.995638 -0.157497 0.0465075 0.833939 -0.729136 -0.0623528 0.915779 0.481599 0.214247 0.00252056 0.760165 -0.842692 0.98055 0.327903 -0.193919 0.115296 -0.944527 -0.245643 0.970029 -0.416547 0.310232 -0.0700459 -0.581277 0.924037 0.623289 0.677672 -0.959528 -0.0238371 0.146425 0.311913 -0.980087 0.24984 
-0.619146 -1 0.086289 -0.461616 -1 -1 -1 -1 -1 -1 -0.585674 0.855649 -0.171539 -0.00651233 -0.299593 -1 -0.829367 -1 -1 -0.773035 -0.107618 0.373236 -0.495541 -1 -1 -1 0.59308 0.128448 -1 0.10819 -1 -1 -1 -1 -1 -0.908141 -1 -1 -0.747467 -0.478747 -0.823621 -1 -0.676179 -1 -1 -1 0.0272529 -0.793208 -0.494767 -1 -1 -1 0.366348 -1 -1 0.691783 -1 -0.707247 -1 -0.715764 -1 -0.312068 -0.296288 -1 -1 -1 -1 -0.351857 -1 -0.766898 -0.00186557 0.544593 -0.819237 0.209841 -0.752814 -0.553827 -1 -0.670939 -0.535817 -1 -1 -0.398487 -0.447894 -0.752148 -1 -0.851665 0.363359 -1 -1 0.309882 -0.940365 -1 -0.885524 -1 -1 -1 -0.530723 -1 -0.990297 -1 -0.65753 -1 -0.761914 -1 -1 -0.526372 -0.604358 -1 -1 -1 -0.88783 -0.89896 0.163053 -1 -0.410369 -0.828755 -0.585625 -1 -1 0.421719 -1 0.624297 -0.977439 -1 1 -1 -1 0.0391743 0.475967 0.581798 -0.361274 -1 -0.632946 -0.764199 0.313277 -0.583586 -1 -0.964964 
-0.770705 -1 -1 -0.588713 -0.372787 -0.805801 -1 -0.839082 0.482013 -1 -0.208431 -1 -0.350963 -0.930974 0.471395 -1 -0.992928 -0.682619 -0.979604 -1 -0.260757 -0.143498 -1 -0.588427 -1 -0.997271 -1 -1 -0.909324 -0.864597 -1 -0.911388 0.130386 -1 -0.738455 -1 -1 -1 -0.658442 -1 -0.694263 -0.965622 -0.715652 -1 0.269259 -0.618032 -1 -1 -1 -0.937352 -1 -1 -1 -1 -1 -1 -1 -1 -1 -0.285467 -1 -1 -1 -1 -1 -0.978447 -1 -1 -1 -1 -1 -1 -0.68072 -1 -1 -0.81309 -1 1 -1 -1 -1 -1 -1 -1 -1 -1 -0.939049 -0.228275 -0.274949 -0.963183 -1 -1 -1 -1 -1 -1 -0.156746 -1 -0.667559 -0.991126 -0.525558 -1 -0.0810679 -1 -1 -1 -1 -0.699177 -1 -0.628905 -1 -1 -1 0.296057 -1 -0.810818 -1 0.175395 -0.785199 -0.00176159 -1 -1 -1 -0.634029 -0.897157 -0.209436 -1 -0.650653 -0.687116 -0.87212 -0.702529 -1 -1 -1 -1 -1 -1 -1 
-1 -1 -0.293835 -0.0620636 -1 -0.812801 -1 -1 -0.353007 -0.894276 -1 0.112807 -0.122607 -0.986497 -1 -1 -1 -0.651975 -0.636407 -1 -1 -0.866875 -0.495541 -0.955357 -1 -1 0.59308 -0.491074 -1 -0.383191 -1 -1 -0.912005 -1 -1 -0.0253474 -0.708995 -1 -0.728897 -1 -0.5266 -0.668366 -1 -1 -0.165085 0.0304234 -1 -1 -0.289407 -0.753505 0.0165332 -1 -0.112123 -0.411152 -1 -0.629296 -0.79035 -1 -1 -0.184712 -0.634104 -1 -1 -1 -1 -0.916027 -0.462489 -1 -0.225681 -1 0.783365 0.336541 -0.21004 0.0259732 -0.704772 -1 -1 -0.814521 -0.153721 -1 -1 -0.520861 -1 -0.943275 -0.545592 -0.503099 -0.168864 -1 -1 -0.792112 -0.641135 -1 -0.638093 -1 -1 -1 -1 -0.879368 -0.593148 -0.504555 -0.20781 -1 -1 -0.766601 -1 -1 -1 -1 -1 -1 -0.661151 -0.938566 -0.0384386 -0.93588 0.0864462 -0.828755 -0.585625 0.106459 -1 0.274196 -1 0.624297 -1 -1 0.996022 0.289043 -0.750364 0.803003 0.000169426 -0.178439 -0.361274 -1 -1 -0.78282 -1 -0.583586 -1 -1 
0.522346 0.0127325 0.0767209 -1 -0.809045 0.375819 -0.689274 -0.32901 -1 -0.394282 -0.786101 -1 0.130917 0.477091 -0.356058 -0.193354 -1 -0.23919 -0.117527 0.976936 -0.87827 -0.758214 -0.752367 -0.699612 0.838584 -0.0134929 0.444319 -0.609479 0.506743 -1 -0.559455 0.274471 -1 0.421164 -0.427397 -0.237329 -0.685098 0.97977 0.541487 -0.756496 -1 -0.115193 -0.262706 -0.360301 0.403011 0.00127193 -1 -1 -1 -0.966164 -0.551496 -0.902972 1 -1 0.611843 -0.879446 0.0853428 -0.102087 -0.0540139 -1 -0.0341803 -1 -0.756994 0.0337595 0.406573 -0.93349 -0.721448 -0.7957 0.502695 -0.89515 0.829103 0.168208 -0.12569 0.0538024 0.87534 -1 -0.176648 0.873945 -1 -0.886256 -1 -1 -1 -1 0.999232 -1 -1 -0.866139 -0.180174 0.852007 -1 -0.0156608 -1 -0.0275598 0.698234 0.346438 -0.156763 0.213841 0.592836 -1 -0.731036 -0.838212 0.917967 -1 -1 -0.387637 0.0376632 -1 -0.666261 -0.0876114 -0.972062 -0.698376 0.830114 -0.826021 -0.722524 0.215466 -0.757504 -1 -0.812941 -0.178235 -1 -0.980289 0.615788 0.2311 -1 0.033289 -0.298071 -0.841078 -0.767834 -0.276132 0.651387 -0.20043 -0.621266 0.87527 -0.840934 -0.715847 -1 -1 
0.701828 -0.308768 -0.550354 -0.849755 -0.172866 0.683838 -0.702414 0.500209 0.146868 -0.746066 0.813463 -0.639346 -0.0142213 -1 -0.156169 -0.635706 -0.90324 0.830153 -1 0.0174 -0.727441 -1 0.474412 -0.746435 -0.577126 -0.251827 -0.160114 0.225678 -1 -1 0.0631202 -0.921269 -0.640624 -1 -0.741196 0.0395418 0.250919 -1 -0.840309 -1 0.865611 -0.886927 -1 0.108904 -0.564213 -0.419919 -0.0496958 -0.336714 -0.106135 0.499125 -0.923183 0.612047 -0.463823 -0.497976 -0.423359 -1 -0.0841781 0.138707 -0.837005 0.356105 -0.754001 -0.0987745 -1 -1 -0.560257 -1 -0.115787 -1 0.106306 -1 -0.627519 -0.173312 0.721901 0.154957 -0.969359 0.101836 -0.484373 -0.720889 -0.0237693 -0.757088 0.0622309 -1 0.842358 -1 -0.212734 -0.169152 0.998547 -0.112965 -0.606432 -0.850799 -0.994214 -1 -0.709995 0.869232 -0.919445 -0.433925 -0.612436 -0.012405 0.549469 -1 -0.960273 -0.589669 -0.0570695 0.390769 -0.994408 -1 -0.244777 -0.308289 0.521581 -1 0.924421 0.676163 0.184388 -1 -1 -0.597432 -0.681376 0.99617 -0.30772 -1 0.762635 -1 0.8414 -0.30937 0.0251448 0.336767 -0.0815339 -0.899522 0.775697 -0.248268 -1 -0.716771 -1 -0.162917 -0.781982 0.355729 -0.125347 -0.819572 
-0.982795 -0.750467 0.086289 -0.461616 -1 -0.960382 -1 -0.289877 -0.415016 -0.894276 -1 0.855649 -0.920951 -0.405638 -0.688561 -1 -1 -0.849927 -1 -1 -0.590827 -0.412215 -0.330478 -0.155689 -1 -1 -1 -0.303635 -0.830663 -0.875984 -0.729254 -1 -1 -0.979687 -1 -0.0253474 -0.778674 -0.931455 0.0702699 -0.117676 -1 -1 -0.676179 -0.219529 -0.417666 -0.074993 -1 -1 -0.792118 -0.988779 -0.661997 -1 -0.00131005 -1 -1 0.960236 -1 -1 -1 -1 -1 -0.760018 -0.130428 -1 -1 -0.937635 -1 -0.351857 -1 -1 0.783365 -0.545617 -1 0.752158 -0.752814 -0.63695 -0.809026 -1 -0.62993 -1 -0.817707 -0.398487 -1 -1 -1 -0.851665 0.363359 -1 -1 -0.0508574 -0.419681 -1 -1 -0.880449 -0.744756 -1 0.157464 -1 -0.8045 -0.462334 -0.198468 -1 -0.761914 -1 -1 -0.633537 -1 -0.900689 -1 -1 -0.88783 -1 0.392249 -1 0.0864462 -1 -0.537029 -0.238904 -1 0.421719 -1 0.83726 -1 -1 0.416765 0.12671 -1 0.705098 0.000169426 0.150582 -0.361274 -1 -1 -0.78282 -0.0498808 -0.583586 -1 -0.964964 
-0.982795 -0.730581 -0.882147 -0.17142 -1 -0.960382 -1 -0.540066 -1 -1 -1 -0.00213325 -0.798943 -1 -0.496398 -1 -0.106544 -0.849927 -1 -1 -0.403611 -0.412215 -0.715735 -1 -1 -1 -1 -1 -0.830663 -0.875984 -0.609628 -1 -1 -1 -1 -1 -1 -0.931455 0.258476 -0.624247 -1 -1 -1 -0.219529 -0.356434 -0.66325 -1 -1 -0.792118 -0.988779 -0.857896 -1 -0.00131005 -1 -1 0.914204 -1 -1 -1 -1 -1 -0.560703 -0.458184 -1 -1 -0.937635 -0.945749 -0.351857 -0.901486 -0.641206 0.783365 -0.413029 -1 0.800672 -0.583402 -0.658633 -0.809026 -1 -1 -1 -0.817707 -0.398487 -1 -0.729318 -1 -0.527349 0.0383654 -1 -1 -0.0508574 -0.67362 -1 -1 -1 -0.744756 -1 0.157464 -1 -1 -0.462334 -0.730882 -1 -0.761914 -1 -1 -0.822661 -1 -1 -1 -1 -0.895356 -1 0.275268 -0.649943 0.0864462 -1 -1 -0.423906 -1 -0.159351 -1 0.83726 -1 -1 0.416765 -0.00689986 -1 -1 -0.415111 -0.143461 -0.361274 -1 -1 -1 -0.918207 -1 -1 -0.964964 
-1 -1 -0.80552 -0.709484 -0.00828016 -0.346957 -1 -0.712661 -0.84236 -0.0165491 -0.68114 -1 -0.7139 -0.859831 -1 -0.139602 -0.189145 0.300426 -1 -0.983115 -1 -1 -1 -0.726478 -0.657387 -0.997271 -0.857547 -0.562327 -0.819431 -1 -1 -0.599397 -0.0311958 -1 -0.699236 0.0383385 -1 -1 -0.193881 -1 -1 -1 -1 -1 -0.000411838 -1 -1 -1 -1 -1 -1 -1 -1 -1 -1 -0.967697 -1 -1 -1 -0.896105 -1 -1 -1 -1 -1 -1 -1 -1 -0.714257 -1 -0.962085 -1 -1 -0.682789 -1 -1 -0.947458 0.727107 -1 -0.557822 -1 -0.628055 -0.60078 -1 -1 -0.941552 -0.888614 -0.258686 -0.274949 -1 -1 -0.999248 -1 -1 -1 -1 -0.14319 -1 -1 -0.749041 -0.847533 -1 -0.280472 -0.904026 -0.335717 -1 -1 -1 -0.521075 -0.247209 -1 -0.847379 -1 -0.0235684 -1 -0.79683 -1 -0.605539 -0.695916 -0.00176159 -0.776973 -0.986117 -1 -1 -0.350898 0.0812706 0.381879 -0.65274 0.319827 -1 -1 -1 -0.849975 -1 -1 -1 -0.699733 -0.931273 
-1 -0.227257 1 0.236117 -0.88646 -1 -1 -0.492736 -1 -0.933109 -0.637199 0.305822 -0.775228 -0.880299 -1 -1 -1 -0.620343 -0.873332 -1 -0.297683 -0.374391 0.106345 -0.943768 -1 -0.610776 1 0.539156 -0.853609 -1 0.234152 -1 -1 -1 -1 -0.288143 -0.36809 0.151083 0.20992 -0.833726 -0.933968 -0.66282 0.683743 -0.868179 -1 -0.074993 -1 0.160793 -0.202997 -0.964637 -0.61177 -1 -0.449498 -1 -1 0.230327 -0.695752 -0.963839 0.210698 -0.37131 -1 -0.301034 0.494889 -0.123526 -1 -1 -0.985673 -1 0.768149 -0.49097 0.249546 1 -0.572245 0.482169 0.759114 -0.701852 0.0141493 0.252135 -1 -0.728629 -0.200484 -0.744009 0.319324 -1 -0.473685 -0.258953 0.329572 -0.758617 -1 -0.904244 -0.833584 -1 -1 -1 -0.64581 -1 -0.409336 -0.707163 -1 -0.499165 0.229723 -1 -0.305852 -1 -0.482094 -1 -1 -1 -0.934875 -0.903931 -1 -1 -0.426229 -1 -0.31374 -0.957412 -1 -0.537931 -0.991699 0.124315 -0.627307 0.624297 -1 -0.709035 0.470287 -0.0877333 -1 0.410495 -0.229823 -0.0161991 -0.558155 -1 -1 -1 -0.652158 -1 -1 -1 
-1 -1 1 -1 -1 0.710107 -1 -1 -1 -0.579106 -1 0.131247 -1 -0.869184 -0.895285 -0.277843 -0.688065 -1 -1 -0.685154 0.821556 -1 -1 -0.637754 -0.916221 -0.968646 -0.868996 -0.827518 -1 -0.646101 -0.620523 -0.971142 -1 -0.370623 -0.764805 -1 -1 -1 -0.891446 -1 -1 -0.88174 -1 -0.778266 -1 -0.589846 -1 -1 -1 -0.521136 -1 -1 -0.677541 -1 -1 -1 -0.300895 -1 -1 -1 -1 -1 -1 -1 -1 -0.81889 -0.653264 -1 -1 -0.853393 -1 -1 -1 -1 -0.259296 0.502781 -1 -1 -0.715434 -0.660122 -0.841274 -1 -0.651827 -0.795216 -0.38484 0.612332 -1 -0.929051 -0.523804 -1 0.760378 -0.827399 -1 -1 -0.908351 0.153296 -0.272765 -0.267129 -1 -0.654429 -0.637046 -1 -1 -0.197397 -1 -0.912883 -1 -1 -0.272832 -1 -0.774097 -1 -1 -1 -1 -1 -0.480144 -0.107189 -0.357631 0.377571 -0.840094 -1 -0.947712 -1 0.0215898 -1 -0.349554 0.252856 -1 -1 -1 -1 -0.406616 -1 -1 -1 -1 -1 
-0.207301 -1 -1 -0.661276 -1 -1 -1 -0.844937 -1 -0.897971 -0.698111 -1 -1 -1 -1 0.63097 0.0204633 -1 -0.979231 -1 -1 -1 -1 -1 -0.807978 -0.0623545 -0.900054 1 -1 -1 -0.223595 -1 -1 0.528339 -1 -0.21943 -1 -0.874967 -0.872708 0.740031 -0.848593 -0.695427 -0.644047 -1 -0.831085 -0.943749 -0.646711 -0.582834 -1 -0.175605 -1 -1 -1 -1 -1 -0.20702 -1 -0.559072 -0.852641 -0.963612 -1 -0.64998 -1 0.159068 -0.854055 0.0959945 -1 -0.825448 -0.986699 0.405296 -1 -0.832143 -1 -1 0.449952 -0.259231 0.493478 -1 -0.628226 -1 -1 -0.876126 -0.451487 -0.851761 -0.53434 -1 -0.935669 -1 -0.826676 -0.991764 -0.685873 -1 -1 -1 -1 -1 -0.33964 -0.106067 -0.541604 -1 -1 -1 -1 -1 -1 -1 -1 -1 -1 -1 -0.787235 -1 -0.488143 -1 -0.959012 -1 -1 1 -1 0.594926 -0.291724 -0.00881194 -1 -0.015031 -1 -0.411031 -1 -0.206428 -0.923029 -1 -1 -0.994936 -0.456688 -1 -0.516266 -1 -0.745432 -1 
-0.207301 -1 -1 -1 -1 -0.979524 -0.772921 -0.891802 -0.83173 -0.495566 -0.698111 -0.627605 -1 -0.0194158 -1 0.63097 -1 -1 -0.935534 -1 -1 -0.498348 -1 -1 -1 -0.350219 -1 0.896664 -1 -0.577247 -0.444103 -0.886419 -0.874028 0.183904 -1 -1 -0.707237 -1 -1 0.145616 -0.36679 -0.969164 -1 -1 -1 -1 0.225344 -0.582834 -0.894456 -1 -1 -1 -1 -1 -1 -1 0.136245 -1 -1 -0.737132 -1 -1 -0.990547 0.123397 -0.804819 0.45913 -0.932885 -1 -1 0.405296 -0.830645 -1 -1 -1 0.298839 0.0688064 0.890513 -0.198375 -1 -1 -0.862047 -0.642493 -1 -1 -0.66787 -1 -0.714266 -1 -1 -1 -1 -1 -0.904975 -1 -1 -0.600993 -1 -1 -0.890867 -1 0.0484186 -1 -1 -1 -1 -1 -0.806072 -1 -1 -1 -1 -1 -1 -0.802997 -1 -1 -1 0.9653 -0.657705 0.55213 -0.793821 -0.932987 -1 -0.015031 -1 -0.708064 -1 -0.496731 -1 -1 -1 -1 -0.554142 -1 -0.89966 -1 -0.573937 -1 
-1 -1 -1 -0.950495 -0.366182 -0.501831 -0.631096 -0.651683 -1 -0.0887418 -0.916053 -1 -0.170992 -0.775965 0.00619483 -1 -0.9357 0.431421 -1 -1 -0.255597 -0.905242 -1 -0.118914 -1 -0.840738 -0.0137508 -0.542187 -0.160465 -0.355975 -1 -0.702406 -0.667101 -1 -0.494264 -1 -1 -1 -0.758584 0.489837 -0.749684 -0.157543 0.263397 -0.718831 0.0549354 -0.397887 -1 -0.363941 -0.833991 -1 -1 -1 -1 -0.482075 -1 -0.935087 -0.835308 -0.64156 0.407815 -0.976886 -1 0.870024 0.286511 0.0262611 -0.942079 0.698459 -1 -1 -1 -1 -0.668563 -1 -0.192543 -0.868878 -0.243632 -0.579561 -0.679441 -0.859508 0.413296 -0.914993 -1 -1 1 0.530428 -1 -0.0786725 -0.0127589 -1 0.041731 -0.68056 -1 0.52888 0.709954 0.348165 -1 -0.357524 -0.804846 -1 -0.510684 -0.491537 -1 -1 -1 -0.425612 -1 -1 -0.922213 0.222522 0.483501 -1 -1 -0.852082 -1 -0.641778 -0.0661418 -0.952647 0.948601 -0.0831483 0.308424 -1 -0.914829 -1 -0.988293 -0.940045 -0.885568 -1 0.0977736 0.309023 -1 0.125039 -1 -0.387359 -0.992788 -0.651171 -1 -0.222246 -0.0140887 -0.948266 
-1 -1 -0.106956 -0.460881 -0.859203 -1 -0.828315 -0.0259848 -1 -1 -0.830708 0.912686 -0.959394 -1 -1 -1 -1 -1 -1 -1 -0.107618 0.498283 -0.938294 -0.155689 -1 -1 -0.540379 -1 -1 0.10819 -0.729254 -1 -1 -0.844297 -1 -0.461583 -1 -1 0.0702699 -1 0.189845 -0.630712 -0.742554 -0.943447 -0.417666 -1 -0.209021 -1 -0.271798 -1 -0.390982 -1 0.0556003 -1 -1 0.0509306 -1 -1 -0.979917 -0.726611 -1 -0.659637 -1 -0.78899 -1 -0.937635 -1 -0.351857 -0.225681 -0.766898 0.783365 -0.281103 -0.572245 0.686785 -0.938001 -0.181907 -0.809026 -0.889093 -0.153721 -1 -1 -1 -1 -1 -1 -1 0.0208781 -0.767008 -0.721564 0.1425 -0.752736 -1 -0.916343 -1 -0.453717 -1 0.157464 -1 -0.8045 -0.121486 0.0862122 -0.856439 -0.761914 -1 -1 -1 -1 -1 -1 -1 -0.906694 -0.9753 -0.243911 -1 -0.27898 -0.449463 -1 -0.279401 -1 0.421719 -0.968194 0.10136 -1 -1 0.996022 -0.820073 -0.826445 -0.274695 0.000169426 -0.0249096 -1 -1 -0.597406 -0.78282 0.124194 -0.567771 -1 -1 
-0.957843 -1 -1 -1 -0.872933 -0.415522 -0.679743 -1 -1 -1 -1 -1 -1 -1 -1 0.129677 -0.0837889 -1 -0.317801 -1 -1 -0.708871 -1 -1 -0.289971 -1 -1 -1 -0.712667 -0.514486 -1 -1 -1 -1 -0.781107 -0.623861 -0.654956 -1 -1 -0.671041 -1 -0.383055 -0.986369 -0.979172 -1 -0.65659 -1 -1 -1 -1 -1 0.157869 -1 -0.894466 -0.926121 -1 -1 -1 -1 0.135629 -1 0.843085 -1 -0.314659 -1 0.296179 -1 -0.785683 -1 -1 -1 -1 -0.168501 -0.7162 -0.493765 -1 -0.242875 -1 -0.231083 1 -0.427189 -1 -1 -0.652326 -1 -1 -1 -1 -1 -1 -1 -1 -1 0.303865 -1 -1 -1 -0.478985 -1 -0.136948 -0.364006 -0.898337 -1 -0.814776 -0.819935 -1 -1 -0.592809 0.62531 -1 -1 -1 -0.782993 -0.661714 -0.894685 0.307987 -1 -0.65368 -1 -0.117833 -0.963426 -1 -1 -0.57949 -1 0.211897 -0.848154 0.791175 -1 -1 -0.794933 -0.899928 -1 -1 -0.807895 0.428735 -1 -1 
-0.0709616 -1 -1 -0.308487 1 -1 -0.951293 -0.818015 -1 -0.69975 -1 -0.614564 0.366971 0.0750612 -1 0.325782 -0.691887 -0.287347 0.211353 -1 0.0833907 -0.822355 0.46956 -1 -1 -0.56292 -1 -0.618816 -0.334489 -0.550756 -1 -0.210497 -1 -0.641524 -1 -1 -1 -1 -1 -1 0.249237 -0.731671 -1 -0.26642 -0.52344 -1 -1 -0.819089 -1 -1 -0.564203 -0.413978 -1 -0.857798 -1 0.375693 -1 0.480581 -0.344731 -1 -0.346412 0.539503 -0.569951 0.75439 -1 -0.470972 -0.702852 -0.571431 0.916137 0.142837 -1 -1 -1 -0.905599 -0.0451846 0.021301 -1 0.873007 -1 -1 -1 1 0.537505 -1 -1 -0.284842 -1 0.492713 -1 -1 -0.615356 0.427242 -1 -0.970696 -1 0.768604 0.274529 -1 -1 0.371747 -1 -1 -0.602793 -0.913499 0.513246 -1 -0.819716 -1 -0.393525 -0.961718 -1 -1 -1 -0.915063 -1 -0.060995 -1 0.186191 -1 -0.916779 -1 -1 -1 0.604892 -0.515259 0.111227 -0.595178 -0.558503 -0.430406 0.952267 -0.758157 -1 0.660173 0.205019 -0.905654 -1 -1 -0.733671 
-1 -1 0.086289 -0.945384 -1 -0.830048 -0.962725 -1 -1 -1 -0.482164 -0.0471679 -0.171539 -1 -1 -1 -1 -1 -1 -1 -1 -0.883543 -1 -0.155689 -1 -1 0.162649 0.128448 -1 0.10819 -1 -1 -1 -0.63505 -0.992066 -0.894911 -1 -0.931455 -0.85895 -0.848444 -0.233975 -0.107034 -0.920392 -0.949618 -1 -0.280891 -0.363538 -1 -0.467025 -1 0.0906613 -1 0.0336956 -1 -1 0.940658 -0.919187 -1 -1 0.0785411 -1 -0.999881 -0.479402 -1 -1 -1 -0.545069 -1 -0.400951 -0.88457 0.783365 0.142712 -0.982903 0.549045 -0.911192 -0.727155 -1 -0.681387 -0.440033 -1 -1 -0.520861 -0.602042 -1 -1 -0.769105 -0.168864 -1 -1 -1 -1 -1 -0.967259 -0.776352 -0.441744 -1 -0.299138 -1 -1 -0.680546 -1 -1 -0.970417 -0.82636 -1 -1 -1 -1 -1 -1 -1 -1 0.64583 -1 -0.4024 -0.828755 -1 -0.279401 -1 -0.811317 -1 0.754816 -0.985458 -1 0.996022 -0.244087 -1 0.712474 -1 -1 -0.418868 -1 -1 -0.78282 -1 -1 -1 -0.964964 
-1 -1 -0.642543 -0.460881 -1 -0.960382 -1 -0.289877 -0.415016 -1 -0.482164 0.507655 -0.310484 -0.620732 -0.493269 -1 -1 -1 -1 -1 -0.383525 0.289713 -0.751688 0.223678 -1 -0.988979 0.469989 0.173713 -1 0.10819 -0.729254 -1 -1 -1 -1 -0.276328 -0.691404 -1 -0.760913 -1 -0.18343 -0.128931 -0.283951 -0.790405 -0.915757 -0.074993 -0.257721 -1 -0.271798 -1 0.0906613 -0.85697 -0.00131005 -1 -1 0.201359 -1 -1 -1 -0.31853 -1 0.00406125 -0.242541 -1 -1 -0.581064 -1 -0.82845 -1 -0.766898 0.365853 0.383328 -0.926504 0.68858 -0.87252 -0.181907 -0.809026 -0.670939 -0.153721 -1 -1 -0.809062 -0.447894 -1 -1 -0.945017 0.363359 -0.706478 -1 0.202994 -0.752736 -0.86088 -0.985126 -0.936401 -0.711451 -1 0.175045 -1 -0.973305 -0.462334 -0.613636 -0.642685 -1 -1 -1 -0.526372 -0.743032 -0.819307 -1 -1 -0.927459 -1 -0.243911 -0.776962 0.0369253 -0.568649 -0.585625 -0.279401 -1 0.421719 -0.959407 0.420405 -1 -1 0.996022 0.0236384 -0.812345 0.135465 0.000169426 0.616466 -0.3891 -1 -1 -0.78282 -0.0498808 -0.838699 -1 -0.964964 
-0.671717 0.627324 -0.127016 -0.232748 0.285689 -0.965522 -0.0490555 -0.00254291 -0.707532 -1 0.797422 0.587781 0.213565 -1 -0.857183 -1 -0.743404 -0.56645 -1 -0.462198 -0.862218 -0.944585 -1 -1 -0.757079 0.997341 0.92304 -0.0105503 -0.534608 -1 0.398945 -0.221372 0.282957 0.885497 -0.657098 -0.639911 0.759956 0.249029 -0.361248 0.678528 -0.844779 0.690217 0.892436 -1 -0.419939 -0.111593 -0.456208 -0.470435 -1 -0.161057 -0.499668 -1 0.263526 0.104119 0.700515 0.182992 -0.497191 -0.937229 0.107123 -0.876653 -1 -0.0135619 -0.627339 -1 0.943885 1 -0.811843 -1 -0.164617 -1 -0.908982 0.226353 0.0773389 0.907952 0.497007 -0.957494 -0.995605 -0.561864 -0.648856 -0.0704718 -0.98366 -1 -0.0967309 -1 -0.21816 -0.111623 0.415274 -0.34658 -0.129232 -0.869162 -0.793416 0.569851 -0.373668 -0.633931 0.0218759 -0.537362 -0.312688 0.687635 -0.0910508 -0.867303 0.0800248 -1 -0.248669 -0.34475 -0.0281741 0.195395 -0.510471 -1 -0.504777 0.480132 -0.891377 -1 0.693483 0.724976 0.645072 -0.662217 -1 -0.414677 -1 0.200003 0.1842 -1 -1 -1 0.33001 -1 -0.657078 -0.275947 -0.182198 -0.340621 -0.317022 -0.840443 -0.870998 -0.0772226 0.841393 -0.961558 -0.11103 -0.653861 
-0.820512 0.627324 -0.574598 -0.140077 0.285689 -0.974063 -0.592794 0.10731 -1 -1 0.938123 0.0630497 0.213565 -1 -0.867625 -1 -1 -0.995879 -0.766941 -0.462198 -0.572132 -0.944585 -1 -1 -1 0.997341 0.315551 -0.773678 -0.534608 -1 0.398945 -1 0.282957 0.439263 -0.598135 -0.639911 -0.240372 -0.820898 -0.361248 0.678528 -0.844779 0.690217 0.892436 -1 -1 -0.111593 0.493957 -0.789513 -1 -0.161057 -0.636786 -1 0.263526 0.362127 0.0663485 -0.123418 -0.497191 -1 0.505726 -0.927933 -0.740947 -0.0135619 -0.627339 -0.06028 -0.184541 0.581403 -0.811843 -1 -0.182155 -1 -1 0.447917 -0.309834 0.907952 0.497007 -1 -1 -0.312239 -0.673114 -0.0704718 -1 -0.785671 -0.0967309 -1 0.0162015 0.0884585 0.415274 -0.512168 -0.772474 -0.869162 -0.980261 0.569851 -0.481051 -1 -1 -1 0.695039 0.687635 -1 -0.927083 -0.458633 -1 0.101391 -0.285038 0.0794789 0.195395 -0.184116 -1 -0.890276 -0.0589611 -1 -1 -0.11199 0.724976 0.645072 0.277971 -1 -0.621525 -0.66864 0.200003 -0.410397 -1 -1 -0.904729 -1 -1 -0.657078 -0.275947 -1 -0.340621 -0.587349 -0.468331 -1 -0.00715053 -0.191465 -0.961558 -0.11103 -1 
