-0.650615 -0.0541666 -1 0.84206 1 -1 -1 0.0677744 -0.380792 -1 0.499769 -0.955745 -1 -1 0.185926 -0.0208852 0.319225 -0.724821 0.514171 -0.900625 -0.0255944 0.606194 -0.112536 -1 0.313144 -1 -0.45004 -0.335956 -0.669664 -0.720005 -0.646634 0.514817 -1 -0.746011 -0.00163397 -1 -0.896989 -0.497562 -0.99886 -0.095737 -0.784001 -1 -1 -1 0.24426 -0.232352 -1 1 0.597873 0.171125 -0.534128 -1 -1 -0.326751 -0.523823 0.0927954 -1 -0.310041 -1 -0.767668 -0.459746 -0.774003 -0.446894 0.0308434 -0.555279 -0.659422 -0.428231 -1 -0.937021 -1 0.0437497 0.5205 -1 0.87493 -0.936356 -0.744439 -1 -0.01526 -0.9309 -1 -0.275147 0.901118 -1 -0.607215 0.0938389 -1 -1 -0.614604 -1 -1 -0.610946 -1 0.393769 -0.618575 -0.179285 -1 -0.924482 -1 -1 0.462431 -1 0.0749902 -1 -1 -0.623187 -0.776002 -0.599028 0.0229399 0.475889 0.760921 -1 -1 -1 -0.932996 -0.0894152 -1 -1 -0.180009 -0.969494 -0.505609 -1 -1 -0.747523 0.289895 -0.845395 0.939949 0.0972397 -1 0.0119649 -0.33608 0.316369 0.507497 -0.617455 0.0996701 0.487981 0.633991 -1 -1 
-1 -0.814809 -1 -1 0.00446311 -1 -1 -0.90052 -0.609791 -0.651599 -1 -0.621453 -1 -1 -1 -0.284385 -0.548709 1 -0.575772 -1 -1 -0.142492 0.450462 -0.812535 -1 -0.660715 -0.315192 -1 -1 -0.591047 -0.45212 -0.834985 -1 -1 -0.64205 -0.834284 -0.62584 0.498619 -0.434524 -1 -1 0.273696 -0.0160127 -1 -0.350388 0.195153 -0.478933 -0.901598 -1 -0.872929 -0.369621 -1 -1 -0.899625 -1 -0.645678 -0.737696 -0.624345 0.0666295 -1 -0.190817 -0.961656 -1 -0.718062 -1 0.0523632 -1 -1 0.451624 -1 -0.481683 -0.702872 -1 -1 -0.248661 -1 -1 -1 -0.433831 -0.255506 0.187886 -1 -0.713428 -1 -0.563335 -0.745213 -0.0941595 -1 -1 0.51142 -1 -1 -1 -0.840874 -0.409808 -0.535625 -1 -1 -1 0.821606 -1 -1 -1 -1 -0.810971 0.515406 -0.775822 -0.934484 -0.805101 -1 1 -1 -0.0357778 0.77151 -0.910967 -1 -1 -0.629417 -0.241959 0.0750806 -0.8373 0.418919 -1 -0.451514 -1 -1 -0.765072 -1 -1 -1 -1 -1 -1 0.780099 0.283379 0.40304 0.321152 -1 
-1 -1 -0.164556 -0.903672 -0.301278 0.579782 -0.916898 -1 0.301884 -1 -0.299782 -0.0581679 -0.247509 -0.990684 -1 0.0164109 -0.430774 0.979782 -0.261615 -0.219815 -0.798561 -0.452894 -0.0544851 -0.764628 -0.802944 -1 -0.440605 -0.655662 -0.487113 -0.644042 -1 -0.588161 -1 -0.661858 -0.145545 -0.762524 0.694323 0.680704 0.269971 -1 -1 0.25397 -1 -1 -0.350388 0.726898 0.322928 -0.82606 -0.892942 -0.433679 -1 -0.0430738 0.408111 -0.16667 -0.61041 -1 -0.170899 -1 -1 -0.982253 -0.955173 -1 -0.724742 0.273906 -0.425508 0.0523632 -1 -1 0.863171 -1 -0.095336 0.706073 -0.504408 -0.406391 -0.248661 0.849255 -1 -0.973827 -1 -1 0.0562749 -1 -1 -1 -0.805133 -0.835488 -0.0941595 -1 0.0731077 -0.981715 -1 -0.859214 -1 0.0234709 -0.357576 -0.931997 -0.841879 -1 -1 -1 -1 -1 -1 -1 -1 0.352546 -0.792088 -1 -1 -0.924523 0.753587 -1 0.148015 0.716345 -1 -1 -1 -0.93956 0.576404 0.0358436 0.221562 0.344397 -1 -1 -1 -1 -0.4217 -0.473131 -1 -0.951134 -1 -1 -0.0283524 0.780099 0.0472443 0.469409 -0.431727 -0.227014 
-1 -1 -1 -1 -0.17305 -0.177471 -0.916898 -1 0.595766 -1 -0.289458 -0.0581679 -0.208787 -0.650004 -1 -0.730099 -0.542369 0.979782 -0.261615 -0.219815 -1 -0.654689 -0.0544851 -1 -1 -0.866594 -0.715514 -0.461551 -0.289751 -0.644042 -1 -0.588161 -1 -0.941408 0.206565 -0.762524 0.439522 0.680704 0.365679 -1 -1 -0.229289 -1 -1 -0.0612837 0.730617 0.431983 -0.82606 -0.892942 -0.993804 -1 -0.976393 -0.469456 -0.332596 -0.61041 -0.999092 -1 -1 -1 -0.919014 -0.955173 -1 -0.814185 0.273906 -0.246669 0.0523632 -1 -0.930808 0.394338 -1 -0.651461 0.706073 -0.504408 -1 -0.248661 0.849255 -1 -1 -1 -1 -0.179278 -1 -1 -1 -0.805133 -0.925669 -0.271923 -1 -0.23274 -1 -0.919988 -1 -1 -0.102132 -0.325721 -1 -0.647724 -1 -0.716504 -1 -1 -1 -0.587694 -1 -0.92388 -0.434408 -0.871949 -1 -1 -1 0.924449 -1 -0.147049 0.716345 -0.894425 -0.972624 -1 -1 -0.132203 -0.00499487 -0.292469 0.369376 -1 -0.963045 -1 -0.630934 -0.899053 -1 -1 -0.951134 -0.833336 -1 -0.610556 0.780099 0.0385307 0.65141 -1 -0.770107 
-0.521471 -1 -0.25643 0.84206 0.0476041 -0.194412 -0.602054 -0.284443 -0.299978 -1 0.499769 -0.840913 -1 -1 -1 -1 -0.19475 -0.907185 0.868673 -0.998054 -0.0255944 0.539089 0.403115 -1 -0.491357 -0.515181 0.141331 -0.536954 -0.917686 -1 -1 0.860294 -0.969958 0.659858 0.198112 -1 -1 -0.356958 -1 0.786276 0.232236 -0.982072 -1 0.14027 0.0236797 0.375832 -1 0.898275 0.597873 -0.159355 -0.213255 -1 -1 0.00952661 -1 0.485574 -0.349721 -0.26649 -0.915992 -0.18678 -1 -0.276078 -1 0.31402 0.550723 -0.914544 -1 -0.627252 -1 -1 -0.342952 0.53559 -0.808715 1 -0.954954 -0.744439 -1 -1 -0.9309 -1 0.532261 0.999736 -0.892385 0.157845 0.0609655 -0.974851 -0.433143 -1 -1 -0.953595 0.196635 -1 -0.137762 -0.234098 -1 -0.393831 -0.295701 -0.238061 -1 -0.948019 -0.771944 -1 -1 -1 -0.775168 -0.53001 -0.608889 0.445472 0.988031 0.280008 -0.319315 -0.807995 1 -0.993935 -0.0846878 -0.98728 -0.364417 -0.437191 -1 -0.804068 -0.897107 -1 -0.400916 0.289895 -0.931335 -0.08307 0.0591706 -1 1 -1 -0.109354 0.773221 -0.751736 -0.220292 0.606709 0.732298 -0.196472 -1 
-0.266671 -1 -0.651969 1 0.576397 -1 -0.360053 -0.423152 -0.226681 -1 0.615359 -0.840913 -0.428456 -1 -1 -1 -0.19475 -1 0.16351 -0.852063 -0.0255944 0.539089 0.232509 -1 -0.823319 -1 0.141331 -1 -0.917686 -1 -1 0.860294 -0.969958 0.805098 0.198112 -1 -1 -1 -1 0.410423 0.232236 -1 -1 -0.208473 -0.056871 -0.329912 -1 0.245842 0.597873 -0.159355 -0.213255 -1 -1 -0.344268 -1 -0.469515 -0.0818095 -0.26649 -0.915992 -0.0032129 -0.999787 -0.139518 -1 0.178638 0.32593 -0.659422 -0.567169 -0.681581 -0.837423 -1 -0.342952 0.53559 -0.79252 0.993171 -0.745788 -0.744439 -1 -1 -0.815099 -1 0.532261 0.621975 -0.259625 -0.218518 0.0609655 -0.623339 -0.433143 -1 -1 -0.789624 0.196635 -1 0.536934 -0.234098 -1 -0.429833 -1 -0.238061 -0.143721 -0.948019 -0.771944 -1 -1 -1 -0.775168 -0.931282 -1 0.408853 0.729279 0.744281 -1 -0.807995 1 -0.993935 -0.0846878 -1 -0.336004 -0.32199 -0.848728 -1 -0.630731 -1 -1 -0.116176 -0.644926 -0.08307 0.282424 -1 1 -1 0.156684 0.773221 -0.119361 0.087078 0.639308 -0.149438 -0.196472 -1 
0.661674 0.115023 -0.585471 0.294768 0.620605 -0.167484 -0.755113 -0.167463 0.256146 -0.555926 -0.0246929 -1 -1 -1 0.0493612 0.131586 0.43133 -0.289057 0.514171 -1 -0.0255944 0.485699 0.232509 -0.76224 0.0448192 -0.0962206 -0.675743 -0.45268 -1 -0.628023 -1 0.860294 -1 -0.480239 -0.00163397 -0.203532 -0.79456 -0.497562 -0.637454 0.244121 -0.551371 -1 -0.959535 -0.38996 -0.0184389 0.372568 -1 0.896715 -0.312878 0.171125 -0.577207 -0.995314 -1 -0.599643 -0.689875 0.998083 -1 -1 -1 -0.361013 -0.496607 -1 -0.171224 0.511248 0.683682 -0.659422 -1 -0.753006 -0.757887 -1 -1 0.226526 -1 0.166246 -1 -0.744439 -0.880509 -0.717982 -1 -1 0.689338 0.12002 -0.277114 -0.626414 -0.382057 -0.971446 -0.15552 -0.808996 -1 -0.733014 0.471065 -1 0.393769 -0.618575 0.48839 -1 -1 -0.995421 -1 -0.978686 -0.544025 -0.210984 -1 -1 -1 -0.671043 -0.722021 -0.995636 0.631081 0.310189 -1 -1 0.0373031 -1 -0.0846878 -1 -1 -0.180009 -1 -0.667549 -0.606209 -0.819046 -0.715705 -1 -0.424229 -0.270715 0.201461 -0.632374 0.707524 -0.397854 0.241108 1 -1 0.174196 -0.55417 0.732298 -0.308761 -1 
-1 -1 -0.164556 -0.903672 -0.301278 0.579782 -0.916898 -1 0.301884 -1 -0.299782 -0.0581679 -0.247509 -0.557364 -1 0.0164109 -0.430774 0.979782 -0.261615 -0.219815 -0.798561 -0.452894 -0.470803 -0.764628 -0.792278 -1 -0.440605 -0.655662 -0.152362 -0.644042 -1 -0.588161 -1 -0.661858 -0.145545 -0.762524 0.694323 0.680704 0.269971 -1 -1 0.376584 -1 -1 -0.350388 0.799913 0.322928 -0.82606 -0.892942 -0.433679 -1 -0.0430738 0.408111 -0.16667 -0.61041 -1 -0.170899 -1 -1 -0.940722 -0.955173 -1 -0.724742 0.273906 -0.840943 0.0523632 -1 -1 0.863171 -1 -0.095336 0.706073 -0.504408 -0.406391 -0.248661 0.849255 -1 -0.973827 -1 -1 0.0562749 -1 -1 -1 -0.805133 -0.835488 -0.0941595 -1 0.0731077 -0.981715 -1 -0.859214 -1 0.0234709 -0.357576 -0.931997 -0.841879 -1 -1 -1 -1 -1 -1 -1 -1 0.352546 -0.792088 -0.857239 -1 -0.924523 0.753587 -1 0.148015 0.716345 -1 -1 -1 -0.93956 0.576404 0.0358436 0.221562 0.335093 -1 -0.86021 -1 -1 -0.4217 -0.473131 -1 -0.951134 -1 -1 -0.0283524 0.780099 0.0472443 0.182939 -0.431727 -0.227014 
0.661674 -0.0731902 -0.459984 0.805603 1 -0.167484 -0.762423 -0.389618 0.461748 -1 -0.573857 -0.836865 -1 -1 0.432346 0.260449 0.319225 -0.115299 0.622627 -1 -0.0255944 -0.231937 -1 -1 0.0448192 -1 -0.45004 -0.495423 -0.917686 -1 -1 -0.33355 -0.991306 0.659858 -1 0.396476 -0.000668913 -0.497562 -1 -0.7648 -0.175641 -0.888881 -1 -0.38996 -0.0512676 -0.948014 -1 0.896715 0.320147 0.349261 -0.668467 -1 -1 -0.741131 -1 0.998083 -1 -0.0100944 -1 -0.923987 -0.216596 -0.915613 -1 0.511248 -0.202901 -0.659422 -1 -1 -1 -1 -0.736882 0.227558 -1 0.166246 -1 -1 -1 -0.948792 -1 -1 0.689338 0.12002 -0.904738 -0.445905 0.0938389 -1 -0.317052 -1 -1 -0.953595 -0.221538 -1 0.393769 -1 0.592595 -1 -1 -1 -1 -1 -0.625045 -1 -0.687197 -1 -0.901841 -1 -0.432115 0.477155 0.655389 0.755136 -1 -1 -0.197495 -0.975411 -1 -0.656263 -1 -0.180009 -0.971029 -1 -0.442303 -1 -0.0823905 -0.185987 -0.831717 0.0968417 -0.180289 -0.872983 0.488981 -0.523125 -0.155086 0.689768 -1 -0.451598 0.639148 0.545157 -0.652509 -0.844238 
0.0200098 -0.486183 -1 0.84206 0.556442 -0.996246 -0.657941 0.133433 -0.17024 -0.7358 0.499769 -0.985591 -1 -1 0.25992 0.0744596 0.319225 -0.134883 0.423196 -0.847547 0.283303 0.182275 -1 -0.76224 -0.253508 -0.283887 -0.45004 -1 -1 -1 -0.646634 0.490662 -0.969958 -0.498175 -0.4246 -0.249643 -0.324002 -1 -0.628734 -0.782261 0.337993 -0.966667 -0.749876 -0.0350838 -0.0919261 0.196332 -1 -1 -0.0360316 0.171125 -1 -1 -1 0.00952661 -0.933246 0.407243 -0.854988 -0.339755 -0.805622 -0.508726 -0.459746 -0.543171 -0.104022 0.511248 0.666687 -0.629804 -0.598241 -1 -0.726271 -1 -0.25945 0.5205 -1 -0.127853 -0.54873 -0.744439 -0.911807 0.0119408 -0.854548 -1 0.689338 0.346597 -0.924048 -0.374023 0.0938389 -0.965198 -1 -0.366763 -1 -1 -1 -1 0.00802326 -0.618575 -0.203197 -1 -1 -1 -1 -0.569355 -1 -0.864688 -0.739745 -0.40689 -1 -1 -1 0.445472 0.364925 -1 -0.851114 -1 -0.197495 -0.963207 -0.0846878 -0.848329 -0.828789 -0.549394 -1 -1 -1 -1 -0.812031 0.289895 -0.773181 0.975754 0.656633 -1 -0.763807 -0.305476 -0.997298 0.773221 -0.713247 0.087078 0.602335 0.340077 -0.0656093 -0.697527 
0.914075 0.0993445 -0.586704 0.84206 0.556442 -1 0.0273533 0.133433 -1 -0.410466 0.277241 -0.974785 -1 -1 0.25992 -0.0208852 0.319225 0.141883 0.172309 -0.847547 0.297445 0.606194 -0.711063 -1 -1 0.0142366 -0.325196 -1 -0.917686 -1 -1 0.490662 -0.969958 -0.431698 -0.871579 -0.320832 -0.19827 -1 -1 -1 0.252334 -0.935548 -1 -0.0350838 -0.0640558 -0.710273 -0.876785 -0.710424 0.144452 -0.0674888 -1 -1 -1 -1 -0.933246 0.451451 -0.389464 -0.0100944 -0.678765 -0.80067 -0.783711 -0.617686 -0.865321 0.221229 0.666687 -1 -0.598241 -1 -0.726271 -0.953907 -0.765983 0.876621 -1 -0.993839 -0.754089 -0.744439 -1 0.206196 -0.9309 -1 -0.189998 1 -0.562157 -0.374023 0.0938389 -1 -1 -0.200923 -1 -0.705991 -1 -1 -0.895172 -0.618575 -0.291563 -1 -1 -1 -1 -1 -1 -1 -0.739745 -0.00986373 -1 -1 -1 0.445472 -0.20971 -1 -0.798068 -0.651008 -0.306426 -0.963207 -0.669719 -0.848329 -0.620134 -0.68559 -1 -0.270663 -0.676818 -1 -0.56133 -0.155748 -0.634198 1 1 -1 -0.971905 -0.305476 -0.195601 0.527404 -1 0.087078 -0.364494 0.199188 -1 -0.95913 
-1 -0.552114 -1 -1 0.171099 -0.408333 -0.323922 -0.0675871 -0.0811075 -1 -1 -1 -1 -1 -0.812997 -1 -0.774405 0.41968 -1 -1 0.495001 -1 -0.65755 0.379742 -0.285135 -0.0284319 -1 -1 -1 -1 -0.49428 -1 -1 -0.460795 -1 -0.891928 -1 -1 -0.906716 -0.906091 -1 -0.1378 -0.458923 -1 -1 0.858939 -1 -0.705591 -1 -1 -1 -1 0.669843 0.551145 -1 0.0566922 -0.783472 -1 -1 -1 -1 -0.646451 -1 -0.712509 -1 -0.817271 -0.294891 -0.64654 -1 0.473397 0.21604 -1 -0.505122 -0.27627 -0.246743 -0.196275 -1 -1 -0.978476 0.325828 -1 -1 0.575944 -1 -1 -1 -1 -0.669778 -1 -1 -1 -0.890405 -1 -1 0.635912 -1 -0.891226 -0.317035 -1 -0.878399 -0.609572 -1 -0.0880971 -1 -1 -0.741339 -1 -0.802194 -0.466271 -1 0.807994 -1 -0.555996 -1 -1 -1 -0.539979 -0.214909 0.16939 -0.143742 -0.929093 -0.849921 0.231072 -1 1 -1 -0.578437 -1 -1 -0.777198 -1 -1 -0.793253 -1 -0.608078 -0.616759 -1 -0.710738 
0.661674 -0.179828 -0.25643 -0.217494 0.830554 -0.0286587 -0.170846 0.231182 -1 -0.743046 0.243011 -0.808962 -1 -1 0.546092 0.110088 -0.923173 -0.467513 0.514171 -1 -0.647124 0.606194 0.232509 -1 -0.0377141 -0.283887 -0.967687 -1 -0.907887 -1 -0.687196 0.0977492 -1 -1 -0.325641 -0.249643 -0.19827 -0.362497 -0.732702 -0.433996 -0.3274 -1 -1 -0.38996 -1 -0.396806 -1 0.32138 -0.0305344 -0.983745 -0.577207 -1 -1 0.00952661 -1 0.42067 -0.639327 -0.677431 -1 -0.456537 -0.675151 -0.511639 -1 0.0447567 0.455766 -0.718487 -0.428231 -0.825397 -1 -1 0.0437497 0.5205 -1 0.39381 -0.614085 -1 -1 0.348778 -1 -1 0.959887 0.901118 -0.736037 -0.473923 -0.323213 -1 -0.534323 -1 -1 -0.948979 -0.970888 -1 0.51262 -1 -0.949625 -1 -0.644533 0.0284041 -1 -0.0638467 -1 -0.210984 -1 -1 -0.670095 -1 -0.554014 -0.0180095 0.565833 -0.106729 -0.851114 -0.807995 -1 -1 -1 -0.6312 -0.579306 -0.214217 -1 -0.505609 -1 -1 -1 -0.450664 -0.655023 0.939949 -0.42852 -1 0.468109 -1 -0.246622 0.773221 -0.611388 -0.718422 0.371475 0.732298 -0.438831 -1 
0.313618 -0.388821 -0.620008 1 0.961785 -0.167484 -0.217318 0.144002 -0.237041 -1 0.499769 -0.698271 -0.722543 -0.918075 0.25992 -0.349013 0.122271 0.0652459 0.155814 -0.214958 -0.1535 -0.151917 0.329626 -0.808879 0.817175 -0.283887 -0.991511 -0.371065 -0.917686 -0.820619 -0.563323 0.846879 -0.842824 -0.613839 0.467357 -0.417292 0.311013 -0.497562 0.0372523 0.602231 0.244278 -0.610923 -0.954048 -0.38996 0.0355629 0.593223 -1 0.508259 0.62709 0.494909 -0.218976 -1 -1 -0.101272 -0.954319 0.998083 -0.349721 -0.583622 -0.937879 -1 -0.762388 -0.300404 -0.822255 0.511248 0.171154 -0.659422 -0.714883 -0.845178 -1 -0.518773 0.213436 0.53559 -0.79252 0.67783 -0.929477 -0.744439 -0.874018 0.711301 -1 -0.398691 0.480516 0.901118 -0.596766 -0.717624 -0.251727 -1 -0.409878 -0.73496 -1 -1 0.938807 -0.953653 -0.122644 0.18197 0.246654 0.625502 -0.918036 -0.431956 -0.54144 -0.716913 -1 -0.210984 -1 -0.886968 -0.65718 -0.387245 -1 0.074812 0.624021 1 -0.319315 -1 1 -1 -0.390535 -0.812377 -0.364417 -0.0867573 -1 -0.201252 -0.76317 -1 -1 0.289895 -1 -0.246395 0.040737 -1 0.25781 -1 0.371117 0.317944 -0.91994 0.087078 0.627552 0.732298 0.0901286 -1 
-1 -1 -0.25643 0.84206 -0.372118 -0.509649 -0.801424 -0.284443 -0.299978 -1 0.813205 -0.840913 -1 -1 -1 -1 -0.19475 -1 0.615767 -0.998054 0.118096 0.539089 0.403115 -1 -1 -0.148094 -0.672538 -0.660197 -0.917686 -1 -1 0.860294 -1 -0.0735486 0.198112 -1 -1 -0.356958 -1 0.947995 0.232236 -1 -1 -0.3986 -1 0.375832 -1 -0.138349 0.597873 -0.298528 -0.213255 -0.785574 -1 0.00952661 -1 0.485574 -0.263858 -0.26649 -0.915992 -0.18678 -1 -1 -1 0.31402 0.550723 -0.971346 -1 -0.627252 -0.725509 -1 -0.652941 0.53559 -1 0.537251 -1 -0.744439 -1 -1 -1 -1 0.532261 0.999736 -1 0.157845 0.0609655 -0.974851 -0.433143 -1 -1 -0.963856 -0.870649 -1 -0.41664 -0.194269 -0.861676 -0.393831 -0.295701 -0.238061 -0.743743 -0.948019 -0.771944 -1 -1 -1 -0.775168 -0.53001 -0.608889 0.445472 0.819907 0.280008 -0.319315 -1 1 -0.993935 -0.875683 -1 -0.364417 -0.0867573 -1 -0.804068 -0.897107 -1 -0.400916 0.289895 -0.913158 -0.08307 -0.957122 -1 1 -1 -0.286659 0.773221 -0.957287 -0.220292 -0.22045 0.732298 -0.196472 -1 
0.661674 -0.111992 -0.251302 0.84206 -0.533141 0.462535 -0.217318 0.0175408 0.327883 -1 0.565608 -0.808962 -1 -1 0.243488 -0.0208852 0.626054 -0.55557 0.900314 -0.457552 -0.0255944 0.7316 0.576308 -0.595172 0.135358 -0.283887 -0.719004 -1 -0.917686 -1 -1 0.860294 -0.858423 -0.159758 -0.00163397 -0.249643 0.041037 -1 -0.644916 -0.671724 0.232236 -1 -0.981994 -0.38996 0.268671 -0.441036 -1 -0.0564137 -0.391558 -0.0503431 -1 -1 -1 -0.907022 -1 0.998083 0.086566 -0.0100944 -0.962625 -0.361013 -1 -0.965342 -0.312818 -0.606724 -0.130508 -0.700303 -0.763233 -1 -1 -0.620592 -1 0.302994 -1 -1 -1 -0.744439 -1 -0.717982 -1 -1 0.108118 0.403391 -1 -0.369343 -1 -1 -1 -0.785302 -1 -0.976359 0.196635 -1 -1 -0.618575 -0.175567 -0.884776 -1 -1 -0.885067 -0.438388 -1 -0.283627 -0.0981435 -1 -0.775168 -0.924921 -0.608889 0.0907498 0.631081 1 -1 -0.209795 -0.65913 -1 -1 -0.962158 -1 -0.180009 -0.876068 -0.434687 -1 -0.678105 -1 -0.317923 -1 -0.05493 -0.619529 -0.803307 0.2697 -0.397854 -0.810071 -0.399218 -1 -1 0.0472085 0.732298 -0.669725 -1 
0.661674 -1 -1 -0.499643 0.0195225 -0.167484 -1 -0.167463 0.256146 -0.555926 -0.632036 -1 -1 -1 -0.316319 0.131586 0.43133 0.0920997 0.514171 -1 -0.0255944 0.444997 0.232509 -0.954516 -0.332469 -1 -0.45004 -0.45268 -0.8166 -1 -1 0.801477 -0.793262 0.659858 -0.00163397 -0.203532 -0.824976 -0.277314 -0.637454 0.591874 -0.551371 -0.715924 -0.959535 -0.38996 -0.0184389 -0.86949 -0.836454 0.896715 -0.168989 0.0563219 -0.577207 -0.970253 -0.629594 -0.381744 -0.445651 0.998083 -1 -1 -1 -0.361013 -0.784586 -1 -1 -0.101025 0.550723 -1 -1 -0.706865 -0.649593 -1 -1 0.226526 -1 0.166246 -1 -1 -1 -1 -1 -0.578429 0.754617 0.27489 -0.259625 -1 0.0938389 -0.974851 -1 -0.940176 -1 -0.953595 -0.563843 -1 0.758153 -0.34173 -0.0586399 -1 -1 -0.995421 -1 -0.871433 -0.544025 -0.560469 -1 -1 -1 -1 -0.842742 -0.119638 0.631081 -0.151444 -1 -1 0.0373031 -1 -0.0846878 -0.993668 -1 -0.180009 -0.613212 -1 -0.790423 -1 -1 -0.666758 -0.424229 -0.05493 0.523243 -1 0.76921 -0.397854 -0.933524 1 -1 0.174196 0.639308 0.781793 -1 -1 
0.914075 -0.0541666 -0.586704 0.84206 0.710431 -0.996246 -0.169865 0.133433 -0.797595 -0.642738 0.499769 -1 -1 -1 0.568288 -0.251903 0.581794 0.141883 0.514171 -0.850586 0.42653 0.297584 -1 -0.472967 -0.928735 -0.283887 -0.54941 -1 -0.917686 -0.711124 -0.914838 -0.630718 -1 -0.900457 -1 -0.675858 -0.19827 -1 -1 -0.782261 0.150352 -0.935548 -1 -0.488604 0.172195 0.196332 -0.876785 -0.642883 -0.0360316 0.171125 -1 -1 -1 0.00952661 -0.685245 0.847109 -0.457705 -0.721625 -0.678765 -0.399299 -0.459746 -0.457951 0.148284 0.536721 0.666687 -1 -0.269266 -1 -0.726271 -0.662646 0.0437497 0.423322 -1 0.173397 -1 -1 -0.84493 -0.562106 -1 -1 0.540596 1 -0.259625 -0.374023 0.0938389 -1 -1 -1 -1 -1 -0.899831 -1 0.0290196 -1 -0.203197 -1 -1 -1 -1 -1 -1 -0.864688 -0.669765 -0.40689 -1 -0.688861 -1 0.445472 0.799858 -0.699631 -0.851114 -0.671438 -0.755949 -1 -0.552611 -1 -1 -0.714275 -1 -1 -1 -1 -1 0.289895 -1 0.975754 0.00206381 -0.645805 -1 -0.305476 -0.0260632 0.527404 -1 -1 0.296644 0.173639 -0.753299 -1 
-0.357145 -0.0541666 -0.0752874 0.84206 0.464903 -0.36937 -0.217318 0.368577 -0.724974 -1 0.45124 -0.808962 -1 -1 0.185926 -0.0208852 0.238664 0.308827 0.514171 -0.457552 -0.0255944 0.606194 -0.112536 -1 0.464027 -0.283887 -0.644047 -1 -0.669664 -1 -0.646634 0.514817 -1 0.258507 -0.111892 -1 -1 -0.995665 -1 -0.235772 -0.697471 -0.982072 -1 -0.38996 -0.0184389 0.129227 -1 1 0.597873 0.113711 -1 -1 -1 0.00952661 -0.523823 0.438906 -1 -1 -1 -0.492558 -1 -0.774003 -1 0.689631 0.550723 -0.659422 -0.984142 -1 -1 -1 0.0437497 0.5205 -0.679542 0.87493 -1 -0.744439 -0.793218 -1 -0.790269 -1 0.104441 0.901118 -1 -0.817662 0.349883 -0.974851 -0.184632 -0.929296 -1 -0.68253 -0.189181 -1 0.393769 -0.618575 -1 -1 -1 -1 -1 -0.873946 -1 0.0305082 -1 -0.931914 -0.623187 -0.776002 -0.608889 0.429137 0.475889 -0.386636 -0.851114 -0.940827 -1 -0.932996 -0.139522 -1 -1 -1 -1 -1 -0.82552 -1 -0.56133 0.856879 -0.924073 0.939949 0.277346 -1 0.0119649 -0.33608 0.316369 0.773221 -1 -0.524795 -0.388326 0.732298 -1 -1 
0.545159 -1 -0.533858 -1 -0.766708 -1 -1 -1 -1 0.706678 -0.730551 -0.783992 0.954754 -0.555615 0.711122 -1 -0.0517042 -1 -0.202369 0.37245 -0.825059 -0.688081 0.743775 0.357311 -1 -0.974027 -0.0124225 -1 -1 0.56938 -1 -0.744398 -1 -0.397561 -1 -0.944408 0.24708 0.669621 0.24383 -0.138428 0.148036 -0.943739 0.691844 -0.551021 0.255586 0.54422 0.124727 -0.285944 -0.784323 -0.822738 -1 -0.483072 -1 -0.915393 -1 -1 -0.362672 -0.167868 -0.596426 -0.146125 0.562999 0.681909 -0.507514 0.341317 -0.970326 -0.260746 0.308941 0.914605 -0.527843 -1 -0.737222 0.501804 -1 -0.126822 -1 0.431381 -1 -0.949139 -1 -1 -0.609478 -1 -1 -1 -1 -1 -1 -0.982761 -1 0.93449 0.100085 -1 -1 -0.709968 -0.787581 -1 -0.793768 -1 -1 -0.157219 -1 -0.346366 -0.854221 -1 -0.847807 -1 -0.874218 -1 0.237646 -1 -1 1 -1 -0.722532 -1 0.584655 -1 -0.811171 -0.0066402 1 -1 -1 0.518013 -0.014547 -1 -1 -0.97586 -1 -1 -0.485273 -1 -1 0.574001 -1 -0.709065 0.645329 0.113224 -0.159361 
-0.72809 -1 -0.52063 1 0.654852 -1 -0.217318 -0.230475 -1 -1 0.595772 -0.840913 -0.755439 -1 -1 -0.897698 -1 -1 -0.464279 -0.852063 -0.0255944 0.923737 0.232509 -1 -0.466559 -0.518097 -0.96681 -0.783371 -1 -1 -1 -0.410578 -0.708117 0.302874 0.198112 -1 -1 -1 -0.380058 -0.466242 0.429321 -1 -1 -0.908778 -0.056871 -0.605235 -1 0.678663 -0.349301 -0.720206 -0.213255 -1 -1 -0.828655 -1 0.485574 -0.349721 -0.749671 -0.915992 -0.488157 -0.999787 -0.578973 -1 0.31402 0.32593 -0.872249 -0.239796 -0.681581 -1 -1 -0.342952 -0.272649 -1 -0.225213 -0.745788 -0.709361 -1 -1 -0.9309 -1 0.539091 0.621975 -0.259625 0.103567 -0.787526 -1 -0.433143 -1 -0.861119 -0.83435 -0.52261 -1 0.214858 -0.234098 -1 -0.393831 -0.968703 -0.576346 -1 -0.948019 -0.771944 -1 -1 -1 -0.700046 -1 -0.213105 0.717404 0.54438 0.713449 -1 -0.807995 1 -0.905741 -0.0846878 -1 -0.497656 0.169514 -1 -1 -0.630731 -1 -0.400916 0.289895 -1 -0.08307 -0.0584854 -1 0.682326 -1 -0.278375 0.910025 -1 0.087078 0.237057 0.858799 -0.196472 -1 
0.661674 -0.951736 -1 0.27769 0.637926 -0.194412 -0.0403515 -0.284443 -0.524939 -1 -0.20934 -0.840913 -1 -1 -1 -0.322122 -0.408088 -1 0.514171 -1 -0.535814 -0.828439 -1 -1 -1 -0.515181 0.707276 -0.617714 -0.917686 -1 -0.849918 -0.704373 -1 0.972421 0.316222 -1 -0.773529 -1 -0.748294 0.947995 0.778859 -1 -1 -0.623948 -0.056871 0.375832 -0.857147 0.994934 -0.269822 0.733202 -0.505456 -0.759976 -1 0.113319 -0.820087 0.302152 -0.273172 -0.037633 -0.960946 -0.0207117 -1 -0.891399 -1 0.340788 -0.419904 -0.659422 -0.917561 -1 -1 -1 -0.612729 0.53559 -0.79252 0.0895121 -1 -0.591563 -1 -0.12751 -0.9309 -1 -0.0449234 0.999736 -0.684254 -0.053678 0.0609655 -0.974851 -0.433143 -0.729853 -1 -0.953595 -0.578719 -1 0.393769 0.306383 -0.712864 -0.0225978 -0.576073 -0.358754 -0.393265 -0.26993 -0.656773 -1 -0.890612 -1 -1 -0.627989 -0.941786 0.483597 0.631081 0.135703 -0.343587 -1 -1 -1 -0.0846878 -1 -0.642156 -0.410519 -0.947536 -1 -0.630731 -1 -1 -0.0105357 -0.381858 -0.303163 -0.953255 -1 1 -1 -0.051355 0.49944 -1 -0.514715 -0.494113 0.732298 -0.196472 -0.876043 
0.0366716 -0.388821 -0.598468 0.108089 0.0236193 -0.378713 -0.741928 0.144002 -0.237041 -1 -0.406705 -0.698271 -0.722543 -1 -1 -0.349013 0.209435 0.0652459 0.155814 -0.214958 0.0834512 -0.151917 -0.632533 -0.808879 0.817175 -0.283887 -1 -0.433904 -0.824341 -0.961898 -0.563323 0.846879 -0.842824 -1 0.643376 -0.417292 0.311013 -0.497562 -0.314496 0.25906 0.244278 -0.610923 -1 -1 0.0355629 0.787061 -1 0.709533 0.62709 -0.0373473 -0.218976 -1 -1 -0.282352 -1 0.998083 -0.349721 -0.583622 -0.754791 -1 -0.762388 -0.300404 -1 0.511248 0.149961 -0.287588 -0.789523 -1 -1 -0.518773 0.295202 0.53559 -0.79252 0.67783 -0.929477 -0.744439 -0.582906 -1 -1 -1 0.480516 0.987284 -0.935074 -1 0.0938389 -1 -0.409878 -0.73496 -1 -1 0.870613 -0.953653 0.236519 -0.15768 0.107764 0.625502 -0.918036 -0.522527 -0.54144 -0.716913 -1 -0.210984 -1 -0.886968 -0.65718 -0.393224 -1 -0.317002 0.478371 1 -1 -0.807995 1 -1 -0.0846878 -1 -1 -0.0867573 -1 -0.201252 -1 -1 -1 0.289895 -1 -0.246395 0.460359 -0.84508 0.25781 -1 0.371117 0.317944 -0.91994 -0.0400635 0.627552 0.732298 -0.54176 -1 
-1 -0.449511 0.169106 -1 -1 -1 -0.180178 -1 -1 -1 -0.777292 -0.843987 -1 -0.915433 -1 -1 -1 -1 0.589758 -0.653188 -1 -0.492106 0.212346 -0.444042 -1 -1 -1 -0.743744 -1 -1 -0.951313 -0.991755 -1 -1 -1 -0.933238 -0.926615 -1 -1 -0.357773 -1 -0.875311 0.777129 -0.130632 0.0717868 0.303588 -0.900529 0.20434 -1 -0.715081 -0.899147 -0.888167 -1 -1 -0.986965 -1 -1 -0.413751 -1 -0.951152 -1 -0.888611 -1 -1 -1 -1 -0.616972 -1 -1 -0.965981 -1 -0.866817 -1 -0.896337 -1 -0.642739 -0.989564 -1 -1 -0.624054 -1 -1 -0.346167 -1 -1 -1 -1 -1 -0.186385 -1 -0.685971 -0.499415 -1 -0.214608 -1 -1 -0.695359 -1 -1 -0.901234 -1 -1 -0.261549 -1 -0.943514 -1 -0.2826 -1 0.0969887 -1 -1 -1 -0.596823 0.129484 1 -1 -1 -1 -1 1 -0.983905 -1 -1 0.654155 -1 -0.765589 -1 0.0406941 -1 -0.84964 -1 -1 0.0472986 -0.975975 -1 -0.602904 -1 -1 
-0.517895 -0.0915014 -0.25643 0.628515 0.427722 -0.0376713 -0.746211 0.0908059 -0.123042 -0.650184 0.347042 -0.664636 -1 -1 0.25992 -0.0208852 0.410872 0.465511 0.459585 -0.457552 -0.0255944 0.505024 0.232509 -0.76224 0.458745 -0.224433 -0.45004 -0.417873 -1 -0.974603 -1 0.860294 -1 0.461516 -0.341554 -0.249643 -0.19827 -0.59412 -0.628734 -0.287216 0.232236 -1 -1 -0.38996 -0.0184389 0.101318 -0.740762 1 0.597873 0.171125 -0.371228 -1 -1 0.00952661 -0.587097 0.998083 -0.639327 -0.847293 -1 -0.207471 -0.4049 -0.826474 -0.573343 0.511248 0.37178 -0.95389 -0.841623 -0.965964 -0.726271 -1 0.0437497 0.15918 -0.658671 0.849542 -1 -0.744439 -1 -0.0874723 -0.945144 -1 0.689338 0.713523 -0.259625 0.254968 0.0938389 -1 -0.291858 -1 -1 -0.948979 -0.245725 -0.596339 0.0741696 -0.382637 -0.809548 -1 -1 -0.431956 -1 0.513447 -1 -0.210984 -1 -0.40689 -0.775168 -1 -1 -0.597273 0.318859 0.569404 -0.851114 -0.807995 -1 -1 -0.544359 -1 -1 -0.180009 -1 -0.76201 -0.790423 -1 -1 0.289895 -0.286306 0.939949 -0.989483 -1 1 -0.675868 0.184422 0.113217 -0.740893 -0.743346 0.740216 0.193393 -0.427316 -1 
-0.784337 -0.711097 -0.869636 0.0879955 -0.247345 -0.0376713 -1 0.0908059 -0.123042 -0.650184 -0.279739 -0.808962 -1 -1 0.25992 -0.0208852 0.410872 0.0323638 0.662419 -0.736952 0.49417 -0.290636 0.232509 -0.76224 0.458745 -0.224433 -0.889142 -0.417873 -0.868163 -1 -1 0.432226 -1 0.104061 -0.341554 -0.249643 -0.19827 -0.323796 -0.628734 -0.647981 0.232236 -0.982072 -1 -0.696608 -0.132253 0.220532 -0.740762 1 0.597873 0.549023 -0.619011 -1 -1 0.00952661 -0.587097 0.998083 -1 -0.847293 -1 -1 -1 -1 -0.805882 0.511248 0.851022 -1 -0.725226 -0.965623 -0.726271 -1 0.0437497 0.344346 -0.658671 0.849542 -0.708598 -1 -1 -0.0874723 -1 -1 0.746053 0.713523 0.18222 0.254968 0.0938389 -0.659447 -0.291858 -1 -1 -0.948979 -0.245725 -0.716012 0.393769 -0.858628 -0.488603 -0.927959 -1 -0.431956 -1 0.513447 -1 -1 -1 -0.40689 -0.775168 -1 -0.898649 -0.597273 -0.1843 0.569404 -1 -0.807995 -1 -1 -0.627022 -1 -1 -0.180009 -1 -0.33382 -0.56841 -1 -0.56133 0.289895 -1 1 -1 -1 1 -0.804528 -0.553494 0.132946 -0.740893 -0.402118 0.740216 0.517764 -0.759326 -1 
0.376556 -0.0541666 -0.554954 0.84206 0.0846061 -1 -0.217318 -0.955218 -0.0495335 -1 0.381543 -0.459768 -1 -1 0.0902047 -0.629382 -0.370992 -0.570281 0.234022 -0.288482 -0.0032528 0.606194 0.232509 -0.836718 0.464027 -0.606334 -0.866168 -1 -0.744759 -0.9328 -0.439216 0.490662 -1 -0.304824 -0.4246 0.30277 -0.517191 -0.649562 -0.945221 0.252603 0.35218 -1 -1 -0.405994 0.313519 0.00987841 -0.955871 -1 -0.102369 0.240732 -1 -1 -1 0.00952661 -0.587097 1 -0.457705 -0.0100944 -0.937879 -0.496525 -0.459746 -1 -0.368223 -0.255858 0.550723 -0.742101 -0.461464 -0.781223 -0.726271 -0.871437 -0.310089 0.367836 -0.608893 -0.958472 -0.614085 -0.744439 -0.911807 0.348778 -1 -1 -0.419349 0.516528 -0.259625 -0.374023 -0.715482 -0.974851 -0.409106 -0.510269 -1 -1 -0.991375 -1 -0.235621 -0.618575 -0.458203 -1 -1 -0.431956 -0.841648 0.513447 -1 -0.214319 -0.759452 -0.40689 -0.69264 -0.692161 -1 -0.577924 0.261177 0.198079 -0.851114 -1 -0.514192 -0.963207 -0.180643 -0.572297 -1 -1 -1 -0.113436 -1 -1 -0.56133 0.369293 -1 0.314991 0.656633 -0.627259 0.408239 -0.305476 0.24554 0.773221 -0.740893 -0.0352877 -0.396105 0.732298 -1 -1 
-1 -0.814809 -1 -1 -0.718074 -1 -1 -0.90052 -0.609791 -0.651599 -1 -0.896057 -1 -1 -1 -0.0722603 -1 1 -0.575772 -1 -1 1 0.450462 -0.887183 -1 -0.660715 -0.524556 -1 -1 -0.591047 -0.45212 -1 -1 -1 -0.496195 -1 -0.303446 0.498619 0.106325 -1 -0.958305 0.273696 -0.0160127 -1 -0.350388 0.195153 -0.478933 -1 -1 -1 -0.369621 -1 -1 -0.899625 -1 -0.645678 -0.737696 -1 0.436648 -1 -0.318343 -1 -1 -1 -1 0.0523632 -1 -1 0.451624 -1 -0.481683 -0.702872 -1 -1 -0.248661 -1 -1 -1 -0.433831 0.108579 0.948289 -1 -1 -1 -0.563335 -0.795651 -0.0941595 -1 -1 0.281032 -0.938548 -1 -0.869096 -0.840874 -0.409808 -0.535625 -1 -1 -1 0.370208 -1 -1 -1 -1 -1 -0.11793 -0.775822 -0.934484 -0.805101 -1 1 -1 -0.0357778 0.77151 -1 -1 -1 -0.629417 -0.47343 0.0750806 -0.8373 0.486488 -0.874268 -0.451514 -1 -1 -0.394732 -1 -1 -1 -1 -1 -1 0.379204 0.283379 0.40304 0.582724 -1 
-1 -0.814809 -1 -1 0.00446311 -1 -1 -0.90052 -0.609791 -0.651599 -1 -0.621453 -1 -1 -1 0.079282 -0.23368 1 -0.575772 -1 -1 1 0.704474 -0.887183 -1 -0.660715 -0.524556 -1 -1 -0.591047 -0.45212 -1 -1 -1 -0.496195 -0.834284 -0.303446 0.498619 0.106325 -1 -1 0.273696 -0.0160127 -1 -0.499135 0.195153 -0.478933 -1 -1 -0.872929 -0.369621 -1 -1 -0.899625 -1 -0.645678 -0.737696 -1 0.121011 -1 -0.318343 -0.961656 -1 -0.718062 -1 0.0523632 -1 -1 -0.718061 -1 -0.481683 -0.702872 -1 -1 -0.248661 -1 -0.694368 -1 -0.433831 -0.500431 0.994336 -1 -0.741485 -1 -0.563335 -0.215996 -0.0941595 -1 -1 0.281032 -0.938548 -1 -1 -0.840874 -0.409808 -0.535625 -1 -1 -0.933285 0.821606 -1 -1 -1 -1 -0.810971 0.515406 -0.775822 -0.934484 -0.805101 -1 1 -1 -0.0357778 0.77151 -0.871595 -1 -1 -0.629417 -0.47343 0.0750806 -0.8373 0.418919 -1 -0.451514 -1 -1 -0.765072 -1 -1 -1 -1 -1 -1 0.780099 0.283379 0.40304 0.582724 -1 
0.661674 -0.0541666 -0.290302 0.278505 1 -0.167484 -0.141415 -0.436017 -0.753166 -0.20475 0.499769 -0.808962 -1 -1 0.25992 -0.477564 0.544781 -0.746718 0.514171 -0.457552 -0.0255944 0.606194 0.279863 -0.76224 0.589788 -0.283887 -0.45004 -0.655298 -1 -1 -0.986855 0.860294 -1 0.659858 -0.665875 -0.686128 -0.864268 -0.745663 -0.628734 -0.235772 -0.231191 -0.982072 -1 -0.915044 -0.507445 0.101318 -0.740762 0.119042 0.597873 0.171125 -0.447629 -1 -1 0.00952661 -0.587097 0.703869 -0.821783 0.000730135 -1 -0.172136 -0.922498 -1 0.0180965 0.548261 0.550723 -0.659422 -0.428231 -0.991953 -1 -1 0.0437497 0.0867384 -1 0.87493 -0.614085 -0.841525 -1 0.348778 -1 -1 0.689338 0.901118 -0.629977 0.139367 0.264781 -1 -0.391485 -0.686378 -1 -0.948979 -1 -1 0.224101 -0.676682 0.246654 -1 -1 -0.431956 -1 1 -0.625045 -0.57532 -1 -0.798122 -0.775168 -0.732902 -0.617882 0.445472 0.403665 1 -0.851114 -0.807995 -1 -0.963207 -0.139522 -1 -1 -0.214217 -0.840133 -0.505609 -0.790423 -1 -0.593297 0.289895 -0.239052 -0.224106 0.656633 -1 0.395253 -0.421302 -0.0427119 0.773221 -0.740893 -1 0.639308 0.911181 -0.0656093 -1 
1 -0.994351 -0.25643 -0.096856 0.169154 -1 -0.419996 0.0677744 -1 -0.957393 0.395916 -0.854418 -0.7545 -1 -0.0883063 -0.993432 -0.142887 -1 -0.0180436 -0.987209 -0.731493 -1 -0.884282 -0.683184 -0.155972 -1 -1 -1 -0.809885 -0.982773 -0.75576 -1 -1 0.674621 -1 -1 -1 -1 -0.542024 -1 0.271686 -1 -1 -1 -0.916703 0.101318 -1 1 -0.365556 0.171125 -1 -1 -0.975639 -0.113328 -0.73483 -1 -0.639327 -0.418778 -1 -1 -0.813015 -1 -1 -0.272146 -1 -0.572766 -0.635674 -1 -1 -1 -1 0.767594 -0.979839 1 -1 -0.834246 -1 -1 -1 -1 1 0.901118 -0.720675 0.0848797 -0.222115 -1 -0.209559 -0.966057 -1 -0.862138 -0.932912 -0.923947 0.393769 -0.618575 -1 -0.943328 -1 -0.431956 -0.675956 -0.946684 -1 -1 -1 -1 -0.556296 -1 -0.806833 0.445472 0.631081 0.884397 -0.828203 -1 -1 -0.841835 -0.646856 -1 -1 -0.180009 -1 -0.527725 -1 -1 -0.71703 -0.356456 -0.837597 0.87771 0.656633 -1 1 -0.564178 -1 0.970968 -1 -0.526879 0.710853 0.135107 -1 -0.726027 
-0.12769 0.211205 -0.25643 0.739275 -0.269881 -0.965241 -0.217318 0.00479346 -0.121867 -0.473956 0.726575 -1 -0.893132 -1 -0.531484 -0.0208852 0.319225 0.141883 0.537104 -0.457552 -0.0255944 -0.196624 -0.0191902 -1 0.464027 -1 -0.692181 -0.693048 -1 -1 -1 0.860294 -1 0.149162 -0.547056 -1 -0.19827 -0.971951 -0.628734 -0.302928 -0.919634 -1 -1 -0.38996 -1 -0.155544 -1 0.61495 0.597873 0.171125 -0.986913 -1 -0.914599 0.00952661 -0.587097 0.831645 -0.639327 -0.0100944 -1 -0.110524 -0.459746 -1 -1 0.326574 -0.109185 -0.659422 -0.428231 -0.781223 -0.73854 -1 0.0437497 0.485632 -1 0.87493 -0.780435 -1 -1 0.348778 -1 -1 0.689338 0.343819 -0.257345 -0.120318 0.124641 -0.974851 0.0305618 -1 -1 -0.948979 0.530043 -0.696131 0.306044 -0.618575 0.246654 -0.827823 -0.875844 -0.399069 -0.93421 0.198794 -0.912916 -0.524953 -0.888914 -1 -0.667081 -1 -0.608889 0.445472 0.63381 1 -1 -1 -0.519939 -0.841835 -0.508734 -1 -1 -0.0920074 -1 -0.953176 -0.790423 -1 -0.56133 -0.16174 -0.452963 0.939949 0.656633 -0.709847 0.81667 -0.45188 -0.909953 0.773221 -0.740893 -0.696668 -0.162146 0.334389 -1 -1 
0.185596 0.311204 0.362304 -1 -0.682738 0.807584 -0.231089 -0.43672 -0.139299 -0.218737 -0.349149 0.882873 0.239468 -0.0140981 -0.93591 -0.548022 -0.052842 0.354486 -0.137957 -0.146251 -0.343246 0.532363 -0.338509 -0.712367 -0.52112 0.703615 0.429093 -0.793603 0.310244 -0.364838 0.232087 0.158914 0.00209498 0.144831 1 -0.902911 0.0133711 0.735661 0.312392 0.878637 -0.15332 0.706705 0.189688 0.386045 0.585444 -0.592888 0.26477 0.854897 -0.13113 0.569061 0.563186 -0.11873 0.264467 0.143257 -0.0424538 -0.137217 0.0371683 0.391994 0.762833 -0.326275 -0.351827 -0.505817 0.531116 -0.520863 0.750627 0.98278 -0.211776 -1 -0.688724 0.723368 0.98066 0.90869 0.80716 0.278927 0.342142 -0.719156 0.423995 -0.139913 -0.577875 -0.511128 -0.594399 -0.586467 -0.834139 0.181166 0.49876 0.850239 -0.482155 0.771937 0.787367 0.723875 -0.644618 -0.152434 -0.0609098 0.748514 0.228103 -0.130068 0.399126 0.247289 -0.107623 0.215371 -0.175536 -0.477436 -0.880803 -0.801874 0.365913 0.542726 -0.637269 0.828936 0.77435 0.682755 -0.766868 0.724863 0.953077 0.832329 0.43773 -0.476838 0.546424 -0.799918 -0.909214 -0.71615 -0.102989 0.780539 0.286538 0.114305 0.794171 -0.866682 0.749815 0.00403559 -0.797399 0.0377275 0.538789 0.563041 -0.0998686 0.620173 -0.168519 0.695429 -0.603432 -0.247712 
0.661674 -0.476864 -1 0.27769 0.637926 -0.194412 -0.0403515 -0.284443 -0.524939 -1 -0.20934 -0.840913 -1 -1 -1 -0.322122 -0.408088 -1 0.514171 -1 -0.535814 -0.828439 -1 -1 -1 -0.515181 0.707276 -0.913781 -0.917686 -1 -0.849918 -0.704373 -1 0.972421 0.316222 -1 -0.773529 -1 -0.748294 0.947995 0.778859 -1 -1 -0.623948 -0.056871 0.375832 -1 0.994934 -0.269822 0.733202 -0.505456 -1 -1 0.00952661 -0.820087 0.302152 -0.289474 -0.349452 -0.960946 -0.0207117 -1 -0.891399 -1 0.340788 -0.419904 -0.659422 -0.742716 -1 -1 -1 -0.612729 0.53559 -0.79252 0.0895121 -1 -0.744439 -1 -0.253734 -0.9309 -1 -0.0449234 0.999736 -0.684254 -0.053678 0.0609655 -0.974851 -0.433143 -0.729853 -1 -0.953595 -0.794948 -1 0.393769 0.306383 -0.712864 -0.0225978 -0.576073 -0.238061 -0.393265 -0.26993 -0.656773 -1 -0.795602 -1 -1 -0.627989 -0.941786 0.483597 0.631081 0.557046 -0.343587 -1 -1 -1 -0.0846878 -1 -0.642156 -0.410519 -1 -1 -0.630731 -1 -1 -0.194398 -0.381858 -0.303163 -0.953255 -1 0.909436 -1 -0.051355 0.49944 -1 -0.620162 -0.494113 0.732298 -0.196472 -0.876043 
0.914075 -0.0541666 -0.586704 0.563998 0.710431 -0.996246 -0.217318 0.133433 -0.123042 -0.642738 0.499769 -1 -1 -1 0.39116 -0.0208852 0.319225 -0.222037 0.514171 -1 0.283303 0.297584 -0.711063 -0.76224 -0.928735 -0.275667 -1 -1 -0.917686 -1 -1 -1 -1 -0.354784 -0.4246 -0.249643 -0.19827 -1 -0.628734 -0.782261 0.252334 -0.935548 -1 -0.488604 0.172195 0.196332 -0.876785 -1 -0.0360316 0.171125 -1 -1 -1 0.161045 -0.685245 0.847109 -0.457705 -0.0100944 -0.678765 -0.399299 -0.0768076 -0.0716807 -0.193594 0.511248 0.38592 -1 -0.457816 -1 -0.726271 -0.996737 0.0437497 0.5205 -1 -1 -0.67704 -1 -0.84493 0.642363 -0.9309 -1 0.540596 0.246605 -0.259625 -0.631902 0.0938389 -1 -0.916801 -0.366763 -1 -0.891201 -0.899831 -1 0.00802326 -0.618575 -0.203197 -1 -1 -1 -1 -0.705794 -1 -0.864688 -0.739745 -0.40689 -1 -0.688861 -1 0.445472 0.799858 -1 -0.851114 -0.671438 -1 -0.963207 -0.0846878 -0.848329 -0.620134 -0.642904 -1 -0.505609 -1 -1 -1 0.289895 -0.773181 0.975754 0.656633 -1 -1 -0.305476 -0.0269242 0.396943 -1 -0.10625 0.296644 0.173639 -1 -1 
0.0366716 -0.388821 -0.598468 0.108089 0.961785 -0.167484 -0.741928 0.144002 -0.237041 -1 -0.54732 -1 -0.722543 -1 -1 -0.349013 0.348957 0.0447037 0.155814 -0.214958 0.0834512 -0.151917 -0.632533 -0.808879 -0.0722168 -0.283887 -1 -0.433904 -1 -0.820619 -0.321472 0.846879 -0.842824 -0.613839 -0.190319 -0.417292 0.311013 -0.497562 0.0372523 0.602231 0.244278 -0.610923 -1 -1 0.0355629 0.787061 -1 0.709533 0.62709 0.494909 -0.218976 -1 -1 -0.425512 -1 0.998083 -0.349721 -0.583622 -1 -1 -0.762388 -0.300404 -1 -0.657275 0.406421 -0.659422 -0.789523 -1 -1 -0.518773 -0.150786 0.53559 -0.684036 0.67783 -1 -0.744439 -0.582906 -0.0586165 -1 -1 0.480516 0.901118 -0.935074 -1 0.0938389 -1 -0.409878 -0.73496 -1 -1 0.938807 -0.953653 0.236519 -0.15768 0.246654 0.625502 -0.918036 -0.95844 -0.54144 -0.716913 -1 -0.210984 -0.781556 -1 -0.65718 -0.393224 -1 -0.457687 0.478371 1 -0.319315 -0.721119 1 -1 -0.0846878 -0.812377 -0.364417 -0.501264 -1 -1 -0.76317 -1 -1 0.52576 -1 -0.246395 0.460359 -1 0.25781 -1 0.462529 -0.593521 -0.91994 -0.0400635 0.627552 0.732298 -0.584308 -1 
0.661674 -1 -0.833901 -0.760821 0.0195225 -0.577952 -1 -0.167463 -0.685059 -0.555926 -1 -1 -1 -1 -0.46315 0.0325642 0.43133 0.0920997 0.514171 -1 -0.993227 0.444997 0.232509 -0.954516 -0.304497 -1 -0.444133 -0.45268 -1 -1 -1 0.801477 -0.793262 0.664843 -0.00163397 -0.378307 -0.452293 -0.277314 -0.637454 0.244121 -0.551371 -0.715924 -0.959535 -0.38996 -0.0184389 -0.86949 -0.96846 0.896715 0.145727 -0.305804 -0.577207 -0.725605 -0.629594 -1 -0.445651 0.998083 -1 -1 -1 -0.361013 -0.459746 -1 -0.710145 -0.142077 0.550723 -0.948588 -1 -0.706865 -0.449323 -1 -1 0.226526 -1 0.166246 -1 -0.501274 -0.92454 -1 -1 -0.636794 0.428043 0.598042 -0.259625 -0.824005 0.0623071 -0.974851 -0.722619 -0.940176 -1 -0.953595 -0.629871 -1 0.758153 -0.474523 -0.6561 -1 -1 -0.995421 -1 -0.871433 -0.544025 -0.210984 -1 -1 -1 -1 -0.722021 -0.119638 0.0234004 -0.151444 -1 -0.650697 -0.0997061 -1 -0.0846878 -1 -1 -0.180009 -0.613212 -0.876167 -0.790423 -1 -1 -0.666758 -1 -0.05493 0.430705 -1 0.565144 -0.562947 -0.825639 1 -1 0.174196 0.639308 0.732298 -0.637658 -1 
-0.736138 -1 0.270385 -1 -0.915585 -0.839158 -0.645087 -0.884727 -1 -1 -0.944742 -1 -1 -1 -1 -1 -1 -0.798833 0.318067 -0.972033 -0.683793 -0.357988 0.578987 0.549488 -0.896044 -0.618419 -0.476642 -1 -1 -1 -0.896935 -1 -0.819037 -1 0.126247 -0.922695 -1 -1 -0.979216 -1 0.606425 -0.701542 -0.326315 -1 0.333576 -1 -0.811924 -1 -0.904032 -1 -0.333895 -0.958595 -1 -0.685604 -1 -1 -1 -0.550681 -1 -0.987478 -0.931938 -1 -1 -0.269311 -1 -0.0207589 -0.76212 -1 -0.597297 -0.329991 -1 -1 -0.529387 -1 -0.759586 -0.824122 -0.863252 -1 -1 -1 -1 -1 -0.542327 -1 -0.904162 -1 -0.9797 -1 -1 -0.905551 -1 -1 -1 -1 -0.789943 -0.4866 -0.819034 -1 -0.558131 -1 -0.656742 -0.788279 -1 -1 -1 -0.732769 -0.310875 -1 0.312236 -0.400474 -0.415608 0.20891 0.618728 0.750673 -0.330081 -0.36827 -1 -1 -0.915273 0.636603 -0.607158 -1 -1 -0.0640458 -1 -0.911862 -0.871293 -0.876603 -1 -0.582115 0.661753 -1 0.666796 -1 -1 -0.855838 -1 -1 
-0.425531 -0.0541666 -0.25643 0.944662 -0.15832 -0.665644 -0.413733 0.132083 -0.123042 -1 -0.0238676 -1 -0.914819 -1 -1 -0.0208852 0.319225 -1 0.537104 -0.902933 -0.0255944 -0.865327 -0.209017 -1 0.578193 -1 -0.45004 -0.745048 -1 -1 -0.989054 0.860294 -1 0.659858 -0.63641 -1 -0.236443 -0.497562 -0.681177 -1 -0.00828305 -0.982072 -1 -1 -1 -0.118444 -1 1 0.656429 -0.22123 -0.577207 -1 -1 0.00952661 -0.587097 0.909849 -1 -0.949877 -1 0.188652 -1 -1 -1 0.236562 -0.230018 -0.87898 -0.239513 -0.426802 -1 -1 -1 0.88691 -1 0.169451 -0.976425 -1 -1 0.348778 -1 -1 0.486596 0.323858 -0.259625 -0.912362 0.330835 -0.974851 -0.920586 -1 -1 -1 0.196635 -1 -0.235309 -0.618575 0.270671 -1 -1 -0.431956 -1 -0.678548 -0.625045 -1 -0.925905 -1 -1 -0.764037 -0.608889 0.445472 -0.256896 1 -1 -1 -1 -1 -0.38817 -0.929021 -1 -0.962106 -1 -0.505609 -0.790423 -1 -0.835194 -0.194397 -0.452963 1 -0.0526132 -0.880361 1 -1 -0.55066 0.773221 -0.772193 -0.722231 -0.393201 0.680594 -0.736599 -1 
1 -1 -1 0.84206 0.710431 -1 -0.213763 0.10147 -0.90059 -0.421057 -0.582186 -0.974785 -1 -1 0.25992 -0.776112 0.319225 0.141883 0.514171 -0.847547 -0.0407191 0.297584 -0.788842 -1 -0.754369 -0.283887 -0.54941 -1 -1 -1 -1 -0.0784756 -1 -0.431698 -1 -0.536477 -0.19827 -1 -0.784468 -1 0.252334 -0.935548 -0.886973 -0.488604 0.172195 0.196332 -0.876785 -1 -0.0360316 0.171125 -1 -1 -1 0.00952661 -1 0.451451 -0.389526 -0.192592 -1 -1 -1 -0.457951 -0.104022 0.511248 0.185722 -1 -0.598241 -1 -0.726271 -0.996737 0.0437497 0.5205 -1 -0.0850477 -0.425819 -1 -1 0.348778 -0.9309 -1 -0.745091 0.707313 -0.942078 -0.851155 0.0938389 -1 -1 -0.348301 -1 -0.891201 -0.899831 -1 0.0895778 -0.415841 -0.315196 -1 -1 -1 -1 -1 -1 -0.864688 -0.739745 -0.40689 -1 -1 -1 0.445472 0.799858 -0.598561 -0.713622 -0.671438 -0.197495 -0.963207 -0.0846878 -0.473696 -1 -0.714275 -1 -1 -1 -1 -0.496652 0.131446 -0.773181 0.975754 -0.113486 -1 -1 -0.305476 -0.578882 0.154189 -1 0.087078 0.752661 0.732298 -0.0656093 -0.95913 
0.661674 -0.476864 -1 0.27769 0.637926 -0.194412 -0.0403515 -0.284443 -0.524939 -1 -0.20934 -0.840913 -1 -1 -1 -0.322122 -0.408088 -1 0.514171 -1 -0.535814 -0.828439 -1 -1 -1 -0.515181 0.707276 -0.617714 -0.917686 -1 -0.849918 -0.704373 -1 0.972421 0.316222 -1 -0.773529 -1 -0.748294 0.947995 0.778859 -1 -1 -0.623948 -0.056871 0.375832 -1 0.994934 -0.269822 0.733202 -0.505456 -0.759976 -1 0.00952661 -0.820087 0.302152 -0.273172 -0.0100944 -0.960946 -0.0207117 -1 -0.891399 -1 0.340788 -0.419904 -0.659422 -0.727821 -1 -1 -1 -0.612729 0.53559 -0.79252 0.0895121 -1 -0.744439 -1 -0.12751 -0.9309 -1 -0.0449234 0.999736 -0.684254 -0.053678 0.0609655 -1 -0.433143 -0.729853 -1 -0.953595 -0.578719 -1 0.393769 0.306383 -0.712864 -0.0225978 -0.576073 -0.238061 -0.393265 -0.26993 -0.656773 -1 -0.795602 -1 -1 -0.627989 -0.941786 0.483597 0.631081 0.557046 -0.343587 -1 -1 -1 -0.0846878 -1 -0.906032 -0.410519 -1 -1 -0.87923 -1 -1 -0.0105357 -0.381858 -0.303163 -0.953255 -1 1 -1 -0.051355 0.49944 -1 -0.620162 -0.494113 0.732298 -0.196472 -0.876043 
-1 -1 -1 -1 0.00446311 -1 -1 -0.90052 -0.609791 -1 -1 -0.621453 -1 -1 -1 -0.0722603 -0.548709 1 -0.575772 -1 -1 1 0.450462 -0.887183 -1 -0.660715 -0.524556 -1 -1 -1 -1 -1 -1 -1 -0.496195 -0.834284 -1 0.498619 0.106325 -0.851077 -1 0.273696 -0.0160127 -1 -0.350388 0.195153 -0.478933 -0.901598 -0.895348 -0.872929 -0.997437 -1 -1 -0.899625 -1 -0.645678 -0.737696 -1 0.0666295 -1 -0.318343 -0.961656 -1 -1 -1 0.0523632 -1 -1 0.451624 -1 -0.481683 -0.702872 -1 -1 -0.248661 -1 -1 -1 -0.433831 0.0460016 0.948289 -1 -0.739967 -1 -0.850169 -0.106637 -0.0941595 -1 -1 0.281032 -1 -0.665679 -0.869096 -0.840874 -0.409808 -0.535625 -1 -1 -1 0.544422 -0.845849 -1 -1 -1 -0.851037 0.515406 -0.775822 -1 -0.805101 -1 1 -1 -0.0357778 0.77151 -0.871595 -1 -1 -0.664343 -0.47343 0.0750806 -0.8373 0.486488 -1 -0.451514 -1 -1 -1 -1 -1 -1 -1 -1 -1 0.692932 0.283379 0.40304 0.582724 -1 
0.914075 0.0993445 -0.586704 0.84206 0.556442 -1 -0.217318 0.133433 -0.496773 -1 0.499769 -0.974785 -1 -1 0.25992 -0.0208852 0.319225 0.141883 0.172309 -0.847547 0.297445 0.606194 -0.711063 -1 -1 -0.283887 -0.325196 -1 -0.932591 -0.660948 -0.646634 0.490662 -0.969958 -0.151631 -0.871579 -0.864116 -0.19827 -1 -1 -0.782261 0.252334 -0.935548 -1 -0.0350838 0.172195 0.196332 -0.876785 -0.530741 -0.646894 -0.0674888 -1 -1 -1 -0.151722 -0.933246 0.451451 -0.389464 -0.0100944 -0.678765 -0.399299 -0.783711 -0.617686 -0.865321 0.221229 0.666687 -1 -0.598241 -1 -0.726271 -1 -0.765983 0.5205 -1 -0.127853 -0.754089 -0.744439 -1 0.206196 -0.9309 -0.741901 -1 1 -0.562157 -0.374023 0.0938389 -1 -1 -0.200923 -1 -0.891201 -1 -1 -1 -0.618575 -0.291563 -1 -1 -1 -1 -1 -1 -1 -1 -0.00986373 -1 -1 -1 0.445472 0.138948 -0.474348 -0.798068 -0.651008 -0.306426 -0.963207 -0.669719 -0.642725 -0.740166 -1 -1 -0.270663 -1 -1 -0.56133 -0.155748 -0.84687 0.975754 1 -1 -0.763807 -0.123697 -0.359469 0.527404 -0.811531 0.087078 -0.0341175 0.199188 -1 -1 
-0.159469 -1 -1 0.746476 0.404511 -1 -0.520496 -1 -0.902671 -1 0.499769 -0.840913 -1 -1 -1 -1 -0.19475 -0.771385 -0.731944 -0.852063 -0.0255944 -0.152971 0.232509 -1 -0.491357 -1 0.141331 -1 -0.944534 -1 -1 0.948293 -1 0.805098 0.198112 -1 -0.773529 -1 -1 0.391793 -0.0298068 -0.666132 -1 -0.253573 -0.056871 -0.530976 -1 0.245842 0.261064 -1 -0.213255 -1 -1 -0.344268 -1 0.42789 -0.739734 -0.916233 -1 -0.108008 -0.999787 -0.139518 -1 0.391116 0.32593 -1 -1 -0.945698 -1 -1 -1 0.679863 -0.79252 -0.578622 -0.858413 -0.744439 -1 -1 -0.9309 -0.897016 0.532261 0.425532 -0.259625 -1 -0.563319 -1 -0.433143 -1 -1 -0.789624 -0.990508 -1 0.58181 -0.603213 -1 -0.393831 -0.838426 -0.238061 -0.765126 -0.948019 -0.836131 -0.668316 -1 -1 -0.775168 -0.931282 -0.608889 -1 0.90589 0.948133 -1 -1 1 -0.993935 -1 -1 -1 0.169514 -0.740367 -1 -0.630731 -1 -0.294948 -0.116176 -1 -0.08307 -1 -0.907386 1 -1 -0.90372 0.773221 -1 -0.844315 0.639308 0.732298 -0.196472 -1 
-1 -0.743019 -1 -0.932972 -1 1 -1 -1 -0.580369 -0.806362 -0.778381 -0.805868 -1 -1 -1 -0.656076 -1 0.512412 0.434567 -0.468408 -1 1 -1 -0.523656 -1 -1 -1 -1 -1 -0.939332 -1 -1 -0.755266 -1 0.0905788 -0.668916 -0.404603 -0.210594 -0.0649664 -1 -1 -1 0.970939 -0.678557 -1 -1 -0.897658 -1 -0.878427 -1 -0.958551 -1 -0.925582 -0.736519 -0.47476 -0.975442 -1 -0.954726 -1 -1 -1 -1 -1 -1 -1 -0.910769 -1 0.813688 -0.0464616 -1 -0.898627 -0.795879 -1 -0.761681 -1 0.0981899 -1 -1 -1 0.194596 -1 -1 0.588057 -1 -1 -0.710415 -1 -0.894456 -1 -1 -0.99011 -1 -0.601501 -1 -0.880994 -1 -0.608193 -1 -0.898598 -0.604958 -1 -1 -0.950406 -1 -1 1 -1 -1 -1 0.0640763 -0.328514 -1 -0.681032 0.949875 -1 -1 -0.685256 -1 0.57918 -0.9493 0.44365 0.621609 -1 -1 -0.823227 -1 -1 1 -1 -0.745099 -1 -1 0.287462 0.457465 -1 -0.948481 -0.721246 -1 
0.717879 -0.797103 -1 0.0726981 0.114546 -0.701205 -1 0.0677744 -1 -1 0.0934492 -0.836517 -0.940647 -1 -0.0883063 -0.73411 -0.204904 -0.848399 -0.331652 -1 -1 -1 -1 -0.502181 0.493018 -0.16106 -1 -1 -0.809885 -0.622259 -0.748823 -1 -1 -0.468682 -0.547056 -1 -1 -0.860258 -0.177448 -1 0.271686 -1 -1 -1 -0.942201 0.101318 -1 -0.171432 0.422064 0.171125 -0.693983 -0.982784 -1 -0.506181 -0.698133 -0.701924 -0.639327 -0.0100944 -1 -1 -1 -1 -0.959234 0.0181203 -1 -0.235564 -1 -1 -0.926905 -1 -1 1 -1 1 -1 -1 -1 -1 -1 -1 0.436978 -1 -0.436863 -0.594951 0.142197 -0.990055 0.0398031 -0.966057 -0.415241 -1 -1 -0.923947 0.393769 -0.618575 -1 -0.943328 -1 -0.431956 -0.882267 -1 -1 -1 -1 -0.356911 -1 -1 -0.252024 0.445472 0.490928 -0.314811 -0.743024 -0.684978 -1 -1 -0.646856 -1 -0.955406 -0.646545 -1 -1 -1 -1 -1 -0.0451941 -0.144969 0.904859 0.656633 -0.813425 1 -0.0304008 -1 0.985574 -0.950795 -0.251028 0.710853 -0.171227 -0.744685 -0.453286 
-0.402257 -0.431837 -0.370385 0.84206 1 -0.124405 -0.217318 0.0677744 -1 -1 0.499769 -0.808962 -1 -1 -0.251813 -0.822411 0.319225 0.257845 0.514171 -0.457552 0.0398411 0.606194 -0.112536 -1 -0.1264 -0.689344 -0.293251 -0.326407 -1 -1 -0.646634 0.514817 -1 -0.0737002 -0.00163397 -0.706586 -0.352914 -1 -0.628734 -0.256744 -0.784001 -1 -1 -1 -0.0184389 -0.819059 -1 1 0.527375 0.154163 -0.927291 -1 -1 0.00952661 -0.523823 0.0927954 -0.639327 -0.310041 -1 -0.492558 -0.459746 -0.561631 -0.818442 0.0308434 -0.461321 -0.659422 -0.428231 -1 -0.617796 -1 0.0437497 0.5205 -1 0.87493 -0.618194 -1 -1 -0.639281 -0.9309 -1 0.689338 0.901118 -1 0.254968 -0.565253 -0.974851 -0.395436 -0.652619 -1 -0.68253 0.193059 -1 0.260495 -0.618575 -0.715664 -0.8596 -1 -1 -1 -0.147933 -1 -0.210984 -1 -0.40689 -0.623187 -1 -0.608889 0.429137 0.475889 0.760921 -1 -0.807995 -1 -0.932996 -0.139522 -1 -1 -0.180009 -1 -0.505609 -1 -0.670654 -1 -0.117537 -0.845395 0.969246 0.905057 -1 0.0119649 -0.33608 0.316369 0.773221 -1 -0.337079 0.487981 0.732298 -1 -1 
-1 -1 -1 -1 -1 -0.835964 -0.636303 -0.542104 -0.905245 -1 -1 -0.850491 -1 -1 0.00219736 -0.787032 -1 -1 -1 -1 1 -0.284626 -1 -1 -1 -1 -1 -0.917533 -0.753137 -1 -0.647265 -1 -0.656119 0.724151 0.269416 -1 -0.696465 -0.642147 -1 -1 -0.123079 -1 -1 -1 0.760287 -0.502776 -1 -1 -0.901625 -0.954567 -1 -1 -1 -1 -1 -1 -0.505985 -0.601195 -0.982971 -1 -1 -0.808712 -0.224456 -1 -0.519446 -0.38036 -1 -0.951429 -1 -1 -1 -1 -0.986579 -1 -1 -0.163024 -1 -1 -0.426321 -0.64247 -1 0.526403 -1 -1 0.0759501 -1 -1 -1 -1 -1 -1 -0.397286 -0.772328 -1 -1 -1 -1 -0.338193 -0.90097 -0.841229 -1 -0.961304 -1 -1 -0.966183 -1 -0.473592 0.0406349 0.0590687 0.37482 -1 -0.909633 0.162361 -1 0.860787 1 -0.997545 0.436299 -0.753102 -0.0580359 -1 -1 -0.928252 -0.712929 0.682042 0.071949 -0.590742 -0.928555 0.0757399 -1 -0.855306 -1 -1 -0.260065 -1 -0.670817 -1 -0.629103 
0.661674 -1 -0.435903 0.84206 0.705976 -0.183701 -0.477367 0.0677744 -0.220679 -0.92579 0.336205 -0.808962 -1 -1 0.00370646 -0.0208852 0.647977 -1 0.514171 -0.457552 -0.32764 0.738911 0.232509 -0.730534 -0.0372168 -0.946593 -0.45004 -0.0872565 -1 -1 -0.986855 0.697782 -1 -0.159709 -0.665875 -0.698499 -0.917971 -0.673442 -0.886603 -0.235772 -0.385543 -1 -1 -1 -0.999665 0.130482 -0.740762 0.616699 0.597873 -0.0903471 -0.639779 -1 -1 0.0953593 -0.587097 0.0928945 -0.853366 -1 -1 -0.172136 -0.763368 -1 0.19768 0.511248 0.550723 -1 -0.478375 -0.781223 -1 -1 0.0437497 0.0867384 -1 0.87493 -0.514131 -0.744439 -1 0.167925 -1 -0.94052 0.53298 0.901118 -0.259625 -0.991622 0.213355 -0.974851 0.358816 -0.686378 -1 -0.948979 -0.985478 -1 0.393769 -0.886361 0.246654 -1 -1 -0.431956 -1 -0.473302 -0.625045 -1 -1 -0.959158 -0.957998 -0.732902 -0.608889 0.445472 0.4195 0.813973 -0.851114 -0.807995 -0.877808 -0.963207 -0.215396 -1 -1 -0.214217 -0.806147 -0.268294 -0.790423 -0.658759 -0.455594 0.186142 -0.355142 0.502239 0.200238 -1 0.119676 -0.339233 0.252674 0.773221 -0.865185 -1 0.439368 0.999561 -0.796582 -1 
0.661674 -0.0541666 -0.792298 0.84206 0.178561 -0.141701 -0.746211 0.0199089 -0.217223 -0.848868 0.499769 -1 -1 -0.926652 0.25992 -1 0.59005 0.465511 0.514171 -1 -0.172327 0.551018 0.0399298 -0.76224 0.464027 -0.224433 -0.45004 -0.417873 -0.809885 -1 -1 0.860294 -1 0.485796 -0.341554 -0.249643 -0.19827 -0.363107 -0.628734 -0.235772 0.232236 -0.982072 -0.919464 -0.38996 -0.0184389 0.101318 -0.740762 1 0.597873 0.171125 -0.559993 -1 -1 -0.522821 -0.587097 1 -0.639327 -0.0100944 -1 -0.172136 -0.459746 -0.774003 -0.830946 0.511248 0.476464 -0.772033 -1 -0.781223 -1 -1 0.0437497 0.190609 -1 0.87493 -0.614085 -0.744439 -0.850618 -0.113169 -1 -1 0.689338 0.901118 -0.259625 -0.168911 0.0938389 -0.85762 -0.291858 -1 -1 -0.948979 -0.697595 -1 0.393769 -0.618575 -0.0965519 -0.890969 -0.612862 -0.953939 -1 0.532131 -0.625045 -0.572142 -1 -0.203816 -0.775168 -1 -0.713916 0.0946715 0.0624198 0.498326 -0.851114 -0.807995 -1 -0.963207 -0.139522 -1 -1 -0.180009 -1 -0.706855 -0.790423 -0.995087 -1 0.289895 -0.286306 0.939949 -0.00963321 -1 0.719154 -0.421302 0.222289 0.773221 -0.740893 -0.743346 0.740216 0.517764 -0.0656093 -1 
-0.757217 -0.761302 -1 -0.947814 -1 -0.360716 -1 -0.678124 -1 -1 -1 -1 -0.845787 -1 -1 -1 -1 0.105856 1 -0.659633 -1 -0.551477 -0.488427 -1 -1 -1 -1 -0.75326 -1 -0.143965 -1 -0.644608 -1 -0.756169 -0.395935 -0.620997 -1 0.495647 -0.747449 -1 -0.980072 -0.609026 0.71615 -1 -1 -1 -0.391285 -1 -1 -1 -1 -1 -1 -0.0626279 -1 -1 -1 -1 -1 -0.643537 -0.936536 -0.611035 -0.898334 -1 -1 -1 -0.820035 -1 -1 -1 -1 -0.274149 -1 -1 -1 1 -1 -1 -1 -0.149718 0.240467 -1 0.135479 -1 -1 -1 0.836388 -0.873457 -1 -0.825205 -1 -0.858711 0.900894 -0.680144 -1 -0.787013 -1 -1 -0.554097 0.423365 -0.845319 -1 -0.850497 -1 -1 -1 -0.505471 -1 -1 -0.807494 -1 -1 -1 0.140734 -1 -1 -1 -0.929947 0.685973 0.548331 -0.0281241 1 -1 -0.145311 -0.631323 -0.697456 -1 0.405114 -0.848905 -1 -0.748527 -0.994274 -1 0.788251 -0.254216 0.366165 -1 -1 
-0.203048 -1 -0.25643 0.49987 -0.19945 -0.167484 -0.428591 -0.492189 -1 -0.895994 -0.280618 -0.808962 -1 -1 -0.0883063 -0.0208852 0.319225 0.233045 0.514171 -0.325779 -0.45539 -1 -0.392986 -1 0.464027 -0.811796 -0.403927 -0.69131 -1 -1 -0.646634 0.860294 -1 0.503232 -0.851049 -1 -0.19827 -0.209012 -0.628734 -0.465956 -0.88271 -0.982072 -1 -0.38996 -1 0.14895 -1 0.640633 0.668721 0.0542546 -0.847563 -1 -1 -0.0962236 -0.712734 0.752138 -0.639327 -0.0100944 -0.959671 -0.698606 -0.746025 -1 -1 0.808789 -0.442485 -0.659422 -1 -1 -0.76649 -0.932084 -0.247464 0.5205 -0.812599 0.87493 -1 -1 -1 0.348778 -1 -0.945528 0.689338 0.353062 -0.835277 0.254968 0.2673 -1 -1 -1 -1 -1 -0.28876 -1 0.393769 -0.882928 -0.519369 -1 -1 -0.431956 -1 -0.537168 -0.493107 -0.690933 -1 -0.40689 -0.775168 -1 -0.84816 0.445472 -1 0.407123 -0.884427 -1 -0.696196 -1 -0.42285 -1 -0.731262 -0.180009 -1 -1 -0.790423 -1 -1 0.289895 -0.604589 0.550648 0.554662 -1 1 -0.421302 -0.0422728 0.835026 -0.444518 -0.879014 0.639308 0.732298 -0.302574 -1 
0.476893 -0.0541666 -0.698236 0.84206 0.427722 -0.167484 -0.746211 0.0199089 -0.123042 -0.390459 0.499769 -1 -1 -1 0.120893 -1 0.59005 0.465511 0.514171 -1 -0.172327 0.551018 0.232509 -0.76224 0.464027 -0.224433 -0.45004 -0.417873 -0.809885 -1 -1 0.860294 -1 0.483044 -0.341554 -0.249643 -0.19827 -0.363107 -1 -0.235772 0.232236 -0.982072 -1 -0.38996 -0.0184389 0.101318 -0.751123 1 0.597873 0.171125 -0.559993 -1 -1 -0.349999 -0.965634 0.998083 -1 -0.252373 -1 -0.172136 -0.710121 -0.774003 -0.830946 0.511248 0.550723 -1 -1 -0.781223 -1 -1 0.174216 0.5205 -1 0.999512 -0.614085 -0.744439 -0.850618 -0.113169 -0.9309 -1 0.689338 0.901118 -0.259625 0.254968 -0.118332 -0.974851 -0.291858 -1 -1 -0.948979 -0.245725 -1 0.487256 -0.618575 -0.0965519 -1 -0.612862 -0.431956 -1 0.532131 -0.625045 -0.611698 -1 -0.203816 -0.946362 -0.950884 -0.713916 -0.092838 0.318859 0.879789 -0.851114 -0.807995 -1 -0.963207 -0.139522 -1 -1 -0.180009 -1 -0.364513 -0.87418 -1 -1 -0.143568 -0.286306 0.939949 0.179488 -1 1 -0.423613 0.222289 0.773221 -0.740893 -0.743346 0.740216 0.517764 -0.0656093 -1 
-0.650615 -0.0541666 -1 0.84206 1 -1 -1 0.0677744 -0.380792 -1 -0.228129 -1 -1 -1 0.185926 -0.0208852 0.305276 -0.724821 0.514171 -0.900625 -0.804968 0.606194 -0.259878 -1 0.313144 -1 -0.45004 -1 -0.669664 -0.720005 -0.730545 0.514817 -1 -0.746011 -0.00163397 -1 -0.896989 -0.497562 -1 -0.095737 -1 -1 -1 -1 0.24426 -0.232352 -1 1 0.597873 0.171125 -1 -1 -1 -0.326751 -0.523823 -0.0434773 -1 -0.310041 -1 -1 -0.459746 -0.774003 -0.446894 0.0308434 -0.603898 -0.659422 -0.428231 -1 -0.937021 -1 0.158362 0.5205 -1 0.87493 -0.936356 -0.744439 -1 -0.00468752 -0.9309 -1 -0.536253 0.901118 -1 -0.607215 0.0938389 -1 -1 -0.614604 -1 -1 -0.610946 -1 0.393769 -0.618575 -0.179285 -1 -0.924482 -1 -1 0.462431 -1 0.359869 -1 -1 -0.623187 -0.776002 -0.599028 -0.291224 0.475889 0.760921 -1 -1 -1 -1 -0.813207 -1 -1 -0.180009 -0.969494 -0.505609 -1 -1 -0.747523 0.289895 -0.845395 0.939949 0.0972397 -1 0.0119649 -0.33608 0.316369 0.507497 -0.713501 -0.523965 0.520415 0.633991 -1 -1 
-1 -1 -0.164556 -0.903672 -0.301278 0.579782 -0.916898 -1 0.301884 -1 -0.299782 -0.0581679 -0.247509 -0.557364 -1 0.0164109 -0.430774 0.979782 -0.261615 -1 -0.798561 -0.452894 -0.0544851 -1 -0.458237 -1 -0.440605 -1 -0.152362 -0.644042 -1 -1 -1 -0.661858 -0.145545 -0.762524 0.694323 0.601695 0.269971 -1 -1 0.376584 -1 -1 -0.350388 0.928425 -0.471572 -0.82606 -0.892942 -0.433679 -1 -0.0430738 0.408111 0.011799 -0.61041 -1 -0.58175 -1 -1 -0.940722 -0.799965 -1 -1 0.273906 -0.0564226 0.0523632 -1 -1 0.863171 -1 -0.095336 0.706073 -0.410472 -0.406391 -0.331884 0.849255 -1 -0.973827 -1 -1 0.318577 -1 -1 -1 -0.805133 -0.835488 -0.499891 -1 0.0731077 -0.947478 -1 -0.859214 -1 -0.67162 -1 -0.653233 -1 -1 -0.893192 -1 -1 -1 -1 -1 -1 0.352546 -0.792088 -1 -1 -0.924523 0.753587 -0.864457 0.148015 1 -1 -1 -1 -0.93956 0.576404 0.0358436 0.221562 0.10806 -1 -1 -1 -1 -0.557111 -0.473131 -1 -1 -1 -1 -0.0283524 -0.0768718 0.0472443 0.469409 -1 -0.715182 
0.365197 0.235968 -0.110048 -0.963023 -1 0.347013 -0.264866 -0.912909 -0.585854 -0.899678 -0.826004 -1 -1 -1 -0.504746 -0.813035 -0.82119 -1 -0.990173 -1 1 -0.408014 -0.797655 -0.0131122 -1 -0.930175 -1 -0.800218 -1 -1 -1 -1 -1 -0.842021 -0.874165 -0.894517 -1 -0.0696203 -1 -0.66277 -0.00554663 -0.851859 -1 -0.504132 0.402806 -0.744575 -0.641259 -1 -0.871923 -1 -1 -0.736464 -1 -0.532632 -1 -1 -1 -1 -1 -0.969912 -1 -0.991792 0.416589 -1 -0.992867 -0.648042 -0.0764135 -0.307738 -1 -0.447179 -0.879546 -1 -1 0.339463 -0.899901 -0.531093 -1 -1 -1 -0.866672 -0.957531 -1 -0.930912 -1 -0.471255 -1 -1 -1 -1 -0.375471 -0.409075 -1 -1 -1 -1 -1 -0.751561 -0.879912 -1 0.515664 -1 -1 -0.192918 -1 -0.628008 -1 -0.565103 -1 0.626727 -0.945292 -1 -1 -0.736473 -0.392236 0.900289 0.96723 -0.977975 0.197084 -0.916756 -0.409477 -1 -1 1 -1 -0.477628 -0.16829 -1 -1 -0.585292 -1 -0.979255 -0.331098 -0.657624 -0.657127 -1 -0.66445 -1 -0.974165 
0.661674 0.162526 -0.585471 0.294768 0.620605 -0.167484 -0.885922 0.0629426 0.256146 -0.555926 -0.0246929 -1 -1 -1 0.0493612 0.131586 0.43133 -0.0239227 0.514171 -1 -0.0255944 0.444997 0.232509 -0.76224 0.180285 -0.0962206 -0.675743 -0.45268 -1 -0.628023 -1 0.860294 -1 -0.480239 -0.203562 -0.203532 -0.79456 -0.497562 -0.637454 0.244121 -0.551371 -1 -0.959535 -0.38996 0.0895788 0.372568 -1 0.896715 -0.312878 0.171125 -0.577207 -0.995314 -1 -0.229551 -0.626019 0.998083 -1 -1 -1 -0.361013 -0.496607 -1 -0.171224 0.511248 0.683682 -0.485629 -0.821759 -0.706865 -0.726271 -1 -1 -0.0703235 -1 -0.113013 -0.601266 -0.744439 -1 -1 -1 -0.72773 0.587551 0.12002 -0.277114 -0.893614 -0.382057 -0.971446 -0.736912 -0.808996 -1 -0.453337 0.471065 -1 0.393769 -0.618575 0.48839 -1 -1 -0.995421 -1 -0.978686 -1 -1 -1 -1 -1 -0.671043 -0.722021 -0.995636 0.631081 0.310189 -1 -1 0.0373031 -1 -0.0846878 -1 -1 -0.180009 -0.916992 -0.667549 -0.606209 -0.819046 -0.715705 -1 -0.424229 -1 -0.00388962 -0.632374 0.707524 -0.397854 0.241108 1 -1 0.116415 -0.55417 0.732298 -0.474455 -1 
0.914075 -0.0541666 -0.879369 0.84206 -0.279486 -1 -0.217318 0.133433 -0.123042 -1 -0.48816 -1 -1 -0.960673 -0.0113498 -0.222356 0.319225 -0.134883 0.514171 -0.847547 0.283303 0.606194 -0.711063 -0.76224 -0.561625 -1 -0.966733 -1 -1 -1 -0.646634 0.490662 -1 -0.439581 -0.4246 -0.437947 -0.19827 -1 -0.852717 -0.782261 0.252334 -1 -1 0.265205 0.172195 0.196332 -0.955871 -1 0.359971 -0.232325 -1 -1 -1 0.00952661 -0.714275 0.451451 -0.707767 -0.0100944 -0.678765 -0.399299 -0.50694 -0.457951 -0.104022 0.511248 0.344981 -1 -0.598241 -1 -0.726271 -1 -0.741335 0.605804 -1 0.0821336 -0.641907 -1 -0.911807 -0.417504 -1 -1 0.689338 1 -0.259625 -1 -0.0790681 -0.967056 -1 -0.366763 -1 -1 -1 -1 0.0533705 -0.648003 -0.203197 -1 -1 -1 -1 -0.879417 -1 -0.692027 -0.739745 -0.40689 -1 -1 -1 0.316625 0.799858 -0.699631 -1 -0.671438 -0.0639111 -1 -0.0846878 -0.816478 -0.620134 -0.549394 -1 -0.505609 -1 -1 -0.812031 0.263185 -0.898835 0.937753 0.656633 -0.858888 -0.763807 -0.305476 -0.0269242 0.773221 -1 -0.826648 0.607576 -0.178177 -0.108722 -0.712136 
0.800636 0.216667 -0.658106 0.968453 -0.371425 -0.349515 -1 0.132083 -0.516401 -0.164135 0.726575 -1 -0.811894 -0.856609 -0.0883063 -0.0208852 0.301435 -0.14203 0.537104 -1 -0.0255944 -0.196624 -0.137799 -0.76224 0.161682 -1 -0.316113 -1 -1 -1 -1 0.703594 -0.910265 0.659858 -0.559843 -1 -0.19827 -1 -0.628734 -0.302928 0.125339 -0.982072 -1 -0.482417 -1 0.262827 -1 1 0.597873 0.171125 -0.577207 -1 -1 0.00952661 -1 0.998083 -1 -0.0100944 -1 -0.81629 -0.451804 -0.623015 -1 -0.397411 -0.309772 -1 -0.428231 -0.781223 -0.726271 -1 -0.612429 0.408089 -1 0.0944959 -0.545699 -1 -1 0.348778 -1 -1 0.689338 0.901118 -0.0701826 -1 0.184362 -0.974851 -0.51551 -1 -1 -0.711203 0.162819 -1 -0.0021432 -0.618575 0.246654 -1 -1 -1 -0.675956 0.198794 -1 -0.210984 -1 -0.374849 -0.279125 -1 -0.882296 0.445472 0.340713 0.421166 -0.703571 -1 -0.519939 -0.841835 -0.134975 -0.271256 -1 0.0651009 -1 -0.505609 -1 -1 -0.56133 -0.0521847 -0.452963 0.939949 0.341781 -0.971151 0.477316 -0.406133 -0.55066 0.773221 -0.979518 -0.562646 0.753194 0.117066 -0.736599 -1 
0.914075 -0.0541666 -0.83292 0.1079 0.710431 -0.996246 -0.662692 0.10147 -0.603201 -0.421057 0.499769 -1 -1 -1 0.25992 -0.0208852 -0.687978 0.141883 0.671787 -0.847547 -0.0196315 -0.0483644 -0.711063 -1 -1 -0.283887 -0.963821 -1 -1 -1 -1 0.183984 -1 -0.431698 -0.366089 -0.536477 -0.19827 -1 -0.628734 -1 0.508329 -0.652304 -0.886973 -0.488604 0.172195 0.196332 -0.922882 -1 -0.0360316 0.171125 -0.755275 -0.838544 -1 -0.819895 -0.933246 0.451451 -1 -0.0100944 -0.678765 -1 -1 -0.457951 -0.104022 0.511248 0.666687 -1 -0.598241 -1 -0.726271 -0.996737 0.0437497 0.5205 -1 -0.921441 -1 -1 -0.84493 -0.738646 -1 -1 0.0818156 0.707313 -0.275794 -0.374023 -0.316347 -1 -1 -0.303929 -1 -0.891201 -0.899831 -0.841171 0.33751 -0.618575 -1 -1 -1 -0.976565 -1 -0.705794 -1 -0.864688 -0.739745 -1 -1 -1 -1 0.445472 0.799858 -0.598561 -0.851114 -0.671438 -0.197495 -1 -0.0846878 -0.848329 -0.620134 -0.714275 -1 -0.505609 -1 -1 -0.496652 0.131446 -1 0.975754 0.656633 -1 -1 -0.305476 -0.0269242 0.433257 -1 0.087078 -0.204537 1 -0.759135 -1 
0.0100644 -0.951736 -1 0.314261 0.637926 -0.421042 -0.0403515 -1 -0.172382 -1 -0.20934 -1 -1 -1 -1 -0.322122 -0.408088 -1 0.514171 -1 -0.535814 -0.706374 -1 -1 -1 -0.515181 0.707276 -0.617714 -0.917686 -1 -0.849918 -0.704373 -1 0.972421 0.316222 -1 -0.773529 -1 -0.748294 0.947995 0.778859 -1 -1 -0.623948 -0.056871 0.375832 -1 0.994934 -1 0.892049 -0.505456 -0.759976 -0.809374 -1 -1 0.302152 -0.0261159 -0.037633 -0.960946 -0.0207117 -1 -0.833842 -1 0.340788 -0.419904 -0.659422 -0.917561 -1 -1 -1 -0.612729 0.53559 -0.79252 0.0895121 -1 -0.705855 -1 -0.12751 -0.9309 -1 -0.0449234 0.999736 -0.684254 -0.053678 0.0609655 -0.974851 -0.433143 -0.729853 -1 -0.953595 -0.317048 -1 0.393769 0.306383 -0.98186 -0.0225978 -0.576073 -0.358754 -1 -0.26993 -0.656773 -1 -0.890612 -1 -1 -0.627989 -0.941786 0.219685 0.631081 -0.041571 -0.343587 -1 -1 -1 -0.0846878 -1 -0.642156 -0.410519 -0.947536 -1 -0.630731 -1 -1 -0.0105357 -0.772218 -0.303163 -0.953255 -1 1 -1 -0.051355 0.49944 -1 -0.514715 -0.494113 0.732298 -0.299081 -0.876043 
0.661674 0.134824 -1 0.84206 0.615123 -0.983994 -0.360481 -0.167463 -0.749329 -0.784755 0.190951 -1 -0.843079 -1 0.25992 -0.260985 0.319225 -0.131409 0.258857 -0.549787 0.011114 -0.708122 -0.151871 -1 -0.324253 -0.17105 -1 -1 -0.917686 -1 -1 0.356177 -1 0.659858 -1 -0.386522 -0.0543859 -0.497562 -1 0.244121 0.232236 -0.830325 -1 -0.38996 -0.0184389 -0.0108062 -1 0.453617 0.597873 -1 -0.82982 -0.937393 -1 0.00952661 -0.689875 1 -0.378328 -0.34697 -1 -0.360734 -0.459746 -0.774003 -0.0540837 0.30503 -0.457733 -0.659422 -1 -1 -0.726271 -1 -1 0.292523 -1 0.192114 -1 -0.744439 -1 -0.945881 -0.867007 -1 0.689338 0.12002 -0.259625 -0.369343 0.0938389 -0.974851 0.0305618 -0.729853 -1 -1 0.196635 -1 -0.570019 -0.985715 0.00412852 -0.958429 -1 -0.431956 -0.967443 -0.438388 -0.625045 -0.210984 -0.739745 -0.676789 -1 -1 -1 0.535689 0.631081 0.775806 -1 -0.807995 -0.430454 -1 -1 -1 -1 -0.213762 -0.962764 -1 -1 -1 -0.585984 -0.201219 -0.424229 -0.05493 0.232898 -0.803307 0.241028 -0.397854 -0.414004 0.203754 -1 0.0837685 0.639308 0.98881 -0.0656093 -1 
0.506941 -0.172166 -1 0.4385 0.304936 -0.167484 -1 0.209334 -0.516401 -1 0.726575 -0.760432 -0.286353 -0.648471 -0.0883063 -0.0208852 -0.643762 -1 -0.659094 -0.94574 0.311802 -1 -0.248869 -1 -0.5151 -0.810126 -0.81584 -0.694196 -0.809885 -1 -0.966319 1 -1 -0.436581 -1 -1 -0.19827 -1 -1 -0.302928 0.125339 -1 -1 -0.827142 -1 -0.27518 -1 0.571878 0.597873 0.171125 -0.577207 -1 -1 0.00952661 -1 1 -1 -0.166751 -1 -1 -1 -1 -1 -0.397411 -0.60983 -0.630059 -0.428231 -0.781223 -0.726271 -1 -0.472091 0.0768697 -1 0.87493 -1 -1 -1 -0.74749 -1 -0.984672 0.182529 0.730668 -1 -1 -0.658359 -1 -0.51551 -1 -1 -1 -0.0710036 -1 0.395544 -0.618575 0.431772 -1 -1 -1 -1 0.598312 -0.976781 -0.210984 -1 -0.374849 -0.456832 -0.929109 -1 0.445472 0.255858 0.758934 -0.676913 -0.835621 -1 -0.959337 -0.139522 0.052548 -1 0.112307 -1 -0.950922 -0.576354 -0.863604 -0.618196 -0.0521847 -0.470012 1 -0.322585 -1 0.194395 -0.509682 -0.843352 1 -1 -0.517813 -0.221766 0.0840658 -0.736599 -1 
0.914075 -0.47157 -1 0.515794 0.588807 -1 -0.993005 0.133433 0.00928387 -0.866435 0.671529 -0.947959 -1 -1 0.25992 -0.0208852 0.319225 -0.134883 -0.393842 -1 0.283303 0.606194 -0.711063 -0.76224 -0.346745 -0.283887 -0.839592 -1 -1 -1 -0.59835 -0.241276 -0.629921 -0.329633 -0.4246 -0.868089 -1 -1 -0.628734 -0.782261 0.46139 -0.935548 -1 -0.521415 0.172195 0.196332 -1 -1 -0.0360316 -0.172818 -0.802728 -1 -1 0.037102 -1 -0.468485 -1 -0.622045 -0.865817 -0.364857 -0.459746 -0.399185 -0.441195 0.191157 0.666687 -1 -1 -1 -0.726271 -1 -0.588576 0.5205 -0.667306 -1 -0.614085 -0.849539 -1 0.731248 -1 -1 0.115469 1 -0.259625 -0.299371 0.0938389 -1 -1 -0.366763 -1 -1 -1 -1 0.358005 -0.618575 -0.203197 -1 -1 -1 -1 -0.968577 -1 -0.864688 -0.739745 -0.40689 -1 -1 -1 -0.297678 0.488931 -0.930175 -1 -1 -1 -1 -0.0846878 -1 -0.453826 -1 -1 -0.505609 -1 -1 -1 0.528791 -1 0.975754 -0.0662652 -0.823192 -0.763807 -0.305476 0.076706 0.773221 -1 -0.640993 0.639308 -0.288718 -0.0656093 -1 
0.616573 -1 -0.642913 0.816709 -0.252842 -0.167484 -0.217318 0.0677744 -0.0682499 -0.555926 -0.202965 -1 -1 -1 -0.0883063 -0.0208852 0.417147 0.141883 0.4086 -0.41759 -1 -0.196624 -0.0529149 -1 0.464027 -0.283887 -0.343321 -0.8354 -1 -1 -0.825459 -0.0437921 -1 0.659858 -0.0668972 -1 -0.559262 -0.497562 -0.883044 -0.302928 -0.229806 -0.91397 -1 -0.38996 -0.911178 0.101318 -1 0.354507 0.349954 0.171125 -0.577207 -1 -1 -0.416351 -0.587097 0.549707 -1 -0.820081 -1 -0.172136 -0.459746 -1 -1 0.511248 -0.109185 -1 -1 -1 -0.726271 -1 -0.53914 0.5205 -1 1 -1 -1 -1 0.348778 -0.9309 -1 0.713464 -0.241408 -0.835277 0.254968 0.330835 -0.974851 0.0305618 -1 -1 -0.721563 0.196635 -1 0.443062 -1 -0.662117 -1 -1 -1 -0.769288 0.644324 -0.818928 -0.210984 -1 -0.752055 -0.775168 -1 -1 0.445472 0.631081 1 -1 -1 -0.632043 -0.936426 -0.139522 -1 -1 0.111885 -1 -0.805568 -0.790423 -1 -0.56133 0.289895 0.0541681 0.939949 -0.239111 -1 0.60256 -0.853772 -0.0422728 0.772613 -1 -0.204027 0.639308 0.732298 -0.351213 -0.805753 
-1 -0.814809 -1 -1 0.00446311 -1 -1 -0.90052 -0.609791 -0.651599 -1 -0.621453 -1 -1 -1 0.079282 -0.548709 1 -0.575772 -1 -1 1 0.450462 -0.887183 -1 -0.660715 -0.524556 -1 -1 -0.591047 -0.45212 -1 -1 -1 -0.496195 -0.834284 -0.303446 0.498619 0.106325 -1 -1 0.273696 -0.0160127 -1 -0.350388 0.195153 -0.478933 -0.901598 -1 -0.872929 -0.369621 -1 -1 -0.899625 -1 -0.645678 -0.737696 -1 0.0666295 -1 -0.318343 -0.961656 -1 -0.718062 -1 0.0523632 -1 -1 0.451624 -1 -0.481683 -0.702872 -1 -1 -0.248661 -1 -1 -1 -0.433831 0.0460016 0.994336 -1 -0.713428 -1 -0.563335 -0.106637 -0.0941595 -1 -1 0.281032 -0.938548 -1 -0.869096 -0.840874 -0.409808 -0.535625 -1 -1 -1 0.821606 -1 -1 -1 -1 -0.810971 0.515406 -0.775822 -0.934484 -0.805101 -1 1 -1 -0.0357778 0.77151 -0.871595 -1 -1 -0.629417 -0.47343 0.0750806 -0.8373 0.418919 -1 -0.451514 -1 -1 -0.765072 -1 -1 -1 -1 -1 -1 0.780099 0.283379 0.40304 0.582724 -1 
-0.497908 -1 -0.228802 -1 -0.630315 -0.967504 -0.957582 -1 0.172105 -1 -0.629436 -1 -1 -1 -1 -1 -0.779515 -1 0.943412 -0.508019 -1 -1 -0.193164 0.131353 -0.913326 -0.942553 -0.175238 -1 -0.913115 -1 -1 -1 -1 -0.850025 -0.178326 -0.0701769 -1 -1 -0.168688 -0.795309 -0.125071 -0.678979 0.657828 -1 0.23343 -0.938724 -1 -0.165898 -1 -1 -1 -0.310424 -0.771275 -1 -0.897164 -1 -0.684809 -0.998855 -1 0.304697 -1 -1 -1 -1 -1 -0.965716 -1 -1 -1 1 -1 -0.885453 -0.208293 -0.651765 -0.529109 -0.971925 -1 -1 -0.94569 -1 -1 -0.881259 -0.444747 -0.740383 -0.669748 -1 -0.733081 -1 -1 -0.656513 -1 -0.623014 -1 -0.284907 -1 -0.134821 -1 -0.510784 -1 -1 -1 -1 0.514057 -1 -1 -1 -0.0351601 -1 -0.268148 -0.663374 -0.25507 -0.343946 0.618728 0.82127 -0.297004 -1 -1 -1 -0.778637 0.0102525 0.416578 -0.904424 -0.791193 -0.559771 -1 -1 -1 0.43601 -1 -0.934316 0.557151 -1 0.738061 -1 -1 0.32185 -1 -1 
-1 -0.814809 -1 -1 0.00446311 -1 -1 -0.90052 -0.609791 -0.651599 -1 -0.621453 -1 -1 -1 0.079282 -0.548709 1 -0.575772 -1 -1 1 0.450462 -0.887183 -1 -0.660715 -0.524556 -1 -1 -0.591047 -0.45212 -1 -1 -1 -0.496195 -0.834284 -0.303446 0.498619 0.106325 -1 -1 0.273696 -0.0160127 -1 -0.350388 0.195153 -0.478933 -0.901598 -1 -0.872929 -0.369621 -1 -1 -0.899625 -1 -0.645678 -0.737696 -1 0.0666295 -1 -0.318343 -0.961656 -1 -0.718062 -1 0.0523632 -1 -1 0.451624 -1 -0.481683 -0.702872 -1 -1 -0.248661 -1 -1 -1 -0.433831 0.0460016 0.994336 -1 -0.713428 -1 -0.563335 -0.106637 -0.0941595 -1 -1 0.281032 -0.938548 -1 -0.869096 -0.840874 -0.409808 -0.535625 -1 -1 -1 0.821606 -1 -1 -1 -1 -0.810971 0.515406 -0.775822 -0.934484 -0.805101 -1 1 -1 -0.0357778 0.77151 -0.871595 -1 -1 -0.629417 -0.47343 0.0750806 -0.8373 0.418919 -1 -0.451514 -1 -1 -0.765072 -1 -1 -1 -1 -1 -1 0.780099 0.283379 0.40304 0.582724 -1 
-1 -1 -0.164556 -0.903672 -0.920184 -0.557758 -0.916898 -1 -0.978255 -1 -1 -0.0581679 -0.808001 -0.557364 -1 0.0164109 -0.430774 0.979782 -1 -0.219815 -1 -0.452894 -0.0544851 -0.764628 -0.802944 -1 -0.440605 -0.655662 -0.829897 -0.877707 -1 -0.988568 -0.999145 -0.887506 -0.145545 -0.902112 1 0.680704 0.269971 -1 -1 0.376584 -1 -1 -0.350388 0.799913 0.322928 -0.82606 -0.892942 -1 -1 -0.206318 0.0422768 -0.16667 -0.451201 -1 -0.342039 -1 -1 -0.6391 -0.955173 -1 -0.724742 0.273906 -0.95369 -0.411584 -1 -1 0.237187 -1 -1 0.706073 -0.67863 -1 -0.248661 0.849255 -1 -0.973827 -0.88632 -1 -0.604428 -1 -1 -1 -0.805133 -0.835488 -0.0941595 -1 0.0731077 -0.981715 -0.609251 -0.859214 -1 0.128584 -0.651441 -0.931997 -0.841879 -1 -1 -0.776842 -1 -1 -0.889824 -1 -1 0.352546 -0.792088 -1 -0.842166 -0.924523 0.753587 -1 0.148015 0.716345 -1 -1 -1 -1 0.576404 -0.488592 0.221562 0.723173 -1 -1 -1 -1 -0.4217 -0.473131 -1 -1 -1 -1 -0.659038 0.780099 -0.0171597 0.469409 -0.431727 -0.227014 
0.661674 -0.313395 -0.399427 0.294768 0.647412 -0.167484 -0.101667 -0.318568 -0.114512 -0.556138 -0.3024 -0.808962 -1 -1 0.25992 0.131586 0.43133 -0.2527 0.514171 -0.898118 0.0911327 -0.0399311 0.232509 -0.76224 0.0448192 -0.242882 -0.45004 -0.45268 -1 -1 -1 0.860294 -1 0.659858 0.00862986 -0.249643 -0.000668913 -0.507728 -0.628734 0.244121 0.232236 -0.982072 -1 -0.38996 -0.0184389 -0.845991 -1 0.896715 0.833445 0.171125 -0.577207 -1 -1 0.00952661 -0.689875 0.998083 -0.349721 -0.456114 -1 -0.361013 -0.459746 -0.708644 -0.563528 0.731478 0.359677 -0.659422 -1 -1 -0.726271 -1 -1 0.146925 -1 0.166246 -1 -1 -1 -0.759741 -1 -1 0.477777 0.12002 -1 -0.305398 0.0938389 -0.974851 0.0305618 -0.729853 -1 -0.953595 0.300378 -1 0.659619 -1 0.48839 -1 -1 -0.951085 -0.91849 -0.252233 -0.544025 -0.210984 -1 -1 -1 -0.902616 -0.823932 0.499399 0.631081 1 -1 -1 -0.197495 -0.638378 -0.0846878 -1 -1 -0.180009 -1 -0.553452 -0.790423 -0.823728 -0.56133 -0.0538682 -0.424229 -0.05493 0.026481 -1 0.707524 -0.215273 -0.16467 0.773221 -0.667487 -0.261123 0.4791 0.732298 -0.308761 -1 
-0.757217 -0.761302 -1 -0.947814 -1 -0.360716 -0.723594 -0.678124 -1 -1 -1 -1 -0.984537 -1 -1 -1 -1 0.105856 0.600603 -0.659633 -1 -0.551477 -0.488427 -1 -0.627915 -1 -1 -0.75326 -1 -0.143965 -1 -0.644608 -1 -0.756169 -0.395935 -0.620997 -1 0.594611 -0.747449 -1 -0.980072 -0.609026 0.697411 -0.871398 -1 -1 -0.391285 -1 -1 -1 -0.761055 -1 -0.839329 -0.0626279 -1 -0.797249 -0.806613 -1 -1 -0.643537 -1 -0.611035 -0.708867 -1 -1 -1 -0.820035 -1 -1 -1 -1 -0.0949307 -1 -1 -1 1 -0.878241 -1 -1 0.144964 0.240467 -1 0.135479 -1 -1 -1 0.836388 -0.873457 -1 -0.825205 -1 -1 -0.0798515 -0.680144 -1 -1 -1 -1 -0.554097 -1 -1 -0.987864 -0.850497 -1 -1 -1 -0.88939 -1 -1 -0.807494 -1 -1 -1 0.140734 -0.761062 -1 -0.685912 -0.929947 0.685973 0.548331 -0.0281241 1 -0.875129 -0.145311 -0.631323 -0.697456 -1 0.405114 -1 -1 -0.748527 -0.994274 -1 0.788251 -0.254216 -0.0471622 -1 -1 
-0.517895 -0.0915014 -0.25643 0.836189 0.427722 -0.0376713 -0.746211 0.0908059 -0.123042 -0.650184 0.065661 -0.808962 -1 -1 0.25992 -0.0208852 0.410872 0.465511 0.415592 -0.457552 -0.0255944 -0.0117956 0.232509 -0.76224 0.458745 -0.224433 -0.45004 -0.417873 -0.998782 -1 -1 0.860294 -1 0.461516 -0.341554 -0.249643 -0.224645 -0.363107 -0.628734 -0.235772 0.232236 -0.982072 -1 -0.38996 -0.0184389 0.101318 -0.740762 1 0.597873 0.171125 -0.405841 -0.885531 -1 0.00952661 -0.587097 0.998083 -0.639327 -0.847293 -0.920128 -0.207471 -0.459746 -0.774003 -0.573343 0.511248 0.741958 -1 -1 -0.965964 -0.726271 -1 0.0437497 0.46495 -0.658671 0.849542 -0.614085 -0.658994 -1 -0.0874723 -0.9309 -0.957049 0.689338 0.713523 -0.259625 0.254968 0.0938389 -0.974851 -0.291858 -1 -1 -0.948979 -0.748364 -0.783336 0.393769 -0.914983 -1 -1 -1 -0.431956 -1 0.452696 -1 -0.210984 -1 -0.40689 -0.775168 -1 -1 -0.597273 0.318859 0.569404 -0.851114 -0.807995 -1 -1 -0.544359 -1 -1 -0.180009 -1 -0.33382 -0.790423 -1 -0.56133 0.119496 -0.286306 0.939949 -0.989483 -0.871297 1 -0.675868 0.184422 0.113217 -0.740893 -0.743346 0.740216 0.517764 -0.427316 -1 
-0.304914 -1 -1 0.958759 -0.252842 -0.570513 -0.957772 0.0677744 -0.304841 -0.546173 -0.608817 -0.808962 -1 -1 -0.681113 0.0809611 -0.386335 -1 -0.545313 -1 -0.947029 -0.388508 -0.174015 -0.85151 -0.10583 -1 -0.295912 -0.69131 -0.416658 -0.998865 -0.617893 0.114079 -1 -0.378485 -1 -1 -0.928736 -0.470518 -1 -0.44444 0.468472 -1 -1 -0.378801 -1 0.101318 -0.66765 0.686003 -1 0.171125 -0.723672 -1 -0.719515 -0.707521 -1 0.305161 -1 -1 -0.870702 -0.959585 -1 -1 -1 0.0458939 -0.109185 -1 -1 -1 -1 -1 0.0146011 -0.156904 -1 -0.0812653 -1 -1 -1 -0.797955 -1 -1 -0.214958 1 -0.934068 0.131819 0.330835 -1 -0.756152 -1 -0.623356 -1 -0.298566 -1 0.159427 -1 -1 -1 -1 -1 -0.675956 -1 -0.625045 -0.492846 -1 -0.955236 -1 -1 -1 0.594384 -0.749106 0.790401 -1 -1 -0.853477 -1 -0.139522 -0.751507 -1 -0.180009 -1 -0.800202 -0.790423 -1 -1 0.289895 -0.131713 0.939949 0.13712 -1 0.861841 -0.319756 -0.23713 0.939543 -0.740893 -0.236284 -0.101473 0.595511 -0.225173 -1 
0.0236447 -0.179828 -0.25643 0.537971 1 -0.0286587 -0.753935 0.0677744 -1 -0.555926 0.243011 -0.808962 -0.912158 -1 0.25992 -0.0208852 -0.544962 -0.442708 0.554627 -0.457552 -0.0255944 0.606194 0.232509 -1 -0.0333762 -0.283887 -0.45004 -1 -0.809885 -1 -0.986855 0.0977492 -1 -1 -0.00163397 -0.249643 -0.19827 -0.362497 -1 -0.433996 0.00196715 -1 -1 -0.38996 -0.507445 -0.537455 -1 0.196145 0.597873 0.171125 -0.577207 -1 -1 -0.917147 -1 -0.591302 -0.639327 -0.429383 -1 -0.58933 -0.675151 -1 -1 0.0447567 0.455766 -1 -0.55418 -0.42581 -1 -0.570972 0.0437497 0.311381 -1 0.87493 -0.614085 -1 -1 0.348778 -1 -1 0.689338 0.620018 -0.259625 -1 -1 -0.701082 -0.624666 -0.600377 -0.729789 -0.828084 -1 -1 0.51262 -0.637062 -0.949625 -1 -1 0.0284041 -1 0.279113 -1 -0.210984 -1 -0.40689 -0.670095 -1 -0.771525 -0.0180095 0.565833 -0.715378 -0.851114 -0.807995 -0.952135 -0.963207 -1 -0.560413 -0.677178 -0.372205 -1 -0.505609 -1 -0.930047 -0.807957 -1 -0.655023 0.0744257 0.433795 -1 0.841213 -0.421302 -0.0391358 0.773221 -0.740893 -0.713469 0.469292 0.732298 -0.0656093 -1 
-0.659365 -0.0915014 -0.25643 0.273452 0.427722 -0.20012 -1 0.0908059 -0.123042 -0.929862 0.347042 -0.808962 -0.955422 -1 0.586269 -0.0208852 0.410872 -0.562248 0.415592 -0.457552 -0.0255944 0.480403 0.232509 -1 0.458745 -0.224433 -1 -1 -1 -1 -1 0.860294 -1 0.528266 -0.341554 -0.529212 -0.19827 -0.363107 -0.540037 -0.235772 0.232236 -0.982072 -1 -0.38996 -0.132253 0.0210048 -0.740762 0.571357 0.597873 0.171125 -0.619011 -1 -1 0.00952661 -0.587097 0.998083 -0.639327 -0.847293 -1 -0.741256 -0.459746 -0.774003 -0.573343 0.511248 0.851022 -0.769918 -0.89034 -0.687996 -0.726271 -1 0.0437497 0.5205 -0.658671 0.849542 -0.967321 -0.744439 -1 -0.0874723 -0.9309 -1 0.689338 0.713523 -0.207443 0.254968 0.0938389 -0.974851 -0.124923 -1 -1 -0.839375 -0.308603 -0.716012 0.393769 -0.382637 -0.809548 -1 -1 -0.431956 -1 0.637655 -1 -0.170503 -0.862744 -0.40689 -0.491647 -1 -1 -0.597273 -0.234089 0.569404 -1 -0.807995 -1 -1 -0.627022 -1 -1 -0.247036 -1 -0.33382 -0.790423 -1 -0.56133 0.289895 -0.286306 0.939949 -1 -1 1 -0.675868 0.0866656 0.132946 -1 -0.743346 0.740216 0.517764 -0.427316 -1 
0.313618 -0.388821 -0.395536 0.461407 0.961785 -0.167484 -0.217318 0.144002 -0.237041 -1 0.499769 -0.698271 -0.722543 -0.918075 0.25992 -0.349013 0.209435 0.0652459 0.155814 -0.066339 0.0834512 -0.151917 0.329626 -0.76224 0.817175 -0.283887 -1 -0.433904 -0.917686 -0.830905 -0.563323 0.846879 -0.842824 -0.613839 0.467357 -0.417292 0.311013 -0.497562 0.0372523 0.702262 0.244278 -0.610923 -1 -0.38996 0.0355629 0.593223 -0.955871 0.709533 0.62709 0.494909 -0.218976 -1 -1 -0.101272 -0.96385 0.998083 -0.349721 -0.583622 -1 -1 -0.762388 -0.593477 -0.822255 0.511248 0.171154 -0.659422 -0.714883 -0.845178 -1 -0.518773 0.213436 0.53559 -0.79252 0.67783 -0.924589 -0.744439 -1 0.711301 -1 -0.398691 0.480516 0.901118 -0.587826 -0.717624 0.0938389 -1 -0.409878 -1 -1 -1 0.938807 -0.953653 0.236519 0.18197 0.246654 0.625502 -0.435508 -0.431956 -0.54144 -0.606001 -1 -0.210984 -0.997333 -0.886968 -0.65718 -0.639906 -1 0.074812 0.470169 1 -0.319315 -0.807995 1 -1 -0.369976 -0.812377 -0.364417 -0.0867573 -1 -0.201252 -0.76317 -1 -1 0.289895 -1 -0.246395 0.370086 -1 0.25781 -1 0.371117 0.317944 -0.91994 0.208185 0.667611 0.732298 0.0901286 -0.828772 
-0.832956 -0.664688 -0.481165 -1 -1 -1 -0.340008 -0.640343 0.320562 -1 -1 0.447045 -0.234881 -1 -1 -0.728679 -1 -0.334446 0.529071 -0.585106 -1 -0.361448 0.822361 1 -1 -1 -0.0463296 -1 -0.873801 -1 -0.749403 -0.895981 -0.973327 -0.860233 -0.111625 -0.617414 -1 -1 0.117321 -0.875489 -0.778961 -1 0.316768 -1 0.563172 -0.908218 -1 -0.351299 -1 -1 -0.98984 -0.491035 -0.647742 -1 -0.614552 -1 -0.812332 -1 -1 -1 -0.615393 -1 -1 -1 -1 0.33199 -1 -0.577341 -0.830081 1 -1 -0.628877 -1 -1 -1 -0.492689 -0.830303 -0.754253 -1 -1 -1 -0.354211 -0.812709 -1 -0.847967 -1 -0.718077 -1 -1 -1 -1 -0.646825 -0.968661 -0.153745 -1 0.631172 -1 -0.473178 -1 -1 -1 -1 -1 -0.0329251 -1 -1 -0.378892 -0.2181 -1 -0.602355 -0.397715 0.31636 0.502379 1 -0.0238241 -0.653962 -1 -0.724185 -1 0.298218 -0.0829157 -1 -1 -0.794809 -0.457787 -1 -1 0.553459 -1 -1 0.53513 -1 0.690578 -1 -1 0.197163 -0.828679 -0.966569 
0.661674 -0.0541666 -0.290302 0.625137 1 -0.167484 -0.141415 -0.436017 -0.753166 -0.20475 0.499769 -0.808962 -1 -1 -0.137331 -0.544329 0.0380379 -0.829839 0.514171 -0.326386 -0.152546 0.606194 0.279863 -0.76224 0.589788 -0.283887 -0.45004 -0.417873 -1 -1 -0.986855 0.860294 -1 0.659858 -0.665875 -0.583316 -0.864268 -0.745663 -1 -0.235772 -0.231191 -0.982072 -1 -0.915044 -0.507445 0.101318 -0.740762 0.119042 0.597873 0.171125 -0.447629 -1 -1 0.00952661 -0.587097 0.703869 -0.821783 0.111687 -1 -0.172136 -0.922498 -1 0.0180965 0.548261 0.399707 -0.659422 -0.428231 -0.991953 -1 -1 0.0437497 0.0867384 -1 0.87493 -0.614085 -0.730117 -1 0.348778 -1 -1 0.689338 0.901118 -0.629977 0.0274917 0.264781 -1 0.0305618 -0.686378 -1 -0.781712 -1 -1 0.393769 -0.618575 0.246654 -1 -1 -0.431956 -1 1 -0.482995 -0.883916 -1 -0.798122 -0.775168 -0.732902 -0.608889 0.445472 0.403665 1 -0.851114 -0.807995 -1 -0.963207 -0.139522 -1 -1 -0.214217 -0.840133 -0.505609 -0.790423 -1 -0.593297 0.289895 -0.355142 -0.224106 0.409461 -1 0.395253 -0.421302 -0.198668 0.773221 -0.740893 -1 0.639308 0.911181 -0.0656093 -1 
0.545159 -1 -0.533858 -1 -0.766708 -1 -1 -1 -1 0.706678 -0.730551 -0.783992 0.954754 -0.555615 0.711122 -1 -0.0517042 -1 -0.202369 0.37245 -0.825059 -0.688081 0.743775 0.357311 -1 -0.974027 -0.0124225 -1 -1 0.56938 -1 -0.744398 -1 -0.397561 -1 -0.944408 0.24708 0.669621 0.24383 -0.138428 0.148036 -0.943739 0.691844 -0.551021 0.255586 0.54422 0.124727 -0.285944 -0.784323 -0.822738 -1 -0.483072 -1 -0.915393 -1 -1 -0.362672 -0.167868 -0.596426 -0.146125 0.562999 0.681909 -0.507514 0.341317 -0.970326 -0.260746 0.308941 0.914605 -0.527843 -1 -0.737222 0.501804 -1 -0.126822 -1 0.431381 -1 -0.949139 -1 -1 -0.609478 -1 -1 -1 -1 -1 -1 -0.982761 -1 0.93449 0.100085 -1 -1 -0.709968 -0.787581 -1 -0.793768 -1 -1 -0.157219 -1 -0.346366 -0.854221 -1 -0.847807 -1 -0.874218 -1 0.237646 -1 -1 1 -1 -0.722532 -1 0.584655 -1 -0.811171 -0.0066402 1 -1 -1 0.518013 -0.014547 -1 -1 -0.97586 -1 -1 -0.485273 -1 -1 0.574001 -1 -0.709065 0.645329 0.113224 -0.159361 
0.661674 -0.0541666 -0.25643 0.652462 -0.252842 -0.332889 -0.217318 0.0677744 -0.123042 -0.895994 0.726575 -0.808962 -1 -1 -0.0883063 -0.0208852 0.472294 0.233045 0.650553 -0.41759 -0.45539 -0.0539153 -0.0529149 -1 0.464027 -0.861992 -0.403927 -0.69131 -0.809885 -1 -0.828255 0.860294 -1 0.659858 0.111171 -1 -0.19827 -0.311186 -0.628734 -0.302928 0.125339 -0.982072 -1 -0.38996 -1 0.101318 -1 0.30222 0.468975 0.171125 -0.577207 -1 -1 0.195695 -0.587097 0.998083 -0.639327 -0.0100944 -1 -0.241768 -0.459746 -1 -1 0.511248 -0.109185 -1 -0.428231 -0.781223 -0.674741 -1 -0.24034 0.135875 -1 0.87493 -0.614085 -1 -1 0.444859 -0.9309 -0.945528 0.689338 0.901118 -1 0.254968 0.330835 -0.974851 0.0305618 -1 -1 -1 0.196635 -1 0.393769 -0.882928 -0.146661 -1 -1 -0.431956 -0.675956 0.513447 -0.625045 -0.671514 -1 -0.40689 -0.775168 -1 -0.918501 0.445472 0.631081 0.707396 -0.851114 -1 -0.632043 -1 -0.139522 -0.897426 -1 -0.464806 -1 -1 -0.790423 -1 -0.56133 0.359505 0.0541681 0.605956 0.554662 -0.871783 1 -0.288336 -0.0422728 0.835026 -0.740893 -0.498419 0.514856 0.732298 -0.0656093 -1 
-1 -0.0915014 -0.710745 0.0655883 0.468588 -0.723088 -1 0.0908059 -1 -0.650184 0.065661 -1 -1 -1 -0.63068 -0.206294 0.410872 -0.160556 -0.0679185 -1 0.0342197 -0.0117956 -0.205147 -0.76224 -0.477648 -0.46598 -0.45004 -0.417873 -1 -1 -1 -0.221371 -1 -0.619499 -0.218627 -0.249643 -0.851492 -1 -0.628734 0.108565 0.839763 -0.725484 -0.539124 -0.109973 -0.077717 0.10958 -0.740762 1 0.597873 -0.0901514 -1 -1 -1 0.296191 -1 1 -0.639327 -1 -1 -0.207471 -0.521451 -0.764213 -0.573343 0.511248 -0.0141607 -0.908371 -1 -1 -0.726271 -1 -0.763393 -0.573963 -0.746529 0.849542 -0.614085 -1 -1 0.265344 -1 -1 -0.0628302 -0.641724 -0.777593 0.254968 0.0938389 -0.974851 -0.523224 -1 -1 -0.948979 -1 -0.420832 0.107941 -1 -1 -1 -1 -0.431956 -1 -0.736815 -1 -0.210984 -1 -1 -0.515684 -1 -1 -1 -0.183931 -0.339998 -1 -0.807995 -0.64533 -1 -1 -1 -1 -0.912522 -1 -1 -1 -1 -0.192394 -0.0337709 -0.492089 0.939949 -0.777507 -1 0.204847 -0.675868 0.184422 0.113217 -0.740893 -0.710772 -0.353268 0.517764 -0.996028 -1 
0.964623 -0.476278 -0.792298 0.272928 -0.0798185 -1 -0.712097 0.117559 -0.0509007 -0.390459 0.265354 -1 -0.796235 -1 0.25992 -1 -0.916531 -0.501362 0.322848 -1 -0.788895 0.0381826 -0.968278 -1 -0.185976 -1 -0.45004 -0.417873 -0.815733 -1 -0.637443 0.860294 -1 -0.642062 -0.70519 -0.67491 -0.19827 -1 -0.638518 -0.602301 0.291702 -0.948641 -0.773942 -0.38996 0.170647 0.101318 -0.41152 1 -0.885949 -1 -1 -1 -1 -0.953388 -0.855874 1 -1 0.219277 -1 -0.848308 -0.558402 -0.964959 -1 0.775312 -0.686837 -1 -1 -1 -0.825886 -1 0.351048 0.0848269 -1 0.87493 -0.73053 -1 -0.697882 -0.113169 -0.918278 -1 0.178578 0.530701 -0.259625 -0.742595 -0.974023 -1 -0.835523 -1 -1 -0.948979 -0.777391 -0.910707 -0.0785294 -1 -0.0965519 -1 -0.612862 -0.938941 -1 -0.380217 -1 -1 -1 -1 -0.775168 -1 -1 -1 0.318859 -0.158949 -0.983922 -0.807995 -0.847791 -0.98091 -0.139522 -1 -1 -1 -1 -0.315748 -0.812139 -0.703337 -1 0.309714 -1 -0.145165 -0.00963321 -1 1 -1 0.222289 0.801509 -1 -1 -0.0694035 0.176589 -1 -1 
-0.159469 -1 -0.868632 0.746476 0.404511 -1 -0.520496 -0.423152 -0.902671 -0.750239 0.431297 -0.840913 -1 -1 -1 -1 -1 -0.598117 -0.659137 -0.852063 -0.0255944 -0.237314 0.232509 -1 -0.491357 -1 0.141331 -1 -0.944534 -1 -1 0.948293 -1 0.805098 0.198112 -1 -0.773529 -1 -0.748294 0.391793 -0.0298068 -0.666132 -0.812948 -0.253573 -0.056871 -0.266316 -1 0.245842 -0.604573 -1 -0.213255 -1 -1 -0.344268 -1 0.42789 -0.715467 -0.621041 -1 -0.108008 -0.999787 -0.139518 -1 -0.570395 0.32593 -1 -0.567169 -0.945698 -1 -1 -0.680843 0.679863 -0.79252 -0.578622 -0.859603 -0.744439 -1 -1 -0.9309 -0.897016 0.137632 -1 0.031981 -0.218518 -1 -1 -0.433143 -1 -1 -0.789624 -0.990508 -1 0.356974 -0.603213 -1 -0.393831 -1 -0.238061 -0.143721 -0.948019 -0.771944 -1 -1 -1 -0.775168 -0.931282 -0.608889 -0.172227 1 1 -1 -1 1 -0.993935 -1 -1 -1 0.169514 -0.99969 -1 -0.630731 -1 -0.294948 -0.116176 -1 -0.08307 -1 -0.907386 0.430035 -1 -0.579052 0.773221 -1 -0.844315 0.639308 -0.0427989 -1 -1 
-0.390927 -0.388821 -1 1 0.472713 -0.167484 -0.217318 0.49998 -0.237041 -1 -0.598683 -1 -0.722543 -0.918075 0.25992 -0.349013 0.209435 0.0652459 0.155814 0.0896709 0.0834512 -0.151917 -0.0901781 -0.76224 0.817175 -0.784904 -0.991511 -0.433904 -0.917686 -0.820619 -0.198504 0.563503 -1 -0.477628 0.494642 -0.417292 0.240443 -0.497562 0.0372523 -0.344951 0.57565 -1 -1 -0.38996 0.0355629 0.593223 -1 0.709533 0.62709 0.494909 -0.218976 -1 -1 -0.101272 -0.668903 0.970934 -0.461878 -0.715557 -1 -1 -0.605639 -0.300404 -0.822255 0.511248 0.0617377 -1 -1 -0.845178 -1 -0.518773 0.213436 0.53559 -1 0.261839 -1 -0.740667 -1 0.322232 -1 -1 0.0471031 0.901118 -1 -0.717624 0.0938389 -1 -0.409878 -0.73496 -1 -1 -0.0104856 -1 0.236519 0.18197 0.246654 0.317582 -1 -0.431956 -0.379151 -1 -1 -0.210984 -1 -0.886968 -0.65718 -0.446667 -1 0.267883 0.631081 0.94267 -0.319315 -0.807995 -0.0450562 -1 -0.0846878 -1 -0.917857 -0.0867573 -1 -1 -0.76317 -1 -1 0.289895 -1 -1 0.370086 -1 0.25781 -1 0.371117 -0.751807 -0.91994 0.087078 -0.355751 0.732298 0.0901286 -1 
0.661674 0.570664 -0.77158 -0.50153 0.641609 -0.255999 -0.217318 -1 -0.898305 -1 -0.183151 -1 -1 -1 -0.244425 -0.965374 0.319225 0.141883 -0.949828 -0.47359 -0.0255944 0.606194 -0.715452 -1 0.464027 -0.283887 -0.45004 -1 -0.809885 -0.876857 -0.898624 0.577549 -1 0.621202 -0.00163397 -0.249643 -0.678739 -1 -0.628734 -0.433996 0.109524 -1 -1 -0.38996 -0.507445 0.101318 -0.816968 0.616699 0.0114551 0.171125 -1 -0.898732 -1 0.311828 -1 -1 -1 0.135152 -1 -0.172136 -0.652776 -0.42323 -0.384702 0.511248 0.172449 -0.897922 -0.524614 -1 -1 -1 -0.411013 0.595684 -0.869646 0.87493 -0.47084 -0.635282 -1 0.348778 -1 -1 0.86821 -0.547677 -0.259625 -0.546821 0.0938389 -0.974851 -0.817025 -0.729853 -1 -0.948979 -1 -1 0.789117 -1 -0.724109 -1 -1 -0.915321 -1 0.513447 -0.717798 -1 -1 -0.483831 -1 -1 -0.608889 -0.0330398 -0.250833 0.410432 -0.851114 -1 -1 -1 -0.498588 -1 -1 -0.00157981 -1 -0.958638 -0.515779 -0.639459 -1 0.289895 -0.402646 0.758175 0.656633 -1 0.395253 -1 -0.328936 0.388642 -0.680015 -0.204027 0.469292 0.732298 -0.544962 -1 
0.313618 -0.388821 -0.395536 1 -0.107651 -1 -0.297485 0.431342 -0.237041 -1 0.499769 -1 -0.722543 -1 -0.252739 -0.349013 -0.418748 -0.307172 0.493754 0.292918 -0.0456283 -1 0.329626 -0.76224 0.817175 -1 -0.991511 -0.870943 -0.917686 -1 -0.867529 0.846879 -0.842824 -0.613839 -0.0466126 -0.102404 0.311013 -1 -0.486259 -0.0697222 0.244278 -0.610923 -1 -0.38996 0.183613 0.598017 -0.818265 0.709533 0.62709 -0.300818 -0.218976 -1 -1 -0.422713 -0.954319 0.755274 -0.349721 -0.771574 -0.900182 -1 -1 -1 -0.822255 0.511248 0.171154 -1 -0.714883 -0.845178 -1 -0.518773 0.213436 0.132812 -0.833943 -0.260303 -0.940277 -0.744439 -1 0.86081 -1 -0.398691 0.480516 0.901118 -0.587826 -1 0.0938389 -1 -0.409878 -0.965396 -1 -1 0.938807 -0.953653 0.100063 -0.29146 0.246654 0.625502 -1 -1 -1 -0.716913 -1 -0.618517 -1 -0.828402 -0.65718 -0.446667 -1 -0.0209297 0.625967 0.415958 -1 -0.807995 0.707369 -1 -0.0846878 -1 -0.0269287 -0.0867573 -1 -0.636588 -1 -1 -1 0.289895 -1 -1 -0.793704 -1 0.25781 -1 0.371117 0.17779 -0.91994 0.429632 0.627552 0.732298 0.0901286 -0.828772 
-1 -0.449511 0.169106 -1 -1 -1 -0.180178 -0.773623 -1 -1 -0.777292 -0.843987 -1 -0.915433 -0.762355 -1 -1 -1 0.589758 -0.653188 -1 -0.0462792 0.212346 -0.444042 -0.921359 -1 -1 -0.896078 -1 -1 -0.951313 -0.991755 -1 -1 -1 -0.933238 -0.926615 -1 -1 -0.357773 -0.830306 -1 0.777129 -0.130632 0.0717868 0.0350813 -0.900529 0.20434 -1 -0.846338 -0.899147 -0.888167 -1 -1 -1 -1 -1 -0.413751 -1 -0.951152 -1 -1 -1 -1 -1 -1 -0.616972 -1 -1 -0.965981 -1 -0.866817 -1 -0.896337 -1 -0.642739 -1 -1 -1 -0.624054 -1 -1 -0.346167 -1 -1 -1 -1 -1 -0.186385 -1 -0.753379 -0.499415 -1 -0.214608 -1 -1 -0.695359 -1 -1 -1 -1 -1 -0.261549 -1 -0.943514 -1 -0.2826 -1 0.0969887 -1 -1 -1 -0.596823 0.186145 1 -1 -1 -1 -1 1 -0.983905 -1 -1 0.654155 -1 -0.765589 -1 0.0406941 -1 -0.84964 -1 -1 0.0472986 -0.975975 -1 -0.602904 -1 -1 
0.661674 0.117489 -1 0.294768 -0.0701957 0.0645817 -0.368777 -0.167463 0.256146 -0.555926 -0.501077 -1 -1 -0.770704 0.0223252 0.131586 -0.252325 -1 0.30817 -0.457552 -1 0.74036 0.0571295 -1 0.0448192 -0.283887 -1 -1 -0.68691 -1 -1 0.860294 -1 0.659858 -0.585997 -0.249643 -0.10026 -0.592754 -1 0.233373 0.232236 -0.982072 -1 -0.38996 -0.0184389 0.101318 -1 0.896715 0.368532 0.077552 -0.577207 -1 -0.860534 0.00952661 -0.689875 1 -0.349721 -0.456114 -1 -0.783693 -1 -1 -0.563528 0.511248 0.0631978 -1 -1 -1 -0.941278 -1 -1 0.226526 -0.976638 0.166246 -1 -1 -1 -0.366828 -1 -0.899332 0.689338 -0.704759 -0.0821352 -0.305398 -0.617141 -1 -0.815718 -0.729853 -0.880639 -0.953595 0.613188 -1 0.440464 -0.903732 0.48839 -1 -1 -0.995421 -0.967443 -0.35976 -0.544025 -0.210984 -0.699538 -1 -1 -1 -0.823932 0.499399 0.631081 0.615457 -1 -1 -0.197495 -1 0.0240624 -1 -1 -0.180009 -1 -0.965053 -1 -0.715965 -0.56133 0.0359781 -0.149434 0.0310451 0.656633 -1 0.707524 -0.614385 -0.391171 0.773221 -1 0.174196 0.986646 0.87245 -0.308761 -1 
0.661674 0.115023 -0.317874 0.109299 -0.408622 -0.0550129 -0.445682 -0.167463 0.256146 -0.929792 -0.235407 -0.808962 -1 -1 0.0346521 0.131586 0.43133 0.141883 0.504331 -0.457552 -0.0255944 0.444997 0.232509 -1 -0.742193 -0.283887 -0.45004 -0.45268 -1 -1 -1 0.860294 -1 0.0212008 -1 -0.249643 -0.167079 -0.497562 -0.934792 0.244121 0.14943 -0.982072 -1 -0.312792 -0.0184389 0.227378 -1 0.657362 0.597873 0.171125 -0.577207 -0.947717 -1 0.00952661 -0.713342 0.998083 -0.349721 -0.0100944 -1 -0.361013 -1 -1 -0.499415 0.511248 0.550723 -1 -1 -1 -1 -1 -0.979122 0.226526 -1 0.290962 -1 -1 -1 -0.717982 -1 -1 0.654595 0.12002 -0.505307 -0.445905 -0.69862 -1 -0.310969 -0.729853 -1 -0.975101 0.300378 -1 0.393769 -0.618575 0.48839 -1 -1 -0.796256 -0.967443 -0.252233 -0.625045 -0.757214 -0.739745 -0.95146 -0.902672 -0.902616 -0.823932 0.499399 0.631081 1 -1 -1 -0.197495 -0.893345 -0.0846878 -1 -1 -0.180009 -0.989749 -0.438927 -0.790423 -0.823728 -0.56133 -0.110162 -0.424229 -0.05493 0.656633 -1 0.707524 -0.397854 -0.155086 0.928997 -1 -0.640781 0.639308 0.732298 -0.308761 -1 
-1 -0.725469 -0.25643 0.0517123 -0.15832 -0.665644 -0.217318 -0.0358476 -0.123042 -1 -0.191575 -1 -0.914819 -1 -1 -0.0208852 0.319225 -1 -0.344117 -1 -0.272266 -1 -0.577662 -0.977878 0.464027 -1 -0.78242 -0.745048 -1 -1 -1 0.860294 -1 0.659858 -1 -1 -0.240027 -1 -1 -1 -0.00828305 -1 -1 -0.38996 -1 0.307717 -1 -0.115125 0.656429 -0.431179 -0.577207 -0.36864 -1 -1 -0.587097 0.909849 -0.804506 -1 -1 -0.763044 -0.451804 -1 -1 0.808329 -0.230018 -1 -0.428231 -1 -1 -1 -0.860833 0.88691 -1 0.519151 -1 -1 -0.814323 -0.739306 -1 -0.895114 0.959018 0.323858 -0.151538 -0.262152 -0.757801 -0.641266 -0.685198 -1 -1 -1 0.196635 -1 0.195275 -0.629015 0.126871 -1 -1 -1 -1 -0.396708 -0.625045 -1 -0.709659 -0.746432 -1 -1 -0.608889 -0.207683 0.631081 1 -1 -1 -0.665004 -0.676652 0.0765448 -0.929021 -1 -0.430964 -1 -0.505609 -0.4025 -1 -0.899207 -0.957978 -0.452963 0.828983 -0.472822 -0.631699 1 -0.421302 -0.55066 0.773221 -1 0.204422 -0.825368 0.680594 -0.932248 -1 
0.46473 -0.354609 -0.708503 0.600499 -0.252842 -0.145029 -1 -0.492189 -1 -0.895994 0.290688 -0.808962 -1 -1 -0.0883063 -0.0208852 0.0658433 0.233045 0.514171 -0.325779 -0.681639 -0.603655 -0.392986 -1 0.464027 -1 -1 -0.69131 -1 -1 -0.646634 0.860294 -1 0.659858 0.111171 -1 -1 -0.311186 -0.597915 -0.85824 0.285271 -1 -1 -0.38996 -1 0.14895 -1 0.640633 0.333253 0.301683 -0.757761 -1 -1 0.00952661 -0.949657 0.998083 -0.639327 -0.0100944 -1 -0.799031 -0.328633 -1 -1 0.511248 -0.506181 -0.659422 -0.398214 -0.781223 -0.76649 -1 -0.827625 0.5205 -0.973378 -0.0936689 -1 -1 -1 0.348778 -1 -0.945528 0.689338 0.353062 -0.835277 0.254968 0.2673 -0.987063 0.0305618 -1 -1 -1 0.196635 -1 0.393769 -0.882928 -0.872972 -1 -1 -0.431956 -0.675956 0.513447 -0.493107 -0.230114 -1 -0.40689 -0.927418 -1 -0.84816 0.445472 0.710239 0.407123 -0.884427 -1 -0.632043 -0.908587 -0.42285 -1 -1 -0.401282 -1 -1 -0.804544 -1 -0.56133 0.289895 0.0541681 0.574985 0.115484 -1 1 -0.214736 -0.0422728 0.835026 -1 -0.879014 0.639308 0.705086 -0.736487 -1 
-0.517895 0.246545 -0.25643 0.836189 0.427722 -0.0376713 -1 0.0908059 -0.123042 -0.650184 -0.274015 -1 -1 -1 0.25992 0.21409 0.410872 0.465511 0.415592 -0.457552 -0.0255944 0.480403 0.232509 -0.76224 0.458745 -1 -0.889142 -1 -0.979615 -1 -1 0.860294 -1 0.461516 -0.341554 -1 -0.19827 -1 -0.296506 -1 0.597504 -0.982072 -1 -0.38996 -0.26539 -0.158484 -0.740762 1 0.597873 -0.0204073 -0.619011 -1 -1 0.00952661 -1 0.423793 -1 -1 -1 -0.741256 -0.459746 -0.774003 -0.593103 0.511248 0.851022 -0.659422 -0.821327 -0.710066 -1 -1 -0.714253 0.5205 -0.658671 0.849542 -0.708598 -0.744439 -1 -0.0874723 -0.9309 -1 0.689338 0.778674 -0.207443 0.254968 0.0938389 -0.974851 -0.291858 -1 -1 -0.948979 -1 -0.716012 0.393769 -0.382637 -0.809548 -1 -1 -1 -1 0.513447 -1 -0.210984 -0.61453 -0.40689 -0.713301 -1 -1 -0.597273 0.0774758 0.569404 -1 -0.807995 -1 -0.757701 -0.627022 -1 -1 -0.180009 -1 -0.33382 -0.790423 -1 -0.56133 0.289895 -0.286306 0.939949 -0.979815 -0.795531 1 -0.352061 -0.275564 0.132946 -0.740893 -0.830165 0.740216 0.59098 -0.427316 -1 
-0.412443 -0.162515 -0.370385 0.84206 1 -1 -0.217318 -0.978421 -1 -1 0.499769 -0.808962 -0.985139 -1 0.185926 -0.405874 0.471581 0.141883 0.514171 -0.442761 0.0398411 -0.0257403 -0.0482508 -1 0.323068 -0.247567 -0.45004 -0.326407 -0.669664 -1 -0.646634 0.514817 -1 0.275817 -0.716969 -1 -0.352914 -0.874376 -0.628734 -1 -1 -1 -0.923197 -1 -0.0184389 0.386301 -1 1 0.926519 0.154163 -0.927291 -1 -1 0.00952661 -0.523823 0.0927954 -0.639327 -1 -1 -0.785335 -0.459746 -1 -0.446894 0.0308434 0.550723 -1 -0.131316 -1 -0.617796 -1 -0.0945733 0.215964 -1 0.87493 -0.75006 -0.744439 -1 -0.887633 -0.620209 -0.821901 0.689338 1 -1 0.254968 0.0938389 -0.974851 -1 -0.652619 -1 -0.68253 -0.498216 -1 0.393769 -0.767168 -0.179285 -1 -1 -1 -1 0.597771 -1 -0.210984 -1 -0.40689 -0.623187 -1 -0.608889 0.429137 0.475889 0.70285 -0.851114 -0.807995 -0.996898 -0.932996 -0.139522 -1 -1 -0.180009 -1 -0.505609 -1 -1 -0.555365 -0.291194 -0.845395 0.220658 0.656633 -1 0.0119649 -0.33608 0.316369 0.688177 -1 0.0996701 0.121931 0.732298 -1 -1 
-0.72809 -1 -0.52063 1 0.654852 -1 -0.217318 -0.230475 -1 -1 0.544464 -0.840913 -0.755439 -1 -1 -0.897698 -1 -1 -0.464279 -0.852063 -0.0255944 0.923737 0.232509 -1 -0.466559 -0.629661 -0.96681 -0.783371 -1 -1 -1 -0.410578 -1 0.302874 0.198112 -1 -0.938334 -1 -0.380058 -0.466242 0.429321 -1 -1 -0.908778 -0.056871 0.375832 -1 0.678663 -0.349301 -0.720206 -0.213255 -1 -1 -0.828655 -1 0.485574 -0.349721 -0.749671 -0.915992 -0.488157 -0.999787 -0.578973 -1 0.31402 0.32593 -0.872249 -0.239796 -0.681581 -1 -1 -0.342952 -0.272649 -1 0.663015 -0.745788 -0.709361 -1 -1 -0.9309 -1 0.532261 0.621975 -0.259625 0.103567 -0.787526 -1 -0.433143 -1 -0.861119 -0.83435 -0.52261 -1 0.903384 -0.234098 -1 -0.393831 -0.968703 -0.576346 -1 -0.948019 -0.771944 -1 -1 -1 -0.700046 -1 -0.213105 0.408853 0.54438 0.713449 -1 -0.807995 1 -0.993935 -0.0846878 -1 -0.336004 0.169514 -1 -1 -0.630731 -1 -0.400916 0.289895 -0.644926 -0.08307 -0.0584854 -1 0.464564 -1 -0.278375 0.910025 -0.683078 0.087078 0.237057 0.858799 -0.196472 -1 
0.661674 -0.867453 -0.25643 0.537971 1 -0.167484 -0.217318 -1 -0.458186 -0.555926 0.243011 -1 -1 -1 -0.84119 -0.0208852 0.319225 -1 0.514171 -0.457552 -0.0255944 -0.242338 0.416855 -1 0.464027 -0.283887 -0.45004 -1 -1 -1 -0.986855 0.979351 -1 0.188697 -0.00163397 -0.297076 -1 -0.362497 -0.628734 -0.372303 -0.211052 -1 -1 -0.38996 -0.681993 0.101318 -0.740762 0.196145 -0.162005 0.487811 -0.243776 -1 -1 -0.00608933 -1 0.998083 -0.639327 -0.0100944 -0.952983 -0.718292 -0.971663 -1 -0.430114 -0.222364 0.172449 -0.643572 -0.428231 -0.781223 -1 -1 0.0517619 0.5205 -0.600469 0.943573 -0.614085 -1 -1 0.348778 -1 -0.828988 0.689338 0.901118 -0.506548 0.204479 -0.0497763 -0.974851 0.0305618 -0.600377 -1 -0.948979 0.196635 -1 0.393769 -1 0.246654 -1 -1 -1 -1 0.513447 -0.619555 0.112408 -0.793456 -0.607076 -1 -1 -0.608889 0.445472 0.565833 1 -0.851114 -0.807995 -0.89937 -0.963207 -0.458424 -0.779599 -1 -0.214217 -1 -0.505609 -1 -0.930047 -0.688338 0.373308 -0.355142 0.319719 0.433795 -1 -0.0140782 -0.421302 0.316369 0.773221 -0.951112 -0.204027 0.469292 0.732298 -0.0656093 -1 
0.661674 -0.179828 -0.25643 0.537971 1 -0.0286587 -0.172206 0.0677744 -1 -0.555926 0.243011 -0.808962 -1 -1 0.25992 -0.0208852 0.319225 -0.0429689 0.514171 -0.457552 -0.0255944 0.606194 0.232509 -1 -0.0636677 -0.283887 -0.330775 -0.935826 -0.809885 -1 -0.986855 0.0977492 -1 -0.420821 -0.00163397 -0.249643 -0.19827 -0.362497 -1 -0.342906 0.232236 -1 -1 -0.38996 -0.507445 0.238746 -0.740762 0.196145 0.597873 0.171125 -0.577207 -1 -1 0.00952661 -1 0.42067 -0.639327 -0.677431 -1 -0.58933 -0.675151 -0.511639 -1 -0.171318 0.455766 -0.659422 -0.428231 -0.781223 -1 -1 0.0437497 0.5205 -1 0.87493 -0.614085 -1 -1 0.348778 -1 -1 0.689338 0.901118 -0.259625 -0.473923 -0.600617 -1 -0.534323 -0.600377 -1 -0.948979 -0.970888 -1 0.51262 -0.637062 -0.927032 -1 -1 0.0284041 -1 0.279113 -0.717798 -0.210984 -1 -0.40689 -0.670095 -1 -0.608889 -0.416038 0.565833 1 -0.851114 -0.807995 -1 -0.963207 -1 -1 -0.677178 -0.71683 -1 -0.505609 -1 -0.930047 -1 -0.267595 -0.655023 0.939949 0.433795 -1 0.468109 -0.421302 -0.0391358 0.773221 -0.740893 -1 0.469292 0.732298 -0.0656093 -1 
0.661674 -0.0541666 -0.792298 0.84206 0.178561 -0.141701 -0.746211 0.0199089 -0.217223 -0.390459 0.448255 -1 -1 -0.926652 0.25992 -1 0.59005 0.465511 0.514171 -1 -0.172327 0.551018 -0.244419 -0.76224 0.464027 -0.224433 -0.45004 -0.735042 -0.809885 -1 -1 0.495398 -1 0.485796 -0.341554 -0.249643 -0.19827 -0.363107 -0.628734 -0.235772 0.232236 -0.982072 -1 -0.38996 -0.0184389 0.101318 -0.740762 1 0.597873 0.171125 -0.559993 -1 -1 -0.522821 -0.587097 1 -0.639327 -0.0100944 -1 -0.172136 -0.459746 -0.774003 -0.830946 0.511248 0.550723 -0.822851 -1 -0.781223 -1 -1 0.0437497 0.5205 -1 0.87493 -0.614085 -0.744439 -0.850618 -0.113169 -0.9309 -1 0.497809 0.901118 -0.259625 0.254968 0.0938389 -0.85762 -0.291858 -1 -1 -0.948979 -0.697595 -1 0.393769 -0.618575 -0.0965519 -1 -0.612862 -0.953939 -1 0.532131 -0.625045 -0.572142 -1 -0.203816 -0.775168 -1 -0.713916 0.0329078 0.318859 0.498326 -0.851114 -0.807995 -1 -0.963207 -0.139522 -1 -1 -0.180009 -1 -0.33382 -0.790423 -0.995087 -1 0.289895 -0.286306 0.939949 -0.00963321 -1 0.719154 -0.421302 0.222289 0.773221 -0.740893 -0.743346 0.740216 0.517764 -0.0656093 -1 
-0.517895 -0.0915014 -0.25643 0.836189 0.427722 -0.0376713 -0.746211 0.0908059 -1 -0.650184 0.065661 -0.808962 -1 -1 0.25992 -0.206294 0.410872 0.465511 0.415592 -1 0.0342197 -0.0117956 0.232509 -0.76224 0.458745 -0.570445 -0.45004 -0.417873 -1 -1 -1 0.483149 -1 0.461516 -0.218627 -0.249643 -0.19827 -0.382661 -0.628734 0.108565 0.531444 -0.647662 -0.938523 -0.109973 -0.0184389 0.101318 -0.740762 1 0.597873 0.171125 -1 -1 -1 0.0359283 -0.587097 0.998083 -0.639327 -1 -1 -0.207471 -0.459746 -0.774003 -0.573343 0.511248 0.460495 -1 -1 -0.965964 -0.726271 -1 0.0437497 0.46495 -0.658671 0.849542 -0.614085 -0.658994 -1 0.265344 -0.9309 -1 0.689338 -0.37995 -0.41758 0.254968 0.0938389 -0.974851 -0.291858 -1 -1 -0.948979 -0.245725 -0.783336 0.107941 -0.914983 -1 -1 -1 -0.431956 -1 -0.736815 -1 -0.210984 -1 -0.40689 -0.775168 -1 -1 -1 0.318859 0.569404 -0.851114 -0.807995 -1 -1 -0.544359 -1 -1 -0.180009 -1 -1 -0.790423 -1 -0.56133 0.119496 -0.492089 0.939949 -0.989483 -1 1 -0.675868 0.184422 0.113217 -0.740893 -0.548456 0.740216 0.517764 -0.427316 -1 
-0.72809 -1 -1 1 0.654852 -1 -0.217318 -0.794317 -1 -1 0.544464 -0.840913 -0.755439 -1 -0.614062 -1 -1 -1 -0.464279 -0.852063 -0.0255944 0.923737 0.232509 -1 -0.466559 -0.946535 -1 -0.783371 -1 -1 -1 -0.553039 -0.620981 0.250896 -0.867145 -1 -0.938334 -1 -0.700418 -0.202963 0.429321 -0.629534 -1 -0.908778 -0.056871 0.375832 -1 0.678663 -0.349301 -0.720206 -0.0943578 -1 -1 -0.828655 -1 0.691531 -0.251284 -0.749671 -1 -0.901173 -0.613851 -0.578973 -1 0.31402 0.455531 -0.872249 -0.239796 -0.419156 -1 -1 -0.342952 -0.32658 -1 1 -0.957876 -0.709361 -1 -1 -0.9309 -1 -0.123754 0.621975 -0.259625 -0.640417 -0.787526 -1 -0.433143 -1 -0.861119 -0.83435 -0.52261 -1 0.903384 -1 -0.824171 -0.563708 -0.968703 -0.576346 -1 -1 -0.771944 -1 -1 -1 -0.700046 -1 -1 0.408853 0.54438 0.548145 -1 -0.727061 1 -0.993935 -0.0846878 -0.74328 -0.336004 0.169514 -1 -1 -0.630731 -1 -0.400916 0.487921 -0.644926 0.277927 -0.0584854 -1 0.464564 -1 -0.381835 0.814069 -0.683078 0.087078 0.237057 0.858799 -0.196472 -1 
-0.659365 -1 -0.25643 0.273452 -0.189317 -0.20012 -1 0.0908059 -0.21637 -1 -0.604879 -1 -0.955422 -1 0.0790464 -0.0208852 -0.0241571 -0.562248 0.415592 -0.799288 0.195339 0.480403 0.232509 -1 -0.733585 0.0514635 -1 -1 -1 -1 -1 0.147588 -1 0.528266 -1 -0.529212 -0.670138 -0.282999 -0.540037 -0.235772 0.232236 -0.982072 -1 -0.38996 -0.132253 0.0216255 -1 0.571357 0.795847 -0.192163 -0.619011 -0.895451 -1 0.00952661 -0.587097 1 -0.338535 -0.53843 -1 -0.741256 -0.459746 -1 -0.573343 0.511248 0.851022 -0.769918 -1 -0.570493 -0.726271 -1 0.0437497 -0.176251 -0.658671 0.849542 -0.831865 -0.744439 -1 -0.0874723 -0.9309 -1 0.196227 0.335808 -1 0.219033 0.0938389 -0.625992 -0.124923 -1 -1 -0.839375 -1 -0.716012 -0.491067 -1 -0.809548 -1 -0.674555 -0.199954 -1 0.637655 -1 -0.170503 -0.862744 -0.40689 -0.491647 -1 -1 -0.597273 -0.38774 -0.27781 -1 -1 -1 -1 -0.627022 -1 -1 -0.247036 -1 -0.33382 -0.790423 -0.738638 -1 0.289895 -0.286306 0.939949 -1 -1 1 -0.294657 0.0866656 -0.0224993 -1 -0.743346 0.523744 0.733497 -0.427316 -1 
0.506941 -0.0541666 -0.418081 0.968453 0.0258439 -0.167484 -0.245618 0.132083 -0.516401 -0.164135 0.777269 -0.760432 -0.811894 -1 -0.0883063 -0.0208852 0.319225 -0.14203 0.537104 -1 -0.0255944 -0.196624 -0.137799 -0.76224 0.111211 -1 -0.316113 -0.745048 -0.809885 -1 -1 0.703594 -1 0.659858 -0.547056 -1 -0.19827 -1 -0.628734 -0.302928 0.125339 -0.982072 -1 -0.332716 -1 0.262827 -1 1 0.597873 0.171125 -0.577207 -1 -1 0.00952661 -1 0.998083 -1 -0.0100944 -1 -0.554607 -0.343771 -1 -0.976822 -0.397411 -0.309772 -1 -0.428231 -0.781223 -0.726271 -1 -0.612429 0.371571 -1 0.675732 -0.545699 -1 -1 0.348778 -1 -1 0.689338 0.901118 -0.0701826 -0.912858 0.184362 -0.974851 -0.51551 -1 -1 -0.948979 -0.0710036 -1 -0.0021432 -0.618575 0.246654 -1 -1 -1 -0.675956 0.198794 -1 -0.210984 -1 -0.772122 -0.456832 -0.929109 -0.882296 0.445472 0.340713 0.421166 -1 -1 -0.519939 -0.841835 -0.139522 -0.271256 -1 -0.180009 -1 -0.505609 -0.576354 -1 -0.56133 -0.0521847 -0.452963 0.939949 0.341781 -0.971151 1 -0.509682 -0.55066 0.773221 -0.740893 -0.204027 0.753194 0.117066 -0.736599 -1 
0.273984 -0.738198 -0.035246 1 1 -0.167484 -0.229759 -0.0288911 -0.237041 -1 0.499769 -0.956033 -0.722543 -0.938624 -0.893741 -0.349013 0.24112 0.0652459 -0.0671904 0.132486 0.106198 -0.352008 0.257585 -1 0.817175 -0.124688 -0.991511 -0.433904 -0.917686 -1 -0.563323 0.251878 -0.842824 -0.613839 0.467357 -0.417292 0.311013 -1 0.0372523 0.329313 0.244278 -0.610923 -0.661258 -0.38996 0.0355629 0.593223 -1 0.709533 -0.510758 -0.149627 -0.701925 -1 -1 -1 -0.954319 -0.34563 -0.349721 -0.583622 -1 -0.733543 -0.665874 -0.300404 -0.841207 0.511248 0.329264 -0.820986 -1 -0.845178 -1 -0.554 0.213436 0.53559 -1 0.815133 -0.929477 -1 -1 0.711301 -1 -0.398691 -0.247474 0.901118 -1 -0.717624 0.186195 -1 -0.409878 -1 -1 -1 0.938807 -1 -0.426077 -0.133857 0.331539 0.625502 -0.435508 -0.431956 -0.2868 -0.801299 -0.801136 -0.210984 -1 -1 -0.65718 -1 -1 0.074812 -0.27317 0.76526 -0.319315 -0.807995 1 -1 -0.285972 -0.812377 -1 -0.0867573 -1 -0.201252 -1 -1 -1 -0.301938 -1 -0.453671 0.370086 -1 -0.124562 -1 0.331231 0.317944 -0.91994 0.316374 -0.0341121 0.154178 0.0901286 -1 
-0.650615 -0.0541666 -0.370385 0.84206 1 -0.315228 -0.217318 0.0677744 -0.724974 -1 0.499769 -0.808962 -0.834869 -1 0.185926 -0.0208852 0.319225 0.141883 0.514171 -0.457552 -0.0255944 0.606194 -0.112536 -1 0.323068 -0.283887 -0.45004 -0.326407 -0.669664 -1 -0.646634 0.514817 -1 -0.0737002 -0.00163397 -0.706586 -0.19827 -0.515592 -0.628734 -0.235772 -0.784001 -1 -1 -0.76387 -0.0184389 0.129227 -1 1 0.597873 0.171125 -0.927291 -1 -1 0.102529 -0.523823 0.0927954 -0.639327 -0.310041 -1 -0.492558 -0.459746 -0.774003 -0.446894 0.0308434 0.550723 -0.659422 -0.428231 -1 -0.617796 -1 0.0437497 0.5205 -1 0.87493 -0.75006 -0.744439 -1 -0.01526 -0.9309 -1 0.689338 0.901118 -1 0.254968 0.0938389 -0.974851 -0.395436 -0.729853 -1 -0.68253 0.196635 -1 0.393769 -0.618575 -0.179285 -1 -1 -1 -0.972347 0.462431 -1 -0.210984 -1 -0.40689 -0.623187 -1 -0.608889 0.429137 0.475889 0.760921 -0.851114 -0.807995 -1 -0.932996 -0.139522 -1 -1 -0.180009 -1 -0.505609 -1 -1 -0.56133 0.289895 -0.845395 0.939949 0.656633 -1 0.0119649 -0.33608 0.144202 0.773221 -1 0.0996701 0.487981 0.732298 -1 -1 
-0.445935 0.130198 -0.110048 -0.8369 -0.911443 0.347013 0.0226589 -1 -0.602514 -0.137403 -1 -1 -1 -0.977777 -0.340874 -1 -1 -1 -1 -1 0.355114 0.443371 -0.635646 -0.125351 -1 -0.565027 -0.816566 -0.854406 -1 -0.824054 -0.938157 -0.944497 -1 0.129431 -1 -0.846197 -0.90601 -0.610409 -1 -1 -0.287987 -0.786895 -1 0.179785 0.402806 0.294937 -1 -1 -0.928846 -1 -0.614668 -0.736464 -1 -1 -0.939814 -1 -1 -1 -1 -1 -1 -1 0.152575 -1 -0.912085 0.379152 -0.0424562 -1 -0.876555 -1 -1 -1 -0.442067 0.272957 -0.93565 -0.788077 -1 -1 -1 -0.982845 -0.872883 -0.413564 -1 -0.93103 -0.861726 -1 -0.82902 -1 -0.654275 -1 0.237211 -0.689482 -1 -1 -1 -0.792089 -1 -0.468849 -0.869921 -0.43011 -1 -1 -0.465441 -1 -0.857171 -0.797227 -0.655787 0.0180097 0.337201 0.259426 -1 -1 0.353431 -0.446624 0.619047 0.933961 -1 0.126317 -1 -0.451872 -1 -0.996829 0.497025 -1 0.715211 0.129425 -1 -1 -1 -1 -1 -0.899397 -0.313491 -1 -1 -1 -0.811694 -1 
0.0366716 -0.388821 -0.598468 0.108089 -0.748886 -0.378713 -0.741928 0.144002 -1 -1 -0.406705 -1 -0.722543 -1 -1 -0.349013 0.209435 0.0652459 0.155814 -0.214958 0.0834512 -0.151917 -0.632533 -0.808879 0.817175 -0.283887 -1 -1 -0.824341 -0.961898 -0.563323 0.846879 -0.842824 -1 0.643376 -0.417292 -0.393849 -0.497562 -0.0963787 0.25906 0.636275 -0.610923 -1 -1 0.0355629 0.787061 -1 0.709533 0.62709 -0.0373473 -0.218976 -1 -1 -0.282352 -1 0.998083 -0.349721 -0.583622 -0.754791 -1 -0.762388 -0.300404 -1 0.511248 0.149961 -0.287588 -0.789523 -1 -1 -0.518773 0.395418 0.53559 -0.79252 0.67783 -0.929477 -1 -0.582906 -0.775536 -1 -1 0.480516 0.267652 -0.935074 -1 0.0938389 -1 -0.409878 -0.73496 -1 -1 0.870613 -0.953653 -0.187538 -0.860331 0.107764 0.625502 -0.918036 -1 -0.54144 -0.716913 -1 -0.210984 -1 -0.886968 -0.65718 -0.393224 -0.746725 -0.317002 0.299684 1 -1 -0.807995 0.767294 -1 -0.0846878 -1 -1 -0.0867573 -1 -0.201252 -1 -1 -1 0.289895 -1 -0.246395 0.460359 -0.84508 0.25781 -1 0.371117 0.317944 -0.91994 -0.0400635 0.0861699 0.732298 -0.54176 -1 
0.914075 -0.0541666 -0.586704 0.84206 0.710431 -0.996246 -0.213763 0.10147 -0.603201 -0.421057 0.499769 -0.974785 -1 -1 0.25992 -0.0208852 0.319225 0.141883 0.514171 -0.847547 -0.0407191 0.297584 -0.711063 -0.76224 -0.98332 -0.283887 -0.54941 -1 -0.917686 -1 -0.646634 0.490662 -0.969958 -0.431698 -0.366089 -0.536477 -0.19827 -1 -0.628734 -0.691827 0.252334 -0.935548 -0.886973 -0.488604 0.172195 0.196332 -0.876785 -1 -0.0360316 0.171125 -1 -1 -1 0.00952661 -0.933246 0.451451 -0.457705 -0.0100944 -0.678765 -0.399299 -0.459746 -0.457951 -0.104022 0.511248 0.666687 -1 -0.598241 -1 -0.726271 -0.996737 0.0437497 0.5205 -1 -0.0850477 -0.614085 -1 -0.84493 0.348778 -0.9309 -1 0.0818156 0.707313 -0.259625 -0.374023 0.0938389 -1 -1 -0.366763 -1 -0.891201 -0.899831 -1 0.00802326 -0.618575 -0.203197 -1 -1 -1 -1 -0.705794 -1 -0.864688 -0.739745 -0.40689 -1 -1 -1 0.445472 0.799858 -0.598561 -0.851114 -0.671438 -0.197495 -0.963207 -0.0846878 -0.848329 -0.620134 -0.714275 -1 -0.505609 -1 -1 -0.496652 0.131446 -0.773181 0.975754 0.656633 -1 -1 -0.305476 -0.0269242 0.527404 -1 0.087078 0.639308 0.732298 -0.0656093 -0.95913 
0.661674 0.115023 -1 -0.760821 -0.770217 -0.167484 -0.368777 -0.924596 0.115516 -0.663911 -0.489205 -1 -1 -1 -0.552173 -0.229608 0.43133 -1 -0.868589 -1 -0.446426 -0.821493 0.160526 -0.560855 0.0448192 -0.0071508 -0.746621 -1 -1 -1 -1 0.707686 -1 0.659858 -0.00163397 -0.203532 -1 -1 -0.466832 -0.828738 -0.551371 -1 -0.959535 -0.38996 -0.289041 0.208762 -1 0.896715 0.486938 0.337147 -0.577207 -1 -0.629594 -0.798922 -1 0.626723 -1 -1 -1 -0.361013 -0.66293 -1 -0.710145 0.511248 0.550723 -0.948588 -1 -0.706865 -0.726271 -1 -1 0.226526 -1 -0.9541 -1 -1 -1 -0.739444 -1 -1 -0.0835092 0.12002 -0.259625 -1 0.248564 -1 -0.15552 -1 -1 -0.953595 -0.898254 -0.674992 -0.157133 -1 -0.0586399 -1 -0.777907 -0.694571 -0.904516 -1 -0.263028 -1 -1 -1 -0.661644 -1 -0.722021 -0.0181018 -0.168757 -0.112153 -1 -1 -1 -1 -1 -1 -1 -0.180009 -0.613212 -0.800613 -0.833217 -1 -0.715705 -0.92881 -0.424229 0.134157 0.144237 -1 0.814062 -0.204937 -1 1 -1 0.0777814 0.781394 0.732298 -0.308761 -1 
0.661674 -0.313395 -0.39205 0.294768 0.620605 -0.167484 -0.368777 -0.318568 0.256146 -0.556138 -0.0246929 -0.808962 -1 -1 0.25992 0.131586 0.43133 -0.2527 0.514171 -0.898118 0.0911327 -0.0399311 0.232509 -0.76224 0.0448192 -0.283887 -0.45004 -0.45268 -0.917686 -1 -1 0.860294 -1 0.659858 0.00862986 -0.249643 -0.000668913 -0.507728 -0.628734 0.244121 0.232236 -0.982072 -1 -0.38996 -0.0184389 0.101318 -1 0.896715 0.597873 0.171125 -0.577207 -1 -1 0.00952661 -0.689875 0.998083 -0.349721 -0.456114 -1 -0.361013 -0.459746 -1 -0.563528 0.731478 0.359677 -0.659422 -1 -1 -0.726271 -1 -1 0.146925 -1 0.166246 -1 -1 -1 -0.759741 -1 -1 0.477777 0.12002 -1 -0.305398 0.0938389 -0.974851 0.0305618 -0.729853 -1 -0.953595 0.300378 -1 0.659619 -0.618575 0.48839 -1 -1 -0.995421 -0.967443 -0.252233 -0.544025 -0.210984 -1 -1 -1 -0.902616 -0.823932 0.499399 0.631081 1 -1 -1 -0.197495 -1 -0.0846878 -1 -1 -0.180009 -1 -0.505609 -0.790423 -0.823728 -0.56133 -0.0538682 -0.424229 -0.05493 0.026481 -1 0.707524 -0.215273 -0.242101 0.773221 -0.667487 -0.261123 0.4791 0.732298 -0.308761 -1 
-0.441548 0.84378 -0.979607 0.0856254 -0.580117 0.474266 -0.644743 -0.936751 -0.458071 -0.0374723 -0.472062 -0.573946 -0.756134 0.085133 0.346761 0.71379 0.400528 -0.947954 0.276755 0.923089 -0.930174 -0.600213 0.262771 0.136934 -0.830233 -0.269274 -0.634756 0.127553 -0.886533 -0.890847 0.0100608 0.856199 0.987155 -0.973099 -0.320254 0.306165 0.105401 -0.895317 -0.789687 -0.912749 0.285033 -0.709869 -0.659649 -0.260443 0.0685278 -0.330174 -0.323832 -0.0128561 -0.952005 0.507267 -0.914595 -0.811268 0.64044 0.676391 0.734543 -0.0699895 -0.549149 0.415597 -0.588795 -0.810615 0.819574 0.166057 -0.54616 -0.311794 -0.055923 0.826419 0.716982 -0.299415 -0.214492 0.299935 0.419506 -0.118851 0.634822 -0.809051 0.195971 0.929073 -0.72526 0.67941 0.110803 -0.624869 0.848995 -0.0776742 -0.172285 0.695719 0.482853 -0.858912 -0.176273 -0.201349 0.916689 -0.242853 -0.62279 -0.598686 -0.854251 0.803121 0.892874 -0.563352 0.234851 -0.822814 0.319928 -0.823548 0.706015 0.822381 0.996663 -0.489112 -0.150589 -0.359085 0.169237 0.220688 0.643724 -0.015626 0.544351 -0.203638 0.142227 0.446777 -0.514523 0.238391 -0.0121013 -0.238925 -0.695998 -0.190378 -0.0178337 -0.774302 0.579829 0.689265 0.505867 0.765442 0.50901 -0.361822 -0.421907 -0.867333 -0.402005 0.326221 -0.369673 0.329277 -0.151298 -0.12034 0.662909 -0.818572 
0.827187 -0.354609 -0.25643 0.600499 -0.252842 -0.167484 -0.217318 -0.492189 -0.394688 -1 0.290688 -0.808962 -1 -1 -0.47399 -1 0.319225 -0.568842 -0.130148 -0.325779 -1 -0.0735238 -0.0529149 -1 0.464027 -0.811796 -0.403927 -1 -1 -1 -0.646634 0.860294 -1 0.983692 0.111171 -1 -0.19827 -0.311186 -0.628734 -1 -1 -0.982072 -1 -0.38996 -1 0.14895 -1 0.93317 0.668721 -0.889283 -0.799077 -1 -1 0.00952661 -0.510234 0.558529 -0.639327 -0.0380971 -0.959671 -0.241768 -0.459746 -0.735874 -1 0.511248 -0.109185 -0.659422 -0.428231 -1 -1 -1 -0.144205 0.5205 -0.997195 0.87493 -0.418673 -1 -1 0.348778 -1 -1 0.689338 0.203453 -1 0.254968 0.330835 -1 0.391848 -1 -1 -1 -0.668152 -1 0.768958 -0.882928 0.150265 -1 -1 -0.431956 -0.675956 0.513447 -0.269436 -0.366042 -1 -0.40689 -0.775168 -1 -0.608889 0.445472 1 0.332724 -0.884427 -1 -0.612745 -1 -0.139522 -0.667016 -1 0.133108 -1 -1 -0.790423 -1 -0.56133 0.289895 -0.64104 0.939949 -0.510356 -1 1 -0.421302 -0.108243 0.646876 -1 -1 0.729901 0.687507 -0.154388 -1 
-0.425531 -0.0541666 -0.25643 0.944662 -0.15832 -0.167484 -0.217318 0.132083 -0.123042 -0.917056 0.726575 -1 -0.914819 -1 -1 -0.0208852 0.319225 -0.14203 0.537104 -1 -0.0255944 -0.196624 -0.209017 -1 0.464027 -0.283887 -0.45004 -0.745048 -1 -1 -0.989054 0.860294 -1 0.659858 -0.385681 -1 -0.19827 -0.689665 -0.628734 -1 -0.00828305 -0.982072 -1 -0.38996 -1 0.101318 -1 0.990516 0.597873 0.171125 -0.577207 -1 -1 0.00952661 -0.587097 0.998083 -0.804506 -0.0100944 -1 -0.172136 -0.451804 -1 -1 0.511248 -0.109185 -0.659422 -0.428231 -0.781223 -0.479623 -1 0.0437497 0.5205 -1 0.816053 -0.44445 -1 -1 0.348778 -1 -1 0.689338 0.323858 -0.259625 -0.206111 0.330835 -0.974851 0.0305618 -1 -1 -0.948979 0.196635 -1 -0.150988 -0.618575 0.29022 -1 -1 -0.431956 -0.739248 0.198794 -0.625045 -0.606202 -1 -0.643295 -0.775168 -0.929109 -0.608889 0.445472 0.631081 1 -1 -1 -1 -1 -0.139522 -1 -1 -0.180009 -1 -0.505609 -0.790423 -1 -0.56133 -0.194397 -0.452963 1 0.656633 -0.737461 1 -0.421302 -0.55066 0.773221 -0.740893 -0.630413 0.608538 0.680594 -0.648494 -1 
-0.517895 -0.929798 -0.120951 1 0.427722 -0.0376713 -0.746211 -0.146485 -0.123042 -0.650184 0.415367 -0.79739 -0.98748 -1 0.25992 -0.0208852 0.410872 0.465511 -0.666173 -0.546313 -0.0255944 0.480403 -0.104784 -0.881144 0.458745 -0.459846 -0.45004 -0.417873 -0.998782 -1 -1 0.206206 -0.718661 0.461516 -0.341554 -0.249643 -0.19827 -0.363107 -0.631909 -0.235772 0.232236 -0.982072 -1 -0.38996 -0.0184389 0.101318 -0.740762 1 0.597873 0.171125 -0.371228 -1 -1 0.00952661 -0.587097 0.998083 -0.331843 -0.847293 -1 -0.207471 -0.459746 -1 -0.573343 0.511248 0.851022 -0.659422 -1 -0.965964 -1 -1 0.0437497 -0.0025093 -0.873869 0.849542 -0.614085 -1 -1 -0.60046 -0.9309 -0.965963 0.689338 0.713523 -0.259625 -0.062349 0.0938389 -0.974851 -0.291858 -1 -1 -0.948979 -0.245725 -0.755574 0.393769 -0.382637 -0.809548 -1 -1 -0.431956 -1 0.513447 -1 -0.210984 -1 -0.40689 -0.739652 -1 -1 -0.753163 -0.0453277 0.569404 -0.851114 -0.807995 -1 -1 -0.54074 -0.937565 -1 -0.611087 -1 -0.33382 -0.517697 -1 -0.56133 0.289895 -0.286306 0.939949 -0.989483 -1 1 -0.675868 -0.245753 0.113217 -0.740893 -0.743346 0.740216 0.724809 -0.427316 -1 
0.661674 -0.179828 -0.25643 0.537971 1 -1 -0.217318 -0.953783 -1 -0.555926 0.243011 -0.808962 -1 -1 0.25992 -0.0208852 0.319225 -0.862858 0.250394 -0.457552 -0.0255944 -0.212504 0.232509 -1 -0.0333762 -0.283887 -0.491357 -1 -0.946957 -1 -0.986855 0.0977492 -1 -0.420821 -0.185324 -0.249643 -0.19827 -1 -1 -0.433996 0.0726001 -0.854058 -1 -0.767259 -0.507445 0.101318 -1 -0.564838 0.254236 0.171125 -0.577207 -1 -1 0.00952661 -1 0.336386 -0.639327 -1 -1 -1 -0.675151 -0.511639 -1 0.0447567 0.455766 -0.659422 -0.428231 -0.781223 -1 -0.967779 -0.334165 0.65932 -1 0.87493 -0.614085 -1 -1 0.348778 -1 -0.631457 0.602906 0.736117 -0.259625 -1 -0.323213 -1 -0.534323 -0.600377 -1 -0.948979 -0.970888 -1 0.386261 -0.252354 -0.949625 -1 -1 0.0284041 -1 0.279113 -0.717798 -0.210984 -1 -1 -0.670095 -1 -0.608889 -0.0180095 -0.522235 1 -0.851114 -0.807995 -1 -0.963207 -1 -0.737393 -0.677178 -0.214217 -1 -0.505609 -1 -0.930047 -1 -0.267595 -0.655023 0.939949 -0.368801 -1 0.468109 -0.421302 -0.580219 0.773221 -0.740893 -1 0.469292 0.732298 -0.0656093 -1 
0.534281 0.199317 -0.698236 0.84206 0.427722 -0.260879 -0.718064 0.0199089 -0.123042 -0.390459 0.499769 -1 -0.57819 -1 0.0134743 -1 0.59005 0.465511 -0.492378 -1 -0.259818 0.551018 0.232509 -1 0.464027 0.094669 -0.45004 -0.693416 -1 -1 -0.951033 0.860294 -1 0.483044 -1 -0.249643 -0.515353 -0.675405 -1 -0.235772 0.232236 -0.982072 -1 -0.38996 -0.0184389 -0.448677 -0.740762 1 0.281546 -0.651041 -0.559993 -1 -1 -0.328061 -0.587097 0.0638216 -1 -0.0448669 -1 -1 -0.710121 -0.774003 -1 0.511248 0.287417 -1 -0.716275 -0.781223 -1 -1 0.174216 0.5205 -1 0.999512 -0.614085 -1 -1 -0.113169 -0.9309 -0.940301 0.689338 0.901118 -0.259625 0.362554 -0.118332 -1 -0.291858 -1 -1 -1 -0.245725 -1 0.393769 -0.618575 -0.0965519 -1 -0.727191 -0.431956 -1 0.927931 -1 -0.611698 -1 -0.86112 -0.910935 -1 -0.588473 -0.092838 0.318859 0.879789 -0.851114 -0.807995 -1 -0.963207 -0.139522 -1 -1 -0.180009 -1 -0.364513 -0.790423 -1 -1 -0.143568 -0.286306 0.939949 0.179488 -1 1 -0.364751 -0.282789 0.378625 -0.920838 -0.902076 0.14685 0.517764 -1 -1 
-0.650615 -0.0541666 -0.370385 0.84206 1 -0.315228 -0.217318 0.0677744 -0.724974 -1 0.499769 -0.808962 -1 -1 0.185926 -0.0208852 0.319225 0.141883 0.00210398 -1 -0.0255944 0.606194 -1 -1 0.323068 -0.283887 -0.45004 -0.326407 -0.669664 -0.880644 -0.646634 0.713152 -1 -0.0737002 -0.00163397 -0.660406 -0.19827 -0.497562 -1 -0.235772 -1 -1 -1 -0.38996 -0.0184389 0.129227 -1 1 0.00201422 0.171125 -1 -1 -1 0.00952661 -0.523823 0.137131 -0.639327 -0.310041 -1 -0.666911 -0.350069 -0.401784 -0.446894 0.0308434 0.550723 -0.659422 -0.428231 -1 -0.617796 -1 0.146668 0.0812947 -0.84476 0.87493 -0.75006 -0.744439 -1 -0.01526 -0.9309 -1 0.689338 0.901118 -1 0.528871 0.0938389 -1 -0.395436 -0.729853 -1 -0.68253 0.196635 -1 0.393769 -0.609993 0.0715068 -1 -1 -1 -1 0.462431 -1 -0.210984 -1 -0.40689 -0.623187 -0.776002 -0.755132 0.429137 0.475889 0.940604 -0.70152 -0.807995 -1 -0.932996 -0.139522 -1 -1 -0.180009 -1 -0.74308 -1 -1 -0.56133 0.289895 -0.845395 1 0.656633 -1 0.0119649 -0.756006 0.639134 0.605263 -1 0.0996701 0.487981 0.732298 -1 -1 
-1 -0.743019 -1 -1 -1 1 -0.879982 -0.864988 -0.503109 -0.806362 -0.778381 -0.805868 -0.650337 -1 -1 -0.656076 -1 1 0.434567 -0.468408 -1 0.651777 -0.815224 -0.489872 -1 -1 -1 -1 -1 -0.85819 -0.927255 -1 -0.755266 -1 0.0905788 -0.927029 -0.572762 -0.210594 -0.499524 -1 -1 -1 0.970939 -1 -1 -1 -0.897658 -1 -1 -1 -1 -1 -0.441868 -1 -0.47476 -0.975442 -0.9069 -0.954726 -0.711998 -1 -0.99026 -1 -1 -1 -0.991955 -0.910769 -1 0.813688 -0.00386599 -1 -0.898627 -0.853584 -1 -0.742314 -1 0.0981899 -1 -1 -1 0.194596 -1 -1 0.588057 -0.889597 -0.29125 -0.710415 -1 -0.827841 -1 -0.920328 -1 -0.688351 -0.418407 -1 -1 -1 -0.608193 -0.903395 -0.898598 -1 -1 -1 -0.950406 -1 -1 1 -1 -1 -1 0.0640763 -0.328514 -1 -0.520293 1 -1 -1 -0.685256 -1 0.57918 -0.9493 0.44365 0.621609 -1 -1 -0.823227 -1 -1 0.585432 -1 -0.745099 -1 -0.975947 0.287462 0.928584 -0.911121 -0.948481 -0.721246 -1 
-0.650615 -0.0541666 -1 0.84206 1 -1 -1 0.0677744 -0.380792 -1 0.564697 -0.955745 -1 -1 0.185926 -0.0208852 0.319225 -0.724421 0.294055 -0.900625 -0.0255944 0.606194 -0.112536 -1 0.313144 -1 -0.45004 -0.335956 -0.669664 -0.720005 -0.695629 0.514817 -1 -0.746011 -0.00163397 -1 -0.896989 -0.497562 -0.99886 -0.422373 -0.784001 -1 -1 -1 0.24426 -0.232352 -1 1 0.597873 0.171125 -0.534128 -1 -1 -0.326751 -0.523823 0.0927954 -1 -0.310041 -1 -0.767668 -0.459746 -0.774003 -0.446894 -0.318182 -0.555279 -0.659422 -0.428231 -1 -0.937021 -1 0.0437497 0.5205 -1 0.9775 -0.75006 -0.744439 -1 -0.37604 -0.9309 -1 -0.275147 0.901118 -1 -0.293539 0.0938389 -0.974851 -1 -0.729853 -1 -1 -0.610946 -1 0.393769 -0.618575 -0.179285 -1 -1 -1 -1 0.211588 -1 -0.15725 -1 -1 -0.623187 -0.776002 -0.599028 0.0229399 0.475889 0.760921 -1 -1 -1 -0.932996 0.132181 -1 -0.993959 -0.251097 -0.969494 -0.505609 -1 -1 -0.850603 0.289895 -0.845395 0.939949 0.0972397 -1 0.0119649 -0.33608 0.316369 0.877668 -0.617455 0.0996701 0.487981 0.633991 -1 -1 
-0.650615 -0.0541666 -0.370385 0.84206 1 -0.315228 -0.217318 0.0677744 -0.724974 -1 0.499769 -0.808962 -1 -1 0.185926 -0.0208852 0.319225 0.141883 0.514171 -0.457552 -0.0255944 0.606194 -0.112536 -1 0.323068 -0.283887 -0.45004 -0.215502 -0.669664 -1 -0.646634 0.514817 -1 -0.0737002 -0.00163397 -0.706586 -0.19827 -0.692203 -0.628734 -0.235772 -0.784001 -1 -1 -0.38996 -0.0184389 0.129227 -1 1 0.597873 0.171125 -0.927291 -1 -1 0.00952661 -0.523823 0.0927954 -0.639327 -0.310041 -1 -0.492558 -0.459746 -0.774003 -0.446894 0.0308434 0.550723 -0.659422 -0.428231 -1 -0.617796 -1 0.0437497 0.5205 -1 0.87493 -0.75006 -0.744439 -1 -0.01526 -0.9309 -1 0.689338 0.901118 -1 0.254968 0.0938389 -0.974851 -0.395436 -0.729853 -1 -0.68253 0.196635 -1 0.393769 -0.618575 -0.179285 -1 -1 -1 -1 0.462431 -1 -0.210984 -1 -0.40689 -0.623187 -0.776002 -0.608889 0.429137 0.475889 0.760921 -1 -0.807995 -1 -0.932996 -0.139522 -1 -1 -0.464691 -1 -0.505609 -1 -0.907107 -0.869147 0.289895 -0.845395 0.939949 0.656633 -1 0.0119649 -0.33608 0.316369 0.773221 -1 0.0996701 0.487981 0.367756 -1 -1 
-0.357145 0.0163023 -0.0185167 0.84206 0.934152 -0.602118 -0.353888 0.0677744 -0.724974 -1 0.499769 -1 -1 -1 -0.0438579 -0.0208852 -0.175406 0.141883 0.514171 -0.457552 -0.0255944 0.76836 -0.112536 -1 0.464027 -0.283887 -0.45004 -0.326407 -0.669664 -1 -1 0.226082 -1 -0.687659 -0.00163397 -0.706586 -0.19827 -0.497562 -0.628734 -0.52431 -0.784001 -1 -1 -0.38996 -0.762363 0.129227 -1 0.522539 0.597873 0.171125 -0.927291 -1 -1 -0.352819 -1 0.438906 -0.639327 -0.310041 -1 -0.783676 -0.459746 -0.774003 -0.789243 0.511248 0.550723 -0.659422 -0.428231 -1 -0.497057 -1 0.0437497 0.5205 -1 0.87493 -0.633109 -0.744439 -1 -0.165968 -1 -1 0.689338 0.901118 -1 0.254968 0.266477 -0.974851 -0.354157 -0.729853 -0.988551 -1 0.254762 -1 0.393769 -1 -0.179285 -1 -0.799037 -1 -1 0.462431 -1 -0.210984 -1 -0.40689 -0.623187 -0.776002 -0.608889 0.429137 0.475889 0.760921 -1 -1 -0.737128 -0.932996 -0.139522 -1 -1 -0.180009 -1 -0.719165 -1 -1 -0.56133 -0.728444 -0.845395 0.939949 0.73996 -1 0.0119649 -0.33608 -0.717154 0.773221 -1 0.0996701 0.33113 0.732298 -0.623194 -1 
0.661674 -0.0541666 -0.554954 -0.174156 1 -0.496707 -0.217318 0.133433 0.0408865 -0.887096 0.499769 -0.459768 -0.92217 -1 0.25992 -0.0208852 0.383513 0.174784 0.473605 -0.766775 0.132081 0.606194 0.232509 -0.76224 0.193098 -1 -0.45004 -0.956761 -0.917686 -1 -0.646634 0.401409 -0.969958 -0.362482 -1 -0.654878 -0.19827 -0.751961 -0.861202 0.467747 0.252334 -0.935548 -0.932565 -0.338946 -0.261494 -0.0346783 -0.955871 -1 -0.721809 0.171125 -0.994851 -1 -0.878004 0.00952661 -0.287567 0.998083 -0.862063 -0.0100944 -0.544592 -0.706187 -0.459746 -0.774003 -0.542858 0.511248 0.550723 -1 -0.461464 -1 -0.726271 -1 0.0437497 0.5205 -1 -0.127853 -0.614085 -1 -1 0.348778 -0.902524 -1 0.689338 0.901118 -0.259625 -0.332577 0.0938389 -1 0.0305618 -0.729853 -1 -0.891201 -0.764572 -1 0.105254 -0.373027 -0.458203 -0.996427 -0.904695 -0.273562 -0.775223 0.320145 -0.877201 -0.441992 -0.739745 -0.40689 -1 -1 -1 0.445472 0.631081 0.256548 -1 -1 -0.197495 -0.963207 -0.0846878 -0.848329 -1 -0.863351 -1 -0.759878 -1 -1 -0.56133 0.289895 0.0541681 0.699236 0.852408 -1 0.758064 -0.305476 -0.0269242 -0.141249 -1 -0.346147 0.259137 0.241409 0.0698578 -1 
-1 -0.814809 -1 -1 0.00446311 -1 -1 -0.90052 -1 -0.651599 -1 -0.621453 -1 -1 -1 -0.000721991 -0.548709 0.805026 -0.575772 -1 -1 0.769816 0.450462 -0.887183 -1 -0.660715 -0.524556 -1 -1 -0.449134 -1 -1 -1 -1 -0.496195 -0.834284 -0.841236 0.498619 0.106325 -1 -1 0.273696 0.0307795 -1 -0.350388 0.00262651 -0.478933 -1 -1 -0.985125 -0.369621 -1 -1 -1 -1 -0.645678 -0.41684 -1 0.0666295 -1 -0.318343 -0.961656 -1 -0.718062 -1 0.0523632 -1 -1 0.451624 -1 -0.481683 -0.420154 -1 -1 -0.248661 -1 -1 -1 -0.397216 0.0460016 0.828374 -1 -0.713428 -1 -0.563335 -0.220125 -0.0941595 -0.989033 -1 0.281032 -1 -1 -1 -0.840874 -0.409808 -0.535625 -1 -1 -1 0.821606 -1 -1 -1 -1 -0.810971 0.515406 -0.775822 -0.934484 -0.805101 -1 1 -0.941569 -0.0357778 0.430731 -0.871595 -1 -1 -0.629417 -0.47343 0.0750806 -0.8373 0.204751 -1 -0.451514 -1 -1 -0.658527 -1 -1 -0.88999 -1 -0.719603 -1 0.780099 0.283379 0.40304 0.582724 -1 
-0.266671 -1 -0.651969 1 0.576397 -1 -0.360053 -0.262962 -0.226681 -1 0.615359 -0.804254 -0.428456 -1 -1 -1 -0.19475 -1 0.16351 -0.852063 -0.99898 -0.328858 0.232509 -1 -0.823319 -1 0.141331 -1 -0.917686 -1 -1 0.860294 -0.969958 0.805098 0.198112 -1 -1 -1 -1 0.410423 0.232236 -1 -1 -0.208473 -0.056871 -0.329912 -1 0.245842 0.597873 -0.159355 -0.213255 -1 -1 -0.344268 -1 -0.469515 -0.0818095 -0.26649 -0.915992 -0.722992 -0.999787 -0.139518 -1 0.178638 0.32593 -0.659422 -0.567169 -0.681581 -1 -1 -0.342952 0.528031 -0.79252 0.993171 -0.842384 -0.744439 -1 -1 -0.815099 -0.688064 0.532261 0.621975 -0.609282 -0.218518 0.0609655 -0.623339 -0.433143 -1 -1 -0.789624 -0.0764031 -1 0.536934 -0.234098 -1 -0.429833 -1 -0.238061 -0.143721 -0.948019 -0.771944 -1 -1 -1 -0.775168 -0.931282 -1 0.408853 0.729279 0.744281 -1 -0.807995 1 -1 -0.0846878 -1 -0.336004 -0.32199 -0.848728 -1 -0.749993 -1 -1 -0.116176 -0.644926 -0.08307 0.282424 -1 1 -1 -0.522116 0.773221 -0.119361 0.087078 0.639308 -0.149438 -1 -1 
-1 -1 -1 -1 -1 -0.985592 -0.916898 -1 0.433074 -1 -0.886702 -0.0581679 -0.208787 -0.791547 -0.930161 -0.719056 -0.542369 0.979782 -0.268892 -0.219815 -1 -0.983139 -0.0544851 -1 -0.802944 -1 -0.715514 -0.817909 -0.729251 -0.644042 -1 -0.588161 -1 -0.873752 -0.74536 -0.77431 0.439522 0.680704 -0.112524 -1 -1 -0.229289 -1 -1 -0.0612837 0.730617 0.431983 -0.82606 -0.892942 -0.993804 -1 -1 -0.469456 -0.434516 -0.61041 -1 -1 -1 -1 -0.9584 -0.955173 -1 -0.376181 -0.883831 -0.246669 0.0523632 -1 -0.979405 0.469679 -1 -0.651461 0.706073 -1 -1 -1 0.849255 -1 -0.826388 -1 -1 -0.367506 -1 -0.86229 -1 -0.805133 -0.925669 -0.0316509 -0.944548 -0.718998 -1 -1 -1 -1 -0.102132 -0.325721 -0.996967 -1 -0.635526 -1 -1 -1 -1 -0.609059 -1 -1 -0.53901 -0.871949 -1 -1 -1 0.940819 -1 -0.147049 0.35768 -1 -0.574606 -1 -0.655128 -0.132203 -0.338158 -0.292469 0.236533 -1 -0.565018 -1 -1 -0.899053 -0.473131 -1 -0.951134 -1 -1 -0.100699 0.780099 0.0385307 0.391207 -1 -0.864623 
-0.185905 -1 -1 0.944662 -0.252842 -1 -0.957772 -0.0278119 -1 -0.546173 -0.608817 -1 -1 -1 -0.607639 0.0809611 -0.386335 -0.81983 0.514171 -1 -0.690652 -0.0907832 -0.0529149 -1 -0.217563 -1 -1 -0.859256 -0.839274 -1 -1 0.265776 -1 0.659858 -1 -1 -1 -0.470518 -1 -0.44444 -0.108314 -1 -1 -0.223595 -1 0.101318 -1 0.726762 -1 0.171125 -0.723672 -1 -1 -0.954579 -1 0.305161 -1 -1 -1 -0.959585 -1 -1 -1 0.0458939 -0.24641 -1 -1 -0.857631 -0.96804 -1 0.0146011 -0.156904 -1 -0.454914 -0.888339 -1 -0.783588 -0.797955 -1 -1 -0.188325 1 -0.934068 0.131819 0.397234 -1 0.362364 -1 -1 -0.994171 -0.298566 -1 0.538044 -1 -0.274765 -1 -1 -0.48736 -1 -1 -0.625045 -1 -0.942517 -1 -1 -1 -1 0.368121 -0.749106 0.790401 -1 -1 -1 -1 -0.0320711 -0.517782 -0.835545 -0.972699 -1 -0.800202 -0.790423 -1 -1 0.289895 -0.131713 0.812675 -0.0568693 -1 0.886251 -1 -0.23713 -0.160496 -0.740893 -0.204027 -0.0872014 0.765203 -0.0656093 -1 
0.313618 -0.388821 -0.395536 0.245103 -0.107651 -1 -0.297485 0.431342 -0.237041 -1 0.499769 -1 -1 -1 -0.621199 -0.349013 -0.418748 -0.307172 0.493754 0.292918 -0.0456283 -0.908018 -0.984421 -0.76224 0.817175 -1 -0.991511 -0.870943 -1 -1 -1 0.846879 -0.842824 -0.613839 -0.0466126 -0.102404 0.523736 -1 -0.486259 -0.0697222 0.244278 -0.610923 -1 -0.38996 0.183613 0.598017 -0.818265 0.709533 0.62709 -0.300818 -1 -1 -1 -1 -0.954319 0.755274 -0.349721 -0.771574 -0.900182 -1 -1 -1 -0.822255 0.145058 0.171154 -1 -0.714883 -0.845178 -1 -0.518773 0.213436 0.132812 -0.833943 -0.622577 -0.940277 -0.744439 -0.67095 0.86081 -1 -0.398691 -0.191006 0.901118 -1 -1 0.0124954 -1 -0.409878 -0.948424 -1 -1 0.938807 -0.953653 0.249154 -0.29146 0.246654 0.625502 -1 -1 -1 -0.771547 -1 -1 -1 -1 -0.65718 -1 -1 -0.0209297 0.868849 0.0127582 -1 -0.807995 0.974984 -1 0.235982 -1 -0.649239 -0.0867573 -0.805251 -0.636588 -1 -1 -1 0.289895 -1 -1 -0.793704 -1 0.25781 -1 0.371117 0.304368 -0.91994 0.429632 0.627552 -0.0843568 0.067647 -0.828772 
0.376556 -0.0541666 -0.554954 0.84206 0.0846061 -1 -0.217318 -0.619482 -0.0495335 -1 0.381543 -0.599567 -1 -1 0.0902047 -1 -0.370992 -0.570281 0.234022 -0.288482 -0.0032528 0.606194 -0.782178 -0.836718 0.464027 -0.606334 -0.866168 -1 -0.744759 -0.9328 -0.439216 0.490662 -1 -0.304824 -0.4246 0.30277 -0.517191 -1 -0.945221 0.252603 0.35218 -1 -1 -0.405994 0.313519 0.00987841 -0.955871 -1 -0.102369 -0.302794 -1 -1 -1 0.00952661 -0.587097 1 -1 -0.34967 -1 -0.496525 -0.459746 -1 -0.368223 -0.255858 0.550723 -1 -0.461464 -0.781223 -0.726271 -1 0.0742573 0.367836 -0.818383 -0.958472 -0.614085 -0.982207 -0.911807 0.348778 -1 -1 -0.419349 0.516528 -0.259625 -1 -0.715482 -0.974851 -0.409106 -0.510269 -1 -1 -0.991375 -1 -0.235621 -0.618575 -0.458203 -1 -1 -0.431956 -0.841648 -0.200127 -1 -0.214319 -0.759452 -0.40689 -0.69264 -0.692161 -1 -1 0.261177 0.198079 -1 -1 -0.514192 -0.963207 -0.180643 -0.572297 -1 -1 -1 -0.113436 -1 -1 -0.56133 0.369293 -1 0.314991 0.656633 -1 -0.194772 -0.305476 0.24554 0.773221 -0.740893 -0.0352877 -0.396105 0.732298 -1 -0.757294 
0.661674 -0.0541666 -0.554954 0.84206 1 -0.666588 -0.217318 0.133433 0.0408865 -1 0.499769 -0.459768 -1 -1 0.25992 -0.0208852 0.383513 0.141883 0.473605 -0.766775 0.132081 0.606194 0.232509 -0.861398 0.405871 -0.511094 -0.45004 -0.439058 -0.917686 -1 -0.646634 0.490662 -1 -0.236243 -0.4246 -0.654878 -0.19827 -1 -0.861202 0.467747 0.252334 -0.935548 -1 -0.338946 -0.261494 -0.0346783 -0.955871 -0.20088 -0.19873 0.171125 -1 -1 -1 0.00952661 -0.389534 0.998083 -1 -0.0100944 -0.937879 -0.343299 -0.459746 -0.774003 -0.555694 0.511248 0.128464 -1 -0.461464 -0.781223 -0.726271 -1 0.0437497 0.5205 -1 -0.127853 -0.614085 -0.744439 -1 0.348778 -0.9309 -1 0.689338 0.901118 -0.259625 -0.332577 0.0938389 -1 0.0305618 -0.729853 -1 -0.891201 -0.916231 -1 0.393769 -0.618575 -0.458203 -1 -0.904695 -0.273562 -1 0.320145 -0.877201 -0.441992 -0.739745 -0.40689 -1 -1 -1 0.445472 0.631081 0.256548 -0.851114 -1 -0.197495 -0.963207 -0.0846878 -0.848329 -1 -0.863351 -1 -0.505609 -1 -1 -0.56133 0.289895 0.0541681 0.975754 0.852408 -1 0.758064 -0.305476 -0.0269242 0.621486 -1 -0.346147 0.639308 0.787142 -0.0656093 -1 
-0.0326193 0.246776 -1 0.84206 0.85341 -1 -0.928683 0.444696 -1 -0.398524 0.17145 -0.913845 -1 -1 -0.0355096 -1 0.304213 -1 0.514171 -0.457552 -0.196855 0.606194 0.481681 -0.76224 -0.834015 -0.283887 -0.45004 -0.417873 -1 -1 -0.986855 0.267498 -1 0.659858 -0.608229 -0.503067 -0.917971 -0.745663 -0.628734 -0.966634 -0.231191 -1 -0.667199 -0.38996 -0.949605 0.101318 -0.740762 0.702838 0.597873 0.0773725 -0.604536 -1 -1 -1 -0.587097 0.998083 -0.537409 0.111687 -1 -0.172136 -0.923941 -1 0.0180965 0.451872 0.528747 -0.950616 -0.61005 -0.617799 -1 -1 0.393828 0.0867384 -1 0.675028 -1 -1 -1 -0.776044 -1 -1 0.121426 0.901118 -0.833813 -0.519444 0.213355 -1 -0.441632 -0.76879 -1 -0.948979 -1 -0.39847 0.0911006 -0.618575 0.246654 -0.938361 -1 -0.599892 -1 0.0952343 -0.582787 -0.210984 -1 -0.798122 -0.775168 -0.779537 -0.466629 0.430498 0.403665 -0.0229987 -0.934719 -1 -1 -1 -0.139522 -1 -1 -0.532752 -1 -0.766317 -0.707702 -1 -0.557269 0.667244 -0.355142 -0.0304153 -0.0502707 -1 0.237316 -0.646449 -0.0427119 0.773221 -1 -1 0.895387 0.911181 -0.0739868 -1 
0.661674 -0.0541666 -0.221649 -0.151883 0.128719 -0.167484 -0.217318 -0.196843 -0.0968204 -1 0.499769 -0.960138 -1 -1 0.25992 -0.0208852 0.544781 -0.780292 0.514171 -0.535037 -0.196855 0.316023 0.279863 -0.76224 0.256156 -0.143357 -1 -0.417873 -1 -1 -0.986855 -0.338931 -1 0.322922 -0.665875 -0.583316 -1 -0.745663 -0.628734 -0.235772 -0.231191 -0.982072 -1 -0.38996 -0.949605 0.101318 -0.740762 0.616699 0.597873 0.171125 -0.769902 -1 -1 0.00952661 -0.587097 0.998083 -1 0.0935915 -1 -0.172136 -0.922498 -1 0.0180965 -0.117056 0.550723 -0.854842 -0.428231 -0.617799 -1 -1 -0.236621 0.0867384 -1 0.675028 -0.614085 -0.841525 -1 0.348778 -1 -0.851077 0.689338 0.901118 -0.690969 0.254968 -1 -0.974851 0.0305618 -0.997973 -1 -0.876396 -1 -1 0.137702 -0.618575 0.246654 -1 -1 -0.431956 -1 1 -0.625045 -0.210984 -0.873491 -0.798122 -0.775168 -0.51062 -0.608889 0.430498 0.403665 1 -0.851114 -0.775545 -1 -0.963207 -0.139522 -1 -1 -0.369108 -1 -0.99077 -0.790423 -1 -0.936715 0.289895 -0.355142 0.29025 0.656633 -1 0.395253 -0.421302 -1 0.773221 -0.740893 -1 0.639308 0.911181 -0.971732 -1 
0.545159 -1 -0.533858 -1 -0.766708 -1 -1 -1 -1 0.706678 -0.730551 -0.783992 0.954754 -0.555615 0.711122 -1 -0.0517042 -1 -0.202369 0.37245 -0.825059 -0.688081 0.743775 0.357311 -1 -0.974027 -0.0124225 -1 -1 0.56938 -1 -0.744398 -1 -0.397561 -1 -0.944408 0.24708 0.669621 0.24383 -0.138428 0.148036 -0.943739 0.691844 -0.551021 0.255586 0.54422 0.124727 -0.285944 -0.784323 -0.822738 -1 -0.483072 -1 -0.915393 -1 -1 -0.362672 -0.167868 -0.596426 -0.146125 0.562999 0.681909 -0.507514 0.341317 -0.970326 -0.260746 0.308941 0.914605 -0.527843 -1 -0.737222 0.501804 -1 -0.126822 -1 0.431381 -1 -0.949139 -1 -1 -0.609478 -1 -1 -1 -1 -1 -1 -0.982761 -1 0.93449 0.100085 -1 -1 -0.709968 -0.787581 -1 -0.793768 -1 -1 -0.157219 -1 -0.346366 -0.854221 -1 -0.847807 -1 -0.874218 -1 0.237646 -1 -1 1 -1 -0.722532 -1 0.584655 -1 -0.811171 -0.0066402 1 -1 -1 0.518013 -0.014547 -1 -1 -0.97586 -1 -1 -0.485273 -1 -1 0.574001 -1 -0.709065 0.645329 0.113224 -0.159361 
0.545159 -1 -0.425451 -1 -0.766708 -1 -1 -1 -1 0.434609 -1 -0.783992 0.943932 -0.555615 -0.734014 -0.964064 -0.9766 -1 -0.202369 0.400056 -0.825059 -0.688081 0.743775 0.477989 -1 -0.974027 -0.0124225 -1 -1 0.56938 -1 -0.744398 -1 -0.397561 -1 -0.944408 0.24708 -0.416375 0.215086 -0.138428 0.148036 -0.943739 0.691844 -0.645817 0.255586 0.54422 0.124727 -0.285944 -0.784323 -1 -1 -0.874913 -1 -1 -1 -1 -0.362672 -0.167868 -0.939751 -0.146125 0.562999 0.681909 -1 0.341317 -0.970326 -0.260746 0.308941 0.914605 -0.527843 -1 -1 0.0134805 -0.565388 -0.126822 -1 0.431381 -1 -1 -0.862723 -1 -0.609478 -1 -1 -1 -1 -1 -1 -0.982761 -1 0.93449 0.100085 -1 -1 -0.709968 -0.787581 -1 -1 -1 -1 -0.157219 -1 -0.346366 -1 -0.868842 -0.847807 -1 -0.874218 -1 0.573197 -1 -1 1 -1 -0.722532 -0.915617 0.584655 -0.902379 -0.811171 0.345261 0.707302 -1 -1 0.518013 0.137694 -1 -1 -0.97586 -1 -1 -0.319711 -1 -1 0.574001 -1 -0.709065 0.645329 0.113224 -0.159361 
-0.180183 -1 -1 0.944662 -0.252842 -0.570513 -0.957772 0.0677744 -0.387843 -0.546173 -0.608817 -1 -1 -1 -0.681113 0.0809611 -0.386335 -1 -0.545313 -0.99032 -1 -0.388508 -0.0529149 -0.90573 -0.10583 -1 -0.295912 -0.69131 -0.484794 -1 -0.617893 0.114079 -1 -0.29437 -0.609489 -1 -0.709439 -0.470518 -1 -0.44444 0.468472 -1 -1 -0.378801 -1 -0.211219 -0.66765 0.686003 -1 0.171125 -0.723672 -1 -0.719515 -0.707521 -1 0.305161 -1 -0.607799 -0.870702 -0.959585 -1 -1 -1 -1 -0.109185 -1 -1 -1 -1 -1 0.121544 -0.156904 -1 -0.181573 -1 -1 -1 -1 -1 -1 -0.214958 1 -0.934068 0.131819 0.330835 -1 -0.756152 -1 -0.623356 -1 -0.426976 -1 0.538044 -1 -1 -1 -0.642729 -1 -0.675956 -1 -0.625045 -1 -0.94839 -0.955236 -1 -1 -1 0.594384 -0.749106 1 -1 -1 -0.953888 -1 -0.139522 -0.517782 -1 -0.227276 -0.733176 -0.800202 -0.790423 -1 -1 0.289895 0.0324854 1 0.13712 -1 0.861841 0.0661408 -0.271504 0.939543 -1 -0.236284 -0.101473 0.83316 -0.0706711 -1 
0.762573 -0.785839 0.0196535 0.413865 -0.408622 -0.0550129 -1 -0.167463 0.256146 -1 -0.271541 -0.853296 -1 -1 -0.708088 0.131586 0.235554 0.122479 0.504331 -0.457552 -1 0.444997 0.232509 -1 -0.829576 -0.283887 -0.45004 -0.0608281 -1 -1 -0.935786 0.860294 -1 0.0212008 -1 -0.55679 0.202942 -0.497562 -1 0.244121 0.14943 -0.982072 -0.84972 -0.312792 -0.0753444 0.240457 -1 0.657362 -0.214498 -0.836684 -0.577207 -0.947717 -1 0.00952661 -0.389896 0.0674642 -0.349721 -0.0100944 -1 -0.635782 -1 -1 -0.499415 0.511248 0.550723 -1 -1 -1 -1 -0.993653 -0.979122 0.205896 -1 0.576863 -1 -1 -1 -1 -1 -1 0.654595 0.12002 -0.505307 -0.445905 -1 -1 -0.310969 -0.729853 -1 -0.975101 0.300378 -1 -0.281709 -0.618575 -0.738445 -1 -1 -0.796256 -1 -0.252233 -0.625045 -0.858605 -0.739745 -1 -0.902672 -0.902616 -0.823932 0.499399 0.631081 1 -1 -1 -0.197495 -0.977906 -0.0846878 -1 -1 -0.180009 -0.989749 -0.438927 -0.790423 -0.823728 -0.507915 -0.110162 -0.424229 -0.05493 0.656633 -1 0.707524 -1 -1 0.928997 -1 -0.550292 0.639308 0.732298 -0.171531 -1 
-0.357145 -0.0541666 -1 0.84206 1 -0.36937 -0.217318 0.0869116 -1 -1 0.499769 -0.904469 -1 -1 0.312798 -0.329029 0.319225 0.195083 -0.732435 -0.457552 -0.0255944 0.606194 0.232509 -1 0.557966 -0.283887 -0.4781 -0.417873 -0.545592 -1 -0.646634 -0.472711 -0.958316 -1 -0.683948 -0.627945 -1 -0.497562 -0.628734 -0.235772 -0.784001 -1 -0.903506 -0.38996 -0.294931 0.129227 -0.797369 1 0.118751 0.341419 -0.675888 -1 -1 0.00952661 -0.523823 0.438906 -0.639327 -0.310041 -0.884025 -0.492558 -0.229582 -1 -0.138292 -0.111563 0.550723 -1 -0.428231 -1 -1 -1 0.0437497 0.121309 -1 0.87493 -0.614085 -0.744439 -1 -0.418299 -0.9309 -1 0.689338 0.901118 -1 -0.0968546 0.0938389 -0.974851 -0.354157 -0.562398 -1 -0.935157 0.0136451 -0.857049 0.216695 -0.567012 -0.179285 -1 -1 -1 -1 0.370357 -1 -0.210984 -1 -0.40689 -0.742489 -0.776002 -1 0.429137 0.35815 -0.206288 -1 -0.816832 -1 -0.932996 -0.139522 -0.925576 -1 -0.180009 -1 -1 -1 -0.716491 -0.56133 0.133829 -0.845395 -0.382823 -0.0591716 -1 0.0119649 -0.178504 -0.148659 0.773221 -1 0.17062 0.642026 0.732298 -1 -1 
-1 -1 -0.674795 -0.903672 -0.772215 0.764389 -0.916898 -1 -0.748839 -1 -0.299782 -0.0353121 -0.247509 -0.559322 -1 0.20016 -1 -0.0190221 -0.261615 -0.60143 -1 -0.861976 0.0709712 -0.764628 -1 -1 -0.440605 -0.655662 -0.152362 -0.627671 -1 -0.725791 -0.936663 -0.661858 -0.145545 -0.897142 -0.415434 0.564067 0.269971 -1 -1 0.719381 -1 -1 -0.275077 0.244569 -0.238098 -1 -0.892942 -0.433679 -1 -0.0430738 -0.266534 -0.0256094 -0.733463 -1 -0.988781 -1 -1 -0.940722 -1 -1 -1 0.273906 -0.919814 -0.127212 -1 -1 0.801918 -1 -0.593544 1 -0.504408 -1 -0.0943481 -0.356983 -1 -0.973827 -1 -1 -0.543693 -1 -1 -1 -0.805133 -0.846106 -1 -1 0.323029 -0.981715 -1 -1 -1 -0.115692 -1 -1 -1 -1 -1 -0.78451 -1 -1 -1 -1 -0.969947 0.183439 -1 -1 -1 -0.924523 0.753587 -1 -0.0276618 0.629193 -1 -1 -1 -0.92504 -0.61284 0.0358436 0.221562 0.408414 -0.855967 -1 -1 -1 -0.654104 -0.662706 -1 -0.995033 -1 -1 -0.0283524 0.652834 -0.560658 -0.102398 -1 -0.776942 
-1 -0.814809 -1 -1 0.00446311 -1 -1 -0.90052 -0.609791 -0.651599 -1 -0.621453 -1 -1 -1 0.079282 -0.548709 0.805026 -0.575772 -1 -1 1 0.450462 -0.887183 -1 -0.660715 -0.524556 -1 -1 -0.591047 -0.932918 -1 -1 -1 -0.496195 -0.834284 -0.303446 0.498619 0.106325 -1 -1 0.273696 -0.0160127 -1 -0.350388 0.195153 -0.478933 -0.901598 -1 -0.872929 -0.369621 -1 -1 -1 -1 -0.645678 -0.737696 -1 0.0666295 -1 -0.318343 -0.961656 -1 -0.718062 -1 0.0523632 -1 -1 0.451624 -1 -0.481683 -0.702872 -1 -1 -0.248661 -1 -1 -1 -0.397216 0.0460016 0.726761 -1 -0.713428 -1 -0.563335 -0.106637 -0.0941595 -1 -1 0.281032 -1 -1 -0.869096 -0.840874 -0.409808 -0.535625 -1 -1 -1 0.821606 -1 -1 -1 -1 -0.810971 0.515406 -0.775822 -0.934484 -0.805101 -1 1 -1 -0.0357778 0.77151 -0.871595 -1 -1 -0.629417 -0.47343 0.0750806 -0.8373 0.418919 -1 -0.451514 -1 -1 -0.765072 -1 -1 -1 -1 -1 -1 0.780099 0.283379 0.40304 0.582724 -1 
-0.517895 -0.0915014 -0.25643 -0.15736 0.547941 -0.0376713 -0.746211 -0.745311 -1 -1 0.065661 -1 -1 -1 0.25992 -0.137899 0.410872 0.703332 0.415592 -1 0.0342197 -0.0117956 0.232509 -1 0.458745 -0.294939 -0.45004 -0.417873 -1 -1 -1 0.483149 -1 -0.137967 -0.218627 -0.249643 -0.19827 -0.317679 -1 0.108565 0.534082 -0.647662 -0.938523 -0.109973 -0.0184389 -0.851446 -0.740762 1 0.597873 0.171125 -1 -1 -1 0.0359283 -0.851128 0.998083 -0.639327 -1 -0.836549 -0.207471 -0.957391 -0.774003 -0.573343 0.10331 0.850316 -1 -1 -1 -0.726271 -1 -0.32989 0.46495 -0.658671 0.849542 -0.614085 -0.873383 -1 -1 -0.9309 -1 1 -0.934424 -0.41758 0.254968 0.0938389 -1 -0.291858 -1 -1 -0.943485 -0.245725 -0.783336 0.107941 -1 -1 -1 -1 -0.431956 -1 -1 -1 -0.210984 -1 -1 -0.775168 -1 -1 -1 0.318859 0.896911 -0.925676 -1 -0.840033 -1 -0.544359 -1 -1 -0.0173723 -1 -1 -1 -1 -1 -0.979835 -1 0.939949 -0.769911 -1 1 -1 0.184422 0.113217 -0.740893 -0.267524 0.871424 0.517764 -0.427316 -1 
0.333546 -0.712377 -1 0.944662 -0.252842 -1 -0.217318 0.0677744 -0.304841 -1 0.75665 -0.808962 -1 -1 -0.681113 0.0809611 0.319225 -0.448374 -0.42513 -0.41759 -0.462078 -0.388508 -0.0529149 -0.933676 0.329748 -0.631061 -0.403927 -0.69131 -1 -0.822369 -0.646634 0.50898 -1 0.323897 -0.219774 -0.951364 -0.886118 -0.470518 -0.713526 -0.302928 0.125339 -0.928791 -1 -0.417382 -1 0.101318 -0.66765 0.786284 -0.202895 -0.853844 -0.577207 -1 -1 -0.707521 -0.587097 0.998083 -1 -0.462015 -1 -0.570268 -1 -1 -1 0.756723 -1 -0.798706 -1 -0.89032 -1 -1 -0.247464 0.16808 -1 0.522253 -0.337862 -1 -1 -0.797955 -1 -1 0.689338 0.747439 -0.835277 -0.104423 0.330835 -0.974851 0.0305618 -1 -0.965386 -1 0.196635 -1 0.393769 -1 0.246654 -1 -1 -0.342816 -1 -0.710514 -0.625045 -0.826479 -1 -0.500638 -1 -0.929109 -0.608889 0.445472 0.464102 0.790401 -0.871311 -1 -0.605898 -1 -0.139522 -0.682275 -1 -0.180009 -1 -0.656458 -0.790423 -1 -1 0.289895 0.0541681 0.939949 0.554662 -1 1 -0.215616 -0.23713 0.919146 -0.740893 -0.204027 0.476402 0.914721 -0.93467 -1 
0.661674 -0.354609 -0.25643 0.600499 -0.252842 -0.491658 -0.217318 -0.492189 -0.394688 -0.908102 0.290688 -0.808962 -1 -1 -0.0883063 -0.0208852 0.319225 0.233045 0.514171 -0.325779 -0.45539 -0.196624 -0.0529149 -1 0.464027 -1 -0.403927 -0.69131 -1 -1 -0.646634 0.860294 -1 0.659858 0.139759 -1 -0.19827 -0.311186 -0.628734 -0.778064 0.125339 -0.982072 -1 -0.38996 -1 0.14895 -1 0.640633 0.668721 0.102879 -0.577207 -1 -1 0.00952661 -0.587097 0.558529 -0.517946 -0.0100944 -1 -0.241768 -0.963421 -1 -1 0.511248 -0.109185 -0.659422 -0.428231 -0.781223 -0.726271 -1 -0.247464 0.5205 -0.997195 0.87493 -0.614085 -1 -1 0.348778 -0.9309 -0.945528 0.689338 0.353062 -0.835277 0.254968 0.330835 -1 0.0305618 -1 -1 -1 0.196635 -0.840462 0.393769 -0.882928 0.150265 -1 -0.890107 -0.431956 -0.675956 0.513447 -1 -0.366042 -0.83824 -0.244913 -0.775168 -1 -0.608889 0.445472 0.631081 0.332724 -0.884427 -1 -0.632043 -1 -0.139522 -1 -1 -0.180009 -1 -1 -0.790423 -1 -0.56133 0.0591363 0.0541681 0.939949 0.554662 -1 1 -0.421302 -0.0422728 0.835026 -0.740893 -1 0.639308 0.732298 -0.0656093 -1 
0.661674 -1 -0.833901 -0.760821 0.0195225 -0.167484 -1 -0.167463 0.256146 -0.555926 -0.632036 -1 -1 -1 -0.46315 0.131586 0.43133 0.0920997 0.514171 -1 -0.0255944 0.115608 0.232509 -0.954516 0.0448192 -1 -0.45004 -0.45268 -0.8166 -1 -1 0.801477 -0.793262 0.659858 -0.00163397 -0.203532 -0.824976 -0.277314 -0.637454 0.244121 -0.551371 -0.715924 -0.959535 -0.38996 -0.0184389 -0.898622 -1 0.896715 0.145727 0.0563219 -0.577207 -0.970253 -0.699436 -0.381744 -0.445651 0.998083 -1 -1 -1 -0.361013 -0.459746 -1 -0.710145 0.511248 0.550723 -0.948588 -0.838503 -0.706865 -0.649593 -1 -1 0.226526 -1 0.166246 -1 -0.501274 -1 -1 -1 -1 0.74659 0.183145 -0.259625 -0.626414 0.0938389 -0.974851 -0.722619 -0.940176 -1 -0.953595 -0.629871 -1 0.758153 -0.34173 -0.0586399 -1 -1 -0.995421 -1 -0.871433 -0.544025 -0.210984 -1 -1 -1 -1 -0.722021 -0.119638 0.631081 -0.28778 -1 -1 0.0373031 -1 0.0612963 -1 -1 -0.180009 -0.613212 -0.876167 -0.790423 -1 -1 -0.666758 -0.424229 -0.05493 0.430705 -1 0.76921 -0.397854 -0.933524 1 -1 -0.121062 0.639308 0.732298 -0.637658 -1 
-1 -0.814809 -1 -1 0.00446311 -1 -1 -0.90052 -0.609791 -0.651599 -1 -0.621453 -1 -1 -1 0.079282 -0.548709 1 -0.575772 -1 -1 1 0.450462 -0.887183 -1 -0.660715 -0.524556 -1 -1 -0.591047 -0.45212 -1 -1 -1 -0.496195 -0.834284 -0.303446 0.498619 0.106325 -1 -1 0.273696 -0.0160127 -1 -0.350388 0.195153 -0.478933 -0.901598 -1 -0.872929 -0.369621 -1 -1 -0.899625 -1 -0.645678 -0.737696 -1 0.0666295 -1 -0.318343 -0.961656 -1 -0.718062 -1 0.0523632 -1 -1 0.451624 -1 -0.481683 -0.702872 -1 -1 -0.248661 -1 -1 -1 -0.433831 0.0460016 0.994336 -1 -0.713428 -1 -0.563335 -0.106637 -0.0941595 -1 -1 0.281032 -0.938548 -1 -0.869096 -0.840874 -0.409808 -0.535625 -1 -1 -1 0.821606 -1 -1 -1 -1 -0.810971 0.515406 -0.775822 -0.934484 -0.805101 -1 1 -1 -0.0357778 0.77151 -0.871595 -1 -1 -0.629417 -0.47343 0.0750806 -0.8373 0.418919 -1 -0.451514 -1 -1 -0.765072 -1 -1 -1 -1 -1 -1 0.780099 0.283379 0.40304 0.582724 -1 
-1 -1 -1 -1 0.00446311 -1 -1 -0.90052 -0.609791 -1 -1 -0.621453 -1 -1 -1 -0.0722603 -0.548709 1 -0.575772 -1 -1 0.946129 -0.139511 -0.887183 -1 -0.660715 -0.524556 -1 -1 -1 -1 -1 -1 -1 -0.496195 -0.834284 -1 0.498619 0.106325 -0.851077 -1 0.273696 -0.0160127 -1 -0.350388 0.195153 -0.478933 -1 -0.895348 -0.872929 -0.997437 -1 -1 -0.899625 -1 -0.645678 -0.503986 -1 0.0666295 -1 -0.318343 -0.961656 -1 -1 -1 0.0523632 -1 -1 0.649063 -1 -0.110863 -0.702872 -1 -1 -0.248661 -1 -1 -1 -0.433831 0.0460016 0.948289 -1 -0.739967 -1 -0.850169 -0.106637 -1 -1 -1 0.281032 -1 -0.665679 -0.869096 -0.840874 -0.409808 -1 -1 -1 -1 0.544422 -0.845849 -1 -1 -1 -0.851037 0.515406 -0.775822 -1 -0.805101 -1 1 -0.760846 -0.0357778 1 -0.871595 -1 -1 -0.664343 -0.47343 0.10409 -0.8373 0.647174 -1 -0.451514 -1 -1 -1 -1 -1 -1 -1 -1 -1 0.692932 -0.0948699 0.40304 0.582724 -1 
0.313618 -0.388821 -0.395536 1 -0.107651 -0.488206 -0.657994 0.144002 -0.237041 -1 0.499769 -0.698271 -0.722543 -1 0.25992 -0.349013 0.207291 0.0652459 -0.142218 -0.0616471 -0.0456283 -0.151917 0.329626 -0.76224 0.817175 -0.283887 -1 -0.870943 -0.917686 -1 -0.867529 0.846879 -1 -0.613839 0.467357 -0.102404 0.311013 -1 -0.486259 0.602231 0.244278 -0.610923 -1 -0.38996 0.0355629 0.593223 -1 0.709533 -0.476592 -0.300818 -0.218976 -1 -1 -0.986702 -1 0.998083 -0.349721 -0.583622 -0.937879 -1 -1 -0.184889 -0.822255 -0.364635 0.171154 -0.962891 -0.714883 -0.845178 -1 -0.798618 0.213436 0.53559 -0.833943 0.1074 -0.929477 -0.744439 -1 0.711301 -1 -0.398691 0.480516 0.901118 -0.587826 -1 -0.292113 -1 -0.409878 -1 -1 -1 0.938807 -0.953653 0.236519 -0.29146 0.246654 0.842625 -0.313042 -0.951647 -0.54144 -0.716913 -1 -0.618517 -1 -0.828402 -0.65718 -0.555639 -1 -0.0209297 0.625967 1 -0.319315 -0.719188 0.707369 -1 -0.0846878 -0.812377 -0.364417 -0.214362 -1 -0.636588 -1 -1 -1 0.289895 -1 -0.246395 0.370086 -0.885615 0.25781 -1 0.371117 0.317944 -1 0.429632 0.627552 0.732298 0.0901286 -0.828772 
1 -0.0541666 -1 0.84206 0.741711 -1 -0.217318 0.133433 -0.123042 -0.642738 0.824719 -0.974785 -1 -1 0.25992 0.137128 0.319225 0.141883 0.514171 -0.847547 0.283303 0.297584 -0.711063 -1 -0.928735 -0.283887 -0.54941 -1 -1 -1 -1 -1 -1 -0.354784 -0.4246 -0.249643 -0.19827 -1 -0.628734 -1 0.252334 -0.935548 -1 -0.488604 0.172195 0.196332 -0.876785 -1 -0.0360316 0.171125 -1 -1 -1 -0.24276 -0.685245 0.847109 -0.457705 -0.75197 -0.678765 -0.399299 -0.459746 -0.457951 -0.240157 0.511248 0.666687 -1 -0.21894 -1 -0.726271 -0.996737 0.000440866 0.5205 -1 -0.127853 -1 -1 -0.84493 0.348778 -0.9309 -0.973366 0.540596 1 -0.259625 -1 0.0938389 -1 -1 -0.480075 -1 -0.891201 -0.899831 -1 0.00802326 -0.618575 -0.203197 -1 -1 -1 -1 -0.705794 -0.939794 -0.864688 -1 -0.605868 -1 -0.688861 -1 0.445472 0.799858 -0.699631 -1 -0.671438 -0.197495 -0.963207 0.00075537 -0.848329 -0.620134 -0.714275 -1 -0.505609 -1 -1 -1 0.289895 -0.773181 0.963034 0.656633 -1 -1 -0.305476 -0.643138 0.527404 -1 0.341648 0.296644 0.173639 -1 -0.95913 
0.964623 -0.476278 -0.792298 0.282486 0.280376 -1 -0.712097 0.0199089 -0.123042 -0.390459 0.499769 -1 -0.9029 -0.926652 -0.737956 -1 -0.527159 -1 0.514171 -1 -0.144965 0.551018 0.0399298 -0.76224 -0.185976 -1 -0.934721 -0.417873 -0.809885 -0.756295 -0.637443 0.742728 -1 0.483044 0.0875733 -1 -0.0259508 -0.363107 -0.606255 -1 0.232236 -1 -0.948581 -0.38996 -0.529794 0.101318 -0.36291 1 0.569956 -0.229493 -1 -1 -1 -0.587484 -0.587097 -0.0137585 -1 -0.0100944 -0.910065 -0.172136 -0.19179 -0.853392 -1 0.727192 -1 -1 -1 -1 -0.825886 -1 0.0437497 0.5205 -1 -0.130345 -0.614085 -0.744439 -0.850618 -1 -1 -1 0.178578 0.901118 -0.259625 0.211845 -0.201839 -1 -0.291858 -1 -1 -0.948979 -0.435942 -0.910707 -0.371324 -1 -0.0965519 -1 -1 -0.431956 -1 0.532131 -1 -1 -1 -0.203816 -0.775168 -1 -0.706782 -1 0.318859 0.0165356 -0.851114 -0.807995 -0.853725 -0.98091 -0.139522 -0.894075 -1 -0.359823 -1 -0.33382 -1 -1 -1 0.309714 -0.689896 -0.16501 -0.780145 -1 1 -1 -0.672078 0.773221 -0.740893 -0.916239 -0.0694035 0.176589 -1 -1 
-1 -0.814809 -1 -1 0.00446311 -1 -1 -0.90052 -0.218203 -0.651599 -1 -1 -1 -1 -1 0.079282 -0.548709 1 -0.575772 -1 -1 1 0.450462 -0.887183 -1 -0.660715 -0.524556 -1 -1 -0.294288 -0.45212 -1 -0.716757 -1 -0.496195 -0.834284 -0.303446 0.498619 0.106325 -1 -1 0.273696 -0.0160127 -1 -0.350388 0.00949039 -0.478933 -1 -1 -0.872929 -0.369621 -1 -1 -1 -1 -0.645678 -0.737696 -1 0.0666295 -1 -0.318343 -0.577768 -1 -0.718062 -1 0.0523632 -1 -0.667094 0.451624 -1 -0.481683 -0.702872 -1 -1 -0.248661 -1 -0.997798 -1 -0.433831 0.0460016 0.994336 -1 -0.713428 -0.682295 -1 -0.106637 -0.0941595 -1 -1 0.281032 -0.938548 -1 -0.869096 -0.840874 -0.436457 -0.535625 -1 -1 -1 0.821606 -1 -0.690804 -0.76101 -1 -0.810971 0.515406 -0.775822 -0.934484 -0.805101 -1 1 -1 0.348608 0.77151 -0.871595 -1 -1 -0.629417 -0.47343 0.0750806 -0.8373 0.418919 -1 -0.451514 -1 -1 -0.702836 -1 -0.623423 -1 -0.860132 -1 -1 0.31469 0.283379 0.40304 0.582724 -1 
0.661674 0.305332 -0.77158 0.354086 0.641609 -0.255999 -0.217318 0.0677744 -0.458186 -0.555926 -0.290341 -0.808962 -1 -1 0.38595 -1 0.560507 -0.718873 -0.286954 -0.47359 0.2807 0.606194 0.232509 -1 0.247277 -0.283887 -0.45004 -1 -0.809885 -0.876857 -0.986855 0.577549 -1 0.519162 -0.467687 -0.249643 -0.905361 -0.162824 -0.628734 -0.433996 -1 -0.982072 -1 -0.38996 -0.199478 0.101318 -0.740762 0.616699 0.597873 0.171125 -0.577207 -0.898732 -0.609951 0.00952661 -0.986523 0.153711 -1 -0.0100944 -1 -0.172136 -0.459746 -1 -0.469381 0.511248 0.172449 -1 -0.524614 -0.968162 -1 -1 -0.838845 0.520107 -1 0.87493 -0.614085 -0.797371 -1 0.348778 -1 -1 0.689338 0.0418703 -0.259625 0.254968 0.0938389 -0.974851 0.0305618 -0.729853 -0.950971 -1 -0.839764 -1 0.393769 -1 -0.724109 -1 -1 -0.431956 -1 0.513447 -0.717798 -0.210984 -1 -0.873715 -1 -1 -0.608889 0.445472 0.403665 0.410432 -0.851114 -1 -1 -1 -0.139522 -1 -1 -0.214217 -1 -0.958638 -0.790423 -1 -1 0.289895 -0.355142 0.758175 0.656633 -1 0.395253 -0.641159 0.160197 -0.245342 -0.680015 -0.204027 -0.121758 0.732298 -0.544962 -1 
0.964623 -0.476278 -0.792298 0.84206 0.280376 -1 -0.712097 0.0199089 -0.123042 -0.390459 0.499769 -1 -1 -0.926652 0.25992 -1 -0.527159 -0.246134 0.514171 -1 -0.172327 0.551018 0.0399298 -0.76224 -0.185976 -1 -0.45004 -0.417873 -0.809885 -1 -0.637443 0.742728 -1 0.483044 -0.189204 -0.67491 -0.19827 -0.363107 -0.606255 -0.28353 0.232236 -0.982072 -0.773942 -0.38996 -0.0184389 0.101318 -0.506026 1 0.213798 -0.229493 -1 -1 -1 -0.587484 -0.587097 0.998083 -1 -0.0100944 -1 -0.172136 -0.19179 -0.853392 -1 0.727192 -0.582677 -1 -1 -1 -0.825886 -1 0.0437497 0.5205 -1 0.87493 -0.614085 -0.744439 -0.850618 -0.113169 -0.918278 -1 0.178578 0.901118 -0.259625 0.211845 0.0938389 -1 -0.291858 -1 -1 -0.948979 -0.435942 -0.910707 -0.0785294 -0.716785 -0.0965519 -1 -0.612862 -0.431956 -1 0.532131 -1 -0.210984 -1 -0.203816 -0.775168 -1 -0.706782 -1 0.318859 0.729438 -0.851114 -0.807995 -0.705166 -0.98091 -0.139522 -1 -1 -0.359823 -1 -0.33382 -1 -1 -1 0.309714 -0.689896 -0.16501 -0.00963321 -1 1 -1 0.222289 0.773221 -0.740893 -0.916239 -0.0694035 0.176589 -1 -1 
-0.308362 -0.0541666 -0.831601 0.232325 1 -0.167484 -1 -1 -1 -0.252446 0.0605295 -0.808962 -1 -1 0.25992 -0.128676 0.319225 -0.782028 0.514171 -0.312024 0.150532 -0.234107 0.232509 -1 -0.530457 -0.283887 -1 -0.935826 -0.896951 -0.915029 -0.825177 0.860623 -0.637904 0.621202 -0.237825 -0.249643 -0.19827 -1 -0.628734 -1 0.232236 -1 -1 -0.435145 -0.990426 -1 -1 0.616699 0.597873 -0.0995821 -0.577207 -0.624586 -1 0.155124 -1 0.709774 -0.639327 -0.203436 -0.821479 -0.172136 -1 -1 0.00507505 0.318123 0.172449 -0.763739 -1 -0.781223 -1 -1 0.234073 0.716557 -1 -0.304596 -0.614085 -1 -1 -0.364911 -1 -1 0.689338 1 -0.422373 0.218715 0.0938389 -0.974851 0.0305618 -0.729853 -1 -0.948979 0.196635 -1 0.393769 -1 0.246654 -1 -1 -0.413639 -1 0.88701 -0.782064 -0.210984 -1 -0.40689 -1 -1 -0.933798 0.445472 0.403665 1 -1 -0.807995 -1 -0.996869 -0.139522 -1 -0.778849 -0.214217 -1 -1 -0.790423 -0.873903 -1 0.289895 -0.355142 0.939949 0.55695 -0.662643 0.395253 -0.421302 -0.654362 0.773221 -0.476447 -0.204027 -0.385316 0.732298 -0.0600414 -1 
0.661674 -0.0541666 -0.25643 0.84206 0.385545 -0.167484 -0.952142 -0.634312 -0.406041 -1 0.0605295 -0.808962 -1 -1 0.622543 -0.0225953 0.319225 0.141883 0.514171 -0.457552 -0.209435 -0.417806 0.232509 -1 0.464027 -0.15245 -0.45004 -1 -0.896951 -1 -0.825177 0.860294 -1 0.621202 -1 -0.249643 0.12324 -0.362497 -1 -0.257103 0.232236 -0.824862 -1 -0.38996 -0.507445 0.0845878 -1 0.616699 0.597873 0.171125 -0.577207 -1 -1 0.00952661 -0.986523 0.908135 -0.784613 -0.0100944 -1 -0.172136 -0.459746 -0.774003 -0.157429 -0.506452 0.172449 -0.763739 -1 -0.781223 -1 -1 -0.392915 -0.248129 -1 0.896847 -0.614085 -0.744439 -1 -1 -0.980401 -1 -0.203565 0.901118 -0.896047 0.728381 0.0938389 -0.974851 0.0305618 -0.729853 -1 -1 -0.583681 -1 0.728946 -1 0.246654 -0.938261 -1 -0.413639 -1 0.585457 -0.63167 -0.210984 -1 -0.40689 -1 -1 -1 0.445472 0.403665 0.462077 -1 -0.807995 -1 -1 -0.36095 -1 -0.921124 -0.214217 -1 -0.505609 -0.790423 -0.816833 -1 0.289895 -0.355142 0.939949 0.55695 -1 0.395253 -0.421302 0.281469 0.773221 -0.740893 -0.204027 0.469292 0.732298 -0.295787 -1 
-0.517895 -0.0915014 -0.414668 0.836189 0.427722 -0.723088 -0.746211 0.0908059 -1 -0.650184 0.065661 -1 -1 -1 0.25992 -0.206294 0.410872 -0.160556 0.415592 -1 0.0342197 -0.0117956 -0.205147 -0.76224 0.458745 -0.46598 -0.45004 -0.417873 -1 -1 -1 0.165745 -1 0.302754 -0.218627 -0.249643 -1 -1 -0.628734 0.108565 0.531444 -0.647662 -0.539124 -0.109973 -0.077717 0.10958 -0.740762 1 0.597873 0.171125 -1 -1 -1 0.296191 -0.587097 1 -0.639327 -1 -1 -0.207471 -0.459746 -0.774003 -0.573343 0.511248 0.460495 -0.908371 -1 -0.965964 -0.726271 -1 0.0437497 -0.573963 -0.658671 0.849542 -0.614085 -0.658994 -1 0.265344 -0.9309 -1 -0.384789 -0.641724 -0.777593 0.254968 0.0938389 -0.974851 -0.291858 -1 -1 -0.948979 -0.245725 -0.420832 0.107941 -1 -1 -1 -1 -0.431956 -1 -0.736815 -1 -0.210984 -1 -0.40689 -0.515684 -1 -1 -1 0.318859 -0.339998 -0.851114 -0.807995 -0.64533 -1 -1 -1 -1 -0.625921 -1 -1 -0.979239 -1 -0.192394 -0.0337709 -0.492089 0.939949 -0.989483 -1 1 -0.675868 0.184422 0.113217 -0.740893 -0.590381 0.740216 0.517764 -0.427316 -1 
0.717879 -0.667651 -1 0.0726981 0.114546 -0.701205 -1 0.0677744 -1 -1 0.0934492 -0.836517 -0.940647 -1 -0.0883063 -0.73411 -0.204904 -1 -0.331652 -1 -1 -1 -0.884282 -0.502181 0.493018 -0.16106 -1 -1 -0.809885 -0.622259 -0.707572 -1 -1 0.204915 -0.547056 -1 -1 -0.849086 -0.177448 -1 0.271686 -1 -1 -1 -0.916703 0.101318 -1 1 0.422064 0.171125 -0.693983 -0.982784 -1 -0.506181 -0.698133 -0.947517 -0.639327 -0.0100944 -1 -1 -0.763286 -1 -0.959234 0.0181203 -1 -0.235564 -1 -1 -0.926905 -1 -1 1 -1 1 -1 -1 -1 -1 -1 -1 0.436978 -0.35855 -0.436863 -0.594951 -0.18631 -0.990055 0.0398031 -0.966057 -0.66281 -1 -1 -0.923947 0.393769 -0.618575 -1 -0.943328 -1 -0.431956 -1 -1 -1 -1 -1 -0.356911 -1 -1 -0.608889 0.445472 0.490928 -0.314811 -1 -0.684978 -1 -0.841835 -0.646856 -1 -0.955406 -0.646545 -1 -1 -1 -1 -1 -0.0451941 -0.144969 0.904859 0.656633 -1 1 -0.0304008 -1 0.985574 -0.950795 -0.251028 0.710853 0.27328 -1 -0.453286 
0.914075 -0.47157 -0.586704 0.515794 0.588807 -1 -0.835489 0.133433 0.00928387 -0.879988 0.671529 -1 -1 -1 0.25992 -0.0208852 0.319225 -0.96125 -0.393842 -1 0.283303 0.606194 -0.711063 -0.76224 -0.346745 -0.244332 -0.839592 -1 -0.874919 -1 -0.59835 -0.241276 -0.629921 0.107937 -0.4246 -0.868089 -0.19827 -0.994338 -0.628734 -0.782261 0.46139 -0.935548 -1 -0.521415 0.172195 0.196332 -0.955871 -1 -0.0360316 -0.172818 -0.802728 -1 -1 0.037102 -0.933246 0.597305 -0.818718 -0.622045 -0.865817 -0.300927 -0.690058 -0.457951 -0.441195 0.511248 0.666687 -1 -1 -1 -0.726271 -1 -0.363134 0.5205 -0.667306 -0.127853 -0.614085 -0.616321 -1 0.731248 -1 -1 0.115469 1 -0.200564 -0.299371 0.0938389 -0.763979 -1 -0.366763 -1 -1 -0.676762 -1 0.358005 -0.618575 -0.203197 -1 -1 -1 -1 -0.968577 -1 -0.864688 -0.739745 -0.40689 -1 -1 -1 0.445472 0.488931 -0.525222 -1 -1 -1 -1 -0.0846878 -1 -0.453826 -0.549394 -1 -0.505609 -1 -1 -1 0.528791 -1 0.975754 0.656633 -1 -0.763807 -0.305476 -1 0.773221 -1 -0.640993 0.639308 0.470438 -0.0656093 -0.712136 
-0.922776 -1 -0.164556 -1 -0.772215 -0.388286 -0.916898 -1 -0.748839 -1 -0.322356 -0.0581679 -0.247509 -0.559322 -1 0.263637 -1 -0.699084 -0.261615 -1 -0.915287 -1 0.202686 -1 -1 -1 -0.440605 -0.655662 -1 -1 -1 -0.588161 -1 -0.438934 -0.145545 -1 0.0491799 -0.380233 0.269971 -1 -1 -0.386909 -1 -1 -1 0.640119 0.177143 -1 -0.892942 -0.433679 -1 0.167996 -0.266534 -0.0256094 -0.733463 -1 -0.968664 -1 -1 -1 -0.637909 -1 -1 0.413499 -0.425508 -1 -1 -1 0.863171 -1 -0.095336 0.843575 -0.947788 -0.406391 -0.0943481 -0.853436 -1 -1 -1 -1 -0.543693 -1 -0.900752 -1 -0.99273 -0.846106 -1 -1 0.27593 -1 -1 -1 -0.756573 0.0234709 -0.266534 -0.931997 -1 -1 -1 -0.78451 -1 -1 -1 -1 -1 0.276069 -1 -1 -1 -1 0.753587 -1 0.148015 0.629193 -1 -1 -1 -0.589281 0.576404 0.0358436 -0.326358 0.384398 -1 -1 -0.432213 -1 -0.4217 -0.473131 -1 -1 -1 -1 -0.249985 0.652834 -0.560658 -0.102398 -0.896701 -0.776942 
-0.304914 -1 -1 0.944662 -0.252842 -0.570513 -0.957772 -0.0278119 -0.304841 -0.546173 -0.608817 -0.808962 -1 -1 -0.681113 0.0809611 -0.386335 -1 0.514171 -1 -1 -0.388508 -0.0529149 -0.85151 -0.217563 -1 -0.295912 -0.69131 -0.444723 -0.998865 -1 0.265776 -1 0.659858 -1 -1 -1 -0.470518 -1 -0.44444 0.125339 -1 -1 -0.378801 -1 0.101318 -0.66765 0.726762 -1 0.171125 -0.723672 -1 -1 -0.707521 -1 0.305161 -1 -1 -0.870702 -0.959585 -1 -1 -1 0.0458939 -0.407481 -1 -1 -0.857631 -0.96804 -1 0.0146011 -0.156904 -1 -0.181573 -1 -1 -1 -0.797955 -1 -1 -0.188325 1 -0.934068 0.131819 0.330835 -1 0.0305618 -1 -0.623356 -1 -0.298566 -1 0.538044 -1 -0.274765 -1 -1 -0.799455 -0.675956 -1 -0.625045 -0.492846 -1 -0.366616 -1 -1 -1 0.368121 -0.749106 0.790401 -1 -1 -0.953888 -1 -0.139522 -0.517782 -0.835545 -0.180009 -1 -0.800202 -0.790423 -1 -1 0.289895 -0.131713 0.812675 0.13712 -1 0.861841 -0.421302 -0.23713 0.664866 -0.740893 -0.204027 -0.0872014 0.765203 -0.0656093 -1 
-1 -0.743019 -1 -1 -1 1 -1 -0.864988 -1 -1 -1 -0.805868 -0.25166 -1 -1 -1 -1 0.847839 0.298912 -1 -1 1 -1 -0.281613 -0.654075 -1 -1 -0.87623 -1 -1 -1 -1 -1 -1 0.416658 -1 0.321451 0.313964 -0.0649664 -0.907711 -1 -1 -0.0186573 -1 -1 -1 -1 -1 -1 -1 -1 -0.987767 -0.810079 -1 -0.661009 -1 -1 -1 -0.892318 -1 -1 -1 -1 -0.803483 -1 -0.910769 -1 0.813688 -0.31616 -0.957864 -0.898627 -1 -0.712634 -1 -1 0.0981899 -1 -1 -1 0.194596 -1 -0.874582 0.536731 -0.827854 -0.29125 -0.641044 -1 -0.827841 -1 -0.680423 -0.851372 -1 -0.497911 -1 -1 -1 -0.986117 -1 -1 -1 -0.982259 -1 -1 -1 -1 1 -1 -1 -1 0.0640763 -0.328514 -1 -0.922875 0.881269 -0.907558 -1 -0.541809 -1 0.445145 -0.642246 0.486975 0.273448 -1 -1 -0.823227 -1 -1 1 -1 -1 -1 -1 -0.0709915 1 -0.766094 -1 -1 -1 
0.661674 -0.785839 -0.317874 0.109299 -0.408622 -0.0550129 -0.445682 -0.167463 0.256146 -1 -0.235407 -0.853296 -1 -1 -0.708088 0.131586 0.43133 0.141883 0.504331 -0.457552 -0.0255944 0.444997 0.232509 -1 -0.829576 -0.283887 -0.45004 -0.45268 -1 -1 -1 0.860294 -1 0.0212008 -1 -0.0704438 0.202942 -0.497562 -0.934792 0.244121 0.14943 -0.982072 -1 -0.312792 -0.0753444 0.227378 -1 0.657362 0.597873 0.171125 -0.577207 -0.947717 -1 0.00952661 -0.713342 0.998083 -0.349721 -0.0100944 -1 -0.635782 -1 -1 -0.499415 0.511248 0.550723 -1 -1 -1 -1 -0.993653 -0.979122 0.205896 -1 0.576863 -1 -1 -1 -0.717982 -1 -1 0.654595 0.12002 -0.505307 -0.445905 -1 -1 -0.310969 -0.729853 -1 -0.975101 0.300378 -1 -0.281709 -0.618575 -0.0415986 -1 -1 -0.796256 -1 -0.252233 -0.625045 -0.757214 -0.739745 -1 -0.902672 -0.902616 -0.823932 0.499399 0.631081 1 -1 -1 -0.197495 -0.977906 -0.0846878 -1 -1 -0.180009 -0.989749 -0.438927 -0.790423 -0.823728 -0.507915 -0.110162 -0.424229 -0.05493 0.656633 -1 0.707524 -1 -1 0.928997 -1 -0.550292 0.639308 0.732298 -0.308761 -1 
-0.425531 -0.0541666 -0.25643 0.944662 -0.15832 -0.665644 -0.217318 0.132083 -0.123042 -1 -0.191575 -1 -0.914819 -1 -1 -0.0208852 0.319225 -1 0.537104 -1 -0.272266 -0.865327 -0.849192 -1 0.787005 -1 -0.45004 -0.745048 -1 -1 -0.989054 0.383554 -1 0.0896077 -0.63641 -1 -0.925421 -0.497562 -0.628734 -1 -0.00828305 -0.982072 -1 -1 -0.700987 0.101318 -1 0.770529 0.656429 0.171125 -0.373075 -0.606252 -1 -0.33733 -0.587097 0.909849 -0.937026 0.0279119 -0.653148 -1 -0.451804 -1 -1 0.825891 -0.230018 -1 -0.428231 -0.549933 -1 -1 -0.479129 0.301679 -1 0.169451 -1 -1 -1 0.348778 -1 -1 0.497975 0.508334 -0.151538 -0.206111 0.330835 -0.974851 -0.685198 -1 -0.929977 -0.854724 -0.746848 -1 -0.150988 -0.618575 0.126871 -1 -1 -1 -1 -0.396708 -0.625045 -1 -1 -1 -1 -0.764037 -0.608889 0.445472 1 1 -1 -1 -0.705691 -1 -0.139522 -1 -1 -0.180009 -1 -1 -0.790423 -0.636337 -0.835194 -0.194397 -1 1 -0.472822 -0.880361 1 -0.421302 -0.55066 0.773221 -0.740893 -0.00308332 -1 0.680594 -1 -1 
-0.425531 -0.0541666 -0.25643 0.944662 -0.15832 -0.599892 -0.413733 0.132083 -0.123042 -1 -0.0238676 -1 -0.914819 -1 -1 -0.0208852 0.319225 -1 0.537104 -0.902933 -0.0255944 -0.865327 -1 -1 0.578193 -1 -0.45004 -0.745048 -1 -1 -0.989054 0.860294 -1 0.659858 -0.346588 -1 -0.236443 -0.497562 -1 -1 -0.00828305 -0.982072 -1 -1 -1 -0.118444 -1 1 0.656429 -0.22123 -0.577207 -1 -1 0.00952661 -0.587097 0.909849 -1 -0.949877 -1 0.188652 -1 -1 -0.831702 0.236562 -0.230018 -0.87898 -0.373814 -0.426802 -1 -1 -1 0.88691 -1 0.203388 -0.976425 -1 -1 0.348778 -1 -1 0.367675 0.323858 -0.259625 -0.912362 0.312559 -0.974851 -0.920586 -1 -1 -1 0.196635 -1 -0.235309 -0.618575 0.270671 -1 -1 -1 -1 -0.678548 -0.416478 -1 -1 -1 -1 -0.764037 -0.608889 0.564875 -0.256896 0.336589 -1 -1 -0.956226 -1 -1 -0.929021 -0.824467 -0.962106 -1 -0.505609 -1 -1 -0.835194 -0.194397 -0.268909 1 -0.0526132 -0.880361 1 -1 -0.55066 0.773221 -1 -0.722231 -0.393201 0.680594 -0.736599 -1 
-1 -1 -0.164556 -0.60901 -0.734161 0.579782 -0.916898 -1 0.301884 -1 -0.299782 -0.0581679 -0.247509 -0.557364 -0.633005 0.0164109 -0.430774 0.979782 -0.987115 -0.418007 -0.773711 -0.452894 -0.293999 -0.764628 -0.438346 -1 -0.440605 -0.655662 -0.152362 -0.644042 -1 -1 -1 -0.661858 -0.145545 -1 0.694323 0.680704 0.269971 -1 -1 0.376584 -1 -1 -0.350388 1 -0.471572 -0.673319 -0.892942 -0.433679 -1 -0.0430738 0.408111 0.011799 -0.513133 -1 -0.170899 -1 -1 -0.940722 -0.799965 -1 -1 0.273906 -0.425508 0.0523632 -1 -1 0.976011 -1 -0.095336 0.706073 -0.971639 -0.406391 -0.331884 0.849255 -1 -0.973827 -1 -1 0.318577 -1 -1 -1 -0.515746 -0.835488 -0.0941595 -1 0.0731077 -1 -1 -0.859214 -1 0.0234709 -0.357576 -0.653233 -1 -1 -1 -1 -1 -1 -1 -1 -1 0.352546 -0.792088 -1 -1 -0.924523 0.753587 -0.864457 0.148015 0.716345 -1 -1 -1 -0.93956 0.576404 0.0358436 0.221562 0.335093 -1 -1 -1 -1 -0.835594 -0.473131 -1 -1 -0.976537 -1 -0.0283524 -0.0768718 0.0472443 0.469409 -1 -0.227014 
-1 -0.814809 -1 -1 -0.64966 -1 -1 -0.90052 -0.609791 -0.651599 -1 -0.621453 -1 -1 -1 -0.0722603 -1 1 -0.575772 -1 -1 1 0.450462 -0.887183 -1 -0.660715 -0.524556 -1 -1 -0.591047 -0.45212 -1 -1 -1 -0.496195 -0.645736 -0.303446 -0.0566103 0.106325 -1 -1 0.273696 -0.0160127 -1 -0.350388 0.195153 -0.478933 -0.901598 -1 -0.872929 -0.369621 -1 -1 -0.899625 -1 -0.645678 -0.737696 -1 0.0666295 -1 -0.318343 -1 -1 -1 -1 0.0523632 -1 -1 0.451624 -1 -0.481683 -0.702872 -1 -1 -0.248661 -1 -1 -1 -1 0.0460016 1 -1 -0.713428 -1 -0.563335 -0.106637 -0.385988 -1 -1 0.604486 -0.938548 -1 -0.869096 -0.840874 -0.409808 -0.535625 -1 -1 -1 0.544422 -1 -0.844857 -1 -1 -0.851037 0.515406 -0.775822 -0.934484 -0.805101 -1 1 -1 -0.0357778 1 -0.871595 -0.71956 -1 -0.629417 -0.47343 -0.493088 -1 0.486488 -1 -0.451514 -1 -1 -1 -1 -1 -1 -1 -1 -1 0.780099 0.283379 0.40304 0.582724 -1 
0.534281 -1 -1 0.391786 0.427722 -0.167484 -0.92907 0.0199089 -0.123042 -1 0.499769 -1 -1 -0.772157 0.0134743 -1 0.59005 -0.798411 -0.65782 -1 -0.172327 0.359104 0.232509 -0.927391 0.464027 -0.224433 -0.45004 -0.417873 -1 -1 -1 0.890998 -0.600575 0.483044 -0.925675 -0.249643 -0.306559 -0.363107 -1 -0.243938 0.232236 -0.982072 -1 -0.38996 -1 -0.13358 -0.740762 1 0.597873 0.269323 -0.559993 -1 -0.855944 -0.349999 -0.879995 0.998083 -1 0.0177562 -1 -0.374259 -1 -1 -0.830946 0.0292358 0.29135 -1 -1 -0.781223 -0.858373 -1 0.174216 0.11291 -1 0.896544 -0.56745 -1 -0.850618 -0.113169 -0.9309 -1 -0.100991 0.901118 -0.259625 0.254968 -0.118332 -0.974851 -0.291858 -0.86477 -1 -1 -0.245725 -1 0.393769 -0.372689 -0.0965519 -1 -0.612862 -0.431956 -1 0.532131 -0.704557 -0.611698 -1 -0.203816 -1 -1 -0.713916 0.215567 0.318859 0.879789 -1 -0.807995 -1 -1 -1 -1 -1 -0.180009 -1 -1 -1 -1 -1 -0.220374 -0.286306 0.294877 0.179488 -1 1 -1 0.597281 0.773221 -1 -1 0.740216 0.517764 -0.0656093 -1 
-1 -0.814809 -1 -1 0.00446311 -0.622908 -1 -0.90052 -0.624769 -0.83258 -1 -0.621453 -1 -1 -1 -0.156278 -0.23368 1 -0.575772 -1 -1 1 1 -0.887183 -1 -0.660715 -0.524556 -0.876463 -1 -0.591047 -0.45212 -1 -1 -1 -0.496195 -0.834284 -0.303446 0.481026 0.106325 -1 -1 0.112339 -0.0160127 -1 -0.695988 0.195153 -0.478933 -1 -1 -1 -0.369621 -1 -1 -0.899625 -1 -0.645678 -0.737696 -1 0.121011 -1 -0.974693 -0.961656 -1 -0.718062 -1 0.370174 -1 -1 -0.718061 -1 -0.481683 -0.702872 -1 -1 -0.248661 -1 -0.694368 -1 -1 -0.500431 0.994336 -1 -1 -1 -0.563335 -0.215996 -0.0941595 -1 -1 -0.67429 -0.938548 -1 -1 -0.840874 -1 -0.535625 -1 -1 -1 0.392797 -1 -1 -1 -0.764753 -0.810971 0.515406 -0.775822 -0.934484 -0.805101 -1 1 -1 -0.275208 0.77151 -0.871595 -1 -1 -0.629417 -0.756028 0.0750806 -0.8373 0.418919 -1 -0.127579 -1 -1 -0.765072 -1 -0.622855 -1 -1 -1 -1 0.780099 0.283379 0.40304 0.582724 -1 
0.661674 -0.553687 -0.97341 0.429992 0.427722 0.0409754 -0.746211 0.0199089 -0.123042 -0.390459 0.629228 -1 -1 -0.926652 0.25992 -1 0.59005 0.465511 0.514171 -1 -0.172327 0.551018 0.0399298 -0.76224 -0.515949 -0.224433 -0.327676 -0.417873 -0.809885 -1 -1 0.860294 -1 0.483044 -0.341554 -0.249643 -0.19827 -0.363107 -0.628734 -0.235772 -0.492512 -0.982072 -1 -0.38996 -0.0184389 -0.238745 -0.740762 1 0.597873 0.171125 -1 -1 -1 -0.234952 -0.526332 0.998083 -0.639327 -0.0100944 -1 -0.725907 -0.459746 -0.648647 -0.830946 0.511248 0.550723 -0.822851 -1 -1 -0.825886 -0.90104 0.0437497 0.5205 -1 0.87493 -0.614085 -0.744439 -0.850618 -0.638844 -0.9309 -1 0.689338 0.901118 -0.259625 0.254968 0.0938389 -0.85762 -0.291858 -1 -1 -0.591417 -0.245725 -0.761509 0.0966874 -0.618575 -0.93309 -1 -0.612862 -0.431956 -1 0.532131 -0.625045 -0.210984 -1 -0.203816 -0.775168 -1 -0.951312 0.27417 0.318859 0.501592 -0.851114 -0.807995 -1 -0.963207 -0.139522 -1 -1 -0.180009 -1 -0.33382 -0.790423 -1 -1 -0.142706 -0.286306 0.939949 -0.0354063 -1 1 -0.941695 -0.486816 0.773221 -0.740893 -0.743346 0.740216 0.176589 -0.0656093 -1 
0.914075 -0.0541666 -0.808893 0.84206 0.556442 -1 -0.217318 0.133433 -0.123042 -0.421057 0.499769 -1 -1 -1 0.25992 -0.0208852 0.319225 -0.134883 0.514171 -0.847547 0.283303 0.606194 -0.711063 -0.76224 -0.561625 -0.283887 -0.45004 -1 -1 -1 -0.646634 0.490662 -0.969958 -0.431698 -0.4246 -0.249643 -0.19827 -1 -0.628734 -0.782261 0.252334 -0.935548 -1 -0.149528 0.172195 0.196332 -0.955871 -1 -0.0360316 0.171125 -1 -1 -1 0.00952661 -0.933246 0.451451 -0.457705 -0.0100944 -0.678765 -0.399299 -0.459746 -0.457951 -0.233174 0.511248 0.666687 -1 -0.598241 -1 -0.726271 -1 -0.378392 0.5205 -1 -0.504477 -0.793606 -0.744439 -0.911807 0.348778 -1 -0.971761 0.689338 1 -0.17995 -0.374023 0.0938389 -1 -1 -0.366763 -1 -1 -1 -1 0.00802326 -0.618575 -0.203197 -1 -0.872911 -1 -1 -0.879417 -0.979376 -0.864688 -0.739745 -0.40689 -1 -1 -1 0.445472 0.799858 -0.699631 -0.851114 -0.671438 -0.197495 -0.963207 -0.0846878 -0.848329 -0.620134 -0.549394 -1 -0.716553 -1 -0.984455 -0.812031 0.289895 -0.773181 0.975754 0.484111 -1 -0.763807 -0.305476 -0.0269242 0.773221 -1 0.087078 0.639308 0.470438 -0.0656093 -0.712136 
-1 -1 -1 -0.520146 -0.759874 0.367132 -1 -1 -1 -1 -1 -0.716452 -1 -0.557364 -0.653988 -1 -1 0.019124 -0.274751 -0.191228 -1 -0.452894 -0.0544851 -1 -1 -1 -0.440605 -0.47271 -0.152362 -1 -1 -0.619467 -1 -0.661858 -0.145545 -1 -0.489885 0.680704 -0.648682 -1 -0.880057 -0.789167 -1 -1 -0.350388 0.799913 0.322928 -1 -0.892942 -0.433679 -1 -0.546379 -0.418975 -0.182273 -0.61041 -1 -0.170899 -1 -1 -1 -1 -1 -1 0.0964291 -1 0.0523632 -1 -0.386592 1 -0.674496 -1 0.542022 -0.504408 -0.406391 -0.619018 0.849255 -1 -0.973827 -1 -1 0.0562749 -1 -1 -0.807329 -0.469853 -0.835488 -1 -1 -0.802188 -0.981715 -1 -0.859214 -1 -0.364768 -0.357576 -0.931997 -0.748516 -0.6332 -1 -0.96096 -1 -1 -1 -1 -1 0.352546 -1 -0.708318 -0.856024 -0.924523 0.753587 -1 -0.352041 0.624902 -1 -1 -1 -1 0.501476 0.328691 -0.137153 -0.261957 -0.846691 -0.927335 -1 -0.853598 -0.4217 -0.473131 -1 -1 -1 -1 -1 0.780099 0.0472443 0.408143 -1 -0.0340289 
0.313618 -0.388821 -0.395536 0.592569 -0.107651 -0.167484 -0.217318 0.144002 -0.237041 -1 0.665325 -0.698271 -0.722543 -1 0.25992 -0.83059 0.207291 -0.694313 -0.125453 -0.066339 -0.139241 -0.151917 0.329626 -0.76224 0.817175 -0.283887 -0.991511 -0.870943 -0.917686 -1 -0.867529 0.846879 -0.842824 -0.613839 0.467357 -0.102404 0.311013 -1 -0.396276 0.15138 0.244278 -0.610923 -1 -0.38996 0.0355629 0.593223 -0.635532 0.972769 0.62709 -0.00415638 -0.218976 -1 -1 -0.550721 -0.686506 0.998083 -0.349721 -0.583622 -0.937879 -1 -0.762388 -0.300404 -0.822255 0.511248 0.171154 -0.733302 -0.714883 -0.845178 -1 -0.518773 0.196026 0.585248 -0.833943 0.67783 -1 -0.744439 -1 0.711301 -1 -1 0.480516 -0.0284695 -0.742713 -0.717624 0.0938389 -1 -0.409878 -0.825061 -1 -1 0.938807 -0.953653 0.236519 -0.29146 0.246654 0.625502 -0.313042 -0.615384 -0.54144 -0.716913 -1 -0.943356 -1 -0.828402 -0.65718 -0.446667 -1 -0.0209297 0.625967 1 -0.319315 -0.727361 0.889639 -0.961288 -0.0846878 -0.812377 -0.364417 -0.173159 -0.869685 -0.636588 -1 -1 -0.781543 0.289895 -0.663487 -0.246395 0.370086 -0.885615 -0.0820702 -1 0.371117 0.317944 -0.91994 0.429632 0.627552 0.732298 0.0901286 -0.828772 
-0.561122 -0.0498529 -1 -0.797642 -1 0.156276 -0.652259 -1 -1 -0.471067 -1 -1 -1 0.31957 -1 -0.907936 -0.854429 -0.419745 -1 -1 0.715603 -0.828079 -1 0.599389 -1 -1 -1 -0.752782 -0.197203 -0.904094 0.156033 -1 -1 -0.616692 -0.836225 -1 -1 -0.706321 -1 -0.99226 -0.813071 -1 -1 -0.595606 0.342514 -1 -1 -0.982016 -0.892657 -1 -0.96736 -1 -1 -0.344865 -0.994719 -0.996587 -1 -0.185597 -0.886439 -0.951994 -1 -1 0.635614 -0.0147443 -1 -1 0.938101 -1 -1 -0.464106 -0.923316 -0.750172 -1 -1 -1 -0.0979583 -1 -1 -0.821598 -1 -1 0.226496 -0.829393 -1 0.186964 -0.762365 -0.627076 -0.851523 -0.412257 -1 -0.0666014 -1 -0.370772 -0.883086 -0.871974 -1 0.422379 0.0017955 -0.842872 -0.0266527 -1 -1 -0.33943 -0.535118 -1 -1 -0.0659226 -0.868208 0.230035 -0.883753 -0.863615 -0.3265 -1 -0.187831 0.675568 0.878103 -0.908999 -0.24665 -1 0.378614 -1 -1 -0.72612 -1 -0.108636 -0.279483 -1 -0.955806 -1 -0.656767 -1 -0.579042 -0.880276 -0.337985 -1 -0.213122 -1 -1 
-0.553068 -1 -0.527137 -1 -1 -1 -0.635003 -1 -0.64342 -1 -1 0.406197 -0.297591 -1 -1 -0.728679 -1 -1 0.650437 -1 -0.973646 0.527445 0.149221 1 -0.945362 -1 0.641469 -0.891346 -1 -1 -1 -1 -1 -1 -0.566018 -0.453986 -1 -1 -0.695019 -0.981947 0.349284 -1 0.393721 -0.373595 0.102622 -0.982455 -1 -1 -0.308623 -1 -1 -1 -1 -1 -0.362893 -0.988221 -0.886169 -0.876029 -1 -1 -1 -1 -0.97285 -1 -1 -0.314724 -1 -0.877482 -1 -0.483104 -0.917272 -1 -1 -0.564862 -0.740112 -1 -1 -1 -0.944835 -1 -1 0.0627252 -1 -1 -1 -0.915605 -0.921304 -1 -1 -1 -1 -1 -1 -0.710506 -1 -0.223548 -0.646107 -0.546243 -0.993158 -1 -0.857512 -0.96138 -0.945811 -0.478619 -1 -1 -0.378892 -0.971024 -1 -0.621708 -0.817637 -0.559991 0.795413 0.967384 -0.70895 -1 -1 -1 -1 0.298218 -0.071745 -0.744148 -0.933426 0.0351588 -1 -1 -1 0.27099 -0.961348 -0.512133 0.944485 -1 0.773866 -0.958281 -0.902756 0.556427 -1 -1 
0.534281 -0.0541666 -0.698236 0.84206 0.427722 -0.167484 -0.746211 0.0199089 -0.123042 -0.390459 0.499769 -1 -1 -1 0.0134743 -1 0.59005 0.465511 0.514171 -1 -0.172327 0.551018 0.232509 -0.76224 0.464027 -0.224433 -0.45004 -0.417873 -1 -1 -1 0.890998 -1 0.483044 -0.341554 -0.249643 -0.19827 -0.363107 -1 -0.243938 0.232236 -0.982072 -1 -0.38996 -0.0184389 0.101318 -0.740762 1 0.597873 0.171125 -0.559993 -1 -0.855944 -0.349999 -0.587097 0.998083 -1 -0.0448669 -1 -0.172136 -1 -0.774003 -0.830946 0.511248 0.550723 -1 -1 -0.781223 -0.858373 -1 0.174216 0.5205 -1 0.999512 -0.56745 -0.744439 -0.850618 -0.113169 -0.9309 -1 0.689338 0.901118 -0.259625 0.254968 -0.118332 -0.974851 -0.291858 -1 -1 -1 -0.245725 -1 0.393769 -0.618575 -0.0965519 -1 -0.612862 -0.431956 -1 0.532131 -0.625045 -0.611698 -1 -0.203816 -0.775168 -1 -0.713916 -0.092838 0.318859 0.879789 -0.851114 -0.807995 -1 -0.963207 -0.139522 -1 -1 -0.180009 -1 -0.845197 -0.790423 -1 -1 -0.143568 -0.286306 0.939949 0.179488 -1 1 -0.421302 0.222289 0.773221 -0.740893 -0.743346 0.740216 0.517764 -0.0656093 -1 
0.661674 -0.179828 -1 0.926485 1 -0.0286587 -0.217318 0.0433418 -1 -0.555926 0.243011 -0.808962 -1 -1 0.25992 -0.67645 0.319225 -0.0429689 0.373271 -0.381791 -0.0213095 0.606194 0.232509 -1 -0.0333762 -0.283887 -0.45004 -1 -0.809885 -1 -0.986855 -0.235629 -1 -0.420821 -0.00163397 -0.249643 -0.643738 -1 -1 -0.433996 0.232236 -1 -1 -0.38996 -0.507445 0.101318 -1 0.196145 0.0713651 -0.100928 -0.577207 -1 -1 -1 -1 0.336386 -0.639327 -0.677431 -1 -1 -0.675151 -1 -1 0.0447567 -0.0797004 -1 -0.428231 -0.816267 -1 -1 -1 0.5205 -1 0.87493 -0.614085 -0.770978 -1 -0.796646 -1 -1 0.689338 0.392484 -0.259625 -0.473923 -0.111129 -1 -0.534323 -0.600377 -1 -0.948979 -0.970888 -1 0.863289 -0.637062 -0.949625 -1 -1 0.0284041 -1 0.279113 -1 -1 -1 -0.40689 -0.670095 -0.901863 -1 -0.923421 0.565833 1 -0.851114 -0.807995 -1 -1 -0.713399 -0.737393 -0.677178 -0.214217 -1 -0.505609 -1 -0.930047 -1 -1 -0.704723 0.939949 0.433795 -1 0.468109 -0.421302 -0.0391358 0.773221 -0.740893 -1 0.469292 0.732298 0.0442232 -1 
0.379056 -0.51334 -0.472119 -0.911069 -0.895701 0.251114 -0.264866 -1 -1 -0.555829 -0.660493 -1 -1 -1 -0.726015 -0.610522 -1 -1 -1 -0.890085 1 -0.900149 -0.961657 -0.73143 -1 -1 -1 -0.704926 -1 -1 -1 -0.707421 -0.762827 -0.740246 -1 -1 -1 -0.370846 -0.610668 -0.929072 -0.00554663 -1 -1 0.186188 0.402806 0.0693249 -1 -1 -1 -0.948415 -1 -0.709575 -1 -0.683224 -0.939814 -1 -1 -1 -1 -1 -1 -1 -0.249386 -1 -0.941519 1 -0.168923 -0.670881 -1 -0.643623 -1 -1 -1 0.280568 -1 -0.212289 -1 -1 -1 -0.675558 -1 -0.615258 -1 -1 -0.471255 -0.822187 -1 -0.663707 -1 -1 -0.950778 -0.85673 -0.880426 -1 -1 -1 -0.823416 -1 -1 0.232508 -1 -1 -0.242598 -0.430921 -1 -1 -0.964306 0.169737 0.337201 -0.540339 -1 -1 0.0731302 -0.516248 0.633628 1 -0.683058 0.126317 -1 -1 -1 -0.477897 -0.469299 -1 0.673653 -0.157388 -1 -0.835149 -1 -1 -0.979255 -0.306573 -0.321846 -0.583494 -1 -0.41235 -0.884332 -0.865894 
-1 -0.743019 -0.657119 -1 -1 1 -1 -0.864988 -0.580369 -0.806362 -1 -0.756995 -0.650337 -1 -1 -0.656076 -1 1 0.467421 -0.468408 -1 0.651777 -0.815224 -0.666594 -1 -1 -1 -1 -1 -0.956007 -0.698162 -1 -0.755266 -1 0.0905788 -0.927029 -1 -0.119704 -0.499524 -1 -1 -1 0.970939 -1 -1 -1 -0.897658 -1 -1 -1 -0.958551 -1 -1 -1 -0.47476 -0.975442 -0.9069 -0.954726 -0.711998 -1 -1 -1 -1 -1 -1 -1 -1 0.813688 -0.00386599 -1 -0.898627 -0.853584 -1 -1 -1 0.0981899 -1 -1 -1 -0.065798 -1 -1 0.588057 -0.889597 -0.29125 -0.710415 -1 -1 -1 -1 -0.461665 -1 -0.529612 -1 -1 -1 -0.345565 -0.903395 -0.902881 -1 -1 -1 -0.950406 -1 -1 -0.140697 -1 -1 -1 0.0640763 -0.328514 -1 -0.505615 1 -1 -1 -0.685256 -1 0.918071 -0.9493 0.44365 0.621609 -1 -1 -0.823227 -1 -1 0.585432 -1 -0.745099 -0.609799 -0.975947 -0.772139 0.928584 -0.911121 -0.948481 -0.562651 -1 
0.365197 0.235968 -0.110048 -0.963023 -1 0.347013 -0.264866 -0.912909 -0.66813 -1 -0.826004 -1 -1 -0.62675 -0.757493 -0.813035 -1 -0.909669 -0.990173 -0.828143 1 0.691321 -0.797655 -0.924554 -1 -0.855721 -1 -0.415279 -1 -0.978008 -1 -0.801721 -1 -1 -1 -0.894517 -1 -0.0696203 -0.792919 -0.66277 -0.00554663 -1 -0.782827 -0.504132 0.402806 -0.744575 -0.641259 -0.633016 -0.871923 -1 -1 -0.736464 -1 -0.683224 -1 -1 -1 -1 -1 -0.969912 -1 -0.991792 0.0454399 -0.354535 -0.992867 -0.111382 -0.608037 -0.307738 -1 -0.505993 -1 -1 -1 0.339463 -0.899901 -0.531093 -1 -1 -1 -0.866672 -1 -1 -0.930912 -1 -0.471255 -1 -0.374767 -1 -0.688804 -0.375471 -0.774429 -1 -1 -1 -0.676515 -1 -0.751561 -0.879912 -1 0.515664 -1 -1 -0.192918 -0.678256 -0.628008 -1 -1 -1 0.969443 -0.113838 -1 -1 -0.121349 -0.105014 0.609599 0.96723 -0.977975 0.197084 -0.916756 -0.409477 -1 -1 0.249348 -1 -0.477628 -0.16829 -1 -1 -0.251333 -1 -1 -0.331098 -0.657624 -0.657127 -1 -0.66445 -1 -0.974165 
-0.832956 -0.607187 -0.339332 -1 -1 -1 -0.402136 -0.640343 0.320562 -1 -1 0.0617785 -0.234881 -0.961929 -1 -0.728679 -1 -0.334446 -0.476 -1 -1 0.949032 0.822361 1 -1 -1 -0.0463296 -0.835588 -1 -1 -0.749403 -0.855108 -0.973327 -1 -0.0679353 -0.24337 -0.239676 -1 0.117321 -0.875489 -0.873779 -1 -0.0575006 -1 0.563172 -0.908218 -1 -0.709392 -0.506585 -1 -1 -0.310424 -1 -1 -0.614552 -1 -0.812332 -1 -1 -1 -1 -1 -1 -0.946597 -0.850594 0.214731 -0.967343 -0.298635 -0.830081 1 -1 -0.944691 -1 -1 -1 -0.492689 -0.872652 -0.916722 -1 -1 -1 -1 -0.812709 -0.669363 -1 -0.915605 -1 -0.681643 -1 -1 -0.872025 -1 -0.968661 -0.153745 -1 0.207466 -1 -0.838273 -1 -1 -1 -1 -0.570199 -0.0456203 -0.957077 -0.684416 -0.378892 -0.779657 -0.661486 -1 -0.397715 0.118824 0.618728 1 -0.0238241 -1 -1 -0.724185 -1 0.298218 -0.520917 -1 -0.890267 -1 -0.437612 -1 -1 0.553459 -0.651785 -0.582115 1 -1 0.905734 -0.746023 -1 -0.198018 -1 -1 
0.944608 -0.476278 -0.614119 0.721526 0.457335 -0.767749 -0.712097 0.0199089 -0.123042 -1 0.499769 -1 -0.607871 -1 -1 -0.924739 -0.527159 -1 0.636836 -1 -0.144965 0.551018 0.0399298 -0.76224 -0.185976 -1 -1 -0.529974 -0.809885 -1 -0.637443 0.674899 -0.832078 0.483044 -0.189204 -0.67491 -0.876751 -0.363107 -1 -1 0.232236 -0.829011 -1 -0.98176 -0.0184389 0.101318 -0.506026 1 0.213798 -0.229493 -1 -1 -1 -0.587484 -1 0.998083 -1 -0.577343 -1 -0.564651 -0.373786 -1 -1 0.727192 -0.582677 -1 -1 -1 -0.427039 -1 0.0437497 0.5205 -1 -0.59909 -0.456943 -0.744439 -1 -1 -1 -0.646855 0.178578 0.402812 -0.259625 0.138548 0.0938389 -1 -0.291858 -1 -1 -0.948979 -0.855699 -0.910707 -0.0785294 -1 -0.0965519 -1 -0.903572 -1 -1 0.532131 -1 -0.210984 -1 -0.203816 -0.840982 -1 -0.706782 -1 0.318859 0.0165356 -0.851114 -1 -0.853725 -0.98091 -0.139522 -0.894075 -1 -0.359823 -1 -1 -1 -1 -0.95555 0.309714 -1 -1 -0.00963321 -1 1 -1 0.222289 0.773221 -0.740893 -0.916239 -0.0694035 0.385685 -1 -1 
-1 -0.674331 -1 -1 -1 0.793085 -1 -0.864988 -1 -1 -0.94518 -1 -0.25166 -1 -1 -1 -1 1 0.434567 -1 -1 0.922841 -0.955999 -0.281613 -1 -1 -1 -1 -1 -1 -0.964684 -1 -0.957257 -1 0.071346 -1 0.321451 -0.801735 -0.236305 -0.768705 -0.98057 -1 0.614828 -1 -1 -1 -0.40827 -1 -1 -0.921729 -1 -1 -1 -1 -0.254758 -1 -1 -1 -1 -1 -1 -0.876823 -1 -0.638126 -1 -0.910769 -1 0.813688 -0.0464616 -1 -0.898627 -1 -1 -0.761681 -1 -0.619205 -1 -1 -1 0.194596 -1 -1 0.666697 -1 -1 -0.641044 -0.913738 -0.870231 -1 -1 -0.851372 -1 -1 -1 -1 -0.782158 -1 -1 -0.813353 -1 -1 -1 -1 -0.964683 -1 1 -1 -1 -1 0.0640763 -0.252264 -1 -1 0.771308 -1 -1 -0.685256 -0.728249 0.764051 -1 1 0.273448 -1 -1 -1 -1 -0.911105 0.82401 -1 -1 -1 -1 0.176844 0.910406 -0.533364 -1 -0.721246 -1 
-0.832956 -0.607187 -0.339332 -1 -1 -1 -0.340008 -0.640343 0.320562 -1 -1 0.0617785 -0.234881 -0.961929 -1 -0.728679 -1 -0.334446 0.433792 -1 -1 0.949032 0.822361 1 -1 -1 -0.0463296 -0.835588 -1 -1 -0.749403 -0.855108 -0.973327 -1 -0.0679353 -0.24337 -0.239676 -1 0.117321 -0.875489 -0.873779 -1 0.140542 -1 0.563172 -0.908218 -1 -0.709392 -0.506585 -1 -1 -0.310424 -1 -0.830886 -0.614552 -0.850862 -0.812332 -1 -1 -1 -0.88999 -1 -1 -0.762628 -0.850594 0.214731 -0.967343 -0.298635 -0.830081 1 -1 -0.944691 -1 -1 -1 -0.492689 -0.872652 -0.916722 -1 -1 -0.840869 -1 -0.812709 -0.669363 -0.716745 -0.915605 -0.718077 -1 -1 -0.838486 -0.872025 -1 -0.968661 -0.153745 -1 0.207466 -1 -0.225154 -1 -1 -1 -1 -0.570199 -0.0456203 -0.957077 -0.684416 -0.378892 -0.600482 -0.661486 -0.994804 -0.397715 0.118824 0.618728 1 -0.0238241 -1 -1 -0.724185 -1 0.298218 -0.071745 -1 -0.890267 -1 -0.437612 -0.839878 -1 0.553459 -0.651785 -0.582115 1 -1 0.690578 -1 -1 0.197163 -1 -0.932751 
-0.517895 -0.929798 -0.120951 1 0.427722 -0.191819 -1 -0.146485 -0.123042 -0.650184 0.415367 -0.79739 -0.98748 -1 0.25992 -0.0208852 -0.0837757 0.465511 -0.666173 -0.546313 -0.0255944 0.480403 -1 -0.881144 0.458745 -1 -1 -0.814129 -0.998782 -1 -1 0.206206 -1 0.461516 -0.341554 -1 -0.19827 -0.363107 -1 -0.235772 0.232236 -0.982072 -1 -0.38996 -0.0184389 0.101318 -0.740762 1 0.597873 0.171125 -0.371228 -1 -1 -0.106588 -0.587097 0.703892 -0.331843 -0.847293 -1 -0.207471 -0.459746 -1 -0.573343 0.511248 0.851022 -1 -1 -1 -1 -1 0.230446 -0.0025093 -0.873869 0.113372 -0.614085 -0.730241 -1 -0.853077 -1 -0.965963 0.631071 0.713523 -0.259625 -0.062349 -0.114832 -0.974851 -0.291858 -1 -1 -0.948979 -0.245725 -0.755574 0.393769 -0.461249 -0.809548 -1 -1 -0.431956 -1 0.513447 -1 -0.210984 -1 -0.40689 -0.739652 -1 -0.677299 -0.363376 -0.896424 0.569404 -0.851114 -0.515701 -1 -1 -0.54074 -0.937565 -1 -0.611087 -1 -0.33382 -1 -1 -0.56133 0.427827 -1 0.939949 -0.989483 -1 1 -0.446375 -0.245753 -0.703712 -0.740893 -0.743346 0.740216 0.724809 -0.427316 -1 
0.476893 -0.23909 -0.698236 0.84206 0.657788 -0.167484 -0.746211 0.0199089 -0.123042 -0.390459 0.499769 -1 -1 -1 -0.454838 -1 0.59005 0.465511 0.514171 -1 -0.172327 0.551018 0.232509 -0.76224 0.464027 -0.224433 -0.45004 -0.396373 -0.809885 -1 -1 0.860294 -1 0.483044 -0.341554 -0.249643 -0.19827 -0.363107 -1 -0.235772 0.232236 -0.982072 -1 -0.38996 -0.0184389 0.101318 -0.751123 1 0.597873 0.213377 -0.559993 -1 -1 -0.349999 -0.965634 0.998083 -1 -0.894075 -1 -0.172136 -0.710121 -0.774003 -0.830946 0.511248 0.550723 -1 -0.976792 -0.781223 -1 -1 0.174216 0.5205 -1 0.999512 -0.614085 -0.744439 -0.850618 -1 -0.9309 -1 0.689338 0.901118 -0.259625 0.161238 -0.118332 -0.974851 -0.291858 -1 -1 -1 -0.47874 -1 0.660109 -0.618575 0.0943438 -1 -0.612862 -0.431956 -0.649852 -0.0713848 -0.625045 -0.611698 -1 -0.203816 -0.946362 -0.950884 -0.713916 -0.092838 0.318859 0.879789 -0.851114 -0.807995 -0.673632 -0.963207 -0.390169 -1 -1 -0.180009 -1 -0.364513 -0.87418 -1 -1 -0.116122 -0.286306 0.939949 0.179488 -1 1 -1 0.222289 0.773221 -0.740893 -0.743346 0.740216 0.517764 -0.584291 -1 
-0.553068 -1 -0.853676 -1 -1 -1 -0.635003 -0.285007 -1 -1 -0.709956 0.707851 -0.453053 -1 -1 -0.728679 -1 -1 0.950985 -1 -0.973646 0.527445 0.149221 -0.0378662 -0.945362 -1 0.357738 -0.891346 -1 -1 -0.410096 -1 -1 -1 -0.566018 -0.453986 -1 -1 -0.695019 -0.981947 0.349284 -1 0.393721 -0.629163 0.563172 -1 -1 -0.825328 -0.566171 -1 -1 -1 -0.841123 -1 -0.362893 -1 -0.886169 -0.930124 -1 -1 -1 -0.74046 -1 -0.893946 -1 -0.314724 -1 -0.877482 -0.866371 -1 -0.631213 -1 -1 -0.575522 -1 -0.684558 -1 -1 -0.944835 -1 -1 0.0627252 -1 -1 -1 -0.915605 -0.921304 -1 -0.678142 -1 -1 -1 -0.915305 -0.710506 -1 -0.223548 -0.950598 -0.757898 -1 -0.847174 -1 -0.96138 -0.945811 -0.478619 -1 -1 -0.378892 -1 -1 -0.621708 -1 -0.559991 0.795413 0.932605 -0.381337 -1 -1 -0.736888 -0.818623 0.298218 -0.071745 -1 -0.933426 0.0351588 -1 -1 -1 0.27099 -0.929172 -1 0.944485 -1 0.518159 -1 -0.902756 0.197163 -1 -1 
0.545159 -1 -0.855955 -1 -0.766708 -1 -1 -1 -1 0.706678 -0.730551 -0.783992 0.538636 -0.36943 0.711122 -1 -0.0517042 -0.628712 -0.202369 0.37245 -0.825059 -0.688081 0.743775 -0.0795618 -1 -0.974027 -0.0124225 -1 -1 0.56938 -1 -0.744398 -1 -0.397561 -1 -0.606763 0.24708 0.669621 0.24383 -0.138428 0.148036 -0.943739 0.216767 -0.865168 0.255586 0.54422 0.124727 -0.285944 -0.784323 -0.822738 -1 -0.483072 -1 -0.915393 -1 -1 -0.362672 -0.167868 -0.596426 -0.146125 0.562999 0.681909 -0.507514 0.341317 -0.970326 -0.260746 0.308941 0.914605 -1 -1 -0.737222 0.501804 -1 -0.126822 -1 0.431381 -1 -0.949139 -1 -1 -0.609478 -1 -1 -1 -1 -1 -1 -1 -1 0.93449 0.100085 -1 -1 -0.709968 -0.787581 -1 -0.793768 -1 -1 -0.157219 -1 -0.346366 -1 -1 -0.847807 -1 -0.874218 -1 0.237646 -0.79961 -1 1 -1 -0.722532 -1 0.584655 -1 -0.564538 -0.0066402 1 -1 -1 0.518013 -0.014547 -1 -1 -0.97586 -1 -1 -0.485273 -1 -1 0.574001 -1 -0.709065 0.645329 0.113224 -0.159361 
0.827187 -0.912801 -0.25643 0.600499 -0.314822 -0.167484 -0.217318 -0.492189 -1 -1 -0.000718474 -0.808962 -1 -1 -0.47399 -1 0.319225 -0.568842 -0.130148 -0.325779 -1 -0.0735238 -0.0529149 -1 0.464027 -0.492942 -0.403927 -1 -1 -1 -1 0.860294 -1 0.983692 0.421797 -1 -0.19827 -0.311186 -0.628734 -1 -0.625469 -0.982072 -1 -0.38996 -1 -0.25422 -1 0.93317 0.668721 -0.889283 -0.799077 -1 -1 0.00952661 -0.510234 0.387508 -0.639327 -0.0380971 -0.959671 -0.241768 -0.459746 -0.735874 -1 0.511248 -0.109185 -0.659422 -0.428231 -1 -1 -1 -0.144205 0.5205 -0.997195 0.87493 -0.418673 -1 -1 0.348778 -1 -1 0.689338 0.203453 -1 0.254968 0.330835 -1 0.391848 -1 -1 -1 -1 -1 0.768958 -0.882928 0.150265 -0.717773 -1 -0.431956 -0.675956 0.577259 -0.269436 -1 -0.889412 -0.40689 -0.775168 -1 -0.608889 -0.0977159 1 0.332724 -0.884427 -1 -0.612745 -1 -0.641453 -0.667016 -1 0.133108 -1 -1 -0.790423 -1 -0.586345 0.289895 -0.64104 0.939949 -0.510356 -1 0.189829 -0.421302 -1 0.646876 -1 -1 0.192109 0.687507 -0.154388 -1 
-1 -1 -0.551823 -1 -0.85271 -1 -0.340008 -0.640343 -0.680376 -1 -1 -0.406785 -0.234881 -1 -0.764588 -0.728679 -1 -0.334446 -0.171877 -0.553919 -1 0.602409 0.596635 1 -0.68849 -1 -0.0463296 -0.835588 -0.885821 -1 -1 -0.66813 -1 -1 -0.427269 -0.24337 -0.409456 -0.632002 0.117321 -1 -0.37807 -1 0.140542 -1 0.668171 -1 -1 -1 -0.436526 -1 -1 -0.310424 -1 -1 -0.614552 -1 -1 -1 -1 -1 -0.653809 -1 -0.809886 -0.556097 -1 -0.461184 -1 -0.696484 -0.830081 1 -1 -1 -1 -0.61509 -1 -1 -0.7911 -1 -1 -1 -0.801477 -1 -1 -1 -1 -0.915605 -0.900171 -1 -1 -0.838486 -1 -1 -0.879781 -1 -1 0.0335411 -0.775481 -0.473178 -1 -1 -1 -1 -0.570199 -0.013957 -0.957077 -0.91903 -0.839982 -1 -1 -1 -1 0.31636 0.618728 1 -0.392166 -1 -1 -0.806119 -1 0.298218 -0.260225 -0.744148 -0.890267 -0.544803 -0.457787 -1 -0.612054 0.451177 -1 -1 1 -1 0.44657 -1 -0.872955 -0.0796927 -0.73197 -1 
-0.304914 -1 -1 0.958759 -0.252842 -0.570513 -1 -0.0498595 -0.304841 -0.546173 -0.767053 -0.808962 -1 -1 -0.681113 0.0809611 -0.386335 -1 -0.545313 -1 -0.552258 -0.388508 -0.174015 -0.85151 -0.10583 -1 -0.295912 -0.69131 -1 -0.998865 -0.617893 0.114079 -1 -0.378485 -0.972054 -1 -0.928736 -0.470518 -1 -0.44444 0.468472 -1 -1 -1 -1 0.286788 -0.66765 0.686003 -0.890972 0.171125 -0.723672 -1 -1 -0.707521 -1 0.305161 -1 -1 -0.870702 -0.959585 -1 -1 -1 0.317211 -0.109185 -1 -1 -1 -1 -0.929067 -0.064089 -0.156904 -1 -0.0812653 -1 -1 -1 -0.797955 -1 -1 -0.214958 1 -0.934068 0.131819 0.330835 -1 -0.756152 -1 -0.623356 -1 -0.298566 -1 0.128082 -1 -1 -1 -1 -1 -0.675956 -1 -0.625045 -0.492846 -1 -0.955236 -1 -1 -1 0.594384 -0.749106 0.790401 -1 -1 -0.853477 -1 -0.139522 -1 -1 -0.180009 -1 -0.800202 -0.790423 -1 -1 0.289895 -0.131713 0.939949 0.489553 -1 0.861841 -0.319756 -0.23713 0.939543 -1 -0.236284 -0.101473 0.595511 -0.225173 -1 
0.661674 -0.0541666 -0.25643 0.944662 0.0258439 -0.167484 -0.217318 0.0677744 -0.121867 -0.473956 0.726575 -0.808962 -0.987517 -1 -0.531484 -0.0208852 0.319225 0.141883 0.537104 -0.457552 -0.0255944 -0.196624 0.232509 -0.76224 0.464027 -0.283887 -0.692181 -0.693048 -0.809885 -1 -0.646634 0.860294 -1 0.149162 -0.547056 -0.983716 -0.19827 -0.497562 -0.628734 -0.756007 0.125339 -0.982072 -1 -0.38996 -1 -0.155544 -1 0.771643 0.597873 0.171125 -0.577207 -1 -1 0.00952661 -0.948411 0.998083 -0.639327 -0.0100944 -1 -0.110524 -0.459746 -1 -1 0.173223 -0.109185 -0.659422 -0.428231 -0.781223 -0.73854 -1 0.0437497 0.485632 -1 0.87493 -0.614085 -1 -1 0.348778 -1 -1 0.689338 0.343819 -0.257345 -0.120318 -0.139853 -0.974851 0.0305618 -1 -1 -0.948979 0.196635 -1 0.306044 -0.618575 0.246654 -1 -0.875844 -0.399069 -0.750006 0.198794 -0.912916 -0.524953 -1 -0.374849 -0.667081 -0.929109 -0.608889 0.445472 0.63381 1 -0.851114 -1 -0.519939 -0.841835 -0.508734 -1 -1 -0.0920074 -1 -0.505609 -0.790423 -1 -0.398695 0.21015 -0.452963 0.939949 0.656633 -0.971151 0.81667 -0.421302 -0.55066 0.773221 -0.740893 -0.696668 0.639308 0.334389 -0.00754701 -1 
-0.650615 -0.0541666 -0.370385 0.84206 1 -0.315228 -1 0.0677744 -0.724974 -1 0.499769 -0.808962 -1 -1 0.185926 -0.0208852 0.319225 0.141883 0.133262 -0.754685 -0.0255944 0.606194 -0.112536 -1 0.54823 -0.283887 -0.45004 -0.326407 -0.669664 -1 -0.884496 0.514817 -1 -0.0737002 -0.187112 -0.668991 -0.19827 -1 -0.628734 -0.235772 -1 -1 -1 -0.416793 -0.0184389 0.129227 -1 1 0.597873 0.171125 -0.927291 -1 -1 0.00952661 -0.437588 0.0927954 -0.639327 -0.761216 -1 -0.666911 -0.459746 -0.774003 -0.39246 0.0308434 0.550723 -0.659422 -0.428231 -0.944502 -0.617796 -1 0.0512446 0.5205 -1 0.87493 -0.75006 -0.744439 -1 -0.01526 -0.9309 -1 0.689338 0.901118 -1 0.604622 0.0938389 -1 -0.395436 -0.729853 -1 -0.68253 0.140533 -0.658072 0.393769 -1 -0.179285 -1 -1 -1 -1 0.462431 -1 -0.210984 -1 -0.40689 -0.623187 -0.776002 -0.608889 0.429137 0.475889 0.760921 -0.851114 -0.807995 -0.857749 -1 -0.139522 -1 -1 -1 -1 -1 -1 -1 -0.56133 0.289895 -0.845395 0.939949 0.814641 -1 0.0119649 -1 -0.621814 0.773221 -1 0.222283 0.487981 0.732298 -1 -1 
0.534281 -1 -1 0.391786 0.427722 -0.167484 -0.92907 0.0199089 -0.123042 -1 0.499769 -1 -1 -0.772157 0.0134743 -1 0.59005 0.040552 -0.65782 -1 -0.172327 0.551018 0.232509 -0.927391 0.464027 -0.224433 -0.45004 -0.417873 -1 -1 -1 0.890998 -1 0.483044 -0.341554 -0.249643 -0.19827 -0.363107 -1 -0.243938 0.232236 -0.982072 -1 -0.38996 -0.0184389 -0.13358 -0.740762 1 0.597873 0.269323 -0.559993 -1 -0.855944 -0.349999 -0.587097 0.998083 -1 -0.0448669 -1 -0.374259 -1 -0.774003 -0.830946 0.511248 0.550723 -1 -1 -0.781223 -0.858373 -1 0.174216 0.5205 -1 0.896544 -0.56745 -0.744439 -0.850618 -0.113169 -0.9309 -1 0.689338 0.901118 -0.259625 0.254968 -0.118332 -0.974851 -0.291858 -0.86477 -1 -1 -0.245725 -1 0.393769 -0.372689 -0.0965519 -1 -0.612862 -0.431956 -1 0.532131 -1 -0.611698 -1 -0.203816 -0.775168 -1 -0.713916 0.215567 0.318859 0.879789 -1 -0.807995 -1 -1 -1 -1 -1 -0.180009 -1 -0.845197 -0.790423 -1 -1 -0.143568 -0.286306 0.939949 0.179488 -1 1 -0.421302 0.597281 0.773221 -1 -1 0.740216 0.517764 -0.0656093 -1 
-1 -1 -0.615 -0.903672 -0.883381 0.579782 -0.916898 -1 0.301884 -1 -0.299782 -0.543387 -1 -0.857278 -1 0.0164109 -0.430774 0.979782 -0.261615 -0.247891 -1 -0.141329 -0.0544851 -0.764628 -1 -0.92754 -0.440605 -0.655662 -0.152362 -0.644042 -1 -0.588161 -1 -0.661858 -0.145545 -0.762524 0.452472 -0.611356 0.438266 -1 -0.658804 0.376584 -1 -1 -0.350388 0.799913 0.322928 -1 -0.866523 -0.433679 -1 -0.0430738 0.408111 0.171068 -0.61041 -1 -0.557402 -1 -1 -0.940722 -0.955173 -1 -0.724742 0.273906 -0.993392 0.0523632 -1 -1 0.863171 -1 -0.095336 -0.0247628 -1 -0.406391 -0.341365 0.849255 -1 -0.973827 -1 -1 0.0562749 -1 -1 -1 -0.805133 -1 -0.0941595 -1 0.0731077 -0.981715 -1 -1 -1 0.0234709 -1 -1 -1 -1 -1 -1 -1 -0.732227 -1 -1 -1 0.352546 -0.792088 -1 -1 -1 0.577637 -1 -0.945167 0.716345 -1 -1 -1 -0.93956 0.576404 0.0358436 0.221562 0.335093 -1 -1 -1 -1 -0.4217 -0.473131 -1 -1 -1 -1 -0.82656 0.780099 0.0472443 0.417414 -0.450859 0.148141 
0.0896952 -1 -0.25643 0.309757 0.608416 -0.167484 -0.217318 0.0677744 -0.458186 -0.766006 -0.0280386 -0.808962 -1 -1 0.402018 -0.0208852 0.457929 0.141883 0.199112 -1 -0.128815 0.488059 0.232509 -1 0.0735405 -0.283887 -0.45004 -0.417873 -1 -0.843466 -1 0.860294 -0.702721 0.638321 -0.00163397 -0.707062 -0.19827 -0.871347 -1 -0.433996 -0.525547 -0.982072 -1 -0.38996 -0.507445 0.101318 -0.689166 0.616699 0.597873 -1 -0.856868 -1 -1 0.00952661 -0.986523 0.0198534 -0.639327 -0.0100944 -1 -0.19018 -0.703559 -0.774003 0.0101678 0.632113 0.172449 -0.752167 -0.428231 -0.826357 -1 -1 -0.30315 0.5205 -1 0.87493 -0.614085 -0.744439 -1 -0.0537925 -1 -1 0.669716 0.901118 -1 -1 -0.035855 -0.974851 0.0305618 -0.722021 -1 -0.948979 0.0343203 -1 0.393769 -0.854169 -0.922992 -1 -1 -0.431956 -1 0.513447 -1 -0.210984 -1 -1 -0.660828 -1 -0.899485 0.445472 0.500465 1 -1 -0.794093 -1 -0.963207 -0.139522 -1 -0.921124 -0.630539 -1 -0.505609 -1 -1 -1 0.463537 -0.355142 0.939949 0.656633 -1 0.395253 -0.421302 0.316369 0.773221 -0.740893 -0.204027 0.469292 0.573013 -0.614703 -1 
0.545159 -1 -0.533858 -1 -0.766708 -1 -1 -1 -1 0.434609 -1 -0.783992 0.954754 -0.555615 -0.31562 -0.964064 -0.0517042 -1 -0.202369 0.400056 -0.825059 -0.688081 0.743775 0.357311 -1 -0.974027 -0.0124225 -1 -1 0.56938 -1 -0.744398 -1 -0.397561 -1 -0.944408 0.24708 0.669621 0.24383 -0.138428 0.148036 -0.943739 0.691844 -0.551021 0.255586 0.54422 0.124727 -0.285944 -0.784323 -0.822738 -1 -0.874913 -1 -1 -1 -1 -0.362672 -0.167868 -0.939751 -0.146125 0.562999 0.681909 -1 0.341317 -0.970326 -0.260746 0.308941 0.914605 -0.527843 -1 -0.737222 0.0134805 -0.876657 -0.126822 -1 0.431381 -1 -1 -0.862723 -1 -0.609478 -1 -1 -1 -1 -1 -1 -0.982761 -1 0.93449 0.100085 -1 -1 -0.709968 -0.787581 -1 -1 -1 -1 -0.157219 -1 -0.346366 -1 -0.868842 -0.847807 -1 -0.874218 -1 0.237646 -1 -1 1 -1 -0.722532 -1 0.584655 -1 -0.811171 -0.0066402 0.707302 -1 -1 0.518013 -0.205794 -1 -1 -0.97586 -1 -1 -0.491255 -1 -1 0.574001 -1 -0.709065 0.645329 0.113224 -0.159361 
-0.394647 -0.0541666 -0.108101 0.84206 1 -0.36937 -0.217318 -0.62002 -0.505026 -1 0.499769 -0.808962 -1 -1 0.312798 -0.0208852 0.336663 0.195083 0.0746204 -0.108773 -0.0255944 0.606194 0.232509 -1 0.464027 -0.283887 -0.4781 -0.417873 -0.545592 -1 -0.646634 0.127201 -1 -1 -0.683948 -0.627945 -0.399235 -0.497562 -0.628734 -0.235772 -1 -1 -1 -0.38996 -0.0184389 0.129227 -1 0.7244 0.118751 0.341419 -0.899269 -1 -1 0.00952661 -0.523823 0.438906 -1 -0.310041 -1 -0.492558 -0.459746 -0.774003 -0.138292 -0.111563 0.550723 -1 -0.428231 -0.788774 -0.590614 -1 0.0437497 0.121309 -1 0.87493 -0.614085 -0.744439 -1 -0.418299 -1 -1 -0.474165 1 -0.66444 -0.540693 0.0938389 -0.974851 -0.354157 -0.562398 -1 -1 -0.134716 -0.699883 -0.207066 -0.567012 -0.179285 -0.70774 -1 -1 -1 0.0382338 -1 -0.210984 -1 -0.40689 -0.742489 -0.776002 -1 0.323326 0.475889 0.760921 -1 -0.816832 -1 -0.932996 0.102305 -0.925576 -1 -0.180009 -1 -0.505609 -1 -1 -0.56133 0.133829 -0.845395 0.467429 -0.0591716 -1 0.0119649 -0.33608 -0.148659 0.773221 -1 -0.806692 0.642026 0.732298 -1 -1 
0.661674 -0.0541666 -0.25643 0.84206 1 -0.167484 -0.217318 0.0677744 -0.220679 -0.580947 0.55622 -0.808962 -1 -1 0.25992 -0.202487 0.647977 -1 0.514171 -0.457552 -0.0255944 0.485835 0.232509 -1 0.464027 -0.283887 -0.45004 -0.400061 -1 -1 -0.986855 0.860294 -1 0.659858 -0.665875 -0.249643 -0.917971 -0.60529 -0.628734 -0.235772 -0.385543 -1 -1 -0.38996 -0.999665 0.101318 -0.740762 0.616699 0.597873 -0.0325985 -0.639779 -1 -1 0.00952661 -0.51542 0.998083 -0.639327 -0.544314 -1 -0.172136 -0.459746 -1 0.0180965 0.511248 0.550723 -0.659422 -0.424664 -0.781223 -1 -1 -0.437888 0.0867384 -1 0.87493 -0.614085 -0.744439 -1 0.348778 -1 -1 0.689338 0.901118 -0.259625 0.254968 0.213355 -0.974851 -0.267876 -0.686378 -1 -0.948979 -0.985478 -1 0.393769 -0.618575 0.246654 -1 -1 -0.431956 -0.899047 0.904781 -0.625045 -0.210984 -1 -0.40689 -1 -0.732902 -0.608889 0.161387 0.4195 1 -0.851114 -0.807995 -0.877808 -0.963207 -0.215396 -0.833098 -1 -0.275457 -0.975757 -0.466855 -1 -1 -0.593297 0.186142 -0.355142 0.502239 0.436435 -1 -0.298 -0.374528 0.252674 0.524045 -0.579216 -1 0.439368 0.999561 -0.550666 -1 
-0.377365 -0.0498529 -0.864137 -0.892539 -1 0.156276 -0.684736 -1 -0.695127 -0.471067 -1 -1 -1 0.31957 -1 -0.907936 -0.854429 -0.277618 -1 -1 1 -0.63828 -0.942313 0.599389 -1 -1 -1 -0.432593 -0.321162 -0.874136 0.156033 -1 -1 -0.964422 -0.836225 -1 -1 -0.905793 -1 -0.856394 -0.77692 -1 -1 -0.0386438 0.342514 -1 -1 -0.513816 -1 -0.639676 -0.584889 -1 -1 -0.344865 -0.994719 -1 -1 -0.484174 -1 -0.951994 -0.99288 -1 0.635614 -0.0147443 -1 -0.709028 0.833182 -1 -1 -0.464106 -0.923316 -0.750172 -1 -1 -1 -0.0979583 -1 -1 -0.983504 -1 -0.849123 0.867464 -0.829393 -1 0.508961 -1 -0.804842 -0.851523 -0.412257 -1 -0.0802042 -1 -0.271785 -1 -0.80652 -1 -0.0412245 -0.0927952 -0.842872 -0.0266527 -0.539733 -1 -0.431976 -0.535118 -1 -1 -0.0659226 -1 0.230035 -0.883753 -0.863615 -0.3265 -0.0539678 -0.737639 0.675568 0.878103 -0.841076 -0.132855 -1 0.363164 -1 -1 -0.850589 -0.867243 0.882316 -0.160884 -1 -0.955806 -1 -0.656767 -1 -0.579042 -0.463479 -0.476868 -1 -0.213122 -1 -1 
-1 -0.814809 -1 -1 0.00446311 -1 -1 -0.90052 -0.790927 -1 -1 -0.621453 -1 -1 -1 0.079282 -0.548709 1 -0.575772 -1 -1 1 0.450462 -0.887183 -1 -0.417897 -0.524556 -1 -1 -0.691326 -0.45212 -1 -1 -1 -1 -0.574505 -0.303446 0.498619 0.106325 -1 -1 0.273696 -0.0160127 -1 -0.350388 0.195153 -0.478933 -0.901598 -1 -1 -0.369621 -1 -1 -0.899625 -1 -0.645678 -0.737696 -0.896154 0.0666295 -1 -0.318343 -0.961656 -1 -0.718062 -1 0.0523632 -1 -1 0.129663 -1 -1 -1 -1 -1 -0.248661 -1 -1 -1 -0.433831 0.0460016 0.994336 -1 -0.713428 -1 -0.563335 -0.106637 -0.0941595 -1 -1 0.281032 -0.938548 -1 -0.869096 -0.840874 -0.409808 -0.535625 -1 -1 -0.832451 0.821606 -1 -1 -1 -1 -0.810971 0.515406 -0.775822 -0.878576 -0.805101 -1 0.0449963 -1 -0.0357778 0.77151 -0.871595 -1 -1 -0.629417 -0.47343 0.0750806 -0.8373 0.418919 -1 -0.451514 -1 -0.623297 -1 -1 -1 -1 -1 -1 -1 0.589339 0.283379 0.40304 0.582724 -1 
0.914075 -0.0541666 -0.586704 0.326995 0.710431 -0.996246 -0.169865 0.133433 -0.797595 -0.642738 0.499769 -1 -1 -1 0.568288 -0.517038 0.581794 0.141883 0.514171 -0.850586 0.42653 0.297584 -1 -0.472967 -1 -0.283887 -0.54941 -1 -0.945704 -0.711124 -0.914838 -0.630718 -1 -0.900457 -1 -0.675858 -0.19827 -1 -1 -1 0.150352 -0.935548 -1 -0.488604 0.172195 -0.420999 -0.876785 -0.642883 -0.0360316 0.171125 -1 -0.763673 -1 0.00952661 -0.685245 0.847109 -0.457705 -0.721625 -0.678765 -0.399299 -0.459746 -1 0.148284 0.536721 0.666687 -1 -0.269266 -1 -0.726271 -0.662646 0.0437497 0.423322 -1 0.173397 -1 -1 -0.84493 -0.562106 -1 -1 0.778309 1 -0.99291 -0.374023 0.0938389 -1 -1 -1 -1 -1 -0.899831 -1 0.0290196 -1 -0.203197 -1 -1 -1 -1 -1 -1 -0.864688 -0.669765 -0.40689 -1 -1 -1 0.445472 0.799858 -0.699631 -0.851114 -0.671438 -0.755949 -1 -0.552611 -1 -1 -0.714275 -1 -1 -1 -1 -1 0.289895 -1 0.975754 -0.1711 -0.645805 -1 -0.305476 -0.0260632 0.527404 -1 -1 0.296644 0.173639 -0.753299 -1 
-1 -0.645949 -1 -1 -1 0.917173 -0.706368 -1 -1 -1 -1 -1 -1 -1 -0.929628 -0.188736 -0.558898 -0.427465 0.33637 -1 -1 0.980935 -1 -1 -1 -1 0.00215295 -0.984844 -1 0.328945 -0.243676 -1 -1 -1 -0.411085 -1 -0.340399 -0.259121 -1 -1 -0.972305 1 -1 -0.532548 -1 0.106926 -0.483929 -1 -0.97265 -0.282206 -0.269745 -1 -0.271639 0.385463 -0.741323 -1 -0.686979 -1 -0.34849 -1 -1 -1 -0.754888 -0.557175 -1 -1 -0.918868 -0.5015 -0.76244 -1 -0.887087 -0.529926 -1 -0.65481 -1 0.13921 -1 -1 -0.835316 0.564188 -0.320372 -1 -0.552083 0.6029 -1 -0.77321 -0.879706 -0.903123 -1 -0.688568 -0.533144 -1 0.546042 -0.714801 -1 -1 -1 -1 -1 0.562995 -1 -0.845326 -0.16357 -1 -0.903393 -0.103709 -0.854227 -1 -1 -1 -1 -1 -1 0.191072 -1 -1 -0.820362 -1 -1 0.220846 0.450913 0.474363 -1 -1 0.113137 -1 -0.00341818 0.273317 -1 -0.243629 -1 -1 -0.967505 0.398912 -1 -1 -1 -1 
0.661674 0.115023 -1 -0.760821 -0.770217 -0.167484 -0.368777 -0.924596 0.115516 -0.663911 -0.489205 -1 -1 -1 -0.552173 -0.242694 0.43133 -1 -0.868589 -1 -0.446426 -0.821493 0.160526 -0.560855 0.0448192 -0.0071508 -0.746621 -1 -1 -1 -1 -0.447137 -1 0.659858 -0.00163397 -0.203532 -1 -1 -0.466832 -0.828738 -0.551371 -1 -0.959535 -1 -0.289041 0.208762 -1 0.896715 0.486938 0.337147 -0.577207 -1 -0.629594 -0.798922 -1 0.626723 -1 -1 -1 -0.361013 -0.66293 -0.753379 -0.710145 0.511248 0.550723 -0.948588 -1 -0.706865 -0.726271 -0.690399 -1 0.226526 -1 -0.9541 -1 -1 -0.737896 -1 -1 -1 -0.0835092 0.288415 -0.259625 -1 0.248564 -1 -0.15552 -1 -1 -0.953595 -0.898254 -0.674992 0.0711169 -1 -0.0586399 -1 -0.903177 -0.694571 -0.904516 -1 -0.86959 -1 -1 -1 -0.661644 -1 -0.763385 -0.0181018 -0.248133 -0.112153 -1 -1 -1 -1 -1 -1 -1 0.0666356 -0.613212 -0.800613 -0.833217 -1 -0.715705 -1 -0.424229 0.134157 0.144237 -1 0.814062 -0.204937 -1 1 -1 0.0777814 0.145781 0.732298 -1 -1 
0.914075 -0.0541666 -0.586704 0.84206 0.710431 -0.996246 -0.217318 0.133433 -0.797595 -0.642738 0.499769 -1 -1 -1 0.568288 -0.644583 0.581794 0.141883 0.514171 -0.850586 0.42653 0.297584 -0.711063 -0.76224 -0.928735 -0.283887 -0.54941 -1 -0.917686 -0.711124 -0.914838 -0.630718 -1 -0.354784 -1 -0.675858 -0.19827 -1 -0.628734 -0.782261 0.252334 -0.935548 -1 -0.488604 0.172195 0.196332 -0.876785 -0.642883 -0.0360316 0.171125 -1 -1 -1 0.00952661 -0.685245 0.847109 -0.457705 0.0725381 -0.678765 -0.399299 -0.459746 -0.457951 -0.193594 0.511248 0.666687 -1 -0.457816 -0.946259 -0.726271 -0.996737 0.0437497 0.423322 -1 -0.127853 -0.67704 -1 -0.84493 0.194902 -0.544304 -1 0.540596 1 -0.259625 -0.374023 0.0938389 -1 -1 -1 -1 -1 -0.899831 -1 -0.149304 -1 -0.203197 -1 -1 -1 -1 -0.705794 -1 -0.864688 -0.739745 -0.40689 -1 -0.688861 -1 0.445472 0.799858 -0.699631 -0.851114 -0.671438 -1 -0.963207 -0.0846878 -0.848329 -0.620134 -0.714275 -1 -1 -1 -1 -1 0.289895 -1 0.975754 0.00206381 -1 -1 -0.305476 -0.0260632 0.527404 -1 0.087078 0.296644 0.173639 -1 -1 
0.982005 -0.0541666 -0.25643 -0.0102807 -0.311069 -0.167484 -0.469196 0.0677744 -1 -1 0.395916 -1 -1 -1 -0.0883063 -0.0926795 0.319225 -0.37375 0.56269 -0.402665 -1 -0.196624 -0.83023 -0.76224 0.853662 -0.16106 -1 -0.759719 -0.809885 -0.982773 -0.364224 -0.244311 -1 0.674621 -0.451304 -1 -0.19827 -1 -0.73756 -1 0.125339 -0.982072 -1 -1 -0.916703 0.101318 -1 1 0.506028 0.171125 -0.577207 -0.942027 -1 -0.506181 -1 -0.40245 -0.639327 -0.0100944 -1 -0.39373 -0.813015 -1 -0.959234 0.498893 0.0480442 -0.572766 -0.698119 -0.781223 -0.926905 -1 -1 0.5205 -1 0.816085 -1 -1 -1 -1 -1 -1 0.689338 0.901118 -0.436863 0.254968 0.330835 -1 -0.207021 -0.966057 -1 -0.948979 -1 -0.923947 0.196705 -0.618575 -0.143819 -1 -1 -0.431956 -0.675956 -0.585398 -1 -0.869592 -1 -0.374849 -0.699947 -1 -0.608889 0.445472 0.205353 0.884397 -0.814983 -0.808436 -1 -0.946411 -0.646856 -1 -1 -0.180009 -1 -0.505609 -1 -1 -0.678326 -0.356456 -0.144969 0.87771 0.193984 -1 1 -0.297313 -1 0.773221 -0.950795 -0.557148 0.738415 0.732298 -0.172611 -0.726027 
-0.308362 -0.0541666 -0.25643 0.232325 1 -0.167484 -0.217318 -1 -0.458186 -0.252446 0.0605295 -0.808962 -1 -1 0.25992 -0.128676 0.319225 0.141883 0.514171 -0.457552 0.150532 -0.234107 0.232509 -1 0.464027 -0.283887 -1 -0.935826 -0.896951 -1 -0.825177 0.860294 -1 0.621202 -0.237825 -0.249643 -0.19827 -1 -0.628734 -1 0.232236 -0.824862 -1 -0.435145 -1 -1 -1 0.616699 0.597873 0.171125 -0.577207 -0.624586 -1 0.155124 -1 0.709774 -0.639327 -0.203436 -0.821479 -0.172136 -1 -0.774003 0.0180965 0.318123 0.172449 -0.763739 -1 -0.781223 -1 -1 0.0437497 0.716557 -1 -0.304596 -0.614085 -0.744439 -1 -0.364911 -1 -1 0.689338 0.901118 -0.422373 0.254968 0.0938389 -0.974851 0.0305618 -0.729853 -1 -0.948979 0.196635 -1 0.393769 -1 0.246654 -1 -1 -0.413639 -1 0.88701 -0.717798 -0.210984 -1 -0.40689 -1 -1 -0.933798 0.445472 0.403665 1 -0.851114 -0.807995 -1 -0.996869 -0.139522 -1 -0.778849 -0.214217 -1 -1 -0.790423 -0.873903 -1 0.289895 -0.355142 0.939949 0.55695 -1 0.395253 -0.421302 -0.654362 0.773221 -0.740893 -0.204027 -0.385316 0.732298 -0.295787 -1 
-0.757217 -0.761302 -1 -0.888357 -1 -0.360716 -1 -0.678124 -1 -1 -1 -1 -0.845787 -1 -1 -1 -1 0.105856 1 -0.659633 -1 -0.551477 -0.488427 -0.703691 -1 -1 -1 -0.75326 -1 -0.143965 -1 -0.644608 -1 -0.756169 -0.395935 -0.620997 -1 0.495647 -0.747449 -1 -0.980072 -0.609026 0.71615 -1 -1 -1 -0.391285 -1 -1 -1 -1 -1 -1 -0.0309517 -1 -1 -1 -1 -1 -0.643537 -0.936536 -0.611035 -1 -1 -1 -1 -0.820035 -1 -1 -1 -1 -0.274149 -0.607362 -1 -1 1 -1 -1 -1 -1 0.240467 -1 0.0748549 -1 -1 -1 0.836388 -0.873457 -1 -0.825205 -1 -0.858711 0.494609 -0.524322 -1 -0.787013 -1 -1 -0.554097 0.423365 -0.845319 -1 -0.850497 -1 -0.611717 -1 -0.592157 -1 -1 -0.807494 -1 -1 -1 0.140734 -1 -1 -0.740969 -0.929947 0.685973 0.548331 -0.0281241 1 -1 -0.145311 -0.631323 -1 -1 0.405114 -1 -1 -0.748527 -0.994274 -1 0.788251 -0.254216 0.366165 -1 -1 
0.0366716 -0.388821 -0.598468 0.108089 0.0236193 -0.378713 -0.741928 0.144002 -0.237041 -1 -1 -0.698271 -0.722543 -1 -1 -0.349013 0.209435 0.0652459 0.165823 -0.214958 0.0834512 -0.151917 -0.632533 -0.808879 0.817175 -0.730364 -1 -0.433904 -0.824341 -0.961898 -0.563323 0.846879 -0.842824 -1 -0.255035 -0.417292 0.311013 -0.497562 -0.314496 0.25906 0.244278 -0.610923 -1 -1 0.0355629 0.787061 -1 0.709533 0.843256 -0.0373473 -0.218976 -1 -1 -0.709819 -1 0.934109 -0.349721 -0.583622 -1 -1 -1 -0.300404 -1 0.511248 0.149961 -0.287588 -0.789523 -1 -1 -0.518773 0.295202 0.53559 -0.79252 0.67783 -0.62369 -0.744439 -0.582906 -1 -1 -1 0.480516 0.987284 -0.935074 -1 0.0938389 -1 -0.409878 -0.73496 -1 -1 0.870613 -0.953653 0.236519 -0.15768 0.205215 0.625502 -0.918036 -0.522527 -0.54144 -1 -1 -0.210984 -1 -0.886968 -0.65718 -0.393224 -1 -0.317002 0.478371 0.799192 -1 -0.807995 1 -0.803909 -0.0846878 -1 -0.698736 -0.0867573 -1 -0.201252 -1 -1 -1 0.289895 -1 -0.246395 0.460359 -1 0.25781 -1 0.371117 0.317944 -0.91994 -0.0400635 0.627552 0.732298 -0.54176 -1 
-1 -0.743019 -1 -1 -1 1 -1 -0.864988 -0.580369 -0.806362 -0.778381 -0.987906 -0.650337 -1 -1 -0.656076 -1 1 0.430924 -0.468408 -1 1 -1 -0.81895 -1 -1 -1 -1 -0.928356 -0.759706 -1 -1 -0.755266 -1 0.0905788 -0.668916 -0.572762 -0.210594 -0.0649664 -1 -1 -1 0.970939 -1 -1 -1 -0.882102 -1 -0.878427 -1 -0.958551 -1 -1 -0.56206 -0.47476 -0.975442 -0.9069 -0.954726 -1 -1 -1 -1 -1 -1 -1 -0.910769 -1 0.813688 -0.0464616 -1 -1 -1 -1 -0.503371 -1 0.0981899 -1 -1 -1 0.194596 -1 -1 0.588057 -0.889597 -0.29125 -0.710415 -1 -0.827841 -1 -1 -1 -0.786254 -0.293987 -1 -1 -1 -0.608193 -0.903395 -0.898598 -0.976104 -1 -1 -0.950406 -1 -1 1 -1 -1 -1 0.0640763 -0.328514 -1 -0.681032 0.949875 -1 -1 -0.685256 -1 0.577914 -0.9493 0.44365 0.621609 -1 -1 -0.898405 -1 -1 0.987775 -1 -0.952185 -1 -1 -0.0271752 0.457465 -1 -0.948481 -0.400036 -1 
0.523461 0.235968 -0.110048 -1 -0.911443 -0.562126 -0.0326224 -0.905932 -0.602514 -0.137403 -0.711429 -0.939111 -1 -0.828783 -0.236869 -0.813035 -1 -0.808461 -1 -1 0.615667 -0.0922735 -0.558688 0.134976 -1 -0.873378 -1 -0.350078 -1 -1 -0.938157 -0.721406 -1 -0.595752 -1 -0.846197 -0.631274 -0.978671 -1 -0.640429 -0.209538 -0.786895 -1 0.194453 0.402806 -0.227631 -1 -1 -1 -1 -1 -1 -1 -1 -0.939814 -1 -1 -1 -1 -1 -0.70945 -1 -0.713001 -1 -1 0.0102464 -0.382372 -1 -1 -1 -0.491796 -1 -0.728251 -0.618507 -1 -0.726878 -1 -1 -1 -1 -0.872883 -1 -1 -1 -0.87541 -1 -0.82902 -1 -0.654275 -1 -0.485994 -1 -1 -0.86477 -0.895779 -1 -0.823416 -1 -1 0.119311 -1 -1 -0.926196 -0.193737 -0.857171 -1 -0.843557 -1 0.729906 0.666097 -1 -0.507863 -0.180769 -1 0.511997 0.96723 -1 0.126317 -1 -1 -0.911983 -1 0.0143328 -1 -0.170138 0.129425 -1 -1 -0.415809 -1 -1 -1 -0.401033 -0.83795 -1 -1 -1 -1 
-0.72809 -1 -0.52063 1 0.654852 -1 -0.217318 -0.230475 -1 -1 0.544464 -0.840913 -1 -1 -1 -0.897698 -1 -1 -0.464279 -0.852063 -0.0255944 0.249704 0.232509 -1 -0.466559 -0.629661 -0.96681 -0.464487 -0.620986 -1 -1 -0.410578 -1 0.302874 0.198112 -1 -0.938334 -1 -0.380058 -0.466242 0.429321 -1 -1 -0.908778 -0.056871 0.375832 -1 0.678663 -0.349301 -0.720206 -0.213255 -1 -1 -0.828655 -1 0.485574 -0.349721 -0.749671 -1 -0.488157 -0.999787 -0.578973 -1 0.31402 0.32593 -0.872249 -0.239796 -1 -0.642236 -1 -0.342952 -0.272649 -0.956926 0.394736 -0.745788 -0.709361 -1 -1 -0.9309 -1 0.532261 0.621975 -0.259625 0.103567 -0.787526 -1 -0.433143 -1 -0.861119 -0.83435 -0.52261 -1 0.903384 -0.234098 -1 -0.16316 -0.968703 -0.576346 -1 -0.948019 -0.771944 -1 -1 -1 -0.700046 -1 -0.214435 -0.615468 0.54438 0.713449 -1 -0.807995 1 -0.993935 -0.0846878 -1 -0.336004 0.169514 -1 -1 -0.630731 -1 -1 0.289895 -0.644926 -0.08307 -0.0584854 -1 0.464564 -1 -0.278375 1 -0.683078 0.241224 0.292712 -0.218234 -0.725199 -1 
-1 -0.743019 -1 -0.932972 -1 1 -1 -1 -0.580369 -0.806362 -0.924681 -0.818083 -1 -1 -1 -0.656076 -0.762136 0.512412 0.434567 -0.468408 -1 1 -1 -0.523656 -1 -1 -1 -1 -1 -0.939332 -0.774685 -1 -0.755266 -1 0.0905788 -0.668916 -0.404603 -0.467069 -0.0649664 -1 -1 -1 -0.0448176 -0.678557 -1 -0.811097 -1 -1 -0.878427 -1 -1 -1 -0.598032 -0.736519 -0.47476 -0.975442 -1 -1 -1 -1 -1 -1 -1 -1 -1 -0.910769 -0.625992 0.339001 -0.0464616 -1 -1 -0.795879 -0.896294 -0.368168 -1 0.0981899 -1 -1 -1 0.194596 -1 -1 0.588057 -1 -1 -0.710415 -1 -0.894456 -1 -1 -0.99011 -1 -0.601501 -1 -0.880994 -1 -0.608193 -1 -0.898598 -0.604958 -1 -1 -0.950406 -1 -1 1 -1 -1 -1 0.125184 -0.328514 -1 -0.681032 0.949875 -0.964687 -1 -0.685256 -1 0.740485 -0.9493 0.44365 0.621609 -1 -1 -0.823227 -1 -1 1 -1 -0.745099 -1 -1 0.287462 0.457465 -1 -1 -0.721246 -0.91361 
0.379056 0.235968 -0.110048 -0.8369 -0.97093 0.347013 0.0226589 -1 -0.996697 -0.137403 -1 -1 -1 -1 -0.116638 -0.813035 -1 -0.941144 -1 -1 0.631482 -0.0823748 -0.635646 0.134976 -1 -0.565027 -0.686575 -0.350078 -1 -1 -1 -0.944497 -1 0.129431 -0.922747 -1 -1 -0.610409 -1 -1 -0.00554663 -0.786895 -1 0.16719 0.44174 -0.292777 -1 -0.589433 -1 -1 -1 -0.736464 -1 -0.683224 -0.939814 -1 -1 -1 -1 -1 -1 -1 -0.0247956 -1 -1 0.916881 -0.168923 -0.967525 -0.971679 -0.340672 -0.660985 -1 -0.948331 0.272957 -1 -0.788077 -1 -1 -1 -1 -0.872883 -0.615258 -1 -0.888347 -0.471255 -1 -1 -1 -0.716626 -1 -0.0371763 -0.72147 -1 -0.713434 -1 -0.792089 -0.823416 -0.668223 -1 -0.348988 -1 -1 -0.564822 -0.193737 -1 -0.797227 -0.565103 0.169737 0.337201 0.666097 -1 -0.805409 0.353431 -0.446624 0.642562 0.96723 -1 0.126317 -1 -0.0861977 -0.911983 -0.996829 0.497025 -1 0.715211 0.129425 -1 -1 -0.415809 -1 -0.896807 -0.307239 -0.401033 -1 -1 -1 -1 -1 
-0.180183 -0.747651 -0.806966 0.944662 -0.252842 -0.828281 -0.957772 0.0677744 -0.304841 -0.546173 -0.608817 -0.926698 -1 -1 -0.681113 0.0809611 -0.386335 -1 -0.545313 -1 -1 -0.388508 -0.306844 -1 -0.10583 -1 -0.295912 -1 -1 -0.684607 -0.617893 0.114079 -1 -0.29437 -1 -1 -0.928736 -1 -1 -0.44444 0.468472 -1 -0.637009 -0.332818 -1 0.101318 -0.66765 0.686003 -1 0.171125 -0.92894 -1 -0.719515 -0.707521 -1 -0.0783527 -1 -0.8896 -0.870702 -0.959585 -1 -1 -1 0.0409797 -0.109185 -1 -1 -1 -0.859514 -1 0.121544 -0.156904 -1 -0.181573 -1 -1 -1 -0.797955 -1 -1 -0.641344 1 -0.934068 0.131819 0.330835 -1 -0.756152 -1 -0.623356 -1 -0.426976 -1 0.538044 -1 -1 -1 -1 -1 -0.675956 -1 -0.625045 -0.492846 -0.94839 -0.955236 -1 -1 -1 0.594384 -0.749106 -0.397706 -1 -1 -0.953888 -1 -0.139522 -1 -1 -0.180009 -1 -1 -0.790423 -1 -1 -0.760208 -0.131713 0.248027 0.13712 -1 0.861841 -0.319756 -0.23713 0.939543 -0.920708 -0.236284 -0.101473 0.595511 -0.0656093 -1 
0.661674 -0.0541666 -0.77158 0.346415 1 -0.167484 -0.953731 0.182549 -0.458186 -1 0.243011 -0.808962 -1 -1 0.25992 0.165699 0.319225 0.141883 0.514171 -0.457552 -0.0255944 0.606194 0.232509 -1 0.464027 -0.283887 -0.45004 -0.935826 -0.809885 -1 -1 0.860294 -1 0.621202 -0.00163397 -0.249643 -0.19827 -0.362497 -0.628734 -0.433996 0.232236 -1 -1 -0.38996 -0.507445 0.101318 -1 0.616699 0.597873 -0.152044 -0.407087 -0.898732 -1 -0.333679 -1 0.998083 -0.639327 -0.0100944 -1 -0.418291 -0.459746 -0.774003 0.0180965 0.705329 0.3297 -0.659422 -0.428231 -0.781223 -1 -1 0.0437497 0.520107 -1 0.87493 -0.752844 -0.744439 -1 0.348778 -1 -0.969919 0.689338 0.901118 -0.259625 0.254968 0.0938389 -0.94881 0.0305618 -0.729853 -1 -1 0.122549 -1 0.393769 -1 0.246654 -1 -1 -0.492492 -1 0.513447 -0.717798 -0.210984 -1 -0.40689 -0.608789 -1 -0.462362 0.445472 0.403665 1 -0.851114 -0.807995 -1 -1 -0.139522 -1 -0.921124 -0.857987 -1 -0.958638 -0.790423 -1 -1 0.289895 -0.355142 0.939949 0.656633 -1 0.395253 -0.641159 0.316369 0.773221 -0.740893 -0.204027 0.515524 0.732298 -1 -1 
-0.650615 -0.0541666 -0.370385 0.84206 1 -0.315228 -0.217318 0.0677744 -0.724974 -1 0.499769 -0.808962 -1 -1 0.185926 -0.0208852 0.319225 0.141883 0.514171 -0.457552 -0.0255944 0.606194 -0.112536 -1 0.323068 -0.283887 -0.45004 -0.326407 -0.669664 -1 -0.646634 0.514817 -1 -0.0737002 -0.00163397 -0.706586 -0.19827 -0.497562 -0.628734 -0.235772 -1 -1 -1 -0.38996 -0.0184389 0.129227 -1 1 0.597873 0.171125 -0.927291 -1 -1 0.00952661 -0.523823 0.0927954 -0.639327 -0.310041 -1 -0.666911 -0.459746 -0.774003 -0.446894 0.0308434 0.550723 -0.659422 -0.428231 -1 -0.617796 -1 0.146668 0.5205 -1 0.87493 -0.75006 -0.744439 -1 -0.01526 -0.9309 -1 0.689338 0.901118 -1 0.254968 0.0938389 -1 -0.395436 -0.729853 -1 -0.68253 0.196635 -1 0.393769 -0.609993 -0.179285 -1 -1 -1 -1 0.462431 -1 -0.210984 -1 -0.40689 -0.623187 -0.776002 -0.608889 0.429137 0.475889 0.760921 -0.851114 -0.807995 -1 -0.932996 -0.139522 -1 -1 -0.180009 -1 -0.505609 -1 -1 -0.56133 0.289895 -0.845395 0.939949 0.656633 -1 0.0119649 -0.756006 0.316369 0.773221 -1 0.0996701 0.487981 0.732298 -1 -1 
-1 -0.814809 -1 -1 0.00446311 -0.670039 -1 -0.635626 -0.609791 -0.651599 -1 -0.873054 -1 -1 -1 -1 -0.548709 1 -0.575772 -1 -0.835002 1 -0.476143 -0.887183 -1 -1 -1 -1 -1 -0.591047 -0.299573 -1 -1 -1 -0.496195 -0.834284 -0.303446 0.498619 0.106325 -1 -0.593824 0.665648 -0.0160127 -0.906871 -1 0.225266 -0.478933 -0.538859 -1 -0.872929 -0.369621 -1 -1 -0.899625 -1 -1 -0.737696 -1 0.0666295 -1 -0.318343 -1 -1 -0.718062 -0.862678 -1 -1 -0.89274 0.451624 -1 -0.481683 -0.702872 -1 -1 -0.649229 -1 -1 -1 -0.433831 -0.903234 -0.191644 -1 -0.838011 -1 -0.231983 -0.106637 -0.63999 -1 -1 0.281032 -1 -1 -1 -0.840874 -0.409808 -0.689444 -1 -1 -1 0.821606 -1 -0.96147 -0.701624 -1 -0.810971 0.515406 -0.775822 -1 -1 -1 0.524061 -1 -0.761625 0.77151 -1 -1 -1 -0.629417 -1 -0.383065 -0.8373 0.315984 -1 -0.952582 -1 -1 -0.765072 -1 -1 -1 -1 -1 -1 0.780099 -0.544989 -0.0563069 0.526898 -1 
-0.517895 -1 -0.25643 1 -0.303223 -0.0376713 -1 0.00465278 -0.123042 -1 0.401891 -1 -1 -1 0.25992 0.0849934 0.410872 0.786824 0.415592 -0.457552 -0.0255944 0.480403 -0.806797 -0.76224 0.458745 -0.871271 -0.889142 -0.417873 -0.979615 -0.780903 -1 0.0516567 -1 0.461516 -0.341554 -0.987819 -0.19827 -0.363107 -1 -0.121746 0.232236 -0.982072 -1 -0.38996 -0.0897599 0.297376 -0.740762 0.91785 0.597873 0.171125 -1 -1 -1 0.00952661 -0.501163 0.318961 -0.639327 -0.847293 -1 -0.503109 -0.459746 -1 -0.522089 0.718018 0.851022 -0.659422 -0.89034 -1 -0.726271 -1 0.442887 -0.0228728 -0.658671 0.849542 -0.708598 -0.744439 -1 -0.0874723 -0.9309 -1 0.269684 0.0305097 -0.207443 0.254968 -0.378494 -1 -0.391973 -1 -1 -0.948979 -0.308603 -0.716012 0.700928 -0.382637 -0.809548 -1 -1 -0.431956 -0.960656 0.357953 -1 -0.210984 -0.862744 -1 -0.775168 -1 -1 -0.242109 0.318859 0.569404 -1 -0.807995 -1 -1 -0.627022 -1 -1 -0.180009 -1 0.0123789 -0.790423 -1 -0.56133 0.289895 -0.286306 0.939949 -1 -1 1 -1 0.0866656 -0.415697 -1 -0.743346 0.674308 0.517764 -0.379022 -1 
0.661674 -0.766482 -0.747389 0.944662 -0.252842 0.185336 -0.0226869 0.0677744 -0.500616 -1 0.488707 -0.913142 -1 -1 -0.0883063 -0.0208852 0.358502 -0.886399 0.514171 -0.126354 -0.697211 -0.911202 -0.163871 -1 0.464027 -0.283887 -0.403927 -1 -0.809885 -1 -0.614219 0.860294 -1 0.789341 -0.363483 -1 -0.19827 -0.497562 -0.576421 -0.302928 0.125339 -0.928791 -1 -0.38996 -1 0.101318 -1 0.139442 0.668721 0.171125 -0.630208 -1 -0.963131 0.00952661 -0.511194 0.998083 -1 -0.247793 -1 -0.92766 -0.459746 -1 -1 0.511248 -0.109185 -0.659422 -0.865366 -0.781223 -0.727989 -1 -0.247464 0.5205 -1 0.87493 -0.53947 -1 -1 -0.596806 -1 -0.945528 0.689338 0.901118 -0.835277 -0.104423 0.330835 -0.974851 0.0305618 -1 -0.965386 -1 0.196635 -1 0.277645 -1 0.225933 -1 -1 -0.431956 -0.504432 0.216205 -0.76385 -0.210984 -1 -0.763827 -0.775168 -0.929109 -0.608889 0.445472 0.631081 1 -0.851114 -1 -0.632043 -1 -0.139522 -1 -1 -0.287367 -1 -0.505609 -0.790423 -1 -1 0.510856 -0.0965416 0.614582 0.554662 -1 0.85746 -0.189642 -0.0422728 0.773221 -0.774036 -0.289055 0.639308 0.41585 -0.0656093 -1 
-0.400696 -0.712377 -1 0.217344 -0.0173847 0.149968 -1 0.0677744 -0.649314 -0.993736 0.311057 -0.808962 -1 -1 -0.0883063 -0.0575546 -0.250729 -0.448374 -0.207979 -0.855686 -0.943829 -0.636108 -0.0529149 -1 -0.521646 -1 -0.403927 -0.816415 -0.809885 -1 -0.646634 -0.167415 -0.899999 -0.373456 -0.219774 -1 -0.19827 -0.470518 -1 -0.888945 -0.208852 -0.928791 -1 -1 -1 0.101318 -1 0.817248 -0.202895 0.194587 -1 -1 -1 -0.48962 -0.587097 0.998083 -1 -0.42873 -1 -0.694277 -1 -1 -1 0.904114 0.0639159 -0.659422 -1 -0.781223 -0.726271 -1 -0.245657 0.488543 -1 0.204686 -1 -0.968203 -1 -1 -1 -0.945528 0.689338 0.378945 -0.835277 -1 -0.888297 -0.974851 -0.048321 -1 -1 -1 0.0894369 -0.760605 0.409138 -0.826327 -0.70941 -1 -1 -1 -0.675956 0.174766 -0.897384 -0.198846 -0.872672 -0.40689 -1 -1 -0.608889 -0.551717 -1 1 -1 -1 -1 -1 -0.990299 -0.682275 -1 -0.255285 -1 -0.505609 -0.790423 -0.586764 -0.759145 -0.593001 0.186934 1 0.554662 -1 0.756294 -0.421302 -0.813035 1 -1 0.120154 -0.256438 0.732298 -1 -1 
0.914075 -0.0541666 -1 0.84206 0.556442 -1 -0.217318 0.133433 -0.123042 -1 0.499769 -1 -1 -1 -0.101663 -0.412887 0.0432468 -0.849117 0.514171 -0.742147 0.283303 0.606194 -0.905636 -0.76224 -1 -0.497437 -1 -0.879425 -0.938902 -1 -0.646634 0.490662 -0.969958 -0.200128 -0.654945 -0.249643 -0.108993 -0.941297 -1 -1 0.252334 -0.935548 -0.865158 -0.0350838 0.545426 -1 -0.955871 -1 -0.210825 0.171125 -1 -1 -1 -0.496192 -1 0.451451 -0.457705 0.0373943 -1 -1 -1 -0.457951 -0.630678 0.511248 0.944299 -1 -1 -1 -1 -1 -1 0.0152233 -1 -0.842039 -0.614085 -0.744439 -0.776596 -0.162611 -1 -1 -0.0595447 -0.122928 -0.0968713 -1 0.0938389 -0.926376 -0.881953 -1 -1 -0.967168 -1 -1 -0.420351 -1 -0.123186 -1 -1 -1 -1 -0.860762 -1 -0.864688 -1 -0.897278 -0.958401 -1 -1 0.445472 0.799858 -0.699631 -0.630902 -1 -0.197495 -0.963207 -0.0846878 -0.848329 -0.620134 -0.428732 -1 -0.505609 -1 -0.856962 -0.812031 -0.719171 -0.773181 1 0.656633 -1 -0.763807 -0.70683 -0.0269242 0.521466 -0.627774 0.087078 0.639308 0.470438 -0.673559 -0.943342 
-1 -0.664688 -0.551823 -1 -0.85271 -1 -0.109078 -0.640343 0.320562 -1 -1 0.387346 -0.295789 -1 -1 -0.566737 -1 -0.334446 0.433792 -0.857044 -1 0.602409 0.302942 1 -0.68849 -1 -1 -0.835588 -1 -0.963333 -1 -0.66813 -1 -1 -0.427269 -1 -0.392121 -1 0.117321 -0.875489 -0.37807 -1 0.140542 -0.791306 0.668171 -1 -1 -0.919269 -0.506585 -0.959484 -1 -0.310424 -0.829079 -1 -0.614552 -1 -1 -1 -1 -1 -0.653809 -1 -1 -0.723934 -1 -0.461184 -1 -0.696484 -0.830081 1 -1 -1 -1 -1 -1 -1 -0.840571 -1 -1 -1 -0.801477 -1 -1 -1 -1 -0.915605 -0.900171 -1 -1 -0.838486 -1 -0.647522 -1 -0.153745 -1 0.0335411 -1 -0.939919 -1 -1 -1 -1 -0.570199 -0.0329251 -0.957077 -0.287008 -0.378892 -0.600482 -1 -1 -0.847851 0.31636 0.618728 1 -0.0238241 -0.653962 -1 -0.806119 -1 0.298218 0.0311258 -0.744148 -0.890267 -0.693758 -0.457787 -1 -0.947139 0.553459 -1 -1 1 -1 0.44657 -1 -1 -0.487816 -1 -1 
-1 -0.814809 -1 -1 0.00446311 -1 -1 -1 -0.609791 -0.546589 -1 -0.621453 -1 -1 -1 0.079282 -0.548709 1 -0.575772 -1 -1 1 0.450462 -1 -1 -0.994881 -0.524556 -1 -1 -0.781507 -0.45212 -1 -1 -1 -0.496195 -0.834284 -0.646679 0.498619 0.106325 -1 -0.944461 0.273696 -0.0160127 -0.81783 -0.728575 0.195153 -0.478933 -0.901598 -1 -0.872929 -0.369621 -1 -1 -1 -1 -0.645678 -0.838963 -1 0.0666295 -1 -0.318343 -0.961656 -0.727735 -0.718062 -1 0.0523632 -1 -1 0.451624 -1 -0.481683 -0.702872 -1 -1 -0.248661 -1 -1 -1 -0.433831 0.0460016 0.00197816 -1 -0.713428 -1 -0.563335 -0.106637 -0.0941595 -1 -0.604097 0.281032 -0.938548 -1 -0.869096 -0.840874 -0.252327 -0.535625 -1 -1 -1 0.821606 -1 -1 -1 -1 -0.810971 0.515406 -0.775822 -0.934484 -0.805101 -1 0.230202 -1 -0.0357778 0.77151 -0.871595 -0.934134 -1 -0.629417 -0.47343 -0.368603 -0.8373 0.418919 -1 -0.451514 -1 -1 -1 -1 -1 -1 -1 -1 -1 0.780099 0.431001 0.40304 0.354823 -1 
0.289162 -0.0541666 -0.290302 0.84206 0.85341 -1 -1 0.0677744 -0.220679 -0.20475 0.499769 -0.913845 -1 -1 0.258711 -0.178689 0.304213 -1 0.514171 -0.457552 -0.196855 0.606194 0.279863 -0.76224 0.0245079 -0.283887 -0.45004 -0.417873 -1 -1 -0.986855 1 -1 0.659858 -0.665875 -0.583316 -0.917971 -0.745663 -0.628734 -0.235772 -0.231191 -0.982072 -1 -0.38996 -1 0.101318 -0.740762 0.616699 0.597873 0.0773725 -0.604536 -1 -1 0.00952661 -0.587097 0.998083 -0.821783 0.111687 -1 -0.172136 -0.922498 -1 -0.0520365 0.533018 0.550723 -0.950616 -0.627855 -0.617799 -1 -1 0.393828 0.0867384 -1 0.564752 -0.614085 -0.841525 -1 -0.776044 -1 -1 0.791909 0.901118 -0.259625 0.254968 0.213355 -0.974851 0.0305618 -0.76879 -1 -0.948979 -1 -0.654462 0.137702 -0.618575 0.246654 -1 -1 -0.833704 -0.750936 1 -0.848799 -0.210984 -1 -0.798122 -0.775168 -0.779537 -0.608889 0.430498 0.403665 0.0842119 -1 -0.775545 -1 -1 -0.139522 -1 -1 -0.532752 -1 -0.766317 -0.790423 -1 -0.557269 0.289895 -0.355142 0.33218 0.656633 -1 0.395253 -0.421302 -0.0427119 0.773221 -1 -1 0.895387 0.911181 -0.0656093 -1 
-0.996527 -0.00705746 -0.120951 0.836189 0.427722 -0.949112 -0.746211 -0.146485 -0.123042 -0.650184 0.415367 -0.94396 -0.98748 -1 0.25992 -0.0208852 0.410872 0.465511 0.415592 -0.546313 -0.0255944 0.480403 -0.104784 -0.881144 0.458745 -0.459846 -0.45004 -0.417873 -0.998782 -1 -1 0.860294 -0.888087 0.461516 -0.341554 -0.249643 -0.19827 -0.363107 -0.631909 -0.235772 0.232236 -0.982072 -1 -0.385654 -0.0184389 0.101318 -0.740762 1 0.597873 0.171125 -0.371228 -1 -1 0.12847 -1 0.998083 -0.639327 -0.847293 -0.827265 -0.207471 -0.459746 -0.774003 -0.573343 -0.435305 0.851022 -0.659422 -1 -0.965964 -1 -1 0.0437497 0.5205 -0.658671 0.849542 -0.614085 -0.687649 -1 -0.60046 -0.9309 -0.965963 0.689338 0.713523 -0.259625 0.254968 0.0938389 -0.580115 -0.291858 -1 -1 -0.948979 -0.245725 -0.755574 -0.107939 -0.382637 -0.809548 -1 -1 -0.431956 -1 0.513447 -0.828195 -0.210984 -1 -0.40689 -0.739652 -1 -1 -0.597273 -0.0453277 0.569404 -0.851114 -0.807995 -1 -1 -0.54074 -1 -1 -0.611087 -1 -0.33382 -0.790423 -1 -0.56133 0.289895 -0.286306 0.939949 -0.927974 -1 1 -0.675868 -0.245753 0.113217 -0.740893 -0.743346 0.740216 0.517764 -0.831931 -1 
-1 -1 -0.164556 -0.903672 -0.301278 0.844885 -1 -1 0.0352679 -1 -0.555558 -0.0581679 -0.904926 -0.557364 -1 0.0164109 -0.430774 0.979782 -0.261615 -0.219815 -0.978746 -0.452894 -0.0544851 -0.764628 -0.802944 -1 -0.440605 -0.655662 -0.152362 -1 -1 -0.962994 -1 -0.661858 -0.145545 -0.762524 0.7445 0.911788 0.269971 -1 -1 0.376584 -0.629684 -1 -0.70082 -0.126146 0.322928 -0.82606 -0.892942 -0.433679 -1 -0.0430738 0.408111 -0.16667 -0.61041 -1 -0.170899 -1 -1 -0.940722 -0.955173 -1 -0.724742 0.273906 -0.425508 0.0523632 -1 -1 0.863171 -1 -0.0621535 0.706073 -0.504408 -1 -0.248661 0.849255 -1 -0.973827 -1 -1 0.0562749 -1 -1 -1 -0.805133 -0.835488 -0.0941595 -1 0.0731077 -0.981715 -1 -1 -1 -0.329516 -0.651441 -0.931997 -0.841879 -1 -0.803955 -1 -1 -1 -1 -1 -1 0.352546 -0.792088 -1 -1 -0.924523 0.753587 -1 0.192147 0.716345 -1 -0.959889 -1 -0.93956 0.576404 0.0358436 0.221562 0.335093 -1 -1 -1 -1 -0.666373 -1 -1 -0.951134 -1 -1 -0.0283524 0.780099 0.0472443 0.469409 -0.431727 -0.227014 
-1 -0.743019 -1 -1 -1 0.184645 -1 -1 -1 -1 -1 -0.805868 -1 -1 -1 -1 -1 1 0.434567 -0.781544 -1 0.922841 -0.762084 -0.610808 -1 -1 -0.776822 -1 -1 -0.85819 -1 -1 -1 -0.730595 0.071346 -0.85738 0.040213 0.165681 -0.0649664 -0.994488 -1 -1 0.970939 -1 -1 -1 -1 -1 -1 -0.858526 -1 -1 -0.810079 -1 -0.532477 -1 -1 -0.954726 -0.711998 -1 -1 -0.915323 -1 -1 -1 -0.686429 -1 -0.327836 -0.31616 -1 -0.898627 -1 -1 -0.761681 -1 0.0981899 -1 -1 -1 0.194596 -1 -1 0.536731 -0.827854 -0.29125 -1 -1 -0.827841 -1 -0.680423 -0.851372 -1 -0.556276 -1 -1 -1 -1 -0.93266 -1 -1 -1 -1 -1 -1 -0.940598 1 -1 -1 -1 -0.818359 -0.421961 -1 -0.922875 0.881269 -1 -1 -0.685256 -1 0.764051 -0.9493 -0.0403851 0.273448 -1 -1 -1 -1 -1 0.82401 -1 -1 -1 -1 -0.412411 0.928584 -0.911121 -0.948481 -0.721246 -0.985186 
0.313618 -0.388821 -1 1 -0.107651 0.0468701 -0.217318 0.144002 -1 -0.64559 0.665325 -0.698271 -0.622967 -0.685488 0.25992 -0.645022 0.207291 0.0652459 0.0670161 -1 -0.0456283 0.00422689 0.329626 -0.373192 0.817175 -0.0449298 -1 -0.870943 -0.917686 -0.621735 -0.867529 -0.0900779 -1 -0.613839 0.599868 0.00883719 0.451412 -0.882752 -0.0775188 0.15138 0.244278 -0.388446 -1 -0.38996 0.230346 -0.115822 -1 0.709533 0.682664 -0.316492 -0.218976 -0.731303 -1 -1 -0.954319 0.998083 -1 -0.583622 -0.937879 -1 -0.471028 -0.494857 -0.822255 -0.297486 0.171154 -0.733302 -1 -1 -0.649019 -0.518773 0.196026 0.328889 -1 0.64179 -1 -1 -1 0.0105764 -0.758095 -0.8974 0.480516 0.901118 -0.843198 -1 0.0938389 -1 -0.298595 -0.73496 -1 -1 -0.0167687 -1 -0.196923 -0.29146 0.423136 0.625502 -0.478172 -1 -0.883651 -0.716913 -1 -0.618517 -1 -1 -0.65718 -1 -1 -0.180901 0.450824 0.492807 -0.584963 -0.807995 0.941042 -0.961288 -0.687239 -0.812377 -0.553434 -0.0867573 -1 -0.636588 -1 -1 -1 0.356492 -1 -0.246395 0.370086 -1 0.25781 -1 0.371117 -0.618008 -0.530206 0.705498 0.627552 0.732298 0.0901286 -0.828772 
0.185596 0.233157 0.362304 -1 -0.735073 0.807584 -0.231089 -0.43672 -0.218408 -0.218737 -0.349149 0.882873 -0.502141 -0.0140981 -0.93591 -1 -0.052842 0.354486 -0.137957 -0.146251 -0.343246 0.0744071 -0.338509 -0.712367 -0.192116 0.703615 0.532892 -0.793603 0.310244 -0.287323 0.232087 0.0237214 0.00209498 0.144831 1 -0.902911 0.0133711 0.735661 0.312392 0.536328 -0.15332 0.706705 0.189688 0.386045 -0.0842792 -0.592888 0.26477 0.854897 -0.13113 0.569061 0.563186 -0.296808 0.264467 0.143257 -0.0424538 -0.137217 -0.792033 0.391994 0.730089 -0.326275 -0.427639 -0.505817 0.531116 -0.675058 0.13586 -0.0548937 -0.211776 -1 -0.688724 0.723368 0.639573 0.90869 0.80716 -0.128904 0.321268 -0.719156 0.423995 -0.295524 -0.577875 -0.511128 -1 -0.586467 -0.985793 -0.324581 0.541411 0.850239 -0.0629244 0.771937 0.692966 0.971017 -0.644618 -0.152434 -0.0609098 0.434011 0.110564 -0.0583547 -0.0138153 -0.141852 -0.240241 0.215371 -0.088861 -0.826813 -0.880803 -0.801874 0.365913 0.542726 -1 0.828936 0.77435 0.682755 -0.766868 0.724863 0.953077 0.832329 -0.519701 -0.956312 0.546424 -0.799918 -0.909214 -1 -0.102989 0.780539 0.286538 0.114305 0.794171 -0.866682 0.749815 0.00403559 -0.706197 0.0303283 0.538789 0.563041 -0.0998686 0.620173 -0.168519 0.729124 -0.619116 -0.247712 
0.661674 -0.658943 -1 -0.50153 0.641609 -0.255999 -0.217318 0.0677744 -0.898305 -0.555926 -0.290341 -1 -1 -1 0.25992 -0.638945 0.319225 -0.482479 -0.891226 -0.97234 -0.0255944 0.606194 -1 -1 0.464027 -0.638501 -0.234536 -1 -0.809885 -0.876857 -0.898624 0.577549 -1 -0.125059 -0.00163397 -0.249643 -0.678739 -0.403045 -1 -1 -0.00961526 -1 -1 -0.38996 -0.282587 0.101318 -0.740762 0.616699 0.597873 0.171125 -1 -0.898732 -1 0.00952661 -0.986523 -0.708205 -1 -0.656451 -1 -0.172136 -0.459746 -0.42323 -0.384702 0.511248 0.172449 -0.897922 -0.815386 -0.760465 -1 -0.728006 -0.66639 0.595684 -1 0.87493 -0.47084 -0.635282 -1 0.348778 -1 -1 0.714856 0.0418703 -1 -1 0.0107303 -0.974851 -1 -0.729853 -1 -0.948979 -0.839764 -1 0.789117 -1 -0.724109 -1 -1 -0.696218 -1 0.0781831 -0.693219 -0.876182 -1 -0.101426 -1 -1 -0.335166 -0.736564 -0.250833 0.0484552 -0.851114 -1 -1 -1 -0.676736 -1 -1 -0.00157981 -1 -0.958638 -1 -1 -1 0.289895 -0.402646 0.758175 0.656633 -1 0.395253 -1 -1 0.0790344 -0.868969 -0.204027 -0.69037 0.113214 -0.621717 -1 
-1 -0.449511 0.169106 -1 -1 -1 -0.468519 -0.510938 -1 -1 -0.777292 -0.843987 -1 -0.86745 -0.762355 -1 -1 -1 0.589758 -0.653188 -1 0.297753 0.212346 -0.444042 -0.815095 -1 -1 -0.896078 -1 -1 -0.951313 -0.991755 -1 -1 -1 -0.933238 -0.926615 -1 -1 -0.357773 -0.830306 -1 0.777129 -0.169041 -0.337525 0.0350813 -0.900529 -0.499995 -1 -1 -0.899147 -0.888167 -1 -1 -1 -1 -1 -0.736117 -1 -0.951152 -1 -1 -1 -1 -1 -1 -0.616972 -1 -1 -1 -1 -0.866817 -1 -0.896337 -1 -0.642739 -1 -1 -0.957342 -0.624054 -1 -1 -0.346167 -1 -1 -1 -0.972892 -1 -0.186385 -1 -0.753379 -0.499415 -1 -0.214608 -1 -1 -0.695359 -1 -1 -1 -1 -1 -0.261549 -1 -0.943514 -1 -0.2826 -1 0.0969887 -1 -1 -1 -0.596823 0.186145 0.109698 -1 -1 -1 -1 1 -0.983905 -1 -1 0.654155 -1 -0.765589 -1 0.0406941 -1 -0.84964 -1 -1 0.0472986 -1 -1 -0.602904 -1 -1 
-0.582796 -0.761739 -0.394004 -1 -0.777269 -1 -1 -1 0.38533 -0.925736 -1 -1 -0.822984 -1 -1 -1 -1 -0.466414 0.443904 -0.673074 -0.396035 -1 -1 0.765755 -1 -0.770193 -1 -0.861783 -1 -1 -0.383872 -0.969468 -1 -1 -0.590429 -1 -0.488849 -1 -0.877191 -0.790314 -0.661691 -1 0.353113 -1 0.371615 -0.994878 -0.764059 0.129285 -1 -1 -1 -0.768776 -1 -1 -0.156588 -1 -1 -0.691488 -1 0.289155 -1 -1 -0.630084 -1 -1 -0.919751 -0.992831 -0.130003 -0.7 0.826979 -1 -1 -0.577982 -1 -1 -0.274139 -1 -1 -0.699144 -1 -0.706794 -0.588162 -0.941692 -1 -1 -1 -1 -1 -1 -0.111836 -1 -1 -1 -0.553663 -1 0.411206 -1 -0.882793 -1 -0.977055 -1 -0.960312 -1 -1 -0.519731 -1 -0.419461 -1 -0.617852 -0.0614632 0.256814 -0.652418 0.618728 1 -0.440733 -1 -0.944668 -1 -1 0.132218 1 -0.975602 -1 -0.535519 -1 -0.876445 -0.741598 -0.672381 -1 -0.69295 -0.206447 -0.9087 0.0014493 -0.973252 -0.9688 0.163458 -1 -1 
0.661674 -0.179828 -0.725043 1 1 -0.0286587 -0.217318 0.0433418 -1 -0.555926 0.243011 -1 -1 -1 -0.238276 -0.67645 -0.334394 -0.0429689 0.373271 -0.381791 -0.0213095 0.606194 -0.173775 -1 -0.0333762 -0.71256 -0.45004 -1 -1 -1 -0.986855 -0.719866 -1 -0.420821 -0.00163397 -0.249643 -0.643738 -1 -1 -0.433996 0.232236 -1 -1 -0.38996 -0.507445 0.101318 -1 0.196145 0.0713651 -0.100928 -0.577207 -1 -0.610736 -1 -1 0.336386 -0.639327 -1 -0.763812 -1 -0.675151 -1 -1 0.0447567 -0.0797004 -1 -0.428231 -0.816267 -1 -0.704956 -1 0.5205 -1 0.296391 -0.614085 -0.770978 -1 -0.796646 -1 -1 0.689338 0.392484 -0.259625 -0.473923 -0.111129 -1 -0.534323 -0.600377 -1 -0.948979 -0.970888 -1 0.21242 -1 -0.949625 -1 -1 -0.721164 -1 0.279113 -1 -1 -1 -0.40689 -0.670095 -1 -1 -0.923421 0.565833 1 -0.851114 -0.807995 -1 -1 -0.713399 -0.737393 -0.677178 -0.214217 -1 -0.895777 -1 -0.930047 -1 -1 -0.704723 0.939949 0.433795 -1 0.468109 -0.421302 -0.0391358 0.773221 -0.740893 -1 0.469292 0.732298 0.0442232 -1 
-0.387725 -1 -0.121499 1 0.637926 -1 -0.520496 -0.423152 -1 -1 0.499769 -0.840913 -1 -1 -1 -1 -0.19475 -1 0.261067 -1 -0.0255944 0.539089 0.232509 -1 -1 -1 0.159582 -1 -1 -1 -1 0.860294 -0.969958 0.39798 0.198112 -0.812879 -0.499988 -1 -0.748294 0.391793 0.508119 -0.733409 -0.812948 -0.200907 -0.516441 -0.257362 -1 -0.758028 0.590801 -0.0764703 -0.213255 -1 -1 -0.344268 -1 0.320819 -0.0524139 -1 -0.979382 -0.0032129 -1 -0.139518 -1 0.391116 0.32593 -0.834995 -0.567169 -1 -1 -1 -0.342952 0.53559 -0.465434 0.656382 -1 -1 -1 -1 -1 -1 0.532261 0.621975 -0.259625 -1 0.0609655 -1 -1 -1 -1 -0.838861 0.196635 -1 0.536934 -0.316307 -0.712864 -0.393831 -1 -0.238061 -0.143721 -0.948019 -1 -1 -0.854678 -1 -0.775168 -0.931282 -0.247754 0.408853 0.729279 0.744281 -1 -1 0.507595 -0.993935 -0.0846878 -1 -0.336004 0.169514 -1 -1 -1 -1 -0.89064 -0.116176 -0.644926 -0.817011 -0.514435 -1 1 -1 -0.559178 0.698941 -0.787547 -1 0.231107 0.732298 -0.196472 -1 
0.534281 0.199317 -0.698236 0.84206 0.427722 -0.558213 -0.718064 0.0412791 -0.123042 -0.390459 0.499769 -1 -0.57819 -1 -0.563001 -1 0.59005 0.465511 -0.492378 -1 -0.259818 0.551018 0.232509 -1 0.464027 0.094669 -0.45004 -0.693416 -1 -1 -0.951033 0.860294 -1 0.483044 -1 -0.597942 -0.515353 -0.675405 -1 -0.235772 0.232236 -0.982072 -1 -0.38996 -0.081194 -0.448677 -1 1 -0.612706 -0.651041 -0.750908 -1 -1 -0.328061 -0.587097 0.0638216 -1 -0.0448669 -1 -1 -0.710121 -0.774003 -1 0.511248 0.287417 -1 -0.716275 -0.781223 -1 -1 0.534337 -0.0953792 -1 -0.127066 -1 -1 -1 -0.113169 -0.9309 -1 0.866196 0.901118 -0.259625 -0.504026 -0.467441 -1 -0.291858 -1 -1 -1 -0.245725 -1 0.393769 -0.618575 -0.0965519 -0.645782 -1 -0.431956 -1 0.897442 -1 -0.611698 -0.761877 -0.86112 -0.910935 -1 -0.588473 -0.092838 0.318859 0.879789 -0.851114 -0.807995 -1 -1 -0.139522 -1 -1 -0.180009 -1 -0.364513 -0.672515 -1 -1 -0.143568 -0.286306 0.939949 0.179488 -1 1 -0.364751 -0.282789 0.378625 -0.920838 -0.902076 0.14685 0.517764 -1 -0.951655 
0.313618 -0.388821 -0.265651 0.926056 -0.107651 0.0468701 -0.217318 -0.853998 -1 -0.633169 -0.214997 -0.698271 -1 -1 0.25992 -0.645022 0.207291 -0.367707 0.105673 -0.066339 -0.24461 -0.151917 0.329626 -1 0.817175 -0.283887 -1 -0.870943 -0.822113 -0.621735 -0.845852 -0.0900779 -1 -0.613839 0.248615 0.00883719 -0.583487 -1 -0.0775188 -0.180318 0.244278 -1 -1 -0.38996 0.230346 -0.115822 -1 0.876228 0.682664 -0.875133 -0.218976 -1 -1 -0.0505425 -0.954319 0.998083 -1 -0.583622 -0.937879 -1 -0.762388 -0.794823 -0.822255 -1 0.171154 -0.733302 -1 -1 -1 -0.450948 0.296059 0.328889 -1 0.67783 -1 -1 -1 0.0105764 -0.830647 -0.823758 0.480516 0.901118 -0.843198 -1 0.192781 -1 -0.298595 -0.73496 -1 -1 -0.0167687 -0.951314 -1 -0.29146 0.40188 0.625502 -0.344441 -1 -0.54144 -0.375387 -1 -0.539504 -1 -1 -0.65718 -1 -1 -1 0.625967 0.492807 -0.352236 -0.807995 0.916032 -0.961288 -0.0928043 -0.812377 -0.553434 -0.0867573 -1 -0.636588 -1 -1 -1 0.275137 -1 -1 0.366463 -0.885615 0.25781 -1 -0.700074 0.317944 -0.530206 -0.305713 -0.300397 0.128145 0.0901286 -0.731538 
0.46473 -0.354609 -0.640059 0.630809 -0.252842 -0.145029 -1 -0.492189 -1 -0.895994 0.290688 -0.808962 -1 -1 -0.0883063 -0.0208852 0.0658433 0.506624 0.0989935 -0.341724 -0.681639 -0.603655 -0.392986 -1 0.464027 -1 -1 -0.69131 -1 -1 -0.646634 0.860294 -1 0.659858 0.111171 -1 -1 -0.124082 -0.597915 -0.85824 0.285271 -1 -1 -0.38996 -0.791112 -0.67026 -1 0.640633 0.333253 0.301683 -0.757761 -1 -1 0.00952661 -0.949657 0.998083 -0.639327 -0.0100944 -1 -1 -0.328633 -1 -1 -0.262146 -0.506181 -0.659422 -0.398214 -0.781223 -0.76649 -1 -0.827625 -0.407911 -0.973378 -1 -1 -1 -1 0.348778 -1 -0.945528 0.689338 0.353062 -0.835277 0.254968 0.2673 -0.987063 0.0305618 -1 -1 -1 0.196635 -1 0.393769 -0.500543 -0.872972 -1 -1 -0.876452 -0.675956 0.513447 -0.493107 -0.471075 -1 -0.40689 -1 -1 -0.84816 0.445472 0.710239 0.407123 -1 -1 -0.632043 -0.908587 -0.42285 -1 -1 -0.401282 -1 -0.843728 -0.804544 -0.789312 -0.56133 0.289895 -0.70401 0.574985 0.115484 -1 1 -0.405511 -0.0422728 0.967278 -1 -0.879014 0.00281304 0.705086 -0.736487 -1 
0.661674 -0.0545195 -1 0.84206 0.178561 -0.141701 -0.746211 0.0199089 -0.217223 -0.390459 0.499769 -1 -1 -0.926652 0.25992 -1 0.377147 0.465511 0.514171 -1 -0.172327 0.551018 0.0399298 -0.76224 0.464027 -0.224433 -0.45004 -0.417873 -0.92363 -1 -1 -0.15067 -1 0.485796 -0.555616 -1 -1 -1 -0.628734 -0.235772 0.232236 -0.982072 -1 -1 -0.0184389 0.101318 -0.740762 1 0.597873 0.171125 -0.49458 -1 -1 -0.522821 -1 1 -0.639327 -0.0100944 -1 -0.370887 -0.658228 -0.774003 -0.830946 -0.666917 0.550723 -0.822851 -0.938297 -1 -1 -1 0.0437497 -0.508981 -1 0.530978 -0.614085 -0.744439 -0.850618 -0.113169 -0.9309 -1 0.689338 0.901118 -0.489973 0.254968 0.416151 -0.85762 -1 -1 -1 -0.948979 -0.697595 -1 0.393769 -0.311895 -0.0965519 -1 -0.612862 -0.953939 -1 0.798247 -0.625045 -0.572142 -1 -0.203816 -0.775168 -1 -0.752788 0.0946715 -0.228909 0.498326 -0.851114 -0.807995 -1 -0.963207 -0.874925 -1 -1 -0.180009 -1 -0.312117 -0.790423 -0.995087 -1 0.289895 -0.286306 0.939949 -1 -1 0.719154 -0.421302 0.220615 0.773221 -0.731949 -0.743346 0.740216 0.517764 -0.275427 -1 
0.476893 -0.0541666 -0.698236 0.84206 0.427722 -0.167484 -0.874036 0.0199089 -0.123042 -0.569782 0.499769 -1 -1 -1 0.120893 -1 0.59005 0.626554 0.514171 -1 -0.172327 0.551018 0.232509 -0.76224 0.239319 -0.224433 -0.45004 -0.417873 -0.809885 -1 -1 0.860294 -1 0.483044 -0.341554 -0.249643 -0.19827 -0.363107 -0.65654 -0.235772 0.232236 -0.982072 -1 -0.38996 -0.0184389 0.101318 -0.751123 1 0.597873 0.171125 -0.559993 -1 -1 -0.349999 -0.965634 0.998083 -1 -0.824709 -1 -0.172136 -0.710121 -0.774003 -0.830946 -0.355297 0.550723 -1 -1 -0.781223 -1 -1 0.174216 0.5205 -1 0.999512 -0.614085 -0.744439 -0.850618 -0.836231 -1 -1 0.689338 0.901118 -1 0.157275 -0.118332 -0.974851 -0.291858 -1 -1 -0.948979 -0.245725 -1 0.487256 -0.618575 -0.0965519 -1 -0.612862 -0.712557 -1 0.532131 -0.625045 -0.611698 -1 0.127137 -0.946362 -0.709192 -0.713916 -0.092838 0.318859 0.879789 -0.851114 -1 -1 -1 -0.139522 -1 -1 -0.21134 -1 -0.364513 -0.87418 -1 -1 -0.143568 -0.286306 0.939949 0.179488 -1 1 -0.423613 0.222289 0.773221 -0.740893 -0.385308 0.740216 0.517764 -0.0656093 -1 
-1 -0.814809 -1 -1 -0.398488 -1 -0.84784 -0.90052 -0.609791 -0.677909 -1 -0.621453 -1 -1 -1 0.079282 -0.548709 1 -0.575772 -1 -1 1 -0.583972 -0.887183 -1 -0.660715 -0.524556 -1 -1 -0.591047 -0.563155 -1 -1 -1 -0.422181 -0.508627 -0.303446 0.498619 0.106325 -1 -1 -0.580881 -0.0160127 -1 -0.350388 0.505652 -0.478933 -0.901598 -1 -1 -0.369621 -1 -1 -0.899625 -1 -0.645678 -0.737696 -1 0.0666295 -1 -0.318343 -0.961656 -1 -0.718062 -1 0.0523632 -1 -1 0.451624 -1 -0.481683 -0.74288 -1 -1 -1 -1 -1 -1 -0.433831 0.0460016 0.994336 -1 -1 -1 -0.563335 -0.106637 -0.0941595 -1 -1 0.281032 -0.938548 -1 -0.869096 -0.840874 -0.409808 -0.535625 -1 -1 -1 0.821606 -1 -1 -1 -1 -0.810971 0.515406 -0.775822 -0.934484 -0.690782 -1 1 -1 -0.0357778 0.77151 -0.871595 -1 -1 -0.629417 -0.47343 0.451726 -0.8373 0.418919 -1 -0.451514 -1 -1 -0.765072 -0.610448 -1 -1 -1 -1 -1 0.780099 0.283379 0.40304 0.582724 -1 
0.0872048 -1 -0.533858 -1 -0.766708 -1 -1 -1 -1 0.434609 -1 -0.783992 0.954754 -0.555615 -0.31562 -0.964064 -0.0517042 -1 -0.202369 0.400056 -0.825059 -0.688081 0.743775 0.357311 -1 -0.974027 -0.0124225 -1 -1 0.938929 -1 -1 -1 -0.397561 -1 -0.944408 -0.185309 0.669621 -0.353436 -0.138428 0.148036 -1 0.691844 -1 0.255586 0.54422 0.124727 -0.285944 -0.784323 -0.822738 -1 -0.874913 -1 -1 -1 -1 -0.362672 -0.167868 -0.939751 -0.146125 0.562999 0.681909 -1 0.341317 -0.970326 -1 0.308941 0.914605 -0.911939 -1 -0.737222 0.0134805 -0.876657 -0.865492 -1 0.431381 -1 -0.912023 -0.610255 -1 -0.609478 -1 -1 -1 -1 -1 -1 -1 -1 0.953016 0.100085 -0.97313 -1 -0.709968 -0.41713 -1 -1 -1 -1 -0.157219 -1 -0.346366 -1 -1 -0.847807 -1 -0.874218 -1 0.237646 -1 -1 1 -1 -0.722532 -1 0.584655 -1 -0.811171 -0.631495 0.707302 -0.838626 -1 0.518013 -0.205794 -1 -1 -1 -1 -1 -0.491255 -1 -1 0.574001 -1 -0.709065 0.645329 0.113224 -0.159361 
-1 -0.743019 -0.657119 -1 -1 1 -1 -0.864988 -0.580369 -0.806362 -1 -0.756995 -1 -1 -1 -0.591542 -1 1 0.467421 -0.766017 -1 0.220474 -0.815224 -1 -0.72046 -1 -1 -0.74993 -1 -0.956007 -0.698162 -1 -0.600872 -1 0.0905788 -0.861249 -1 0.264834 -0.53459 -1 -1 -1 0.970939 -1 -1 -1 -0.897658 -1 -1 -1 -0.958551 -1 -1 -1 -0.47476 -0.975442 -0.9069 -0.954726 -1 -0.998256 -1 -1 -1 -1 -1 -1 -1 0.402562 -0.00386599 -1 -0.898627 -1 -1 -1 -1 0.0981899 -1 -1 -1 -0.065798 -1 -1 0.73213 -0.889597 -0.29125 -0.710415 -1 -1 -1 -1 -0.461665 -1 -0.529612 -1 -1 -1 -0.345565 -0.903395 -1 -1 -1 -1 -0.950406 -1 -0.752906 -0.231975 -1 -1 -1 -0.630762 -0.328514 -1 -0.505615 1 -1 -0.749631 -0.685256 -1 0.918071 -0.9493 0.44365 0.815843 -1 -1 -0.444074 -0.983501 -1 0.585432 -1 -0.745099 -0.609799 -0.975947 -0.772139 0.928584 -0.911121 -0.948481 -0.562651 -1 
-0.593123 -0.0915014 -0.95341 0.836189 0.427722 -0.0376713 -1 0.0908059 -0.123042 -0.650184 0.347042 -0.808962 -1 -1 0.251146 -0.0208852 0.0730709 0.465511 0.415592 -0.833017 -0.451798 0.480403 0.232509 -0.76224 -0.972818 -0.246137 -0.404967 -0.417873 -1 -1 -1 0.798455 -1 0.461516 -0.341554 -0.249643 -0.19827 -0.363107 -0.628734 -0.118778 0.232236 -0.982072 -0.705135 -0.355054 -0.0184389 -0.361152 -0.740762 0.983083 0.597873 0.171125 -0.371228 -1 -1 0.00952661 -0.587097 0.998083 -0.639327 -0.937754 -1 -0.0568795 -0.656229 -1 -1 0.289631 0.851022 -0.659422 -1 -1 -0.726271 -1 0.0437497 0.5205 -0.658671 0.306405 -1 -0.744439 -1 -0.805893 -1 -1 0.343791 -0.0734607 -0.259625 0.254968 0.0938389 -1 -0.291858 -1 -1 -1 -0.245725 -0.755574 0.680045 -0.382637 -1 -1 -1 -0.430878 -1 -0.542626 -1 -0.525499 -1 -1 -0.775168 -0.864304 -1 -1 0.318859 0.396139 -0.551798 -0.807995 -1 -1 -0.812717 -1 -1 -0.0454847 -1 -0.33382 -0.485825 -0.805358 -1 0.289895 -0.286306 0.939949 -0.989483 -1 1 -0.773166 0.184422 0.113217 -0.587532 -0.743346 0.740216 0.517764 -0.427316 -1 
0.289162 0.137951 -0.290302 -0.258868 0.85341 -1 -0.858583 -1 -0.220679 -0.565452 0.499769 -0.913845 -1 -0.71951 0.0650781 -0.871734 -0.440694 -1 0.514171 -0.457552 -0.196855 0.606194 0.289711 -1 0.35115 -0.283887 -0.131517 -0.417873 -1 -1 -0.986855 1 -1 0.659858 -0.665875 -0.583316 -1 -0.745663 -0.503146 -1 -0.0656815 -1 -1 -1 -0.612331 0.101318 -0.740762 0.695365 0.597873 0.38682 -0.604536 -1 -1 0.00952661 -1 -0.101969 -0.977136 -1 -1 -0.172136 -0.922498 -0.998442 0.0180965 0.523509 0.550723 -1 -0.428231 -1 -1 -0.85224 0.131822 0.339965 -1 -0.709484 -0.614085 -0.841525 -0.814585 -0.776044 -1 -1 0.726824 0.901118 -0.745381 0.00464588 0.213355 -0.974851 -1 -0.76879 -1 -1 -0.985478 -1 -0.556971 -1 0.246654 -0.885223 -1 -0.833704 -0.375459 0.299181 -1 -1 -0.891094 -0.798122 -1 -0.779537 -1 -1 0.403665 0.121855 -1 -0.775545 -0.741293 -1 -0.139522 -1 -0.702833 -1 -1 -0.778812 -0.790423 -1 -0.941713 0.178036 -0.336708 0.227082 0.656633 -1 0.395253 -0.421302 -0.0427119 0.773221 -0.636057 -1 0.895387 0.911181 0.288573 -1 
0.661674 -0.111992 -0.251302 0.84206 -0.533141 0.64435 -1 0.0175408 0.327883 -1 0.565608 -0.808962 -1 -0.917722 0.243488 -0.0208852 0.626054 -0.55557 0.917417 -0.457552 -0.0255944 0.31285 0.576308 -0.595172 0.268808 -0.283887 -0.471048 -1 -0.917686 -1 -1 0.860294 -0.858423 -0.159758 -0.00163397 -0.249643 0.041037 -1 -1 -0.671724 0.305016 -1 -0.981994 -0.38996 0.268671 -0.441036 -1 -0.0519968 -0.391558 -0.963384 -1 -0.878056 -1 -0.907022 -1 0.422887 0.086566 -0.0100944 -0.962625 -0.361013 -1 -0.978894 -0.312818 -0.606724 -0.130508 -0.636844 -0.763233 -1 -1 -0.620592 -1 0.302994 -1 -1 -1 -0.744439 -1 -0.717982 -1 -1 -0.33553 0.403391 -1 -0.369343 -1 -1 -1 -0.785302 -1 -0.976359 -0.630987 -1 -1 -0.618575 -0.175567 -0.689814 -1 -1 -0.885067 -0.438388 -1 -0.283627 -0.0981435 -1 -1 -0.924921 -0.608889 0.0907498 0.631081 1 -1 -0.209795 -0.65913 -1 -1 -0.962158 -1 -0.180009 -0.876068 -0.434687 -1 -0.678105 -1 -1 -1 -0.05493 -0.619529 -0.803307 0.2697 -0.397854 -0.810071 -0.399218 -1 -1 0.0472085 0.732298 -0.669725 -1 
0.661674 -0.179828 -1 0.443629 1 -0.0286587 -0.217318 0.0677744 -1 -0.555926 0.243011 -0.808962 -1 -1 0.25992 -0.0208852 0.319225 -0.0429689 0.554627 -0.457552 -0.0213095 0.606194 0.232509 -1 -0.0333762 -0.283887 -1 -1 -0.809885 -1 -0.986855 0.0977492 -1 -0.420821 -0.00163397 -0.987166 -0.19827 -1 -1 -0.433996 0.232236 -1 -1 -0.996536 -0.507445 -0.133954 -0.740762 0.196145 0.597873 0.171125 -1 -0.888817 -1 0.00952661 -0.923953 0.336386 -0.639327 -0.677431 -1 -1 -0.675151 -0.983715 -1 0.0447567 -0.99361 -0.644986 -0.428231 -0.816267 -1 -1 -1 0.5205 -1 0.87493 -0.614085 -1 -1 -0.796646 -1 -1 0.689338 1 -0.259625 -1 -0.292943 -1 -0.534323 -0.600377 -1 -0.582861 -0.970888 -1 0.51262 -0.637062 -0.949625 -1 -1 -0.47157 -1 0.0260447 -1 -0.210984 -1 -0.475316 -0.670095 -0.901863 -0.608889 -0.923421 0.565833 1 -0.851114 -0.807995 -1 -0.963207 -1 -0.737393 -0.677178 -0.214217 -1 -0.505609 -1 -1 -0.628507 -0.267595 -0.655023 0.939949 0.433795 -1 0.468109 -0.421302 -0.0391358 0.773221 -0.740893 -0.792626 0.469292 0.732298 -0.0656093 -1 
0.661674 -0.0541666 -0.290302 0.84206 0.990298 -0.167484 -0.141415 0.0677744 -0.579246 -0.20475 0.274364 -0.808962 -1 -1 -0.651673 -0.155181 -0.117005 -1 0.605202 -1 -0.343307 0.606194 -0.328948 -0.76224 0.589788 -0.283887 -0.45004 -0.417873 -1 -1 -0.986855 0.860294 -1 0.659858 -0.357676 -0.866224 -0.917971 -0.745663 -0.628734 -0.235772 -0.231191 -0.982072 -1 -0.915044 -1 -0.418613 -0.740762 0.119042 0.597873 0.171125 -0.187887 -1 -1 0.0720661 -0.587097 0.703869 -0.821783 0.111687 -1 -0.172136 -0.922498 -1 -0.306408 0.486498 0.550723 -0.659422 -0.127863 -0.781223 -1 -1 -0.348419 0.0867384 -1 1 -1 -0.841525 -1 -0.622475 -1 -1 0.689338 0.866584 -0.629977 0.254968 0.264781 -1 -0.955922 -0.686378 -1 -0.948979 -0.985478 -1 0.393769 -0.618575 0.246654 -1 -1 -0.359522 -1 1 -0.625045 -0.210984 -0.89209 -0.798122 -0.775168 -0.439401 -0.608889 0.445472 0.403665 1 -0.851114 -0.807995 -1 -1 -0.139522 -1 -0.718816 -0.214217 -0.840133 -0.505609 -0.790423 -1 -1 0.670602 -0.355142 -0.46852 0.656633 -1 0.395253 -0.421302 -0.0427119 0.627731 -1 -1 0.639308 0.911181 -0.359381 -1 
0.313618 -0.388821 -0.395536 1 -0.107651 0.0468701 -0.217318 0.144002 -1 -0.64559 0.665325 -0.698271 -1 -1 0.25992 -0.645022 0.207291 0.0652459 0.159788 -0.066339 -0.0456283 -0.151917 0.329626 -0.373192 0.817175 -0.283887 -0.991511 -0.870943 -0.917686 -0.621735 -0.867529 -0.0900779 -0.842824 -0.613839 0.350229 0.00883719 0.451412 -0.882752 -0.0775188 0.15138 0.244278 -0.388446 -1 -0.38996 0.230346 -0.115822 -1 0.709533 0.682664 -0.316492 -0.218976 -0.731303 -1 -0.550721 -0.954319 0.998083 -1 -0.583622 -0.937879 -1 -0.762388 -0.300404 -0.822255 -0.297486 0.171154 -0.733302 -1 -1 -1 -0.518773 0.196026 0.328889 -1 0.67783 -1 -1 -1 0.0105764 -0.758095 -0.823758 0.480516 0.901118 -0.843198 -1 0.0938389 -1 -0.298595 -0.73496 -1 -1 -0.0167687 -1 -0.196923 -0.29146 0.40188 0.625502 -0.344441 -1 -0.54144 -0.716913 -1 -0.618517 -1 -0.828402 -0.65718 -1 -1 -0.180901 0.625967 0.492807 -0.584963 -0.807995 0.941042 -0.961288 -0.0846878 -0.812377 -0.553434 -0.0867573 -1 -0.636588 -1 -1 -1 0.356492 -1 -0.246395 0.370086 -0.885615 0.25781 -1 0.371117 0.317944 -0.530206 0.429632 0.627552 0.732298 0.0901286 -0.828772 
-0.304914 -1 -1 0.944662 -0.722988 -0.570513 -0.957772 0.0677744 -0.304841 -0.546173 -1 -0.808962 -1 -1 -0.681113 0.0809611 -0.386335 -1 -0.545313 -1 -1 -0.388508 -0.0529149 -0.85151 -0.10583 -1 -0.295912 -0.69131 -0.416658 -0.998865 -0.617893 0.114079 -1 -0.29437 -1 -1 -0.928736 -0.470518 -1 -0.568867 0.468472 -1 -1 -0.378801 -1 0.101318 -0.66765 0.686003 -1 0.171125 -0.723672 -1 -0.719515 -0.707521 -1 0.305161 -1 -1 -0.870702 -0.959585 -1 -1 -0.9627 0.0458939 -0.109185 -1 -1 -1 -1 -1 0.0146011 -0.156904 -1 -0.181573 -1 -1 -1 -0.797955 -1 -1 -0.214958 1 -1 0.131819 0.330835 -1 -0.656764 -1 -0.623356 -1 -0.257477 -1 0.538044 -1 -1 -1 -1 -1 -0.675956 -1 -0.625045 -0.492846 -1 -0.955236 -0.918732 -1 -1 0.594384 -0.749106 0.790401 -1 -1 -0.953888 -1 -0.139522 -0.517782 -1 -0.180009 -1 -0.800202 -0.790423 -1 -1 0.289895 -0.131713 0.939949 0.13712 -1 0.861841 -0.319756 -0.23713 0.939543 -0.740893 -0.236284 -0.101473 0.545252 -0.408666 -1 
0.185596 0.311204 0.0319949 -1 -0.682738 0.807584 -0.460743 -0.43672 -0.512788 -0.218737 -0.349149 0.882873 0.239468 -0.0140981 -0.93591 -0.548022 -0.052842 0.354486 -0.137957 -0.146251 -0.343246 0.532363 -0.338509 -0.712367 -0.52112 0.703615 0.532892 -0.793603 0.310244 -0.364838 0.232087 0.158914 0.00209498 0.144831 1 -0.902911 0.0133711 0.735661 0.312392 0.878637 -0.15332 0.706705 0.189688 0.386045 0.585444 -0.592888 0.26477 0.854897 -0.13113 0.569061 0.563186 -0.11873 0.264467 0.143257 -0.0424538 -0.137217 0.0371683 0.391994 0.730089 -0.326275 -0.351827 -0.505817 0.531116 -0.675058 0.750627 0.98278 -0.211776 -0.993316 -0.688724 0.723368 0.98066 0.90869 0.911079 0.278927 0.342142 -0.721686 0.423995 -0.295524 -0.577875 -0.850455 -0.594399 -0.586467 -0.834139 0.181166 0.49876 0.850239 -0.0629244 0.771937 0.787367 0.773557 -0.644618 -0.152434 -0.0609098 0.748514 0.228103 -0.130068 0.399126 0.247289 -0.240241 0.215371 -0.088861 -0.477436 -0.880803 -0.801874 0.365913 0.542726 -0.678524 0.828936 0.77435 0.682755 -0.766868 0.724863 0.953077 0.832329 0.22708 -0.476838 0.546424 -0.799918 -0.909214 -0.435391 -0.102989 0.780539 0.286538 0.114305 0.773656 -0.866682 0.721371 0.00403559 -0.797399 0.0377275 0.538789 0.563041 -0.0998686 0.620173 -0.168519 0.645723 -0.619116 -0.247712 
0.902526 -1 -0.533858 -1 -0.766708 -1 -1 -1 -1 0.706678 -1 -0.783992 -0.056224 -0.555615 0.711122 -1 -0.0517042 -1 -0.97021 0.252497 -0.825059 -1 0.743775 0.357311 -1 -0.974027 -0.0124225 -1 -1 0.56938 -1 -0.744398 -1 -0.397561 -1 -0.944408 0.24708 0.669621 0.24383 -0.138428 0.148036 -0.658351 1 -0.551021 0.255586 0.54422 0.124727 -0.285944 -0.784323 -0.822738 -1 -0.483072 -1 -0.915393 -1 -1 -0.362672 -0.167868 -0.596426 -0.146125 0.562999 0.681909 -0.507514 0.341317 -0.970326 -0.260746 0.308941 0.914605 -0.527843 -1 -0.737222 0.501804 -1 -0.126822 -1 0.650523 -1 -0.949139 -1 -1 -0.609478 -1 -1 -1 -0.803959 -1 -1 -0.982761 -1 0.93449 -0.781579 -1 -1 -0.709968 -0.787581 -1 -0.69263 -1 -1 -0.157219 -1 -1 -0.854221 -1 -0.847807 -1 -0.874218 -1 0.237646 -1 -1 1 -1 -0.722532 -1 0.584655 -1 -0.811171 -0.0066402 1 -1 -1 0.518013 -0.014547 -1 -1 -0.97586 -1 -1 -0.485273 -1 -1 0.574001 -1 -0.709065 0.645329 0.113224 -0.159361 
-0.517895 -0.135533 -0.25643 0.836189 0.427722 -0.0376713 -0.746211 -0.737097 -0.123042 -0.664342 0.347042 -0.808962 -1 -1 -0.197251 -0.142549 0.410872 0.465511 0.415592 -0.833017 0.260466 0.480403 0.12156 -0.76224 0.458745 -0.224433 -0.314525 -0.417873 -0.998782 -1 -1 -0.35214 -1 0.461516 -0.341554 -0.20595 -0.388208 -0.363107 -0.628734 -0.235772 0.232236 -0.982072 -1 -0.158413 -0.0184389 0.101318 -0.740762 0.983083 0.597873 0.171125 -0.371228 -1 -1 -1 -0.587097 0.998083 -0.639327 -0.847293 -1 -0.0568795 -0.656229 -0.774003 -0.573343 0.511248 0.844355 -1 -1 -1 -0.726271 -1 -0.586322 0.5205 -0.658671 0.768076 -0.614085 -0.744439 -1 -0.0874723 -0.9309 -0.990687 0.689338 0.713523 -0.259625 0.254968 0.0938389 -0.818946 -1 -1 -1 -0.948979 -0.245725 -0.998002 0.563563 -0.382637 -1 -1 -1 -0.460471 -0.64825 0.513447 -1 -0.210984 -1 -0.40689 -0.952058 -1 -1 -0.597273 0.318859 0.569404 -0.584531 -0.807995 -0.964493 -1 -0.558971 -1 -1 -0.180009 -1 -0.33382 -0.91313 -1 -0.574375 -0.277535 -0.286306 0.939949 -0.989483 -1 1 -0.675868 0.184422 0.162617 -0.960169 -0.743346 0.740216 0.517764 -0.427316 -1 
-1 -0.674331 -1 -0.943279 -1 0.98902 -1 -0.864988 -1 -1 -0.94518 -0.805868 -0.25166 -1 -1 -1 -0.925585 0.0856951 -0.58088 -1 -1 0.922841 -1 -0.748238 -1 -1 -1 -1 -1 -1 -0.964684 -1 -0.957257 -1 0.071346 -1 0.321451 -0.801735 -0.31051 -0.768705 -0.603103 -1 0.970939 -1 -1 -1 -0.40827 -1 -1 -0.921729 -1 -1 -0.813346 -1 -0.254758 -1 -1 -1 -0.711998 -0.649822 -1 -0.876823 -1 -0.638126 -1 -0.910769 -1 0.813688 -0.0464616 -1 -0.898627 -1 -1 -0.761681 -1 -0.365311 -1 -1 -1 -0.183905 -1 -1 0.666697 -1 -0.29125 -0.641044 -1 -0.827841 -1 -1 -1 -1 -0.748696 -1 -1 -0.782158 -1 -0.909658 -0.813353 -1 -1 -1 -0.955201 -0.964683 -1 1 -1 -1 -1 0.0640763 -0.252264 -1 -0.681032 0.771308 -1 -0.782345 -0.685256 -1 0.764051 -0.777558 1 0.273448 -1 -1 -1 -1 -1 1 -1 -1 -1 -1 0.176844 1 -0.533364 -1 -0.721246 -1 
-0.425531 -0.0541666 -0.25643 0.944662 -0.520457 -0.665644 -0.217318 0.132083 -0.123042 -1 -0.191575 -1 -0.914819 -1 -1 0.261642 -0.725443 -1 0.537104 -1 -0.272266 -1 -0.209017 -0.977878 0.464027 -1 -0.45004 -1 -1 -1 -1 0.860294 -1 0.659858 -0.63641 -1 -0.236443 -0.43775 -0.628734 -1 -0.954156 -1 -1 -0.38996 -1 0.101318 -1 0.770529 0.656429 0.171125 -0.577207 -0.606252 -1 0.00952661 -0.587097 0.909849 -0.804506 -0.346836 -1 -0.172136 -0.451804 -1 -1 0.825891 -0.230018 -1 -0.428231 -0.426802 -1 -1 0.0437497 0.88691 -1 0.169451 -0.976425 -1 -1 0.348778 -1 -1 0.689338 0.323858 -1 -0.206111 0.330835 -0.974851 -0.685198 -1 -1 -1 0.38333 -1 -0.150988 -0.618575 -1 -1 -0.883348 -0.431956 -0.833485 -0.396708 -0.625045 -1 -1 -1 -1 -0.764037 -1 0.445472 0.631081 1 -1 -1 -1 -1 -0.139522 -1 -1 -0.180009 -1 -0.505609 -0.790423 -1 -0.835194 -0.194397 -0.452963 1 -0.472822 -0.880361 1 -0.421302 -0.55066 0.773221 -0.740893 -0.00308332 -0.0701898 0.680594 -1 -1 
-1 -0.743019 -1 -1 -1 1 -1 -0.864988 -1 -1 -0.969876 -0.805868 -0.25166 -0.697627 -1 -1 -1 1 0.434567 -0.901418 -1 0.922841 -0.762084 -0.281613 -1 -1 -0.776822 -1 -1 -0.85819 -1 -1 -0.957257 -1 0.071346 -0.85738 0.040213 0.165681 -0.0649664 -0.898224 -1 -1 0.970939 -1 -1 -1 -1 -1 -1 -0.858526 -1 -1 -0.810079 -1 -0.532477 -1 -1 -0.954726 -0.711998 -1 -1 -0.915323 -1 -1 -1 -0.910769 -1 0.813688 -0.31616 -1 -0.898627 -1 -1 -0.761681 -1 0.0981899 -1 -1 -1 0.194596 -1 -1 0.536731 -0.827854 -0.29125 -0.641044 -1 -0.827841 -1 -0.680423 -0.851372 -1 -0.556276 -1 -1 -1 -1 -0.903395 -1 -1 -1 -1 -1 -1 -0.940598 1 -1 -1 -1 0.0640763 -0.421961 -1 -0.922875 0.881269 -1 -1 -0.685256 -1 0.764051 -0.9493 0.302824 0.273448 -1 -1 -0.823227 -1 -1 0.82401 -1 -1 -1 -1 -0.0709915 0.928584 -0.911121 -0.948481 -0.721246 -0.985186 
-1 -0.0915014 -0.25643 0.836189 0.0320037 -0.0376713 -0.746211 0.0908059 -0.123042 -0.650184 -0.819884 -0.808962 -1 -1 0.261955 -0.0208852 0.5905 0.465511 0.415592 -0.417913 -0.794284 -0.0947226 0.232509 -0.76224 0.458745 -0.0456103 -0.45004 -1 -0.998782 -1 -1 0.860294 -1 0.786393 -0.341554 -0.249643 -1 -0.363107 -0.926407 -0.235772 0.232236 -0.973034 -1 -0.38996 0.105841 0.101318 -1 1 0.925375 -0.747201 -1 -0.885531 -1 0.00952661 -0.587097 1 -0.639327 -0.847293 -0.920128 -0.207471 -0.642885 -0.774003 -0.965611 -0.292013 0.741958 -1 -1 -0.965964 -0.63874 -1 0.0437497 0.46495 -1 -0.0753859 -0.768968 -1 -1 -0.787685 -0.9309 -1 0.689338 0.713523 0.0372798 0.254968 0.0938389 -0.974851 -0.291858 -1 -1 -0.948979 -0.748364 -0.481397 0.174657 -0.914983 -1 -1 -0.817648 -0.431956 -1 0.452696 -1 -0.210984 -0.483601 -0.973895 -0.775168 -1 -1 -0.48833 0.318859 0.569404 -0.648064 -0.807995 -1 -1 -0.544359 -1 -1 -0.180009 -1 -0.33382 -0.790423 -1 -0.661152 -1 -0.286306 0.939949 -0.989483 -0.871297 1 -0.675868 0.184422 0.113217 -0.740893 -0.743346 0.556014 0.517764 -0.427316 -1 
-0.425531 -1 -0.25643 -0.223376 -0.15832 -0.665644 -0.217318 0.132083 -0.123042 -1 -0.191575 -1 -1 -1 -1 -0.0208852 0.319225 -1 -1 -1 -0.070847 -0.865327 -0.588557 -0.977878 0.464027 -1 -0.932603 -1 -1 -1 -1 0.860294 -1 0.659858 -0.63641 -1 0.0119831 -0.497562 -0.628734 -1 -0.00828305 -0.982072 -1 -0.38996 -1 0.307717 -1 -0.115125 0.346709 -0.431179 -0.577207 -0.606252 -0.665256 -1 -0.587097 0.909849 -0.804506 -0.346836 -1 -0.172136 -0.451804 -1 -0.964437 0.825891 -0.47121 -1 -1 -1 -1 -1 0.416681 0.88691 -1 0.169451 -0.976425 -1 -1 -1 -1 -1 0.959018 0.672125 -1 -0.177305 0.396803 -1 -0.685198 -1 -1 -1 0.453074 -1 0.513678 -0.629015 0.126871 -1 -1 -1 -1 -1 -0.625045 -1 -1 -1 -1 -0.764037 -0.608889 -0.207683 0.631081 0.660333 -1 -1 -1 -1 -0.139522 -1 -1 -0.430964 -1 -0.505609 -0.790423 -1 -0.899207 -0.974501 -0.909945 1 -0.472822 -1 1 -0.421302 -0.55066 0.215446 -1 -0.0274089 -1 0.680594 -0.921834 -1 
0.0896952 -1 -0.25643 0.309757 0.608416 -0.167484 -0.217318 0.0677744 -0.458186 -0.766006 -0.0280386 -0.808962 -1 -1 0.402018 0.129347 0.457929 -0.11602 0.199112 -1 -0.128815 0.488059 0.232509 -1 -0.343697 -0.283887 -0.45004 -0.417873 -0.809885 -0.843466 -1 0.860294 -0.702721 0.621202 -0.00163397 -0.249643 -0.19827 -0.362497 -1 -0.433996 -0.525547 -0.982072 -1 -0.866499 -0.507445 0.101318 -0.689166 0.643467 0.597873 -1 -0.856868 -1 -1 0.00952661 -0.986523 0.0198534 -0.634086 -0.0100944 -1 -0.172136 -0.703559 -0.774003 0.0180965 0.632113 0.172449 -0.752167 -0.428231 -0.826357 -1 -1 -0.30315 0.5205 -1 0.87493 -0.614085 -0.744439 -1 -0.0537925 -1 -1 0.669716 0.80014 -1 -1 0.0938389 -0.974851 0.0940552 -0.722021 -1 -0.968955 0.0343203 -1 0.393769 -0.854169 -0.922992 -1 -1 -0.431956 -1 0.513447 -1 -0.210984 -1 -1 -0.660828 -1 -0.899485 0.445472 0.382413 1 -1 -0.794093 -1 -0.963207 -0.56018 -1 -0.921124 -0.630539 -1 -0.505609 -1 -1 -1 0.550663 -0.355142 0.779661 0.656633 -1 0.395253 -0.421302 0.316369 0.932665 -0.740893 -0.204027 0.469292 0.776033 -0.570605 -1 
-0.969547 -0.0915014 -0.25643 0.836189 0.427722 -0.0376713 -0.87539 0.191546 -1 -0.650184 0.065661 -0.808962 -1 -1 0.25992 -0.0208852 -0.783853 0.465511 0.415592 -0.457552 -0.0255944 -0.402183 -0.118522 -0.76224 0.430326 -0.783771 -0.304387 -0.417873 -0.998782 -1 -1 -0.0935951 -0.842317 0.461516 -0.149533 -0.249643 -0.222007 -0.363107 -0.844491 -0.640527 0.232236 -1 -1 -0.38996 -0.0184389 0.101318 -1 1 0.597873 0.171125 -0.405841 -0.885531 -1 0.00952661 -0.587097 0.486553 -0.509051 -0.847293 -0.920128 -0.207471 -1 -0.774003 -1 -0.49237 -0.013961 -1 -1 -1 -0.818996 -1 0.0437497 0.46495 -0.658671 0.849542 -0.614085 -0.658994 -1 -0.0874723 -0.9309 -0.957049 0.689338 -0.0069927 -0.259625 0.476473 0.0938389 -0.974851 -0.291858 -1 -1 -0.948979 -0.748364 -0.783336 0.560558 -0.914983 -1 -0.87994 -1 -0.431956 -0.725664 0.452696 -1 -0.210984 -1 -0.784413 -0.775168 -1 -1 -0.597273 0.318859 -0.26305 -0.851114 -0.807995 -1 -1 -1 -1 -1 -0.180009 -1 -0.33382 -0.790423 -1 -1 0.119496 -0.286306 0.939949 -0.989483 -0.871297 1 -0.675868 -0.342321 -0.317941 -0.740893 -0.743346 0.740216 0.696338 -0.427316 -1 
-0.72809 -1 -1 1 0.654852 -1 -0.217318 -0.230475 -1 -1 0.544464 -0.998593 -1 -1 -1 -0.897698 -1 -1 -0.464279 -1 -0.0255944 -0.277695 0.232509 -1 -0.466559 -0.629661 -0.96681 -0.464487 -0.620986 -1 -1 -0.410578 -0.710982 0.302874 0.198112 -1 -0.938334 -1 -0.380058 -0.466242 0.429321 -1 -1 -0.921777 -0.056871 0.375832 -1 0.678663 -0.349301 -0.720206 -0.213255 -1 -1 -0.828655 -1 0.156782 -0.349721 -0.749671 -1 -0.488157 -0.999787 -0.578973 -1 0.31402 0.32593 -0.872249 -0.239796 -1 -0.642236 -0.715494 -0.342952 -0.272649 -0.956926 0.394736 -0.745788 -1 -1 -1 -0.9309 -1 0.532261 0.621975 -0.259625 0.103567 -0.625989 -1 -0.433143 -1 -0.861119 -0.83435 -0.984281 -1 0.903384 -0.234098 -1 -0.955084 -0.968703 -0.576346 -1 -0.948019 -0.771944 -1 -1 -1 -0.700046 -1 -0.214435 -0.615468 0.54438 0.713449 -1 -0.807995 1 -0.993935 -0.0846878 -1 -0.336004 0.169514 -1 -1 -1 -1 -0.796109 0.289895 -0.644926 -0.08307 -0.0584854 -1 -0.0590175 -1 -0.278375 1 -0.683078 0.241224 0.292712 -0.218234 -0.725199 -1 
0.113081 -0.0541666 -0.586704 0.620581 0.510189 -1 -0.381109 -0.773454 -0.735747 -0.7358 0.499769 -0.947959 -1 -1 0.25992 -0.0208852 -0.0919392 -0.134883 0.423196 -0.847547 0.283303 -0.372235 -0.711063 -1 -0.561625 -0.283887 -0.45004 -1 -1 -1 -0.672908 -0.322233 -1 -0.431698 -0.4246 -0.249643 -1 -1 -0.628734 -1 0.337993 -1 -1 0.149988 0.172195 0.0296778 -0.955871 -1 -1 0.171125 -1 -1 -1 0.00952661 -1 -0.518484 -0.740993 -1 -1 -0.5434 -0.376386 -0.543171 -0.104022 0.511248 0.191919 -1 -0.598241 -0.886054 -0.726271 -1 -0.25945 0.0469712 -1 -0.685375 -0.614085 -0.744439 -0.911807 0.218313 -1 -1 0.682051 0.159781 -1 -0.374023 0.0938389 -0.929919 -1 -0.273083 -1 -1 -1 -1 -1 -0.618575 -0.203197 -1 -1 -1 -0.768384 -1 -1 -0.864688 -0.739745 -0.40689 -1 -1 -1 0.152648 0.364925 -0.699631 -0.914109 -1 -0.858763 -0.963207 -0.0846878 -0.809027 -0.652606 -0.457043 -0.898728 -0.505609 -0.737833 -0.774842 -0.812031 -0.522838 -0.603234 1 0.656633 -1 -0.763807 -0.305476 -0.228661 0.773221 -1 0.087078 0.255724 0.389307 -0.798579 -0.913686 
-0.390927 -0.373129 -1 0.921731 0.472713 -0.0690538 -0.194845 0.868025 -0.237041 -1 -0.598683 -1 -0.722543 -0.918075 0.443639 -1 0.209435 0.0652459 0.155814 0.0896709 -0.464862 -0.151917 -0.0901781 -0.76224 0.817175 -0.784904 -1 -0.433904 -0.917686 -0.820619 -0.198504 0.563503 -1 -0.477628 0.494642 -0.381729 0.240443 -0.497562 0.0372523 -1 0.925963 -1 -1 -0.38996 0.0355629 0.593223 -1 0.32504 0.62709 -0.0658796 -1 -1 -1 -0.101272 -0.668903 0.970934 -0.461878 -0.365754 -0.762597 -1 -0.605639 -0.300404 -0.822255 0.511248 0.0617377 -1 -1 -0.845178 -1 -0.518773 0.213436 0.53559 -0.980664 0.261839 -1 -1 -0.971937 0.322232 -1 -1 0.0471031 0.901118 -1 -0.717624 0.0938389 -1 -0.409878 -1 -1 -1 -0.0104856 -1 0.236519 0.18197 0.246654 0.317582 -1 -0.884864 -0.379151 -0.936927 -1 -0.210984 -1 -0.886968 -0.65718 -0.446667 -1 -0.902341 0.631081 0.201006 -0.319315 -0.807995 -0.0450562 -1 -0.363994 -1 -0.917857 -0.0867573 -1 -1 -0.76317 -1 -1 0.289895 -1 -0.967659 0.283914 -1 -0.904828 -1 -1 -0.909544 -0.91994 -0.171277 -0.355751 0.732298 0.0901286 -1 
0.661674 -0.712377 -0.25643 0.944662 -0.252842 -0.560839 -0.217318 0.0677744 -0.304841 -1 0.311057 -0.808962 -1 -1 -0.0883063 -0.0575546 0.319225 -0.448374 0.514171 -0.855686 -0.943829 -0.388508 -0.0529149 -1 0.464027 -0.283887 -0.403927 -0.816415 -0.809885 -1 -0.646634 0.45307 -1 0.659858 -0.219774 -1 -0.19827 -0.470518 -1 -0.302928 0.125339 -0.928791 -1 -0.38996 -1 0.101318 -0.66765 0.566346 -0.202895 0.194587 -0.577207 -1 -1 -0.689171 -0.587097 0.998083 -0.639327 -0.42873 -1 -0.694277 -1 -1 -1 0.904114 -0.109185 -0.659422 -1 -0.781223 -0.726271 -1 -0.247464 0.488543 -1 0.522253 -0.614085 -0.968203 -1 -0.797955 -1 -0.945528 0.689338 0.901118 -0.835277 -0.49642 0.330835 -0.974851 -0.048321 -1 -0.965386 -0.986658 0.196635 -1 0.409138 -0.826327 0.246654 -1 -1 -0.196075 -0.675956 0.513447 -0.625045 -0.198846 -1 -0.40689 -0.859721 -0.929109 -0.608889 0.216892 -0.211479 1 -1 -0.961787 -1 -1 -0.139522 -0.682275 -1 -0.255285 -1 -0.505609 -0.790423 -1 -0.759145 0.329566 0.0541681 1 0.554662 -1 1 -0.421302 -0.0422728 0.773221 -0.740893 -0.204027 0.639308 0.732298 -0.0656093 -1 
0.86283 -1 -0.586704 0.565057 0.466877 -0.996246 -0.217318 0.133433 -0.123042 -0.642738 0.46779 -1 -1 -1 0.25992 0.137128 -0.0119256 0.141883 0.514171 -0.975042 0.283303 -0.469376 -0.711063 -0.76224 -0.928735 -0.876033 -1 -1 -1 -1 -1 -0.630718 -1 -0.354784 -0.350375 -0.249643 -0.19827 -1 -0.628734 -0.782261 0.502929 -0.935548 -1 -0.488604 0.172195 0.196332 -0.876785 -1 -0.0360316 0.171125 -1 -1 -1 0.00952661 -0.685245 0.712612 -0.355676 -0.0100944 -0.678765 -0.399299 -0.459746 -1 -0.320023 0.511248 0.666687 -1 -0.457816 -1 -0.726271 -0.996737 0.000440866 0.5205 -0.8989 -0.127853 -0.614085 -1 -0.84493 0.348778 -0.9309 -1 0.540596 1 -0.259625 -0.374023 0.0938389 -1 -1 -0.366763 -1 -0.891201 -0.899831 -1 0.387386 -0.618575 -0.203197 -1 -1 -1 -1 -0.705794 -1 -0.864688 -1 -0.605868 -1 -0.688861 -1 0.445472 0.799858 -0.699631 -0.943708 -1 -0.631186 -0.963207 -0.0846878 -0.848329 -0.620134 -0.904786 -1 -0.505609 -1 -1 -1 0.289895 -0.773181 0.975754 0.656633 -1 -1 -0.305476 -0.342252 0.527404 -1 0.087078 0.296644 0.173639 -1 -0.95913 
-1 -1 -1 -1 -0.722585 -0.190556 -1 -0.864988 -0.580369 -0.85913 -0.764671 -0.805868 -0.650337 -1 -1 -0.763227 -1 1 0.434567 -0.468408 -0.853599 1 -1 -0.489872 -1 -0.738175 -1 -1 -1 -1 -1 -1 -0.755266 -1 -0.0119385 -0.668916 -0.572762 -0.210594 -0.0649664 -1 -1 -0.681722 0.970939 -1 -1 -0.658793 -0.897658 -1 -1 -1 -0.958551 -1 -0.530525 -1 -0.331684 -0.975442 -0.9069 -0.954726 -1 -1 -1 -1 -1 -1 -1 -0.910769 -1 0.813688 -0.145166 -1 -0.898627 -1 -1 -1 -1 -0.626349 -1 -1 -1 0.194596 -1 -1 0.588057 -0.889597 -0.29125 -0.710415 -1 -0.827841 -1 -1 -0.841304 -0.688351 -0.601501 -0.902064 -1 -1 -0.235562 -0.813977 -1 -0.976104 -1 -1 -0.950406 -1 -1 0.998905 -1 -1 -0.851499 0.0640763 -0.328514 -1 -0.922041 0.949875 -1 -1 -1 -1 0.57918 -0.9493 0.44365 0.621609 -1 -1 -0.823227 -1 -1 0.987775 -1 -0.745099 -1 -1 0.287462 0.457465 -0.911121 -0.948481 -0.721246 -1 
-1 -0.743019 -1 -1 -1 1 -1 -0.501942 -1 -1 -0.928727 -0.805868 -0.25166 -1 -1 -1 -1 0.847839 0.298912 -1 -1 1 -1 -0.281613 -0.709585 -1 -1 -1 -0.878642 -1 -0.952282 -1 -1 -1 0.400765 -1 0.321451 0.313964 -0.0649664 -0.907711 -1 -1 -0.0186573 -1 -1 -1 -1 -1 -0.656416 -1 -1 -1 -0.810079 -1 -0.661009 -1 -1 -1 -0.892318 -1 -1 -1 -1 -1 -1 -0.695732 -1 0.813688 -0.31616 -0.957864 -0.898627 -1 -0.712634 -1 -1 0.0981899 -1 -1 -1 0.194596 -1 -0.874582 0.536731 -0.827854 -0.29125 -0.309747 -1 -0.827841 -1 -0.680423 -0.851372 -1 -0.497911 -1 -1 -1 -0.789485 -1 -1 -1 -0.982259 -1 -1 -1 -1 1 -1 -1 -1 0.0640763 -0.328514 -1 -0.922875 0.881269 -0.907558 -1 -0.179804 -1 0.445145 -0.65186 0.486975 0.273448 -1 -1 -0.823227 -1 -1 1 -1 -1 -1 -1 -0.220369 1 -0.962447 -1 -1 -1 
-0.136921 -0.0541666 -0.108101 -0.0683833 -0.0104057 -0.202273 -1 0.226884 -1 -1 0.499769 -1 -1 -0.850066 0.312798 -0.789042 0.319225 0.195083 -0.182783 -1 -0.614784 -0.176971 0.232509 -1 0.688493 -1 -0.45004 -0.417873 -0.252255 -1 -0.646634 -0.197945 -1 -1 -0.683948 -1 -0.399235 -1 -0.729277 -1 -1 -1 -1 -0.38996 -0.0184389 0.129227 -1 1 0.153307 0.596191 -1 -1 -1 -0.457297 -0.523823 0.417651 -0.742762 -0.310041 -1 -0.492558 -0.459746 -0.969035 -0.27803 -0.111563 0.550723 -1 -0.428231 -1 -0.617796 -1 0.408112 -0.130954 -1 0.534068 -0.614085 -0.744439 -1 -0.418299 -0.9309 -1 0.689338 0.901118 -1 0.225586 -1 -0.974851 -0.354157 -0.944793 -1 -0.68253 0.0136451 -1 0.393769 -0.567012 -0.179285 -1 -0.870085 -1 -1 0.513447 -1 -0.210984 -1 -0.652238 -0.742489 -0.776002 -1 0.429137 0.475889 0.760921 -1 -0.816832 -1 -0.840994 -0.139522 -0.628577 -1 -0.407706 -1 -1 -1 -1 -0.56133 -0.99871 -0.845395 -0.29015 -0.0591716 -1 -0.626223 -0.33608 -0.464901 0.773221 -1 -0.0300573 0.33443 0.732298 -1 -1 
-0.304914 -1 -1 0.944662 -0.875418 -0.570513 -0.957772 -1 -0.304841 -0.546173 -0.608817 -1 -1 -0.786752 -1 0.0809611 -0.386335 -1 0.514171 -1 -0.707072 -0.388508 -0.0529149 -1 -0.217563 -1 -1 -0.818153 -0.444723 -1 -1 -0.747333 -1 0.659858 -1 -1 -1 -0.470518 -1 -0.44444 0.125339 -1 -1 -0.378801 -1 0.101318 -0.66765 0.726762 -1 0.555818 -0.760208 -1 -1 -0.954579 -1 0.305161 -1 -1 -0.870702 -0.959585 -1 -1 -1 0.0458939 -0.407481 -1 -1 -0.857631 -0.96804 -1 -1 -0.156904 -1 -0.247183 -1 -1 -1 -0.797955 -1 -1 -0.188325 1 -0.934068 0.131819 0.330835 -1 -0.21068 -1 -1 -0.994171 -1 -1 0.538044 -1 -0.274765 -1 -1 -0.799455 -1 -1 -0.625045 -1 -1 -0.366616 -1 -0.886039 -1 0.368121 -0.749106 0.790401 -1 -1 -0.953888 -1 -0.139522 -0.517782 -0.835545 -0.180009 -1 -0.800202 -0.790423 -1 -1 0.289895 -0.131713 0.281096 -0.232877 -1 0.864082 -1 -0.113193 -0.00787687 -1 -0.204027 -0.0872014 0.765203 -0.0656093 -1 
-0.521471 -1 -0.25643 0.84206 0.0832614 -0.194412 -0.602054 -0.284443 -0.299978 -1 0.499769 -0.840913 -1 -1 -1 -1 -0.440188 -0.907185 0.868673 -0.998054 -0.0255944 0.539089 0.403115 -1 -0.491357 -0.515181 0.141331 -0.536954 -0.917686 -1 -1 -0.138653 -0.969958 0.659858 0.198112 -1 -1 -0.356958 -1 0.786276 0.232236 -1 -1 0.14027 0.0236797 0.375832 -1 0.898275 0.597873 -0.159355 -0.213255 -1 -1 -0.677423 -1 0.485574 -1 0.0960377 -0.915992 -0.18678 -1 -0.276078 -1 0.31402 0.550723 -0.914544 -1 -0.627252 -1 -1 -0.342952 0.53559 -0.808715 1 -0.954954 -0.744439 -1 -1 -0.9309 -1 0.15486 0.999736 -1 0.157845 0.0609655 -0.942308 -0.46372 -0.872535 -1 -0.953595 0.196635 -1 -0.137762 -1 -1 -0.393831 -0.295701 -0.238061 -1 -0.948019 -0.771944 -1 -1 -1 -0.775168 -0.53001 -0.608889 0.445472 0.988031 0.280008 -0.0742485 -0.645461 1 -0.993935 -0.437586 -1 -0.364417 -0.437191 -1 -0.469951 -0.897107 -1 -0.400916 -0.759824 -0.671749 -0.08307 0.0591706 -1 1 -1 -0.109354 0.773221 -0.751736 -0.220292 0.771197 0.732298 -0.196472 -1 
-0.292874 -1 -0.158817 1 0.637926 -1 -0.520496 -0.423152 -0.506439 -1 0.499769 -1 -0.755439 -1 -1 -1 -0.19475 -0.907185 -0.84864 -0.506647 -0.0255944 -0.294783 -0.742527 -1 -0.799627 -1 -0.0915423 -1 -0.917686 -0.939498 -1 0.860294 -1 -0.143476 0.198112 -1 -1 -0.916998 -0.748294 0.391793 -0.711153 -1 -0.812948 0.252693 -0.405078 0.375832 -1 0.396089 0.675575 -0.159355 -0.584898 -1 -1 -0.344268 -1 0.485574 -0.349721 -0.26649 -0.915992 -0.0032129 -1 -0.139518 -1 0.391116 0.32593 -1 -0.374888 -1 -1 -0.886855 -0.467169 0.53559 -0.79252 0.656382 -0.745788 -1 -1 -1 -0.9309 -1 0.532261 -0.321269 -0.259625 -0.218518 0.0609655 -0.815197 -1 -1 -1 -1 -0.759753 -1 -0.400123 -0.234098 -0.712864 -0.979047 -0.951116 -0.238061 -0.143721 -0.948019 -0.771944 -1 -1 -0.893256 -1 -1 -0.608889 0.408853 0.729279 0.744281 -1 -0.807995 0.74949 -0.796483 -0.0846878 -1 -0.336004 0.538329 -0.841412 -1 -0.630731 -1 -0.160931 -0.116176 -1 -0.08307 -0.0584854 -1 0.987283 -1 0.120045 0.291264 -1 0.087078 0.552536 0.732298 -0.196472 -1 
0.964623 -0.476278 -0.792298 0.84206 0.280376 -1 -0.712097 0.0199089 0.0380839 -0.390459 0.265354 -1 -1 -0.926652 0.117384 -1 -0.786424 -1 0.249873 -1 -0.172327 0.551018 -0.968278 -0.76224 -0.185976 -1 -0.45004 -1 -1 -1 -0.637443 0.860294 -0.997532 0.483044 -0.70519 -0.67491 -0.19827 -0.998055 -0.606255 -0.710861 0.291702 -0.948641 -0.773942 -0.862044 0.170647 0.101318 -0.41152 1 -0.803343 -1 -1 -1 -1 -1 -0.389623 1 -1 0.184753 -1 -0.848308 -0.19179 -0.906142 -1 0.775312 -0.686837 -1 -1 -1 -1 -1 0.0437497 0.5205 -1 0.87493 -0.775513 -0.744439 -0.697882 -0.113169 -0.918278 -1 0.178578 0.530701 -0.259625 0.211845 -0.689415 -1 -0.291858 -1 -1 -0.948979 -0.777391 -1 -0.0785294 -1 -0.0965519 -1 -1 -0.938941 -1 -0.380217 -1 -0.455587 -1 -0.203816 -0.775168 -1 -0.706782 -1 -0.0680468 -0.158949 -1 -0.807995 -1 -0.98091 -0.139522 -1 -1 -0.359823 -1 -1 -0.812139 -1 -1 0.309714 -1 -0.145165 -1 -1 1 -1 0.222289 0.773221 -0.740893 -1 -0.0694035 0.176589 -1 -1 
-1 -1 -0.755476 -0.903672 -0.301278 0.579782 -0.916898 -1 0.301884 -1 -0.299782 -0.0581679 -0.93973 -0.990684 -1 0.0164109 -0.430774 0.979782 -0.789271 0.155311 -0.798561 -0.452894 -0.0544851 -0.764628 -0.802944 -1 -1 -0.655662 -0.487113 -0.644042 -1 -0.588161 -1 -0.661858 -0.145545 -0.461362 0.579578 0.680704 0.571365 -1 -0.805651 0.25397 -1 -1 -0.350388 0.726898 0.322928 -1 -0.892942 -0.433679 -1 -0.0430738 -0.223235 -0.16667 -0.61041 -1 -0.170899 -1 -1 -0.982253 -1 -1 -0.724742 0.273906 -0.425508 0.0523632 -1 -1 0.863171 -1 -0.095336 0.706073 -0.504408 -0.406391 -0.248661 0.849255 -1 -0.973827 -1 -1 0.0562749 -1 -1 -1 -0.805133 -0.835488 -0.0941595 -1 0.0731077 -0.981715 -1 -0.859214 -1 0.0234709 -0.357576 -0.931997 -0.841879 -1 -1 -1 -1 -0.631648 -1 -1 -1 0.352546 -1 -1 -1 -0.924523 0.753587 -1 -0.038629 -0.396666 -1 -1 -1 -0.93956 0.576404 0.0358436 0.221562 0.344397 -1 -1 -1 -1 -0.4217 -0.473131 -1 -0.951134 -1 -1 -0.0283524 0.780099 -0.170201 0.469409 -0.431727 -0.227014 
-0.517895 -0.0915014 -0.25643 0.836189 0.427722 -0.0376713 -0.746211 0.0908059 -0.123042 -0.650184 0.347042 -0.606679 -1 -1 0.25992 -0.0208852 0.410872 0.465511 0.415592 -0.457552 -0.0255944 -0.216685 -0.463887 -0.76224 0.458745 -0.224433 -0.889142 -0.417873 -0.979615 -1 -1 0.620859 -1 0.461516 -0.341554 -0.249643 -0.19827 -0.363107 -0.628734 -0.235772 -0.2184 -0.982072 -1 -0.38996 -0.132253 0.101318 -0.740762 0.611045 0.597873 -0.00357339 -0.619011 -1 -1 0.00952661 -0.587097 0.998083 -1 -0.847293 -1 -0.741256 -0.459746 -1 -0.573343 0.511248 0.851022 -0.659422 -0.446078 -0.965964 -0.726271 -1 0.0437497 0.1931 -0.376137 -0.23547 -0.708598 -0.744439 -1 -0.0874723 -0.9309 -1 0.689338 0.713523 -0.207443 0.254968 0.0938389 -0.974851 -0.291858 -1 -1 -0.948979 -0.245725 -0.716012 0.393769 -0.382637 -0.809548 -1 -1 -0.431956 -1 0.513447 -1 -0.210984 -1 -1 -0.775168 -1 -1 -0.597273 -0.0290549 0.569404 -0.851114 -1 -1 -1 -0.627022 -1 -1 -0.180009 -1 -0.33382 -0.790423 -1 -0.56133 0.30292 -0.286306 0.939949 -0.989483 -1 0.354126 -0.675868 -0.275564 0.132946 -0.740893 -0.830165 0.740216 0.517764 -0.427316 -1 
-1 -1 -0.164556 -0.903672 -0.301278 0.579782 -0.916898 -1 0.301884 -1 -0.299782 -0.0581679 -0.247509 -0.557364 -1 0.0164109 -0.749581 0.979782 -0.261615 -0.219815 -0.798561 -0.569107 -0.0544851 -0.764628 -0.802944 -1 -0.440605 -0.655662 -0.152362 -0.644042 -1 -0.588161 -1 -0.661858 -0.145545 -0.762524 0.694323 0.680704 0.269971 -1 -1 0.376584 -1 -0.912856 -0.350388 0.799913 0.322928 -0.82606 -0.892942 -0.433679 -1 -0.0430738 0.408111 -0.16667 -0.61041 -1 -0.170899 -1 -1 -0.940722 -0.955173 -1 -0.724742 0.273906 -0.425508 0.0523632 -1 -1 0.863171 -1 -0.095336 0.706073 -0.504408 -0.406391 -0.248661 0.849255 -1 -0.973827 -1 -1 0.0562749 -1 -1 -1 -0.805133 -0.835488 -0.0941595 -1 0.0731077 -0.981715 -1 -0.793998 -1 0.0234709 -0.357576 -0.931997 -0.841879 -1 -1 -1 -1 -1 -1 -1 -1 0.352546 -0.792088 -1 -1 -0.924523 0.753587 -1 0.148015 0.716345 -1 -1 -1 -0.93956 0.576404 0.0358436 0.221562 0.335093 -1 -1 -1 -1 -0.4217 -0.473131 -1 -1 -1 -1 -0.0283524 0.780099 0.0472443 0.469409 -0.431727 -0.227014 
-0.517895 -0.416951 -0.25643 -0.31149 -0.348559 -0.704148 -0.746211 -0.680631 -0.123042 -0.826914 0.347042 -0.836278 -1 -1 -0.197251 -0.142549 -0.482862 0.465511 0.334123 -0.833017 0.260466 0.480403 0.12156 -0.76224 0.458745 -0.224433 -0.314525 -0.417873 -0.998782 -1 -1 -0.35214 -1 -0.108526 -0.341554 -0.20595 -0.388208 -1 -1 -0.235772 -0.408377 -0.714387 -1 -0.56289 -0.772955 0.101318 -0.740762 0.983083 0.423573 0.171125 -0.371228 -1 -1 -1 -0.587097 0.920317 -0.639327 -1 -1 -0.0568795 -1 -0.774003 -0.573343 0.511248 0.844355 -1 -1 -1 -1 -1 -0.586322 0.5205 -1 0.768076 -0.614085 -0.744439 -1 0.0444998 -0.9309 -0.990687 0.216393 0.713523 -0.783289 0.254968 0.0938389 -0.818946 -1 -1 -1 -1 -1 -0.998002 0.0840772 -1 -1 -1 -1 -1 -1 0.027721 -1 -0.210984 -1 -1 -1 -1 -1 -0.597273 -0.306079 0.214547 -0.584531 -0.605548 -0.964493 -1 -1 -1 -1 -0.180009 -1 -0.33382 -0.91313 -1 -0.574375 -0.277535 -0.286306 0.343655 -0.989483 -1 1 -0.675868 0.184422 0.162617 -0.960169 -0.912731 -0.0869707 0.517764 -0.427316 -1 
0.0326571 -0.712377 -1 0.192838 -0.252842 -0.560839 -1 0.0677744 -0.304841 -0.993736 0.311057 -0.808962 -1 -1 -0.0883063 -0.0575546 -0.250729 -0.448374 0.514171 -0.855686 -0.943829 -0.388508 -0.0529149 -1 0.464027 -0.283887 -0.403927 -0.816415 -0.809885 -1 -0.646634 0.45307 -1 0.659858 -0.219774 -1 -0.19827 -0.470518 -1 -0.302928 0.125339 -0.928791 -1 -0.38996 -1 0.101318 -0.66765 0.566346 -0.202895 0.194587 -0.577207 -1 -1 -0.689171 -0.587097 0.998083 -0.639327 -0.42873 -1 -0.694277 -1 -1 -1 0.904114 -0.109185 -0.659422 -1 -0.781223 -0.726271 -1 -0.247464 0.488543 -1 0.522253 -0.614085 -0.968203 -1 -1 -1 -0.945528 0.689338 0.378945 -0.835277 -1 -0.112902 -0.974851 -0.048321 -1 -0.965386 -0.986658 0.196635 -1 0.409138 -0.826327 0.246654 -1 -1 -0.196075 -0.675956 0.174766 -0.897384 -0.198846 -1 -0.40689 -1 -0.929109 -0.608889 0.187064 -0.211479 1 -1 -0.961787 -1 -1 -0.990299 -0.682275 -1 -0.255285 -1 -0.505609 -0.790423 -0.664972 -0.759145 0.329566 0.186934 1 0.554662 -1 1 -0.421302 -0.0422728 0.773221 -0.740893 -0.204027 0.368544 0.732298 -0.0656093 -1 
-1 -0.814809 -1 -1 0.00446311 -0.622908 -0.95057 -0.90052 -0.624769 -0.83258 -1 -0.621453 -1 -1 -1 -0.156278 -0.23368 1 -0.575772 -1 -1 1 1 -0.887183 -1 -0.660715 -1 -0.876463 -1 -1 -0.45212 -1 -1 -1 -0.496195 -0.834284 -0.303446 0.481026 0.106325 -0.793232 -1 -0.658876 -0.0160127 -1 -1 0.195153 -0.478933 -1 -1 -1 -0.369621 -1 -0.943281 -1 -1 -0.645678 -1 -1 -0.674953 -1 -0.974693 -0.989065 -1 -0.718062 -1 0.370174 -1 -1 -0.718061 -1 -0.481683 -0.702872 -1 -1 -0.248661 -1 -0.694368 -1 -1 -0.198868 0.994336 -1 -1 -1 -1 -0.215996 -0.0941595 -1 -1 -1 -0.938548 -1 -1 -0.840874 -1 -0.535625 -1 -1 -1 0.392797 -1 -1 -1 -0.764753 -0.810971 0.515406 -0.775822 -0.934484 -0.805101 -1 1 -1 -0.275208 0.77151 -0.871595 -1 -1 -0.629417 -0.756028 0.206663 -0.8373 0.418919 -1 -0.127579 -1 -1 -0.526801 -1 -0.622855 -1 -1 -1 -1 -0.115574 -0.0685321 -0.257321 0.582724 -1 
-0.425531 -0.0541666 -0.719743 0.944662 -0.15832 -1 -0.0305209 0.44176 -0.123042 -1 -0.191575 -1 -0.914819 -1 -1 -0.0208852 0.229245 -1 0.74717 -1 -0.272266 -1 -0.849192 -0.977878 0.787005 -1 -0.45004 -0.745048 -1 -1 -0.989054 0.383554 -1 0.0896077 -0.63641 -1 -0.236443 -0.497562 -0.502483 -1 -0.00828305 -1 -1 -0.799008 -1 -0.895033 -1 0.770529 0.656429 -0.167086 -0.577207 -0.606252 -1 -0.33733 -0.587097 0.909849 -0.804506 -0.346836 -0.653148 -1 -0.451804 -1 -0.91908 1 -0.230018 -1 -0.428231 -0.972797 -1 -1 0.0437497 0.88691 -1 0.169451 -0.976425 -1 -1 0.348778 -1 -1 0.497975 0.323858 -0.607271 -0.15046 0.330835 -0.974851 -0.685198 -1 -0.929977 -1 -0.492438 -1 -0.150988 -0.618575 -0.901364 -1 -1 -0.431956 -1 -1 -0.625045 -1 -1 -0.779859 -1 -0.764037 -0.608889 0.445472 0.988662 1 -1 -1 -0.705691 -1 -0.139522 -1 -1 0.126328 -1 -0.505609 -0.790423 -1 -0.835194 -0.194397 -1 1 -1 -0.880361 1 -0.421302 -0.55066 0.773221 -0.740893 -0.00308332 -0.0701898 0.680594 -0.736599 -1 
-1 -1 -0.385943 1 0.637926 -1 -0.217318 -0.423152 -0.841645 -1 -0.0934198 -0.840913 -0.755439 -1 -1 -0.897698 -0.19475 -0.907185 -0.464279 -0.852063 -0.0255944 0.923737 0.232509 -1 -0.466559 -0.739688 0.141331 -0.783371 -0.893257 -1 -1 0.141483 -0.969958 0.805098 0.198112 -0.995509 -0.773529 -1 -0.357619 -0.526574 0.429321 -1 -0.812948 -0.908778 -0.056871 0.375832 -1 0.969064 -0.349301 -0.159355 -0.213255 -1 -1 -1 -1 0.496095 -0.349721 -0.26649 -0.915992 -0.488157 -0.999787 -0.578973 -1 -0.169988 0.32593 -0.931288 -0.273587 -0.681581 -1 -1 -0.731134 0.53559 -1 0.761461 -0.745788 -0.744439 -1 -0.789243 -0.9309 -1 0.532261 0.621975 -0.574516 0.103567 -0.173796 -1 -0.433143 -1 -1 -0.992863 0.196635 -1 0.536934 -0.234098 -1 -0.556476 -0.968703 -0.576346 -1 -0.948019 -0.771944 -0.727302 -1 -0.781997 -0.775168 -0.931282 -0.104159 0.408853 0.729279 0.501958 -1 -0.807995 0.579819 -0.993935 -0.8182 -1 -0.828699 0.169514 -1 -1 -0.519881 -1 -0.400916 0.289895 -0.377033 -0.08307 -0.0584854 -1 0.168187 -0.63896 0.120045 0.773221 -0.514842 0.087078 0.639308 0.858799 -0.595448 -1 
-0.784337 -0.711097 -0.869636 0.836189 0.114155 -0.0376713 -0.746211 0.0908059 -0.123042 -0.650184 0.347042 -0.808962 -1 -1 0.25992 0.245607 0.410872 0.465511 0.213783 -0.305909 0.227497 0.480403 0.443422 -0.76224 0.287966 -0.660916 -0.889142 -0.389792 -0.653086 -1 -0.697583 0.860294 -1 0.461516 -0.341554 -0.188614 -0.19827 -0.488478 -0.249235 -0.369518 -0.655208 -0.982072 -1 -1 -0.543894 0.314186 -0.740762 1 -0.447513 0.454624 -0.619011 -1 -1 0.00952661 -0.587097 0.738923 -1 -1 -1 -1 -1 -0.875924 -1 0.511248 0.851022 -0.659422 -0.821327 -0.965964 -0.726271 -1 0.0437497 0.5205 -0.658671 0.849542 -0.641487 -1 -1 -0.0874723 -1 -1 0.746053 0.713523 -0.669316 0.254968 0.0938389 -0.659447 -0.291858 -1 -1 -0.948979 -0.245725 -0.716012 0.393769 -0.58272 -0.488603 -1 -1 -0.817837 -1 -0.0340998 -1 -0.958433 -1 -0.40689 -0.775168 -1 -1 -0.23812 -0.685295 0.622128 -1 -0.807995 -1 -1 -0.680049 -1 -1 -0.180009 -1 -0.0415943 -0.56841 -1 -0.933981 0.289895 -0.286306 0.84474 -1 -1 1 -0.675868 0.31583 0.310501 -1 -0.713598 0.740216 0.248581 -0.427316 -1 
-0.784337 -0.711097 -0.869636 -0.742161 -0.247345 -0.0376713 -1 0.0908059 -0.523179 -1 -1 -0.808962 -1 -1 0.25992 -0.209277 0.158306 0.0323638 0.662419 -1 0.49417 -0.290636 0.232509 -0.76224 0.196857 -0.224433 -0.715045 -0.417873 -1 -1 -1 0.458162 -1 0.104061 -0.341554 -0.249643 -0.19827 -0.0123711 -0.628734 -0.647981 0.232236 -0.982072 -1 -0.696608 -0.132253 0.220532 -0.740762 1 0.597873 0.549023 -0.619011 -1 -1 -0.292446 -0.587097 0.998083 -1 -1 -1 -1 -1 -1 -0.805882 0.511248 0.851022 -1 -0.725226 -0.965623 -0.726271 -1 0.0437497 0.344346 -1 -0.205195 -0.708598 -1 -1 -0.0874723 -1 -1 -0.0082404 -0.0838765 0.18222 -0.512512 0.0938389 -0.659447 -0.291858 -1 -1 -1 -0.245725 -0.716012 0.393769 -0.858628 -0.488603 -0.854467 -1 -1 -1 0.513447 -1 -1 -1 -1 -0.775168 -1 -0.898649 -0.541811 -0.1843 0.569404 -1 -0.807995 -1 -1 -0.627022 -1 -1 0.100362 -1 -0.33382 -0.56841 -1 -0.56133 0.289895 -1 1 -1 -1 1 -0.804528 -0.553494 0.132946 -0.740893 -1 0.740216 0.517764 -1 -1 
0.661674 -0.0541666 -0.25643 0.84206 1 -0.167484 -0.217318 0.0677744 -0.458186 -0.555926 0.0605295 -0.808962 -1 -1 0.25992 -0.128676 0.319225 0.141883 0.514171 -0.457552 -0.121865 0.606194 0.232509 -1 0.464027 -0.283887 -0.45004 -0.935826 -0.896951 -1 -0.825177 0.860294 -1 0.621202 -0.237825 -0.249643 -0.19827 -0.362497 -0.628734 -0.257103 0.232236 -0.824862 -1 -0.38996 -0.507445 -0.225888 -1 0.616699 0.597873 0.171125 -0.577207 -1 -1 0.00952661 -0.986523 0.998083 -0.639327 -0.0100944 -0.821479 -0.172136 -0.459746 -0.774003 0.0180965 0.318123 0.172449 -0.763739 -0.928716 -0.781223 -1 -1 0.0437497 0.5205 -1 0.87493 -0.614085 -0.744439 -1 0.348778 -1 -1 0.689338 0.901118 -0.422373 0.254968 0.0938389 -0.974851 0.0305618 -0.729853 -1 -0.948979 0.196635 -1 0.393769 -1 0.246654 -1 -1 -0.413639 -1 0.585457 -0.717798 -0.210984 -1 -0.40689 -1 -1 -0.608889 0.445472 0.403665 1 -0.851114 -0.807995 -1 -0.963207 -0.139522 -1 -0.921124 -0.214217 -1 -0.505609 -0.790423 -0.816833 -1 0.289895 -0.355142 0.939949 0.55695 -1 0.395253 -0.421302 0.281469 0.773221 -0.740893 -0.204027 0.469292 0.732298 -0.295787 -1 
-1 -0.0915014 0.0752925 -0.330024 0.142569 -0.0376713 -0.746211 0.0908059 -0.123042 -0.650184 0.369128 -0.808962 -1 -1 0.25992 -0.0208852 0.272053 -0.362461 -0.869742 -0.457552 -1 -0.350597 0.0390334 -0.82169 -0.00907311 -1 -0.825978 -0.417873 -1 -1 -1 0.860294 -1 -0.175272 -0.341554 -0.249643 -1 -0.363107 -1 -0.747445 0.232236 -0.924313 -1 -0.0878658 -0.0184389 0.101318 -0.740762 1 0.751239 -0.550087 -0.371228 -1 -1 0.396336 -1 -0.020631 -1 -0.728751 -1 -0.207471 -0.203344 -1 -0.745386 0.261106 0.851022 -0.659422 -1 -0.965964 -1 -1 0.0437497 0.5205 -0.766093 -0.135956 -0.614085 -0.744439 -1 -0.0874723 -1 -1 -0.127516 0.713523 -0.259625 -0.135735 -0.990065 -1 -0.712621 -1 -0.95666 -1 -0.245725 -0.376036 0.393769 -0.374447 -1 -0.712515 -1 -0.55743 -1 0.513447 -0.941962 -0.558017 -1 -0.40689 -0.847949 -1 -1 -0.597273 0.318859 -1 -1 -1 -1 -1 -0.544359 -1 -0.637999 0.059448 -1 -0.611285 -1 -1 -1 0.289895 -0.780581 0.939949 -1 -1 1 -0.84677 0.184422 0.166342 -1 -0.743346 0.578053 0.517764 -1 -1 
0.534281 -0.0541666 -0.698236 0.91449 -0.929578 -0.167484 -0.746211 0.0199089 -0.123042 -0.390459 0.670507 -1 -1 -1 0.0134743 -1 0.59005 0.465511 0.514171 -1 -0.172327 -0.106194 -0.197337 -0.76224 0.464027 -0.224433 -1 -1 -1 -1 -1 0.890998 -0.964795 0.483044 -1 -0.249643 -1 -0.363107 -1 -1 0.232236 -0.982072 -1 -0.50998 0.296985 -0.999883 -0.740762 1 0.597873 0.396964 -0.485487 -1 -0.855944 -0.00611109 -0.587097 1 -1 -0.0448669 -1 -1 -1 -0.774003 -0.830946 0.629649 0.299166 -1 -1 -0.781223 -1 -1 -0.572243 0.5205 -1 0.311221 -1 -0.744439 -0.850618 -0.113169 -0.9309 -1 0.689338 0.901118 -0.259625 0.0948452 -0.118332 -0.606405 -0.583207 -1 -1 -1 -0.245725 -1 0.393769 -0.385817 -0.0965519 -1 -0.798176 -0.431956 -1 -0.6572 -0.316386 -1 -0.92734 -0.203816 -0.775168 -1 -0.713916 -0.092838 0.318859 0.879789 -0.851114 -0.683235 -0.996234 -0.963207 -1 -1 -1 -0.180009 -1 -0.845197 -1 -1 -1 -0.143568 -0.286306 0.939949 0.179488 -1 1 -1 0.0313068 0.773221 -1 -0.913548 0.740216 0.517764 -0.0656093 -1 
-0.517895 -0.0915014 0.104082 0.836189 0.224407 -0.402672 -1 0.0908059 0.123742 -1 0.347042 -0.808962 -1 -1 0.25992 -0.0208852 0.479758 0.465511 0.415592 -0.833017 -1 0.480403 0.232509 -0.76224 -0.373337 -0.224433 -0.45004 -0.417873 -1 -1 -1 0.602977 -1 0.461516 -0.341554 -0.249643 -0.19827 -0.363107 -1 -1 0.232236 -0.982072 -0.705135 -1 -0.0184389 0.101318 -1 1 0.597873 0.0543556 -0.371228 -1 -1 0.0368984 -0.972557 0.13157 -0.639327 -0.847293 -1 -0.0568795 -1 -0.845231 -1 0.511248 0.538673 -0.659422 -1 -1 -0.726271 -1 -0.131018 0.5205 -1 0.306405 -0.614085 -0.744439 -1 -0.805893 -0.9309 -1 0.689338 0.713523 -0.259625 0.0496909 0.0938389 -1 -0.291858 -1 -1 -1 -0.245725 -1 0.563563 -0.382637 -1 -1 -1 -0.431956 -1 0.513447 -1 -0.210984 -1 -0.40689 -0.775168 -0.894597 -1 -1 0.318859 0.569404 -0.551798 -0.807995 -1 -0.877587 -0.436029 -1 -0.704948 -0.180009 -1 -0.627333 -1 -1 -0.358253 -0.0297668 -0.286306 0.939949 -0.989483 -1 1 -0.675868 0.184422 0.113217 -0.740893 -0.743346 0.740216 0.517764 -0.427316 -1 
-0.659365 -0.849425 -0.25643 0.273452 0.427722 -0.20012 -1 0.0908059 -0.123042 -1 0.347042 -1 -0.955422 -1 0.586269 -0.0208852 -0.0241571 -0.562248 0.415592 -0.625699 0.195339 0.480403 0.232509 -1 -0.733585 -0.224433 -1 -1 -1 -1 -1 0.860294 -1 0.528266 -1 -0.529212 -0.670138 -0.363107 -0.540037 -0.235772 0.232236 -0.982072 -1 -0.38996 -0.132253 0.0216255 -1 0.571357 0.597873 -0.192163 -0.619011 -1 -1 0.00952661 -0.587097 0.998083 -0.338535 -0.847293 -1 -0.741256 -0.459746 -1 -0.573343 0.511248 0.851022 -0.769918 -1 -0.687996 -0.726271 -1 0.0437497 -0.176251 -0.658671 0.849542 -0.831865 -0.744439 -1 -0.0874723 -0.9309 -1 0.689338 0.335808 -0.619869 0.254968 0.0938389 -0.625992 -0.124923 -1 -1 -0.839375 -0.308603 -0.716012 -0.491067 -0.382637 -0.809548 -1 -1 -0.199954 -1 0.637655 -1 -0.170503 -0.862744 -0.40689 -0.491647 -1 -1 -0.597273 -0.234089 -0.27781 -1 -0.960375 -1 -1 -0.627022 -1 -1 -0.247036 -1 -0.33382 -0.790423 -1 -1 0.289895 -0.286306 0.939949 -1 -1 1 -0.294657 0.0866656 -0.0224993 -1 -0.743346 0.740216 0.733497 -0.427316 -1 
-0.650615 -0.0541666 -0.370385 0.84206 -0.17215 -0.315228 -0.217318 0.0677744 -1 -1 0.499769 -0.808962 -1 -1 0.185926 -0.5636 0.319225 0.141883 0.514171 -0.457552 0.160872 0.606194 -0.112536 -1 0.0832464 -1 -0.45004 -0.326407 -0.669664 -1 -0.646634 0.514817 -1 -0.0737002 -1 -1 -0.352914 -0.497562 -0.628734 -0.256744 -0.784001 -1 -1 -0.38996 -0.0184389 0.129227 -1 1 0.527375 0.154163 -0.927291 -1 -1 0.00952661 -0.523823 0.0927954 -0.639327 -0.310041 -0.793749 -0.492558 -0.459746 -0.774003 -0.446894 0.0308434 0.550723 -0.659422 -1 -1 -0.617796 -1 0.0437497 -0.452354 -1 0.724925 -0.75006 -0.744439 -1 0.00273484 -0.9309 -1 0.689338 0.901118 -1 0.254968 0.0938389 -0.974851 -0.395436 -0.652619 -1 -0.68253 0.196635 -1 0.0889399 -0.618575 -0.756726 -1 -1 -1 -1 0.597771 -1 -0.210984 -1 -0.40689 -0.623187 -1 -1 0.429137 0.475889 0.760921 -0.851114 -0.807995 -1 -0.932996 -0.139522 -1 -1 -0.180009 -1 -0.505609 -1 -1 -0.555365 -0.117537 -0.845395 0.939949 0.656633 -1 0.0119649 -0.33608 0.316369 0.524776 -1 0.0996701 0.487981 0.732298 -1 -1 
-0.517895 -0.0915014 -0.25643 0.836189 0.427722 -0.0376713 -0.746211 0.0908059 -0.123042 -0.634507 0.347042 -0.808962 -1 -1 0.25992 -0.0208852 0.410872 0.465511 0.415592 -0.457552 -0.0255944 0.480403 0.232509 -0.76224 0.458745 -0.224433 -0.889142 -0.417873 -0.979615 -1 -1 0.860294 -1 0.461516 -0.341554 -0.249643 -0.19827 -0.363107 -0.628734 -0.235772 0.232236 -0.982072 -1 -0.38996 -0.132253 0.0210048 -0.740762 0.91785 0.597873 0.171125 -0.619011 -1 -1 0.00952661 -0.587097 0.998083 -0.639327 -0.847293 -1 -0.741256 -0.459746 -0.774003 -0.573343 0.511248 0.851022 -0.659422 -0.89034 -0.965964 -0.726271 -1 0.0437497 0.5205 -0.658671 0.849542 -0.708598 -0.744439 -1 -0.0874723 -0.9309 -1 0.689338 0.713523 -0.207443 0.254968 0.0938389 -0.974851 -0.124923 -1 -1 -0.948979 -0.308603 -0.716012 0.393769 -0.382637 -0.809548 -1 -1 -0.431956 -1 0.357953 -1 -0.210984 -0.862744 -0.40689 -0.775168 -1 -1 -0.597273 0.318859 0.569404 -0.851114 -0.807995 -1 -1 -0.627022 -1 -1 -0.180009 -1 -0.33382 -0.790423 -1 -0.56133 0.289895 -0.286306 0.939949 -0.989483 -1 1 -0.675868 0.0866656 0.132946 -1 -0.743346 0.740216 0.517764 -0.427316 -1 
-0.517895 0.295862 -0.25643 0.836189 0.810665 -0.0376713 -0.734262 0.0908059 -1 -0.650184 0.065661 -0.74191 -1 -1 0.25992 -0.206294 0.214385 0.465511 0.415592 -0.947769 -0.0255944 -0.0117956 0.232509 -0.76224 0.458745 -1 -0.45004 -1 -0.998782 -0.697245 -1 0.880601 -1 0.461516 -0.218627 -0.249643 -0.19827 -0.382661 -0.628734 0.108565 0.531444 -1 -0.957858 -0.554435 -0.0184389 0.700817 -0.740762 0.815969 0.597873 0.221993 -1 -1 -0.892032 -0.290855 -0.587097 -0.201885 -0.639327 -1 -1 -0.207471 -0.459746 -0.584678 -0.573343 -0.648449 0.460495 -1 -0.871151 -0.965964 -1 -1 -0.112968 -0.338656 -0.658671 0.849542 -0.909744 -1 -1 -0.532597 -0.9309 -1 0.813972 -0.306175 -0.259625 0.254968 0.0938389 -0.974851 -0.291858 -1 -1 -0.948979 -1 -0.874944 0.107941 -0.914983 -1 -1 -1 -0.542705 -1 -0.736815 -1 -0.210984 -1 -1 -0.518 -1 -1 -0.953361 0.318859 0.181396 -1 -1 -0.844254 -1 -1 -1 -1 -0.82272 -1 -1 -0.790423 -1 -0.56133 0.119496 -0.492089 0.939949 -0.989483 -1 1 -0.675868 0.184422 -0.231762 -0.740893 -0.548456 -0.0147274 0.517764 -1 -1 
-0.182455 -0.0541666 -0.25643 -0.0102807 -0.311069 -0.167484 -0.487236 0.0677744 -1 -1 0.395916 -1 -1 -1 0.28908 -0.0926795 0.319225 -0.37375 0.56269 -0.402665 -1 -0.196624 -0.83023 -1 0.853662 -0.16106 -1 -0.759719 -0.809885 -0.982773 -0.364224 -0.244311 -1 0.674621 -0.451304 -1 -0.19827 -1 -0.73756 -1 -0.334423 -0.982072 -1 -1 -0.916703 0.101318 -1 1 0.506028 0.171125 -0.539313 -1 -1 -0.506181 -1 -1 -0.639327 -0.0100944 -1 -0.39373 -0.813015 -1 -0.959234 0.498893 0.0480442 -0.572766 -0.698119 -0.781223 -0.926905 -1 -1 0.5205 -1 0.170427 -1 -1 -1 -1 -1 -1 0.689338 0.901118 -0.436863 0.254968 0.330835 -1 -0.207021 -0.966057 -1 -1 -1 -1 0.196705 -0.618575 -0.671157 -1 -1 -0.431956 -1 -0.585398 -1 -0.869592 -1 -0.374849 -0.699947 -1 -0.608889 0.445472 0.205353 0.884397 -0.814983 -0.808436 -1 -1 -0.646856 -1 -1 -0.180009 -1 -0.505609 -1 -1 -0.678326 -0.435439 -0.144969 0.87771 0.193984 -1 1 -0.297313 -1 0.773221 -0.950795 -0.557148 0.738415 0.732298 -0.172611 -0.726027 
0.273984 -1 -0.395536 1 1 -0.167484 -0.229759 0.144002 -0.237041 -1 0.499769 -0.956033 -0.722543 -0.938624 -0.893741 -0.349013 0.24112 0.0652459 -0.0671904 -0.066339 0.106198 -0.352008 0.257585 -1 0.817175 -0.283887 -0.991511 -0.433904 -0.917686 -1 -0.563323 1 -0.842824 -0.613839 0.467357 -0.417292 0.311013 -1 0.0372523 0.329313 0.244278 -0.610923 -0.661258 -0.38996 0.0355629 0.593223 -1 0.709533 -0.510758 0.494909 -0.701925 -1 -1 -0.495907 -0.954319 -0.34563 -0.349721 -0.583622 -0.937879 -0.733543 -1 -0.300404 -0.841207 0.511248 0.171154 -0.820986 -1 -0.845178 -1 -0.554 0.213436 0.53559 -0.715519 0.815133 -0.929477 -1 -1 0.711301 -1 -0.398691 0.480516 0.901118 -0.587826 -0.717624 0.186195 -1 -0.409878 -1 -1 -1 0.938807 -1 0.031064 0.18197 0.331539 0.625502 -0.435508 -0.431956 -0.2868 -0.716913 -1 -0.210984 -1 -1 -0.65718 -0.526353 -1 0.074812 -0.146877 0.76526 -0.319315 -0.807995 1 -1 -0.0846878 -0.812377 -0.364417 -0.0867573 -1 -0.201252 -1 -1 -1 0.289895 -1 -0.453671 0.370086 -1 -0.124562 -1 0.331231 0.317944 -0.91994 0.316374 0.627552 0.732298 0.0901286 -1 
0.289162 -0.0541666 -0.490911 0.84206 0.85341 -1 -1 -0.280854 -0.734505 -1 0.499769 -1 -1 -1 0.25992 -0.207933 0.304213 -1 0.514171 -0.457552 -0.196855 0.606194 0.279863 -0.76224 0.0556613 -0.283887 -0.45004 -0.417873 -1 -1 -1 1 -1 0.659858 -0.665875 -0.583316 -1 -0.932328 -0.628734 -0.235772 -0.231191 -0.982072 -1 -0.38996 -0.949605 0.101318 -0.740762 0.00923294 0.597873 0.0773725 -0.604536 -1 -1 0.00952661 -0.631798 0.760846 -0.821783 0.111687 -1 -0.172136 -0.922498 -1 0.0180965 0.533018 0.751098 -1 -0.74464 -0.377789 -1 -1 0.393828 0.0867384 -1 0.43211 -0.614085 -0.841525 -1 -0.776044 -1 -0.987213 0.439926 0.901118 0.114689 0.254968 0.213355 -0.974851 0.0305618 -0.76879 -1 -0.948979 -0.985478 -0.654462 0.137702 -0.618575 0.246654 -1 -1 -0.833704 -0.750936 1 -0.596471 -0.210984 -1 -0.798122 -0.775168 -1 -0.608889 0.430498 0.403665 0.121855 -1 -0.775545 -1 -1 -0.139522 -1 -1 -0.532752 -1 -0.766317 -0.601107 -0.840618 -1 0.289895 -0.355142 0.727237 0.656633 -1 0.395253 -1 -0.0427119 0.773221 -1 -1 0.895387 0.911181 -0.0656093 -1 
-1 -0.743019 -1 -1 -1 1 -1 -0.864988 -0.580369 -0.85913 -0.764671 -0.805868 -0.650337 -1 -1 -0.763227 -1 1 0.434567 -0.468408 -1 1 -1 -0.489872 -1 -1 -1 -1 -1 -0.85819 -1 -1 -0.755266 -1 -0.0119385 -0.668916 -0.572762 -0.210594 -0.0649664 -1 -1 -1 0.970939 -1 -1 -1 -0.897658 -1 -0.878427 -1 -0.958551 -1 -0.925582 -1 -0.331684 -0.975442 -0.9069 -0.954726 -1 -1 -1 -1 -1 -1 -1 -0.910769 -1 0.813688 -0.0464616 -1 -0.898627 -1 -1 -1 -1 0.0981899 -1 -1 -1 0.194596 -1 -1 0.588057 -0.889597 -0.29125 -0.710415 -1 -0.827841 -1 -1 -0.841304 -0.688351 -0.601501 -1 -1 -1 -0.608193 -0.813977 -0.898598 -0.976104 -1 -1 -0.950406 -1 -1 1 -1 -1 -0.851499 0.0640763 -0.328514 -1 -0.681032 0.949875 -1 -1 -0.685256 -1 0.57918 -0.9493 0.44365 0.621609 -1 -1 -0.823227 -1 -1 0.987775 -1 -0.745099 -1 -1 0.287462 0.457465 -0.911121 -0.948481 -0.721246 -1 
-0.517895 -0.135533 -0.25643 0.836189 0.427722 -0.0376713 -0.746211 -0.737097 -0.123042 -0.650184 0.347042 -0.824853 -1 -1 -0.197251 -0.142549 0.410872 0.465511 0.415592 -0.833017 0.260466 0.480403 0.232509 -0.76224 0.0525433 -0.224433 -0.45004 -0.417873 -0.96149 -1 -1 -0.35214 -1 0.461516 -0.341554 -0.20595 -0.388208 -0.363107 -0.628734 -0.235772 0.232236 -0.982072 -1 -0.158413 -0.0184389 0.101318 -0.740762 0.983083 0.597873 0.171125 -0.371228 -1 -1 -1 -0.587097 0.998083 -0.639327 -0.847293 -1 -0.0568795 -0.656229 -0.774003 -0.573343 0.511248 0.851022 -1 -1 -1 -0.726271 -1 -0.586322 0.5205 -0.658671 0.91139 -0.614085 -0.744439 -1 -0.0874723 -0.9309 -0.990687 0.689338 0.713523 -0.259625 0.254968 0.0938389 -0.818946 -1 -1 -1 -0.948979 -0.245725 -0.755574 0.563563 -0.382637 -0.809548 -1 -0.99804 -0.431956 -0.64825 0.513447 -1 -0.210984 -1 -0.40689 -0.952058 -1 -1 -0.597273 0.318859 0.569404 -0.584531 -0.807995 -1 -1 -0.544359 -1 -1 -0.180009 -1 -0.33382 -0.91313 -1 -0.574375 -0.277535 -0.286306 0.939949 -0.989483 -1 1 -0.675868 0.166433 0.162617 -0.960169 -0.743346 0.631346 0.517764 -0.427316 -1 
-1 -0.743019 -1 -1 -1 1 -1 -0.864988 -1 -0.951138 -0.969876 -0.805868 -0.25166 -0.697627 -1 -1 -1 1 0.434567 -0.901418 -1 0.922841 -1 -0.281613 -1 -1 -0.776822 -1 -1 -1 -1 -1 -0.957257 -1 0.071346 -0.85738 0.321451 -0.317263 -0.0649664 -0.898224 -1 -1 0.970939 -1 -1 -1 -0.897658 -1 -1 -0.858526 -1 -1 -0.810079 -1 -0.532477 -0.943706 -1 -0.954726 -1 -1 -1 -1 -1 -1 -1 -0.910769 -1 0.813688 -0.31616 -1 -0.898627 -1 -1 -0.761681 -1 -0.375228 -1 -1 -1 0.194596 -1 -1 0.536731 -0.827854 -0.29125 -0.641044 -1 -0.827841 -1 -0.680423 -0.851372 -1 -0.304198 -1 -1 -1 -1 -0.903395 -1 -1 -1 -1 -1 -1 -0.940598 1 -1 -1 -1 0.0640763 -0.328514 -1 -0.922875 0.881269 -1 -1 -0.685256 -1 0.764051 -0.9493 0.450913 0.273448 -1 -1 -0.84835 -1 -1 0.82401 -1 -1 -1 -1 -0.0709915 0.928584 -1 -0.948481 -0.721246 -0.985186 
0.661674 -0.43306 -0.680227 0.944662 0.0258439 -0.167484 -0.217318 0.0677744 -0.121867 -0.473956 0.726575 -0.808962 -0.987517 -1 -0.531484 -0.0208852 0.319225 0.141883 0.537104 -0.457552 -0.0255944 -0.196624 0.232509 -0.76224 0.464027 -0.283887 -0.692181 -0.745319 -0.809885 -1 -0.646634 0.860294 -1 0.149162 -0.547056 -1 -0.19827 -0.497562 -0.628734 -1 0.29381 -1 -1 -0.38996 -1 -0.155544 -1 0.61495 0.621173 -0.51773 -0.577207 -1 -1 0.141505 -0.587097 0.998083 -0.639327 -0.0100944 -1 -0.110524 -1 -1 -1 0.173223 -0.109185 -0.659422 -0.428231 -1 -0.73854 -1 -1 0.485632 -1 0.87493 -0.918446 -1 -1 -0.681186 -1 -1 0.689338 0.343819 -1 -0.793196 -0.597807 -0.974851 -0.540255 -1 -1 -0.948979 0.196635 -1 0.306044 -1 -0.544955 -1 -0.750871 -0.399069 -0.750006 -0.449006 -0.912916 -0.524953 -1 -0.374849 -1 -0.929109 -0.608889 0.445472 0.687672 1 -0.851114 -1 -0.821803 -0.841835 -0.508734 -1 -1 -0.0920074 -1 -0.505609 -1 -1 -0.56133 -0.0856006 -0.452963 0.939949 0.656633 -0.971151 0.633921 -1 -0.55066 0.773221 -0.740893 -0.696668 0.639308 0.334389 -0.00754701 -1 
0.379056 0.235968 -0.110048 -0.963023 -1 0.347013 -0.638578 -1 -0.602514 -0.490497 -1 -1 -0.902948 -0.952518 -0.242061 -1 -1 -0.909669 -0.990173 -1 1 0.613797 -0.797655 -0.276386 -1 -0.508869 -1 -0.475859 -1 -1 -1 -1 -1 -1 -0.954102 -0.894517 -1 -0.0696203 -1 -1 -0.489446 -1 -0.782827 -0.244884 0.402806 0.126039 -0.641259 -1 -0.871923 -1 -1 -0.736464 -1 -0.683224 -0.875981 -1 -1 -1 -0.832465 -0.969912 -1 -1 0.380645 -0.659077 -0.992867 0.703407 -0.0764135 -0.670881 -1 -0.505993 -1 -1 -0.842782 0.339463 -0.899901 -0.313392 -1 -1 -1 -0.870793 -1 -1 -0.930912 -0.603622 -0.471255 -0.898884 -0.374767 -0.991892 -0.688804 -0.375471 0.0358405 -0.825047 -1 -0.579632 -1 -1 -1 -1 -1 0.119311 -1 -1 -0.192918 -1 -1 -1 -0.565103 -0.274783 0.337201 -0.251026 -1 -1 -0.319562 -0.392236 0.692066 0.96723 -1 0.126317 -0.916756 -0.0182076 -1 -0.477897 1 -1 0.623493 -0.16829 -1 -0.891506 -0.585292 -0.994846 -0.979255 -0.331098 -0.657624 -0.657127 -0.799203 -0.267332 -1 -1 
-0.83468 -1 -0.371839 -0.844183 -1 -1 -1 -0.914297 -0.00177035 -1 -1 -0.388984 -0.571649 -0.761029 -1 -0.768733 -1 -0.505443 -0.259001 -0.73366 -1 0.898512 -0.701692 -0.271254 -1 -1 0.195419 -0.755209 -0.697418 -1 -1 -0.948243 -1 -1 -0.0336435 -1 -0.918358 -1 -0.285013 -1 -0.194826 -0.702478 0.336066 -1 0.0313808 -1 -1 -1 -0.401678 -1 -0.701072 -1 -1 -1 -0.202015 -1 -0.751822 -0.895679 -1 0.616516 -0.88999 -0.992472 -1 -0.913824 -1 0.523149 -1 -0.360168 -0.770862 0.754553 -1 -0.826741 -1 -0.72571 -1 -1 -1 -1 -1 -0.722434 -1 -0.473587 -0.444747 -1 -1 -0.915605 -1 -1 -1 -1 -1 -0.848549 -0.999545 -1 -0.868566 -0.0042479 -1 -0.400241 -1 -1 -1 -1 -0.7211 -0.711646 -0.957077 -0.645435 -0.378892 -0.185434 -0.992775 -0.208852 -0.31739 0.174795 0.132554 0.928669 -1 -0.653962 -0.936299 -0.724185 -0.883415 0.425578 0.102491 -1 -0.70709 -0.193773 -0.925577 -0.828568 -0.891282 0.553459 -1 -1 -0.272205 -0.880102 0.82395 -1 -0.787904 0.197163 -0.824464 -1 
0.661674 -0.196588 -1 0.505683 0.881435 -0.194412 -0.0403515 -0.284443 -0.524939 -1 0.499769 -0.52713 -1 -1 -1 -1 0.188566 -0.907185 0.514171 -1 -0.641277 0.0655395 -0.64774 -1 -0.948239 -1 0.669695 -1 -0.917686 -1 -1 0.107931 -0.969958 0.972421 -0.401934 -1 -0.773529 -1 -1 0.947995 0.505041 -1 -1 -0.0817264 -0.056871 0.375832 -1 0.734823 0.597873 0.648531 -0.133772 -0.759976 -1 0.00952661 -1 -0.58115 -0.349721 -0.531066 -0.67786 -0.637003 -1 0.000241905 -1 0.340788 0.550723 -0.574604 -0.680269 -0.681581 -1 -1 0.0424178 -0.347823 -0.79252 1 -1 -0.744439 -1 0.0993013 -1 -0.731506 0.303183 0.533571 -0.684254 0.0545725 0.0609655 -0.974851 -0.433143 -1 -1 -0.864949 -0.578719 -1 0.393769 -0.151627 -0.712864 -1 -0.435508 -0.238061 -0.393265 0.00614697 -0.999484 -0.94686 -1 -1 -1 -0.591183 -1 0.445472 0.312771 0.655828 -0.594998 -0.833275 -0.445282 -0.993935 -0.0846878 -1 -0.719776 -0.178156 -1 -1 -0.630731 -1 -1 -0.117896 -0.581171 -0.0209471 -0.00268567 -1 1 -1 -0.468045 0.49944 -1 -0.620162 0.671584 0.732298 -0.418424 -0.930705 
-0.517895 0.295862 -0.25643 0.836189 0.810665 -0.0376713 -0.734262 0.0908059 -1 -0.650184 0.065661 -0.808962 -1 -1 0.25992 -0.206294 0.214385 0.465511 0.415592 -1 -0.0255944 -0.0117956 0.232509 -0.76224 0.458745 -0.570445 -0.45004 -0.417873 -0.998782 -0.697245 -1 0.880601 -1 0.461516 -0.218627 -0.249643 -0.19827 -0.382661 -0.628734 0.108565 0.531444 -0.728732 -1 -0.554435 -0.0184389 0.45003 -0.740762 0.815969 0.597873 0.221993 -1 -1 -1 -0.290855 -0.587097 0.652437 -0.639327 -1 -1 -0.207471 -0.459746 -0.774003 -0.573343 -0.648449 0.460495 -1 -1 -0.965964 -0.726271 -1 -0.112968 -0.338656 -0.658671 0.849542 -0.909744 -1 -1 0.265344 -0.9309 -1 0.689338 -0.306175 -0.259625 0.254968 0.0938389 -0.974851 -0.291858 -1 -1 -0.948979 -0.245725 -0.874944 0.107941 -0.914983 -1 -1 -1 -0.431956 -1 -0.736815 -1 -0.210984 -1 -0.40689 -0.518 -1 -1 -0.953361 0.318859 0.569404 -0.851114 -0.807995 -1 -1 -1 -1 -1 -0.82272 -0.838071 -1 -0.790423 -1 -0.56133 0.119496 -0.492089 0.939949 -0.989483 -1 1 -0.675868 0.184422 -0.231762 -0.740893 -0.548456 0.561498 0.517764 -1 -1 
0.661674 0.117489 -1 0.294768 -0.0701957 0.0645817 -0.368777 -0.167463 0.256146 -0.555926 -0.0246929 -1 -1 -1 0.0223252 0.131586 -0.252325 -1 0.641054 -0.457552 0.0911327 0.74036 0.0571295 -0.76224 0.0448192 -0.283887 -0.45004 -1 -0.917686 -1 -1 0.860294 -1 0.659858 -0.00163397 -0.249643 -0.10026 -0.592754 -0.628734 0.233373 0.232236 -0.982072 -1 -0.38996 -0.0184389 0.101318 -1 0.896715 0.597873 0.171125 -0.577207 -1 -1 0.00952661 -0.689875 0.998083 -0.349721 -0.456114 -1 -0.361013 -0.459746 -1 -0.563528 0.511248 0.0631978 -0.659422 -1 -1 -0.726271 -1 -1 0.226526 -0.803974 0.166246 -1 -1 -1 -0.366828 -1 -0.732464 0.689338 0.12002 -0.0851478 -0.305398 -0.617141 -0.983715 0.0305618 -0.729853 -1 -0.953595 0.300378 -1 0.393769 -0.903732 0.48839 -1 -1 -0.995421 -0.967443 -0.35976 -0.544025 -0.210984 -0.937754 -1 -1 -1 -0.823932 0.499399 0.631081 0.615457 -1 -1 -0.197495 -1 0.0240624 -1 -1 -0.180009 -1 -0.505609 -1 -0.823728 -0.56133 0.0359781 -0.424229 -0.05493 0.656633 -1 0.707524 -0.614385 -0.391171 0.773221 -1 0.174196 0.639308 0.732298 -0.308761 -1 
-0.425531 -1 -0.103016 0.944662 -0.15832 -0.599892 -0.413733 0.132083 -0.123042 -1 -0.0238676 -1 -0.914819 -1 -1 -0.0208852 0.319225 -1 0.537104 -0.902933 -0.0255944 -1 -1 -1 0.578193 -1 -1 -0.909894 -1 -0.606796 -0.989054 0.860294 -1 0.822404 -0.346588 -1 -0.236443 -1 -1 -1 -0.00828305 -0.982072 -1 -1 -1 -0.118444 -1 1 0.272683 -0.22123 -0.577207 -1 -1 0.00952661 -1 0.909849 -1 -0.949877 -1 -0.726606 -0.928646 -1 -0.831702 0.236562 -0.230018 -0.87898 -0.373814 -0.426802 -1 -1 -1 0.88691 -1 -0.683287 -0.976425 -1 -1 0.348778 -1 -1 0.367675 0.163329 -0.259625 -0.912362 0.676612 -0.974851 -0.920586 -1 -1 -1 -0.631058 -1 -0.235309 -0.618575 0.270671 -0.747698 -1 -1 -1 -0.678548 -0.416478 -1 -1 -1 -1 -0.764037 -0.608889 0.564875 -0.256896 0.336589 -0.796448 -1 -0.956226 -1 -1 -0.929021 -0.824467 -0.962106 -0.885764 -0.505609 -1 -1 -0.835194 -0.194397 -0.268909 1 -0.641671 -0.880361 1 -1 -1 0.773221 -1 -0.722231 -0.393201 0.680594 -0.736599 -1 
0.661674 -0.0541666 -0.290302 0.278505 1 -0.167484 -0.712469 -0.436017 -0.689225 -0.20475 0.155036 -0.808962 -1 -1 0.25992 -0.477564 0.544781 -0.746718 0.514171 -0.457552 -0.0255944 0.125029 0.279863 -0.76224 0.589788 -0.283887 -0.45004 -0.655298 -1 -1 -0.986855 0.860294 -1 0.659858 -0.665875 -0.686128 -0.864268 -0.745663 -0.628734 -0.235772 -0.231191 -0.982072 -1 -0.657285 -0.507445 0.101318 -0.740762 0.119042 0.597873 0.171125 -0.447629 -1 -1 -0.305743 -0.587097 0.703869 -0.821783 0.000730135 -1 -0.172136 -0.922498 -1 0.0180965 0.696883 0.550723 -1 -1 -1 -1 -1 0.0437497 0.0867384 -1 0.875397 -0.614085 -0.841525 -1 0.348778 -1 -1 0.689338 0.901118 -0.629977 0.139367 0.264781 -1 -0.391485 -0.686378 -1 -0.948979 -1 -1 0.224101 -1 0.246654 -1 -1 -0.544572 -1 1 -0.625045 -1 -1 -1 -0.739768 -0.732902 -0.617882 0.445472 0.403665 1 -0.851114 -1 -1 -1 -0.139522 -1 -1 -0.214217 -1 -0.505609 -0.790423 -0.832755 -0.631737 -0.00714782 -0.239052 -0.224106 0.656633 -1 0.395253 -0.421302 -0.0427119 0.965129 -0.740893 -1 0.639308 0.911181 -0.0656093 -1 
0.534281 -0.276247 -0.792298 0.84206 0.427722 -0.167484 -1 0.32486 -0.123042 -0.474666 0.499769 -1 -1 -1 -1 -0.90506 0.918963 0.17689 0.0162858 -1 -0.172327 0.551018 -1 -1 0.464027 -0.224433 -1 -1 -0.809885 -1 -1 0.860294 -1 0.38127 -0.339283 -0.4923 -1 -0.363107 -0.628734 -0.725403 -0.0524885 -0.982072 -1 -1 -0.0184389 -0.458025 -1 0.0681629 0.597873 0.171125 -0.559993 -1 -1 -0.561504 -1 1 -1 -0.0100944 -1 -0.172136 -0.608213 -0.39523 -0.830946 0.511248 0.298046 -1 -1 -0.781223 -1 -1 0.174216 0.5205 -1 0.87493 -0.614085 -0.889523 -0.850618 -0.259562 -0.9309 -1 -0.271552 0.901118 -0.259625 0.390733 -1 -0.974851 -0.291858 -1 -1 -0.948979 -0.182226 -1 0.45009 -1 -0.608588 -1 -0.612862 -0.431956 -0.870173 0.532131 -1 -0.534333 -1 -0.286506 -1 -1 -0.713916 0.0767828 -0.843868 1 -0.851114 -0.807995 -1 -0.985099 -0.139522 -1 -1 -0.180009 -1 -0.263988 -0.790423 -1 -1 0.238653 -0.724401 0.200501 0.410926 -1 0.60161 -1 0.476289 0.773221 -0.849698 -0.743346 0.359556 0.400509 -1 -1 
0.20304 -0.585039 -0.0815812 0.459783 0.440581 -0.224622 0.0630605 0.761863 -0.245098 -0.221308 -0.179918 0.698901 -0.748034 0.0486351 -0.306335 -0.417327 -0.438301 -0.547162 0.662594 -0.0870088 -0.510007 -0.406168 -0.015103 0.335251 0.582936 0.39759 0.574633 -0.786334 0.718303 1 -0.158253 0.913596 0.848134 -0.69354 0.610324 0.98574 0.620945 -0.847572 -0.278116 0.991559 -0.192658 -0.0801187 -0.753321 -0.240293 0.664354 0.756744 0.607574 -0.445039 -0.219907 -0.879892 0.127615 0.716154 -0.201057 0.878095 0.755913 -1 -0.351609 0.538345 -0.961408 -0.393106 -0.42057 -0.887258 0.0913632 0.580028 0.650454 -0.433067 0.146045 -0.625612 0.646392 0.465838 -0.612643 -0.372399 0.465582 -0.729463 0.610943 -0.254931 0.889995 0.540225 -0.399993 -0.148945 0.425945 -0.0115115 0.273318 -0.898584 0.338973 -0.451249 0.675156 0.39973 0.00040257 0.242501 0.216977 -0.629805 -0.767983 -0.351552 -0.855646 -0.137484 -0.246544 -0.545684 -0.98636 0.147906 0.574024 -0.0708857 -0.590853 -0.887941 -0.64825 0.998304 -0.936331 0.888969 -0.651982 0.323567 0.421508 0.641296 0.765273 0.881212 -0.89421 0.979867 0.308682 0.528608 0.227648 -0.475259 0.389601 -0.621359 0.0418757 -0.0272498 -0.334192 -0.948672 -0.365631 0.110905 -0.144336 -0.81608 -0.626499 0.379201 -0.946472 0.141436 -0.56701 -0.862146 0.795508 0.148106 
0.482059 -1 -0.533858 -1 -0.570588 -1 -0.982783 -1 -1 0.89735 -0.730551 -0.783992 0.954754 -0.555615 0.36848 -1 -0.33223 -1 -1 0.00615618 -0.307858 -0.688081 -0.154288 -0.524267 -0.618878 -0.974027 -0.0124225 -1 -0.971687 0.56938 -1 -0.744398 -1 -1 -1 -1 -1 0.651305 0.462597 -0.367637 -0.776492 -0.943739 0.691844 -0.551021 0.111885 0.54422 0.124727 -1 -1 -1 -1 -0.497943 -0.922228 -0.915393 -1 -1 -0.856173 -0.167868 -0.596426 -0.146125 0.562999 0.681909 -0.973555 0.341317 -0.654819 -0.260746 -0.799499 0.529711 -0.258811 -0.761923 -0.737222 0.103724 -0.832595 -0.126822 -1 0.339051 -1 -0.797121 -1 -1 -0.692162 -0.667284 -1 -1 -1 -1 -1 -1 -1 -0.512447 0.100085 -1 -1 -0.642414 -0.787581 -1 -1 -1 -1 0.156071 -1 -0.775944 -0.854221 -0.65044 -0.451398 -1 -1 -1 0.237646 -0.628716 -1 -0.553146 -1 -0.515167 -1 0.584655 -1 -0.931208 -0.0066402 1 -0.817246 -1 0.518013 0.0314629 -1 -1 -0.97586 -1 -1 -1 -1 -0.845119 0.729692 -1 -1 -0.470671 0.113224 -1 
0.313618 -0.388821 -0.395536 1 -0.107651 -0.167484 -0.217318 0.144002 -0.237041 -1 0.665325 -0.698271 -0.722543 -1 0.25992 -0.349013 0.207291 0.0652459 0.152998 -0.066339 -0.0456283 -0.151917 0.329626 -0.76224 0.817175 -0.283887 -0.991511 -0.870943 -0.917686 -1 -0.867529 0.846879 -0.842824 -0.613839 0.467357 -0.102404 0.311013 -1 -0.396276 0.15138 0.244278 -0.610923 -1 -0.38996 0.0355629 0.593223 -1 0.709533 0.62709 -0.316492 -0.218976 -1 -1 -0.550721 -0.954319 0.998083 -0.349721 -0.583622 -0.937879 -1 -0.762388 -0.300404 -0.822255 0.511248 0.171154 -0.733302 -0.714883 -0.845178 -1 -0.518773 0.196026 0.53559 -0.833943 0.67783 -1 -0.744439 -1 0.711301 -1 -0.398691 0.480516 0.901118 -0.843198 -0.717624 0.0938389 -1 -0.409878 -0.73496 -1 -1 0.938807 -0.953653 0.236519 -0.29146 0.246654 0.625502 -0.313042 -1 -0.54144 -0.716913 -1 -0.618517 -1 -0.828402 -0.65718 -0.446667 -1 -0.0209297 0.625967 1 -0.319315 -0.807995 0.707369 -0.961288 -0.0846878 -0.812377 -0.364417 -0.0867573 -1 -0.636588 -1 -1 -1 0.289895 -1 -0.246395 0.370086 -0.885615 0.25781 -1 0.371117 0.317944 -0.91994 0.429632 0.627552 0.732298 0.0901286 -0.828772 
-1 -0.814809 -1 -1 0.00446311 -1 -1 -0.90052 -0.609791 -0.651599 -1 -0.621453 -1 -1 -1 0.079282 -0.548709 1 -0.575772 -1 -1 1 0.450462 -0.887183 -1 -0.660715 -0.524556 -1 -1 -0.591047 -0.45212 -1 -1 -1 -0.496195 -0.834284 -0.303446 0.498619 0.106325 -1 -1 0.273696 -0.0160127 -1 -0.350388 0.195153 -0.478933 -0.901598 -1 -0.872929 -0.369621 -1 -1 -0.899625 -1 -0.645678 -0.737696 -1 0.0666295 -1 -0.318343 -0.961656 -1 -0.718062 -1 0.0523632 -1 -1 0.451624 -1 -0.481683 -0.702872 -1 -1 -0.248661 -1 -1 -1 -0.433831 0.0460016 0.994336 -1 -0.713428 -1 -0.563335 -0.106637 -0.0941595 -1 -1 0.281032 -0.938548 -1 -0.869096 -0.840874 -0.409808 -0.535625 -1 -1 -1 0.821606 -1 -1 -1 -1 -0.810971 0.515406 -0.775822 -0.934484 -0.805101 -1 1 -1 -0.0357778 0.77151 -0.871595 -1 -1 -0.629417 -0.47343 0.0750806 -0.8373 0.418919 -1 -0.451514 -1 -1 -0.765072 -1 -1 -1 -1 -1 -1 0.780099 0.283379 0.40304 0.582724 -1 
-0.304914 -1 -1 -0.0504281 -0.875105 -0.570513 -0.977952 0.0677744 -0.304841 -1 -0.596032 -0.808962 -1 -1 -0.681113 -0.599405 -0.386335 -0.858515 -0.545313 -1 -0.947029 -1 -0.174015 -0.589099 -0.303297 -1 -0.295912 -0.399005 -0.416658 -0.998865 -0.617893 0.114079 -1 -0.479612 -1 -1 -0.928736 -0.687702 -1 -0.524885 0.468472 -1 -1 -0.378801 -1 0.405197 -0.370685 -0.136676 -1 0.171125 -1 -1 -1 -0.707521 -1 0.305161 -1 -1 -0.870702 -0.959585 -1 -1 -1 0.0458939 -0.109185 -1 -1 -1 -1 -1 0.338223 -0.156904 -1 0.150475 -1 -1 -1 -0.797955 -1 -1 0.122358 1 -1 0.131819 -0.68797 -1 -0.635878 -1 -0.623356 -1 -0.298566 -1 0.159427 -1 -1 -1 -1 -1 -0.378741 -1 -1 -0.492846 -1 -0.955236 -1 -1 -1 0.594384 -0.862385 0.790401 -1 -1 -0.853477 -1 -0.265778 -0.751507 -1 -0.180009 -1 -0.800202 -1 -1 -1 0.289895 -0.131713 0.939949 -0.927015 -1 0.861841 -0.791639 -1 0.939543 -1 -0.236284 -0.542803 0.595511 -0.225173 -1 
-1 -1 -0.615 -0.903672 -0.883381 0.579782 -0.631966 -1 0.301884 -1 -0.155293 -0.543387 -1 -0.857278 -1 0.0164109 -0.430774 0.979782 -0.261615 -1 -1 -1 -0.0544851 -0.791491 -1 -0.694755 -0.945911 -1 -0.152362 -0.353637 -1 -0.588161 -1 -0.661858 -0.145545 -0.762524 0.452472 -0.611356 0.438266 -1 -0.658804 0.376584 -1 -1 -0.350388 1 0.322928 -1 -0.866523 -0.433679 -1 -0.0430738 -0.25721 0.171068 -0.61041 -1 -0.557402 -1 -1 -0.940722 -0.955173 -1 -0.724742 0.273906 -0.993392 0.0523632 -0.725342 -1 0.863171 -1 -0.285898 -0.0247628 -1 -0.406391 -0.341365 -0.115786 -1 -0.973827 -1 -1 0.0562749 -1 -1 -1 -0.805133 -1 -0.0941595 -1 0.0731077 -1 -1 -1 -1 0.0234709 -1 -1 -1 -1 -1 -1 -1 -0.732227 -1 -1 -1 0.352546 -0.792088 -1 -1 -1 0.577637 -1 -1 0.716345 -1 -1 -1 -0.93956 0.576404 0.0358436 0.221562 0.335093 -1 -1 -1 -1 -0.4217 -0.473131 -1 -1 -1 -1 -0.82656 0.780099 0.0472443 0.417414 -0.450859 0.148141 
-1 -0.346295 -0.0185167 0.84206 0.994844 -0.36937 -0.217318 0.218005 -0.724974 -1 0.499769 -0.808962 -1 -1 0.473168 -0.0208852 0.706521 -0.0802512 -0.556548 -0.457552 -0.0255944 0.606194 -0.112536 -1 0.464027 -0.283887 -0.831687 -0.326407 -0.669664 -0.885501 -0.646634 0.514817 -1 -0.0737002 -0.625761 -0.706586 -0.19827 -0.497562 -0.628734 -0.235772 -0.784001 -1 -1 -0.38996 0.128693 -0.183722 -1 0.420709 0.597873 -0.00863625 -0.927291 -1 -1 0.00952661 -0.373851 -0.20477 -0.556556 -0.310041 -1 -1 -1 -0.774003 -0.446894 0.511248 -0.307905 -0.659422 -0.428231 -1 -0.617796 -1 -0.578448 0.5205 -1 0.754158 -0.614085 -0.744439 -0.810516 -0.509946 -1 -1 0.667319 0.901118 -1 0.254968 0.0938389 -1 -1 -0.729853 -1 -0.68253 0.196635 -0.645126 0.393769 -0.702271 -0.179285 -1 -1 -1 -1 0.112786 -1 -0.210984 -0.777875 -0.40689 -0.623187 -1 -0.608889 0.429137 0.0944734 -0.536809 -1 -1 -1 -1 -0.363097 -1 -1 -0.180009 -1 -0.78361 -1 -1 -0.726553 0.289895 -1 0.939949 0.262307 -1 0.0119649 -1 0.316369 -0.24626 -1 -0.323226 0.597882 0.732298 -1 -0.865213 
0.661674 -0.556281 -0.221649 -0.151883 0.128719 -0.7642 -0.217318 -0.708165 -0.0968204 -1 -0.0566318 -1 -1 -1 0.25992 -0.613051 0.544781 -1 0.514171 -0.535037 -0.196855 0.316023 0.529293 -0.76224 0.256156 -0.143357 -1 -1 -1 -1 -0.662428 -0.690051 -1 0.322922 -0.665875 -0.583316 -1 -0.745663 -1 -0.235772 -0.107462 -0.982072 -1 -0.38996 -0.949605 0.101318 -0.740762 0.616699 0.526057 0.171125 -0.534253 -1 -1 0.00952661 -0.587097 1 -1 0.0935915 -1 -0.172136 -0.922498 -1 0.0180965 -0.117056 0.550723 -0.854842 -0.428231 -0.617799 -1 -1 -0.8665 0.0867384 -1 0.675028 -0.687969 -0.537376 -1 -0.0391042 -1 -0.796833 0.689338 0.460171 -0.690969 0.254968 -1 -0.974851 0.0305618 -0.997973 -1 -1 -0.935234 -1 0.137702 -0.618575 0.379878 -1 -1 -0.431956 -1 -0.197304 -0.625045 -0.210984 -0.873491 -1 -0.4468 -0.500769 -0.608889 0.20843 0.403665 1 -0.851114 -0.775545 -1 -0.963207 -0.139522 -1 -1 -0.369108 -1 -0.99077 -0.790423 -1 -0.936715 -0.261112 -0.975096 0.29025 0.656633 -1 0.395253 -0.856773 -1 0.773221 -0.740893 -1 0.639308 0.911181 -0.971732 -1 
0.313618 -0.388821 -0.395536 1 -0.107651 -1 -0.297485 0.431342 -0.237041 -1 0.499769 -0.698271 -0.722543 -1 0.25992 -0.349013 0.207291 0.0652459 0.155814 0.292918 -0.0456283 -1 0.329626 -0.76224 0.817175 -0.442933 -0.991511 -0.870943 -0.917686 -1 -0.867529 0.846879 -0.842824 -0.613839 -0.0466126 -0.102404 0.311013 -1 -0.486259 0.602231 0.244278 -0.610923 -1 -0.38996 0.0355629 0.598017 -0.818265 0.709533 0.62709 -0.300818 -0.218976 -1 -1 -0.422713 -0.954319 1 -0.349721 -0.771574 -0.937879 -1 -1 -0.300404 -0.822255 0.511248 0.171154 -1 -0.714883 -0.845178 -1 -0.518773 0.213436 0.132812 -0.833943 -0.260303 -0.940277 -0.744439 -1 0.86081 -1 -0.398691 0.480516 0.901118 -0.587826 -0.717624 0.0938389 -1 -0.409878 -0.73496 -1 -1 0.938807 -0.953653 0.100063 -0.29146 0.246654 0.625502 -0.313042 -1 -0.922638 -0.716913 -1 -0.618517 -1 -0.828402 -0.65718 -0.446667 -1 -0.0209297 0.625967 1 -0.319315 -0.807995 0.707369 -1 -0.0846878 -1 -0.364417 -0.0867573 -1 -0.636588 -1 -1 -1 0.289895 -1 -0.246395 -0.793704 -0.885615 0.25781 -1 0.371117 0.17779 -0.91994 0.429632 0.627552 0.732298 0.0901286 -0.828772 
0.661674 -0.867453 -0.25643 0.537971 1 -0.167484 -0.217318 -0.136172 -0.458186 -0.555926 0.243011 -1 -1 -1 0.255545 -0.0208852 0.319225 -0.72735 0.514171 -0.457552 -0.0255944 -0.242338 0.416855 -1 0.464027 -0.283887 -0.45004 -0.935826 -0.809885 -1 -0.986855 0.668679 -1 0.188697 -0.00163397 -0.297076 -1 -0.362497 -0.628734 -0.372303 0.232236 -1 -1 -0.38996 -0.681993 0.101318 -0.740762 0.196145 -0.162005 0.487811 -0.577207 -1 -1 -0.00608933 -1 0.998083 -0.639327 -0.0100944 -1 -0.172136 -0.971663 -1 -0.430114 0.0447567 0.172449 -0.25527 -0.428231 -0.781223 -0.864188 -1 0.0437497 0.5205 -0.982397 0.943573 -0.614085 -1 -1 0.348778 -1 -0.828988 0.689338 0.901118 -0.259625 0.204479 0.0938389 -0.974851 0.0305618 -0.600377 -1 -0.948979 0.196635 -1 0.393769 -1 0.246654 -1 -1 -1 -1 0.513447 -0.619555 -0.210984 -1 -0.40689 -1 -1 -0.608889 0.445472 0.565833 1 -0.851114 -0.807995 -0.89937 -0.963207 -0.458424 -0.779599 -1 -0.214217 -1 -0.505609 -1 -0.930047 -0.764623 0.373308 -0.355142 0.319719 0.433795 -1 0.468109 -0.421302 0.316369 0.773221 -0.951112 -0.204027 0.469292 0.732298 -0.0656093 -1 
0.914075 -0.0541666 -0.586704 0.84206 0.710431 -0.996246 -0.217318 0.133433 -0.123042 -0.642738 0.499769 -0.974785 -1 -1 0.25992 -0.0208852 0.319225 0.141883 0.514171 -0.847547 0.283303 0.297584 -0.711063 -0.76224 -1 -0.283887 -0.54941 -1 -0.917686 -1 -1 -0.630718 -0.886524 -0.354784 -0.4246 -0.737585 -0.19827 -1 -0.628734 -0.782261 0.252334 -0.935548 -1 -0.488604 0.172195 0.196332 -0.99178 -1 -0.0360316 0.171125 -1 -1 -1 0.00952661 -0.685245 0.847109 -0.457705 -0.0100944 -0.678765 -0.399299 -0.459746 -0.457951 -0.104022 0.511248 0.666687 -1 -0.457816 -1 -0.726271 -0.996737 0.0437497 0.0492989 -1 -0.127853 -0.614085 -1 -0.84493 0.40487 -0.9309 -1 0.311104 1 -0.259625 -0.374023 0.0938389 -1 -1 -0.366763 -1 -0.891201 -0.899831 -1 0.00802326 -0.618575 -0.203197 -1 -1 -1 -1 -0.705794 -1 -0.864688 -0.739745 -0.40689 -0.933701 -0.688861 -1 0.445472 0.799858 -0.699631 -0.851114 -1 -0.197495 -0.963207 -0.0846878 -0.848329 -0.620134 -0.64975 -1 -0.505609 -1 -1 -1 0.289895 -0.773181 0.975754 0.656633 -1 -1 -0.305476 -0.0269242 0.527404 -1 -0.0906548 0.296644 0.173639 -1 -0.95913 
-0.425531 -0.0541666 -0.25643 0.944662 -0.15832 -0.167484 -0.217318 0.132083 -0.123042 -0.917056 0.726575 -1 -0.914819 -1 -1 -0.0208852 0.319225 -0.14203 0.214426 -1 -0.0255944 -0.196624 -0.209017 -1 0.464027 -0.283887 -0.45004 -0.745048 -1 -1 -0.646634 0.860294 -1 0.659858 -0.520491 -1 -0.19827 -0.497562 -0.555606 -1 -0.00828305 -0.982072 -1 -0.38996 -1 0.101318 -1 1 0.597873 0.171125 -0.577207 -1 -1 0.00952661 -0.587097 0.998083 -0.639327 -0.0100944 -1 -0.172136 -0.60574 -1 -1 0.511248 -0.109185 -0.659422 -0.742222 -0.781223 -0.410091 -1 -0.11967 0.5205 -1 0.87493 -0.436373 -1 -1 0.348778 -1 -1 0.689338 0.323858 -0.259625 -0.206111 0.19821 -0.974851 0.0305618 -1 -1 -0.948979 -0.146086 -1 -0.0907921 -0.618575 0.29022 -1 -1 -0.405619 -0.675956 0.306476 -0.625045 -0.606202 -1 -0.374849 -0.775168 -1 -0.608889 0.445472 0.737398 1 -1 -1 -1 -0.918326 -0.139522 -1 -1 -0.180009 -1 -0.505609 -0.790423 -1 -0.56133 -0.194397 -0.452963 1 0.656633 -0.852085 1 -0.421302 -0.55066 0.773221 -0.740893 -0.204027 0.608538 0.680594 -0.736599 -1 
0.0512801 -0.6097 -0.435903 0.0427554 0.575234 -0.00741369 -0.773401 0.0677744 -0.220679 -0.580947 0.336205 -0.808962 -1 -1 0.726855 -0.840014 0.647977 -1 -0.183838 -0.457552 -0.0255944 -0.0883406 -0.831232 -1 0.273067 -1 -0.922382 -0.755996 -1 -1 -0.658916 0.697782 -0.970134 -1 -0.665875 -1 -0.917971 -0.532767 -1 -0.235772 -0.630614 -1 -1 -0.38996 -0.596923 0.130482 -1 0.616699 -0.334726 -0.554926 -0.639779 -1 -1 -0.339337 -0.865736 0.0928945 -1 -0.77652 -1 -0.172136 -1 -1 0.373353 0.511248 0.819152 -1 -0.478375 -0.566471 -0.683405 -1 -0.117156 0.0867384 -1 0.87493 -0.98337 -1 -1 0.167925 -1 -1 0.689338 0.901118 -0.259625 -1 -0.116618 -1 0.0305618 -1 -1 -1 -0.695267 -0.876288 -0.867256 -0.886361 0.246654 -0.794018 -1 -0.431956 -0.899047 0.384153 -1 -1 -1 -1 -0.957998 -1 -1 0.445472 -0.757377 0.788672 -1 -0.811414 -1 -1 -0.215396 -1 -1 -1 -1 -0.729206 -0.790423 -0.658759 -1 0.186142 -0.585963 0.502239 -0.00288239 -1 -0.371119 -0.374528 0.38224 0.256842 -0.579216 -0.875917 -0.799122 1 -0.291728 -1 
0.523461 0.235968 -0.110048 -0.8369 -0.911443 -0.562126 -0.263415 -1 -0.602514 -0.137403 -1 -1 -1 -1 -0.236869 -0.732813 -1 -1 -0.952602 -1 0.96981 0.443371 -0.635646 0.134976 -0.735652 -1 -0.872143 -0.497611 -1 -0.930062 -0.938157 -0.721406 -1 -1 -1 -0.848633 -1 -0.610409 -1 -1 -0.175472 -0.713472 -1 0.208533 0.402806 0.294937 -1 -0.589433 -0.950194 -1 -1 -0.809361 -1 -1 -1 -1 -1 -1 -0.603722 -1 -1 -1 0.447225 -1 -1 0.323126 -0.426069 -0.967525 -0.885098 -0.452311 -0.749754 -1 -0.728251 0.272957 -1 -0.788077 -1 -1 -1 -0.969582 -0.792217 -0.615258 -1 -0.998106 -0.471255 -1 -0.82902 -1 -1 -1 -0.3727 -1 -1 -0.86477 -1 -0.541625 -0.823416 -0.468849 -1 0.119311 -1 -1 -0.573535 -0.193737 -0.857171 -1 -1 -0.420144 0.729906 0.666097 -1 -1 0.353431 -0.74583 0.642562 0.96723 -1 0.126317 -1 -0.0861977 -0.911983 -0.996829 0.497025 -1 0.715211 -0.738147 -1 -1 -0.415809 -1 -1 -1 -0.0798923 -0.900123 -1 -1 -1 -1 
0.914075 -1 -1 0.515794 0.438379 -1 -1 0.133433 0.00928387 -0.582322 0.671529 -1 -1 -1 0.25992 -0.754821 0.523415 -0.134883 -0.0963431 -1 0.283303 0.473928 -0.711063 -0.76224 -0.346745 -0.283887 -1 -1 -1 -1 -1 -0.241276 -0.629921 -0.228226 -0.4246 -0.868089 -1 -1 -0.238503 -0.782261 0.4959 -0.789804 -1 -0.521415 -0.387219 -0.405505 -1 -0.796758 -0.0905489 -0.172818 -0.802728 -1 -1 0.037102 -1 -0.689353 -1 -0.622045 -0.865817 -0.364857 -0.459746 -0.399185 -0.441195 0.191157 0.898524 -1 -1 -0.933128 -0.726271 -1 -0.588576 0.5205 -1 -1 -1 -0.765153 -1 -0.280912 -0.71614 -1 0.115469 1 -0.563141 -0.299371 0.0938389 -1 -1 -0.366763 -1 -1 -1 -1 0.358005 -0.618575 -0.954506 -1 -1 -1 -1 -0.679915 -1 -0.948327 -0.739745 -0.40689 -1 -1 -1 -0.297678 0.488931 -0.758827 -1 -1 -1 -1 -0.0846878 -1 -0.453826 -1 -1 -0.505609 -1 -1 -1 0.528791 -1 0.975754 -0.0662652 -0.823192 -0.763807 -0.305476 0.076706 0.773221 -1 -0.640993 -0.293772 -0.288718 -0.0656093 -0.672271 
0.289162 -0.0541666 -0.290302 0.84206 0.85341 -1 -1 -0.280854 -0.220679 -0.20475 0.499769 -0.913845 -1 -1 0.25992 -0.599896 0.304213 -1 0.514171 -0.457552 -0.196855 0.606194 0.279863 -0.76224 0.0556613 -0.283887 -0.45004 -0.417873 -1 -1 -0.986855 1 -1 0.659858 -0.665875 -0.583316 -1 -0.745663 -0.628734 -0.235772 -0.231191 -0.982072 -1 -0.38996 -0.949605 0.101318 -0.740762 0.616699 0.597873 0.0773725 -0.604536 -1 -1 0.00952661 -0.587097 0.760846 -0.821783 0.111687 -1 -0.172136 -0.922498 -1 0.0180965 0.533018 0.550723 -0.950616 -0.428231 -0.617799 -1 -1 0.393828 0.0867384 -1 0.43211 -0.614085 -0.841525 -1 -0.776044 -1 -1 0.791909 0.901118 -0.105653 0.254968 0.213355 -0.974851 0.0305618 -0.76879 -1 -0.948979 -0.985478 -0.654462 0.137702 -0.618575 0.246654 -1 -1 -0.833704 -0.750936 1 -0.671751 -0.210984 -1 -0.798122 -0.775168 -0.779537 -0.608889 0.430498 0.403665 0.121855 -1 -0.775545 -1 -1 -0.139522 -1 -1 -0.532752 -1 -0.766317 -0.790423 -1 -0.557269 0.289895 -0.355142 0.33218 0.656633 -1 0.395253 -0.421302 -0.0427119 0.773221 -1 -1 0.895387 0.911181 -0.0656093 -1 
0.914075 -0.826633 -0.862692 0.84206 0.556442 -1 -0.217318 0.133433 -0.123042 -0.421057 0.499769 -1 -1 -1 0.25992 -0.858717 0.319225 -0.134883 0.514171 -0.847547 0.283303 0.606194 -1 -0.76224 -0.561625 -0.283887 -0.45004 -1 -1 -1 -0.646634 0.490662 -0.895956 -0.420151 -0.4246 -0.249643 -0.19827 -1 -0.628734 -1 -0.945693 -0.935548 -1 -0.149528 0.172195 0.196332 -0.805227 -1 -0.0360316 0.171125 -1 -1 -1 0.00952661 -1 0.451451 -1 -0.886579 -0.678765 -0.399299 -0.459746 -0.457951 -0.233174 -0.216454 0.666687 -1 -0.435368 -1 -0.726271 -1 -1 0.5205 -0.691704 -1 -0.774918 -1 -0.911807 -0.319338 -1 -0.971761 0.689338 1 -0.17995 -0.374023 0.0938389 -1 -1 -0.485218 -1 -1 -1 -1 0.00802326 -0.618575 -0.203197 -1 -0.872911 -1 -1 -0.888155 -0.979376 -0.864688 -0.739745 -0.40689 -1 -1 -1 0.445472 0.799858 -0.699631 -0.851114 -0.671438 -0.197495 -0.963207 -0.0846878 -0.848329 -1 -0.549394 -1 -0.716553 -1 -1 -0.914336 0.289895 -1 0.975754 0.484111 -1 -1 -0.305476 -0.0269242 0.773221 -1 -0.182728 0.639308 0.470438 -0.0656093 -0.712136 
-0.076433 -0.0541666 -0.418081 0.968453 0.00478444 -0.167484 -0.245618 -0.848606 -0.516401 -0.164135 0.777269 -1 -0.936297 -1 -0.0883063 -0.0208852 0.319225 -0.14203 0.537104 -1 -0.0255944 -0.196624 -0.137799 -1 -0.874503 -1 -0.316113 -1 -0.809885 -1 -1 0.703594 -1 0.659858 -1 -1 -0.19827 -1 -0.628734 -0.302928 0.125339 -0.982072 -1 -0.173082 -1 -0.212508 -1 1 0.597873 0.547056 -0.181267 -1 -1 0.00952661 -1 0.998083 -1 -0.0100944 -1 -0.554607 -0.343771 -1 -1 -0.397411 -0.309772 -1 -1 -0.781223 -0.726271 -1 -1 0.371571 -1 0.729958 -0.545699 -1 -1 0.348778 -1 -1 0.689338 0.901118 -0.0701826 -0.912858 0.184362 -0.974851 -0.51551 -1 -1 -0.994874 -0.0710036 -1 -0.0021432 -1 0.246654 -1 -1 -1 -0.675956 0.198794 -1 -0.210984 -1 -0.772122 -1 -0.929109 -0.882296 0.62843 0.340713 0.659503 -1 -1 -0.519939 -0.841835 -0.139522 -0.271256 -1 -0.180009 -1 -0.660864 -1 -1 -0.56133 -0.0521847 -0.452963 1 0.341781 -0.971151 1 -0.509682 -0.55066 1 -0.740893 -0.204027 0.753194 0.117066 -0.736599 -1 
0.914075 -0.0541666 -1 0.84206 0.710431 -0.996246 -0.692864 0.133433 -0.123042 -0.421057 0.499769 -0.974785 -1 -1 0.25992 -0.0208852 0.319225 0.141883 0.514171 -1 0.283303 0.297584 -0.711063 -0.76224 -1 -0.283887 -0.54941 -1 -1 -1 -0.646634 0.490662 -0.969958 -0.431698 -1 -0.249643 -0.19827 -1 -0.628734 -0.782261 -0.243735 -0.935548 -1 -0.488604 0.172195 0.196332 -0.876785 -1 -0.0360316 0.171125 -1 -1 -1 -0.646947 -0.933246 0.451451 -0.516906 -0.0100944 -0.678765 -0.399299 -0.57061 -0.518747 -0.104022 0.258786 -0.00575697 -1 -0.598241 -0.761785 -0.726271 -0.996737 -0.436365 0.5205 -1 -0.127853 -0.614085 -1 -0.84493 -0.630955 -0.9309 -1 0.540596 1 -0.259625 -0.374023 0.0938389 -1 -1 -1 -1 -0.891201 -0.899831 -1 0.00802326 -0.618575 -0.203197 -1 -1 -1 -1 -1 -1 -0.864688 -0.739745 -1 -1 -1 -1 0.445472 0.799858 -0.699631 -0.851114 -0.671438 -0.197495 -0.963207 -0.0846878 -0.848329 -0.620134 -1 -0.93196 -0.505609 -1 -1 -0.496652 0.289895 -1 1 0.656633 -1 -0.763807 -0.305476 -0.759583 0.864906 -1 0.087078 0.639308 0.732298 -0.0656093 -0.95913 
-1 -0.271811 -1 -1 -1 -1 -0.340008 -0.640343 0.320562 -0.677197 -1 0.475922 -0.234881 -1 -1 -0.728679 -1 -0.334446 -0.386303 -0.73366 -1 0.602409 0.596635 1 -1 -0.624045 -0.0463296 -0.835588 -0.908387 -1 -0.749403 -1 -1 -1 -0.371842 -1 -0.392121 -1 0.117321 -1 -0.33387 -1 0.140542 -1 1 -1 -1 -1 -1 -1 -1 -0.310424 -1 -1 -1 -0.850813 -0.836401 -1 -1 -1 -0.653809 -1 -1 -0.556097 -1 -0.461184 -1 -0.696484 -0.830081 1 -1 -0.71549 -0.971008 -1 -1 -0.819143 -1 -1 -0.745271 -1 -0.801477 -1 -1 -1 -1 -1 -1 -1 -1 -1 -1 -0.647522 -1 -0.67538 -0.93002 -0.535455 -1 -0.758096 -1 -1 -1 -1 -0.570199 -0.292144 -0.957077 -1 -0.378892 -0.600482 -1 -1 -0.847851 0.31636 0.618728 1 -0.0238241 -0.653962 -1 -0.806119 -1 0.298218 0.0311258 -0.843467 -0.890267 -0.872898 -0.10595 -1 -0.947139 0.553459 -1 -0.982742 1 -1 0.692553 -0.794486 -0.872955 -0.0796927 -0.646399 -0.596606 
-0.100225 -0.373129 -1 1 0.797415 -0.167484 -1 0.49998 -0.237041 -1 -0.598683 -1 -0.722543 -0.918075 0.25992 -0.349013 0.209435 0.256315 0.155814 0.0896709 -0.464862 -0.151917 -0.0901781 -0.917149 1 -0.784904 -1 -1 -0.917686 -0.820619 -0.198504 0.563503 -1 -0.477628 0.494642 -1 0.240443 -0.497562 -1 -1 0.57565 -1 -1 -0.38996 -0.619589 0.593223 -1 0.709533 0.62709 0.494909 -0.218976 -1 -1 -0.101272 -0.668903 0.970934 -0.149297 -1 -0.762597 -1 -0.605639 -0.300404 -0.822255 0.511248 0.0617377 -1 -1 -0.845178 -1 -1 0.213436 0.53559 -1 0.261839 -1 -1 -1 0.322232 -1 -1 0.0471031 0.901118 -1 -0.702098 0.0938389 -1 -0.409878 -1 -1 -1 -0.0104856 -1 0.236519 -0.474104 0.246654 0.0696545 -1 -1 -1 -1 -1 -0.210984 -1 -0.886968 -0.65718 -0.446667 -1 0.352652 0.631081 1 0.0707115 -0.807995 -0.0450562 -1 -0.0846878 -1 -0.917857 -0.0867573 -1 -1 -0.76317 -1 -1 0.289895 -1 -0.762272 0.371589 -1 -1 -1 0.0419531 -1 -0.91994 -0.171277 -0.355751 0.732298 0.0901286 -1 
0.661674 -0.0541666 -0.25643 0.84206 1 -0.167484 -0.217318 0.0677744 -0.220679 -0.580947 0.55622 -0.808962 -1 -1 0.25992 -0.202487 0.647977 -1 0.514171 -0.457552 -1 0.485835 0.232509 -1 0.0310683 -0.283887 -0.45004 -0.400061 -1 -1 -0.986855 0.860294 -1 0.659858 -0.665875 -1 -0.750008 -1 -0.628734 -0.910542 -0.385543 -1 -1 -0.38996 -0.999665 0.101318 -0.740762 0.616699 0.597873 -0.0325985 -1 -1 -1 0.00952661 -1 0.998083 -0.639327 -0.544314 -1 -0.172136 -0.459746 -1 0.0180965 0.511248 0.550723 -0.659422 -0.424664 -0.781223 -1 -1 -0.714935 0.0867384 -1 0.87493 -0.614085 -0.744439 -1 0.682346 -1 -1 0.689338 0.901118 -0.259625 0.254968 0.213355 -0.974851 -0.267876 -0.686378 -1 -1 -0.985478 -1 0.393769 -0.618575 0.550675 -1 -1 -0.431956 -1 0.904781 -0.625045 -0.210984 -1 -0.40689 -1 -0.732902 -0.608889 0.161387 0.4195 1 -0.851114 -0.807995 -0.877808 -0.963207 -0.215396 -0.952579 -0.642878 -0.275457 -1 -1 -1 -1 -0.593297 0.186142 -0.355142 0.502239 0.133089 -1 -0.298 -0.622977 0.252674 0.524045 -0.579216 -1 0.439368 0.999561 -0.550666 -1 
-0.877941 -1 -1 -1 -1 -1 -0.635003 -0.285007 -0.662466 -1 -1 0.406197 -0.453053 -1 -1 -1 -1 -1 0.650437 -0.990407 -0.973646 0.527445 0.149221 1 -0.945362 -1 0.357738 -0.891346 -1 -1 -0.410096 -1 -1 -0.74369 -0.566018 -0.453986 -1 -1 -0.695019 -0.981947 -0.602617 -1 0.393721 -0.629163 0.563172 -1 -1 -0.825328 -0.566171 -1 -1 -1 -0.841123 -1 -0.362893 -0.988221 -0.886169 -0.876029 -1 -1 -1 -0.730714 -0.96268 -0.939081 -1 -0.314724 -1 -0.877482 -0.866371 -0.728501 -0.631213 -1 -1 -0.575522 -0.895799 -1 -1 -1 -0.814472 -1 -1 0.244836 -1 -1 -1 -0.915605 -0.921304 -1 -1 -1 -1 -1 -0.915305 -0.710506 -1 -0.223548 -0.950598 -0.757898 -0.993158 -0.869944 -1 -1 -1 -0.688594 -1 -1 -0.378892 -1 -0.970159 -1 -0.649145 -0.559991 0.795413 0.932605 -0.381337 -1 -1 -1 -1 0.298218 -0.071745 -0.744148 -0.933426 -0.287907 -0.838651 -1 -1 -0.00359464 -0.61632 -0.512133 0.944485 -1 0.518159 -1 -1 0.197163 -1 -1 
-0.390927 -0.388821 -1 1 0.472713 -0.167484 -0.217318 0.49998 -0.237041 -1 -0.598683 -1 -0.722543 -0.918075 -0.632527 -0.450759 0.209435 0.0652459 0.155814 0.0896709 0.0834512 -0.151917 -0.715993 -0.76224 0.817175 -0.784904 -0.991511 -0.433904 -0.917686 -0.820619 -0.198504 0.563503 -1 -0.477628 0.494642 -0.417292 0.240443 -0.497562 0.0372523 -0.285309 0.57565 -1 -1 -0.38996 0.0355629 0.593223 -1 0.709533 0.62709 0.494909 -0.218976 -1 -1 -0.101272 -0.668903 0.970934 -0.461878 -0.715557 -1 -1 -1 -0.300404 -0.822255 0.843206 0.0617377 -1 -1 -0.845178 -1 -0.518773 -0.0879735 0.53559 -1 0.261839 -1 -0.740667 -1 -0.818797 -1 -1 0.0471031 0.633317 -1 -0.650109 0.0938389 -1 -0.409878 -0.73496 -1 -1 -1 -1 0.361833 0.18197 0.246654 0.317582 -1 -0.431956 -0.379151 -1 -1 -0.210984 -1 -0.886968 -0.65718 -0.446667 -1 0.267883 0.631081 0.94267 -0.319315 -0.807995 -1 -1 -0.0846878 -0.722893 -0.917857 -0.0867573 -1 -1 -0.76317 -1 -1 0.289895 -1 -1 0.370086 -1 0.25781 -1 0.764128 -0.751807 -0.91994 -0.400903 -0.355751 0.732298 0.0901286 -1 
0.661674 0.12516 -0.59784 0.0622006 1 -0.666588 -0.217318 0.133433 0.203977 -1 0.126069 -0.459768 -1 -0.756068 0.25992 -0.582559 0.648699 0.141883 0.494686 -0.766775 0.132081 0.606194 0.232509 -1 -1 -0.511094 -1 -0.439058 -0.917686 -1 -0.646634 0.490662 -1 0.124063 -0.4246 -0.780172 -0.19827 -1 -0.861202 -0.544503 0.252334 -0.935548 -1 -0.338946 -0.261494 -0.0346783 -0.955871 -0.20088 -0.530577 0.171125 -1 -1 -1 0.00952661 -1 0.998083 -1 -0.0100944 -0.937879 -0.343299 -0.439306 -0.774003 -0.555694 0.511248 0.516501 -1 -0.461464 -0.781223 -0.726271 -0.827824 0.0437497 0.5205 -1 0.0554912 -0.614085 -0.625698 -1 0.348778 -0.689218 -1 0.689338 0.901118 -0.259625 -0.332577 -0.830818 -1 0.355736 -0.729853 -1 -0.891201 -1 -0.725505 0.643946 -0.618575 -0.458203 -1 -0.904695 -0.273562 -1 -0.309097 -0.782697 -0.441992 -0.41881 -0.40689 -1 -1 -1 0.819945 0.631081 0.256548 -0.851114 -1 -0.197495 -1 -0.357512 -1 -1 -0.863351 -1 -0.505609 -1 -1 -0.56133 0.201837 -1 -0.109816 0.852408 -1 1 -1 0.221035 0.621486 -0.926558 -0.346147 0.639308 0.787142 -0.0656093 -1 
0.661674 -0.0541666 -0.25643 0.62958 -0.939585 -0.0355224 -0.217318 0.0677744 -0.123042 -0.895994 0.217397 -0.922864 -1 -1 -0.000827044 -0.422498 0.709967 0.223131 0.650553 -0.41759 -0.45539 -0.316234 -0.408953 -1 0.464027 -0.811796 -0.403927 -0.69131 -1 -1 -0.646634 0.860294 -1 0.659858 0.111171 -1 -0.19827 -0.274164 -0.643212 -0.703265 0.125339 -0.982072 -1 -0.38996 -1 -0.996331 -1 0.640633 0.668721 -0.255888 -0.577207 -1 -1 0.195695 -1 0.998083 -0.639327 -0.0100944 -0.959671 -0.630695 -1 -1 -1 0.511248 -0.109185 -0.659422 -0.428231 -0.781223 -0.674741 -0.836704 -0.24034 -0.0274937 -1 0.87493 -0.614085 -1 -1 0.348778 -0.9309 -0.945528 0.583046 1 -0.835277 0.254968 0.330835 -0.974851 0.0413823 -1 -1 -0.948979 0.196635 -1 0.446172 -1 -0.146661 -1 -1 -0.431956 -0.675956 0.513447 -0.625045 -0.9589 -1 -0.40689 -0.616257 -1 -0.918501 0.445472 0.631081 0.948992 -0.851114 -1 -0.632043 -1 -0.139522 -0.897426 -1 -0.464806 -1 -1 -1 -1 -0.56133 0.289895 0.0541681 0.342858 0.554662 -1 1 -0.288336 -0.0422728 0.835026 -0.740893 -0.498419 0.0776968 0.732298 -0.826797 -1 
0.545159 -1 -0.533858 -1 -0.766708 -0.718552 -1 -1 -1 0.706678 -0.422369 -0.783992 0.954754 -0.555615 0.711122 -1 -0.0517042 -1 -0.202369 -0.0567645 -0.684572 -1 0.743775 0.357311 -1 -0.974027 -0.0124225 -1 -1 0.56938 -1 -0.744398 -0.803495 -0.397561 -1 -0.944408 0.24708 0.669621 0.24383 -0.138428 0.148036 -1 0.691844 -0.551021 0.255586 0.54422 0.124727 -0.285944 -0.784323 -0.822738 -1 -0.483072 -1 -1 -1 -1 -0.362672 -0.167868 -0.596426 -0.146125 0.562999 0.681909 -0.507514 0.341317 -0.970326 -0.260746 0.308941 0.621746 -0.527843 -1 -0.737222 0.501804 -1 -0.518957 -1 0.431381 -1 -0.949139 -1 -1 -0.609478 -1 -1 -1 -1 -1 -1 -0.982761 -0.89156 0.93449 0.100085 -1 -0.949696 -0.709968 -0.787581 -1 -0.793768 -1 -1 -0.157219 -1 -0.346366 -1 -1 -0.847807 -1 -0.874218 -1 0.237646 -1 -1 1 -1 -0.895978 -1 0.584655 -1 -0.811171 -1 1 -1 -1 0.622824 -0.014547 -1 -1 -0.97586 -1 -1 -0.485273 -1 -1 0.574001 -1 -0.709065 0.645329 0.113224 -0.159361 
-0.786611 -0.743019 -1 -1 -1 1 -1 -0.864988 -0.376267 -1 -0.778381 -0.805868 -0.650337 -1 -1 -0.656076 -1 1 0.777072 -0.468408 -0.805359 0.651777 -1 -1 -1 -1 -1 -1 -1 -0.907661 -0.927255 -1 -1 -1 0.0905788 -0.718165 -0.462313 -1 -0.499524 -1 -1 -1 0.764979 -1 -0.951103 -1 -0.946575 -1 -0.878427 -1 -1 -1 -0.102732 -1 -0.327133 -0.975442 -0.9069 -0.954726 -1 -1 -1 -1 -1 -1 -1 -0.767612 -1 0.813688 0.112819 -1 -0.898627 -0.853584 -0.858 -0.761681 -1 0.0981899 -1 -1 -1 -0.637797 -1 -1 0.126517 -1 -0.29125 -1 -1 -0.827841 -1 -1 -1 -0.688351 -0.304198 -1 -1 -0.7329 -0.260307 -1 -0.785933 -1 -1 -0.608862 -1 -1 -1 1 -1 -1 -1 0.0640763 -0.994756 -1 -0.681032 1 -1 -1 -0.685256 -1 -0.264577 -0.9493 0.44365 0.621609 -1 -0.834023 -1 -0.739066 -1 0.585432 -1 -0.525925 -1 -0.975947 0.0189421 1 -1 -1 -0.721246 -1 
-0.377365 -0.0498529 -0.684665 -0.797642 -1 0.063232 -0.700588 -1 -0.488646 -0.0871802 -1 -1 -1 0.31957 -1 -1 -0.854429 -0.532491 -1 -1 0.884314 -1 -1 0.957814 -1 -1 -1 -0.392838 -0.0236436 -0.904094 0.539431 -0.858143 -1 -1 -0.836225 -1 -1 -0.880417 -1 -0.99226 -1 -1 -1 -1 0.342514 -0.777888 -1 -0.982016 -1 -1 -0.96736 -1 -1 -1 -0.994719 -1 -1 -0.321051 -0.886439 -0.951994 -1 -1 0.635614 -0.970122 -1 -1 -0.070652 -1 -1 -0.464106 -0.923316 -0.750172 -1 -1 -1 -0.441435 -1 -1 -1 -1 -1 0.867464 -1 -1 -0.255764 -1 -1 -0.851523 -0.412257 -0.677304 -0.0666014 -1 -0.313141 -1 -1 -1 -1 0.0017955 -0.628621 -0.0266527 -0.539733 -0.955469 -0.33943 -0.974004 -1 -1 -0.0659226 -1 0.62892 -0.883753 -0.863615 -0.3265 -0.210263 -0.187831 0.435182 0.878103 -0.908999 -0.24665 -0.981138 0.378614 -1 -1 -0.72612 -1 0.882316 -0.0121476 -0.919331 -1 -1 -0.656767 -1 -0.579042 -0.61068 -0.643222 -1 -0.213122 -1 -1 
-0.650615 -0.0541666 -0.370385 0.84206 1 -0.315228 -0.217318 0.0677744 -0.852286 -1 0.499769 -0.808962 -1 -1 0.185926 -0.0208852 0.319225 0.141883 0.657513 -0.457552 -0.0255944 0.606194 -0.112536 -1 0.323068 -0.283887 -0.45004 -0.326407 -0.76078 -1 -0.646634 0.514817 -1 -0.0737002 -0.00163397 -0.706586 -0.0661343 -0.497562 -0.628734 -0.235772 -0.784001 -1 -1 -0.38996 -0.0184389 0.129227 -1 1 0.597873 0.171125 -0.927291 -1 -1 0.00952661 -0.523823 0.0927954 -0.639327 -0.310041 -1 -0.492558 -0.459746 -0.774003 -0.446894 0.0308434 0.550723 -0.659422 -0.428231 -0.890129 -0.617796 -1 0.0437497 0.5205 -1 0.87493 -0.75006 -0.744439 -1 -0.01526 -0.9309 -1 0.689338 0.901118 -1 0.254968 0.0938389 -0.886539 -0.395436 -0.729853 -1 -0.68253 0.196635 -1 0.393769 -0.618575 -0.321636 -1 -1 -1 -1 0.462431 -1 -0.210984 -1 -0.40689 -0.623187 -0.776002 -0.608889 0.429137 0.475889 0.760921 -0.851114 -0.807995 -1 -1 -0.139522 -1 -1 -0.180009 -1 -0.505609 -1 -1 -0.56133 0.289895 -0.845395 0.939949 0.656633 -1 -0.139485 -0.33608 -0.107692 0.773221 -1 0.0996701 0.487981 0.732298 -1 -1 
-1 -0.743019 -1 -1 -1 1 -1 -1 -0.580369 -0.709046 -0.764671 -0.805868 -0.650337 -1 -0.914815 -0.763227 -1 1 0.434567 -0.468408 -1 0.581267 -1 -0.489872 -1 -1 -1 -1 -1 -0.85819 -1 -1 -0.755266 -1 -0.0119385 -0.668916 -0.572762 -0.210594 -0.229607 -1 -1 -1 0.970939 -1 -1 -1 -1 -0.769163 -0.878427 -1 -0.958551 -1 -1 -1 -0.972872 -0.975442 -0.9069 -0.954726 -1 -1 -1 -1 -1 -1 -1 -0.910769 -1 0.813688 -0.167715 -1 -1 -1 -1 -1 -1 -0.11774 -1 -1 -1 0.194596 -1 -1 0.588057 -0.889597 -0.29125 -0.710415 -0.704222 -0.827841 -1 -1 -0.841304 -0.688351 -0.601501 -1 -1 -1 -0.608193 -0.787657 -0.898598 -0.976104 -1 -1 -0.950406 -1 -1 0.147799 -1 -1 -0.851499 0.0640763 -0.328514 -1 -0.681032 0.949875 -1 -1 -0.685256 -1 0.57918 -0.9493 0.44365 0.621609 -0.64099 -1 -0.823227 -1 -1 0.981535 -1 -0.745099 -0.964128 -1 0.287462 0.734598 -0.911121 -0.948481 -0.721246 -1 
-0.492174 -0.0541666 -0.25643 0.944662 0.0258439 0.148297 -0.217318 0.0677744 -1 -1 0.726575 -1 -1 -1 -0.531484 -0.705124 0.319225 -0.642996 0.537104 -0.457552 -0.0255944 -1 -0.300001 -1 -0.344043 -0.283887 -0.692181 -0.693048 -0.809885 -1 -0.646634 0.860294 -1 0.149162 -0.547056 -0.983716 -0.19827 -0.497562 -0.47681 -0.615566 0.420223 -1 -1 -0.38996 -0.980511 -0.0334481 -1 0.771643 0.597873 -1 -0.577207 -1 -1 0.00952661 -0.948411 0.91902 -1 -0.0100944 -1 -0.110524 -0.459746 -1 -1 0.173223 -0.109185 -0.659422 -0.260606 -0.781223 -0.978527 -1 -0.963147 0.0356514 -0.870128 0.401864 -0.614085 -1 -1 0.348778 -1 -1 0.272001 0.343819 -0.257345 -0.120318 -0.635567 -1 0.0305618 -1 -1 -1 -0.116489 -1 0.956432 -0.618575 0.246654 -1 -1 -0.399069 -0.750006 0.198794 -0.912916 -0.524953 -1 -0.374849 -0.667081 -0.929109 -0.608889 -0.718008 0.63381 1 -0.851114 -1 -1 -0.841835 -0.508734 -1 -1 -0.0920074 -1 -0.505609 -0.790423 -1 -0.0342423 -0.619993 -0.452963 0.939949 -0.0912008 -0.971151 0.81667 -0.421302 -0.55066 0.629233 -0.740893 -0.971457 0.639308 0.613073 -0.00754701 -1 
-1 -0.743019 -1 -1 -1 1 -1 -0.864988 -1 -1 -1 -0.805868 -0.25166 -1 -1 -1 -1 1 0.434567 -1 -1 1 -0.650442 -0.281613 -1 -1 -0.776822 -0.87623 -0.89807 -1 -0.932634 -1 -0.957257 -1 -1 -0.988254 0.521415 0.313964 -0.0649664 -0.951784 -1 -1 -0.0186573 -1 -1 -1 -1 -1 -1 -1 -1 -1 -1 -1 -0.532477 -0.943706 -1 -0.954726 -0.711998 -1 -1 -1 -1 -0.816655 -1 -0.910769 -1 0.813688 -0.31616 -0.957864 -1 -1 -1 -1 -1 0.0981899 -1 -0.917687 -1 0.194596 -1 -1 0.536731 -0.827854 -0.29125 -0.641044 -1 -0.827841 -1 -0.680423 -1 -1 -0.803169 -1 -1 -1 -1 -1 -1 -1 -1 -1 -1 -1 -0.89839 1 -1 -1 -1 0.0640763 -0.196243 -1 -0.922875 1 -1 -1 -0.541809 -1 -0.589335 -0.9493 0.669643 0.273448 -1 -1 -1 -1 -1 0.82401 -1 -1 -0.616604 -0.690571 -0.718567 0.775133 -1 -1 -0.77667 -1 
-1 -1 -0.235541 -0.903672 -1 0.579782 -0.916898 -1 0.301884 -1 -0.30931 -0.0581679 0.116421 -0.557364 -1 0.0164109 -1 0.979782 -0.261615 -1 -0.798561 -0.569107 -0.0544851 -0.764628 -1 -1 -1 -0.655662 -0.152362 -1 -1 -0.588161 -1 -0.661858 -0.145545 -0.762524 0.694323 0.929433 0.269971 -1 -1 0.376584 -0.605719 -0.912856 -0.350388 0.799913 0.322928 -1 -1 -1 -1 -0.0430738 0.465821 -1 -0.61041 -1 -0.170899 -1 -1 -0.940722 -0.955173 -1 -0.724742 0.273906 -0.425508 0.0523632 -1 -1 -0.598883 -1 -1 0.572916 -0.504408 -1 -0.248661 0.228457 -1 -1 -1 -1 0.0562749 -1 -1 -1 -0.805133 -0.835488 -0.812542 -1 0.0731077 -1 -1 -0.793998 -1 0.0234709 -0.357576 -0.931997 -0.841879 -1 -1 -1 -1 -1 -1 -1 -1 0.352546 -1 -1 -1 -0.924523 0.753587 -0.616311 0.148015 0.716345 -1 -1 -1 -0.93956 0.432361 0.0358436 0.221562 -0.437621 -1 -1 -1 -1 -0.139322 -0.867428 -1 -1 -1 -1 -0.0283524 0.780099 -0.382334 0.243891 -0.431727 -0.227014 
0.280126 -0.712377 -1 1 -0.252842 -1 -0.232965 0.0677744 -0.61256 -1 -0.682211 -0.808962 -1 -0.761532 -1 -1 0.130744 -0.4019 -0.42513 -0.0470404 -1 -0.388508 -0.893688 -0.98083 -0.62212 -0.631061 -0.403927 -0.624438 -1 -1 -0.646634 0.290082 -1 0.385247 -0.0811512 -0.739548 -0.886118 -0.140309 -1 -1 -0.0572937 -1 -0.94539 -0.148374 -1 -0.0475982 -0.66765 0.786284 -0.900595 -0.853844 -1 -1 -1 -0.707521 -1 -0.301146 -1 -1 -0.822351 -1 -0.932922 -1 -1 1 -0.939815 -0.74081 -1 -0.89032 -1 -1 -0.705069 -0.577801 -1 0.393951 0.0558641 -0.956794 -1 -0.931029 -0.84887 -1 0.689338 0.357531 -1 -0.408381 0.330835 -1 -0.522956 -1 -0.965386 -0.750059 0.196635 -1 0.15149 -0.945974 -0.538468 -1 -1 -1 -1 -0.710514 -1 -1 -1 -0.595316 -1 -1 -1 0.537113 0.464102 -0.0342744 -1 -1 -1 -1 -0.139522 -0.682275 -1 -0.180009 -1 -1 -0.790423 -1 -1 0.289895 0.0541681 0.887829 0.268318 -1 1 -1 -1 0.177007 -1 -0.378182 0.476402 0.914721 -0.93467 -1 
-0.832956 -0.607187 -0.339332 -1 -1 -1 -0.340008 -0.640343 0.320562 -1 -1 -1 -0.234881 -1 -1 -1 -1 -0.334446 0.433792 -0.73366 -1 0.602409 0.822361 1 -0.950403 -1 -0.0463296 -0.835588 -1 -1 -0.749403 -0.895981 -0.973327 -1 -1 -0.24337 -0.239676 -1 0.117321 -0.875489 -0.873779 -1 0.140542 -1 0.563172 -1 -1 -0.662613 -0.506585 -0.975075 -1 -0.310424 -1 -0.830886 -0.614552 -0.850862 -0.812332 -1 -1 -1 -0.754292 -1 -1 -0.556097 -0.839559 0.214731 -1 -0.298635 -0.455088 1 -1 -0.944691 -1 -1 -1 -0.492689 -0.872652 -0.916722 -1 -1 -0.840869 -0.351905 -0.812709 -1 -0.716745 -1 -0.718077 -1 -1 -0.838486 -0.872025 -0.647522 -0.968661 -0.153745 -1 0.631172 -1 -0.241602 -1 -1 -1 -1 -0.570199 -0.490104 -1 -0.684416 -0.378892 -0.600482 -0.75825 -0.994804 -0.316531 0.118824 0.618728 1 -0.0238241 -1 -1 -0.724185 -0.906326 0.298218 -0.122519 -0.744148 -0.890267 -0.148659 -0.09082 -0.839878 -1 0.553459 -0.979639 -0.582115 1 -1 0.690578 -1 -1 0.197163 -1 -0.932751 
0.379056 0.235968 -0.110048 -0.963023 -1 0.517579 -1 -1 -0.602514 -0.490497 -1 -0.95028 -0.902948 -1 -0.242061 -0.813035 -1 -0.909669 -0.990173 -0.758549 1 -0.268903 -0.797655 -0.276386 -1 -0.976149 -0.856807 -0.475859 -1 -1 -1 -1 -1 -0.638486 -0.954102 -0.780217 -1 -0.0696203 -1 -1 -0.282643 -1 -1 -0.244884 -0.0943487 0.126039 -0.641259 -1 -0.871923 -1 -1 -0.736464 -1 -0.683224 -1 -1 -1 -1 -0.832465 -0.969912 -1 -1 0.380645 -0.668386 -0.861516 0.703407 -0.0764135 -0.670881 -1 -1 -0.829223 -1 -0.842782 0.181129 -0.549875 -1 -0.621604 -1 -1 -0.886959 -1 -1 -1 -0.385021 -0.471255 -0.855392 -0.374767 -1 -0.688804 -0.375471 0.0358405 -0.825047 -1 -0.349774 -1 -1 -1 -1 -1 0.119311 -1 -1 -0.192918 -1 -1 -1 -0.565103 -0.274783 0.337201 -0.251026 -1 -0.840761 -0.319562 -0.392236 0.692066 0.96723 -1 0.126317 -0.916756 -0.0182076 -0.669725 -0.477897 1 -1 0.623493 -0.16829 -1 -0.726902 -0.585292 -0.991157 -0.979255 -0.331098 -0.657624 -0.657127 -0.799203 -0.267332 -1 -1 
0.289162 -0.0541666 -1 0.84206 0.85341 -1 -1 0.0677744 -0.220679 -0.20475 0.499769 -0.99319 -1 -0.670091 0.258711 -0.178689 0.304213 -1 0.514171 -0.457552 -0.196855 0.606194 0.279863 -0.76224 0.0245079 -0.283887 -0.45004 -0.417873 -1 -1 -0.986855 1 -1 0.659858 -0.665875 -1 -0.922521 -0.561686 -0.628734 -0.433966 -0.231191 -0.982072 -1 -0.38996 -1 0.101318 -0.740762 0.616699 0.597873 0.0773725 -0.604536 -1 -1 0.00952661 -1 0.998083 -1 0.111687 -1 -0.912101 -0.922498 -1 -0.0520365 0.533018 0.550723 -0.950616 -0.627855 -0.617799 -1 -1 -0.35553 0.0867384 -1 0.564752 -0.614085 -0.841525 -1 -0.776044 -1 -1 0.791909 0.901118 -1 0.410258 0.213355 -0.974851 0.0305618 -0.76879 -1 -0.948979 -1 -0.654462 0.137702 -0.618575 -0.404438 -1 -1 -0.833704 -0.750936 1 -0.848799 -0.210984 -1 -0.798122 -0.775168 -1 -0.608889 0.430498 0.403665 0.0842119 -1 -0.775545 -1 -1 -0.139522 -1 -1 -0.532752 -1 -0.766317 -0.790423 -1 -0.557269 0.289895 -1 0.244537 0.546702 -1 0.395253 -0.421302 -0.0427119 0.773221 -1 -1 0.895387 0.911181 -0.0656093 -1 
-1 -1 -1 -1 -0.608834 1 -1 -1 0.0168652 -1 -0.473097 -1 0.116543 -1 -0.708957 -1 -1 1 1 -1 -1 0.497083 -1 -0.281613 -1 -1 -0.821005 -1 -1 -0.603842 -0.964684 -1 -0.586995 -1 0.0359855 -0.721481 -0.0209367 0.212808 -0.470193 -1 -1 -1 -0.324764 -1 -1 -0.793106 -1 -1 -0.8377 -1 -1 -1 -1 -1 -0.122329 -1 -0.511374 -1 -1 -1 -1 -1 -1 -0.592626 -0.941858 -0.794987 -1 0.634615 0.0841461 -0.708835 -0.912631 -1 -1 -0.647068 -1 -0.190247 -1 -1 -0.805585 0.775907 -0.724627 -1 -0.473237 -0.889597 -0.814403 -0.88472 -1 -1 -1 -0.680423 -1 -1 -0.683113 -1 -1 -1 -1 -1 -1 -1 -1 -0.827647 -1 -1 -1 0.127507 -1 -0.633292 -1 0.498761 -0.25763 -1 -0.861859 0.726674 -0.0147142 -1 -1 -1 -0.0220998 -0.863452 0.466936 0.319738 -1 -1 -0.986934 -1 -1 0.82401 -1 -1 -0.625939 -1 -0.0709915 0.928584 -0.526056 -0.599808 -0.721246 -1 
-1 -0.814809 -1 -1 0.00446311 -1 -1 -0.90052 -0.989378 -0.651599 -1 -0.395441 -1 -1 -1 0.079282 -0.548709 1 -0.575772 -1 -1 1 0.450462 -0.887183 -1 -1 -0.524556 -1 -1 -1 -0.549952 -1 -1 -1 -0.496195 -0.498004 -0.303446 0.498619 -0.783335 -0.796061 -1 0.273696 -0.0160127 -1 -0.350388 0.350363 -0.478933 -0.901598 -1 -0.872929 -1 -1 -1 -0.899625 -1 -1 -0.737696 -1 -1 -1 -0.318343 -0.961656 -1 -0.718062 -1 -0.319822 -1 -1 0.451624 -1 -0.481683 -0.346191 -1 -1 -0.248661 -0.91841 -1 -1 -0.433831 -0.354433 0.335071 -1 -0.713428 -1 -0.563335 -0.106637 -0.435243 -1 -1 0.281032 -1 -0.621154 -1 -0.472919 -0.409808 -1 -1 -1 -1 0.821606 -1 -1 -1 -1 -0.810971 0.515406 -1 -1 -0.805101 -1 1 -1 -0.476336 0.77151 -1 -1 -1 -0.629417 -0.47343 0.413788 -0.8373 0.418919 -1 -0.451514 -1 -1 -0.765072 -1 -1 -1 -1 -1 -1 0.780099 0.283379 0.40304 0.582724 -1 
-1 0.299573 -1 0.84206 1 -0.411659 -0.217318 -0.523794 -1 -1 0.499769 -0.808962 -1 -1 0.185926 -1 0.319225 0.141883 0.514171 -1 0.0398411 0.606194 -0.112536 -1 0.323068 -0.247567 -0.45004 -0.326407 -0.669664 -1 -0.646634 0.514817 -1 -0.0737002 -0.104251 -0.706586 -0.352914 -0.497562 -0.628734 -0.235941 -0.784001 -1 -1 -0.38996 -0.602286 0.129227 -1 1 0.527375 0.154163 -0.927291 -1 -1 0.00952661 -0.523823 -0.830264 -0.639327 -0.310041 -1 -1 -0.459746 -0.774003 -0.446894 0.0308434 0.647046 -1 -0.428231 -1 -0.617796 -1 0.0437497 0.5205 -1 0.87493 -1 -1 -1 -0.01526 -0.9309 -1 0.689338 0.901118 -1 0.254968 0.0938389 -0.974851 -0.727682 -1 -1 -1 0.196635 -1 0.393769 -0.618575 -0.179285 -1 -1 -1 -1 0.704788 -1 -0.210984 -1 -0.40689 -0.623187 -0.779837 -0.608889 0.429137 0.475889 0.760921 -0.851114 -0.807995 -1 -0.932996 -0.139522 -1 -1 -0.0896856 -1 -1 -1 -1 -0.555365 -1 -0.845395 0.939949 0.656633 -1 0.0119649 -0.33608 0.316369 0.773221 -1 0.0996701 0.487981 0.732298 -1 -1 
-0.832956 -0.607187 -0.339332 -1 -1 -1 -0.340008 -0.640343 0.320562 -1 -1 0.0617785 -0.234881 -1 -1 -0.728679 -1 -0.334446 0.433792 -0.73366 -1 0.602409 0.822361 1 -0.950403 -1 -0.0463296 -0.835588 -1 -1 -0.749403 -0.895981 -0.973327 -1 -0.0679353 -0.24337 -0.239676 -1 0.117321 -0.875489 -0.873779 -1 0.140542 -1 0.563172 -0.908218 -1 -0.662613 -0.506585 -0.975075 -1 -0.310424 -1 -0.830886 -0.614552 -0.850862 -0.812332 -1 -1 -1 -0.88999 -1 -1 -0.556097 -0.850594 0.214731 -0.967343 -0.298635 -0.830081 1 -1 -0.944691 -1 -1 -1 -0.492689 -0.872652 -0.916722 -1 -1 -0.840869 -0.351905 -0.812709 -1 -0.716745 -0.915605 -0.718077 -1 -1 -0.838486 -0.872025 -0.647522 -0.968661 -0.153745 -1 0.631172 -1 -0.473178 -1 -1 -1 -1 -0.570199 -0.0329251 -0.957077 -0.684416 -0.378892 -0.600482 -0.75825 -0.994804 -0.397715 0.118824 0.618728 1 -0.0238241 -1 -1 -0.724185 -1 0.298218 -0.071745 -0.744148 -0.890267 -0.148659 -0.437612 -0.839878 -1 0.553459 -1 -0.582115 1 -1 0.690578 -1 -1 0.197163 -1 -0.932751 
0.482059 -1 -1 -1 -0.766708 -1 -1 -0.773633 -0.976747 0.706678 -1 -0.57604 0.954754 -0.555615 0.711122 -1 -0.281491 -1 0.177974 0.656647 -0.825059 -0.688081 0.743775 0.0376436 -1 -1 -0.0124225 -1 -0.92083 0.123381 -1 -0.744398 -1 -0.397561 -1 -1 0.24708 0.171566 0.24383 -0.0396829 0.148036 -1 0.691844 -1 -0.432408 -0.0840507 -0.58524 -0.285944 -0.784323 -0.822738 -1 -0.596304 -1 -1 -1 -1 -0.362672 -0.167868 -1 -0.146125 0.562999 0.574705 -1 0.341317 -0.970326 -0.758987 -0.115825 -0.142981 -0.527843 -0.783899 -0.737222 -0.544487 -1 -1 -1 0.181869 -1 -0.797121 -1 -1 -0.609478 -1 -1 -1 -1 -1 -1 -0.982761 -1 0.566082 0.100085 -0.70328 -1 -0.709968 -0.787581 -1 -0.793768 -1 -1 -0.157219 -1 -0.346366 -0.7614 -1 -0.826364 -1 -1 -1 0.237646 -0.72873 -1 1 -0.730542 -0.722532 -0.856463 0.584655 -1 -0.811171 -0.0066402 0.119638 -0.80053 -1 0.518013 -0.014547 -0.752527 -1 -1 -0.760209 -1 -0.485273 -1 -1 0.574001 -1 -0.709065 0.645329 -0.431955 -0.159361 
1 -0.0541666 -0.586704 0.84206 0.236381 -0.996246 -0.217318 0.133433 -0.123042 -0.642738 0.499769 -0.974785 -1 -1 0.25992 0.137128 0.319225 0.141883 0.514171 -0.847547 -0.0641975 0.297584 -0.711063 -0.76224 -0.928735 0.0818672 -0.592238 -1 -1 -1 -1 -0.551087 -0.814493 -0.354784 -0.4246 -0.249643 -0.19827 -1 -0.628734 -0.782261 0.252334 -0.935548 -1 -0.488604 0.172195 0.196332 -0.876785 -1 -0.0360316 0.035021 -1 -1 -1 0.00952661 -0.685245 0.847109 -0.457705 -0.0100944 -0.678765 -0.399299 -0.459746 -0.457951 -0.320023 -0.309284 0.666687 -1 -0.457816 -1 -0.726271 -0.996737 0.000440866 0.5205 -1 -0.164874 -0.614085 -1 -0.84493 0.348778 -0.9309 -1 0.0864682 1 -0.334897 -0.374023 0.0938389 -1 -1 -0.366763 -1 -1 -0.899831 -1 0.00802326 -0.618575 -0.203197 -1 -1 -1 -1 -0.705794 -1 -0.864688 -1 -0.605868 -1 -0.688861 -1 0.445472 0.799858 -0.699631 -0.943708 -0.671438 -0.197495 -0.963207 -0.762102 -0.848329 -0.620134 -0.714275 -1 -0.959688 -1 -1 -1 -0.833147 -0.619402 0.975754 0.656633 -1 -1 -0.305476 -0.0269242 0.527404 -1 0.087078 0.296644 -0.0930142 -1 -0.95913 
-0.517895 -0.00705746 -0.120951 0.836189 0.427722 -0.0376713 -0.746211 -0.146485 -0.123042 -0.650184 0.415367 -0.94396 -0.98748 -1 0.25992 -0.0208852 0.410872 0.465511 0.415592 -0.546313 -0.0255944 0.480403 -0.104784 -0.881144 0.458745 -0.459846 -0.45004 -0.417873 -0.998782 -1 -1 0.860294 -1 0.461516 -0.341554 -0.249643 -0.19827 -0.363107 -0.631909 -0.235772 0.232236 -0.982072 -1 -0.38996 -0.0184389 0.101318 -0.740762 1 0.597873 0.171125 -0.371228 -1 -1 0.00952661 -0.587097 0.998083 -0.639327 -0.847293 -1 -0.207471 -0.459746 -0.774003 -0.573343 0.511248 0.851022 -0.659422 -1 -0.965964 -1 -1 0.0437497 0.5205 -0.658671 0.849542 -0.614085 -0.687649 -1 -0.60046 -0.9309 -0.965963 0.689338 0.713523 -0.259625 0.254968 0.0938389 -0.974851 -0.291858 -1 -1 -0.948979 -0.245725 -0.755574 0.393769 -0.382637 -0.809548 -1 -1 -0.431956 -1 0.513447 -1 -0.210984 -1 -0.40689 -0.739652 -1 -1 -0.597273 -0.0453277 0.569404 -0.851114 -0.807995 -1 -1 -0.54074 -1 -1 -0.611087 -1 -0.33382 -0.790423 -1 -0.56133 0.289895 -0.286306 0.939949 -0.989483 -1 1 -0.675868 -0.245753 0.113217 -0.740893 -0.743346 0.740216 0.517764 -0.427316 -1 
-1 -0.743019 -1 -1 -1 0.286508 -0.879982 -0.864988 -0.503109 -0.806362 -1 -1 -0.650337 -1 -1 -0.656076 -1 1 0.434567 -1 -1 0.651777 -0.815224 -0.489872 -1 -1 -1 -1 -1 -0.85819 -0.927255 -1 -0.751118 -1 -0.527037 -0.927029 -0.572762 -0.210594 -1 -1 -1 -1 0.970939 -1 -1 -1 -0.897658 -1 -1 -1 -1 -1 -0.0927395 -1 -0.47476 -1 -1 -0.954726 -0.711998 -1 -0.99026 -1 -1 -1 -1 -0.910769 -1 0.813688 -0.933624 -1 -0.898627 -0.853584 -1 -0.742314 -1 0.0792527 -1 -1 -1 0.194596 -1 -1 0.588057 -0.889597 -0.29125 -0.710415 -1 -1 -1 -0.920328 -1 -0.688351 -0.418407 -0.655522 -1 -1 -0.608193 -1 -0.898598 -1 -1 -1 -0.950406 -0.95766 -1 1 -1 -1 -1 0.0640763 -0.0173275 -0.844151 -0.520293 1 -1 -1 -0.530967 -1 0.57918 -0.9493 0.44365 0.621609 -1 -1 -0.823227 -1 -1 0.585432 -1 -0.745099 -1 -0.975947 0.287462 0.928584 -0.911121 -0.948481 -0.721246 -1 
0.914075 -0.0541666 -0.586704 0.421703 0.844468 -0.996246 -0.217318 0.133433 -0.797595 -0.642738 0.499769 -1 -1 -1 0.930452 -0.644583 0.581794 0.141883 0.514171 -0.850586 0.42653 0.297584 -0.711063 -0.76224 -0.928735 -0.283887 -1 -1 -0.917686 -0.711124 -0.914838 -0.630718 -1 -0.354784 -1 -0.675858 -0.19827 -1 -0.991309 -1 0.252334 -0.933227 -1 -0.488604 0.172195 0.196332 -0.876785 -0.71099 -0.0360316 0.429137 -1 -1 -1 0.00952661 -0.685245 0.847109 -0.669478 0.0725381 -1 -0.578233 -0.459746 -0.454234 -0.193594 0.511248 0.666687 -1 -1 -0.946259 -0.88927 -0.996737 0.0437497 0.423322 -1 -0.127853 -0.67704 -1 -0.897128 0.194902 -1 -1 0.540596 1 -0.259625 -0.374023 0.390523 -1 -0.868191 -1 -1 -1 -1 -1 -0.149304 -1 -1 -1 -1 -1 -1 -0.705794 -1 -0.864688 -1 -0.30414 -1 -0.688861 -1 0.445472 0.526203 -1 -0.851114 -0.671438 -1 -0.963207 -0.0846878 -0.848329 -0.620134 -0.714275 -1 -1 -1 -1 -1 -0.356869 -1 0.975754 0.00206381 -1 -1 -0.305476 -0.0260632 0.392099 -1 0.087078 0.296644 0.173639 -1 -1 
-0.0499938 -0.318366 -0.840832 -0.266886 0.556442 -0.996246 -0.549169 0.687566 -0.776619 -0.421057 -0.401387 -1 -1 -1 0.25992 -0.0208852 0.0303741 -0.0194825 -0.462807 -1 0.283303 0.606194 -0.711063 -0.430532 -0.634116 -0.841101 -1 -0.996456 -0.917686 -1 -1 -1 -1 -0.431698 -0.531694 -0.249643 -0.19827 -1 -0.628734 -1 0.0999659 -0.935548 -1 -0.930706 0.172195 0.196332 -0.876785 -0.901912 -0.954506 -0.531952 -1 -1 -0.959032 -0.0611114 -0.933246 0.234297 -1 -0.205365 -1 -1 -0.668477 -0.457951 -0.104022 -0.0377618 0.666687 -1 -1 -1 -1 -0.608968 -0.995758 0.608361 -1 -0.833446 -1 -1 -1 -0.432085 -0.9309 -1 0.235531 0.970189 -1 -0.767599 -0.105852 -0.955368 -0.661884 -0.366763 -1 -1 -1 -1 0.412761 -0.618575 -0.203197 -1 -1 -1 -1 -1 -1 -1 -0.739745 -1 -1 -0.993756 -1 0.297995 0.799858 -1 -0.851114 -0.671438 -0.197495 -0.963207 -0.576248 -1 -1 -0.549394 -1 -0.505609 -1 -1 -1 -0.736537 -1 0.310119 0.721926 -0.762854 -1 -0.347433 -0.0269242 0.474772 -1 0.087078 0.73508 0.732298 0.270815 -1 
-0.425531 -0.0541666 -0.25643 0.944662 -0.558392 -0.167484 -0.217318 0.132083 -0.123042 -0.794016 -0.268741 -1 -1 -1 -1 -0.0208852 0.319225 -0.14203 0.214426 -1 -0.0255944 -0.196624 -0.209017 -1 0.464027 -0.283887 -0.45004 -0.745048 -1 -1 -0.646634 0.860294 -1 0.659858 -0.520491 -1 0.140961 -0.497562 -0.555606 -1 -0.00828305 -1 -1 -0.38996 -1 0.101318 -1 1 0.597873 0.171125 -0.577207 -1 -1 -1 -1 0.998083 -0.639327 0.0598457 -1 -0.172136 -1 -1 -1 0.511248 -0.109185 -0.659422 -1 -0.781223 -0.410091 -1 -0.11967 0.5205 -1 0.87493 -0.436373 -1 -1 -0.810684 -1 -1 0.689338 -0.282967 -0.259625 -0.206111 0.19821 -0.974851 0.0305618 -1 -1 -0.948979 -0.146086 -1 -0.0907921 -0.618575 0.29022 -1 -1 -0.405619 -0.675956 0.306476 -1 -0.606202 -1 -0.374849 -0.775168 -1 -0.608889 0.445472 0.798777 1 -1 -1 -1 -0.800906 -0.139522 -1 -1 -0.180009 -1 -0.505609 -1 -1 -0.56133 -0.194397 -0.452963 1 0.656633 -0.852085 1 -0.421302 -0.55066 0.773221 -0.740893 -0.204027 0.608538 0.680594 -0.736599 -0.738326 
-0.049641 -0.425589 -0.414184 -0.609449 -1 -1 -1 -1 0.320562 -0.750187 -1 -1 0.366719 -1 -1 -1 -1 -0.334836 -0.314838 -1 -1 -0.11719 0.686235 1 -0.548988 -1 -0.465739 -0.742652 -1 -1 -0.956568 -1 -1 -1 0.2006 -0.368032 -1 -1 -0.579228 -1 -1 -0.791341 0.284879 -1 1 -1 -1 -0.897001 -0.506585 -1 -0.908637 -1 -0.712713 -1 -0.202015 -0.839332 -0.981676 -1 -1 -1 -1 -1 -0.75942 -1 -1 -1 -1 -1 -0.796721 0.179568 -1 -1 -1 -1 -1 -1 -1 -1 -0.638792 -1 -1 -1 -1 -1 -1 -1 -0.613088 -1 -1 -0.883562 -1 -1 -1 -0.153745 -1 -0.0824618 -1 -1 -0.919398 -1 -1 -0.900079 -0.766777 -0.304205 -1 -1 -1 -0.766619 -0.583139 -0.376987 -0.740785 -0.541751 -0.584162 1 0.106534 -1 -1 -0.283885 -1 0.609102 -0.0462787 -0.849109 -1 -0.0121546 -0.397282 -1 -1 0.596339 -1 -0.582115 0.63174 -1 0.842907 -0.958281 -0.911081 0.197163 -0.743173 -1 
0.661674 -0.0541666 -0.25643 0.62958 -1 -0.0355224 -0.217318 0.0677744 -0.123042 -0.895994 0.217397 -0.922864 -1 -1 -0.000827044 -0.422498 0.709967 0.223131 0.650553 -0.41759 -0.45539 -0.316234 -0.408953 -1 0.464027 -0.811796 -0.403927 -0.69131 -1 -1 -0.950625 0.860294 -1 0.340674 0.111171 -1 -0.19827 -0.274164 -1 -0.703265 0.125339 -0.982072 -1 -0.38996 -1 -0.684339 -1 0.640633 0.668721 -0.255888 -0.577207 -1 -1 0.195695 -1 0.998083 -0.639327 -0.0100944 -0.959671 -0.630695 -1 -1 -1 0.6143 0.211454 -0.659422 -0.428231 -1 -0.674741 -0.836704 -0.24034 0.354412 -1 0.74073 -0.614085 -1 -1 0.348778 -1 -0.945528 0.583046 1 -0.835277 -0.884284 0.330835 -0.974851 -0.585538 -1 -1 -1 0.196635 -1 0.446172 -1 -0.146661 -1 -1 -0.431956 -0.675956 0.513447 -0.625045 -0.9589 -1 -0.40689 -0.616257 -1 -0.918501 0.445472 0.631081 0.948992 -0.851114 -1 -0.632043 -1 -0.139522 -0.897426 -1 -0.870739 -1 -1 -1 -1 -0.56133 0.289895 0.0541681 0.342858 0.554662 -1 1 -0.288336 -0.0422728 0.835026 -0.740893 -0.498419 0.0776968 0.732298 -0.826797 -1 
-0.142341 -1 -0.475894 0.425528 0.605601 -1 -1 0.486738 0.112138 -1 -0.731516 -0.718207 -1 -1 0.25992 -0.735739 0.429328 0.141883 0.514171 -1 0.283303 0.227506 -1 -1 -0.98332 -0.653029 -1 -1 -0.917686 -1 -0.875892 0.490662 -1 -0.431698 -0.531694 -0.459232 -0.690728 -1 -0.628734 -0.782261 -0.154015 -0.935548 -1 -0.573035 0.172195 0.196332 -0.666848 -1 -0.30793 0.380187 -1 -1 -0.974205 -0.754207 -0.558614 -0.00165933 -0.975616 -0.0100944 -0.77353 -1 -1 -1 -0.104022 0.244444 0.666687 -1 -1 -1 -0.422953 -0.654807 -0.118406 0.0306008 -1 -1 -0.614085 -1 -1 0.116725 -0.9309 -1 -0.0273767 1 -0.259625 -1 0.0938389 -0.955368 -0.867378 -0.366763 -1 -0.891201 -1 -1 0.100049 -0.592252 -1 -1 -1 -1 -1 -1 -1 -1 -0.739745 -0.098222 -0.947263 -1 -1 0.445472 -0.356234 -1 -0.851114 -1 -0.948536 -0.963207 -0.576248 -0.619586 -0.620134 -1 -1 -0.505609 -1 -1 -1 0.289895 -0.428082 1 0.721926 -1 -1 -1 -0.0269242 0.474772 -1 0.087078 0.312176 0.732298 -0.0656093 -1 
0.379056 0.068216 -0.110048 -0.963023 -1 0.347013 -0.264866 -1 -0.602514 -0.490497 -1 -0.95028 -0.902948 -0.852277 -0.242061 -0.813035 -1 -0.909669 -0.990173 -1 1 0.613797 -0.797655 -0.276386 -1 -0.508869 -1 -0.940911 -1 -1 -1 -1 -1 -1 -1 -0.894517 -1 -0.0696203 -1 -1 -0.00554663 -1 -0.782827 -0.244884 0.402806 0.126039 -0.641259 -1 -0.871923 -1 -1 -0.736464 -1 -0.683224 -0.875981 -1 -1 -1 -0.832465 -0.969912 -1 -1 0.380645 -0.659077 -0.992867 0.703407 -0.0764135 -0.670881 -1 -0.505993 -0.831934 -1 -0.842782 0.339463 -0.899901 -0.313392 -1 -1 -1 -0.870793 -1 -1 -0.930912 -0.603622 -0.607068 -0.898884 -0.374767 -0.991892 -0.688804 -0.375471 0.0358405 -0.825047 -1 -0.579632 -1 -1 -1 -1 -1 0.119311 -1 -1 -0.192918 -1 -1 -1 -0.590463 -0.274783 0.337201 -0.251026 -1 -0.840761 -0.319562 -0.392236 0.692066 0.96723 -1 0.126317 -0.916756 -0.0182076 -1 -0.477897 1 -1 0.623493 -0.16829 -1 -1 -0.914242 -0.994846 -0.979255 -0.331098 -0.657624 -0.657127 -0.799203 -0.267332 -1 -1 
0.430771 -0.0541666 -1 0.84206 0.427722 -0.444064 -0.83683 0.0199089 -0.286169 -0.390459 0.499769 -1 -1 -1 -0.450241 -1 0.59005 0.465511 -0.106245 -1 -0.686965 0.428804 0.232509 -0.76224 -0.291736 -1 -0.45004 -0.417873 -0.809885 -1 -1 0.860294 -0.865599 -1 -0.341554 -0.249643 -0.19827 -0.363107 -1 -0.315053 0.345962 -0.982072 -1 -0.38996 -0.0184389 0.101318 -0.740762 0.853483 0.597873 0.282192 -0.559993 -1 -1 -0.349999 -0.587097 0.998083 -0.68409 -0.0448669 -1 -0.172136 -1 -0.774003 -0.830946 0.511248 0.550723 -1 -1 -1 -1 -1 0.174216 0.5205 -1 0.999512 -1 -0.744439 -0.850618 -0.113169 -1 -1 0.689338 0.901118 -1 -0.245763 -0.362714 -0.974851 -0.291858 -1 -1 -1 -0.742764 -1 0.393769 -0.618575 -0.0965519 -1 -0.544161 -0.834715 -1 0.518004 -0.625045 -0.790116 -1 -0.203816 -0.775168 -1 -1 -1 0.318859 0.879789 -0.851114 -0.807995 -1 -0.963207 -0.139522 -0.938017 -0.613963 -0.180009 -1 -0.364513 -1 -1 -0.870371 -0.143568 -1 0.939949 -0.523053 -1 1 -0.783001 -0.0314322 -0.213169 -0.740893 -0.743346 0.740216 0.517764 -0.0656093 -1 
-1 -0.0915014 -0.710745 0.836189 0.427722 -1 -0.746211 0.0908059 -0.893704 -0.650184 0.065661 -1 -1 -1 -1 -0.206294 0.410872 -0.160556 0.352178 -1 -0.811795 -0.0117956 -0.33316 -1 -0.477648 -1 -0.45004 -0.417873 -1 -0.720605 -1 -0.370856 -1 0.302754 -0.218627 -0.766977 -1 -1 -0.628734 0.108565 0.839763 -0.647662 -0.539124 -0.109973 -0.077717 0.10958 -0.740762 1 0.236458 -0.0901514 -1 -1 -1 0.296191 -0.587097 1 -0.639327 -1 -1 -0.207471 -0.459746 -0.764213 -0.573343 0.194464 0.712965 -1 -1 -0.965964 -0.726271 -1 0.0437497 -1 -0.746529 -0.245489 -0.614085 -1 -1 0.265344 -1 -1 -0.976394 -0.641724 -0.777593 0.194597 0.0394714 -0.974851 -0.291858 -1 -1 -0.948979 -1 -0.420832 -0.855657 -1 -1 -1 -1 -0.431956 -1 -0.736815 -1 -0.210984 -1 -1 -0.515684 -1 -1 -1 0.68687 -0.865372 -1 -1 -0.64533 -1 -1 -1 -1 -0.927952 -1 -1 -1 -1 -0.192394 -0.0337709 -0.492089 0.939949 -0.989483 -1 1 -1 0.184422 -0.833581 -0.740893 -0.590381 -1 0.517764 -1 -1 
-0.207105 0.117489 -0.83979 0.294768 0.707803 -0.167484 -0.368777 -0.167463 0.256146 -0.555926 -0.0246929 -0.808962 -1 -1 0.25992 0.131586 0.43133 -0.2527 -0.541256 -0.457552 -0.357752 0.444997 0.232509 -0.76224 0.0448192 -0.283887 -0.45004 -0.45268 -0.917686 -1 -1 0.860294 -1 0.659858 -0.00163397 -1 -0.10026 -0.497562 -1 0.233373 0.232236 -0.982072 -1 -0.38996 -0.0184389 0.101318 -1 0.602115 0.597873 0.171125 -0.905828 -1 -1 -0.899656 -0.689875 0.998083 -0.963663 -0.456114 -1 -1 -0.459746 -1 -0.563528 0.511248 0.359677 -1 -1 -1 -0.726271 -1 -1 0.226526 -1 0.166246 -1 -1 -1 -0.887855 -1 -1 0.667755 0.12002 -0.313926 -0.305398 0.0938389 -0.983715 0.0305618 -0.729853 -0.866195 -0.953595 0.300378 -1 0.393769 -0.970861 0.48839 -1 -1 -0.995421 -0.967443 -0.252233 -1 -0.210984 -0.612706 -1 -1 -1 -0.823932 0.499399 0.631081 0.412257 -1 -1 -0.197495 -1 0.0240624 -1 -1 -0.180009 -0.949976 -1 -1 -0.470648 -0.56133 0.0359781 -0.424229 -0.05493 0.656633 -1 0.831665 -0.397854 -0.844465 0.773221 -1 0.174196 0.639308 0.732298 -0.500654 -1 
0.661674 -0.111992 -0.251302 0.84206 -1 0.64435 -1 0.0175408 0.327883 -1 0.565608 -0.808962 -1 -0.917722 0.243488 -0.0208852 0.626054 -0.55557 0.917417 -0.457552 -0.0255944 0.31285 0.203419 -0.595172 0.417259 -0.0691754 -0.471048 -1 -0.917686 -1 -1 0.860294 -0.858423 -0.159758 0.0673749 -0.249643 0.041037 -1 -1 -0.671724 -0.292118 -1 -1 -1 0.268671 -0.441036 -1 0.342671 -0.389931 -0.963384 -1 -0.878056 -1 -0.907022 -1 1 0.086566 -0.0100944 -0.962625 -0.361013 -1 -1 -0.312818 -1 -0.130508 -1 -1 -0.954864 -1 -0.620592 -1 0.302994 -1 -1 -1 -0.744439 -1 -1 -1 -1 -0.33553 0.551805 -1 -0.369343 -1 -1 -1 -0.49009 -1 -1 -0.762671 -0.679279 -1 -1 -0.702167 -0.689814 -1 -1 -1 -0.438388 -1 -0.864812 -0.0981435 -1 -1 -0.924921 -0.608889 0.0907498 0.631081 0.0862499 -1 -0.209795 -0.65913 -1 -1 -0.962158 -1 -0.180009 -0.876068 -0.434687 -1 -0.678105 -1 -1 -1 -0.05493 -0.619529 -0.687154 0.2697 -0.397854 -0.936621 -0.884845 -1 -1 0.0472085 0.719367 -1 -1 
0.476893 -0.0541666 -0.698236 0.84206 0.427722 -0.167484 -1 -0.462183 -0.123042 -0.390459 0.588388 -1 -1 -1 0.120893 -1 0.59005 -0.705353 0.514171 -1 -0.172327 0.551018 0.232509 -0.76224 0.464027 -1 -0.513621 -0.417873 -0.809885 -1 -0.693599 0.860294 -1 0.483044 -0.341554 -0.249643 -0.19827 -1 -1 -0.929034 0.232236 -0.634771 -1 -0.38996 -0.61277 -0.170395 -1 1 0.597873 0.171125 -0.559993 -1 -1 -1 -0.862074 0.998083 -1 -0.252373 -1 -0.172136 -0.710121 -0.774003 -0.830946 0.706338 0.550723 -1 -1 -0.781223 -1 -1 0.174216 0.5205 -1 1 -0.614085 -0.744439 -0.850618 0.130061 -0.9309 -1 0.645621 0.901118 -0.259625 0.254968 -0.118332 -0.974851 -0.291858 -1 -1 -1 -0.245725 -1 0.487256 -1 -0.0965519 -1 -0.612862 -1 -1 0.532131 -0.699417 -0.743009 -1 -0.203816 -1 -1 -0.713916 -0.092838 0.420688 0.879789 -0.851114 -0.807995 -1 -0.963207 -0.139522 -0.960168 -1 -0.783276 -1 -0.364513 -1 -1 -1 0.169069 -0.286306 0.939949 -0.124857 -1 1 -0.546641 -0.029285 0.773221 -0.740893 -0.743346 -0.411294 -0.647311 -0.0656093 -1 
-1 -0.921293 -0.164556 -1 -0.442476 0.579782 -0.854365 -1 0.301884 -1 -0.179441 -0.13593 -0.815984 -1 -0.874504 -0.122642 -0.722815 0.749579 -0.994072 -0.8572 -0.734176 -0.452894 0.000248104 -1 -1 -0.643883 -0.440605 -0.655662 -0.707471 -1 -1 -0.309737 -1 -0.661858 -0.145545 -1 0.355099 0.392386 -0.442162 -1 -1 0.376584 -0.915378 -0.812113 -0.350388 0.799913 -0.046543 -0.742418 -0.892942 -0.714563 -1 -1 0.408111 -0.269805 -1 -1 -0.404187 -0.82537 -1 -1 -0.595482 -0.635878 -0.719855 0.421856 -0.78473 0.0523632 -1 -1 0.863171 -1 -0.095336 -0.0250977 -1 -1 -0.709345 0.414967 -1 -0.973827 -1 -1 -0.710389 -1 -0.886361 -1 -1 -1 -0.0941595 -1 0.0731077 -1 -1 -1 -1 -0.260957 -0.357576 -1 -0.841879 -1 -1 -1 -0.960161 -1 -1 -0.874341 -1 0.352546 -0.671911 -1 -1 -0.924523 0.753587 -1 0.213525 0.716345 -1 -1 -1 -0.79451 0.921487 -0.624163 0.221562 0.113662 -1 -1 -1 -1 -0.475663 -0.473131 -1 -1 -1 -1 -0.411291 0.340897 0.0472443 0.469409 -0.431727 0.0602923 
0.661674 -0.712377 -1 0.944662 -0.252842 -1 -0.217318 0.0677744 -0.304841 -1 0.726575 -0.808962 -1 -1 -0.681113 0.0809611 0.319225 -0.448374 -0.42513 -0.41759 -0.462078 -0.388508 -0.370273 -0.933676 0.329748 -0.631061 -0.403927 -0.69131 -1 -0.822369 -0.646634 0.50898 -1 0.323897 -0.219774 -0.951364 -0.886118 -0.470518 -0.713526 -0.302928 0.125339 -1 -1 -0.417382 -1 0.101318 -0.66765 0.786284 -0.202895 -0.853844 -0.577207 -1 -1 -0.707521 -0.587097 0.998083 -1 -0.462015 -1 -0.570268 -1 -1 -1 0.756723 -1 -0.659422 -1 -0.89032 -1 -1 -0.247464 0.16808 -1 0.309342 -0.337862 -1 -1 -0.797955 -1 -1 0.481959 0.747439 -0.835277 -0.104423 0.330835 -0.974851 -0.306502 -1 -0.965386 -1 0.196635 -1 0.393769 -1 0.246654 -1 -1 -0.342816 -1 -0.710514 -0.625045 -0.826479 -1 -0.40689 -1 -0.929109 -0.608889 0.445472 0.361747 0.790401 -0.871311 -1 -0.605898 -1 -0.139522 -0.855195 -1 -0.288719 -1 -0.610394 -0.790423 -1 -1 0.289895 0.0541681 0.939949 0.554662 -1 1 -0.215616 -0.46047 0.773221 -0.740893 -0.214734 0.476402 0.914721 -0.93467 -1 
0.661674 0.115023 -0.317874 0.109299 -0.408622 -0.16199 -0.445682 -0.167463 0.256146 -0.929792 -0.235407 -0.808962 -0.646369 -1 -1 0.131586 0.00987935 0.141883 0.504331 -0.457552 -0.0255944 0.444997 0.433139 -1 -0.742193 -0.283887 -0.45004 -0.45268 -1 -1 -1 0.860294 -1 -0.802193 -1 -0.249643 -0.167079 -0.497562 -0.934792 0.244121 0.14943 -0.982072 -1 -0.312792 -0.0184389 0.227378 -1 0.657362 0.597873 0.171125 -0.577207 -0.947717 -1 0.00952661 -0.713342 0.998083 -0.349721 -0.0100944 -1 -0.718184 -1 -1 -0.499415 0.511248 0.550723 -1 -1 -1 -1 -1 -0.979122 0.226526 -1 0.290962 -1 -1 -1 -1 -1 -1 0.654595 0.12002 -0.505307 -0.445905 -0.69862 -1 -0.310969 -0.729853 -1 -0.975101 0.300378 -1 -0.459539 -0.618575 0.603212 -1 -0.735427 -0.796256 -0.967443 -0.252233 -0.625045 -0.757214 -1 -0.95146 -0.902672 -0.902616 -0.823932 0.499399 0.631081 1 -1 -0.761294 -0.197495 -0.893345 -0.0846878 -1 -1 -0.180009 -0.989749 -0.438927 -0.790423 -0.823728 -0.56133 -0.110162 -0.786268 -0.05493 -0.0132234 -1 0.707524 -0.182187 -0.155086 0.928997 -1 -0.640781 0.639308 0.732298 -0.308761 -1 
-0.655711 -1 -0.0296111 0.309757 0.608416 -0.167484 -0.217318 0.0677744 -0.458186 -0.766006 -0.0280386 -0.808962 -1 -0.793137 0.402018 -0.0208852 0.457929 0.141883 0.199112 -1 -0.537741 -0.594692 -0.192965 -0.436828 0.0735405 -0.00523439 -0.45004 -0.417873 -1 -1 -1 0.860294 -1 0.638321 -0.765329 -1 -0.19827 -0.871347 -1 -1 -0.525547 -0.982072 -1 -0.38996 -0.507445 0.101318 -0.689166 0.616699 -0.506092 -1 -1 -1 -1 0.142294 -0.986523 0.0198534 -0.639327 -0.0100944 -1 -0.19018 -0.703559 -0.425481 0.0101678 0.250025 0.172449 -0.451519 -0.428231 -1 -1 -1 -0.30315 0.5205 -1 0.87493 -0.614085 -1 -1 -1 -1 -1 0.669716 0.0519934 -1 -1 -0.657121 -1 0.0305618 -0.547554 -1 -0.948979 -0.981934 -0.948517 0.393769 -0.854169 -1 -1 -1 -0.431956 -1 0.513447 -1 -0.210984 -1 -1 -1 -1 -0.899485 0.0936322 0.500465 1 -1 -0.794093 -1 -1 -0.396878 -0.715581 -1 -1 -1 -0.505609 -1 -1 -1 0.463537 -0.719245 -0.19071 0.656633 -1 0.395253 -0.421302 0.316369 0.773221 -0.740893 -0.920863 0.469292 0.573013 -0.614703 -1 
0.46473 -0.660205 -0.25643 0.600499 -0.738882 -0.607378 -0.0523437 -0.576976 -1 -1 0.290688 -0.808962 -1 -1 -0.59282 -0.0208852 0.319225 0.233045 0.514171 -0.325779 -0.45539 -0.603655 -0.392986 -1 0.733266 -0.811796 -0.403927 -0.69131 -1 -1 -0.248237 0.860294 -1 0.659858 0.111171 -0.925101 -0.19827 -0.311186 -0.628734 -0.302928 0.285271 -0.982072 -1 -0.38996 -1 0.14895 -0.726909 0.640633 0.637139 0.171125 -0.757761 -1 -1 0.00952661 -0.587097 0.998083 -0.639327 -0.0100944 -0.959671 -0.241768 -0.328633 -1 -1 0.511248 -1 -0.659422 -0.428231 -0.781223 -0.76649 -1 -0.309964 0.5205 -1 0.87493 -0.614085 -1 -1 0.348778 -1 -0.945528 0.689338 0.353062 -0.835277 0.254968 0.2673 -1 0.0305618 -1 -1 -1 0.196635 -1 0.393769 -0.882928 -0.272578 -1 -1 -0.431956 -0.675956 0.0382718 -0.493107 -0.366042 -0.9517 -0.622325 -0.775168 -0.685172 -0.84816 0.445472 0.631081 0.418089 -0.884427 -1 -1 -1 -0.28848 -1 -1 -0.180009 -1 -1 -0.790423 -1 -0.56133 0.289895 -0.901008 0.550648 0.220852 -1 0.729998 -0.421302 -0.345347 0.835026 -0.954392 -1 0.639308 0.732298 -0.55169 -1 
-1 -0.743019 -0.980049 -1 -1 0.470205 -1 -1 -0.831091 -1 -0.969876 -1 -1 -1 -1 -1 -1 1 0.434567 -0.901418 -1 0.922841 -0.868934 -0.281613 -1 -1 -0.776822 -1 -0.71725 -0.85819 -1 -1 -1 -1 0.071346 -0.85738 0.321451 0.165681 -0.0649664 -0.898224 -1 -0.879065 0.970939 -1 -1 -1 -0.897658 -1 -1 -0.849052 -1 -1 -0.810079 -1 -0.413207 -0.943706 -1 -0.954726 -0.711998 -1 -1 -1 -1 -1 -0.908178 -0.910769 -1 0.813688 -0.77694 -1 -0.764554 -1 -1 -0.761681 -1 -0.382764 -1 -1 -1 0.194596 -1 -1 0.536731 -1 -0.474259 -0.641044 -1 -0.827841 -1 -0.680423 -0.851372 -1 -1 -1 -1 -1 -1 -0.903395 -1 -1 -1 -1 -1 -1 -1 1 -1 -1 -1 0.0640763 -0.225817 -1 -0.922875 0.900053 -1 -1 -0.685256 -1 0.764051 -1 0.450913 0.273448 -1 -1 -0.838796 -1 -1 0.82401 -1 -1 -1 -1 -0.0709915 0.928584 -0.911121 -1 -0.721246 -0.985186 
0.661674 0.117489 -1 0.294768 -0.491684 0.0645817 -0.368777 -0.167463 0.256146 -0.555926 -0.0246929 -1 -1 -1 0.0223252 0.131586 -0.252325 -1 0.641054 -0.457552 0.0911327 0.74036 0.0571295 -1 0.0448192 -0.283887 -0.288621 -1 -0.916448 -1 -1 1 -1 -0.0629907 -0.00163397 -0.249643 -0.10026 -0.592754 -0.628734 0.233373 -0.883818 -0.982072 -1 -0.499852 -0.0184389 -0.19529 -1 0.772644 0.597873 0.171125 -0.577207 -1 -1 0.0600236 -0.689875 0.998083 -0.349721 -1 -1 -0.361013 -0.674263 -1 -0.563528 0.11198 0.0631978 -0.659422 -0.64329 -1 -0.94867 -1 -0.807375 0.226526 -0.803974 -1 -1 -0.730282 -1 -0.366828 -0.965027 -0.732464 0.547354 -0.86756 -0.0851478 -0.305398 -0.450276 -1 0.361877 -1 -1 -0.586732 0.300378 -1 0.63578 -0.903732 0.48839 -1 -1 -0.995421 -0.967443 -0.35976 -1 -0.210984 -0.937754 -1 -1 -1 -0.823932 0.499399 0.631081 0.615457 -0.705617 -1 -0.233277 -1 -0.715522 -1 -1 -0.180009 -0.793561 -0.505609 -1 -0.823728 -0.56133 0.0359781 -0.424229 -1 0.656633 -1 0.707524 -0.614385 -0.391171 0.564008 -1 0.174196 0.639308 0.732298 -1 -1 
0.0512801 -1 -0.435903 -1 0.575234 -0.734643 -0.773401 0.0677744 -0.0923215 -0.580947 0.336205 -0.645128 -1 -1 -0.780823 -0.0208852 0.684154 -1 0.514171 -0.457552 -0.0255944 0.606194 -0.831232 -1 -0.0372168 -0.785231 -0.0981267 -0.755996 -0.893089 -1 -0.986855 0.697782 -0.970134 -1 -1 -0.684084 -0.917971 -0.906819 -1 -0.235772 -0.583699 -1 -1 -0.38996 -0.977602 0.130482 -1 0.616699 -0.515555 -0.0325985 -1 -0.798427 -0.710204 -0.190871 -0.242069 0.0928945 -1 -0.77652 -1 -0.172136 -0.459746 -1 0.759382 -0.114143 0.249056 -0.659422 -1 -0.566471 -1 -0.952392 0.0437497 -1 -1 0.87493 -0.514131 -0.744439 -1 0.167925 -1 -1 0.689338 0.901118 -0.303846 -1 -1 -0.778229 0.0305618 -0.789448 -1 -1 -0.878358 -0.695317 -0.327595 -0.886361 0.246654 -0.794018 -1 -0.431956 -0.899047 0.370878 -1 -1 -1 -1 -1 -0.778345 -0.85859 0.445472 0.147593 0.13981 -1 -0.807995 -1 -1 -0.215396 -1 -1 -0.401112 -0.806147 -0.227811 -0.790423 -0.658759 -1 0.186142 -0.355142 0.502239 -0.00288239 -1 -0.371119 -0.374528 0.38224 0.256842 -0.579216 -1 0.2191 0.999561 -0.0582259 -1 
-0.35721 0.117489 -1 0.294768 -0.491684 0.0645817 -0.368777 -0.167463 0.256146 -0.555926 -0.0246929 -1 -1 -1 -0.751387 0.131586 -0.252325 -1 0.203419 -0.111475 0.0911327 0.74036 0.0571295 -1 0.0448192 -0.283887 -1 -1 -1 -1 -1 1 -1 -0.30509 -0.00163397 -0.249643 -0.10026 -0.592754 -0.628734 0.233373 -0.883818 -0.982072 -1 -1 -0.0184389 0.156961 -1 0.772644 0.284799 0.171125 -0.577207 -1 -1 0.281375 -0.689875 0.998083 -0.129195 -1 -1 -0.361013 -0.674263 -1 -0.563528 0.11198 0.0631978 -0.515563 -0.64329 -1 -0.94867 -0.745173 -0.807375 -0.211834 -0.803974 -1 -1 -0.730282 -1 -0.366828 -0.965027 -0.732464 0.547354 -0.86756 -0.0851478 -0.305398 -0.224692 -1 0.361877 -1 -1 -1 0.300378 -1 1 -0.903732 -0.606782 -1 -1 -0.995421 -0.967443 -0.35976 -1 -0.210984 -0.937754 -1 -1 -1 -0.823932 0.499399 0.631081 0.615457 -0.705617 -1 -0.233277 -1 -1 -1 -1 -0.180009 -0.793561 -0.91036 -1 -0.823728 -0.56133 -0.848213 -0.424229 -1 0.176132 -1 0.707524 -0.614385 -0.391171 0.564008 -1 0.54673 0.639308 0.732298 -1 -1 
0.661674 0.117489 -0.83979 0.294768 0.620605 -0.167484 -0.368777 -0.167463 0.256146 -0.555926 -0.0246929 -0.808962 -1 -1 0.25992 0.131586 0.43133 -0.2527 0.514171 -0.457552 0.0911327 0.444997 0.232509 -0.76224 0.0448192 -0.283887 -0.45004 -0.45268 -0.917686 -1 -1 0.860294 -1 0.659858 -0.00163397 -0.249643 -0.10026 -0.497562 -0.628734 0.233373 0.232236 -0.982072 -1 -0.38996 -0.0184389 0.101318 -1 0.896715 0.597873 0.171125 -0.577207 -1 -1 0.00952661 -0.689875 0.998083 -0.349721 -0.456114 -1 -0.361013 -0.459746 -1 -0.563528 0.511248 0.359677 -0.659422 -1 -1 -0.726271 -1 -1 0.226526 -1 0.166246 -1 -1 -1 -0.717982 -1 -1 0.689338 0.12002 -0.313926 -0.305398 0.0938389 -0.983715 0.0305618 -0.729853 -1 -0.953595 0.300378 -1 0.393769 -0.970861 0.48839 -1 -1 -0.995421 -0.967443 -0.252233 -0.544025 -0.210984 -1 -1 -1 -1 -0.823932 0.499399 0.631081 0.615457 -1 -1 -0.197495 -1 0.0240624 -1 -1 -0.180009 -0.949976 -0.505609 -1 -0.823728 -0.56133 0.0359781 -0.424229 -0.05493 0.656633 -1 0.707524 -0.397854 -0.245562 0.773221 -1 0.174196 0.639308 0.732298 -0.308761 -1 
-0.996527 -0.00705746 -1 0.836189 0.427722 -0.949112 -0.746211 -0.146485 -0.123042 -0.650184 -0.151241 -0.94396 -0.98748 -1 0.25992 -0.0208852 0.410872 0.465511 0.415592 -0.546313 0.0731682 0.480403 -0.104784 -0.881144 0.402423 -0.459846 -0.45004 -0.417873 -0.998782 -1 -1 0.860294 -0.888087 -0.590083 -0.341554 -0.249643 -0.19827 -0.363107 -0.734504 -0.235772 0.232236 -1 -1 -0.385654 -0.0184389 0.101318 -0.740762 1 0.597873 -0.251918 -0.371228 -1 -0.737551 -0.560741 -1 0.998083 -0.639327 -0.847293 -0.688571 -0.207471 -1 -0.774003 -0.573343 -0.435305 0.851022 -0.659422 -1 -0.965964 -1 -1 0.0437497 0.5205 -1 0.925468 -0.614085 -0.687649 -1 -0.60046 -0.9309 -0.965963 0.689338 0.713523 -1 0.254968 0.0938389 -1 -0.291858 -1 -1 -0.948979 -0.245725 -0.755574 -0.107939 -0.382637 -0.809548 -1 -1 -0.598713 -1 0.204208 -0.718304 -0.210984 -1 -0.40689 -0.739652 -1 -1 -0.597273 -0.0453277 -0.394187 -1 -0.807995 -1 -1 -1 -1 -1 -0.611087 -1 -0.33382 -0.790423 -1 -0.56133 0.289895 -0.286306 0.939949 -0.927974 -1 1 -0.675868 -1 0.482971 -0.740893 -0.743346 0.0694677 0.517764 -0.831931 -1 
0.167159 -0.766482 -0.747389 0.944662 -0.252842 0.185336 -0.0226869 0.0677744 -0.500616 -1 0.488707 -0.793946 -1 -1 -0.0883063 -0.0208852 0.368661 -0.886399 0.514171 -0.126354 -0.697211 -1 -0.163871 -1 0.464027 -0.283887 -0.403927 -1 -0.809885 -1 -0.646634 0.860294 -1 0.789341 -0.363483 -1 -0.19827 -0.497562 -0.576421 -0.302928 0.125339 -0.928791 -1 -0.38996 -1 0.101318 -1 0.139442 0.668721 0.171125 -0.630208 -1 -1 0.00952661 -0.668285 0.998083 -1 -0.247793 -1 -1 -0.606901 -1 -1 0.511248 -0.109185 -0.659422 -0.865366 -0.781223 -0.719832 -1 -0.247464 0.5205 -1 0.87493 -0.53947 -1 -1 -0.596806 -1 -0.945528 0.689338 0.901118 -0.835277 -0.104423 0.330835 -0.974851 0.0305618 -1 -0.965386 -1 0.196635 -1 0.277645 -1 0.246654 -1 -1 -0.431956 -0.504432 -0.0284032 -0.76385 -0.210984 -1 -0.40689 -0.775168 -0.929109 -0.608889 0.445472 0.631081 1 -0.851114 -1 -0.632043 -1 -0.139522 -1 -1 -0.287367 -1 -0.505609 -0.790423 -1 -1 0.510856 0.0541681 0.247139 0.554662 -1 0.85746 -0.189642 -0.0422728 0.773221 -0.774036 -0.289055 0.442655 0.41585 -0.0656093 -1 
-0.425531 -0.0541666 -0.0350732 1 -0.15832 -0.167484 -0.0953496 0.132083 -0.123042 -0.83301 0.499171 -1 -0.914819 -1 -1 -1 0.432835 -1 0.526856 -1 -1 -1 -0.209017 -0.604371 0.384585 -1 -0.721336 -0.867028 -0.616027 -1 -0.627685 1 -1 0.643576 -0.563928 -1 -0.19827 -0.758394 -1 -1 -0.00828305 -1 -1 -1 -0.955039 0.185247 -1 0.0104977 -0.113024 -1 -1 -1 -1 0.00952661 -0.587097 0.998083 -1 -0.134219 -1 -1 -1 -1 -0.927042 0.511248 -0.109185 -1 -0.295996 -0.781223 -0.596117 -1 -0.766044 -0.296727 -1 0.716951 -0.436373 -1 -1 0.348778 -1 -1 0.689338 -0.450559 -0.259625 -1 0.567684 -0.974851 -0.68804 -1 -1 -0.600246 -0.482805 -1 -0.221175 -0.377202 0.033067 -1 -1 -0.405619 -1 -0.576699 -1 -1 -1 -0.374849 -1 -1 -0.608889 0.120175 1 0.13263 -1 -1 -1 -1 -0.139522 -0.806278 -1 -0.730353 -1 -0.505609 -0.642404 -1 -0.904028 -0.194397 -1 1 -0.245431 -1 0.417712 -1 -0.55066 0.773221 -1 -0.808874 -0.901437 0.680594 -0.736599 -1 
0.333546 -1 -1 0.944662 -0.252842 -1 -0.217318 0.0677744 -0.304841 -1 0.75665 -0.808962 -1 -1 -0.681113 0.0809611 0.319225 -0.448374 -0.42513 -0.535858 -0.462078 -0.388508 -0.0529149 -0.933676 0.329748 -0.631061 -0.533477 -0.69131 -1 -0.822369 -0.646634 0.50898 -1 0.323897 -0.219774 -0.951364 -0.886118 -0.470518 -0.713526 -0.302928 0.125339 -0.928791 -1 -0.417382 -1 0.101318 -1 0.786284 -0.202895 -0.853844 -0.554992 -1 -1 -0.707521 -0.587097 0.998083 -1 -0.462015 -1 -0.570268 -1 -1 -1 0.756723 -1 -0.525295 -1 -0.89032 -1 -1 -0.247464 0.16808 -1 0.522253 -0.337862 -0.780105 -1 -0.797955 -1 -1 0.689338 0.747439 -0.835277 -0.660798 0.330835 -0.772358 0.0305618 -0.866443 -0.965386 -1 0.196635 -1 0.393769 -1 0.246654 -0.60213 -1 -0.342816 -1 -0.710514 -0.625045 -0.859388 -1 -1 -1 -1 -0.608889 0.445472 -0.207033 0.593139 -0.871311 -1 -0.605898 -1 -0.139522 -1 -1 -0.180009 -1 -0.656458 -1 -1 -1 0.289895 0.0541681 0.939949 0.554662 -1 1 -0.215616 -0.069667 0.919146 -0.740893 -0.104308 0.476402 0.914721 -0.93467 -1 
-1 -1 -1 -0.659355 -1 -0.985592 -0.916898 -1 0.433074 -1 -0.886702 -0.0581679 -0.208787 -0.791547 -0.930161 -0.719056 -0.542369 0.979782 -0.268892 -0.219815 -1 -0.983139 -0.0544851 -1 -1 -1 -0.715514 -0.817909 -0.729251 -0.644042 -1 -1 -1 -0.873752 -0.74536 -0.77431 0.439522 1 -0.112524 -0.935646 -1 -0.229289 -1 -1 -0.990883 0.730617 0.431983 -0.82606 -1 -0.993804 -1 -1 -0.469456 -0.434516 -0.61041 -1 -0.710552 -1 -1 -0.9584 -0.955173 -1 -0.376181 -0.883831 -0.246669 -0.770413 -1 -1 0.469679 -1 -0.651461 0.706073 -1 -1 -1 0.892486 -1 -0.826388 -1 -1 -0.852039 -1 -0.630506 -1 -0.805133 -1 -0.0316509 -0.944548 -0.718998 -1 -1 -1 -1 -0.102132 -0.325721 -0.996967 -1 -0.635526 -1 -1 -1 -1 -0.609059 -1 -1 -0.53901 -0.871949 -1 -1 -1 0.940819 -1 -0.147049 -0.133592 -1 -0.574606 -1 -0.655128 -0.132203 -0.338158 -0.292469 0.236533 -1 -0.523234 -1 -1 -0.899053 -0.473131 -1 -0.951134 -1 -1 -0.100699 0.780099 -0.430063 0.391207 -1 -0.964765 
0.661674 -0.354609 -0.25643 0.600499 -0.252842 -0.167484 -0.217318 -0.492189 -0.394688 -0.912019 0.290688 -0.808962 -1 -1 -0.47399 -1 0.482838 -0.568842 -0.130148 -0.325779 -1 -0.196624 -0.0529149 -1 0.464027 -0.811796 -0.403927 -1 -1 -1 -0.646634 0.860294 -1 0.983692 0.111171 -1 -0.16779 -0.311186 -0.628734 -1 -1 -0.982072 -1 -0.38996 -1 0.14895 -1 0.93317 0.668721 -0.889283 -0.799077 -1 -1 0.00952661 -0.587097 0.558529 -0.639327 -0.0100944 -1 -0.241768 -0.459746 -0.663998 -1 0.511248 -0.109185 -0.659422 -0.428231 -1 -1 -1 -0.144205 0.5205 -0.997195 0.87493 -0.418673 -1 -1 0.384664 -1 -1 0.689338 0.203453 -1 0.254968 0.330835 -1 0.391848 -1 -1 -1 -0.668152 -1 0.768958 -0.882928 0.150265 -1 -1 -0.431956 -0.675956 0.513447 -0.269436 -0.366042 -1 -0.40689 -0.775168 -1 -0.608889 0.445472 0.972697 0.332724 -0.884427 -1 -0.612745 -1 -0.139522 -0.667016 -1 0.133108 -1 -1 -0.790423 -1 -0.56133 0.289895 -0.64104 0.939949 -0.510356 -1 1 -0.421302 -0.108243 0.835026 -1 -1 0.639308 0.732298 -0.154388 -1 
-0.593123 -0.174671 -0.95341 0.836189 0.113241 0.129744 -0.657568 0.000102028 -0.123042 -0.962637 -0.0706358 -1 -1 -1 0.251146 -0.512495 -0.104043 0.465511 0.415592 -1 -0.364328 0.480403 0.232509 -0.76224 -0.972818 -0.175161 -0.404967 -0.417873 -1 -0.766391 -1 0.229158 -1 0.461516 -0.341554 -0.249643 -1 -0.549289 -0.628734 -0.186785 0.232236 -1 -0.495645 -0.466948 -0.0110542 -1 -1 -0.247127 0.470516 0.535611 -1 -1 -1 0.00952661 -0.587097 0.998083 -1 -1 -1 -1 -1 -1 -0.900249 0.289631 0.851022 -1 -1 -1 -0.726271 -1 -1 0.5205 -0.658671 0.306405 -1 -0.993706 -1 -0.805893 -1 -1 0.0496022 -0.0734607 -0.436056 0.254968 -0.678423 -0.711821 -0.994407 -1 -1 -1 -0.245725 -0.755574 0.680045 -0.382637 -1 -1 -1 -1 -1 -0.542626 -1 -1 -1 -1 -1 -0.864304 -1 -1 -0.118511 0.659619 -0.503756 -1 -1 -1 -0.812717 -0.652266 -0.769017 -0.0454847 -1 -0.732478 -0.485825 -0.930983 -1 0.289895 -0.286306 0.939949 -0.989483 -1 1 -0.773166 -0.496456 0.113217 -0.627217 -0.743346 0.740216 0.517764 -0.180253 -1 
-0.377365 -0.0498529 -1 -0.797642 -1 0.156276 -0.652259 -1 -0.630547 -1 -1 -1 -1 0.31957 -1 -0.907936 -0.854429 -0.419745 -1 -1 0.884314 -0.828079 -1 0.599389 -1 -1 -1 -0.432593 -0.197203 -0.904094 0.156033 -0.858143 -1 -0.616692 -1 -1 -1 -0.595186 -1 -0.99226 -0.813071 -1 -1 -0.595606 0.296741 -1 -1 -0.982016 -1 -1 -0.96736 -1 -1 -0.344865 -0.939042 -1 -1 -0.93923 -0.886439 -0.951994 -1 -1 0.635614 -0.0147443 -1 -1 -0.238331 -1 -1 -0.464106 -0.923316 -0.750172 -1 -1 -1 -0.0979583 -1 -1 -0.821598 -1 -1 0.867464 -0.629305 -1 0.250509 -1 -0.627076 -1 -0.412257 -1 -0.0666014 -1 -0.370772 -1 -0.871974 -1 0.422379 0.0017955 -1 -1 -1 -1 -0.33943 -0.883282 -1 -1 -0.0659226 -0.868208 0.230035 -0.883753 -0.863615 -0.775022 -0.210263 -0.709774 -0.00851798 0.878103 -0.908999 -0.24665 -1 0.378614 -1 -1 -0.72612 -1 0.882316 -0.279483 -0.690158 -0.955806 -1 -0.656767 -1 -0.579042 -0.330592 -0.337985 -1 -0.213122 -1 -1 
0.747815 -1 -1 0.110963 1 -0.832232 -0.217318 -0.993509 -0.458186 -0.915755 0.243011 -1 -1 -1 0.25992 -1 -0.48148 -0.72735 0.514171 -0.357696 -0.0255944 0.0965214 -0.416563 -1 -0.616089 0.0381495 -0.45004 -0.935826 -0.809885 -1 -1 0.971364 -1 0.224736 -0.00163397 -1 -0.897744 -0.362497 -0.628734 -0.433996 0.232236 -1 -1 -0.38996 -0.507445 -1 -0.601457 0.196145 0.206836 -0.318853 -0.577207 -1 -0.738444 -0.00608933 -1 0.998083 -1 -0.134178 -1 -0.172136 -0.63178 -0.774003 -0.430114 -0.199594 0.172449 -1 -1 -0.64275 -0.621318 -1 0.0437497 0.789916 -0.982397 0.776291 -0.681071 -1 -1 -0.251055 -1 -0.177904 0.689338 0.675013 -0.947081 0.204479 0.0938389 -0.633784 -0.5098 -1 -1 -0.948979 -0.270124 -1 -0.599089 -1 -0.584382 -1 -1 -1 -0.825823 -0.384966 -1 0.18053 -0.931797 -0.847018 -1 -0.881516 -0.739042 0.445472 -0.339859 1 -0.491751 -0.696575 -0.922007 -0.963207 -0.458424 -1 -1 -1 -1 -0.709845 -0.797259 -0.765686 -1 0.30448 -0.355142 0.0335027 -0.760141 -1 -0.606799 -0.677672 -0.324669 0.701893 -0.364853 -0.868671 -0.5272 0.910106 0.187182 -1 
0.379056 -0.51334 -0.1281 -0.911069 -0.895701 0.251114 -0.738442 -1 -1 -0.99249 -1 -1 -1 -1 -0.727226 -1 -1 -1 -0.833502 -0.890085 1 0.443371 -1 -0.561831 -1 -1 -1 -0.704926 -1 -1 -1 -0.821817 -1 -0.740246 -1 -1 -1 -0.707361 -0.565061 -1 -0.00554663 -1 -1 0.186188 0.402806 0.0693249 -1 -1 -0.833792 -0.948415 -1 -0.926336 -1 -0.683224 -0.939814 -1 -1 -1 -1 -0.951267 -1 -1 -0.678856 -1 -0.941519 1 -0.168923 -0.670881 -1 -0.505993 -1 -1 -1 0.280568 -0.949609 -0.212289 -1 -1 -1 -1 -1 -0.615258 -1 -1 -0.471255 -0.822187 -1 -0.663707 -1 -1 -0.0933987 -0.994681 -1 -1 -1 -1 -0.823416 -1 -1 0.232508 -1 -1 -0.242598 -0.430921 -1 -1 -0.964306 0.169737 0.337201 -0.540339 -0.99717 -1 0.0731302 -0.516248 0.633628 1 -0.683058 0.126317 -0.810478 -1 -1 -0.477897 -0.469299 -1 0.673653 -0.157388 -1 -0.835149 -0.664904 -1 -0.979255 -0.306573 -0.321846 -0.583494 -1 -0.41235 -0.884332 -1 
0.914075 -0.0541666 -0.586704 0.84206 0.556442 -1 -0.217318 0.133433 -0.123042 -0.421057 0.499769 -0.947959 -1 -1 0.25992 -0.0208852 0.319225 -0.134883 0.514171 -0.847547 0.283303 0.449867 -0.711063 -0.76224 -0.561625 -0.283887 -0.45004 -1 -1 -1 -0.646634 0.490662 -0.969958 -0.431698 -0.4246 -0.249643 -0.19827 -1 -0.628734 -0.782261 0.252334 -0.935548 -1 -0.0350838 0.172195 0.124362 -0.955871 -1 -0.0360316 0.171125 -1 -1 -1 0.00952661 -0.933246 0.451451 -0.919579 -0.0100944 -0.678765 -0.399299 -0.459746 -0.457951 -0.233174 0.511248 0.666687 -1 -0.598241 -1 -0.726271 -1 -0.378392 0.5205 -1 -0.127853 -0.793606 -0.744439 -0.911807 0.348778 -1 -0.971761 0.689338 1 -0.17995 -0.374023 0.0938389 -1 -1 -0.366763 -1 -1 -1 -1 0.00802326 -0.618575 -0.203197 -1 -0.872911 -1 -1 -0.879417 -1 -0.864688 -0.739745 -0.260459 -1 -1 -1 0.445472 0.799858 -0.699631 -0.851114 -0.671438 -0.197495 -1 -0.0846878 -0.848329 -0.949816 -0.549394 -1 -0.505609 -1 -0.984455 -0.812031 -0.138433 -0.773181 0.975754 0.656633 -1 -0.763807 -0.305476 -0.0269242 0.773221 -1 0.087078 0.639308 0.470438 -0.0656093 -0.712136 
0.661674 -0.712377 -0.25643 0.944662 -0.252842 -0.6422 -0.217318 0.0677744 -0.304841 -1 0.726575 -0.808962 -1 -1 -0.0883063 0.0809611 0.319225 -0.893396 0.514171 -0.41759 -0.462078 -0.388508 -0.0529149 -1 0.464027 -0.283887 -0.403927 -0.69131 -1 -1 -0.646634 0.860294 -1 0.610199 -0.219774 -0.943137 -0.19827 -0.470518 -1 -0.302928 -0.122404 -0.928791 -1 -0.38996 -1 0.101318 -0.66765 0.566346 -0.202895 0.171125 -0.577207 -1 -1 -0.707521 -0.587097 0.998083 -1 -0.421857 -1 -0.570268 -1 -1 -1 0.366901 -0.109185 -0.659422 -1 -1 -0.726271 -1 -0.239808 0.16808 -1 0.241315 -0.614085 -1 -1 -0.797955 -1 -0.982824 0.689338 1 -0.818493 -0.104423 0.330835 -0.974851 0.0305618 -1 -0.983491 -1 0.196635 -1 0.261573 -1 0.246654 -1 -1 -0.399194 -0.675956 0.513447 -0.625045 -0.492846 -1 -0.40689 -1 -0.929109 -0.608889 0.445472 0.464102 1 -1 -1 -1 -1 -0.139522 -0.764587 -1 -0.180009 -0.964905 -0.505609 -0.790423 -1 -0.56133 0.289895 0.0541681 0.939949 0.300874 -1 1 -0.421302 -0.23713 0.773221 -0.740893 -0.204027 0.639308 0.914721 -0.0656093 -1 
-1 -0.0915014 -0.25643 0.836189 0.427722 -0.0376713 -0.746211 0.0908059 -0.123042 -0.650184 0.065661 -0.808962 -1 -1 0.261955 -0.0208852 0.410872 0.465511 0.415592 -0.457552 -0.0255944 -0.0947226 0.232509 -0.76224 0.458745 -0.224433 -1 -0.417873 -0.998782 -1 -1 0.860294 -1 0.461516 -0.307386 -0.249643 -1 -0.363107 -0.926407 -0.235772 0.468411 -0.982072 -0.846317 -0.38996 -0.392691 0.101318 -1 1 0.925375 0.171125 -0.405841 -0.885531 -1 0.00952661 -0.587097 1 -0.538269 -0.847293 -0.920128 -0.207471 -1 -1 -0.965611 -0.292013 0.741958 -1 -1 -0.965964 -0.726271 -1 0.0437497 0.46495 -1 0.849542 -0.924005 -1 -1 -0.787685 -0.9309 -1 0.516572 -0.0818733 -0.110985 0.254968 -0.667548 -0.974851 -0.291858 -1 -1 -0.948979 -0.748364 -0.783336 0.393769 -0.914983 -1 -1 -0.817648 -0.431956 -1 0.452696 -1 -0.210984 -1 -0.657076 -1 -0.759235 -1 -0.597273 0.318859 0.569404 -0.856806 -0.807995 -1 -1 -0.544359 -1 -1 -0.180009 -0.836807 -0.33382 -0.790423 -1 -0.882991 -0.45492 -0.286306 0.939949 -0.989483 -0.889966 1 -0.675868 0.184422 0.113217 -0.740893 -0.743346 0.700567 0.517764 -0.427316 -1 
0.661674 -0.867453 -0.25643 0.537971 1 -0.167484 -0.217318 -0.136172 -0.473632 -0.555926 -0.00395913 -1 -1 -1 0.255545 0.266678 0.319225 -0.72735 0.514171 -0.0953948 -0.0255944 -0.242338 -0.739609 -1 0.464027 -0.25301 -0.767253 -1 -0.809885 -1 -0.986855 0.668679 -1 0.188697 -0.00163397 -0.297076 -1 -0.362497 -0.628734 -0.372303 -0.35334 -1 -1 -0.38996 -0.681993 0.101318 -0.740762 0.196145 -0.162005 0.487811 -0.577207 -1 -0.870504 -0.00608933 -1 0.30671 -0.639327 -0.0100944 -1 -0.172136 -0.971663 -1 -0.430114 0.0447567 0.172449 -0.25527 -0.714668 -1 -0.864188 -1 0.0437497 0.5205 -0.982397 0.424471 -0.614085 -1 -1 0.348778 -1 -0.871297 0.689338 0.988536 -0.259625 -0.507992 0.0938389 -0.974851 0.0305618 -0.600377 -0.855854 -0.948979 0.196635 -0.965814 0.393769 -1 0.246654 -1 -1 -1 -1 0.513447 -0.619555 -0.210984 -1 -0.40689 -1 -1 -0.608889 0.445472 0.0884299 1 -0.851114 -0.807995 -0.790508 -0.963207 -0.458424 -0.779599 -1 -1 -1 -0.505609 -1 -0.930047 -0.764623 0.373308 -0.355142 0.445351 0.433795 -1 0.468109 -0.421302 0.316369 0.773221 -0.951112 -0.71169 0.469292 -0.462898 -0.0656093 -1 
-0.292874 -1 -0.121499 1 0.637926 -1 -0.520496 -0.423152 -0.524939 -1 0.499769 -0.840913 -0.755439 -1 -1 -1 -0.19475 -0.907185 0.261067 -0.720793 -0.0255944 0.539089 0.232509 -1 -1 -1 0.159582 -1 -0.917686 -1 -1 0.860294 -0.969958 0.805098 0.198112 -1 -0.499988 -1 -0.748294 0.391793 0.232236 -1 -0.812948 0.252693 -0.056871 0.375832 -1 0.245842 0.597873 -0.159355 -0.213255 -1 -1 -0.344268 -1 0.485574 -0.349721 -0.26649 -0.979382 -0.0032129 -0.924004 -0.139518 -1 0.391116 0.32593 -0.659422 -0.567169 -0.681581 -1 -1 -0.342952 0.53559 -0.79252 0.656382 -1 -0.744439 -1 -1 -1 -1 0.532261 0.621975 -0.259625 -1 0.0609655 -1 -0.982961 -1 -1 -0.838861 0.196635 -1 0.536934 -0.234098 -0.712864 -0.393831 -1 -0.238061 -0.143721 -0.948019 -0.771944 -1 -0.854678 -1 -0.775168 -0.931282 -0.608889 0.408853 0.729279 0.744281 -1 -0.807995 0.507595 -0.993935 -0.0846878 -1 -0.336004 0.169514 -1 -1 -0.630731 -1 -0.400916 -0.116176 -0.644926 -0.08307 -0.514435 -1 1 -1 -0.361048 0.698941 -0.736822 -0.491232 0.639308 0.732298 -0.196472 -1 
-1 -0.674331 -1 -1 -0.913422 0.793085 -1 -0.864988 -1 -1 -0.94518 -1 -0.616703 -1 -1 -1 -1 1 0.434567 -1 -1 0.922841 -1 -0.432386 -1 -1 -1 -1 -1 -0.99908 -0.964684 -1 -0.957257 -1 0.071346 -0.903742 0.321451 -0.801735 -0.236305 -0.768705 -1 -1 0.627381 -1 -1 -1 -0.40827 -1 -1 -0.921729 -1 -1 -1 -1 -0.254758 -1 -1 -1 -1 -1 -1 -0.876823 -1 -1 -1 -0.910769 -1 0.813688 -0.0464616 -1 -0.898627 -1 -1 -0.761681 -1 -0.619205 -1 -1 -0.864225 0.194596 -1 -1 0.454556 -1 -1 -0.641044 -0.913738 -1 -0.645915 -1 -0.851372 -1 -0.74165 -1 -1 -0.782158 -1 -1 -0.813353 -1 -1 -1 -1 -0.964683 -1 1 -1 -1 -1 0.0640763 -1 -1 -1 0.771308 -1 -1 -0.685256 -0.728249 0.764051 -1 1 0.330973 -1 -1 -1 -1 -0.911105 0.82401 -1 -1 -1 -1 0.176844 -0.0144947 -0.533364 -1 -0.721246 -1 
0.313618 -0.388821 -0.690475 1 0.961785 -0.167484 -0.217318 0.144002 -0.237041 -1 0.499769 -0.698271 -0.722543 -1 0.0107394 -0.349013 -0.0301191 -0.0644287 0.155814 -0.066339 0.0834512 -0.151917 0.286968 -0.76224 0.817175 -0.283887 -0.854871 -0.433904 -0.917686 -1 -0.509862 0.846879 -1 -0.613839 0.467357 -0.417292 0.311013 -0.497562 -0.436312 0.602231 0.244278 -0.74484 -0.93792 -0.38996 0.0355629 0.593223 -0.955871 0.709533 0.62709 0.494909 -0.218976 -1 -1 -0.101272 -0.954319 0.998083 -0.349721 -0.583622 -0.937879 -1 -0.762388 -1 -0.822255 0.511248 -0.333602 -0.352947 -1 -0.845178 -0.622255 -0.518773 0.213436 -0.323408 -0.79252 0.67783 -1 -0.744439 -1 0.711301 -1 -0.588579 0.480516 0.755475 -0.587826 -1 0.0938389 -1 -0.409878 -0.73496 -1 -1 -0.198702 -0.953653 0.217346 0.18197 0.246654 0.625502 -0.435508 -0.697305 -0.538277 -0.918654 -1 -0.626918 -1 -0.886968 -1 -0.446667 -1 0.074812 0.631081 1 -0.319315 -1 1 -1 -0.878881 -0.812377 -0.364417 -0.0867573 -1 -0.201252 -0.76317 -1 -1 0.289895 -1 -0.246395 0.370086 -1 0.379875 -0.990114 0.366552 0.317944 -1 0.087078 0.88509 0.732298 0.158406 -0.828772 
-0.148116 -0.135533 -0.25643 0.836189 -0.284123 -0.0178452 -1 -0.737097 -0.123042 -0.664342 0.347042 -0.808962 -1 -1 -0.197251 -0.142549 0.410872 0.465511 0.415592 -0.833017 0.260466 0.480403 0.12156 -0.76224 0.458745 -0.224433 -0.500934 -0.461767 -0.998782 -1 -1 -0.35214 -1 0.461516 -0.341554 0.00507897 -0.388208 -0.363107 -1 -0.235772 0.232236 -1 -1 -0.158413 -0.0184389 0.101318 -0.740762 0.983083 0.597873 0.171125 -0.371228 -1 -1 -1 -1 0.998083 -1 -1 -1 -0.0568795 -1 -1 -0.573343 0.511248 0.844355 -1 -1 -1 -0.726271 -1 -0.586322 0.5205 -0.658671 0.768076 -0.614085 -0.744439 -1 -0.0874723 -1 -0.990687 -0.0683573 0.713523 -0.259625 0.254968 0.0938389 -0.818946 -1 -1 -1 -0.948979 -0.245725 -1 0.957381 -0.382637 -1 -1 -1 -0.645297 -0.64825 0.513447 -1 -0.210984 -1 -0.992485 -0.952058 -1 -1 -0.597273 -0.370718 0.569404 -0.584531 -0.807995 -0.964493 -1 -0.558971 -1 -1 -0.180009 -1 -0.33382 -0.91313 -0.749449 -0.574375 -0.277535 -1 0.939949 -0.989483 -1 0.381661 -0.675868 0.184422 0.162617 -0.960169 -0.743346 0.740216 0.517764 -1 -1 
0.313618 -0.0521307 -0.395536 0.902276 -0.107651 0.0468701 -0.217318 0.144002 -1 -0.64559 0.665325 -0.698271 -1 -1 0.656317 -0.645022 0.207291 0.0652459 0.394137 -0.066339 -0.0456283 -0.151917 0.329626 -0.373192 0.817175 0.106783 -0.991511 -0.870943 -0.917686 -0.621735 -0.867529 -0.0900779 -0.842824 -0.613839 0.350229 0.00883719 0.451412 -0.882752 -0.0775188 0.15138 0.244278 -0.388446 -1 -0.38996 0.230346 -0.115822 -1 0.709533 0.682664 -0.316492 -0.218976 -1 -1 -1 -0.954319 0.998083 -1 -0.583622 -0.937879 -1 -0.762388 -0.300404 -1 -0.297486 0.171154 -0.733302 -1 -1 -0.840858 -0.518773 0.196026 0.328889 -1 0.67783 -0.714339 -1 -1 -0.372616 -1 -0.823758 0.480516 0.901118 -0.843198 -1 0.0938389 -1 -0.298595 -0.73496 -1 -1 -0.0167687 -1 -0.196923 -0.29146 0.603151 0.625502 -0.750732 -1 -0.54144 -0.716913 -1 -0.718259 -1 -0.828402 -0.65718 -1 -1 -0.180901 0.625967 0.492807 -0.584963 -0.807995 0.941042 -0.831795 -0.0846878 -0.812377 -0.553434 -0.0867573 -1 -1 -1 -1 -1 0.356492 -1 -0.246395 0.370086 -1 0.25781 -1 0.189836 0.472 -0.530206 -0.739606 0.627552 0.732298 0.0901286 -0.828772 
-1 -1 -0.164556 -0.903672 -0.301278 0.579782 -0.916898 -1 0.301884 -1 -0.299782 -0.0581679 -0.247509 -0.557364 -1 0.0164109 -0.430774 0.979782 -0.261615 -0.219815 -0.798561 -0.452894 -0.0544851 -0.764628 -0.458237 -1 -0.440605 -0.655662 -0.152362 -0.644042 -1 -1 -1 -0.661858 -0.145545 -0.762524 0.694323 0.680704 0.269971 -1 -1 0.376584 -1 -1 -0.350388 0.799913 -0.471572 -0.82606 -0.892942 -0.433679 -1 -0.0430738 0.408111 0.011799 -0.61041 -1 -0.170899 -1 -1 -0.940722 -0.799965 -1 -1 0.273906 -0.425508 0.0523632 -1 -1 0.863171 -1 -0.095336 0.706073 -0.504408 -0.406391 -0.331884 0.849255 -1 -0.973827 -1 -1 0.318577 -1 -1 -1 -0.805133 -0.835488 -0.0941595 -1 0.0731077 -0.947478 -1 -0.859214 -1 0.0234709 -0.357576 -0.653233 -1 -1 -1 -1 -1 -1 -1 -1 -1 0.352546 -0.792088 -1 -1 -0.924523 0.753587 -0.864457 0.148015 0.716345 -1 -1 -1 -0.93956 0.576404 0.0358436 0.221562 0.335093 -1 -1 -1 -1 -0.835594 -0.473131 -1 -1 -1 -1 -0.0283524 -0.0768718 0.0472443 0.469409 -1 -0.227014 
0.83242 -0.179828 -0.25643 0.537971 1 -1 -0.217318 0.0677744 -1 -0.555926 0.243011 -0.989932 -1 -1 0.25992 -0.0208852 0.319225 -1 0.807427 -0.457552 -0.0255944 -0.258352 0.232509 -1 -0.0333762 -0.0959938 -1 -1 -1 -1 -0.986855 0.0977492 -1 -0.713057 -0.915148 -0.249643 -0.19827 -0.362497 -1 -0.433996 0.232236 -1 -1 -0.38996 -0.602033 -0.744345 -1 0.196145 0.597873 0.171125 -0.77591 -1 -1 0.00952661 -1 0.336386 -1 -1 -1 -0.659271 -0.675151 -1 -1 -1 0.455766 -0.445083 -0.428231 -1 -1 -0.967779 0.0437497 -0.171657 -0.725498 1 -0.614085 -1 -1 0.348778 -1 -1 0.390514 1 -0.259625 -0.473923 -0.390166 -0.848662 -0.534323 -0.600377 -1 -1 -0.970888 -1 0.51262 -1 -0.949625 -1 -1 -0.0774062 -1 0.279113 -0.717798 -1 -1 -0.0566983 -0.670095 -1 -1 -0.301251 0.570391 1 -0.851114 -0.853161 -1 -0.963207 -1 -0.737393 -1 -0.214217 -1 -1 -1 -0.930047 -1 -0.267595 -0.655023 0.293221 0.433795 -1 -0.725497 -0.551064 -0.70226 0.773221 -0.740893 -1 -0.150434 0.732298 -0.0656093 -1 
-1 -0.68521 -1 -1 -1 -0.835964 -0.636303 -0.781314 -1 -1 -1 -0.850491 -1 -1 -0.349526 -0.787032 -0.978583 -1 -1 -1 1 -0.296271 -1 -1 -1 -0.936992 -1 -0.917533 -0.397405 -1 -1 -1 -0.656119 0.724151 0.269416 -1 -0.960553 -0.823617 -1 -1 0.216283 -1 -1 -1 0.760287 -0.911071 -1 -1 -0.901625 -0.954567 -1 -1 -1 -1 -1 -1 -1 -1 -0.982971 -0.92544 -1 -1 -0.224456 -0.625597 -0.519446 -0.38036 -1 -0.693987 -1 -1 -1 -1 -0.986579 -1 -1 0.512643 -1 -1 -0.740942 -1 -1 0.526403 -0.707114 -1 -1 -1 -1 -1 -1 -1 -1 -0.397286 -0.772328 -1 -1 -1 -1 -0.338193 -1 -0.841229 -1 -0.961304 -0.95196 -1 -0.851022 -1 -0.473592 0.588837 0.0590687 0.37482 -1 -0.909633 0.162361 -1 0.95682 0.0697544 -0.8335 0.436299 -0.753102 -0.0580359 -1 -0.911974 0.216117 -1 0.682042 0.309305 -0.886223 -0.94968 0.0757399 -1 -0.855306 -1 -1 -0.260065 -1 -1 -1 -0.966991 
-0.425531 -0.0541666 -0.25643 0.944662 -0.291398 -0.00515431 -0.217318 0.132083 0.0422846 -1 0.726575 -1 -0.652079 -1 -1 0.00221702 0.319225 -0.14203 0.214426 -1 -0.0255944 -0.712618 0.0550054 -1 0.139978 -1 -0.45004 -0.745048 -1 -1 -0.627685 0.468293 -1 0.972596 -1 -1 -0.0275442 -1 -0.555606 -1 -0.00828305 -1 -1 -1 -0.956732 -0.60639 -1 1 0.282526 0.171125 -0.577207 -1 -1 -1 -0.587097 0.998083 -0.639327 0.264312 -0.915305 -0.172136 -0.60574 -1 -1 0.511248 -0.999576 -0.659422 -0.428231 -0.781223 -1 -1 -0.11967 0.579848 -1 0.661827 -1 -1 -1 0.348778 -1 -1 0.689338 0.323858 -0.720499 -0.206111 -0.440413 -0.974851 -0.0147786 -1 -1 -0.948979 -1 -1 -0.287228 -0.618575 -0.187211 -1 -1 -0.300172 -0.675956 -1 -0.511077 -0.606202 -1 -0.374849 -0.586833 -1 -0.608889 -1 0.631081 0.152192 -1 -1 -1 -1 -0.139522 -1 -0.948627 -0.180009 -1 -0.668217 -0.790423 -1 -0.738129 -0.174874 -0.882868 1 0.656633 -0.852085 1 -0.421302 -0.265407 0.773221 -1 -0.768126 -0.287458 0.680594 -0.667594 -1 
-1 -0.743019 -1 -1 -1 1 -1 -1 -1 -1 -0.969876 -0.805868 -1 -1 -1 -1 -1 1 0.434567 -0.901418 -1 0.922841 -0.762084 -0.0326934 -1 -1 -0.776822 -1 -1 -0.85819 -1 -1 -1 -0.730595 0.071346 -0.85738 0.040213 0.165681 -0.0649664 -0.898224 -1 -1 0.970939 -1 -1 -1 -1 -1 -1 -0.858526 -1 -1 -0.810079 -1 -0.532477 -1 -1 -0.954726 -0.711998 -1 -1 -0.915323 -1 -1 -1 -0.910769 -1 0.813688 -0.31616 -1 -0.898627 -1 -1 -0.761681 -1 0.0981899 -1 -1 -1 0.194596 -1 -1 0.536731 -0.827854 -0.29125 -0.641044 -1 -0.827841 -1 -0.680423 -0.851372 -1 -0.556276 -1 -1 -1 -1 -0.903395 -1 -1 -1 -1 -1 -1 -0.940598 1 -1 -1 -1 0.0640763 -0.421961 -1 -0.922875 0.881269 -1 -1 -0.685256 -1 0.764051 -0.9493 0.302824 0.273448 -1 -1 -0.803722 -1 -1 0.82401 -1 -1 -1 -1 -0.0709915 0.928584 -0.911121 -0.948481 -0.721246 -0.985186 
0.661674 -0.0541666 -0.25643 1 1 -0.167484 -0.217318 0.0677744 -0.458186 -1 0.0605295 -1 -1 -1 0.25992 -0.128676 0.319225 -0.15795 0.0431903 -0.457552 -0.209435 0.0613391 0.232509 -0.949288 0.464027 -1 -0.45004 -1 -0.896951 -1 -0.825177 0.804797 -1 0.621202 -1 -0.206168 -0.19827 -0.999878 -1 -0.257103 0.232236 -0.824862 -1 -0.640321 -0.507445 0.0845878 -1 0.616699 0.597873 -0.154368 -0.577207 -1 -1 0.00952661 -0.986523 0.998083 -1 -0.0100944 -0.821479 -0.172136 -0.459746 -1 0.400102 0.318123 0.172449 -0.831961 -0.928716 -1 -1 -1 -0.392915 0.700138 -1 0.87493 -1 -0.744439 -1 -0.427333 -1 -1 -0.896375 0.425529 -0.896047 0.338468 0.0938389 -0.974851 0.0305618 -1 -1 -1 -1 -1 0.728946 -1 -0.0619982 -1 -1 -0.104762 -1 0.585457 -0.717798 -0.210984 -1 -0.40689 -1 -1 -1 0.445472 0.403665 0.428885 -0.851114 -0.807995 -1 -0.963207 -0.36095 -1 -0.726507 -0.757618 -1 -0.505609 -0.790423 -0.816833 -1 0.289895 -0.355142 0.341603 0.404354 -1 0.395253 -0.421302 0.281469 0.773221 -0.740893 -0.204027 0.469292 0.732298 -0.295787 -1 
-0.049641 -0.0989927 -0.24104 -1 -1 -1 -0.452081 -1 0.237368 -1 -1 -0.00884125 -0.0146716 -1 -1 -1 -1 -0.748304 0.433792 -1 -0.974612 -1 0.686235 1 -0.548988 -1 -0.465739 -1 -1 -1 -0.956568 -1 -1 -1 -0.827067 -1 -1 -1 -0.500331 -1 -1 -1 -0.11924 -1 1 -1 -1 -0.420103 -0.506585 -0.831238 -0.908637 -1 -1 -1 -0.546913 -1 -1 -0.732582 -1 -0.839187 -1 -1 -1 -0.627542 -1 -0.262813 -1 -1 -1 0.455723 -1 -1 -1 -1 -1 -0.492689 -1 -1 -0.899358 -1 -1 -1 -1 -1 -1 -0.937528 -0.718077 -1 -1 -0.687639 -1 -1 -1 -1 -1 -1 -0.600616 -1 -1 -1 -1 -0.900079 -0.764416 -1 -0.659078 -1 -1 -1 -0.583139 -1 -0.908506 -0.541751 0.249948 0.984448 -0.0238241 -1 -1 -0.852789 -1 0.343896 -0.0462787 -0.718215 -1 -0.0121546 -1 -0.612076 -1 0.553459 -1 -1 1 -0.985788 0.842907 -0.958281 -1 -0.0677559 -0.810647 -1 
-0.394647 -0.0541666 -0.694836 0.84206 1 -0.36937 0.0855641 -0.62002 -0.505026 -0.912697 0.499769 -0.808962 -1 -0.816411 0.312798 -0.0208852 0.336663 0.195083 0.0746204 -1 -0.0255944 0.606194 0.232509 -0.974719 0.464027 -0.283887 -0.4781 -0.417873 -0.545592 -1 -0.646634 0.315105 -1 -1 -0.683948 -0.881252 -0.399235 -0.497562 -0.628734 -0.235772 -1 -1 -1 -0.38996 -0.0184389 0.129227 -1 0.7244 0.118751 0.341419 -0.899269 -1 -1 0.00952661 -0.523823 0.438906 -1 -0.310041 -1 -0.492558 -0.213968 -0.774003 -0.138292 -0.111563 0.550723 -1 -0.428231 -0.788774 -0.590614 -1 0.0437497 0.121309 -1 0.786769 -0.614085 -0.744439 -1 -0.418299 -1 -1 -0.474165 1 -0.66444 -0.540693 0.0938389 -0.974851 -0.354157 -0.562398 -1 -1 -0.134716 -0.699883 -0.207066 -0.567012 -0.179285 -0.70774 -1 -1 -1 0.0382338 -1 -0.210984 -1 -1 -0.742489 -0.776002 -1 0.323326 0.475889 -0.170517 -1 -0.816832 -1 -0.737338 0.102305 -1 -1 -0.448416 -0.644926 -0.505609 -1 -1 -0.56133 0.133829 -0.49026 -0.68636 -0.999521 -1 0.0119649 -0.33608 -0.148659 0.773221 -1 -0.652007 0.642026 0.466514 -1 -1 
-0.525584 -0.68521 -0.966865 -1 -1 -1 -1 -1 -1 -1 -1 -1 -1 -1 -0.682616 -1 -1 -1 -1 -0.973775 1 -0.284626 -1 -1 -1 -1 -1 -0.917533 0.374789 -1 -1 -1 -0.634938 0.724151 -0.0870099 -1 -1 -1 -1 -1 0.16017 -1 -1 -0.871354 0.57007 -1 -1 -1 -1 -1 -1 -1 -1 -1 -1 -1 -0.800559 -1 -1 -1 -0.852858 -0.364015 -1 -1 -1 0.0889504 -1 -0.569979 -1 -0.300857 -1 -1 -0.767289 -1 -1 -0.395067 -1 -1 -1 -1 -1 -0.0545621 -1 -1 0.0759501 -1 -1 -1 -0.825241 -1 -0.543511 -1 -0.629668 -1 -1 -0.801503 -1 -0.338193 -1 -1 -0.108293 -1 -1 -1 -1 -1 -0.911851 -1 0.0590687 0.37482 -1 -0.699883 -1 -1 0.940068 1 -1 0.178479 -1 0.162639 -1 -0.753495 0.410449 -1 0.682042 0.378108 -0.661343 -1 0.425684 -1 -0.980714 -1 -1 -1 -1 -0.465391 -1 -1 
-0.784337 -0.711097 -0.493535 0.889779 0.114155 -0.318952 -0.746211 0.0908059 0.0449241 -0.650184 0.347042 -0.808962 -1 -1 0.25992 0.245607 0.410872 0.231443 -0.797773 -0.382471 0.227497 0.480403 0.443422 -0.76224 0.287966 -0.660916 -1 -1 -0.979615 -1 -0.697583 0.860294 -1 0.461516 -0.341554 -0.162681 -0.19827 -1 -0.249235 -0.369518 -0.655208 -1 -1 -1 -0.132253 0.289822 -0.740762 1 0.597873 0.454624 -0.619011 -1 -1 0.00952661 -0.587097 0.992763 -0.639327 -0.847293 -1 -1 -1 -0.875924 -1 0.511248 0.851022 -0.659422 -0.821327 -0.965964 -1 -1 0.244893 -0.275677 -0.658671 0.849542 -0.641487 -1 -1 -0.0874723 -1 -1 0.144011 0.713523 -0.0462077 0.254968 -0.361989 -1 -0.291858 -1 -1 -0.948979 -0.4158 -0.716012 0.393769 -1 -0.488603 -1 -1 -0.62636 -1 -0.0474727 -1 -0.958433 -1 -0.40689 -0.775168 -1 -1 -0.23812 -0.685295 0.622128 -1 -0.807995 -1 -0.729517 -0.680049 -1 -1 -0.180009 -1 -0.0415943 -0.56841 -1 -0.933981 0.289895 -0.286306 0.687288 -1 -1 0.403221 -0.675868 0.31583 0.310501 -0.740893 -0.743346 0.740216 0.612503 -0.427316 -1 
-0.517895 0.295862 -0.25643 -0.337896 0.588627 -0.724611 -0.734262 0.0908059 -1 -1 0.065661 -0.74191 -1 -1 0.25992 -0.554016 0.214385 0.465511 -0.0648965 -0.947769 -0.0255944 -0.0117956 -0.946443 -0.76224 -0.0484877 -1 -0.45004 -1 -0.998782 -0.697245 -1 0.880601 -1 0.461516 -0.218627 -0.249643 -1 -0.382661 -0.628734 0.108565 0.531444 -1 -0.957858 -0.554435 -0.0164419 0.635704 -0.994313 0.815969 0.597873 -0.118693 -1 -1 -0.892032 -0.930593 -0.639743 -0.0294547 -0.639327 -1 -1 -0.207471 -0.49008 -1 -0.326091 -0.648449 0.460495 -1 -0.871151 -0.602294 -1 -1 -0.255829 -0.935506 -0.658671 0.849542 -0.909744 -1 -1 -0.532597 -0.637485 -1 0.813972 -0.200667 -1 0.254968 0.0938389 -1 -0.165199 -1 -1 -0.948979 -1 -0.874944 0.107941 -0.914983 -1 -1 -1 -0.542705 -1 -1 -1 -0.210984 -1 -1 -0.518 -1 -1 -0.953361 0.318859 0.181396 -1 -1 -0.497165 -1 -0.740729 -0.647383 -1 -0.82272 -1 -1 -0.790423 -1 -0.56133 0.119496 -1 0.365153 -0.989483 -1 1 -0.675868 0.184422 -0.231762 -1 -0.548456 -0.0147274 0.517764 -1 -1 
0.661674 -0.867453 -0.25643 0.537971 0.924246 -0.167484 -0.217318 -0.136172 -0.458186 -0.555926 0.243011 -1 -1 -1 0.577533 -0.37994 0.319225 -0.72735 -0.38079 -0.698542 -0.0255944 -0.242338 0.416855 -1 0.464027 -0.283887 -0.45004 -0.935826 -0.809885 -1 -0.986855 -0.0935425 -1 0.188697 -0.00163397 -0.297076 -1 -0.362497 -1 -0.372303 0.504871 -1 -1 -0.38996 -0.727632 0.101318 -0.959774 0.196145 -0.162005 -0.431838 -0.577207 -1 -1 -0.00608933 -1 0.749837 -0.639327 -0.0100944 -1 -0.172136 -0.971663 -1 -0.430114 -0.603887 0.172449 -0.993979 -0.428231 -0.781223 -0.864188 -1 0.0437497 0.351707 -1 0.943573 -0.614085 -1 -1 0.348778 -1 -0.828988 0.689338 0.901118 -0.833135 0.204479 0.0938389 -0.974851 0.140949 -0.879573 -1 -1 0.196635 -1 0.385844 -1 -0.925338 -1 -1 -1 -1 0.153074 -0.619555 -0.210984 -1 -0.40689 -1 -1 -1 0.445472 0.870431 1 -0.851114 -0.807995 -0.89937 -0.963207 -0.458424 -0.779599 -1 -0.214217 -1 -0.505609 -1 -0.930047 -0.764623 0.500435 -0.355142 0.319719 0.433795 -1 0.468109 -0.421302 0.316369 1 -0.951112 -0.0368223 0.469292 0.732298 -0.0656093 -1 
-0.180183 -1 -1 0.944662 -0.252842 -0.570513 -0.957772 0.0677744 -0.304841 -0.546173 -0.608817 -0.926698 -1 -1 -0.681113 0.0809611 -0.386335 -1 -0.545313 -1 -1 -0.388508 -0.0529149 -0.85151 -0.10583 -1 -0.295912 -0.69131 -0.416658 -1 -0.617893 0.114079 -1 -0.29437 -1 -1 -0.928736 -0.470518 -1 -0.44444 0.468472 -1 -1 -0.378801 -1 0.101318 -0.66765 0.686003 -1 0.171125 -0.723672 -1 -0.719515 -0.707521 -1 0.305161 -1 -1 -0.870702 -0.959585 -1 -1 -1 -0.273702 -0.109185 -1 -1 -1 -1 -1 0.121544 -0.156904 -1 -0.181573 -1 -1 -1 -0.797955 -1 -1 -0.214958 1 -0.934068 0.131819 0.330835 -1 -0.756152 -1 -0.623356 -1 -0.426976 -1 0.538044 -1 -1 -1 -1 -1 -0.675956 -1 -0.625045 -0.492846 -0.94839 -0.955236 -1 -1 -1 0.594384 -0.749106 0.790401 -1 -1 -0.953888 -1 -0.139522 -0.517782 -1 -0.180009 -1 -0.800202 -0.790423 -1 -1 0.289895 -0.131713 0.939949 0.13712 -1 0.861841 -0.319756 -0.23713 0.939543 -0.740893 -0.236284 -0.101473 0.595511 -0.0656093 -1 
0.313618 -0.388821 -0.361161 1 -0.107651 -0.488206 -0.657994 -0.545845 -0.237041 -1 0.499769 -0.698271 -0.722543 -1 0.25992 -0.349013 0.207291 0.0652459 -0.142218 -0.0616471 -0.220403 -0.151917 0.110164 -0.928701 0.817175 -0.283887 -1 -0.870943 -0.917686 -1 -0.867529 0.846879 -1 -0.613839 0.467357 -0.102404 0.0687389 -1 -0.486259 0.602231 0.244278 -0.610923 -1 -0.38996 0.0355629 0.0411667 -1 0.709533 -0.476592 -0.300818 -0.218976 -1 -0.872478 -0.986702 -1 0.998083 -1 -0.583622 -1 -1 -1 -0.184889 -0.822255 -0.367904 0.171154 -0.962891 -0.714883 -0.845178 -1 -0.798618 0.213436 -0.120048 -0.536568 0.1074 -0.929477 -0.744439 -1 0.711301 -1 -0.398691 -0.678732 0.82382 -0.587826 -1 -0.292113 -1 -0.409878 -1 -0.867519 -1 0.938807 -0.953653 0.236519 -0.29146 0.246654 0.842625 -0.313042 -0.951647 -0.54144 -0.716913 -1 -0.618517 -1 -0.828402 -0.65718 -0.555639 -1 -0.634721 0.269847 0.541464 -0.319315 -0.719188 0.707369 -1 -0.0846878 -0.583886 -0.364417 -0.214362 -1 -0.636588 -1 -1 -1 0.289895 -1 -0.246395 0.370086 -0.885615 0.25781 -1 0.371117 0.460898 -1 0.471262 0.627552 0.961234 0.0901286 -0.828772 
-1 -0.743019 -1 -1 -1 1 -1 -0.864988 -1 -1 -0.969876 -0.805868 -0.25166 -0.697627 -1 -1 -1 1 0.434567 -0.901418 -1 0.748992 -0.868934 -0.245742 -1 -1 -0.776822 -1 -1 -0.85819 -1 -1 -0.957257 -1 0.071346 -0.85738 0.321451 0.165681 -0.39998 -1 -1 -1 0.970939 -1 -1 -1 -0.897658 -1 -1 -0.858526 -1 -1 -0.810079 -1 -0.532477 -0.943706 -1 -0.954726 -0.711998 -1 -1 -1 -1 -1 -1 -0.910769 -1 0.813688 -0.31616 -0.985386 -0.898627 -1 -1 -0.761681 -1 0.0981899 -1 -1 -1 0.194596 -1 -1 0.536731 -0.827854 -0.29125 -0.647028 -1 -0.827841 -1 -0.791906 -0.851372 -1 -0.304198 -1 -1 -1 -0.846142 -0.903395 -1 -1 -1 -1 -1 -1 -0.940598 1 -1 -1 -1 -0.0242467 -0.37462 -1 -1 0.881269 -1 -1 -0.685256 -0.938712 0.764051 -0.9493 0.450913 0.273448 -1 -1 -0.823227 -1 -1 0.82401 -1 -1 -1 -1 -0.0709915 0.90031 -0.911121 -0.948481 -0.721246 -1 
0.46473 -0.660205 -0.25643 0.600499 -0.252842 -0.167484 -0.217318 -0.492189 -0.394688 -0.895994 0.290688 -0.808962 -1 -1 -0.59282 -0.0208852 0.319225 0.233045 0.514171 -0.325779 -0.45539 -0.603655 -0.392986 -1 0.352271 -0.811796 -0.403927 -0.69131 -1 -1 -0.646634 0.860294 -1 0.659858 0.111171 -0.925101 -0.19827 -0.311186 -0.628734 -0.302928 0.285271 -0.982072 -1 -0.38996 -1 0.14895 -0.910356 0.640633 0.668721 0.171125 -0.757761 -1 -1 0.00952661 -0.587097 0.998083 -0.639327 -0.0100944 -0.959671 -0.241768 -0.328633 -1 -1 0.511248 -0.109185 -0.659422 -0.428231 -0.781223 -0.76649 -1 -0.247464 0.5205 -0.973378 0.87493 -0.614085 -1 -1 0.348778 -1 -0.945528 0.689338 0.353062 -0.835277 0.254968 0.2673 -1 0.0305618 -1 -1 -1 0.196635 -1 0.393769 -0.882928 0.150265 -1 -1 -0.431956 -0.675956 0.0382718 -0.493107 -0.366042 -0.9517 -0.622325 -0.775168 -1 -0.84816 0.445472 0.631081 0.407123 -0.884427 -1 -1 -1 -0.42285 -1 -1 -0.180009 -1 -1 -0.790423 -1 -0.56133 0.289895 0.0541681 0.550648 0.554662 -1 0.729998 -0.421302 -0.0422728 0.835026 -0.954392 -0.879014 0.639308 0.732298 -0.55169 -1 
0.534281 -0.0541666 -0.792298 0.84206 0.427722 -0.167484 -0.746211 0.32486 -0.123042 -0.474666 0.499769 -1 -1 -1 -0.962035 -0.90506 0.59005 0.465511 0.0162858 -1 -0.172327 0.551018 -0.602502 -0.76224 0.464027 -0.224433 -0.45004 -0.417873 -0.809885 -1 -1 0.860294 -1 0.483044 -0.339283 -0.249643 -0.19827 -0.363107 -0.628734 -0.235772 0.232236 -1 -1 -0.38996 -0.0184389 -0.458025 -1 1 0.597873 0.171125 -0.559993 -1 -1 -0.561504 -0.587097 0.998083 -1 -0.0100944 -1 -0.172136 -0.608213 -0.774003 -0.830946 0.511248 0.298046 -1 -1 -0.781223 -1 -1 0.174216 0.5205 -1 0.87493 -0.614085 -0.744439 -0.88313 -0.113169 -0.9309 -1 0.689338 0.901118 -0.259625 0.390733 0.0938389 -0.974851 -0.291858 -1 -1 -0.948979 -0.517189 -1 0.393769 -1 -0.0965519 -1 -0.612862 -0.557064 -0.870173 0.218294 -0.627014 -0.534333 -1 -0.286506 -0.775168 -1 -0.713916 0.0767828 -0.779665 1 -1 -0.807995 -1 -1 -0.642819 -1 -1 -0.180009 -1 -0.364513 -0.790423 -1 -1 0.289895 -0.724401 0.200501 0.179488 -1 1 -0.421302 0.222289 0.773221 -0.740893 -0.743346 0.740216 0.455927 -0.943079 -1 
-1 -0.743019 -1 -1 -1 1 -1 -1 -0.635873 -1 -0.969876 -0.805868 -0.25166 -0.697627 -1 -1 -1 1 0.434567 -0.648296 -1 0.922841 -0.762084 -0.281613 -1 -1 -0.776822 -1 -0.62267 -0.85819 -1 -1 -1 -1 0.179942 -0.85738 0.040213 0.165681 -0.0649664 -0.898224 -1 -0.786714 0.970939 -1 -1 -1 -1 -1 -1 -0.858526 -1 -1 -0.810079 -1 -0.532477 -1 -1 -0.954726 -0.711998 -1 -0.918976 -0.915323 -1 -1 -1 -0.910769 -1 0.813688 -0.31616 -1 -0.898627 -1 -1 -0.761681 -1 0.0981899 -1 -1 -1 -0.0238622 -1 -1 0.536731 -0.827854 -0.29125 -0.641044 -1 -0.827841 -1 -1 -0.851372 -1 -0.556276 -1 -1 -1 -1 -0.903395 -1 -1 -1 -1 -1 -1 -0.940598 1 -1 -1 -1 -0.203927 -0.421961 -1 -0.922875 0.881269 -1 -1 -0.685256 -1 0.764051 -0.9493 0.302824 0.273448 -1 -1 -0.823227 -1 -1 0.82401 -1 -1 -1 -1 -0.0709915 0.928584 -0.911121 -0.948481 -0.721246 -0.608901 
-0.402257 -0.431837 -1 0.84206 1 -0.977867 -0.217318 0.0677744 -0.888598 -1 0.499769 -0.409147 -1 -1 -0.251813 -0.822411 -0.776653 -0.734647 0.688993 -0.457552 0.0398411 0.606194 -0.112536 -1 -0.1264 -0.689344 -0.293251 -0.326407 -1 -1 -0.646634 0.514817 -1 -0.0737002 -0.00163397 -0.706586 -0.352914 -1 -0.628734 -0.256744 -0.784001 -1 -1 -1 -0.0184389 -0.625541 -1 1 0.104333 0.154163 -0.927291 -1 -1 0.00952661 -0.523823 0.0927954 -0.639327 -1 -1 -0.492558 -0.459746 -0.561631 -1 0.0308434 -0.461321 -0.659422 -0.428231 -1 -0.617796 -1 -0.257984 0.741642 -1 0.87493 -0.618194 -1 -1 -0.639281 -0.9309 -1 0.689338 0.901118 -1 0.254968 -0.565253 -0.974851 -0.457546 -1 -1 -0.68253 0.193059 -1 0.260495 -0.618575 -0.715664 -0.8596 -1 -1 -1 -0.147933 -1 -0.210984 -1 -0.40689 -1 -1 -1 0.788791 0.401799 0.760921 -0.878015 -0.807995 -1 -0.932996 -0.0049939 -1 -1 -0.180009 -1 -0.505609 -1 -0.670654 -1 -0.117537 -1 0.969246 0.905057 -1 0.0119649 -0.33608 -0.330392 0.773221 -1 -0.337079 0.487981 0.732298 -1 -1 
0.0926234 -0.993597 -0.414184 -0.779179 -1 -1 -1 -1 0.700472 -1 -1 -0.00884125 0.107319 -1 -1 -1 -1 -1 0.471214 -1 -0.974612 -1 0.686235 1 -0.548988 -1 -1 -1 -1 -1 -0.780817 -1 -1 -1 -0.827067 -0.862876 -0.507872 -1 -0.690858 -1 -0.672887 -1 -0.11924 -1 1 -1 -1 -1 -0.506585 -1 -1 -1 -0.712713 -0.881477 -0.507512 -1 -0.976096 -1 -1 -1 -1 -1 -1 -1 -1 -0.262813 -1 -0.995461 -1 0.298156 -1 -1 -1 -1 -1 -1 -1 -1 -1 -1 -1 -0.261882 -1 -1 -1 -0.937528 -0.718077 -0.911857 -1 -0.838486 -1 -0.643347 -1 -1 -1 0.186296 -1 -0.947339 -0.985571 -0.68228 -1 -0.900079 -0.764416 -1 -1 -1 -1 -0.697826 -0.583139 -1 -1 -0.196385 0.249948 0.96491 0.398923 -1 -1 -0.717704 -1 0.298218 -0.711599 -1 -1 -0.0121546 -1 -1 -1 0.553459 -1 -1 1 -0.985788 0.842907 -1 -0.75258 -0.0677559 -0.810647 -0.660837 
-1 -0.743019 -1 -1 -1 1 -1 -0.864988 -0.580369 -1 -1 -0.756995 -0.650337 -1 -0.620555 -0.656076 -1 1 0.434567 -0.468408 -1 0.651777 -0.815224 -0.666594 -0.903859 -1 -1 -1 -1 -0.956007 -0.927255 -1 -0.755266 -1 0.0905788 -0.927029 -0.793016 -0.119704 -0.499524 -1 -1 -1 0.956351 -1 -1 -1 -0.897658 -1 -0.878427 -1 -0.958551 -1 -0.365509 -1 -0.47476 -0.975442 -0.9069 -0.954726 -0.826726 -1 -1 -1 -1 -1 -1 -0.910769 -1 0.813688 -0.826837 -0.637525 -1 -0.853584 -0.740967 -1 -0.809333 -0.313854 -1 -1 -1 0.194596 -1 -1 0.615711 -1 -0.29125 -0.710415 -1 -0.827841 -1 -1 -0.841304 -0.688351 -0.529612 -1 -1 -1 -0.608193 -0.903395 -1 -1 -1 -1 -0.950406 -1 -1 1 -1 -1 -1 0.0640763 -0.328514 -1 -0.681032 1 -1 -1 -0.685256 -1 0.57918 -0.9493 0.44365 0.621609 -1 -0.639651 -0.823227 -1 -1 0.585432 -1 -0.745099 -1 -0.975947 0.096165 0.928584 -0.70079 -0.948481 -0.721246 -1 
-1 -0.814809 -0.914722 -0.749965 -0.227184 -1 -1 -0.90052 -0.609791 -0.651599 -1 -1 -1 -1 -1 0.079282 -0.548709 1 -0.575772 -1 -1 1 0.450462 -0.887183 -1 -0.660715 -0.524556 -0.864187 -1 -0.591047 -0.45212 -1 -1 -1 -0.496195 -0.834284 -0.303446 0.498619 -1 -1 -1 0.273696 -0.0160127 -1 -0.796209 0.480098 -0.478933 -1 -1 -0.872929 -0.369621 -1 -1 -0.899625 -1 -0.645678 -0.737696 -1 0.0666295 -1 -0.318343 -0.961656 -1 -0.718062 -1 -0.00766693 -1 -1 0.451624 -1 -0.481683 -1 -1 -1 -0.248661 -1 -1 -1 -0.433831 -0.256709 0.582394 -1 -0.713428 -1 -0.563335 -0.835839 -0.0941595 -1 -1 0.281032 -0.835555 -1 -0.869096 -0.840874 -0.409808 -0.535625 -1 -1 -1 1 -1 -1 -1 -1 -1 0.515406 -0.775822 -1 -0.805101 -1 1 -1 -0.0357778 0.77151 -0.871595 -1 -1 -0.61375 -0.47343 0.0750806 -0.8373 0.418919 -1 -0.98142 -1 -1 -0.765072 -1 -1 -1 -1 -1 -1 0.780099 0.136037 0.40304 -0.560532 -0.770296 
-0.832956 -0.664688 -0.481165 -1 -1 -1 -0.811071 -0.640343 0.320562 -1 -1 0.447045 -0.234881 -1 -1 -0.728679 -1 -0.334446 0.529071 -0.585106 -1 0.602409 0.822361 1 -1 -1 -0.0463296 -0.835588 -0.873801 -1 -0.749403 -0.895981 -1 -1 -0.111625 -0.24337 -1 -1 0.117321 -0.875489 -0.875683 -1 0.715143 -1 0.563172 -0.908218 -1 -0.351299 -1 -1 -0.98984 -0.491035 -0.647742 -1 -0.614552 -1 -0.812332 -1 -1 -1 -0.88999 -1 -1 -1 -1 0.33199 -1 -0.577341 -0.830081 1 -1 -0.944691 -1 -1 -1 -0.492689 -0.742193 -0.754253 -1 -1 -1 -0.354211 -1 -1 -0.716745 -0.915605 -0.718077 -1 -1 -0.6968 -1 -0.646825 -1 0.101104 -1 0.53533 -1 -0.473178 -1 -1 -1 -1 -1 -0.588833 -1 -0.684416 -1 -0.600482 -1 -0.602355 -0.397715 0.31636 0.757586 1 -0.0238241 -0.653962 -1 -0.724185 -1 0.298218 -0.0829157 -1 -1 -0.148659 -0.457787 -1 -1 0.553459 -1 -1 -0.163986 -1 0.690578 -1 -1 0.197163 -1 -0.966569 
0.661674 -0.0541666 -0.554954 0.84206 1 -0.666588 -0.217318 0.133433 0.0408865 -0.887096 0.499769 -0.459768 -0.92217 -1 0.25992 -0.0208852 0.383513 0.174784 0.473605 -0.766775 0.132081 0.606194 0.232509 -0.76224 0.405871 -0.511094 -0.45004 -0.439058 -0.917686 -1 -0.646634 0.490662 -0.969958 -0.362482 -0.4246 -0.654878 -0.19827 -1 -0.861202 0.467747 0.252334 -0.935548 -1 -0.338946 -0.261494 -0.0346783 -0.955871 -0.20088 -0.721809 0.171125 -1 -1 -0.878004 0.00952661 -0.287567 0.998083 -0.862063 -0.0100944 -0.937879 -0.343299 -0.459746 -0.774003 -0.555694 0.511248 0.550723 -1 -0.461464 -0.781223 -0.726271 -1 0.0437497 0.5205 -1 -0.127853 -0.614085 -1 -1 0.348778 -1 -1 0.689338 0.901118 -0.259625 -0.332577 0.0938389 -1 0.0305618 -0.729853 -1 -0.891201 -0.916231 -1 0.393769 -0.618575 -0.458203 -1 -0.904695 -0.273562 -1 0.320145 -0.877201 -0.441992 -0.739745 -0.40689 -1 -1 -1 0.445472 0.631081 0.256548 -1 -1 -0.197495 -0.963207 -0.0846878 -0.848329 -1 -0.863351 -1 -0.505609 -1 -1 -0.56133 0.289895 0.0541681 0.975754 0.852408 -1 0.758064 -0.305476 -0.0269242 0.621486 -1 -0.346147 0.639308 0.787142 -0.0656093 -1 
0.661674 -1 -1 0.926485 1 -0.0286587 -0.217318 0.0677744 -1 -0.92588 0.243011 -0.808962 -1 -1 -0.0163935 -0.0208852 0.274714 -0.0429689 0.554627 -0.457552 -0.0213095 0.606194 -0.206433 -1 -0.0333762 -0.283887 -0.45004 -1 -0.809885 -1 -0.986855 0.0977492 -1 -0.420821 -0.410405 -0.249643 -0.19827 -0.97811 -1 -1 0.232236 -1 -1 -0.38996 -0.507445 0.101318 -0.740762 0.196145 -0.551969 0.171125 -0.577207 -1 -1 0.00952661 -1 0.336386 -0.639327 -0.62961 -1 -1 -0.683742 -1 -1 -1 -0.0797004 -0.659422 -0.428231 -0.816267 -1 -1 -1 0.5205 -1 0.87493 -1 -1 -1 -0.796646 -1 -1 0.689338 1 -0.259625 -0.473923 0.167918 -1 -0.534323 -0.600377 -0.862053 -0.948979 -0.970888 -1 0.51262 -0.889063 -0.949625 -0.701345 -1 0.0284041 -1 0.279113 -1 -0.210984 -1 -0.40689 -0.670095 -0.901863 -1 -0.923421 0.565833 0.440271 -0.851114 -0.518941 -1 -0.963207 -1 -0.737393 -0.677178 -0.214217 -1 -0.787226 -1 -0.930047 -1 -0.267595 -0.655023 0.517617 -0.599083 -1 0.468109 -0.421302 -0.0391358 0.773221 -0.740893 -1 0.017884 0.732298 -0.0656093 -1 
-1 -0.645949 -1 -1 -1 0.917173 -0.706368 -1 -1 -1 -1 -1 -1 -1 -0.929628 -0.188736 -0.558898 -0.427465 0.33637 -1 -0.988644 0.980935 -1 -1 -1 -1 0.00215295 -1 -1 0.328945 -0.528752 -1 -1 -1 -0.411085 -1 -0.340399 -0.259121 -1 -1 -1 1 -1 -0.552366 -1 0.0350932 -0.483929 -0.937437 -0.97265 -0.282206 -0.269745 -1 -0.271639 0.385463 -0.741323 -1 -0.686979 -1 -0.34849 -0.920005 -1 -1 -0.754888 -0.557175 -1 -1 -0.918868 -0.5015 -0.76244 -1 -0.887087 -0.529926 -1 -0.65481 -1 0.278845 -1 -0.872372 -0.835316 0.564188 -0.320372 -1 -0.552083 0.6029 -1 -0.77321 -1 -0.903123 -1 -0.688568 -0.533144 -1 0.546042 -0.714801 -1 -1 -1 -1 -1 0.562995 -1 -0.845326 -0.513214 -1 -0.903393 -0.103709 -0.854227 -1 -1 -1 -1 -1 -1 0.191072 -1 -1 -0.820362 -1 -1 0.220846 0.450913 0.474363 -1 -1 0.113137 -1 -0.00341818 0.273317 -1 -0.449303 -1 -1 -0.967505 0.294154 -1 -1 -1 -1 
0.914075 -0.47157 -0.586704 0.515794 0.588807 -1 -1 0.133433 -0.257569 -1 0.671529 -1 -1 -1 0.574702 -0.0208852 0.319225 -0.96125 -0.393842 -0.875611 0.588837 0.606194 -0.711063 -0.76224 -0.346745 -0.499584 -0.839592 -1 -1 -1 -0.59835 -0.241276 -0.629921 0.107937 -0.486559 -0.868089 -0.877654 -1 -0.628734 -0.782261 0.46139 -0.935548 -1 -1 0.172195 0.196332 -0.955871 -1 -0.0360316 -0.172818 -0.802728 -1 -1 0.037102 -0.933246 0.597305 -0.818718 -0.622045 -1 -0.300927 -0.690058 -0.457951 -0.441195 0.511248 0.919971 -1 -1 -1 -0.726271 -1 -0.363134 0.5205 -0.667306 -0.127853 -0.614085 -0.616321 -1 0.731248 -0.763866 -1 0.115469 0.557147 -0.167157 -0.299371 0.0938389 -0.763979 -1 -0.366763 -1 -1 -0.676762 -1 0.358005 -0.618575 -0.939394 -1 -1 -1 -1 -0.968577 -1 -0.864688 -0.739745 -0.40689 -1 -1 -1 0.445472 0.488931 -0.525222 -1 -1 -1 -1 -0.0846878 -1 -0.453826 -0.549394 -1 -0.505609 -1 -1 -0.989935 0.528791 -1 0.975754 0.656633 -1 -0.763807 -0.305476 -1 0.773221 -1 -0.640993 0.639308 0.470438 -0.0656093 -0.712136 
-0.357145 -0.0541666 -0.0185167 0.84206 1 -0.36937 -0.353888 0.0677744 -0.724974 -1 0.320959 -1 -1 -1 -0.0438579 -0.0208852 -0.175406 0.141883 0.514171 -0.452395 -0.0255944 0.76836 -0.112536 -1 0.464027 -0.283887 -0.45004 -0.326407 -0.669664 -1 -1 0.514817 -1 -0.687659 -0.00163397 -0.706586 -0.19827 -0.497562 -0.628734 -0.41265 -1 -1 -1 -0.38996 -0.762363 0.129227 -1 0.522539 0.597873 0.171125 -0.927291 -1 -1 -0.352819 -1 0.438906 -0.639327 -0.310041 -1 -0.783676 -0.459746 -0.774003 -0.789243 0.511248 0.550723 -0.659422 -0.428231 -1 -0.617796 -1 0.0437497 0.5205 -1 0.946759 -0.633109 -0.81894 -1 -0.165968 -1 -1 0.689338 0.901118 -1 0.254968 0.266477 -0.974851 -0.354157 -0.729853 -0.836433 -1 0.196635 -1 0.393769 -1 -0.179285 -1 -0.799037 -1 -1 0.462431 -1 -0.210984 -1 -0.40689 -0.623187 -0.776002 -0.608889 0.214355 0.475889 0.760921 -1 -1 -0.737128 -0.932996 -0.0833025 -1 -1 -0.180009 -1 -0.719165 -1 -1 -0.56133 -0.728444 -0.845395 0.939949 0.73996 -1 0.0119649 -0.33608 -0.717154 0.773221 -1 0.0996701 0.487981 0.732298 -0.623194 -1 
0.661674 -0.196588 -1 0.505683 0.881435 -0.866536 -0.0403515 -0.284443 -0.524939 -0.910824 0.499769 -0.52713 -1 -0.962793 -1 -1 -0.898741 -0.907185 0.514171 -1 -0.641277 0.0655395 -0.64774 -1 -1 -1 0.672267 -1 -0.917686 -1 -1 0.107931 -0.969958 0.972421 0.0968698 -1 -0.773529 -1 -0.867766 0.947995 0.505041 -1 -1 -0.178867 -1 0.375832 -1 0.734823 0.597873 0.979709 -0.115861 -0.759976 -1 0.00952661 -0.820087 -0.58115 -0.592938 -0.854869 -0.67786 -0.637003 -1 0.000241905 -1 0.174781 0.550723 -0.574604 -0.680269 -0.567886 -1 -0.938597 0.0424178 -0.347823 -1 1 -1 -0.744439 -1 -0.659689 -1 -0.731506 0.303183 0.999736 -0.684254 0.0545725 0.0609655 -0.974851 -0.768518 -1 -1 -0.864949 -0.578719 -1 0.393769 -0.151627 -1 -1 -0.435508 -0.740518 -0.468537 0.178351 -0.999484 -0.94686 -1 -1 -1 -0.591183 -1 0.445472 0.0443784 0.655828 -0.594998 -0.833275 -0.445282 -0.963669 -0.0846878 -1 -0.364417 0.01774 -1 -1 -0.630731 -1 -1 -0.117896 -0.581171 -0.0209471 -1 -1 1 -1 -0.051355 0.49944 -1 -0.620162 0.671584 0.558129 -0.374679 -1 
-1 -0.743019 -1 -1 -1 1 -1 -0.864988 -0.580369 -0.806362 -0.946693 -1 -0.650337 -0.872294 -1 -1 -1 1 0.430924 -0.454705 -1 1 -1 -0.81895 -1 -1 -1 -1 -0.928356 -0.759706 -1 -1 -1 -1 -0.380333 -0.668916 -0.572762 -0.57922 -0.0649664 -1 -0.62289 -1 0.970939 -1 -1 -0.968752 -0.544791 -1 -0.878427 -1 -0.958551 -1 -1 -0.335523 -1 -0.975442 -1 -0.954726 -1 -1 -1 -1 -1 -0.790831 -1 -0.910769 -1 0.636434 -0.0464616 -1 -1 -0.724832 -1 -0.928163 -1 -0.172087 -1 -1 -1 0.194596 -1 -1 0.588057 -1 -0.29125 -0.710415 -1 -0.660564 -1 -1 -1 -1 -0.843165 -1 -1 -1 -0.608193 -0.903395 -0.898598 -1 -1 -1 -1 -0.719832 -1 0.44536 -1 -1 -1 0.0640763 -0.328514 -1 -1 0.949875 -1 -1 -1 -1 -0.0261663 -0.9493 0.44365 0.621609 -1 -1 -0.898405 -1 -1 0.3162 -1 -0.745099 -1 -1 0.287462 0.457465 -0.911121 -0.948481 -0.400036 -1 
-0.784337 -0.711097 -0.869636 0.836189 -0.247345 -0.0376713 -0.746211 0.0908059 -0.123042 -0.650184 0.347042 -0.808962 -1 -1 0.25992 -0.0208852 0.410872 0.465511 0.415592 -0.457552 0.33542 0.480403 0.232509 -0.76224 0.458745 -0.224433 -0.889142 -0.417873 -0.868163 -1 -1 0.860294 -1 0.104061 -0.341554 -0.249643 -0.19827 -0.323796 -0.628734 -0.647981 0.232236 -0.982072 -1 -1 -0.132253 0.220532 -0.740762 1 0.597873 0.171125 -0.619011 -1 -1 0.00952661 -0.587097 0.998083 -0.639327 -0.847293 -1 -1 -1 -1 -0.573343 0.511248 0.851022 -0.659422 -0.821327 -0.965623 -0.726271 -1 0.0437497 0.370329 -0.658671 0.849542 -0.708598 -1 -1 -0.0874723 -1 -1 0.746053 0.713523 -0.207443 0.254968 0.0938389 -0.659447 -0.291858 -1 -1 -0.948979 -0.245725 -0.716012 0.393769 -0.858628 -0.488603 -1 -1 -0.431956 -1 0.513447 -1 -1 -1 -0.40689 -0.775168 -1 -1 -0.597273 0.318859 0.569404 -1 -0.807995 -1 -1 -0.627022 -1 -1 -0.180009 -1 -0.33382 -0.56841 -1 -0.56133 0.289895 -0.286306 0.939949 -1 -1 1 -0.804528 0.184422 0.132946 -0.740893 -0.743346 0.740216 0.517764 -0.427316 -1 
0.379056 0.235968 -0.110048 -0.963023 -1 0.347013 -0.264866 -1 -0.602514 -0.490497 -1 -0.95028 -0.902948 -0.952518 -0.242061 -0.813035 -1 -0.909669 -0.990173 -1 1 0.613797 -0.797655 -0.232443 -1 -0.508869 -1 -0.475859 -1 -1 -1 -1 -1 -1 -0.954102 -0.894517 -1 -0.0696203 -1 -1 -0.00554663 -1 -0.782827 -0.244884 0.402806 0.126039 -0.641259 -1 -0.871923 -1 -1 -0.736464 -1 -0.683224 -0.875981 -1 -1 -1 -0.832465 -0.969912 -1 -1 0.380645 -0.659077 -0.992867 0.703407 -0.0764135 -0.670881 -1 -0.505993 -1 -1 -1 0.339463 -0.899901 -0.313392 -1 -1 -1 -0.870793 -1 -1 -0.930912 -0.603622 -0.471255 -0.898884 -0.374767 -0.991892 -0.586924 -0.375471 0.0358405 -0.825047 -1 -0.579632 -1 -1 -1 -1 -1 0.119311 -1 -1 -0.192918 -1 -1 -1 -0.565103 -0.274783 0.337201 -0.251026 -1 -0.840761 -0.319562 -0.392236 0.692066 0.96723 -1 0.126317 -0.916756 -0.0182076 -1 -0.477897 1 -1 0.623493 -0.16829 -1 -1 -0.585292 -0.994846 -0.979255 -0.331098 -0.656418 -0.657127 -0.799203 -0.267332 -1 -1 
0.914075 -0.0541666 -0.802094 0.84206 0.556442 -0.996246 -0.442896 0.133433 -0.123042 -0.421057 0.499769 -0.974785 -1 -1 0.25992 -0.781023 0.319225 0.104797 0.514171 -0.847547 0.283303 0.606194 -1 -0.76224 -0.98332 -0.283887 -0.54941 -1 -0.917686 -1 -0.646634 0.800356 -0.969958 -1 -0.4246 -0.249643 -0.19827 -1 -0.628734 -1 0.252334 -0.935548 -1 -0.0350838 0.172195 0.196332 -0.854283 -1 -0.0360316 -0.132105 -1 -1 -1 0.00952661 -0.933246 0.451451 -0.457705 -0.0100944 -0.678765 -0.399299 -0.459746 -0.784201 -0.104022 0.403276 0.666687 -1 -0.598241 -1 -0.726271 -0.996737 0.0437497 0.608361 -1 -0.381727 -0.614085 -0.744439 -0.911807 0.348778 -0.9309 -1 0.689338 0.580326 -0.259625 -0.374023 0.0938389 -0.953385 -1 -0.366763 -1 -0.931328 -1 -1 0.00802326 -0.618575 -0.203197 -1 -0.848524 -1 -1 -0.826308 -1 -0.864688 -1 -0.339206 -1 -0.755128 -1 0.291203 0.799858 -0.699631 -0.851114 -0.671438 -0.197495 -0.963207 -0.0846878 -0.848329 -1 -0.549394 -1 -0.505609 -1 -1 -0.628644 0.289895 -0.773181 0.975754 0.590444 -1 -0.763807 -0.305476 -0.500473 0.527404 -1 0.087078 0.639308 0.732298 -0.164811 -0.95913 
-1 -0.743019 -1 -0.656216 -1 1 -1 -0.705331 -1 -1 -1 -0.805868 -1 -0.818473 -0.972646 -0.656076 -1 0.706089 0.434567 -0.985545 -1 0.883309 -1 -0.489872 -1 -1 -1 -1 -1 -0.939332 -0.980136 -1 -0.755266 -1 0.0905788 -1 -1 -0.210594 0.0600044 -1 -1 -1 0.970939 -1 -0.629185 -1 -1 -1 -0.878427 -1 -1 -1 -0.925582 -1 -0.47476 -1 -1 -0.663414 -1 -1 -1 -1 -1 -1 -1 -0.910769 -0.761458 0.342769 -0.0464616 -0.859344 -0.898627 -0.795879 -1 -0.761681 -0.953326 -0.334554 -1 -1 -0.663083 0.194596 -1 -1 0.588057 -1 -1 -0.932974 -1 -0.750971 -1 -1 -1 -1 -0.601501 -1 -1 -1 -1 -1 -0.898598 -0.604958 -1 -1 -1 -0.953 -1 1 -1 -1 -1 0.0640763 -0.328514 -1 -0.681032 0.949875 -1 -1 -0.685256 -0.676837 0.57918 -0.77319 0.44365 -0.0187925 -1 -1 -0.823227 -1 -1 0.428215 -1 -1 -0.634161 -1 -0.188586 0.457465 -1 -1 -0.721246 -1 
-0.517895 -1 -0.25643 0.918907 0.427722 -0.0376713 -0.746211 0.0908059 -0.720987 -0.650184 0.065661 -0.808962 -1 -1 -0.0768357 -0.206294 -0.777585 0.301679 -0.282105 -1 -0.120838 -0.0117956 -0.0394499 -0.76224 0.458745 -0.570445 -0.45004 -0.417873 -0.854274 -1 -1 0.860294 -0.663112 0.274527 -0.218627 -0.249643 -0.409161 -0.748015 -0.628734 0.108565 0.531444 -0.647662 -0.831437 -0.261846 -0.0184389 0.101318 -0.740762 1 0.247411 -0.428981 -1 -1 -1 -1 -1 0.748962 -0.84048 -1 -1 -1 -0.459746 -0.774003 -0.573343 0.511248 0.460495 -1 -1 -0.965964 -1 -1 -0.412055 -0.914106 -0.658671 0.849542 -0.90417 -0.658994 -1 0.265344 -0.9309 -0.792361 0.550361 -0.338694 -0.259625 0.545468 0.0938389 -0.974851 -0.875179 -1 -1 -1 -0.245725 -0.783336 0.107941 -0.914983 -1 -1 -1 -1 -1 -0.736815 -1 -0.210984 -1 -0.40689 -0.775168 -1 -1 -1 -0.00894243 0.569404 -0.851114 -0.807995 -1 -1 -1 -1 -1 -0.180009 -1 -1 -0.790423 -1 -0.513455 0.119496 -0.492089 1 -1 -1 1 -0.675868 0.184422 0.113217 -1 -0.393528 0.740216 0.517764 -0.427316 -1 
0.661674 -0.109932 -0.77158 0.354086 0.674069 -0.736737 -0.217318 0.0677744 -0.458186 -0.555926 0.243011 -0.808962 -1 -1 0.25992 -0.121873 0.319225 0.141883 0.514171 -0.47359 -0.335136 0.606194 0.232509 -1 0.464027 -0.283887 -0.45004 -0.935826 -0.809885 -0.926666 -0.986855 0.577549 -1 0.621202 -0.00163397 -0.122909 -0.678739 -0.362497 -0.628734 -0.433996 0.109524 -0.982072 -1 -0.38996 -0.507445 0.101318 -0.740762 0.616699 0.597873 0.171125 -0.998865 -0.898732 -1 0.15295 -0.986523 0.998083 -1 -0.0100944 -1 -0.172136 -0.459746 -0.774003 0.0180965 0.511248 0.172449 -0.659422 -0.311729 -0.781223 -1 -1 -0.411013 0.520107 -1 0.87493 -0.614085 -0.744439 -1 0.348778 -1 -1 0.689338 1 -0.259625 0.254968 0.0938389 -0.974851 0.0305618 -0.729853 -1 -0.948979 -0.630709 -1 0.393769 -1 0.246654 -0.692326 -1 -0.431956 -1 0.513447 -0.491493 -0.210984 -1 -0.0453215 -1 -1 -0.608889 0.445472 -0.573887 1 -0.851114 -0.807995 -1 -0.963207 -0.139522 -1 -0.921124 -0.214217 -1 -0.699688 -0.790423 -1 -1 -0.780818 -0.355142 0.758175 0.656633 -1 0.604174 -0.641159 0.160197 0.773221 -0.740893 -0.204027 -0.0289652 -0.464628 -0.544962 -1 
-0.292874 -1 -0.158817 1 0.637926 -1 -0.520496 -0.423152 -0.524939 -1 0.499769 -0.840913 -0.755439 -1 -1 -1 -0.19475 -0.907185 0.261067 -0.852063 -0.0255944 0.539089 0.232509 -1 -0.799627 -1 0.141331 -1 -0.917686 -1 -1 0.860294 -0.969958 0.805098 0.198112 -1 -0.773529 -1 -0.748294 0.391793 0.232236 -1 -0.812948 0.252693 -0.056871 0.375832 -1 0.245842 0.597873 -0.159355 -0.213255 -1 -1 -0.344268 -1 0.485574 -0.349721 -0.26649 -0.915992 -0.0032129 -1 -0.139518 -1 0.391116 0.32593 -0.659422 -0.567169 -0.681581 -0.904046 -1 -0.342952 0.53559 -0.79252 0.656382 -0.745788 -0.744439 -1 -1 -0.9309 -1 0.532261 0.621975 -0.259625 -0.218518 0.0609655 -1 -0.433143 -1 -1 -1 0.196635 -1 0.536934 -0.234098 -0.712864 -0.393831 -1 -0.238061 -0.143721 -0.948019 -0.771944 -1 -1 -1 -0.775168 -0.931282 -0.608889 0.408853 0.729279 0.744281 -1 -0.807995 0.507595 -0.993935 -0.0846878 -1 -0.336004 0.169514 -1 -1 -0.630731 -1 -0.400916 -0.116176 -0.644926 -0.08307 -0.0584854 -1 1 -1 0.120045 0.773221 -0.736822 0.087078 0.639308 0.732298 -0.196472 -1 
0.661674 -0.196588 -1 0.505683 0.881435 -1 -0.0403515 -0.284443 -0.911563 -0.729951 0.499769 -0.52713 -1 -1 -1 -1 0.23729 -0.907185 0.514171 -1 -0.600931 0.0655395 -0.868533 -1 -0.948239 -1 0.669695 -0.997154 -0.917686 -1 -1 0.107931 -1 0.883135 -0.401934 -1 -0.773529 -1 -1 0.104113 0.505041 -0.780555 -1 -0.0817264 0.0623281 0.375832 -1 0.734823 0.597873 -0.0148968 -0.133772 -1 -1 0.00952661 -1 -0.374223 -0.349721 -1 -1 -0.637003 -1 0.000241905 -1 0.340788 0.550723 -0.316185 -0.680269 -0.681581 -1 -1 0.0424178 -0.667219 -0.79252 1 -1 -0.744439 -1 0.106926 -1 -0.731506 -0.387849 0.533571 -0.684254 -0.249713 0.128938 -0.974851 -0.433143 -1 -1 -1 -0.578719 -0.713385 0.393769 -0.151627 -0.48263 -0.606499 -1 0.0106793 -0.304311 0.00614697 -0.617816 -1 -1 -1 -1 -0.591183 -0.818367 -1 0.112952 0.655828 -0.594998 -1 -0.445282 -0.635132 -0.0846878 -1 -0.719776 -0.178156 -1 -1 -0.630731 -1 -0.725399 -0.836136 -0.581171 -0.0209471 -0.00268567 -1 1 -1 -0.468045 0.803977 -1 -0.620162 0.858069 0.732298 -0.118769 -0.930705 
-0.148116 -0.135533 -0.25643 0.836189 -0.284123 -0.0178452 -1 -0.737097 -0.123042 -0.664342 0.35248 -0.808962 -1 -1 -0.197251 -1 0.410872 -0.724667 -0.632202 -0.833017 0.260466 0.480403 0.12156 -0.983746 0.458745 -0.224433 -0.500934 -0.461767 -0.998782 -1 -1 -0.802015 -1 0.794475 -0.341554 0.00507897 -0.388208 -0.363107 -1 -0.235772 0.383422 -1 -1 -0.158413 -0.0184389 0.101318 -0.740762 0.872267 0.597873 -0.389846 -0.371228 -1 -1 -1 -1 -0.0801751 -0.983649 -1 -1 -1 -1 -1 -0.573343 -0.495362 0.844355 -1 -1 -1 -0.726271 -1 -0.586322 0.5205 -1 0.768076 -1 -0.744439 -0.998348 0.11326 -1 -0.990687 -1 0.0379412 -0.408479 -0.0677391 0.0938389 -0.818946 -1 -1 -1 -0.948979 -0.245725 -0.767991 0.957381 -0.240674 -1 -1 -1 -0.645297 -1 0.513447 -1 -1 -1 -0.992485 -1 -1 -1 -0.416523 -0.370718 0.569404 -0.584531 -0.807995 -0.964493 -1 -1 -1 -1 -0.485244 -1 -0.33382 -1 -0.586932 -0.581651 -0.277535 -1 0.269781 -0.989483 -1 0.381661 -1 0.184422 0.206126 -0.919538 -0.91858 0.248621 0.517764 -1 -1 
0.661674 -0.0541666 -0.25643 0.944662 0.0258439 -0.170944 -0.217318 -0.305488 -0.123042 -0.555926 0.726575 -0.808962 -0.987517 -1 -0.531484 -0.111105 0.319225 0.141883 0.537104 -0.457552 -0.0255944 -0.196624 -0.00380974 -0.76224 0.464027 -0.283887 -0.692181 -1 -0.94064 -1 -0.646634 0.860294 -1 0.659858 -0.547056 -1 -0.19827 -0.497562 -0.628734 -0.302928 0.125339 -0.982072 -1 -0.38996 -1 -0.155544 -1 0.61495 0.336037 0.171125 -0.577207 -1 -1 0.00952661 -1 0.689894 -0.639327 -0.0100944 -1 -0.172136 -0.459746 -1 -1 0.173223 -0.342735 -0.659422 -0.428231 -0.890432 -0.73854 -1 0.0437497 0.5205 -1 0.87493 -0.614085 -1 -1 0.348778 -1 -1 0.689338 0.343819 -0.257345 -0.120318 -0.139853 -0.974851 0.0389719 -1 -1 -0.948979 -0.136364 -0.896357 0.306044 -0.618575 0.246654 -0.95982 -1 -0.399069 -0.754239 0.198794 -0.625045 -0.524953 -1 -0.374849 -0.667081 -0.929109 -0.608889 0.445472 0.631081 1 -0.851114 -1 -0.519939 -0.841835 -0.139522 -1 -1 -0.0920074 -1 -0.505609 -1 -1 -0.56133 0.289895 -0.673206 0.939949 0.775889 -0.971151 1 -0.421302 -0.55066 0.773221 -0.740893 -0.696668 0.639308 0.334389 -0.00754701 -1 
0.606948 -1 -0.839136 0.944662 -0.127911 -1 -0.217318 0.0173623 -0.304841 -1 -0.0676567 -1 -1 -1 -0.681113 0.0809611 0.319225 -0.448374 -0.351145 -0.779358 -0.462078 -0.388508 -1 -1 0.329748 -0.631061 -0.403927 -0.69131 -1 -0.822369 -0.646634 0.50898 -1 0.392383 -0.219774 -0.951364 -1 -1 -0.713526 -1 -0.485745 -1 -1 -0.417382 -1 0.101318 -0.66765 -0.200452 -0.202895 -0.853844 -0.577207 -1 -1 -0.78319 -0.266337 0.998083 -1 -0.462015 -1 -0.570268 -0.892987 -1 -1 0.420359 -1 -0.81114 -1 -0.547844 -0.759139 -1 -0.247464 0.16808 -1 0.309342 -0.337862 -1 -1 -1 -0.782064 -1 -0.065273 0.747439 -0.835277 -0.104423 0.330835 -0.974851 -0.306502 -1 -0.894016 -1 0.196635 -1 0.393769 -0.829979 0.246654 -1 -0.915897 -0.342816 -1 -1 -1 -0.826479 -1 -0.40689 -1 -0.929109 -0.608889 0.445472 0.361747 0.790401 -0.871311 -1 -0.605898 -1 -0.139522 -1 -0.706626 -0.288719 -1 -0.982801 -0.790423 -0.842313 -1 0.0634777 0.0541681 0.939949 0.554662 -1 0.562904 -1 -0.46047 0.773221 -0.740893 -0.214734 0.476402 1 -1 -1 
-0.304914 -1 -1 0.958759 -0.252842 -0.570513 -0.977952 0.0677744 -0.304841 -0.546173 -0.596032 -0.808962 -1 -1 -0.681113 0.0809611 -0.386335 -0.858515 -0.545313 -1 -0.947029 -0.388508 -0.174015 -0.85151 -0.10583 -1 -0.295912 -0.399005 -0.416658 -0.998865 -0.617893 0.114079 -1 -0.378485 -1 -1 -0.928736 -0.687702 -1 -0.524885 0.468472 -1 -1 -0.378801 -1 0.101318 -0.66765 -0.136676 -1 0.171125 -0.723672 -1 -1 -0.707521 -1 0.305161 -0.827514 -1 -0.870702 -0.959585 -1 -1 -1 0.0458939 -0.109185 -1 -1 -1 -1 -1 0.0146011 -0.156904 -1 -0.0812653 -1 -1 -1 -0.797955 -1 -1 0.122358 1 -1 0.131819 0.330835 -1 -1 -1 -0.623356 -1 -0.298566 -1 0.159427 -1 -1 -1 -1 -1 -0.378741 -1 -1 -0.492846 -1 -0.955236 -1 -1 -1 0.594384 -0.749106 0.790401 -1 -1 -0.853477 -1 -0.265778 -0.751507 -1 -0.180009 -1 -0.800202 -0.790423 -1 -1 0.289895 -0.131713 0.939949 -0.927015 -1 0.861841 -0.0771832 -0.23713 0.939543 -0.740893 -0.236284 -0.0463218 0.595511 -0.225173 -1 
-1 -1 -1 -1 -1 -0.835964 -0.636303 -0.542104 -1 -1 -1 -0.850491 -1 -1 -0.349526 -0.787032 -0.978583 -1 -1 -1 1 -0.284626 -0.941478 -1 -1 -0.936992 -1 -0.917533 0.0772515 -1 -1 -1 -0.656119 0.724151 0.269416 -1 -0.960553 -0.52309 -1 -1 0.216283 -1 -1 -1 -0.0574092 -0.498139 -1 -1 -0.901625 -0.954567 -1 -1 -1 -1 -1 -1 -0.505985 -1 -0.982971 -0.92544 -1 -0.984944 -0.224456 -1 -0.519446 -0.55114 -1 -0.693987 -1 -1 -1 -1 -0.986579 -1 -1 -0.266803 -1 -1 -0.715983 -1 -1 0.526403 -0.941432 -1 0.0759501 -1 -1 -1 -1 -1 -1 -0.397286 -0.772328 -1 -0.969895 -1 -1 -0.338193 -0.90097 -1 -1 -1 -1 -1 -0.851022 -1 -1 0.588837 0.0590687 0.37482 -1 -0.909633 0.162361 -1 0.580439 1 -0.997545 0.436299 -0.753102 -0.0580359 -1 -0.911974 0.216117 -0.785156 0.682042 0.309305 -0.886223 -0.928555 0.0757399 -1 -0.855306 -1 -1 -0.260065 -1 -1 -1 -0.966991 
0.543607 0.419852 -1 -0.100719 0.569767 -0.141701 -0.746211 -0.0174574 -0.768226 -1 0.374618 -1 -1 -1 -0.646748 -1 0.59005 0.465511 0.514171 -1 -0.172327 0.551018 -0.197945 -0.76224 -0.445014 -0.224433 -0.108999 -1 -0.92363 -1 -1 0.860294 -1 -0.119152 -0.242783 -0.119427 -0.19827 -0.997213 -0.628734 -0.235772 -0.867326 -0.982072 -1 -0.38996 -0.300411 0.155821 -0.740762 0.679024 0.597873 0.171125 -1 -1 -1 -1 -0.230175 1 -0.639327 -0.0100944 -1 -0.370887 -1 -1 -0.969797 0.620911 0.794414 -0.620512 -0.938297 -1 -0.899636 -1 -0.799952 0.126594 -1 0.16533 -0.614085 -0.744439 -0.469981 -0.120352 -0.9309 -1 -0.348836 0.901118 -1 0.225176 -0.57795 -1 -0.445088 -1 -1 -0.948979 -1 -1 0.0651424 -0.618575 -0.129553 -1 -0.592043 -1 -0.627573 0.532131 -1 -0.572142 -1 -0.203816 -0.775168 -1 -0.753721 0.0946715 0.318859 0.498326 -0.731261 -1 -0.835856 -0.963207 -1 -0.264111 -1 -0.180009 -1 -0.33382 -0.790423 -0.995087 -1 0.562302 -0.286306 0.939949 -0.00963321 -1 -0.448754 -1 0.222289 0.773221 -0.455544 -0.91167 0.740216 0.822488 -0.91244 -1 
0.914075 -0.68591 -0.586704 0.84206 -0.0883261 -1 -0.217318 0.133433 -0.123042 -1 -0.48816 -1 -1 -1 0.439364 -0.0208852 0.319225 -0.134883 0.809498 -0.847547 0.283303 0.606194 -0.578527 -0.76224 -0.805433 -0.610636 -0.966733 -1 -1 -1 -0.646634 -0.0838433 -0.969958 -0.813061 -1 -0.637051 -0.0758417 -1 -0.801326 -0.782261 0.252334 -0.756086 -1 0.265205 0.172195 0.196332 -0.955871 -1 -0.0360316 0.171125 -1 -1 -1 0.00952661 -1 0.451451 -1 -0.0100944 -0.678765 -0.407508 -0.38364 -0.685525 -0.104022 0.511248 0.666687 -1 -0.456629 -1 -1 -1 -0.378392 0.674987 -1 0.0821336 -0.641907 -1 -1 0.348778 -1 -0.911232 0.689338 1 -0.675263 -1 -0.0790681 -0.967056 -1 -0.366763 -1 -1 -1 -1 0.0533705 -0.515265 -0.203197 -1 -1 -1 -1 -0.879417 -1 -0.864688 -0.420118 -0.40689 -1 -1 -1 0.316625 0.799858 -0.699631 -0.851114 -0.637802 -0.197495 -0.963207 -0.0846878 -0.816478 -0.620134 -0.480984 -1 -0.505609 -1 -1 -0.812031 0.289895 -0.71276 0.937753 0.0124495 -0.909065 -0.763472 -0.305476 -0.0269242 0.773221 -1 0.087078 0.402431 0.470438 -0.355617 -0.712136 
-0.049641 -0.425589 -0.414184 -0.609449 -1 -1 -0.452081 -0.640343 0.320562 -1 -1 -0.00884125 0.107319 -1 -1 -1 -1 -0.334836 0.433792 -1 -1 -0.11719 0.686235 1 -0.548988 -1 -0.465739 -1 -1 -1 -0.956568 -1 -1 -1 0.2006 -0.368032 -1 -1 -0.791615 -1 -1 -0.791341 0.284879 -1 1 -1 -1 -0.420103 -0.506585 -0.999854 -0.908637 -1 -0.712713 -1 -0.202015 -0.839332 -1 -0.732582 -1 -1 -1 -1 -0.75942 -1 -1 -0.262813 -1 -1 -0.796721 1 -1 -1 -1 -1 -1 -0.492689 -1 -1 -0.638792 -1 -1 -0.227624 -1 -1 -0.927054 -1 -0.718077 -1 -1 -0.838486 -1 -0.643347 -1 -0.153745 -1 -0.0824618 -1 -1 -0.919398 -1 -1 -0.900079 -0.766777 -0.304205 -0.659078 -1 -1 -0.766619 -0.583139 -0.376987 -0.687326 -0.541751 0.249948 0.984448 -0.0238241 -1 -1 -0.415116 -1 0.298218 -0.0462787 -0.849109 -1 -0.0121546 -0.397282 -1 -1 0.553459 -1 -0.582115 1 -0.854087 0.842907 -0.958281 -0.911081 0.197163 -0.810647 -1 
0.376556 -0.0541666 -0.554954 0.539971 0.808756 -0.690848 -0.52464 -0.955218 -0.258937 -1 0.409433 -0.932821 -1 -1 0.0902047 -1 -1 -0.837004 -0.804811 -0.288482 -0.2095 0.606194 0.232509 -0.836718 0.464027 -0.283887 -0.866168 -1 -0.744759 -0.949702 -0.439216 0.0722111 -1 -0.362482 -0.630253 0.272282 -0.517191 -0.649562 -1 0.340587 0.0185498 -1 -1 -0.405994 0.172195 0.101318 -1 -1 -0.26226 -0.451728 -1 -1 -1 0.00952661 -0.587097 1 -0.457705 -0.0100944 -0.937879 -0.496525 -0.459746 -1 -0.368223 -1 0.719659 -0.907088 -0.461464 -0.781223 -0.689871 -1 -0.310089 0.367836 -0.836041 -1 -1 -0.936188 -1 -0.400047 -1 -1 -0.648169 -0.408124 -0.259625 -0.374023 -0.494347 -0.694024 -0.662004 -0.510269 -1 -1 -1 -1 -0.235621 -0.618575 -0.935335 -1 -1 -0.431956 -1 0.628736 -1 -0.37704 -0.554932 -0.40689 -0.69264 -0.707996 -1 -0.577924 0.261177 0.198079 -1 -1 -0.514192 -1 -0.648674 -0.647504 -1 -1 -1 -0.12473 -0.671582 -1 -1 0.369293 -0.864767 0.314991 0.656633 -0.627259 -0.431526 -0.305476 0.24554 0.773221 -0.740893 -0.0352877 -0.396105 0.732298 -1 -1 
-1 -0.743019 -1 -1 -1 1 -1 -0.864988 -1 -1 -1 -0.805868 -0.25166 -1 -1 -1 -1 0.847839 0.434567 -1 -1 1 -0.650442 -0.281613 -1 -1 -0.776822 -0.87623 -1 -0.85819 -1 -1 -0.957257 -1 0.071346 -1 0.321451 0.313964 -0.0649664 -0.898224 -1 -1 -0.0186573 -1 -1 -1 -1 -1 -1 -1 -1 -0.987767 -0.810079 -1 -0.661009 -1 -1 -0.954726 -0.892318 -1 -1 -1 -1 -0.803483 -1 -0.910769 -1 0.813688 -0.31616 -0.957864 -0.898627 -1 -1 -1 -1 0.0981899 -1 -1 -1 0.194596 -1 -0.874582 0.536731 -0.827854 -0.29125 -0.641044 -1 -0.827841 -1 -0.680423 -0.851372 -1 -0.304198 -1 -1 -1 -0.986117 -1 -1 -1 -1 -1 -1 -1 -1 1 -1 -1 -1 0.0640763 -0.328514 -1 -0.922875 0.881269 -0.907558 -1 -0.541809 -1 0.445145 -0.9493 0.669643 0.273448 -1 -1 -0.823227 -1 -1 0.82401 -1 -1 -1 -1 -0.0709915 1 -0.766094 -0.948481 -1 -1 
0.376556 -0.0541666 -0.554954 0.539971 0.808756 -0.690848 -0.52464 -0.955218 -0.258937 -1 0.381543 -0.932821 -0.749541 -1 0.0902047 -0.629382 -0.4695 -0.702474 0.234022 -0.288482 -0.2095 0.606194 0.232509 -0.836718 0.464027 -0.283887 -0.866168 -1 -0.744759 -0.949702 -0.439216 0.490662 -1 -0.362482 -0.630253 0.272282 -0.517191 -0.649562 -0.816391 0.340587 0.0185498 -1 -1 -0.405994 0.172195 0.101318 -1 -1 -0.26226 -0.451728 -1 -1 -1 0.00952661 -0.587097 1 -0.457705 -0.0100944 -0.937879 -0.496525 -0.459746 -1 -0.368223 -1 0.550723 -0.907088 -0.461464 -0.781223 -0.689871 -1 -0.310089 0.367836 -0.608893 -1 -0.614085 -0.744439 -1 -0.400047 -1 -1 -0.419349 0.516528 -0.259625 -0.374023 -0.494347 -0.974851 -0.662004 -0.510269 -1 -1 -1 -0.957187 -0.235621 -0.618575 -0.935335 -1 -1 -0.431956 -1 0.830463 -1 -0.37704 -0.759452 -0.40689 -0.69264 -0.707996 -1 -0.577924 0.261177 0.198079 -0.851114 -1 -0.514192 -0.963207 -0.648674 -0.647504 -1 -1 -1 -0.12473 -0.671582 -1 -1 0.369293 -0.864767 0.314991 0.656633 -0.627259 0.408239 -0.305476 0.24554 0.773221 -0.740893 -0.0352877 -0.396105 0.732298 -1 -1 
-0.713043 -0.248702 -0.25643 0.836189 0.427722 -0.0376713 -0.87539 0.191546 -0.698136 -0.650184 0.065661 -0.808962 -1 -1 0.25992 -0.0208852 -0.783853 0.465511 0.415592 -0.457552 -0.0255944 -0.402183 -0.118522 -0.76224 0.430326 -0.783771 -0.304387 -0.31672 -0.998782 -1 -1 -0.282657 -1 0.461516 -0.149533 -0.249643 -0.222007 -0.363107 -0.844491 -1 0.232236 -1 -1 -0.38996 -0.0184389 0.101318 -1 0.387729 0.597873 0.171125 -0.868638 -0.885531 -0.773629 0.00952661 -0.587097 0.486553 -0.509051 -0.847293 -0.920128 -0.668334 -1 -0.774003 -1 -0.49237 -0.013961 -1 -1 -1 -0.818996 -1 -0.349826 0.139666 -0.658671 0.849542 -1 -0.658994 -1 -0.0874723 -0.9309 -0.957049 0.458932 -0.0069927 -0.259625 0.476473 0.0938389 -0.974851 -0.291858 -1 -1 -0.948979 -0.748364 -1 0.560558 -0.914983 -1 -0.87994 -1 -0.431956 -0.725664 0.452696 -1 -0.210984 -1 -0.784413 -0.775168 -1 -1 -0.597273 0.318859 -0.26305 -0.851114 -0.450008 -1 -1 -1 -1 -1 -0.0362209 -1 -0.33382 -0.790423 -1 -1 0.119496 -0.286306 0.742288 -0.989483 -0.871297 1 -1 -0.342321 -0.317941 -0.951413 -0.743346 0.740216 0.696338 -0.427316 -1 
-0.784337 -0.711097 -0.869636 0.836189 -0.247345 -0.0376713 -1 0.0908059 -0.123042 -0.650184 0.347042 -0.808962 -1 -1 0.25992 -0.0208852 0.410872 0.465511 0.415592 -0.457552 0.33542 0.480403 0.232509 -0.76224 0.458745 -1 -0.889142 -0.417873 -1 -1 -1 0.860294 -1 0.104061 -0.241067 -0.249643 -1 -0.323796 -0.416809 -0.647981 0.232236 -0.982072 -1 -1 -0.132253 0.220532 -0.740762 1 0.5463 0.171125 -0.619011 -1 -1 -0.422356 -1 0.998083 -1 -0.847293 -1 -1 -1 -1 -0.597237 0.511248 0.851022 -0.659422 -0.821327 -0.965623 -0.726271 -1 0.0437497 0.370329 -0.623819 1 -0.708598 -1 -1 -0.0874723 -1 -1 0.746053 0.713523 -0.207443 0.254968 0.0938389 -0.659447 -1 -1 -0.62792 -0.685944 0.0186401 -0.716012 0.301569 -0.858628 -0.488603 -1 -1 -1 -0.890128 0.513447 -1 -0.927234 -1 -0.40689 -1 -0.879678 -1 -0.597273 0.234113 0.569404 -1 -0.807995 -0.774908 -1 -0.627022 -0.493535 -1 -0.180009 -1 -0.33382 -0.56841 -1 -0.56133 0.289895 -1 0.939949 -1 -1 0.0723146 -1 0.184422 0.132946 -1 -0.51302 0.740216 0.517764 -1 -1 
0.46473 -0.354609 -0.25643 0.516284 -0.383142 -0.167484 -0.217318 -0.492189 -1 -1 0.290688 -1 -1 -1 -0.0883063 -0.0208852 0.319225 0.766881 0.514171 -0.325779 -0.45539 -0.85675 -1 -1 0.510429 -1 -0.403927 -0.69131 -1 -1 -0.878649 0.860294 -1 0.659858 0.305429 -1 -0.233477 -0.311186 -0.401567 -1 0.339818 -1 -1 -0.38996 -1 0.165827 -1 0.640633 0.588057 0.171125 -1 -1 -1 -0.24296 -0.882794 0.633695 -0.639327 -0.0100944 -1 -0.484556 -0.328633 -1 -0.725247 -0.404705 -0.781344 -0.659422 -0.428231 -1 -1 -1 -0.247464 0.5205 -0.973378 0.87493 -0.614085 -1 -1 0.348778 -0.902338 -1 0.382712 0.399628 -0.8923 0.254968 0.175931 -1 0.13286 -1 -1 -1 0.196635 -1 0.393769 -0.732395 0.137972 -1 -1 -0.106743 -0.675956 0.513447 -0.493107 -1 -0.9517 -0.40689 -0.775168 -1 -0.84816 0.445472 -0.505336 0.407123 -1 -1 -0.632043 -1 -0.42285 -1 -1 -0.180009 -1 -0.905806 -0.790423 -1 -0.56133 0.127592 -0.603768 0.713704 0.196753 -1 1 -0.421302 -0.0422728 0.835026 -0.740893 -0.898204 0.639308 0.258138 -0.55169 -1 
-0.788758 -1 -0.339332 -1 -1 -1 -1 -1 0.222952 -1 -1 0.29107 -0.234881 -1 -1 -0.757009 -1 -0.334446 0.627528 -0.73366 -0.613202 0.381359 -0.802792 0.339411 -1 -0.658602 -1 -0.93834 -0.996309 -1 -1 -1 -0.973327 -1 -1 -0.552047 -0.392121 -1 -0.539542 -1 -1 -1 -0.704011 -1 0.690223 -1 -1 -0.351299 -1 -0.875023 -0.98984 -1 -1 -0.868314 -1 -1 -0.864902 -1 -1 -1 -0.88999 -1 -1 -1 -1 0.214731 -1 -0.298635 -0.830081 0.918964 -1 -0.944691 -1 -0.79564 -0.84204 -0.492689 -0.872652 -1 -1 -1 -1 -1 -1 -1 -1 -1 -0.337438 -1 -1 -1 -0.831989 -1 -0.968661 -0.152709 -1 0.631172 -1 -0.473178 -1 -0.847629 -1 -1 -1 -1 -0.957077 -0.684416 -0.537961 -1 -0.75825 -1 -0.397715 0.633714 0.71854 1 -0.0238241 -0.653962 -1 -1 -1 0.298218 -0.369823 -0.796743 -1 -0.148659 -0.68908 -1 -1 0.553459 -1 -1 1 -1 0.690578 -1 -1 0.197163 -1 -1 
0.661674 -0.313395 -0.39205 0.294768 0.620605 -0.167484 -0.368777 -0.318568 0.256146 -0.225395 -0.0246929 -0.808962 -1 -1 0.25992 0.131586 0.43133 -0.2527 -0.443009 -0.898118 0.0911327 -0.0399311 0.232509 -0.606084 0.0448192 -0.283887 -1 -0.45268 -0.917686 -1 -1 0.860294 -1 0.659858 0.00862986 -0.249643 -0.813356 -0.507728 -0.628734 -0.65162 0.232236 -0.982072 -1 -0.38996 -0.0184389 -0.019978 -1 0.896715 0.597873 0.171125 -0.577207 -0.795499 -1 0.00952661 -0.689875 0.998083 -0.349721 -0.456114 -1 -0.361013 -0.459746 -1 -0.563528 0.731478 0.359677 -0.659422 -1 -1 -1 -1 -1 0.146925 -1 0.166246 -1 -1 -0.660304 -0.759741 -1 -1 0.477777 0.12002 -1 -0.305398 -1 -0.974851 0.0305618 -0.729853 -1 -0.953595 0.300378 -1 0.659619 -0.618575 0.48839 -1 -1 -0.995421 -1 -0.252233 -0.544025 -0.683334 -1 -1 -1 -0.902616 -0.823932 0.499399 0.631081 1 -1 -1 -0.197495 -1 -0.0846878 -1 -1 -0.180009 -0.716917 -0.505609 -0.790423 -0.823728 -0.56133 -0.0538682 -0.424229 -0.05493 0.026481 -1 0.707524 -0.215273 -1 0.773221 -0.667487 -0.261123 0.4791 0.732298 -0.308761 -1 
0.0549035 -0.221835 -0.459984 0.308427 1 -0.881896 -1 -0.167463 0.417118 -1 -0.432795 -1 -1 -1 0.4584 0.260449 0.45406 -0.115299 0.514171 -1 -0.0255944 -0.231937 -1 -0.76224 0.418628 -1 -0.45004 -1 -1 -0.636585 -1 -0.33355 -0.991306 0.659858 -1 0.0458617 -1 -0.613455 -1 -1 -0.100834 -0.982072 -1 -0.0990167 -1 -0.370311 -1 0.248829 -0.39456 0.349261 -0.668467 -0.757663 -1 -0.600714 -0.885594 0.588228 -1 -0.0100944 -1 -1 -0.666944 -0.522835 -1 0.511248 -0.202901 -1 -0.718351 -1 -1 -1 -1 0.385899 -1 0.398478 -1 -1 -1 -1 -1 -0.884254 0.791105 -0.761806 -0.579965 -0.48324 0.0938389 -1 -0.317052 -1 -1 -1 -0.221538 -1 -0.247265 -1 -0.131801 -1 -1 -1 -0.967443 -1 -0.625045 -1 -1 -1 -0.901841 -1 -1 -0.583522 0.655389 0.805475 -0.889451 -1 -1 -0.975411 -0.823166 -1 -1 -0.180009 -0.971029 -1 -0.790423 -1 -0.458226 -0.632691 -1 -0.499974 -1 -1 0.332018 -0.397854 -0.495598 0.773221 -1 0.359117 0.639148 -0.287307 -1 -0.778877 
0.661674 -0.553687 -1 0.84206 0.427722 0.313412 -0.640208 0.0199089 -0.123042 -0.390459 0.413566 -1 -1 -0.926652 -0.26834 -1 0.59005 0.465511 0.514171 -1 -0.0990148 0.551018 0.0399298 -0.76224 -0.860103 -0.224433 -1 -0.137815 -0.809885 -0.930677 -1 0.860294 -1 -0.657933 -0.341554 -0.249643 -0.19827 -0.363107 -0.628734 -0.235772 -0.492512 -1 -0.845635 -1 -0.0184389 -0.238745 -0.740762 1 -0.362111 0.171125 -1 -1 -1 -0.234952 -0.587097 0.814786 -0.639327 -0.0100944 -1 -0.725907 -0.459746 -0.856314 -0.830946 0.511248 0.550723 -1 -1 -1 -0.825886 -0.962345 0.0437497 0.5205 -1 0.87493 -1 -0.744439 -1 -0.638844 -0.9309 -1 0.689338 0.901118 -0.259625 0.254968 0.0938389 -0.506511 -0.291858 -0.650199 -1 -0.591417 -0.245725 -0.761509 -0.33028 -0.618575 -0.93309 -1 -0.531861 -0.431956 -1 -0.564041 -0.625045 -0.210984 -1 -0.203816 -0.775168 -1 -0.951312 0.223098 0.318859 0.59454 -0.851114 -1 -1 -0.963207 -0.139522 -1 -1 -0.180009 -1 -0.33382 -0.790423 -1 -1 -0.142706 -0.286306 0.939949 -0.0354063 -1 1 -0.941695 -0.486816 0.773221 -0.740893 -0.743346 0.740216 0.176589 -0.0656093 -1 
0.800636 0.216667 -0.788778 0.968453 -0.371425 -0.349515 -0.861052 0.132083 -0.516401 -0.164135 0.674602 -1 -0.811894 -1 -0.0883063 -0.475702 0.301435 -0.14203 0.537104 -1 -0.0255944 -0.292069 -0.137799 -0.76224 0.161682 -1 -0.316113 -1 -1 -0.99544 -0.936535 0.703594 -0.910265 0.659858 -0.559843 -1 -0.19827 -1 -0.628734 -0.302928 0.125339 -0.982072 -1 -0.482417 -1 0.262827 -1 1 0.597873 0.171125 -0.577207 -0.998573 -1 0.00952661 -1 0.998083 -1 -0.0100944 -1 -0.554607 -0.451804 -0.623015 -1 -0.397411 -0.378078 -1 -0.428231 -0.781223 -0.726271 -1 -0.903126 0.408089 -1 0.0944959 -0.545699 -1 -1 0.348778 -1 -1 0.689338 0.901118 -0.0701826 -1 0.184362 -0.974851 -0.51551 -1 -1 -0.711203 0.162819 -1 -0.438059 -0.618575 0.246654 -1 -1 -1 -0.675956 0.198794 -1 -0.431399 -1 -0.374849 -0.279125 -1 -0.882296 0.445472 0.340713 0.452799 -0.703571 -1 -0.519939 -0.977964 -0.139522 -0.271256 -1 0.0651009 -1 -0.505609 -1 -1 -0.56133 -0.0521847 -0.452963 0.939949 0.341781 -0.971151 0.477316 -0.406133 -0.55066 0.773221 -0.740893 -0.562646 0.753194 0.117066 -0.736599 -1 
-1 -0.743019 -1 -1 -0.890544 1 -1 -0.864988 -0.580369 -0.806362 -1 -0.805868 -1 -1 -1 -0.656076 -1 1 0.434567 -0.881963 -1 1 -1 -0.345351 -1 -1 -1 -1 -1 -0.939332 -1 -1 -0.755266 -1 0.0905788 -0.668916 -0.404603 -0.210594 -0.0649664 -1 -1 -1 0.970939 -0.678557 -1 -1 -0.897658 -1 -0.878427 -1 -0.958551 -0.77667 -0.925582 -0.736519 -0.47476 -0.975442 -1 -0.954726 -1 -1 -1 -1 -1 -1 -1 -0.910769 -1 0.813688 -0.127485 -1 -0.898627 -0.795879 -1 -0.761681 -1 0.0981899 -1 -1 -1 0.194596 -1 -1 0.588057 -1 -1 -0.710415 -0.79248 -0.894456 -1 -1 -0.99011 -1 -0.601501 -1 -1 -1 -0.87021 -1 -0.636124 -1 -1 -1 -0.950406 -1 -1 1 -1 -1 -0.630973 0.0640763 -1 -1 -0.681032 0.949875 -1 -1 -0.685256 -1 0.57918 -0.880991 0.44365 0.621609 -1 -1 -1 -1 -1 1 -1 -0.745099 -1 -1 0.287462 0.457465 -1 -0.948481 -0.729584 -1 
-0.126897 -0.0541666 -0.792298 0.84206 0.427722 -0.167484 -1 0.32486 0.122252 -0.474666 0.499769 -1 -1 -1 -0.962035 -0.90506 0.59005 0.186992 0.0162858 -1 -0.172327 0.551018 -0.602502 -0.858433 0.464027 -1 -0.711529 -0.402813 -0.809885 -0.687288 -1 0.860294 -1 0.483044 -0.339283 -0.249643 -0.19827 -0.363107 -0.628734 -0.347662 -0.941121 -1 -1 -0.177167 -0.0184389 -0.632925 -1 1 0.597873 0.171125 -0.559993 -1 -1 -0.561504 -0.587097 0.998083 -1 -0.0100944 -1 -1 -0.608213 -0.528965 -0.876495 0.902129 0.298046 -1 -1 -0.781223 -1 -0.713038 0.174216 0.5205 -1 0.87493 -1 -0.744439 -0.88313 -0.113169 -0.9309 -1 0.451157 0.195083 -0.259625 0.390733 -1 -1 -0.665665 -1 -1 -0.948979 -0.517189 -1 0.393769 -1 -0.0965519 -1 -0.837326 -0.557064 -0.870173 0.218294 -0.627014 -0.534333 -1 -0.868557 -0.775168 -1 -0.350131 0.0767828 -0.844254 1 -1 -0.258391 -1 -1 -1 -1 -1 -0.180009 -1 -0.364513 -1 -1 -1 0.289895 -1 -0.333635 0.179488 -1 1 -0.421302 0.222289 0.773221 -0.740893 -0.743346 0.740216 0.590879 -0.943079 -1 
0.379056 0.235968 -0.313109 -0.963023 -1 0.347013 -0.638578 -1 -0.602514 -0.490497 -1 -0.612762 -0.902948 -0.952518 -0.242061 -1 -1 -0.909669 -0.990173 -1 1 0.613797 -1 -0.276386 -1 -0.508869 -1 -0.475859 -1 -0.776243 -1 -1 -1 -1 -0.954102 -0.894517 -1 -0.0696203 -1 -1 -0.489446 -1 -0.782827 -0.244884 0.402806 0.264292 -0.641259 -0.724464 -0.871923 -1 -1 -0.736464 -1 -0.683224 -1 -1 -1 -0.766425 -0.478224 -0.969912 -1 -1 0.380645 -0.659077 -1 0.488815 -0.0764135 -0.670881 -1 -0.505993 -1 -1 -0.842782 0.666014 -0.899901 -0.734899 -1 -1 -1 -0.870793 -0.966152 -1 -0.930912 -0.603622 -0.471255 -0.898884 -0.319204 -1 -0.688804 -0.375471 0.0358405 -0.825047 -1 -0.579632 -1 -1 -1 -1 -1 -1 -1 -1 -0.192918 -1 -1 -1 -1 -0.959181 0.337201 -0.251026 -1 -1 -0.319562 -1 0.692066 0.96723 -1 0.126317 -0.916756 -0.0182076 -1 -0.477897 -0.128089 -1 -0.296974 0.015369 -1 -0.891506 -1 -0.994846 -0.979255 -0.331098 -0.657624 -0.657127 -0.799203 -0.267332 -1 -1 
-0.593123 -0.0915014 -0.95341 0.836189 0.113241 -1 -1 0.000102028 -0.123042 -0.650184 -0.786816 -1 -1 -1 -0.759174 -0.121966 0.0730709 0.465511 0.0186047 -1 -0.451798 0.480403 0.232509 -0.843319 -0.972818 -1 -0.404967 -0.417873 -1 -1 -1 0.264433 -1 0.617829 -0.341554 0.00434098 -1 -0.549289 -0.628734 -0.186785 0.256481 -1 -0.705135 -0.703541 -0.0110542 -0.286459 -0.740762 0.871057 0.597873 0.161153 -1 -1 -1 -0.125419 -0.91803 0.998083 -0.726255 -0.937754 -1 -0.579657 -0.656229 -0.694615 -1 0.289631 0.851022 -0.455367 -1 -1 -0.726271 -1 -1 -0.275954 -0.658671 0.306405 -1 -1 -1 -0.805893 -1 -1 0.343791 -0.0734607 -0.946595 0.254968 -1 -1 -0.994407 -1 -1 -1 -0.245725 -0.755574 0.680045 -0.382637 -1 -1 -1 -1 -1 -0.839164 -1 -1 -1 -1 -1 -0.864304 -0.935837 -1 -0.395768 0.396139 -0.551798 -1 -1 -1 -0.812717 -1 -0.769017 0.314088 -1 -0.33382 -0.485825 -0.805358 -1 0.289895 -0.286306 1 -1 -1 0.273648 -1 0.184422 -0.612101 -0.587532 -1 0.740216 0.517764 -1 -1 
0.167159 -0.766482 -1 -0.153877 -0.252842 0.185336 -0.0226869 0.0677744 -0.500616 -1 -0.0555308 -0.793946 -1 -0.637169 -0.881183 -0.0208852 0.368661 -0.886399 0.514171 -0.126354 -1 -1 -0.163871 -0.612516 0.464027 -0.341645 -0.403927 -1 -0.809885 -1 -0.646634 0.288817 -1 0.789341 -0.363483 -1 -0.19827 -0.497562 -1 -0.302928 0.125339 -0.928791 -0.724743 -0.38996 -1 0.101318 -1 0.139442 0.668721 0.171125 -0.899347 -1 -1 0.00952661 -1 0.221093 -0.781807 -0.247793 -1 -1 -1 -1 -1 -0.972619 -0.109185 -0.659422 -0.865366 -1 -0.719832 -1 -0.247464 0.5205 -1 0.669575 -0.781339 -1 -1 -0.922319 -1 -0.945528 0.689338 0.901118 -0.835277 -0.104423 0.330835 -1 0.199545 -1 -0.965386 -0.771528 0.196635 -1 0.277645 -1 0.246654 -1 -1 -0.431956 -0.504432 -1 -0.76385 -0.210984 -1 -0.0630956 -0.775168 -1 -0.42188 0.445472 0.631081 1 -0.705057 -1 -0.632043 -1 -0.139522 -1 -1 -1 -1 -0.505609 -1 -1 -0.804983 -0.0803148 0.0541681 0.247139 0.554662 -1 0.85746 -0.189642 -0.0422728 0.702372 -0.774036 -0.502398 0.507979 0.41585 0.09036 -1 
-0.937981 -0.916966 -1 -1 0.456621 1 -1 -1 -0.942692 -1 -1 -0.804993 -0.76675 -1 -0.238756 -0.860525 -1 0.462785 0.127693 -0.723499 -1 0.938998 -1 0.116684 -1 -1 0.0464894 -0.999013 -0.95333 -1 -0.363926 -1 -1 0.0722887 0.518606 -0.9768 0.0284558 -0.403284 0.744265 -1 -1 -1 1 -0.933489 -1 -0.785214 -0.847802 -1 -1 -0.261536 -1 -1 -0.657164 -1 -0.0637365 -1 0.138967 -1 -1 -0.749769 -0.883716 -1 0.155283 -0.692861 0.0275574 -0.969804 -1 1 -0.800055 -1 -0.994473 -0.821523 -0.946297 -0.33754 -1 1 -0.955249 -1 -1 -0.625844 -1 -1 0.328743 0.16803 -0.605053 -0.995856 -0.314941 -1 -1 0.462094 -1 -1 0.0437651 -1 -1 -0.854353 -0.833501 -1 -1 0.266274 -0.334361 -0.608377 0.328222 -0.676659 -1 0.585239 -1 -1 -1 -0.273726 -1 -1 0.504033 -0.202122 -1 -1 -1 -1 -0.0315273 -0.128218 0.450913 0.319738 -1 -1 -1 -1 -1 0.543686 -1 -1 -0.958169 -1 -0.582769 0.662686 -1 -0.273949 0.162997 -1 
-0.180183 -1 -1 0.944662 -0.40019 -1 -0.957772 0.0677744 -0.707605 -0.546173 -0.608817 -0.926698 -1 -1 -0.681113 0.517197 -1 -1 -0.691476 -0.833258 -0.72976 -0.132615 -0.114393 -0.85151 -0.10583 -1 -0.435131 -0.69131 -1 -1 -0.936469 0.114079 -1 -0.29437 -1 -1 -0.928736 -0.373992 -1 -1 0.468472 -1 -1 -0.378801 -1 0.101318 -0.66765 0.686003 -1 -0.97557 -0.708367 -1 -0.719515 -1 -1 -1 -1 -1 -0.617555 -1 -1 -1 -1 -0.273702 -1 -1 -1 -1 -1 -1 0.420548 -0.156904 -1 -1 -1 -1 -1 -0.797955 -1 -1 -0.214958 0.555381 -0.934068 0.412754 -0.511043 -1 -0.756152 -1 -0.577247 -1 -0.879794 -1 0.538044 -1 -1 -1 -1 -1 -0.675956 -0.987595 -0.625045 -0.492846 -1 -0.955236 -1 -1 -1 0.594384 -0.749106 0.396277 -1 -1 -0.953888 -1 -0.436063 -0.517782 -1 -0.180009 -1 -1 -0.790423 -1 -1 0.289895 -1 0.430265 0.241329 -1 0.861841 -0.319756 -1 0.939543 -0.740893 -0.236284 -0.101473 0.595511 -0.0656093 -0.643713 
0.661674 -0.766482 -1 0.944662 -0.252842 0.185336 -0.0226869 0.0677744 -0.500616 -0.94954 0.488707 -0.887645 -1 -1 -0.0883063 -0.0208852 0.368661 -0.448374 0.208149 0.236086 -0.45539 -1 -0.163871 -0.614951 0.464027 -0.283887 -0.294206 -1 -0.809885 -0.699795 -0.852641 0.459012 -1 0.883377 -0.363483 -1 -0.170218 -0.497562 -0.628734 -0.72327 -0.166224 -0.996849 -1 -0.38996 -1 0.101318 -1 -0.747239 0.416382 -0.757178 -0.630208 -0.916295 -1 0.284891 -0.511194 0.998083 -0.864557 -0.300974 -1 -0.961128 -0.459746 -1 -1 0.195642 -0.109185 -1 -1 -0.781223 -1 -1 -0.247464 0.5205 -1 0.185658 -0.53947 -1 -1 -0.596806 -1 -0.945528 0.733376 1 -0.913282 -1 0.330835 -1 0.0305618 -1 -1 -0.947367 0.196635 -0.811787 -0.597874 -0.839564 -0.576148 -1 -0.718771 -1 -1 0.574298 -1 -0.210984 -0.909491 -1 -0.775168 -0.850634 -1 0.445472 -0.107248 0.536164 -0.851114 -1 -0.632043 -1 -0.139522 -0.903292 -1 -0.27078 -1 -1 -0.678842 -1 -1 0.510856 0.169079 0.614582 -0.209247 -1 0.85746 -0.887964 -0.299182 0.773221 -0.792489 -0.204027 -0.210233 0.41585 -0.154624 -1 
0.482059 -1 -0.533858 -1 -0.766708 -1 -0.982783 -1 -1 0.706678 -0.730551 -0.783992 0.954754 -0.555615 0.711122 -1 -0.33223 -1 -1 0.37245 -0.676624 -0.688081 -0.154288 0.357311 -0.618878 -0.974027 -0.0124225 -0.98208 -1 0.56938 -1 -0.744398 -0.97492 -1 -1 -1 -0.76383 0.651305 0.24383 -0.367637 -0.528846 -0.943739 0.691844 -0.551021 0.255586 0.54422 0.124727 -0.285944 -0.784323 -0.822738 -1 -0.497943 -0.922228 -0.915393 -1 -1 -0.856173 -0.167868 -0.596426 -0.146125 0.562999 0.681909 -0.973555 0.341317 -1 -0.260746 0.308941 0.529711 -0.527843 -0.710688 -0.737222 0.103724 -1 -0.126822 -1 0.339051 -1 -0.797121 -1 -1 -0.692162 -1 -1 -1 -1 -1 -1 -1 -1 -0.103451 0.100085 -1 -1 -0.642414 -0.787581 -1 -1 -1 -0.842408 0.0894998 -1 -0.346366 -0.854221 -1 -0.847807 -1 -1 -1 0.237646 -0.628716 -1 0.189091 -0.613357 -0.769042 -1 0.584655 -1 -0.487255 -0.0066402 0.822363 -1 -1 0.518013 0.0314629 -1 -1 -0.97586 -1 -1 -0.485273 -1 -1 0.574001 -1 -1 0.645329 0.113224 -1 
-0.304914 -1 -1 0.944662 -0.252842 -0.570513 -0.957772 -0.0278119 -0.304841 -0.546173 -0.414944 -1 -1 -1 -1 -0.520575 -0.386335 -1 0.514171 -1 -1 -0.388508 -1 -0.85151 -1 -1 -0.295912 -0.69131 -0.444723 -0.998865 -0.803314 -0.912997 -1 0.659858 -1 -1 -1 -1 -1 -0.937801 0.226758 -1 -1 -0.378801 -1 0.101318 -0.66765 0.446344 -1 0.171125 -0.723672 -1 -1 -0.707521 -1 0.305161 -1 -1 -0.870702 -1 -1 -1 -1 0.0458939 -0.407481 -1 -1 -0.857631 -0.641569 -1 0.0146011 -0.156904 -1 -0.181573 -1 -1 -1 -0.826799 -1 -1 -0.44774 1 -0.934068 -0.840568 -0.251025 -1 0.0305618 -1 -0.404203 -1 -0.298566 -1 0.538044 -1 -0.274765 -1 -1 -0.799455 -1 -0.712033 -0.625045 -0.887823 -0.602855 -0.366616 -1 -1 -1 0.368121 -0.749106 0.790401 -1 -0.925822 -0.953888 -1 -0.945146 -0.517782 -0.835545 -0.180009 -1 -1 -0.790423 -1 -1 0.289895 -0.131713 0.157872 0.13712 -1 0.861841 -0.421302 -0.23713 0.664866 -0.740893 -0.204027 -0.0872014 0.176369 -0.0656093 -1 
-0.148116 -0.135533 -0.25643 0.836189 -0.284123 -0.0178452 -1 -0.737097 -0.123042 -0.664342 0.35248 -0.808962 -1 -1 -0.197251 -1 0.410872 -0.724667 -0.632202 -0.833017 0.260466 0.480403 0.12156 -0.76224 0.458745 -0.224433 -0.500934 -0.461767 -0.998782 -1 -1 -0.35214 -1 0.794475 -0.341554 0.00507897 -0.388208 -0.363107 -1 -0.235772 0.383422 -1 -1 -0.158413 -0.0184389 0.101318 -0.740762 0.872267 0.597873 0.547422 -0.371228 -1 -1 -1 -1 -0.0801751 -1 -1 -1 -0.93114 -1 -1 -0.573343 0.511248 0.844355 -1 -1 -1 -0.726271 -1 -0.586322 0.5205 -1 0.768076 -0.614085 -0.744439 -1 -0.0874723 -1 -0.990687 -0.0683573 0.0379412 -0.259625 -0.0677391 0.0938389 -0.818946 -1 -1 -1 -0.948979 -0.245725 -1 0.957381 -0.240674 -1 -1 -1 -0.645297 -1 0.513447 -1 -0.9937 -1 -0.992485 -0.952058 -1 -1 -0.597273 -0.370718 0.569404 -0.584531 -0.807995 -0.964493 -1 -0.558971 -1 -1 -0.485244 -1 -0.33382 -1 -0.749449 -0.581651 -0.277535 -1 1 -0.989483 -1 0.381661 -1 0.184422 0.162617 -0.919538 -0.91858 0.740216 0.517764 -1 -1 
0.998021 -1 -0.524164 0.789101 0.0626698 -0.291398 -0.267738 0.0677744 -0.220679 -0.900325 0.336205 -0.808962 -1 -1 0.00370646 -0.0208852 0.925827 -1 0.392287 -0.494338 -0.0255944 -1 -0.882415 -0.617914 -0.338886 -0.946593 -0.413884 -0.0872565 -1 -1 -0.986855 -0.203213 -1 0.0147984 -1 -0.542916 -0.666281 -1 -0.299777 -1 -0.649994 -1 -1 -1 -0.915798 0.130482 -0.740762 0.427296 0.886482 -0.823519 -0.705363 -1 -1 -0.365076 -0.587097 -0.467808 -0.643421 -0.905069 -0.747558 -0.773815 -1 -1 -0.510548 0.0814137 0.550723 -1 -0.473707 -1 -0.824462 -1 0.0437497 -1 -1 -0.0204705 -0.603284 -0.744439 -1 -0.435151 -0.990559 -1 -0.0761908 0.901118 -0.259625 -0.901191 -0.51139 -0.974851 0.358816 -1 -1 -0.948979 -0.895482 -1 0.393769 -0.886361 -0.0323466 -1 -1 -0.431956 -1 0.00842047 -0.625045 -1 -1 -0.639926 -1 -1 -1 0.445472 -0.152048 0.258918 -0.851114 -0.759534 -1 -1 -1 -1 -1 -0.214217 -1 -0.0909713 -0.860435 -0.658759 -1 0.186142 -1 0.248342 -0.65462 -0.955374 -0.178589 -0.826383 -0.172621 -0.310898 -0.46395 -1 0.439368 0.999561 -0.796582 -1 
0.661674 -1 -0.25643 0.537971 1 -0.167484 -0.217318 0.0677744 -0.458186 -1 0.243011 -1 -1 -1 0.25992 -0.88835 0.284826 -0.72735 0.514171 -0.457552 -0.0255944 0.0965214 0.0385301 -1 -0.653916 -0.283887 -0.45004 -0.935826 -0.809885 -1 -0.986855 0.668679 -1 0.224736 -0.00163397 -0.249643 -1 -0.362497 -0.628734 -0.433996 0.232236 -1 -1 -0.38996 -0.507445 -1 -0.601457 0.196145 0.0525563 -0.179929 -0.577207 -1 -0.738444 -0.00608933 -1 0.998083 -0.754779 -0.134178 -1 -0.172136 -0.971663 -0.774003 -0.430114 0.198553 0.172449 -1 -0.428231 -0.64275 -0.621318 -1 0.0437497 0.5205 -0.982397 0.776291 -0.681071 -1 -1 0.348778 -1 -0.498871 0.689338 0.675013 -0.947081 0.204479 0.0938389 -1 -0.195555 -0.600377 -1 -0.948979 -0.608396 -1 -0.28232 -1 -0.584382 -1 -1 -1 -0.825823 0.0653711 -0.717798 0.18053 -0.931797 -0.847018 -1 -1 -0.739042 0.445472 -0.339859 1 -0.851114 -0.807995 -0.922007 -0.963207 -0.458424 -0.817831 -1 -1 -1 -0.505609 -0.668567 -0.765686 -1 0.30448 -0.355142 0.319719 0.433795 -1 -0.285504 -0.421302 0.316369 0.773221 -0.364853 -0.204027 0.469292 0.732298 0.168931 -1 
0.661674 -0.84808 -0.25643 0.600499 -0.100168 0.181146 -0.83567 -1 -0.394688 -1 0.290688 -1 -0.932549 -1 -0.0883063 -1 0.0763238 0.391245 0.514171 -0.325779 -1 -0.196624 -0.484048 -1 0.464027 -0.427716 -1 -1 -1 -1 -0.86922 -0.0292767 -1 -0.327957 -0.274076 -1 -1 -0.311186 -0.628734 -0.302928 -0.636963 -1 -0.65665 -0.38996 -1 0.14895 -1 0.640633 0.668721 -0.1608 -0.89317 -1 -1 -0.62585 -0.587097 -0.33615 -1 -0.829036 -1 -0.241768 -0.459746 -1 -1 0.675714 -0.00986665 -1 -0.436307 -0.781223 -1 -0.769094 -0.973594 0.649011 -0.769415 0.98876 -1 -1 -1 0.168753 -0.9309 -1 0.931148 -0.412608 -1 -0.696767 0.282929 -1 0.0305618 -1 -1 -1 0.538187 -1 -1 -0.882928 -0.555641 -0.722895 -1 -0.431956 -1 -0.990503 -0.81946 -1 -0.9517 -1 -0.295282 -1 -0.684562 0.619257 0.631081 0.332724 -0.198468 -1 -1 -1 -0.0332007 -1 -1 -0.180009 -1 -1 -0.534498 -1 -0.56133 0.292232 -1 0.585582 0.18775 -1 1 -0.421302 -0.0422728 0.835026 -1 -1 0.0348958 -0.535301 -0.689234 -1 
0.661674 -0.221835 -0.459984 1 1 0.0119722 -1 -0.167463 0.461748 -1 0.499769 -1 -1 -1 0.4584 -1 0.319225 -1 0.545355 -0.704963 -0.0255944 -0.562341 -1 -0.393573 0.0448192 -0.634364 -1 -0.417873 -0.917686 -1 -1 -0.300616 -0.991306 0.659858 -0.00163397 -0.249643 -0.000668913 -0.497562 -0.628734 -0.353516 -0.630095 -1 -1 -0.38996 -0.0184389 -0.197545 -1 0.272645 -0.212345 0.0192231 -0.645608 -1 -0.846483 0.00952661 -1 0.934528 -1 -0.0100944 -0.956344 -0.920117 -1 -0.915613 -0.704113 0.511248 -0.202901 -1 -0.718351 -1 -0.918379 -1 -0.605813 0.29231 -1 -0.760458 -1 -1 -1 -1 -1 -1 0.689338 -0.0436732 -0.969458 -0.445905 0.0938389 -0.853567 -0.510365 -0.812417 -1 -0.953595 0.300378 -1 0.393769 -0.915323 0.592595 -1 -1 -1 -0.967443 -1 -0.625045 -0.514912 -1 -0.40689 -0.901841 -1 -1 -0.126516 -0.101704 1 -1 -1 -0.763057 -0.975411 -0.012699 -0.859821 -0.839478 -0.180009 -0.863481 -0.854983 -0.790423 -1 -0.708611 -0.110162 -0.871817 -0.282419 0.714057 -1 0.332018 -0.397854 -0.155086 0.773221 -1 0.087078 0.639308 0.732298 -0.308761 -1 
0.534281 -0.0541666 -0.698236 0.0376302 0.256633 -0.863601 -0.746211 0.0199089 -0.123042 -0.390459 0.670507 -1 -1 -1 0.0134743 -1 0.841822 0.465511 0.514171 -1 -0.172327 0.551018 -0.0265645 -1 0.20765 -0.224433 -1 -1 -1 -1 -1 0.890998 -0.91269 0.483044 -1 -0.249643 -0.19827 -1 -1 -1 0.232236 -0.982072 -1 -0.38996 0.296985 0.101318 -0.740762 0.0452977 0.597873 0.396964 -0.485487 -1 -0.855944 -0.349999 -1 1 -1 -0.0448669 -1 0.143604 -1 -0.774003 -1 0.629649 0.550723 -1 -1 -0.460639 -0.858373 -1 -0.399327 0.5205 -1 0.999512 -0.56745 -0.744439 -0.850618 -0.113169 -0.9309 -1 -0.219448 0.901118 -0.259625 0.254968 -0.118332 -0.606405 -0.809682 -1 -1 -1 -0.245725 -1 0.393769 -0.618575 -0.0965519 -1 -1 -0.431956 -1 0.532131 -0.625045 -1 -1 -0.203816 -0.775168 -1 -0.713916 -0.092838 0.318859 0.879789 -0.851114 -0.807995 -0.996234 -1 -1 -1 -1 -0.180009 -1 -0.845197 -1 -1 -1 -0.143568 -0.70978 0.939949 0.179488 -1 1 -1 0.0313068 0.773221 -0.740893 -0.913548 0.740216 0.517764 -0.0656093 -1 
0.704074 -0.196588 -0.978904 0.201507 0.881435 -0.194412 -0.0403515 -0.284443 -0.489496 -1 0.499769 -0.52713 -1 -1 -1 -0.607668 0.188566 -0.907185 0.514171 -1 -0.477265 0.0655395 -0.64774 -1 -0.948239 -1 0.669695 -0.675763 -0.917686 -1 -0.658922 0.107931 -0.969958 0.972421 -0.401934 -1 -0.773529 -1 -1 0.947995 0.505041 -1 -1 -0.0817264 -0.056871 -0.618848 -0.695213 0.734823 0.597873 0.648531 -0.133772 -0.368832 -1 0.00952661 -1 -1 -0.349721 -0.531066 -1 -0.637003 -1 0.0311885 -1 0.340788 0.433443 -0.574604 -0.680269 -0.681581 -1 -1 0.0424178 -1 -1 1 -1 -0.708247 -1 0.0993013 -1 -0.731506 0.303183 0.533571 -0.667092 0.0545725 0.0609655 -0.974851 -0.433143 -1 -1 -1 -1 -1 0.393769 -0.151627 -0.712864 -1 -0.435508 -0.238061 -0.393265 -1 -0.999484 -0.94686 -1 -1 -1 -1 -1 0.445472 -0.517359 0.655828 -0.594998 -0.833275 -0.445282 -0.993935 -0.0846878 -1 -0.719776 -0.178156 -1 -1 -0.630731 -1 -1 -0.206845 -0.581171 -0.55824 -0.00268567 -0.76709 1 -1 -0.468045 0.382722 -1 -0.620162 0.0523841 0.732298 -0.418424 -0.930705 
0.379056 0.235968 -0.110048 -0.654305 -1 0.347013 -0.264866 -1 -0.602514 -0.490497 -0.974203 -0.95028 -0.902948 -1 -0.242061 -1 -1 -0.909669 -0.990173 -1 0.770671 0.0949488 -0.797655 -0.232443 -1 -0.109842 -1 -1 -1 -1 -1 -1 -1 -1 -1 -0.894517 -1 -0.0696203 -1 -1 -0.594449 -1 -0.782827 -1 0.402806 -0.629525 -0.641259 -1 -0.879648 -1 -1 -0.736464 -1 -0.683224 -0.875981 -1 -0.94854 -1 -0.832465 -0.969912 -1 -1 0.380645 -0.659077 -0.992867 0.703407 -0.0764135 -0.670881 -1 -0.505993 -1 -0.776804 -1 0.339463 -0.899901 -0.313392 -1 -1 -1 -1 -1 -1 -0.930912 -0.603622 -1 -0.775105 -0.374767 -0.991892 -0.60329 -0.375471 0.0358405 -0.825047 -1 -0.383003 -1 -1 -1 -1 -1 0.119311 -1 -1 -0.178008 -1 -1 -1 -0.565103 -0.274783 0.337201 -0.570284 -1 -1 -1 -1 0.692066 1 -1 0.324187 -0.629014 -0.0182076 -1 -0.477897 1 -1 0.780129 -0.16829 -1 -1 -1 -0.761325 -0.583016 -0.331098 -0.656418 -0.453954 -0.633472 -0.267332 -0.657627 -0.787964 
0.126191 -1 -1 0.746476 0.404511 -1 -0.39668 -1 -0.902671 -1 0.499769 -0.840913 -1 -1 -1 -1 -0.19475 -0.771385 -1 -0.852063 -0.0255944 -0.152971 -0.320181 -1 -0.491357 -1 0.141331 -1 -0.944534 -1 -1 0.948293 -1 0.805098 0.198112 -1 -0.773529 -1 -1 0.391793 -0.942974 -0.889587 -1 -0.253573 0.162852 -0.530976 -1 0.245842 0.261064 -1 -0.213255 -1 -1 -0.344268 -1 0.42789 -0.739734 -1 -1 -0.108008 -0.999787 -0.139518 -1 0.391116 0.32593 -1 -1 -0.945698 -1 -1 -1 0.679863 -0.79252 -0.578622 -1 -0.744439 -1 -1 -0.9309 -0.897016 0.532261 0.425532 -0.223627 -1 -0.563319 -1 -0.342684 -1 -1 -0.789624 -0.990508 -1 0.568336 -0.603213 -1 -1 -0.537495 -0.238061 -0.420893 -0.948019 -0.836131 -0.668316 -1 -1 -0.775168 -1 -0.654074 -1 0.943787 0.948133 -1 -1 1 -0.993935 -1 -1 -1 -0.22652 -0.354542 -1 -0.630731 -1 -0.294948 -0.116176 -1 -0.08307 -1 -0.674533 1 -1 -0.90372 0.773221 -1 -0.844315 0.639308 -0.121761 -0.461159 -1 
0.661674 -1 -0.435903 0.704852 1 -0.167484 -0.477367 0.0677744 -0.220679 -0.580947 0.336205 -0.469882 -1 -1 0.00370646 -0.0208852 0.647977 -1 0.392287 -0.457552 -0.0255944 0.606194 0.232509 -0.730534 0.201532 -0.946593 -0.45004 -0.0872565 -1 -0.625301 -1 0.697782 -1 -0.159709 -0.665875 -0.698499 -0.917971 -0.673442 -0.628734 -0.235772 -1 -1 -1 -0.783349 -1 0.130482 -0.740762 0.78515 0.597873 -0.0325985 -1 -1 -1 0.00952661 -0.587097 -0.223411 -0.853366 -1 -1 0.0554717 -0.763368 -1 0.267088 -0.377332 0.550723 -1 -0.478375 -0.781223 -1 -1 0.0437497 -0.239988 -1 0.87493 -0.643401 -0.744439 -1 -0.662409 -1 -0.94052 0.689338 0.901118 -0.259625 -1 0.213355 -0.974851 0.358816 -0.686378 -1 -0.948979 -0.895482 -1 0.035576 -0.886361 0.246654 -1 -1 -0.431956 -1 0.00842047 -0.625045 -1 -1 -0.959158 -0.957998 -0.732902 -0.608889 0.445472 0.4195 0.813973 -0.851114 -0.807995 -1 -1 -0.215396 -1 -1 -0.907299 -0.806147 -0.268294 -0.904234 -0.658759 -0.455594 0.186142 0.0361471 -0.533323 0.200238 -0.955374 0.179671 -0.339233 0.252674 0.773221 -0.579216 -1 0.439368 0.999561 -0.796582 -1 
0.379056 0.068216 -0.110048 -0.963023 -1 0.347013 -0.264866 -1 -0.602514 -0.490497 -1 -0.95028 -1 -0.852277 -0.472733 -0.813035 -1 -0.909669 -1 -1 1 0.613797 -0.797655 -0.276386 -1 -0.508869 -1 -0.781896 -1 -0.717585 -1 -1 -1 -0.867909 -1 -0.894517 -1 -0.0696203 -1 -1 -0.00554663 -1 -0.463842 -0.244884 0.0550952 0.126039 -0.641259 -1 -0.721383 -1 -1 -0.736464 -1 -0.683224 -0.875981 -1 -1 -1 -0.832465 -0.969912 -1 -1 0.380645 -1 -0.992867 0.0577662 -0.816685 -0.758596 -1 -0.505993 -0.831934 -1 -0.677984 0.339463 -1 -0.313392 -1 -1 -1 -0.870793 -1 -0.640226 -0.930912 -0.603622 -1 -0.898884 -0.374767 -0.991892 -1 -0.375471 0.0358405 -0.825047 -1 -0.579632 -1 -1 -1 -1 -1 0.119311 -1 -1 -0.192918 -1 -1 -1 -0.590463 -1 0.337201 -0.251026 -1 -0.840761 -0.319562 -0.392236 1 0.96723 -1 0.126317 -0.916756 -0.0182076 -1 -0.477897 1 -1 0.623493 -0.16829 -1 -1 -0.914242 -0.994846 -0.979255 -0.331098 -0.657624 -0.657127 -0.799203 -0.267332 -1 -1 
0.661674 -0.179828 -0.25643 0.537971 1 -0.997492 -0.753935 0.0677744 -1 -0.555926 -0.218628 -0.808962 -0.912158 -1 0.25992 -0.948656 -0.544962 -0.442708 0.596542 -0.457552 -0.415533 0.231323 -0.514862 -1 -0.0333762 -0.283887 -0.45004 -1 -0.809885 -1 -0.986855 0.0977492 -1 -0.490156 -0.00163397 -0.249643 -0.19827 -0.362497 -1 -0.433996 0.00196715 -1 -1 -1 -0.507445 0.101318 -1 0.255035 0.597873 0.171125 -0.577207 -1 -1 -0.917147 -0.630261 -0.899133 -0.639327 -0.429383 -1 -0.58933 -0.714055 -1 -1 -0.443031 0.455766 -0.659422 -1 -0.781223 -1 -0.570972 0.0437497 0.5205 -1 0.512203 -0.463314 -0.962496 -1 0.348778 -1 -1 0.689338 1 -0.259625 -1 -1 -1 -1 -0.600377 -1 -0.828084 -0.970888 -0.656035 0.51262 -0.637062 -0.949625 -1 -0.841548 0.0284041 -1 0.279113 -1 -0.210984 -1 -0.40689 -0.670095 -0.914356 -0.771525 -1 0.598444 -0.0450642 -1 -0.807995 -1 -0.963207 -1 -0.737393 -0.677178 -0.372205 -0.771466 -0.485567 -1 -0.930047 -0.807957 -1 -0.655023 0.0744257 0.433795 -1 0.841213 -0.681476 -0.0391358 1 -0.740893 -1 -0.39031 0.732298 -0.0656093 -1 
-0.517895 -0.0915014 -0.25643 0.836189 0.547941 -0.0376713 -0.746211 -0.745311 -1 -0.650184 0.065661 -0.848352 -1 -1 0.25992 -0.206294 0.410872 0.703332 0.415592 -1 0.0342197 -0.0117956 0.232509 -0.76224 0.458745 -0.570445 -0.45004 -0.417873 -1 -1 -1 0.483149 -1 0.461516 -0.218627 -0.249643 -0.19827 -0.382661 -0.628734 0.108565 0.534082 -0.647662 -0.938523 -0.109973 -0.0184389 0.302574 -0.740762 1 0.597873 0.171125 -1 -1 -1 0.0359283 -0.851128 0.998083 -0.639327 -1 -1 -0.207471 -0.957391 -0.774003 -0.573343 0.511248 0.460495 -1 -1 -0.965964 -0.726271 -1 0.0437497 0.46495 -0.658671 0.849542 -0.614085 -0.873383 -1 -0.8398 -0.9309 -1 1 -0.37995 -0.41758 0.254968 0.0938389 -0.974851 -0.291858 -1 -1 -1 -0.245725 -0.783336 0.107941 -1 -1 -1 -1 -0.431956 -1 -1 -1 -0.210984 -1 -1 -0.775168 -1 -1 -1 0.318859 0.896911 -0.925676 -1 -1 -1 -0.544359 -1 -1 -0.0173723 -1 -1 -0.790423 -1 -1 -0.99369 -0.492089 0.939949 -0.769911 -1 1 -1 0.184422 0.113217 -0.740893 -0.267524 0.871424 0.517764 -0.427316 -1 
0.914075 -0.0541666 -0.586704 0.84206 0.556442 -1 -0.217318 0.133433 -1 -0.421057 0.499769 -0.947959 -1 -1 0.25992 -0.0208852 0.319225 -0.134883 0.514171 -0.847547 -0.388543 0.449867 -0.711063 -0.682991 -0.561625 -0.283887 -0.45004 -1 -1 -1 -1 0.490662 -0.969958 -0.847903 -0.4246 -1 -0.19827 -1 -0.628734 -0.904128 0.252334 -1 -1 -0.0350838 0.172195 0.124362 -0.955871 -1 -0.0360316 0.164856 -1 -1 -1 0.00952661 -0.933246 0.451451 -0.919579 -0.0100944 -0.678765 -0.399299 -0.459746 -0.457951 -0.233174 0.511248 0.666687 -1 -0.437112 -1 -0.726271 -1 -0.00689915 0.5205 -1 -0.127853 -1 -0.744439 -0.911807 0.348778 -1 -1 0.689338 1 -0.17995 -0.731031 -0.751983 -1 -1 -0.366763 -1 -1 -1 -1 0.00802326 -0.618575 -0.203197 -1 -0.872911 -1 -1 -0.879417 -1 -0.864688 -0.739745 -0.260459 -0.717404 -1 -1 0.445472 0.799858 -0.699631 -0.851114 -0.671438 -0.197495 -1 -0.0846878 -0.848329 -0.949816 -0.764384 -1 -0.505609 -1 -1 -0.812031 -0.138433 -0.773181 0.975754 0.656633 -1 -0.763807 -0.305476 -0.0269242 0.773221 -1 0.087078 0.639308 0.470438 -0.0656093 -0.712136 
0.313618 -0.388821 -0.395536 1 0.961785 -0.167484 -0.217318 0.144002 -0.237041 -1 0.561043 -0.698271 -0.776332 -0.918075 0.25992 -0.349013 0.209435 0.0652459 0.139815 -0.541408 0.0834512 -0.151917 0.329626 -0.808879 0.817175 -0.283887 -0.991511 -0.433904 -0.917686 -0.820619 -0.563323 0.846879 -0.842824 -0.599177 0.467357 -0.417292 0.311013 -0.497562 0.0372523 0.602231 0.244278 -0.610923 -1 -0.38996 0.185793 0.593223 -0.955871 0.709533 0.62709 0.494909 -0.218976 -1 -1 -0.101272 -1 0.998083 -0.349721 -0.583622 -0.937879 -1 -0.762388 -0.300404 -0.822255 0.511248 0.171154 -0.659422 -0.714883 -0.845178 -1 -0.454845 0.213436 0.615604 -0.79252 0.67783 -0.929477 -0.878277 -0.874018 0.711301 -1 -0.398691 0.480516 0.901118 -0.596766 -0.717624 0.0938389 -1 -0.409878 -0.73496 -1 -1 0.938807 -0.953653 0.236519 0.18197 0.246654 0.625502 -0.918036 -0.431956 -0.54144 -0.716913 -1 -0.210984 -1 -0.886968 -0.65718 -0.446667 -1 0.074812 0.631081 0.897903 -0.319315 -0.807995 1 -1 -0.0846878 -0.812377 -0.364417 -0.0867573 -1 -0.201252 -0.76317 -1 -1 0.289895 -1 -0.246395 0.460359 -1 0.25781 -1 -0.130036 0.317944 -0.91994 0.087078 0.627552 0.732298 0.0901286 -1 
0.313618 -0.388821 -0.395536 1 -0.107651 -0.44353 -0.217318 0.144002 -0.739406 -1 0.499769 -0.698271 -0.722543 -1 0.25992 -0.349013 0.207291 0.0652459 0.155814 -0.066339 0.00653616 -0.151917 0.329626 -0.884079 0.817175 -0.283887 -1 -0.870943 -1 -1 -0.783837 0.846879 -1 -0.613839 0.467357 -0.102404 0.311013 -1 -0.486259 0.602231 0.244278 -0.610923 -1 -0.38996 0.0355629 0.593223 -1 0.709533 -0.476592 -0.300818 -0.218976 -1 -1 -0.550721 -1 1 -0.349721 -0.583622 -0.937879 -1 -1 -0.184889 -0.822255 -0.364635 0.171154 -0.733302 -0.714883 -0.845178 -1 -0.518773 0.213436 0.53559 -0.833943 0.371645 -1 -0.744439 -1 0.711301 -1 -0.60673 0.480516 0.902587 -0.587826 -0.717624 -0.292113 -1 -0.409878 -1 -1 -1 0.964856 -0.953653 -0.230236 -0.29146 0.246654 0.842625 -0.313042 -1 -0.54144 -0.716913 -1 -0.618517 -1 -0.828402 -0.65718 -0.446667 -1 -0.0209297 0.625967 1 -0.319315 -0.807995 0.707369 -1 -0.0846878 -0.812377 -0.364417 -0.549601 -1 -1 -1 -1 -1 0.289895 -1 -0.246395 0.370086 -0.885615 -0.0588084 -1 0.371117 0.317944 -1 0.429632 0.404394 0.732298 0.0901286 -0.828772 
-0.425531 -0.0541666 -0.0350732 1 -0.15832 -0.167484 -0.0953496 0.132083 -0.123042 -1 0.726575 -1 -0.914819 -1 -1 0.00221702 0.432835 -0.956845 0.214426 -1 -0.990844 -0.486912 -0.209017 -0.604371 0.384585 -1 -0.45004 -0.745048 -1 -1 -0.627685 1 -1 0.643576 -0.563928 -1 -0.19827 -0.497562 -1 -1 -0.00828305 -1 -1 -1 -1 0.185247 -1 1 -0.113024 -0.486576 -1 -1 -1 0.00952661 -0.587097 0.998083 -1 -0.134219 -1 -0.605798 -0.60574 -1 -1 0.511248 -0.109185 -0.659422 -0.428231 -0.781223 -0.596117 -1 -0.11967 0.579848 -1 0.716951 -0.436373 -1 -1 0.348778 -1 -1 0.689338 0.323858 -0.259625 -0.206111 0.567684 -0.974851 -0.68804 -1 -1 -1 0.572856 -1 -0.221175 -0.377202 -0.0646184 -1 -1 -0.405619 -1 0.259524 -1 -1 -1 -0.374849 -0.600246 -1 -0.608889 0.445472 0.730937 0.13263 -1 -1 -1 -1 -0.139522 -0.806278 -1 0.0121117 -1 -0.505609 -0.790423 -1 -0.999209 -0.194397 -1 1 -0.245431 -1 0.417712 -1 -0.55066 0.773221 -1 -0.585439 -0.426749 0.680594 -0.736599 -1 
-0.049641 -0.0989927 -1 -0.609449 -1 -1 -1 -1 0.698027 -1 -1 -0.00884125 0.107319 -1 -1 -1 -1 -1 0.433792 -1 -0.974612 -0.528847 0.403488 1 -1 -1 -0.465739 -1 -1 -1 -0.956568 -1 -1 -0.994485 -0.827067 -1 -0.869759 -1 -0.500331 -1 -1 -1 -0.11924 -1 1 -1 -1 -0.420103 -0.815886 -1 -1 -1 -0.712713 -0.888881 -0.202015 -1 -1 -0.732582 -0.96719 -0.817306 -1 -1 -0.75942 -1 -1 -0.262813 -1 -1 -0.796721 0.298156 -1 -1 -1 -1 -0.888525 -0.492689 -1 -1 -0.899358 -1 -1 -0.227624 -1 -1 -1 -0.937528 -0.718077 -1 -1 -0.838486 -1 -0.643347 -1 -0.038717 -1 -0.0824618 -1 -0.776569 -0.985571 -1 -1 -0.900079 -0.542791 -0.773563 -1 -1 -1 -1 -0.583139 -0.766799 -1 -0.358515 0.249948 0.984448 -0.40749 -1 -1 0.101556 -1 0.298218 -1 -1 -1 -0.0121546 -0.991237 -1 -1 -0.0272274 -1 -1 1 -0.985788 0.842907 -1 -0.895443 -0.0677559 -1 -1 
0.185596 0.311204 0.362304 -1 -0.682738 0.807584 -0.231089 -0.347592 -0.139299 -0.218737 -0.349149 0.882873 0.239468 -0.0140981 -0.93591 -0.548022 -0.052842 0.354486 -0.137957 -0.146251 -0.343246 0.532363 -0.621888 -0.712367 -0.52112 0.703615 0.532892 -0.793603 0.310244 -0.364838 0.232087 0.158914 0.00209498 0.144831 1 -0.902911 0.0133711 0.735661 0.312392 0.878637 -0.15332 0.706705 0.189688 0.386045 0.585444 -0.592888 0.26477 0.854897 -0.215599 0.569061 0.563186 -0.11873 0.264467 0.143257 -0.0424538 -0.137217 -0.21795 0.391994 0.730089 -0.326275 -0.351827 -0.505817 0.531116 -0.675058 0.750627 0.98278 -0.211776 -0.993316 -0.688724 0.723368 0.98066 0.90869 0.80716 0.278927 0.342142 -0.830917 0.423995 -0.295524 -0.577875 -0.511128 -0.666888 -0.586467 -0.834139 0.181166 0.49876 0.850239 -0.0629244 0.771937 0.787367 0.773557 -0.644618 -0.152434 -0.0609098 0.748514 0.228103 -0.130068 0.399126 0.247289 -0.240241 0.215371 -0.088861 -0.477436 -1 -0.801874 0.508253 0.542726 -0.602829 0.828936 0.77435 0.730242 -0.766868 0.724863 0.953077 0.832329 0.43773 -0.476838 0.546424 -0.799918 -0.909214 -0.435391 -0.102989 0.780539 0.286538 0.114305 0.794171 -0.866682 0.749815 0.00403559 -0.797399 0.0377275 0.538789 0.563041 -0.0998686 0.620173 -0.168519 0.695429 -0.619116 -0.247712 
-1 -1 -0.164556 -0.903672 -0.301278 0.579782 -0.916898 -1 0.0758161 -1 -0.299782 -0.0581679 -0.247509 -1 -1 0.0164109 -0.749581 0.831276 -0.261615 -0.219815 -0.798561 -0.569107 -0.0544851 -0.764628 -0.802944 -1 -0.440605 -0.655662 -0.152362 -0.644042 -1 -0.663721 -1 -0.661858 -0.145545 -0.915787 0.694323 0.680704 0.269971 -1 -1 0.404313 -1 -0.912856 -0.350388 0.799913 0.322928 -0.82606 -0.892942 -0.433679 -1 -0.0430738 0.408111 -0.16667 -0.61041 -1 -0.170899 -1 -1 -0.940722 -0.955173 -0.940958 -0.724742 0.273906 -0.425508 0.0523632 -1 -1 -0.0300263 -1 -0.095336 0.706073 -0.847734 -0.406391 0.105306 0.629398 -1 -1 -1 -1 0.0562749 -1 -1 -1 -0.805133 -0.835488 -0.978006 -1 0.0731077 -0.981715 -1 -0.793998 -1 0.0234709 -0.357576 -0.931997 -0.841879 -1 -1 -0.811637 -1 -1 -0.854934 -1 -1 0.352546 -1 -1 -1 -1 0.753587 -1 0.148015 0.716345 -1 -1 -1 -0.93956 0.576404 0.0358436 -0.421153 0.335093 -1 -1 -1 -1 -0.4217 -0.473131 -1 -1 -1 -1 -0.0283524 0.780099 0.0472443 0.469409 -1 -0.227014 
-0.829214 -0.814809 -1 -1 0.00446311 -1 -1 -1 -0.609791 -1 -1 -0.621453 -1 -1 -1 0.079282 -0.548709 1 -0.575772 -1 -1 1 0.450462 -1 -1 -0.994881 -0.524556 -1 -1 -0.587676 -0.203447 -1 -1 -1 -0.145831 -0.834284 -0.646679 0.498619 0.106325 -1 -0.944461 0.273696 -1 -0.81783 -0.728575 -0.828638 -0.745674 -1 -1 -0.872929 -0.369621 -0.636819 -1 -1 -1 -0.322032 -0.838963 -1 0.0666295 -0.727723 -0.318343 -0.961656 -0.727735 -0.83403 -1 0.0523632 -1 -1 0.451624 -1 -0.481683 -1 -1 -1 -0.248661 -1 -1 -1 -0.433831 0.0460016 0.00197816 -1 -0.713428 -1 -1 -0.366055 -0.450114 -1 -0.604097 0.281032 -0.938548 -1 -1 -1 -0.252327 -0.535625 -1 -1 -1 0.821606 -1 -1 -1 -1 -0.810971 -0.322462 -0.775822 -0.934484 -0.805101 -1 0.230202 -1 -0.0357778 0.77151 -0.871595 -0.934134 -1 -0.629417 -1 -0.368603 -0.8373 0.418919 -1 -0.451514 -1 -1 -1 -1 -1 -1 -1 -1 -1 0.780099 0.431001 0.780388 0.354823 -1 
-0.280058 -1 -1 -1 0.33995 -0.304034 -0.0895977 -0.878209 -0.458186 -0.555926 0.0755787 -1 -1 -0.751925 -0.225445 -0.0208852 0.319225 0.279285 0.514171 -0.610505 0.34457 0.606194 -0.692455 -1 0.283472 -0.882198 -0.249287 -0.935826 -0.809885 -1 -0.788723 0.907646 -1 -0.319328 -0.00163397 -1 -0.122031 -0.409709 -0.628734 -1 0.569932 -0.982072 -1 -0.38996 -0.48003 -0.626842 -1 -0.0637177 0.597873 -0.862306 -1 -0.898732 -1 0.00952661 -1 1 -0.639327 -0.0144899 -0.734307 -0.172136 -0.742455 -1 -0.63872 0.511248 0.172449 -1 -0.428231 -1 -1 -0.620048 -0.211028 0.566312 -1 0.87493 -0.927677 -0.744439 -1 0.348778 -1 -1 0.248807 0.652326 -0.857703 -0.656571 0.0938389 -1 0.0305618 -0.948974 -1 -1 -1 -1 0.0199997 -1 0.246654 -1 -1 -0.431956 -1 -0.920571 -0.717798 -0.0861448 -1 -0.40689 -1 -0.769571 -1 0.803557 0.403665 0.167628 -1 -0.495422 -1 -0.963207 0.0443418 -1 -0.431244 -0.861832 -1 -1 -1 -1 -1 0.289895 -1 0.190252 -0.524143 -0.62315 0.395253 -1 0.316369 0.773221 -0.740893 -0.204027 0.469292 0.23955 -1 -1 
0.661674 -0.476864 -1 -0.186898 0.637926 -0.194412 -0.0403515 -0.284443 -0.524939 -1 -1 -0.840913 -1 -1 -1 -0.322122 -0.408088 -1 0.514171 -1 -0.535814 -0.828439 -1 -1 -1 -0.515181 0.707276 -0.913781 -1 -1 -0.849918 -0.704373 -1 0.972421 0.316222 -1 -0.773529 -1 -0.94773 0.974072 0.778859 -1 -1 -0.687005 -0.056871 0.375832 -1 0.994934 -0.269822 0.733202 -0.505456 -1 -1 0.00952661 -0.820087 -0.316179 0.0238164 -0.349452 -0.960946 -0.0207117 -1 -0.891399 -1 0.340788 -1 -0.659422 -0.742716 -1 -1 -1 -0.612729 0.53559 -0.79252 0.0895121 -1 -1 -1 -0.167002 -0.9309 -1 0.197489 0.999736 -1 -0.764545 0.0609655 -1 -0.433143 -0.729853 -1 -0.953595 -0.794948 -1 0.393769 0.306383 -0.712864 -0.0225978 -0.576073 -0.238061 -0.393265 -0.26993 -0.656773 -1 -0.795602 -1 -1 -0.627989 -0.941786 0.483597 0.631081 0.557046 -0.146842 -1 -1 -1 -0.0846878 -0.853722 -0.642156 -0.410519 -1 -1 -0.630731 -1 -1 -0.232308 -0.381858 -0.303163 -0.953255 -1 0.909436 -1 -0.051355 0.49944 -1 -0.620162 -0.494113 0.732298 -0.196472 -0.876043 
-1 -0.743019 -1 -1 -1 1 -1 -0.705331 -0.580369 -0.806362 -0.778381 -0.805868 -1 -1 -1 -0.656076 -1 1 0.434567 -0.468408 -1 0.883309 -1 -0.489872 -1 -1 -1 -1 -1 -0.939332 -1 -1 -0.755266 -1 0.0905788 -0.668916 -0.404603 -0.210594 0.0600044 -1 -1 -1 0.970939 -0.678557 -1 -1 -0.897658 -1 -0.878427 -1 -0.958551 -1 -0.925582 -0.736519 -0.47476 -1 -1 -0.954726 -1 -1 -1 -1 -1 -1 -1 -0.910769 -1 0.813688 -0.0464616 -1 -0.898627 -0.795879 -1 -0.761681 -0.953326 0.0981899 -1 -1 -1 0.194596 -1 -1 0.588057 -1 -1 -0.710415 -1 -0.894456 -1 -1 -0.99011 -1 -0.601501 -1 -1 -1 -0.598263 -1 -0.898598 -0.604958 -1 -1 -0.950406 -1 -1 1 -1 -1 -1 0.0640763 -0.328514 -1 -0.681032 0.949875 -1 -1 -0.685256 -1 0.57918 -0.9493 0.44365 0.621609 -1 -1 -0.823227 -1 -1 1 -1 -1 -1 -1 0.287462 0.457465 -1 -0.948481 -0.721246 -1 
0.313618 -0.72077 -0.395536 0.592569 -0.107651 -0.167484 -0.217318 -0.734602 -0.237041 -1 0.665325 -0.698271 -0.722543 -1 0.25992 -0.83059 0.207291 -0.694313 -0.125453 0.0787886 -0.139241 -0.151917 0.329626 -1 0.817175 -0.283887 -0.991511 -0.870943 -0.917686 -1 -0.867529 0.846879 -1 -1 0.427414 -0.102404 0.311013 -1 -0.396276 0.15138 0.244278 -0.610923 -1 -0.38996 0.0355629 0.593223 -0.635532 0.972769 0.62709 -0.00415638 -0.218976 -1 -1 -0.550721 -0.686506 0.658518 -0.605608 -1 -1 -1 -0.762388 -0.300404 -0.822255 0.511248 0.171154 -1 -1 -0.845178 -1 -0.518773 0.196026 0.585248 -0.833943 0.716283 -1 -0.626781 -1 0.711301 -1 -1 0.480516 -0.642333 -0.742713 -0.717624 0.0938389 -0.951347 -0.409878 -0.825061 -0.909174 -1 0.938807 -0.953653 0.236519 -0.29146 0.246654 0.625502 -1 -0.615384 -0.54144 -0.716913 -0.996534 -1 -1 -0.483753 -0.65718 -0.446667 -1 -0.0209297 -0.480553 1 -0.319315 -0.727361 0.889639 -1 -1 -0.812377 -0.364417 -0.965392 -0.869685 -0.636588 -1 -1 -0.781543 0.289895 -0.663487 -0.599655 0.741971 -0.885615 -0.0820702 -0.674677 0.371117 -0.705412 -0.91994 0.429632 0.627552 0.732298 0.0901286 -0.828772 
-0.650615 -0.0541666 -0.370385 0.84206 1 -0.315228 -0.217318 0.0677744 -1 -1 0.499769 -0.808962 -1 -1 0.185926 -0.405874 0.319225 0.141883 0.514171 -0.457552 0.0398411 0.606194 -0.112536 -1 0.323068 -0.247567 -0.45004 -0.326407 -0.669664 -1 -0.646634 0.514817 -1 -0.0737002 -0.00163397 -0.706586 -0.352914 -0.497562 -0.628734 -0.256744 -0.784001 -1 -1 -0.38996 -0.0184389 0.129227 -1 1 0.527375 0.154163 -0.927291 -1 -1 0.00952661 -0.523823 0.0927954 -0.639327 -0.310041 -1 -0.492558 -0.459746 -0.774003 -0.446894 0.0308434 0.550723 -0.659422 -0.428231 -1 -0.617796 -1 0.0437497 0.5205 -1 0.87493 -0.75006 -0.744439 -1 -0.01526 -0.9309 -1 0.689338 0.901118 -1 0.254968 0.0938389 -0.974851 -0.395436 -0.652619 -1 -0.68253 0.196635 -1 0.393769 -0.618575 -0.179285 -1 -1 -1 -1 0.597771 -1 -0.210984 -1 -0.40689 -0.623187 -1 -0.608889 0.429137 0.475889 0.760921 -0.851114 -0.807995 -1 -0.932996 -0.139522 -1 -1 -0.180009 -1 -0.505609 -1 -1 -0.555365 -0.117537 -0.845395 0.939949 0.656633 -1 0.0119649 -0.33608 0.316369 0.773221 -1 0.0996701 0.487981 0.732298 -1 -1 
-0.416534 -0.0915014 -0.95341 0.0775103 0.427722 -0.0376713 -1 -0.303689 -1 -0.887509 0.347042 -0.808962 -1 -0.84664 0.0825763 -1 0.0730709 0.465511 0.439509 -0.833017 -0.451798 0.563996 -1 -0.76224 -0.972818 -0.0101763 -1 -0.417873 -1 -1 -1 1 -1 0.461516 -1 -0.249643 -0.942809 -0.363107 -1 0.262355 0.232236 -0.982072 -0.705135 -0.38996 -0.68245 -0.173695 -0.740762 0.983083 0.597873 -0.331891 -1 -1 -1 -0.557686 -0.961286 -0.504599 -0.639327 -0.847293 -1 -1 -1 -1 -1 -0.253883 0.851022 -0.659422 -1 -1 -0.905611 -1 0.31924 -0.45384 -0.658671 0.306405 -0.691817 -0.744439 -1 -0.640301 -1 -1 0.320598 -0.0734607 -0.259625 0.596068 0.270364 -0.659321 -0.291858 -1 -1 -1 -0.245725 -0.755574 0.680045 -0.444565 -1 -1 -1 -0.113271 -1 -1 -1 -1 -1 -1 -0.700951 -1 -1 -1 0.318859 0.396139 -0.981984 -0.807995 -1 -1 -1 -1 -1 -0.180009 -1 -0.33382 -0.485825 -0.805358 -1 -0.370132 -0.811065 0.602158 -1 -1 1 -0.773166 0.184422 0.113217 -0.740893 -0.743346 0.00969625 0.517764 -0.427316 -1 
-0.425531 -0.0541666 -0.25643 0.944662 -0.15832 -0.565913 -0.217318 0.132083 -0.123042 -0.917056 0.726575 -1 -0.914819 -1 -1 -0.0208852 0.319225 -0.14203 0.537104 -1 -0.0255944 -0.196624 -0.209017 -1 0.464027 -0.283887 -0.45004 -0.745048 -1 -1 -0.989054 0.860294 -1 0.659858 -0.547056 -1 -0.19827 -0.497562 -0.628734 -1 -0.00828305 -0.982072 -1 -0.38996 -1 0.101318 -1 1 0.597873 0.171125 -0.577207 -1 -1 0.00952661 -0.587097 0.998083 -0.804506 -0.0100944 -1 -0.172136 -0.451804 -1 -1 0.511248 -0.109185 -0.659422 -0.922252 -0.781223 -0.479623 -1 0.0437497 0.5205 -1 0.816053 -0.44445 -1 -1 0.348778 -1 -1 0.721945 0.323858 -0.259625 -0.206111 0.330835 -1 0.0305618 -0.871534 -1 -0.948979 0.196635 -1 -0.150988 -0.618575 0.29022 -1 -1 -0.431956 -0.675956 -0.273316 -0.625045 -0.606202 -1 -1 -1 -0.929109 -1 0.445472 0.631081 1 -1 -1 -1 -1 -0.139522 -1 -1 -0.180009 -1 -0.505609 -0.790423 -1 -0.56133 -0.194397 -0.452963 1 0.656633 -0.737461 1 -0.645796 -0.55066 0.773221 -0.740893 -0.204027 0.608538 0.680594 -0.736599 -1 
0.359485 -0.221835 -0.459984 0.805603 1 -0.167484 -0.762423 -0.167463 0.461748 -1 -0.432795 -0.836865 -1 -1 0.4584 0.260449 0.319225 -0.115299 0.514171 -1 -0.0255944 -0.231937 -1 -0.76224 0.0448192 -1 -0.45004 -0.495423 -0.917686 -1 -1 -0.33355 -0.991306 0.659858 -0.975394 0.0284305 -0.000668913 -0.497562 -1 -0.7648 -0.100834 -0.982072 -1 -0.38996 0.168555 -0.323203 -1 0.600565 0.320147 0.349261 -0.668467 -1 -1 0.00952661 -1 0.998083 -1 -0.0100944 -1 -0.67055 -0.216596 -0.915613 -1 0.511248 -0.202901 -0.659422 -0.718351 -1 -1 -1 -1 0.227558 -1 0.166246 -1 -1 -1 -0.948792 -1 -1 0.689338 0.12002 -0.579965 -0.445905 0.0938389 -1 -0.317052 -1 -1 -0.953595 -0.368179 -1 0.393769 -0.915323 0.592595 -1 -1 -1 -0.967443 -1 -0.625045 -1 -0.687197 -1 -0.901841 -1 -0.608889 0.477155 0.655389 1 -1 -1 -0.197495 -0.975411 -0.823166 -1 -1 -0.180009 -0.971029 -1 -0.790423 -1 -0.458226 -0.110162 -0.831717 0.0968417 -0.180289 -0.872983 0.332018 -0.397854 -0.155086 0.773221 -1 0.087078 0.639148 0.732298 -0.308761 -0.870574 
-0.377365 -0.0498529 -1 -0.797642 -1 0.156276 -0.652259 -1 -0.630547 -0.471067 -1 -1 -1 0.31957 -1 -0.907936 -0.854429 -0.419745 -1 -1 0.884314 -0.828079 -1 0.599389 -1 -1 -1 -0.432593 -0.197203 -0.904094 0.156033 -0.858143 -1 -0.616692 -0.836225 -1 -1 -0.880417 -1 -0.99226 -0.813071 -1 -1 -0.595606 0.342514 -1 -1 -0.982016 -0.892657 -1 -0.96736 -1 -1 -0.344865 -0.994719 -1 -1 -0.321051 -0.886439 -0.951994 -1 -1 0.635614 -0.0147443 -1 -1 0.833182 -1 -1 -0.464106 -0.923316 -0.750172 -1 -1 -1 -0.0979583 -1 -1 -0.821598 -1 -1 0.867464 -0.829393 -1 0.250509 -1 -0.627076 -0.851523 -0.412257 -1 -0.0666014 -1 -0.370772 -1 -0.871974 -1 0.422379 0.0017955 -0.842872 -0.0266527 -0.539733 -1 -0.33943 -0.535118 -1 -1 -0.0659226 -0.868208 0.230035 -0.883753 -0.863615 -0.3265 -0.210263 -0.187831 0.675568 0.878103 -0.908999 -0.24665 -1 0.378614 -1 -1 -0.72612 -1 0.882316 -0.279483 -0.919331 -0.955806 -1 -0.656767 -1 -0.579042 -0.330592 -0.337985 -1 -0.213122 -1 -1 
0.661674 -0.0541666 -0.25643 0.652462 -1 -0.332889 -0.217318 0.0677744 -0.890219 -1 0.726575 -1 -1 -1 -0.0883063 -0.0208852 -0.328259 0.230896 0.712963 -0.238323 -0.45539 -0.0539153 -0.0529149 -1 0.464027 -0.861992 -0.403927 -0.69131 -0.809885 -1 -0.828255 0.860294 -1 0.921773 0.111171 -1 -0.19827 -0.311186 -0.628734 -0.302928 0.125339 -0.654145 -1 -0.38996 -1 0.101318 -1 0.30222 0.468975 0.171125 -0.577207 -1 -1 -0.610631 -0.587097 0.998083 -0.639327 -0.0100944 -1 -0.241768 -0.459746 -1 -1 0.511248 -0.109185 -1 -0.428231 -0.781223 -0.674741 -1 -0.24034 0.135875 -1 0.87493 -0.614085 -1 -1 0.444859 -0.9309 -0.945528 0.300367 0.901118 -1 0.254968 -0.227304 -0.974851 0.0305618 -1 -1 -1 0.196635 -1 0.393769 -0.882928 -0.146661 -1 -0.969651 -0.431956 -0.675956 0.513447 -0.625045 -0.671514 -1 -0.325267 -0.775168 -1 -0.673392 0.445472 0.98046 0.707396 -0.851114 -1 -0.632043 -1 -0.748109 -0.897426 -1 -0.464806 -1 -1 -0.790423 -0.726406 -0.56133 0.359505 0.0541681 0.167943 0.554662 -1 1 -0.643097 -0.0422728 0.835026 -0.740893 -0.498419 0.514856 0.732298 -0.0656093 -1 
-1 -0.743019 -1 -1 -1 1 -1 -0.864988 -1 -1 -1 -0.805868 -0.25166 -1 -1 -1 -1 1 0.434567 -1 -1 1 -0.650442 -0.281613 -1 -1 -0.776822 -0.87623 -1 -0.85819 -0.932634 -1 -0.957257 -1 0.071346 -1 0.321451 0.313964 -0.0649664 -0.951784 -1 -1 -0.0186573 -1 -1 -1 -1 -1 -1 -1 -1 -1 -0.810079 -1 -0.532477 -0.943706 -1 -0.954726 -0.711998 -1 -1 -1 -1 -0.816655 -1 -0.910769 -1 0.813688 -0.31616 -0.957864 -0.898627 -1 -1 -1 -1 0.0981899 -1 -0.917687 -1 0.194596 -1 -1 0.536731 -0.827854 -0.29125 -0.641044 -1 -0.827841 -1 -0.680423 -0.851372 -1 -0.304198 -1 -1 -1 -1 -1 -1 -1 -1 -1 -1 -1 -0.89839 1 -1 -1 -1 0.0640763 -0.196243 -1 -0.922875 0.881269 -0.728969 -1 -0.541809 -1 0.588693 -0.9493 0.669643 0.273448 -1 -1 -0.823227 -1 -1 0.82401 -1 -1 -1 -1 -0.0709915 1 -0.911121 -0.948481 -0.960418 -1 
-0.159469 -1 -1 0.746476 0.780138 -1 -0.520496 -0.737622 -0.902671 -1 0.499769 -0.840913 -1 -1 -1 -1 -0.19475 -0.771385 -0.731944 -1 -0.0255944 -0.152971 0.232509 -1 -0.491357 -1 0.141331 -1 -0.944534 -0.728444 -0.607419 0.948293 -1 0.326197 0.152818 -1 -0.773529 -1 -1 0.391793 -0.0298068 -1 -1 -0.111807 -0.056871 -0.530976 -1 0.355438 0.261064 -1 -0.213255 -1 -1 -0.344268 -1 0.42789 -1 -0.916233 -1 -0.108008 -0.999787 -0.139518 -1 0.623833 0.32593 -1 -1 -1 -1 -1 -1 0.679863 -0.973697 -0.578622 -0.858413 -0.73961 -1 -1 -0.9309 -0.897016 -0.511203 0.425532 -0.259625 -1 -0.563319 -1 -0.433143 -1 -1 -0.789624 -0.990508 -1 0.58181 -0.603213 -1 -0.393831 -0.838426 -0.238061 -0.458067 -0.948019 -0.836131 -0.668316 -1 -1 -0.775168 -0.931282 -0.608889 -1 0.90589 0.948133 -1 -1 1 -1 -1 -1 -1 0.169514 -0.740367 -1 -0.630731 -1 -0.294948 -0.239034 -1 -0.08307 -1 -0.907386 1 -1 -0.90372 0.773221 -1 -1 0.639308 0.00134647 -0.752902 -1 
0.0896952 -1 -0.578867 0.309757 -0.240593 -0.167484 -0.217318 -0.0497293 -0.458186 -0.766006 -0.71991 -0.808962 -0.960818 -1 0.402018 -0.0208852 0.457929 0.141883 0.199112 -1 -0.128815 0.488059 0.232509 -1 -0.920982 -0.283887 -0.45004 -0.417873 -1 -0.843466 -1 0.860294 -0.669386 0.638321 -0.585256 -0.707062 -0.19827 -0.871347 -1 -0.433996 -0.525547 -1 -0.943401 -0.38996 -0.507445 0.101318 -0.689166 0.616699 0.597873 -1 -0.856868 -1 -1 0.00952661 -0.986523 0.0198534 -0.639327 -0.0100944 -1 -0.19018 -0.703559 -0.774003 0.0101678 0.632113 0.172449 -0.752167 -0.428231 -0.826357 -1 -1 -0.30315 0.5205 -1 0.87493 -0.614085 -0.744439 -1 -0.0537925 -1 -1 0.669716 0.901118 -1 -1 -0.035855 -1 0.0305618 -0.722021 -1 -0.948979 0.0343203 -1 0.393769 -1 -0.922992 -1 -1 -0.431956 -1 0.513447 -1 -0.210984 -1 -1 -1 -1 -0.899485 0.803908 0.500465 1 -1 -0.794093 -1 -0.963207 -0.0368135 -0.770278 -0.921124 -0.534822 -1 -0.505609 -1 -1 -1 0.463537 -0.355142 0.939949 0.996086 -1 0.395253 -0.421302 -0.637014 0.773221 -0.740893 -0.204027 0.469292 -0.00330633 -0.614703 -1 
0.661674 -0.867453 -0.25643 0.537971 1 -0.167484 -0.217318 -0.136172 -0.458186 -0.555926 -0.222902 -1 -1 -1 -0.571888 -0.0208852 0.344674 -0.449669 0.0463735 -0.457552 -0.0255944 -1 0.416855 -1 -0.264563 -0.283887 -0.45004 -1 -0.809885 -1 -0.986855 0.289406 -1 0.188697 -0.00163397 -0.297076 -0.653396 -0.362497 -0.628734 -0.144984 -1 -1 -1 -0.38996 -0.323655 0.101318 -1 0.353007 -1 -0.124325 -0.577207 -1 -1 -0.00608933 -0.46716 0.998083 -1 -0.0100944 -1 -0.172136 -0.971663 -0.606042 -0.888205 0.0447567 0.172449 -0.219711 -0.478698 -0.781223 -1 -1 0.0437497 0.5205 -0.982397 0.943573 -0.614085 -1 -1 0.348778 -1 -1 0.689338 1 -0.259625 0.204479 0.0938389 -0.675804 0.0305618 -0.600377 -1 -0.948979 0.196635 -1 0.393769 -1 0.246654 -1 -1 -1 -1 0.513447 -0.619555 -0.210984 -1 -0.847187 -1 -1 -0.608889 0.445472 0.565833 1 -0.851114 -1 -0.89937 -1 -0.458424 -0.567901 -1 -0.214217 -1 -0.505609 -1 -0.930047 -0.764623 0.373308 -0.355142 -0.546339 0.433795 -1 0.468109 -0.421302 0.621019 0.660322 -1 -0.204027 0.469292 0.732298 -0.0656093 -1 
-0.287174 0.235968 -0.110048 -0.963023 -1 0.347013 -0.264866 -0.834924 -0.66813 -1 -0.826004 -1 -1 -1 -0.621229 -0.590716 -1 -0.909669 -0.990173 -0.828143 0.579807 0.271093 -1 -0.924554 -1 -0.855721 -1 -1 -1 -0.978008 -1 -0.801721 -1 -1 -1 -0.894517 -1 -0.0696203 -0.792919 -1 -0.00554663 -1 -0.782827 -0.504132 0.334568 -0.744575 -1 -0.649511 -0.871923 -1 -1 -0.736464 -1 -0.683224 -1 -1 -1 -1 -1 -0.969912 -1 -1 -0.677568 -0.354535 -0.992867 -0.111382 -0.608037 -0.307738 -1 -0.505993 -1 -1 -1 0.339463 -0.899901 -0.531093 -0.989541 -1 -1 -1 -1 -1 -0.930912 -1 -1 -1 -0.374767 -1 -0.688804 -1 -0.774429 -1 -1 -1 -0.547018 -1 -0.751561 -0.879912 -1 -0.199736 -1 -1 -0.192918 -1 -0.628008 -1 -0.723647 -1 0.969443 -0.382626 -1 -1 -0.121349 -0.105014 0.135771 0.96723 -1 0.197084 -0.916756 -0.409477 -1 -1 0.249348 -1 -0.0910901 -0.0143692 -1 -1 -0.251333 -1 -1 -0.331098 -0.657624 -0.657127 -1 -0.66445 -1 -0.974165 
0.661674 -1 -0.435903 0.704852 1 -0.167484 -0.477367 0.0677744 -0.220679 -0.580947 0.336205 -0.808962 -1 -1 0.00370646 -0.0208852 0.647977 -1 0.392287 -0.457552 -0.0255944 0.606194 0.232509 -0.730534 -0.0372168 -0.946593 -0.45004 -0.0872565 -1 -1 -0.986855 0.697782 -1 -0.159709 -0.665875 -0.698499 -0.917971 -0.673442 -0.628734 -0.235772 -0.385543 -1 -1 -1 -0.999665 0.130482 -0.740762 0.78515 0.597873 -0.0325985 -1 -1 -1 0.00952661 -0.587097 -0.223411 -0.853366 -1 -1 -0.172136 -0.763368 -1 0.19768 0.511248 0.550723 -1 -0.478375 -0.781223 -1 -1 0.0437497 -0.396592 -1 0.87493 -0.603284 -0.744439 -1 0.167925 -1 -0.94052 0.689338 0.901118 -0.259625 -1 0.213355 -0.974851 0.358816 -0.686378 -1 -0.948979 -0.895482 -1 0.393769 -0.886361 0.246654 -1 -1 -0.431956 -1 0.00842047 -0.625045 -1 -1 -0.959158 -0.957998 -0.732902 -0.608889 0.445472 0.4195 0.813973 -0.851114 -0.807995 -1 -0.963207 -0.215396 -1 -1 -0.214217 -0.806147 -0.268294 -0.904234 -0.658759 -0.455594 0.186142 -0.355142 0.502239 0.200238 -0.955374 0.179671 -0.339233 0.252674 0.773221 -0.579216 -1 0.439368 0.999561 -0.796582 -1 
-0.517895 -0.262883 -0.120951 1 0.427722 -0.394661 -1 -0.146485 -1 -1 -0.519988 -0.94396 -1 -1 0.25992 -0.0208852 -0.0430963 0.0845256 0.415592 -0.457552 -0.514273 0.480403 -0.104784 -0.881144 -0.544293 -0.836642 -0.45004 -0.417873 -1 -1 -1 0.633542 -1 0.461516 -0.341554 -0.552919 -0.19827 -1 -1 -0.235772 0.0278944 -1 -0.878022 -0.38996 -0.0184389 -0.339082 -0.740762 1 0.947585 -0.16168 -0.371228 -1 -1 0.00952661 -0.587097 0.998083 -0.639327 -1 -1 -0.207471 -0.691463 -0.774003 -0.944038 0.819303 0.699417 -0.659422 -1 -1 -1 -1 -1 0.5205 -0.658671 1 -0.614085 -0.687649 -1 -0.68358 -0.9309 -0.965963 0.689338 0.713523 -0.259625 0.172997 -0.132348 -0.974851 -0.330589 -0.710815 -1 -0.948979 -0.245725 -0.755574 0.393769 -0.775121 -0.809548 -1 -1 -0.431956 -1 0.513447 -1 -0.210984 -1 -0.40689 -0.95395 -1 -0.642343 -0.597273 -0.176416 0.569404 -0.851114 -0.807995 -1 -0.656092 -1 -1 -1 -0.215299 -1 -0.683785 -0.790423 -1 -0.56133 -0.0307045 -0.286306 0.939949 -1 -1 1 -0.849573 0.10386 0.113217 -1 -1 0.824497 0.517764 -0.947403 -1 
-1 -0.743019 -1 -1 -1 0.927944 -1 -0.864988 -0.580369 -0.806362 -0.778381 -0.987906 -0.650337 -1 -1 -0.741875 -1 1 0.0969152 -0.468408 -0.772905 1 -1 -0.81895 -1 -1 -1 -1 -0.7213 -0.639894 -1 -1 -0.755266 -1 0.0905788 -0.668916 -0.572762 -0.210594 -0.0649664 -1 -1 -1 0.970939 -1 -1 -1 -0.882102 -1 -1 -1 -0.958551 -1 -1 -0.56206 -0.47476 -0.975442 -0.9069 -0.954726 -1 -1 -1 -1 -1 -1 -1 -0.910769 -1 0.813688 -0.0464616 -1 -1 -1 -1 -0.503371 -1 0.0981899 -1 -1 -1 0.194596 -1 -1 0.588057 -0.889597 -0.29125 -0.710415 -1 -0.827841 -1 -1 -0.601053 -0.786254 -0.293987 -1 -1 -1 -0.404472 -0.903395 -0.898598 -0.976104 -1 -1 -0.950406 -1 -1 1 -1 -1 -1 0.0640763 -0.328514 -1 -0.681032 0.949875 -1 -1 -0.685256 -1 0.577914 -0.9493 0.44365 0.621609 -0.796181 -0.750367 -1 -1 -1 0.987775 -1 -0.952185 -1 -1 -0.0271752 0.457465 -1 -0.948481 -0.400036 -1 
0.482059 -1 -0.533858 -1 -0.766708 -1 -1 -1 -1 0.706678 -0.730551 -0.783992 0.954754 -0.555615 0.711122 -1 -0.33223 -1 -0.202369 0.37245 -0.825059 -0.688081 0.743775 0.357311 -1 -0.974027 -0.0124225 -1 -1 0.56938 -1 -0.744398 -1 -0.397561 -1 -1 0.24708 0.669621 0.24383 -0.367637 0.148036 -0.943739 0.691844 -0.551021 0.255586 0.54422 0.124727 -0.285944 -0.784323 -0.822738 -1 -0.596304 -1 -0.915393 -1 -1 -0.362672 -0.167868 -0.596426 -0.146125 0.562999 0.681909 -0.507514 0.341317 -0.970326 -0.260746 0.308941 0.914605 -0.527843 -1 -0.737222 0.501804 -1 -0.126822 -1 0.431381 -1 -0.797121 -1 -1 -0.609478 -1 -1 -1 -1 -1 -1 -0.982761 -1 0.93449 0.100085 -1 -1 -0.709968 -0.787581 -1 -0.793768 -1 -1 -0.157219 -1 -0.346366 -0.854221 -1 -0.847807 -1 -0.874218 -1 0.237646 -1 -1 1 -1 -0.722532 -1 0.584655 -1 -0.811171 -0.0066402 1 -1 -1 0.518013 -0.014547 -1 -1 -0.97586 -1 -1 -0.485273 -1 -1 0.574001 -1 -0.709065 0.645329 0.113224 -0.159361 
0.506941 -0.0541666 -1 0.669171 -1 -0.167484 -1 0.132083 -0.516401 -0.164135 0.777269 -0.911436 -0.811894 -1 -0.0883063 -0.0208852 0.319225 -0.14203 0.537104 -1 -0.0255944 -0.196624 -0.137799 -0.76224 0.111211 -1 -0.316113 -0.745048 -1 -1 -1 0.703594 -1 0.659858 -0.547056 -1 -0.19827 -1 -0.628734 -0.93138 0.344991 -0.982072 -1 -0.332716 -1 0.262827 -1 1 0.597873 0.171125 -0.577207 -1 -1 0.00952661 -1 0.630491 -1 -0.0100944 -1 -0.554607 -0.343771 -1 -1 -0.397411 -0.309772 -1 -0.428231 -1 -0.726271 -1 -0.612429 0.371571 -1 0.675732 -1 -1 -1 0.348778 -1 -1 0.689338 0.00215358 -0.0701826 -0.912858 0.184362 -0.974851 -0.51551 -1 -1 -0.948979 -0.0710036 -1 -0.0021432 -0.618575 0.246654 -1 -1 -1 -0.675956 0.198794 -1 -0.210984 -1 -0.772122 -0.405567 -0.929109 -0.882296 0.445472 -0.0695363 0.421166 -1 -1 -0.519939 -0.841835 -0.139522 -0.271256 -1 -0.180009 -1 -0.505609 -0.576354 -1 -0.56133 -0.0521847 -0.452963 0.939949 0.341781 -0.971151 1 -0.509682 -0.55066 0.773221 -0.740893 -0.204027 0.753194 -0.731463 -0.736599 -1 
-0.517895 -0.0915014 -0.25643 0.836189 0.427722 -0.0376713 -0.746211 0.0908059 -1 -0.650184 0.065661 -0.808962 -1 -1 -0.0768357 -0.206294 0.410872 0.465511 0.415592 -1 -0.120838 -0.0117956 0.232509 -0.76224 0.458745 -0.570445 -0.45004 -0.417873 -0.998782 -1 -1 0.860294 -1 0.461516 -0.218627 -0.249643 -0.19827 -0.382661 -0.628734 0.108565 0.531444 -0.647662 -0.831437 -0.109973 -0.0184389 0.101318 -0.740762 1 0.247411 0.171125 -1 -1 -1 0.00952661 -1 0.666914 -0.639327 -1 -1 -0.207471 -0.459746 -0.774003 -0.573343 0.511248 0.460495 -1 -1 -0.965964 -1 -1 0.0437497 -0.0380894 -0.658671 0.849542 -0.614085 -0.658994 -1 0.265344 -0.9309 -1 0.551729 -0.37995 -0.259625 0.254968 0.0938389 -0.974851 -0.291858 -1 -1 -0.948979 -0.245725 -0.783336 0.107941 -0.914983 -1 -1 -1 -0.431956 -1 -0.736815 -1 -0.210984 -1 -0.40689 -0.775168 -1 -1 -1 0.318859 0.569404 -0.851114 -0.807995 -1 -1 -0.544359 -1 -1 -0.180009 -1 -1 -0.790423 -1 -0.56133 0.119496 -0.492089 0.939949 -1 -1 1 -0.675868 0.184422 0.113217 -0.740893 -0.548456 0.740216 0.517764 -0.427316 -1 
0.661674 -0.0541666 -0.554954 0.84206 1 -0.666588 -0.217318 0.133433 0.0746841 -0.887096 0.0208965 -0.459768 -0.92217 -1 0.25992 -0.0208852 0.383513 0.174784 -0.0436245 -0.766775 0.132081 0.606194 0.232509 -0.76224 0.405871 -0.511094 -0.45004 -0.439058 -0.917686 -1 -0.646634 0.725589 -0.969958 -0.387367 -0.4246 -0.654878 -0.19827 -1 -0.861202 0.571018 0.252334 -0.935548 -0.733646 -0.338946 -0.931805 -1 -0.955871 -0.20088 -0.721809 0.171125 -1 -1 -0.878004 0.00952661 -0.287567 0.681291 -0.862063 -0.0100944 -1 -1 -0.459746 -0.774003 -0.555694 0.511248 0.550723 -1 -1 -0.781223 -0.726271 -1 0.0437497 0.5205 -1 -0.127853 -0.614085 -1 -1 0.348778 -1 -1 0.689338 0.901118 -0.259625 -0.332577 0.0938389 -1 -0.864627 -0.729853 -1 -0.891201 -0.916231 -1 0.393769 -0.618575 -0.555397 -1 -1 -0.273562 -1 -0.137821 -0.66913 -0.441992 -0.739745 -0.40689 -1 -1 -0.761747 0.445472 -0.0354071 -0.21216 -1 -1 -0.197495 -1 -0.0846878 -0.493216 -1 -1 -1 -0.505609 -1 -1 -0.56133 0.289895 0.395457 0.975754 0.852408 -0.621085 0.758064 -0.305476 0.215085 0.582513 -1 -0.387339 0.639308 0.917258 -0.0656093 -1 
-1 -0.743019 -1 -1 -1 1 -1 -0.864988 -0.580369 -0.806362 -0.778381 -0.805868 -0.650337 -1 -1 -0.656076 -1 1 0.434567 -0.468408 -1 1 -1 -0.489872 -1 -1 -1 -1 -1 -0.85819 -1 -1 -0.755266 -1 0.0905788 -0.668916 -0.572762 -0.210594 -0.0649664 -0.910423 -1 -1 0.970939 -1 -1 -1 -0.897658 -0.912001 -0.878427 -1 -0.958551 -1 -0.925582 -1 -0.47476 -1 -0.9069 -0.954726 -1 -1 -1 -1 -1 -1 -1 -0.910769 -1 0.813688 -0.0464616 -1 -0.898627 -1 -1 -0.906438 -1 0.0981899 -1 -1 -1 0.194596 -1 -1 0.588057 -0.889597 -0.151044 -0.563213 -1 -0.827841 -1 -1 -0.841304 -0.688351 -0.601501 -1 -1 -1 -0.608193 -0.903395 -0.898598 -0.976104 -1 -1 -0.950406 -1 -1 1 -1 -1 -1 0.0640763 -0.328514 -1 -0.681032 0.949875 -1 -1 -0.685256 -1 0.57918 -0.9493 0.44365 0.621609 -1 -1 -0.823227 -1 -1 0.987775 -0.93259 -0.745099 -1 -1 0.287462 0.457465 -0.911121 -0.948481 -0.721246 -1 
-0.76336 -0.0541666 -0.0350732 0.944662 -0.77478 -0.167484 -0.217318 0.132083 -0.123042 -1 0.0806382 -1 -0.914819 -1 -1 0.00221702 0.597044 0.0216287 0.214426 -1 -1 -1 -0.209017 -0.604371 0.464027 -0.623914 -0.45004 -0.745048 -1 -0.663867 -0.479193 1 -1 -0.389906 -1 -0.794785 -1 -1 -1 -1 -0.00828305 -1 -1 -0.552006 -0.964488 0.185247 -1 1 -0.113024 -0.486576 -0.577207 -1 -1 0.00952661 -1 0.998083 -1 -0.134219 -1 -0.172136 -0.430599 -0.690184 -1 -1 -0.764013 -0.659422 -1 -0.781223 -0.858857 -1 -0.815085 0.579848 -1 0.609387 -0.436373 -0.712886 -1 -0.125122 -1 -0.857731 0.689338 0.323858 0.101853 -0.721304 0.330835 -1 -0.68804 -1 -1 -1 -0.00461045 -1 -0.221175 -0.618575 -0.983618 -1 -1 -0.396214 -0.675956 0.306476 -1 -1 -1 -0.819789 -0.431131 -1 -1 0.445472 0.631081 0.13263 -1 -0.808416 -1 -1 -0.139522 -1 -1 -0.677745 -1 -0.508086 -1 -1 -0.704531 -0.194397 -0.697109 1 -0.245431 -1 1 -0.930479 -0.55066 0.773221 -1 -0.607122 -0.426749 0.680594 -0.736599 -1 
-1 -0.743019 -1 -1 -1 1 -1 -0.864988 -0.580369 -1 -0.778381 -0.987906 -0.650337 -1 -1 -0.656076 -1 1 0.119273 -0.468408 -1 1 -1 -0.81895 -1 -1 -1 -1 -0.928356 -0.759706 -1 -1 -0.755266 -1 0.0905788 -0.668916 -0.572762 -0.964651 -0.0649664 -1 -1 -1 0.970939 -1 -1 -1 -0.598867 -1 -0.878427 -1 -0.958551 -1 -1 -0.56206 -0.47476 -0.975442 -0.9069 -0.954726 -1 -1 -1 -1 -1 -1 -1 -0.910769 -1 0.813688 -0.0464616 -1 -0.802121 -1 -1 -0.503371 -0.73137 0.0981899 -1 -0.740407 -1 0.194596 -1 -1 0.588057 -0.889597 -0.29125 -0.710415 -1 -0.827841 -1 -0.898709 -1 -0.786254 -0.293987 -1 -1 -1 -0.608193 -0.85491 -0.898598 -0.976104 -1 -1 -0.950406 -1 -1 1 -1 -1 -1 0.0640763 -0.328514 -1 -0.681032 0.949875 -1 -1 -0.685256 -1 0.577914 -0.9493 0.44365 0.621609 -1 -1 -0.898405 -1 -1 0.987775 -1 -1 -1 -1 -0.0271752 0.477308 -1 -0.948481 -1 -1 
-0.049641 -0.104661 -0.414184 -0.609449 -0.716048 -1 -1 -1 -1 -1 -1 -0.00884125 -1 -1 -1 -1 -1 -0.629589 0.271049 -1 -1 -0.528847 0.686235 1 -0.548988 -0.911798 -0.250924 -1 -1 -0.888518 -1 -1 -0.814323 -1 -0.827067 -0.862876 -1 -0.941551 -1 -1 -0.959775 -1 -0.310545 -1 1 -1 -1 -1 -0.261145 -1 -0.983495 -1 -1 -1 -0.202015 -1 -1 -1 -0.589916 -1 -1 -1 -0.200559 -1 -0.64523 -0.262813 -0.811578 -1 -0.796721 0.298156 -1 -1 -1 -1 -1 -1 -1 -1 -1 -1 -1 -0.918926 -1 -1 -1 -1 -1 -0.840014 -1 -0.838486 -1 -0.643347 -1 -0.714482 -1 -0.530393 -1 -0.828219 -1 -1 -1 -0.900079 -0.664371 -1 -1 -1 -1 -1 -0.400821 -1 -0.631655 -0.196385 -0.869315 0.96491 0.534886 -1 -1 -0.450615 -0.939151 0.298218 -1 -1 -1 -0.632305 -0.80912 -1 -1 0.553459 -1 -1 -0.0546201 -1 0.842907 -0.829955 -1 -0.780165 -0.810647 -1 
