-0.746076 -0.1838 -0.853194 -0.339809 -1 -1 0.340646 -1 -1 -0.760169 -0.840053 -1 -1 -0.951031 -1 -0.251141 0.282629 -0.505887 -0.683586 -1 -1 -1 0.165115 0.715048 0.142729 -1 -0.00216004 -1 -0.956037 -0.828069 -1 -0.426621 -1 -1 -1 -1 -0.967586 -1 -0.679238 1 -0.0882658 0.384651 -0.801529 -0.852862 -1 -1 -0.861271 -1 -0.717432 -0.671499 -0.746254 0.560107 -0.988929 -1 -1 -1 -1 -0.884096 -1 -1 -0.432743 -0.505304 0.584936 1 -0.581125 0.162316 -0.362431 -1 -0.619386 -1 0.266934 -1 -1 -0.629061 -1 -1 0.432929 0.406788 -0.96597 -1 -0.744174 -0.889799 -0.527965 -0.0698205 -0.452058 -0.871602 -1 -1 -1 -1 0.463754 -1 -0.884374 -0.312418 -0.744854 -0.758828 0.387274 -1 -1 0.241309 -1 -0.179843 -1 -0.900553 -1 -1 -1 -1 -1 -0.838194 -1 -1 -1 -0.217901 0.348158 -0.342546 -0.264264 -1 -1 -0.99801 -0.820844 -0.472116 0.512661 -0.62677 -0.311363 -0.938768 -0.998314 -1 0.778181 -1 -0.863741 -1 -1 -1 -1 -0.619365 -1 -0.279361 
-0.778843 0.730534 -1 0.898097 -0.56837 0.543828 0.366851 -0.298758 0.0146022 -1 0.249136 -1 -0.904513 -1 -0.866057 -0.628603 0.274074 0.422478 -1 -0.738571 -0.117171 -0.841608 -0.0820735 -0.432052 -0.366858 0.353328 -1 0.570923 -0.885082 0.613882 -1 -0.0507682 -0.485949 -0.163411 -0.876572 -0.0692359 1 -0.438414 -0.130494 -1 -0.649563 -0.101905 -1 0.710876 -0.0976093 -0.380351 0.214882 -1 -0.969469 -1 0.628244 0.781835 -0.255297 -0.959794 -1 -0.0384873 0.409645 -0.112482 -1 -0.974079 -0.311506 -0.810453 -1 -0.545472 -0.215346 -0.361082 0.320839 -0.517632 -0.504146 -0.810649 -1 -1 0.507597 -0.649372 -0.505771 -1 -0.435276 -0.140828 -0.771606 0.702962 0.257381 0.284041 -1 -0.9269 -0.966728 -1 -0.414694 0.622107 -0.108263 0.824683 -0.0356577 -0.750747 -0.263369 -0.560041 -0.649555 -1 -1 -1 0.173892 -0.535551 0.468448 -1 -0.645987 0.567158 0.0310941 0.248608 -0.976787 0.141984 -0.152668 -0.880037 -0.0108765 -0.861839 0.548297 -0.962452 -0.132161 -0.457049 -1 0.0909393 0.700934 -0.604731 -0.99936 -1 -0.907422 -0.892906 -1 -0.896108 -0.640674 -0.0336389 0.903789 1 -1 -0.00376821 0.193352 0.301205 0.826546 -0.890779 -0.571121 -0.619011 
-0.380405 -1 -0.127241 -0.674709 -0.566049 -0.72058 -0.972171 -0.894572 -0.779824 -0.535582 -0.680755 -0.552881 -0.974336 -1 -0.683591 -0.917536 -1 -1 -1 -0.70344 -1 -1 -0.388682 -1 -0.462233 -1 -0.847521 -1 -0.491263 -0.0306114 -1 0.449254 -1 -1 0.327136 -1 -0.860301 0.106782 -1 -1 -0.995265 -0.826237 -1 -0.24174 -0.806297 -1 -1 -0.957362 -1 -0.999121 -0.924414 -0.785578 -0.808628 -0.903529 -0.302753 -0.294378 0.594816 -1 0.341518 -1 -1 -1 0.396751 -1 -0.492664 -0.674627 -0.941537 -1 -0.463855 -1 -1 -0.723124 -0.983001 0.0933608 -0.996228 -1 -0.905727 -1 -1 -0.720711 -1 -1 -1 -1 -0.0949466 -0.979778 -1 -0.952676 -0.942631 -1 -0.641712 -1 0.409497 -1 -1 -1 -0.795961 -1 -1 -1 -0.298542 -1 -1 -1 -1 -0.95295 0.581875 -0.921842 -1 -1 0.0865582 -1 -1 0.365932 -1 -0.126766 0.046601 -0.94243 -1 -1 -0.434671 1 -1 0.320197 -1 -0.64654 -1 -0.277116 -1 -1 0.915649 -0.370772 -0.791927 -1 -0.98202 -1 -1 -1 
-0.983285 -1 -0.673535 -0.530424 -1 -1 -1 -1 -1 0.114268 0.109268 -0.966889 -0.993464 -1 -1 -0.691542 0.246863 -1 -0.931469 0.831667 -1 -1 -0.455495 -1 -1 -1 -0.464983 0.230751 -1 -1 -1 -1 0.253304 0.440012 -1 -0.766059 0.900554 -0.207653 -1 -0.588131 -0.0684271 0.566786 -1 -0.750612 -0.839301 -1 -0.744802 -1 -1 -0.505774 -1 -1 0.621632 -1 -0.873554 -1 -1 -0.634258 -0.203094 -0.859375 -1 -0.979662 -0.759005 -0.971015 -0.27098 -0.821244 -0.288545 -1 -0.0498832 0.239781 -1 -1 -1 -0.530664 0.11428 -0.670707 -0.337846 -1 -0.351679 -0.59668 -1 -0.480372 -1 -0.770096 -1 -0.987573 -0.89976 -1 -1 -1 -1 -1 -0.568181 -1 -1 -1 -0.869098 -1 -0.103941 0.120525 -0.701977 -0.74464 -0.0824834 -0.738176 -1 -1 -1 -1 -0.826115 -0.917978 -1 -1 -1 -1 -1 -0.632198 -0.755343 1 -1 -0.491102 -1 -1 0.0928529 0.638661 -1 0.157183 -0.540789 0.0311489 0.627381 -0.348543 -1 -0.952961 -1 -0.927042 -0.770773 -1 -1 -1 
-1 1 -1 0.898097 -0.184473 -0.429775 -0.334214 0.0618182 0.0146022 -1 -0.193362 -1 -1 -1 -0.873579 -0.990197 0.557402 0.461045 -0.927249 -1 -0.0971031 -0.837925 0.0144355 -0.339882 0.128098 -0.0283214 -0.677691 0.204911 -0.920148 0.568897 -0.259582 -0.472447 -0.885752 -0.209311 -0.883399 0.077301 1 -0.287193 -0.284576 -1 -1 -1 -1 -0.304704 -0.755428 -0.754014 0.148185 -1 -1 -1 -0.30816 0.46895 -0.416477 -1 -1 -0.0384873 0.275285 0.807619 -0.995381 -0.789061 -0.6464 -0.938023 -1 -1 -0.062408 -1 -1 -0.922424 -0.791231 -0.977989 -0.396079 -0.465229 -1 -1 -0.00869303 -0.954216 -0.580837 0.384697 -0.394307 -1 -0.899875 -0.20537 -0.377332 -1 -1 -0.969651 -0.307754 0.77584 -0.319949 0.749755 -0.651152 -1 -1 -0.868026 -1 -0.91539 -1 -1 -0.255852 -1 0.862472 -1 -0.831111 0.387388 -0.663983 -0.0920698 -0.688404 -1 -0.672222 -0.897602 0.355394 -0.536068 1 -0.643699 -0.431414 -1 -1 0.416777 0.553417 -0.326084 -1 -1 -1 -1 -1 -1 -1 -0.0154855 0.422917 0.529627 -0.836121 -0.380208 0.208453 0.501707 0.232648 -1 0.071553 -1 
-0.674877 0.928976 -1 0.898097 -0.298437 0.521914 0.366851 0.0618182 -0.1186 -0.865111 0.249136 -1 -0.904513 -1 -0.75736 -0.708524 0.260621 0.622778 -0.433885 -1 -0.0971031 -1 0.0144355 -0.357836 0.341477 -0.0283214 -1 0.900234 -0.458526 0.638833 -0.62255 -0.790657 -0.885752 -0.0510718 -0.430283 0.077301 0.996476 -0.438414 0.0563174 -1 0.165291 0.151796 -1 0.710876 -0.0976093 -1 0.214882 -1 -0.469918 -1 -0.30816 0.781835 -0.14248 -1 -0.701941 -0.0384873 0.275285 0.704345 -0.720839 -1 -0.138769 -1 -1 -0.545472 -0.026861 0.261153 0.320839 -0.58058 -0.440751 -1 -1 -0.465229 -0.0187827 -1 -0.531836 -1 -0.580837 0.384697 0.347487 -0.100503 0.618418 0.284041 -0.151791 -0.599681 -1 -0.969651 -0.26363 0.883843 0.540383 0.656717 -0.137951 -1 -0.263369 -0.185273 -1 -1 -1 -0.809563 -0.308587 -0.498967 0.739576 -1 0.854496 0.631825 0.0310941 0.248608 -0.688404 0.209902 -0.225196 -1 -0.0108765 -0.455633 1 -0.6398 -0.305344 -0.98082 -1 0.0238342 0.833689 -0.526582 -1 -1 -0.907422 -0.892906 -0.962235 -0.71551 -1 -0.0154855 0.422917 1 -0.836121 -0.00376821 0.495806 0.301205 0.232648 -0.890779 -0.283161 -0.550207 
-1 0.646387 -1 0.898097 -0.184473 -1 0.366851 0.0618182 -0.62024 -0.848752 -0.356342 -1 -0.904513 -1 -1 -1 0.557402 0.525676 -0.927249 -0.998041 0.0654884 -1 0.0144355 -0.440011 0.151448 -0.0283214 -1 0.204911 -0.548053 0.638833 -0.657619 -1 -0.885752 -0.36019 -1 0.077301 1 -0.438414 -0.332344 -1 -1 -0.0449191 -1 0.710876 -0.970117 -0.993103 0.148185 -1 -0.469918 -1 -0.30816 0.781835 -0.489905 -1 -1 0.121412 0.061762 0.807619 -0.995381 -1 -1 -1 -0.935552 -1 -0.062408 0.0155706 -1 -0.58058 -0.791231 -1 -0.717772 -0.465229 -1 -1 -0.379385 -1 -0.580837 0.384697 0.347487 -1 -0.103999 -0.20537 -0.377332 -1 -1 -1 -0.384955 -0.0452565 0.425389 0.426625 -1 -1 -0.370876 -0.722644 -1 -1 -1 -1 -0.255852 -0.498967 0.648367 -0.834242 -0.132721 0.518765 0.0310941 0.270329 -0.889308 -0.572902 -0.672222 -0.897602 -0.0108765 -0.435132 1 -0.6398 -1 -0.98082 -1 0.416777 0.646531 -0.326084 -1 -1 -1 -0.892906 -1 -1 -1 -0.0738828 0.422917 0.529627 -1 -0.151245 0.208453 0.382081 -0.934607 -1 -0.283161 -1 
-0.778843 0.730534 -1 0.898097 -0.56837 0.543828 0.366851 -0.298758 0.0146022 -1 0.249136 -1 -0.904513 -1 -0.866057 -0.628603 0.274074 0.422478 -1 -0.738571 -0.117171 -0.841608 -0.0820735 -0.432052 -0.366858 0.353328 -1 0.570923 -0.885082 0.613882 -1 -0.0507682 -0.485949 -0.0213586 -0.876572 -0.0692359 1 -0.438414 -0.130494 -1 -0.649563 -0.101905 -1 0.710876 -0.0976093 -0.396286 0.214882 -1 -0.969469 -1 0.628244 0.781835 -0.255297 -0.959794 -1 -0.107232 0.263651 -0.112482 -1 -0.974079 -0.311506 -0.810453 -1 -0.545472 -0.224982 -0.361082 0.320839 -0.517632 -0.440751 -0.810649 -1 -1 0.507597 -0.649372 -0.505771 -1 -0.435276 -0.140828 -0.771606 0.702962 0.257381 0.149007 -1 -0.9269 -0.966728 -1 -0.414694 0.622107 -0.108263 0.824683 -0.0356577 -0.750747 -0.263369 -0.462808 -0.649555 -1 -1 -1 0.173892 -0.535551 0.468448 -1 -0.645987 0.567158 0.0310941 0.248608 -0.976787 0.141984 -0.152668 -0.880037 -0.0108765 -0.861839 0.548297 -0.964207 -0.197169 -0.457049 -1 0.0909393 0.700934 -0.604731 -0.99936 -1 -0.907422 -0.892906 -1 -0.896108 -0.640674 -0.0336389 0.903789 1 -1 -0.00376821 0.193352 0.301205 0.826546 -0.890779 -0.571121 -0.619011 
-0.57063 0.730534 -1 0.597793 -0.298437 -0.529616 0.366851 -1 -0.592385 -0.872711 0.000953525 -0.742607 -1 -1 -0.866057 -0.708524 0.260621 0.298599 -0.433885 -0.738571 -0.0971031 -1 0.0144355 -0.357836 0.490635 0.288247 -1 0.900234 -0.742033 0.638833 -0.62255 -0.297757 -0.485949 -1 -0.79726 -0.243897 0.612072 -0.555833 0.176702 -0.981406 -0.0324355 0.151796 -1 -0.0436627 -0.0976093 -0.117793 0.0774815 -0.982789 -1 -1 0.357478 0.781835 -0.14248 -1 -0.621297 -1 0.0805914 -0.507184 -0.720839 -1 -0.138769 -1 -1 -1 -0.0332558 -0.208317 -0.083435 -0.46453 -0.440751 -0.964852 -1 -0.945842 -0.127136 -0.286877 -0.531836 -1 -0.580837 0.411547 0.411546 0.790307 -0.0563567 0.170025 -0.302949 -1 -1 -1 -0.26363 0.859356 0.581467 0.488353 0.122295 -0.750747 -0.307386 -0.871421 -1 -1 -1 -1 0.335486 -1 0.538034 -0.940575 -1 0.309588 -0.319174 0.248608 -0.688404 -1 -0.118101 -0.67143 -0.15988 0.497041 0.758176 -0.61794 -0.132161 -0.225174 -1 0.1973 0.88011 -0.495156 -0.659978 -1 -0.863294 -1 -0.962235 -1 -0.422027 -0.0154855 1 0.952648 -1 -0.346788 0.227085 0.301205 0.943227 -0.890779 -0.364764 -1 
-0.462707 0.770422 -0.612404 -0.37452 -0.773037 0.556447 0.366851 -0.292607 0.0146022 -1 0.249136 -1 -0.904513 -1 -0.866057 -0.890333 0.211862 0.599587 -1 -0.738571 -0.0709428 -1 -0.149126 -1 -0.280108 0.163149 -0.994516 0.680279 -1 0.638833 -0.931138 -0.902444 -0.466977 -0.0510718 -0.517388 -0.0723495 0.948505 -0.438414 -0.130494 -1 -0.649563 0.0804437 -1 0.710876 -0.0976093 -0.248353 -0.778192 -1 -1 -0.943111 0.433501 0.643541 -0.255297 -0.943624 -1 -0.0384873 0.409645 0.349917 -1 -0.974079 -1 -0.810453 -1 -0.545472 -0.026861 -0.877318 -0.857436 -0.308516 -0.440751 -0.810649 -1 -0.876054 0.386785 -0.649372 -0.505771 -1 -0.989434 -1 -1 0.702962 0.257381 -0.175312 -0.914214 -1 -1 -1 -0.356375 0.271454 -0.178587 -0.356754 0.122295 -0.97685 -0.263369 -0.462808 -0.649555 -1 -1 -1 0.173892 -0.900099 0.739576 -0.679659 -0.323265 0.0382462 -1 0.248608 -1 0.0791843 0.0376945 -0.917153 -0.114286 -1 0.788149 -0.560515 -1 -0.488936 -1 0.0238342 0.780432 -0.526582 -1 -1 -0.907422 -0.892906 -1 -0.896108 -0.386987 -0.0804112 0.844457 1 -1 -0.0470812 0.193352 0.301205 0.977941 -0.9905 -0.563092 -0.558454 
-0.57063 0.788494 -1 0.597793 -0.46376 -0.529616 0.366851 -0.0548584 -0.592385 -0.872711 0.108126 -0.742607 -0.880367 -1 -0.866057 -0.708524 0.260621 0.622778 -0.433885 -0.940567 -0.0971031 -0.868896 0.0144355 -0.357836 0.490635 0.353328 -1 0.543638 -0.742033 0.638833 -0.802493 -0.354558 -0.485949 -0.519114 -0.598293 0.077301 0.479067 -0.426043 -0.214465 -0.981406 -0.0931198 -0.0853067 -1 0.83203 -0.26692 -0.073013 0.214882 -0.915806 -0.932646 -1 0.357478 0.614869 -0.489551 -1 -0.621297 -1 0.0805914 -0.507184 -0.720839 -1 -0.138769 -1 -0.940779 -0.808507 -0.0332558 -0.208317 -0.298007 -0.46453 -0.440751 -1 -1 -0.661271 -0.14473 -0.286877 -0.91605 -1 -0.529292 0.262958 0.411546 0.790307 0.139567 0.284041 -0.151791 -0.805359 -1 -1 -0.26363 0.622107 0.581467 0.488353 -0.173282 -0.750741 -0.415984 -0.81607 -0.812523 -1 -1 -1 0.407147 -1 0.604655 -1 -0.353293 0.309588 -0.301467 0.248608 -0.688404 -0.956397 0.0705066 -0.67143 -0.0108765 0.677948 0.758176 -0.6398 -0.459783 -0.225174 -0.958571 0.0238342 0.833689 -0.526582 -1 -1 -0.907422 -0.892906 -1 -1 -0.711829 -0.0154855 0.88453 0.997238 -0.836121 -0.17609 0.299036 0.301205 0.977941 -0.824811 -0.0868822 -0.743176 
-0.398569 -0.431577 -1 0.0759797 -0.298437 -0.107915 0.357139 0.0133682 -0.558367 -1 0.112581 -1 -1 -1 -0.984146 -0.708524 0.022682 0.876801 -0.897965 -0.580873 -1 -0.833091 0.0117277 -0.340865 -0.587852 -0.0623194 -1 0.0248914 -0.232611 0.544167 -0.87347 -0.0507682 -0.540074 -0.196892 -0.430283 -0.297741 0.0361181 -1 -0.130494 -1 -0.472995 -0.246327 -1 0.289384 -0.222678 -0.312222 -0.0811418 -1 -0.859588 -1 0.628244 1 -0.697183 -1 -1 -0.1583 -0.12042 -0.380318 -0.506469 -0.861112 -0.138769 -1 -1 -0.709175 -0.920567 0.233149 -0.809977 -0.821867 -0.855577 -1 -1 -0.643745 0.488864 -1 -0.81395 -1 -0.843695 0.11809 -0.0729232 0.702962 0.527739 0.0220245 -0.670703 -1 -0.81376 -1 -0.162079 -0.746363 0.642283 0.385227 -0.525049 -1 -0.77897 -0.80418 -0.870193 -1 -1 -1 -0.122817 -1 0.562458 -1 0.641157 -0.0408471 -0.283448 -0.284607 -0.688404 0.0298939 -0.491573 -0.67143 0.051942 0.604462 0.1746 -1 0.167898 -0.978169 -1 0.401868 0.188115 -1 -1 -1 -1 -1 -0.962235 -1 -1 -0.0363421 0.705218 1 -1 -0.00376821 0.495806 0.301205 0.746272 -1 -0.108409 -1 
-0.57063 0.730534 -1 0.597793 -0.309851 -0.529616 0.366851 -0.101658 -0.592385 -1 0.000953525 -0.742607 -1 -1 -0.664396 -0.708524 0.260621 0.298599 -1 -0.344239 -0.0971031 -0.868896 0.0144355 -0.357836 0.490635 0.353328 -1 -0.00902665 -0.742033 0.172614 -0.62255 -0.354558 -0.485949 -0.621633 -0.646573 0.077301 0.612072 -0.438414 -0.130494 -0.981406 -0.200879 0.210929 -1 0.83203 -0.745096 -0.0789957 0.214882 -1 -0.292476 -1 -0.680543 0.781835 -0.14248 -0.758473 -0.621297 -1 0.048222 -0.507184 -0.727041 -1 -0.138769 -1 -1 -1 -0.0332558 -0.208317 -0.083435 -0.46453 -0.440751 -1 -1 -0.945842 -0.14473 -1 -1 -1 -0.580837 0.384697 0.411546 0.790307 0.139567 -0.204548 -0.160218 -1 -1 -1 -0.26363 0.958484 0.147039 0.488353 0.122295 -0.750747 -0.228649 -0.871421 -0.649555 -1 -1 -1 0.407147 -1 0.538034 -1 -0.266274 0.309588 -0.319174 0.173993 -0.688404 -0.975924 0.0705066 -0.84481 -0.0108765 0.677948 0.758176 -0.6398 -0.0976909 -1 -1 0.0238342 0.88011 -0.495156 -0.950742 -1 -0.907422 -0.682855 -1 -1 -0.422027 0.0319444 1 1 -0.836121 -0.871996 0.227085 0.301205 0.977941 -0.890779 -0.364764 -0.850463 
-0.57063 1 -0.947931 0.898097 -0.298437 -0.315495 0.366851 -0.0528766 0.066253 -0.865111 0.101251 -1 -1 -0.911193 -0.75736 -0.708524 0.102454 0.622778 -0.433885 -1 -0.757282 -1 -0.162378 -0.357836 0.490635 -0.0283214 -1 0.0309089 -0.857635 0.48141 -0.62255 -0.827121 -1 0.265331 -0.45924 0.077301 0.996476 -0.701028 0.0357919 -1 0.252425 0.151796 -1 0.710876 -0.0976093 -0.65018 -0.945021 -1 -0.528574 -1 -1 0.719972 -0.193698 -1 -0.701941 -0.0384873 0.275285 -0.184428 -1 -1 -0.138769 -1 -1 -0.545472 -0.026861 0.261153 -0.450117 -0.58058 -1 -0.841522 -1 -0.24407 -0.0187827 -1 -0.531836 -1 -0.580837 0.359666 -0.396471 -0.100503 -0.416486 0.286725 -0.948939 -0.238125 -1 -1 -0.616503 0.883843 0.178771 0.656717 0.103228 -1 -0.351977 -0.131517 -1 -1 -1 -1 -0.308587 -0.498967 0.739576 -1 0.854496 0.631825 0.0310941 0.216215 -0.688404 -0.702264 -0.279875 -1 -0.0108765 -0.212906 1 -0.896493 -0.621372 -0.98082 -1 -0.210203 0.833689 -0.526582 -0.913632 -1 -0.977255 -0.892906 -1 -0.395554 -1 0.189367 0.422917 0.991907 -1 -0.00376821 0.495806 0.301205 0.232648 -1 -0.283161 -1 
-0.983285 -1 -0.673535 -0.530424 -1 -1 -1 -1 -1 0.114268 0.109268 -0.966889 -0.992229 -1 -1 -0.785047 0.530054 -1 -0.931469 0.831667 -1 -1 -0.494452 -1 -1 -0.91531 -0.464983 0.0597597 -1 -1 -1 -1 0.3632 0.440012 -1 -0.766059 0.900554 -0.207653 -1 -0.588131 -0.106127 0.566786 -1 -0.743389 -0.778784 -1 -0.744802 -1 -1 -0.505774 -1 -1 0.621632 -1 -0.873554 -1 -1 -0.634258 -0.203094 -0.919002 -1 -0.979662 -0.856021 -0.971015 -0.233237 -0.821244 -0.288545 -1 -0.0498832 0.239781 -1 -1 -0.957676 -0.530664 0.11428 -0.670707 -0.337846 -1 -0.510437 -0.59668 -1 -0.480372 -1 -0.770096 -1 -1 -0.89976 -1 -1 -1 -1 -1 -0.568181 -1 -1 -1 -0.856651 -1 -0.103941 0.0386558 -0.701977 -0.74464 -0.0824834 -0.738176 -1 -1 -1 -1 -0.826115 -1 -1 -1 -1 -1 -0.985894 -0.632198 -0.755343 1 -1 -0.491102 -1 -1 0.0928529 0.638661 -1 0.157183 -0.540789 0.0311489 0.627381 -0.362889 -1 -0.952961 -1 -0.927042 -0.770773 -0.846404 -1 -1 
-1 1 -1 0.898097 -0.184473 -0.429775 0.21126 0.0618182 0.0146022 -0.848752 -0.356342 -1 -0.904513 -1 -0.873579 -1 0.557402 0.525676 -0.927249 -0.998041 -0.111856 -0.837925 0.0144355 -0.440011 0.128098 -0.0283214 -1 0.204911 -0.530994 0.554318 -0.709092 -0.400904 -0.885752 -0.36019 -0.55598 0.077301 0.893329 -0.438414 -0.118444 -1 -1 -0.0449191 -1 0.710876 -0.970117 -1 0.148185 -1 -0.469918 -1 -0.30816 0.781835 -0.489905 -1 -1 -0.0384873 0.275285 0.807619 -1 -1 -1 -0.980403 -1 -1 -0.156859 0.0145283 -1 -0.58058 -0.791231 -1 -0.717772 -0.465229 -1 -1 -0.379385 -1 -0.580837 0.384697 0.217758 -1 -0.103999 -0.20537 -0.377332 -1 -1 -0.969651 -0.307754 0.543597 0.425389 0.426625 -0.528477 -1 -0.263369 -0.722644 -1 -1 -1 -1 -0.361746 -0.498967 0.862472 -1 -0.132721 0.570825 0.0310941 0.270329 -0.688404 -0.572902 -0.672222 -0.897602 -0.0108765 -0.614915 1 -0.6398 -0.305344 -0.98082 -1 0.416777 0.794825 -0.326084 -1 -1 -1 -0.892906 -1 -1 -1 -0.0154855 0.422917 0.531723 -0.836121 -0.189252 0.208453 0.382081 0.232648 -1 -0.283161 -1 
-1 1 -1 0.898097 -1 -0.597776 0.484451 -1 0.0146022 -0.78917 -0.675217 -1 -0.730203 -1 -0.794279 -1 0.557402 0.525676 -1 -1 -1 -1 0.272278 -1 0.0780294 -0.0283214 -1 0.0703799 -0.961398 0.638833 -1 -0.400904 -0.90256 -0.27086 -1 0.102015 0.728659 -0.438414 -0.118444 -1 -0.644263 -0.764269 -1 0.710876 -1 -1 0.237624 -1 -0.469918 -0.659075 -0.304016 1 -0.796633 -1 -0.819255 -0.0384873 -0.0481799 0.46793 -1 -1 -0.74073 -1 -0.892388 -1 -0.321206 0.0683494 -1 -0.807697 -1 -1 -1 -0.465229 -1 -1 -0.379385 -1 -1 0.39553 -0.618206 -1 -1 -1 0.302974 -1 -1 -1 -1 0.263334 0.425389 -0.154415 -1 -1 -0.0923458 -1 -1 -1 -1 -1 -0.177661 -0.478629 0.5308 -1 -0.132721 -0.861022 -0.83505 0.132139 -0.703494 -0.49969 -0.672222 -1 -0.0108765 -1 0.651867 -0.6398 -1 -0.98082 -1 0.416777 0.657152 -0.965638 -1 -1 -1 -1 -0.560542 -1 -0.916754 -0.0154855 -0.45789 0.15511 -0.836121 -0.179414 -0.055485 0.301205 0.0594383 -1 -0.900242 -1 
-1 1 -1 0.825217 -0.184473 -0.429775 0.366851 0.0618182 0.0146022 -0.848752 -0.356342 -1 -0.904513 -1 -0.873579 -0.990197 0.557402 0.525676 -0.927249 -0.998041 -0.139128 -0.837925 0.0144355 -0.471046 0.128098 -0.0283214 -1 0.204911 -0.537058 0.638833 -0.62255 -0.400904 -0.885752 -0.36019 -0.5635 0.077301 1 -0.438414 -0.118444 -1 -0.966248 -0.0449191 -1 0.710876 -0.970117 -1 0.148185 -1 -0.469918 -1 -0.30816 0.781835 -0.489905 -1 -1 -0.0384873 0.275285 0.807619 -0.995381 -1 -1 -1 -1 -1 -0.062408 0.0145283 -1 -0.58058 -0.791231 -1 -0.717772 -0.465229 -1 -1 -0.379385 -1 -0.580837 0.384697 0.347487 -1 -0.103999 -0.20537 -0.377332 -0.959297 -1 -0.969651 -0.307754 0.543597 0.425389 0.426625 -0.528477 -1 -0.263369 -0.722644 -1 -1 -1 -1 -0.255852 -0.498967 0.862472 -1 -0.132721 0.570825 0.0310941 0.270329 -0.688404 -0.587703 -0.672222 -0.897602 -0.0108765 -0.435132 1 -0.636083 -0.305344 -0.98082 -1 0.416777 0.794825 -0.326084 -1 -1 -1 -0.892906 -1 -1 -1 -0.0154855 0.422917 0.529627 -0.836121 -0.18672 0.208453 0.382081 0.232648 -1 -0.283161 -1 
-0.57063 0.928976 -1 0.898097 -0.298437 0.521914 0.366851 0.0618182 0.0146022 -0.865111 0.249136 -1 -0.904513 -1 -0.75736 -0.708524 0.260621 0.622778 -0.433885 -1 -0.265889 -1 0.0144355 -0.357836 0.490635 -0.157309 -1 0.900234 -0.458526 0.638833 -0.62255 -0.790657 -0.885752 -0.0510718 -0.454843 0.077301 0.996476 -0.438414 0.0357919 -1 0.165291 -0.00913242 -1 0.554706 -0.173604 -1 0.214882 -1 -0.516286 -1 -0.30816 0.781835 -0.14248 -1 -0.701941 -0.0384873 0.0904111 0.704345 -0.720839 -1 -0.138769 -1 -1 -0.545472 -0.166347 0.261153 0.320839 -0.58058 -0.440751 -1 -1 -0.465229 -0.0187827 -1 -0.531836 -1 -0.580837 0.384697 0.347487 -0.100503 0.618418 0.284041 -0.151791 -0.599681 -1 -0.969651 -0.26363 0.883843 0.540383 0.656717 -0.137951 -1 -0.238611 -0.185273 -1 -1 -1 -0.809563 -0.511733 -0.498967 0.739576 -1 0.854496 0.631825 0.0310941 0.248608 -0.688404 0.209902 -0.225196 -1 -0.0108765 -0.472858 1 -0.6398 -0.305344 -0.98082 -1 0.0238342 0.81107 -0.526582 -1 -1 -0.907422 -0.892906 -0.962235 -0.71551 -1 -0.0154855 0.422917 1 -0.836121 -0.00376821 0.495806 0.301205 0.232648 -0.890779 -0.283161 -0.550207 
-0.57063 0.928976 -0.955148 0.850393 0.0430121 0.521914 0.366851 0.0618182 0.0146022 -1 0.249136 -1 -0.988491 -1 -0.75736 -1 0.260621 -0.33703 -0.433885 -1 -0.0971031 -1 0.0144355 -0.357836 0.490635 -0.0283214 -1 0.900234 -0.458526 -0.552394 -0.62255 -0.790657 -1 -0.215657 -0.430283 0.077301 0.996476 -0.438414 0.0357919 -1 -0.0266633 -0.0113864 -1 0.710876 -0.0976093 -1 0.214882 -1 -0.469918 -1 -0.30816 0.781835 -1 -1 -1 -0.0384873 0.275285 0.704345 -0.720839 -1 -0.143436 -1 -1 -0.545472 -0.0461549 0.261153 0.320839 -0.58058 -0.440751 -1 -1 -0.465229 -0.0187827 -1 -0.175263 -1 -0.580837 0.384697 0.347487 -0.100503 0.618418 0.272427 -0.22467 -0.599681 -1 -0.969651 -0.26363 0.883843 0.540383 0.656717 -0.246519 -1 -0.38817 -0.185273 -1 -1 -1 -0.948693 -0.308587 -0.498967 0.739576 -1 0.854496 0.631825 0.0310941 0.248608 -0.922011 -0.439798 -0.29801 -0.781373 -0.199702 -0.455633 1 -0.6398 -0.305344 -0.98082 -1 0.0238342 0.833689 -0.526582 -1 -1 -0.907422 -0.892906 -0.962235 -0.71551 -1 -0.0154855 0.228966 1 -0.836121 -0.00376821 0.495806 0.301205 0.232648 -0.890779 -0.283161 -1 
-0.983285 -1 -0.382145 -1 -1 -1 -1 -1 -0.755605 0.114268 0.109268 -0.966889 -0.993464 -1 -1 -0.691542 0.246863 -1 -0.931469 0.831667 -1 -1 -0.567537 -0.704491 -1 -1 -0.464983 -0.887621 -1 -1 -0.646311 -1 0.253304 0.440012 -1 -0.852557 0.900554 -0.207653 -1 -0.588131 -1 0.566786 -1 -0.750612 -0.839301 -1 -0.744802 -1 -1 -0.505774 -1 -1 0.621632 -1 -0.873554 -1 -1 -1 -0.203094 -0.859375 -1 -1 -0.759005 -0.971015 -0.27098 -0.821244 -0.288545 -1 -0.0498832 0.239781 -0.812866 -1 -1 -0.530664 0.11428 -0.670707 -0.337846 -1 -0.351679 -0.59668 -1 -0.480372 -1 -1 -1 -0.987573 -0.89976 -1 -1 -1 -1 -1 -0.568181 -0.919483 -1 -0.776084 -0.869098 -1 -0.103941 0.120525 -0.323329 -0.74464 -0.0824834 -0.738176 -1 -1 -1 -1 -0.826115 -0.917978 -1 -1 -1 -0.628905 -1 -0.632198 -0.755343 1 -1 -0.491102 -1 -1 0.0928529 0.638661 -1 0.157183 -0.950938 0.0311489 0.627381 -0.348543 -1 -0.952961 -1 -0.927042 -0.770773 -1 -1 -1 
-1 1 -1 0.898097 -0.184473 -0.429775 0.366851 0.0618182 0.0146022 -0.848752 -0.356342 -1 -0.904513 -1 -0.873579 -0.990197 0.557402 0.525676 -0.927249 -0.998041 -0.0971031 -0.837925 0.0144355 -0.440011 0.128098 -0.0283214 -1 0.204911 -0.530994 0.638833 -0.62255 -0.400904 -0.885752 -0.36019 -0.430283 0.077301 1 -0.438414 -0.118444 -1 -1 -0.0569538 -1 0.710876 -0.970117 -1 0.148185 -1 -0.412671 -1 -0.30816 0.781835 -0.489905 -1 -1 -0.0384873 0.275285 0.807619 -0.995381 -1 -1 -1 -1 -1 -0.062408 0.0145283 -1 -0.58058 -0.755375 -1 -0.717772 -0.465229 -1 -1 -0.379385 -1 -0.580837 0.384697 0.228422 -1 -0.103999 -0.20537 -0.476101 -1 -1 -0.969651 -0.307754 0.543597 0.425389 0.426625 -0.528477 -1 -0.263369 -0.722644 -1 -1 -1 -1 -0.255852 -0.498967 0.862472 -1 -0.132721 0.570825 0.0310941 0.270329 -0.688404 -0.572902 -0.672222 -0.897602 -0.0108765 -0.435132 1 -0.6398 -0.317686 -0.982308 -1 0.416777 0.794825 -0.326084 -1 -1 -1 -0.892906 -1 -1 -1 -0.0154855 0.422917 0.556853 -0.836121 -0.18672 0.208453 0.382081 0.232648 -1 -0.283161 -1 
-1 1 -1 0.898097 -0.184473 -1 -0.0685035 0.0516284 -0.580283 -1 -1 -1 -1 -1 -1 -0.990197 0.557402 0.525676 -1 -1 -0.0971031 -0.837925 0.0144355 -0.5798 0.128098 -0.496947 -1 0.671811 -0.586479 -0.102677 -0.873765 -0.400904 -0.885752 -0.317904 -0.430283 -0.401559 1 -0.438414 -0.552221 -1 -1 -0.0449191 -1 0.710876 -1 -0.866796 -0.37987 -1 -0.469918 -1 -0.811023 0.781835 -1 -1 -1 -0.0384873 -0.529345 0.807619 -0.995381 -1 -1 -1 -1 -1 -0.062408 -0.452388 -1 -0.733962 -0.791231 -1 -0.717772 -0.465229 -1 -1 -1 -1 -1 0.384697 0.347487 -1 -0.103999 -0.20537 -1 -1 -1 -0.969651 -0.307754 0.62081 0.62296 0.426625 -0.528477 -1 -0.263369 -1 -1 -1 -1 -1 -0.255852 -0.498967 0.0119394 -0.611652 -0.132721 0.422135 0.0310941 0.270329 -0.688404 -0.572902 -0.672222 -1 -0.0108765 -0.435132 1 -0.6398 -0.305344 -1 -1 0.416777 0.794825 -0.326084 -1 -1 -0.973214 -1 -1 -1 -1 -0.51066 0.422917 0.529627 -0.846465 -0.289582 -0.211573 0.382081 0.409109 -1 -0.283161 -1 
-0.1325 0.732815 -0.520142 -0.745514 -0.516946 -0.659563 0.888781 -1 -0.634376 -0.743845 -0.450849 -0.832732 -0.420465 0.471228 0.307085 0.257153 0.58429 -0.199561 0.570058 -0.756021 -0.665284 -1 0.500734 0.858269 0.438823 -1 0.0292552 -0.864915 -0.932712 1 0.8711 -0.706244 -0.262215 -0.533064 -1 -0.808812 0.471039 0.628842 -1 0.751 -0.0811696 0.536211 -1 -0.737881 -0.490914 0.260163 0.353823 -0.610809 -0.888407 0.405071 0.467899 0.560107 0.350599 -0.555281 -1 -0.615672 0.623058 -1 -0.443533 0.109637 -0.432743 -0.577674 0.954075 0.92702 -1 0.83392 -0.540289 -0.964479 -0.940702 -1 0.504274 0.38448 -0.272921 -0.631882 0.841801 -0.662273 0.0879332 -0.498058 -1 -0.638152 0.191164 -0.251697 -0.207107 -0.0698205 0.571726 -0.600125 -1 -1 0.374573 0.578575 0.628362 0.393952 -0.832025 -0.345619 -0.151565 0.366679 0.764609 -0.330001 -0.679033 0.206859 -1 -0.179843 -1 -0.331467 -0.803448 -0.00284618 -1 -0.519861 -0.579358 -0.815531 -0.0180666 -0.824075 -1 0.259256 0.644218 0.481314 0.826864 -1 -0.0289363 -0.99801 -0.394728 -0.10667 0.393345 -0.76485 -0.0190443 -0.724075 -1 -0.890072 0.778181 0.252347 0.173073 0.786143 -0.399152 -1 -0.548842 -1 -0.344182 1 
-0.57063 0.730534 -1 0.898097 -0.255992 0.556447 0.366851 -0.292607 0.0146022 -1 0.249136 -0.953768 -0.904513 -1 -1 -0.667547 0.45125 0.419809 -1 -0.819094 -0.0971031 -0.790214 -0.149126 -0.357836 -0.483781 0.353328 -0.994516 0.630586 -0.946082 0.505206 -0.931138 -0.0507682 -0.466977 -0.0510718 -0.517388 -0.126155 0.996476 -0.438414 -0.391916 -1 -0.649563 -0.0800334 -1 0.710876 -0.0976093 -0.248353 0.254161 -1 -1 -0.943111 0.628244 0.565239 -0.286079 -0.959794 -1 -0.243101 0.409645 0.349917 -1 -1 -0.311506 -0.810453 -1 -0.545472 -0.026861 -0.724321 0.296768 -0.517632 -0.697459 -0.810649 -1 -1 0.461844 -0.649372 -0.505771 -1 -0.435276 -0.140828 -1 0.603197 0.257381 0.263066 -0.936792 -1 -1 -1 -0.360901 0.271454 -0.108263 0.824683 0.122295 -1 -0.263369 -0.462808 -0.649555 -1 -1 -1 0.173892 -0.776177 0.739576 -1 -0.323265 0.543992 0.0310941 0.248608 -1 0.0791843 0.0598235 -0.880037 -0.0108765 -0.861839 0.828645 -0.6398 -0.132161 -0.488936 -1 0.0238342 0.700934 -0.526582 -1 -0.881424 -1 -0.892906 -0.962235 -0.896108 -0.386987 -0.145515 0.79574 1 -0.981683 -0.00376821 0.193352 0.301205 0.977941 -0.890779 -0.701946 -0.697778 
-0.57063 0.928976 -1 0.898097 -0.298437 0.521914 0.366851 0.0618182 0.0146022 -0.865111 0.249136 -1 -0.863799 -1 -0.815534 -0.708524 0.286939 0.622778 -0.486778 -1 -0.0971031 -1 0.0144355 -0.357836 0.490635 -0.0283214 -0.950553 0.900234 -0.458526 0.638833 -0.62255 -0.767686 -0.885752 -0.0510718 -0.430283 0.077301 0.996476 -0.438414 0.0357919 -0.984015 0.165291 0.151796 -1 0.710876 -0.0976093 -0.962766 0.214882 -0.958826 -0.469918 -1 -0.30816 0.84355 -0.14248 -1 -0.701941 -0.0384873 0.275285 0.704345 -0.720839 -1 -0.138769 -1 -0.979289 -0.545472 -0.026861 0.261153 0.320839 -0.58058 -0.440751 -1 -1 -0.465229 -0.0187827 -1 -0.531836 -1 -0.580837 0.384697 0.347487 -0.252026 0.618418 0.284041 -0.151791 -0.599681 -1 -0.969651 -0.207485 0.883843 0.540383 0.529669 -0.137951 -1 -0.263369 -0.185273 -1 -1 -1 -0.809563 -0.308587 -0.498967 0.739576 -1 0.854496 0.593781 0.0310941 0.248608 -0.688404 0.209902 -0.225196 -1 -0.0108765 -0.455633 1 -0.771531 -0.305344 -0.98082 -1 0.0238342 0.833689 -0.526582 -1 -1 -0.907422 -0.892906 -0.962235 -0.71551 -1 -0.0154855 0.422917 1 -0.836121 -0.150065 0.495806 0.301205 0.232648 -0.890779 -0.283161 -0.550207 
-0.278608 0.928976 -1 0.898097 -0.298437 0.521914 0.366851 0.346453 0.0146022 -0.865111 -0.914187 -1 -0.904513 -1 -0.75736 -1 0.260621 0.622778 -0.433885 -1 0.232588 -1 0.0144355 -0.357836 -0.330249 -0.0283214 -1 0.900234 -1 0.638833 -0.912156 -0.790657 -0.885752 -0.160601 -0.430283 -0.383984 0.996476 -0.360213 0.0357919 -1 -0.501626 -0.98923 -1 0.710876 -0.0976093 -1 0.214882 -1 -0.676906 -1 -1 0.781835 -0.14248 -1 -0.701941 -0.987252 0.275285 0.704345 -0.720839 -1 -0.138769 -1 -1 -0.545472 -0.026861 -0.610491 -0.822361 -0.738836 -0.440751 -1 -1 -0.465229 -0.0187827 -1 -0.531836 -1 -0.580837 0.384697 0.347487 -0.100503 0.618418 0.284041 -0.151791 -0.599681 -1 -1 -0.26363 0.883843 0.109598 0.656717 0.221151 -1 -0.263369 -0.185273 -1 -1 -1 -1 -0.308587 -0.498967 0.739576 -1 0.854496 0.631825 0.0310941 0.248608 -0.688404 0.209902 -0.225196 -1 -0.0108765 -0.455633 1 -0.6398 -0.305344 -1 -1 0.0238342 0.833689 -0.526582 -0.647194 -1 -0.907422 -0.892906 -1 -0.71551 -1 -0.0154855 0.422917 0.202833 -1 -0.00376821 0.495806 0.301205 0.164447 -0.890779 -0.164491 -0.550207 
-1 1 -1 -0.0945618 -0.184473 -0.429775 0.366851 0.0618182 0.0146022 -1 -0.858158 -1 -0.904513 -1 -0.873579 -0.990197 0.557402 0.525676 -0.927249 -1 -0.0971031 -0.837925 -0.483909 -0.284757 0.0197429 -0.0283214 -1 0.204911 -0.530994 0.638833 -0.62255 -0.400904 -0.885752 -0.36019 -0.382382 0.077301 1 -0.438414 -0.118444 -1 -1 -0.0449191 -1 0.733477 -0.970117 -1 0.148185 -1 -0.495214 -1 -0.564846 0.781835 -0.489905 -1 -1 -1 0.275285 0.807619 -0.995381 -1 -1 -1 -1 -1 -0.062408 0.0145283 -1 -1 -0.844951 -1 -0.717772 -0.465229 -1 -1 -0.379385 -1 -0.580837 0.624883 0.347487 -1 -0.103999 -0.20537 -0.377332 -0.768981 -1 -0.573592 -0.307754 -0.120485 0.425389 0.426625 -0.528477 -0.981718 -0.0871827 -0.722644 -1 -0.889219 -1 -1 -0.255852 -0.498967 0.862472 -1 -0.132721 0.570825 0.0310941 0.270329 -1 -0.572902 -0.722413 -1 -0.0108765 -0.435132 1 -0.636577 -0.305344 -1 -1 0.416777 0.794825 -0.326084 -1 -1 -1 -0.565017 -1 -1 -1 -0.0154855 0.422917 0.665172 -0.836121 -0.18672 0.208453 0.382081 0.232648 -1 -0.283161 -1 
-0.57063 0.928976 -1 0.898097 -0.298437 0.521914 0.366851 0.0618182 0.0146022 -0.865111 0.249136 -1 -0.904513 -1 -0.75736 -0.708524 0.260621 0.622778 -0.433885 -1 -0.0971031 -1 0.0144355 -0.357836 0.490635 -0.0283214 -1 0.900234 -0.458526 0.638833 -0.62255 -0.790657 -0.885752 -0.0510718 -0.430283 0.077301 0.996476 -0.438414 0.0357919 -1 0.165291 0.151796 -1 0.710876 -0.0976093 -1 0.214882 -1 -0.469918 -1 -0.30816 0.781835 -0.14248 -1 -0.701941 -0.0384873 0.275285 0.704345 -0.720839 -1 -0.138769 -1 -1 -0.545472 -0.026861 0.261153 0.324541 -0.58058 -0.440751 -1 -1 -0.465229 -0.0187827 -1 -0.531836 -1 -0.580837 0.384697 0.347487 -0.100503 0.618418 0.284041 -0.151791 -0.599681 -1 -0.969651 -0.26363 0.883843 0.540383 0.656717 -0.137951 -1 -0.263369 -0.185273 -1 -1 -1 -0.809563 -0.308587 -0.498967 0.739576 -1 0.854496 0.631825 0.0310941 0.248608 -0.688404 0.209902 -0.225196 -1 -0.0108765 -0.455633 1 -0.6398 -0.305344 -0.98082 -1 0.0238342 0.833689 -0.526582 -1 -1 -0.907422 -0.892906 -0.962235 -0.71551 -1 -0.0154855 0.422917 1 -0.836121 -0.00376821 0.495806 0.301205 0.232648 -0.890779 -0.283161 -0.550207 
-1 1 -1 0.898097 -0.184473 -0.429775 0.0634664 0.0618182 0.0146022 -1 -1 -1 -1 -1 -0.873579 -0.990197 0.557402 0.525676 -0.927249 -1 -0.0971031 -1 0.0144355 0.0402603 0.128098 -0.155132 -0.677691 0.204911 -0.530994 1 -0.62255 -0.472447 -0.885752 -0.209311 -0.883399 0.077301 0.996791 -0.287193 -0.284576 -1 -1 -1 -1 -0.304704 -0.755428 -0.754014 -0.126646 -0.700704 -0.469918 -1 -0.30816 0.781835 -0.416477 -1 -1 -0.0384873 0.275285 0.807619 -0.995381 -1 -0.6464 -1 -1 -1 -0.062408 -1 -1 -0.252217 -1 -1 -0.396079 -0.49705 -1 -1 -0.00869303 -0.954216 -0.580837 0.384697 -0.761727 -0.643324 -0.784385 -0.20537 -0.377332 -1 -1 -0.969651 -0.0164438 0.77584 -0.319949 0.749755 -0.651152 -1 -1 -0.594444 -1 -0.91539 -1 -1 -0.254729 -0.817616 0.862472 -0.952863 -0.831111 0.294995 0.0310941 0.56849 -0.688404 -1 -0.672222 -0.897602 0.355394 -0.536068 1 -0.643699 -0.305344 -0.98082 -1 0.416777 -0.149434 -0.326084 -1 -1 -1 -0.532227 -0.85365 -1 -1 -0.0154855 0.404305 0.529627 -0.836121 -0.380208 0.208453 0.501707 0.232648 -1 0.071553 -1 
-0.57063 0.928976 -1 0.898097 -0.298437 0.521914 0.366851 0.0618182 0.0146022 -0.928388 0.249136 -1 -0.894346 -1 -0.75736 -0.708524 0.260621 0.622778 -0.433885 -0.966233 -0.0971031 -1 0.0144355 -0.357836 0.490635 -0.0283214 -1 0.900234 -0.458526 0.638833 -0.62255 -0.790657 -0.885752 -0.0510718 -0.430283 0.077301 0.996476 -0.438414 0.0357919 -1 0.165291 0.151796 -1 0.710876 -0.0976093 -1 0.108887 -1 -0.469918 -1 -0.30816 0.781835 -0.14248 -1 -0.701941 -0.0384873 0.275285 0.704345 -0.720839 -1 -0.138769 -1 -1 -0.545472 -0.026861 0.261153 0.281609 -0.58058 -0.440751 -1 -1 -0.465229 -0.122869 -1 -0.531836 -1 -0.580837 0.384697 0.347487 -0.100503 0.618418 0.284041 -0.151791 -0.599681 -1 -0.969651 -0.26363 0.883843 0.540383 0.656717 -0.137951 -1 -0.263369 -0.185273 -1 -1 -1 -0.809563 -0.308587 -0.498967 0.739576 -0.956205 0.854496 0.677891 0.0310941 0.248608 -0.688404 0.209902 -0.225196 -1 -0.0108765 -0.455633 1 -0.6398 -0.305344 -1 -1 0.0238342 0.833689 -0.526582 -1 -1 -0.907422 -0.892906 -0.962235 -0.71551 -1 -0.0154855 0.422917 1 -0.836121 -0.0803471 0.495806 0.301205 0.232648 -0.890779 -0.283161 -0.550207 
-1 1 -1 0.898097 -0.184473 -1 0.366851 0.0618182 0.0146022 -1 -0.356342 -1 -1 -1 -1 -0.990197 0.557402 0.525676 -0.927249 -1 -0.0971031 -0.837925 0.0144355 -0.558686 0.128098 -0.340881 -1 0.526764 -0.586479 0.638833 -0.62255 -0.400904 -0.885752 -0.242229 -0.430283 0.475736 1 -0.438414 -0.552221 -1 -1 -0.0449191 -1 0.710876 -1 -1 0.148185 -1 -0.469918 -1 -0.30816 0.781835 -0.489905 -1 -1 -0.0384873 -0.529345 0.807619 -0.995381 -1 -1 -1 -1 -1 -0.11677 0.0145283 -1 -0.733962 -0.791231 -1 -0.717772 -0.465229 -1 -1 -0.552506 -1 -0.580837 0.384697 0.347487 -1 -0.103999 -0.20537 -0.377332 -1 -1 -0.969651 -0.307754 0.474631 0.38845 0.426625 -0.528477 -1 -0.263369 -0.722644 -1 -1 -1 -1 -0.255852 -0.498967 0.0119394 -1 -0.132721 0.570825 0.0310941 0.270329 -0.688404 -0.572902 -0.672222 -1 -0.0108765 -0.435132 1 -0.6398 -0.305344 -1 -1 0.416777 0.794825 -0.326084 -1 -1 -1 -1 -1 -1 -1 -0.0154855 0.422917 0.529627 -0.846465 -0.289582 -0.211573 0.382081 0.409109 -1 -0.283161 -1 
-1 1 -1 0.898097 -0.184473 -0.429775 0.0634664 0.0618182 0.0146022 -1 -0.193362 -1 -1 -1 -0.873579 -0.990197 0.557402 0.525676 -0.927249 -1 -0.0971031 -0.837925 0.0144355 -0.339882 0.128098 -0.0283214 -0.677691 0.204911 -0.530994 0.638833 -0.62255 -0.472447 -0.885752 -0.209311 -0.848661 0.077301 1 -0.287193 -0.284576 -1 -1 -1 -1 -0.304704 -0.898077 -0.754014 0.148185 -1 -0.469918 -1 -0.30816 0.781835 -0.416477 -1 -1 -0.0384873 0.275285 0.807619 -0.995381 -1 -0.6464 -0.938023 -1 -1 -0.062408 -1 -1 -0.252217 -0.791231 -1 -0.396079 -0.465229 -1 -1 -0.00869303 -0.954216 -0.580837 0.397582 -0.763264 -0.643324 -0.103999 -0.20537 -0.377332 -1 -1 -0.969651 -0.307754 0.77584 -0.319949 0.749755 -0.651152 -1 -1 -0.868026 -1 -0.91539 -1 -1 -0.255852 -0.817616 0.862472 -1 -0.831111 0.570825 0.0310941 0.270329 -0.688404 -1 -0.672222 -0.897602 0.355394 -0.536068 1 -0.643699 -0.305344 -0.98082 -1 0.416777 0.794825 -0.326084 -1 -1 -1 -0.532227 -1 -1 -1 -0.0154855 0.422917 0.529627 -0.836121 -0.428368 0.208453 0.501707 0.232648 -1 0.071553 -1 
-1 1 -1 0.898097 -0.184473 -0.429775 0.366851 0.0618182 0.0146022 -0.848752 -0.356342 -1 -0.904513 -1 -0.873579 -0.990197 0.557402 0.525676 -0.927249 -0.998041 -0.0971031 -0.837925 0.0144355 -0.440011 0.128098 -0.0283214 -1 0.204911 -0.530994 0.638833 -0.62255 -0.400904 -0.885752 -0.36019 -0.430283 0.077301 1 -0.438414 -0.118444 -1 -1 -0.0449191 -1 0.710876 -1 -1 0.148185 -1 -0.469918 -1 -0.30816 0.781835 -0.489905 -1 -1 -0.0384873 0.275285 0.807619 -0.995381 -1 -1 -1 -1 -1 -0.062408 0.0145283 -1 -0.58058 -0.861316 -1 -0.717772 -0.465229 -1 -1 -0.379385 -1 -0.580837 0.384697 0.347487 -1 -0.103999 -0.20537 -0.377332 -1 -1 -0.969651 -0.307754 0.543597 0.425389 0.426625 -0.528477 -1 -0.263369 -0.722644 -1 -1 -1 -1 -0.255852 -0.498967 0.862472 -1 -0.132721 0.570825 0.0310941 0.270329 -0.688404 -0.572902 -0.672222 -0.897602 -0.0108765 -0.435132 1 -0.6398 -0.305344 -0.98082 -1 0.416777 0.794825 -0.326084 -1 -1 -1 -0.892906 -1 -1 -1 -0.0154855 0.422917 0.529627 -0.836121 -0.18672 0.208453 0.382081 0.232648 -1 -0.283161 -1 
-0.554581 0.730534 -1 0.443622 -0.877806 -0.139687 0.366851 0.403142 -0.537821 -0.865111 -0.744372 -1 -0.541238 -1 -1 -1 0.0637116 0.603651 -1 -0.738571 0.224925 -1 -0.043932 -0.690108 -1 0.353328 -1 -0.357236 -0.742033 0.503658 -0.810392 -1 -0.485949 -0.603929 -0.646573 0.077301 0.52731 -0.159208 -1 -1 0.165291 -0.115745 -1 0.555152 -0.314334 -0.073013 -0.927926 -1 -0.712401 -1 0.357478 0.660349 -0.14248 -1 -1 -1 -0.202214 -0.507184 -1 -1 -0.5378 -1 -1 -0.8818 -1 -0.208317 -0.0768372 -0.46453 -0.440751 -1 -1 -0.792658 -0.110974 -0.465287 -0.140561 -1 -1 0.768395 -0.332214 0.704229 0.469554 0.284041 -0.151791 -0.841415 -1 -1 -1 0.64321 0.581467 0.0367989 -0.71824 -0.893867 -0.414061 -0.81607 -0.649555 -0.699643 -0.849855 -0.839403 -0.519614 -1 0.367534 -1 -1 -0.720284 -0.482992 0.248608 -0.688404 -1 -0.179219 -1 -0.0108765 0.677948 0.758176 -0.926949 -0.292808 -0.774681 -1 0.0238342 -0.360458 -1 -1 -1 -1 -0.892906 -1 -1 -0.0564203 0.0366662 1 0.962802 -1 0.376152 -1 0.301205 0.735417 -0.890779 -1 -1 
-0.57063 0.928976 -1 0.79595 -0.298437 0.521914 0.366851 0.0618182 0.0146022 -0.865111 0.249136 -1 -0.904513 -1 -0.75736 -0.708524 0.260621 0.622778 -0.433885 -1 -0.0971031 -1 0.0144355 -0.357836 0.490635 -0.0283214 -1 0.900234 -0.436173 0.638833 -0.62255 -0.790657 -0.885752 -0.0510718 -0.430283 0.077301 0.996476 -0.438414 0.0357919 -1 0.165291 0.151796 -1 0.62427 -0.197446 -1 0.214882 -1 -0.469918 -1 -0.30816 0.781835 -0.14248 -1 -0.750068 -0.0384873 0.275285 0.704345 -0.71865 -1 -0.138769 -1 -1 -0.545472 -0.0093597 0.261153 0.320839 -0.58058 -0.440751 -1 -1 -0.465229 -0.0187827 -1 -0.531836 -1 -0.580837 0.384697 0.347487 -0.100503 0.512816 0.284041 -0.151791 -0.599681 -1 -0.969651 -0.26363 0.883843 0.540383 0.656717 -0.137951 -1 -0.263369 -0.228199 -1 -1 -1 -0.809563 -0.308587 -0.498967 0.739576 -1 0.854496 0.631825 0.0310941 0.248608 -0.688404 0.209902 -0.394658 -1 -0.0108765 -0.455633 1 -0.6398 -0.305344 -1 -0.975458 0.0238342 0.833689 -0.526582 -1 -1 -0.907422 -0.892906 -0.962235 -0.71551 -1 -0.0154855 0.422917 1 -0.836121 -0.00376821 0.495806 0.180153 0.232648 -0.890779 -0.283161 -0.550207 
-1 1 -1 0.898097 -0.184473 -0.429775 0.366851 0.0618182 0.0146022 -0.848752 -0.356342 -1 -1 -1 -0.873579 -0.990197 0.557402 0.525676 -0.927249 -0.998041 -0.0971031 -0.837925 0.0144355 -0.440011 0.128098 -0.0283214 -0.973198 0.204911 -0.530994 0.638833 -0.62255 -0.400904 -0.885752 -0.36019 -0.430283 0.077301 1 -0.438414 -0.118444 -1 -1 -0.0449191 -1 0.710876 -0.970117 -1 0.148185 -1 -0.469918 -1 -0.30816 0.781835 -0.489905 -1 -1 -0.0384873 0.275285 0.807619 -0.995381 -1 -1 -1 -1 -1 -0.062408 0.0145283 -1 -0.58058 -0.791231 -1 -0.717772 -0.465229 -1 -1 -0.379385 -1 -0.580837 0.384697 0.347487 -1 -0.103999 -0.20537 -0.377332 -1 -1 -0.969651 -0.307754 0.543597 0.425389 0.426625 -0.528477 -1 -0.263369 -0.722644 -1 -1 -1 -1 -0.255852 -0.498967 0.862472 -1 -0.132721 0.570825 0.0310941 0.270329 -0.688404 -0.572902 -0.672222 -0.897602 -0.0108765 -0.435132 1 -0.6398 -0.305344 -0.98082 -1 0.416777 0.794825 -0.326084 -1 -1 -1 -0.892906 -1 -1 -1 -0.0154855 0.422917 0.529627 -0.836121 -0.18672 0.208453 0.382081 0.232648 -1 -0.283161 -1 
-0.264957 -0.0125866 -1 0.743296 -0.298437 -0.252582 -0.0505303 0.0931559 -0.68684 -1 0.249136 -0.834642 -0.904513 -0.991721 -0.974584 -1 0.298551 -0.0358679 -0.490122 -1 0.147871 -1 0.0144355 -0.667366 0.666633 -0.225795 -1 0.31514 -0.736828 0.629025 -1 -0.155307 -1 -1 -0.430283 -0.125179 0.996476 -1 -0.574207 -1 0.133601 0.0320766 -1 0.85611 0.120222 -0.248353 0.16577 -0.977984 -0.674978 -1 0.324612 -0.546923 -0.989322 -0.833203 -1 -1 0.160694 -0.144333 -0.939874 -0.974079 -0.138769 -0.967882 -0.965585 -0.962467 -0.026861 -0.372367 0.320839 -1 -0.845 -1 -1 -0.465229 0.815014 -1 -0.531836 -1 -0.829628 -0.123147 -0.824087 0.819149 -0.0608498 0.143606 -1 -0.929503 -1 -1 -0.522148 -0.154001 0.0890261 0.885118 -1 -0.750747 -0.744563 -1 -1 -0.984374 -1 -0.985792 -0.135739 -0.654931 0.109989 -0.918715 -0.101228 0.0595156 -0.301856 0.248608 -1 -0.990175 -0.018246 -0.627048 0.151296 0.262973 0.89753 -0.6398 -0.132161 -0.461705 -1 -0.126152 -0.393877 -1 -0.971464 -1 -1 -1 -0.962235 -1 -0.862012 0.0955097 0.974266 -0.362357 -0.707436 -0.711209 0.630463 -0.100943 1 -1 -0.245127 -1 
-0.763609 -1 -0.0463305 0.872572 -1 -1 -0.83577 -0.793932 -0.910344 -0.905524 -0.963523 -1 -0.799279 -1 -0.349502 -1 -0.987967 -0.967015 -0.565454 0.577315 -1 -1 0.89948 -0.653697 -1 -1 -0.967705 -1 -1 -0.582069 -1 -0.608888 -1 -0.923257 -0.860512 -0.988864 -0.880444 -0.216438 -1 -1 -1 -1 -1 -0.577771 -1 -1 -1 -1 -1 -0.982467 -1 -1 -0.89632 -1 -0.661226 -0.617175 0.161933 -1 -0.813455 -0.896226 -1 -1 -1 -1 -1 -0.543681 -0.800397 -0.999765 -0.416251 -1 -1 -1 -0.702091 -1 -1 -0.780415 -1 -1 0.100166 -0.561555 -1 -0.939523 -1 -1 -0.201491 -0.641222 -1 -0.824673 -0.469937 -0.0861908 -0.94602 -1 -0.591758 -1 -1 -0.727245 -1 -1 -1 -1 -0.794108 -1 -0.791392 -1 -1 -1 0.907613 -1 -0.863469 -1 -0.65036 -0.694363 -1 0.731034 -0.481355 -1 -1 -0.670915 -0.674969 -1 -0.464817 0.685103 -1 -0.248612 -1 -0.423906 -1 0.35332 -0.796979 -1 0.039676 -0.763037 -0.792851 -0.646558 0.268318 -1 -1 -1 
-0.778843 0.730534 -1 0.898097 -0.58329 0.543828 0.366851 -0.104129 0.0146022 -1 0.249136 -1 -0.904513 -1 -0.866057 -0.667547 0.274074 0.422478 -1 -0.738571 -0.117171 -0.841608 -0.0820735 -0.432052 -0.366858 0.353328 -1 0.544971 -0.885082 0.613882 -1 -0.0507682 -0.485949 -0.0510718 -0.79072 -0.0692359 1 -0.438414 -0.130494 -1 -0.649563 0.0804437 -1 0.710876 -0.0976093 -0.396286 0.214882 -1 -0.969469 -1 0.628244 0.781835 -0.255297 -0.959794 -1 -0.0384873 0.409645 -0.112482 -1 -0.974079 -0.311506 -0.810453 -1 -0.545472 -0.224982 -0.361082 0.320839 -0.517632 -0.440751 -0.810649 -1 -1 0.507597 -0.649372 -0.505771 -1 -0.435276 -0.140828 -0.771606 0.702962 0.257381 0.284041 -1 -0.9269 -0.966728 -1 -0.414694 0.622107 -0.108263 0.824683 0.0220499 -0.750747 -0.263369 -0.462808 -0.649555 -1 -1 -1 0.173892 -0.535551 0.468448 -1 -0.645987 0.567158 -0.0431938 0.248608 -0.976787 0.141984 -0.152668 -0.880037 -0.0108765 -0.861839 0.548297 -0.996514 -0.132161 -0.488936 -1 0.0909393 0.700934 -0.604731 -0.99936 -1 -0.907422 -0.892906 -0.944119 -0.896108 -0.640674 -0.0336389 0.844457 1 -1 -0.00376821 0.193352 0.301205 0.977941 -0.890779 -0.571121 -0.741348 
-0.57063 0.928976 -1 0.898097 -0.298437 0.521914 0.355682 0.0618182 0.0146022 -0.865111 0.249136 -1 -0.904513 -1 -0.75736 -0.708524 0.260621 0.622778 -0.433885 -1 -0.230966 -1 0.0144355 -0.357836 0.490635 -0.157309 -1 0.900234 -0.458526 0.638833 -0.62255 -0.790657 -0.885752 -0.0510718 -0.454843 0.077301 0.996476 -0.438414 0.0357919 -1 0.165291 0.1043 -1 0.710876 -0.0976093 -1 0.214882 -1 -0.469918 -1 -0.30816 0.781835 -0.14248 -1 -0.701941 -0.0384873 0.0904111 0.704345 -0.720839 -1 -0.138769 -1 -1 -0.545472 -0.127821 0.261153 0.320839 -0.58058 -0.440751 -1 -1 -0.465229 -0.0187827 -1 -0.531836 -1 -0.580837 0.384697 0.347487 -0.100503 0.618418 0.284041 -0.151791 -0.599681 -1 -0.969651 -0.26363 0.883843 0.540383 0.635509 -0.137951 -1 -0.263369 -0.185273 -1 -1 -1 -0.809563 -0.511733 -0.498967 0.739576 -1 0.854496 0.631825 0.0310941 0.248608 -0.688404 0.209902 -0.225196 -1 -0.0108765 -0.455633 1 -0.6398 -0.305344 -0.98082 -1 0.0238342 0.833689 -0.526582 -1 -1 -0.907422 -0.892906 -0.962235 -0.71551 -1 -0.0154855 0.422917 1 -0.836121 -0.00376821 0.495806 0.28269 0.232648 -0.890779 -0.283161 -0.550207 
-0.57063 0.928976 -1 0.898097 -0.298437 0.580674 0.366851 0.0618182 0.0146022 -0.865111 0.249136 -1 -0.904513 -1 -0.75736 -1 0.260621 0.622778 -0.433885 -1 -0.0971031 -1 0.0144355 -0.29239 0.490635 -0.0283214 -1 0.900234 -0.436173 0.638833 -1 -0.790657 -1 -0.0510718 -0.430283 0.077301 0.891144 -1 0.0357919 -1 0.294548 0.151796 -1 0.766172 -0.197446 -1 0.214882 -1 -0.469918 -1 -0.30816 0.781835 -0.14248 -1 -1 -0.0945228 0.275285 0.704345 -1 -1 -0.138769 -1 -1 -0.545472 -0.0093597 0.261153 0.320839 -0.58058 -0.440751 -1 -1 -0.465229 -0.0187827 -1 -0.531836 -1 -0.580837 0.384697 0.0913631 -0.100503 0.618418 0.284041 -0.151791 -0.599681 -1 -0.969651 -0.14119 0.883843 0.540383 0.656717 -0.137951 -1 -0.263369 -0.185273 -1 -1 -1 -0.809563 -0.308587 -0.498967 0.739576 -1 0.854496 0.421583 0.0310941 0.248608 -0.688404 -0.336371 -0.225196 -1 -0.0108765 -0.455633 0.693875 -0.6398 -0.305344 -1 -1 0.0238342 0.833689 -0.526582 -1 -1 -0.907422 -0.892906 -0.962235 -0.71551 -1 -0.0154855 0.422917 1 -0.836121 -0.00376821 0.495806 -0.822207 0.268024 -0.890779 -0.283161 -0.550207 
-1 1 -1 0.898097 -0.184473 -0.429775 -0.390919 0.0618182 0.0146022 -0.848752 -0.256694 -1 -0.904513 -1 -0.873579 -0.990197 0.586266 0.525676 -1 -1 -0.0971031 -0.837925 0.0144355 -0.690616 0.128098 -0.159035 -1 0.148039 -0.714607 -0.160327 -0.62255 -0.95793 -1 -0.36019 -0.430283 0.077301 1 -0.438414 -0.118444 -1 -1 -0.0449191 -1 0.710876 -1 -1 0.130691 -0.730061 -0.994534 -1 -0.282818 0.781835 -0.489905 -1 -1 -0.0384873 -0.787638 0.797296 -0.995381 -1 -1 -1 -1 -1 -0.062408 0.0145283 -0.639048 -0.58058 -0.791231 -1 -0.717772 -0.465229 -1 -1 -0.379385 -1 -0.535967 0.384697 -0.274001 -1 -0.103999 -0.20537 -0.381565 -1 -1 -0.969651 -0.273673 0.587004 0.433736 0.426625 -0.528477 -1 -0.145796 -0.950475 -1 -1 -1 -1 -0.957187 -0.498967 0.596031 -1 -0.114466 0.126908 0.0310941 -0.597962 -0.688404 -0.572902 -0.672222 -0.897602 -0.0108765 -0.435132 1 -0.862207 -1 -1 -1 0.416777 0.546956 -0.326084 -1 -1 -1 -0.892906 -0.652195 -1 -1 -0.0154855 0.422917 0.529627 -0.805463 -0.18672 0.208453 0.382081 0.232648 -1 -0.283161 -1 
-1 1 -1 0.898097 -0.184473 -0.429775 0.366851 0.0618182 0.0146022 -0.848752 -0.356342 -1 -0.904513 -1 -0.873579 -0.990197 0.557402 0.525676 -0.927249 -0.998041 -0.0971031 -0.837925 0.0144355 -0.440011 0.128098 -0.0283214 -1 0.204911 -0.530994 0.638833 -0.62255 -0.400904 -0.885752 -0.36019 -0.430283 0.077301 1 -0.438414 -0.118444 -1 -1 -0.0449191 -1 0.710876 -0.970117 -1 0.148185 -1 -0.469918 -1 -0.30816 0.781835 -0.489905 -1 -1 -0.0384873 0.19939 0.807619 -0.995381 -1 -1 -1 -1 -1 -0.062408 0.0145283 -1 -0.58058 -0.791231 -1 -0.717772 -0.465229 -1 -1 -0.379385 -1 -0.580837 0.282421 0.347487 -1 -0.103999 -0.20537 -0.377332 -1 -1 -0.969651 -0.307754 0.543597 0.425389 0.426625 -0.528477 -1 -0.263369 -0.722644 -1 -1 -1 -1 -0.255852 -0.498967 0.862472 -1 -0.132721 0.570825 0.0310941 0.270329 -0.688404 -0.572902 -0.672222 -0.897602 -0.0108765 -0.435132 1 -0.6398 -0.305344 -0.98082 -1 0.416777 0.794825 -0.326084 -1 -1 -1 -0.892906 -1 -1 -1 -0.0154855 0.422917 0.529627 -0.836121 -0.18672 0.208453 0.382081 0.232648 -1 -0.283161 -1 
-1 1 -1 0.898097 -0.417071 -0.429775 0.366851 0.0618182 0.0146022 -0.848752 -0.356342 -0.912278 -0.904513 -1 -1 -0.929907 0.557402 0.623965 -0.927249 -0.998041 -0.0971031 -0.894444 0.0144355 -0.440011 0.128098 -0.230148 -1 0.204911 -0.530994 0.638833 -0.62255 -0.400904 -0.885752 -0.36019 -0.430283 0.077301 1 -0.438414 -0.118444 -1 -1 -0.0449191 -1 0.710876 -0.970117 -1 0.148185 -0.921299 -0.469918 -1 -0.30816 0.781835 -0.489905 -1 -1 -0.0384873 0.275285 0.807619 -0.995381 -1 -1 -1 -1 -1 -0.062408 0.0145283 -0.921597 -0.684225 -0.791231 -1 -0.717772 -0.465229 -1 -1 -0.379385 -1 -0.580837 0.384697 0.347487 -1 -0.103999 -0.20537 -0.377332 -1 -1 -1 -0.307754 0.454542 0.425389 0.426625 -0.483196 -0.997505 -0.263369 -0.722644 -1 -1 -1 -1 -0.168321 -0.550421 0.862472 -1 -0.132721 0.570825 0.0854503 0.0966792 -0.688404 -0.685901 -0.672222 -0.897602 -0.0108765 -0.435132 1 -0.6398 -0.305344 -0.98082 -1 0.416777 0.794825 -0.326084 -1 -1 -1 -1 -1 -1 -1 -0.0154855 0.422917 0.529627 -0.836121 -0.18672 0.208453 0.250367 0.232648 -1 -0.283161 -1 
-0.57063 1 -1 0.898097 -0.266387 -0.315495 0.366851 -0.0528766 0.066253 -0.865111 0.101251 -1 -1 -0.907148 -0.75736 -0.708524 0.102454 0.622778 -0.433885 -1 -0.757282 -1 -0.162378 -0.357836 0.490635 -0.0283214 -1 0.0309089 -0.857635 0.48141 -0.62255 -0.827121 -0.885752 0.265331 -0.430283 0.077301 0.866058 -0.701028 0.0357919 -1 0.252425 0.151796 -1 0.710876 -0.0976093 -0.698455 -0.945021 -1 -0.528574 -1 -1 0.719972 -0.226598 -1 -0.701941 -0.0384873 0.275285 -0.184428 -1 -1 -0.138769 -1 -1 -0.624577 -0.026861 0.261153 -0.450117 -0.58058 -1 -0.841522 -1 -0.24407 -0.0187827 -1 -0.531836 -1 -0.580837 0.359666 -0.396471 -0.100503 -0.416486 0.286725 -0.948939 -0.238125 -1 -1 -0.616503 0.883843 0.178771 0.656717 0.103228 -1 -0.351977 -0.131517 -1 -1 -1 -1 -0.308587 -0.498967 0.739576 -1 0.854496 0.631825 0.0310941 0.216215 -0.688404 -0.702264 -0.307602 -1 -0.0108765 -0.212906 1 -0.896493 -0.621372 -0.98082 -1 -0.210203 0.833689 -0.526582 -0.913632 -1 -0.977255 -0.892906 -0.981638 -0.335677 -1 0.189367 0.422917 0.825381 -1 -0.00376821 0.495806 0.301205 0.232648 -1 -0.283161 -1 
-1 1 -1 0.898097 -0.184473 -0.429775 0.366851 0.0618182 0.0146022 -0.848752 -0.356342 -1 -0.904513 -1 -0.873579 -0.990197 0.557402 0.525676 -0.927249 -1 -0.0971031 -0.837925 0.0144355 -0.440011 0.128098 -0.0283214 -1 0.204911 -0.530994 0.638833 -0.62255 -0.400904 -0.885752 -0.36019 -0.430283 0.077301 1 -0.438414 -0.118444 -1 -1 -0.0449191 -1 0.710876 -0.970117 -1 0.148185 -1 -0.469918 -1 -0.30816 0.781835 -0.64099 -1 -1 -0.0384873 0.275285 0.807619 -0.995381 -1 -0.952626 -1 -1 -1 -0.062408 0.0145283 -1 -0.58058 -0.791231 -1 -0.717772 -0.465229 -1 -1 -0.379385 -1 -0.580837 0.423542 0.347487 -1 -0.103999 -0.20537 -0.377332 -1 -1 -0.969651 -0.307754 0.543597 0.425389 0.426625 -0.635439 -1 -0.263369 -0.722644 -1 -1 -1 -1 -0.255852 -0.498967 0.862472 -1 -0.132721 0.570825 0.0310941 0.270329 -0.688404 -0.572902 -0.672222 -0.897602 -0.0108765 -0.631088 1 -0.670933 -0.305344 -0.98082 -1 0.416777 0.794825 -0.326084 -1 -1 -1 -0.892906 -1 -1 -1 -0.0154855 0.422917 0.529627 -0.836121 -0.18672 0.208453 0.382081 0.232648 -1 -0.283161 -0.930312 
-1 1 -1 0.898097 -0.184473 -0.877099 0.366851 0.0618182 0.0146022 -1 -0.356342 -0.730775 -0.904513 -1 -0.97299 -0.990197 0.557402 0.525676 -0.927249 -0.998041 -0.0971031 -0.837925 0.0144355 -0.440011 0.128098 -0.0283214 -1 0.204911 -0.178777 0.638833 -0.62255 -0.400904 -0.885752 -0.36019 -0.430283 0.077301 1 -0.438414 -0.118444 -1 -0.632674 -0.0449191 -1 0.710876 -0.970117 -1 0.148185 -1 -0.469918 -1 -0.30816 0.781835 -0.489905 -1 -1 -0.0384873 -0.172311 0.807619 -1 -1 -1 -1 -1 -1 -0.346866 0.0145283 -1 -0.58058 -0.791231 -1 -0.717772 -0.465229 -1 -0.769026 -0.379385 -0.847319 -0.580837 -0.0718499 0.347487 -1 -1 -0.20537 -0.377332 -1 -0.993399 -0.969651 -0.307754 -0.302661 0.393889 0.426625 -0.528477 -1 -0.263369 -0.722644 -1 -1 -1 -1 -0.255852 -0.498967 0.862472 -1 -0.132721 0.570825 0.0310941 0.270329 -0.688404 -0.572902 -0.672222 -0.897602 0.286513 -0.435132 1 -0.6398 -0.492544 -0.98082 -1 0.416777 0.794825 -0.326084 -1 -1 -1 -0.892906 -1 -1 -1 -0.0154855 0.422917 0.529627 -1 -0.18672 -0.253102 0.313432 0.0244457 -1 -0.283161 -1 
-1 1 -1 0.898097 -0.184473 -0.429775 0.113478 0.0618182 0.0146022 -0.797741 -0.282451 -1 -1 -1 -0.873579 -0.990197 0.557402 0.525676 -0.927249 -1 -0.0971031 -0.901958 0.0144355 -0.440011 0.128098 -0.0283214 -0.677691 0.204911 -0.530994 0.638833 -0.678679 -0.472447 -0.988074 -0.409265 -0.883399 0.077301 1 -0.438414 -0.284576 -1 -1 -0.0449191 -1 0.710876 -0.643281 -1 0.148185 -1 -0.469918 -1 -0.30816 0.781835 -0.416477 -1 -1 -0.0384873 0.275285 0.807619 -0.995381 -1 -0.691948 -0.938023 -1 -0.993185 -0.062408 -1 -1 -0.58058 -0.791231 -1 -0.717772 -0.465229 -1 -1 -0.00869303 -0.954216 -0.580837 0.384697 -0.763264 -1 -0.280647 -0.378982 -0.377332 -1 -1 -0.969651 -0.311713 0.543597 0.325874 0.749755 -0.834933 -1 -0.404128 -0.868026 -1 -0.91539 -1 -1 -0.255852 -0.817616 0.862472 -1 -0.132721 0.570825 0.0310941 0.270329 -0.773185 -0.811772 -0.672222 -0.897602 -0.0108765 -0.536068 1 -0.6398 -0.305344 -0.98082 -1 0.416777 0.64726 -0.326084 -1 -1 -1 -0.892906 -1 -1 -1 -0.0154855 0.422917 0.529627 -0.836121 -0.380208 0.208453 0.49427 0.232648 -1 -0.283161 -1 
-1 1 -1 0.898097 -0.184473 -0.453201 0.366851 0.0618182 0.0146022 -0.848752 -0.356342 -1 -0.904513 -1 -0.873579 -0.990197 0.557402 0.534102 -0.927249 -0.998041 -0.0971031 -0.837925 0.0144355 -0.440011 0.0481034 -0.0283214 -1 0.204911 -0.530994 0.638833 -0.62255 -0.400904 -0.885752 -0.509602 -0.430283 0.077301 1 -0.438414 -0.118444 -1 -1 -0.0449191 -0.936532 0.710876 -0.970117 -1 0.0750513 -1 -0.469918 -1 -0.30816 0.781835 -0.489905 -1 -1 -0.0384873 0.275285 0.807619 -0.995381 -1 -1 -1 -1 -1 -0.182035 0.0145283 -1 -0.58058 -0.791231 -0.940565 -0.717772 -0.465229 -1 -1 -0.379385 -1 -0.580837 0.384697 0.347487 -1 -0.103999 -0.20537 -0.377332 -1 -1 -0.969651 -0.307754 0.543597 0.425389 0.426625 -0.528477 -1 -0.263369 -0.722644 -1 -1 -1 -1 -0.255852 -0.6352 0.862472 -1 -0.132721 0.570825 0.0310941 0.270329 -0.688404 -0.572902 -0.672222 -0.897602 -0.0108765 -0.547083 0.889471 -0.6398 -0.305344 -1 -1 0.416777 0.794825 -0.326084 -1 -1 -1 -0.892906 -1 -1 -1 -0.0154855 0.422917 0.529627 -0.836121 -0.18672 0.208453 0.382081 0.232648 -1 -0.283161 -1 
-1 1 -1 0.898097 -0.184473 -0.429775 0.366851 0.0618182 9.14335e-05 -0.848752 -0.346395 -1 -0.904513 -1 -0.873579 -0.990197 0.557402 0.525676 -0.927249 -0.998041 -0.0971031 -0.837925 0.0144355 -0.471046 0.128098 -0.0283214 -1 0.204911 -0.530994 0.638833 -0.62255 -0.400904 -0.885752 -0.36019 -0.5635 0.077301 1 -0.438414 -0.232523 -1 -1 -0.0449191 -1 0.710876 -0.970117 -1 0.148185 -1 -0.469918 -1 -0.30816 0.781835 -0.489905 -1 -1 -0.0384873 0.275285 0.807619 -0.995381 -1 -1 -1 -1 -1 -0.062408 0.0145283 -1 -0.58058 -0.791231 -1 -0.717772 -0.465229 -1 -1 -0.379385 -1 -0.580837 0.384697 0.347487 -1 -0.103999 -0.20537 -0.377332 -1 -1 -0.969651 -0.307754 0.543597 0.425389 0.467343 -0.528477 -1 -0.263369 -0.722644 -1 -1 -1 -1 -0.255852 -0.498967 0.862472 -1 -0.132721 0.570825 0.0310941 0.270329 -0.688404 -0.587703 -0.672222 -0.897602 -0.0108765 -0.435132 1 -0.6398 -0.305344 -0.98082 -1 0.416777 0.794825 -0.326084 -1 -1 -0.959636 -0.892906 -1 -1 -1 -0.0154855 0.422917 0.529627 -0.836121 -0.18672 0.208453 0.382081 0.232648 -1 -0.283161 -1 
-0.57063 1 -1 0.898097 -0.298437 -0.315495 0.366851 -0.16153 0.066253 -0.865111 0.101251 -1 -1 -0.907148 -0.75736 -0.708524 0.102454 0.622778 -0.433885 -1 -0.757282 -1 -0.162378 -0.357836 0.490635 -0.0283214 -1 0.0309089 -0.857635 0.48141 -0.62255 -0.827121 -0.885752 0.265331 -0.579166 0.077301 0.996476 -0.701028 0.0357919 -1 0.252425 0.151796 -1 0.710876 -0.0976093 -0.72311 -0.945021 -1 -0.528574 -1 -1 0.719972 -0.226598 -1 -0.701941 -0.0384873 0.275285 -0.184428 -1 -1 -0.138769 -1 -1 -0.624577 -0.026861 0.27861 -0.450117 -0.58058 -1 -0.841522 -1 -0.24407 -0.0187827 -1 -0.531836 -1 -0.580837 0.359666 -0.396471 -0.100503 -0.416486 0.286725 -0.948939 -0.238125 -1 -1 -0.616503 0.883843 0.178771 0.656717 0.103228 -1 -0.351977 -0.131517 -1 -1 -1 -1 -0.308587 -0.498967 0.739576 -1 0.854496 0.631825 0.0310941 0.216215 -0.688404 -0.702264 -0.307602 -1 -0.0108765 -0.212906 1 -0.896493 -0.621372 -0.98082 -1 -0.210203 0.833689 -0.526582 -0.913632 -1 -0.977255 -0.892906 -0.981638 -0.335677 -1 0.189367 0.422917 0.825381 -1 -0.00376821 0.495806 0.301205 0.232648 -1 -0.283161 -1 
-0.57063 0.928976 -1 0.898097 -0.298437 0.521914 0.366851 -0.0776142 0.0146022 -0.865111 0.249136 -1 -0.904513 -1 -0.75736 -0.708524 0.260621 0.622778 -0.433885 -1 -0.0971031 -1 0.0144355 -0.357836 0.490635 -0.0283214 -1 0.900234 -0.458526 0.638833 -0.62255 -0.790657 -0.885752 -0.0510718 -0.430283 0.077301 0.996476 -0.438414 -0.0303881 -1 0.165291 0.151796 -1 0.710876 -0.0976093 -1 0.214882 -1 -0.444101 -1 -0.30816 0.664612 -0.14248 -1 -0.701941 -0.0384873 0.274758 0.704345 -0.720839 -1 -0.138769 -1 -1 -0.545472 -0.026861 0.261153 0.320839 -0.58058 -0.440751 -1 -1 -0.540197 -0.0187827 -1 -0.531836 -1 -0.580837 0.384697 0.347487 -0.100503 0.618418 0.284041 -0.151791 -0.599681 -1 -0.969651 -0.26363 0.883843 0.540383 0.656717 -0.137951 -1 -0.263369 -0.185273 -1 -1 -1 -0.809563 -0.308587 -0.498967 0.739576 -1 0.854496 0.631825 0.0310941 0.248608 -0.688404 0.209902 -0.225196 -1 -0.0108765 -0.455633 1 -0.6398 -0.259897 -0.98082 -1 0.0238342 0.833689 -0.526582 -1 -1 -0.907422 -0.892906 -0.962235 -0.71551 -1 -0.0154855 0.422917 1 -0.836121 -0.00376821 0.495806 0.301205 0.232648 -0.890779 -0.283161 -0.550207 
-0.57063 0.907654 -1 0.898097 -0.298437 0.521914 0.536179 0.0618182 0.0146022 -0.865111 0.249136 -1 -1 -1 -0.75736 -0.715849 0.260377 0.0964882 -0.433885 -1 -0.0971031 -0.715788 0.0144355 -0.357836 0.45726 -0.175263 -0.650367 0.900234 -1 0.638833 -0.62255 -1 -0.885752 -0.0510718 -0.430283 0.077301 0.996476 -0.438414 0.0357919 -0.99241 0.165291 0.151796 -1 1 -0.0976093 -1 0.214882 -0.615954 -0.688157 -0.942718 -0.30816 1 -0.14248 -1 -0.701941 -0.0384873 0.275285 0.66563 -0.720839 -1 -0.138769 -1 -1 -0.545472 0.311325 0.261153 0.320839 -0.58058 -0.440751 -1 -0.945669 -0.465229 -0.0187827 -1 -0.531836 -1 -0.65178 0.384697 0.635415 -0.100503 0.84281 0.284041 -0.151791 -0.599681 -1 -0.969651 -0.26363 0.883843 -0.708368 0.656717 -0.137951 -1 -0.263369 -1 -1 -1 -1 -0.809563 -0.308587 -0.600849 0.739576 -1 0.854496 0.527794 0.0310941 0.248608 -0.688404 0.209902 -0.225196 -1 -0.0108765 -0.873541 1 -0.6398 -0.305344 -0.98082 -0.991255 0.120783 0.235122 -1 -1 -1 -0.574905 -0.892906 -0.962235 -0.71551 -1 -0.0154855 0.422917 1 -0.836121 -0.00376821 0.495806 0.301205 0.232648 -0.890779 -0.283161 -0.550207 
-0.57063 0.730534 -1 0.597793 -0.242969 -0.529616 0.366851 -0.101658 -0.592385 -0.872711 0.000953525 -0.742607 -1 -1 -0.866057 -0.708524 0.260621 0.298599 -0.433885 -0.738571 -0.0971031 -0.868896 0.0144355 -0.357836 0.490635 0.243186 -1 0.900234 -0.742033 0.638833 -0.62255 -0.354558 -0.485949 -0.621633 -0.646573 0.114675 0.612072 -0.555833 -0.130494 -0.981406 -0.0324355 0.151796 -1 0.649151 -0.0976093 -0.117793 0.214882 -1 -0.592966 -1 0.357478 0.781835 -0.14248 -1 -0.621297 -1 0.0805914 -0.507184 -0.720839 -1 -0.138769 -1 -1 -1 0.00577941 -0.208317 -0.083435 -0.46453 -0.440751 -0.964852 -1 -0.945842 -0.127136 -0.286877 -0.531836 -1 -0.580837 0.422879 0.411546 0.790307 -0.0563567 0.170025 -0.258415 -0.805359 -1 -1 -0.26363 0.622107 0.581467 0.488353 0.122295 -0.807062 -0.266288 -0.871421 -0.649555 -1 -1 -1 0.407147 -1 0.538034 -0.940575 -0.266274 0.309588 -0.319174 0.248608 -0.688404 -0.956397 -0.118101 -0.67143 -0.0108765 0.677948 0.793815 -0.61794 -0.132161 -0.225174 -1 0.0238342 0.88011 -0.495156 -0.962151 -1 -0.907422 -1 -0.956868 -1 -0.422027 -0.0154855 1 1 -1 -0.00376821 0.227085 0.301205 0.943227 -0.890779 -0.364764 -0.743176 
-0.57063 0.226274 -1 1 -0.298437 -0.177589 0.366851 0.0618182 0.0146022 -0.865111 0.249136 -1 -0.904513 -1 -0.866057 -0.708524 0.260621 0.622778 -0.433885 -0.738571 -0.0971031 -1 0.0144355 -0.357836 0.490635 0.353328 -1 0.900234 -0.40113 0.638833 -0.62255 -0.0507682 -0.485949 -0.0510718 -0.430283 0.077301 0.996476 -0.555406 -0.130494 -1 -0.617558 0.151796 -1 0.710876 -0.0976093 -0.248353 0.214882 -1 -0.712401 -1 0.628244 0.781835 -0.14248 -1 -1 -0.0384873 -0.701013 0.351872 -0.720839 -0.974079 0.156191 -0.550755 -0.986065 -0.90417 -0.026861 0.261153 0.320839 -0.58058 -0.200098 -1 -1 -0.465229 0.758715 -1 -0.531836 -1 -0.580837 0.384697 0.347487 0.702962 0.618418 0.284041 -0.151791 -0.805359 -1 -1 -0.26363 0.622107 0.540383 0.803554 0.122295 -0.750747 -0.263369 -0.508476 -0.649555 -1 -1 -1 0.173892 -0.498967 0.739576 -1 0.698666 0.0528072 0.0310941 0.248608 -0.688404 0.209902 0.0705066 -0.707774 -0.0108765 0.677948 0.758176 -0.6398 -0.132161 -0.225174 -1 0.0238342 0.833689 -0.526582 -0.774232 -0.967952 -0.907422 -0.930088 -0.962235 -1 -0.386987 -0.0700408 0.974266 1 -0.836121 -0.0710683 0.495806 0.301205 0.838524 -0.890779 0.654888 -0.550207 
-0.264957 0.730534 -1 0.865113 -0.298437 -0.252582 -0.0505303 0.0931559 -0.734471 -1 0.249136 -1 -0.904513 -1 -0.974584 -0.708524 0.260621 -0.0358679 -0.490122 -1 0.147871 -1 0.0144355 -0.357836 0.698572 -0.225795 -1 0.382201 -0.458526 0.638833 -1 -0.0507682 -0.485949 -1 -0.430283 0.077301 0.996476 -0.868159 -0.574207 -1 0.333474 0.151796 -1 0.996761 0.122397 -0.248353 0.214882 -1 -0.712401 -1 0.324612 -0.351929 -0.14248 -0.833203 -1 -1 0.409645 0.351872 -1 -0.974079 -0.138769 -1 -1 -0.545472 -0.026861 -0.145959 0.320839 -1 -0.666749 -0.954796 -1 -0.465229 0.758715 -0.649372 -0.531836 -1 -0.726506 -0.123147 -0.824087 0.804759 -0.0608498 0.174532 -1 -0.805359 -1 -0.969651 -0.522148 0.0379223 0.540383 0.885118 0.122295 -0.750747 -0.744563 -1 -1 -1 -1 -1 0.173892 -0.498967 0.298179 -1 -0.00322014 0.0595156 -0.301856 0.248608 -1 -0.235138 -0.018246 -0.409944 -0.125941 0.677948 0.89753 -0.6398 -0.132161 -0.225174 -1 -0.126152 0.728789 -1 -1 -1 -0.758008 -0.892906 -0.962235 -1 -1 0.0955097 0.974266 -0.362357 -0.836121 -0.711209 0.630463 -0.100943 0.977941 -0.890779 -0.245127 -1 
-0.744131 0.96191 -1 0.523803 -0.184473 -0.377794 0.366851 -0.620133 0.12229 -1 -0.317874 -1 -0.904513 -1 -0.508962 -1 0.557402 -1 -1 -1 -0.0971031 -0.607032 -0.139572 -0.440011 -0.243454 -0.487058 -1 -0.357114 -1 0.638833 -0.754828 -0.400904 -0.885752 -0.18875 -0.430283 -0.22773 1 -0.308089 -0.362431 -1 -1 -0.253602 -1 0.710876 -0.967155 -1 0.148185 -1 -0.469918 -1 -1 0.082548 -0.213901 -1 -1 -0.3537 0.275285 0.807619 -1 -1 -0.681963 -0.781814 -1 -1 -0.062408 -0.0874341 -1 -0.878985 -0.823351 -1 -1 -0.534078 -1 -1 -1 -1 -0.65344 0.104394 0.347487 -0.958841 -0.103999 -0.20537 -0.0838318 -0.665009 -0.95537 -0.969651 -0.307754 0.543597 0.353089 0.426625 -1 -0.958816 -0.263369 -1 -1 -1 -0.892138 -1 -0.793609 -0.498967 0.862472 -1 -0.0436413 0.570825 -0.00463966 0.229254 -0.688404 -0.563893 -0.672222 -0.988519 -1 -0.52507 1 -1 -0.305344 -0.98082 -1 0.416777 0.794825 -0.368771 -0.907068 -1 -1 -0.892906 -1 -0.659861 -1 -0.0154855 0.422917 0.529627 -0.836121 -0.537004 0.553083 -0.0587158 0.0902781 -1 -0.283161 -0.962976 
-0.398569 0.730534 -1 0.840887 -1 -0.214019 0.357139 0.158335 -0.495482 -1 -0.300279 -0.897165 -1 -1 -0.898472 -1 0.022682 0.936111 -0.897965 -0.580873 -1 -0.833091 -0.0986781 -0.32527 -0.801066 0.0821776 -1 -0.293566 -0.232611 0.638833 -0.87347 -0.0507682 -0.540074 -0.196892 -0.430283 -0.297741 0.0361181 -0.509203 -0.130494 -1 -0.0414436 -0.171583 -1 0.289384 -0.222678 -0.615496 -0.0811418 -1 -0.712401 -1 0.628244 0.773469 -1 -1 -1 -0.37285 -0.12042 0.00557753 -0.460282 -1 -0.138769 -1 -0.884103 -0.540168 -1 0.00817797 -0.2347 -0.821867 -1 -1 -1 -0.786604 -0.519574 -1 -0.81395 -1 -0.843695 0.11809 -0.0729232 0.702962 0.527739 0.197034 -0.00388174 -1 -0.81376 -0.820129 -0.162079 0.131286 0.642283 0.50366 0.122295 -1 -1 -0.80418 -0.870193 -1 -1 -1 -0.122817 -1 0.562458 -1 0.641157 0.0214144 -0.283448 0.185696 -0.715364 0.0298939 -0.134982 -0.67143 -0.611981 0.604462 0.1746 -0.896972 -0.132161 -0.978169 -1 0.401868 0.833689 -0.526582 -1 -1 -1 -1 -0.962235 -1 -0.848137 -0.0363421 0.705218 1 -1 -0.00376821 0.495806 0.301205 0.618391 -1 0.210288 -1 
-1 0.860168 -1 0.898097 -1 -0.414363 0.437686 -1 0.0146022 -0.630562 -0.675217 -1 -0.654365 -1 -0.794279 -1 0.557402 0.452332 -1 -1 -0.281393 -1 0.272278 -0.366162 0.0681367 -0.0283214 -1 0.179609 -0.799623 0.510057 -1 -0.400904 -0.90256 -0.407843 -1 0.077301 0.996476 -0.462054 -0.360239 -1 -0.644263 0.26342 -0.952808 0.710876 -0.532705 -1 0.214882 -1 -0.469918 -1 -0.256253 1 -0.796633 -0.966685 -1 -0.0384873 -0.0121339 0.606921 -1 -1 -0.709259 -0.956506 -0.892388 -0.954447 -0.321206 0.0683494 -1 -0.807697 -0.791231 -1 -0.712602 -0.465229 -1 -1 -0.379385 -1 -1 0.384697 -0.610613 -0.998827 -0.102438 -0.755668 0.302974 -1 -1 -1 -1 0.543597 0.425389 -0.154415 -1 -1 -0.0923458 -0.722644 -1 -1 -1 -0.680339 -0.181768 -0.478629 0.5308 -1 -0.132721 0.570825 0.0310941 0.132139 -0.886033 -0.757101 -0.659392 -1 -0.0108765 -0.389351 0.651867 -0.644097 -1 -0.98082 -1 0.416777 0.71304 -0.326084 -1 -0.901575 -1 -0.892906 -0.7834 -1 -0.916754 -0.0154855 -0.45789 0.108705 -0.836121 -0.229922 0.193201 0.301205 0.232648 -1 -0.900242 -1 
-0.57063 0.928976 -1 0.898097 -0.298437 0.521914 0.366851 0.0618182 0.0146022 -0.822867 0.249136 -1 -0.904513 -1 -0.75736 -0.708524 0.260621 0.622778 -0.433885 -1 -0.0971031 -1 0.0144355 -0.357836 0.490635 -0.0283214 -1 0.900234 -0.458526 0.638833 -0.62255 -0.790657 -0.885752 -0.0510718 -0.430283 0.077301 0.996476 -0.438414 0.0357919 -1 0.165291 0.151796 -1 0.710876 -0.0976093 -1 0.214882 -1 -0.469918 -1 -0.30816 0.781835 -0.14248 -1 -0.701941 -0.0384873 0.275285 0.704345 -0.720839 -1 -0.138769 -1 -1 -0.545472 -0.026861 0.261153 0.320839 -0.58058 -0.440751 -1 -1 -0.465229 -0.0187827 -1 -0.531836 -1 -0.580837 0.384697 0.347487 -0.100503 0.618418 0.284041 -0.151791 -0.599681 -1 -0.969651 -0.26363 0.883843 0.540383 0.656717 -0.137951 -1 -0.263369 -0.185273 -1 -1 -1 -0.809563 -0.308587 -0.498967 0.739576 -1 0.854496 0.631825 0.0310941 0.248608 -0.688404 0.209902 -0.225196 -1 -0.0108765 -0.455633 1 -0.6398 -0.305344 -0.98082 -1 0.0238342 0.833689 -0.526582 -1 -1 -0.907422 -0.892906 -0.962235 -0.71551 -1 -0.0154855 0.422917 1 -0.836121 -0.00376821 0.495806 0.301205 0.232648 -0.890779 -0.283161 -0.550207 
-1 1 -1 0.898097 -0.184473 -0.429775 0.237236 0.0618182 0.0146022 -1 -0.356342 -1 -0.904513 -1 -0.873579 -0.990197 0.557402 0.525676 -0.927249 -0.998041 -0.0971031 -0.837925 0.0144355 -0.440011 0.128098 -0.0283214 -1 0.204911 -0.530994 0.638833 -0.62255 -0.400904 -0.885752 -0.36019 -0.430283 0.077301 1 -0.438414 -0.118444 -1 -1 -0.0449191 -1 0.710876 -0.970117 -1 0.148185 -1 -0.469918 -1 -0.30816 0.781835 -0.489905 -1 -1 -0.0384873 0.275285 0.807619 -0.995381 -1 -1 -1 -0.966707 -1 -0.062408 0.0145283 -1 -0.58058 -0.791231 -1 -0.717772 -0.465229 -1 -1 -0.379385 -1 -0.580837 0.384697 0.347487 -1 -0.163267 -0.20537 -0.451011 -1 -1 -0.969651 -0.307754 0.543597 0.425389 0.426625 -0.528477 -1 -0.263369 -0.722644 -1 -0.976257 -1 -1 -0.255852 -0.498967 0.862472 -1 -0.132721 0.570825 0.0310941 0.270329 -0.688404 -0.572902 -0.672222 -0.897602 -0.0108765 -0.532805 1 -0.6398 -0.305344 -0.98082 -1 0.416777 0.794825 -0.326084 -1 -1 -1 -0.892906 -1 -1 -1 -0.0154855 0.422917 0.529627 -0.836121 -0.18672 0.172935 0.382081 0.232648 -1 -0.283161 -1 
-0.568445 0.730534 -1 0.898097 -1 0.556447 0.366851 -0.0705074 0.152436 -1 0.249136 -1 -0.904513 -1 -0.866057 -0.667547 0.274074 -0.459253 -1 -1 0.170254 -0.893704 -0.0950174 -0.357836 -0.366858 0.353328 -1 0.570923 -0.509253 0.452195 -0.900445 -0.151053 -0.901349 -1 -0.517388 -0.332229 0.996476 -0.409784 0.246038 -1 -0.746706 0.0804437 -1 0.508814 -0.0976093 -0.179847 -0.46433 -1 -1 -0.943111 0.628244 0.574649 -1 -1 -1 -0.217316 0.395815 -0.899497 -1 -0.974079 -0.801099 -0.810453 -1 -0.789562 -0.136108 -0.261938 0.320839 -0.517632 -0.440751 -1 -1 -0.672294 -0.89076 -0.649372 -0.505771 -1 -0.779667 0.258781 -0.909635 0.702962 0.257381 0.284041 -0.721534 -1 -1 -1 -0.414812 0.366797 -0.313184 0.705809 0.122295 -0.871605 -0.937207 -0.462808 -0.649555 -1 -1 -1 0.173892 -0.11771 0.146615 -1 -0.607292 0.203681 -0.154124 -0.126166 -1 -0.219532 0.0705066 -0.880037 -0.0110412 -0.861839 0.816832 -0.6398 -0.306498 -0.382509 -1 -0.151115 0.492584 -1 -0.925498 -0.869491 -0.907422 -1 -1 -0.896108 -1 -0.0154855 0.790107 0.073325 -1 -0.0156642 0.193352 -0.694236 0.977941 -0.890779 -0.737973 -0.966267 
-1 1 -1 0.898097 -0.184473 -0.429775 0.593303 0.416188 -0.551546 -0.440237 -0.346395 -1 -1 -1 -0.873579 -0.990197 0.557402 0.525676 -1 -0.998041 -0.697946 -0.837925 0.142403 -0.182362 0.128098 -0.0283214 -1 0.204911 -0.530994 0.638833 -0.375785 -0.667108 -0.885752 -0.36019 -0.5635 0.077301 1 -0.438414 -0.118444 -1 -1 -0.625715 -1 0.387833 -0.970117 -1 0.0445957 -1 -0.469918 -1 -0.30816 0.781835 -1 -1 -1 -0.0384873 0.275285 0.807619 -0.995381 -1 -1 -1 -1 -1 -0.062408 0.0145283 -1 -0.58058 -0.791231 -1 -1 -0.722096 -1 -1 -0.395865 -1 -0.580837 0.384697 0.347487 -1 -0.853267 -0.20537 -1 -1 -1 -0.969651 -1 0.543597 0.425389 0.426625 -0.528477 -1 -0.263369 -0.722644 -1 -1 -1 -1 -0.255852 -0.498967 0.862472 -1 -0.866101 0.570825 0.0310941 0.270329 -0.688404 -0.587703 -0.672222 -1 -0.0108765 -0.696354 1 -0.6398 -0.351515 -0.98082 -1 0.416777 0.794825 -0.353545 -1 -1 -1 -0.892906 -1 -1 -1 -0.0154855 0.422917 0.529627 -0.836121 -0.18672 -0.545113 0.382081 0.232648 -1 -0.283161 -1 
-1 1 -1 0.898097 -0.184473 -0.429775 0.366851 0.0618182 0.0146022 -0.848752 -0.495204 -1 -1 -1 -0.873579 -0.990197 0.384956 0.915782 -0.927249 -0.998041 -0.0971031 -1 0.0144355 -0.440011 0.128098 -0.0283214 -1 0.204911 -0.530994 0.638833 -0.62255 -1 -0.885752 -0.350439 -0.430283 0.077301 1 -0.438414 -0.118444 -1 -1 -0.0449191 -1 0.710876 -0.970117 -1 0.148185 -1 -1 -1 -0.30816 0.781835 -0.489905 -1 -1 -0.0384873 0.0880421 0.807619 -0.995381 -1 -1 -1 -1 -1 -0.0716788 -0.571652 -1 -0.58058 -1 -0.9717 -0.717772 -1 -1 -1 -0.577226 -1 -0.580837 0.384697 0.347487 -0.843593 -0.103999 -0.20537 -0.779589 -1 -1 -0.969651 -0.307754 0.543597 0.425389 0.426625 -0.528477 -1 -0.263369 -0.722644 -1 -1 -1 -1 -1 -0.498967 0.355051 -1 -0.132721 0.570825 0.0310941 0.270329 -0.913149 -0.572902 -0.672222 -0.897602 -0.0108765 -0.435132 1 -0.6398 -0.305344 -0.98082 -1 0.330594 0.794825 -0.326084 -1 -1 -1 -0.892906 -1 -1 -1 -0.0154855 0.422917 0.529627 -0.836121 -0.289582 0.208453 0.206891 -0.350879 -1 -1 -1 
-1 1 -1 0.898097 -0.184473 -0.429775 0.366851 0.0618182 -0.00913382 -0.855727 -0.356342 -1 -0.904513 -1 -0.873579 -0.990197 0.557402 0.525676 -0.927249 -1 -0.0971031 -0.837925 0.0144355 -0.471046 0.128098 -0.0283214 -1 0.204911 -0.530994 0.638833 -0.62255 -0.400904 -0.885752 -0.36019 -0.5635 0.077301 1 -0.438414 -0.118444 -1 -1 -0.0449191 -1 0.710876 -0.970117 -1 0.148185 -1 -0.469918 -1 -0.30816 0.781835 -0.489905 -1 -1 -0.115496 0.275285 0.807619 -0.995381 -0.953169 -1 -1 -1 -1 -0.062408 0.0145283 -1 -0.58058 -0.791231 -1 -0.717772 -0.583262 -1 -1 -0.379385 -1 -0.580837 0.384697 0.347487 -1 -0.103999 -0.20537 -0.377332 -1 -1 -0.969651 -0.307754 0.543597 0.442582 0.426625 -0.528477 -1 -0.263369 -0.722644 -1 -1 -1 -1 -0.279596 -0.498967 0.862472 -1 -0.132721 0.418114 0.0310941 0.270329 -0.688404 -0.587703 -0.707237 -0.897602 -0.0108765 -0.435132 1 -0.6398 -0.305344 -0.98082 -1 0.416777 0.794825 -0.326084 -1 -1 -1 -0.892906 -1 -1 -1 -0.0154855 0.422917 0.529627 -0.836121 -0.18672 0.208453 0.382081 0.232648 -1 -0.283161 -1 
-0.57063 1 -1 0.898097 -0.492416 0.417293 0.623816 -0.292607 -0.459616 -1 0.249136 -0.962996 -1 -1 -0.669349 -0.55352 0.689458 0.419809 -0.808987 -0.819094 -0.786053 -0.790214 -0.640254 -0.357836 -1 -0.32362 -1 0.630586 -0.946082 0.638833 -0.931138 -0.555285 -0.108728 -0.0510718 -0.517388 -0.126155 0.996476 -0.555129 -0.391916 -1 -0.649563 0.0279751 -1 0.710876 -0.0976093 -0.420999 0.254161 -1 -1 -0.943111 0.628244 0.565239 -0.286079 -0.959794 -0.933357 -0.243101 0.409645 0.349917 -1 -1 -0.311506 -0.810453 -1 -0.545472 -0.026861 -0.724321 -0.149924 -0.517632 -0.697459 -0.810649 -1 -1 0.461844 -0.649372 -1 -1 -0.772032 -0.886963 -1 0.76742 0.257381 0.263066 -0.936792 -0.980589 -1 -1 -0.356375 -0.745289 -0.984569 0.824683 0.122295 -1 -0.15472 -0.462808 -0.649555 -1 -1 -1 0.173892 -0.787223 0.64365 -1 -0.323265 0.0273942 0.0310941 0.248608 -0.976787 0.0791843 0.0598235 -0.880037 -1 -0.861839 0.758616 -0.558507 -0.132161 -0.488936 -1 0.0238342 -0.111449 -0.508484 -1 -0.881424 -1 -1 -0.962235 -0.896108 -0.386987 -0.145515 -0.349839 1 -0.981683 -0.0374481 0.260299 0.270528 1 -1 -0.701946 -0.550207 
-1 1 -0.614568 0.898097 -0.184473 -0.429775 0.0634664 0.0618182 0.0146022 -1 -0.193362 -1 -1 -1 -0.999547 -0.990197 0.467655 0.525676 -0.927249 -1 -0.0971031 -1 0.0144355 -0.339882 0.128098 -0.0283214 -0.677691 0.204911 -0.52092 -0.205393 -0.600253 -0.472447 -0.885752 -1 -0.883399 0.077301 1 -0.287193 -0.284576 -1 -1 -1 -1 -0.304704 -1 -0.754014 0.400448 -1 -0.469918 -1 -0.30816 0.781835 -0.416477 -1 -1 0.194445 -0.269374 0.807619 -0.995381 -1 -0.92179 -0.938023 -1 -1 -0.062408 -1 -1 -0.252217 -0.791231 -1 -0.396079 -0.465229 -1 -1 -0.0107513 -0.954216 -0.580837 0.384697 -0.763264 -1 -0.103999 -0.20537 -0.377332 -1 -1 -0.969651 -0.307754 0.77584 -0.319949 0.749755 -0.651152 -1 -1 -0.868026 -0.630521 -0.91539 -1 -1 -0.258652 -0.817616 0.749922 -1 -0.831111 0.570825 0.0310941 0.270329 -1 -1 -0.672222 -0.897602 0.270246 -0.860502 0.43788 -0.897079 -0.305344 -0.98082 -1 -0.736062 0.372605 -0.326084 -1 -1 -1 -0.532227 -1 -1 -1 -0.0154855 -0.33289 0.422453 -0.836121 -0.320542 0.208453 0.501707 0.232648 -1 0.071553 -1 
-0.57063 0.730534 -1 0.597793 -0.298437 -0.448539 0.366851 -0.101658 -0.592385 -0.872711 0.000953525 -0.742607 -0.97619 -1 -0.866057 -0.664177 0.260621 0.298599 -0.433885 -0.738571 -0.0971031 -0.868896 0.0144355 -0.357836 0.490635 0.353328 -1 0.900234 -0.742033 0.638833 -0.62255 -0.354558 -0.485949 -0.621633 -0.646573 0.077301 0.612072 -0.438414 -0.130494 -0.981406 -0.0324355 0.151796 -1 0.656193 -0.0976093 -0.117793 0.214882 -1 -0.592966 -1 0.390753 0.781835 -0.14248 -1 -0.621297 -1 -0.157211 -0.507184 -0.727041 -1 -0.295821 -1 -1 -0.808507 -0.0290011 -0.208317 -0.083435 -0.46453 -0.440751 -1 -0.928573 -0.945842 -0.14473 -0.286877 -0.531836 -1 -0.580837 0.384697 0.411546 0.790307 0.139567 0.284041 -0.151791 -0.805359 -1 -1 -0.26363 0.622107 0.581467 0.488353 0.122295 -0.750747 -0.331536 -0.841043 -0.649555 -1 -1 -1 0.407147 -1 0.538034 -1 -0.266274 0.309588 -0.319174 0.129615 -0.688404 -0.956397 0.0705066 -0.67143 -0.0108765 0.677948 0.758176 -0.6398 -0.468466 -0.290539 -1 -0.0114701 0.88011 -0.652666 -1 -1 -0.907422 -1 -1 -1 -0.507045 -0.0154855 1 0.965621 -0.836121 -0.0281414 0.227085 0.301205 0.977941 -0.890779 -0.364764 -0.850463 
-1 0.679534 -1 -0.266256 -1 -0.405641 0.366851 -0.298687 -0.0461025 -0.741368 -0.356342 -1 -1 -0.782815 -1 -0.550899 0.557402 0.528514 -0.927249 -0.79818 0.116456 -0.741202 0.0144355 -0.473208 0.128098 0.0818233 -1 0.204911 -0.696484 0.436319 -1 -0.855895 -0.956957 -0.732051 -0.430283 0.077301 0.869032 -1 -1 -1 -0.631181 -0.336631 -1 0.107611 -1 -1 0.0879656 -1 -0.905849 -1 -0.30816 -0.0882258 -0.57993 -1 -1 -0.0384873 0.275285 0.807619 -1 -1 -1 -1 -1 -1 -0.306759 -1 -1 -0.58058 -1 -1 -1 -0.802838 -1 -1 -0.379385 -1 -0.580837 -0.159087 -1 -1 -0.961641 -0.20537 -0.377332 -1 -1 -0.969651 -0.307754 0.543597 0.417081 -0.627539 -0.687775 -0.867577 -1 -0.722644 -1 -1 -1 -1 -1 -0.656632 0.862472 -0.679243 -0.89109 0.570825 0.0310941 0.270329 -0.99763 -0.71069 -0.672222 -0.897602 -0.0108765 -0.905778 0.627933 -0.6398 -0.657532 -1 -1 0.416777 0.794825 -0.326084 -1 -1 -1 -0.892906 -1 -1 -0.78292 0.0825902 0.422917 0.298312 -0.868018 -0.877086 -0.352764 0.256811 0.204623 -0.731012 -0.283161 -1 
-0.57063 0.928976 -1 0.898097 -0.298437 0.521914 0.366851 0.0618182 0.0146022 -0.865111 0.249136 -1 -0.904513 -1 -0.75736 -0.715849 0.260621 0.622778 -0.433885 -1 -0.0971031 -1 0.0144355 -0.357836 0.490635 -0.175263 -1 0.900234 -0.458526 0.638833 -0.62255 -0.790657 -0.885752 -0.0510718 -0.430283 0.077301 0.996476 -0.438414 0.0357919 -1 0.165291 0.151796 -1 0.710876 -0.0976093 -1 0.214882 -1 -0.469918 -1 -0.30816 0.781835 -0.14248 -1 -0.701941 -0.0384873 0.275285 0.66563 -0.720839 -1 -0.138769 -1 -1 -0.545472 -0.026861 0.261153 0.320839 -0.58058 -0.440751 -1 -1 -0.465229 -0.0187827 -1 -0.531836 -1 -0.65178 0.384697 0.347487 -0.100503 0.618418 0.284041 -0.151791 -0.599681 -1 -0.969651 -0.26363 0.883843 0.441873 0.656717 -0.137951 -1 -0.263369 -0.184124 -1 -1 -1 -0.809563 -0.308587 -0.600849 0.739576 -1 0.854496 0.631825 0.0310941 0.156485 -0.688404 0.209902 -0.225196 -1 -0.0108765 -0.455633 1 -0.6398 -0.305344 -0.98082 -0.991255 0.0238342 0.833689 -0.602587 -1 -1 -0.920007 -0.892906 -0.962235 -0.71551 -1 -0.0756291 0.422917 1 -0.836121 -0.00376821 0.495806 0.301205 0.232648 -0.890779 -0.283161 -0.550207 
-0.462707 0.730534 -1 0.410032 -0.298437 0.556447 0.366851 -0.292607 0.0146022 -0.919073 0.249136 -0.962996 -0.904513 -1 -0.866057 -0.667547 0.373889 0.599587 -1 -0.738571 -0.0971031 -0.841608 -0.149126 -0.357836 -0.280108 0.296411 -0.994516 0.680279 -1 0.638833 -0.931138 -0.0507682 -0.466977 -0.0510718 -0.517388 -0.0723495 0.996476 -0.438414 -0.130494 -1 -0.649563 -0.0603375 -1 0.710876 -0.121905 -0.248353 0.254161 -1 -1 -0.943111 0.494352 0.781835 -0.381736 -0.959794 -1 -0.0384873 0.409645 0.349917 -1 -0.974079 -0.311506 -0.810453 -1 -0.545472 -0.026861 -0.880828 0.320839 -0.517632 -0.440751 -0.810649 -1 -0.876054 0.507597 -0.649372 -0.505771 -1 -0.435276 -0.140828 -1 0.702962 0.257381 0.263066 -0.914214 -1 -1 -1 -0.356375 0.271454 -0.108263 0.631392 0.00488324 -0.97685 -0.263369 -0.462808 -0.649555 -1 -1 -1 0.173892 -0.498967 0.739576 -1 -0.323265 0.631825 -0.0750989 0.248608 -0.976787 0.0791843 0.0705066 -0.880037 -0.0108765 -0.861839 0.789222 -0.509254 -0.0880629 -0.591093 -1 0.0238342 0.780432 -0.526582 -1 -1 -0.907422 -0.892906 -0.962235 -0.975287 -0.386987 -0.0804112 0.844457 1 -1 -0.138236 0.193352 0.301205 0.977941 -0.890779 -0.563092 -0.694428 
-0.57063 0.928976 -1 0.898097 -0.298437 0.521914 0.366851 0.0618182 0.0146022 -0.865111 0.249136 -1 -0.904513 -1 -0.75736 -0.708524 0.156187 0.622778 -0.433885 -1 -0.0971031 -1 0.0144355 -0.357836 0.490635 -0.0283214 -1 0.900234 -0.458526 0.638833 -0.62255 -0.790657 -0.862246 -0.0510718 -0.430283 0.077301 1 -0.438414 0.0357919 -1 0.165291 0.151796 -1 0.710876 -0.0976093 -1 0.214882 -1 -0.469918 -1 -0.30816 0.781835 -0.14248 -1 -0.701941 -0.0384873 0.275285 0.704345 -0.720839 -1 -0.138769 -1 -1 -0.545472 -0.026861 0.261153 0.320839 -0.58058 -0.440751 -0.98174 -1 -0.465229 -0.0187827 -1 -0.531836 -1 -0.580837 0.384697 0.347487 -0.100503 0.618418 0.284041 -0.251239 -0.599681 -1 -0.969651 -0.26363 0.883843 0.540383 0.656717 -0.137951 -1 -0.263369 -0.185273 -1 -1 -1 -0.809563 -0.308587 -0.498967 0.739576 -1 0.854496 0.631825 0.0310941 0.297725 -0.688404 0.209902 -0.225196 -1 -0.0108765 -0.455633 0.896856 -0.6398 -0.305344 -0.98082 -1 0.0238342 0.833689 -0.526582 -1 -1 -0.907422 -0.892906 -0.962235 -0.71551 -1 -0.0154855 0.422917 1 -0.836121 -0.00376821 0.495806 0.301205 0.232648 -0.890779 -0.283161 -0.550207 
-1 1 -1 0.898097 -0.856289 -0.429775 0.366851 0.0618182 0.0146022 -0.848752 -0.356342 -1 -0.904513 -0.607137 -0.873579 -0.990197 0.557402 0.525676 -0.927249 -1 -0.0971031 -0.837925 -0.044627 -0.440011 0.128098 -0.0283214 -1 0.204911 -0.530994 0.512601 -0.62255 -0.400904 -0.885752 -0.36019 -0.430283 -0.927624 1 -0.438414 0.161279 -1 -1 -1 -1 0.710876 -0.970117 -1 0.148185 -1 -0.469918 -1 -0.30816 0.781835 -0.489905 -1 -1 -0.0384873 0.275285 0.205229 -0.995381 -1 -1 -1 -1 -1 -0.062408 0.0145283 -0.821303 -0.58058 -0.791231 -1 -0.717772 -0.56006 -1 -1 -0.379385 -1 -0.580837 0.423542 0.347487 -1 -0.103999 -0.20537 -0.377332 -1 -1 -0.969651 -0.307754 -0.642598 0.425389 0.426625 -0.635439 -1 -0.263369 -0.722644 -1 -1 -1 -1 -0.255852 -0.498967 0.64496 -0.628017 -0.132721 0.570825 -1 0.270329 -0.688404 -0.572902 -1 -0.897602 -0.0108765 -1 1 -0.670933 -0.305344 -0.98082 -0.663582 0.416777 0.794825 -1 -1 -1 -1 -0.892906 -1 -1 -1 -0.0154855 0.422917 0.529627 -0.836121 -0.18672 0.208453 0.296357 0.232648 -1 -0.283161 -0.930312 
-0.462707 1 -0.881857 0.560459 -0.126038 0.749127 0.144151 -0.292607 0.0146022 -0.776509 -0.102911 -1 -1 -1 -0.866057 -0.752307 -0.0697955 0.599587 -0.751704 -0.738571 -0.0945865 -0.841608 -0.329999 -0.376681 -0.324575 0.353328 -0.994516 -0.292068 -1 0.638833 -1 -0.0405043 -1 -1 -0.517388 -0.241732 0.889926 -0.438414 0.17157 -1 -0.554974 0.0804437 -1 0.710876 -0.258361 -0.248353 0.254161 -1 -1 -0.943111 0.494352 0.748277 -0.255297 -1 -1 -0.171441 0.409645 0.349917 -1 -1 -0.311506 -0.810453 -1 -0.545472 -0.026861 -1 -0.822057 -0.517632 -0.440751 -0.810649 -1 -0.876054 0.417506 -0.669059 -0.734607 -1 -0.702265 -0.140828 -1 -0.00719142 0.257381 0.263066 -0.914214 -1 -1 -1 -0.455356 0.271454 -1 0.824683 0.168779 -0.97685 -0.76207 -0.462808 -0.257098 -1 -1 -1 -0.0405298 -0.498967 0.598294 -1 -0.371444 0.631825 -0.0750989 -0.197352 -1 0.0791843 0.125886 -0.880037 -0.0108765 -1 0.789222 -0.692979 -0.132161 -0.600271 -1 0.0238342 0.780432 -1 -1 -1 -1 -0.823393 -1 -0.896108 -0.486304 -0.115357 0.844457 1 -1 -0.00376821 0.193352 0.141381 0.977941 -1 -1 -1 
-1 1 -1 0.898097 -0.184473 -0.429775 0.366851 0.0618182 -0.57445 -0.848752 -0.356342 -1 -0.904513 -1 -0.98821 -0.990197 0.557402 0.525676 -0.927249 -1 -0.0971031 -0.837925 0.0144355 -1 0.128098 -0.0283214 -0.756233 0.204911 -0.654992 0.638833 -0.62255 -0.400904 -1 -0.36019 -0.430283 0.100436 1 -0.438414 -0.118444 -1 -1 -0.0449191 -1 0.710876 -1 -1 0.148185 -1 -0.429259 -0.936864 -0.960886 0.781835 -0.099399 -1 -0.989147 -0.0384873 0.275285 0.727091 -1 -1 -1 -1 -1 -0.925821 -0.062408 0.0145283 -1 -0.926307 -0.791231 -1 -0.717772 -0.465229 -1 -1 -0.379385 -1 -0.580837 0.208732 0.303182 -1 -0.103999 -0.20537 -0.377332 -1 -1 -0.969651 -0.307754 0.543597 0.425389 0.322392 -0.528477 -1 -0.263369 -0.722644 -1 -1 -1 -1 -0.255852 -0.498967 0.862472 -1 -0.132721 0.255726 0.0310941 0.236258 -0.688404 -0.852897 -0.672222 -0.897602 -0.0108765 -0.650774 1 -1 0.0503534 -0.98082 -0.851121 0.416777 0.794825 -0.340208 -1 -1 -1 -0.892906 -1 -1 -1 -0.0154855 0.449243 0.529627 -0.836121 -0.18672 0.277918 0.382081 0.232648 -1 -0.283161 -1 
-1 0.703133 -1 0.898097 -0.184473 -0.429775 0.366851 -0.595985 -0.574515 -0.988923 -0.356342 -1 -1 -1 -1 -0.865188 0.557402 0.402622 -0.904185 -0.998041 0.116456 -0.837925 0.0144355 -0.440011 -1 -0.0831275 -1 0.204911 -0.530994 -0.15585 -0.781703 -0.400904 -1 -0.925167 -0.430283 0.077301 0.869032 -0.872568 -1 -1 -1 -0.0449191 -1 0.665963 -1 -1 0.118734 -1 -0.565097 -1 -0.780471 0.625286 -0.489905 -1 -1 -0.0384873 0.554635 0.883352 -1 -1 -1 -1 -1 -1 -0.062408 -0.127783 -1 -1 -0.791231 -1 -1 -0.465229 -1 -1 -0.414195 -1 -0.580837 0.384697 -0.19213 -1 -0.156988 -0.526713 -0.151672 -1 -1 -0.969651 -0.813869 0.543597 0.425389 0.329541 -1 -1 -0.263369 -0.78749 -1 -1 -1 -1 -0.970901 -0.498967 0.862472 -1 -0.132721 0.570825 -0.496459 0.270329 -0.688404 -1 -0.672222 -0.897602 -0.0108765 -0.435132 0.674474 -0.752125 -0.305344 -1 -1 0.224933 0.884722 -0.326084 -0.880977 -1 -1 -0.966084 -1 -1 -0.601857 -0.0154855 0.422917 0.529627 -0.886187 -0.877086 0.208453 0.382081 0.281437 -0.920981 -0.283161 -1 
-0.57063 0.129626 -1 0.898097 -0.298437 0.171928 0.366851 0.0618182 -0.0502404 -0.865111 0.249136 -1 -0.983712 -0.946648 -1 -1 -1 0.745898 -1 -1 -0.045083 -1 0.0144355 -0.177235 0.0452229 -0.287723 -1 0.486809 -0.3289 0.638833 -1 -0.790657 -1 0.0559883 -0.651875 0.407172 -0.25379 -0.438414 -0.195112 -1 0.165291 0.151796 -1 -0.26466 -0.0976093 -1 0.191555 -1 -1 -1 -0.452323 0.781835 -0.222566 -0.865299 -0.495242 -0.703542 -0.416744 0.536217 -1 -1 -0.138769 -1 -1 -0.545472 -0.026861 -0.401993 0.320839 -0.58058 -0.825843 -0.888973 -1 -0.723423 -1 -1 -0.531836 -1 -0.86276 -0.259983 -0.513723 -1 0.618418 -0.0700884 -0.479727 -0.788368 -1 -1 -1 -0.109606 -0.367612 0.371723 -0.137951 -1 -0.387769 -0.185273 -1 -0.649434 -1 -1 -0.114379 -0.498967 0.739576 -1 -0.651656 0.631825 0.186642 -0.421597 -1 0.598779 -0.225196 -1 0.289968 -0.294953 1 -0.6398 -0.430801 -1 -1 0.0238342 0.0761429 -0.474177 -1 -0.965284 -1 -0.87729 -1 -0.71551 -1 -0.0154855 0.380042 0.814161 -0.836121 -0.723368 0.348192 0.379526 0.0194197 -1 -0.82187 -0.550207 
-0.57063 0.928976 -1 0.898097 -0.298437 0.521914 0.366851 -0.0577252 0.0146022 -0.865111 0.249136 -1 -0.904513 -1 -0.75736 -0.708524 0.260621 0.622778 -0.433885 -1 -0.230966 -1 0.0144355 -0.357836 0.490635 -0.157309 -1 0.900234 -0.458526 0.638833 -0.62255 -0.790657 -0.885752 -0.0510718 -0.454843 0.077301 0.996476 -0.438414 0.0357919 -1 0.165291 0.1043 -1 0.710876 -0.0976093 -1 0.214882 -1 -0.469918 -1 -0.30816 0.781835 -0.14248 -1 -0.701941 -0.0384873 0.0904111 0.704345 -0.720839 -1 -0.138769 -1 -1 -0.545472 -0.026861 0.261153 0.320839 -0.58058 -0.440751 -1 -1 -0.465229 -0.0187827 -1 -0.531836 -1 -0.580837 0.384697 0.347487 -0.100503 0.618418 0.284041 -0.151791 -0.599681 -1 -0.969651 -0.26363 0.883843 0.540383 0.635509 -0.137951 -1 -0.263369 -0.185273 -1 -1 -1 -0.809563 -0.511733 -0.498967 0.739576 -1 0.854496 0.631825 0.0310941 0.248608 -0.688404 0.209902 -0.225196 -1 -0.0108765 -0.455633 1 -0.6398 -0.305344 -0.98082 -1 0.0238342 0.833689 -0.526582 -1 -1 -0.907422 -0.892906 -0.962235 -0.71551 -1 -0.0154855 0.422917 1 -0.836121 -0.00376821 0.495806 0.301205 0.232648 -0.890779 -0.283161 -0.550207 
-0.887377 0.974723 -1 0.533371 -0.184473 -0.429775 0.366851 -0.173757 0.0146022 -1 -0.356342 -1 -0.904513 -1 -0.873579 -0.990197 0.557402 0.726798 -0.932339 -1 -0.0971031 -0.861624 0.0144355 -0.531663 0.128098 -0.0283214 -1 0.204911 -1 0.638833 -0.509927 -0.400904 -0.885752 -0.552982 -0.430283 0.077301 0.132167 -0.438414 -0.118444 -0.887802 -1 -0.0449191 -0.841596 -0.358415 -0.970117 -1 0.148185 -0.763482 -0.469918 -0.863984 -0.30816 0.781835 -0.489905 -1 -1 -0.0384873 0.180612 0.807619 -0.995381 -1 -1 -1 -1 -1 -0.616299 0.0145283 -1 -0.58058 -0.406214 -1 -0.717772 -0.882756 -1 -1 -0.379385 -1 -0.580837 0.384697 -0.457731 -1 -0.175796 -0.20537 -0.552994 -1 -1 -0.969651 -0.0603968 0.543597 0.425389 0.426625 -0.528477 -1 -0.263369 -0.722644 -1 -1 -1 -1 -0.341425 -0.498967 1 -0.950043 -0.132721 0.570825 0.0310941 -0.868506 -0.688404 -0.572902 -1 -1 -0.0108765 -0.435132 1 -0.6398 -1 -0.98082 -1 0.743342 0.794825 -0.326084 -1 -0.701885 -1 -0.892906 -0.82996 -1 -0.759342 -0.973452 0.343932 0.0550078 -0.836121 -0.18672 0.253717 0.835776 0.0977219 -1 -0.283161 -1 
-0.57063 0.777938 -1 0.898097 -0.298437 0.556447 0.366851 -0.116058 0.0728678 -1 0.249136 -1 -0.904513 -1 -0.866057 -0.667547 0.274074 0.422478 -1 -0.738571 -0.0971031 -0.812809 -0.0950174 -0.357836 -0.366858 0.275645 -1 0.570923 -0.929211 0.452195 -0.900445 -0.151053 -0.485949 -0.0510718 -0.517388 -0.0740757 0.861336 -0.409784 -0.130494 -1 -0.649563 0.0804437 -0.968641 0.508814 -0.191722 -0.248353 0.214882 -1 -1 -0.997399 0.367684 0.781835 -0.255297 -1 -1 -0.113085 0.409645 0.17245 -1 -0.974079 -0.348239 -0.810453 -1 -0.545472 -0.026861 -0.494527 0.320839 -0.561983 -0.440751 -0.810649 -1 -1 0.507597 -0.649372 -0.505771 -1 -0.779667 -0.140828 -0.771606 0.702962 0.257381 0.284041 -0.813092 -0.9269 -1 -1 -0.414694 0.366797 -0.313184 0.824683 0.122295 -1 -0.263369 -0.462808 -0.649555 -1 -1 -1 -0.152303 -0.498967 0.420893 -1 -0.323265 0.631825 0.0310941 -0.126166 -0.976787 -0.219532 0.0705066 -0.880037 -0.0110412 -0.861839 0.816832 -0.6398 -0.132161 -0.382509 -1 0.0238342 0.492584 -0.526582 -1 -1 -0.907422 -0.83665 -1 -0.896108 -0.612791 -0.0154855 0.790107 1 -0.860737 -0.00376821 0.193352 0.243145 0.977941 -0.890779 -0.571121 -0.615522 
-0.578831 0.928976 -1 0.898097 -0.298437 0.521914 0.366851 0.0618182 -0.135639 -0.865111 0.249136 -1 -0.904513 -1 -0.75736 -0.773636 0.260621 0.622778 -0.433885 -1 -0.0373114 -1 0.0144355 -0.357836 0.490635 -0.0283214 -1 0.900234 -0.458526 0.638833 -0.62255 -0.995731 -0.885752 -0.0510718 -0.430283 0.077301 0.996476 -0.438414 0.0357919 -1 0.165291 0.11497 -1 0.661584 -0.0976093 -1 0.214882 -1 -0.469918 -1 -0.30816 0.781835 -0.14248 -1 -0.701941 -0.0384873 0.329152 0.704345 -0.720839 -1 -0.138769 -1 -1 -0.545472 -0.026861 0.261153 0.320839 -0.58058 -0.440751 -1 -1 -0.465229 -0.0187827 -1 -0.531836 -1 -0.580837 0.384697 0.347487 -0.100503 0.618418 0.247098 -0.151791 -0.599681 -1 -0.969651 -0.26363 0.883843 0.540383 0.46326 -0.137951 -1 -0.263369 -0.185273 -1 -1 -1 -0.809563 -0.308587 -0.498967 0.739576 -1 0.854496 0.631825 0.0310941 0.248608 -0.688404 0.209902 -0.225196 -1 -0.0108765 -0.455633 1 -0.6398 -0.305344 -1 -1 0.0238342 0.833689 -0.679737 -1 -1 -0.907422 -0.892906 -0.962235 -0.71551 -1 -0.0154855 0.422917 0.907015 -0.836121 -0.00376821 0.495806 0.301205 0.232648 -0.890779 -0.283161 -0.550207 
-0.57063 0.928976 -1 0.898097 -0.298437 0.521914 0.366851 0.0618182 -0.135639 -0.865111 0.249136 -1 -0.904513 -1 -0.75736 -0.708524 0.260621 0.622778 -0.433885 -1 -0.0373114 -1 0.0144355 -0.357836 0.490635 -0.0283214 -1 0.900234 -0.458526 0.638833 -0.62255 -1 -0.885752 -0.0510718 -0.430283 0.077301 0.996476 -0.438414 0.0357919 -1 0.165291 0.11497 -1 0.661584 -0.0976093 -1 0.214882 -1 -0.469918 -1 -0.30816 0.764477 -0.14248 -1 -0.701941 -0.0384873 0.329152 0.704345 -0.720839 -1 -0.138769 -1 -1 -0.545472 -0.026861 0.261153 0.320839 -0.58058 -0.461727 -1 -1 -0.465229 -0.0187827 -1 -0.531836 -1 -0.580837 0.384697 0.347487 -0.100503 0.618418 0.247098 -0.151791 -0.599681 -1 -0.969651 -0.26363 0.883843 0.540383 0.46326 -0.137951 -1 -0.263369 -0.185273 -1 -1 -1 -0.809563 -0.308587 -0.498967 0.739576 -1 0.854496 0.631825 0.0310941 0.248608 -0.688404 0.209902 -0.225196 -1 -0.0108765 -0.455633 1 -0.6398 -0.305344 -1 -1 0.0238342 0.833689 -0.679737 -1 -1 -0.907422 -0.892906 -0.962235 -0.71551 -1 -0.0154855 0.422917 0.907015 -0.836121 -0.00376821 0.495806 0.329929 0.232648 -0.890779 -0.283161 -0.550207 
-1 1 -1 0.898097 -0.184473 -0.429775 0.366851 0.0618182 0.0146022 -0.848752 -0.356342 -1 -0.904513 -1 -0.873579 -0.990197 0.557402 0.525676 -0.927249 -0.998041 -0.0971031 -0.837925 0.0144355 -0.440011 0.128098 -0.0283214 -1 0.204911 -0.530994 0.638833 -0.62255 -0.400904 -0.885752 -0.36019 -0.430283 0.077301 1 -0.438414 -0.118444 -1 -1 -0.0449191 -1 0.710876 -0.970117 -1 0.148185 -1 -0.469918 -1 -0.30816 0.781835 -0.64099 -1 -1 -0.0384873 0.275285 0.807619 -0.995381 -1 -0.952626 -1 -1 -1 -0.062408 0.0145283 -1 -0.58058 -0.791231 -1 -0.717772 -0.465229 -1 -1 -0.379385 -1 -0.580837 0.423542 0.347487 -1 -0.103999 -0.20537 -0.377332 -1 -1 -0.969651 -0.307754 0.543597 0.425389 0.426625 -0.635439 -1 -0.263369 -0.722644 -1 -1 -1 -1 -0.255852 -0.498967 0.862472 -1 -0.132721 0.570825 0.0310941 0.270329 -0.688404 -0.572902 -0.672222 -0.897602 -0.0108765 -0.631088 1 -0.670933 -0.305344 -0.98082 -1 0.416777 0.794825 -0.326084 -1 -1 -1 -0.892906 -1 -1 -1 -0.0154855 0.422917 0.529627 -0.836121 -0.18672 0.208453 0.382081 0.232648 -1 -0.283161 -0.930312 
-0.1325 0.732815 -0.520142 -0.745514 -0.516946 -0.659563 0.888781 -0.803714 -0.634376 -0.771435 -0.450849 -0.832732 -0.420465 0.471228 0.307085 0.257153 0.282629 0.58579 0.415111 -0.756021 -0.665284 -1 0.500734 0.858269 0.438823 -1 0.919673 -0.864915 -0.932712 1 0.8711 -0.706244 -0.262215 -0.533064 -1 -0.808812 0.471039 0.628842 -1 0.751 -0.0811696 0.536211 -1 -0.737881 -0.490914 0.260163 0.353823 -1 -0.888407 0.405071 0.467899 0.560107 0.350599 -0.555281 -1 -0.615672 0.623058 -1 -0.443533 0.109637 -0.432743 0.298344 0.954075 0.92702 -0.916757 0.83392 -0.256316 -0.964479 -0.940702 -1 0.504274 0.38448 -0.272921 -0.631882 0.841801 -0.662273 0.0879332 0.44564 -1 -0.638152 0.191164 -0.251697 -0.483428 -0.0698205 0.571726 -0.600125 -1 -1 0.374573 0.578575 0.628362 0.393952 0.24699 -0.345619 -0.151565 0.341814 0.764609 -0.330001 -0.679033 0.206859 -1 -0.179843 -1 -0.331467 -0.803448 -0.00284618 -1 -0.519861 -0.579358 -0.815531 -0.0180666 -0.824075 -1 0.259256 0.644218 0.481314 0.460071 -1 -0.0289363 -0.99801 -0.394728 -0.10667 0.393345 -0.76485 -0.0190443 -0.724075 -1 -0.890072 0.778181 0.252347 0.173073 0.786143 0.665267 -1 -0.548842 -1 -0.344182 1 
-0.264957 -0.26459 -1 0.865113 0.0910734 -0.952559 0.166279 0.0931559 -1 -1 0.466348 -1 -0.904513 -1 -0.974584 -0.708524 0.260621 -0.0358679 -0.490122 -1 0.147871 -1 0.0144355 -0.357836 0.698572 -0.211404 -0.922098 -0.658474 -1 0.638833 -1 -0.0507682 -0.442303 -1 -0.426755 0.077301 0.607766 -0.868159 -0.574207 -1 -0.085207 0.151796 -1 0.996761 0.122397 -0.248353 0.253336 -1 -0.77929 -0.637318 0.324612 -1 -0.14248 -1 -1 -1 0.409645 -0.742831 -0.642938 -1 -0.138769 -1 -1 -0.818091 -0.723443 0.111028 -0.66255 -1 -0.666749 -0.954796 -0.656738 -0.465229 0.704206 -0.649372 -1 -1 -0.726506 -0.123147 -0.654411 0.804759 -0.830048 0.126126 -1 -0.805359 -1 -0.969651 -0.466128 0.269687 0.540383 0.375641 0.122295 -0.750747 -0.877844 -1 -1 -1 -1 -1 0.173892 -1 0.298179 -1 -0.00322014 -0.814376 -0.301856 0.183462 -1 -0.340232 -0.018246 -0.409944 -0.372774 0.677948 0.89753 -0.6398 -0.0733804 -0.225174 -1 -0.0443817 0.728789 -1 -1 -1 -0.758008 -1 -1 -1 -0.728209 0.0955097 0.974266 -0.346485 -0.836121 -0.711209 0.580327 -1 0.977941 -0.890779 -0.224601 -1 
-1 1 -0.871439 0.942205 -0.184473 -0.429775 -0.29949 0.0618182 -0.416136 -0.848752 -0.356342 -1 -0.904513 -1 -0.873579 -0.335691 0.557402 0.525676 -0.850368 -1 -0.0971031 -1 -0.138926 -0.220047 0.128098 -0.948438 -1 0.14413 -1 -0.0667431 -0.426543 -0.303496 -1 -0.36019 -0.528858 0.077301 1 -0.438414 -0.319281 -1 -1 -1 -0.922292 0.710876 -1 -1 -0.0446017 -0.87949 -0.614422 -1 -0.177246 0.781835 -0.862576 -0.994741 -1 -0.0384873 0.275285 0.798821 -1 -1 -1 -0.99946 -1 -1 0.0346126 -1 -1 -1 -0.962531 -1 -0.746198 -0.633219 -1 -1 -1 -1 -0.580837 0.384697 0.255124 -1 -0.350521 -0.20537 -0.0983569 -1 -1 -1 -0.345615 -0.232542 0.352895 0.426625 -0.528477 -1 -0.263369 -0.722644 -1 -1 -1 -1 -0.603705 -0.498967 0.862472 -0.871624 -0.132721 0.570825 0.0310941 0.270329 -0.584406 -0.572902 -1 -0.897602 -0.197967 -0.898975 1 -0.601936 -0.683993 -1 -1 0.416777 0.794825 -0.327682 -1 -1 -1 -0.717517 -1 -1 -1 -0.0154855 0.422917 0.468613 -0.836121 -0.42688 0.208453 0.54084 0.486144 -1 -0.283161 -1 
-0.57063 0.730534 -1 0.597793 -0.298437 -1 0.366851 -0.101658 -0.592385 -0.872711 0.000953525 -0.686511 -0.78349 -1 -0.866057 -0.708524 0.1412 0.298599 -0.433885 -0.54983 -0.0971031 -1 0.0144355 -0.357836 0.490635 0.353328 -1 0.900234 -0.742033 0.445995 -0.62255 -0.354558 -0.485949 -0.621633 -0.646573 0.077301 0.556276 -1 -0.130494 -0.981406 -0.0324355 0.075412 -1 0.83203 -0.0976093 -0.117793 0.214882 -1 -0.592966 -0.815154 0.357478 -0.0922873 -0.065372 -1 -0.621297 -1 0.086952 -0.507184 -0.720839 -1 -0.190232 -1 -0.75932 -0.943497 -0.0332558 0.0371215 -0.083435 -0.46453 -0.440751 -1 -1 -0.945842 -0.14473 -0.553046 -0.631741 -1 -0.580837 0.384697 -0.309111 0.58611 0.139567 0.284041 -0.151791 -0.805359 -1 -0.942412 -0.0209368 0.622107 0.581467 0.333336 0.122295 -0.784568 -0.307386 -0.871421 -0.649555 -1 -1 -1 -0.0896839 -1 -0.202407 -1 -0.465976 0.309588 -0.29834 0.248608 -1 -0.956397 0.0705066 -1 -0.103511 0.314103 0.758176 -0.6398 -0.132161 -0.225174 -1 0.0238342 -0.30042 -0.495156 -0.989471 -1 -0.9681 -1 -0.962235 -1 -0.422027 -0.0154855 1 1 -0.836121 -0.110376 0.227085 0.301205 0.977941 -1 -0.364764 -0.715431 
-0.57063 0.730534 -1 0.597793 -0.242969 -0.529616 0.366851 -0.101658 -0.592385 -0.872711 0.000953525 -0.742607 -1 -1 -0.866057 -0.708524 0.63475 0.298599 -0.792409 -0.738571 -0.0971031 -0.868896 0.0144355 -0.357836 0.800953 0.660167 -1 0.900234 -0.742033 -0.0748925 -0.62255 -0.354558 -0.485949 -0.621633 -1 0.114675 0.612072 -0.555833 -0.130494 -0.981406 -0.46676 0.151796 -1 0.649151 -0.0976093 -0.228733 0.214882 -1 -0.592966 -1 0.357478 0.781835 0.189829 -1 -1 -1 0.0805914 -0.507184 -0.720839 -1 -0.138769 -1 -1 -1 -0.144191 -0.208317 0.0769064 -0.46453 -0.440751 -0.964852 -1 -0.945842 -0.127136 -0.286877 -0.926424 -1 -0.580837 0.422879 0.411546 0.670692 -0.0563567 0.170025 -0.151791 -0.805359 -1 -1 -0.26363 0.622107 0.581467 0.488353 0.122295 -0.807062 -0.307386 -0.871421 -0.649555 -0.768088 -1 -1 0.407147 -1 0.538034 -0.940575 -0.266274 0.309588 -0.319174 0.248608 -0.688404 -0.956397 -0.777377 -0.67143 -0.0108765 0.677948 0.793815 -0.660947 -0.132161 -0.225174 -1 0.0238342 0.88011 -0.495156 -0.962151 -1 -1 -1 -0.956868 -1 -0.422027 -0.0154855 1 1 -0.966071 -0.00376821 0.227085 0.301205 0.943227 -1 -0.364764 -0.743176 
-1 1 -1 0.898097 -0.184473 -0.429775 0.366851 0.0519907 0.0146022 -0.848752 -0.356342 -1 -0.904513 -1 -0.873579 -1 0.425792 0.525676 -0.927249 -0.998041 -0.0971031 -0.837925 -0.10858 -0.440011 -0.0741955 -0.0283214 -1 0.167385 -0.530994 0.638833 -0.62255 -0.400904 -0.885752 -0.555841 -0.390592 -0.10052 0.942242 -0.438414 -0.118444 -1 -0.936024 -0.0449191 -1 0.710876 -1 -1 0.148185 -1 -0.469918 -1 -0.450424 0.781835 -0.489905 -1 -1 0.0248826 0.275285 0.807619 -1 -1 -1 -1 -1 -1 -0.062408 0.0145283 -1 -0.58058 -0.791231 -1 -0.816293 -0.465229 -1 -1 -0.379385 -1 -0.580837 0.384697 0.151406 -1 -0.103999 -0.20537 -0.377332 -1 -1 -0.969651 -0.315257 0.522138 0.425389 0.426625 -0.528477 -1 -0.280335 -0.722644 -1 -1 -1 -1 -0.223345 -0.508194 0.862472 -1 -0.132721 0.570825 0.0310941 0.270329 -0.688404 -0.572902 -0.672222 -1 -0.0108765 -0.435132 1 -0.6398 -0.305344 -0.98082 -1 0.416777 0.794825 -0.326084 -1 -1 -1 -0.892906 -1 -1 -1 -0.0154855 0.422917 0.529627 -0.970505 -0.352679 0.208453 0.382081 0.228835 -1 -0.283161 -1 
-0.398569 0.802594 -1 0.891796 -0.867889 -0.107915 0.598215 -0.747818 -1 -1 0.0525326 -1 -1 -1 -1 -0.708524 0.022682 0.655225 -0.897965 -0.580873 -1 -0.833091 0.0117277 -0.340865 -0.801066 0.0821776 -1 -0.293566 -0.232611 0.638833 -1 -0.0507682 -0.540074 -0.196892 -0.430283 -0.297741 0.0361181 -0.573589 -0.130494 -1 -0.0412152 -0.8808 -1 0.289384 -0.222678 -1 -1 -1 -0.712401 -1 0.628244 0.694308 -1 -1 -1 -0.37285 -0.12042 0.00557753 -0.634966 -0.748474 -0.0629706 -1 -0.864957 -0.540168 -0.966919 0.00817797 -0.147527 -0.821867 -0.855577 -1 -1 -0.643745 0.478804 -0.839267 -0.863158 -1 -0.843695 0.11809 -0.405207 0.702962 0.473019 0.197034 -0.00388174 -1 -0.81376 -0.820129 -0.162079 -0.00787738 0.642283 0.385227 0.122295 -1 -0.77897 -0.944412 -1 -1 -1 -1 -0.122817 -1 0.562458 -1 0.641157 0.0214144 -0.283448 0.185696 -0.688404 0.0298939 -0.491573 -0.67143 0.051942 0.604462 0.1746 -1 -0.132161 -0.978169 -1 0.401868 -0.323591 -0.526582 -1 -1 -0.861611 -1 -0.962235 -0.845448 -0.848137 -0.229909 0.845059 1 -1 -0.00376821 -0.213074 0.154496 0.400317 -1 -0.169522 -1 
-0.57063 0.730534 -0.636673 0.688584 -0.298437 -0.529616 0.366851 -0.101658 -0.592385 -0.872711 -0.44201 -0.742607 -0.97619 -1 -0.866057 -0.708524 0.260621 0.298599 -0.433885 -1 -0.0971031 -0.868896 0.0144355 -0.357836 0.381891 0.521481 -1 0.900234 -0.742033 0.638833 -0.62255 -0.354558 -0.697043 -0.621633 -0.646573 0.114675 0.612072 -0.555833 -0.130494 -1 -0.0324355 0.151796 -1 0.649151 0.0971529 -0.117793 0.214882 -1 -0.592966 -1 0.357478 0.812701 -0.14248 -1 -0.6584 -1 0.0805914 -1 -0.720839 -1 -0.138769 -1 -1 -1 -0.0332558 -0.208317 -0.083435 -0.46453 -0.564588 -0.964852 -1 -0.588555 -0.127136 -0.286877 -0.343706 -1 -1 0.422879 0.411546 0.790307 -0.0563567 0.170025 -0.151791 -0.805359 -1 -1 -0.67773 0.622107 0.581467 0.488353 0.122295 -0.750747 -0.560646 -0.871421 -0.649555 -1 -0.977278 -1 0.407147 -1 0.538034 -0.940575 -0.266274 0.309588 -0.319174 -0.0650645 -0.688404 -0.956397 -0.118101 -0.810105 0.366393 0.677948 -0.379928 -0.61794 -0.132161 -0.225174 -1 0.0238342 0.88011 -0.495156 -0.962151 -1 -1 -0.950102 -0.586041 -1 -0.422027 0.0210485 1 1 -1 -0.00376821 0.13332 0.301205 0.943227 -0.890779 -0.501339 -0.743176 
-0.57063 0.730534 -1 0.597793 -0.298437 -0.529616 0.366851 -0.101658 -0.592385 -0.872711 0.000953525 -0.742607 -0.97619 -1 -0.866057 -0.708524 0.260621 0.298599 -0.433885 -0.744211 -0.0971031 -0.868896 0.0144355 -0.357836 0.490635 0.353328 -1 0.900234 -0.742033 0.638833 -0.62255 -0.354558 -0.485949 -0.621633 -0.646573 0.114675 0.612072 -0.555833 -0.130494 -1 -0.0324355 0.151796 -1 0.649151 -0.276129 -0.117793 0.214882 -1 -0.592966 -1 0.357478 0.812701 -0.14248 -1 -0.6584 -1 0.0805914 -0.507184 -0.720839 -1 -0.138769 -1 -1 -1 -0.0332558 -0.208317 -0.083435 -0.46453 -0.564588 -0.964852 -1 -0.945842 -0.127136 -0.286877 -0.531836 -1 -0.580837 0.422879 0.411546 0.790307 -0.0563567 0.170025 -0.151791 -0.805359 -1 -1 -0.26363 0.622107 0.581467 0.488353 0.122295 -0.750747 -0.307386 -0.871421 -0.649555 -1 -1 -1 0.407147 -1 0.538034 -0.940575 -0.266274 0.309588 -0.319174 0.248608 -0.688404 -0.956397 -0.118101 -0.688292 -0.0108765 0.677948 0.758176 -0.61794 -0.132161 -0.225174 -1 0.0238342 0.88011 -0.495156 -0.962151 -1 -0.907422 -1 -0.962235 -1 -0.422027 -0.0154855 1 1 -1 -0.00376821 0.13332 0.301205 0.943227 -0.890779 -0.501339 -0.743176 
-0.462707 1 -0.881857 0.560459 -0.392841 0.556447 0.366851 -0.292607 0.0146022 -0.776509 -0.102911 -1 -1 -1 -0.866057 -0.752307 -0.0697955 0.599587 -1 -0.738571 -0.0971031 -0.841608 -0.329999 -0.376681 -0.457623 0.353328 -0.994516 -0.292068 -1 0.638833 -1 -0.0405043 -0.466977 -0.144047 -0.517388 -0.0723495 0.889926 -0.438414 -0.130494 -1 -0.649563 0.0804437 -1 0.710876 -0.258361 -0.248353 0.254161 -1 -1 -0.943111 0.494352 0.748277 -0.255297 -0.959794 -1 -0.171441 0.409645 0.349917 -1 -0.974079 -0.311506 -0.810453 -1 -0.545472 -0.026861 -1 -0.822057 -0.517632 -0.440751 -0.810649 -1 -0.876054 0.26325 -0.649372 -0.734607 -1 -0.919685 -0.140828 -1 -0.00719142 0.0835002 0.263066 -0.914214 -0.962699 -1 -1 -0.356375 0.271454 -0.108263 0.824683 0.168779 -0.97685 -0.753545 -0.462808 -0.257098 -1 -1 -1 0.173892 -0.498967 0.598294 -1 -0.371444 0.631825 -0.0750989 0.248608 -1 -0.00907595 0.251902 -0.880037 -0.0108765 -1 0.789222 -0.692979 -0.132161 -0.657388 -1 0.0238342 0.780432 -0.767779 -1 -1 -0.907422 -0.823393 -0.962235 -0.869497 -0.486304 -0.060686 0.844457 1 -0.990053 -0.00376821 0.193352 0.141381 0.977941 -0.890779 -1 -0.694428 
-1 1 -1 0.898097 -0.184473 -0.429775 0.366851 0.0618182 0.0146022 -0.848752 -0.356342 -1 -0.904513 -1 -0.873579 -0.990197 0.557402 0.525676 -0.990746 -0.998041 -0.0971031 -0.837925 0.0144355 -0.440011 0.128098 -0.0283214 -1 0.204911 -0.530994 0.638833 -0.62255 -0.400904 -0.885752 -0.36019 -0.430283 0.077301 1 -0.438414 -0.118444 -1 -1 -0.115643 -1 0.710876 -0.970117 -1 0.148185 -1 -0.469918 -1 -0.30816 0.781835 -0.489905 -1 -1 -0.0384873 0.275285 0.807619 -0.995381 -1 -1 -1 -1 -1 -0.062408 0.0145283 -1 -0.58058 -0.791231 -1 -0.717772 -0.465229 -1 -1 -0.379385 -1 -0.580837 0.384697 0.347487 -1 -0.103999 -0.20537 -0.377332 -1 -1 -0.969651 -0.307754 0.543597 0.425389 0.426625 -0.528477 -1 -0.263369 -0.722644 -1 -1 -1 -1 -0.290842 -0.498967 0.862472 -1 -0.132721 0.570825 0.0310941 0.270329 -0.688404 -0.572902 -0.672222 -0.897602 -0.0108765 -0.435132 1 -0.6398 -0.305344 -0.98082 -1 0.416777 0.794825 -0.326084 -1 -1 -1 -0.892906 -1 -1 -1 -0.0154855 0.422917 0.529627 -0.836121 -0.18672 0.208453 0.382081 0.232648 -1 -0.283161 -1 
-1 1 -1 0.898097 -0.184473 -0.429775 0.366851 0.0618182 0.0146022 -0.848752 -0.356342 -1 -0.904513 -1 -0.873579 -0.990197 0.557402 0.525676 -0.927249 -0.998041 -0.0971031 -0.837925 0.0144355 -0.440011 0.128098 -0.0283214 -1 0.204911 -0.530994 0.638833 -0.62255 -0.400904 -0.885752 -0.36019 -0.430283 0.077301 1 -0.438414 -0.118444 -1 -1 -0.0449191 -1 0.710876 -0.970117 -1 0.148185 -1 -0.469918 -1 -0.30816 0.781835 -0.489905 -1 -1 -0.0859344 0.275285 0.807619 -0.995381 -1 -1 -1 -1 -1 -0.062408 0.0145283 -1 -0.58058 -0.791231 -1 -0.717772 -0.465229 -1 -1 -0.379385 -1 -0.580837 0.423542 0.347487 -1 -0.0444401 -0.20537 -0.377332 -1 -1 -0.969651 -0.307754 0.543597 0.425389 0.426625 -0.635439 -1 -0.263369 -0.722644 -1 -1 -1 -1 -0.40172 -0.498967 0.862472 -1 -0.132721 0.570825 0.0310941 0.270329 -0.688404 -0.572902 -0.672222 -0.897602 -0.0108765 -0.631088 1 -0.670933 -0.305344 -0.98082 -1 0.416777 0.794825 -0.326084 -1 -1 -1 -0.892906 -1 -1 -1 -0.0154855 0.422917 0.529627 -0.836121 -0.18672 0.208453 0.382081 0.101927 -1 -0.283161 -0.930312 
-0.491627 -0.883531 -0.497612 -0.560755 -0.539687 0.201426 0.0972959 -0.585079 -0.284877 0.183926 -0.784523 -0.967384 -0.2608 -0.301459 0.503096 -1 -0.516052 0.779797 0.203937 -0.0403377 0.0770261 -0.331726 0.839471 0.457152 0.173467 -0.913151 0.77903 -1 -0.989069 0.930353 -0.925961 0.00996888 -0.907252 -0.851199 -0.469693 0.61838 0.506605 -0.622254 0.965336 -0.121294 -0.191306 0.280477 -0.373375 -1 -0.689545 -0.799231 -0.680991 -0.28249 -0.976072 0.538161 0.0403984 -0.66176 -0.54903 0.920428 -0.672874 -0.847308 0.513585 -0.845883 -0.918081 0.364072 -0.971265 -0.0770726 0.921057 -0.852235 0.968989 0.958478 -0.117308 -0.313404 0.684088 -0.577208 -1 0.728637 -0.0328658 -0.955512 -0.0389065 0.18755 0.910975 -0.525694 -0.149147 -0.656361 0.513536 0.235972 -1 -0.757588 -0.0630946 -0.302044 -0.572781 -1 0.64136 -0.015642 0.0612259 -0.407015 0.99257 0.136208 0.404117 1 0.221191 -0.771748 -1 0.718267 0.611685 -0.271153 0.554588 -0.809169 0.206799 -0.698432 0.450517 -0.759404 0.467441 0.160682 -0.257141 -0.533757 0.569784 -0.724277 -0.233597 -0.672039 0.830791 -0.484605 -0.990882 0.160771 0.194277 0.0148255 0.0793869 -1 -0.841383 -0.732179 0.135647 0.0479873 -0.579297 0.80413 -0.535258 -0.376583 0.604971 -0.978024 -0.46201 -1 -0.224415 0.880109 
-1 0.646387 -1 0.898097 -0.184473 -1 0.366851 0.0618182 -0.62024 -0.848752 -0.356342 -1 -0.904513 -1 -1 -1 0.557402 0.525676 -0.927249 -0.998041 0.0654884 -1 0.0144355 -0.440011 0.128098 -0.0379411 -1 0.204911 -0.548053 0.638833 -0.657619 -1 -0.885752 -0.36019 -1 0.077301 1 -0.438414 -0.332344 -1 -1 -0.0449191 -1 0.710876 -0.970117 -0.993103 0.148185 -1 -0.469918 -1 -0.296382 0.781835 -0.489905 -1 -1 0.121412 0.061762 0.807619 -0.995381 -1 -1 -1 -0.935552 -1 -0.062408 0.0155706 -1 -0.58058 -0.791231 -1 -0.717772 -0.465229 -1 -1 -0.379385 -1 -0.580837 0.384697 0.347487 -1 -0.103999 -0.20537 -0.377332 -1 -1 -1 -0.307754 -0.0452565 0.425389 0.426625 -1 -1 -0.370876 -0.722644 -1 -1 -1 -1 -0.255852 -0.498967 0.648367 -0.834242 -0.219794 0.570825 0.0310941 0.270329 -0.889308 -0.572902 -0.672222 -0.897602 -0.0108765 -0.435132 1 -0.6398 -1 -0.98082 -1 0.416777 0.794825 -0.326084 -1 -1 -1 -0.892906 -1 -1 -1 -0.129195 0.422917 0.529627 -1 -0.18672 0.208453 0.382081 -0.926607 -1 -0.283161 -1 
-1 1 -1 0.898097 -1 -0.597776 0.576447 -1 0.0146022 -0.78917 -0.600001 -1 -0.730203 -1 -0.794279 -1 0.557402 0.525676 -1 -1 -0.281393 -1 0.272278 -0.440011 0.0681367 -0.0283214 -1 0.179609 -0.799623 0.638833 -1 -0.400904 -0.90256 -0.27086 -1 0.077301 0.677498 -0.438414 -0.118444 -1 -0.644263 0.145722 -1 0.710876 -0.532705 -1 0.214882 -1 -0.469918 -1 -0.418731 1 -0.796633 -1 -1 -0.0384873 -0.280848 0.606921 -1 -1 -0.74073 -1 -0.892388 -1 -0.321206 0.0683494 -1 -0.807697 -0.791231 -0.945092 -0.717772 -0.465229 -1 -1 -0.379385 -1 -1 0.256172 -0.610613 -1 -0.0855049 -1 0.302974 -1 -1 -1 -1 0.263334 0.425389 -0.154415 -1 -1 -0.0923458 -0.722644 -1 -1 -1 -0.712219 -0.177661 -0.478629 0.5308 -0.988655 -0.132721 0.570825 0.0310941 -0.000929683 -0.95243 -0.49969 -0.672222 -1 -0.0108765 -0.455633 0.651867 -0.6398 -1 -0.98082 -1 0.416777 0.71304 -0.326084 -1 -1 -1 -1 -0.621714 -0.998891 -0.916754 -0.0591108 -0.45789 0.15511 -0.836121 -0.179414 0.208453 0.301205 0.0594383 -1 -0.900242 -1 
-1 0.92705 -1 0.898097 -0.184473 -0.429775 0.0634664 0.0618182 0.0146022 -1 -0.909691 -1 -1 -1 -0.873579 -0.990197 0.557402 0.525676 -0.927249 -1 0.183171 -1 0.0144355 0.0402603 -0.961771 -0.155132 -0.677691 0.290885 -1 1 -0.62255 -0.472447 -1 -0.653801 -0.883399 0.077301 1 -0.287193 -0.284576 -1 -1 -1 -1 -0.304704 -0.860261 -0.754014 -0.126646 -0.364342 -0.219031 -1 -0.30816 0.781835 -0.416477 -1 -1 -0.0384873 0.275285 0.807619 -1 -1 -0.6464 -1 -1 -1 -0.062408 -1 -1 -0.83523 -1 -1 -0.396079 -1 -1 -1 -0.00869303 -1 -0.510151 0.384697 -1 -0.643324 -0.784385 -1 -0.377332 -1 -1 -0.969651 -0.0164438 0.77584 -0.319949 0.842474 -0.495663 -1 -1 -1 -1 -0.91539 -1 -0.865446 -0.254729 -0.817616 0.862472 -0.895925 -0.831111 0.294995 -0.0852812 0.56849 -0.688404 -1 -0.672222 -1 0.355394 -0.536068 1 -0.643699 -0.305344 -0.98082 -1 0.416777 -0.149434 -0.326084 -0.742548 -1 -1 -0.532227 -0.85365 -1 -1 -0.0154855 0.404305 0.529627 -0.836121 -0.649232 0.208453 0.624123 -0.238122 -1 0.071553 -1 
-1 0.221464 -1 1 -0.184473 -0.429775 0.366851 0.0618182 0.0146022 -0.848752 -0.356342 -1 -0.904513 -1 -0.873579 -0.990197 0.557402 0.525676 -0.927249 -0.998041 -0.0237508 -0.837925 -0.644702 -0.471046 0.128098 -0.0283214 -1 0.204911 -0.537058 0.638833 -0.62255 -0.400904 -0.885752 -0.36019 -0.5635 0.077301 1 -0.438414 -1 -1 -0.966248 -0.0449191 -1 0.992392 -0.970117 -1 0.320781 -1 -0.469918 -1 -0.30816 0.781835 -0.489905 -1 -1 -0.0384873 0.275285 0.294433 -0.995381 -1 -1 -1 -1 -1 -0.062408 0.0145283 -1 -0.58058 -0.791231 -1 -0.717772 -0.465229 -1 -1 -0.379385 -0.716429 -0.580837 0.384697 0.347487 -1 -0.103999 -0.20537 -0.6449 -0.959297 -1 -0.969651 -0.307754 0.543597 0.425389 0.426625 -0.528477 -1 -0.263369 -0.722644 -1 -1 -1 -1 -0.255852 -0.498967 0.862472 -1 -0.132721 0.570825 0.0310941 0.270329 -0.688404 -0.587703 -1 -0.897602 0.202921 -0.435132 1 -0.636083 -0.505824 -0.98082 -1 0.416777 0.794825 -0.326084 -1 -1 -1 -1 -1 -1 -1 -0.0154855 0.422917 0.529627 -0.836121 -0.18672 0.172088 0.382081 0.232648 -1 -0.283161 -1 
-0.983285 -1 -0.768498 -0.530424 -1 -1 -1 -1 -1 -0.0568092 0.109268 -0.966889 -1 -1 -1 -0.691542 0.30355 -1 -0.931469 0.831667 -1 -0.866331 -0.455495 -1 -0.640324 -0.91531 -0.464983 -0.179762 -1 -1 -1 -1 0.3632 0.357397 -1 -0.766059 -0.00592732 -0.207653 -1 -1 -0.106127 0.517477 -1 -1 -0.778784 -1 -0.812008 -1 -1 -0.505774 -1 -1 0.621632 -0.75043 -1 -1 -1 -0.634258 -0.203094 -0.919002 -1 -0.979662 -1 -0.971015 -0.621834 -0.688629 -0.288545 -1 -0.793927 0.239781 -0.957541 -1 -0.992511 -0.530664 0.11428 -1 -0.341158 -1 -0.351679 -0.59668 -1 -0.619886 -1 -0.787313 -1 -1 -0.89976 -1 -1 -1 -1 -1 -0.568181 -0.9571 -1 -1 -0.995238 -1 -0.103941 0.120525 -0.701977 -0.781039 -0.0824834 -0.738176 -1 -1 -1 -1 -0.826115 -0.917978 -0.943186 -1 -1 -1 -1 -0.554261 -1 1 -1 -0.224224 -1 -1 0.0928529 0.638661 -1 0.157183 -0.540789 0.0311489 0.627381 -0.362889 -1 -0.952961 -1 -0.927042 -0.770773 -0.846404 -1 -1 
-1 1 -1 0.898097 -0.184473 -0.429775 0.366851 0.0618182 0.0146022 -0.848752 -0.356342 -1 -0.904513 -1 -0.873579 -0.990197 0.557402 0.525676 -0.927249 -0.998041 -0.0971031 -0.837925 0.0144355 -0.440011 0.128098 -0.0283214 -1 0.204911 -0.530994 0.638833 -0.62255 -0.400904 -0.885752 -0.36019 -0.465268 0.077301 1 -0.438414 -0.118444 -1 -1 -0.0449191 -1 0.710876 -0.970117 -1 0.148185 -1 -0.469918 -1 -0.30816 0.831277 -0.489905 -1 -1 -0.0384873 0.266746 0.807619 -0.995381 -1 -1 -1 -1 -1 -0.062408 0.0145283 -1 -0.58058 -0.76773 -1 -0.717772 -0.465229 -1 -1 -0.379385 -1 -0.580837 0.384697 0.347487 -1 -0.161111 -0.20537 -0.301713 -1 -1 -0.969651 -0.307754 0.543597 0.425389 0.426625 -0.528477 -1 -0.263369 -0.722644 -1 -1 -1 -1 -0.255852 -0.498967 0.862472 -1 -0.132721 0.570825 -0.175557 0.270329 -0.688404 -0.572902 -0.672222 -0.897602 -0.0108765 -0.435132 1 -0.6398 -0.305344 -0.98082 -1 0.416777 0.794825 -0.307921 -1 -1 -1 -0.892906 -1 -0.966358 -1 -0.0154855 0.422917 0.529627 -0.836121 -0.18672 0.208453 0.382081 0.232648 -1 -0.283161 -1 
-0.763609 -1 -0.0511145 0.637199 -1 -0.895889 -1 -0.793932 -1 0.112737 -0.942185 -0.952933 -1 -0.239707 -0.196264 -1 -0.928447 -1 -0.915921 0.470848 -1 -1 1 -0.788807 -0.873099 -1 -1 -1 -0.797558 -0.0795845 -1 -0.332013 -1 -0.8404 -1 -0.796129 -0.517406 -0.37825 -1 -0.637149 -0.995265 -1 -0.825798 0.372484 -1 -0.552008 -1 -0.944716 -1 -0.792174 -1 -0.942132 -1 -1 -0.493427 -1 -0.271572 -1 0.130438 -0.12583 -1 -0.474854 -0.632157 -1 -1 -0.162348 -0.858245 -0.999765 -0.333178 -1 -0.917303 -0.723124 -1 -1 -1 -0.780415 -0.790691 -1 0.194274 -0.425242 -0.616199 -1 -1 -1 -0.299845 -0.853081 -1 -0.729713 -0.469937 0.172769 -0.473639 -0.988945 -0.447307 -1 -1 -1 -0.997979 -1 -1 -0.799539 -1 -0.636895 -1 -0.979204 -0.624795 -1 1 -0.902716 -0.967917 -1 -0.350766 -1 -1 0.673055 -0.548075 -0.625608 -1 -1 -1 -1 0.167633 0.700738 -1 0.246322 -1 -0.942477 -1 -0.0803613 -0.913092 -1 0.779198 -0.763037 -0.654934 -0.646558 0.167111 -1 -1 -0.791717 
-1 1 -1 -0.192436 -0.184473 -0.429775 0.366851 0.0618182 0.0146022 -0.848752 -0.526819 -1 -0.904513 -1 -0.873579 -1 0.557402 -0.594701 -1 -0.998041 -0.0971031 -1 -0.0313241 -1 0.128098 -0.0283214 -1 0.204911 -0.530994 0.638833 -0.62255 -0.400904 -0.885752 -0.36019 -0.821405 -0.192041 1 -0.438414 -0.118444 -1 -1 -0.0449191 -1 0.710876 -0.970117 -1 0.148185 -1 -1 -1 -0.30816 1 -0.379999 -1 -1 -0.0384873 0.275285 0.807619 -0.995381 -1 -1 -0.780915 -1 -1 -0.062408 0.0145283 -1 -0.58058 -0.778195 -1 -0.717772 -0.465229 -1 -1 -0.870228 -1 -1 0.384697 0.347487 -1 0.241559 -0.20537 -0.377332 -1 -1 -0.969651 -1 0.733775 -0.13774 -0.532829 -0.528477 -1 -0.263369 -0.722644 -1 -1 -1 -1 -0.255852 -0.498967 0.862472 -1 -0.132721 0.570825 0.0310941 0.149803 -0.865893 -0.572902 -0.672222 -0.897602 -0.0108765 -0.435132 0.888808 -0.6398 -0.317686 -1 -1 0.445809 0.794825 -0.326084 -1 -1 -1 -0.859304 -1 -1 -1 -0.0154855 0.422917 0.556853 -0.836121 -0.18672 0.208453 0.382081 0.232648 -1 -0.271027 -1 
-1 1 -1 0.898097 -1 -0.597776 0.43384 -1 -0.231685 -0.78917 -0.763225 -0.728639 -0.730203 -0.945661 -0.794279 -1 0.557402 0.525676 -1 -1 -0.281393 -1 0.272278 -0.440011 0.0681367 -0.0283214 -1 0.179609 -1 0.638833 -1 -0.400904 -0.90256 0.0139886 -1 0.077301 0.706409 -0.438414 -0.118444 -1 -0.644263 0.145722 -1 0.710876 -0.532705 -1 0.214882 -1 -0.469918 -0.72709 -0.999404 -0.127233 -0.975321 -1 -1 -0.0384873 -0.0481799 0.408427 -1 -1 -0.74073 -1 -0.892388 -1 -0.321206 0.0683494 -1 -0.927756 -0.791231 -0.945092 -0.717772 -0.465229 -1 -1 -0.379385 -1 -1 0.39553 -0.849095 -1 -0.10302 -0.877727 0.302974 -1 -1 -1 -1 -0.37847 0.353213 -0.154415 -1 -1 -0.0923458 -0.722644 -1 -1 -0.823626 -0.712219 -0.177661 -0.478629 0.5308 -1 -0.132721 0.570825 0.0310941 0.132139 -0.886033 -0.49969 -0.672222 -1 -0.0108765 -0.835612 0.608903 -0.683641 -1 -0.98082 -1 0.416777 0.71304 -0.326084 -1 -1 -1 -1 -0.827912 -1 -0.916754 -0.0472013 -0.45789 0.15511 -0.836121 -0.179414 -0.335817 0.301205 0.0594383 -1 -0.900242 -1 
-1 1 -1 0.898097 -0.184473 -0.429775 0.366851 0.0618182 0.0146022 -0.797179 -0.356342 -1 -0.904513 -1 -0.873579 -0.990197 0.557402 0.525676 -0.927249 -0.957553 -0.0971031 -0.837925 0.0144355 -0.440011 0.128098 -0.0283214 -1 0.204911 -0.530994 0.638833 -0.62255 -0.400904 -0.885752 -0.36019 -0.430283 0.077301 0.971506 -0.438414 -0.118444 -1 -1 -0.0449191 -1 0.710876 -0.970117 -1 0.148185 -1 -0.469918 -1 -0.30816 0.781835 -0.489905 -1 -0.961313 -0.0384873 0.275285 0.807619 -0.995381 -1 -1 -0.973543 -1 -1 -0.062408 0.0145283 -1 -0.58058 -0.791231 -1 -0.717772 -0.465229 -1 -1 -0.379385 -1 -0.580837 0.384697 0.347487 -1 -0.103999 -0.20537 -0.377332 -1 -1 -0.969651 -0.307754 0.543597 0.425389 0.402766 -0.528477 -1 -0.263369 -0.722644 -1 -1 -1 -1 -0.255852 -0.498967 0.862472 -1 -0.132721 0.570825 0.0310941 0.270329 -0.688404 -0.572902 -0.706015 -0.905888 -0.0108765 -0.435132 0.947349 -0.6398 -0.263272 -0.98082 -1 0.416777 0.794825 -0.326084 -1 -1 -1 -0.892906 -1 -1 -1 -0.0154855 0.422917 0.529627 -0.836121 -0.18672 0.208453 0.382081 0.232648 -1 -0.362095 -1 
-1 1 -1 0.898097 -0.184473 -0.429775 0.366851 0.0618182 0.0146022 -0.848752 -0.356342 -1 -0.904513 -1 -0.873579 -0.990197 0.557402 0.525676 -0.98072 -0.998041 -0.0971031 -0.837925 0.0144355 -0.440011 0.128098 -0.0283214 -1 0.204911 -0.530994 0.638833 -0.62255 -0.400904 -0.885752 -0.36019 -0.465268 0.077301 1 -0.438414 -0.118444 -1 -1 -0.0449191 -1 0.710876 -0.970117 -1 0.148185 -1 -0.479729 -1 -0.30816 0.831277 -0.489905 -1 -1 -0.0384873 0.266746 0.807619 -0.995381 -1 -1 -1 -1 -1 -0.062408 0.0145283 -1 -0.58058 -0.76773 -1 -0.717772 -0.465229 -1 -1 -0.379385 -1 -0.580837 0.384697 0.307749 -1 -0.161111 -0.20537 -0.301713 -1 -1 -0.969651 -0.307754 0.543597 0.425389 0.426625 -0.528477 -1 -0.263369 -0.722644 -1 -1 -1 -1 -0.255852 -0.498967 0.862472 -1 -0.132721 0.570825 -0.175557 0.270329 -0.688404 -0.572902 -0.672222 -0.897602 -0.0108765 -0.435132 1 -0.6398 -0.305344 -0.98082 -1 0.416777 0.794825 -0.307921 -1 -1 -1 -0.892906 -1 -0.966358 -1 -0.0154855 0.422917 0.529627 -0.836121 -0.18672 0.208453 0.382081 0.232648 -1 -0.283161 -1 
-0.57063 0.928976 -1 0.898097 -0.321405 0.521914 0.366851 0.0618182 0.06416 -0.865111 0.249136 -1 -0.904513 -1 -0.75736 -0.708524 0.260621 0.622778 -0.486778 -1 -0.0971031 -1 0.0144355 -0.357836 0.490635 -0.0283214 -1 0.900234 -0.458526 0.638833 -0.62255 -0.790657 -0.885752 -0.0510718 -0.430283 0.077301 0.996476 -0.438414 0.0357919 -0.984015 0.165291 0.151796 -1 0.710876 -0.0976093 -1 0.214882 -0.958826 -0.469918 -1 -0.30816 0.84355 -0.14248 -1 -0.701941 -0.0384873 0.275285 0.704345 -0.720839 -1 -0.224056 -1 -0.979289 -0.545472 -0.026861 0.261153 0.320839 -0.58058 -0.440751 -1 -1 -0.465229 -0.0187827 -1 -0.531836 -1 -0.580837 0.384697 0.347487 -0.100503 0.618418 0.284041 -0.151791 -0.599681 -1 -0.969651 -0.26363 0.883843 0.451521 0.529669 -0.137951 -1 -0.263369 -0.185273 -1 -1 -1 -0.809563 -0.308587 -0.498967 0.739576 -1 0.854496 0.631825 0.0310941 0.248608 -0.688404 0.209902 -0.225196 -1 -0.0108765 -0.455633 1 -0.771531 -0.305344 -0.98082 -1 0.0238342 0.833689 -0.526582 -1 -1 -0.907422 -0.892906 -0.962235 -0.71551 -1 -0.0154855 0.422917 1 -0.836121 -0.150065 0.495806 0.285815 0.0157715 -0.890779 -0.283161 -0.550207 
-0.57063 0.730534 -1 0.597793 -0.242969 -0.529616 0.571634 -0.101658 -0.592385 -0.729686 0.000953525 -0.742607 -1 -1 -0.866057 -0.708524 0.260621 0.298599 -0.433885 -0.738571 -0.0971031 -1 0.179615 -0.357836 0.490635 -0.784967 -1 0.900234 -0.742033 1 -0.62255 -0.354558 -0.485949 -0.621633 -0.646573 0.0818191 -0.0066067 -0.555833 0.0479465 -0.981406 -0.0324355 0.285595 -1 0.649151 -0.0976093 -0.117793 0.214882 -1 -0.592966 -1 0.154256 0.781835 -0.14248 -1 -0.621297 -1 0.0805914 -0.507184 -0.720839 -1 -0.138769 -1 -1 -1 0.00577941 -0.263663 -0.313487 -0.46453 -0.905749 -0.964852 -1 -0.945842 -0.127136 -0.286877 -0.531836 -1 -0.580837 0.422879 0.411546 0.790307 -0.0563567 0.170025 -0.151791 -0.805359 -1 -1 -0.26363 0.622107 0.581467 0.488353 0.122295 -0.807062 -0.307386 -0.871421 -0.649555 -1 -1 -1 0.262924 -1 0.538034 -0.940575 -0.656753 0.309588 -0.319174 0.248608 -0.688404 -0.956397 -0.118101 -0.67143 -0.0108765 0.677948 0.793815 -1 -1 -0.225174 -1 0.0238342 0.88011 -0.495156 -0.962151 -1 -0.907422 -1 -0.956868 -1 -0.422027 -0.263441 1 1 -1 -0.00376821 0.227085 0.301205 0.943227 -1 -0.364764 -0.743176 
-0.983285 -1 -0.673535 -0.530424 -1 -1 -1 -1 -1 0.114268 0.109268 -0.966889 -0.992229 -1 -1 -0.691542 0.30355 -1 -0.931469 0.717471 -1 -1 -0.519087 -1 -1 -1 -0.478581 0.230751 -1 -1 -1 -1 0.253304 0.440012 -1 -0.809707 0.900554 -0.207653 -0.984986 -0.68865 -0.0684271 0.566786 -1 -0.750612 -0.885837 -1 -0.744802 -1 -1 -0.505774 -1 -1 0.621632 -1 -0.943448 -1 -1 -0.634258 -0.203094 -0.919002 -1 -0.979662 -0.759005 -0.971015 -0.27098 -0.821244 -0.288545 -1 -0.0498832 0.239781 -1 -1 -1 -0.530664 0.11428 -0.670707 -0.337846 -1 -0.351679 -0.59668 -1 -0.480372 -1 -0.770096 -1 -0.987573 -0.89976 -1 -1 -1 -1 -1 -0.568181 -1 -1 -1 -0.869098 -0.951115 -0.103941 0.120525 -0.701977 -0.862854 -0.0824834 -0.738176 -1 -1 -1 -1 -0.826115 -0.917978 -1 -1 -1 -1 -1 -0.632198 -0.755343 1 -1 -0.491102 -1 -1 0.0928529 0.638661 -1 0.157183 -0.540789 0.0311489 0.627381 -0.348543 -1 -0.952961 -1 -0.927042 -0.770773 -0.846404 -1 -1 
-0.731406 1 -1 0.523803 -0.184473 -0.377794 0.366851 -0.620133 0.12229 -1 -0.317874 -1 -0.904513 -1 -0.648583 -1 0.557402 -1 -1 -1 -0.0971031 -0.607032 -0.139572 -0.440011 -0.243454 -0.487058 -1 -0.357114 -1 0.638833 -0.754828 -0.400904 -0.885752 -0.18875 -0.430283 -0.22773 1 -0.308089 -0.362431 -1 -1 -0.253602 -1 0.710876 -0.967155 -1 0.148185 -1 -0.469918 -1 -1 0.082548 -0.213901 -1 -1 -0.3537 0.275285 0.807619 -1 -1 -0.681963 -0.781814 -1 -1 -0.062408 -0.0874341 -1 -0.878985 -0.947435 -1 -1 -0.534078 -1 -1 -1 -1 -0.65344 0.104394 0.347487 -0.958841 -0.103999 -0.20537 -0.0838318 -0.665009 -0.95537 -0.969651 -0.307754 0.543597 0.353089 0.426625 -1 -0.958816 -0.263369 -1 -1 -1 -1 -1 -0.793609 -0.498967 0.862472 -1 -0.0436413 0.570825 -0.00463966 0.229254 -0.688404 -0.563893 -0.672222 -0.988519 -1 -0.52507 1 -1 -0.305344 -0.98082 -1 0.416777 0.794825 -0.368771 -0.907068 -1 -1 -0.892906 -1 -0.659861 -1 -0.0154855 0.422917 0.529627 -0.836121 -0.537004 0.553083 -0.0587158 0.232648 -1 -0.283161 -0.962976 
-0.90864 1 -1 0.898097 -1 -0.597776 0.43384 -1 -0.0495068 -0.78917 -0.763225 -1 -0.730203 -1 -0.794279 -1 0.557402 0.425162 -1 -1 -0.379064 -1 0.272278 -1 0.0681367 -0.301544 -0.849526 0.179609 -0.799623 0.638833 -1 -0.400904 -0.90256 -0.27086 -1 0.077301 0.706409 -0.438414 -0.118444 -1 -0.969786 -0.795414 -1 0.710876 -0.532705 -1 0.214882 -1 -0.469918 -1 -0.304016 1 -0.796633 -1 -1 -0.0384873 -0.0481799 0.606921 -1 -1 -0.74073 -1 -0.892388 -1 -0.407927 0.0683494 -1 -0.807697 -0.791231 -0.961157 -0.764024 -0.368409 -1 -1 -0.379385 -1 -1 -0.00389725 -0.610613 -1 -0.851749 -0.877727 0.302974 -1 -1 -1 -1 0.263334 0.425389 -0.154415 -1 -1 -0.0923458 -0.722644 -0.673195 -1 -1 -0.712219 -1 -0.478629 0.5308 -1 -0.132721 0.742331 0.0310941 0.132139 -0.886033 -0.49969 -0.792819 -1 -0.0108765 -0.455633 0.651867 -0.990314 -1 -0.98082 -1 0.416777 0.598263 -0.695538 -1 -1 -1 -1 -0.827912 -1 -0.916754 -0.0154855 -0.45789 0.15511 -0.836121 -0.179414 0.208453 -0.314142 0.0594383 -1 -0.900242 -1 
-1 1 -1 0.898097 -0.184473 -0.429775 0.366851 0.0618182 0.0146022 -0.848752 -0.356342 -1 -0.904513 -1 -0.873579 -0.990197 0.557402 0.525676 -0.927249 -0.998041 -0.0971031 -0.837925 0.0144355 -0.440011 0.128098 -0.0283214 -1 0.204911 -0.530994 0.638833 -0.62255 -0.400904 -0.885752 -0.36019 -0.430283 0.077301 1 -0.438414 -0.118444 -1 -1 -0.0449191 -1 0.710876 -0.970117 -1 0.148185 -1 -0.469918 -1 -0.30816 0.781835 -0.489905 -1 -1 -0.0384873 0.275285 0.807619 -0.995381 -1 -1 -1 -1 -1 -0.062408 0.0145283 -1 -0.58058 -0.791231 -1 -0.717772 -0.465229 -1 -1 -0.379385 -1 -0.580837 0.384697 0.347487 -1 -0.103999 -0.207087 -0.377332 -1 -1 -1 -0.307754 0.543597 0.425389 0.426625 -0.528477 -1 -0.263369 -0.722644 -1 -1 -1 -1 -0.255852 -0.498967 0.726531 -1 -0.132721 0.570825 0.0310941 0.270329 -0.688404 -0.572902 -0.672222 -0.897602 -0.0108765 -0.435132 1 -0.6398 -0.305344 -0.98082 -1 0.416777 0.794825 -0.326084 -1 -1 -1 -0.892906 -1 -1 -1 -0.0154855 0.422917 0.555052 -0.836121 -0.18672 0.208453 0.382081 0.232648 -1 -0.283161 -1 
-1 0.928976 -1 0.755461 -0.528123 0.521914 0.366851 -0.113394 0.0146022 -0.952618 0.249136 -1 -0.904513 -1 -0.75736 -0.708524 0.260621 0.622778 -0.434814 -1 -0.0971031 -1 0.0144355 -0.685049 0.490635 -0.0283214 -1 0.900234 -0.458526 -0.104868 -0.979603 -0.790657 -0.90082 -0.0720041 -0.702958 0.077301 0.996476 -0.438414 0.0357919 -1 0.165291 -0.89331 -0.941402 0.710876 0.292009 -1 0.214882 -0.938753 -0.378425 -1 -0.30816 0.781835 -0.260482 -1 -0.701941 -0.0445905 0.310495 0.0944198 -0.720839 -1 -0.138769 -1 -1 -1 -0.026861 0.261153 0.320839 -0.58058 -0.440751 -1 -1 -0.465229 -0.0187827 -1 -1 -1 -1 0.384697 0.347487 -0.0766877 0.618418 0.284041 -0.151791 -0.599681 -1 -0.969651 -0.26363 0.883843 0.540383 0.656717 -0.824753 -1 -0.263369 -0.185273 -1 -1 -1 -0.809563 -0.0867797 -0.498967 0.496405 -1 0.806721 0.422137 0.0310941 0.248608 -0.688404 0.209902 -0.225196 -1 -0.0108765 -0.455633 0.697635 -0.6398 -0.677629 -0.98082 -1 0.0238342 0.833689 -0.526582 -1 -1 -0.907422 -0.892906 -0.962235 -0.71551 -1 -0.0154855 0.482019 0.187636 -0.836121 -0.00376821 0.544817 0.207175 0.232648 -0.940563 -0.283161 -0.65885 
-1 -1 -0.246344 0.872572 -1 -1 -1 -1 -1 -0.196839 -1 -0.80855 -1 -0.50605 -1 -1 -1 -0.6893 -0.915921 -0.00502777 -1 -1 1 -0.653697 -0.881627 -0.943191 -0.782147 -1 -1 -0.0306114 -1 -0.448316 -1 -1 -0.732047 -0.925153 -1 -0.221007 -1 -1 -1 -1 -0.81768 0.0570299 -0.720182 -0.57743 -1 -1 -1 -1 -1 -1 -0.972204 -1 -0.105529 -0.545909 -0.170843 -0.702648 -0.18222 -0.309434 -1 -0.474854 -1 -1 -0.650023 -0.800977 -1 -1 -1 -1 -1 -0.908767 -0.716771 -1 -1 -1 -0.808275 -1 0.194274 -0.449271 -0.677095 -1 -1 -1 -0.0627788 -0.750256 -1 -0.824673 -0.469937 -0.217502 -0.527348 -1 -0.144736 -1 -1 -0.543505 -1 -1 -1 -1 -0.582147 -1 -0.791392 -1 -1 -1 0.907613 -0.635724 -0.775183 -1 -0.319394 -0.777628 -0.980037 0.731034 -1 -0.625608 -1 -1 -1 -0.891996 -0.695616 0.424489 -0.642347 0.119486 -1 -1 -0.656624 -0.0380023 -1 -1 0.167794 -0.624515 -0.756713 -0.956721 0.0799884 -1 -1 -1 
-1 0.981272 -1 0.465668 -0.467478 0.148323 -1 2.6498e-05 0.442587 -1 -0.19551 -0.995242 -0.516459 -1 -0.649238 -0.360279 -0.0974978 0.0496358 -1 -1 0.00731686 -0.887214 0.163122 -0.972971 0.410264 -0.0200292 -1 0.838596 -0.386852 0.352907 -1 -0.814265 -0.950632 -0.986506 -0.781757 -0.393875 -0.267133 -1 -0.416689 -1 0.107051 -0.244429 -1 0.970989 -0.0105235 -0.996176 0.300205 -0.943167 -0.592595 -1 -0.882647 0.271852 -1 -0.958032 -0.277732 -0.898019 0.0462325 -0.792257 -0.720839 -0.701909 -0.440667 -1 -1 -1 -0.923748 -0.178023 0.0122607 -0.916807 -0.106957 -0.905219 -1 -1 -0.500458 -1 -0.987682 -1 -1 -0.863831 -1 -0.100503 -1 -0.636237 -1 -0.835697 -1 -0.873085 -0.191942 0.776173 -0.284608 0.587813 -0.137951 -1 -1 -0.310028 -1 -1 -1 -0.809563 -0.422222 -1 -0.19442 -1 -0.986485 0.414859 -0.260212 -0.227531 -0.958142 -0.0822944 -0.204074 -1 -0.0892015 -1 0.686027 -0.6398 -1 -1 -1 -0.211131 -0.201708 -0.926026 -0.619634 -1 -0.547827 -0.892906 -1 -0.576505 -1 -0.0154855 0.304067 0.970421 -1 0.40511 0.0684956 0.0816945 0.232648 -0.817356 -0.763927 -1 
-1 1 -1 0.898097 -1 -0.597776 0.565836 -1 0.0146022 -0.78917 -0.600001 -1 -0.730203 -1 -0.794279 -0.973521 0.557402 0.525676 -1 -1 -0.281393 -1 0.272278 -0.387781 0.0681367 -0.0283214 -1 0.179609 -0.799623 0.638833 -1 -0.400904 -0.90256 -0.27086 -1 0.077301 0.677498 -0.438414 -0.118444 -1 -0.644263 0.145722 -1 0.710876 -0.532705 -1 0.214882 -1 -0.469918 -1 -0.418731 1 -0.796633 -1 -1 -0.111702 -0.280848 0.606921 -1 -1 -0.74073 -1 -0.892388 -1 -0.321206 0.0683494 -1 -0.807697 -0.791231 -0.945092 -0.717772 -0.465229 -1 -1 -0.379385 -1 -1 0.39553 -0.610613 -1 -0.10302 -1 0.302974 -1 -1 -1 -1 0.263334 0.425389 -0.154415 -1 -1 -0.0923458 -0.722644 -1 -1 -1 -0.712219 -0.177661 -0.478629 0.5308 -1 -0.132721 0.570825 0.0310941 -0.000929683 -0.95243 -0.49969 -0.672222 -1 -0.0108765 -0.455633 0.651867 -0.6398 -1 -0.98082 -1 0.416777 0.71304 -0.384577 -1 -1 -1 -1 -0.621714 -1 -0.916754 -0.0154855 -0.45789 0.147374 -0.836121 -0.179414 0.208453 0.301205 0.0594383 -1 -0.900242 -1 
-1 1 -1 0.898097 -0.184473 -0.429775 0.0634664 0.0618182 0.0146022 -1 -0.193362 -1 -1 -1 -1 -0.990197 0.467655 0.525676 -0.927249 -1 -0.0971031 -1 0.0144355 -0.339882 0.128098 -0.0283214 -0.677691 0.204911 -0.52092 0.638833 -0.62255 -0.472447 -0.885752 -0.209311 -0.883399 0.077301 1 -0.287193 -0.284576 -1 -1 -1 -1 -0.304704 -0.755428 -0.754014 0.148185 -1 -0.469918 -1 -0.30816 0.781835 -0.416477 -1 -1 -0.0384873 0.275285 0.807619 -0.995381 -1 -0.75905 -0.938023 -1 -1 -0.062408 -1 -1 -0.252217 -0.791231 -1 -0.396079 -0.465229 -1 -1 -0.0107513 -0.954216 -0.580837 0.384697 -0.763264 -0.643324 -0.103999 -0.20537 -0.377332 -1 -1 -0.969651 -0.307754 0.77584 -0.319949 0.749755 -0.651152 -1 -1 -0.868026 -1 -0.91539 -1 -1 -0.258652 -0.817616 0.815518 -1 -0.831111 0.570825 0.0310941 0.270329 -0.688404 -1 -0.672222 -0.897602 0.270246 -0.536068 1 -0.643699 -0.305344 -0.98082 -1 0.416777 0.794825 -0.326084 -1 -1 -1 -0.532227 -1 -1 -1 -0.0154855 0.422917 0.529627 -0.836121 -0.380208 0.208453 0.501707 0.232648 -1 0.071553 -1 
-1 0.92705 -1 0.898097 -0.184473 -0.429775 -0.272158 0.0618182 0.0146022 -1 -1 -1 -1 -1 -0.873579 -1 0.557402 0.18672 -1 -1 -0.0971031 -1 0.0144355 -0.793691 -0.870276 -0.155132 -0.677691 -0.813202 -0.530994 0.782273 -0.62255 -0.472447 -0.885752 -0.209311 -0.883399 -0.762116 0.996791 -0.287193 -0.284576 -1 -1 -1 -0.76611 -0.304704 -1 -0.754014 -0.126646 -0.364342 -1 -1 -1 0.701335 -0.416477 -1 -1 -0.649226 -0.823804 0.513052 -0.650728 -1 -0.6464 -1 -1 -1 -0.062408 -1 -1 -0.83523 -1 -0.965983 -0.396079 -1 -1 -1 -0.00869303 -0.954216 -1 0.384697 -0.761727 -0.643324 -0.784385 -1 -1 -1 -1 -0.969651 -0.0164438 0.77584 -0.319949 0.749755 -0.495663 -1 -1 -0.594444 -1 -0.91539 -1 -1 -0.254729 -0.648747 0.862472 -0.952863 -0.831111 0.294995 0.0310941 0.56849 -0.688404 -1 -1 -1 0.355394 -0.536068 1 -0.643699 -0.305344 -0.98082 -1 0.416777 -0.149434 -1 -1 -1 -1 -0.243015 -0.85365 -1 -1 -0.0154855 0.404305 0.529627 -0.836121 -0.649232 0.208453 0.624123 -0.359182 -1 0.071553 -1 
-0.57063 0.730534 -1 0.898097 -0.298437 0.521914 0.366851 0.0618182 0.0146022 -0.865111 0.19865 -1 -0.904513 -1 -0.866057 -0.708524 0.260621 0.622778 -0.433885 -0.738571 -0.0971031 -1 0.0144355 -0.357836 0.490635 0.353328 -1 0.900234 -0.458526 0.638833 -0.62255 -0.0507682 -0.485949 -0.0510718 -0.430283 0.077301 0.996476 -0.438414 -0.130494 -1 0.165291 0.151796 -1 0.710876 -0.0976093 -0.248353 0.214882 -1 -0.712401 -1 0.628244 0.781835 -0.14248 -1 -1 -0.0384873 0.409645 0.351872 -0.720839 -0.974079 -0.138769 -0.810453 -1 -0.545472 -0.026861 0.261153 0.320839 -0.58058 -0.440751 -0.49511 -1 -0.465229 0.758715 -0.649372 -0.531836 -1 -0.580837 0.384697 0.347487 0.702962 0.618418 0.284041 -0.270799 -0.805359 -1 -0.969651 -0.26363 0.622107 0.540383 0.803554 0.122295 -0.750747 -0.263369 -0.185273 -0.649555 -1 -1 -1 0.173892 -0.498967 0.739576 -1 0.698666 0.631825 0.0310941 0.248608 -0.688404 0.209902 0.110926 -0.67143 -0.0108765 0.677948 0.758176 -0.6398 -0.132161 -0.225174 -1 0.0238342 0.833689 -0.526582 -1 -1 -0.907422 -0.892906 -0.962235 -1 -0.386987 -0.0154855 0.974266 1 -0.836121 -0.00376821 0.495806 0.301205 0.977941 -0.890779 0.654888 -0.550207 
-1 0.0925924 -0.955148 0.850393 0.0430121 0.521914 0.668383 0.0618182 0.0146022 -1 0.249136 -1 -1 -1 -0.75736 -1 0.260621 -0.33703 -0.433885 -1 -0.0971031 -1 0.269932 -0.357836 0.490635 -0.0283214 -1 1 -0.458526 -0.552394 -1 -0.790657 -1 -0.215657 -0.430283 0.077301 0.755354 -0.438414 0.0357919 -1 -0.600013 -0.0113864 -1 0.710876 -0.0976093 -1 0.214882 -1 -0.469918 -1 -0.30816 1 -1 -1 -1 -0.150463 0.275285 0.592937 -0.720839 -1 -0.138769 -1 -1 -0.545472 -1 0.261153 0.320839 -0.638532 -0.440751 -1 -1 -0.465229 -0.0187827 -1 -0.175263 -1 -1 0.384697 0.347487 -0.100503 0.618418 0.272427 -0.22467 -0.86246 -1 -1 -0.26363 0.883843 -0.711479 0.656717 -0.246519 -1 -0.38817 -0.382128 -1 -1 -0.968701 -0.803284 -0.308587 -0.498967 0.739576 -1 0.854496 0.631825 0.0310941 0.248608 -0.922011 -0.0563795 -1 -0.781373 -0.199702 -0.455633 1 -0.874087 -0.305344 -1 -0.946312 0.0238342 0.833689 -0.526582 -1 -1 -0.907422 -0.892906 -0.962235 -0.941398 -1 -0.0542952 0.207495 1 -1 -0.00376821 0.495806 0.301205 0.232648 -0.890779 -0.417759 -1 
-1 1 -1 0.898097 -0.184473 -0.429775 0.240364 0.0618182 0.0146022 -0.860827 -0.356342 -1 -0.904513 -1 -0.873579 -0.736546 0.557402 0.525676 -0.850368 -1 -0.0971031 -0.837925 -0.0443322 -0.220047 0.128098 -0.0283214 -1 0.14413 -0.468566 -0.0667431 -0.32693 -0.303496 -0.885752 -0.36019 -0.430283 0.077301 1 -0.514641 -0.118444 -1 -1 -1 -0.922292 0.710876 -1 -1 0.148185 -1 -0.464508 -1 -0.232796 0.781835 -0.862576 -1 -0.954535 -0.0384873 0.275285 0.798821 -1 -1 -1 -1 -1 -1 -0.0195621 0.128114 -1 -0.932457 -0.962531 -1 -0.717772 -0.465229 -1 -1 -0.379385 -1 -0.580837 0.384697 0.255124 -1 -0.103999 -0.20537 -0.0983569 -1 -1 -1 -0.307754 0.543597 0.331357 0.426625 -0.528477 -1 -0.263369 -0.722644 -1 -1 -1 -1 -0.603705 -0.498967 0.773125 -0.871624 -0.19512 0.570825 0.0310941 0.270329 -0.681117 -0.572902 -0.809898 -0.897602 -0.197967 -0.898975 1 -0.6398 -0.683993 -1 -1 0.416777 0.794825 -0.43419 -1 -0.978281 -1 -0.872866 -1 -1 -0.995658 -0.0154855 0.422917 0.468613 -0.836121 -0.18672 0.208453 0.295076 0.232648 -1 -0.283161 -1 
-1 1 -1 0.898097 -0.184473 -0.429775 0.0953369 0.0618182 0.0146022 -1 -0.193362 -1 -1 -1 -0.873579 -1 0.557402 0.525676 -0.927249 -1 -0.0502295 -0.487579 0.0144355 -0.530203 -0.715233 -0.0283214 -0.677691 0.204911 -0.472807 0.774441 -0.62255 -0.472447 -1 -0.30207 -0.834404 0.152285 1 -0.246045 -0.284576 -1 -1 -1 -1 -0.304704 -0.848731 -0.824122 0.148185 -1 -0.755759 -1 -1 0.781835 -0.416477 -1 -1 -0.134858 0.275285 0.807619 -1 -1 -0.6464 -0.938023 -1 -1 -0.062408 -1 -1 -0.362403 -0.791231 -1 -0.416072 -0.161602 -1 -1 -0.0786368 -0.954216 -0.580837 0.384697 -1 -0.643324 -0.103999 -0.20537 -1 -1 -1 -0.969651 -0.307754 0.77584 -0.319949 0.749755 -0.651152 -1 -0.953134 -0.868026 -0.80926 -0.91539 -1 -1 -0.390334 -1 0.321182 -0.972043 -0.862726 0.573099 0.0310941 0.270329 -0.688404 -1 -0.358747 -0.897602 0.355394 -0.812196 1 -0.643699 -0.305344 -0.98082 -1 0.416777 0.349332 -0.517511 -1 -1 -1 -0.532227 -1 -1 -1 -0.0154855 0.422917 0.400831 -1 -0.380208 0.208453 0.505517 0.232648 -1 0.071553 -0.731777 
-1 1 -1 0.898097 -0.184473 -0.429775 0.366851 0.0618182 0.0146022 -0.848752 -0.356342 -1 -0.904513 -1 -0.873579 -0.990197 0.557402 0.525676 -0.927249 -0.998041 -0.0971031 -0.837925 0.0144355 -0.440011 0.128098 -0.0283214 -1 0.204911 -0.530994 0.638833 -0.62255 -0.400904 -0.885752 -0.36019 -0.430283 0.077301 1 -0.438414 -0.118444 -1 -1 -0.0449191 -1 0.710876 -0.970117 -1 0.148185 -1 -0.469918 -1 -0.30816 0.781835 -0.489905 -1 -1 -0.0859344 0.275285 0.807619 -0.995381 -1 -1 -1 -1 -1 -0.062408 0.0145283 -1 -0.58058 -0.791231 -1 -0.717772 -0.465229 -1 -1 -0.379385 -1 -0.580837 0.423542 0.347487 -1 -0.0444401 -0.20537 -0.377332 -1 -1 -0.969651 -0.307754 0.543597 0.425389 0.426625 -0.635439 -1 -0.263369 -0.722644 -1 -1 -1 -1 -0.40172 -0.498967 0.862472 -1 -0.132721 0.570825 0.0310941 0.270329 -0.688404 -0.572902 -0.672222 -0.897602 -0.0108765 -0.631088 1 -0.670933 -0.305344 -0.98082 -1 0.416777 0.794825 -0.326084 -1 -1 -1 -0.892906 -1 -1 -1 -0.0154855 0.422917 0.529627 -0.836121 -0.18672 0.208453 0.382081 0.232648 -1 -0.283161 -0.930312 
-0.560049 0.730534 -1 0.597793 -0.242969 -0.529616 0.366851 -0.101658 -0.592385 -0.872711 0.000953525 -0.742607 -1 -1 -0.866057 -0.708524 0.260621 0.298599 -0.433885 -0.738571 -0.0971031 -0.868896 0.0144355 -0.357836 0.522864 0.353328 -1 0.900234 -0.742033 0.638833 -0.62255 -0.354558 -0.485949 -0.621633 -0.646573 0.114675 0.612072 -0.555833 -0.130494 -0.981406 -0.0324355 0.151796 -1 0.649151 -0.0976093 -0.117793 0.214882 -1 -0.592966 -1 0.357478 0.781835 -0.14248 -1 -0.621297 -1 0.0805914 -0.507184 -0.720839 -1 -0.138769 -1 -1 -1 0.00577941 -0.208317 -0.043836 -0.46453 -0.440751 -0.964852 -1 -0.945842 -0.127136 -0.286877 -0.531836 -1 -0.580837 0.422879 0.411546 0.790307 -0.0563567 0.170025 -0.288374 -0.805359 -1 -1 -0.26363 0.622107 0.581467 0.488353 0.122295 -0.807062 -0.307386 -0.871421 -0.649555 -1 -1 -1 0.409154 -1 0.538034 -0.940575 -0.266274 0.335513 -0.319174 0.248608 -0.688404 -0.956397 -0.118101 -0.67143 -0.0108765 0.677948 0.793815 -0.61794 -0.132161 -0.225174 -1 0.0238342 0.88011 -0.495156 -0.962151 -1 -0.907422 -1 -0.956868 -1 -0.422027 -0.0154855 1 1 -1 -0.00376821 0.227085 0.301205 0.943227 -0.890779 -0.364764 -0.743176 
-1 0.893243 -1 0.898097 -0.170805 -0.429775 0.366851 0.0618182 0.0132726 -0.505372 -0.356342 -1 -0.850262 -1 -0.873579 -0.990197 0.557402 0.525676 -0.927249 -0.998041 -0.0971031 -0.837925 -0.0539676 -0.440011 0.128098 -0.0283214 -1 0.167385 -0.530994 0.209399 -0.62255 -0.400904 -0.946156 -0.555841 -1 -0.00931703 0.950989 -1 0.124336 -1 -1 -0.0449191 -1 0.710876 -1 -1 0.148185 -1 -1 -0.887345 -0.148554 0.955707 -1 -1 -1 -0.249304 0.275285 0.807619 -0.995381 -1 -1 -1 -0.639141 -1 -0.119151 0.0145283 -1 -0.58058 -0.791231 -1 -0.659716 -0.465229 -0.842386 -1 -0.265887 -1 -0.580837 0.384697 0.151406 -0.993476 -1 -1 -0.377332 -1 -0.758471 -0.969651 -0.315257 0.61031 0.297299 0.426625 -0.73675 -0.608656 -0.806253 -1 -1 -1 -1 -1 -1 -0.498967 -0.290141 -1 -0.132721 0.570825 0.639166 0.270329 -1 -1 -0.672222 -1 -0.230211 -0.365576 1 -0.6398 -1 -0.98082 -1 0.416777 0.794825 -0.326084 -1 -1 -1 -0.68616 -1 -1 -1 -0.0154855 0.597398 0.529627 -0.898126 -0.18672 0.208453 -0.229113 0.228835 -1 -0.283161 -1 
-0.674877 -0.219471 -1 0.420196 -0.298437 0.521914 0.0136671 0.0618182 -0.1186 -0.865111 0.442273 -0.779486 -0.817166 -1 -0.75736 -0.708524 0.260621 0.622778 -0.433885 -1 -0.0971031 -1 0.0144355 -0.357836 0.341477 -0.0283214 -1 0.900234 -0.458526 0.638833 -0.62255 -0.790657 -0.885752 -1 -0.430283 0.077301 0.996476 -0.641036 0.0563174 -1 0.165291 0.151796 -1 0.710876 -0.0976093 -1 -0.739506 -1 -1 -1 -0.525033 0.781835 -0.14248 -1 -0.701941 -0.0384873 0.275285 0.704345 -0.720839 -1 -0.138769 -1 -1 -0.545472 -1 0.261153 0.320839 -0.58058 -1 -1 -1 -0.465229 -0.0187827 -1 -0.531836 -1 -0.580837 0.384697 0.347487 -0.100503 0.618418 -0.143973 -0.220846 -1 -1 -0.969651 -0.26363 0.883843 -0.125561 0.656717 -0.137951 -1 -0.263369 -0.495569 -1 -0.786738 -1 -0.809563 0.011343 -0.498967 0.739576 -1 0.854496 0.631825 0.0310941 0.248608 -0.688404 0.209902 -0.225196 -1 -0.0108765 -0.123811 1 -0.6398 -0.305344 -1 -1 0.0238342 0.833689 -0.526582 -1 -1 -1 -0.808002 -0.962235 -0.71551 -1 -0.0154855 0.422917 1 -0.836121 -0.00376821 0.495806 0.301205 0.232648 -1 -0.283161 -0.689528 
-0.474314 0.928976 -1 0.898097 -0.919296 0.521914 0.366851 -0.0776142 0.0144109 -1 -0.0611218 -1 -1 -1 -0.75736 -0.708524 0.260621 0.234917 -0.0585541 -1 -0.0971031 -1 0.0144355 -0.357836 0.490635 -0.0283214 -1 0.900234 -0.458526 0.555106 -0.62255 -0.790657 -0.885752 -0.0510718 -0.430283 0.077301 0.996476 -0.438414 -0.0303881 -1 0.165291 0.151796 -0.949637 0.109855 -0.0976093 -1 -0.0579254 -1 -0.444101 -1 -0.30816 0.664612 0.112959 -1 -0.701941 -0.0384873 0.274758 0.704345 -0.720839 -1 -0.138769 -1 -1 -0.545472 0.217366 0.261153 0.329928 -0.58058 -0.440751 -1 -1 -0.540197 -0.0187827 -1 -0.531836 -1 -0.580837 0.384697 0.347487 -0.722857 0.618418 0.284041 -0.151791 -0.599681 -1 -0.969651 -0.26363 0.883843 0.540383 0.656717 -0.137951 -1 -0.263369 -0.185273 -1 -1 -1 -0.809563 -0.432434 -0.498967 0.739576 -1 0.854496 -0.433258 0.0310941 0.248608 -0.688404 0.209902 -0.225196 -1 -0.0108765 -0.455633 1 -0.6398 -1 -0.98082 -1 0.0238342 -0.315339 -0.526582 -1 -1 -0.907422 -0.892906 -0.962235 -0.477758 -1 -0.0154855 0.422917 0.0615239 -0.836121 -0.602244 0.495806 0.301205 0.232648 -1 -0.283161 -0.550207 
-0.57063 0.730534 -1 0.898097 -0.298437 0.521914 0.366851 0.0618182 0.0146022 -0.865111 0.249136 -1 -0.904513 -1 -0.866057 -0.708524 0.260621 0.622778 -0.433885 -0.738571 -0.0971031 -1 0.0144355 -0.357836 0.490635 0.353328 -1 0.900234 -0.458526 0.638833 -0.62255 -0.0507682 -0.485949 -0.0510718 -0.430283 0.077301 0.996476 -0.469089 -0.130494 -1 0.165291 0.154235 -1 0.710876 -0.0976093 -0.248353 0.214882 -1 -0.712401 -1 0.628244 0.781835 -0.14248 -1 -1 -0.0384873 0.409645 0.351872 -0.720839 -1 -0.138769 -0.810453 -1 -0.545472 -0.026861 0.261153 0.320839 -0.58058 -0.440751 -0.49511 -0.961917 -0.465229 0.758715 -0.649372 -0.531836 -1 -0.580837 0.384697 0.347487 0.702962 0.618418 0.284041 -0.151791 -0.805359 -1 -0.969651 -0.26363 0.622107 0.540383 0.803554 0.122295 -0.750747 -0.263369 -0.185273 -0.649555 -1 -1 -1 0.173892 -0.498967 0.739576 -1 0.698666 0.631825 0.0310941 0.248608 -0.688404 0.209902 0.0705066 -0.67143 -0.0108765 0.677948 0.758176 -0.6398 -0.132161 -0.225174 -1 0.0238342 0.833689 -0.526582 -1 -1 -0.907422 -0.892906 -0.962235 -1 -0.386987 -0.0154855 0.974266 1 -0.836121 -0.00376821 0.495806 0.24242 0.977941 -0.890779 0.654888 -0.550207 
-0.333659 0.80349 -1 0.998716 -1 -0.42364 -0.0505303 -0.174506 -0.734471 -1 0.147599 -1 -1 -1 -1 0.030089 0.260621 0.129031 -0.490122 -1 0.290794 -1 0.255082 -0.357836 0.698572 -0.225795 -1 0.251775 -0.458526 0.622302 -0.79196 -1 -1 -1 -0.824687 -0.734488 -0.466892 -1 0.0620404 -1 0.333474 -0.304097 -1 1 -1 -0.736742 -0.00728071 -1 -0.712401 -0.903544 -0.400345 -0.496022 -0.209674 -0.833203 -1 -1 0.138646 -0.0670328 -1 -0.654956 -1 -1 -0.995786 -0.483943 -0.026861 -0.145959 -0.82539 -1 -0.666749 -1 -1 -0.465229 0.758715 -0.649372 -0.688877 -1 -1 -1 -1 0.124742 -1 0.429712 -1 -1 -1 -1 -0.522148 -0.213363 -0.365923 0.885118 -1 -0.750747 -0.787753 -1 -1 -0.952838 -1 -1 0.173892 -0.993421 -0.87221 -0.85421 -1 -1 -1 0.615757 -1 -0.235138 0.270473 -0.526264 -0.0403997 0.537706 0.569944 -0.595871 -0.0690009 -0.225174 -1 -0.148787 0.728789 -1 -1 -0.987898 -0.763396 -0.892906 -1 -1 -1 0.0955097 0.974266 -0.161279 -0.836121 -0.501535 0.372142 -0.16548 0.977941 -1 -1 -1 
-0.57063 0.730534 -1 0.597793 -0.158797 -0.529616 0.366851 -0.40098 -0.592385 -0.917764 0.17487 -0.742607 -0.71402 -1 -0.99792 -0.708524 0.260621 0.622778 -0.433885 -0.940567 -0.0971031 -0.868896 0.0637478 -0.357836 0.00431967 0.353328 -1 1 -0.742033 0.642326 -1 -0.354558 -0.485949 -0.519114 -0.598293 0.077301 0.612072 -0.438414 -0.214465 -0.981406 -0.0931198 -0.0853067 -1 0.83203 -0.26692 -1 0.214882 -1 -0.932646 -0.958316 0.357478 0.614869 -1 -1 -0.621297 -1 0.0805914 -0.507184 -0.720839 -1 -0.138769 -1 -1 -0.808507 -0.16829 -0.208317 -0.083435 -0.46453 -0.457635 -1 -1 -0.661271 -0.14473 -0.286877 -1 -1 -0.529292 0.262958 0.411546 0.790307 0.139567 0.307782 -0.151791 -0.805359 -1 -1 -0.26363 0.622107 0.581467 0.488353 -0.173282 -1 -0.415984 -1 -0.623938 -1 -1 -1 0.407147 -1 0.544191 -1 -0.266274 -0.541885 -0.526739 -0.0615371 -1 -0.956397 0.0705066 -0.67143 -0.0911735 0.677948 0.758176 -0.6398 -0.459783 -0.303556 -1 0.0238342 0.875304 -0.865311 -1 -1 -0.907422 -1 -1 -1 -0.711829 -0.0154855 1 1 -0.836121 -0.17609 0.227085 0.301205 0.977941 -0.824811 -1 -0.743176 
-1 1 -1 0.898097 -0.184473 -0.429775 0.0634664 0.0618182 0.0146022 -1 -0.193362 -1 -1 -1 -1 -0.990197 0.467655 0.525676 -0.927249 -1 -0.0971031 -1 0.0144355 -0.339882 0.128098 -0.0283214 -0.677691 0.204911 -0.530994 0.638833 -0.62255 -0.472447 -0.885752 -0.209311 -0.883399 0.077301 1 -0.287193 -0.284576 -1 -1 -1 -1 -0.304704 -0.755428 -0.754014 0.148185 -1 -0.469918 -1 -0.30816 0.781835 -0.416477 -1 -1 -0.0384873 0.275285 0.807619 -0.995381 -1 -0.6464 -0.938023 -1 -1 -0.062408 -1 -1 -0.252217 -0.791231 -1 -0.396079 -0.465229 -1 -1 -0.0107513 -0.954216 -0.580837 0.384697 -0.763264 -0.643324 -0.209361 -0.20537 -0.377332 -1 -1 -0.969651 -0.307754 0.77584 -0.319949 0.749755 -0.651152 -1 -1 -0.868026 -1 -0.91539 -1 -1 -0.255852 -0.817616 0.862472 -1 -0.831111 0.570825 0.0310941 0.270329 -0.688404 -1 -0.672222 -0.897602 0.355394 -0.536068 1 -0.643699 -0.305344 -0.98082 -1 0.416777 0.794825 -0.326084 -1 -1 -1 -0.532227 -1 -1 -1 -0.0154855 0.422917 0.529627 -0.836121 -0.380208 0.208453 0.501707 0.232648 -1 0.071553 -1 
-1 0.92705 -1 0.898097 -0.184473 -0.429775 0.0634664 0.0618182 0.0146022 -1 -1 -1 -1 -1 -0.873579 -0.990197 0.557402 0.525676 -0.927249 -1 -0.0971031 -1 0.0144355 0.0402603 -0.961771 -0.155132 -0.677691 0.290885 -0.530994 1 -0.62255 -0.472447 -0.885752 -0.209311 -0.883399 0.077301 0.996791 -0.287193 -0.284576 -1 -1 -1 -1 -0.304704 -1 -0.754014 -0.126646 -0.364342 -0.219031 -1 -0.30816 0.781835 -0.416477 -1 -1 -0.0384873 0.275285 0.807619 -1 -1 -0.6464 -1 -1 -1 -0.062408 -1 -1 -0.83523 -1 -1 -0.396079 -1 -1 -1 -0.00869303 -0.954216 -0.510151 0.384697 -0.761727 -0.643324 -0.784385 -1 -0.377332 -1 -1 -0.969651 -0.0164438 0.77584 -0.319949 0.749755 -0.495663 -1 -1 -0.594444 -1 -0.91539 -1 -1 -0.254729 -0.817616 0.862472 -0.952863 -0.831111 0.294995 0.0310941 0.56849 -0.688404 -1 -0.672222 -1 0.355394 -0.536068 1 -0.643699 -0.305344 -0.98082 -1 0.416777 -0.149434 -0.326084 -0.742548 -1 -1 -0.532227 -0.85365 -1 -1 -0.0154855 0.404305 0.529627 -0.836121 -0.649232 0.208453 0.624123 -0.359182 -1 0.071553 -1 
-0.462707 1 -0.881857 0.560459 -0.126038 0.749127 0.144151 -0.292607 0.0146022 -0.776509 -0.102911 -1 -1 -1 -0.866057 -0.752307 -0.0697955 0.599587 -0.752451 -0.738571 -0.0945865 -0.841608 -0.329999 -0.376681 -0.324575 0.353328 -0.994516 -0.292068 -1 0.638833 -1 -0.0405043 -1 -1 -0.517388 -0.241732 0.889926 -0.438414 0.17157 -1 -0.554974 0.0804437 -1 0.710876 -0.258361 -0.248353 0.254161 -1 -1 -0.943111 0.494352 0.748277 -0.255297 -1 -1 -0.2393 0.409645 0.349917 -1 -1 -0.311506 -0.810453 -1 -0.545472 -0.026861 -1 -0.822057 -0.517632 -0.440751 -0.810649 -1 -0.876054 0.417506 -0.669059 -0.869024 -1 -0.702265 -0.140828 -1 -0.00719142 0.257381 0.263066 -0.914214 -1 -1 -1 -0.356375 0.271454 -1 0.824683 0.168779 -0.97685 -0.76207 -0.462808 -0.257098 -1 -1 -1 -0.0405298 -0.498967 0.598294 -1 -0.371444 0.631825 -0.0750989 -0.197352 -1 0.0791843 0.125886 -0.880037 -0.0108765 -1 0.730478 -0.692979 -0.132161 -0.600271 -1 0.0238342 0.780432 -1 -1 -1 -1 -0.823393 -1 -0.896108 -0.486304 -0.115357 0.844457 1 -0.990053 -0.00376821 0.193352 0.141381 0.977941 -0.890779 -1 -1 
-0.57063 0.129626 -1 0.898097 -0.298437 0.171928 0.366851 0.0618182 -0.0502404 -0.865111 0.249136 -1 -0.983712 -0.946648 -1 -1 -1 0.745898 -1 -1 -0.045083 -1 0.0144355 -0.177235 0.0452229 -0.287723 -1 0.486809 -0.3289 0.638833 -1 -0.790657 -1 0.0559883 -0.651875 0.407172 -0.25379 -0.438414 -0.195112 -1 0.165291 0.151796 -1 -0.26466 -0.0976093 -1 0.191555 -1 -1 -1 -0.452323 0.781835 -0.222566 -0.865299 -0.495242 -0.703542 -0.416744 0.536217 -1 -1 -0.138769 -1 -1 -0.545472 -0.026861 -0.401993 0.277405 -0.58058 -0.825843 -0.888973 -1 -0.723423 -1 -1 -0.531836 -1 -0.86276 -0.259983 -0.513723 -1 0.618418 -0.0700884 -0.479727 -0.788368 -1 -1 -1 -0.109606 -0.367612 0.371723 -0.137951 -1 -0.387769 -0.185273 -1 -0.649434 -1 -1 -0.114379 -0.606766 0.739576 -1 -0.651656 0.631825 0.186642 -0.421597 -1 0.598779 -0.225196 -1 0.289968 -0.294953 1 -0.6398 -0.430801 -1 -1 0.0238342 0.0761429 -0.474177 -1 -0.965284 -1 -0.87729 -1 -0.71551 -1 -0.0154855 0.380042 0.814161 -0.836121 -0.723368 0.348192 0.379526 0.0194197 -1 -0.82187 -0.550207 
-0.57063 0.494196 -1 0.898097 -0.746936 0.521914 0.366851 0.0618182 0.0146022 -0.971681 0.249136 -1 -0.904513 -1 -0.75736 -0.708524 0.260621 0.622778 -0.433885 -1 -0.0588621 -1 0.0144355 -0.357836 0.787372 -0.0283214 -1 0.900234 -0.446602 0.465469 -0.790489 -0.966787 -0.885752 -0.0510718 -0.430283 0.077301 0.842953 -0.438414 0.0357919 -1 -0.531923 0.151796 -1 0.710876 -0.0976093 -0.771574 0.214882 -1 -0.469918 -1 -0.30816 0.781835 -0.14248 -1 -0.701941 -0.0790115 0.275285 0.713358 -0.720839 -0.997137 -0.398087 -1 -1 -0.805445 -0.026861 0.261153 0.320839 -0.58058 -0.440751 -1 -0.739752 -0.465229 -0.0187827 -1 -0.531836 -1 -1 0.384697 0.347487 -0.100503 0.931303 0.203131 -0.151791 -0.539281 -1 -0.969651 -0.47655 0.844905 0.540383 0.656717 -0.137951 -1 -0.263369 -0.183158 -1 -0.916093 -1 -0.809563 -0.563809 -0.498967 0.739576 -1 0.854496 -0.231823 0.0310941 0.248608 -0.688404 0.209902 -0.248474 -1 -0.857576 -0.455633 0.978057 -0.848617 -0.370988 -1 -1 0.0238342 0.833689 -0.526582 -1 -0.657113 -0.907422 -0.57958 -0.575733 -0.71551 -0.655881 -0.0154855 0.422917 1 -0.452782 -0.00376821 0.495806 0.301205 0.287968 -0.890779 -0.353039 -0.686654 
-0.763609 -1 -1 0.561616 -1 -0.895889 -1 -0.554714 -1 -0.196839 -0.942185 -0.76921 -1 -0.50605 -0.349502 -1 -0.928447 -1 -0.915921 0.926784 -1 -1 -0.292919 -0.653697 -0.881627 -0.791698 -1 -1 -1 -0.0306114 -1 -0.332013 -1 -1 -0.533599 -0.796129 -0.193021 -0.216438 -1 -0.637149 -0.995265 -1 -0.81768 -1 -1 -0.552008 -1 -1 -1 -0.792174 -0.759227 -1 -1 -1 -0.493427 -0.340355 -0.570138 -1 0.130438 -1 -0.995625 -0.474854 -0.632157 -1 -1 -0.221404 -1 -0.999765 -0.252061 -1 -1 -0.723124 -1 -1 -0.838633 -0.780415 -0.382175 -0.883433 -0.983966 -1 -0.487931 -1 -1 -1 -0.0627788 -0.853081 -1 -0.565204 -0.469937 -0.131086 -0.473639 -1 -0.447307 -0.888704 -1 -0.624856 -0.997979 -1 -1 -0.799539 -0.582147 -1 -0.677453 -0.979204 -0.310954 -1 0.907613 -0.75982 -0.863469 -1 -0.291633 -0.848305 -0.888558 0.731034 -0.548075 -0.625608 -1 -1 -1 -1 0.167633 0.424489 -1 0.102289 -1 -0.829986 -1 -0.0380023 -1 -1 0.819317 -0.763037 -0.756713 -0.646558 0.0799884 -1 -1 -0.791717 
-0.887377 0.974723 -1 0.762786 -0.626494 -0.429775 0.366851 0.0618182 -1 -1 0.0332661 -1 -0.904513 -1 -0.873579 -0.990197 0.557402 0.525676 -0.932339 -1 -0.0971031 -0.861624 0.0144355 -0.531663 0.149061 -0.702349 -0.969968 0.204911 -0.296666 0.638833 -0.931059 -0.702651 -0.814893 -0.552982 -0.430283 0.077301 0.132167 -1 -0.118444 -0.887802 -1 -0.546932 -0.841596 -0.486312 -1 -1 0.148185 -1 -0.469918 -1 -0.30816 0.781835 -0.764737 -1 -1 -0.0384873 0.180612 0.807619 -0.995381 -1 -1 -1 -1 -1 -0.616299 0.0145283 -1 -1 -0.00806427 -0.886976 -0.717772 -1 -0.872496 -1 -0.987933 -1 -0.580837 0.590044 -0.680884 -1 -0.677427 -0.20537 -0.771998 -1 -1 -0.969651 -0.0263653 0.053517 -0.277085 0.426625 -0.664454 -1 0.0903062 -1 -1 -1 -1 -1 -0.670443 -1 0.862472 -1 -0.132721 0.570825 -0.0303235 0.270329 -0.688404 -0.572902 -1 -0.897602 -0.607164 -0.435132 1 -1 -1 -1 -1 -0.894639 0.794825 -0.814563 -1 -1 -1 -0.529495 -1 -1 -1 -0.0154855 0.343932 0.161936 -0.916202 -0.90274 0.00462155 0.482574 0.0977219 -1 -0.283161 -1 
-0.57063 0.730534 -1 0.597793 -0.298437 -0.529616 0.366851 -0.101658 -0.592385 -0.872711 0.000953525 -0.686511 -0.97619 -1 -0.866057 -0.708524 0.260621 0.298599 -0.433885 -0.738571 -0.0971031 -1 0.0144355 -0.357836 0.490635 0.353328 -1 0.900234 -0.742033 0.638833 -0.62255 -0.354558 -0.485949 -0.579818 -0.646573 0.077301 0.556276 -0.438414 -0.130494 -0.981406 -0.0324355 0.151796 -1 0.83203 -0.0976093 -0.117793 0.214882 -1 -0.592966 -1 0.357478 0.781835 -0.065372 -1 -0.621297 -1 0.086952 -0.507184 -0.720839 -0.971637 -0.138769 -1 -1 -0.930998 -0.0332558 -0.146175 -0.083435 -0.46453 -0.440751 -1 -1 -0.945842 -0.14473 -0.286877 -0.531836 -1 -0.580837 0.384697 0.411546 0.58611 0.139567 0.284041 -0.151791 -0.805359 -1 -0.942412 -0.26363 0.622107 0.581467 0.333336 0.122295 -0.784568 -0.307386 -0.871421 -0.649555 -1 -1 -1 0.407147 -0.955896 0.538034 -1 -0.465976 0.309588 -0.319174 0.248608 -0.688404 -0.956397 0.0705066 -0.67143 -0.0108765 0.677948 0.758176 -0.6398 -0.132161 -0.225174 -1 0.0238342 0.88011 -0.495156 -1 -1 -0.964145 -1 -0.962235 -1 -0.422027 -0.0154855 1 0.942076 -0.836121 -0.00376821 0.227085 0.301205 0.977941 -0.890779 -0.364764 -0.715431 
-0.666048 0.708115 -1 0.546055 -0.255954 0.521914 0.366851 0.0618182 0.0146022 -1 0.249136 -1 -1 -0.977986 -0.869027 -0.758267 -0.0935205 0.622778 -0.433885 -0.738571 -0.0261473 -1 0.0144355 -0.705698 0.512454 0.175763 -1 -0.296159 -0.669766 0.62899 -0.62255 -0.0507682 -0.485949 -0.0510718 -1 0.077301 0.612072 -1 -0.130494 -1 -0.0308721 0.151796 -0.928298 0.83203 -0.0976093 -1 0.214882 -1 -0.745066 -1 0.357478 0.781835 -0.14248 -1 -0.742799 -0.396677 0.409645 0.351872 -0.725457 -0.974079 -0.538522 -0.982179 -1 -0.76247 -0.0332558 0.498385 0.320839 -0.46453 -1 -0.634496 -1 -0.661271 0.569728 -0.892788 -0.165289 -0.607671 -0.580837 0.384697 0.411546 0.704229 -0.021243 -0.295115 0.236951 -1 -1 -1 -0.26363 0.622107 -0.462721 -0.431376 -0.454716 -0.750747 -0.460883 -0.81607 -0.649555 -1 -1 -1 0.134371 -1 0.538034 -0.977085 0.518012 0.309588 0.0310941 -0.867439 -0.688404 0.209902 0.0934212 -0.67143 0.0364938 0.677948 -0.226323 -1 -0.132161 -0.225174 -0.963906 0.335698 0.653262 -0.736843 -1 -1 -0.907422 -0.892906 -0.886343 -1 -0.386987 0.0442988 0.974266 0.976018 -0.836121 -0.00376821 0.401972 0.317531 1 -0.890779 -0.0868822 -0.56883 
-0.73542 0.46926 -1 0.898097 -0.403981 0.241449 0.366851 0.0618182 0.0146022 -1 0.249136 -1 -0.904513 -1 -0.75736 -0.708524 0.260621 0.622778 -0.433885 -1 -0.0971031 -1 0.0144355 -0.357836 0.490635 -0.489706 -1 0.900234 -0.864909 0.638833 -0.62255 -1 -0.885752 -0.0510718 -0.430283 0.077301 0.996476 -1 0.0357919 -1 0.165291 0.151796 -1 0.710876 -0.695346 -1 0.584065 -1 -0.513898 -1 -0.30816 0.781835 -0.665142 -1 -0.701941 0.00545738 -0.399005 0.704345 -0.714925 -1 0.256598 -1 -1 -0.545472 -0.026861 0.261153 -1 -1 -1 -0.87235 -1 -1 -1 -1 -1 -0.994855 -0.580837 0.384697 0.609413 -0.197587 0.618418 0.284041 -0.151791 -0.599681 -1 -0.625133 -0.26363 0.858666 0.540383 0.656717 -0.785026 -1 -0.263369 -0.185273 -1 -1 -1 -1 -0.385041 -0.498967 0.739576 -1 0.854496 0.631825 -0.573931 0.248608 -0.756867 -0.423272 -0.225196 -1 -0.0108765 -0.600137 1 -1 -0.305344 -0.98082 -1 0.0737122 0.833689 -0.526582 -1 -1 -0.907422 -0.892906 -0.962235 -0.71551 -1 -0.0252785 0.35264 0.858775 -1 -0.168965 0.495806 0.301205 0.232648 -0.929901 -0.283161 -0.914139 
-0.763609 -1 -0.0511145 0.561616 -1 -0.895889 -1 -0.793932 -1 -0.196839 -0.942185 0.220902 -1 -0.50605 -0.321267 -1 -0.928447 -1 -0.903876 0.577315 -1 -1 0.89948 -0.653697 -0.881627 -0.791698 -1 -1 -1 -0.0306114 -1 -0.332013 -1 -1 -0.732047 -0.796129 -0.568024 -0.216438 -1 -0.637149 -0.995265 -1 -0.81768 0.0339485 -1 -0.552008 -1 -1 -1 -0.792174 -1 -1 -1 -1 -0.493427 -0.340355 0.161933 -1 0.130438 -0.12583 -0.995625 -0.474854 -0.632157 -1 -1 -0.221404 -1 -0.999765 -0.333085 -1 -1 -0.723124 -1 -1 -1 -0.780415 -0.734288 -0.883433 0.194274 -0.425242 -0.487931 -1 -1 -1 -0.0627788 -0.853081 -1 -0.587518 -0.469937 -0.131086 -0.473639 -0.988945 -0.447307 -1 -1 -0.624856 -0.997979 -1 -1 -0.799539 -0.582147 -0.838112 -0.677453 -0.979204 -0.624795 -1 0.907613 -0.75982 -0.863469 -1 -0.291633 -0.848305 -0.888558 0.731034 -0.548075 -0.625608 -1 -1 -1 -1 0.167633 0.424489 -1 0.102289 -1 -0.829986 -1 -0.0380023 -0.913092 -1 0.819317 -0.763037 -0.756713 -0.646558 0.0799884 -1 -1 -0.791717 
-1 1 -1 1 0.0572873 -0.429775 0.366851 0.0618182 0.0146022 -0.848752 -0.356342 -1 -1 -1 -0.846374 -0.990197 0.140984 0.478131 -0.927249 -0.998041 -1 -0.837925 0.0144355 -0.440011 0.128098 -0.0283214 -1 0.204911 -0.530994 -0.500437 -0.62255 -0.400904 -0.885752 -0.36019 -0.56365 -1 -0.346344 -0.438414 -0.118444 -1 -1 -0.0299016 -1 0.74255 -0.970117 -1 0.148185 -1 -0.469918 -1 -0.30816 0.781835 -0.489905 -1 -1 -0.0384873 0.275285 0.863254 -1 -1 -1 -1 -1 -1 -0.234697 0.10109 -1 -0.58058 -0.824038 -1 -0.717772 -0.465229 -1 -1 -0.379385 -1 -0.332811 0.309143 0.347487 -1 -0.103999 -0.20537 -0.428533 -1 -1 -0.969651 -0.307754 -0.642305 0.228191 0.426625 -0.551762 -1 -0.263369 -0.722644 -1 -1 -1 -1 -0.255852 -1 0.862472 -1 -0.132721 0.570825 0.054823 -0.574578 -0.688404 -0.572902 -0.672222 -0.897602 -0.0108765 -0.435132 1 -0.6398 -0.305344 -0.98082 -1 0.416777 0.794825 -0.326084 -1 -1 -1 -0.892906 -1 -1 -1 -0.0154855 0.422917 0.529627 -1 -0.18672 0.208453 0.382081 0.301864 -1 -0.283161 -1 
-1 0.679534 -1 0.898097 -0.935759 -0.405641 0.366851 -0.298687 -0.0461025 -0.741368 -0.356342 -1 -1 -0.782815 -1 -0.64127 0.557402 0.528514 -0.927249 -0.79818 0.116456 -0.741202 0.0144355 -0.473208 0.128098 0.0818233 -1 0.204911 -0.696484 0.436319 -1 -0.659791 -0.939687 -0.732051 -0.430283 0.077301 0.869032 -0.438414 -1 -1 -1 -0.206014 -0.974808 0.107611 -1 -1 0.0879656 -0.907988 -1 -1 -0.30816 0.625286 -0.57993 -1 -1 -0.0384873 0.275285 0.807619 -1 -1 -1 -1 -1 -1 -0.306759 -0.164104 -1 -0.58058 -1 -1 -0.934792 -0.802838 -1 -1 -0.379385 -1 -0.580837 0.384697 -0.273368 -1 -0.961641 -0.20537 -0.377332 -1 -1 -0.969651 -0.307754 0.543597 0.417081 0.419174 -0.687775 -0.867577 -1 -0.722644 -1 -1 -1 -1 -1 -0.656632 0.862472 -1 -0.92188 0.570825 0.0310941 0.270329 -0.99763 -0.582697 -0.672222 -0.897602 -0.0108765 -0.905778 0.627933 -0.6398 -0.305344 -1 -1 0.416777 0.794825 -0.326084 -1 -1 -1 -0.892906 -1 -1 -0.78292 0.0825902 0.422917 0.447656 -0.868018 -0.877086 -0.352764 0.382081 0.204623 -0.731012 -0.283161 -1 
-0.57063 0.730534 -1 -0.476911 -0.298437 -0.529616 0.366851 -0.101658 -0.592385 -0.888144 -0.0142918 -0.742607 -0.97619 -1 -0.866057 -0.708524 0.608804 0.0862258 -0.433885 -0.738571 -0.0563275 -0.868896 0.0144355 -0.357836 0.490635 0.353328 -1 0.900234 -0.742033 0.3304 -0.62255 -0.354558 -0.485949 -0.621633 -0.719553 0.114675 0.559678 -1 -0.120691 -0.971463 -0.0324355 0.151796 -1 0.649151 -0.0976093 -0.117793 0.334413 -1 -0.702594 -1 0.116441 0.781835 -0.212926 -1 -1 -1 0.0805914 -0.386496 -0.720839 -1 -0.138769 -1 -1 -0.808507 0.217917 -0.208317 -0.083435 -0.46453 -0.777949 -0.867363 -1 -0.945842 -0.127136 -0.264908 -0.531836 -1 -0.580837 0.384697 0.732361 0.790307 -0.0563567 0.170025 -0.151791 -0.805359 -1 -1 -1 0.925074 0.581467 0.488353 0.122295 -0.750747 -0.307386 -0.871421 -0.649555 -1 -1 -1 0.407147 -1 -0.151852 -1 -0.557675 0.309588 -0.319174 -0.594912 -0.688404 -0.956397 0.0705066 -0.67143 0.131313 0.677948 0.758176 -0.6398 -0.3722 -0.225174 -1 -0.800802 0.88011 -0.495156 -1 -1 -0.907422 -1 -0.962235 -1 -0.829884 0.302975 1 1 -1 -0.00376821 0.227085 0.301205 0.943227 -0.890779 -0.762974 -1 
0.065846 0.609119 -1 0.898097 -1 -1 0.167497 -0.450713 -0.737752 -1 0.249136 -1 -0.904513 -1 -0.807203 -1 0.083308 0.739231 -0.557007 -1 -0.930035 -1 0.284032 -0.798066 -0.130372 -0.627685 -1 0.518891 -0.458526 0.638833 -1 -1 -1 -0.295896 -0.893351 -0.689447 0.975818 -0.644637 -1 -1 0.165291 0.151796 -1 1 -0.0976093 -0.841177 0.446278 -1 -0.555214 -1 -1 1 -0.488256 -0.910401 -0.707782 -0.0384873 0.312619 0.704345 -0.603741 -1 -0.337053 -1 -1 -0.545472 -0.463726 -1 0.320839 -0.58058 -0.781355 -0.992609 -0.987186 -0.785356 -1 -0.936737 -1 -1 -1 0.384697 0.347487 -0.0152829 0.426625 0.036752 -1 -0.599681 -1 -1 -0.515018 0.117687 -0.650601 0.787588 0.0676616 -1 -0.263369 -0.185273 -1 -1 -1 -1 0.0247279 -0.111713 -0.0559562 -0.975851 -0.164806 -0.0579648 -0.014619 -0.4887 -0.932006 -1 -0.256036 -1 -0.653211 -0.389713 0.508472 -0.888599 -0.494159 -1 -1 -0.202133 0.483262 -0.171173 -0.934507 -1 -1 -0.892906 -1 -0.528832 -1 -0.0154855 -0.645924 1 -1 -0.0818343 0.845727 -0.386937 -0.500588 -1 -0.283161 -1 
-1 0.860168 -1 0.898097 -1 -0.414363 0.576447 -1 0.0146022 -0.673079 -0.675217 -1 -0.654365 -1 -0.794279 -1 0.557402 0.452332 -1 -1 -0.281393 -1 0.272278 -0.366162 0.0681367 -0.0283214 -1 0.179609 -0.799623 0.638833 -1 -0.400904 -0.90256 -0.407843 -1 0.077301 0.996476 -0.413756 -0.360239 -1 -0.644263 0.26342 -0.952808 0.710876 -0.532705 -1 0.214882 -1 -0.469918 -1 -0.304016 1 -0.796633 -0.966685 -1 -0.0384873 -0.0121339 0.606921 -1 -1 -0.709259 -1 -0.892388 -1 -0.321206 0.0683494 -1 -0.807697 -0.791231 -1 -0.712602 -0.465229 -1 -1 -0.379385 -1 -1 0.384697 -0.660827 -0.998827 -0.102438 -0.755668 0.302974 -1 -1 -1 -1 0.543597 0.425389 -0.154415 -1 -1 -0.0923458 -0.722644 -1 -1 -1 -0.680339 -0.181768 -0.478629 0.5308 -1 -0.132721 0.570825 0.0310941 0.132139 -0.886033 -0.700523 -0.659392 -1 -0.0108765 -0.389351 0.651867 -0.644097 -1 -0.98082 -1 0.416777 0.71304 -0.326084 -1 -0.901575 -1 -0.892906 -0.7834 -1 -0.916754 -0.0154855 -0.45789 0.15511 -0.793246 -0.229922 0.208453 0.301205 0.232648 -1 -0.900242 -1 
-0.264957 -0.0125866 -1 0.743296 -0.298437 -0.252582 -0.0505303 0.0931559 -0.68684 -1 0.249136 -0.834642 -0.904513 -0.991721 -0.974584 -1 0.298551 -0.251732 -0.490122 -1 0.147871 -1 0.0144355 -0.667366 -0.381012 0.0601398 -1 -0.302515 -0.736828 0.629025 -1 0.21888 -1 -1 -0.430283 -0.125179 0.996476 -1 -1 -1 0.133601 0.0320766 -1 0.85611 0.249131 -0.248353 0.16577 -0.977984 -0.674978 -1 0.324612 -0.546923 -0.989322 -0.833203 -1 -1 0.160694 -0.144333 -0.939874 -0.870099 -0.138769 -0.967882 -0.965585 -0.962467 -0.026861 -0.372367 0.320839 -1 -0.845 -1 -1 -0.465229 0.815014 -1 -0.362534 -1 -1 -0.123147 -0.757337 0.819149 -0.0608498 0.143606 -1 -0.929503 -1 -1 -0.236228 -0.24144 -1 0.885118 -1 -0.750747 -0.744563 -0.916909 -1 -0.984374 -1 -0.985792 -0.135739 -0.654931 0.109989 -0.918715 -0.101228 0.0595156 -0.301856 0.248608 -1 -0.990175 -0.018246 -0.627048 0.151296 0.262973 0.89753 -0.6398 -0.198113 -1 -1 -0.126152 -1 -0.962387 -0.971464 -1 -1 -1 -0.962235 -1 -0.862012 0.0955097 0.974266 -0.362357 -0.707436 -0.848511 0.630463 -0.100943 1 -1 -0.245127 -0.887058 
-1 1 -1 0.898097 -0.184473 -0.429775 0.366851 0.0618182 0.0146022 -0.848752 -0.356342 -1 -0.904513 -1 -0.873579 -0.990197 0.557402 0.525676 -0.927249 -0.998041 -0.0971031 -0.837925 0.0144355 -0.440011 0.128098 -0.0283214 -1 0.204911 -0.530994 0.638833 -0.583395 -0.400904 -0.885752 -0.319156 -0.430283 0.077301 1 -0.438414 -0.118444 -1 -1 -0.0449191 -1 0.710876 -0.970117 -1 0.148185 -1 -0.469918 -1 -0.279564 0.781835 -0.489905 -1 -1 -0.0384873 0.275285 0.807619 -0.995381 -1 -1 -1 -1 -1 -0.062408 0.0145283 -1 -0.611275 -0.791231 -1 -0.717772 -0.465229 -1 -1 -0.379385 -1 -0.580837 0.384697 0.347487 -1 -0.103999 -0.20537 -0.377332 -1 -1 -0.969651 -0.307754 0.543597 0.425389 0.426625 -0.528477 -1 -0.263369 -0.722644 -1 -1 -1 -1 -0.255852 -0.498967 0.862472 -1 -0.132721 0.570825 0.0310941 0.270329 -0.688404 -0.572902 -0.672222 -0.897602 -0.0108765 -0.435132 1 -0.6398 -0.305344 -0.98082 -1 0.416777 0.794825 -0.326084 -1 -1 -1 -0.892906 -1 -1 -1 -0.0154855 0.424165 0.529627 -0.836121 -0.18672 0.208453 0.382081 0.232648 -1 -0.283161 -1 
-0.57063 0.574368 -1 0.597793 -0.46376 -0.714877 0.366851 -0.0548584 -0.592385 -0.872711 0.372766 -0.742607 -0.880367 -1 -0.866057 -0.708524 0.154535 0.367099 -0.433885 -0.940567 -0.0971031 -0.868896 0.0637478 -0.357836 0.490635 0.228027 -1 0.900234 -0.742033 0.527752 -0.62255 -0.354558 -0.485949 -0.519114 -0.558617 0.077301 0.612072 -0.438414 -0.214465 -0.981406 -0.0931198 -0.0853067 -1 0.83203 -0.26692 -0.073013 0.214882 -1 -0.932646 -1 0.357478 0.614869 -0.489551 -1 -1 -1 -0.807864 -1 -0.814492 -1 -0.459962 -1 -1 -0.922046 -0.0332558 -0.196727 -0.083435 -0.46453 -0.440751 -1 -0.762321 -0.661271 -0.14473 -0.286877 -0.801824 -1 -1 -0.649432 0.411546 0.790307 0.139567 0.307782 -0.151791 -0.805359 -1 -1 -0.26363 0.622107 0.581467 0.488353 -0.309486 -0.750747 -1 -0.993557 -0.712151 -1 -1 -1 -0.824974 -1 0.232652 -1 -0.266274 -0.688961 -0.526739 0.218416 -0.299271 -0.769595 0.0705066 -0.67143 -0.0108765 0.677948 0.758176 -0.6398 -0.459783 -0.225174 -1 0.0238342 0.875304 -0.181878 -1 -1 -0.907422 -0.892906 -1 -1 -0.711829 -0.0504718 1 1 -0.836121 -0.311466 0.227085 0.229285 0.977941 -0.824811 -0.0868822 -0.743176 
-1 1 -1 0.898097 -0.184473 -0.429775 0.366851 0.0618182 0.0146022 -0.848752 -0.356342 -1 -0.904513 -1 -0.873579 -0.990197 0.557402 0.525676 -0.927249 -0.998041 -0.0971031 -0.837925 0.0144355 -0.440011 0.128098 -0.0283214 -1 0.204911 -0.530994 0.638833 -0.62255 -0.400904 -0.885752 -0.36019 -0.430283 0.077301 1 -0.438414 -0.118444 -1 -1 -0.0449191 -1 0.710876 -0.970117 -1 0.148185 -1 -0.469918 -1 -0.30816 0.712043 -0.489905 -1 -1 -0.0384873 0.275285 0.807619 -0.995381 -1 -1 -1 -1 -1 -0.062408 0.0145283 -1 -0.58058 -0.791231 -1 -0.717772 -0.465229 -1 -1 -0.379385 -1 -0.580837 0.384697 0.347487 -1 -0.103999 -0.20537 -0.377332 -1 -1 -0.969651 -0.350516 0.543597 0.425389 0.426625 -0.528477 -1 -0.263369 -0.722644 -1 -1 -1 -1 -0.255852 -0.498967 0.862472 -1 -0.132721 0.570825 0.0310941 0.270329 -0.688404 -0.572902 -0.672222 -0.897602 -0.123115 -0.435132 1 -0.6398 -0.305344 -0.98082 -1 0.416777 0.794825 -0.326084 -1 -1 -1 -0.892906 -1 -1 -1 -0.0154855 0.422917 0.529627 -0.836121 -0.18672 0.208453 0.382081 0.232648 -1 -0.283161 -1 
-0.763609 -1 -0.0511145 0.561616 -1 -0.895889 -1 -0.793932 -1 -0.196839 -0.942185 0.220902 -1 -0.50605 -0.349502 -1 -0.928447 -1 -0.915921 0.577315 -1 -1 0.89948 -0.653697 -0.881627 -0.791698 -1 -1 -1 -0.0306114 -1 -0.332013 -1 -1 -0.732047 -0.796129 -0.568024 -0.216438 -1 -0.637149 -0.995265 -1 -0.81768 0.0339485 -1 -0.552008 -1 -1 -1 -0.792174 -1 -1 -1 -1 -0.493427 -0.340355 0.161933 -1 0.130438 -0.12583 -0.995625 -0.474854 -0.632157 -1 -1 -0.221404 -1 -0.999765 -0.252061 -1 -1 -0.723124 -1 -1 -1 -0.780415 -0.734288 -0.883433 0.194274 -0.425242 -0.487931 -1 -1 -1 -0.0627788 -0.853081 -1 -0.565204 -0.469937 -0.131086 -0.473639 -0.988945 -0.447307 -1 -1 -0.624856 -0.997979 -1 -1 -0.799539 -0.582147 -0.838112 -0.677453 -0.979204 -0.624795 -1 0.907613 -0.75982 -0.863469 -1 -0.291633 -0.848305 -0.888558 0.731034 -0.548075 -0.625608 -1 -1 -1 -1 0.167633 0.424489 -1 0.102289 -1 -0.829986 -1 -0.0380023 -0.913092 -1 0.819317 -0.763037 -0.756713 -0.646558 0.0799884 -1 -1 -0.791717 
-0.57063 1 -1 0.0593574 -0.298437 -0.315495 -0.160108 -0.16153 0.066253 -0.865111 0.101251 -1 -1 -0.907148 -0.75736 -1 0.102454 0.622778 -0.433885 -1 -0.757282 -1 -0.162378 -0.357836 0.490635 -0.0283214 -1 0.0309089 -0.857635 0.48141 -0.456416 -1 -0.885752 0.265331 -1 -0.151923 0.996476 -0.701028 0.0357919 -1 0.252425 0.151796 -1 0.710876 -0.0976093 -1 -0.945021 -1 -0.528574 -1 -1 0.719972 -0.226598 -1 -0.701941 -0.0384873 0.275285 -0.184428 -1 -1 -0.603675 -1 -1 -1 -0.026861 0.27861 -0.450117 -0.58058 -1 -0.841522 -1 -0.24407 -0.0187827 -1 -0.531836 -1 -0.580837 -0.438373 -0.396471 -0.100503 -0.416486 0.286725 -0.948939 -0.655346 -1 -1 -0.616503 0.883843 0.178771 0.656717 0.103228 -1 -0.351977 -0.131517 -1 -1 -1 -1 -0.308587 -0.498967 0.739576 -1 0.854496 0.631825 0.0310941 0.216215 -1 -0.702264 -0.307602 -1 -0.0108765 -0.212906 1 -0.896493 -0.621372 -0.98082 -1 -0.210203 0.833689 -0.526582 -0.913632 -1 -0.977255 -0.892906 -0.981638 -0.335677 -1 0.189367 0.422917 0.825381 -1 -0.00376821 0.495806 0.301205 0.232648 -1 -1 -1 
-0.57063 0.730534 -1 0.597793 -0.298437 -0.529616 0.366851 -0.101658 -0.592385 -0.872711 0.000953525 -0.742607 -0.97619 -1 -0.866057 -0.708524 0.260621 0.298599 -0.394027 -0.744211 -0.0971031 -0.868896 0.0144355 -0.357836 0.490635 0.353328 -1 0.900234 -0.742033 0.638833 -0.62255 -0.354558 -0.485949 -0.621633 -0.646573 0.114675 0.612072 -0.555833 -0.130494 -0.962662 -0.0324355 0.151796 -1 0.649151 -0.276129 -0.117793 0.214882 -1 -0.592966 -1 0.357478 0.781835 -0.14248 -1 -0.6584 -1 0.0805914 -0.507184 -0.720839 -1 -0.127159 -1 -1 -1 -0.0332558 -0.208317 -0.083435 -0.46453 -0.440751 -0.964852 -1 -0.945842 -0.127136 -0.286877 -0.531836 -1 -0.580837 0.422879 0.411546 0.790307 -0.0563567 0.170025 -0.151791 -0.805359 -1 -1 -0.26363 0.622107 0.581467 0.488353 0.122295 -0.750747 -0.307386 -0.871421 -0.649555 -1 -1 -1 0.407147 -1 0.538034 -0.940575 -0.266274 0.309588 -0.319174 0.248608 -0.688404 -0.956397 -0.118101 -0.688292 -0.0108765 0.677948 0.758176 -0.61794 -0.132161 -0.225174 -1 0.0238342 0.88011 -0.495156 -0.962151 -1 -0.907422 -1 -0.962235 -1 -0.422027 -0.0154855 1 1 -1 -0.00376821 0.136619 0.301205 0.943227 -0.890779 -0.501339 -0.743176 
-0.706247 0.721083 -1 0.898097 -0.298437 0.292356 0.366851 0.0618182 -0.542242 -1 -0.200859 -1 -1 -1 -0.866057 -0.708524 -0.0240564 0.718652 -0.48346 -0.924667 -0.0971031 -1 0.0144355 -0.522995 0.185872 0.353328 -0.726404 0.059394 -0.634427 0.639465 -0.62255 -1 -0.485949 -0.382824 -0.791974 0.077301 0.979964 -0.492424 -0.376707 -1 0.165291 0.151796 -1 -0.421299 -0.0976093 -1 0.214882 -1 -0.712401 -0.9023 1 -0.425819 -0.14248 -0.940223 -1 -1 -0.0976851 0.219028 -1 -0.974079 -1 -0.810453 -1 -1 -0.026861 -0.895675 0.204951 -0.58058 -0.451127 -0.49511 -0.79924 -0.465229 0.758715 -0.605943 -0.961561 -1 -0.50604 0.454166 0.0824484 0.605821 0.439517 -0.204442 -0.470417 -0.805359 -1 -1 -0.26363 0.732987 -0.0990457 0.71974 -0.0735252 -1 -0.189595 -0.42475 -0.649555 -1 -1 -1 -0.198278 -1 0.739576 -1 -0.484977 0.595797 0.0310941 -0.315978 -0.557986 -0.00685523 -0.100778 -1 0.17859 0.677948 0.378943 -0.6398 -0.0460199 0.0712388 -1 0.0238342 0.833689 -0.526582 -1 -1 -1 -0.982789 -1 -1 -0.386987 -0.0815089 0.974266 1 -1 -0.00376821 0.495806 0.301205 0.977941 -0.890779 0.654888 -0.980742 
-0.57063 0.928976 -1 0.913796 -0.298437 0.521914 0.366851 0.0618182 0.0146022 -0.865111 0.249136 -1 -0.904513 -1 -0.824568 -0.708524 0.284936 0.622778 -0.433885 -1 -0.0971031 -1 0.0144355 -0.357836 0.490635 -0.0283214 -1 0.900234 -0.458526 0.638833 -0.62255 -0.790657 -0.885752 -0.0510718 -0.430283 0.077301 0.996476 -0.438414 0.0357919 -1 0.165291 0.151796 -1 0.710876 -0.0976093 -1 0.214882 -1 -0.469918 -1 -0.30816 0.781835 -0.14248 -1 -0.701941 -0.0384873 0.275285 0.704345 -0.720839 -0.950318 -0.138769 -1 -1 -0.545472 -0.026861 0.261153 0.320839 -0.58058 -0.440751 -1 -1 -0.465229 -0.0187827 -1 -0.531836 -1 -0.580837 0.384697 0.347487 -0.100503 0.618418 0.284041 -0.151791 -0.599681 -1 -0.969651 -0.26363 0.883843 0.540383 0.656717 -0.137951 -1 -0.263369 -0.185273 -1 -1 -1 -0.809563 -0.308587 -0.589254 0.739576 -1 0.854496 0.631825 0.0310941 0.248608 -0.688404 0.209902 -0.225196 -1 -0.0108765 -0.455633 1 -0.6398 -0.305344 -0.98082 -1 0.0238342 0.833689 -0.526582 -1 -1 -0.907422 -0.892906 -0.962235 -0.71551 -1 -0.0154855 0.422917 1 -0.836121 -0.00376821 0.495806 0.301205 0.232648 -0.890779 -0.283161 -0.532053 
-1 1 -1 0.898097 -0.184473 -0.429775 0.0634664 0.0618182 0.0146022 -1 -0.193362 -1 -1 -1 -0.873579 -0.990197 0.557402 0.525676 -0.927249 -1 -0.0971031 -0.837925 0.0144355 -0.339882 0.128098 -0.0283214 -0.677691 0.204911 -0.530994 0.638833 -0.62255 -0.472447 -0.885752 -0.209311 -0.883399 0.077301 1 -0.287193 -0.284576 -1 -1 -1 -1 -0.304704 -0.755428 -0.754014 0.148185 -1 -0.469918 -1 -0.30816 0.781835 -0.429508 -1 -1 -0.0384873 0.275285 0.807619 -1 -1 -0.6464 -0.938023 -0.973051 -1 -0.062408 -1 -1 -0.252217 -0.791231 -1 -0.396079 -0.588324 -1 -1 -0.00869303 -0.954216 -0.580837 0.384697 -0.763264 -0.643324 -0.103999 -0.20537 -0.377332 -1 -1 -0.969651 -0.307754 0.77584 -0.319949 0.749755 -0.651152 -1 -1 -0.837565 -1 -0.91539 -1 -1 -0.255852 -0.817616 0.835974 -1 -0.831111 0.579283 0.0310941 0.270329 -0.688404 -1 -0.672222 -0.897602 0.355394 -0.536068 1 -0.807954 -0.305344 -0.98082 -1 0.427105 0.794825 -0.326084 -1 -1 -1 -0.532227 -1 -1 -1 -0.0154855 0.422917 0.529627 -0.836121 -0.380208 0.208453 0.501707 0.232648 -1 0.071553 -1 
-1 1 -1 0.898097 -0.184473 -0.429775 0.0634664 0.0618182 0.0146022 -1 -0.193362 -1 -1 -1 -0.873579 -0.990197 0.557402 0.525676 -0.927249 -1 -0.214887 -0.837925 0.0144355 -0.339882 0.128098 -0.0283214 -0.677691 0.204911 -0.530994 0.638833 -0.62255 -0.472447 -0.885752 -0.209311 -0.902588 0.077301 1 -0.287193 -0.284576 -1 -1 -1 -1 -0.304704 -0.755428 -0.754014 0.148185 -1 -0.469918 -1 -0.30816 0.781835 -0.416477 -1 -1 -0.0384873 0.275285 0.807619 -0.995381 -0.989651 -0.6464 -0.938023 -1 -1 -0.0200555 -1 -1 -0.340774 -0.791231 -1 -0.396079 -0.459421 -1 -1 -0.00869303 -0.954216 -0.580837 0.384697 -0.763264 -0.643324 -0.103999 -0.20537 -0.377332 -1 -1 -0.969651 -0.307754 0.710544 -0.319949 0.749755 -0.651152 -1 -1 -0.868026 -1 -0.91539 -1 -1 -0.255852 -0.817616 0.862472 -1 -0.831111 0.570825 0.0310941 0.270329 -0.688404 -1 -0.672222 -0.897602 0.355394 -0.536068 1 -0.643699 -0.305344 -0.98082 -1 0.416777 0.622271 -0.326084 -1 -1 -1 -0.532227 -1 -1 -1 -0.0154855 0.422917 0.529627 -0.836121 -0.380208 0.208453 0.501707 0.232648 -1 0.071553 -1 
-0.264957 0.730534 -1 0.865113 -0.743474 -0.249941 -0.0505303 0.0931559 -0.734471 -1 0.249136 -1 -0.904513 -1 -0.974584 -0.708524 -0.669332 0.0329803 -0.490122 -1 0.147871 -1 0.0144355 -0.716801 0.698572 -0.225795 -1 0.469715 -1 0.638833 -1 -0.0507682 -0.485949 -1 -0.624241 0.077301 0.821389 -0.868159 -0.574207 -1 0.333474 0.151796 -1 0.996761 0.122397 -0.248353 0.214882 -1 -0.712401 -1 0.324612 -0.610862 -0.14248 -0.833203 -1 -1 0.409645 0.351872 -1 -0.974079 -1 -1 -1 -0.545472 -0.026861 -0.145959 0.320839 -1 -0.671019 -0.954796 -0.782635 -1 0.758715 -1 -0.531836 -0.644935 -0.726506 -0.123147 -0.971433 0.804759 -0.0608498 0.412942 -1 -0.779411 -1 -0.969651 -0.522148 0.0379223 0.540383 0.885118 0.122295 -1 -0.744563 -1 -1 -1 -1 -1 0.173892 -1 0.298179 -1 -0.00322014 0.0595156 -0.267484 -0.33169 -0.99926 -0.235138 -0.018246 -0.409944 -0.125941 0.677948 0.490933 -0.6398 -1 -0.663568 -1 -0.126152 0.728789 -1 -1 -1 -0.758008 -0.892906 -0.962235 -1 -1 0.0955097 0.974266 -0.362357 -0.836121 -0.711209 -0.0810585 -0.100943 0.977941 -0.890779 -0.245127 -1 
-0.983285 -1 -0.673535 -0.530424 -1 -1 -1 -1 -1 0.114268 0.109268 -0.966889 -0.992229 -1 -1 -0.785047 0.530054 -1 -0.931469 0.831667 -1 -1 -0.494452 -1 -1 -0.91531 -0.464983 0.0597597 -1 -1 -1 -1 0.3632 0.440012 -1 -0.766059 0.900554 -0.207653 -1 -0.588131 -0.106127 0.566786 -1 -0.743389 -0.778784 -1 -0.744802 -1 -1 -0.505774 -1 -1 0.621632 -1 -0.873554 -1 -1 -0.634258 -0.203094 -0.919002 -1 -0.979662 -0.856021 -0.971015 -0.279682 -0.821244 -0.288545 -1 -0.0498832 0.239781 -1 -1 -0.957676 -0.530664 0.11428 -0.670707 -0.337846 -1 -0.510437 -0.59668 -1 -0.480372 -1 -0.770096 -1 -1 -0.89976 -1 -1 -1 -1 -1 -0.548256 -1 -1 -1 -0.856651 -1 -0.103941 0.120525 -0.701977 -0.74464 -0.0824834 -0.738176 -1 -1 -1 -1 -0.826115 -1 -1 -1 -1 -1 -0.985894 -0.632198 -0.755343 1 -1 -0.491102 -1 -1 0.0780456 0.638661 -1 0.157183 -0.540789 0.0311489 0.627381 -0.362889 -1 -0.952961 -1 -0.927042 -0.770773 -0.846404 -0.972931 -1 
-1 1 -1 0.898097 -0.184473 -0.429775 0.366851 0.0618182 0.0146022 -0.848752 -0.356342 -1 -1 -1 -0.873579 -0.990197 0.557402 0.525676 -0.927249 -0.998041 -0.0971031 -0.837925 0.0144355 -0.440011 0.128098 -0.0283214 -1 0.204911 -0.530994 0.638833 -0.62255 -0.400904 -0.885752 -0.36019 -0.430283 0.077301 1 -0.438414 -0.118444 -1 -1 -0.0449191 -1 0.710876 -1 -1 0.148185 -1 -0.469918 -1 -0.30816 0.781835 -0.489905 -1 -1 -0.0384873 0.275285 0.807619 -0.995381 -1 -1 -1 -1 -1 -0.062408 0.0145283 -1 -0.58058 -0.791231 -1 -0.717772 -0.465229 -1 -1 -0.379385 -1 -0.580837 0.384697 0.347487 -1 -0.103999 -0.20537 -0.377332 -1 -1 -0.969651 -0.307754 0.543597 0.425389 0.426625 -0.528477 -1 -0.263369 -0.722644 -1 -1 -1 -1 -0.255852 -0.498967 0.862472 -1 -0.132721 0.570825 0.0310941 0.270329 -0.688404 -0.572902 -0.672222 -0.897602 -0.0108765 -0.435132 1 -0.6398 -0.305344 -0.98082 -1 0.416777 0.794825 -0.326084 -1 -1 -1 -0.892906 -1 -1 -1 -0.0154855 0.422917 0.529627 -0.836121 -0.18672 0.208453 0.382081 0.232648 -1 -0.283161 -1 
-1 0.646647 -1 0.898097 -0.935759 -0.405641 0.366851 -0.298687 -0.0461025 -0.741368 -0.356342 -1 -1 -0.782815 -1 -0.64127 0.557402 0.528514 -0.986753 -0.79818 0.116456 -0.741202 0.0144355 -0.473208 0.128098 0.0818233 -1 0.204911 -0.590979 0.436319 -1 -0.659791 -0.939687 -0.732051 -0.430283 0.077301 0.869032 -0.438414 -1 -1 -1 -0.206014 -0.974808 0.107611 -1 -1 0.113437 -0.907988 -1 -1 -0.30816 0.625286 -0.57993 -1 -1 -0.0384873 0.275285 0.807619 -1 -1 -1 -1 -1 -1 -0.306759 -0.164104 -1 -0.58058 -1 -1 -0.934792 -0.802838 -1 -1 -0.379385 -1 -0.580837 0.384697 -0.273368 -1 -0.961641 -0.20537 -0.377332 -1 -1 -0.969651 -0.307754 0.543597 0.417081 0.419174 -0.687775 -0.867577 -1 -0.722644 -1 -1 -1 -1 -1 -0.656632 0.862472 -1 -0.92188 0.570825 0.0310941 0.270329 -1 -0.725432 -0.672222 -0.897602 -0.0108765 -0.905778 0.627933 -0.6398 -0.305344 -1 -1 0.416777 0.794825 -0.326084 -1 -1 -1 -0.892906 -1 -1 -0.78292 0.0825902 0.422917 0.447656 -0.868018 -0.877086 -0.352764 0.382081 0.204623 -0.731012 -0.283161 -1 
-0.57063 0.788494 -1 0.597793 -0.46376 -0.521933 0.366851 -0.0548584 -0.592385 -0.872711 0.17487 -0.742607 -0.880367 -1 -0.866057 -0.708524 0.260621 0.649798 -0.433885 -0.940567 -0.0971031 -0.868896 0.0144355 -0.357836 0.490635 0.353328 -1 0.661309 -0.742033 0.638833 -0.62255 -0.354558 -0.485949 -0.64807 -0.598293 0.077301 0.443283 -0.426043 -0.214465 -0.981406 -0.0931198 -0.0853067 -1 0.805394 -0.26692 -0.073013 0.214882 -0.915806 -0.932646 -1 0.357478 0.614869 -0.489551 -1 -0.621297 -1 0.0805914 -0.507184 -0.720839 -1 -0.138769 -1 -0.940779 -0.808507 -0.0332558 -0.208317 -0.083435 -0.46453 -0.440751 -1 -1 -0.661271 -0.416543 -0.386829 -0.801824 -1 -0.529292 0.262958 0.411546 0.790307 0.139567 0.284041 -0.151791 -0.805359 -1 -1 -0.26363 0.622107 0.581467 0.488353 -0.173282 -0.750747 -0.415984 -0.81607 -0.649555 -1 -1 -1 0.407147 -1 0.604655 -1 -0.353293 0.309588 -0.301467 0.248608 -0.688404 -0.956397 0.0705066 -0.67143 -0.0108765 0.677948 0.758176 -0.6398 -0.459783 -0.225174 -0.958571 0.0238342 0.833689 -0.526582 -1 -1 -0.907422 -0.892906 -1 -1 -0.711829 -0.0154855 0.88453 1 -0.836121 -0.17609 0.200723 0.301205 0.977941 -0.824811 -0.0868822 -0.743176 
-1 1 -1 0.898097 -0.220235 -0.450839 0.0634664 0.0618182 0.0146022 -1 -0.193362 -1 -1 -1 -0.873579 -0.990197 0.557402 0.525676 -0.927249 -1 -0.0971031 -0.837925 0.0531016 -0.464196 0.128098 -0.0283214 -0.677691 0.204911 -0.530994 0.638833 -0.702719 -0.421139 -0.885752 -0.209311 -0.977943 0.077301 1 -0.287193 -0.284576 -1 -1 -1 -1 -0.304704 -0.755428 -0.754014 0.148185 -1 -0.613307 -1 -0.30816 0.781835 -0.416477 -1 -1 -0.14726 0.275285 0.807619 -1 -1 -0.6464 -0.981401 -1 -1 -0.062408 -1 -1 -0.252217 -0.791231 -1 -0.396079 -0.465229 -1 -1 -0.00869303 -0.954216 -0.580837 0.384697 -0.763264 -0.643324 -0.103999 -0.20537 -0.377332 -1 -1 -0.969651 -0.307754 0.77584 -0.319949 0.749755 -0.651152 -1 -1 -0.868026 -1 -0.91539 -1 -1 -0.255852 -0.817616 0.862472 -1 -0.831111 0.570825 0.0310941 0.270329 -0.688404 -1 -0.672222 -0.897602 0.355394 -0.536068 1 -0.643699 -0.305344 -0.98082 -1 0.416777 0.794825 -0.326084 -1 -1 -1 -0.532227 -1 -1 -1 -0.0154855 0.422917 0.529627 -0.836121 -0.380208 0.208453 0.501707 0.232648 -1 0.071553 -1 
-1 1 -1 0.898097 -0.184473 -0.429775 0.366851 0.0618182 -0.57445 -0.848752 -0.356342 -1 -0.904513 -1 -0.873579 -0.994293 0.557402 0.525676 -0.927249 -1 -0.0971031 -0.837925 0.0144355 -1 0.128098 -0.0283214 -0.756233 0.204911 -0.530994 0.638833 -0.62255 -0.400904 -1 -0.36019 -0.430283 0.100436 1 -0.438414 -0.118444 -1 -1 -0.0449191 -1 0.710876 -1 -1 0.148185 -1 -0.469918 -0.936864 -0.960886 0.781835 -0.099399 -1 -1 -0.0384873 0.275285 0.727091 -1 -1 -1 -1 -1 -0.925821 -0.062408 0.0145283 -1 -0.926307 -0.791231 -1 -0.717772 -0.465229 -1 -1 -0.382431 -1 -0.580837 0.208732 0.347487 -1 -0.103999 -0.20537 -0.377332 -1 -1 -0.969651 -0.307754 0.449428 0.425389 0.426625 -0.528477 -1 -0.263369 -0.722644 -1 -1 -1 -1 -0.255852 -0.498967 0.862472 -1 -0.132721 0.278869 0.0310941 0.236258 -0.688404 -0.852897 -0.672222 -0.897602 -0.0108765 -0.650774 1 -1 0.0503534 -0.98082 -0.851121 0.416777 0.794825 -0.326084 -1 -1 -1 -0.892906 -1 -1 -1 -0.0154855 0.449243 0.529627 -0.836121 -0.18672 0.277918 0.382081 0.232648 -1 -0.365113 -1 
0.526314 -0.73592 0.568005 0.507694 -0.88168 -0.428525 -0.202036 0.0226657 0.383253 0.834982 -0.223687 0.929842 0.263107 -0.753667 -0.410906 -0.349617 -0.871371 -0.740488 -0.59781 0.573179 0.694345 -0.600623 -0.351704 -0.327929 -0.0899459 -0.676373 0.853747 -0.962622 -0.342071 0.514655 0.832551 -0.873433 -0.524598 -0.608013 -0.269829 -0.171306 0.478254 -0.685916 -0.273617 0.42763 0.514444 0.89923 0.791777 0.904204 -0.235348 0.947543 -0.395638 0.486001 -0.547168 0.454419 0.399897 -0.318535 0.300381 0.128233 -0.0873671 -0.472518 -0.784014 0.449403 -0.984367 0.0890602 -0.0998946 0.543536 0.157829 -0.422423 0.570441 -0.902195 -0.150255 -0.977983 0.270027 0.347652 0.344865 -0.519483 -0.185276 -0.817533 -0.193125 -0.816564 -0.873732 0.350805 -0.766727 0.660007 -0.772519 0.5162 0.927557 0.262163 0.715856 0.713771 -0.615111 -0.836899 0.672241 0.260344 0.961925 0.84221 -0.679768 0.588724 0.449065 -0.817832 -0.892586 -0.0605135 -0.88287 0.358356 -0.701304 0.356803 0.131973 0.905286 0.60203 0.00399196 0.92064 -0.15132 0.846176 -0.119495 -0.463687 0.0700958 0.703699 0.417644 -0.411959 -0.822635 -0.229056 0.0125375 -0.438726 -0.564272 0.69195 -0.600238 0.144276 -0.152509 -0.683263 0.293181 0.724146 0.523897 0.998898 0.519355 -0.606264 0.399736 -0.795458 -0.499148 -0.981344 0.639687 0.22383 -0.981454 
-0.57063 0.730534 -1 0.597793 -0.433792 -0.448539 0.366851 -0.101658 -0.592385 -0.872711 0.000953525 -0.742607 -0.97619 -1 -0.866057 -0.708524 0.260621 0.298599 -0.433885 -0.738571 -0.0971031 -0.868896 0.0144355 -0.357836 0.490635 0.353328 -1 0.900234 -0.742033 0.638833 -0.62255 -0.409762 -0.485949 -0.621633 -0.646573 0.077301 0.612072 -0.440106 -0.130494 -0.981406 -0.0324355 0.151796 -1 0.656193 -0.184575 -0.117793 0.214882 -1 -0.592966 -1 0.390753 0.781835 -0.14248 -1 -0.621297 -1 -0.157211 -0.507184 -0.727041 -1 -0.445115 -1 -1 -0.808507 -0.0332558 -0.208317 -0.083435 -0.46453 -0.440751 -1 -0.928573 -0.945842 -0.14473 -0.286877 -0.531836 -1 -0.580837 0.384697 0.411546 0.790307 0.139567 0.284041 -0.151791 -0.805359 -1 -1 -0.26363 0.622107 0.581467 0.488353 0.122295 -0.750747 -0.307386 -0.841043 -0.649555 -1 -1 -1 0.407147 -1 0.538034 -1 -0.266274 0.309588 -0.319174 0.129615 -0.688404 -0.99834 0.0705066 -0.67143 -0.0108765 0.677948 0.758176 -0.6398 -0.468466 -0.290539 -1 -0.0114701 0.88011 -0.652666 -1 -1 -0.907422 -1 -1 -1 -0.422027 -0.0154855 1 1 -0.836121 -0.00376821 0.227085 0.301205 0.977941 -0.890779 -0.364764 -0.850463 
-1 1 -1 0.898097 -0.184473 -0.429775 0.366851 0.0519907 0.0146022 -0.848752 -0.356342 -1 -1 -1 -1 -1 0.425792 -0.580773 -0.927249 -0.998041 -0.275184 -1 0.0144355 -0.484699 -0.0741955 0.0521532 -1 0.167385 -0.530994 0.638833 -0.72647 -0.400904 -0.885752 -0.555609 -0.737925 -0.10052 0.942242 -0.512791 -0.118444 -1 -0.936024 0.296591 -1 0.710876 -1 -1 0.148185 -1 -0.469918 -1 -0.450424 0.781835 -0.489905 -1 -1 -0.0384873 0.263431 0.807619 -0.927616 -1 -1 -1 -1 -1 -0.062408 0.0145283 -1 -0.58058 -0.791231 -1 -0.816293 -0.541907 -1 -1 -0.83445 -1 -0.580837 0.384697 0.151406 -1 -0.103999 -0.86684 -0.90326 -1 -1 -0.969651 -0.315257 0.522138 0.425389 -0.188973 -0.528477 -1 -0.263369 -0.722644 -1 -1 -1 -1 -0.223345 -0.498967 0.834044 -0.659867 -0.146967 -0.223786 0.0310941 0.081067 -0.688404 -0.572902 -0.331713 -1 -0.0108765 -0.695954 1 -0.6398 -0.305344 -0.98082 -1 0.17116 0.64149 -0.326084 -1 -1 -1 -0.892906 -1 -1 -1 -0.0154855 0.422917 0.344566 -0.970505 -0.352679 0.208453 0.382081 0.228835 -1 -0.283161 -1 
-0.264957 0.855949 -1 0.865113 -0.298437 -1 -0.0505303 0.0931559 -0.734471 -1 -0.627215 -1 -0.610859 -0.917192 -1 -1 0.260709 -0.0358679 -0.490122 -1 -0.185639 -1 -0.0379439 -0.357836 0.698572 -0.225795 -1 0.382201 -0.458526 0.638833 -1 -0.0507682 -1 -1 -0.430283 0.077301 0.996476 -0.868159 -0.574207 -1 0.333474 0.359056 -1 0.883399 0.122397 -0.0181663 0.214882 -1 -0.487435 -1 0.324612 -1 -0.14248 -0.833203 -1 -0.986472 0.409645 -0.464673 -1 -1 0.054295 -1 -0.996686 -1 -0.026861 -0.145959 0.320839 -1 -0.666749 -1 -1 -0.465229 0.758715 -0.649372 -0.531836 -1 -0.726506 -0.123147 -0.824087 0.804759 -0.0608498 0.174532 -1 -0.805359 -1 -0.969651 -0.522148 -0.122502 0.540383 0.885118 0.380417 -0.750747 -0.744563 -1 -1 -1 -1 -1 0.173892 -1 0.601437 -1 -0.00322014 -0.0677463 -0.301856 0.248608 -1 -0.235138 -0.018246 -0.409944 -0.125941 0.677948 -0.123979 -1 -0.132161 -1 -0.956511 0.09577 0.14369 -1 -1 -1 -0.758008 -0.892906 -1 -1 -0.976171 0.477864 0.0471199 -0.362357 -0.836121 -0.711209 0.630463 -0.100943 0.827722 -1 -0.245127 -1 
-1 1 -1 0.898097 -0.184473 -0.877099 0.366851 0.0618182 0.0146022 -1 -0.356342 -0.730775 -0.904513 -1 -0.873579 -0.990197 0.557402 0.525676 -0.927249 -0.998041 -0.0971031 -0.837925 0.0144355 -0.440011 0.128098 -0.0283214 -1 0.204911 -0.178777 0.638833 -0.62255 -0.400904 -0.885752 -0.36019 -0.430283 0.077301 1 -0.438414 -0.118444 -1 -0.632674 -0.0449191 -1 0.710876 -0.970117 -1 0.148185 -1 -0.469918 -1 -0.30816 0.639633 -0.489905 -1 -1 -0.0384873 -0.172311 0.807619 -1 -1 -1 -1 -1 -1 -0.346866 0.0145283 -1 -0.58058 -0.791231 -1 -0.717772 -0.568581 -1 -0.769026 -0.379385 -0.847319 -0.580837 -0.0718499 0.347487 -1 -1 -0.20537 -0.377332 -1 -1 -0.969651 -0.307754 -0.302661 0.393889 0.426625 -0.528477 -1 -0.263369 -0.722644 -1 -1 -1 -1 -0.255852 -0.467797 0.862472 -1 -0.132721 0.570825 0.0310941 0.270329 -0.688404 -0.572902 -0.672222 -0.897602 0.286513 -0.435132 1 -0.6398 -0.492544 -0.98082 -1 0.416777 0.794825 -0.326084 -1 -1 -1 -0.955453 -1 -1 -1 -0.0154855 0.422917 0.529627 -1 -0.18672 -0.253102 0.313432 0.0244457 -1 -0.283161 -0.97053 
-0.57063 0.928976 -1 0.898097 -0.298437 0.521914 0.273235 0.0618182 -0.347242 -1 0.249136 -1 -0.904513 -1 -0.75736 -0.94285 0.260621 0.421987 -0.433885 -1 -0.0971031 -1 0.0144355 -0.357836 0.490635 -0.0283214 -1 0.900234 -0.712874 0.542553 -0.62255 -0.790657 -0.885752 -0.0510718 -0.430283 0.077301 0.996476 -0.438414 0.0357919 -1 -0.190527 0.0533689 -1 0.562201 -0.250249 -1 0.214882 -1 -0.469918 -1 -0.30816 0.781835 -0.207968 -1 -0.701941 -0.0384873 0.275285 0.435574 -0.720839 -1 -0.0564912 -1 -1 -0.854445 -0.026861 0.261153 0.209475 -0.58058 -0.440751 -1 -1 -0.592548 -0.0187827 -1 -0.491708 -1 -0.580837 0.101323 0.347487 -0.217277 0.618418 0.295076 -0.151791 -0.771015 -1 -1 -0.26363 0.883843 0.540383 0.656717 -0.137951 -1 -0.263369 -0.185273 -1 -1 -1 -0.809563 -0.308587 -0.498967 0.739576 -1 0.854496 0.631825 -0.294403 0.320104 -0.878845 0.209902 -0.322902 -1 -0.0108765 -0.455633 1 -0.6398 -0.491195 -0.918577 -1 0.0238342 0.833689 -0.732272 -1 -1 -0.907422 -0.892906 -1 -0.71551 -1 -0.0154855 0.422917 0.872402 -1 -0.00376821 0.495806 0.301205 0.232648 -0.801575 -0.554332 -0.601323 
-1 1 -0.871439 0.942205 -0.184473 -0.429775 -0.29949 0.0618182 -0.416136 -0.88371 -0.356342 -1 -0.904513 -1 -0.873579 -0.335691 0.557402 0.525676 -0.850368 -1 0.21239 -1 -0.138926 -0.421518 0.128098 -0.948438 -0.90414 0.14413 -1 -0.0667431 -0.426543 -0.303496 -1 -0.36019 -0.528858 0.077301 0.188238 -0.438414 -0.321862 -1 -1 -1 -0.922292 0.998668 -1 -1 -0.0446017 -1 -0.614422 -1 0.0864487 0.781835 -0.862576 -0.994741 -1 -0.271297 0.275285 0.798821 -1 -1 -1 -0.99946 -0.786526 -1 0.0346126 -1 -1 -1 -0.962531 -1 -0.746198 -0.633219 -1 -1 -1 -1 -1 -0.0433841 0.255124 -1 -1 -0.20537 -0.0983569 -1 -1 -1 -0.345615 -0.625637 0.352895 -0.370263 -0.528477 -1 -0.263369 -1 -1 -1 -1 -1 -0.603705 -0.498967 0.862472 -0.871624 -0.132721 0.570825 0.0310941 0.270329 -0.584406 -0.572902 -1 -0.897602 -0.197967 -0.898975 1 -0.601936 -0.683993 -0.615587 -1 0.416777 0.794825 -0.327682 -1 -1 -1 -0.717517 -1 -1 -1 -0.0154855 0.422917 0.468613 -0.836121 -0.11702 0.208453 0.54084 0.486144 -1 -0.283161 -1 
-0.57063 0.730534 -1 0.898097 -0.255992 0.556447 0.366851 -0.472197 0.0146022 -1 0.249136 -0.962996 -0.904513 -1 -1 -0.667547 0.45125 0.623088 -1 -0.819094 -0.0971031 -0.841608 -0.149126 -0.357836 -0.483781 0.353328 -0.994516 0.630586 -0.946082 0.638833 -0.931138 -0.0553564 -0.466977 -0.0510718 -0.517388 -0.126155 0.996476 -0.438414 -0.391916 -1 -0.649563 -0.0800334 -1 0.710876 -0.224683 -0.248353 0.254161 -1 -1 -0.943111 0.628244 0.565239 -0.286079 -0.959794 -1 -0.243101 0.409645 0.278787 -1 -1 -0.311506 -0.810453 -1 -0.545472 -0.026861 -0.724321 0.191751 -0.598303 -0.697459 -0.810649 -1 -1 0.275982 -0.649372 -0.620376 -0.957728 -0.435276 -0.140828 -1 0.603197 0.257381 0.263066 -0.996707 -1 -1 -1 -0.356375 0.271454 -0.108263 0.824683 0.122295 -0.97685 -0.263369 -0.462808 -0.649555 -1 -1 -1 0.173892 -0.787223 0.739576 -1 -0.402428 0.543992 0.0310941 0.248608 -0.976787 0.0791843 0.0598235 -0.880037 -0.0108765 -0.861839 0.789222 -0.6398 -0.132161 -0.576248 -1 0.0238342 0.66941 -0.526582 -1 -0.881424 -1 -0.892906 -0.962235 -0.930086 -0.386987 -0.200526 0.79574 1 -0.981683 -0.00376821 0.193352 0.301205 0.977941 -0.890779 -0.701946 -0.550207 
-1 0.194944 -1 0.898097 -0.184473 -0.429775 0.366851 0.0618182 -0.115273 -1 -0.356342 -1 -1 -0.904054 -0.873579 -0.990197 0.557402 0.525676 -0.927249 -0.657424 -0.147065 -0.837925 -0.506021 -0.440011 0.128098 -0.0283214 -1 -0.302649 -0.530994 0.638833 -0.62255 -0.400904 -0.885752 -0.36019 -0.430283 0.077301 1 -0.438414 -0.118444 -1 -1 -0.0449191 -1 -0.421725 -0.970117 -1 0.148185 -1 -0.469918 -1 -1 0.781835 -0.489905 -1 -1 -0.0384873 0.275285 1 -0.961528 -1 -1 -1 -1 -1 -0.062408 0.0145283 -1 -0.58058 -0.791231 -1 -0.717772 -1 -1 -1 -0.379385 -1 -0.580837 0.384697 0.221347 -1 -0.400002 -0.20537 -0.331187 -1 -1 -0.969651 -0.36327 0.543597 -0.0049617 -0.0826846 -0.849111 -0.858577 -0.263369 -0.722644 -1 -1 -1 -1 -0.255852 -0.498967 0.862472 -1 -1 0.570825 0.0310941 -0.626706 -0.688404 -0.572902 -0.672222 -1 -0.0108765 -0.435132 0.220557 -0.6398 -1 -0.98082 -1 0.416777 0.794825 -0.369003 -1 -1 -1 -0.892906 -1 -1 -1 -0.0154855 -0.662835 0.529627 -0.836121 -0.613003 0.208453 0.382081 0.232648 -1 -0.283161 -1 
-1 1 -1 0.898097 -0.299111 -1 0.366851 0.0618182 0.0146022 -0.848752 -0.356342 -1 -0.904513 -0.928202 -0.873579 -0.990197 0.61985 0.525676 -0.927249 -0.998041 0.116195 -0.837925 0.0144355 -0.440011 0.128098 -0.197213 -1 -0.430006 -0.633451 0.640004 -0.62255 -0.400904 -0.906099 -0.36019 -0.430283 0.077301 0.0732598 -0.438414 0.0447975 -1 -1 -0.0449191 -1 -0.487422 -0.970117 -1 0.121297 -1 -1 -1 -0.30816 -0.24118 -0.489905 -1 -1 -0.0384873 0.275285 0.807619 -1 -1 -1 -1 -1 -1 -0.062408 0.0145283 -1 -0.58058 -0.81061 -1 -0.717772 -0.465229 -0.932739 -1 -0.113089 -1 -1 0.203448 0.347487 -1 -0.103999 -0.119467 -0.199045 -1 -1 -1 -0.307754 0.543597 0.425389 0.426625 -1 -1 -0.263369 -0.722644 -1 -1 -1 -1 -0.255852 -0.498967 -0.0349387 -1 -0.132721 0.570825 0.0310941 0.270329 -0.780299 -0.572902 -0.672222 -1 -0.138863 -0.550409 1 -1 -1 -0.98082 -1 0.416777 0.817245 -0.326084 -1 -1 -1 -0.892906 -1 -1 -1 -0.0154855 0.600853 0.529627 -0.836121 -0.18672 0.0960572 0.298615 0.232648 -1 -0.39055 -1 
-1 1 -1 0.91758 -0.184473 -0.429775 0.0634664 0.0618182 0.0146022 -0.942426 -0.193362 -1 -1 -1 -0.975784 -0.990197 0.437132 0.525676 -0.927249 -1 -0.0971031 -0.837925 0.0144355 -0.339882 0.128098 -0.0283214 -0.677691 0.204911 -0.530994 0.638833 -0.62255 -0.472447 -0.885752 -0.209311 -0.883399 -0.0311953 1 -0.287193 -0.284576 -1 -1 -1 -1 -0.304704 -0.755428 -0.754014 0.148185 -1 -0.469918 -1 -0.366753 0.781835 -0.416477 -1 -1 -0.0384873 0.250293 0.807619 -0.995381 -1 -0.6464 -0.938023 -1 -1 -0.062408 -1 -1 -0.252217 -0.791231 -1 -0.396079 -0.465229 -1 -1 -0.00869303 -0.954216 -0.580837 0.384697 -0.763264 -0.643324 -0.103999 -0.20537 -0.377332 -1 -1 -0.969651 -0.307754 0.77584 -0.319949 0.749755 -0.651152 -1 -1 -0.868026 -1 -0.91539 -1 -1 -0.255852 -0.817616 0.862472 -1 -0.831111 0.565998 0.0310941 0.270329 -0.688404 -1 -0.672222 -0.897602 0.355394 -0.536068 1 -0.643699 -0.305344 -0.98082 -1 0.416777 0.794825 -0.326084 -1 -1 -1 -0.660814 -1 -1 -1 -0.0154855 0.422917 0.529627 -0.836121 -0.380208 0.208453 0.501707 0.232648 -1 0.071553 -1 
-1 1 -1 0.898097 -0.184473 -0.429775 0.366851 0.0618182 0.0146022 -0.848752 -0.356342 -1 -0.904513 -1 -0.873579 -0.990197 0.557402 0.525676 -0.927249 -0.998041 -0.0971031 -0.837925 0.0144355 -0.440011 0.128098 -0.0283214 -1 0.204911 -0.530994 0.638833 -0.62255 -0.400904 -0.885752 -0.36019 -0.430283 0.077301 1 -0.438414 -0.118444 -1 -1 -0.0449191 -1 0.710876 -0.970117 -1 0.148185 -1 -0.412671 -1 -0.30816 0.781835 -0.489905 -1 -1 -0.0384873 0.275285 0.807619 -0.995381 -1 -1 -1 -1 -1 -0.062408 -0.033821 -1 -0.58058 -0.755375 -1 -0.717772 -0.465229 -1 -1 -0.379385 -1 -0.580837 0.384697 0.347487 -1 -0.103999 -0.20537 -0.377332 -1 -1 -0.969651 -0.307754 0.543597 0.425389 0.426625 -0.528477 -1 -0.263369 -0.722644 -1 -1 -1 -1 -0.255852 -0.498967 0.862472 -1 -0.132721 0.570825 0.0310941 0.270329 -0.688404 -0.572902 -0.672222 -0.897602 -0.0108765 -0.435132 1 -0.6398 -0.317686 -0.982308 -1 0.416777 0.794825 -0.426156 -1 -1 -1 -0.892906 -1 -1 -1 -0.0154855 0.422917 0.556853 -0.836121 -0.18672 0.208453 0.382081 0.232648 -1 -0.283161 -1 
-0.57063 0.928976 -1 0.898097 -0.391748 0.521914 0.366851 0.0618182 0.0146022 -0.865111 0.249136 -1 -0.863799 -1 -0.815534 -0.708524 0.286939 0.622778 -0.486778 -1 -0.0971031 -1 0.0144355 -0.357836 0.490635 -0.0283214 -1 0.900234 -0.458526 0.638833 -0.62255 -0.767686 -0.885752 -0.0510718 -0.430283 -0.00227352 0.996476 -0.438414 0.0357919 -0.984015 0.165291 0.151796 -1 0.710876 -0.0976093 -1 0.214882 -0.958826 -0.469918 -1 -0.30816 0.826015 -0.14248 -1 -0.701941 -0.0384873 0.275285 0.704345 -0.720839 -1 -0.138769 -1 -0.979289 -0.545472 -0.026861 0.261153 0.320839 -0.58058 -0.440751 -1 -1 -0.465229 -0.0187827 -1 -0.531836 -1 -0.580837 0.384697 0.347487 -0.252026 0.618418 0.284041 -0.151791 -0.649348 -1 -0.969651 -0.207485 0.883843 0.540383 0.529669 -0.137951 -1 -0.263369 -0.185273 -1 -1 -1 -0.809563 -0.308587 -0.498967 0.739576 -1 0.854496 0.631825 0.0310941 0.248608 -0.688404 0.209902 -0.225196 -1 -0.0108765 -0.455633 1 -0.771531 -0.305344 -0.98082 -1 0.0238342 0.833689 -0.526582 -1 -1 -0.907422 -0.892906 -0.962235 -0.71551 -1 -0.0154855 0.422917 1 -0.836121 -0.150065 0.495806 0.301205 0.232648 -0.890779 -0.283161 -0.550207 
-0.763609 -1 -0.0511145 0.561616 -1 -0.895889 -1 -0.793932 -1 -0.196839 -0.942185 0.220902 -1 -0.50605 -0.349502 -1 -0.928447 -1 -0.915921 0.577315 -1 -1 0.804524 -0.653697 -0.881627 -0.791698 -1 -1 -1 -0.0306114 -1 -0.332013 -1 -1 -0.732047 -0.796129 -0.568024 -0.216438 -1 -0.637149 -0.995265 -1 -0.81768 0.0339485 -1 -0.552008 -1 -1 -1 -0.792174 -1 -1 -1 -1 -0.493427 -0.340355 0.161933 -1 0.130438 -0.12583 -0.995625 -0.474854 -0.632157 -1 -1 -0.221404 -1 -0.999765 -0.252061 -1 -1 -0.723124 -1 -1 -1 -0.780415 -0.734288 -0.952401 0.194274 -0.425242 -0.487931 -1 -1 -1 -0.0627788 -0.853081 -1 -0.565204 -0.469937 -0.131086 -0.473639 -0.988945 -0.447307 -1 -0.990054 -0.624856 -0.997979 -1 -1 -0.799539 -0.582147 -0.838112 -0.677453 -0.979204 -0.624795 -1 0.909816 -0.75982 -0.863469 -1 -0.291633 -0.848305 -0.888558 0.731034 -0.548075 -0.625608 -1 -1 -1 -1 0.167633 0.424489 -1 0.102289 -1 -0.829986 -1 -0.0380023 -0.913092 -0.982904 0.819317 -0.763037 -0.756713 -0.646558 0.0799884 -1 -1 -0.791717 
-0.57063 0.730534 -1 0.898097 -0.255992 0.531853 0.366851 -0.292607 -0.460379 -1 -0.221943 -0.962996 -1 -1 -1 -0.667547 0.45125 0.623088 -1 -0.819094 0.178528 -0.841608 -0.149126 -0.357836 -0.483781 0.353328 -0.994516 0.630586 -0.942891 0.638833 -0.931138 -0.114308 -0.466977 -0.0510718 -0.517388 -0.126155 0.996476 -0.438414 -0.379138 -1 -0.649563 -0.0800334 -1 0.710876 -0.224683 -0.248353 0.254161 -1 -1 -0.943111 0.628244 0.565239 -0.286079 -0.959794 -1 -0.243101 0.409645 0.349917 -1 -1 -1 -0.773834 -0.710714 -0.545472 -0.026861 -0.724321 0.191751 -0.517632 -1 -1 -1 -1 0.275982 -1 -0.505771 -1 -0.435276 -0.754295 -1 0.641997 0.257381 0.263066 -0.996707 -0.884335 -1 -1 -0.356375 0.271454 -0.108263 0.824683 0.122295 -0.97685 -0.263369 -0.327722 -1 -0.821424 -1 -1 -0.197455 -0.787223 0.739576 -1 -1 0.543992 0.0310941 0.269527 -0.976787 0.0791843 0.0598235 -0.880037 -0.0108765 -0.861839 0.789222 -0.6398 -0.132161 -0.488936 -1 0.0238342 0.700934 -0.526582 -1 -0.881424 -1 -0.892906 -0.962235 -1 -0.179744 -0.200526 1 1 -0.981683 -0.00376821 0.193352 -0.30565 0.977941 -0.49181 -0.701946 -0.550207 
-1 1 -1 0.898097 -0.170805 -0.38748 0.344309 0.0618182 0.0146022 -0.505372 -0.375043 -1 -0.904513 -1 -0.873579 -0.990197 0.557402 0.525676 -0.984598 -0.998041 -0.0971031 -0.837925 0.0144355 -0.440011 0.128098 -0.0283214 -1 0.167385 -0.637056 0.209399 -0.62255 -0.400904 -0.946156 -0.555841 -1 0.077301 0.942242 -1 0.124336 -1 -1 -0.0449191 -1 0.710876 -1 -1 0.148185 -1 -1 -0.887345 -0.148554 0.955707 -0.995634 -1 -1 -0.306226 0.275285 0.807619 -0.995381 -1 -1 -1 -0.683383 -1 -0.119151 0.0780068 -1 -0.58058 -0.791231 -1 -0.659716 -0.465229 -0.842386 -1 -0.265887 -1 -0.580837 0.384697 0.151406 -0.993476 -1 -1 -0.377332 -1 -0.758471 -0.969651 -0.315257 0.61031 0.19716 0.426625 -0.73675 -0.651807 -0.806253 -1 -1 -1 -0.946752 -1 -1 -0.498967 -0.331336 -1 -0.132721 0.570825 0.639166 0.270329 -1 -1 -0.672222 -1 -0.230211 -0.365576 1 -0.784216 -1 -0.98082 -1 0.416777 0.794825 -0.326084 -1 -1 -1 -0.68616 -1 -1 -1 -0.0154855 0.597398 0.529627 -0.898126 -0.18672 0.209728 -0.18701 0.228835 -1 -0.283161 -1 
-0.281693 -0.314933 -0.433727 -0.922418 -0.946893 0.594139 0.886427 0.826442 0.701674 0.874118 0.189878 0.00767314 0.620267 0.575377 0.566097 0.072934 0.50086 0.809147 0.801345 -0.849604 0.673433 -0.228602 -0.45761 0.507357 -0.0660503 0.519057 -0.896299 0.406128 -0.663118 -0.72793 0.316123 0.708102 0.509654 -0.677603 0.954065 -0.752943 0.143041 -0.574991 -0.383813 -0.85257 -0.676543 -0.477289 -0.00508767 -0.554252 -0.228682 0.262251 0.671234 0.969571 -0.215289 -0.0992936 -0.595544 0.162626 -0.691563 0.752953 0.043941 -0.445492 -0.213671 -0.479749 0.852616 -0.268055 -0.194601 0.126692 -0.515461 0.847748 -0.133796 0.810361 0.572624 -0.239733 0.925444 -0.904293 0.791527 0.155283 0.405171 0.493456 -0.905759 -0.653743 0.403568 0.947096 0.168848 -0.463552 -0.809323 -0.468861 -0.62954 0.274201 0.413845 0.380182 -0.521848 0.395687 0.540109 -0.235497 0.268928 0.0783639 0.646924 0.376865 0.172054 0.242715 -0.980293 -0.702234 -0.544819 0.664801 0.385999 0.272344 -0.670786 -0.282911 -0.71887 -0.232516 -0.404863 -0.432028 0.677147 -0.980362 0.714012 0.945322 -0.82678 -0.0426254 0.554739 0.724754 -0.499765 0.737333 0.67494 -0.982924 0.0440675 -0.185887 0.361611 0.461509 0.779994 0.523531 -0.132433 -0.216782 -0.195953 0.188807 -0.0580689 0.877962 -0.638807 0.47073 0.123213 -0.621759 -0.00580764 -0.0403596 
-0.983285 -1 -0.673535 -0.530424 -1 -1 -1 -1 -1 0.114268 0.109268 -0.966889 -0.992229 -1 -1 -0.691542 0.30355 -1 -0.931469 0.831667 -1 -1 -0.455495 -1 -1 -1 -0.464983 0.230751 -1 -1 -1 -1 0.253304 0.440012 -1 -0.809707 0.900554 -0.207653 -0.984986 -0.692738 -0.0684271 0.566786 -1 -0.750612 -0.778784 -1 -0.744802 -1 -1 -0.505774 -1 -1 0.621632 -1 -0.943448 -1 -1 -0.634258 -0.203094 -0.919002 -1 -0.979662 -0.791766 -0.971015 -0.27098 -0.821244 -0.343329 -1 -0.0498832 0.239781 -1 -1 -1 -0.530664 0.11428 -0.670707 -0.337846 -1 -0.404608 -0.59668 -1 -0.480372 -1 -0.770096 -0.962805 -0.987573 -0.89976 -1 -1 -1 -1 -1 -0.568181 -1 -1 -1 -0.869098 -0.951115 -0.103941 0.120525 -0.701977 -0.74464 -0.0824834 -0.738176 -1 -1 -1 -1 -0.826115 -0.917978 -1 -1 -1 -1 -1 -0.632198 -0.755343 1 -1 -0.491102 -1 -1 0.0928529 0.638661 -1 0.204804 -0.540789 0.0311489 0.627381 -0.348543 -1 -0.952961 -1 -0.927042 -0.770773 -0.846404 -1 -1 
-0.398569 -0.431577 -1 0.0759797 -0.298437 -0.107915 -0.619781 0.0133682 -0.471894 -0.647317 0.112581 -1 -1 -1 -0.984146 -0.856686 0.022682 0.876801 -0.897965 -0.650415 -1 -0.833091 0.0117277 -0.340865 -0.587852 -0.0623194 -1 0.0248914 -0.232611 0.544167 -0.87347 -0.285053 -0.540074 -0.196892 -0.430283 -0.297741 0.0361181 -1 -0.130494 -1 -0.472995 -0.346711 -1 0.289384 -0.222678 -0.312222 -0.0811418 -1 -1 -1 0.628244 1 -1 -1 -1 -0.091372 -0.12042 -0.380318 -0.506469 -0.861112 -0.956227 -1 -1 -0.709175 -0.920567 -0.87717 -0.809977 -1 -0.855577 -1 -1 -1 0.488864 -1 -0.81395 -1 -1 -0.894167 -0.0729232 0.702962 0.774492 0.0220245 -0.670703 -1 -0.81376 -1 -0.162079 -0.746363 0.642283 0.385227 -0.525049 -1 -0.77897 -0.80418 -0.870193 -1 -1 -1 -0.122817 -1 0.562458 -1 0.641157 -0.0408471 -0.283448 -0.284607 -0.688404 0.0298939 -0.491573 -0.67143 0.051942 0.604462 -0.491132 -1 0.167898 -0.978169 -1 0.401868 -0.139925 -1 -1 -1 -1 -1 -0.962235 -1 -1 0.0826609 0.705218 1 -1 -0.00376821 0.495806 -0.692044 0.746272 -1 0.0460692 -1 
-1 1 -1 0.898097 -0.378009 -0.429775 0.366851 0.0618182 0.0146022 -0.848752 -0.356342 -0.912278 -0.859011 -1 -0.891728 -0.929907 0.557402 0.623965 -0.927249 -0.998041 -0.0971031 -0.837925 0.0144355 -0.440011 0.128098 -0.230148 -1 0.204911 -0.530994 0.638833 -0.62255 -0.400904 -0.885752 -0.36019 -0.430283 0.077301 1 -0.438414 -0.118444 -1 -1 -0.0449191 -1 0.710876 -0.970117 -1 0.148185 -0.921299 -0.558703 -1 -0.30816 0.816319 -0.489905 -1 -1 -0.0384873 0.275285 0.807619 -0.995381 -1 -1 -1 -1 -1 -0.062408 0.0145283 -0.921597 -0.684225 -0.791231 -1 -0.717772 -0.465229 -1 -1 -0.379385 -1 -0.580837 0.384697 0.347487 -1 -0.103999 -0.20537 -0.377332 -1 -1 -1 -0.307754 0.543597 0.425389 0.426625 -0.483196 -0.994888 -0.263369 -0.722644 -1 -1 -1 -1 -0.313745 -0.550421 0.733789 -1 -0.132721 0.570825 0.0854503 0.0966792 -0.688404 -0.686204 -0.672222 -0.897602 -0.0108765 -0.435132 1 -0.6398 -0.305344 -0.98082 -1 0.416777 0.794825 -0.326084 -0.942926 -1 -1 -1 -1 -1 -1 -0.0154855 0.422917 0.529627 -0.836121 -0.18672 0.161562 0.250367 0.232648 -1 -0.442525 -1 
-0.763609 -1 -0.0511145 0.561616 -1 -0.895889 -1 -0.793932 -1 -0.260595 -0.942185 0.220902 -1 -0.50605 -0.349502 -1 -0.928447 -1 -0.915921 0.577315 -1 -1 0.804524 -0.653697 -0.881627 -0.791698 -1 -1 -1 -0.0306114 -1 -0.332013 -1 -1 -0.732047 -0.796129 -0.568024 -0.216438 -1 -0.637149 -0.995265 -1 -0.81768 0.0339485 -1 -0.552008 -1 -1 -1 -0.792174 -1 -1 -1 -1 -0.493427 -0.340355 0.161933 -1 0.130438 -0.12583 -0.995625 -0.474854 -0.632157 -1 -1 -0.221404 -1 -0.999765 -0.252061 -1 -1 -0.723124 -1 -1 -1 -0.780415 -0.734288 -0.883433 0.194274 -0.425242 -0.487931 -1 -1 -1 -0.0627788 -0.853081 -1 -0.565204 -0.469937 -0.131086 -0.473639 -0.988945 -0.447307 -1 -0.990054 -0.624856 -0.997979 -1 -1 -0.799539 -0.582147 -0.838112 -0.677453 -0.98484 -0.624795 -1 0.909816 -0.75982 -0.863469 -1 -0.291633 -0.848305 -0.888558 0.731034 -0.548075 -0.625608 -1 -1 -1 -1 0.167633 0.424489 -1 0.102289 -1 -0.829986 -1 -0.0380023 -0.913092 -0.982904 0.819317 -0.763037 -0.756713 -0.646558 0.0799884 -1 -1 -0.791717 
-0.887377 0.974723 -1 0.533371 -0.184473 -0.429775 0.366851 0.0618182 0.0146022 -1 -0.356342 -1 -0.904513 -1 -0.873579 -0.990197 0.557402 0.525676 -0.932339 -1 -0.0971031 -0.861624 0.0144355 -0.531663 0.128098 -0.0283214 -1 0.204911 -0.530994 0.638833 -0.817296 -0.400904 -0.885752 -0.552982 -0.430283 0.077301 0.132167 -0.438414 -0.118444 -0.887802 -1 -0.0449191 -0.841596 0.574869 -0.970117 -1 0.148185 -1 -0.469918 -1 -0.30816 0.781835 -0.489905 -1 -1 -0.0384873 0.180612 0.807619 -0.995381 -1 -1 -1 -1 -1 -0.616299 0.0145283 -1 -0.58058 -0.406214 -1 -0.717772 -0.882756 -1 -1 -0.379385 -1 -0.580837 0.384697 0.347487 -1 -0.103999 -0.20537 -0.552994 -1 -1 -0.969651 -0.0603968 0.560818 0.425389 0.426625 -0.528477 -1 -0.263369 -0.722644 -1 -1 -1 -1 -0.341425 -0.498967 0.862472 -0.950043 -0.132721 0.570825 0.0310941 0.270329 -0.688404 -0.572902 -1 -0.897602 -0.0108765 -0.435132 1 -0.6398 -1 -0.98082 -1 0.416777 0.794825 -0.326084 -1 -1 -1 -0.892906 -1 -1 -1 -0.0154855 0.422917 0.529627 -0.836121 -0.18672 0.253717 0.482574 0.0977219 -1 -0.283161 -1 
-1 1 -1 0.898097 -0.184473 -0.429775 0.366851 0.0618182 0.0146022 -0.848752 -0.356342 -1 -0.904513 -1 -0.884845 -0.990197 0.557402 0.52297 -1 -0.998041 -0.0971031 -0.837925 0.0144355 -0.440011 0.128098 -0.131652 -1 0.204911 -0.530994 0.638833 -1 -0.400904 -0.885752 -0.36019 -0.430283 -0.161837 1 -0.438414 -0.118444 -1 -1 -0.0449191 -1 0.710876 -0.970117 -0.829245 -0.136124 -1 -0.469918 -1 -0.289635 0.062686 -0.489905 -1 -1 -0.0384873 0.275285 0.807619 -0.995381 -1 -1 -1 -1 -1 -0.402022 0.0145283 -1 -0.58058 -0.791231 -1 -0.717772 -0.465229 -1 -1 -0.481142 -1 -0.765564 0.384697 0.347487 -1 -0.103999 -0.20537 -0.377332 -1 -1 -0.969651 -0.307754 0.543597 0.461941 0.426625 -0.528477 -1 -0.263369 -0.722644 -1 -1 -1 -1 -0.255852 -0.498967 1 -1 -0.0643749 0.504439 0.000922035 0.270329 -0.688404 -0.572902 -0.672222 -0.957516 -0.0108765 -0.435132 1 -0.630035 -0.305344 -0.98082 -1 0.418321 0.794825 -0.326084 -1 -1 -1 -0.892906 -1 -1 -1 -0.0154855 0.422917 0.357972 -0.885944 -0.18672 0.208453 0.350271 0.118813 -0.693792 -0.283161 -1 
-0.57063 0.713051 -1 0.882125 -0.298437 0.556447 0.366851 -0.116058 0.0728678 -1 0.249136 -1 -0.904513 -1 -0.866057 -0.830539 0.274074 0.422478 -1 -0.738571 -0.0971031 -0.812809 -0.0950174 -0.357836 -0.366858 0.353328 -1 0.570923 -0.873933 0.452195 -0.900445 -0.151053 -0.485949 -0.0510718 -0.517388 -0.0740757 0.795718 -0.409784 -0.130494 -1 -0.649563 0.0804437 -0.968641 0.508814 -0.0976093 -0.253178 0.137668 -1 -1 -0.997399 0.367684 0.781835 -0.255297 -1 -1 -0.0384873 0.409645 0.17245 -1 -0.974079 -0.348239 -0.810453 -1 -0.545472 -0.026861 -0.361082 0.320839 -0.561983 -0.440751 -0.810649 -1 -1 0.552531 -0.649372 -0.505771 -1 -0.779667 -0.140828 -0.771606 0.702962 0.257381 0.284041 -0.813092 -0.9269 -1 -1 -0.414694 0.366797 -0.313184 0.922025 0.0360632 -1 -0.263369 -0.462808 -0.649555 -1 -1 -1 -0.304044 -0.498967 0.468448 -1 -0.323265 0.631825 -0.0231819 -0.126166 -0.976787 -0.219532 0.0705066 -0.880037 -0.0110412 -0.861839 0.816832 -0.756002 -0.132161 -0.382509 -1 0.0238342 0.492584 -0.526582 -1 -1 -0.907422 -0.83665 -1 -0.896108 -0.612791 -0.0154855 0.790107 1 -0.818298 -0.00376821 0.193352 0.179357 0.977941 -0.9556 -0.571121 -0.550207 
-0.61703 0.928976 -1 0.898097 -0.298437 0.521914 0.366851 0.0618182 0.0146022 -0.865111 0.249136 -1 -0.904513 -1 -0.75736 -0.708524 0.260621 0.622778 -0.433885 -1 -0.0971031 -1 0.0144355 -0.357836 0.490635 -0.0283214 -1 0.900234 -0.458526 0.638833 -0.62255 -0.790657 -0.885752 -0.0510718 -0.430283 0.077301 0.996476 -0.438414 0.0357919 -1 0.165291 0.151796 -1 0.710876 -0.228835 -1 0.214882 -1 -0.469918 -1 -0.30816 0.781835 -0.14248 -1 -0.701941 0.00545738 0.275285 0.704345 -0.720839 -1 -0.138769 -1 -1 -0.545472 -0.026861 0.261153 0.320839 -0.58058 -0.440751 -1 -1 -0.465229 -0.0187827 -1 -0.531836 -1 -0.580837 0.384697 0.347487 -0.0995828 0.618418 0.284041 -0.186828 -0.599681 -1 -0.969651 -0.26363 0.883843 0.540383 0.656717 -0.137951 -0.963854 -0.263369 -0.185273 -1 -1 -1 -0.809563 -0.308587 -0.462928 0.739576 -1 0.854496 0.631825 0.0310941 0.248608 -0.688404 0.209902 -0.225196 -1 -0.0108765 -0.455633 1 -0.6398 -0.305344 -0.98082 -1 0.0238342 0.833689 -0.526582 -1 -1 -0.907422 -0.892906 -0.962235 -0.71551 -1 -0.0252785 0.422917 1 -0.836121 -0.00376821 0.495806 0.301205 0.232648 -0.890779 -0.283161 -0.550207 
-0.763609 -1 -0.0511145 0.872572 -1 -0.938034 -0.83577 -0.829537 -0.910344 -0.905524 -0.942185 -0.767054 -1 -1 -0.43321 -1 -0.928447 -1 -0.915921 0.577315 -1 -1 0.89948 -0.653697 -1 -0.791698 -1 -1 -1 -0.62904 -1 -0.608888 -1 -0.923257 -0.710651 -0.988864 -1 -0.216438 -1 -0.684369 -1 -1 -1 -0.955213 -0.898617 -0.924828 -1 -1 -1 -0.808573 -1 -1 -1 -1 -0.197969 -0.505116 0.161933 -1 -0.813455 -0.847279 -1 -1 -1 -1 -1 -0.221404 -1 -0.992872 -0.550934 -1 -1 -0.723124 -0.702091 -1 -1 -0.780415 -1 -0.883433 0.100166 -0.486451 -1 -1 -1 -1 -0.157481 -0.641222 -1 -0.824673 -0.469937 -0.0861908 -0.419029 -1 -0.591758 -1 -1 -0.727245 -1 -1 -1 -1 -0.794108 -1 -0.791392 -1 -1 -1 0.91317 -0.923036 -0.834139 -1 -0.65036 -0.848305 -1 0.731034 -0.481355 -0.817315 -1 -0.736717 -0.674969 -1 -0.464817 0.685103 -1 -0.248612 -0.962384 -0.442695 -0.7108 0.35332 -0.913092 -1 0.039676 -0.763037 -0.801283 -0.646558 0.268318 -1 -1 -1 
-0.57063 0.730534 -1 0.898097 -0.298437 0.521914 0.366851 0.0406109 0.0146022 -0.865111 0.249136 -1 -0.904513 -1 -0.866057 -0.708524 0.260621 0.622778 -0.433885 -0.738571 -0.0971031 -1 0.0144355 -0.357836 0.490635 0.353328 -1 0.900234 -0.458526 0.638833 -0.62255 -0.0507682 -0.485949 -0.0510718 -0.430283 0.077301 0.965823 -0.438414 -0.130494 -1 0.165291 0.151796 -1 0.710876 -0.0976093 -0.248353 0.214882 -1 -0.712401 -1 0.628244 0.781835 -0.14248 -1 -1 -0.0384873 0.409645 0.351872 -0.720839 -0.974079 -0.138769 -0.810453 -1 -0.545472 -0.026861 0.261153 0.320839 -0.58058 -0.440751 -0.49511 -1 -0.465229 0.758715 -0.649372 -0.531836 -1 -0.580837 0.384697 0.347487 0.702962 0.618418 0.284041 -0.151791 -0.805359 -1 -0.969651 -0.26363 0.622107 0.540383 0.803554 0.122295 -0.750747 -0.263369 -0.185273 -0.649555 -1 -1 -1 0.173892 -0.498967 0.667278 -1 0.698666 0.631825 0.0310941 0.256878 -0.688404 0.209902 0.0705066 -0.67143 -0.0108765 0.677948 0.758176 -0.6398 -0.132161 -0.225174 -1 0.0238342 0.833689 -0.526582 -1 -1 -0.907422 -0.892906 -0.962235 -1 -0.386987 -0.0154855 0.974266 1 -0.836121 -0.00376821 0.495806 0.301205 0.977941 -0.890779 0.654888 -0.550207 
-0.763609 -1 -0.0511145 0.561616 -1 -0.895889 -1 -0.793932 -1 -0.196839 -0.942185 0.220902 -1 -0.50605 -0.349502 -1 -0.928447 -1 -0.915921 0.577315 -1 -1 0.89948 -0.653697 -0.881627 -0.791698 -1 -1 -1 -0.0306114 -1 -0.332013 -1 -1 -0.732047 -0.796129 -0.568024 -0.216438 -1 -0.637149 -0.995265 -1 -0.81768 0.0339485 -1 -0.552008 -1 -1 -1 -0.792174 -1 -1 -1 -1 -0.493427 -0.340355 0.161933 -1 0.130438 -0.12583 -0.995625 -0.474854 -0.632157 -1 -1 -0.221404 -1 -0.999765 -0.252061 -1 -1 -0.723124 -1 -1 -1 -0.780415 -0.734288 -0.883433 0.194274 -0.425242 -0.487931 -1 -1 -1 -0.0627788 -0.853081 -1 -0.565204 -0.469937 -0.131086 -0.473639 -0.988945 -0.447307 -1 -1 -0.624856 -0.997979 -1 -1 -0.799539 -0.582147 -0.838112 -0.677453 -0.979204 -0.624795 -1 0.907613 -0.75982 -0.863469 -1 -0.291633 -0.848305 -0.888558 0.731034 -0.548075 -0.625608 -1 -1 -1 -1 0.167633 0.424489 -1 0.102289 -1 -0.829986 -1 -0.0380023 -0.927971 -1 0.819317 -0.763037 -0.756713 -0.646558 0.0799884 -1 -1 -0.791717 
-0.601953 0.928976 -1 0.885925 -0.590515 0.521914 0.366851 0.0618182 -0.248059 -0.924026 0.293493 -1 -0.904513 -1 -0.75736 -0.87753 0.0774392 -0.671964 -0.433885 -1 -0.176824 -1 0.0144355 -0.357836 0.123224 -0.0283214 -0.948573 0.194245 -0.571925 0.478383 -0.62255 -0.790657 -0.885752 -0.0510718 -0.430283 0.274467 0.996476 -0.438414 -0.228712 -1 0.165291 0.151796 -1 0.710876 -0.0976093 -1 0.566364 -1 -1 -1 -0.273057 0.301091 -0.350743 -1 -0.701941 -0.32315 0.336442 0.704345 -0.720839 -1 -0.138769 -1 -1 -0.545472 -0.026861 0.0656663 -0.470806 -1 -0.268498 -1 -1 -0.465229 -0.0187827 -1 -0.531836 -1 -0.580837 0.350693 0.0546111 -0.100503 0.618418 0.284041 -0.356812 -0.735809 -1 -0.969651 -0.26363 0.739643 0.540383 0.384465 -0.137951 -1 -1 0.190673 -1 -1 -1 -0.809563 -0.591008 -0.92763 0.329052 -1 0.854496 -0.296154 -0.426708 0.348551 -0.783287 -0.00282288 -0.280852 -1 0.00333744 -0.389152 1 -0.6398 -0.293145 -0.98082 -1 0.0238342 0.833689 -0.526582 -1 -1 -0.907422 -0.892906 -1 -0.71551 -1 0.215997 0.422917 1 -0.836121 -0.00376821 0.602983 0.301205 0.232648 -1 -0.283161 -0.715812 
-0.57063 0.928976 -1 0.898097 -0.298437 0.521914 0.366851 0.0618182 -0.135639 -0.865111 0.249136 -1 -0.904513 -0.961758 -0.75736 -0.708524 0.260621 0.622778 -0.433885 -1 -0.0373114 -1 0.0144355 -0.357836 0.490635 -0.0283214 -1 0.900234 -0.458526 0.638833 -0.62255 -0.995731 -0.885752 -0.0510718 -0.430283 0.077301 0.996476 -0.438414 0.0357919 -1 0.165291 0.11497 -1 0.661584 -0.0976093 -1 0.214882 -1 -0.469918 -1 -0.30816 0.781835 -0.14248 -1 -0.701941 -0.0384873 0.329152 0.704345 -0.720839 -1 -0.138769 -1 -1 -0.545472 -0.026861 0.261153 0.320839 -0.58058 -0.440751 -1 -1 -0.465229 -0.0187827 -1 -0.531836 -1 -0.580837 0.384697 0.372231 -0.100503 0.618418 0.247098 -0.151791 -0.599681 -1 -0.969651 -0.26363 0.883843 0.540383 0.46326 -0.137951 -1 -0.263369 -0.185273 -1 -1 -1 -0.809563 -0.308587 -0.498967 0.739576 -1 0.854496 0.631825 0.0310941 0.248608 -0.688404 0.209902 -0.225196 -1 -0.0108765 -0.455633 1 -0.6398 -0.305344 -1 -1 0.0238342 0.833689 -0.679737 -1 -1 -0.907422 -0.892906 -0.962235 -0.71551 -1 -0.0154855 0.422917 0.907015 -0.836121 -0.00376821 0.495806 0.301205 0.232648 -0.890779 -0.283161 -0.550207 
-1 1 -1 0.898097 -0.184473 -0.429775 0.366851 -0.00414846 0.0146022 -0.848752 -0.356342 -1 -0.904513 -1 -0.873579 -0.990197 0.557402 0.525676 -0.927249 -0.998041 -0.0971031 -0.837925 0.0144355 -0.440011 0.128098 -0.0283214 -1 0.204911 -0.530994 0.638833 -0.583395 -0.400904 -0.885752 -0.319156 -0.430283 0.077301 1 -0.438414 -0.118444 -1 -1 -0.0449191 -1 0.710876 -0.970117 -1 0.148185 -1 -0.469918 -1 -0.434551 0.781835 -0.489905 -1 -1 -0.0384873 0.275285 0.807619 -0.995381 -1 -1 -1 -1 -1 -0.062408 0.0145283 -1 -0.58058 -0.791231 -1 -0.717772 -0.465229 -1 -1 -0.379385 -1 -0.580837 0.384697 0.347487 -1 -0.103999 -0.20537 -0.377332 -1 -1 -0.969651 -0.307754 0.543597 0.425389 0.426625 -0.528477 -1 -0.263369 -0.722644 -1 -1 -1 -1 -0.255852 -0.498967 0.862472 -1 -0.132721 0.570825 0.0310941 0.270329 -0.688404 -0.572902 -0.672222 -0.897602 -0.0108765 -0.435132 1 -0.6398 -0.305344 -0.98082 -1 0.416777 0.794825 -0.326084 -1 -1 -1 -0.892906 -1 -1 -1 -0.0154855 0.422917 0.529627 -0.836121 -0.18672 0.208453 0.382081 0.232648 -1 -0.283161 -1 
-0.57063 0.730534 -1 0.597793 -0.242969 -0.529616 0.366851 -0.101658 -0.592385 -0.872711 0.000953525 -0.742607 -1 -1 -0.866057 -0.708524 0.260621 0.298599 -0.433885 -0.738571 -0.0971031 -0.868896 0.0144355 -0.357836 0.490635 0.353328 -1 0.900234 -0.742033 0.638833 -0.62255 -0.354558 -0.485949 -0.621633 -0.646573 0.114675 0.612072 -0.555833 -0.130494 -0.981406 -0.0324355 0.151796 -1 0.649151 -0.0976093 -0.117793 0.214882 -1 -0.592966 -1 0.357478 0.781835 -0.14248 -1 -0.621297 -1 0.0805914 -0.507184 -0.720839 -1 -0.138769 -1 -1 -1 0.00577941 -0.208317 -0.083435 -0.46453 -0.440751 -0.964852 -1 -0.945842 -0.127136 -0.286877 -0.531836 -1 -0.580837 0.422879 0.411546 0.790307 -0.0563567 0.170025 -0.151791 -0.805359 -1 -1 -0.26363 0.622107 0.581467 0.488353 0.122295 -0.807062 -0.307386 -0.871421 -0.649555 -1 -1 -1 0.262924 -1 0.538034 -0.940575 -0.266274 0.309588 -0.319174 0.248608 -0.688404 -0.956397 -0.118101 -0.67143 -0.0108765 0.677948 0.793815 -0.61794 -0.132161 -0.225174 -1 0.0238342 0.88011 -0.495156 -0.962151 -1 -0.907422 -1 -0.956868 -1 -0.422027 -0.0154855 1 1 -1 -0.00376821 0.227085 0.301205 0.943227 -0.890779 -0.364764 -0.743176 
-1 0.646387 -1 0.9455 -0.184473 -1 0.366851 0.0618182 -0.62024 -0.848752 -0.356342 -1 -0.904513 -1 -1 -1 0.557402 0.525676 -0.927249 -0.998041 0.0654884 -1 0.0144355 -0.440011 0.128098 -0.0283214 -1 0.204911 -0.548053 0.638833 -0.657619 -1 -0.885752 -0.36019 -1 0.077301 1 -0.502471 -0.332344 -1 -1 -0.0449191 -1 0.710876 -0.970117 -0.993103 0.148185 -1 -0.469918 -1 -0.30816 0.781835 -0.489905 -1 -1 0.121412 0.061762 0.807619 -0.995381 -1 -1 -1 -0.935552 -1 -0.062408 -0.120248 -1 -0.58058 -0.791231 -1 -0.717772 -0.465229 -1 -1 -0.379385 -1 -0.580837 0.384697 0.347487 -1 -0.103999 -0.274754 -0.377332 -1 -1 -1 -0.307754 -0.0452565 0.425389 0.426625 -1 -1 -0.370876 -0.722644 -1 -1 -1 -1 -0.255852 -0.498967 0.648367 -0.834242 -0.132721 0.570825 0.0310941 0.270329 -0.889308 -0.572902 -0.672222 -0.897602 -0.0108765 -0.435132 1 -0.6398 -1 -0.98082 -1 0.416777 0.751159 -0.326084 -1 -1 -1 -0.892906 -1 -1 -1 -0.0154855 0.422917 0.529627 -1 -0.18672 0.208453 0.382081 -0.934607 -1 -0.283161 -1 
-1 1 -1 0.836738 -1 -0.555873 0.576447 -1 0.0146022 -0.715402 -0.356342 -1 -1 -1 -1 -1 0.579974 0.525676 -1 -1 -0.281393 -1 0.272278 -0.440011 0.0681367 -0.0283214 -1 0.179609 -0.799623 0.638833 -1 -0.400904 -0.90256 -0.36019 -1 -0.0114446 0.996476 -0.374762 -0.118444 -0.900147 -0.722176 0.26342 -1 0.710876 -0.794287 -1 0.214882 -0.691318 -0.469918 -1 -0.425968 1 -0.694765 -1 -1 -0.0384873 -0.0737928 0.677137 -1 -1 -0.709259 -1 -0.892388 -1 -0.321206 0.0683494 -1 -1 -0.959603 -1 -0.717772 -0.989773 -1 -1 -0.379385 -1 -1 0.384697 -0.610613 -1 -0.103999 -0.755668 0.279835 -1 -1 -1 -1 0.543597 0.425389 -0.154415 -0.941747 -1 -0.0923458 -0.722644 -1 -1 -1 -1 -0.181768 -0.478629 0.5308 -1 -0.132721 0.570825 -0.0839653 0.223181 -1 -0.516385 -0.842273 -0.897602 0.0148925 -0.455633 0.947828 -0.6398 -1 -1 -1 0.611992 0.257731 -0.326084 -1 -1 -1 -0.689472 -0.541168 -1 -1 -0.0154855 -0.455239 0.192781 -0.836121 -0.328074 0.208453 0.301205 0.232648 -1 -1 -1 
-0.398569 0.802594 -1 0.891796 -0.867889 -0.107915 0.598215 -0.747818 -1 -1 0.0525326 -1 -1 -1 -1 -0.708524 0.022682 0.655225 -0.897965 -0.580873 -1 -0.833091 0.0117277 -0.340865 -0.801066 0.0821776 -1 -0.293566 -0.232611 0.638833 -1 -0.0507682 -0.540074 -0.196892 -0.430283 -0.297741 0.0361181 -0.573589 -0.130494 -1 -0.0414436 -1 -1 0.289384 -0.222678 -0.948587 -1 -1 -0.712401 -1 0.628244 0.694308 -1 -1 -1 -0.37285 -0.12042 0.00557753 -0.460282 -0.747736 -0.207644 -1 -0.864957 -0.540168 -0.966919 0.00817797 -0.147527 -0.821867 -0.855577 -1 -1 -0.643745 0.436997 -0.839267 -0.863158 -1 -0.843695 0.11809 -0.405207 0.647982 0.473019 0.197034 -0.123729 -1 -0.81376 -0.820129 -0.162079 0.131286 0.642283 0.385227 0.122295 -1 -0.77897 -0.944412 -1 -1 -1 -1 -0.122817 -1 0.562458 -1 0.622978 0.0214144 -0.283448 0.185696 -0.688404 0.0298939 -0.491573 -0.67143 0.051942 0.604462 0.1746 -1 -0.132161 -0.978169 -1 0.401868 -0.323591 -0.526582 -1 -1 -0.861611 -1 -1 -0.845448 -0.848137 -0.229909 0.845059 1 -1 -0.00376821 -0.213074 0.0854827 0.400317 -1 -0.169522 -1 
-0.57063 0.685459 -1 0.898097 -0.784422 0.556447 0.366851 -0.116058 0.0728678 -1 0.249136 -1 -1 -1 -0.866057 -0.667547 0.274074 0.422478 -1 -0.738571 -0.337566 -0.812809 -0.0942184 -0.357836 -1 0.275645 -1 0.570923 -0.929211 0.374901 -0.900445 -0.151053 -0.485949 -0.0510718 -0.517388 -0.930072 0.861336 -0.409784 -0.130494 -1 -0.649563 0.0804437 -0.968641 -0.133932 -0.191722 -0.248353 0.214882 -1 -1 -0.997399 0.367684 1 -0.255297 -1 -1 -0.0384873 0.409645 -0.147688 -0.878606 -0.974079 -0.348239 -0.810453 -1 -0.193416 -0.026861 -0.494527 0.320839 -0.561983 -0.440751 -0.810649 -1 -1 0.507597 -0.649372 -0.606347 -1 -0.779667 -0.140828 -0.771606 0.702962 0.257381 0.284041 -0.813092 -0.9269 -1 -1 -0.414694 0.366797 -0.313184 0.824683 0.0562169 -1 -0.390214 -0.462808 -0.649555 -1 -1 -1 -0.152303 -0.498967 0.722476 -1 -0.323265 0.631825 0.0310941 -0.126166 -0.976787 -1 0.0705066 -0.880037 -0.419802 -0.861839 0.677373 -0.6398 -0.132161 -0.382509 -1 0.0238342 0.312206 -0.526582 -1 -1 -0.907422 -1 -1 -1 -0.612791 -0.0154855 0.666763 1 -1 0.271872 0.193352 0.243145 0.977941 -0.890779 -0.571121 -0.615522 
-1 1 -1 0.836738 -1 -0.414363 0.576447 -1 0.0146022 -0.715402 -0.356342 -1 -1 -1 -1 -1 0.579974 0.525676 -1 -1 -0.281393 -1 0.272278 -0.440011 0.0681367 -0.0283214 -1 0.069288 -0.799623 0.638833 -1 -0.400904 -0.90256 -0.36019 -1 -0.0114446 0.996476 -0.374762 -0.245448 -0.900147 -0.644263 0.26342 -1 0.710876 -0.794287 -1 0.214882 -0.691318 -0.469918 -1 -0.35879 1 -0.694765 -1 -1 -0.0384873 -0.0737928 0.677137 -1 -1 -0.709259 -1 -0.892388 -1 -0.321206 0.0683494 -1 -1 -0.959603 -1 -0.717772 -0.989773 -1 -1 -0.379385 -1 -1 0.384697 -0.610613 -1 -0.103999 -0.755668 0.279835 -1 -1 -1 -1 0.543597 0.425389 -0.154415 -0.941747 -1 -0.0923458 -0.722644 -1 -1 -1 -1 -0.181768 -0.478629 0.5308 -1 -0.122444 0.459189 0.0280404 0.223181 -1 -0.516385 -0.842273 -0.897602 -0.0108765 -0.455633 0.947828 -0.6398 -1 -1 -1 0.651193 0.257731 -0.326084 -1 -1 -1 -0.689472 -0.541168 -1 -1 -0.0154855 -0.455239 0.15511 -0.836121 -0.18672 0.208453 0.301205 0.232648 -1 -1 -1 
-0.73542 0.46926 -1 0.898097 -0.403981 0.241449 0.366851 0.0618182 0.0146022 -1 0.249136 -1 -0.904513 -1 -0.75736 -0.708524 0.260621 0.622778 -0.433885 -1 -0.0971031 -1 0.0144355 -0.357836 0.490635 -0.295948 -1 0.900234 -0.458526 0.638833 -0.62255 -1 -0.885752 -0.0510718 -0.430283 0.077301 0.996476 -1 0.0357919 -1 0.165291 0.151796 -1 0.710876 -0.228835 -1 0.584065 -1 -0.513898 -1 -0.30816 0.781835 -0.665142 -1 -0.701941 0.00545738 0.275285 0.704345 -0.714925 -1 -0.138769 -1 -1 -0.545472 -0.026861 0.261153 -0.714075 -1 -1 -1 -1 -0.672979 -0.0187827 -1 -1 -0.994855 -0.580837 0.384697 0.347487 -0.197587 0.618418 0.284041 -0.151791 -0.599681 -1 -0.625133 -0.26363 0.883843 0.540383 0.656717 -0.137951 -1 -0.263369 -0.185273 -1 -1 -1 -1 -0.385041 -0.498967 0.739576 -1 0.854496 0.631825 0.0310941 0.248608 -0.756867 -0.596922 -0.225196 -1 -0.0108765 -0.600137 1 -1 -0.305344 -0.98082 -1 -0.142997 0.833689 -0.526582 -1 -1 -0.907422 -0.892906 -0.962235 -0.71551 -1 -0.0252785 0.35264 0.858775 -1 -0.168965 0.495806 0.301205 0.232648 -0.890779 -0.283161 -0.550207 
-0.90864 1 -1 0.898097 -1 -0.597776 0.43384 -1 -0.0495068 -0.78917 -0.763225 -1 -0.730203 -1 -0.794279 -1 0.557402 0.425162 -1 -1 -0.379064 -1 0.272278 -1 0.0681367 -0.301544 -0.849526 0.179609 -0.799623 0.649434 -1 -0.400904 -0.90256 -0.27086 -1 0.077301 0.706409 -0.438414 -0.118444 -1 -0.969786 -0.795414 -1 0.710876 -0.532705 -1 0.214882 -1 -0.469918 -1 -0.304016 1 -0.796633 -1 -1 -0.0384873 -0.0481799 0.606921 -1 -1 -0.74073 -1 -0.892388 -1 -0.407927 0.0683494 -1 -0.807697 -0.791231 -0.961157 -0.764024 -0.368409 -1 -1 -0.379385 -1 -1 -0.00389725 -0.610613 -1 -0.851749 -0.877727 0.302974 -1 -1 -1 -1 0.263334 0.425389 -0.154415 -1 -1 -0.0923458 -0.722644 -0.673195 -1 -1 -0.712219 -1 -0.478629 0.5308 -1 -0.132721 0.742331 0.0310941 0.132139 -0.886033 -0.49969 -0.792819 -1 -0.0108765 -0.455633 0.651867 -0.990314 -1 -0.98082 -1 0.416777 0.598263 -0.695538 -1 -1 -1 -1 -0.827912 -1 -0.916754 -0.0154855 -0.45789 0.15511 -0.836121 -0.179414 0.208453 -0.314142 0.0594383 -1 -0.900242 -1 
-1 -0.0718932 -1 0.0677561 -0.184473 -0.429775 0.237236 0.145529 0.0146022 -1 -0.356342 -1 -0.712477 -1 -0.873579 -0.990197 0.634395 -0.215558 -1 -1 -0.0971031 -0.497811 0.0144355 -1 -0.937594 -0.0283214 -1 0.204911 -0.530994 0.296862 -0.62255 -0.400904 -0.885752 -0.36019 -0.430283 0.077301 1 -0.438414 -0.118444 -1 -1 -0.479525 -1 0.559015 -0.970117 -1 0.148185 -1 -0.469918 -1 -0.30816 1 -0.489905 -1 -0.705277 -0.0384873 0.275285 0.807619 -0.995381 -1 -1 -1 -0.860194 -1 0.0723808 0.0145283 -1 -1 -0.791231 -1 -0.717772 -0.465229 -1 -0.632964 -1 -1 -0.580837 0.384697 0.347487 -1 -0.163267 -0.20537 -0.451011 -1 -1 -1 -0.307754 0.543597 0.425389 0.426625 -0.528477 -1 -0.263369 -0.722644 -1 -0.976257 -1 -1 -0.255852 -0.498967 0.862472 -1 -0.132721 0.570825 0.0310941 0.270329 -0.688404 -0.572902 -0.672222 -0.897602 -0.0108765 -0.532805 1 -0.6398 -0.305344 -0.98082 -1 0.416777 0.794825 -0.326084 -1 -1 -1 -0.892906 -1 -0.739879 -1 -0.0154855 0.422917 0.529627 -0.836121 -0.18672 0.470583 0.382081 0.232648 -1 -0.0504241 -1 
-0.847068 0.721083 -1 0.898097 -0.449147 0.292356 0.366851 0.0618182 -0.871968 -1 -0.200859 -1 -1 -1 -0.866057 -0.708524 0.120248 0.402409 -0.433885 -1 -0.0971031 -1 0.0144355 -0.56741 0.086708 0.353328 -1 0.059394 -0.458526 0.541107 -0.62255 -1 -0.485949 -0.270566 -0.791974 0.077301 1 -0.438414 -0.468208 -0.931875 0.165291 0.151796 -1 -0.421299 -0.0976093 -1 0.270977 -0.98234 -0.776668 -1 1 -0.523921 -0.14248 -0.940223 -1 -0.921748 0.105898 0.38618 -1 -1 -1 -0.810453 -1 -1 -0.026861 -0.895675 0.21723 -0.58058 -0.451127 -0.465944 -0.79924 -0.465229 0.758715 -0.590117 -0.669301 -1 -0.580837 0.454166 0.347487 0.846873 0.618418 -0.204442 -0.470417 -0.805359 -1 -1 -0.414077 0.68054 -0.130385 0.525652 0.122295 -1 -0.263369 -0.584021 -0.649555 -1 -1 -1 -0.329381 -1 0.655964 -1 -0.573608 0.588989 -0.0773102 -0.315978 -0.625802 -0.00685523 -0.100778 -1 -0.0909546 0.480722 0.145675 -0.591128 -0.183289 0.0590426 -1 0.0238342 0.833689 -0.526582 -1 -1 -1 -0.892906 -1 -1 -0.386987 -0.0154855 0.974266 1 -0.997979 -0.00376821 0.535526 0.320856 0.977941 -1 0.706284 -1 
-0.568445 0.730534 -1 0.898097 -1 0.556447 0.366851 -0.0705074 0.152436 -1 0.249136 -1 -0.904513 -1 -0.866057 -0.667547 0.274074 -0.459253 -1 -1 0.170254 -0.893704 -0.0950174 -0.357836 -0.366858 0.353328 -1 0.570923 -0.509253 0.452195 -0.900445 -0.151053 -0.901349 -1 -0.517388 -0.332229 0.996476 -0.409784 0.246038 -1 -0.746706 0.0804437 -1 0.508814 -0.0976093 -0.179847 -0.46433 -1 -1 -0.943111 0.628244 0.574649 -1 -1 -1 -0.217316 0.395815 -0.899497 -1 -0.974079 -0.801099 -0.810453 -1 -0.828076 -0.0152357 -0.261938 0.320839 -0.517632 -0.440751 -1 -1 -0.672294 -0.89076 -0.623533 -0.505771 -1 -0.779667 0.258781 -0.909635 0.702962 0.257381 0.284041 -0.721534 -1 -1 -1 -0.414694 0.366797 -0.313184 0.824683 0.122295 -0.750747 -0.937207 -0.462808 -0.649555 -1 -1 -1 0.173892 -0.11771 0.146615 -1 -0.607292 0.152658 -0.154124 -0.126166 -1 -0.219532 0.0705066 -0.880037 -0.0110412 -0.861839 0.816832 -0.6398 -0.306498 -0.382509 -1 -0.151115 0.492584 -1 -0.925498 -0.869491 -0.857944 -1 -1 -0.896108 -1 -0.0154855 0.790107 0.073325 -1 -0.0156642 0.193352 -0.694236 0.977941 -0.890779 -0.737973 -0.966267 
-1 0.893243 -1 0.898097 -0.170805 -0.429775 0.366851 0.0618182 0.0132726 -1 -0.356342 -1 -0.850262 -1 -0.873579 -1 0.557402 0.525676 -1 -0.998041 -0.0971031 -0.837925 -0.0539676 -0.440011 -0.83774 -0.0283214 -1 0.167385 -0.530994 0.209399 -0.62255 -0.400904 -0.946156 -0.555841 -1 -0.00931703 1 -1 0.124336 -1 -1 -0.0449191 -1 0.710876 -0.773006 -1 0.148185 -1 -1 -0.887345 -0.407881 0.955707 -1 -1 -1 -0.249304 0.275285 0.807619 -0.995381 -1 -1 -0.835545 -0.683383 -1 -0.119151 0.0145283 -1 -1 -0.791231 -1 -0.659716 -0.588978 -0.842386 -1 -0.265887 -1 -0.580837 0.384697 0.151406 -0.993476 -0.747783 -1 -0.377332 -1 -0.758471 -0.969651 -0.214444 1 0.203099 0.426625 -0.931211 -0.608656 -0.765965 -0.847012 -1 -0.976283 -1 -1 -1 -0.29797 -0.290141 -1 -0.132721 0.570825 0.639166 -0.596845 -1 -1 -0.672222 -1 -0.230211 -0.365576 1 -0.6398 -1 -0.954445 -1 0.416777 0.794825 -0.326084 -1 -1 -1 -0.68616 -0.97263 -0.800766 -1 -0.0154855 0.976614 0.529627 -1 -0.18672 0.208453 -0.229113 0.224581 -1 -0.283161 -1 
-0.57063 0.730534 -1 0.597793 -0.298437 -0.448539 0.366851 -0.101658 -0.592385 -0.872711 0.000953525 -0.742607 -0.97619 -1 -0.866057 -0.708524 0.295755 0.298599 -0.433885 -0.69599 -0.0971031 -0.868896 0.0144355 -0.357836 0.490635 0.317323 -1 0.900234 -0.742033 0.638833 -0.62255 -0.354558 -0.485949 -0.621633 -0.646573 0.077301 0.612072 -0.438414 -0.130494 -0.981406 -0.0324355 0.151796 -1 0.656193 -0.0976093 -0.117793 0.214882 -1 -0.592966 -1 0.390753 0.781835 -0.14248 -1 -0.621297 -1 0.048222 -0.507184 -0.727041 -1 -0.295821 -1 -1 -0.808507 -0.0332558 -0.208317 -0.083435 -0.46453 -0.440751 -1 -0.990447 -0.945842 -0.14473 -0.286877 -0.531836 -1 -0.580837 0.384697 0.411546 0.790307 0.139567 0.284041 -0.151791 -0.805359 -1 -1 -0.26363 0.622107 0.453535 0.488353 0.122295 -0.750747 -0.307386 -0.871421 -0.649555 -1 -1 -1 0.407147 -1 0.538034 -1 -0.266274 0.309588 -0.319174 0.113498 -0.688404 -0.956397 0.0705066 -0.67143 -0.0108765 0.677948 0.758176 -0.6398 -0.285634 -0.225174 -1 -0.0114701 0.88011 -0.652666 -0.933423 -1 -1 -1 -1 -1 -0.422027 -0.0154855 1 1 -0.836121 -0.00376821 0.252557 0.301205 0.977941 -0.890779 -0.541949 -0.850463 
-1 1 -1 0.898097 -0.184473 -0.429775 0.366851 0.0618182 -1 -0.931781 -0.356342 -1 -0.904513 -1 -0.873579 -0.990197 0.557402 0.525676 -0.927249 -0.998041 -0.0971031 -0.837925 -0.885132 -0.440011 0.128098 0.212425 -1 0.171709 -0.530994 0.638833 -0.62255 -0.400904 -0.885752 -0.36019 -0.430283 0.460125 0.493848 -0.196111 -1 -1 -1 -0.0449191 -1 0.710876 -1 -1 0.148185 -1 -0.469918 -1 -0.30816 0.781835 -0.489905 -1 -1 -0.0384873 0.275285 0.807619 -0.995381 -1 -1 -1 -1 -1 -0.062408 0.0145283 -1 -0.58058 -0.934615 -1 -0.717772 -1 -1 -1 -0.964899 -1 -0.706538 0.384697 0.347487 -1 -0.103999 -0.20537 -0.377332 -1 -1 -0.969651 -0.307754 0.543597 0.425389 0.426625 -0.528477 -0.750778 -0.263369 -0.722644 -1 -1 -1 -1 -0.255852 -0.498967 0.862472 -1 -0.177161 0.80899 0.053499 0.270329 -0.688404 -0.572902 -0.672222 -0.897602 -0.0108765 -0.109276 1 -1 -0.305344 -0.98082 -1 0.416777 0.794825 -0.326084 -1 -1 -1 -0.892906 -1 -1 -1 -0.0154855 0.422917 -0.320347 -0.836121 -0.18672 0.208453 0.382081 0.232648 -1 -0.283161 -1 
-0.568445 0.730534 -1 0.898097 -1 0.556447 0.366851 -0.0705074 -0.918025 -1 0.249136 -0.690445 -0.904513 -1 -0.866057 -0.667547 -0.447281 -0.459253 -1 -1 -0.243456 -0.893704 -0.0950174 -0.357836 -0.366858 -0.838197 -1 0.570923 -0.509253 0.452195 -0.900445 -0.151053 -0.901349 -1 -0.517388 -0.838728 0.996476 -0.409784 0.246038 -1 -0.746706 0.0804437 -1 0.508814 -0.0976093 -0.179847 -0.46433 -1 -1 -0.943111 0.628244 0.574649 -1 -1 -1 -0.252587 0.491517 -0.947509 -1 -0.974079 -0.801099 -0.810453 -1 -0.789562 -0.136108 -0.261938 0.320839 -0.517632 -0.440751 -1 -1 -0.672294 -0.927898 -0.264979 -0.505771 -1 -0.779667 0.258781 -0.909635 -0.00457013 0.257381 0.284041 -0.721534 -0.85402 -1 -1 -0.414812 0.366797 -1 0.705809 0.122295 -1 -0.937207 -0.462808 -0.649555 -1 -1 -1 0.173892 0.114579 0.146615 -1 -0.815893 -0.50739 -0.154124 -0.126166 -1 -0.382 -0.471519 -0.605208 -0.0110412 -0.861839 0.130687 -1 -0.306498 -0.382509 -1 -0.513949 0.736117 -1 -0.925498 -0.869491 -0.907422 -1 -1 -0.896108 -1 -0.0154855 0.790107 0.073325 -1 -0.0156642 0.193352 -0.694236 0.516025 -0.890779 -0.737973 -0.966267 
-0.57063 0.928976 -0.936658 0.898097 -0.298437 0.0243256 0.430158 0.0618182 -0.0711222 -0.865111 -0.862342 -1 -0.904513 -1 -0.75736 -1 0.260621 0.622778 -1 -1 -0.0971031 -0.786675 0.318666 -0.201678 0.490635 -0.0283214 -1 -0.291275 -0.458526 0.638833 -0.62255 -0.790657 -0.885752 -0.0510718 -0.430283 -1 0.996476 -0.687328 -0.118956 -1 0.165291 0.151796 -1 0.710876 -0.0976093 -1 -0.983816 -1 -0.768927 -1 -1 0.66246 -0.134383 -1 -0.701941 -0.691605 0.275285 0.318296 -0.720839 -1 -0.138769 -1 -0.638137 -0.545472 -0.424834 0.261153 0.320839 -0.58058 -0.440751 -0.696326 -1 -0.465229 -0.0187827 -1 -0.531836 -1 -0.580837 0.384697 0.65307 -0.100503 0.108886 0.284041 -0.151791 -0.357231 -1 -1 -0.26363 0.883843 0.00482488 0.656717 -0.137951 -1 -0.263369 -0.756472 -1 -1 -1 -1 -0.308587 -0.498967 0.552914 -1 0.93917 0.631825 0.0310941 0.248608 -1 0.209902 -0.225196 -1 -0.0108765 -0.455633 0.30323 -1 -0.305344 -0.98082 -1 -0.417191 0.833689 -0.526582 -1 -1 -0.907422 -1 -0.962235 -0.412207 -1 -0.0154855 0.422917 1 -0.836121 -0.00376821 0.495806 0.301205 0.211047 -0.890779 -0.283161 -1 
-1 1 -1 0.898097 -0.184473 -0.429775 0.0634664 0.0618182 0.0146022 -1 -0.193362 -1 -1 -1 -0.873579 -0.990197 0.557402 0.525676 -0.927249 -1 -0.0971031 -0.837925 0.0144355 -0.339882 0.128098 -0.0283214 -0.677691 0.204911 -0.530994 0.638833 -0.62255 -0.472447 -0.885752 -0.209311 -0.883399 0.077301 1 -0.287193 -0.284576 -1 -1 -1 -1 -0.304704 -0.755428 -0.754014 0.148185 -1 -0.469918 -1 -0.30816 0.781835 -0.416477 -1 -1 -0.0384873 0.275285 0.807619 -0.995381 -1 -0.6464 -0.938023 -1 -1 -0.062408 -1 -1 -0.252217 -0.791231 -1 -0.396079 -0.465229 -1 -1 -0.00869303 -0.954216 -0.580837 0.384697 -0.763264 -0.643324 -0.103999 -0.20537 -0.377332 -1 -1 -0.969651 -0.307754 0.77584 -0.319949 0.749755 -0.651152 -1 -1 -0.868026 -1 -0.91539 -1 -1 -0.255852 -0.817616 0.862472 -1 -0.831111 0.570825 0.0310941 0.270329 -0.688404 -1 -0.672222 -0.897602 0.355394 -0.536068 1 -0.643699 -0.305344 -0.98082 -1 0.416777 0.794825 -0.326084 -1 -1 -1 -0.532227 -1 -1 -1 -0.0154855 0.422917 0.529627 -0.836121 -0.380208 0.208453 0.501707 0.232648 -1 0.071553 -1 
-0.57063 0.730534 -1 0.597793 -0.242969 -0.529616 0.366851 -0.101658 -0.592385 -0.872711 0.000953525 -0.742607 -1 -1 -0.866057 -0.708524 0.63475 0.298599 -0.792409 -0.738571 -0.0971031 -0.868896 0.0144355 -0.357836 0.800953 0.660167 -1 0.900234 -0.742033 -0.0748925 -0.62255 -0.354558 -0.485949 -0.621633 -1 0.114675 0.612072 -0.555833 -0.130494 -0.981406 -0.46676 0.151796 -1 0.649151 -0.0976093 -0.117793 0.214882 -1 -0.592966 -1 0.357478 0.781835 0.189829 -1 -1 -1 0.0805914 -0.507184 -0.720839 -1 -0.138769 -1 -1 -1 -0.144191 -0.208317 0.0769064 -0.46453 -0.440751 -0.964852 -1 -0.945842 -0.127136 -0.286877 -0.926424 -1 -0.580837 0.422879 0.411546 0.670692 -0.0563567 0.170025 -0.151791 -0.805359 -1 -1 -0.26363 0.622107 0.581467 0.488353 0.122295 -0.807062 -0.307386 -0.871421 -0.649555 -0.768088 -1 -1 0.407147 -1 0.538034 -0.940575 -0.266274 0.22321 -0.319174 0.248608 -0.688404 -0.956397 -0.777377 -0.67143 -0.0108765 0.677948 0.793815 -0.61794 -0.132161 -0.225174 -1 0.0238342 0.88011 -0.495156 -0.962151 -1 -0.983379 -1 -0.956868 -1 -0.422027 -0.0154855 1 1 -0.966071 -0.00376821 0.227085 0.301205 0.943227 -1 -0.364764 -0.743176 
-1 1 -1 0.898097 -0.184473 -0.429775 0.366851 0.0618182 0.0146022 -1 -0.356342 -1 -0.904513 -1 -0.873579 -0.990197 0.557402 0.525676 -0.927249 -0.998041 -0.0971031 -1 0.0144355 -0.440011 0.128098 0.171458 -1 0.204911 -0.530994 0.638833 -0.501904 -0.826301 -0.885752 -0.36019 -0.473308 -0.548192 1 -0.438414 -0.118444 -1 -1 -1 -1 0.710876 -1 -0.800015 0.148185 -1 -0.469918 -1 -0.30816 0.781835 -0.583281 -1 -1 0.11552 0.275285 1 -1 -1 -1 -1 -1 -0.963796 -0.062408 0.0145283 -1 -0.58058 -0.791231 -1 -0.817446 -0.465229 -1 -1 -1 -1 -0.299008 0.384697 0.347487 -1 -0.103999 -0.290549 -0.377332 -1 -1 -0.969651 -0.307754 0.519992 0.425389 0.426625 -0.528477 -1 -0.263369 -0.722644 -1 -1 -1 -1 -0.255852 -0.742015 0.862472 -1 -0.132721 0.570825 0.0310941 0.270329 -0.688404 -0.572902 -0.467772 -1 -0.0395098 -0.435132 1 -0.6398 -1 -0.98082 -1 0.416777 0.794825 -0.326084 -1 -1 -1 -0.892906 -1 -1 -1 -0.0154855 0.422917 0.289999 -0.836121 -0.18672 0.208453 0.382081 0.232648 -1 -0.182812 -1 
-0.57063 0.928976 -1 0.898097 -0.298437 0.521914 0.366851 0.0618182 0.0146022 -0.865111 0.249136 -1 -0.904513 -1 -0.75736 -0.708524 0.260621 0.645092 -0.486778 -1 -0.0971031 -1 0.0144355 -0.357836 0.490635 -0.0283214 -1 0.900234 -0.458526 0.638833 -0.62255 -0.790657 -0.885752 -0.206156 -0.430283 -0.120327 0.996476 -0.438414 0.0357919 -0.984015 0.165291 0.151796 -1 0.710876 -0.0976093 -1 0.214882 -1 -0.469918 -1 -0.30816 0.781835 -0.14248 -1 -0.701941 -0.0384873 0.0922909 0.704345 -0.720839 -1 -0.138769 -1 -0.979289 -0.545472 -0.026861 0.261153 0.320839 -0.58058 -0.440751 -1 -1 -0.465229 -0.0187827 -1 -0.531836 -1 -0.580837 0.384697 0.347487 -0.100503 0.618418 0.284041 -0.151791 -0.599681 -1 -0.969651 -0.26363 0.883843 0.540383 0.529669 -0.137951 -1 -0.263369 -0.193088 -1 -1 -1 -0.809563 -0.308587 -0.498967 0.739576 -1 0.854496 0.631825 -0.14203 0.248608 -0.688404 0.209902 -0.225196 -1 -0.0764118 -0.455633 1 -0.6398 -0.305344 -1 -1 -0.178948 0.833689 -0.526582 -1 -1 -0.907422 -0.892906 -0.962235 -0.71551 -1 -0.0154855 0.422917 1 -0.836121 -0.150065 0.495806 0.301205 0.232648 -0.890779 -0.283161 -0.550207 
-1 1 -0.669964 0.632944 -0.0186431 -0.313375 0.40039 -0.651756 0.422534 -1 -1 -1 -0.904513 -1 -0.508962 -0.799679 0.557402 -1 -1 -1 -0.229603 -0.607032 0.0144355 -0.440011 -0.243454 -0.498032 -1 -1 -1 0.638833 -0.754828 -0.400904 -0.885752 -0.431676 -0.829891 0.0639484 1 -0.308089 -0.476621 -1 -1 -0.253602 -1 -0.0179143 -0.970117 -1 0.366443 -1 -0.469918 -1 -0.900292 0.0206454 -1 -1 -1 -0.529771 0.275285 0.807619 -1 -0.881253 -0.681963 -0.781814 -1 -1 -0.062408 -0.284131 -1 -1 -0.741564 -1 -1 -0.534078 -1 -1 -1 -1 -1 0.197403 -0.525604 -1 -0.103999 -0.20537 -0.0238942 -0.629753 -1 -1 -0.419299 0.543597 0.0621234 0.426625 -1 -0.922599 -0.263369 -0.983949 -1 -1 -1 -0.99013 -1 -0.450518 0.862472 -1 -0.00369395 0.570825 -0.101061 0.238364 -0.702193 -0.239586 -0.672222 -0.988519 -0.992189 -0.52507 0.699764 -1 -0.305344 -1 -1 0.416777 0.794825 -0.368771 -0.907068 -1 -1 -0.892906 -0.821483 -0.744183 -1 0.0492466 0.551818 0.256823 -0.959728 -0.389448 0.553083 -1 0.232648 -1 -0.283161 -1 
-0.398569 0.730534 -1 0.840887 -0.298437 -0.107915 0.357139 0.158335 -0.495482 -1 0.112581 -1 -1 -1 -1 -0.708524 0.022682 0.655225 -0.897965 -0.580873 -1 -0.833091 -0.230855 -0.32527 -0.801066 0.0821776 -1 -0.293566 -0.232611 0.638833 -0.87347 -0.0507682 -0.540074 -0.196892 -0.430283 -0.297741 0.0361181 -0.509203 -0.130494 -1 -0.0414436 -0.171583 -1 0.289384 -0.222678 -0.443925 -0.0811418 -1 -0.712401 -1 0.628244 0.773469 -1 -1 -1 -0.37285 -0.12042 0.00557753 -0.460282 -0.861112 -0.138769 -1 -0.884103 -0.540168 -0.945434 0.00817797 -0.2347 -0.821867 -0.855577 -1 -1 -0.786604 0.488864 -1 -0.81395 -1 -0.843695 0.11809 -0.0729232 0.702962 0.527739 0.197034 -0.00388174 -1 -0.81376 -0.820129 -0.162079 0.131286 0.642283 0.385227 0.122295 -1 -0.77897 -0.80418 -0.870193 -1 -1 -1 -0.122817 -1 0.562458 -1 0.641157 0.0214144 -0.283448 0.185696 -0.715364 0.0298939 -0.491573 -0.67143 0.051942 0.604462 0.1746 -0.896972 -0.132161 -0.978169 -1 0.401868 0.833689 -0.526582 -1 -1 -1 -1 -0.962235 -1 -0.848137 -0.0363421 0.705218 1 -1 -0.00376821 0.495806 0.301205 0.746272 -1 -0.107881 -1 
-0.763609 -1 -0.0511145 0.561616 -1 -0.895889 -1 -0.793932 -1 -0.196839 -0.942185 0.220902 -1 -0.50605 -0.349502 -1 -0.928447 -1 -0.915921 0.577315 -1 -1 0.89948 -0.653697 -0.881627 -0.791698 -1 -1 -1 -0.0306114 -1 -0.332013 -1 -1 -0.732047 -0.796129 -0.568024 -0.216438 -1 -0.637149 -0.995265 -1 -0.81768 0.0339485 -1 -0.552008 -1 -1 -1 -0.792174 -1 -1 -1 -1 -0.493427 -0.340355 0.161933 -1 0.130438 -0.12583 -0.995625 -0.474854 -0.632157 -1 -1 -0.221404 -1 -0.999765 -0.252061 -1 -1 -0.723124 -1 -1 -1 -0.780415 -0.734288 -0.883433 0.194274 -0.425242 -0.487931 -1 -1 -1 -0.0627788 -0.853081 -1 -0.565204 -0.469937 -0.131086 -0.473639 -0.988945 -0.447307 -1 -1 -0.624856 -0.997979 -1 -1 -0.799539 -0.582147 -0.838112 -0.677453 -0.979204 -0.624795 -1 0.880187 -0.75982 -0.863469 -1 -0.291633 -0.848305 -0.888558 0.731034 -0.548075 -0.625608 -1 -1 -1 -1 0.167633 0.424489 -1 0.102289 -1 -0.829986 -1 -0.0380023 -0.913092 -1 0.819317 -0.763037 -0.756713 -0.646558 0.0799884 -1 -1 -0.791717 
-0.763609 -1 -0.0511145 0.872572 -1 -1 -1 -1 -1 -1 -0.942185 -0.80855 -1 -0.50605 -0.293995 -1 -1 -0.736467 -0.915921 0.577315 -1 -1 0.89948 -0.653697 -0.881627 -0.943191 -1 -1 -1 -0.0306114 -0.999876 -0.332013 -1 -1 -1 -0.854447 -1 -0.221007 -1 -0.998591 -0.95748 -1 -0.81768 0.0339485 -0.898617 -0.790535 -0.815657 -1 -1 -0.808573 -1 -0.862991 -1 -1 -0.197969 -0.545909 -0.878994 -1 0.222957 -0.00808792 -1 -0.115997 -1 -1 -0.650023 -0.221404 -1 -1 -1 -1 -1 -0.723124 -1 -1 -1 -1 -0.734288 -0.707904 0.0637095 -0.425242 -0.677095 -1 -1 -1 -0.0627788 -0.664149 -1 -0.824673 -0.469937 -0.217502 -0.527348 -0.988945 -0.144736 -1 -1 -0.624856 -1 -1 -1 -0.554512 -0.582147 -0.838112 -0.791392 -1 -1 -1 0.718745 -0.75982 -0.863469 -0.944101 -1 -0.777628 -0.980037 0.731034 -1 -0.625608 -1 -1 -1 -0.891996 -0.61052 0.424489 -1 -0.904955 -1 -1 -0.806166 -0.0380023 -1 -1 1 -0.636487 -0.756713 -0.646558 0.0423108 -1 -1 -1 
-0.57063 0.928976 -0.916277 0.898097 -0.298437 0.0243256 0.430158 0.0618182 0.0146022 -0.865111 -0.862342 -1 -0.904513 -1 -0.75736 -1 0.260621 0.622778 -1 -1 -0.0971031 -0.786675 0.318666 -0.201678 0.490635 -0.0283214 -1 -0.291275 -0.458526 0.638833 -0.62255 -0.790657 -0.885752 -0.0510718 -0.430283 -1 0.996476 -0.687328 -0.118956 -1 0.165291 0.151796 -1 0.710876 -0.0976093 -1 -0.983816 -1 -0.768927 -1 -1 0.66246 -0.134383 -1 -0.701941 -0.691605 0.275285 0.318296 -0.720839 -1 -0.138769 -1 -0.638137 -0.545472 -0.424834 0.261153 0.320839 -0.58058 -0.440751 -0.696326 -1 -0.465229 -0.0187827 -1 -0.531836 -1 -0.580837 0.384697 0.65307 -0.100503 0.108886 0.284041 -0.151791 -0.357231 -1 -1 -0.26363 0.883843 0.00482488 0.656717 -0.137951 -1 -0.263369 -0.697221 -1 -1 -1 -1 -0.308587 -0.498967 0.552914 -1 0.93917 0.631825 0.0310941 0.248608 -1 0.209902 -0.225196 -1 -0.0108765 -0.455633 0.30323 -1 -0.305344 -0.98082 -1 -0.417191 0.833689 -0.526582 -1 -1 -0.907422 -1 -0.962235 -0.412207 -1 -0.0154855 0.422917 1 -0.836121 -0.00376821 0.495806 0.301205 0.211047 -0.890779 -0.283161 -1 
-0.57063 0.883739 -0.955148 0.850393 -0.298437 0.521914 0.366851 0.0618182 0.0146022 -0.865111 0.249136 -1 -0.904513 -1 -0.88918 -0.708524 0.260621 0.622778 -0.433885 -1 -0.0971031 -1 0.0144355 -0.357836 0.490635 -0.0477127 -1 0.900234 -0.458526 0.638833 -0.62255 -0.790657 -0.885752 -0.253766 -0.430283 0.077301 0.996476 -0.438414 0.0357919 -1 -0.0266633 0.151796 -1 0.710876 -0.0976093 -1 0.214882 -1 -0.469918 -1 -0.30816 0.818146 -0.14248 -1 -0.701941 -0.0384873 0.275285 0.704345 -0.720839 -1 -0.228855 -1 -1 -0.545472 0.0218387 0.261153 0.320839 -0.58058 -0.440751 -1 -1 -0.465229 -0.0187827 -1 -0.531836 -1 -0.580837 0.384697 0.347487 -0.100503 0.618418 0.284041 -0.151791 -0.599681 -1 -0.969651 -0.26363 0.883843 0.540383 0.656717 -0.137951 -1 -0.38817 -0.185273 -1 -1 -1 -0.803284 -0.308587 -0.498967 0.739576 -1 0.854496 0.631825 0.0310941 0.248608 -0.922011 0.209902 -0.225196 -1 -0.0108765 -0.455633 1 -0.6398 -0.305344 -0.98082 -1 0.0238342 0.833689 -0.526582 -1 -1 -0.907422 -0.892906 -0.962235 -0.71551 -1 -0.0154855 0.228966 1 -0.836121 -0.00376821 0.495806 0.301205 0.232648 -0.890779 -0.283161 -0.550207 
-0.763609 -1 -0.0511145 0.637199 -1 -0.895889 -1 -0.793932 -1 0.112737 -0.942185 0.0929436 -1 -0.239707 -0.196264 -1 -0.928447 -1 -0.915921 0.470848 -1 -1 1 -0.788807 -0.873099 -0.791698 -1 -1 -0.797558 -0.0795845 -1 -0.347662 -1 -0.642904 -0.732047 -0.796129 -0.566671 -0.37825 -1 -0.637149 -0.995265 -1 -0.825798 0.372484 -1 -0.552008 -1 -0.944716 -1 -0.792174 -1 -0.942132 -1 -1 -0.493427 -1 -0.271572 -1 0.130438 -0.12583 -0.995625 -0.474854 -0.632157 -1 -1 -0.197273 -1 -0.999765 -0.252061 -1 -0.952061 -0.723124 -1 -1 -1 -0.780415 -0.871409 -1 0.194274 -0.425242 -0.616199 -1 -1 -1 -0.299845 -0.853081 -0.914863 -0.729713 -0.469937 0.172769 -0.473639 -0.988945 -0.447307 -1 -1 -1 -0.997979 -1 -1 -0.799539 -0.645505 -0.838112 -1 -0.979204 -0.624795 -1 0.907613 -0.453438 -1 -1 -0.291633 -1 -0.949437 0.673055 -0.548075 -0.625608 -1 -1 -1 -1 0.167633 0.424489 -1 0.246322 -1 -0.829986 -1 -0.0803613 -1 -1 0.779198 -0.763037 -0.712777 -0.646558 0.167111 -1 -1 -0.791717 
-0.763609 -1 -0.0511145 0.637199 -1 -0.895889 -1 -0.793932 -1 0.112737 -0.942185 0.0929436 -1 -0.287676 -0.196264 -1 -0.928447 -1 -0.866801 0.470848 -1 -1 1 -0.788807 -0.873099 -0.791698 -1 -1 -0.797558 -0.0795845 -1 -0.332013 -1 -0.642904 -0.732047 -0.796129 -0.566671 -0.37825 -1 -0.637149 -0.995265 -1 -0.825798 0.372484 -1 -0.552008 -1 -0.944716 -1 -0.792174 -1 -0.942132 -1 -1 -0.493427 -1 -0.271572 -1 0.130438 -0.12583 -0.995625 -0.474854 -0.632157 -1 -1 -0.197273 -1 -0.999765 -0.252061 -1 -0.952061 -0.723124 -1 -1 -1 -0.780415 -0.790691 -1 0.194274 -0.425242 -0.616199 -1 -1 -1 -0.299845 -0.853081 -0.914863 -0.729713 -0.469937 0.172769 -0.473639 -0.988945 -0.447307 -1 -1 -1 -0.997979 -1 -1 -0.799539 -0.645505 -0.838112 -1 -0.979204 -0.624795 -1 0.907613 -0.453438 -1 -1 -0.291633 -1 -0.949437 0.673055 -0.548075 -0.625608 -1 -1 -1 -1 0.167633 0.424489 -1 0.246322 -1 -0.829986 -1 -0.0803613 -0.913092 -1 0.779198 -0.763037 -0.712777 -0.646558 0.167111 -1 -1 -0.791717 
-1 1 -1 0.898097 -0.184473 -0.429775 0.366851 0.0618182 9.14335e-05 -0.848752 -0.346395 -1 -0.904513 -1 -0.873579 -0.990197 0.557402 0.525676 -0.927249 -0.998041 -0.0971031 -0.837925 0.0144355 -0.471046 0.128098 -0.0283214 -1 0.204911 -0.530994 0.638833 -0.62255 -0.400904 -0.885752 -0.36019 -0.5635 0.077301 1 -0.438414 -0.118444 -1 -1 -0.0449191 -1 0.710876 -0.970117 -1 0.148185 -1 -0.469918 -1 -0.30816 0.781835 -0.489905 -1 -1 -0.0384873 0.275285 0.807619 -0.995381 -1 -1 -1 -1 -1 -0.062408 0.0145283 -1 -0.58058 -0.791231 -1 -0.717772 -0.465229 -1 -1 -0.379385 -1 -0.580837 0.384697 0.347487 -1 -0.103999 -0.20537 -0.377332 -1 -1 -0.969651 -0.307754 0.543597 0.425389 0.426625 -0.528477 -1 -0.263369 -0.722644 -1 -1 -0.978486 -1 -0.255852 -0.498967 0.862472 -1 -0.132721 0.570825 0.0310941 0.270329 -0.688404 -0.587703 -0.672222 -0.897602 -0.0108765 -0.435132 1 -0.6398 -0.305344 -0.98082 -1 0.416777 0.794825 -0.326084 -1 -1 -1 -0.892906 -1 -1 -1 -0.0154855 0.422917 0.529627 -0.836121 -0.18672 0.208453 0.382081 0.232648 -1 -0.283161 -1 
-0.763609 -1 -0.0511145 0.637199 -1 -0.895889 -1 -0.793932 -1 0.112737 -0.942185 0.0929436 -1 -0.239707 -0.196264 -1 -0.928447 -1 -0.915921 0.470848 -1 -1 1 -0.788807 -0.873099 -0.791698 -1 -1 -0.797558 -0.0795845 -1 -0.332013 -1 -0.642904 -0.732047 -0.796129 -0.566671 -0.37825 -1 -0.637149 -0.995265 -1 -0.825798 0.372484 -1 -0.552008 -1 -0.944716 -1 -0.792174 -1 -0.942132 -1 -1 -0.493427 -1 -0.271572 -1 0.130438 -0.12583 -0.995625 -0.474854 -0.632157 -1 -1 -0.162348 -1 -0.999765 -0.252061 -1 -0.952061 -0.723124 -1 -1 -1 -0.780415 -0.790691 -1 0.194274 -0.425242 -0.616199 -1 -1 -1 -0.299845 -0.853081 -1 -0.729713 -0.469937 0.172769 -0.473639 -0.988945 -0.447307 -1 -1 -1 -0.997979 -1 -1 -0.799539 -0.645505 -0.838112 -1 -0.979204 -0.624795 -1 0.907613 -0.453438 -0.967917 -1 -0.350766 -1 -0.949437 0.673055 -0.548075 -0.625608 -1 -1 -1 -1 0.167633 0.424489 -1 0.246322 -1 -0.829986 -1 -0.0803613 -0.913092 -1 0.779198 -0.763037 -0.712777 -0.646558 0.167111 -1 -1 -0.791717 
-0.57063 0.928976 -1 0.898097 -0.298437 0.521914 0.366851 0.0618182 0.0146022 -0.865111 0.249136 -1 -0.904513 -1 -0.75736 -0.708524 0.260621 0.622778 -0.433885 -1 -0.0971031 -1 0.0144355 -0.357836 0.490635 -0.0283214 -1 0.900234 -0.458526 0.638833 -0.62255 -0.790657 -0.885752 -0.0510718 -0.430283 0.077301 0.996476 -0.438414 0.0357919 -1 0.165291 0.151796 -1 0.710876 -0.0976093 -1 0.214882 -1 -0.469918 -1 -0.30816 0.781835 -0.14248 -1 -0.701941 -0.0384873 0.275285 0.704345 -0.720839 -1 -0.138769 -1 -1 -0.545472 -0.026861 0.261153 0.320839 -0.58058 -0.440751 -1 -1 -0.465229 -0.0187827 -1 -0.531836 -1 -0.580837 0.384697 0.347487 -0.100503 0.618418 0.284041 -0.151791 -0.599681 -1 -0.969651 -0.26363 0.883843 0.540383 0.656717 -0.137951 -1 -0.263369 -0.185273 -1 -1 -1 -0.809563 -0.308587 -0.498967 0.739576 -1 0.854496 0.631825 0.0310941 0.248608 -0.688404 0.209902 -0.225196 -1 -0.0108765 -0.455633 1 -0.6398 -0.305344 -0.98082 -1 0.0238342 0.833689 -0.526582 -1 -1 -0.907422 -0.892906 -0.962235 -0.71551 -1 -0.0154855 0.422917 1 -0.836121 -0.00376821 0.495806 0.301205 0.232648 -0.890779 -0.283161 -0.550207 
-1 1 -1 0.898097 -0.184473 -0.429775 0.0953369 0.0618182 0.0146022 -1 -0.193362 -1 -1 -1 -0.873579 -1 0.557402 0.525676 -0.927249 -1 -0.0971031 -0.487579 0.0144355 -0.530203 -0.715233 -0.0283214 -0.677691 0.204911 -0.472807 0.774441 -0.62255 -0.472447 -1 -0.30207 -0.834404 0.214443 1 -0.246045 -0.284576 -1 -1 -1 -1 -0.304704 -0.755428 -0.754014 0.148185 -1 -0.755759 -1 -1 0.781835 -0.416477 -1 -1 -0.134858 0.275285 0.807619 -1 -1 -0.6464 -0.938023 -1 -1 -0.062408 -1 -1 -0.252217 -0.791231 -1 -0.396079 -0.161602 -1 -1 -0.00869303 -0.954216 -0.580837 0.384697 -1 -0.643324 -0.103999 -0.361029 -1 -1 -1 -0.969651 -0.307754 0.77584 -0.319949 0.749755 -0.651152 -1 -1 -0.868026 -0.80926 -0.91539 -1 -1 -0.420276 -1 0.321182 -0.972043 -0.831111 0.570825 0.0310941 0.270329 -0.688404 -1 -0.358747 -0.897602 0.355394 -0.684321 1 -0.643699 -0.305344 -0.98082 -1 0.416777 0.41435 -0.517511 -1 -0.950739 -1 -0.532227 -1 -1 -1 -0.0154855 0.422917 0.529627 -1 -0.380208 0.208453 0.526046 0.232648 -1 0.071553 -0.731777 
-1 1 -1 0.898097 -0.184473 -0.429775 0.366851 0.0618182 0.0146022 -0.931781 -0.356342 -1 -0.904513 -1 -0.873579 -0.990197 0.557402 0.525676 -0.927249 -0.998041 -0.0971031 -0.837925 0.0144355 -0.440011 0.128098 -0.0283214 -1 0.171709 -0.530994 0.638833 -0.62255 -0.400904 -0.885752 -0.36019 -0.430283 0.077301 1 -0.438414 -0.118444 -1 -1 -0.0449191 -1 0.710876 -0.970117 -1 0.148185 -1 -0.469918 -1 -0.30816 0.781835 -0.489905 -1 -1 -0.0384873 0.275285 0.807619 -0.995381 -1 -1 -1 -1 -1 -0.062408 0.0145283 -1 -0.58058 -0.934615 -1 -0.717772 -0.465229 -1 -1 -0.379385 -1 -0.706538 0.384697 0.347487 -1 -0.103999 -0.20537 -0.377332 -1 -1 -0.969651 -0.307754 0.543597 0.425389 0.426625 -0.528477 -1 -0.263369 -0.722644 -1 -1 -1 -1 -0.255852 -0.498967 0.862472 -1 -0.256193 0.570825 0.053499 0.270329 -0.688404 -0.572902 -0.672222 -0.897602 -0.0108765 -0.435132 1 -0.6398 -0.305344 -0.98082 -1 0.416777 0.794825 -0.326084 -1 -1 -1 -0.892906 -1 -1 -1 -0.0154855 0.422917 0.529627 -0.836121 -0.18672 0.208453 0.382081 0.232648 -1 -0.283161 -1 
-0.57063 1 -1 0.811813 -0.183807 0.521914 0.366851 -0.0256513 0.0146022 -0.865111 0.249136 -1 -0.904513 -1 -0.75736 -0.708524 0.420303 0.560463 -1 -1 -0.0971031 -1 0.0144355 -0.357836 0.490635 -0.0283214 -1 0.900234 -0.0795184 0.638833 -0.62255 -0.790657 -1 -0.903341 -0.430283 0.0710683 0.996476 -0.438414 0.0106394 -1 0.165291 -0.635533 -1 0.710876 -0.0314464 -0.953882 0.214882 -1 -0.469918 -1 -0.30816 0.592408 -0.14248 -1 -0.711706 -0.0384873 -0.0556965 0.704345 -0.75613 -0.615363 -0.323044 -1 -1 -0.545472 -0.114012 0.261153 0.320839 -0.823995 -0.245096 -1 -1 -0.465229 -0.0187827 -1 -0.648359 -1 -0.580837 0.621578 0.347487 -0.100503 -0.0486714 -0.567478 -0.151791 -0.599681 -0.928451 -1 -0.947024 1 0.540383 0.747474 -0.137951 -1 -0.263369 -0.185273 -1 -1 -1 -1 -0.308587 -0.532741 -0.125972 -1 0.766874 -0.0844982 0.0310941 -0.0420125 -0.688404 0.10086 -0.225196 -1 -0.20817 -0.455633 1 -0.6398 -0.305344 -1 -1 0.0534741 0.833689 -0.567096 -1 -1 -0.907422 -0.892906 -1 -1 -1 -0.0154855 0.422917 1 -1 -0.00376821 0.51201 0.301205 0.232648 -0.890779 -0.283161 -0.628552 
-0.763609 -1 -0.0511145 0.561616 -1 -0.982906 -1 -0.793932 -1 -0.196839 -0.942185 0.220902 -1 -0.50605 -0.349502 -1 -0.928447 -1 -0.915921 0.503374 -1 -1 0.832767 -0.653697 -0.996205 -0.791698 -1 -1 -1 -0.0306114 -1 -0.332013 -1 -1 -0.732047 -0.796129 -0.597786 -0.216438 -1 -0.637149 -0.995265 -1 -0.775832 0.0339485 -1 -0.552008 -1 -1 -1 -0.792174 -1 -1 -1 -1 -0.493427 -0.340355 0.161933 -1 0.130438 -0.12583 -0.995625 -0.474854 -0.632157 -1 -1 -0.221404 -1 -0.999765 -0.252061 -1 -1 -0.723124 -1 -1 -1 -0.913068 -0.734288 -0.883433 0.194274 -0.425242 -0.487931 -1 -1 -1 -0.0627788 -0.853081 -1 -0.565204 -0.469937 -0.131086 -0.473639 -0.988945 -0.485485 -1 -1 -0.624856 -0.997979 -1 -1 -0.799539 -0.582147 -0.838112 -0.677453 -0.967992 -0.624795 -1 0.907613 -0.75982 -0.863469 -0.995495 -0.515267 -0.848305 -0.908061 0.731034 -0.579567 -0.625608 -1 -1 -1 -1 0.0657484 0.424489 -1 -0.0772576 -1 -1 -1 -0.0380023 -0.913092 -1 0.819317 -0.932067 -0.756713 -0.767049 0.0799884 -1 -1 -1 
-0.57063 -0.169448 -1 -0.476911 0.0373321 -0.529616 0.366851 -0.101658 -0.592385 -0.888144 -0.0142918 -0.742607 -0.97619 -1 -1 -0.708524 0.216975 0.0862258 -0.433885 -0.785629 -0.0563275 -0.868896 0.0144355 -0.941841 0.490635 0.353328 -1 0.900234 -0.919886 0.3304 -0.62255 -0.354558 -0.485949 -1 -0.719553 0.114675 0.559678 -1 -0.120691 -0.971463 -0.0324355 0.151796 -1 0.649151 -0.0976093 -0.117793 0.334413 -1 -0.702594 -1 0.116441 0.781835 -0.212926 -1 -1 -1 0.0805914 -0.386496 -0.720839 -1 -0.138769 -1 -1 -1 0.217917 -0.0649713 -0.083435 -0.46453 -0.777949 -0.867363 -1 -0.945842 -0.127136 -0.264908 -0.531836 -1 -0.580837 0.384697 0.732361 0.790307 -0.0563567 0.170025 -0.151791 -1 -1 -1 -1 0.925074 0.581467 0.488353 -0.116252 -0.750747 -0.307386 -1 -0.649555 -1 -1 -1 0.407147 -1 -0.151852 -1 -0.557675 0.309588 -0.319174 -0.594912 -0.688404 -0.956397 -0.623236 -0.67143 0.131313 0.677948 0.758176 -0.6398 -0.3722 -0.515147 -1 -0.800802 0.525127 -1 -1 -1 -0.907422 -1 -0.962235 -1 -1 0.302975 1 1 -1 -0.00376821 0.479877 0.301205 0.943227 -0.890779 -0.762974 -1 
-0.181747 0.730534 -1 0.592112 -0.298437 -0.645117 -0.0505303 -1 -1 -1 0.249136 -1 -0.904513 -1 -1 -0.708524 0.260621 -0.0358679 -0.551844 -1 0.147871 -0.909557 0.0144355 -0.357836 -0.373691 -0.00883234 -1 -0.693298 -0.458526 0.638833 -1 -0.556741 -0.485949 -1 -0.957852 -0.772218 0.996476 -0.868159 -0.574207 -1 0.475014 -0.133066 -1 0.996761 0.122397 -0.248353 -0.433721 -1 -0.712401 -1 0.515168 -0.448377 -0.14248 -0.833203 -1 -1 0.47499 0.472413 -1 -0.974079 -0.138769 -1 -1 -0.937636 -0.371368 -0.217916 0.0189796 -1 -1 -1 -1 -0.311104 0.643948 -0.782327 -0.531836 -1 -0.726506 -0.123147 -0.824087 1 -0.0608498 0.174532 -1 -0.807118 -1 -0.588892 -0.400748 0.0379223 0.752054 0.69959 0.388587 -0.58687 -0.744563 -1 -1 -1 -1 -0.943663 0.214916 -0.498967 0.298179 -1 0.0481271 0.0595156 -0.301856 0.272545 -1 -0.944649 -0.018246 -1 -0.144963 0.677948 0.765157 -0.829363 -0.2997 -0.225174 -1 -0.126152 0.728789 -1 -1 -1 -0.758008 -0.892906 -1 -1 -1 0.0955097 1 -0.362357 -0.914864 -1 0.630463 -0.286166 0.759071 -0.890779 -0.245127 -1 
-1 1 -1 -0.102301 -0.184473 -0.429775 -0.461649 0.0618182 0.0146022 -1 -1 -1 -1 -1 -0.873579 -0.990197 0.557402 0.525676 -0.927249 -1 -0.0971031 -1 0.0144355 0.0402603 0.128098 -0.155132 -0.677691 0.204911 -0.530994 1 -0.62255 -0.472447 -0.885752 0.127146 -1 0.077301 0.996791 -0.287193 -0.284576 -1 -1 -1 -1 -0.304704 -0.755428 -0.754014 -0.126646 -0.700704 -0.469918 -1 -0.30816 0.781835 -0.416477 -1 -1 -0.0384873 0.275285 0.807619 -1 -0.807847 -0.6464 -0.88612 -1 -1 -0.062408 -1 -1 -0.252217 -1 -0.660836 -0.396079 -0.49705 -1 -1 -0.00869303 -0.954216 -0.580837 0.384697 -0.761727 -0.643324 -0.784385 -0.20537 -0.377332 -1 -1 -1 -0.304118 0.77584 -0.319949 0.749755 -0.651152 -1 -1 -0.638866 -1 -0.525825 -1 -1 -0.254729 -0.817616 0.862472 -1 -0.831111 0.294995 0.0310941 0.56849 -1 -1 -0.672222 -0.897602 0.355394 -0.536068 1 -0.643699 -0.305344 -0.98082 -1 0.356354 -0.149434 -0.326084 -1 -1 -1 -0.658681 -1 -0.956211 -1 -0.291127 0.404305 0.529627 -0.836121 -0.380208 0.208453 0.501707 0.232648 -1 0.228888 -1 
-1 1 -1 0.898097 -0.184473 -0.429775 0.366851 0.0618182 0.0146022 -0.848752 -0.356342 -0.96751 -0.904513 -1 -0.873579 -0.990197 0.417422 0.478131 -0.927249 -0.998041 -0.0971031 -0.837925 0.0144355 -0.440011 0.128098 -0.0283214 -1 0.204911 -0.530994 0.638833 -0.62255 -0.400904 -0.885752 -0.36019 -0.430283 0.077301 0.848203 -0.438414 -0.118444 -1 -0.99785 -0.0299016 -1 0.74255 -0.970117 -1 0.148185 -1 -0.469918 -1 -0.30816 0.781835 -0.489905 -1 -1 -0.0384873 0.275285 0.863254 -0.995381 -1 -1 -1 -1 -1 -0.062408 0.0145283 -1 -0.683594 -0.824038 -1 -0.717772 -0.465229 -1 -1 -0.379385 -1 -0.580837 0.384697 0.347487 -1 -0.103999 -0.20537 -0.428533 -0.961083 -1 -0.969651 -0.307754 0.543597 0.279435 0.426625 -0.528477 -1 -0.263369 -0.722644 -1 -1 -1 -1 -0.255852 -0.498967 0.862472 -1 -0.132721 0.570825 0.0310941 0.270329 -0.688404 -0.572902 -0.672222 -0.897602 -0.0108765 -0.435132 0.824256 -0.6398 -0.305344 -0.98082 -1 0.416777 0.794825 -0.326084 -1 -1 -1 -0.892906 -1 -1 -1 -0.0154855 0.422917 0.529627 -0.836121 -0.18672 0.208453 0.382081 0.167691 -1 -0.283161 -1 
-0.983285 -1 -0.673535 -0.530424 -1 -1 -1 -1 -1 0.114268 0.109268 -0.966889 -0.992229 -1 -1 -0.785047 0.530054 -1 -0.931469 0.831667 -1 -1 -0.494452 -1 -1 -0.91531 -0.464983 0.0597597 -1 -1 -1 -1 0.3632 0.440012 -1 -0.766059 0.900554 -0.207653 -1 -0.588131 -0.106127 0.566786 -1 -0.743389 -0.778784 -1 -0.744802 -1 -1 -0.505774 -1 -1 0.621632 -1 -0.873554 -1 -1 -0.634258 -0.203094 -0.919002 -1 -0.979662 -0.856021 -0.971015 -0.279682 -0.821244 -0.288545 -1 -0.0498832 0.239781 -1 -1 -0.957676 -0.530664 0.11428 -0.670707 -0.337846 -1 -0.510437 -0.59668 -1 -0.480372 -1 -0.770096 -1 -1 -0.89976 -1 -1 -1 -1 -1 -0.568181 -1 -1 -1 -0.856651 -1 -0.103941 0.0647474 -0.701977 -0.74464 -0.0824834 -0.738176 -1 -1 -1 -1 -0.826115 -1 -1 -1 -1 -1 -0.992829 -0.632198 -0.755343 1 -1 -0.491102 -1 -1 0.0780456 0.638661 -1 0.157183 -0.540789 0.0311489 0.627381 -0.362889 -1 -0.952961 -1 -0.927042 -0.770773 -0.846404 -0.972931 -1 
-1 0.3594 -1 -0.615723 -0.216212 -1 0.281076 -0.041215 -0.273921 -0.865111 -0.81373 -1 -0.694591 -1 -0.796389 -0.94056 -0.151854 0.622778 -1 -0.736903 -0.465985 -1 0.0888194 -0.174664 0.367296 -0.527526 -1 0.900234 -0.458526 0.851437 -1 -0.560783 -0.741714 0.0794011 -0.430283 -0.722755 -0.294104 -1 -0.383815 -0.603424 0.259669 -0.0631918 -1 0.552592 0.251309 0.170331 -0.101867 -0.723899 -1 -1 0.748522 -0.869877 -0.14248 -1 -1 -1 0.264151 -0.495344 -0.843389 -1 -0.215996 -1 -1 -0.545472 -0.720331 -1 0.420062 -0.428184 -1 -1 -0.730783 -0.475661 0.134047 -0.655053 -0.886379 -1 -1 -0.0619455 0.420455 0.492061 1 0.163161 -0.815159 -0.805359 -0.983048 -0.820129 -0.108183 -0.655871 0.609346 0.589705 -0.999989 -1 0.0587796 -0.80418 -0.711849 -1 -1 -0.68493 0.173892 -1 0.475335 -1 0.489124 0.452927 -0.485464 0.126743 -0.688404 0.0232509 -0.289084 -0.708908 0.167282 0.677948 -0.532123 -0.816209 -0.323159 -0.976998 -1 0.0979756 0.754186 -1 -1 -1 -1 -1 -0.62047 -1 -0.456252 0.00973993 0.845059 0.197104 -0.974387 -0.33326 0.0820549 0.360008 1 -1 0.265336 -1 
-0.57063 1 -1 0.898097 -0.298437 -0.315495 0.366851 -0.0528766 0.066253 -0.865111 0.101251 -1 -1 -0.907148 -0.75736 -0.708524 0.102454 0.58744 -0.433885 -1 -0.757282 -1 -0.162378 -0.357836 0.490635 -0.0283214 -1 0.0309089 -0.857635 0.48141 -0.62255 -0.827121 -0.885752 0.265331 -0.430283 0.077301 0.996476 -0.849442 0.0357919 -1 0.252425 0.151796 -1 0.710876 -0.0976093 -0.65018 -0.945021 -1 -0.528574 -1 -1 0.719972 -0.226598 -1 -0.701941 -0.0384873 0.275285 -0.184428 -1 -1 -0.138769 -1 -1 -0.624577 -0.026861 0.261153 -0.450117 -0.58058 -1 -0.841522 -1 -0.24407 -0.0187827 -1 -0.531836 -1 -0.580837 0.359666 -0.396471 -0.100503 -0.416486 0.286725 -0.948939 -0.238125 -1 -1 -0.616503 0.883843 0.178771 0.656717 0.103228 -1 -0.351977 -0.131517 -1 -1 -1 -1 -0.308587 -0.498967 0.739576 -1 0.812915 0.631825 0.0310941 0.216215 -0.688404 -0.702264 -0.307602 -1 -0.0108765 -0.212906 1 -0.896493 -0.621372 -0.98082 -1 -0.210203 0.833689 -0.526582 -0.913632 -1 -0.977255 -0.892906 -0.981638 -0.335677 -1 0.189367 0.422917 0.825381 -1 -0.00376821 0.495806 0.301205 0.232648 -1 -0.283161 -1 
-1 0.964643 -1 0.898097 -0.184473 -0.429775 0.366851 0.0618182 -0.166126 -0.848752 -0.356342 -1 -0.904513 -1 -0.873579 -1 0.557402 0.525676 -0.927249 -0.998041 -0.0971031 -0.837925 0.0144355 -0.440011 0.128098 -0.0283214 -1 0.204911 -0.530994 0.638833 -0.62255 -0.400904 -0.885752 -0.36019 -0.430283 0.077301 1 -0.438414 -0.118444 -1 -1 -0.113258 -1 0.710876 -0.970117 -1 0.148185 -1 -0.449358 -1 -0.30816 0.781835 -0.489905 -1 -1 -0.0384873 0.275285 0.807619 -0.995381 -1 -1 -1 -1 -1 -0.062408 0.0145283 -0.989306 -0.58058 -0.791231 -1 -0.717772 -0.40829 -1 -1 -0.379385 -1 -0.580837 0.384697 0.347487 -1 -0.103999 -0.20537 -0.466036 -1 -1 -0.942541 -0.307754 0.543597 0.425389 0.426625 -0.528477 -1 -0.263369 -0.722644 -1 -1 -1 -1 -0.255852 -0.498967 0.862472 -1 -0.132721 0.570825 0.0310941 0.270329 -0.688404 -0.572902 -0.672222 -0.897602 -0.0108765 -0.435132 1 -0.6398 -0.305344 -0.98082 -1 0.416777 0.794825 -0.326084 -1 -1 -1 -0.892906 -1 -1 -1 -0.0154855 0.310651 0.529627 -0.836121 -0.18672 0.208453 0.382081 0.232648 -1 -0.441969 -1 
-0.57063 0.730534 -1 0.597793 -0.242969 -0.529616 0.366851 -0.101658 -0.592385 -0.872711 0.000953525 -0.742607 -1 -1 -0.866057 -0.708524 0.260621 0.298599 -0.433885 -0.738571 -0.0971031 -0.868896 0.0144355 -0.357836 0.490635 0.353328 -1 0.900234 -0.742033 0.638833 -0.62255 -0.354558 -0.485949 -0.621633 -0.768933 0.114675 0.612072 -0.555833 -0.130494 -0.981406 -0.0324355 0.151796 -1 0.577864 -0.0976093 -0.117793 0.214882 -1 -0.592966 -1 0.338813 0.781835 -0.14248 -1 -0.621297 -1 0.0805914 -0.507184 -0.720839 -1 -0.138769 -1 -1 -1 0.00577941 -0.208317 -0.083435 -0.46453 -0.440751 -0.964852 -1 -0.945842 -0.127136 -0.286877 -0.531836 -1 -0.580837 0.422879 0.411546 0.790307 -0.0563567 0.170025 -0.151791 -0.805359 -1 -1 -0.26363 0.622107 0.581467 0.488353 0.122295 -0.807062 -0.307386 -0.871421 -0.649555 -1 -1 -1 0.407147 -1 0.538034 -0.940575 -0.28193 0.309588 -0.319174 0.248608 -0.688404 -0.956397 -0.118101 -0.67143 -0.0108765 0.677948 0.793815 -0.61794 -0.132161 -0.225174 -1 0.0238342 0.88011 -0.495156 -0.962151 -1 -0.907422 -1 -0.962235 -1 -0.422027 -0.0154855 1 1 -1 -0.00376821 0.227085 0.301205 0.943227 -0.890779 -0.364764 -0.743176 
-1 0.964643 -1 0.898097 -0.184473 -1 0.366851 -0.206586 -0.166126 -0.848752 -0.356342 -1 -0.904513 -1 -0.873579 -0.990197 0.557402 0.525676 -0.927249 -0.998041 -1 -0.974461 0.0144355 -0.90044 0.128098 -0.0283214 -1 0.204911 -0.530994 0.638833 -0.62255 -0.400904 -0.885752 -0.36019 -0.745465 0.0211739 1 -1 -0.118444 -0.927667 -1 -0.468991 -1 0.710876 -0.970117 -1 0.148185 -1 -1 -1 -0.30816 0.781835 -0.489905 -0.713738 -1 -0.0384873 0.275285 0.807619 -0.995381 -1 -1 -1 -1 -1 -0.062408 -0.91126 -1 -0.311918 -0.791231 -1 -0.717772 -0.40829 -1 -0.961594 -0.379385 -1 -0.580837 0.384697 0.347487 -1 -1 -0.20537 -0.377332 -1 -1 -0.709811 -0.194453 -0.232662 0.425389 0.426625 -0.528477 -1 -0.376351 -0.722644 -1 -1 -0.77141 -1 -0.255852 -0.498967 0.862472 -1 -0.132721 0.570825 -0.503235 0.270329 -0.688404 -0.572902 -0.658843 -0.897602 -0.0108765 -0.435132 1 -0.6398 -0.305344 -0.98082 -1 0.517459 0.151892 -0.326084 -1 -0.744223 -1 -0.892906 -1 -1 -1 -0.00637287 0.422917 0.529627 -0.903828 -0.18672 0.208453 0.382081 0.232648 -1 -0.954681 -1 
-0.706247 0.721083 -1 0.898097 -0.298437 -0.281964 -0.53626 0.0618182 -0.203735 -1 -0.200859 -0.73841 -1 -1 -0.866057 -0.567855 -0.0240564 0.718652 -0.48346 -0.924667 -0.0971031 -1 0.0144355 -0.522995 -0.742937 0.353328 -0.726404 0.31483 -0.626065 0.639465 -1 -1 -0.485949 -0.382824 -0.791974 0.077301 0.979964 -0.492424 -1 -1 0.165291 0.151796 -1 -0.421299 -0.0976093 -1 0.214882 -1 -0.712401 -0.9023 1 -0.425819 -0.574962 -0.940223 -1 -0.719718 -0.0976851 0.219028 -1 -0.974079 -1 -0.810453 -1 -0.620433 -0.026861 -0.895675 0.204951 -0.58058 -0.451127 -0.49511 -0.79924 -1 0.758715 -0.605943 -0.961561 -1 -0.50604 0.454166 0.431932 0.605821 0.439517 -0.497144 -0.470417 -1 -1 -1 -0.26363 0.732987 -0.0685451 0.71974 -0.0735252 -1 -0.189595 -0.42475 -0.649555 -0.926505 -1 -0.921252 -0.165021 -1 -0.161392 -1 -0.484977 0.595797 0.0310941 -0.315978 -0.872369 -0.00685523 -0.100778 -1 0.17859 0.677948 -0.163068 -0.6398 -0.0460199 0.0712388 -1 0.0238342 0.594422 -0.270168 -1 -1 -1 -0.982789 -1 -1 -0.386987 -0.0815089 0.974266 1 -1 -1 0.495806 0.593686 0.527646 -0.890779 0.654888 -1 
-0.601953 0.928976 -1 0.885925 -0.590515 0.521914 0.366851 0.0618182 -0.248059 -0.941202 0.293493 -1 -0.904513 -1 -0.75736 -0.87753 0.0774392 -0.671964 -0.433885 -1 -0.176824 -1 0.0144355 -0.357836 0.123224 0.0212263 -0.948573 0.194245 -0.571925 0.478383 -0.758733 -0.790657 -0.885752 -0.155167 -0.430283 0.274467 0.996476 -0.438414 -0.228712 -0.949444 0.165291 0.151796 -1 0.710876 -0.0976093 -1 0.566364 -1 -1 -1 -0.30816 0.301091 -0.350743 -1 -0.701941 -0.495428 0.336442 0.704345 -0.720839 -1 -0.138769 -1 -1 -0.545472 -0.026861 0.0656663 -0.470806 -1 -0.268498 -1 -1 -0.465229 -0.0187827 -1 -0.531836 -1 -0.580837 0.350693 0.0546111 -0.100503 0.618418 0.284041 -0.356812 -0.735809 -1 -0.969651 -0.26363 0.739643 0.540383 0.541268 -0.137951 -1 -1 0.190673 -1 -1 -1 -0.809563 -0.591008 -0.92763 0.329052 -1 0.854496 -0.296154 -0.629839 0.348551 -0.697707 -0.00282288 -0.280852 -1 -0.0108765 -0.389152 1 -0.6398 -0.347604 -0.98082 -1 0.0238342 0.833689 -0.526582 -1 -1 -0.907422 -0.884341 -1 -0.833299 -1 0.215997 0.422917 1 -0.919921 -0.00376821 0.602983 0.301205 0.232648 -1 -0.283161 -0.550207 
-1 1 -0.711191 0.898097 -0.184473 -0.464724 0.366851 0.0618182 0.0146022 -0.908116 -0.356342 -1 -0.904513 -1 -0.873579 -0.990197 0.343542 0.534102 -0.927249 -0.998041 -0.0971031 -0.837925 0.0144355 -0.0832685 0.128098 -0.848293 -1 0.529521 -0.530994 0.638833 -0.62255 -0.400904 -0.885752 -0.36019 -0.402038 -0.0600536 1 -0.438414 -0.118444 -1 -1 -0.0449191 -0.936532 0.710876 -0.977026 -1 0.148185 -1 -0.469918 -1 -0.30816 0.781835 -0.489905 -0.820633 -1 0.0791759 0.275285 0.807619 -1 -1 -1 -1 -1 -1 -0.673354 0.0145283 -1 -0.58058 -0.791231 -1 -0.717772 -0.465229 -1 -1 -0.379385 -0.950574 -0.580837 0.384697 0.347487 -1 -0.103999 0.0897513 -0.377332 -1 -1 -0.969651 -0.307754 0.421996 0.425389 0.426625 -0.623019 -1 -0.263369 -0.722644 -1 -1 -1 -1 -0.255852 -0.498967 0.862472 -1 -0.132721 0.570825 0.0310941 0.570996 -0.688404 -0.572902 -0.672222 -1 -0.0108765 -0.547083 1 -0.6398 0.0484925 -0.96573 -1 0.416777 0.794825 -0.326084 -1 -0.991421 -1 -0.892906 -1 -1 -1 -0.0154855 0.422917 0.466815 -0.836121 -0.567931 0.208453 -0.072594 0.232648 -1 -0.283161 -1 
-1 1 -1 0.898097 -0.184473 -0.429775 0.366851 0.0519907 0.0146022 -0.848752 -0.356342 -1 -1 -1 -1 -1 0.425792 -0.580773 -0.927249 -0.998041 -0.275184 -1 0.0144355 -0.484699 -0.0741955 0.0521532 -1 0.167385 -0.530994 0.638833 -0.72647 -0.400904 -0.885752 -0.555609 -0.737925 -0.10052 0.942242 -0.512791 -0.118444 -1 -0.936024 0.312533 -1 0.710876 -1 -1 0.148185 -1 -0.469918 -1 -0.450424 0.781835 -0.489905 -1 -1 -0.0384873 0.275285 0.807619 -0.927616 -1 -1 -1 -1 -1 -0.062408 0.0145283 -1 -0.58058 -0.762917 -1 -0.816293 -0.541907 -1 -1 -0.83445 -1 -0.580837 0.384697 0.151406 -1 -0.103999 -0.86684 -0.90326 -1 -1 -0.969651 -0.315257 0.522138 0.425389 -0.188973 -0.528477 -1 -0.263369 -0.722644 -1 -1 -1 -1 -0.223345 -0.498967 0.834044 -0.659867 -0.132721 -0.223786 0.0310941 0.081067 -0.688404 -0.572902 -0.331713 -1 -0.0108765 -0.695954 1 -0.678799 -0.305344 -0.98082 -1 0.17116 0.64149 -0.326084 -1 -1 -1 -0.892906 -1 -1 -1 -0.0154855 0.422917 0.344566 -0.970505 -0.352679 0.208453 0.382081 0.228835 -1 -0.283161 -1 
-0.462707 1 -1 0.560459 -0.126038 0.749127 0.0976534 -0.292607 0.0146022 -0.776509 -0.102911 -1 -1 -1 -0.866057 -0.752307 -0.0697955 0.599587 -1 -0.738571 -0.0945865 -0.841608 -0.329999 -0.376681 -1 0.353328 -0.994516 -0.292068 -1 0.638833 -1 -0.0405043 -1 -1 -0.517388 -0.241732 0.889926 -0.438414 -0.0684289 -1 -0.554974 0.0804437 -1 0.710876 -0.258361 -1 0.254161 -1 -1 -0.943111 0.494352 -0.146317 -0.431015 -1 -1 -0.171441 0.409645 -0.796706 -1 -1 -0.311506 -0.810453 -1 -0.326828 -0.026861 -1 -0.822057 -0.517632 -0.440751 -0.810649 -1 -0.548808 0.417506 -0.669059 -0.734607 -1 -1 -0.140828 -1 -0.00719142 0.257381 0.263066 -0.914214 -1 -0.677323 -1 -0.356375 0.271454 -1 0.824683 0.168779 -1 -0.76207 -1 -0.407043 -1 -0.885336 -1 -0.0405298 -0.498967 0.598294 -1 -1 0.631825 -0.0750989 -0.197352 -0.908477 0.0791843 0.125886 -1 -0.0108765 -1 0.789222 -0.692979 -0.132161 -0.600271 -1 0.0238342 0.780432 -1 -1 -1 -1 -0.823393 -1 -0.896108 -0.486304 -0.115357 0.844457 1 -0.990053 -0.584642 0.193352 0.141381 0.926716 -0.890779 -1 -1 
-0.57063 0.574368 -1 0.597793 -0.46376 -0.529616 0.366851 -0.0548584 -0.592385 -0.872711 0.0556389 -0.742607 -0.880367 -1 -0.866057 -0.708524 0.260621 0.622778 -0.433885 -0.940567 -0.0971031 -0.868896 0.0637478 -0.357836 0.490635 0.353328 -1 0.900234 -0.742033 0.527752 -0.62255 -0.354558 -0.485949 -0.519114 -0.598293 0.077301 0.612072 -0.438414 -0.214465 -0.981406 -0.0931198 -0.0853067 -1 0.83203 -0.26692 -0.073013 0.214882 -0.915806 -0.932646 -1 0.357478 0.614869 -0.489551 -1 -0.621297 -1 0.0805914 -0.507184 -0.814492 -1 -0.138769 -1 -1 -0.922046 -0.0332558 -0.208317 -0.083435 -0.46453 -0.440751 -1 -1 -0.661271 -0.14473 -0.286877 -0.801824 -1 -0.529292 0.262958 0.411546 0.790307 0.139567 0.307782 -0.151791 -0.805359 -1 -1 -0.26363 0.622107 0.581467 0.488353 -0.173282 -0.750747 -0.415984 -0.993557 -0.649555 -1 -1 -1 0.407147 -1 0.604655 -0.990613 -0.313567 0.309588 -0.526739 0.232751 -0.688404 -0.956397 0.0705066 -0.67143 -0.0108765 0.677948 0.758176 -0.6398 -0.459783 -0.225174 -1 0.0238342 0.875304 -0.526582 -1 -1 -0.907422 -0.892906 -1 -1 -0.711829 -0.0154855 1 1 -0.836121 -0.17609 0.227085 0.301205 0.977941 -0.824811 -0.0868822 -0.743176 
-0.57063 0.928976 -1 0.898097 -0.298437 0.521914 0.366851 0.0618182 0.0146022 -0.865111 0.249136 -1 -0.904513 -1 -0.75736 -0.715849 0.260621 0.622778 -0.433885 -1 -0.0971031 -1 0.0144355 -0.357836 0.490635 -0.175263 -1 0.900234 -0.458526 0.638833 -0.62255 -0.790657 -0.885752 -0.0510718 -0.430283 0.077301 0.996476 -0.438414 0.0357919 -1 0.165291 0.151796 -1 0.710876 -0.0976093 -1 0.214882 -1 -0.469918 -0.942718 -0.30816 0.781835 -0.14248 -1 -0.701941 -0.0384873 0.275285 0.66563 -0.849743 -1 -0.138769 -1 -1 -0.545472 -0.026861 0.261153 0.320839 -0.58058 -0.440751 -1 -1 -0.465229 -0.0187827 -1 -0.531836 -1 -0.65178 0.384697 0.347487 -0.100503 0.618418 0.284041 -0.151791 -0.599681 -1 -0.969651 -0.26363 0.883843 0.441873 0.656717 -0.137951 -1 -0.263369 -0.184124 -1 -1 -1 -0.809563 -0.428638 -0.600849 0.739576 -1 0.854496 0.631825 0.0310941 0.248608 -0.688404 0.209902 -0.225196 -1 -0.0108765 -0.455633 1 -0.6398 -0.422926 -0.98082 -0.991255 0.0238342 0.833689 -0.602587 -1 -1 -0.907422 -0.892906 -0.962235 -0.71551 -1 -0.0154855 0.422917 1 -0.836121 -0.00376821 0.495806 0.301205 0.232648 -0.890779 -0.283161 -0.550207 
-0.57063 0.730534 -1 0.24515 -0.298437 -1 0.366851 0.265954 -0.592385 -0.872711 0.000953525 -0.686511 -0.78349 -1 -0.866057 -0.402111 0.1412 -0.703316 -0.433885 -0.54983 -0.0971031 -1 0.0144355 -0.357836 0.490635 0.353328 -1 0.860955 -0.742033 0.445995 -0.62255 -0.354558 -0.485949 -0.621633 -0.646573 0.077301 0.556276 -1 -0.130494 -0.981406 -0.0324355 0.308098 -1 0.83203 -0.0976093 -0.117793 -0.463133 -1 -0.592966 -0.815154 0.357478 -0.0922873 -0.065372 -1 -0.962704 -1 0.086952 -0.507184 -0.720839 -1 -0.190232 -1 -0.75932 -0.943497 -0.318711 0.0371215 -0.083435 -0.46453 -1 -1 -1 -0.945842 -0.14473 -0.553046 -0.631741 -1 -0.580837 0.384697 -0.309111 0.58611 0.139567 0.284041 -0.151791 -0.805359 -1 -0.942412 -0.0209368 0.622107 0.581467 0.333336 -1 -0.784568 -0.383623 -0.871421 -0.649555 -1 -1 -1 -0.0896839 -1 -0.202407 -1 -0.465976 -0.478375 -0.29834 0.248608 -1 -0.956397 0.0705066 -1 -1 0.314103 0.758176 -1 -0.132161 -0.225174 -1 -0.258924 0.0680444 -0.495156 -0.989471 -1 -0.9681 -1 -0.962235 -1 -0.422027 -0.0154855 1 1 -0.707224 -0.110376 0.227085 0.301205 1 -1 -0.364764 -0.715431 
-1 1 -1 0.898097 -0.184473 -0.429775 0.0634664 0.0618182 0.0146022 -1 -0.193362 -1 -1 -1 -0.873579 -0.990197 0.557402 0.525676 -0.927249 -1 -0.0971031 -0.837925 0.0144355 -0.339882 0.128098 -0.0283214 -0.677691 0.204911 -0.530994 0.638833 -0.62255 -0.472447 -0.885752 -0.209311 -0.883399 0.077301 1 -0.287193 -0.284576 -1 -1 -1 -1 -0.304704 -0.755428 -0.754014 0.148185 -1 -0.469918 -1 -0.30816 0.781835 -0.416477 -1 -1 -0.0384873 0.275285 0.807619 -0.995381 -1 -0.6464 -0.938023 -1 -1 -0.062408 -1 -1 -0.252217 -0.791231 -1 -0.396079 -0.465229 -1 -1 -0.00869303 -0.954216 -0.580837 0.384697 -0.763264 -0.643324 -0.103999 -0.20537 -0.377332 -1 -1 -0.969651 -0.307754 0.77584 -0.319949 0.749755 -0.651152 -1 -1 -0.868026 -1 -0.91539 -1 -1 -0.255852 -0.817616 0.862472 -1 -0.831111 0.570825 0.0310941 0.270329 -0.688404 -1 -0.672222 -0.897602 0.355394 -0.536068 1 -0.643699 -0.305344 -0.98082 -1 0.416777 0.794825 -0.326084 -1 -1 -1 -0.532227 -1 -1 -1 -0.0154855 0.422917 0.529627 -0.836121 -0.380208 0.208453 0.501707 0.232648 -1 0.071553 -1 
0.065846 0.609119 -1 0.898097 -0.298437 -0.275706 0.167497 -0.450713 -0.737752 -0.757382 0.249136 -1 -0.904513 -1 -0.807203 -0.95906 0.0848171 0.739231 -0.557007 -1 -0.0971031 -1 0.284032 -0.798066 0.743139 -0.573336 -1 0.518891 -0.458526 0.638833 -0.445643 -1 -1 -0.295896 -0.163825 -0.689447 0.975818 -0.644637 -1 -1 0.165291 0.151796 -1 1 -0.0976093 -0.841177 0.446278 -0.92613 -0.555214 -1 -1 1 -0.488256 -0.989486 -1 -0.0384873 0.0993579 0.621202 -0.603741 -1 -0.337053 -1 -1 -0.545472 -0.463726 -1 0.320839 -0.58058 -0.781355 -1 -0.987186 -0.785356 -1 -0.936737 -0.305459 -1 -0.85101 0.384697 0.347487 -0.0152829 0.546362 0.036752 -1 -0.599681 -1 -1 -0.515018 0.117687 -0.650601 0.787588 0.0676616 -1 -0.296162 -0.185273 -1 -1 -1 -1 0.0247279 -0.498967 -0.112567 -0.975851 -0.164806 -0.0579648 -0.014619 -0.4887 -0.911681 -1 -0.225196 -1 -0.0199397 -0.389713 0.508472 -0.733384 -0.494159 -1 -1 -0.202133 0.483262 -0.171173 -1 -1 -0.978086 -0.892906 -1 -0.825262 -1 -0.0154855 -0.536881 1 -1 -0.0818343 0.845727 -0.391993 -0.500588 -1 -0.283161 -1 
-1 1 -1 0.898097 -0.184473 -0.429775 0.113478 0.0618182 0.0146022 -0.797741 -0.282451 -1 -1 -1 -0.873579 -0.990197 0.557402 0.525676 -0.927249 -1 -0.0971031 -0.901958 0.0144355 -0.440011 0.128098 -0.0283214 -0.677691 0.192026 -0.530994 0.638833 -0.678679 -0.472447 -0.945675 -0.409265 -0.883399 0.077301 1 -0.438414 -0.284576 -1 -1 -0.0449191 -1 0.710876 -0.643281 -1 0.148185 -1 -0.469918 -1 -0.30816 0.781835 -0.416477 -1 -1 -0.0384873 0.275285 0.807619 -0.995381 -1 -0.691948 -0.938023 -1 -1 -0.124412 -1 -1 -0.58058 -0.791231 -1 -0.717772 -0.465229 -1 -1 -0.00869303 -0.954216 -0.580837 0.384697 -0.763264 -1 -0.280647 -0.378982 -0.377332 -1 -1 -0.969651 -0.311713 0.543597 0.425389 0.749755 -0.834933 -1 -0.404128 -0.868026 -1 -0.91539 -1 -1 -0.255852 -0.817616 0.862472 -1 -0.132721 0.570825 0.0310941 0.270329 -0.773185 -0.811772 -0.672222 -0.897602 -0.0108765 -0.536068 1 -0.6398 -0.305344 -0.98082 -1 0.416777 0.64726 -0.326084 -1 -1 -1 -0.892906 -1 -1 -1 -0.0154855 0.422917 0.529627 -0.836121 -0.380208 0.208453 0.49427 0.232648 -1 -0.283161 -1 
-1 1 -0.948272 0.898097 -0.184473 -0.429775 0.366851 0.0618182 0.0146022 -0.848752 -0.356342 -1 -0.812073 -1 -0.873579 -1 0.557402 0.322451 -0.927249 -1 -0.0971031 -0.837925 0.0144355 -0.440011 0.128098 -0.013462 -1 0.204911 -0.530994 -0.221346 -0.62255 -0.400904 -0.885752 -0.36019 -0.430283 0.077301 1 -0.438414 -0.118444 -1 -1 -0.0523475 -1 0.710876 -0.970117 -1 0.148185 -1 -0.469918 -1 -0.30816 0.781835 -0.613302 -1 -1 -0.440987 -0.242367 1 -0.995381 -1 -1 -1 -0.9763 -1 -0.062408 -0.525491 -1 -0.58058 -0.791231 -1 -0.717772 -0.465229 -1 -1 -1 -1 -0.580837 0.384697 0.347487 -1 -0.790614 -0.20537 -0.377332 -1 -1 -1 -1 0.543597 0.425389 0.750368 -0.528477 -1 -0.263369 -0.722644 -1 -1 -1 -1 -0.255852 -0.498967 0.862472 -1 -0.132721 0.570825 0.0310941 0.270329 -0.688404 -0.572902 -0.672222 -0.897602 -0.0108765 -0.435132 1 -0.69667 -0.305344 -0.98082 -0.612461 0.416777 0.794825 -0.326084 -1 -1 -1 -0.892906 -1 -1 -1 -0.0154855 -0.504671 0.227027 -1 -0.18672 0.208453 0.560841 0.232648 -1 -1 -1 
-0.601953 0.928976 -1 0.885925 -0.590515 0.521914 0.366851 0.0618182 -0.248059 -1 0.293493 -1 -1 -1 -0.75736 -0.650256 0.471193 -0.671964 -0.433885 -1 0.085882 -1 0.0144355 -0.357836 0.123224 -0.0283214 -0.948573 0.194245 -0.571925 0.478383 -1 -0.790657 -0.885752 -0.0510718 -0.430283 0.274467 0.996476 -0.438414 -0.228712 -1 -0.656356 0.151796 -1 1 -0.0976093 -1 0.566364 -1 -1 -1 -0.273057 0.301091 -0.350743 -1 -0.701941 -0.32315 0.336442 0.704345 -0.720839 -1 -0.138769 -1 -1 -0.545472 -0.026861 0.0656663 -0.470806 -1 -0.268498 -1 -1 -0.465229 -0.0187827 -1 -0.531836 -1 -0.580837 0.350693 0.0546111 -0.100503 0.618418 0.284041 -0.356812 -0.735809 -1 -1 -0.26363 1 0.540383 0.0637181 -0.648013 -1 -0.789383 0.190673 -1 -1 -1 -0.809563 -0.670855 -0.92763 0.329052 -1 0.854496 -0.296154 -0.426708 0.348551 -0.783287 -0.00282288 -0.280852 -1 0.00333744 -0.389152 1 -0.6398 -0.293145 -0.713494 -1 0.0238342 0.756266 -0.526582 -1 -1 -0.907422 -0.892906 -1 -0.71551 -1 0.215997 0.422917 1 -0.836121 -0.46407 0.352616 0.613389 0.232648 -1 -0.136299 -1 
-0.264957 0.730534 -1 0.865113 -0.298437 -0.252582 -0.0505303 0.0931559 -0.734471 -1 0.249136 -1 -0.904513 -1 -0.974584 -0.708524 0.260621 -0.0358679 -0.490122 -1 0.147871 -1 0.0144355 -0.357836 0.698572 -0.225795 -1 0.382201 -0.458526 0.638833 -1 -0.0507682 -0.485949 -1 -0.430283 0.077301 0.996476 -0.868159 -0.574207 -1 0.333474 0.151796 -1 0.996761 0.122397 -0.248353 0.214882 -1 -0.712401 -1 0.324612 -0.351929 -0.14248 -0.833203 -1 -1 0.409645 0.351872 -1 -0.974079 -0.138769 -1 -1 -0.545472 -0.026861 -0.145959 0.320839 -1 -0.666749 -0.954796 -1 -0.465229 0.758715 -0.649372 -0.531836 -1 -0.726506 -0.123147 -0.968158 0.804759 -0.0608498 0.174532 -1 -0.805359 -1 -0.969651 -0.522148 0.0379223 0.540383 0.885118 0.122295 -0.750747 -0.744563 -1 -1 -1 -1 -1 0.173892 -0.498967 0.298179 -1 -0.00322014 0.0595156 -0.301856 0.248608 -1 -0.235138 -0.018246 -0.409944 -0.125941 0.677948 0.89753 -0.6398 -0.132161 -0.225174 -1 -0.126152 0.728789 -1 -1 -1 -0.758008 -0.892906 -0.962235 -1 -1 0.0955097 0.974266 -0.330366 -0.836121 -0.711209 0.630463 -0.100943 0.977941 -0.890779 -0.245127 -1 
-1 0.679534 -1 0.898097 -0.423919 -0.285609 0.366851 -0.298687 -0.0461025 -0.741368 -0.820776 -1 -0.904513 -1 -1 -0.64127 0.557402 0.506606 -0.927249 -0.854193 0.116456 -0.741202 0.0144355 -1 -0.146453 -0.254958 -1 0.204911 -0.552217 0.605667 -1 -0.659791 -0.939687 -0.875048 -0.968577 -0.734342 0.869032 -0.438414 -1 -1 -1 -0.206014 -0.974808 0.710876 -1 -1 0.0916062 -0.907988 -0.693511 -1 -0.30816 0.469106 -0.57993 -1 -1 -0.384509 0.275285 0.850144 -0.93874 -1 -1 -1 -1 -0.60834 0.294559 0.355632 -1 -0.58058 -0.791231 -1 -0.934792 -0.802838 -1 -1 -0.379385 -1 -0.580837 -0.0725228 -0.232816 -1 -0.164044 -0.20537 -0.377332 -1 -1 -0.969651 -0.307754 0.543597 0.417081 0.419174 -0.687775 -1 -0.225527 -0.722644 -1 -1 -1 -1 -0.987608 -1 -0.211272 -1 -0.132721 0.570825 0.0310941 0.270329 -0.392637 -0.572902 -0.672222 -1 -0.0108765 -0.91219 1 -0.71675 -0.305344 -1 -1 0.416777 0.27294 -0.326084 -1 -1 -1 -1 -1 -1 -0.949355 0.0825902 0.422917 -0.431497 -0.821177 -1 0.28316 0.382081 0.232648 -1 -1 -1 
-0.398569 0.730534 -1 0.840887 -1 -0.214019 0.357139 0.158335 -0.495482 -1 -0.300279 -0.897165 -1 -1 -0.898472 -1 0.022682 0.936111 -0.897965 -0.580873 -1 -0.833091 -0.0986781 -0.32527 -0.801066 0.0821776 -1 -0.293566 -0.232611 0.638833 -0.87347 -0.0507682 -0.540074 -0.196892 -0.430283 -0.297741 0.0361181 -0.509203 -0.130494 -1 -0.0414436 -0.171583 -1 0.289384 -0.222678 -0.615496 -0.0811418 -1 -0.712401 -1 0.628244 0.773469 -1 -1 -1 -0.37285 -0.12042 0.00557753 -0.460282 -1 -0.138769 -1 -0.884103 -0.540168 -1 0.00817797 -0.2347 -0.821867 -1 -1 -1 -0.786604 -0.543591 -1 -0.81395 -1 -0.843695 0.11809 -0.0729232 0.702962 0.527739 0.197034 -0.00388174 -1 -0.81376 -0.820129 -0.162079 0.131286 0.642283 0.50366 0.122295 -1 -1 -0.80418 -0.870193 -1 -1 -1 -0.122817 -1 0.562458 -1 0.641157 0.0214144 -0.283448 0.185696 -0.715364 0.0298939 -0.134982 -0.67143 -0.611981 0.604462 0.1746 -0.896972 -0.132161 -0.978169 -1 0.401868 0.833689 -0.526582 -1 -1 -1 -1 -0.962235 -1 -0.848137 -0.0363421 0.705218 1 -1 -0.00376821 0.495806 0.301205 0.746272 -1 0.210288 -1 
-0.264957 0.730534 -1 0.865113 -0.298437 -0.252582 -0.0505303 0.0931559 -0.734471 -1 0.249136 -1 -0.904513 -1 -0.974584 -0.708524 0.260621 -0.0358679 -0.490122 -1 0.147871 -1 -0.488729 -0.357836 0.698572 -0.225795 -1 0.381236 -0.458526 0.638833 -1 -0.0507682 -0.485949 -1 -0.430283 0.077301 0.262936 -0.868159 -0.574207 -1 0.333474 -0.881248 -1 0.996761 0.122397 -1 0.214882 -0.875989 -0.712401 -1 0.324612 -0.351929 -0.14248 -0.656089 -1 -0.965331 0.409645 0.351872 -1 -0.974079 -0.138769 -1 -1 -0.545472 -0.026861 0.211996 -0.611332 -1 -0.666749 -0.954796 -1 -0.465229 0.758715 -0.649372 -0.531836 -1 -0.726506 -0.123147 -1 0.0670013 -0.0608498 0.174532 -1 -0.841759 -1 -0.969651 -0.522148 0.0379223 0.540383 -0.13897 0.122295 -0.750747 -0.379141 -1 -1 -1 -1 -0.749174 -0.135904 -0.510978 0.298179 -1 -0.00322014 0.0595156 -0.548152 0.248608 -1 -1 -0.018246 -0.409944 -0.125941 0.677948 0.89753 -0.6398 -0.132161 -0.225174 -0.754806 -0.126152 0.728789 -1 -1 -1 -0.758008 -0.506932 -0.979024 -1 -1 0.0955097 0.974266 -0.20362 -0.836121 -0.711209 0.630463 -0.61384 0.977941 -1 -0.245127 -1 
-0.398569 0.730534 -1 0.840887 -0.298437 -0.107915 0.357139 0.0636779 -0.67178 -1 0.112581 -1 -1 -1 -0.842367 -0.92276 0.03343 0.417011 -0.897965 -0.523193 -1 -0.833091 0.0117277 -0.468425 -0.779213 0.209967 -0.926288 -0.222756 -0.124824 0.656553 -1 -0.285138 -0.621633 -1 -0.430283 -1 0.0361181 -0.509203 -0.419633 -1 -0.0414436 -0.0380936 -1 0.289384 -1 -0.853981 -0.0811418 -1 -0.712401 -1 0.25418 0.694308 -1 -1 -1 -0.37285 -1 0.00557753 -0.460282 -0.861112 -0.937791 -0.874991 -1 -0.540168 -0.968514 -1 -0.137921 -1 -0.959274 -1 -1 -0.765463 0.488864 -1 -1 -1 -0.843695 -0.889043 -0.0729232 0.586709 0.518872 0.197034 -0.00388174 -0.90578 -0.81376 -0.820129 -0.299264 0.131286 0.642283 0.259346 0.0504908 -1 -0.935723 -0.80418 -0.88088 -1 -1 -1 -0.250091 -1 0.274122 -1 0.641157 0.173851 -0.557804 0.185696 -0.66053 0.209902 -0.491573 -0.713533 0.051942 0.562755 0.225387 -0.896972 -0.24852 -1 -1 0.300593 0.833689 -0.482959 -1 -1 -1 -1 -0.962235 -1 -0.670566 -0.0154855 0.845059 1 -1 -0.215607 0.409807 -0.161838 0.746272 -0.933254 -0.0818544 -1 
-0.57063 0.0160853 -0.968565 0.898097 -0.746936 0.586753 0.366851 -0.60013 0.0146022 -0.9273 0.249136 -1 -0.904513 -1 -1 -0.931442 0.260621 0.176814 -1 -1 -0.0971031 -1 0.0144355 -0.357836 0.472707 -0.0283214 -0.90413 -1 -0.605972 -0.551872 -0.62255 -1 -1 -0.0510718 -0.430283 0.077301 0.852369 -0.117293 0.0357919 -1 -0.531923 0.151796 -1 0.710876 -0.067376 -0.70148 0.110973 -1 -0.381478 -0.975876 -0.30816 0.616084 -0.918716 -1 -0.73696 -0.0384873 -0.251619 0.704345 -0.720839 -1 -0.477012 -1 -0.892096 -0.545472 -0.026861 0.261153 0.320839 -1 -0.416505 -1 -0.742679 -0.465229 -0.0187827 -1 -0.531836 -1 -0.957266 0.384697 -0.653797 -0.100503 -0.458078 -0.273695 -1 -0.599681 -1 -0.969651 -0.47655 0.736762 0.336493 0.656717 -0.137951 -1 -0.587032 -0.185273 -1 -1 -1 -1 -0.563809 -0.498967 1 -1 0.672655 -1 0.0310941 0.248608 -0.688404 0.209902 -0.0259222 -1 -0.831644 -0.455633 1 -1 -0.305344 -1 -1 -0.563033 1 -0.526582 -1 -0.657113 -1 -0.530172 -0.575733 -1 -1 -0.0154855 0.266327 0.699967 -0.452782 -0.00376821 0.495806 0.301205 0.287968 -0.890779 0.0686626 -0.550207 
-0.57063 0.928976 -1 0.599522 -0.298437 0.532994 0.366851 0.321925 0.0146022 -0.865111 -0.115111 -1 -0.904513 -0.956261 -0.75736 -0.70775 0.260621 0.622778 -0.433885 -1 -0.0971031 -1 0.0144355 -0.824378 0.490635 -0.0283214 -1 0.900234 -0.458526 0.261221 -0.62255 -0.790657 -1 -0.0510718 -0.0851361 0.0383382 0.985704 -0.438414 0.0357919 -1 0.165291 0.151796 -1 0.710876 -0.0976093 -1 0.214882 -1 -1 -1 -0.30816 0.624763 -0.14248 -1 -0.701941 -0.0384873 0.275285 1 -0.89686 -1 -0.138769 -1 -0.998281 -0.617262 -0.026861 0.261153 0.320839 -0.770539 -0.440751 -0.995354 -1 -0.528558 -0.0187827 -1 -0.531836 -1 -0.760752 0.384697 0.347487 -0.100503 0.618418 0.284041 -0.151791 -0.693655 -1 -0.969651 -0.26363 0.883843 0.540383 -0.0686965 -0.137951 -1 -0.263369 -0.768993 -1 -1 -1 -0.809563 -0.308587 -0.847726 0.593351 -0.997121 0.854496 0.631825 0.0310941 0.248608 -0.878016 0.209902 -0.225196 -1 -0.0108765 -0.262486 1 -0.6398 -0.39823 -0.98082 -1 0.0238342 0.833689 -0.526582 -1 -1 -1 -0.892906 -0.962235 -0.71551 -1 -0.033383 0.428416 1 -0.836121 -0.00376821 0.495806 0.301205 0.232648 -0.890779 -0.141781 -0.550207 
-1 0.13936 -1 0.15583 -0.184473 -1 0.366851 0.0618182 0.0146022 -0.848752 -0.356342 -1 -0.904513 -1 -0.873579 -0.990197 0.557402 0.525676 -1 -0.998041 -0.277805 -0.837925 0.0144355 -0.440011 0.128098 -0.386483 -1 0.408527 -0.530994 0.638833 -0.583395 -0.400904 -0.885752 -0.319156 -0.430283 0.0359737 1 -1 -0.141172 -1 -1 -0.0449191 -1 0.423803 -0.970117 -1 0.148185 -1 -0.469918 -0.814344 -0.30816 0.357735 -0.489905 -0.776966 -1 -0.0384873 -0.758212 0.807619 -0.995381 -1 -1 -1 -1 -1 -0.156427 0.0145283 -1 -1 -0.791231 -1 -0.717772 -0.465229 -1 -1 -0.567252 -1 -0.580837 0.384697 0.347487 -1 -0.103999 -0.670747 -0.686819 -1 -1 -0.969651 -0.307754 0.543597 0.425389 0.426625 -0.528477 -1 -0.263369 -0.722644 -1 -1 -1 -1 -0.255852 -0.498967 0.143752 -1 -0.505578 0.570825 0.0310941 0.270329 -1 -1 -0.672222 -1 -0.0108765 -0.435132 0.260898 -0.6398 -0.305344 -1 -1 0.416777 0.794825 -0.381328 -1 -1 -1 -0.892906 -1 -1 -1 -0.0154855 -0.571453 0.529627 -1 -0.18672 0.11466 0.382081 0.510533 -1 -0.283161 -1 
-1 1 -1 0.898097 -0.184473 -0.429775 0.366851 0.0618182 0.0146022 -0.848752 -0.356342 -0.96751 -0.904513 -1 -0.873579 -0.990197 0.417422 0.478131 -0.927249 -0.998041 -0.0971031 -0.839688 0.0144355 -0.440011 0.128098 -0.0283214 -1 0.204911 -0.530994 0.638833 -0.62255 -0.580085 -0.885752 -0.36019 -0.430283 0.077301 0.848203 -0.438414 -0.211217 -1 -1 -0.0299016 -1 0.74255 -0.970117 -1 0.148185 -1 -0.469918 -1 -0.30816 0.781835 -0.489905 -1 -1 -0.0384873 0.275285 0.863254 -0.995381 -1 -1 -1 -1 -1 -0.062408 0.0145283 -1 -0.58058 -0.824038 -1 -0.717772 -0.465229 -1 -1 -0.379385 -1 -0.580837 0.384697 0.347487 -1 -0.103999 -0.20537 -0.428533 -1 -1 -0.969651 -0.307754 0.543597 0.279435 0.426625 -0.528477 -1 -0.263369 -0.722644 -1 -1 -1 -1 -0.255852 -0.498967 0.862472 -1 -0.132721 0.570825 0.0310941 0.270329 -0.688404 -0.572902 -0.672222 -1 -0.0108765 -0.435132 1 -0.6398 -0.305344 -0.98082 -1 0.416777 0.794825 -0.326084 -1 -1 -1 -0.892906 -1 -1 -1 -0.0154855 0.422917 0.529627 -0.836121 -0.18672 0.208453 0.382081 0.232648 -1 -0.283161 -0.995344 
-1 1 -1 0.898097 -1 -0.429775 -0.856743 0.0618182 -0.774205 -1 -0.193362 -1 -1 -1 -0.873579 -0.990197 0.557402 0.529079 -1 -1 -0.0971031 -0.837925 0.0144355 -1 0.128098 -0.590013 -0.677691 0.204911 -0.920148 0.568897 -0.259582 -0.472447 -0.885752 -0.209311 -0.883399 -0.776434 1 -0.287193 -0.284576 -1 -1 -1 -1 -0.304704 -0.755428 -0.754014 0.148185 -1 -1 -1 -0.171903 0.46895 -0.416477 -0.91996 -1 -0.0384873 0.467771 0.807619 -0.995381 -0.789061 -0.767584 -0.938023 -1 -1 -0.062408 -1 -1 -0.922424 -0.791231 -0.977989 -0.396079 -1 -1 -0.825744 -0.00869303 -0.954216 -0.580837 0.384697 -0.394307 -1 -0.899875 -0.916165 -1 -1 -1 -0.969651 -0.307754 -0.233755 -0.319949 -0.00240815 -0.651152 -1 -1 -1 -1 -1 -0.923189 -1 -0.255852 -1 0.862472 -1 -0.831111 0.387388 -0.663983 -0.0920698 -0.688404 -1 -0.672222 -1 0.355394 -0.536068 0.393327 -1 -1 -1 -1 0.416777 0.52153 -0.700467 -1 -1 -1 -1 -1 -1 -1 0.260272 0.422917 0.529627 -0.836121 -1 0.208453 0.501707 0.232648 -1 0.071553 -0.766825 
-1 1 -1 0.898097 -0.184473 -0.429775 0.366851 0.0618182 9.14335e-05 -0.848752 -0.346395 -1 -0.904513 -1 -0.873579 -0.990197 0.557402 0.525676 -0.927249 -0.998041 -0.0971031 -0.837925 0.0144355 -0.471046 0.128098 -0.0283214 -1 0.204911 -0.530994 0.638833 -0.62255 -0.400904 -0.885752 -0.36019 -0.5635 0.077301 1 -0.438414 -0.118444 -1 -1 -0.0449191 -1 0.710876 -0.970117 -1 0.148185 -1 -0.469918 -1 -0.30816 0.781835 -0.489905 -1 -1 -0.0384873 0.275285 0.807619 -0.995381 -1 -1 -1 -1 -1 -0.062408 0.0145283 -1 -0.58058 -0.791231 -1 -0.717772 -0.465229 -1 -1 -0.379385 -1 -0.580837 0.384697 0.347487 -1 -0.103999 -0.20537 -0.377332 -1 -1 -0.969651 -0.307754 0.543597 0.425389 0.426625 -0.528477 -1 -0.263369 -0.722644 -1 -1 -1 -1 -0.255852 -0.557017 0.862472 -1 -0.132721 0.570825 0.0310941 0.270329 -0.688404 -0.587703 -0.672222 -0.897602 -0.0108765 -0.425607 1 -0.6398 -0.305344 -0.98082 -1 0.416777 0.794825 -0.326084 -1 -1 -1 -0.892906 -1 -1 -1 -0.0154855 0.422245 0.465436 -0.836121 -0.18672 0.208453 0.382081 0.232648 -1 -0.283161 -1 
-1 0.703133 -1 0.898097 -0.184473 -0.429775 0.366851 -0.435902 -0.0461025 -0.861555 -0.356342 -1 -0.904513 -1 -1 -0.550659 0.765032 -0.286925 -0.927249 -0.983654 0.116456 -1 0.0144355 -0.440011 0.128098 -0.0283214 -1 0.0411484 -0.530994 0.410021 -0.781703 -0.506678 -0.885752 -1 -0.302305 -1 0.869032 -1 -1 -0.994775 -1 0.234922 -1 0.710876 -0.970117 -1 0.148185 -1 -0.469918 -1 -0.371764 0.524502 -0.707396 -1 -1 -0.0463184 0.275285 0.807619 -1 -1 -0.769402 -1 -1 -1 -0.062408 0.0145283 -1 -1 -0.791231 -1 -1 -1 -1 -1 -1 -1 -0.580837 0.338112 -0.900663 -1 -0.61131 -0.29889 -1 -0.894302 -1 -1 -0.307754 0.543597 -0.093728 0.426625 -0.895701 -1 -1 -0.722644 -1 -1 -1 -1 -1 -0.498967 0.910814 -1 -0.868167 0.93282 -0.327895 0.270329 -0.688404 -0.572902 -0.672222 -0.897602 -0.0108765 -0.435132 1 -0.790649 -0.305344 -1 -1 0.416777 0.324582 -0.326084 -1 -1 -1 -0.892906 -0.927759 -1 -0.801637 -0.0154855 0.422917 0.529627 -0.836121 -0.820486 -0.626795 0.636325 0.232648 -1 -0.283161 -1 
-1 0.0889134 -1 0.735546 -1 0.665229 0.393351 0.435697 -0.112319 -0.865111 0.192284 -1 -0.904513 -1 -1 -0.708524 0.246856 -0.622694 -1 -1 -0.0971031 -1 0.0144355 -0.357836 0.490635 -0.0639003 -1 0.638765 -0.45326 -0.0440194 -0.62255 -0.92204 -1 -0.297915 -0.633176 0.077301 1 -1 0.0357919 -1 0.165291 0.151796 -1 0.343852 -0.0976093 -1 0.214882 -0.999265 -0.469918 -1 -1 0.505443 -1 -1 -1 -0.0384873 0.384967 0.704345 -0.720839 -1 -0.885036 -1 -1 -0.545472 -0.026861 0.0699892 -0.0472498 -0.686977 -0.926556 -1 -1 -0.420745 -0.667468 -1 -0.656373 -1 -0.580837 0.0656534 -0.767514 -0.0884391 0.587255 -0.988816 -0.763512 -0.599681 -1 -0.969651 -0.18496 0.717106 -0.576136 0.656717 0.259785 -1 0.0755792 -0.221245 -1 -1 -1 -1 -0.389347 -0.764594 0.239562 -1 0.447604 0.631825 -0.165727 0.404176 -0.688404 0.0428787 -1 -1 -0.0224086 -1 1 -0.6398 -0.305344 -1 -1 -0.256679 -0.348268 -0.526582 -1 -1 -0.834583 -0.93671 -0.962235 -0.71551 -1 -0.0244142 -0.373899 0.793142 -0.836121 0.0138427 0.495806 -0.268482 0.543421 -1 -0.283161 -0.550207 
-0.398569 0.730534 -1 0.840887 -0.298437 -0.107915 0.315298 0.158335 -0.67178 -1 0.112581 -1 -1 -1 -0.842367 -0.92276 0.03343 0.417011 -0.892037 -0.580873 -1 -0.833091 0.0117277 -0.468425 -0.814632 0.209967 -0.926288 -0.222756 -0.124824 0.656553 -1 -0.285138 -0.540074 -1 -0.430283 -1 0.0361181 -0.509203 -0.419633 -1 -0.0414436 -0.188753 -1 0.289384 -1 -0.958375 -0.0811418 -1 -0.712401 -1 0.520439 0.694308 -1 -1 -1 -0.380453 -1 0.00557753 -0.460282 -0.861112 -0.937791 -0.874991 -1 -0.540168 -0.962253 -1 -0.137921 -1 -0.959274 -1 -1 -0.765463 0.488864 -1 -1 -1 -0.843695 -0.889043 -0.0729232 0.702962 0.518872 0.197034 -0.106991 -0.90578 -0.81376 -0.820129 -0.299264 0.131286 0.642283 0.259346 0.0504908 -1 -0.902228 -0.80418 -0.870193 -1 -1 -1 -0.250091 -1 0.180253 -1 0.641157 0.173851 -0.557804 0.101812 -0.688404 0.209902 -0.491573 -0.713533 0.051942 0.562755 0.1746 -0.896972 -0.132161 -1 -1 0.300593 0.868744 -0.526582 -1 -1 -1 -1 -0.962235 -1 -0.670566 -0.219065 0.845059 1 -1 -0.215607 0.409807 -0.161838 0.746272 -0.978601 -0.0818544 -1 
-1 1 -0.958796 0.898097 -0.184473 -0.429775 0.0634664 -0.560994 0.0146022 -1 -0.193362 -0.916224 -1 -1 -0.678157 -0.990197 0.557402 0.540649 -0.927249 -1 -0.0971031 -0.837925 -0.91813 -0.339882 -0.287819 0.119726 -0.561753 0.204911 -0.530994 0.638833 -1 -0.472447 -0.885752 -1 -1 0.450857 0.953798 -0.124569 -0.874504 -1 -1 -1 -1 -0.643678 -0.755428 -0.754014 0.148185 -1 -1 -1 -0.554049 0.781835 -1 -1 -1 -0.0384873 0.0669897 1 -0.995381 -1 -0.6464 -0.938023 -1 -0.692434 -1 -0.902631 -1 -1 -1 -1 -0.396079 -1 -1 -1 -0.00869303 -1 -0.580837 -0.282242 -0.763264 -0.643324 -0.103999 -0.573182 -0.377332 -1 -0.678473 -0.969651 -0.307754 0.77584 -0.319949 -0.205461 -0.651152 -1 -1 -0.868026 -1 -0.91539 -1 -1 -0.255852 -0.817616 0.862472 -1 -0.633923 0.570825 0.0310941 0.270329 -0.688404 -1 -0.672222 -0.897602 0.355394 -1 1 -0.764334 -1 -1 -1 0.416777 -0.295637 -1 -1 -1 -1 -0.532227 -1 -1 -1 -0.0154855 0.367089 0.529627 -1 -0.578138 0.208453 -0.141631 0.232648 -1 0.071553 -1 
-0.264957 -0.26459 -1 0.865113 -0.298437 -1 0.166279 -0.0309068 -0.734471 -0.716601 0.249136 -1 -0.904513 -1 -0.974584 -0.708524 0.260621 -0.110706 -0.490122 -1 0.147871 -1 0.0144355 -0.357836 0.698572 -0.225795 -0.922098 -0.658474 -0.5819 0.638833 -1 -0.0507682 -0.485949 -1 -0.430283 0.077301 0.607766 -0.868159 -0.574207 -1 0.333474 0.151796 -1 0.996231 0.122397 -0.248353 0.253336 -1 -0.77929 -0.637318 0.324612 -0.351929 -0.14248 -0.833203 -1 -1 0.409645 -0.742831 -1 -0.974079 -0.138769 -1 -1 -0.818091 -0.154779 -0.145959 0.320839 -1 -0.666749 -0.954796 -0.656738 -0.465229 0.704206 -0.649372 -1 -1 -0.726506 -0.214301 -0.654411 0.804759 -0.0608498 0.174532 -1 -0.805359 -1 -0.969651 -0.527196 0.269687 0.540383 0.885118 0.122295 -0.829557 -0.877844 -1 -1 -1 -1 -1 0.173892 -0.498967 0.298179 -1 -0.00322014 0.0595156 -0.301856 0.248608 -1 -0.340232 -0.139658 -0.409944 -0.372774 0.677948 0.89753 -0.6398 -0.0733804 -0.225174 -1 -0.0443817 0.728789 -1 -1 -1 -0.758008 -0.892906 -0.962235 -1 -1 -0.00161116 0.974266 -0.346485 -0.836121 -0.711209 0.580327 -0.100943 0.977941 -0.890779 -0.245127 -1 
-1 0.730534 -1 0.689538 -0.56837 0.714719 0.366851 -0.298758 0.0146022 -0.986774 0.249136 -1 -0.904513 -1 -0.590141 -0.273845 0.274074 -0.679895 -1 -0.738571 -0.132404 -0.841608 -0.0820735 -0.432052 -1 0.353328 -0.973289 0.570923 -0.885082 0.613882 -1 -0.95534 -1 -0.0213586 -0.876572 -0.895236 1 -1 -0.130494 -1 -0.649563 -0.101905 -1 0.710876 -0.0976093 -1 0.214882 -1 -0.95264 -1 0.368264 0.394802 -0.255297 -0.959794 -1 -0.640477 -1 -0.112482 -1 -0.974079 -0.311506 -1 -1 -0.545472 -0.224982 -0.361082 0.320839 -0.517632 -0.440751 -1 -1 -1 0.507597 -1 -0.327888 -1 -1 -1 -0.771606 0.702962 -1 0.149007 -1 -0.9269 -1 -1 -0.414694 -0.861129 -0.108263 0.824683 0.313186 -1 -0.194695 -0.354532 -0.649555 -1 -1 -1 0.173892 -0.691162 -0.312667 -1 -0.645987 -0.961336 0.0310941 0.401757 -0.976787 0.296189 -1 -0.880037 0.320186 -0.861839 0.847349 -1 -0.197169 -0.640603 -1 0.0909393 -0.0379064 -0.604731 -0.99936 -1 -1 -0.892906 -1 -0.799415 -1 -0.0336389 0.903789 1 -0.887706 -0.00376821 -0.43658 0.301205 0.826546 -0.870669 -1 -0.675373 
-0.57063 0.928976 -0.916277 0.898097 -0.298437 0.0243256 0.430158 0.0618182 0.0146022 -0.865111 -0.862342 -1 -0.904513 -1 -0.75736 -1 0.260621 0.622778 -1 -1 -0.0971031 -0.786675 0.318666 -0.201678 0.490635 -0.0283214 -1 -0.291275 -0.458526 0.638833 -0.62255 -0.790657 -0.885752 -0.0510718 -0.430283 -1 0.996476 -0.687328 -0.118956 -1 0.165291 0.151796 -1 0.710876 -0.0976093 -1 -0.983816 -1 -0.768927 -1 -1 0.66246 -0.134383 -1 -0.701941 -0.691605 0.275285 0.318296 -0.720839 -1 -0.138769 -1 -0.638137 -0.545472 -0.424834 0.261153 0.320839 -0.58058 -0.440751 -0.696326 -1 -0.465229 -0.0187827 -1 -0.531836 -1 -0.580837 0.384697 0.65307 -0.100503 0.108886 0.284041 -0.151791 -0.357231 -1 -1 -0.26363 0.883843 0.00482488 0.656717 -0.137951 -1 -0.263369 -0.70483 -1 -1 -1 -1 -0.308587 -0.498967 0.552914 -1 0.93917 0.631825 0.0310941 0.248608 -1 0.152963 -0.225196 -1 -0.0908834 -0.455633 0.30323 -1 -0.305344 -0.98082 -1 -0.417191 0.833689 -0.526582 -1 -1 -0.907422 -1 -0.962235 -0.412207 -1 -0.0154855 0.422917 1 -0.836121 -0.00376821 0.495806 0.301205 0.211047 -0.890779 -0.283161 -1 
-0.755023 1 -1 0.898097 -0.298437 -1 0.435239 -0.0202002 0.066253 -0.865111 0.170496 -1 -1 -0.907148 -0.884518 -0.708524 0.102454 0.622778 -0.433885 -1 -0.757282 -1 -0.0583613 -0.357836 0.0281645 -0.741639 -1 0.0309089 -0.857635 0.48141 -0.62255 -0.827121 -0.885752 0.265331 -0.430283 0.077301 0.429303 -0.701028 0.0357919 -1 0.252425 0.151796 -1 0.710876 -0.0976093 -0.65018 -0.945021 -1 -0.528574 -1 -1 0.719972 -0.193698 -1 -0.701941 -0.137706 0.275285 0.192384 -1 -1 -0.138769 -1 -1 -0.52758 -0.026861 0.261153 -0.450117 -0.93224 -1 -0.841522 -1 -0.24407 -0.0187827 -1 -0.531836 -1 -0.580837 -0.0296611 -0.396471 -0.100503 -0.416486 0.286725 -0.948939 -0.328242 -1 -1 -0.616503 0.208856 0.178771 -0.44903 0.103228 -1 -0.351977 0.0362521 -1 -1 -1 -1 -0.308587 -0.549512 0.739576 -1 0.438204 0.631825 0.0310941 0.216215 -0.688404 -0.702264 -0.913842 -1 0.263881 -0.212906 1 -0.896493 -0.621372 -0.98082 -1 -0.361674 0.833689 -0.526582 -0.913632 -0.81863 -1 -0.866803 -1 -0.335677 -1 0.189367 0.422917 0.991907 -1 -0.00376821 0.723494 0.301205 0.232648 -1 -0.354918 -1 
-0.57063 0.730534 -1 0.597793 -0.242969 -0.529616 0.366851 -0.101658 -0.592385 -0.872711 0.000953525 -0.742607 -1 -1 -0.866057 -0.708524 0.260621 0.298599 -0.433885 -0.738571 -0.0971031 -0.851055 0.0144355 -0.357836 0.490635 0.353328 -0.968809 0.900234 -0.742033 0.638833 -0.62255 -0.354558 -0.485949 -0.621633 -0.646573 0.114675 0.612072 -0.555833 -0.130494 -0.981406 -0.0324355 0.151796 -1 0.649151 -0.0976093 -0.117793 0.214882 -1 -0.592966 -1 0.357478 0.781835 -0.14248 -1 -0.621297 -1 0.0805914 -0.507184 -0.720839 -1 -0.138769 -1 -1 -1 0.00577941 -0.208317 -0.083435 -0.46453 -0.440751 -0.964852 -0.957413 -0.945842 -0.127136 -0.286877 -0.531836 -1 -0.580837 0.422879 0.411546 0.790307 -0.0563567 0.170025 -0.151791 -0.805359 -1 -1 -0.26363 0.622107 0.581467 0.363427 0.122295 -0.807062 -0.307386 -0.871421 -0.649555 -1 -1 -1 0.407147 -1 0.538034 -0.940575 -0.266274 0.309588 -0.319174 0.248608 -0.688404 -0.956397 -0.118101 -0.67143 -0.0108765 0.677948 0.793815 -0.61794 -0.132161 -0.225174 -1 0.0238342 0.817207 -0.495156 -0.962151 -1 -0.907422 -1 -0.931655 -1 -0.422027 -0.0154855 1 1 -1 -0.00376821 0.227085 0.301205 0.943227 -0.890779 -0.364764 -0.743176 
-1 1 -1 0.898097 -0.351443 -0.429775 0.366851 0.0618182 0.0146022 -0.848752 -0.256694 -1 -0.904513 -1 -0.873579 -0.990197 0.586266 0.525676 -0.927249 -1 -0.0971031 -0.837925 0.0144355 -0.690616 0.128098 -0.159035 -1 0.204911 -0.530994 0.684297 -0.62255 -0.358067 -0.885752 -0.36019 -0.430283 0.077301 1 -0.438414 -0.118444 -1 -1 -0.0449191 -1 0.710876 -0.980749 -1 0.148185 -1 -0.469918 -1 -0.282818 0.781835 -0.489905 -1 -1 -0.0384873 0.275285 0.797296 -0.995381 -1 -1 -1 -1 -1 -0.062408 0.0145283 -1 -0.58058 -0.791231 -1 -0.717772 -0.465229 -1 -1 -0.379385 -1 -0.580837 0.384697 0.347487 -0.936908 -0.103999 -0.20537 -0.377332 -1 -1 -0.969651 -0.449764 0.543597 0.433736 0.426625 -0.528477 -1 -0.263369 -0.722644 -1 -1 -1 -1 -0.218479 -0.498967 0.596031 -0.942776 -0.114466 0.570825 0.0310941 0.270329 -0.688404 -0.572902 -0.792389 -0.897602 -0.0108765 -0.435132 1 -0.862207 -0.305344 -0.98082 -1 0.416777 0.645784 -0.326084 -1 -1 -1 -0.892906 -1 -1 -1 -0.0154855 0.422917 0.529627 -0.805463 -0.18672 0.208453 0.382081 0.232648 -1 -0.283161 -1 
-0.57063 -0.806434 -1 -0.165337 -0.31084 0.556447 -0.0451972 -0.116058 0.0146022 -1 -0.0249801 -1 -1 -1 -0.52267 -0.667547 0.274074 0.422478 -1 -0.793327 -0.0770827 -0.749873 -0.010854 -0.0865007 -0.366858 0.353328 -1 0.371468 -1 -0.379782 -1 -0.24404 -0.292882 -0.0510718 -1 -0.214079 0.996476 -0.438414 -0.130494 -1 -0.694568 -0.524943 -1 0.710876 -0.342387 -0.248353 0.255295 -1 -1 -0.943111 0.0491695 0.781835 -1 -1 -1 -0.323019 0.409645 0.49481 -1 -0.885207 -0.311506 -1 -0.900512 -0.545472 -1 -1 0.117431 -0.204387 -0.963628 -0.987071 -1 -1 0.507597 -0.649372 -1 -1 -0.299815 -1 -1 0.702962 -0.0495895 -0.333523 -0.833289 -1 -0.990092 -1 -0.414694 -0.516515 -0.149111 1 -0.332187 -0.750747 -0.355955 -1 -0.649555 -1 -1 -1 -0.798371 -1 0.493956 -0.995648 -0.84927 0.631825 -0.142162 0.248608 -0.985805 -0.532433 -0.115848 -0.951983 -0.589688 -1 0.613555 -0.332793 -0.404903 -0.488936 -1 0.0238342 0.55219 -1 -1 -1 -1 -0.892906 -1 -1 -0.574655 -0.0154855 0.844457 1 -1 0.168571 0.193352 -0.953352 0.977941 -0.890779 -0.571121 -0.550207 
-0.57063 0.840339 -1 0.597793 -0.298437 -1 0.366851 -0.101658 -0.592385 -0.872711 0.101012 -0.742607 -0.97619 -1 -0.866057 -0.664177 0.260621 0.298599 -1 -0.738571 -0.0971031 -0.868896 0.0144355 -0.357836 0.490635 0.353328 -1 0.676343 -0.742033 0.638833 -0.62255 -0.354558 -0.905834 -0.621633 -0.646573 0.077301 0.533807 -0.438414 -0.130494 -0.981406 -0.0324355 0.151796 -1 0.656193 -0.0976093 -0.117793 0.214882 -1 -0.592966 -1 0.390753 0.29477 -0.14248 -1 -0.621297 -1 -0.157211 -0.507184 -0.727041 -1 -0.295821 -0.688805 -1 -0.808507 -0.0290011 -0.989205 -0.727975 -0.46453 -0.440751 -1 -0.928573 -0.945842 -0.14473 -0.286877 -0.820727 -1 -0.580837 -0.737367 0.411546 0.790307 0.139567 0.577599 -0.151791 -0.805359 -1 -1 -0.26363 0.622107 0.581467 0.482419 0.122295 -1 -0.331536 -0.841043 -0.649555 -1 -1 -1 0.206501 -1 0.538034 -1 -1 -0.611767 -0.291974 0.129615 -0.688404 -0.956397 -0.361624 -0.67143 -0.0108765 0.677948 0.758176 -0.734593 -0.468466 -0.290539 -1 -0.0114701 0.88011 -0.652666 -1 -1 -0.907422 -1 -1 -1 -1 -0.0154855 1 0.965621 -1 -0.0281414 0.227085 0.301205 0.977941 -0.890779 -0.364764 -0.850463 
-0.264957 0.730534 -1 0.865113 -0.298437 -0.252582 -0.0505303 0.0931559 -0.734471 -1 0.249136 -1 -0.904513 -1 -0.974584 -0.708524 0.260621 -0.0358679 -0.490122 -1 0.147871 -1 0.0144355 -0.357836 0.698572 -0.225795 -1 0.382201 -0.458526 0.638833 -1 -0.0507682 -0.485949 -1 -0.430283 0.077301 0.996476 -0.868159 -0.574207 -1 0.333474 0.151796 -1 0.941121 0.122397 -0.248353 0.214882 -1 -0.712401 -1 0.324612 -0.351929 -0.14248 -0.833203 -1 -1 0.409645 0.351872 -1 -0.974079 -0.138769 -1 -1 -0.545472 -0.026861 -0.145959 0.320839 -1 -0.666749 -0.954796 -1 -0.465229 0.758715 -0.649372 -0.531836 -1 -0.726506 -0.123147 -0.824087 0.804759 -0.0608498 0.174532 -1 -0.805359 -1 -0.969651 -0.522148 0.0379223 0.540383 0.885118 0.122295 -0.750747 -0.744563 -1 -1 -1 -1 -1 0.0472667 -0.498967 0.298179 -1 -0.00322014 0.0595156 -0.301856 0.248608 -1 -0.329805 -0.018246 -0.409944 -0.125941 0.706243 0.89753 -0.6398 -0.271977 -0.225174 -1 -0.126152 0.728789 -1 -1 -1 -0.758008 -0.892906 -0.962235 -1 -1 -0.028462 0.974266 -0.362357 -0.836121 -0.711209 0.630463 -0.100943 0.977941 -0.890779 -0.245127 -1 
-0.57063 1 -1 0.811813 -0.183807 0.521914 0.366851 -0.0256513 0.0146022 -0.865111 0.249136 -1 -0.904513 -1 -0.75736 -0.708524 0.420303 0.560463 -1 -1 -0.239156 -1 0.0144355 -0.357836 0.490635 -0.0283214 -1 0.900234 -0.0795184 0.638833 -0.62255 -0.790657 -1 -0.903341 -0.430283 0.0710683 0.996476 -0.438414 0.0106394 -1 0.165291 -0.635533 -1 0.710876 -0.0314464 -0.953882 0.214882 -1 -0.469918 -1 -0.30816 0.639085 -0.14248 -1 -0.711706 -0.0384873 -0.0336044 0.704345 -0.707588 -0.615363 -0.323044 -1 -1 -0.545472 -0.114012 0.261153 0.320839 -0.823995 -0.245096 -1 -1 -0.465229 -0.0187827 -1 -0.648359 -1 -0.580837 0.621578 0.347487 -0.100503 -0.0486714 -0.567478 -0.151791 -0.599681 -0.928451 -1 -0.947024 1 0.540383 0.747474 -0.137951 -1 -0.263369 -0.185273 -1 -1 -1 -1 -0.308587 -0.498967 -0.125972 -1 0.766874 -0.0844982 0.0310941 -0.0420125 -0.688404 0.10086 -0.225196 -1 -0.20817 -0.455633 1 -0.6398 -0.305344 -1 -1 0.0534741 0.833689 -0.567096 -1 -1 -0.907422 -0.892906 -1 -1 -1 -0.0154855 0.422917 1 -1 -0.00376821 0.51201 0.301205 0.232648 -0.890779 -0.283161 -0.550207 
-1 -0.0392245 -1 0.898097 -0.184473 -1 -0.319394 0.0618182 0.0146022 -1 -0.193362 -1 -1 -1 -0.873579 -1 0.557402 0.525676 -0.923952 -1 -0.634429 -0.42912 0.0144355 -0.530203 -0.715233 -0.314574 -0.677691 0.204911 -0.932065 0.774441 -1 -0.472447 -1 -0.30207 -0.834404 0.152285 1 -0.246045 -0.284576 -1 -1 -1 -1 0.0378864 -0.848731 -0.824122 0.148185 -1 -0.48772 -1 -1 0.781835 -0.416477 -1 -1 -0.134858 0.275285 0.807619 -1 -1 -0.6464 -1 -1 -1 -0.062408 -1 -1 -0.362403 -0.791231 -1 -1 -0.161602 -1 -1 -0.0786368 -0.954216 -0.580837 0.384697 -0.853185 -0.643324 -0.103999 -0.20537 -1 -1 -1 -0.969651 -0.972577 0.77584 -1 0.749755 -0.651152 -1 -0.953134 -1 -0.980222 -0.7026 -1 -1 0.00877303 -1 0.321182 -0.972043 -0.862726 0.573099 0.0310941 0.270329 -0.688404 -1 -0.728354 -0.897602 0.355394 -0.814423 1 -0.643699 -0.305344 -0.98082 -1 0.416777 0.349332 -0.517511 -1 -1 -1 -0.532227 -1 -1 -1 -0.0154855 -0.616629 0.400831 -1 -0.380208 0.208453 0.505517 0.232648 -1 0.071553 -0.973618 
-1 1 -1 0.898097 -0.184473 -0.429775 0.0634664 0.0618182 0.0146022 -1 -0.193362 -1 -1 -1 -0.873579 -0.990197 0.557402 0.525676 -0.927249 -1 -0.0971031 -0.837925 0.0144355 -0.339882 0.128098 -0.0283214 -0.677691 0.204911 -0.530994 0.638833 -0.62255 -0.472447 -0.885752 -0.209311 -0.883399 0.077301 1 -0.287193 -0.284576 -1 -1 -1 -1 -0.304704 -0.755428 -0.754014 0.148185 -1 -0.469918 -1 -0.30816 0.781835 -0.416477 -1 -1 -0.0384873 0.275285 0.807619 -0.995381 -1 -0.6464 -0.938023 -1 -1 -0.062408 -1 -1 -0.252217 -0.791231 -1 -0.396079 -0.465229 -1 -1 -0.00869303 -0.954216 -0.580837 0.384697 -0.763264 -0.643324 -0.103999 -0.20537 -0.377332 -1 -1 -0.969651 -0.307754 0.77584 -0.319949 0.749755 -0.651152 -1 -1 -0.868026 -1 -0.91539 -1 -1 -0.255852 -0.817616 0.862472 -1 -0.831111 0.570825 0.0310941 0.270329 -0.688404 -1 -0.672222 -0.897602 0.355394 -0.536068 1 -0.643699 -0.305344 -0.98082 -1 0.416777 0.794825 -0.326084 -1 -1 -1 -0.532227 -1 -1 -1 -0.0154855 0.422917 0.529627 -0.836121 -0.380208 0.208453 0.501707 0.232648 -1 0.071553 -1 
-1 1 -1 0.91758 -0.184473 -0.429775 0.0634664 0.0618182 0.0146022 -1 -0.193362 -1 -0.853686 -1 -1 -0.990197 0.437132 0.525676 -0.927249 -1 -0.0971031 -0.837925 0.0144355 -0.980299 0.128098 -0.986834 -0.677691 0.204911 -1 0.638833 -0.62255 -0.472447 -0.885752 -0.209311 -0.883399 -0.0311953 1 -0.287193 -0.284576 -1 -1 -1 -1 -0.304704 -0.755428 -0.754014 0.148185 -1 -0.841049 -1 -0.366753 0.781835 -0.416477 -1 -1 -0.0384873 0.250293 0.807619 -0.995381 -1 -0.6464 -0.938023 -1 -1 -0.062408 -1 -1 -0.252217 -0.791231 -1 -0.396079 -0.465229 -1 -1 -0.00869303 -0.954216 -0.949313 0.384697 -0.763264 -0.643324 -0.471675 -0.20537 -1 -1 -1 -0.969651 -0.307754 0.77584 -0.319949 0.886207 -0.651152 -1 -0.795746 -0.868026 -1 -0.91539 -1 -1 -0.255852 -0.817616 -0.260732 -1 -0.831111 0.565998 -0.851151 0.270329 -0.688404 -1 -0.672222 -0.897602 -0.192993 -0.536068 1 -0.643699 -0.305344 -0.98082 -1 0.416777 0.794825 -0.326084 -1 -1 -1 -0.608281 -1 -1 -1 -0.0154855 0.422917 -0.0964938 -0.836121 -0.380208 -0.415598 0.501707 0.232648 -1 0.071553 -1 
-1 1 -1 0.898097 -0.184473 -1 0.366851 0.0618182 0.0146022 -1 -0.356342 -1 -1 -1 -1 -0.990197 0.557402 0.525676 -0.927249 -1 -0.0971031 -0.954612 0.0144355 -0.440011 0.128098 -0.340881 -1 0.526764 -0.586479 0.638833 -0.62255 -0.400904 -0.885752 -0.242229 -0.430283 0.475736 1 -0.438414 -0.552221 -1 -1 -0.0449191 -1 0.710876 -1 -1 0.137354 -1 -0.469918 -1 -0.30816 0.781835 -0.489905 -1 -1 -0.0384873 -0.529345 0.72177 -0.995381 -1 -1 -1 -1 -1 -0.062408 0.0145283 -1 -0.733962 -0.791231 -1 -0.717772 -0.465229 -1 -1 -0.552506 -1 -0.580837 0.384697 0.347487 -1 -0.103999 -0.20537 -0.377332 -1 -1 -0.969651 -0.307754 0.543597 0.38845 0.426625 -0.528477 -1 -0.263369 -0.722644 -1 -1 -1 -1 -0.255852 -0.498967 0.0119394 -1 -0.132721 0.570825 0.0489661 0.20082 -0.688404 -0.572902 -0.672222 -1 -0.0108765 -0.435132 1 -0.6398 -0.305344 -1 -1 0.416777 0.794825 -0.326084 -1 -1 -1 -1 -1 -1 -1 -0.0154855 0.422917 0.529627 -0.846465 -0.289582 -0.211573 0.382081 0.409109 -1 -0.283161 -1 
-1 1 -1 0.898097 -0.184473 -0.429775 0.366851 0.0618182 0.0146022 -0.848752 -0.356342 -1 -0.904513 -1 -0.873579 -0.990197 0.557402 0.525676 -0.927249 -0.998041 -0.0971031 -0.837925 0.0144355 -0.440011 0.128098 -0.0283214 -1 0.204911 -0.530994 0.638833 -0.62255 -0.400904 -0.885752 -0.36019 -0.430283 0.077301 1 -0.438414 -0.118444 -1 -1 -0.0449191 -1 0.710876 -0.970117 -1 0.148185 -1 -0.469918 -1 -0.30816 0.781835 -0.489905 -1 -1 -0.0384873 0.275285 0.807619 -0.995381 -1 -1 -1 -1 -1 -0.062408 0.0145283 -1 -0.58058 -0.791231 -1 -0.717772 -0.465229 -1 -1 -0.379385 -1 -0.580837 0.384697 0.347487 -1 -0.103999 -0.20537 -0.377332 -1 -1 -0.969651 -0.307754 0.543597 0.425389 0.426625 -0.528477 -1 -0.263369 -0.722644 -1 -1 -1 -1 -0.255852 -0.498967 0.862475 -1 -0.132721 0.570825 0.0310941 0.270329 -0.688404 -0.572902 -0.672222 -0.897602 -0.0108765 -0.435132 0.952105 -0.6398 -0.305344 -0.98082 -1 0.416777 0.794825 -0.326084 -1 -1 -1 -0.892906 -1 -1 -1 -0.0154855 0.422917 0.529627 -0.836121 -0.18672 0.208453 0.382081 0.232648 -1 -0.283161 -1 
-1 -1 -0.0511145 0.561616 -0.630193 -0.895889 -1 -0.793932 -1 -0.196839 -0.942185 0.220902 -1 -1 -0.349502 -1 -1 -0.861499 -0.915921 0.577315 -1 -1 1 -0.653697 -0.881627 -0.791698 -1 -1 -1 -0.0306114 -1 -0.332013 -1 -1 -0.732047 -0.796129 -0.568024 -0.0721995 -1 -0.637149 -1 -1 -0.741275 0.0339485 -1 -0.552008 -1 -0.964449 -1 -1 -1 -1 -1 -0.97177 -0.493427 -0.340355 0.161933 -1 0.130438 -0.12583 -1 -0.474854 -0.632157 -1 -1 -0.221404 -1 -0.999765 -0.251595 -1 -1 -0.463544 -1 -0.9825 -1 -0.780415 -0.734288 -0.883433 0.11196 -0.425242 -0.487931 -1 -1 -1 -0.0627788 -1 -1 -0.565204 -0.857216 -0.131086 -0.473639 -0.988945 -0.447307 -1 -1 -0.624856 -0.77184 -1 -1 -0.799539 -0.582147 -0.838112 -0.677453 -0.979204 -0.673288 -1 0.907613 -0.75982 -0.863469 -1 -0.291633 -1 -0.888558 0.731034 -0.548075 -0.77394 -0.896352 -1 -1 -1 0.167633 0.424489 -1 0.102289 -1 -0.829986 -1 -0.0380023 -0.913092 -1 0.819317 -0.606684 -0.756713 -0.646558 0.0799884 -1 -1 -1 
-0.264957 0.730534 -1 0.865113 -0.298437 -0.252582 -0.0505303 0.0849559 -0.734471 -1 0.249136 -1 -0.904513 -1 -0.974584 -0.708524 0.260621 -0.0358679 -0.490122 -1 0.133404 -1 0.0144355 -0.357836 0.698572 -0.225795 -1 0.382201 -0.458526 0.638833 -1 -0.0507682 -0.485949 -1 -0.430283 0.077301 0.996476 -0.868159 -0.574207 -1 0.333474 0.151796 -1 0.996761 0.122397 -0.248353 0.214882 -1 -0.712401 -1 0.324612 -0.351929 -0.14248 -0.833203 -1 -1 0.409645 0.351872 -1 -0.974079 -0.138769 -1 -1 -0.662592 -0.026861 -0.145959 0.320839 -1 -0.666749 -1 -1 -0.465229 0.758715 -0.649372 -0.531836 -1 -0.726506 -0.123147 -0.824087 0.804759 -0.0608498 0.174532 -1 -0.805359 -1 -0.969651 -0.522148 0.0379223 0.540383 0.885118 0.122295 -0.750747 -0.744563 -1 -1 -1 -1 -1 0.173892 -0.498967 0.298179 -1 -0.00322014 0.0595156 -0.301856 0.248608 -1 -0.235138 -0.018246 -0.409944 -0.125941 0.677948 0.89753 -0.6398 -0.132161 -0.225174 -1 -0.126152 0.728789 -1 -1 -1 -0.758008 -0.892906 -0.962235 -1 -1 0.0955097 0.993763 -0.362357 -0.836121 -0.711209 0.630463 -0.100943 0.977941 -0.890779 -0.245127 -1 
-0.775086 0.708115 -1 0.597793 -0.255954 0.521914 0.366851 0.0618182 0.0146022 -1 0.205053 -1 -1 -0.977986 -0.869027 -0.758267 -0.0935205 0.622778 -0.433885 -0.738571 -0.0261473 -1 0.0144355 -0.699514 0.512454 0.175763 -1 -0.296159 -0.669766 0.638833 -0.62255 -0.0507682 -0.485949 -0.0510718 -1 0.077301 0.612072 -1 -0.130494 -1 -0.0308721 0.151796 -0.928298 0.83203 -0.0976093 -1 0.214882 -1 -0.745066 -1 0.357478 0.781835 -0.14248 -1 -0.742799 -0.396677 0.409645 0.351872 -0.725457 -0.974079 -0.538522 -0.982179 -1 -0.750539 -0.0332558 0.498385 0.320839 -0.46453 -1 -0.634496 -1 -0.661271 0.569728 -1 -0.165289 -0.607671 -0.580837 0.384697 0.411546 0.704229 -0.021243 -0.295115 0.236951 -1 -1 -1 -0.26363 0.622107 -0.462721 -0.431376 -0.454716 -0.750747 -0.460883 -0.81607 -0.649742 -1 -1 -1 0.134371 -1 0.538034 -0.977085 0.518012 0.309588 0.0310941 -0.867439 -0.688404 0.209902 0.0934212 -0.67143 0.0364938 0.677948 -0.275316 -1 -0.132161 -0.225174 -1 0.280558 0.653262 -0.873875 -1 -1 -0.907422 -0.892906 -0.886343 -1 -0.386987 0.0442988 0.974266 1 -0.928968 -0.00376821 0.401972 0.317531 1 -0.890779 -0.0868822 -0.56883 
-0.264957 0.730534 -1 0.865113 -0.743474 -0.252582 -0.0505303 0.0931559 -0.734471 -1 0.249136 -1 -0.904513 -1 -0.974584 -0.708524 -0.669332 0.0329803 -0.490122 -1 0.147871 -1 0.0144355 -0.716801 0.698572 -0.225795 -1 0.469715 -1 0.638833 -1 -0.0507682 -0.485949 -1 -0.626925 0.077301 0.996476 -0.869817 -0.574207 -1 0.333474 0.151796 -1 0.996761 0.122397 -0.248353 0.214882 -1 -0.712401 -1 0.324612 -0.610862 -0.14248 -0.833203 -1 -1 0.409645 0.351872 -1 -0.974079 -1 -1 -1 -0.545472 -0.026861 -0.145959 0.320839 -1 -0.671019 -0.954796 -0.782635 -1 0.758715 -1 -0.531836 -0.644935 -0.726506 -0.123147 -0.824087 0.804759 -0.0608498 0.412942 -1 -0.779411 -1 -0.969651 -0.522148 0.0379223 0.540383 0.885118 0.122295 -1 -0.744563 -1 -1 -1 -1 -1 0.173892 -1 0.298179 -1 -0.00322014 0.0595156 -0.267484 -0.33169 -1 -0.235138 -0.018246 -0.409944 -0.125941 0.677948 0.490933 -0.6398 -1 -0.663568 -1 -0.126152 0.728789 -1 -1 -1 -0.758008 -0.892906 -0.962235 -1 -1 0.0955097 0.974266 -0.362357 -0.836121 -0.711209 -0.0810585 -0.100943 0.977941 -0.890779 -0.245127 -1 
-0.57063 -0.334625 -1 0.47631 -0.309851 -0.529616 0.239948 -0.101658 -1 -1 0.000953525 -0.742607 -1 -1 -0.664396 -1 0.260621 0.298599 -1 -0.344239 -0.0971031 -1 0.0144355 -0.357836 0.490635 0.353328 -1 -0.0738393 -0.742033 0.172614 -0.62255 -0.354558 -0.485949 -0.621633 -0.646573 0.077301 0.612072 -0.438414 -1 -0.981406 -0.200879 -0.808945 -1 0.83203 -0.745096 -0.0789957 0.214882 -1 -0.292476 -1 -0.680543 0.781835 -0.14248 -1 -0.621297 -1 0.048222 -0.507184 -0.727041 -1 0.0384577 -1 -1 -1 -0.0332558 -0.208317 -0.083435 -0.46453 -0.440751 -1 -1 -0.945842 -0.425571 -1 -0.742738 -1 -0.580837 0.384697 0.411546 0.790307 0.139567 -0.204548 -0.160218 -1 -0.699743 -1 -0.26363 0.958484 0.147039 0.488353 0.122295 -0.750747 -0.228649 -0.780822 -0.649555 -0.714304 -1 -1 0.407147 -1 0.538034 -1 -0.266274 0.30786 -0.319174 0.173993 -0.94729 -0.975924 0.264461 -0.84481 -0.832353 0.677948 1 -0.6398 -0.0976909 -1 -1 0.0238342 0.548202 -1 -0.950742 -1 -0.907422 -0.729062 -1 -1 -0.422027 0.0319444 1 1 -0.836121 -0.871996 0.227085 0.616862 0.977941 -0.890779 -0.364764 -0.850463 
-0.57063 0.730534 -1 0.597793 -0.381173 -0.529616 0.366851 -0.101658 -0.592385 -0.872711 0.000953525 -0.742607 -0.97619 -1 -0.866057 -0.65024 0.260621 0.298599 -0.605156 -0.738571 -0.0971031 -0.868896 0.0144355 -0.357836 0.490635 0.353328 -1 0.766234 -0.742033 0.638833 -0.62255 -0.49726 -0.485949 -0.621633 -0.646573 0.114675 0.452158 -0.555833 -0.130494 -0.981406 -0.0324355 0.151796 -1 0.649151 -0.0976093 -0.106829 0.214882 -1 -0.592966 -1 0.357478 0.781835 -0.14248 -1 -0.621297 -1 0.0805914 -0.507184 -0.720839 -1 -0.138769 -1 -1 -0.968078 -0.0332558 -0.208317 -0.083435 -0.46453 -0.629868 -0.964852 -1 -0.945842 -0.127136 -0.286877 -0.531836 -1 -0.580837 0.422879 0.411546 0.790307 -0.16982 0.170025 -0.151791 -0.805359 -1 -1 -0.26363 0.622107 0.581467 0.488353 0.122295 -0.750747 -0.307386 -0.871421 -0.649555 -1 -1 -1 0.407147 -1 0.538034 -0.940575 -0.266274 0.309588 -0.319174 0.248608 -0.688404 -0.956397 -0.118101 -0.67143 -0.0108765 0.677948 0.758176 -0.61794 -0.132161 -0.225174 -1 0.0238342 0.88011 -0.495156 -0.962151 -1 -0.892778 -1 -0.962235 -1 -0.422027 -0.0154855 1 1 -1 -0.00376821 0.227085 0.301205 0.943227 -0.890779 -0.364764 -0.743176 
-0.57063 0.730534 -1 0.597793 -0.298437 -0.529616 0.366851 -0.101658 -0.592385 -0.872711 0.000953525 -0.742607 -0.97619 -1 -0.866057 -0.708524 0.260621 0.298599 -0.433885 -0.738571 -0.0971031 -0.868896 0.0144355 -0.357836 0.490635 0.402033 -1 0.900234 -0.742033 0.638833 -0.62255 -0.297757 -0.485949 -0.621633 -0.646573 0.114675 0.612072 -0.555833 -0.130494 -0.981406 -0.0324355 0.151796 -1 0.649151 -0.0976093 -0.117793 0.214882 -1 -0.592966 -1 0.357478 0.781835 -0.14248 -1 -0.621297 -1 0.0805914 -0.507184 -0.720839 -1 -0.138769 -1 -1 -1 -0.0332558 -0.208317 -0.083435 -0.46453 -0.440751 -0.964852 -1 -0.945842 -0.127136 -0.286877 -0.531836 -1 -0.580837 0.422879 0.411546 0.790307 -0.0563567 0.170025 -0.151791 -0.805359 -1 -1 -0.26363 0.622107 0.581467 0.488353 0.122295 -0.750747 -0.307386 -0.871421 -0.641759 -1 -1 -1 0.407147 -1 0.538034 -0.940575 -0.266274 0.309588 -0.319174 0.248608 -0.688404 -1 -0.118101 -0.67143 -0.15988 0.677948 0.758176 -0.61794 -0.132161 -0.225174 -1 0.0238342 0.88011 -0.477408 -0.962151 -1 -0.863294 -1 -0.962235 -1 -0.422027 -0.0154855 1 1 -1 -0.00376821 0.227085 0.301205 0.943227 -0.890779 -0.364764 -0.743176 
-0.95832 0.955968 -1 0.576 -0.298437 -0.645117 -0.254255 -0.753148 -0.734471 -1 0.141931 -1 -1 -1 -1 -0.708524 0.260621 -0.0358679 -0.490122 -1 0.147871 -1 0.0144355 -0.357836 -0.106866 -0.00883234 -1 0.382201 -0.55765 0.247971 -1 -0.556741 -0.485949 -1 -0.757032 0.077301 0.996476 -0.868159 -0.574207 -1 0.475014 0.151796 -1 0.810263 0.122397 -0.248353 0.487632 -0.798519 -0.712401 -1 0.515168 -0.351929 -0.129385 -1 -1 -1 0.409645 0.351872 -1 -0.974079 -0.292348 -1 -1 -1 -0.216167 -1 -0.607457 -0.756804 -0.84944 -1 -1 -0.465229 0.776854 -0.837268 -0.531836 -1 -0.726506 -0.123147 -0.824087 0.688435 -0.0608498 0.149516 -1 -0.805359 -1 -0.969651 -1 0.0379223 0.231611 0.885118 0.122295 -0.58687 -0.744563 -1 -1 -1 -0.966842 -1 -0.766189 -0.498967 0.298179 -1 0.0613768 0.0595156 -0.210993 0.248608 -1 -1 -0.018246 -0.409944 -0.125941 0.677948 0.798637 -0.855545 -0.132161 -0.225174 -1 -0.126152 -0.374626 -1 -1 -1 -0.758008 -0.896134 -0.962235 -1 -1 0.0955097 0.974266 -0.362357 -1 -1 0.630463 -0.203898 0.965854 -0.890779 -0.033903 -1 
-0.264957 -0.26459 -1 0.865113 0.0910734 -0.952559 0.166279 0.0931559 -1 -1 0.466348 -1 -0.904513 -1 -0.974584 -0.708524 0.260621 -0.0358679 -0.490122 -1 0.147871 -1 0.0144355 -0.357836 0.698572 -0.211404 -0.922098 -0.658474 -1 0.638833 -1 -0.0507682 -0.442303 -1 -0.426755 0.077301 0.607766 -0.868159 -0.574207 -1 -0.085207 0.151796 -1 0.996761 0.122397 -0.248353 0.253336 -1 -0.77929 -0.637318 0.324612 -1 -0.14248 -1 -1 -1 0.409645 -0.742831 -0.642938 -1 -0.138769 -1 -1 -0.818091 -0.723443 0.111028 -0.66255 -1 -0.666749 -0.954796 -0.656738 -0.465229 0.704206 -0.649372 -1 -1 -0.726506 -0.123147 -0.654411 0.804759 -0.830048 0.126126 -1 -0.805359 -1 -0.937942 -0.470536 0.269687 0.540383 0.375641 0.122295 -0.750747 -0.877844 -1 -1 -1 -1 -1 0.173892 -1 0.298179 -1 -0.00322014 -0.814376 -0.301856 0.183462 -1 -0.340232 -0.018246 -0.409944 -0.372774 0.677948 0.89753 -0.6398 -0.0733804 -0.225174 -1 -0.0443817 0.728789 -0.997937 -1 -1 -0.758008 -1 -1 -1 -0.728209 0.0955097 0.974266 -0.346485 -0.959093 -0.711209 0.580327 -1 0.977941 -0.890779 -0.245127 -1 
-0.57063 0.928976 -0.955148 0.850393 0.0430121 0.521914 0.366851 0.0618182 0.0146022 -1 0.249136 -1 -0.904513 -1 -0.75736 -1 0.260621 -0.33703 -0.433885 -1 -0.0971031 -1 0.0144355 -0.357836 0.490635 -0.0283214 -1 0.900234 -0.458526 -0.552394 -0.62255 -0.790657 -1 -0.215657 -0.430283 0.077301 0.996476 -0.438414 0.0357919 -1 -0.0266633 -0.0113864 -1 0.710876 -0.0976093 -1 0.214882 -1 -0.469918 -1 -0.30816 0.781835 -1 -1 -1 -0.0384873 0.275285 0.734098 -0.720839 -1 -0.138769 -1 -1 -0.545472 -0.026861 0.261153 0.320839 -0.58058 -0.440751 -1 -1 -0.465229 0.00116882 -1 -0.175263 -1 -0.580837 0.384697 0.347487 -0.100503 0.618418 0.272427 -0.22467 -0.599681 -1 -0.969651 -0.26363 0.883843 0.390552 0.656717 -0.246519 -1 -0.38817 -0.185273 -1 -1 -0.968701 -0.803284 -0.308587 -0.498967 0.739576 -1 0.854496 0.631825 0.0310941 0.248608 -0.922011 -0.439798 -0.225196 -0.781373 -0.20301 -0.455633 1 -0.6398 -0.337053 -0.98082 -1 0.0238342 0.833689 -0.526582 -1 -1 -0.907422 -0.892906 -0.962235 -0.71551 -1 -0.0154855 0.253722 1 -0.836121 -0.00376821 0.495806 0.301205 0.232648 -0.890779 -0.283161 -1 
-1 1 -1 0.898097 -0.184473 -0.429775 -0.0497629 0.0618182 0.291513 -0.797179 -0.384795 -1 -0.904513 -1 -0.873579 -0.794234 0.557402 0.525676 -1 -0.998041 -0.0971031 -0.837925 0.0144355 -0.440011 0.128098 -0.0283214 -1 0.204911 -0.530994 0.638833 -1 -0.783234 -0.885752 -0.0628653 -0.430283 0.077301 1 -0.119411 -0.118444 -1 -0.716225 -0.0449191 -1 0.710876 -1 -1 0.373288 -1 -0.469918 -1 -0.30816 0.781835 -0.489905 -1 -0.961313 -0.0384873 0.275285 0.807619 -0.995381 -1 -1 -0.973543 -1 -1 -0.062408 -0.925143 -1 -0.636879 -0.791231 -1 -0.717772 -0.465229 -1 -1 -0.379385 -1 -0.580837 0.384697 0.347487 -1 -0.103999 -0.20537 -0.377332 -1 -1 -0.969651 -0.307754 0.543597 0.425389 0.426625 -1 -1 -1 -0.722644 -1 -1 -1 -1 -0.255852 -0.498967 0.862472 -1 -0.132721 0.570825 0.0310941 -0.437886 -0.688404 -0.572902 -0.706015 -0.897602 -0.0108765 -0.435132 1 -0.6398 -0.305344 -0.98082 -1 0.367948 -0.0880152 -0.326084 -1 -1 -1 -0.892906 -1 -1 -1 -0.0154855 0.422917 0.529627 -0.836121 -0.18672 0.208453 0.382081 0.232648 -1 -0.283161 -1 
-1 0.971687 -1 0.898097 -0.915659 -0.429775 0.366851 0.0618182 0.0146022 -0.848752 -0.356342 -1 -1 -1 -0.873579 -1 0.557402 -0.282616 -0.927249 -0.998041 -0.0971031 -0.837925 0.0144355 -0.440011 -0.00795367 -0.123387 -0.925797 0.49903 -1 0.642314 -0.62255 -1 -1 -0.36019 -0.430283 0.182415 0.853509 -0.629574 -0.804518 -1 -0.952508 -0.0449191 -1 0.667451 -0.970117 -1 0.215397 -1 -0.767598 -1 -0.30816 0.781835 -0.754677 -1 -1 -0.803565 0.0185438 0.807619 -0.968164 -1 -1 -1 -1 -1 0.221153 0.0145283 -1 -0.58058 -0.852921 -1 -0.717772 -0.431003 -1 -1 -0.379385 -1 -0.580837 0.432675 0.347487 -1 -0.103999 -0.20537 -0.377332 -1 -1 -0.981069 -0.307754 0.511931 -0.725348 0.0645683 -0.489095 -1 -0.263369 -0.631632 -1 -0.99971 -1 -1 -0.255852 -1 0.932659 -0.822134 -0.0983029 0.468729 0.0310941 0.270329 -0.688404 -0.572902 -1 -0.897602 -0.0108765 -0.435132 0.895558 -0.571343 -0.305344 -1 -1 0.323658 -0.252067 -0.336731 -1 -1 -1 -0.824031 -1 -1 -1 -0.0154855 0.422917 0.529627 -0.836121 -0.18672 0.208453 0.199916 0.232648 -1 -0.283161 -1 
-0.57063 0.928976 -1 0.898097 -0.298437 0.580674 0.366851 0.0618182 0.0146022 -0.865111 0.249136 -1 -0.904513 -1 -0.75736 -1 0.260621 0.622778 -0.433885 -1 -0.0971031 -1 0.0144355 -0.29239 0.490635 -0.0283214 -1 0.900234 -0.436173 0.507859 -1 -0.790657 -1 -0.0510718 -0.430283 0.077301 0.891144 -1 0.0357919 -1 0.294548 0.151796 -1 0.766172 -0.197446 -1 0.214882 -1 -0.469918 -1 -0.30816 0.781835 -0.14248 -1 -1 -0.240063 0.275285 0.704345 -1 -1 -0.138769 -1 -1 -0.545472 -0.0093597 0.261153 0.320839 -0.58058 -0.440751 -1 -1 -0.465229 -0.0187827 -1 -0.531836 -1 -0.580837 0.384697 0.0913631 -0.100503 0.618418 0.284041 -0.151791 -0.599681 -1 -0.969651 -0.14119 0.883843 0.540383 0.656717 -0.137951 -1 -0.263369 -0.185273 -1 -1 -1 -0.809563 -0.308587 -0.498967 0.739576 -1 0.843067 0.421583 0.0310941 0.248608 -0.688404 -0.336371 -0.225196 -1 -0.0108765 -0.455633 0.693875 -0.6398 -0.305344 -1 -1 0.0238342 0.833689 -0.526582 -1 -1 -0.907422 -0.892906 -0.962235 -0.71551 -1 -0.0154855 0.422917 1 -0.836121 -0.00376821 0.495806 -0.822207 0.268024 -0.890779 -0.283161 -0.550207 
-1 1 -1 0.898097 -1 -0.597776 0.565836 -1 0.0146022 -0.78917 -0.600001 -1 -0.730203 -1 -0.794279 -1 0.557402 0.525676 -1 -1 -0.281393 -1 0.284975 -0.387781 0.0681367 -0.0283214 -1 0.179609 -0.799623 0.638833 -1 -0.400904 -0.90256 -0.27086 -1 -0.0148271 0.677498 -0.438414 -0.157136 -1 -0.644263 0.145722 -1 0.710876 -0.532705 -1 0.214882 -1 -0.469918 -1 -0.418731 1 -0.796633 -1 -1 -0.0384873 -0.280848 0.606921 -1 -1 -0.74073 -1 -0.892388 -1 -0.321206 0.0683494 -1 -0.807697 -0.791231 -0.945092 -0.717772 -0.465229 -1 -1 -0.379385 -1 -1 0.39553 -0.610613 -1 -0.10302 -1 0.302974 -0.993843 -1 -1 -1 0.263334 0.425389 -0.154415 -1 -1 -0.0923458 -0.722644 -1 -1 -1 -0.712219 -0.177661 -0.478629 0.5308 -1 -0.132721 0.570825 0.0310941 -0.000929683 -0.95243 -0.49969 -0.672222 -1 -0.0108765 -0.455633 0.651867 -0.6398 -1 -1 -1 0.416777 0.71304 -0.326084 -1 -1 -1 -1 -0.621714 -1 -0.916754 -0.0154855 -0.45789 0.15511 -0.836121 -0.179414 0.208453 0.301205 0.0594383 -1 -0.900242 -1 
-0.57063 0.730534 -1 0.597793 -0.298437 -0.448539 0.366851 -0.101658 -0.592385 -0.872711 0.000953525 -0.742607 -0.97619 -1 -0.866057 -0.664177 0.260621 0.298599 -0.433885 -0.738571 -0.0971031 -0.868896 0.0144355 -0.357836 0.490635 0.353328 -1 0.900234 -0.742033 0.638833 -0.62255 -0.354558 -0.485949 -0.621633 -0.646573 0.077301 0.612072 -0.438414 -0.130494 -0.981406 -0.0324355 0.151796 -1 0.656193 -0.0976093 -0.117793 0.214882 -1 -0.592966 -1 0.390753 0.781835 -0.228676 -1 -0.621297 -1 -0.157211 -0.507184 -0.727041 -1 -0.295821 -1 -1 -0.808507 -0.0290011 -0.208317 -0.083435 -0.46453 -0.440751 -1 -0.928573 -0.91878 -0.14473 -0.354107 -0.531836 -1 -0.580837 0.384697 0.411546 0.790307 0.139567 0.284041 -0.151791 -0.805359 -1 -1 -0.26363 0.622107 0.581467 0.488353 0.122295 -0.750747 -0.307386 -0.841043 -0.649555 -1 -1 -1 0.438206 -1 0.538034 -1 -0.266274 0.309588 -0.319174 0.129615 -0.688404 -0.956397 0.0705066 -0.67143 -0.0108765 0.677948 0.758176 -0.6398 -0.468466 -0.290539 -1 -0.0114701 0.88011 -0.652666 -1 -1 -0.907422 -1 -1 -1 -0.542771 -0.0154855 1 1 -0.836121 -0.00376821 0.227085 0.301205 0.977941 -0.890779 -0.364764 -0.850463 
-1 1 -1 0.898097 -0.184473 -0.429775 0.240364 0.0618182 0.0146022 -0.848752 -0.356342 -1 -0.904513 -1 -0.873579 -0.736546 0.557402 0.525676 -0.850368 -1 -0.0971031 -0.837925 -0.0443322 -0.220047 0.128098 -0.0283214 -1 0.14413 -0.468566 -0.0667431 -0.32693 -0.303496 -0.885752 -0.36019 -0.430283 0.077301 1 -0.514641 -0.118444 -1 -1 -1 -0.922292 0.710876 -1 -1 0.148185 -1 -0.535312 -1 -0.232796 0.781835 -0.862576 -1 -1 -0.0384873 0.275285 0.798821 -1 -1 -1 -0.99946 -1 -1 -0.0195621 0.128114 -1 -0.932457 -0.962531 -1 -0.717772 -0.465229 -1 -1 -0.379385 -1 -0.580837 0.384697 0.255124 -1 -0.103999 -0.20537 -0.0983569 -1 -1 -1 -0.307754 0.543597 0.331357 0.426625 -0.528477 -1 -0.263369 -0.722644 -1 -1 -1 -1 -0.603705 -0.498967 0.773125 -0.871624 -0.19512 0.570825 0.0310941 0.270329 -0.681117 -0.572902 -0.809898 -0.897602 -0.197967 -0.898975 1 -0.6398 -0.683993 -1 -1 0.416777 0.794825 -0.327682 -1 -0.978281 -1 -0.872866 -1 -1 -1 -0.0154855 0.422917 0.468613 -0.836121 -0.18672 0.208453 0.295076 0.232648 -1 -0.283161 -1 
-1 0.890231 -1 0.898097 -0.184473 -0.429775 0.321377 0.0618182 0.0146022 -0.848752 -0.356342 -1 -0.904513 -1 -0.873579 -0.990197 0.557402 0.896406 -0.927249 -1 -0.0971031 -0.837925 0.0144355 -0.440011 0.128098 -0.0283214 -1 0.594878 -0.530994 0.638833 -0.243619 -0.400904 -0.885752 -0.36019 -0.430283 0.211231 1 -0.438414 -0.118444 -1 -0.679573 -0.327441 -1 0.191308 -0.970117 -1 0.148185 -1 -0.469918 -1 -0.30816 0.781835 -0.489905 -1 -1 -0.0384873 -0.479898 0.403569 -1 -1 -1 -1 -1 -1 -0.062408 0.0145283 -1 -0.58058 -0.791231 -1 -0.717772 -1 -1 -1 -0.379385 -1 -0.580837 0.384697 -0.0472226 -1 -0.103999 -0.20537 -0.377332 -1 -1 -0.969651 -1 0.543597 0.425389 0.426625 -0.528477 -1 -0.208149 -0.722644 -1 -1 -1 -1 -0.255852 -0.769269 0.862472 -1 -0.132721 0.570825 0.0310941 0.270329 -0.688404 -0.572902 -1 -0.897602 -0.0108765 -0.0848023 1 -0.6398 -0.305344 -0.98082 -1 0.500772 0.794825 -0.326084 -1 -1 -1 -0.892906 -1 -1 -1 0.255729 0.422917 0.529627 -0.723875 -0.18672 0.208453 -0.0821112 0.232648 -1 -0.283161 -1 
-0.763609 -1 -0.0511145 0.872572 -1 -0.938034 -0.83577 -0.841121 -0.910344 -0.905524 -0.942185 -0.767054 -1 -1 -0.43321 -1 -0.928447 -1 -1 0.577315 -1 -1 0.89948 -0.653697 -1 -0.791698 -1 -1 -1 -0.62904 -1 -0.608888 -1 -0.923257 -0.710651 -0.988864 -1 -0.216438 -1 -0.684369 -1 -1 -1 -0.955213 -0.898617 -0.924828 -1 -1 -1 -0.808573 -1 -1 -1 -1 -0.197969 -0.505116 0.161933 -1 -0.813455 -0.847279 -1 -1 -1 -1 -1 -0.221404 -1 -0.999765 -0.550934 -1 -1 -0.723124 -0.702091 -1 -1 -0.780415 -1 -0.883433 0.100166 -0.486451 -1 -1 -1 -1 -0.0627788 -0.641222 -1 -0.824673 -0.469937 -0.0861908 -0.419029 -1 -0.591758 -1 -1 -0.727245 -1 -1 -1 -1 -0.794108 -1 -0.791392 -1 -1 -1 0.91317 -0.923036 -0.834139 -1 -0.65036 -0.848305 -1 0.731034 -0.481355 -0.817315 -1 -0.670915 -0.674969 -1 -0.464817 0.685103 -1 -0.248612 -0.962384 -0.442695 -0.7108 0.35332 -0.913092 -1 0.039676 -0.763037 -0.801283 -0.741506 0.268318 -1 -1 -1 
-0.666048 0.708115 -1 0.597793 -0.255954 0.521914 0.366851 0.0618182 0.0146022 -1 0.249136 -1 -1 -0.977986 -0.869027 -0.758267 -0.0935205 0.622778 -0.433885 -0.738571 -0.0963043 -1 0.0144355 -0.705698 0.512454 0.175763 -1 -0.296159 -0.669766 0.638833 -0.62255 -0.0507682 -0.485949 -0.0510718 -1 0.077301 0.612072 -1 -0.130494 -1 -0.0308721 0.151796 -0.928298 0.83203 -0.0976093 -1 0.214882 -1 -0.745066 -1 0.36111 0.781835 -0.14248 -1 -0.742799 -0.396677 0.239812 0.351872 -0.725457 -0.974079 -0.538522 -0.982179 -1 -0.60062 -0.0332558 0.498385 0.374257 -0.46453 -1 -0.634496 -1 -0.661271 0.441948 -0.947197 -0.165289 -0.607671 -0.580837 0.32385 0.411546 0.704229 -0.0146406 -0.295115 0.236951 -1 -1 -1 -0.26363 0.622107 -0.462721 -0.431376 -0.454716 -0.750747 -0.263369 -0.81607 -0.649555 -1 -1 -1 0.134371 -1 0.360444 -0.977085 0.518012 0.231582 0.0310941 -0.884272 -0.688404 0.209902 0.0934212 -0.67143 0.0364938 0.677948 -0.226323 -1 -0.132161 -0.225174 -1 0.335698 0.653262 -0.736843 -1 -0.9505 -0.907422 -0.892906 -0.886343 -1 -0.386987 -0.0154855 0.974266 1 -0.836121 -0.00376821 0.401972 0.317531 1 -0.890779 -0.0868822 -0.56883 
-0.996943 0.721083 -1 1 -0.298437 0.292356 0.366851 0.0618182 -0.542242 -1 -0.648318 -1 -1 -1 -0.866057 -0.708524 -0.636128 0.718652 -0.48346 -0.924667 -0.0971031 -1 0.0144355 -0.522995 0.185872 -0.17813 -1 0.059394 -0.634427 0.969029 -0.385683 -1 -0.485949 -0.382824 -0.791974 -0.832989 0.979964 -0.492424 -0.376707 -1 0.165291 0.151796 -1 -0.421299 -0.0976093 -1 0.214882 -1 -0.712401 -0.9023 1 -0.425819 -0.14248 -0.940223 -1 -1 -0.0976851 0.219028 -1 -0.974079 -1 -1 -1 -1 -0.362595 -0.895675 0.204951 -0.58058 -0.0731035 -0.49511 -0.79924 -1 0.758715 -0.605943 -0.961561 -1 -0.732957 0.454166 0.0824484 0.605821 0.439517 -0.204442 -0.470417 -0.805359 -1 -1 -0.26363 -0.389408 -0.0990457 0.71974 -1 -1 -0.189595 -0.843277 -0.649555 -1 -1 -1 -0.198278 -1 0.739576 -1 -0.151212 0.595797 0.0310941 -0.315978 -0.557986 -0.00685523 -0.100778 -1 0.17859 0.434348 0.378943 -0.6398 -0.0460199 0.0712388 -1 0.0238342 0.833689 -0.526582 -1 -1 -1 -0.982789 -1 -1 -0.386987 -0.0815089 0.974266 1 -1 -0.00376821 0.495806 0.301205 0.731919 -0.890779 0.403623 -0.980742 
-1 0.679534 -1 0.898097 -0.423919 -0.285609 0.366851 -0.298687 -0.0461025 -0.741368 -0.820776 -1 -0.904513 -1 -1 -0.64127 0.557402 0.506606 -0.927249 -0.854193 0.116456 -0.741202 0.0144355 -1 -0.146453 -0.254958 -1 0.204911 -0.552217 0.605667 -1 -0.659791 -0.939687 -0.875048 -1 -0.734342 0.869032 -0.438414 -1 -1 -1 -0.206014 -0.974808 0.710876 -1 -1 0.0916062 -0.907988 -0.693511 -1 -0.30816 0.469106 -0.57993 -1 -1 -0.384509 0.275285 0.807619 -0.93874 -1 -1 -1 -1 -0.60834 0.294559 0.355632 -1 -0.58058 -0.791231 -1 -0.934792 -0.802838 -1 -1 -0.379385 -1 -0.580837 -0.0725228 -0.19213 -1 -0.164044 -0.20537 -0.377332 -1 -1 -0.969651 -0.307754 0.543597 0.417081 0.419174 -0.687775 -1 -0.225527 -0.722644 -1 -1 -1 -1 -0.987608 -1 -0.211272 -1 -0.132721 0.570825 0.0310941 0.270329 -0.392637 -0.572902 -0.672222 -1 -0.0108765 -0.91219 1 -0.6398 -0.305344 -1 -1 0.416777 0.27294 -0.326084 -1 -1 -1 -1 -1 -1 -0.949355 0.0825902 0.422917 -0.431497 -0.821177 -1 0.28316 0.382081 0.232648 -1 -1 -1 
-0.763609 -1 -0.0511145 0.561616 -1 -0.895889 -1 -0.793932 -0.935646 -0.260595 -0.942185 -0.71225 -1 -0.50605 -0.349502 -1 -0.928447 -1 -0.915921 0.577315 -1 -1 0.804524 -0.653697 -0.773911 -0.791698 -0.625549 -1 -0.654775 -1 -1 -0.332013 -1 -1 -0.732047 -0.796129 -0.568024 -0.216438 -1 -0.637149 -0.995265 -1 -0.704125 0.0339485 -1 -0.552008 -1 -1 -1 -0.792174 -1 -1 -1 -1 -0.637056 -0.340355 0.161933 -1 0.130438 -0.12583 -0.995625 -0.474854 -0.632157 -1 -1 -0.221404 -1 -0.999765 -0.252061 -1 -1 -0.723124 -1 -1 -1 -0.780415 -0.734288 -0.883433 0.194274 -0.610222 -0.487931 -1 -1 -1 -0.0627788 -0.853081 -1 -0.565204 -0.469937 -0.131086 -0.473639 -0.988945 -1 -1 -0.990054 -0.624856 -0.997979 -1 -1 -0.799539 -0.582147 -0.838112 -0.677453 -0.98484 -1 -1 0.909816 -0.75982 -0.863469 -1 -0.291633 -0.848305 -0.888558 0.731034 -0.548075 -0.625608 -1 -1 -1 -1 0.167633 0.424489 -1 0.102289 -1 -0.829986 -1 -0.0380023 -0.913092 -0.982904 0.819317 -0.763037 -0.756713 -1 -0.374301 -1 -1 -1 
-1 1 -0.881857 0.560459 -0.392841 0.556447 0.366851 -0.292607 0.0146022 -0.602826 -0.102911 -1 -1 -1 -0.866057 -1 -0.0697955 0.599587 -1 -0.738571 -0.0971031 -0.837012 -1 -0.376681 -0.457623 0.166249 -0.994516 -1 -1 0.638833 -1 -0.819454 -0.466977 -0.144047 -0.517388 -0.0723495 0.889926 -0.722933 -0.130494 -1 -0.947168 -1 -1 0.710876 -0.258361 -0.248353 0.254161 -1 -0.983561 -1 0.494352 0.118161 -0.255297 -1 -1 -0.171441 0.409645 0.349917 -1 -0.974079 -0.311506 -0.810453 -1 -0.545472 -0.026861 -1 -0.822057 -0.517632 -0.440751 -0.810649 -1 -0.876054 0.26325 -0.649372 -0.734607 -1 -0.919685 -0.11468 -1 -0.00719142 0.0835002 0.263066 -0.914214 -1 -1 -1 -0.496202 0.271454 -1 0.824683 0.168779 -0.97685 -0.76207 -0.462808 -0.257098 -1 -1 -1 0.173892 -1 0.598294 -1 -0.371444 0.631825 -0.0750989 0.248608 -1 -0.00907595 0.251902 -0.880037 0.204222 -1 0.789222 -1 0.0530911 -0.657388 -1 0.0238342 0.780432 -1 -1 -1 -0.907422 -0.823393 -0.962235 -0.869497 -0.486304 -0.060686 0.844457 1 -0.990053 -0.00376821 0.193352 0.141381 0.901505 -0.890779 -1 -0.694428 
-1 1 -1 0.898097 -0.184473 -0.429775 0.366851 0.0618182 0.0146022 -0.848752 -0.356342 -0.96751 -0.904513 -1 -0.873579 -0.990197 0.417422 0.478131 -0.927249 -0.998041 -0.0971031 -0.839688 0.0144355 -0.440011 0.128098 -0.0283214 -1 0.204911 -0.530994 0.638833 -0.62255 -0.580085 -0.885752 -0.36019 -0.430283 0.077301 0.782481 -0.438414 -0.211217 -1 -1 -0.0299016 -1 0.74255 -0.970117 -1 0.148185 -1 -0.469918 -1 -0.30816 0.781835 -0.489905 -1 -1 -0.0384873 0.275285 0.863254 -0.995381 -1 -1 -1 -1 -1 -0.062408 0.0145283 -1 -0.58058 -0.824038 -1 -0.717772 -0.465229 -1 -1 -0.379385 -1 -0.580837 0.384697 0.347487 -1 -0.103999 -0.20537 -0.428533 -1 -1 -0.969651 -0.307754 0.543597 0.279435 0.426625 -0.528477 -1 -0.263369 -0.722644 -1 -1 -1 -1 -0.255852 -0.498967 0.862472 -1 -0.132721 0.570825 0.0310941 0.270329 -0.688404 -0.564153 -0.672222 -1 -0.0108765 -0.435132 1 -0.6398 -0.305344 -0.98082 -1 0.416777 0.794825 -0.326084 -1 -1 -1 -0.892906 -1 -1 -1 -0.0154855 0.422917 0.529627 -0.836121 -0.18672 0.208453 0.382081 0.232648 -1 -0.283161 -0.995344 
-0.778843 0.730534 -1 0.898097 -0.56837 0.543828 0.366851 -0.298758 0.0146022 -1 0.249136 -1 -0.904513 -1 -0.590141 -0.628603 0.274074 -0.679895 -1 -0.738571 -0.132404 -0.841608 -0.0820735 -0.432052 -1 0.353328 -1 0.570923 -0.885082 0.613882 -1 -0.0507682 -0.485949 -0.0213586 -0.876572 -0.895236 1 -0.312202 -0.130494 -1 -0.649563 -0.101905 -1 0.710876 -0.0976093 -0.396286 0.214882 -1 -0.969469 -1 0.628244 0.781835 -0.255297 -0.959794 -1 -0.107232 -0.27647 -0.112482 -1 -0.974079 -0.311506 -0.810453 -1 -0.545472 -0.224982 -0.361082 0.320839 -0.517632 -0.440751 -0.810649 -1 -1 0.507597 -0.649372 -0.505771 -1 -1 -0.140828 -0.771606 0.702962 -0.24412 0.149007 -1 -0.9269 -1 -1 -0.414694 0.622107 -0.108263 0.824683 -0.0356577 -1 -0.263369 -0.142677 -0.649555 -1 -1 -1 0.173892 -0.691162 -0.312667 -1 -0.645987 0.567158 0.0310941 0.248608 -0.976787 0.141984 -0.152668 -0.880037 -0.0108765 -0.861839 0.847349 -0.964207 -0.197169 -0.457049 -1 0.0909393 0.200361 -0.604731 -0.99936 -1 -0.907422 -0.892906 -1 -0.896108 -0.640674 -0.0336389 0.903789 1 -1 -0.00376821 -0.43658 0.301205 0.826546 -0.890779 -0.571121 -0.675373 
-1 1 -1 0.898097 -0.417071 -0.429775 0.366851 0.0618182 0.0146022 -0.848752 -0.356342 -0.912278 -0.904513 -1 -1 -0.929907 0.557402 0.623965 -0.927249 -0.998041 -0.0971031 -0.894444 0.0144355 -0.440011 0.128098 -0.230148 -1 0.204911 -0.530994 0.638833 -0.62255 -0.400904 -0.885752 -0.36019 -0.430283 0.077301 1 -0.438414 -0.118444 -1 -1 -0.0449191 -1 0.710876 -0.970117 -1 0.148185 -0.921299 -0.469918 -1 -0.411183 0.781835 -0.489905 -1 -1 -0.0384873 0.275285 0.807619 -0.995381 -1 -1 -1 -1 -1 -0.062408 0.0145283 -0.921597 -0.684225 -0.791231 -1 -0.717772 -0.465229 -1 -1 -0.379385 -1 -0.580837 0.384697 0.347487 -1 -0.103999 -0.20537 -0.377332 -1 -1 -1 -0.307754 0.454542 0.425389 0.426625 -0.483196 -0.997505 -0.263369 -0.722644 -1 -1 -1 -1 -0.168321 -0.550421 0.862472 -1 -0.132721 0.444456 0.0854503 0.0820795 -0.688404 -0.685901 -0.672222 -0.897602 -0.0108765 -0.435132 1 -0.6398 -0.305344 -0.98082 -1 0.416777 0.794825 -0.326084 -1 -1 -1 -1 -1 -1 -1 -0.0073314 0.422917 0.529627 -0.836121 -0.18672 0.208453 0.250367 0.232648 -1 -0.283161 -1 
-0.57063 0.928976 -1 0.599522 -0.298437 0.521914 0.366851 0.344224 -0.112155 -0.558453 -1 -1 -0.904513 -0.969037 -1 -0.70775 0.260621 0.553538 -0.215758 -1 -0.0445895 -1 0.0144355 -0.896157 0.526309 -0.153267 -1 0.900234 -1 0.261221 -0.62255 -0.790657 -1 -0.0371642 -0.0851361 0.077301 0.985704 -1 -0.323287 -0.986342 0.0720248 0.151796 -1 0.441409 -0.18788 -1 0.214882 -1 -1 -1 -0.30816 0.781835 -0.619843 -1 -0.701941 -0.879106 0.586749 1 -1 -1 -0.109174 -0.656958 -1 -0.545472 -0.026861 0.348117 0.320839 -0.913005 -0.806467 -1 -0.731264 -0.465229 -0.864728 -1 -0.602005 -1 -0.580837 -0.505074 0.347487 -0.100503 0.591032 0.284041 -0.151791 -0.599681 -1 -1 -0.43895 -0.196345 0.377043 -1 -0.791057 -1 -0.263369 -0.768993 -1 -1 -1 -0.809563 -0.104721 -1 0.739576 -1 0.854496 0.419457 0.0310941 0.248608 -0.923662 0.097122 -0.225196 -1 0.015883 -0.297261 1 -0.970327 -0.305344 -0.98082 -1 0.0238342 0.833689 -0.59987 -1 -1 -1 -0.892906 -1 -0.713177 -1 -0.033383 0.422917 0.73773 -0.836121 -0.84987 0.577819 0.301205 -0.333405 -0.890779 -0.141781 -0.550207 
-0.57063 0.928976 -1 0.599522 -0.298437 0.521914 0.366851 0.321925 0.0146022 -0.865111 -0.0696767 -1 -0.904513 -0.969037 -0.75736 -0.70775 0.260621 0.622778 -0.433885 -1 -0.0445895 -1 0.0144355 -0.896157 0.490635 -0.153267 -1 0.900234 -0.472981 0.261221 -0.62255 -0.790657 -1 -0.0510718 -0.0851361 0.077301 0.985704 -0.533626 0.0357919 -1 0.0720248 0.151796 -1 0.710876 -0.0976093 -1 0.214882 -1 -1 -1 -0.30816 0.781835 -0.14248 -1 -0.655287 -0.0384873 0.275285 1 -0.89686 -0.967122 -0.138769 -1 -1 -0.545472 -0.026861 0.348117 0.320839 -0.913005 -0.440751 -1 -1 -0.465229 -0.0187827 -1 -0.531836 -1 -0.580837 0.241061 0.347487 -0.100503 0.591032 0.284041 -0.151791 -0.599681 -1 -0.969651 -0.26363 0.883843 0.377043 -0.0686965 -0.137951 -1 -0.263369 -0.768993 -1 -1 -1 -0.809563 -0.308587 -0.82928 0.739576 -1 0.854496 0.397911 0.0310941 0.248608 -0.923662 0.209902 -0.225196 -1 -0.0108765 -0.382614 1 -0.6398 -0.305344 -0.98082 -1 0.0238342 0.833689 -0.59987 -1 -1 -1 -0.892906 -0.962235 -0.713177 -1 -0.033383 0.422917 1 -0.836121 -0.00376821 0.577819 0.301205 0.232648 -0.890779 -0.141781 -0.550207 
-0.57063 0.928976 -1 0.599522 -0.298437 0.521914 0.393623 0.321925 0.0146022 -0.860863 -0.0696767 -1 -0.904513 -0.969037 -0.75736 -0.70775 0.260621 0.622778 -0.433885 -1 -0.0445895 -1 0.0144355 -0.896157 0.490635 -0.153267 -1 0.900234 -0.472981 0.261221 -0.62255 -0.790657 -1 -0.0510718 -0.0851361 0.077301 0.985704 -0.533626 0.0357919 -1 0.0720248 0.151796 -1 0.710876 -0.0976093 -1 0.214882 -1 -1 -1 -0.30816 0.781835 -0.14248 -1 -0.701941 -0.0384873 0.275285 1 -0.89686 -0.967122 -0.138769 -0.988156 -1 -0.545472 -0.026861 0.348117 0.320839 -0.913005 -0.440751 -1 -1 -0.465229 -0.0187827 -1 -0.531836 -1 -0.580837 0.241061 0.347487 -0.100503 0.591032 0.284041 -0.151791 -0.697877 -1 -0.969651 -0.26363 0.883843 0.377043 -0.0686965 -0.137951 -1 -0.263369 -0.768993 -1 -1 -1 -0.809563 -0.308587 -0.82928 0.739576 -1 0.854496 0.397911 0.0310941 0.248608 -0.923662 0.209902 -0.225196 -1 -0.0108765 -0.382614 1 -0.6398 -0.305344 -0.98082 -1 0.0238342 0.833689 -0.59987 -1 -1 -1 -0.892906 -0.962235 -0.713177 -1 -0.033383 0.422917 1 -0.836121 -0.00376821 0.577819 0.301205 0.232648 -0.890779 -0.141781 -0.550207 
-0.57063 0.730534 -1 0.597793 -0.309851 -0.613567 0.366851 -0.101658 -0.592385 -1 0.000953525 -0.742607 -1 -1 -0.664396 -0.708524 0.260621 0.298599 -1 -0.344239 -0.0971031 -0.868896 0.0144355 -0.357836 0.490635 0.353328 -1 -0.00902665 -0.742033 0.172614 -0.62255 -0.354558 -0.485949 -0.621633 -0.646573 0.077301 0.612072 -0.438414 -0.130494 -0.981406 -0.200879 0.210929 -1 0.83203 -0.745096 -0.0789957 0.214882 -1 -0.292476 -1 -0.714 0.781835 -0.14248 -0.758473 -0.621297 -1 0.048222 -0.489281 -0.727041 -1 -0.138769 -1 -1 -1 -0.0332558 -0.208317 -0.083435 -0.46453 -0.440751 -1 -1 -0.945842 -0.14473 -1 -1 -1 -0.580837 0.384697 0.411546 0.790307 0.139567 -0.204548 -0.160218 -1 -1 -1 -0.26363 0.958484 0.147039 0.488353 0.122295 -0.750747 -0.228649 -0.871421 -0.649555 -1 -1 -1 0.407147 -1 0.538034 -1 -0.266274 0.309588 -0.319174 0.173993 -0.688404 -0.975924 0.0705066 -0.84481 -0.0108765 0.677948 0.758176 -0.6398 -0.0976909 -1 -1 0.0238342 0.88011 -0.495156 -0.950742 -1 -0.907422 -0.682855 -1 -1 -0.422027 0.0319444 1 1 -0.836121 -0.871996 0.227085 0.301205 0.977941 -0.890779 -0.343475 -0.850463 
-1 0.616514 -1 -0.070977 -1 -0.448539 0.088433 -0.101658 -0.425507 -1 -0.14951 -1 -0.97619 -1 -0.866057 -0.708524 0.295755 0.298599 -0.877915 -0.806036 -0.0971031 -0.868896 -0.32773 -0.357836 0.490635 0.405789 -1 0.900234 -0.660763 0.638833 -1 -0.22716 -0.485949 -0.621633 -0.646573 0.077301 0.612072 -0.201653 -0.130494 -1 -0.45207 0.151796 -1 0.260314 -0.0976093 0.167619 0.452022 -0.822399 -0.592966 -1 0.390753 -0.124386 -0.927403 -1 -0.621297 -1 0.048222 -0.507184 -0.716241 -0.786343 -0.517214 -1 -1 -0.808507 -0.0332558 -0.208317 -0.206132 -0.46453 -0.440751 -1 -0.990447 -1 -0.510338 -0.286877 -0.531836 -1 -0.580837 0.149099 -0.673882 0.854822 0.139567 0.284041 -0.151791 -0.805359 -1 -1 -0.26363 0.622107 0.437 0.488353 0.493579 -1 -0.872344 -0.871421 -0.649555 -1 -1 -0.698527 -0.457288 -1 0.500204 -1 -0.267807 0.309588 -0.319174 0.113498 -1 -0.956397 0.0705066 -0.67143 -0.0108765 0.625868 0.758176 -0.722228 -0.285634 -1 -1 -0.00734199 0.88011 -0.652666 -0.854511 -1 -1 -1 -1 -0.674149 -0.835572 -1 1 1 -0.836121 -0.00376821 0.252557 0.301205 0.945309 -0.890779 -0.706669 -0.850463 
-0.57063 0.0160853 -1 0.898097 -0.746936 0.586753 0.366851 -0.00278348 0.0146022 -0.9273 0.249136 -1 -0.904513 -1 -0.98915 -0.708524 0.260621 0.622778 -0.433885 -1 -0.0971031 -1 0.0144355 -0.357836 0.472707 -0.0283214 -0.90413 -0.237699 -0.458526 -0.551872 -0.62255 -1 -1 -0.0510718 -0.430283 -0.0112529 0.996476 -0.117293 0.0357919 -1 -0.531923 0.151796 -1 0.710876 -0.0976093 -0.70148 0.214882 -1 -0.469918 -0.969249 -0.30816 0.616084 -0.918716 -1 -0.437567 -0.0384873 -0.251619 0.704345 -0.720839 -1 -0.477012 -1 -1 -0.505051 0.0182338 0.261153 0.320839 -1 -0.416505 -1 -0.739752 -0.465229 -0.0187827 -1 -0.531836 -1 -0.957266 0.384697 0.347487 -0.100503 -0.195784 0.284041 -1 -0.695565 -1 -0.969651 -0.47655 0.736762 0.336493 0.656717 -0.137951 -1 -0.263369 -0.185273 -1 -1 -1 -0.809563 -0.563809 -0.498967 1 -1 0.854496 -0.231823 0.0310941 0.248608 -0.689905 0.209902 -0.0259222 -1 -0.857576 -0.455633 1 -0.720054 -0.305344 -1 -1 0.0238342 0.833689 -0.526582 -1 -0.657113 -1 -0.530172 -0.575733 -0.71551 -0.830066 -0.0154855 0.266327 1 -0.452782 -0.00376821 0.495806 0.301205 0.287968 -0.890779 -0.283161 -0.550207 
-0.57063 1 -0.947931 0.898097 -0.298437 -0.315495 0.366851 -0.0528766 0.066253 -0.865111 0.101251 -1 -1 -0.911193 -0.75736 -0.708524 0.102454 0.622778 -0.433885 -1 -0.757282 -1 -0.162378 -0.357836 0.490635 -0.0283214 -1 0.0309089 -0.857635 0.48141 -0.62255 -0.827121 -1 0.265331 -0.45924 0.077301 0.996476 -0.701028 0.0357919 -1 0.252425 0.151796 -1 0.710876 -0.0976093 -0.65018 -0.945021 -1 -0.528574 -1 -1 0.719972 -0.193698 -1 -0.701941 -0.0384873 0.275285 -0.184428 -1 -1 -0.138769 -1 -1 -0.545472 -0.026861 0.261153 -0.450117 -0.58058 -1 -0.841522 -1 -0.24407 -0.0187827 -1 -0.531836 -1 -0.580837 0.359666 -0.396471 -0.100503 -0.416486 0.286725 -0.948939 -0.238125 -1 -1 -0.616503 0.883843 0.178771 0.656717 0.103228 -1 -0.351977 -0.131517 -1 -1 -1 -1 -0.308587 -0.498967 0.739576 -1 0.854496 0.631825 0.0310941 0.216215 -0.688404 -0.702264 -0.307602 -1 -0.0108765 -0.212906 1 -0.896493 -0.621372 -0.98082 -1 -0.210203 0.833689 -0.526582 -0.913632 -1 -0.977255 -0.892906 -1 -0.335677 -1 0.189367 0.422917 0.991907 -1 -0.00376821 0.495806 0.301205 0.232648 -1 -0.283161 -0.974125 
-1 1 -1 0.898097 -0.184473 -0.429775 0.0634664 0.0618182 0.0146022 -1 -0.193362 -1 -1 -1 -0.873579 -0.990197 0.557402 0.525676 -0.927249 -1 -0.0971031 -0.837925 0.0144355 -0.339882 0.128098 -0.0283214 -0.677691 0.204911 -0.530994 0.638833 -0.62255 -0.472447 -0.885752 -0.209311 -0.883399 0.077301 1 -0.287193 -0.284576 -1 -1 -1 -1 -0.304704 -0.755428 -0.754014 0.148185 -1 -0.469918 -1 -0.30816 0.781835 -0.416477 -1 -1 -0.0384873 0.275285 0.807619 -0.995381 -1 -0.6464 -0.938023 -1 -1 -0.062408 -1 -1 -0.252217 -0.791231 -1 -0.396079 -0.465229 -1 -1 -0.00869303 -0.954216 -0.580837 0.384697 -0.763264 -0.643324 -0.103999 -0.20537 -0.377332 -1 -1 -0.969651 -0.307754 0.77584 -0.319949 0.749755 -0.651152 -1 -1 -0.868026 -1 -0.91539 -1 -1 -0.255852 -0.817616 0.862472 -1 -0.831111 0.570825 0.0310941 0.270329 -0.688404 -0.994621 -0.672222 -0.897602 0.355394 -0.536068 1 -0.666693 -0.305344 -0.98082 -1 0.416777 0.794825 -0.326084 -1 -1 -1 -0.532227 -1 -1 -1 -0.0154855 0.422917 0.529627 -0.836121 -0.380208 0.208453 0.501707 0.232648 -1 0.071553 -1 
-0.57063 0.730534 -1 0.545385 -0.298437 -0.448539 0.366851 -0.101658 -0.592385 -0.872711 0.000953525 -0.742607 -0.97619 -1 -0.866057 -0.708524 0.260621 0.298599 -0.433885 -0.738571 -0.0971031 -0.868896 0.0144355 -0.357836 0.490635 0.353328 -1 0.900234 -0.742033 0.638833 -0.62255 -0.354558 -0.485949 -0.621633 -0.646573 0.077301 0.612072 -0.438414 -0.130494 -0.981406 -0.0324355 0.151796 -1 0.656193 -0.0976093 -0.117793 0.214882 -1 -0.592966 -1 0.390753 0.781835 -0.14248 -1 -0.621297 -1 -0.157211 -0.507184 -0.727041 -1 -0.295821 -1 -1 -0.808507 -0.0332558 -0.208317 -0.232029 -0.46453 -0.440751 -0.95266 -0.928573 -0.945842 -0.14473 -0.286877 -0.531836 -1 -0.580837 0.384697 0.411546 0.790307 0.139567 0.284041 -0.151791 -0.805359 -1 -1 -0.26363 0.622107 0.589422 0.488353 0.122295 -0.750747 -0.307386 -0.841043 -0.649555 -1 -1 -1 0.407147 -1 0.538034 -1 -0.234128 0.309588 -0.319174 0.129615 -0.688404 -0.956397 0.0705066 -0.67143 -0.0108765 0.677948 0.758176 -0.6398 -0.468466 -0.290539 -1 -0.0114701 0.88011 -0.652666 -1 -1 -0.907422 -1 -1 -1 -0.422027 -0.0154855 1 1 -0.836121 -0.00376821 0.227085 0.301205 0.977941 -0.890779 -0.364764 -0.850463 
-1 1 -1 0.898097 -0.184473 -0.429775 0.366851 0.0618182 -0.57445 -0.848752 -0.356342 -1 -0.904513 -1 -0.98821 -0.990197 0.557402 0.525676 -0.927249 -1 -0.0941295 -0.837925 0.0144355 -1 0.128098 -0.0283214 -0.756233 0.204911 -0.654992 0.638833 -0.62255 -0.400904 -1 -0.36019 -0.430283 0.100436 1 -0.438414 -0.118444 -1 -1 -0.0449191 -1 0.710876 -1 -1 0.148185 -1 -0.429259 -0.936864 -0.960886 0.781835 -0.099399 -1 -0.989147 -0.0384873 0.275285 0.727091 -1 -1 -1 -1 -1 -0.904638 -0.062408 0.0145283 -1 -0.926307 -0.791231 -1 -0.717772 -0.465229 -1 -1 -0.379385 -1 -0.580837 0.208732 0.284365 -1 -0.103999 -0.20537 -0.377332 -1 -1 -0.969651 -0.307754 0.543597 0.425389 0.322392 -0.528477 -0.993798 -0.263369 -0.722644 -1 -1 -1 -1 -0.255852 -0.498967 0.862472 -1 -0.132721 0.255726 0.0310941 0.236258 -0.688404 -0.852897 -0.672222 -0.897602 -0.0108765 -0.650774 1 -1 0.0503534 -0.98082 -0.851121 0.416777 0.794825 -0.326084 -1 -1 -1 -0.892906 -1 -1 -1 -0.0154855 0.449243 0.529627 -0.836121 -0.18672 0.277918 0.382081 0.232648 -1 -0.283161 -1 
0.802172 -0.20002 -0.738005 -0.492461 0.737678 0.53663 -0.0922619 -1 0.781799 0.54258 0.00557965 -0.399203 -1 -1 0.539934 -0.745593 -0.661875 -0.187513 0.0419604 -0.321126 -0.473527 -0.432256 -0.387876 0.163663 0.234478 0.308618 0.565984 0.301876 0.908481 0.260117 -0.742577 0.701942 -0.782362 -0.687849 0.952913 -1 -0.27258 0.659846 0.770919 -0.273576 0.856539 -0.604551 0.676902 0.524135 0.840957 -0.886299 0.776055 0.41341 -0.290501 0.59915 -0.877106 -0.42665 -0.517488 -0.3235 -0.280018 0.77601 -0.28568 0.412588 0.23886 -0.243174 -0.779715 -0.792407 0.762585 -0.267487 0.0338563 -0.151274 -0.46518 0.446202 0.238872 -0.00701731 -0.289156 0.651246 -0.197507 0.269964 -0.665395 0.0686466 0.754685 0.255852 -0.376988 -0.338562 -0.296972 0.79369 -0.851408 0.611698 0.485432 -0.824897 0.0147086 -0.418543 -0.431226 -0.275377 -0.772716 0.54588 0.776295 0.398932 -0.304743 0.109518 -0.77588 -1 0.722264 -0.140152 -0.0970847 -0.816452 -0.429959 -1 -0.994218 -0.918725 0.456362 -0.806652 -0.0333807 0.895567 0.718245 -0.469025 -0.73906 0.336284 -1 -0.93859 0.809466 -0.70305 0.327325 -0.055078 -0.359901 -0.559929 0.0994358 -0.975054 -0.203552 -0.116019 0.139283 0.000637054 0.380025 0.0367151 -0.770394 0.113274 0.201045 -0.291 -0.206828 -0.931021 0.729547 0.68448 
-1 0.964643 -1 0.898097 -0.184473 -1 0.366851 -0.206586 -0.166126 -0.848752 -0.356342 -1 -0.972828 -1 -0.873579 -0.990197 0.557402 0.525676 -0.927249 -0.998041 -1 -0.837925 0.0144355 -0.90044 0.128098 -0.0283214 -1 0.204911 -0.530994 0.638833 -0.62255 -0.400904 -0.885752 -0.36019 -0.745465 0.0211739 1 -1 -0.118444 -0.927667 -1 -0.468991 -1 0.710876 -0.970117 -1 0.148185 -1 -1 -1 -0.30816 0.781835 -0.489905 -0.713738 -1 -0.0384873 0.275285 0.807619 -0.995381 -1 -1 -1 -1 -1 -0.062408 -0.91126 -1 -0.311918 -0.791231 -1 -0.717772 -0.40829 -1 -1 -0.379385 -1 -0.580837 0.384697 0.347487 -1 -1 -0.20537 -0.433404 -1 -1 -0.709811 -0.194453 -0.232662 0.425389 0.426625 -0.528477 -1 -0.376351 -0.722644 -1 -1 -0.77141 -1 -0.255852 -0.498967 0.862472 -1 -0.132721 0.570825 -0.503235 0.270329 -0.688404 -0.572902 -0.658843 -0.897602 -0.0108765 -0.435132 1 -0.6398 -0.425838 -0.98082 -1 0.517459 0.151892 -0.326084 -1 -0.744223 -1 -0.892906 -1 -1 -1 -0.00637287 0.422917 0.475674 -0.903828 -0.18672 0.208453 0.382081 0.232648 -1 -0.954681 -1 
-0.57063 0.730534 -1 0.597793 -0.298437 -0.529616 0.366851 -0.101658 -0.592385 -0.872711 0.000953525 -0.686511 -0.97619 -1 -0.866057 -0.708524 0.260621 0.298599 -0.433885 -0.738571 -0.0971031 -1 0.0144355 -0.357836 0.490635 0.353328 -1 0.900234 -0.742033 0.638833 -0.62255 -0.354558 -0.485949 -0.579818 -0.646573 0.077301 0.556276 -0.438414 -0.130494 -0.981406 -0.0324355 0.151796 -1 0.83203 -0.0976093 -0.117793 0.214882 -1 -0.592966 -1 0.357478 0.781835 -0.065372 -1 -0.621297 -1 0.086952 -0.507184 -0.720839 -0.971637 -0.138769 -1 -1 -0.823291 -0.0332558 -0.146175 -0.083435 -0.46453 -0.440751 -0.966446 -1 -0.945842 -0.14473 -0.286877 -0.531836 -1 -0.580837 0.384697 0.411546 0.58611 0.139567 0.284041 -0.151791 -0.805359 -1 -0.942412 -0.26363 0.622107 0.581467 0.333336 0.122295 -0.784568 -0.307386 -0.871421 -0.649555 -1 -1 -1 0.407147 -0.955896 0.538034 -1 -0.465976 0.309588 -0.319174 0.248608 -0.688404 -0.956397 0.0705066 -0.67143 -0.0108765 0.677948 0.758176 -0.6398 -0.132161 -0.225174 -1 0.0238342 0.88011 -0.495156 -1 -1 -0.964145 -1 -0.962235 -1 -0.422027 -0.0154855 1 0.942076 -0.836121 -0.00376821 0.227085 0.301205 0.977941 -0.890779 -0.364764 -0.715431 
-0.70253 0.730534 -1 0.898097 -1 0.39225 0.366851 0.157592 0.0146022 -1 0.249136 -0.722095 -0.904513 -1 -0.866057 -1 0.612321 -0.00623125 -1 -0.738571 -0.0805475 -1 -0.740209 -0.432052 -1 0.109008 -1 0.570923 -1 0.349379 -0.899573 -0.655078 -0.459198 -0.17291 -0.517388 -0.950688 1 -0.426594 -0.130494 -1 -0.501293 0.0804437 -1 -0.237459 -0.0976093 -0.396286 -0.341817 -1 -1 -1 0.6477 0.421972 -0.255297 -1 -1 -1 0.436657 0.0964876 -1 -0.781914 -0.250183 -1 -1 -1 0.25874 -0.587064 -0.741752 -1 -1 -1 -1 -1 -0.275522 -0.80787 -0.655244 -1 -0.435276 -0.140828 -0.771606 0.702962 -0.606636 0.158232 -1 -0.767848 -0.966728 -1 -0.414694 0.299783 -0.108263 0.738977 0.122295 -0.750747 -0.628701 -0.462808 0.234046 -1 -1 -1 0.173892 -0.601862 0.176773 -1 -0.645987 0.6122 0.0310941 -0.768417 -0.976787 0.141984 0.0282354 -1 -1 -0.861839 0.540654 -1 -1 -0.488936 -1 -0.449755 0.520837 -0.857517 -1 -1 -0.870471 -0.892906 -1 -0.685898 -1 -0.0336389 0.844457 -0.0254683 -1 -0.00376821 0.193352 -0.642236 0.943881 -0.845687 -0.792607 -1 
-1 -0.569147 -1 0.87078 -0.423919 -0.391559 0.366851 -0.298687 -0.0461025 -1 -0.886929 -1 -0.991385 -0.617474 -1 -1 0.557402 0.525676 -0.678536 -0.976126 0.116456 -0.837925 0.0144355 -0.505558 -0.803905 -1 -1 0.204911 -1 0.638833 -1 -0.659791 -1 -0.852435 -0.430283 -0.383922 0.534901 -0.970053 -1 -1 -1 -0.660489 -0.974808 0.45031 -0.970117 -1 -0.38525 -0.907988 -1 -1 -0.773113 -0.549121 -0.583214 -1 -1 -0.0384873 0.275285 -0.106675 -1 -1 -1 -1 -1 -1 -0.932748 0.0145283 -1 -0.713175 -0.814071 -0.717453 -1 -1 -1 -0.952807 -0.494977 -1 -0.953375 0.352474 -1 -1 -0.0891511 -1 -0.909989 -1 -1 -0.969651 -0.307754 0.335723 0.417081 0.426625 -1 -1 -0.766432 -0.722644 -1 -1 -1 -0.946173 -0.987608 -0.498967 0.862472 -1 -0.132721 0.696892 -0.180386 0.270329 -1 -0.572902 -0.804795 -0.897602 -0.0108765 -0.763781 0.0255612 -0.6398 -0.305344 -1 -0.666435 0.416777 -0.349952 -0.326084 -1 -1 -1 -1 -0.694664 -1 -0.601857 -0.119391 0.422917 0.529627 -1 -1 0.208453 0.382081 0.232648 -1 -0.283161 -0.683908 
-1 1 -1 0.898097 -0.184473 -0.429775 0.366851 0.0618182 0.0146022 -1 -0.356342 -1 -0.904513 -1 -0.873579 -0.990197 0.557402 0.525676 -0.927249 -0.998041 -0.0971031 -0.837925 0.0144355 -0.440011 0.128098 -0.0283214 -1 0.204911 -0.530994 0.638833 -0.62255 -0.400904 -0.885752 -0.36019 -0.430283 0.077301 1 -0.438414 -0.118444 -1 -1 -0.0449191 -1 0.710876 -0.970117 -1 0.148185 -1 -0.469918 -1 -0.30816 0.781835 -0.489905 -1 -1 -0.0384873 0.275285 0.807619 -0.995381 -1 -1 -1 -0.966707 -1 -0.062408 0.0145283 -1 -0.58058 -0.791231 -1 -0.717772 -0.465229 -1 -1 -0.379385 -1 -0.580837 0.384697 0.347487 -1 -0.163267 -0.20537 -0.451011 -1 -1 -0.969651 -0.307754 0.543597 0.425389 0.426625 -0.528477 -1 -0.263369 -0.722644 -1 -0.976257 -1 -1 -0.255852 -0.498967 0.862472 -1 -0.132721 0.570825 0.0310941 0.270329 -0.688404 -0.572902 -0.672222 -0.897602 -0.0108765 -0.532805 1 -0.6398 -0.305344 -0.98082 -1 0.416777 0.794825 -0.326084 -1 -1 -1 -0.892906 -1 -1 -1 -0.0154855 0.422917 0.529627 -0.836121 -0.18672 0.172935 0.3074 0.232648 -1 -0.283161 -1 
-0.57063 0.730534 -1 0.898097 -0.298437 0.521914 0.366851 0.0618182 0.0146022 -0.865111 0.249136 -1 -0.904513 -1 -0.866057 -0.708524 0.260621 0.622778 -0.433885 -0.738571 -0.0971031 -1 0.0144355 -0.357836 0.490635 0.353328 -1 0.900234 -0.458526 0.638833 -0.62255 -0.0507682 -0.485949 -0.0510718 -0.430283 0.077301 0.996476 -0.438414 -0.130494 -1 0.165291 0.151796 -1 0.710876 -0.0976093 -0.248353 0.214882 -1 -0.712401 -1 0.628244 0.781835 -0.14248 -1 -1 -0.0384873 0.409645 0.351872 -0.720839 -0.974079 -0.138769 -0.810453 -1 -0.545472 -0.026861 0.261153 0.320839 -0.58058 -0.440751 -0.49511 -1 -0.465229 0.758715 -0.649372 -0.531836 -1 -0.580837 0.384697 0.347487 0.702962 0.618418 0.284041 -0.151791 -0.805359 -1 -0.969651 -0.26363 0.622107 0.540383 0.803554 0.122295 -0.750747 -0.263369 -0.185273 -0.649555 -1 -1 -1 0.173892 -0.498967 0.739576 -1 0.698666 0.631825 0.0310941 0.248608 -0.688404 0.209902 0.0705066 -0.67143 -0.0108765 0.677948 0.758176 -0.6398 -0.132161 -0.225174 -1 0.0238342 0.833689 -0.526582 -1 -1 -0.907422 -0.892906 -0.962235 -1 -0.386987 -0.0154855 0.974266 1 -0.836121 -0.00376821 0.495806 0.301205 0.977941 -0.890779 0.654888 -0.550207 
-0.57063 0.730534 -1 0.898097 -0.298437 0.521914 0.366851 0.0618182 0.0146022 -0.865111 0.249136 -1 -0.904513 -1 -0.866057 -0.708524 0.260621 0.622778 -0.433885 -0.738571 -0.0971031 -1 0.0144355 -0.357836 0.490635 0.353328 -1 0.900234 -0.458526 0.638833 -0.62255 -0.0507682 -0.485949 -0.0510718 -0.430283 0.077301 0.996476 -0.438414 -0.130494 -1 0.165291 0.151796 -1 0.710876 -0.0976093 -0.248353 0.214882 -1 -0.712401 -1 0.628244 0.781835 -0.14248 -1 -1 -0.0384873 0.409645 0.351872 -0.720839 -0.974079 -0.138769 -0.810453 -1 -0.545472 -0.026861 0.261153 0.320839 -0.58058 -0.440751 -0.49511 -1 -0.465229 0.758715 -0.649372 -0.531836 -1 -0.580837 0.384697 0.347487 0.702962 0.618418 0.284041 -0.151791 -0.805359 -1 -0.969651 -0.26363 0.622107 0.540383 0.803554 0.122295 -0.750747 -0.263369 -0.185273 -0.649555 -1 -1 -1 0.173892 -0.498967 0.739576 -1 0.698666 0.631825 0.0310941 0.248608 -0.688404 0.209902 0.0705066 -0.67143 -0.0108765 0.677948 0.758176 -0.6398 -0.132161 -0.225174 -1 0.0238342 0.833689 -0.526582 -1 -1 -0.907422 -0.892906 -0.962235 -1 -0.386987 -0.0154855 0.974266 1 -0.836121 -0.00376821 0.495806 0.301205 0.977941 -0.890779 0.654888 -0.550207 
-1 1 -1 0.898097 -0.184473 -0.429775 0.366851 0.0618182 0.0146022 -0.848752 -0.256694 -1 -0.904513 -1 -0.873579 -0.990197 0.586266 0.363359 -0.927249 -1 -0.0971031 -0.837925 0.0854073 -0.75182 0.128098 -0.159035 -1 0.204911 -0.530994 0.684297 -0.62255 -0.42692 -0.885752 -0.36019 -0.430283 0.077301 1 -0.438414 -0.118444 -1 -1 -0.0449191 -1 0.710876 -1 -1 0.127325 -1 -0.469918 -1 -0.282818 0.781835 -0.489905 -1 -1 -0.0384873 0.289704 0.797296 -0.995381 -1 -1 -1 -1 -1 -0.062408 0.0145283 -1 -0.58058 -0.791231 -1 -0.717772 -0.465229 -1 -1 -0.379385 -1 -0.580837 0.384697 0.347487 -0.936908 -0.103999 -0.20537 -0.377332 -1 -1 -0.969651 -0.449764 0.543597 0.425389 0.426625 -0.528477 -1 -0.263369 -0.722644 -1 -1 -1 -1 -0.255852 -0.498967 0.596031 -1 -0.162729 0.570825 0.0310941 0.270329 -0.688404 -0.572902 -0.768352 -0.993205 -0.0108765 -0.435132 1 -0.983232 -0.305344 -0.98082 -1 0.416777 0.645784 -0.326084 -1 -1 -1 -0.892906 -1 -1 -1 -0.0154855 0.422917 0.529627 -0.836121 -0.18672 0.208453 0.382081 0.232648 -1 -0.283161 -1 
-0.57063 0.928976 -1 0.898097 -0.541255 0.521914 0.366851 0.0618182 0.0146022 -0.928388 0.249136 -1 -0.894346 -1 -1 -0.708524 0.260621 0.622778 -0.433885 -1 -0.0971031 -1 0.0144355 -0.357836 0.114688 -0.476738 -1 0.900234 -0.203195 0.638833 -0.652728 -0.790657 -0.885752 -0.0510718 -0.430283 0.077301 0.996476 -0.438414 0.0357919 -1 0.165291 0.151796 -1 0.710876 -0.0976093 -1 0.108887 -1 -0.469918 -1 -0.265518 0.781835 -0.14248 -1 -0.597871 -0.0384873 0.275285 0.704345 -1 -1 -0.138769 -1 -1 -0.545472 -0.026861 0.261153 -0.354334 -0.190006 -0.440751 -1 -1 -0.465229 -0.122869 -1 -0.531836 -1 -0.580837 0.384697 0.347487 -0.537139 0.533633 0.284041 -0.151791 -0.599681 -1 -0.969651 0.0653634 0.883843 0.540383 0.656717 -0.137951 -1 -0.263369 -0.185273 -1 -1 -1 -0.809563 -0.308587 -1 0.739576 -0.956205 0.854496 0.677891 0.0310941 0.248608 -0.688404 0.191738 -0.225196 -1 -0.585127 -0.216336 1 -0.6398 -0.305344 -1 -1 0.0238342 0.833689 -0.526582 -1 -1 -0.907422 -0.892906 -1 -1 -1 -0.0154855 0.422917 1 -0.836121 -0.0803471 0.495806 0.301205 0.232648 -1 -0.283161 -0.550207 
-0.491627 -0.883531 -0.497612 -0.560755 -0.539687 0.1534 0.0972959 -0.605898 -0.284877 0.183926 -0.666164 -0.967384 -0.2608 -0.301459 0.523375 -1 -0.516052 0.779797 0.203937 -0.0403377 0.0377778 -0.331726 0.839471 0.457152 0.173467 -0.913151 0.77903 -1 -0.989069 0.930353 -0.925961 0.00996888 -1 -0.851199 -0.283138 0.460285 0.506605 -0.622254 0.965336 -0.0856922 -0.397369 0.280477 -0.373375 -1 -0.689545 -0.799231 -0.680991 -0.28249 -0.976072 0.538161 0.220267 -0.66176 -0.54903 0.920428 -0.672874 -0.847308 0.513585 -0.845883 -0.918081 0.377777 -0.971265 -0.0770726 0.921057 -0.852235 0.968989 0.958478 -0.117308 -0.313404 0.684088 -0.577208 -1 0.728637 -0.0328658 -0.874244 -0.0389065 0.18755 0.910975 -0.525694 -0.0908349 -0.656361 0.385503 0.235972 -1 -0.757588 -0.021585 -0.405499 -0.453122 -1 0.64136 -0.015642 0.0612259 -0.407015 0.796871 0.136208 0.404117 1 0.0980506 -0.771748 -1 0.718267 0.611685 -0.271153 0.554588 -0.809169 0.206799 -0.698432 0.450517 -0.759404 0.467441 0.160682 -0.257141 -0.559904 0.569784 -0.724277 -0.233597 -0.672039 0.830791 -0.484605 -0.990882 0.160771 0.194277 0.0148255 0.0793869 -1 -0.841383 -0.816944 0.135647 0.0479873 -0.579297 0.668259 -0.535258 -0.376583 0.604971 -0.978024 -0.438277 -1 -0.100467 0.898245 
-0.924508 1 -0.669964 0.632944 -0.0186431 -0.313375 0.366851 -0.651756 0.12229 -0.753578 -0.874318 -1 -0.834976 -1 -0.508962 -1 0.557402 -1 -1 -1 -0.0971031 -0.607032 0.0144355 -0.440011 -1 -0.487058 -1 -1 -1 0.638833 -0.754828 -0.944998 -0.750585 -0.0666205 -0.625559 -0.22773 1 -1 -0.362431 -0.821368 -1 -0.253602 -1 0.710876 -0.671218 -1 0.366443 -1 -0.534648 -1 -0.644798 -1 -1 -1 -1 -0.40503 0.301474 0.807619 -1 -1 -0.425092 -0.535341 -1 -1 -0.062408 -0.041728 -1 -0.780406 -1 -1 -1 -0.534078 -1 -1 -1 -1 -1 0.428275 0.340505 -1 -0.103999 -0.256287 -1 -0.629753 -1 -1 -0.97537 0.498482 -1 0.312252 -0.788804 -0.923316 -0.263369 -0.983949 -1 -1 -0.819584 -1 -0.82268 -1 0.862472 -1 -0.0436413 0.570825 0.0310941 -0.229433 -0.491234 -0.239586 -0.672222 -0.93369 -1 -0.52507 1 -1 -0.305344 -1 -1 0.648318 0.0597476 -0.0107929 -1 -1 -1 -0.860377 -0.821483 -0.395124 -1 0.23161 0.551818 0.257948 -0.959728 -0.389448 0.553083 -1 0.0416422 -1 -0.494061 -1 
-0.57063 0.226274 -1 1 -0.298437 -0.177589 0.366851 0.0618182 0.0146022 -0.588713 0.249136 -1 -0.904513 -1 -0.866057 -0.708524 0.260621 0.622778 -0.540063 -0.738571 -0.0971031 -1 0.0144355 -0.357836 0.490635 0.353328 -1 0.900234 -0.40113 0.935037 -0.54567 -0.0507682 -0.485949 -0.0510718 -1 0.077301 0.996476 -0.555406 -0.130494 -1 -0.617558 0.151796 -1 0.710876 -0.0976093 -0.426038 0.214882 -1 -0.712401 -1 0.628244 0.781835 -0.14248 -1 -1 -0.0384873 -1 -0.47162 -0.720839 -0.974079 0.512233 -0.550755 -0.986065 -1 -0.026861 0.261153 0.320839 -0.58058 -0.971775 -1 -1 -0.465229 0.758715 -1 -1 -1 -0.580837 0.384697 0.347487 0.702962 0.618418 -0.911204 -0.151791 -0.682301 -1 -1 -0.26363 0.622107 0.540383 0.676348 0.122295 -0.750747 -0.451653 -0.508476 -0.649555 -1 -1 -1 0.173892 -0.498967 0.739576 -1 0.698666 0.0528072 0.0310941 0.248608 -0.688404 0.209902 0.0705066 -0.707774 -0.0108765 0.677948 0.758176 -0.6398 -0.132161 -0.225174 -1 0.0238342 0.833689 -0.526582 -0.415242 -0.967952 -0.907422 -0.930088 -0.962235 -0.628891 -0.410901 -0.0700408 0.974266 1 -0.792013 -0.0710683 0.495806 0.301205 0.782979 -0.890779 0.654888 -1 
-1 1 -1 0.898097 -0.184473 -0.429775 0.240364 0.0618182 0.0146022 -0.848752 -0.424541 -1 -0.904513 -1 -0.873579 -0.708346 0.557402 0.525676 -0.850368 -1 -0.0971031 -0.837925 -0.0443322 -0.220047 0.128098 -0.0283214 -1 0.14413 -0.530994 -0.0667431 -0.246199 -0.303496 -0.885752 -0.36019 -0.430283 0.077301 1 -0.438414 -0.0806629 -1 -1 -1 -0.922292 0.710876 -1 -1 0.148185 -1 -0.464508 -1 -0.232796 0.781835 -0.862576 -1 -1 -0.0384873 0.242705 0.798821 -1 -1 -1 -0.99946 -1 -1 0.0346126 0.128114 -1 -1 -0.962531 -1 -0.717772 -0.465229 -1 -1 -0.379385 -1 -0.580837 0.384697 0.255124 -1 -0.103999 -0.20537 -0.0983569 -1 -1 -1 -0.317809 0.543597 0.178368 0.426625 -0.528477 -1 -0.263369 -0.722644 -1 -1 -1 -1 -0.603705 -0.498967 0.862472 -0.871624 -0.132721 0.570825 0.0310941 0.270329 -0.681117 -0.572902 -0.672222 -0.897602 -0.197967 -0.95948 1 -0.6398 -0.683993 -0.982756 -0.977732 0.416777 0.794825 -0.327682 -1 -1 -1 -0.872866 -1 -1 -1 -0.0154855 0.422917 0.468613 -0.836121 -0.18672 0.208453 0.438741 0.232648 -1 -0.283161 -1 
-0.57063 0.928976 -1 0.898097 -0.298437 0.521914 0.366851 0.0618182 0.0146022 -0.865111 0.249136 -1 -0.904513 -1 -0.75736 -0.708524 0.260621 0.622778 -0.433885 -1 -0.0971031 -1 0.0144355 -0.357836 0.490635 -0.0283214 -1 0.900234 -0.458526 0.638833 -0.62255 -0.790657 -0.885752 -0.0510718 -0.430283 0.077301 0.996476 -0.438414 0.0357919 -1 0.165291 0.151796 -1 0.710876 -0.0976093 -1 0.214882 -1 -0.469918 -1 -0.30816 0.781835 -0.14248 -1 -0.701941 -0.0384873 0.275285 0.704345 -0.720839 -1 -0.138769 -1 -1 -0.545472 -0.026861 0.261153 0.320839 -0.58058 -0.440751 -1 -1 -0.465229 -0.0187827 -1 -0.531836 -1 -0.580837 0.384697 0.347487 -0.100503 0.618418 0.284041 -0.151791 -0.599681 -1 -0.969651 -0.26363 0.883843 0.540383 0.656717 -0.137951 -1 -0.263369 -0.185273 -1 -1 -1 -0.809563 -0.308587 -0.498967 0.739576 -1 0.854496 0.631825 0.0310941 0.248608 -0.688404 0.209902 -0.225196 -1 -0.0108765 -0.455633 1 -0.6398 -0.305344 -0.98082 -1 0.0238342 0.833689 -0.526582 -1 -1 -0.907422 -0.892906 -0.962235 -0.71551 -1 -0.0154855 0.422917 1 -0.836121 -0.00376821 0.495806 0.301205 0.232648 -0.890779 -0.283161 -0.550207 
-0.763609 -1 -0.0511145 0.637199 -1 -0.895889 -1 -0.764297 -1 0.112737 -0.942185 0.220902 -1 -0.239707 -0.196264 -1 -0.928447 -1 -0.915921 0.577315 -1 -1 1 -0.788807 -0.873099 -0.791698 -1 -1 -0.797558 -0.0795845 -1 -0.332013 -1 -0.642904 -0.732047 -0.796129 -0.566671 -0.216438 -1 -0.637149 -0.995265 -1 -0.825798 0.372484 -1 -0.552008 -1 -0.944716 -1 -0.792174 -1 -0.942132 -1 -1 -0.493427 -1 -0.394378 -1 0.130438 -0.12583 -0.995625 -0.474854 -0.632157 -1 -1 -0.221404 -1 -0.999765 -0.252061 -1 -1 -0.723124 -1 -1 -1 -0.780415 -0.825886 -1 0.194274 -0.425242 -0.487931 -1 -1 -1 -0.299845 -0.853081 -0.914863 -0.565204 -0.469937 0.172769 -0.473639 -0.988945 -0.447307 -1 -1 -1 -0.997979 -1 -1 -0.799539 -0.645505 -0.838112 -1 -0.979204 -0.624795 -1 0.907613 -0.453438 -1 -1 -0.291633 -1 -0.949437 0.673055 -0.548075 -0.625608 -1 -1 -1 -1 0.167633 0.424489 -1 0.246322 -1 -0.958308 -1 -0.0803613 -0.913092 -1 0.779198 -0.763037 -0.712777 -0.646558 0.194034 -1 -1 -0.791717 
-0.57063 0.928976 -1 0.898097 -0.321405 0.521914 0.366851 0.0618182 0.06416 -0.865111 0.249136 -1 -0.904513 -1 -0.75736 -0.708524 0.260621 0.622778 -0.486778 -1 -0.711443 -1 0.24059 -0.357836 0.490635 -0.0283214 -1 0.900234 -0.458526 0.638833 -0.62255 -0.790657 -0.885752 -0.0510718 -0.430283 0.077301 0.996476 -0.438414 0.0357919 -0.984015 -0.265713 0.151796 -1 0.710876 -0.0976093 -1 0.214882 -0.958826 -0.469918 -1 -0.250029 0.84355 -0.14248 -0.846378 -0.701941 -0.0384873 0.275285 0.704345 -0.720839 -1 -0.224056 -1 -0.979289 -0.545472 -0.026861 -0.753801 0.320839 -0.526582 -0.609776 -1 -1 -0.465229 -0.0187827 -1 -0.531836 -1 -0.580837 0.384697 0.347487 -0.100503 -0.0275375 0.284041 -0.151791 -0.599681 -1 -0.969651 -0.26363 0.883843 0.451521 0.537939 -0.137951 -1 -0.263369 0.105845 -1 -1 -1 -0.809563 -1 -0.498967 0.739576 -1 0.854496 0.631825 0.0310941 -0.616915 -0.688404 0.209902 -0.409749 -1 -0.0108765 -0.455633 1 -0.771531 -0.305344 -0.98082 -1 0.0238342 0.833689 -0.526582 -1 -1 -0.907422 -0.892906 -0.962235 -0.71551 -1 -0.0154855 0.206319 1 -0.836121 -0.150065 0.495806 0.285815 0.119418 -0.890779 -0.283161 -0.550207 
-0.57063 0.730534 -1 0.597793 -0.298437 -0.448539 0.366851 -0.101658 -0.592385 -0.872711 0.000953525 -0.742607 -0.97619 -1 -0.866057 -0.708524 0.295755 0.298599 -0.433885 -0.738571 -0.0971031 -0.868896 0.0144355 -0.357836 0.490635 0.353328 -1 0.900234 -0.742033 0.638833 -0.62255 -0.354558 -0.485949 -0.621633 -0.646573 0.077301 0.612072 -0.438414 -0.130494 -0.981406 -0.0324355 0.151796 -1 0.656193 -0.0976093 -0.117793 0.214882 -1 -0.592966 -1 0.390753 0.781835 -0.14248 -1 -0.621297 -1 0.048222 -0.507184 -0.727041 -1 -0.295821 -1 -1 -0.808507 -0.0332558 -0.208317 -0.083435 -0.46453 -0.440751 -1 -0.990447 -0.945842 -0.14473 -0.286877 -0.531836 -1 -0.580837 0.384697 0.411546 0.790307 0.139567 0.284041 -0.151791 -0.805359 -1 -1 -0.26363 0.622107 0.453535 0.488353 0.122295 -0.750747 -0.307386 -0.871421 -0.649555 -1 -1 -1 0.407147 -1 0.538034 -1 -0.266274 0.309588 -0.319174 -0.0149697 -0.688404 -0.956397 0.0705066 -0.67143 0.0215419 0.677948 0.758176 -0.6398 -0.285634 -0.225174 -1 -0.0114701 0.88011 -0.652666 -0.916302 -1 -1 -1 -1 -1 -0.422027 -0.0154855 1 1 -0.836121 -0.00376821 0.252557 0.301205 0.977941 -0.890779 -0.541949 -0.850463 
-0.763609 -1 -0.0511145 0.637199 -1 -0.895889 -1 -0.793932 -1 0.112737 -0.942185 0.0929436 -1 -0.239707 -0.196264 -1 -0.928447 -0.953787 -0.915921 0.470848 -1 -1 1 -0.788807 -0.873099 -0.791698 -1 -1 -0.797558 -0.0795845 -1 -0.370709 -1 -0.642904 -0.732047 -0.796129 -0.566671 -0.37825 -1 -0.637149 -0.995265 -1 -0.825798 0.372484 -1 -0.552008 -1 -0.944716 -1 -0.792174 -1 -0.942132 -1 -1 -0.493427 -1 -0.271572 -1 0.130438 -0.12583 -0.995625 -0.474854 -0.632157 -1 -1 -0.197273 -1 -0.999765 -0.252061 -1 -0.952061 -0.723124 -1 -1 -1 -0.780415 -0.790691 -1 0.194274 -0.425242 -0.616199 -1 -1 -1 -0.299845 -0.853081 -0.914863 -0.729713 -0.469937 0.172769 -0.473639 -0.988945 -0.447307 -1 -1 -1 -0.997979 -1 -1 -0.799539 -0.645505 -0.838112 -1 -0.979204 -0.624795 -1 0.907613 -0.453438 -1 -1 -0.291633 -1 -0.949437 0.673055 -0.548075 -0.625608 -1 -1 -1 -1 0.167633 0.424489 -1 0.246322 -1 -0.829986 -1 -0.0803613 -0.913092 -1 0.779198 -0.763037 -0.712777 -0.646558 0.167111 -1 -1 -0.791717 
-1 1 -1 0.898097 -1 -0.597776 0.484451 -1 0.0146022 -0.78917 -0.675217 -1 -0.730203 -1 -0.794279 -1 0.557402 0.525676 -1 -1 -1 -1 0.272278 -1 0.0681367 -0.0283214 -1 0.0703799 -0.961398 0.638833 -1 -0.400904 -0.90256 -0.27086 -1 0.077301 0.728659 -0.438414 -0.118444 -1 -0.644263 -0.764269 -1 0.710876 -1 -1 0.237624 -1 -0.469918 -0.659075 -0.304016 1 -0.796633 -1 -0.819255 -0.0384873 -0.0481799 0.46793 -1 -1 -0.78857 -1 -0.892388 -1 -0.321206 0.0683494 -1 -0.807697 -1 -1 -1 -0.508437 -1 -1 -0.379385 -1 -1 0.39553 -0.618206 -1 -1 -1 0.302974 -1 -1 -1 -1 0.263334 0.425389 -0.154415 -1 -1 -0.0923458 -1 -1 -1 -1 -1 -0.177661 -0.478629 0.5308 -1 -0.132721 -0.861022 -0.83505 0.132139 -0.703494 -0.49969 -0.672222 -1 -0.0108765 -1 0.651867 -0.6398 -1 -0.98082 -1 0.416777 0.740113 -1 -1 -1 -1 -1 -0.560542 -1 -0.916754 -0.0154855 -0.45789 0.171636 -0.836121 -0.179414 -0.055485 0.301205 0.0594383 -1 -0.900242 -1 
-0.887377 0.974723 -1 0.533371 -0.184473 -0.429775 -0.176641 -0.173757 0.0146022 -1 -0.356342 -1 -0.904513 -0.884364 -0.873579 -0.990197 0.557402 0.726798 -0.932339 -1 -0.0971031 -0.861624 0.0144355 -0.594817 0.128098 -0.0283214 -1 0.204911 -1 0.430417 -0.509927 -0.400904 -0.885752 -0.552982 -0.430283 -0.914676 0.132167 -0.898583 0.153463 -0.887802 -1 -0.0449191 -0.841596 -0.358415 -0.970117 -1 0.148185 -0.763482 -0.469918 -0.863984 -0.30816 0.781835 -0.489905 -1 -1 -0.672289 -0.598912 0.807619 -0.995381 -1 -1 -0.965333 -1 -1 -0.616299 0.0145283 -1 -0.58058 -0.406214 -1 -0.717772 -1 -1 -0.616812 -0.379385 -1 -0.580837 0.384697 -0.457731 -1 -0.175796 -0.20537 -0.552994 -1 -1 -0.969651 -0.0603968 0.543597 0.425389 0.426625 -1 -1 -0.263369 -0.722644 -1 -1 -1 -1 -0.341425 -0.498967 1 -0.950043 -0.132721 0.570825 0.0310941 -0.868506 -0.688404 -0.572902 -1 -1 -0.0108765 -0.435132 1 -1 -1 -0.98082 -1 0.844098 0.794825 -0.194794 -1 -0.701885 -1 -0.892906 -0.82996 -1 -1 -0.973452 0.343932 -1 -0.836121 -0.18672 0.253717 0.835776 0.0977219 -1 -0.283161 -1 
-1 1 -1 0.898097 -0.184473 -0.429775 0.366851 0.0618182 0.0146022 -0.848752 -0.356342 -1 -0.904513 -1 -0.873579 -0.990197 0.557402 0.525676 -0.927249 -0.998041 -0.0971031 -0.837925 0.0144355 -0.440011 0.128098 -0.0283214 -1 0.204911 -0.530994 0.638833 -0.62255 -0.400904 -0.885752 -0.36019 -0.430283 0.077301 1 -0.438414 -0.118444 -1 -1 -0.0449191 -1 0.710876 -0.970117 -1 0.148185 -1 -0.469918 -1 -0.30816 0.781835 -0.489905 -1 -1 -0.0384873 0.275285 0.807619 -1 -1 -1 -1 -1 -1 -0.062408 0.0145283 -1 -0.58058 -0.791231 -1 -0.717772 -0.465229 -1 -1 -0.379385 -1 -0.580837 0.384697 0.347487 -1 -0.103999 -0.20537 -0.377332 -1 -1 -0.969651 -0.375574 0.543597 0.425389 0.426625 -0.528477 -1 -0.263369 -0.722644 -1 -1 -1 -1 -0.255852 -0.498967 0.862472 -1 -0.132721 0.570825 0.0310941 0.270329 -0.688404 -0.572902 -0.672222 -0.897602 -0.0108765 -0.435132 1 -0.6398 -0.305344 -0.98082 -1 0.416777 0.794825 -0.326084 -1 -1 -1 -0.892906 -1 -1 -1 -0.0154855 0.422917 0.529627 -0.836121 -0.18672 0.208453 0.325426 0.232648 -1 -0.283161 -1 
-0.983285 -1 -0.876689 -0.530424 -1 -1 -1 -1 -1 -0.0568092 0.135709 -0.966889 -1 -1 -1 -0.691542 0.30355 -1 -0.931469 0.831667 -1 -0.866331 -0.455495 -1 -0.640324 -0.91531 -0.464983 -0.179762 -1 -1 -1 -1 0.3632 0.440012 -1 -0.766059 -0.00592732 -0.207653 -1 -1 -0.106127 0.517477 -1 -1 -0.778784 -1 -0.890598 -1 -1 -0.505774 -1 -1 0.621632 -0.75043 -1 -1 -1 -0.634258 -0.203094 -0.919002 -1 -0.979662 -1 -0.971015 -0.621834 -0.688629 -0.288545 -1 -0.793927 0.239781 -0.957541 -1 -0.992511 -0.530664 0.11428 -1 -0.341158 -1 -0.351679 -0.59668 -1 -0.480372 -1 -0.787313 -1 -1 -0.89976 -1 -1 -1 -1 -1 -0.608999 -0.9571 -1 -1 -0.995238 -1 -0.103941 0.120525 -0.701977 -0.781039 -0.0824834 -0.738176 -1 -1 -1 -1 -0.826115 -0.917978 -0.943186 -1 -1 -1 -1 -0.554261 -1 1 -1 -0.224224 -1 -1 0.0928529 0.638661 -1 0.157183 -0.540789 -0.0644424 0.627381 -0.362889 -1 -0.952961 -1 -0.927042 -0.770773 -0.846404 -1 -1 
-0.90864 1 -1 0.898097 -1 -0.597776 0.43384 -1 -0.0495068 -0.78917 -0.763225 -1 -0.730203 -0.988244 -0.794279 -1 0.557402 0.425162 -1 -1 -0.379064 -1 0.272278 -1 0.0681367 -0.301544 -0.849526 0.179609 -0.799623 0.638833 -1 -0.400904 -0.90256 -0.27086 -1 0.077301 0.706409 -0.438414 -0.118444 -1 -0.969786 -0.795414 -1 0.710876 -0.532705 -1 0.214882 -1 -0.469918 -1 -0.304016 1 -0.796633 -1 -1 -0.0384873 -0.0481799 0.606921 -1 -1 -0.74073 -1 -0.892388 -1 -0.407927 0.0683494 -1 -0.807697 -0.805547 -0.961157 -0.764024 -0.368409 -1 -1 -0.379385 -1 -1 -0.00389725 -0.610613 -1 -0.851749 -0.877727 0.302974 -1 -1 -1 -1 0.263334 0.425389 -0.154415 -1 -1 -0.0923458 -0.722644 -0.673195 -1 -1 -0.712219 -1 -0.478629 0.5308 -1 -0.132721 0.742331 0.0310941 0.132139 -0.886033 -0.49969 -0.792819 -1 -0.0108765 -0.455633 0.651867 -0.990314 -1 -0.98082 -1 0.416777 0.598263 -0.695538 -1 -1 -1 -1 -0.827912 -1 -0.916754 -0.0154855 -0.45789 0.15511 -0.817779 -0.179414 0.208453 -0.314142 0.0594383 -1 -0.900242 -1 
-0.264957 0.730534 -1 0.865113 -0.298437 -0.252582 -0.198843 -0.0231675 -0.734471 -1 0.249136 -1 -0.904513 -1 -0.974584 -0.708524 0.260621 -0.0358679 -0.490122 -1 0.147871 -1 0.0144355 -0.357836 0.698572 -0.225795 -1 0.382201 -0.458526 0.638833 -1 -0.134991 -0.463974 -1 -0.430283 0.077301 0.996476 -0.868159 -0.574207 -1 0.333474 -0.0874963 -1 0.996761 0.122397 -0.248353 0.214882 -1 -0.712401 -1 0.324612 -0.351929 -0.14248 -0.833203 -1 -0.973518 0.409645 0.351872 -1 -0.974079 -0.138769 -1 -1 -0.545472 -0.026861 -0.145959 0.320839 -1 -0.666749 -0.954796 -1 -0.465229 0.758715 -0.649372 -0.531836 -1 -0.726506 -0.123147 -0.824087 0.804759 -0.0608498 0.174532 -1 -0.805359 -1 -0.969651 -0.522148 0.0817095 0.540383 0.885118 0.122295 -0.735208 -0.744563 -1 -1 -1 -1 -1 0.173892 -0.498967 0.298179 -1 -0.273243 0.0595156 -0.301856 0.248608 -1 -0.235138 -0.018246 -0.409944 -0.125941 0.677948 0.89753 -0.6398 -0.132161 -0.225174 -1 -0.126152 0.728789 -1 -1 -1 -0.865371 -0.892906 -0.962235 -1 -1 0.0955097 0.974266 -0.362357 -0.836121 -0.711209 0.630463 -0.100943 0.977941 -0.890779 -0.245127 -1 
-1 1 -1 0.898097 -1 -1 0.366851 0.0618182 0.0146022 -1 -0.356342 -1 -0.904513 -1 -0.873579 -0.990197 0.557402 0.525676 -0.927249 -0.998041 -0.0971031 -0.837925 0.0144355 -0.440011 -0.995438 -0.0283214 -0.778147 0.167385 -0.380991 0.209399 -0.62255 -0.448205 -0.946156 -0.705443 -1 0.077301 0.942242 -0.438414 0.124336 -0.940092 -1 -0.591443 -1 0.710876 -1 -1 0.148185 -1 -1 -1 -0.338946 0.968707 -0.817888 -1 -1 -0.249304 0.275285 0.807619 -1 -1 -1 -0.69164 -1 -1 -0.119151 0.0145283 -1 -0.58058 -0.791231 -1 -1 -0.465229 -1 -0.99925 -0.265887 -1 -0.580837 0.384697 0.151406 -1 -1 -0.162195 -0.377332 -1 -1 -0.577226 -0.490234 0.61031 -0.278122 0.426625 -0.73675 -0.608656 -0.486018 -0.654271 -1 -1 -1 -1 -1 -0.703101 -0.290141 -1 -0.132721 0.477132 0.291518 0.32114 -1 -0.518114 -0.672222 -0.692031 -0.0108765 -0.647193 1 -0.6398 -1 -1 -1 0.416777 0.794825 -0.326084 -1 -1 -1 -0.892906 -1 -1 -1 -0.0154855 0.422917 0.56224 -0.898126 -0.418981 0.208453 -0.325301 0.227821 -1 -0.283161 -1 
-0.57063 0.494196 -1 0.898097 -0.746936 0.381831 0.366851 0.0618182 0.0146022 -0.971681 0.249136 -1 -0.904513 -1 -0.75736 -0.708524 0.260621 0.481772 -0.433885 -1 -0.0588621 -1 0.0144355 -0.357836 0.787372 -0.0283214 -1 0.900234 -0.458526 0.465469 -0.790489 -0.966787 -0.885752 -0.0510718 -0.430283 0.077301 0.842953 -0.438414 0.0357919 -1 -0.531923 0.151796 -1 0.710876 -0.0976093 -0.771574 0.214882 -1 -0.469918 -1 -0.30816 0.781835 -0.14248 -1 -0.701941 -0.0790115 0.275285 0.713358 -0.720839 -0.997137 -0.398087 -1 -1 -0.805445 -0.026861 0.261153 0.320839 -0.58058 -0.440751 -1 -0.739752 -0.465229 -0.0187827 -1 -0.531836 -1 -1 0.384697 0.347487 -0.100503 0.931303 0.203131 -0.280747 -0.539281 -1 -0.969651 -0.519777 0.844905 0.540383 0.656717 -0.137951 -1 -0.263369 -0.183158 -1 -0.916093 -1 -0.809563 -0.563809 -0.498967 0.661595 -1 0.854496 -0.231823 0.0310941 0.248608 -0.688404 0.209902 -0.248474 -1 -0.857576 -0.455633 0.978057 -0.848617 -0.370988 -1 -1 0.0238342 0.833689 -0.526582 -0.966977 -0.657113 -0.907422 -0.57958 -0.575733 -0.71551 -0.655881 -0.0154855 0.422917 1 -0.452782 -0.00376821 0.495806 0.301205 0.287968 -0.890779 -0.353039 -0.686654 
-1 1 -1 0.898097 -0.184473 -0.429775 0.366851 0.0618182 0.0146022 -0.848752 -0.356342 -1 -0.904513 -1 -0.873579 -0.990197 0.557402 0.525676 -0.927249 -0.998041 -0.0971031 -0.837925 0.0144355 -0.440011 0.128098 -0.0283214 -0.967475 0.204911 -0.530994 0.638833 -0.62255 -0.400904 -0.885752 -0.36019 -0.430283 0.077301 1 -0.438414 -0.118444 -1 -1 -0.0449191 -1 0.710876 -0.970117 -1 0.148185 -1 -0.469918 -1 -0.30816 0.781835 -0.489905 -1 -1 -0.0384873 0.275285 0.807619 -0.995381 -1 -1 -1 -1 -1 -0.062408 -0.0677333 -1 -0.58058 -0.791231 -1 -0.717772 -0.465229 -1 -1 -0.379385 -1 -0.749995 0.384697 0.241609 -1 -0.103999 -0.20537 -0.377332 -1 -1 -0.969651 -0.307754 0.543597 0.420244 0.426625 -0.528477 -1 -0.263369 -0.722644 -1 -1 -1 -1 -0.255852 -0.498967 0.862472 -1 -0.132721 0.570825 0.0426179 0.270329 -0.688404 -0.572902 -0.672829 -0.897602 -0.0108765 -0.435132 1 -0.775554 -0.305344 -0.98082 -1 0.416777 0.794825 -0.326084 -1 -1 -1 -0.892906 -1 -1 -1 -0.0154855 0.422917 0.529627 -0.836121 -0.18672 0.208453 0.382081 0.232648 -1 -0.259763 -1 
-0.57063 0.0160853 -1 0.898097 -0.746936 0.446021 0.366851 -0.00278348 0.0146022 -0.9273 0.249136 -1 -0.904513 -1 -0.98915 -0.708524 0.260621 0.622778 -0.433885 -1 -0.0971031 -1 0.0144355 -0.357836 0.472707 -0.0283214 -0.90413 -0.237699 -0.458526 -0.551872 -0.62255 -1 -1 -0.0510718 -0.430283 0.077301 0.996476 -0.117293 0.0357919 -1 -0.531923 0.151796 -1 0.710876 -0.0976093 -0.70148 0.214882 -1 -0.469918 -0.969249 -0.30816 0.616084 -0.918716 -1 -0.437567 -0.0384873 -0.251619 0.704345 -0.720839 -1 -0.477012 -1 -1 -0.545472 0.0182338 0.261153 0.258309 -1 -0.416505 -1 -0.739752 -0.465229 -0.0187827 -1 -0.531836 -1 -0.957266 0.384697 0.347487 -0.100503 -0.195784 0.284041 -1 -0.599681 -1 -0.969651 -0.47655 0.736762 0.336493 0.656717 -0.137951 -1 -0.263369 -0.185273 -1 -1 -1 -0.809563 -0.563809 -0.498967 1 -1 0.854496 -0.231823 0.0310941 0.193761 -0.688404 0.209902 -0.0259222 -1 -0.857576 -0.455633 1 -0.720054 -0.305344 -1 -1 0.0238342 0.833689 -0.526582 -1 -0.657113 -1 -0.530172 -0.575733 -0.71551 -0.830066 -0.0154855 0.266327 1 -0.452782 -0.00376821 0.495806 0.301205 0.287968 -0.890779 -0.283161 -0.550207 
-1 1 -1 0.773424 -0.184473 -0.429775 0.366851 0.0618182 0.0146022 -0.848752 -0.356342 -1 -0.904513 -1 -0.873579 -0.990197 0.557402 0.525676 -0.927249 -0.998041 -0.0971031 -0.837925 0.0144355 -0.440011 0.128098 -0.0283214 -1 0.204911 -0.530994 0.638833 -0.62255 -0.400904 -0.885752 -0.36019 -0.430283 0.077301 1 -0.438414 -0.118444 -1 -1 -0.0449191 -1 0.710876 -0.970117 -1 0.148185 -1 -0.469918 -1 -0.30816 0.781835 -0.489905 -1 -1 -0.0384873 0.275285 0.807619 -0.995381 -1 -1 -1 -1 -1 -0.062408 0.0145283 -1 -0.58058 -0.791231 -1 -0.717772 -0.465229 -1 -1 -0.379385 -1 -0.580837 0.384697 0.347487 -1 -0.103999 -0.20537 -0.377332 -1 -1 -0.969651 -0.307754 0.464561 0.425389 0.426625 -0.528477 -1 -0.263369 -0.722644 -1 -1 -1 -1 -0.255852 -0.498967 0.862472 -1 -0.132721 0.570825 0.0310941 0.270329 -0.688404 -0.572902 -0.672222 -0.897602 -0.0108765 -0.435132 1 -0.6398 -0.305344 -0.98082 -1 0.416777 0.794825 -0.326084 -1 -1 -1 -0.892906 -1 -1 -1 -0.0154855 0.422917 0.529627 -0.836121 -0.18672 0.208453 0.382081 0.232648 -1 -0.283161 -1 
-1 1 -1 0.898097 -0.970833 -0.93033 0.366851 -0.00362954 0.0146022 -0.848752 -0.356342 -0.912278 -0.904513 -1 -1 -0.929907 0.557402 0.623965 -0.824516 -1 -0.304398 -1 -0.383964 -0.765458 0.128098 -0.960376 -1 0.140159 -0.530994 0.638833 -0.724077 -0.400904 -0.885752 -0.36019 -0.430283 0.151222 1 -0.324795 -0.118444 -1 -1 -1 -1 0.59124 -0.970117 -1 0.148185 -0.921299 -1 -1 -0.329129 0.781835 -0.489905 -1 -1 -0.0384873 0.275285 0.807619 -0.995381 -1 -1 -1 -1 -1 -0.062408 -1 -0.921597 -0.684225 -0.791231 -1 -1 -0.465229 -1 -1 -0.379385 -1 -1 0.236973 0.347487 -1 -0.910986 -0.20537 -0.377332 -1 -1 -0.969651 -1 0.454542 0.425389 0.426625 -0.483196 -0.997505 -0.473895 -0.976761 -1 -1 -1 -1 -0.914957 -0.550421 0.862472 -1 -0.953726 0.570825 -0.531427 0.0966792 -0.688404 -0.685901 -0.69555 -0.897602 -0.0108765 -0.435132 1 -0.6398 -0.877572 -0.98082 -1 0.416777 -0.1744 -0.431207 -1 -1 -1 -1 -1 -1 -1 -0.0154855 0.422917 0.529627 -0.836121 -0.18672 0.208453 0.389215 0.232648 -1 -0.283161 -1 
-1 1 -1 0.898097 -0.184473 -0.429775 0.366851 0.0618182 0.0146022 -0.848752 -0.356342 -1 -0.904513 -1 -0.8542 -0.990197 0.557402 0.525676 -0.927249 -0.998041 -0.0971031 -0.837925 0.0144355 -0.440011 0.128098 -0.0283214 -1 0.204911 -0.530994 0.638833 -0.62255 -0.400904 -0.885752 -0.36019 -0.430283 0.077301 1 -0.438414 -0.118444 -1 -1 -0.0449191 -1 0.710876 -0.970117 -1 0.148185 -1 -0.469918 -1 -0.421442 0.781835 -0.489905 -1 -1 -0.0384873 0.275285 0.807619 -0.995381 -1 -1 -1 -1 -1 -0.062408 0.0145283 -1 -0.58058 -0.791231 -1 -0.717772 -0.465229 -1 -1 -0.379385 -1 -0.580837 0.384697 0.347487 -1 -0.103999 -0.20537 -0.377332 -1 -1 -0.969651 -0.307754 0.543597 0.425389 0.426625 -0.528477 -1 -0.263369 -0.722644 -1 -1 -1 -1 -0.255852 -0.498967 0.862472 -1 -0.132721 0.570825 0.0310941 0.270329 -0.688404 -0.572902 -0.672222 -0.897602 -0.0108765 -0.435132 1 -0.6398 -0.305344 -0.98082 -1 0.416777 0.794825 -0.326084 -1 -1 -1 -0.892906 -1 -1 -1 -0.0154855 0.422917 0.529627 -0.836121 -0.18672 0.208453 0.382081 0.232648 -1 -0.283161 -1 
-0.601953 0.928976 -1 0.880248 -0.590515 0.521914 0.215608 0.0618182 -0.248059 -0.924026 0.293493 -1 -0.904513 -1 -0.75736 -0.87753 -0.108543 0.340492 -0.433885 -1 -0.0971031 -1 0.0144355 -0.357836 0.123224 -0.0283214 -0.948573 0.194245 -0.571925 0.478383 -0.62255 -0.877174 -0.885752 -0.0510718 -0.430283 0.077301 0.996476 -0.660505 -0.26185 -0.973565 0.165291 0.151796 -1 0.710876 -0.0976093 -1 0.136576 -1 -0.709901 -1 -0.30816 0.781835 -0.350743 -1 -0.739 -0.32315 0.336442 0.704345 -0.720839 -1 -0.284553 -1 -1 -0.545472 -0.026861 -0.0474998 -0.470806 -0.58058 -0.521488 -1 -1 -0.465229 -0.0187827 -1 -0.531836 -1 -0.580837 0.379243 0.0546111 -0.100503 0.651409 0.284041 -0.356812 -0.735809 -1 -0.969651 -0.26363 0.739643 0.540383 0.541268 -0.137951 -1 -0.263369 -0.185273 -1 -1 -1 -0.809563 -0.696219 -0.498967 0.216574 -1 0.854496 0.631825 -0.426708 0.348551 -0.688404 -0.13021 -0.280852 -1 -0.0108765 -0.389152 1 -0.6398 -0.293145 -1 -1 0.0238342 0.833689 -0.526582 -1 -1 -0.907422 -0.882167 -1 -0.71551 -1 -0.0154855 0.422917 1 -0.836121 -0.00376821 0.602983 0.301205 0.112694 -1 -0.283161 -0.497786 
-1 0.964643 -1 0.898097 -0.184473 -1 0.366851 -0.206586 -0.166126 -0.848752 -0.328089 -1 -0.904513 -1 -0.873579 -0.990197 0.557402 0.525676 -0.927249 -0.998041 -1 -0.837925 0.0144355 -0.90044 0.128098 -0.0283214 -1 0.204911 -0.530994 0.638833 -0.62255 -0.400904 -0.885752 -0.313364 -0.745465 0.0211739 0.967123 -1 -0.0778172 -0.927667 -1 -0.468991 -1 0.710876 -0.970117 -1 0.148185 -1 -1 -1 -0.30816 0.781835 -0.489905 -0.713738 -1 -0.0384873 0.275285 0.807619 -0.995381 -1 -1 -1 -1 -1 -0.062408 -0.91126 -1 -0.311918 -0.791231 -1 -0.717772 -0.40829 -1 -1 -0.379385 -1 -0.580837 0.384697 0.347487 -1 -1 -0.20537 -0.377332 -1 -1 -0.709811 -0.194453 -0.232662 0.425389 0.426625 -0.528477 -1 -0.376351 -0.722644 -1 -1 -0.77141 -1 -0.255852 -0.498967 0.862472 -1 -0.132721 0.570825 -0.503235 0.270329 -0.688404 -0.572902 -0.658843 -0.897602 -0.0108765 -0.435132 1 -0.6398 -0.305344 -0.98082 -1 0.517459 0.151892 -0.326084 -1 -0.744223 -1 -0.892906 -1 -1 -1 -0.00637287 0.422917 0.529627 -0.903828 -0.18672 0.208453 0.377388 0.232648 -1 -0.954681 -1 
-0.264957 0.80349 -1 0.998716 -1 -0.42364 -0.0505303 -0.403978 -0.734471 -1 0.147599 -1 -1 -1 -1 0.102326 0.260621 0.0355679 -0.490122 -1 0.290794 -1 -0.694224 -0.357836 0.698572 -0.225795 -1 -0.138199 -0.257014 0.622302 -0.79196 -1 -1 -1 -0.761169 -0.372515 -0.0654563 -0.868159 -0.209039 -1 0.201614 -0.304097 -0.982642 0.996761 -1 -0.248353 -0.00728071 -1 -0.712401 -0.971933 -0.400345 -0.496022 -0.14248 -0.471473 -1 -1 0.409645 -0.0670328 -1 -1 -1 -1 -0.995786 -1 -0.026861 -0.145959 -1 -1 -0.666749 -1 -1 -0.465229 0.758715 -0.649372 -0.688877 -1 -1 -0.123147 -0.824087 0.124742 -1 0.429712 -1 -1 -1 -0.687238 -0.522148 0.0379223 -0.365923 0.885118 -0.119246 -0.750747 -0.787753 -1 -1 -0.952838 -1 -1 0.173892 -0.993421 -0.968914 -1 -1 -1 -1 0.615757 -1 -0.235138 -0.149167 -0.526264 -0.0403997 -0.240447 0.569944 -0.595871 0.162842 -0.225174 -1 -0.148787 0.728789 -1 -1 -1 -0.758008 -0.892906 -1 -0.942095 -0.830775 0.0955097 0.974266 -0.168213 -1 -0.243482 0.58815 -0.16548 0.977941 -1 -1 -1 
-0.57063 0.730534 -1 0.898097 -0.298437 0.521914 0.366851 0.0618182 0.0146022 -0.865111 0.249136 -1 -0.904513 -1 -0.866057 -0.708524 0.260621 0.622778 -0.433885 -0.738571 -0.0971031 -1 0.0144355 -0.357836 0.490635 0.353328 -1 0.900234 -0.458526 0.638833 -0.62255 -0.0507682 -0.485949 -0.0510718 -0.430283 0.077301 0.996476 -0.438414 -0.130494 -1 0.165291 0.151796 -1 0.710876 -0.0976093 -0.248353 0.214882 -1 -0.712401 -1 0.628244 0.781835 -0.14248 -1 -1 -0.0384873 0.409645 0.351872 -0.720839 -0.974079 -0.138769 -0.810453 -1 -0.545472 -0.026861 0.261153 0.320839 -0.58058 -0.440751 -0.49511 -1 -0.465229 0.758715 -0.649372 -0.531836 -1 -0.580837 0.384697 0.347487 0.702962 0.618418 0.284041 -0.151791 -0.805359 -1 -0.969651 -0.26363 0.622107 0.540383 0.803554 0.122295 -0.750747 -0.263369 -0.185273 -0.649555 -1 -1 -1 0.173892 -0.498967 0.739576 -1 0.698666 0.631825 0.0310941 0.248608 -0.688404 0.209902 0.0705066 -0.67143 -0.0108765 0.677948 0.758176 -0.6398 -0.132161 -0.225174 -1 0.0238342 0.833689 -0.526582 -1 -1 -0.907422 -0.892906 -0.962235 -1 -0.386987 -0.0154855 0.974266 1 -0.836121 -0.00376821 0.495806 0.301205 0.977941 -0.890779 0.654888 -0.550207 
-1 1 -1 0.898097 -0.184473 -0.429775 0.240364 0.0618182 0.0146022 -0.848752 -0.356342 -1 -0.904513 -1 -0.873579 -0.708346 0.557402 0.525676 -0.850368 -1 -0.0971031 -0.837925 -0.0443322 -0.220047 0.128098 -0.0283214 -1 0.14413 -0.530994 -0.0667431 -0.246199 -0.303496 -0.885752 -0.36019 -0.430283 0.077301 1 -0.438414 -0.118444 -1 -1 -1 -0.922292 0.710876 -1 -1 0.148185 -1 -0.464508 -1 -0.232796 0.781835 -0.862576 -1 -1 -0.0384873 0.242705 0.798821 -1 -1 -1 -0.99946 -1 -1 0.0346126 0.128114 -1 -1 -0.962531 -1 -0.717772 -0.465229 -1 -1 -0.379385 -1 -0.580837 0.384697 0.255124 -1 -0.103999 -0.20537 -0.0983569 -1 -1 -1 -0.307754 0.543597 0.331357 0.426625 -0.528477 -1 -0.263369 -0.722644 -1 -1 -1 -1 -0.603705 -0.498967 0.862472 -0.871624 -0.132721 0.570825 0.0310941 0.270329 -0.681117 -0.572902 -0.672222 -0.897602 -0.197967 -0.898975 1 -0.6398 -0.683993 -0.982756 -1 0.416777 0.794825 -0.327682 -1 -1 -1 -0.816877 -1 -1 -1 -0.0154855 0.422917 0.468613 -0.836121 -0.18672 0.208453 0.438741 0.232648 -1 -0.283161 -1 
-1 0.860168 -1 0.898097 -1 -0.414363 0.576447 -1 -0.118105 -0.630562 -0.675217 -1 -0.654365 -0.953922 -0.81656 -1 0.557402 0.452332 -1 -1 -0.281393 -1 0.272278 -0.366162 0.0681367 -0.0283214 -1 0.179609 -0.799623 0.638833 -1 -0.400904 -0.90256 -0.407843 -1 0.077301 0.996476 -0.438414 -0.360239 -1 -0.769885 0.26342 -0.952808 0.710876 -0.532705 -1 0.149527 -1 -0.469918 -1 -0.304016 0.959743 -0.796633 -1 -1 -0.0384873 -0.0121339 0.606921 -1 -1 -0.709259 -1 -0.892388 -1 -0.321206 0.0683494 -1 -0.807697 -0.791231 -1 -0.712602 -0.465229 -1 -1 -0.379385 -1 -1 0.384697 -0.610613 -0.998827 -0.10302 -0.755668 0.302974 -1 -1 -1 -1 0.543597 0.326794 -0.154415 -1 -1 -0.0923458 -0.722644 -1 -1 -1 -0.680339 -0.181768 -0.478629 0.5308 -1 -0.132721 0.570825 0.0310941 0.132139 -0.886033 -0.700523 -0.659392 -1 -0.0108765 -0.389351 0.651867 -0.501898 -1 -0.98082 -1 0.416777 0.71304 -0.326084 -1 -0.886164 -1 -0.892906 -0.7834 -1 -0.916754 -0.0154855 -0.45789 0.15511 -0.836121 -0.18672 0.208453 0.301205 0.232648 -1 -0.900242 -1 
-1 1 -1 0.898097 -1 -1 0.366851 0.0618182 0.0146022 -1 -0.334285 -1 -1 -1 -1 -0.990197 0.557402 0.525676 -0.927249 -1 -0.0971031 -0.837925 0.0144355 -0.558686 0.128098 -0.340881 -1 0.526764 -0.586479 0.429426 -0.62255 -0.400904 -0.885752 -0.242229 -0.430283 0.475736 1 -0.438414 -0.552221 -1 -1 -0.0449191 -1 -0.0683725 -1 -1 0.148185 -1 -0.469918 -1 -0.30816 0.781835 -0.489905 -0.872332 -1 -0.0384873 -0.529345 0.807619 -0.995381 -0.761868 -1 -1 -0.893337 -1 -0.11677 0.0145283 -1 -0.733962 -0.791231 -1 -0.717772 -0.465229 -1 -1 -0.552506 -1 -1 0.384697 0.347487 -1 -0.103999 -0.20537 -0.377332 -1 -1 -0.969651 -0.307754 0.474631 0.38845 0.426625 -0.528477 -1 -0.263369 -0.722644 -1 -1 -1 -1 -0.255852 -0.498967 0.0119394 -1 -0.132721 0.570825 -0.638162 0.270329 -0.688404 -0.572902 -0.672222 -1 -0.0108765 -0.435132 1 -0.6398 -0.305344 -1 -1 0.416777 0.794825 -0.326084 -1 -0.79978 -1 -1 -1 -1 -1 -0.0154855 0.422917 0.529627 -0.846465 -0.289582 -0.211573 0.382081 0.409109 -1 -0.283161 -1 
-0.763609 -1 -0.0511145 0.561616 -1 -0.895889 -1 -1 -1 -0.196839 -1 0.220902 -1 -0.50605 -0.349502 -1 -0.928447 -1 -0.915921 0.0545629 -1 -1 1 -0.653697 -0.881627 -0.791698 -1 -1 -1 -0.0306114 -1 -0.332013 -1 -1 -1 -0.796129 -1 -0.216438 -0.973777 -0.637149 -0.995265 -1 -0.81768 0.0339485 -1 -0.552008 -1 -1 -1 -0.792174 -1 -1 -1 -1 -0.493427 -0.340355 0.161933 -1 0.130438 -0.12583 -1 -0.474854 -1 -1 -1 -0.221404 -1 -0.999765 -0.252061 -1 -1 -0.723124 -1 -1 -1 -0.780415 -0.734288 -1 0.194274 -0.425242 -0.487931 -1 -1 -1 -0.0627788 -0.853081 -1 -0.565204 -0.646234 -0.131086 -0.473639 -1 -0.447307 -1 -1 -0.624856 -0.997979 -1 -1 -0.799539 -0.582147 -0.838112 -0.677453 -0.979204 -0.624795 -1 0.907613 -0.75982 -0.863469 -1 -1 -0.848305 -0.888558 0.731034 -0.548075 -0.625608 -1 -1 -1 -1 0.167633 0.424489 -1 0.102289 -1 -0.670621 -0.936357 -0.0380023 -0.913092 -1 0.819317 -0.763037 -0.756713 -0.646558 0.0799884 -0.683136 -1 -0.791717 
-0.568445 0.730534 -1 0.811324 -1 0.556447 0.18594 -0.0705074 0.152436 -1 0.249136 -1 -1 -1 -0.866057 -0.667547 0.274074 -0.783233 -1 -1 0.170254 -0.696427 -0.0950174 -0.357836 -0.366858 0.353328 -1 0.570923 -0.735359 0.452195 -0.900445 -0.151053 -0.901349 -1 -0.517388 -0.332229 0.996476 -0.409784 0.497293 -1 -0.746706 0.0804437 -1 0.508814 -0.213957 0.143614 -0.46433 -1 -0.617958 -0.943111 0.628244 0.107 -1 -1 -0.896802 -0.217316 0.395815 -0.899497 -1 -0.974079 -0.801099 -0.810453 -1 -0.789562 -0.0152357 -0.261938 0.0871565 -0.517632 -0.440751 -1 -1 -1 -1 -0.649372 -0.505771 -1 -0.779667 0.258781 -0.909635 0.93537 0.629336 0.270115 -0.721534 -1 -1 -1 -0.414812 0.366797 -0.313184 0.824683 0.122295 -0.750747 -0.937207 -0.462808 -0.649555 -1 -1 -0.646931 0.0577284 -0.11771 0.360815 -1 -0.607292 0.143921 -0.154124 -0.207137 -1 -0.58532 0.0705066 -0.880037 -0.770158 -1 0.865535 -0.6398 -0.306498 -1 -1 -0.151115 0.73105 -1 -0.925498 -0.869491 -1 -1 -1 -0.896108 -1 -0.0154855 0.790107 0.073325 -1 -0.0156642 0.193352 -0.694236 0.977941 -0.890779 -1 -0.966267 
-0.57063 0.730534 -1 0.666792 -0.296825 0.556447 0.366851 -0.131059 0.0146022 -1 0.0856706 -0.962996 -1 -1 -0.866057 -0.667547 0.373889 0.346449 -1 -1 -0.0971031 -1 -0.149126 -0.73415 -0.280108 0.353328 -0.994516 0.630586 -1 0.638833 -0.931138 -0.0507682 -0.466977 -0.0510718 -1 -0.479633 0.996476 -1 -1 -1 -0.649563 0.0804437 -1 0.50101 -0.0976093 -0.248353 -0.583441 -1 -1 -1 0.628244 0.781835 -0.157846 -0.959794 -1 -0.182449 0.313099 0.349917 -1 -0.974079 -0.311506 -1 -1 -0.545472 0.0536311 -0.724321 0.391179 -0.517632 -0.878081 -0.975224 -1 -0.876054 -0.169247 -1 -0.544871 -1 -0.435276 -0.140828 -1 -0.240015 0.257381 0.0275245 -0.813092 -1 -1 -1 -0.963227 -0.0485179 -0.108263 0.824683 -1 -1 -0.263369 -0.462808 -1 -1 -1 -1 -0.15283 -0.554787 -0.409353 -1 -0.323265 0.631825 -1 0.248608 -0.976787 -0.644061 0.134413 -0.88272 -0.662869 -0.861839 0.789222 -0.6398 -0.132161 -0.488936 -1 0.267995 0.888319 -0.526582 -1 -0.738372 -0.907422 -0.961879 -0.962235 -0.896108 -1 -0.115357 0.844457 1 -0.768329 -0.873596 -0.872803 0.301205 0.957393 -0.732867 -0.912084 -0.550207 
-1 1 -1 0.36345 -0.618276 -0.429775 0.366851 0.0618182 0.0146022 -1 -0.356342 -1 -0.904513 -1 -0.873579 -0.990197 0.557402 0.525676 -1 -0.998041 -0.0971031 -1 0.0144355 -0.440011 0.128098 -0.315754 -1 0.204911 -0.530994 0.638833 -0.501904 -0.826301 -1 -0.36019 -0.473308 -0.479683 1 -0.438414 -0.118444 -1 -1 -1 -1 0.710876 -1 -0.800015 0.148185 -1 -0.469918 -1 -0.30816 0.781835 -0.583281 -1 -1 0.11552 0.275285 1 -1 -1 -1 -1 -1 -0.688539 -0.062408 0.0145283 -1 -0.569962 -0.791231 -1 -0.817446 -0.465229 -1 -1 -1 -1 -1 0.384697 0.347487 -1 0.22091 -0.290549 -0.377332 -1 -1 -0.969651 -0.675654 -0.378241 0.425389 0.426625 -0.528477 -1 -0.263369 -0.354498 -1 -1 -1 -1 -0.623108 -0.742015 0.862472 -1 -0.132721 0.570825 0.0290533 0.270329 -0.688404 -0.572902 -0.467772 -1 -0.0395098 -0.135717 1 -0.6398 -1 -0.98082 -1 0.416777 0.794825 -0.326084 -1 -1 -1 -1 -1 -1 -1 -0.0154855 0.422917 0.286837 -0.836121 -0.18672 0.208453 0.382081 0.232648 -0.900458 -0.182812 -1 
-1 0.944219 -1 0.898097 -0.184473 -0.429775 0.221379 0.0618182 0.0146022 -0.848752 -0.356342 -1 -0.904513 -1 -0.873579 -0.990197 0.557402 0.525676 -0.927249 -0.998041 -0.0971031 -0.837925 0.0144355 -0.440011 0.128098 -0.0283214 -1 0.204911 -0.530994 0.638833 -0.62255 -0.400904 -0.885752 -0.36019 -0.430283 0.077301 1 -0.438414 -0.118444 -1 -1 -0.0449191 -1 0.710876 -0.970117 -1 0.148185 -1 -0.469918 -1 -0.30816 0.781835 -0.489905 -1 -1 -0.0384873 0.275285 0.807619 -0.995381 -1 -1 -1 -1 -1 -0.062408 0.0145283 -1 -0.58058 -0.791231 -1 -0.717772 -0.465229 -1 -1 -0.379385 -1 -0.580837 0.384697 0.347487 -1 -0.103999 -0.20537 -0.377332 -1 -1 -0.969651 -0.307754 0.543597 0.425389 0.426625 -0.528477 -1 -0.263369 -0.722644 -1 -1 -1 -1 -0.255852 -0.498967 0.862472 -1 -0.132721 0.570825 0.0310941 0.242454 -0.688404 -0.572902 -0.672222 -0.897602 -0.0108765 -0.435132 1 -0.6398 -0.375511 -0.98082 -1 0.416777 0.794825 -0.326084 -1 -1 -1 -0.892906 -1 -1 -1 -0.0154855 0.422917 0.529627 -0.836121 -0.18672 0.208453 0.382081 0.232648 -1 -0.283161 -1 
-0.57063 0.730534 -1 0.597793 -0.46376 -0.529616 0.366851 -0.0548584 -0.592385 -0.872711 0.17487 -0.742607 -0.880367 -1 -0.99792 -0.708524 0.260621 0.622778 -0.433885 -1 -0.0971031 -0.868896 0.0637478 -0.357836 0.490635 0.353328 -1 0.922855 -0.742033 0.638833 -0.62255 -0.354558 -0.485949 -0.519114 -0.598293 0.077301 0.612072 -0.438414 -0.214465 -0.981406 -0.0931198 -0.0853067 -1 0.83203 -0.26692 -0.073013 0.214882 -0.915806 -0.932646 -0.958316 0.357478 0.614869 -0.489551 -1 -0.621297 -1 0.0805914 -0.507184 -0.720839 -1 -0.210639 -1 -1 -0.808507 -0.0332558 -0.208317 -0.083435 -0.46453 -0.440751 -1 -1 -0.661271 -0.14473 -0.286877 -0.801824 -0.956693 -0.529292 0.262958 0.411546 0.790307 0.139567 0.307782 -0.151791 -0.805359 -1 -1 -0.26363 0.622107 0.581467 0.488353 -0.173282 -0.750747 -0.415984 -0.81607 -0.711658 -1 -1 -1 0.407147 -1 0.533746 -1 -0.266274 0.309588 -0.526739 0.248608 -0.848142 -0.956397 0.0705066 -0.67143 -0.0108765 0.677948 0.758176 -0.6398 -0.459783 -0.225174 -1 0.0238342 0.875304 -0.550255 -1 -1 -0.907422 -0.892906 -1 -1 -0.711829 -0.0154855 1 1 -0.836121 -0.17609 0.227085 0.301205 0.977941 -0.824811 -0.0868822 -0.743176 
-0.264957 0.730534 -1 0.865113 -0.298437 -0.252582 -0.0505303 0.0931559 -0.734471 -1 0.249136 -1 -0.904513 -1 -0.974584 -0.708524 0.260621 -0.0358679 -0.490122 -1 0.147871 -1 0.0144355 -0.357836 0.698572 -0.225795 -1 0.382201 -0.458526 0.638833 -1 -0.0507682 -0.485949 -1 -0.430283 0.077301 0.996476 -0.868159 -0.574207 -1 0.333474 0.151796 -1 0.996761 0.122397 -0.248353 0.214882 -1 -0.712401 -1 0.324612 -0.351929 -0.14248 -0.833203 -1 -1 0.409645 0.351872 -1 -0.974079 -0.138769 -1 -1 -0.545472 -0.026861 -0.145959 0.320839 -1 -0.666749 -0.954796 -1 -0.465229 0.758715 -0.649372 -0.531836 -1 -0.726506 -0.123147 -0.824087 0.804759 -0.0608498 0.174532 -1 -0.805359 -1 -0.969651 -0.522148 0.0379223 0.540383 0.885118 0.122295 -0.750747 -0.744563 -1 -1 -1 -1 -1 0.173892 -0.498967 0.298179 -1 -0.00322014 0.0595156 -0.301856 0.248608 -1 -0.235138 -0.018246 -0.409944 -0.125941 0.677948 0.89753 -0.6398 -0.132161 -0.225174 -1 -0.126152 0.728789 -1 -1 -1 -0.758008 -0.892906 -0.962235 -1 -1 0.0955097 0.974266 -0.362357 -0.836121 -0.711209 0.630463 -0.100943 0.977941 -0.890779 -0.245127 -1 
-1 1 -1 0.898097 -0.199198 -0.429775 0.0634664 0.0618182 0.0146022 -1 -0.193362 -1 -1 -1 -0.873579 -0.990197 0.557402 0.525676 -0.927249 -1 -0.0971031 -0.837925 0.0144355 -0.308508 0.128098 -0.0283214 -0.677691 0.204911 -0.530994 0.638833 -0.62255 -0.472447 -0.885752 -0.209311 -0.902588 0.077301 1 -0.287193 -0.284576 -1 -1 -1 -1 -0.304704 -0.761644 -0.754014 0.148185 -1 -0.469918 -1 -0.30816 0.781835 -0.416477 -1 -1 -0.0384873 0.275285 0.807619 -0.995381 -1 -0.6464 -0.938023 -1 -1 -0.062408 -1 -1 -0.252217 -0.791231 -1 -0.396079 -0.465229 -1 -1 -0.0204053 -0.954216 -0.580837 0.384697 -0.763264 -0.643324 -0.103999 -0.20537 -0.377332 -1 -1 -0.969651 -0.307754 0.77584 -0.319949 0.749755 -0.651152 -1 -1 -0.868026 -1 -0.91539 -1 -1 -0.255852 -0.817616 0.862472 -1 -0.831111 0.570825 0.0310941 0.270329 -0.688404 -1 -0.672222 -0.897602 0.355394 -0.536068 1 -0.643699 -0.305344 -0.98082 -1 0.416777 0.622271 -0.326084 -1 -1 -1 -0.488073 -1 -1 -1 -0.0154855 0.422917 0.529627 -0.836121 -0.380208 0.208453 0.501707 0.232648 -1 0.071553 -1 
-1 1 -1 0.898097 -0.184473 -0.429775 0.366851 0.0618182 0.0146022 -0.848752 -0.356342 -1 -0.904513 -1 -0.873579 -0.990197 0.557402 0.525676 -0.902697 -0.998041 -0.0971031 -0.837925 0.0144355 -0.440011 0.128098 -0.0283214 -0.967475 0.204911 -0.530994 0.638833 -0.62255 -0.400904 -0.885752 -0.36019 -0.430283 0.077301 1 -0.438414 -0.118444 -1 -1 -0.0449191 -1 0.710876 -0.970117 -1 0.148185 -1 -0.469918 -1 -0.30816 0.781835 -0.489905 -1 -1 -0.0384873 0.275285 0.807619 -0.995381 -1 -1 -1 -1 -1 -0.062408 -0.0677333 -1 -0.58058 -0.791231 -1 -0.851444 -0.465229 -1 -1 -0.379385 -1 -0.749995 0.384697 0.241609 -1 -0.103999 -0.20537 -0.377332 -1 -1 -0.969651 -0.307754 0.543597 0.420244 0.426625 -0.528477 -1 -0.263369 -0.722644 -1 -1 -1 -1 -0.255852 -0.498967 0.862472 -1 -0.132721 0.570825 0.0426179 0.270329 -0.688404 -0.572902 -0.672829 -0.897602 -0.0108765 -0.435132 1 -0.775554 -0.305344 -0.98082 -1 0.416777 0.794825 -0.326084 -1 -1 -1 -0.892906 -1 -1 -1 -0.00558321 0.422917 0.529627 -0.836121 -0.18672 0.208453 0.382081 0.232648 -1 -0.259763 -1 
-1 1 -1 0.898097 -0.754204 -0.413299 0.0634664 0.0618182 0.0146022 -1 -0.193362 -1 -1 -1 -0.873579 -0.990197 -0.384382 0.525676 -1 -1 -0.0971031 -0.837925 0.0531016 -0.464196 0.527874 -0.0283214 -0.677691 0.204911 -0.530994 0.116929 -0.702719 -0.472447 -0.885752 -0.209311 -0.883399 0.077301 1 -1 -1 -1 -1 -1 -1 -0.304704 -0.887322 -0.754014 0.148185 -1 -0.613307 -1 -0.30816 0.702008 -0.416477 -1 -1 -0.165829 0.313613 0.371531 -0.995381 -1 -0.6464 -0.938023 -1 -1 -0.139626 -1 -1 -0.252217 -0.791231 -1 -0.522629 -0.465229 -1 -1 -0.170343 -0.954216 -0.580837 0.264842 -0.840981 -0.643324 -0.0527909 -0.20537 -0.377332 -1 -1 -1 -0.307754 0.77584 0.016748 0.749755 -0.651152 -1 -1 -0.868026 -1 -0.91539 -1 -1 -0.255852 -0.817616 0.862472 -1 -1 0.570825 0.0310941 -0.181142 -0.688404 -1 -0.672222 -0.897602 -0.122688 -0.536068 1 -0.643699 -0.305344 -1 -1 0.416777 0.794825 -0.326084 -1 -1 -1 -0.532227 -1 -1 -1 -0.284207 0.422917 0.552328 -0.836121 -0.380208 0.208453 0.616572 0.232648 -1 0.071553 -0.761739 
-0.214181 0.609119 -1 0.347634 -0.362518 -0.201363 0.366851 -0.73296 -1 -0.865111 0.249136 -1 -0.904513 -1 -0.816536 -1 0.0470539 0.739231 -0.636893 -1 -0.126502 -1 0.0144355 -0.646197 0.478739 -0.0437648 -1 0.518891 -1 0.201011 -0.603186 -0.790657 -1 -0.0451911 -0.66607 -1 0.975818 -0.644637 -0.804166 -0.90032 0.0731174 0.151796 -1 0.219487 -0.0976093 -0.916015 0.446278 -0.916084 -0.555214 -1 -0.700799 0.781835 -0.36064 -0.944363 -1 -0.0384873 0.275285 0.704345 -0.603741 -1 -0.200173 -1 -0.97786 -0.545472 -0.267113 0.261153 0.320839 -0.58058 -0.618165 -1 -1 -1 -0.0237912 -1 -0.305459 -1 -1 -0.241609 0.347487 -0.0152829 0.618418 -0.154598 -0.47297 -0.734664 -1 -1 -1 0.117687 -0.554576 -0.32782 -0.137951 -1 -0.263369 -0.185273 -1 -1 -1 -1 -0.308587 -0.498967 0.186543 -0.975851 0.0887253 0.652576 0.057683 0.248608 -1 -1 -0.182276 -1 0.265297 -0.455633 0.456429 -0.6398 -0.494159 -1 -1 0.0717018 0.833689 -0.526582 -1 -1 -0.989303 -0.883009 -0.618147 -0.893981 -1 -0.0154855 0.422917 1 -0.940433 -0.0126292 0.495806 -0.375981 0.136725 -1 -0.283161 -1 
-1 0.679534 -1 0.898097 -0.423919 -0.285609 0.366851 -0.402788 -0.0461025 -0.741368 -0.820776 -1 -0.904513 -1 -1 -0.64127 0.557402 0.506606 -0.927249 -0.854193 0.116456 -0.741202 0.0144355 -1 -0.146453 -0.254958 -1 0.204911 -0.551998 0.605667 -1 -0.659791 -0.939687 -0.875048 -0.968577 -0.734342 0.869032 -0.438414 -1 -1 -1 -0.206014 -0.974808 0.320104 -1 -1 0.0916062 -0.907988 -0.693511 -1 -0.30816 0.469106 -0.57993 -0.982473 -1 -0.384509 0.275285 0.850144 -0.93874 -0.702687 -1 -1 -1 -0.60834 0.294559 0.355632 -1 -0.58058 -0.791231 -1 -0.934792 -0.802838 -1 -1 -0.321204 -1 -0.580837 -0.0725228 -0.232816 -1 -0.164044 -0.352693 -1 -1 -1 -0.962922 -0.307754 0.543597 0.417081 0.419174 -0.687775 -1 -0.225527 -0.722644 -1 -1 -1 -1 -0.987608 -1 -0.211272 -1 -0.132721 0.570825 0.0310941 0.270329 -0.392637 -0.572902 -0.672222 -1 -0.0108765 -0.91219 1 -0.71675 -0.305344 -1 -1 0.416777 0.27294 -0.326084 -1 -1 -1 -1 -1 -1 -0.949355 0.0825902 0.422917 -0.431497 -0.503973 -1 0.28316 0.262794 0.232648 -0.802146 -1 -1 
-0.983285 -1 -0.673535 -0.530424 -1 -1 -1 -1 -1 0.114268 0.109268 -0.966889 -0.993464 -1 -1 -0.691542 0.246863 -1 -0.931469 0.831667 -1 -1 -0.455495 -1 -1 -1 -0.464983 0.230751 -1 -1 -1 -1 0.253304 0.440012 -1 -0.766059 0.900554 -0.207653 -1 -0.588131 -0.0684271 0.566786 -1 -0.750612 -0.839301 -1 -0.744802 -1 -1 -0.505774 -1 -1 0.621632 -1 -0.873554 -1 -1 -0.634258 -0.203094 -0.859375 -1 -0.979662 -0.759005 -0.971015 -0.27098 -0.821244 -0.288545 -1 -0.0498832 0.239781 -1 -1 -1 -0.530664 0.11428 -0.670707 -0.337846 -1 -0.351679 -0.59668 -1 -0.518601 -1 -0.770096 -1 -0.987573 -0.89976 -1 -1 -1 -1 -1 -0.568181 -1 -1 -1 -0.869098 -1 -0.103941 0.120525 -0.701977 -0.74464 -0.0824834 -0.738176 -1 -1 -1 -1 -0.826115 -0.917978 -1 -1 -1 -1 -1 -0.632198 -0.755343 1 -1 -0.491102 -1 -1 0.0928529 0.638661 -1 0.157183 -0.540789 0.0311489 0.627381 -0.348543 -1 -0.952961 -1 -0.927042 -0.770773 -1 -1 -1 
-0.264957 0.730534 -1 0.865113 -0.298437 -1 -0.0505303 0.0931559 -0.734471 -1 0.249136 -1 -0.904513 -1 -0.847692 -0.708524 0.260621 -0.101902 -0.756756 -1 0.147871 -1 0.0144355 -0.357836 0.698572 -0.225795 -1 0.425798 -1 0.638833 -1 -0.0507682 -1 -1 -0.430283 0.077301 0.996476 -0.486443 -0.574207 -1 0.333474 0.151796 -1 0.996761 0.122397 -0.248353 0.214882 -1 -1 -1 0.324612 -0.351929 -0.14248 -0.833203 -1 -1 -0.298234 0.351872 -1 -1 -1 -1 -0.635574 -0.545472 -0.14071 -0.145959 0.320839 -1 -0.666749 -0.954796 -1 -0.465229 0.191971 -0.649372 -0.531836 -1 -0.726506 -0.123147 -0.968158 0.804759 -0.828858 0.174532 -1 -0.805359 -1 -0.969651 -0.522148 -0.00831974 0.540383 9.47118e-05 0.122295 -0.750747 -0.744563 -1 -1 -1 -1 -1 0.173892 -0.498967 0.298179 -1 0.374147 0.0595156 -0.301856 0.248608 -1 -0.235138 -0.018246 -0.409944 -0.125941 0.677948 0.89753 -0.6398 0.192446 -0.225174 -0.822794 -0.441166 0.728789 -1 -1 -1 -0.758008 -0.892906 -0.962235 -1 -1 0.0955097 0.974266 -0.330366 -0.836121 -1 0.630463 -0.100943 0.977941 -0.890779 -0.245127 -1 
-0.670053 0.6587 -1 0.939895 -0.298437 0.488437 0.366851 -0.137565 0.187202 -1 -0.0825582 -1 -1 -1 -1 -0.859056 0.260621 0.622778 -0.65816 -1 0.0423295 -0.946244 -0.0920623 -0.444226 0.490635 -0.0283214 -1 0.900234 -0.458526 0.654853 -0.62255 -0.790657 -0.99339 -0.377136 -0.430283 -0.269846 0.941026 -0.74348 0.0357919 -1 0.0465451 -0.0833372 -1 0.634694 -0.0976093 -1 0.188193 -1 -0.50202 -1 -0.30816 0.675663 -0.14248 -0.89908 -0.701941 -0.0384873 0.275285 0.704345 -0.720839 -0.926416 -0.138769 -1 -1 -0.545472 -0.190034 0.013258 0.407258 -0.826141 -0.805724 -1 -1 -0.941453 -0.0187827 -1 -0.824222 -1 -0.878469 0.366063 0.347487 -0.245341 0.618418 0.284041 -0.151791 -0.621064 -1 -1 -0.440263 0.883843 0.540383 0.470297 -0.541577 -1 -0.263369 -0.185273 -1 -1 -1 -1 -0.785963 -0.498967 0.541066 -1 0.854496 0.631825 -0.212497 0.255169 -0.665175 0.209902 -0.237803 -1 -0.482782 -0.455633 1 -0.98331 -0.305344 -0.98082 -1 0.0238342 0.833689 -0.577232 -0.96164 -1 -1 -0.892906 -0.992091 -1 -0.992281 -0.036854 0.422917 1 -0.899109 -0.00376821 0.495806 0.293284 -0.179735 -0.890779 -0.852743 -0.550207 
-0.61703 0.928976 -1 0.898097 -0.298437 0.521914 0.366851 -0.0665127 0.0146022 -0.852105 0.249136 -1 -0.904513 -1 -0.75736 -0.708524 0.260621 0.622778 -0.433885 -1 -0.0971031 -1 0.0144355 -0.357836 0.490635 -0.0283214 -1 0.900234 -0.458526 0.638833 -0.62255 -0.790657 -0.885752 -0.0510718 -0.430283 0.077301 0.996476 -0.438414 0.0357919 -1 0.165291 0.151796 -1 0.710876 -0.228835 -1 0.214882 -1 -0.469918 -1 -0.30816 0.781835 -0.14248 -1 -0.701941 0.00545738 0.275285 0.704345 -0.720839 -1 -0.138769 -1 -1 -0.545472 -0.026861 0.261153 0.320839 -0.58058 -0.440751 -1 -1 -0.465229 -0.0187827 -1 -0.531836 -1 -0.580837 0.384697 0.347487 -0.100503 0.618418 0.284041 -0.186828 -0.599681 -1 -0.969651 -0.26363 0.883843 0.540383 0.656717 -0.137951 -1 -0.263369 -0.185273 -1 -1 -1 -0.809563 -0.308587 -0.462928 0.739576 -1 0.854496 0.631825 0.0310941 0.248608 -0.688404 0.209902 -0.225196 -1 -0.0108765 -0.455633 1 -0.770158 -0.305344 -0.98082 -1 0.0238342 0.833689 -0.526582 -1 -1 -0.907422 -0.892906 -0.962235 -0.71551 -1 -0.0252785 0.422917 1 -0.836121 -0.00376821 0.495806 0.301205 0.232648 -0.890779 -0.283161 -0.550207 
-1 1 -1 0.898097 -0.184473 -0.429775 0.240364 0.0190335 0.0146022 -0.848752 -0.356342 -1 -0.904513 -1 -0.873579 -0.708346 0.557402 0.525676 -0.850368 -1 -0.0971031 -0.837925 -0.0443322 -0.220047 0.128098 -0.0283214 -1 0.14413 -0.530994 -0.0667431 -0.316435 -0.303496 -0.885752 -0.36019 -0.541754 0.077301 1 -0.438414 -0.118444 -1 -1 -0.988858 -0.922292 0.710876 -1 -1 0.148185 -1 -0.464508 -1 -0.232796 0.781835 -0.862576 -1 -1 -0.0384873 0.275285 0.798821 -1 -1 -1 -0.99946 -1 -1 0.0346126 0.128114 -1 -1 -1 -1 -0.717772 -0.465229 -1 -1 -0.379385 -1 -0.580837 0.345803 0.159516 -1 -0.103999 -0.20537 -0.0983569 -1 -1 -1 -0.307754 0.543597 0.331357 0.426625 -0.528477 -1 -0.263369 -0.722644 -1 -1 -1 -1 -0.603705 -0.498967 0.862472 -0.871624 -0.132721 0.570825 0.0310941 0.270329 -0.681117 -0.572902 -0.672222 -0.897602 -0.197967 -0.898975 1 -0.6398 -0.683993 -1 -1 0.416777 0.794825 -0.327682 -1 -0.978281 -1 -0.872866 -1 -1 -1 -0.0154855 0.422917 0.468613 -0.836121 -0.18672 0.107947 0.438741 0.232648 -1 -0.283161 -1 
-0.398569 0.730534 -1 0.840887 -0.298437 -0.107915 0.357139 0.0636779 -0.67178 -1 0.112581 -1 -1 -1 -0.842367 -0.92276 0.03343 0.417011 -0.897965 -0.523193 -1 -0.833091 0.0117277 -0.468425 -0.779213 0.209967 -0.926288 -0.222756 -0.124824 0.656553 -1 -0.285138 -0.621633 -1 -0.430283 -1 0.0361181 -0.509203 -0.419633 -1 -0.0414436 -0.0380936 -1 0.289384 -1 -0.853981 -0.0811418 -1 -0.712401 -1 0.25418 0.694308 -1 -1 -1 -0.37285 -1 0.00557753 -0.460282 -0.865442 -0.937791 -0.874991 -1 -0.540168 -0.968514 -1 -0.137921 -1 -0.959274 -1 -1 -0.765463 0.488864 -1 -1 -1 -0.843695 -0.889043 -0.0773984 0.586709 0.518872 0.197034 -0.00388174 -0.90578 -0.81376 -0.820129 -0.299264 0.131286 0.642283 0.259346 0.0504908 -1 -0.935723 -0.80418 -0.88088 -1 -1 -1 -0.250091 -1 0.274122 -1 0.641157 0.173851 -0.557804 0.185696 -0.66053 0.209902 -0.491573 -0.713533 0.051942 0.562755 0.225387 -0.896972 -0.132161 -1 -1 0.300593 0.833689 -0.526582 -1 -1 -1 -1 -0.962235 -1 -0.670566 -0.0154855 0.845059 1 -1 -0.215607 0.409807 -0.161838 0.746272 -0.933254 -0.0818544 -1 
-0.462707 0.770422 -1 -0.37452 -0.773037 0.556447 0.366851 -0.292607 0.0146022 -1 0.0628209 -1 -0.904513 -1 -0.866057 -0.845386 0.211862 0.599587 -1 -0.550466 -0.0709428 -1 -0.344796 -1 -0.280108 0.163149 -0.994516 0.680279 -1 -0.0473634 -0.931138 -0.902444 -0.466977 -0.0510718 -0.517388 0.0634611 0.948505 -0.438414 -1 -1 -0.649563 0.0804437 -0.633354 0.710876 -0.257627 -0.248353 -0.778192 -1 -1 -0.943111 0.433501 0.643541 -0.255297 -0.943624 -1 -0.0384873 0.409645 0.130252 -1 -0.974079 -1 -0.810453 -1 -0.487632 -0.026861 -0.877318 -0.857436 -0.308516 -1 -1 -0.810944 -0.876054 -0.209388 -0.649372 -0.505771 -1 -0.989434 -1 -1 0.702962 0.385837 -0.175312 -0.914214 -1 -1 -1 -0.356375 0.173046 -0.178587 -0.356754 0.122295 -0.97685 -0.263369 -0.462808 -0.66397 -1 -1 -1 -0.544456 -0.900099 0.739576 -0.679659 -0.323265 0.0382462 -1 0.248608 -1 0.0791843 0.0376945 -1 -0.114286 -1 0.788149 -1 -1 -0.488936 -1 -0.192371 0.780432 -0.654046 -1 -1 -0.907422 -0.892906 -1 -0.896108 -0.386987 -0.0804112 0.844457 1 -0.774006 -0.0470812 0.193352 0.301205 0.977941 -0.9905 -1 -0.558454 
-0.57063 0.730534 -1 0.597793 -0.298437 -0.529616 0.366851 -1 -0.592385 -0.872711 0.000953525 -0.742607 -1 -1 -0.866057 -0.708524 0.260621 0.298599 -0.433885 -0.738571 -0.0971031 -1 0.0144355 -0.357836 0.490635 0.288247 -1 0.900234 -0.742033 0.638833 -0.62255 -0.297757 -0.485949 -1 -0.79726 -0.243897 0.612072 -0.555833 0.176702 -0.981406 -0.0324355 0.151796 -1 -0.0436627 -0.0976093 -0.117793 0.0774815 -1 -1 -1 0.357478 0.781835 -0.14248 -1 -0.621297 -1 0.0805914 -0.507184 -0.720839 -1 -0.138769 -1 -1 -1 -0.0332558 -0.208317 -0.083435 -0.46453 -0.440751 -0.964852 -1 -0.945842 -0.127136 -0.286877 -0.531836 -1 -0.580837 0.422879 0.411546 0.790307 -0.0563567 0.170025 -0.302949 -1 -1 -1 -0.26363 0.859356 0.581467 0.488353 0.122295 -0.750747 -0.307386 -0.871421 -1 -1 -1 -1 0.292186 -1 0.538034 -1 -1 0.309588 -0.319174 0.248608 -0.688404 -1 -0.118101 -0.67143 -0.15988 0.497041 0.758176 -0.61794 -0.132161 -0.225174 -1 0.1973 0.88011 -0.495156 -0.659978 -1 -0.863294 -1 -0.962235 -1 -0.422027 -0.0154855 1 0.952648 -1 -0.346788 0.227085 0.301205 0.943227 -0.890779 -0.364764 -1 
-1 1 -1 0.898097 -0.184473 -0.429775 0.366851 0.0618182 0.0146022 -0.848752 -0.356342 -1 -0.904513 -1 -0.873579 -0.990197 0.557402 0.525676 -0.927249 -0.998041 -0.0971031 -0.837925 0.0144355 -0.440011 0.128098 -0.0283214 -1 0.204911 -0.530994 0.638833 -0.62255 -0.400904 -0.885752 -0.36019 -0.430283 0.077301 1 -0.438414 -0.118444 -1 -1 -0.0449191 -1 0.710876 -0.970117 -1 0.148185 -1 -0.469918 -1 -0.30816 0.781835 -0.489905 -1 -1 -0.0384873 0.275285 0.807619 -0.995381 -1 -1 -1 -1 -1 -0.062408 0.0145283 -1 -0.58058 -0.791231 -1 -0.717772 -0.465229 -1 -1 -0.379385 -1 -0.580837 0.384697 0.347487 -1 -0.103999 -0.20537 -0.377332 -1 -1 -0.969651 -0.307754 0.543597 0.425389 0.426625 -0.528477 -1 -0.263369 -0.722644 -1 -1 -1 -1 -0.255852 -0.498967 0.862472 -1 -0.132721 0.570825 0.0310941 0.270329 -0.688404 -0.572902 -0.672222 -0.897602 -0.0108765 -0.435132 1 -0.6398 -0.305344 -0.98082 -1 0.416777 0.794825 -0.326084 -1 -1 -1 -0.892906 -1 -1 -1 -0.0154855 0.422917 0.529627 -0.836121 -0.18672 0.208453 0.382081 0.232648 -1 -0.283161 -1 
-0.264957 0.730534 -1 0.865113 -0.743474 -0.252582 -0.0505303 0.0931559 -0.734471 -1 0.249136 -1 -0.904513 -1 -0.943737 -0.708524 -0.669332 0.0329803 -0.378376 -1 0.147871 -1 0.0144355 -1 0.698572 -0.225795 -0.950525 0.469715 -1 0.55209 -1 -0.183876 -0.485949 -1 -0.957151 0.000873476 0.996476 -0.868159 -0.574207 -1 0.333474 -0.447441 -0.916189 0.996761 0.122397 -0.248353 0.153534 -1 -0.712401 -1 0.324612 -0.610862 -1 -0.833203 -1 -1 0.409645 0.351872 -1 -0.974079 -1 -1 -1 -0.545472 -0.026861 -0.145959 0.320839 -1 -0.812665 -0.954796 -0.782635 -1 0.758715 -1 -0.531836 -1 -1 -0.123147 -0.824087 0.804759 -0.0608498 0.44185 -0.974061 -0.779411 -1 -0.969651 -0.522148 0.0379223 0.540383 0.885118 0.122295 -1 -0.744563 -1 -1 -0.942411 -0.776848 -1 -0.0247766 -1 0.549933 -1 -0.00322014 0.0595156 -0.143601 -0.33169 -1 -0.235138 -0.018246 -0.409944 -0.125941 0.677948 0.490933 -0.6398 -1 -0.663568 -1 -0.126152 0.728789 -1 -1 -1 -0.758008 -1 -0.962235 -1 -1 0.0955097 0.974266 -0.511697 -0.836121 -0.711209 -0.0810585 -0.100943 0.977941 -1 -0.245127 -0.790481 
-1 0.971687 -1 0.898097 -0.915659 -0.429775 0.366851 -0.0971521 0.0146022 -1 -0.356342 -1 -1 -1 -0.873579 -0.990197 0.557402 -0.282616 -1 -0.998041 -0.0971031 -1 0.0144355 -0.592032 -0.333287 -0.0283214 -0.925797 0.49903 -1 0.638833 -0.62255 -1 -1 -0.36019 -0.518914 0.150779 1 -0.629574 -0.9461 -1 -1 0.298306 -1 0.667451 -0.970117 -1 0.215397 -1 -1 -1 -0.30816 0.781835 -0.754677 -1 -1 -0.803565 0.0185438 0.807619 -0.968164 -0.70663 -1 -1 -1 -1 -0.142519 0.0145283 -1 -0.58058 -0.791231 -1 -1 -1 -1 -1 -0.379385 -1 -1 0.384697 0.237831 -1 -0.103999 -0.265388 -0.377332 -1 -1 -0.981069 -0.393063 0.0107809 -0.725348 0.0645683 -0.489095 -1 -0.263369 -0.631632 -1 -0.99971 -1 -1 -0.255852 -1 0.932659 -0.822134 -0.0983029 0.570825 0.0310941 -0.286609 -0.688404 -0.572902 -1 -0.897602 -0.55359 -0.435132 0.895558 -0.571343 -0.305344 -1 -1 0.323658 -0.252067 -0.336731 -1 -1 -1 -0.824031 -1 -1 -1 -0.0154855 0.422917 0.529627 -0.836121 -0.18672 0.208453 -0.671576 0.232648 -1 -0.283161 -1 
-0.264957 0.730534 -1 0.865113 -0.298437 -0.252582 -0.0505303 0.0931559 -0.734471 -1 0.249136 -1 -0.904513 -1 -0.974584 -0.708524 0.260621 -0.0358679 -0.490122 -1 0.147871 -1 0.0144355 -0.357836 0.698572 -0.225795 -1 0.382201 -0.458526 0.638833 -1 -0.0507682 -0.485949 -1 -0.430283 0.077301 0.996476 -0.868159 -0.574207 -1 0.333474 0.151796 -1 0.996761 0.122397 -0.248353 0.214882 -1 -0.712401 -1 0.324612 -0.351929 -0.14248 -0.833203 -1 -1 0.409645 0.351872 -1 -0.974079 -0.138769 -1 -1 -0.545472 -0.026861 -0.145959 0.320839 -1 -0.666749 -0.954796 -1 -0.465229 0.758715 -0.649372 -0.531836 -1 -0.726506 -0.123147 -0.824087 0.804759 -0.0608498 0.174532 -1 -0.805359 -1 -0.969651 -0.522148 0.0379223 0.540383 0.885118 0.122295 -0.750747 -0.744563 -1 -1 -1 -1 -1 0.173892 -0.498967 0.298179 -1 -0.00322014 0.0595156 -0.301856 0.248608 -1 -0.235138 -0.018246 -0.409944 -0.125941 0.677948 0.89753 -0.6398 -0.132161 -0.225174 -1 -0.126152 0.728789 -1 -1 -1 -0.758008 -0.892906 -0.962235 -1 -1 0.0955097 0.974266 -0.362357 -0.836121 -0.711209 0.630463 -0.100943 0.977941 -0.890779 -0.245127 -1 
-0.924508 1 -0.669964 0.632944 -0.0186431 -0.313375 0.366851 -0.651756 0.12229 -0.753578 -0.874318 -1 -0.834976 -1 -0.508962 -0.90082 0.469066 -1 -1 -1 -0.0971031 -0.607032 0.0144355 -0.440011 -0.243454 -0.487058 -1 -1 -1 0.638833 -0.754828 -0.740611 -0.750585 -0.18875 -0.430283 -0.22773 1 -0.552405 -0.362431 -1 -1 -0.253602 -1 0.710876 -0.970117 -1 0.366443 -0.659098 -0.534648 -1 -1 -0.871471 -1 -1 -1 -0.40503 0.275285 0.807619 -1 -1 -0.425092 -0.781814 -1 -1 -0.062408 -0.041728 -1 -0.780406 -1 -1 -1 -0.534078 -1 -1 -1 -1 -0.580837 0.197403 0.340505 -1 -0.103999 -0.20537 -1 -0.629753 -1 -0.969651 -0.97537 0.543597 -0.593333 0.312252 -0.788804 -0.923316 -0.263369 -0.983949 -1 -1 -0.819584 -1 -0.793609 -1 0.862472 -1 -0.0436413 0.570825 0.0310941 0.140073 -0.688404 -0.239586 -0.672222 -1 -1 -0.52507 1 -1 -0.305344 -0.98082 -1 0.416777 0.147365 -0.0107929 -0.907068 -1 -1 -0.860377 -0.821483 -0.659861 -1 0.23161 0.551818 0.257948 -0.959728 -0.389448 0.553083 -1 0.0416422 -1 -0.283161 -0.979017 
-0.904571 0.928976 -1 0.599522 -0.298437 0.532994 0.366851 0.321925 -1 -0.865111 -0.115111 -1 -0.904513 -1 -1 -1 0.260621 0.622778 -0.433885 -1 0.117925 -1 -0.676838 -0.824378 0.490635 0.0348049 -1 0.900234 -0.458526 -0.22975 -0.62255 -0.790657 -1 -0.0510718 -0.0851361 0.0383382 0.985704 -1 0.0357919 -0.868603 0.165291 0.151796 -1 0.710876 -0.0976093 -1 0.214882 -1 -1 -1 -0.30816 0.871432 -0.14248 -1 -0.701941 -0.0384873 0.275285 1 -1 -1 -0.138769 -1 -0.998281 -0.617262 -0.026861 0.261153 -0.8676 -0.770539 -0.440751 -1 -1 -0.528558 -0.0187827 -1 -0.857315 -0.797395 -0.760752 0.23038 0.272977 0.247348 0.618418 0.284041 -0.151791 -0.599681 -1 -0.969651 -0.00630113 0.883843 0.540383 -0.0686965 -0.137951 -1 -0.263369 -0.795028 -1 -1 -1 -0.809563 -1 -0.847726 0.593351 -1 0.854496 0.631825 0.0310941 0.248608 -0.878016 0.209902 -0.225196 -1 -1 -0.236429 1 -0.6398 -0.39823 -0.98082 -1 0.0238342 0.833689 -0.526582 -1 -1 -1 -0.892906 -0.962235 -0.71551 -1 -0.033383 0.428416 1 -1 -0.00376821 0.495806 0.301205 0.232648 -0.890779 -0.141781 -0.550207 
-1 0.98732 -1 0.898097 -1 -0.429775 0.366851 -0.00414846 0.0146022 -0.848752 -0.356342 -1 -0.904513 -1 -0.873579 -0.990197 0.557402 0.525676 -0.927249 -0.998041 -0.0971031 -0.837925 -0.508774 -0.440011 0.128098 0.132455 -1 0.204911 -0.530994 0.638833 -0.583395 -1 -1 -1 -1 0.077301 1 -0.438414 -0.118444 -1 -1 -0.0449191 -1 0.710876 -0.970117 -1 -0.215504 -1 -0.469918 -1 -0.434551 0.781835 -0.489905 -1 -1 -0.0384873 0.275285 0.807619 -1 -1 -1 -1 -1 -1 0.153095 0.0145283 -0.878664 -0.58058 -0.791231 -1 -1 -0.465229 -1 -1 -0.379385 -1 -1 0.384697 0.347487 -1 -0.103999 -0.20537 -0.377332 -1 -1 -0.969651 -0.307754 0.543597 0.425389 -0.277415 -0.528477 -1 -1 -0.722644 -1 -1 -1 -1 -0.255852 -0.498967 0.862472 -1 -0.132721 0.570825 0.0310941 0.270329 -1 -0.572902 -0.672222 -0.897602 -0.0108765 -0.435132 0.11574 -0.6398 -0.347077 -0.98082 -1 0.159926 0.794825 -0.326084 -1 -1 -1 -1 -0.605897 -0.689552 -1 -0.0154855 0.422917 0.529627 -0.836121 -0.18672 0.208453 0.382081 -0.856096 -1 -0.283161 -0.789732 
-0.57063 0.928976 -0.955148 0.850393 0.0430121 0.521914 0.366851 0.0618182 0.0146022 -1 0.249136 -1 -0.904513 -1 -0.75736 -1 0.260621 -0.33703 -0.433885 -1 -0.0971031 -1 0.0144355 -0.357836 0.490635 -0.0283214 -1 0.900234 -0.458526 -0.521949 -0.62255 -0.790657 -1 -0.215657 -0.430283 0.077301 0.996476 -0.438414 0.0357919 -1 -0.0266633 -0.0113864 -1 0.710876 -0.0976093 -1 0.214882 -1 -0.469918 -1 -0.30816 0.781835 -1 -1 -1 -0.0384873 0.275285 0.704345 -0.702851 -1 -0.138769 -1 -1 -0.545472 -0.026861 0.261153 0.320839 -0.58058 -0.440751 -1 -1 -0.465229 -0.0640367 -1 -0.175263 -1 -0.580837 0.384697 0.231549 -0.0572807 0.618418 0.196413 -0.22467 -0.599681 -1 -0.969651 -0.26363 0.883843 0.540383 0.656717 -0.246519 -1 -0.38817 -0.185273 -1 -1 -1 -0.803284 -0.308587 -0.498967 0.739576 -1 0.854496 0.631825 0.0310941 0.288927 -0.922011 -0.439798 -0.225196 -0.781373 -0.199702 -0.538452 1 -0.707053 -0.305344 -0.98082 -1 -0.0109471 0.833689 -0.526582 -1 -1 -0.907422 -0.892906 -0.962235 -0.71551 -1 -0.0154855 0.228966 1 -0.836121 -0.00376821 0.495806 0.301205 0.232648 -0.890779 -0.283161 -1 
-0.763609 -1 -0.0511145 0.872572 -1 -0.938034 -0.83577 -0.793932 -0.910344 -0.905524 -0.942185 -0.620633 -1 -1 -0.349502 -1 -1 -1 -0.915921 0.577315 -1 -1 0.89948 -0.653697 -1 -0.791698 -1 -1 -1 -0.514507 -1 -0.608888 -1 -0.923257 -0.710651 -0.988864 -1 -0.216438 -1 -0.684369 -1 -1 -1 -1 -0.898617 -0.924828 -1 -1 -1 -0.808573 -1 -1 -1 -1 -0.197969 -0.505116 0.161933 -1 -0.813455 -0.838839 -1 -1 -1 -1 -1 -0.221404 -1 -0.999765 -0.450029 -1 -1 -0.672342 -0.702091 -1 -1 -0.780415 -1 -0.883433 0.100166 -0.425242 -1 -1 -1 -1 -0.0627788 -0.706399 -1 -0.824673 -0.469937 -0.0861908 -0.419029 -1 -0.591758 -1 -1 -0.727245 -1 -1 -1 -1 -0.794108 -1 -0.791392 -0.968799 -1 -1 0.907613 -1 -0.863469 -1 -0.65036 -0.848305 -1 0.731034 -0.557452 -0.625608 -1 -0.670915 -0.674969 -1 -0.464817 0.68126 -1 -0.248612 -1 -0.442695 -0.7108 0.35332 -0.913092 -1 0.0490427 -0.763037 -0.792851 -0.646558 0.268318 -1 -1 -1 
-0.57063 1 -1 0.811813 -0.183807 0.521914 0.366851 -0.0256513 0.0146022 -0.865111 0.249136 -1 -0.904513 -1 -0.75736 -0.708524 0.420303 0.560463 -1 -1 -0.0971031 -1 0.0144355 -0.357836 0.490635 -0.0429382 -1 0.900234 -0.0795184 0.541998 -0.62255 -0.790657 -1 -0.903341 -0.430283 0.0710683 0.996476 -0.438414 0.0106394 -1 0.165291 -0.635533 -1 0.710876 -0.0314464 -0.953882 0.0975067 -1 -0.469918 -1 -0.30816 0.592408 -0.14248 -1 -0.711706 -0.0384873 -0.0556965 0.591026 -0.75613 -0.615363 -0.323044 -1 -1 -0.545472 -0.114012 0.261153 0.320839 -0.823995 -0.245096 -1 -1 -0.465229 -0.0187827 -1 -0.648359 -1 -0.580837 0.621578 0.347487 -0.100503 -0.0486714 -0.567478 -0.151791 -0.599681 -1 -1 -0.947024 1 0.540383 0.747474 -0.137951 -1 -0.263369 -0.185273 -1 -1 -1 -1 -0.308587 -0.498967 -0.125972 -1 0.766874 -0.0844982 0.0310941 -0.0420125 -0.688404 0.10086 -0.277966 -1 -0.20817 -0.455633 1 -0.6398 -0.305344 -1 -1 0.0534741 0.833689 -0.567096 -1 -1 -0.907422 -0.892906 -1 -1 -1 -0.0154855 0.422917 1 -1 -0.00376821 0.51201 0.301205 0.232648 -0.890779 -0.283161 -0.550207 
-0.264957 0.730534 -1 0.865113 -0.298437 -0.35654 -0.0505303 0.0931559 -0.734471 -1 0.249136 -1 -0.904513 -1 -0.974584 -0.708524 0.260621 -0.0358679 -0.490122 -1 0.147871 -1 0.0144355 -0.357836 0.698572 -0.225795 -1 0.382201 -0.458526 0.638833 -1 -0.0507682 -0.485949 -1 -0.430283 0.077301 0.996476 -0.868159 -0.574207 -1 0.333474 0.151796 -1 0.996761 0.122397 -0.248353 0.0933498 -1 -0.712401 -1 0.324612 -0.351929 -0.151814 -0.833203 -1 -1 0.409645 0.351872 -1 -0.974079 -0.138769 -1 -1 -0.545472 -0.026861 -0.145959 0.320839 -1 -0.666749 -0.954796 -1 -0.609319 0.758715 -0.649372 -0.531836 -1 -0.726506 -0.123147 -0.824087 0.804759 -0.0608498 0.174532 -1 -0.805359 -1 -0.969651 -0.522148 0.0379223 0.540383 0.915557 0.122295 -0.750747 -0.744563 -1 -1 -1 -1 -1 0.173892 -0.498967 0.298179 -1 -0.00322014 0.0595156 -0.301856 0.248608 -1 -0.235138 -0.018246 -0.409944 -0.125941 0.677948 0.89753 -0.6398 -0.132161 -0.225174 -1 -0.126152 0.728789 -1 -1 -1 -0.758008 -0.892906 -0.962235 -1 -1 0.0955097 0.974266 -0.362357 -0.836121 -0.711209 0.630463 -0.100943 0.977941 -0.890779 -0.245127 -1 
-1 1 -1 0.898097 -0.184473 -0.429775 0.366851 0.0618182 0.0146022 -0.848752 -0.356342 -1 -0.904513 -1 -0.873579 -0.990197 0.557402 0.525676 -0.927249 -0.998041 -0.0971031 -0.837925 0.0144355 -0.440011 0.128098 -0.0530712 -1 0.204911 -0.530994 0.638833 -0.62255 -0.400904 -0.885752 -0.36019 -0.430283 0.077301 1 -0.438414 -0.118444 -1 -1 -0.0449191 -1 0.593164 -0.970117 -1 0.148185 -1 -0.469918 -1 -0.30816 0.781835 -0.489905 -1 -1 -0.0384873 0.275285 0.807619 -0.995381 -1 -1 -1 -1 -1 -0.062408 0.0145283 -1 -0.58058 -0.791231 -1 -0.717772 -0.465229 -1 -1 -0.379385 -1 -0.580837 0.384697 0.347487 -1 -0.103999 -0.20537 -0.377332 -1 -1 -0.969651 -0.307754 0.543597 0.425389 0.426625 -0.528477 -1 -0.263369 -0.722644 -1 -1 -1 -1 -0.255852 -0.498967 0.862472 -1 -0.132721 0.570825 0.0310941 0.270329 -0.688404 -0.695 -0.672222 -0.897602 -0.0108765 -0.435132 1 -0.6398 -0.305344 -0.98082 -1 0.416777 0.794825 -0.326084 -1 -1 -1 -0.892906 -1 -1 -1 -0.0154855 0.422917 0.529627 -0.836121 -0.18672 0.208453 0.382081 0.232648 -1 -0.283161 -1 
-1 1 -1 0.898097 -0.184473 -0.429775 0.231036 0.0618182 0.0146022 -0.848752 -0.356342 -1 -1 -1 -0.889019 -0.990197 0.557402 0.525676 -0.927249 -0.998041 -0.0971031 -0.837925 -0.112286 -0.440011 0.128098 -0.0283214 -1 0.204911 -0.530994 0.638833 -0.62255 -0.400904 -0.885752 -0.36019 -0.430283 0.077301 1 -0.438414 -0.118444 -1 -1 -0.0449191 -1 0.710876 -0.970117 -1 0.148185 -1 -0.412671 -1 -0.30816 0.781835 -0.489905 -1 -1 -0.0384873 0.275285 0.807619 -0.995381 -1 -1 -1 -1 -1 -0.062408 0.0145283 -1 -0.58058 -0.755375 -1 -0.717772 -0.465229 -1 -1 -0.379385 -1 -0.580837 0.384697 0.347487 -1 -0.103999 -0.20537 -0.377332 -1 -1 -0.969651 -0.307754 0.485398 0.425389 0.426625 -0.528477 -1 -0.263369 -0.722644 -1 -1 -1 -1 -0.255852 -0.498967 0.862472 -1 -0.132721 0.570825 0.0310941 0.270329 -0.688404 -0.572902 -0.672222 -0.897602 -0.0108765 -0.435132 1 -0.6398 -0.317686 -0.982308 -1 0.416777 0.794825 -0.326084 -1 -1 -1 -0.892906 -1 -1 -1 -0.0154855 0.422917 0.556853 -0.836121 -0.18672 0.208453 0.382081 0.232648 -1 -0.283161 -1 
-0.57063 0.928976 -0.955148 0.850393 0.0430121 0.521914 0.366851 0.0618182 0.0146022 -1 0.249136 -1 -0.904513 -1 -0.75736 -1 0.260621 -0.33703 -0.433885 -1 -0.0971031 -1 0.0144355 -0.357836 0.490635 -0.0283214 -1 0.900234 -0.458526 -0.552394 -0.62255 -0.790657 -1 -0.215657 -0.430283 0.077301 0.996476 -0.438414 0.0357919 -1 -0.0266633 -0.0113864 -1 0.710876 -0.0976093 -1 0.214882 -1 -0.469918 -1 -0.30816 0.781835 -1 -1 -1 -0.0384873 0.275285 0.704345 -0.720839 -1 -0.138769 -1 -1 -0.545472 -0.026861 0.261153 0.320839 -0.58058 -0.440751 -1 -1 -0.465229 -0.0187827 -1 -0.175263 -1 -0.580837 0.384697 0.347487 -0.100503 0.618418 0.272427 -0.22467 -0.599681 -1 -0.969651 -0.26363 0.883843 0.390552 0.656717 -0.246519 -1 -0.38817 -0.185273 -1 -1 -0.968701 -0.803284 -0.308587 -0.498967 0.739576 -1 0.854496 0.631825 0.0310941 0.248608 -0.922011 -0.439798 -0.225196 -0.781373 -0.199702 -0.455633 1 -0.6398 -0.305344 -0.98082 -1 0.0238342 0.833689 -0.526582 -1 -1 -0.907422 -0.892906 -0.962235 -0.71551 -1 -0.0154855 0.207495 1 -0.836121 -0.00376821 0.495806 0.301205 0.232648 -0.890779 -0.283161 -1 
-0.57063 0.730534 -1 0.898097 -0.298437 0.521914 0.366851 0.0618182 0.0146022 -0.865111 0.249136 -1 -0.904513 -1 -0.866057 -0.708524 0.260621 0.622778 -0.433885 -0.738571 -0.0971031 -1 0.0144355 -0.357836 0.490635 0.353328 -1 0.900234 -0.458526 0.638833 -0.62255 -0.0507682 -0.485949 -0.0510718 -0.430283 -0.0031981 0.996476 -0.438414 -0.130494 -1 0.165291 0.151796 -1 0.710876 -0.0976093 -0.248353 0.214882 -1 -0.712401 -1 0.628244 0.781835 -0.14248 -1 -1 -0.0384873 0.409645 0.351872 -0.720839 -0.974079 -0.138769 -0.810453 -1 -0.545472 -0.026861 0.261153 0.320839 -0.58058 -0.440751 -0.49511 -1 -0.465229 0.758715 -0.649372 -0.531836 -1 -0.580837 0.384697 0.347487 0.702962 0.618418 0.284041 -0.151791 -0.805359 -1 -0.969651 -0.26363 0.622107 0.540383 0.803554 0.122295 -0.750747 -0.263369 -0.185273 -0.649555 -1 -1 -1 0.173892 -0.498967 0.739576 -1 0.698666 0.631825 0.0310941 0.248608 -0.688404 0.209902 0.0705066 -0.67143 -0.0108765 0.677948 0.758176 -0.6398 -0.132161 -0.225174 -1 0.0238342 0.833689 -0.526582 -1 -1 -0.907422 -0.892906 -0.962235 -1 -0.386987 -0.0154855 0.974266 1 -0.836121 -0.00376821 0.495806 0.301205 0.977941 -0.890779 0.654888 -0.550207 
-0.57063 0.600946 -1 0.898097 -0.255992 -0.779416 0.366851 -0.292607 0.0146022 -1 0.259655 -0.962996 -0.904513 -1 -1 -0.891317 0.689458 -0.666112 -1 -0.819094 -0.0971031 -0.790214 -0.149126 -0.357836 -1 0.156167 -0.821139 0.630586 -0.946082 0.638833 -0.931138 -0.0507682 -0.466977 0.164522 -0.517388 -0.126155 0.996476 -0.555129 -0.391916 -1 -0.649563 0.0279751 -1 0.710876 -0.0976093 -0.420999 0.254161 -1 -1 -0.943111 0.628244 0.565239 -0.286079 -0.959794 -1 -0.243101 0.409645 0.349917 -1 -1 -0.311506 -0.810453 -1 -0.228058 -0.026861 -0.528923 0.519453 -0.517632 -0.697459 -0.810649 -1 -1 0.461844 -0.649372 -0.505771 -1 -0.347856 -0.140828 -0.951096 0.76742 0.257381 -0.113318 -0.936792 -0.980589 -1 -1 -0.356375 -0.160811 -0.108263 0.824683 0.122295 -1 -0.15472 -0.462808 -0.649555 -1 -1 -1 -0.327515 -1 0.64365 -1 -0.323265 0.543992 0.05424 0.131108 -0.976787 0.0791843 -0.950255 -0.880037 -0.717764 -0.861839 0.758616 -0.350103 -1 -0.488936 -1 0.0238342 0.357868 -1 -1 -0.881424 -1 -0.668798 -0.962235 -0.861856 -0.386987 -0.145515 0.79574 1 -1 -0.0374481 0.193352 0.273849 1 -1 -0.701946 -0.550207 
-0.57063 0.928976 -1 0.898097 -0.298437 0.521914 0.366851 -0.760164 0.0146022 -0.865111 -0.224012 -1 -0.904513 -1 -0.75736 -0.58521 0.260621 0.622778 -0.737046 -1 -0.712894 -1 -1 -0.357836 0.490635 -0.0283214 -1 0.900234 -0.458526 0.638833 -1 -0.790657 -0.904181 -0.264862 -0.430283 0.077301 1 -0.438414 0.0357919 -1 0.165291 0.151796 -1 0.710876 -0.788476 -1 -0.0838282 -1 -0.463895 -1 -0.30816 0.781835 -0.14248 -1 -0.701941 -0.0384873 0.275285 0.704345 -1 -1 -0.138769 -1 -1 -0.931192 -0.026861 -0.567562 0.320839 -0.58058 -0.440751 -1 -0.930485 -0.465229 -0.0588279 -1 -0.531836 -1 -0.775341 0.299414 -0.848732 -0.100503 0.618418 0.284041 -0.151791 -0.587611 -1 -0.969651 -1 -0.0757717 0.613424 0.656717 -0.137951 -1 -0.263369 -0.185273 -1 -1 -1 -0.809563 -0.308587 -0.498967 0.739576 -1 0.854496 0.631825 0.0310941 -0.0351881 -0.688404 0.209902 -0.225196 -1 0.0343213 -0.455633 0.827236 -0.6398 -0.305344 -0.98082 -1 0.0238342 0.833689 -0.526582 -1 -0.862765 -0.907422 -0.892906 -0.962235 -0.71551 -1 -0.0154855 0.422917 1 -0.836121 -0.00376821 0.495806 0.301205 0.232648 -1 -0.283161 -0.550207 
-0.778843 0.730534 -1 0.823087 -1 0.543828 0.366851 -0.104129 0.0146022 -1 -0.104689 -0.94974 -0.904513 -1 -0.866057 -0.667547 0.274074 0.422478 -1 -0.738571 -0.117171 -0.841608 0.0197763 -0.432052 -0.366858 0.353328 -1 0.544971 -0.885082 0.613882 -1 -0.0507682 -0.485949 -0.0510718 -0.79072 -1 1 -0.438414 -0.130494 -1 -1 0.0804437 -1 0.710876 -0.588094 -0.902374 0.214882 -1 -0.969469 -1 0.628244 0.622937 -0.255297 -0.959794 -1 -0.0384873 -0.42302 -0.677089 -1 -0.974079 -0.311506 -0.810453 -1 -0.545472 -0.224982 -0.361082 0.320839 -0.517632 -0.440751 -0.810649 -1 -1 0.507597 -0.649372 -0.505771 -1 -0.552493 -0.140828 -0.771606 0.702962 0.257381 0.284041 -1 -0.9269 -0.966728 -1 -0.414694 0.792985 -0.108263 0.824683 -0.300909 -0.750747 -0.263369 -0.462808 -0.649555 -1 -1 -1 0.173892 -0.35795 0.468448 -1 -0.645987 0.567158 -0.0431938 0.248608 -0.976787 0.141984 -0.152668 -0.69715 -0.0108765 -0.861839 0.548297 -0.891171 -0.132161 -0.488936 -1 0.0909393 -0.168731 -0.604731 -0.99936 -1 -0.907422 -0.892906 -1 -1 -0.640674 -0.0336389 0.844457 1 -1 0.180055 0.193352 -0.295751 0.977941 -0.890779 -0.571121 -0.41072 
-0.763609 -1 -0.0511145 0.561616 -1 -0.895889 -1 -0.793932 -1 -0.196839 -0.942185 0.220902 -1 -1 -1 -1 -0.928447 -1 -0.915921 0.577315 -1 -1 0.89948 -0.653697 -1 -1 -1 -1 -1 -0.0306114 -1 -0.332013 -1 -1 -0.732047 -0.796129 -0.568024 -0.216438 -1 -0.637149 -0.995265 -1 -1 0.13708 -1 -1 -1 -1 -1 -1 -1 -0.855478 -1 -1 -0.884466 -0.340355 0.161933 -1 0.130438 -0.12583 -0.995625 -0.474854 -0.632157 -1 -1 0.0185906 -1 -0.999765 -0.252061 -1 -1 -0.723124 -1 -1 -1 -0.780415 -0.624332 -0.883433 0.194274 -1 -0.487931 -1 -1 -1 -0.0627788 -0.853081 -1 -0.565204 -0.469937 -0.131086 -0.473639 -0.954735 -0.447307 -1 -0.74497 -1 -0.997979 -1 -1 -0.799539 -0.582147 -0.838112 -0.677453 -0.979204 -0.624795 -1 0.907613 -1 -0.863469 -1 -0.291633 -0.848305 -0.888558 0.731034 -0.505456 -0.625608 -1 -1 -0.64334 -1 0.167633 0.424489 -1 0.102289 -1 -0.897158 -1 -0.0380023 -0.913092 -1 0.819317 -0.763037 -0.756713 -1 0.0799884 -1 -1 -0.791717 
-0.57063 0.928976 -1 0.802712 -0.298437 -0.184143 0.366851 0.0618182 0.0146022 -0.928388 0.249136 -1 -0.894346 -1 -0.75736 -0.708524 0.260621 0.622778 -1 -1 -0.0971031 -1 0.0144355 -0.357836 0.599268 -1 -1 0.900234 -0.458526 0.638833 -0.62255 -0.790657 -0.885752 -0.0510718 -0.430283 0.077301 0.996476 -0.438414 -1 -1 0.165291 -0.615472 -0.952966 0.710876 -0.0976093 -0.679022 0.108887 -1 -0.469918 -1 -0.30816 0.781835 -0.14248 -1 -0.701941 -0.0384873 0.275285 0.704345 -1 -1 -0.138769 -1 -1 -0.545472 -0.026861 0.261153 0.382124 -0.58058 -0.440751 -1 -1 -0.465229 -0.122869 -1 -1 -1 -0.580837 0.384697 0.347487 -0.100503 0.618418 0.284041 0.00793013 -0.599681 -1 -0.969651 -0.26363 0.883843 0.721277 0.656717 -0.137951 -1 -0.263369 -0.185273 -1 -1 -0.603752 -0.809563 -0.308587 -0.498967 -0.229119 -0.956205 0.854496 0.677891 -0.26882 0.248608 -0.688404 0.209902 -1 -1 -0.0108765 -0.455633 1 -0.6398 -0.305344 -1 -1 0.0238342 0.0475485 -0.526582 -1 -1 -0.907422 -0.892906 -0.962235 -0.71551 -1 -0.0154855 0.422917 1 -1 -0.0803471 0.495806 0.301205 0.232648 -0.660146 -0.283161 -0.550207 
-0.763849 1 -1 0.898097 -0.184473 -0.429775 0.366851 0.0618182 -0.0400786 -0.848752 -0.356342 -1 -0.904513 -1 -1 -1 0.557402 0.515732 -0.927249 -0.998041 -0.0971031 -0.837925 0.0144355 -0.440011 0.128098 -0.0283214 -1 0.280559 -0.530994 0.638833 -0.62255 -0.772161 -0.885752 -0.36019 -0.430283 0.0241012 0.832528 -0.438414 -0.118444 -1 -1 -0.0449191 -1 0.710876 -0.970117 -1 0.148185 -1 -0.469918 -1 -0.30816 0.781835 -0.489905 -1 -1 -0.194305 0.275285 0.807619 -0.681678 -1 -0.892819 -1 -1 -1 -0.994152 0.0145283 -1 -0.58058 -0.791231 -1 -0.491826 -1 -1 -1 -0.379385 -1 -0.580837 0.208732 0.347487 -0.945504 -1 -0.20537 -0.504391 -1 -1 -1 -0.307754 0.543597 0.425389 0.426625 -1 -1 -0.263369 -0.722644 -1 -1 -1 -1 -0.255852 -0.196974 -0.0483069 -1 -0.132721 0.765732 -0.784572 0.236258 -0.830222 -0.572902 -0.771806 -0.897602 -0.0108765 -0.435132 1 -0.6398 -1 -1 -1 0.416777 0.794825 -0.326084 -1 -1 -1 -0.892906 -1 -0.966821 -1 -0.0154855 0.422917 0.536293 -0.836121 -0.18672 -0.899408 0.382081 0.232648 -1 -0.283161 -1 
-0.398569 0.730534 -1 1 -0.856404 -0.107915 0.357139 0.0636779 -1 -1 -0.738578 -1 -1 -1 -0.842367 -0.92276 0.03343 0.417011 -0.897965 -0.523193 -1 -0.833091 -1 -0.468425 -0.779213 0.209967 -0.926288 -0.222756 -1 0.656553 -1 -0.285138 -0.621633 -1 -0.430283 -1 -0.102383 -0.509203 -0.419633 -1 -0.0414436 -0.0380936 -1 0.289384 -1 -0.853981 -0.363077 -1 -0.712401 -1 0.25418 0.694308 -1 -0.821671 -1 -0.326935 -1 0.00557753 -0.717361 -0.861112 -0.937791 -0.874991 -1 -0.540168 -0.739069 -1 -0.137921 -1 -0.959274 -1 -1 -0.765463 0.488864 -1 -1 -1 -0.843695 -0.889043 -0.0729232 0.473036 0.518872 -0.50777 -0.00388174 -0.90578 -0.81376 -1 -0.299264 0.131286 0.642283 0.259346 0.0504908 -1 -0.935723 -0.80418 -1 -1 -1 -1 -0.0421697 -1 0.274122 -1 0.641157 -0.634147 -0.557804 0.185696 -0.66053 -0.632496 -0.491573 -0.713533 0.138707 0.562755 0.225387 -0.896972 -0.132161 -1 -1 -0.359977 0.789403 -0.526582 -1 -1 -1 -1 -0.983218 -1 -0.670566 -0.0154855 0.845059 1 -1 -0.215607 0.409807 -0.161838 0.688715 -0.933254 -0.0818544 -1 
-0.90864 1 -1 0.898097 -1 -0.597776 0.43384 -1 -0.0495068 -0.78917 -0.763225 -1 -0.730203 -1 -0.794279 -1 0.557402 0.425162 -1 -1 -0.379064 -1 0.272278 -1 0.0681367 -0.301544 -0.849526 0.179609 -0.799623 0.638833 -1 -0.353908 -0.90256 -0.27086 -1 0.077301 0.706409 -0.438414 -0.118444 -1 -0.969786 -0.795414 -1 0.710876 -0.532705 -1 0.214882 -1 -0.469918 -1 -0.304016 1 -0.796633 -1 -1 -0.0384873 -0.0481799 0.606921 -1 -1 -0.777243 -1 -0.892388 -1 -0.407927 0.0683494 -1 -0.807697 -0.791231 -0.961157 -0.764024 -0.368409 -1 -1 -0.379385 -1 -1 -0.00389725 -0.610613 -1 -0.851749 -0.877727 0.302974 -1 -1 -1 -1 0.215323 0.425389 -0.154415 -1 -1 -0.0923458 -0.722644 -0.673195 -1 -1 -0.712219 -1 -0.478629 0.5308 -1 -0.132721 0.742331 0.0310941 0.132139 -0.886033 -0.49969 -0.792819 -1 -0.0108765 -0.455633 0.651867 -0.990314 -1 -0.98082 -1 0.416777 0.598263 -0.695538 -1 -1 -1 -1 -0.827912 -1 -0.916754 -0.0154855 -0.45789 0.15511 -0.836121 -0.179414 0.208453 -0.314142 0.0594383 -1 -0.900242 -1 
-0.355577 0.721083 -1 0.898097 -0.440882 0.325599 0.366851 0.0618182 -1 -1 -0.673869 -1 -1 -1 -0.866057 -0.708524 -0.455008 0.718652 -0.433885 -0.924667 -0.0971031 -1 -0.170381 -0.522995 0.185872 0.353328 -0.726404 -0.22681 -0.458526 0.639465 -0.62255 -1 -0.485949 -0.270566 -0.791974 -0.827313 0.996476 -0.438414 -0.376707 -1 0.165291 0.151796 -1 -0.618216 -0.673149 -1 0.529615 -1 -0.712401 -0.9023 1 -0.425819 0.00981839 -0.940223 -1 -1 -0.0976851 0.219028 -1 -0.974079 -1 -0.810453 -1 -1 -0.026861 -0.895675 0.133903 -0.58058 -0.451127 -0.49511 -0.79924 -0.465229 0.753393 -0.605943 -0.961561 -1 -0.50604 0.454166 0.0824484 0.605821 0.439517 -0.204442 -0.470417 -0.805359 -1 -1 -0.26363 0.422404 -0.0969754 0.803554 -0.0735252 -1 -0.189595 -0.42475 -0.672878 -1 -1 -1 -0.198278 -1 0.78052 -1 -0.484977 0.595797 0.0310941 -0.315978 -0.557986 -0.00685523 -0.0578241 -1 0.0973023 0.677948 0.378943 -0.6398 -0.0460199 0.0712388 -1 0.0238342 0.813604 -0.526582 -1 -1 -1 -0.982789 -1 -1 -0.471012 -0.0815089 0.974266 1 -1 -0.00376821 0.495806 0.301205 1 -0.890779 0.555364 -0.980742 
-1 1 -1 0.898097 -0.170805 -0.38748 0.366851 0.0618182 0.0146022 -0.505372 -0.356342 -1 -0.904513 -1 -0.873579 -0.990197 0.557402 0.525676 -0.927249 -0.998041 -0.0971031 -0.837925 0.0144355 -0.440011 0.128098 -0.0283214 -1 0.167385 -0.530994 0.209399 -0.62255 -0.400904 -0.946156 -0.555841 -1 0.077301 0.942242 -1 0.124336 -1 -1 -0.0449191 -1 0.710876 -1 -1 0.148185 -1 -1 -0.887345 -0.148554 0.955707 -1 -1 -1 -0.306226 0.275285 0.807619 -0.995381 -1 -1 -1 -0.683383 -1 -0.119151 0.0780068 -1 -0.58058 -0.791231 -1 -0.659716 -0.465229 -0.842386 -1 -0.265887 -1 -0.580837 0.384697 0.151406 -0.993476 -1 -1 -0.377332 -1 -0.758471 -0.969651 -0.315257 0.61031 0.297299 0.426625 -0.73675 -0.608656 -0.806253 -1 -1 -1 -1 -1 -1 -0.498967 -0.331336 -1 -0.132721 0.570825 0.639166 0.270329 -1 -1 -0.672222 -1 -0.230211 -0.365576 0.852629 -0.784216 -1 -0.98082 -1 0.416777 0.794825 -0.326084 -1 -1 -1 -0.68616 -1 -1 -1 -0.0154855 0.597398 0.529627 -0.898126 -0.18672 0.208453 -0.229113 0.228835 -1 -0.283161 -1 
-1 1 -1 0.898097 -0.417071 -0.429775 0.366851 0.0618182 0.0146022 -0.848752 -0.356342 -0.912278 -0.904513 -1 -1 -0.929907 0.557402 0.623965 -0.927249 -0.998041 -0.0971031 -0.894444 0.0144355 -0.440011 0.128098 -0.230148 -1 0.204911 -0.530994 0.638833 -0.62255 -0.400904 -0.885752 -0.36019 -0.430283 0.077301 1 -0.438414 -0.118444 -1 -1 -0.0449191 -1 0.710876 -0.970117 -1 0.148185 -0.921299 -0.469918 -1 -0.30816 0.781835 -0.489905 -1 -1 -0.0384873 0.275285 0.807619 -0.995381 -1 -1 -1 -1 -1 -0.062408 0.0145283 -0.921597 -0.684225 -0.791231 -1 -0.717772 -0.465229 -1 -1 -0.379385 -1 -0.580837 0.384697 0.347487 -1 -0.103999 -0.20537 -0.377332 -1 -1 -1 -0.307754 0.454542 0.425389 0.426625 -0.483196 -0.997505 -0.263369 -0.722644 -1 -1 -1 -1 -0.168321 -0.550421 0.862472 -1 -0.132721 0.570825 0.0854503 0.0966792 -0.688404 -0.685901 -0.672222 -0.897602 -0.0108765 -0.435132 1 -0.6398 -0.305344 -0.98082 -1 0.416777 0.794825 -0.326084 -1 -1 -1 -1 -1 -1 -1 -0.0154855 0.422917 0.529627 -0.836121 -0.18672 0.208453 0.250367 0.232648 -1 -0.283161 -1 
-1 1 -1 0.930899 -1 -1 0.366851 0.348386 0.0146022 -0.848752 -0.356342 -1 -1 -1 -0.873579 -1 -0.37386 0.525676 -0.915269 -0.998041 -0.602286 -0.538157 0.0144355 -0.440011 0.128098 0.0446878 -1 0.204911 -0.530994 0.638833 -0.62255 -0.400904 -0.885752 -0.36019 -1 -0.126498 1 -1 -0.118444 -1 -1 -0.0449191 -1 0.710876 -0.970117 -1 0.148185 -1 -0.469918 -1 -1 0.781835 -1 -1 -1 -0.0384873 0.275285 0.807619 -0.995381 -1 -1 -1 -0.912258 -0.911951 -0.403512 -0.0403884 -1 -0.58058 -0.432659 -1 -0.717772 -1 -1 -1 -1 -1 -1 0.277363 0.347487 -1 -0.103999 -0.20537 -0.377332 -0.795407 -1 -0.969651 -0.307754 0.543597 0.425389 0.426625 -1 -1 -0.0901425 -0.722644 -1 -1 -1 -1 -0.255852 -0.498967 0.816478 -1 -0.128233 0.570825 0.0310941 0.270329 -0.688404 -0.572902 -1 -0.834949 -0.0108765 -0.435132 1 -0.6398 -0.305344 -1 -1 0.368023 0.794825 -0.326084 -1 -1 -1 -0.892906 -1 -1 -1 -0.0154855 0.422917 0.355626 -1 -0.18672 0.208453 0.382081 0.232648 -1 -0.283161 -1 
-1 1 -1 0.898097 -0.184473 -0.429775 0.0953369 0.0618182 0.0146022 -1 -0.217082 -1 -1 -1 -0.873579 -1 0.557402 0.525676 -0.927249 -1 -0.0971031 -0.487579 0.0144355 -0.530203 -0.715233 -0.0283214 -0.677691 0.204911 -0.472807 0.774441 -0.62255 -0.472447 -1 -0.30207 -0.834404 0.152285 1 -0.316253 -0.284576 -1 -1 -1 -1 -0.304704 -0.755428 -0.754014 0.148185 -1 -0.755759 -1 -1 0.781835 -0.416477 -1 -1 -0.134858 0.275285 0.807619 -1 -1 -0.6464 -0.938023 -1 -1 -0.062408 -1 -1 -0.362403 -0.791231 -1 -0.396079 -0.161602 -1 -1 -0.0786368 -0.954216 -0.580837 0.384697 -1 -0.643324 -0.103999 -0.20537 -1 -1 -1 -0.969651 -0.307754 0.77584 -0.319949 0.749755 -0.651152 -1 -1 -0.868026 -0.80926 -0.91539 -1 -1 -0.255852 -1 0.321182 -0.972043 -0.862726 0.570825 0.0310941 0.270329 -0.688404 -1 -0.358747 -0.897602 0.355394 -0.684321 1 -0.643699 -0.305344 -0.98082 -1 0.416777 0.41435 -0.517511 -1 -1 -1 -0.532227 -1 -1 -1 -0.0154855 0.422917 0.529627 -1 -0.380208 0.208453 0.505517 0.232648 -1 0.071553 -0.731777 
-0.670118 0.928976 -1 0.898097 -0.298437 0.521914 0.366851 0.0618182 0.0146022 -0.865111 0.249136 -1 -0.904513 -1 -0.75736 -0.708524 0.260621 0.599914 -0.433885 -1 -0.0971031 -1 0.0144355 -0.357836 0.490635 -0.0283214 -1 0.900234 -0.458526 0.638833 -0.62255 -0.790657 -0.885752 -0.0510718 -0.430283 0.077301 0.996476 -0.438414 0.0357919 -1 0.165291 0.151796 -1 0.710876 -0.0976093 -1 0.214882 -1 -0.469918 -1 -0.30816 0.669388 -0.14248 -1 -0.701941 -0.0384873 0.275285 0.704345 -0.720839 -1 -0.138769 -1 -1 -0.545472 -0.026861 0.261153 0.320839 -0.58058 -0.440751 -1 -1 -0.465229 -0.0187827 -1 -0.531836 -1 -0.580837 0.384697 0.347487 -0.100503 0.618418 0.284041 -0.151791 -0.599681 -1 -0.969651 -0.26363 0.883843 0.465271 0.656717 -0.137951 -1 -0.232415 -0.185273 -1 -1 -1 -0.809563 -0.308587 -0.498967 0.739576 -1 0.854496 0.631825 0.0310941 0.248608 -0.688404 0.209902 -0.225196 -1 -0.0108765 -0.455633 1 -0.6398 -0.305344 -0.98082 -1 0.0238342 0.833689 -0.526582 -1 -1 -0.907422 -0.892906 -0.962235 -0.71551 -0.99069 -0.0154855 0.422917 1 -0.836121 -0.00376821 0.495806 0.301205 0.232648 -0.890779 -0.283161 -0.550207 
-0.778843 0.730534 -1 0.898097 -0.56837 0.543828 0.366851 -0.298758 0.0146022 -1 0.249136 -1 -0.904513 -1 -0.866057 -0.628603 0.274074 0.422478 -1 -0.738571 -0.117171 -0.841608 -0.0820735 -0.432052 -0.366858 0.353328 -1 0.570923 -0.885082 0.613882 -1 -0.0507682 -0.485949 -0.0213586 -0.876572 -0.0692359 1 -0.438414 -0.130494 -1 -0.649563 -0.101905 -1 0.710876 -0.0976093 -0.396286 0.214882 -1 -0.969469 -1 0.628244 0.781835 -0.255297 -0.959794 -1 -0.0384873 0.409645 -0.112482 -1 -0.974079 -0.311506 -0.810453 -1 -0.545472 -0.224982 -0.361082 0.320839 -0.517632 -0.440751 -0.810649 -1 -1 0.507597 -0.649372 -0.554716 -1 -0.435276 -0.140828 -0.771606 0.702962 0.257381 0.284041 -1 -0.9269 -0.966728 -1 -0.414694 0.622107 -0.108263 0.824683 -0.0356577 -0.750747 -0.263369 -0.462808 -0.649555 -1 -1 -1 0.173892 -0.535551 0.468448 -1 -0.645987 0.567158 -0.0223955 0.248608 -0.976787 0.141984 -0.152668 -0.880037 -0.0108765 -0.861839 0.548297 -0.962452 -0.132161 -0.457049 -1 0.0909393 0.700934 -0.604731 -0.99936 -1 -0.907422 -0.892906 -1 -0.896108 -0.640674 -0.0336389 0.903789 1 -1 -0.00376821 0.193352 0.301205 0.826546 -0.890779 -0.571121 -0.619011 
-1 0.0737442 -1 0.898097 -0.184473 -0.429775 0.366851 0.0618182 0.0146022 -0.848752 -0.356342 -0.96751 -0.904513 -0.690804 -0.873579 -1 0.417422 0.569755 -0.927249 -0.998041 -0.0971031 -0.839688 0.0144355 -0.440011 0.128098 -0.0283214 -1 -0.957467 -0.896704 0.638833 -0.62255 -0.580085 -0.885752 -0.36019 -0.430283 0.077301 0.848203 -0.438414 -0.211217 -1 -1 -0.0299016 -1 0.74255 -0.970117 -1 0.148185 -1 -0.469918 -1 -0.30816 0.781835 -0.489905 -1 -1 0.0963363 0.275285 0.863254 -0.995381 -1 -1 -1 -1 -1 -0.062408 -0.0238851 -1 -1 -0.824038 -1 -0.717772 -0.465229 -1 -1 -0.379385 -1 -0.328124 0.384697 0.347487 -1 -0.459646 -0.20537 -0.428533 -1 -0.68513 -0.969651 -0.307754 0.543597 0.279435 0.426625 -0.222938 -1 -0.775399 -1 -1 -1 -1 -1 -0.255852 -0.498967 -0.124993 -1 -0.132721 -0.327856 0.0310941 0.141728 -0.688404 -0.572902 -0.672222 -1 0.0197787 -0.435132 1 -1 -0.305344 -0.98082 -1 0.416777 0.794825 -0.326084 -1 -1 -0.977147 -0.892906 -1 -1 -1 -0.0154855 0.822538 0.529627 -0.836121 -0.18672 0.208453 0.382081 0.232648 -1 -0.283161 -1 
-1 1 -1 0.898097 -0.184473 -0.429775 0.366851 0.0618182 0.0146022 -0.848752 -0.356342 -1 -0.904513 -1 -0.873579 -0.990197 0.557402 0.525676 -0.927249 -0.998041 -0.0971031 -0.837925 0.0144355 -0.440011 0.128098 -0.0283214 -1 0.204911 -0.530994 0.638833 -0.62255 -0.400904 -0.885752 -0.36019 -0.430283 0.077301 1 -0.438414 -0.118444 -1 -1 -0.0449191 -1 0.710876 -0.970117 -1 0.148185 -1 -0.469918 -1 -0.30816 0.781835 -0.489905 -1 -1 -0.0384873 0.275285 0.807619 -0.995381 -1 -1 -1 -1 -1 -0.062408 0.0145283 -1 -0.58058 -0.791231 -1 -0.717772 -0.465229 -1 -1 -0.379385 -1 -0.580837 0.384697 0.347487 -1 -0.103999 -0.20537 -0.377332 -1 -1 -0.969651 -0.307754 0.543597 0.425389 0.426625 -0.528477 -1 -0.263369 -0.722644 -1 -1 -1 -1 -0.255852 -0.498967 0.862472 -1 -0.132721 0.570825 0.0310941 0.270329 -0.688404 -0.572902 -0.672222 -0.897602 -0.0108765 -0.435132 1 -0.6398 -0.305344 -0.98082 -1 0.416777 0.794825 -0.326084 -1 -1 -1 -0.892906 -1 -1 -1 -0.0154855 0.422917 0.529627 -0.836121 -0.18672 0.208453 0.382081 0.232648 -1 -0.283161 -1 
-0.714225 0.730534 -0.818949 0.898097 -1 0.556447 0.366851 -0.292607 0.0146022 -1 -0.250547 -0.962996 -0.904513 -1 -1 -0.734187 -0.0277245 0.623088 -1 -0.846914 -0.0971031 -1 -0.151664 -0.357836 -0.483781 0.353328 -1 0.630586 -1 0.0607404 -0.944565 -0.0507682 -1 -0.0510718 -0.517388 -0.0723495 0.996476 -0.438414 -0.130494 -1 -0.649563 0.0765597 -1 0.7609 -0.0976093 -0.252407 0.254161 -1 -1 -1 0.628244 0.781835 -0.255297 -0.959794 -0.931763 -1 0.409645 0.349917 -1 -1 -0.311506 -0.763761 -1 -0.545472 -0.026861 -0.646881 0.320839 -0.517632 -0.440751 -1 -1 -0.876054 0.507597 -0.786155 -0.505771 -1 -0.594966 -0.312913 -1 0.702962 0.257381 -0.511268 -1 -1 -0.918017 -1 -1 0.271454 -0.108263 0.824683 0.122295 -0.97685 -0.681261 -0.462808 -0.654259 -1 -1 -1 -0.0576216 -0.787223 0.662297 -1 -0.323265 -0.594182 0.0310941 0.0621902 -0.976787 0.0791843 0.0705066 -0.880037 -0.0108765 -1 0.708772 -0.744446 -0.132161 -0.488936 -1 0.0238342 1 -0.542 -1 -1 -0.907422 -0.948159 -1 -0.896108 -0.386987 -0.115357 0.76775 1 -1 -0.00376821 0.193352 0.229544 0.977941 -0.890779 -0.571121 -0.520049 
-0.57063 0.730534 -1 0.597793 -0.46376 -0.529616 0.366851 -0.0548584 -0.592385 -0.872711 -0.674949 -0.742607 -0.880367 -1 -0.99792 -0.708524 0.156008 0.622778 -0.433885 -0.940567 -0.0971031 -0.868896 0.0637478 -0.357836 0.490635 0.353328 -1 0.900234 -0.742033 0.537909 -0.62255 -0.354558 -0.485949 -0.519114 -0.598293 0.077301 0.612072 -0.438414 -0.214465 -0.981406 -0.0931198 -1 -1 0.83203 -0.26692 -0.073013 0.214882 -0.915806 -0.783669 -0.958316 0.357478 0.614869 -0.377133 -1 -0.621297 -1 -0.545962 -1 -0.720839 -1 -0.150821 -1 -0.613298 -0.808507 -0.0332558 -0.208317 -0.167383 -0.46453 -0.535304 -1 -1 -0.661271 -0.14473 -0.286877 -1 -1 -0.529292 0.262958 0.411546 0.790307 0.139567 -0.183881 -1 -0.805359 -1 -1 -0.26363 -0.431391 0.260008 0.488353 -0.273197 -0.827007 -1 -0.81607 -0.623938 -1 -1 -1 0.407147 -1 0.604655 -1 -0.266274 0.309588 -0.526739 0.281538 -0.688404 -0.956397 0.0705066 -0.67143 0.103501 0.677948 0.758176 -0.474433 -0.459783 -0.846819 -1 0.0238342 0.875304 -0.550255 -1 -1 -0.907422 -0.892906 -1 -1 -0.865197 0.36633 0.235067 1 -0.836121 -0.272866 0.227085 0.301205 0.977941 -0.824811 -0.0868822 -0.743176 
-0.57063 0.928976 -1 0.599522 -0.298437 0.521914 0.366851 0.321925 0.0146022 -0.865111 -0.0696767 -1 -0.904513 -0.969037 -0.75736 -0.70775 0.260621 0.622778 -0.433885 -1 -0.0445895 -1 0.0144355 -0.896157 0.399153 -0.153267 -1 0.900234 -0.472981 0.261221 -0.62255 -0.790657 -1 -0.0510718 -0.0851361 0.077301 0.985704 -0.533626 0.0357919 -1 0.0720248 0.151796 -1 0.710876 -0.0976093 -1 0.214882 -1 -1 -1 -0.30816 0.781835 -0.14248 -1 -0.701941 -0.0384873 0.275285 1 -0.89686 -0.967122 -0.138769 -1 -1 -0.545472 -0.026861 0.348117 0.320839 -0.913005 -0.440751 -1 -1 -0.465229 -0.0187827 -1 -0.531836 -1 -0.580837 0.241061 0.347487 -0.100503 0.591032 0.284041 -0.151791 -0.599681 -1 -0.969651 -0.26363 0.809704 0.377043 -0.0686965 -0.137951 -1 -0.263369 -0.768993 -1 -1 -1 -0.809563 -0.308587 -0.82928 0.739576 -1 0.854496 0.397911 0.0310941 0.248608 -0.941427 0.209902 -0.225196 -1 -0.0108765 -0.382614 0.851686 -0.6398 -0.305344 -0.98082 -1 0.0238342 0.833689 -0.59987 -1 -1 -1 -0.892906 -0.962235 -0.713177 -1 -0.033383 0.422917 1 -0.836121 -0.00376821 0.577819 0.301205 0.232648 -0.890779 -0.141781 -0.550207 
-1 1 -1 0.898097 -0.184473 -1 -0.39331 0.0516284 -1 -1 -1 -1 -1 -1 -1 -0.990197 0.557402 0.525676 -1 -1 -0.0971031 -0.837925 0.0144355 -1 0.128098 -0.496947 -1 0.671811 -0.586479 -0.102677 -0.873765 -0.400904 -0.885752 -1 -0.430283 -0.401559 1 -0.214361 -0.552221 -1 -1 -0.0449191 -1 0.710876 -1 -0.866796 -0.37987 -0.955324 -0.469918 -1 -0.811023 0.969795 -1 -1 -1 -0.0384873 -0.129815 0.807619 -0.995381 -1 -1 -1 -1 -1 -0.062408 -0.452388 -1 -0.733962 -0.791231 -1 -0.717772 -0.465229 -1 -1 -1 -1 -1 0.384697 0.347487 -1 -0.103999 -0.729094 -1 -1 -1 -0.969651 -0.186793 0.62081 -0.475882 0.426625 -1 -1 -1 -1 -1 -1 -1 -1 -0.255852 -0.498967 -0.274936 -0.710911 -0.132721 0.422135 0.0310941 0.270329 -1 -0.572902 -0.672222 -1 -0.0108765 -0.435132 1 -0.6398 -0.305344 -1 -1 0.416777 0.794825 -0.326084 -1 -0.780321 -1 -1 -1 -1 -1 -0.51066 0.422917 -0.466515 -0.846465 -0.289582 -0.211573 0.382081 0.409109 -1 -0.283161 -1 
-0.763609 -1 -0.0511145 0.926525 -1 -1 -0.83577 -0.793932 -0.550848 -0.905524 -0.942185 -0.620633 -1 -1 -0.349502 -0.859301 -0.928447 -1 -0.915921 0.577315 -1 -1 0.823534 -0.653697 -1 -0.791698 -1 -1 -1 -1 -1 -0.608888 -1 -0.923257 -1 -0.988864 -1 -0.216438 -1 -0.684369 -1 -1 -1 -0.955213 -0.898617 -0.924828 -1 -0.962228 -1 -1 -1 -1 -1 -1 -0.197969 -0.505116 0.161933 -1 -0.813455 -0.838839 -1 -0.71337 -1 -1 -1 -0.221404 -1 -1 -0.416251 -1 -1 -0.723124 -0.702091 -1 -1 -0.780415 -1 -0.883433 0.100166 -0.818945 -1 -1 -1 -1 -0.0627788 -1 -1 -0.713678 -0.469937 -0.698002 -0.507986 -1 -0.591758 -1 -1 -0.727245 -1 -0.859124 -1 -1 -1 -1 -0.791392 -0.668392 -1 -1 0.907613 -0.943088 -0.863469 -1 -0.65036 -1 -1 0.730377 -0.481355 -0.625608 -1 -0.670915 -0.674969 -1 -0.464817 0.685103 -1 -0.248612 -1 -0.353567 -0.7108 0.35332 -0.913092 -1 0.039676 -0.763037 -0.778069 -0.646558 0.332229 -1 -1 -1 
-1 1 -1 0.898097 -0.184473 -0.429775 0.366851 0.0618182 9.14335e-05 -0.837703 -0.346395 -1 -0.904513 -1 -0.873579 -0.990197 0.557402 0.525676 -0.927249 -0.998041 -0.0971031 -0.837925 0.0144355 -0.471046 0.128098 -0.0283214 -1 0.204911 -0.530994 0.638833 -0.62255 -0.400904 -0.885752 -0.36019 -0.5635 0.077301 1 -0.438414 -0.118444 -1 -1 -0.0449191 -1 0.710876 -0.970117 -1 0.0445957 -1 -0.469918 -1 -0.30816 0.781835 -0.489905 -1 -1 -0.0384873 0.275285 0.807619 -0.995381 -1 -1 -1 -1 -1 -0.062408 0.0145283 -1 -0.58058 -0.791231 -1 -0.706598 -0.465229 -1 -1 -0.379385 -1 -0.580837 0.384697 0.347487 -1 -0.103999 -0.20537 -0.377332 -1 -1 -0.969651 -0.356927 0.543597 0.425389 0.426625 -0.528477 -1 -0.263369 -0.722644 -1 -1 -1 -1 -0.255852 -0.498967 0.862472 -1 -0.132721 0.570825 0.0310941 0.270329 -0.688404 -0.587703 -0.672222 -0.897602 -0.0108765 -0.435132 1 -0.6398 -0.305344 -0.98082 -1 0.416777 0.794825 -0.326084 -1 -1 -1 -0.892906 -1 -1 -1 -0.0154855 0.422917 0.529627 -0.836121 -0.18672 0.208453 0.382081 0.232648 -1 -0.283161 -1 
-1 0.221464 -1 1 -0.184473 -0.486576 0.366851 0.0618182 0.0146022 -0.848752 -0.356342 -1 -0.904513 -1 -1 -1 0.557402 -0.245491 -0.927249 -0.998041 -0.0237508 -0.837925 -0.644702 -0.471046 0.128098 -0.0283214 -1 0.204911 -0.537058 0.638833 -0.62255 -0.400904 -0.885752 -0.36019 -0.5635 -0.189684 1 -0.438414 -1 -1 -0.769208 -0.0449191 -1 0.992392 -0.970117 -1 0.320781 -1 -0.469918 -1 -0.30816 0.781835 -0.489905 -1 -0.849247 -0.0384873 0.275285 0.294433 -0.995381 -1 -1 -1 -1 -1 -0.062408 0.0145283 -1 -0.58058 -1 -1 -1 -0.465229 -1 -1 -0.379385 -0.716429 -0.580837 0.384697 0.347487 -1 -0.103999 -0.20537 -0.6449 -1 -1 -0.969651 -0.307754 0.543597 0.539214 0.426625 -0.528477 -1 -0.263369 -1 -1 -0.648196 -1 -1 -1 -0.654484 0.862472 -1 -0.132721 0.570825 0.0310941 0.270329 -0.366587 -1 -1 -0.897602 0.202921 -0.435132 0.179264 -0.636083 -0.505824 -0.98082 -1 0.416777 0.794825 -0.326084 -1 -1 -1 -1 -1 -1 -1 -0.0154855 0.422917 0.529627 -0.836121 -0.18672 0.172088 0.382081 0.232648 -1 -0.283161 -1 
-1 1 -1 0.898097 -0.184473 -0.429775 0.366851 0.0618182 0.0146022 -0.848752 -0.356342 -1 -0.904513 -1 -0.873579 -0.990197 0.557402 0.525676 -0.927249 -0.998041 -0.0971031 -0.837925 0.0144355 -0.440011 0.128098 -0.0283214 -1 0.204911 -0.530994 0.638833 -0.62255 -0.400904 -0.885752 -0.36019 -0.430283 0.077301 1 -0.438414 -0.118444 -1 -1 -0.0449191 -1 0.710876 -0.970117 -1 0.148185 -1 -0.469918 -1 -0.30816 0.781835 -0.489905 -1 -1 -0.0384873 0.275285 0.807619 -0.995381 -1 -1 -1 -1 -1 -0.062408 0.0145283 -1 -0.58058 -0.791231 -1 -0.717772 -0.465229 -1 -1 -0.379385 -1 -0.580837 0.384697 0.347487 -1 -0.103999 -0.20537 -0.377332 -1 -1 -0.969651 -0.307754 0.543597 0.425389 0.426625 -0.528477 -1 -0.404641 -0.722644 -1 -1 -1 -1 -0.219628 -0.623652 0.862472 -1 -0.132721 0.570825 0.0517606 0.270329 -0.688404 -0.572902 -0.672222 -0.897602 -0.0108765 -0.435132 1 -0.6398 -0.305344 -0.98082 -1 0.416777 0.794825 -0.326084 -1 -1 -1 -0.892906 -1 -1 -1 -0.0154855 0.422917 0.529627 -0.836121 -0.18672 0.208453 0.382081 0.232648 -1 -0.283161 -1 
-0.264957 -0.26459 -1 0.865113 -0.298437 -0.922613 0.0515348 0.0931559 -0.734471 -0.716601 0.249136 -1 -0.904513 -1 -0.974584 -0.708524 0.260621 -0.0358679 -0.490122 -1 0.147871 -1 0.0144355 -0.357836 0.698572 -0.225795 -0.922098 -0.658474 -0.458526 0.638833 -1 -0.0507682 -0.485949 -1 -0.430283 0.077301 0.607766 -0.868159 -0.574207 -1 0.333474 0.151796 -1 0.996761 0.122397 -0.248353 0.253336 -1 -0.77929 -0.637318 0.324612 -0.351929 -0.14248 -0.833203 -1 -1 0.409645 -0.742831 -1 -0.974079 -0.138769 -1 -1 -0.932707 -0.026861 -0.145959 0.320839 -1 -0.666749 -0.954796 -0.656738 -0.465229 0.704206 -0.649372 -1 -1 -0.726506 -0.123147 -0.654411 0.804759 -0.0608498 0.126126 -1 -0.805359 -1 -0.969651 -0.522148 0.269687 0.540383 0.778939 0.122295 -0.750747 -0.877844 -1 -1 -1 -1 -1 0.173892 -0.498967 0.298179 -1 -0.00322014 0.0595156 -0.301856 0.248608 -1 -0.340232 -0.018246 -0.409944 -0.372774 0.677948 0.89753 -0.6398 -0.0733804 -0.1891 -1 -0.0443817 0.728789 -1 -1 -1 -0.758008 -0.892906 -0.962235 -1 -1 0.0955097 0.974266 -0.346485 -0.836121 -0.711209 0.580327 -0.100943 0.977941 -0.890779 -0.245127 -1 
-1 1 -1 -0.0501032 -0.184473 -0.429775 0.366851 0.132812 0.0146022 -1 -0.356342 -1 -0.904513 -1 -0.873579 -1 0.557402 0.525676 -0.98072 -0.998041 -0.0971031 -1 0.0144355 -0.440011 0.414687 -0.0283214 -1 0.204911 -0.530994 0.638833 -0.62255 -0.274474 -0.885752 -0.36019 -0.465268 0.077301 1 -0.438414 -0.118444 -1 -1 -0.0449191 -1 0.710876 -0.970117 -1 0.148185 -1 -0.479729 -1 -0.30816 0.831277 -0.489905 -1 -1 -0.0384873 0.266746 1 -0.995381 -1 -1 -1 -1 -1 -0.062408 -0.938898 -1 -0.58058 -0.76773 -1 -0.717772 -0.176882 -1 -1 -0.379385 -1 -0.580837 0.384697 0.307749 -1 -0.161111 -0.20537 -0.299553 -1 -1 -1 -0.307754 0.543597 0.425389 0.426625 -0.528477 -1 -0.263369 -0.373722 -1 -0.834181 -1 -1 -0.255852 -0.859939 0.862472 -1 -0.132721 0.570825 -0.175557 0.270329 -1 -0.572902 -1 -1 -0.687153 -0.435132 0.460172 -0.6398 -0.305344 -0.98082 -1 0.416777 0.794825 -0.307921 -1 -1 -0.881793 -0.892906 -1 -0.966358 -1 -0.0154855 0.422917 0.529627 -0.836121 -0.18672 0.208453 0.382081 0.232648 -1 -0.283161 -1 
-0.706247 0.721083 -1 0.898097 -0.298437 0.292356 0.366851 0.0618182 -0.542242 -1 -0.200859 -1 -1 -1 -0.866057 -0.708524 -0.0240564 0.718652 -0.48346 -0.924667 -0.0971031 -1 0.0144355 -0.522995 0.185872 0.353328 -0.726404 0.059394 -0.634427 0.639465 -0.62255 -1 -0.620524 -0.382824 -0.791974 0.077301 0.979964 -0.492424 -0.376707 -1 0.165291 0.151796 -1 -0.421299 -0.0976093 -1 0.214882 -1 -0.712401 -0.9023 1 -0.425819 -0.14248 -0.940223 -1 -1 -0.0976851 0.219028 -1 -0.974079 -1 -0.810453 -1 -1 -0.026861 -0.895675 0.204951 -0.58058 -0.451127 -0.49511 -0.79924 -0.465229 0.758715 -0.605943 -0.961561 -1 -0.50604 0.454166 0.0824484 0.605821 0.439517 -0.204442 -0.470417 -0.805359 -1 -1 -0.26363 0.732987 -0.0990457 0.71974 -0.0735252 -1 -0.189595 -0.42475 -0.649555 -1 -1 -1 -0.198278 -1 0.739576 -1 -0.484977 0.595797 0.0310941 -0.315978 -0.557986 -0.00685523 -0.100778 -1 0.17859 0.677948 0.378943 -0.6398 -0.0460199 0.0712388 -1 0.0238342 0.833689 -0.526582 -1 -1 -1 -0.982789 -1 -1 -0.386987 -0.0815089 0.974266 1 -1 -0.00376821 0.495806 0.301205 0.977941 -0.890779 0.654888 -0.980742 
-0.57063 0.730534 -1 0.898097 -0.298437 0.521914 0.366851 0.0618182 0.0146022 -0.865111 0.249136 -1 -0.904513 -1 -0.866057 -0.708524 0.260621 0.622778 -0.433885 -0.738571 -0.0971031 -1 0.0144355 -0.357836 0.490635 0.353328 -1 0.900234 -0.458526 0.638833 -0.62255 -0.0507682 -0.485949 -0.0510718 -0.430283 0.077301 0.996476 -0.438414 -0.130494 -1 0.165291 0.151796 -1 0.710876 -0.0976093 -0.248353 0.214882 -1 -0.712401 -1 0.628244 0.781835 -0.14248 -1 -1 -0.0384873 0.409645 0.351872 -0.720839 -0.974079 -0.138769 -0.810453 -1 -0.545472 -0.026861 0.261153 0.320839 -0.58058 -0.440751 -0.49511 -1 -0.465229 0.758715 -0.649372 -0.531836 -1 -0.580837 0.384697 0.347487 0.702962 0.618418 0.284041 -0.151791 -0.805359 -1 -0.969651 -0.26363 0.622107 0.540383 0.803554 0.122295 -0.750747 -0.263369 -0.185273 -0.649555 -1 -1 -1 0.173892 -0.498967 0.739576 -1 0.698666 0.631825 0.0310941 0.248608 -0.688404 0.209902 0.0705066 -0.67143 -0.0108765 0.677948 0.758176 -0.6398 -0.132161 -0.225174 -1 0.0238342 0.833689 -0.526582 -1 -1 -0.907422 -0.892906 -0.962235 -1 -0.386987 -0.0154855 0.974266 1 -0.836121 -0.00376821 0.495806 0.301205 0.977941 -0.890779 0.654888 -0.550207 
-1 1 -1 0.898097 -0.184473 -0.429775 0.240364 -0.0317608 0.0146022 -0.848752 -0.356342 -1 -0.904513 -1 -0.873579 -0.736546 0.557402 0.525676 -0.850368 -1 -0.0971031 -0.837925 -0.0443322 -0.220047 0.128098 -0.0283214 -1 0.14413 -0.468566 -0.0667431 -0.32693 -0.303496 -0.885752 -0.36019 -0.430283 0.077301 1 -0.514641 -0.118444 -1 -1 -1 -0.922292 0.710876 -1 -1 0.148185 -1 -0.464508 -1 -0.232796 0.781835 -0.862576 -1 -1 -0.0384873 0.275285 0.802846 -1 -1 -1 -0.951503 -1 -1 -0.0195621 0.128114 -1 -0.932457 -0.962531 -1 -0.717772 -0.465229 -1 -1 -0.379385 -1 -0.580837 0.384697 0.255124 -1 -0.103999 -0.20537 -0.0983569 -1 -1 -1 -0.307754 0.543597 0.331357 0.426625 -0.569504 -1 -0.263369 -0.722644 -1 -1 -1 -1 -0.603705 -0.498967 0.773125 -0.871624 -0.19512 0.570825 0.0310941 0.270329 -0.681117 -0.572902 -0.809898 -0.897602 -0.197967 -0.898975 1 -0.6398 -0.683993 -0.989608 -1 0.416777 0.794825 -0.327682 -1 -0.978281 -1 -0.872866 -1 -1 -1 -0.0154855 0.422917 0.468613 -0.836121 -0.18672 0.223131 0.295076 0.232648 -1 -0.283161 -1 
-1 1 -1 0.881897 -0.184473 -0.429775 0.0634664 0.0618182 0.0146022 -1 -0.193362 -1 -1 -1 -0.873579 -0.990197 0.557402 0.525676 -0.927249 -1 -0.0971031 -0.837925 0.0144355 -0.339882 0.128098 -0.0283214 -0.677691 0.204911 -0.530994 0.638833 -0.62255 -0.472447 -0.885752 -0.209311 -0.883399 0.077301 1 -0.287193 -0.284576 -1 -1 -1 -1 -0.304704 -0.755428 -0.754014 0.148185 -1 -0.469918 -1 -0.30816 0.781835 -0.416477 -1 -1 -0.0384873 0.275285 0.736421 -1 -1 -0.6464 -0.938023 -1 -1 -0.062408 -1 -1 -0.252217 -0.791231 -1 -0.396079 -0.465229 -1 -1 -0.00869303 -0.954216 -0.656161 0.384697 -0.763264 -0.643324 -0.103999 -0.20537 -0.377332 -1 -1 -0.969651 -0.307754 0.77584 -0.319949 0.749755 -0.651152 -1 -1 -0.837565 -1 -0.91539 -1 -1 -0.255852 -0.817616 0.862472 -1 -0.831111 0.579283 0.0310941 0.270329 -0.797556 -1 -0.672222 -0.897602 0.355394 -0.536068 1 -0.766436 -0.305344 -0.98082 -1 0.427105 0.794825 -0.326084 -1 -1 -1 -0.532227 -1 -1 -1 -0.0154855 0.422917 0.529627 -0.836121 -0.380208 0.208453 0.501707 0.232648 -1 0.071553 -1 
-0.763609 -1 -0.0511145 0.872572 -1 -0.938034 -0.83577 -0.793932 -0.910344 -0.905524 -0.942185 -0.620633 -1 -1 -0.349502 -1 -1 -1 -0.915921 0.577315 -1 -1 0.89948 -0.73727 -1 -0.791698 -1 -1 -1 -0.514507 -1 -0.608888 -1 -0.923257 -0.710651 -0.988864 -1 -0.216438 -1 -0.684369 -1 -1 -1 -1 -0.898617 -0.924828 -1 -1 -1 -0.808573 -1 -1 -1 -1 -0.197969 -0.505116 0.161933 -1 -0.813455 -0.838839 -1 -1 -1 -1 -1 -0.221404 -1 -0.999765 -0.450029 -1 -1 -0.672342 -0.702091 -1 -1 -0.780415 -1 -0.883433 0.100166 -0.425242 -0.98473 -1 -1 -1 -0.0627788 -0.706399 -1 -0.824673 -0.469937 -0.0861908 -0.419029 -1 -0.591758 -1 -1 -0.727245 -1 -1 -1 -1 -0.794108 -0.974447 -0.791392 -0.968799 -1 -1 0.804504 -1 -0.863469 -1 -0.65036 -0.848305 -1 0.731034 -0.557452 -0.625608 -1 -0.670915 -0.674969 -1 -0.464817 0.68126 -1 -0.248612 -1 -0.442695 -0.7108 0.35332 -1 -1 -0.0278223 -0.763037 -0.792851 -0.646558 0.268318 -1 -1 -1 
-1 1 -1 0.898097 -0.184473 -0.429775 0.366851 0.0618182 0.0146022 -0.848752 -0.961404 -1 -0.904513 -1 -0.873579 -0.990197 0.557402 -0.51977 -0.927249 -0.998041 -0.636677 -0.837925 0.0144355 -0.440011 0.128098 -0.0283214 -1 0.448279 -0.530994 0.638833 -0.62255 -0.400904 -0.885752 -0.36019 -1 0.077301 1 -0.438414 -0.669987 -1 -1 -1 -1 0.710876 -0.970117 -1 0.148185 -0.962287 -0.470667 -1 -0.30816 0.781835 -0.64099 -1 -1 -0.505691 0.236844 0.807619 -0.898067 -1 -0.952626 -1 -1 -1 -0.062408 0.0145283 -1 -0.58058 -0.791231 -1 -0.717772 -1 -1 -1 -0.379385 -1 -0.580837 -0.572059 0.347487 -1 -0.103999 -0.20537 -0.377332 -1 -1 -0.969651 -0.307754 0.523685 -0.357798 -0.480982 -0.635439 -1 -0.263369 -0.722644 -1 -1 -1 -1 -1 -1 0.862472 -1 -0.132721 0.570825 0.0310941 0.270329 -0.688404 -0.572902 -0.672222 -0.897602 -0.0108765 -0.631088 1 -0.670933 -0.305344 -0.98082 -1 0.416777 -0.138022 -0.326084 -1 -1 -1 -0.892906 -1 -1 -1 -0.0154855 0.0520252 0.529627 -0.836121 -0.18672 0.208453 0.382081 0.232648 -1 -0.283161 -1 
-1 1 -1 0.898097 -0.184473 -0.429775 0.366851 0.0618182 0.0146022 -0.848752 -0.356342 -1 -0.904513 -1 -0.873579 -0.990197 0.557402 0.425298 -0.927249 -0.998041 -0.0971031 -0.837925 0.0144355 -0.440011 0.128098 -0.0283214 -1 0.204911 -0.530994 0.638833 -0.62255 -0.400904 -0.885752 -0.36019 -0.430283 0.077301 1 -0.438414 -0.118444 -1 -1 -0.0449191 -1 0.710876 -0.970117 -1 0.148185 -1 -0.469918 -1 -0.30816 0.781835 -0.489905 -1 -1 -0.0256497 0.275285 0.807619 -0.995381 -1 -1 -1 -1 -1 -0.062408 0.0145283 -1 -0.58058 -0.791231 -1 -0.717772 -0.465229 -1 -1 -0.379385 -1 -0.580837 0.384697 0.347487 -1 -0.103999 -0.20537 -0.377332 -1 -1 -0.969651 -0.307754 0.543597 0.425389 0.426625 -0.528477 -1 -0.263369 -0.722644 -1 -1 -1 -1 -0.255852 -0.498967 0.862472 -1 -0.132721 0.570825 0.0310941 0.150805 -0.740098 -0.572902 -0.672222 -0.897602 -0.0108765 -0.435132 1 -0.6398 -0.305344 -0.98082 -1 0.416777 0.794825 -0.326084 -1 -1 -1 -0.892906 -1 -1 -1 -0.0154855 0.422917 0.529627 -0.836121 -0.18672 0.208453 0.382081 0.250447 -1 -0.283161 -1 
-1 1 -1 0.898097 -0.184473 -0.429775 0.366851 0.0618182 0.0146022 -0.848752 -0.356342 -1 -0.904513 -1 -0.873579 -0.990197 0.410601 0.525676 -0.98072 -0.998041 -0.0971031 -0.837925 0.0144355 -0.440011 0.128098 -0.0283214 -1 0.204911 -0.530994 0.638833 -0.62255 -0.400904 -0.885752 -0.36019 -0.465268 0.077301 1 -0.438414 -0.118444 -1 -1 -0.0449191 -0.98571 0.710876 -0.970117 -1 0.148185 -1 -0.411149 -1 -0.30816 0.831277 -0.489905 -1 -1 -0.0384873 0.266746 0.807619 -0.995381 -1 -1 -1 -1 -1 -0.062408 0.0145283 -1 -0.58058 -0.76773 -1 -0.717772 -0.465229 -1 -1 -0.379385 -1 -0.580837 0.384697 0.307749 -1 -0.161111 -0.20537 -0.301713 -1 -1 -0.969651 -0.307754 0.543597 0.425389 0.426625 -0.528477 -1 -0.263369 -0.722644 -1 -1 -1 -1 -0.255852 -0.498967 0.862472 -1 -0.132721 0.570825 -0.175557 0.270329 -0.688404 -0.572902 -0.672222 -0.897602 -0.0108765 -0.435132 1 -0.6398 -0.305344 -0.98082 -1 0.416777 0.794825 -0.307921 -1 -1 -1 -0.892906 -1 -0.966358 -1 -0.0154855 0.422917 0.529627 -0.836121 -0.18672 0.208453 0.382081 0.232648 -1 -0.283161 -1 
-1 1 -1 0.898097 -0.184473 -0.429775 0.366851 0.0618182 0.0146022 -0.848752 -0.356342 -1 -0.904513 -1 -0.873579 -0.990197 0.557402 0.525676 -0.927249 -0.998041 -0.0971031 -0.837925 0.0144355 -0.440011 0.128098 -0.0283214 -1 0.204911 -0.530994 0.638833 -0.583395 -0.400904 -0.885752 -0.319156 -0.430283 0.077301 1 -0.438414 -0.118444 -1 -1 -0.0449191 -1 0.710876 -0.970117 -1 0.148185 -1 -0.469918 -1 -0.30816 0.781835 -0.489905 -1 -1 -0.0384873 0.275285 0.807619 -0.995381 -1 -1 -1 -1 -1 -0.062408 0.0145283 -1 -0.58058 -0.791231 -1 -0.717772 -0.465229 -1 -1 -0.379385 -1 -0.580837 0.384697 0.347487 -1 -0.103999 -0.20537 -0.377332 -1 -1 -0.969651 -0.307754 0.543597 0.425389 0.426625 -0.528477 -1 -0.263369 -0.722644 -1 -1 -1 -1 -0.255852 -0.498967 0.862472 -1 -0.132721 0.570825 0.0310941 0.270329 -0.688404 -0.572902 -0.672222 -0.897602 -0.0108765 -0.435132 1 -0.6398 -0.305344 -0.98082 -1 0.416777 0.794825 -0.326084 -1 -1 -1 -0.892906 -1 -1 -1 -0.0154855 0.422917 0.529627 -0.836121 -0.18672 0.208453 0.382081 0.232648 -1 -0.283161 -1 
-0.47705 0.730534 -1 0.840887 -1 -0.214019 0.357139 0.158335 -0.495482 -1 -0.300279 -0.897165 -1 -1 -1 -1 0.022682 0.936111 -0.897965 -1 -1 -0.833091 -0.0986781 -0.560502 -1 0.0821776 -1 -0.293566 -0.232611 0.638833 -0.874095 -0.0507682 -0.540074 -0.105315 -0.430283 -0.297741 0.371567 -0.509203 -0.948457 -1 -0.0414436 -0.171583 -1 0.289384 -0.222678 -0.615496 -0.0811418 -1 -0.640134 -1 0.628244 0.773469 -0.748661 -1 -1 -0.37285 -0.12042 0.00557753 -0.980474 -1 -0.138769 -1 -0.884103 -0.540168 -1 0.00817797 -0.2347 -0.821867 -1 -1 -1 -0.786604 -0.519574 -1 -0.81395 -1 -0.843695 0.11809 -0.0729232 0.702962 0.527739 0.197034 -0.992888 -1 -0.81376 -0.820129 -0.162079 0.131286 0.938826 0.50366 0.122295 -1 -1 -0.80418 -0.870243 -1 -1 -1 -0.502185 -1 0.067279 -1 0.641157 0.0214144 -0.283448 0.185696 -0.715364 0.0298939 -0.134982 -0.67143 -0.611981 0.604462 0.1746 -1 -0.132161 -0.978169 -1 0.401868 0.833689 -0.526582 -1 -1 -1 -1 -0.962235 -1 -0.672623 -0.0363421 0.998865 1 -1 -0.00376821 0.495806 0.301205 -0.36472 -0.817798 0.210288 -1 
-0.57063 0.928976 -0.955148 0.850393 0.0430121 0.521914 0.366851 0.0618182 0.0146022 -1 0.249136 -1 -0.904513 -1 -0.75736 -1 0.260621 -0.33703 -0.433885 -1 -0.0971031 -1 0.0144355 -0.357836 0.490635 -0.0283214 -1 0.900234 -0.458526 -0.552394 -0.62255 -0.790657 -1 -0.215657 -0.430283 0.077301 0.996476 -0.438414 0.0357919 -1 -0.0266633 -0.0113864 -1 0.710876 -0.0976093 -1 0.214882 -1 -0.469918 -1 -0.30816 0.781835 -1 -1 -1 -0.0384873 0.275285 0.704345 -0.720839 -1 -0.138769 -1 -1 -0.545472 -0.026861 0.134679 0.320839 -0.58058 -0.440751 -1 -1 -0.465229 -0.0187827 -1 -0.175263 -1 -0.580837 0.384697 0.347487 -0.100503 0.618418 0.272427 -0.22467 -0.599681 -1 -1 -0.26363 0.883843 0.390552 0.656717 -0.246519 -1 -0.38817 -0.185273 -1 -1 -0.968701 -0.803284 -0.308587 -0.498967 0.739576 -1 0.854496 0.631825 0.0310941 0.248608 -0.922011 -0.439798 -0.225196 -0.781373 -0.199702 -0.455633 1 -0.6398 -0.305344 -0.98082 -1 0.0238342 0.833689 -0.539219 -1 -1 -0.907422 -0.892906 -0.962235 -0.71551 -1 -0.0154855 0.0624961 1 -0.836121 -0.00376821 0.495806 0.301205 0.232648 -0.890779 -0.283161 -1 
-1 1 -1 0.898097 -0.184473 -0.429775 0.366851 0.0618182 0.0146022 -0.851382 -0.437112 -1 -0.904513 -1 -0.873579 -0.990197 0.557402 0.525676 -0.927249 -0.998041 -0.0971031 -0.837925 0.0144355 -0.440011 0.128098 -0.0283214 -1 0.204911 -0.530994 0.638833 -0.62255 -0.400904 -0.885752 -0.36019 -0.430283 0.077301 1 -0.438414 -0.118444 -1 -1 -0.0449191 -1 0.710876 -0.970117 -1 0.148185 -1 -0.469918 -1 -0.30816 0.781835 -0.489905 -1 -1 -0.0384873 0.275285 0.807619 -0.995381 -1 -1 -1 -1 -1 -0.062408 0.0145283 -1 -0.58058 -0.791231 -1 -0.717772 -0.465229 -1 -1 -0.379385 -1 -0.580837 0.423542 0.347487 -1 -0.103999 -0.318951 -0.377332 -1 -1 -0.969651 -0.307754 0.543597 0.425389 0.426625 -0.635439 -0.959273 -0.263369 -0.722644 -1 -1 -1 -1 -0.255852 -0.498967 0.862472 -1 -0.132721 0.570825 0.0310941 0.270329 -0.688404 -0.572902 -0.672222 -0.897602 -0.0108765 -0.631088 1 -0.670933 -0.305344 -0.98082 -1 0.416777 0.794825 -0.326084 -1 -1 -1 -0.892906 -1 -1 -1 -0.0154855 0.422917 0.529627 -0.836121 -0.18672 0.208453 0.342688 0.232648 -1 -0.283161 -0.930312 
-1 1 -1 0.898097 -0.184473 -0.429775 0.366851 0.0618182 0.0146022 -0.848752 -0.356342 -1 -0.904513 -1 -0.873579 -0.990197 0.557402 0.525676 -0.927249 -0.998041 -0.0971031 -0.837925 0.0144355 -0.440011 0.128098 -0.0283214 -1 0.204911 -0.530994 0.638833 -0.62255 -0.400904 -0.885752 -0.36019 -0.430283 0.077301 1 -0.438414 -0.118444 -1 -1 -0.0449191 -1 0.710876 -0.970117 -1 0.148185 -1 -0.469918 -1 -0.30816 0.781835 -0.489905 -1 -1 -0.0384873 0.275285 0.807619 -0.995381 -1 -1 -1 -1 -1 -0.062408 0.0145283 -1 -0.58058 -0.791231 -1 -0.717772 -0.465229 -1 -1 -0.379385 -1 -0.580837 0.384697 0.347487 -1 -0.103999 -0.20537 -0.377332 -1 -1 -0.969651 -0.307754 0.543597 0.425389 0.426625 -0.528477 -1 -0.263369 -0.722644 -1 -1 -1 -1 -0.255852 -0.498967 0.862472 -1 -0.132721 0.570825 0.0310941 0.270329 -0.688404 -0.572902 -0.672222 -0.897602 -0.0108765 -0.435132 1 -0.6398 -0.305344 -0.98082 -1 0.416777 0.794825 -0.326084 -1 -1 -1 -0.892906 -1 -1 -1 -0.0154855 0.422917 0.529627 -0.836121 -0.18672 0.208453 0.382081 0.232648 -1 -0.283161 -1 
-1 0.646647 -1 0.898097 -0.935759 -0.405641 -0.736341 -0.298687 -0.941712 -0.741368 -0.356342 -1 -1 -0.782815 -0.995729 -1 0.557402 0.528514 -0.986753 -0.79818 -0.488038 -1 0.0144355 -0.88328 0.128098 -0.70477 -1 0.204911 -0.590979 0.436319 -1 -0.659791 -0.939687 -0.732051 -0.476459 0.077301 0.869032 -0.487721 -1 -1 -1 -0.206014 -0.974808 0.107611 -1 -1 -0.312558 -0.907988 -1 -1 -0.30816 0.625286 -0.57993 -1 -1 -0.028686 0.275285 0.807619 -1 -1 -1 -1 -1 -1 -0.306759 -0.445183 -1 -0.58058 -1 -1 -0.934792 -1 -1 -1 -0.379385 -1 -0.550711 0.384697 -0.273368 -1 -0.961641 -0.20537 -1 -1 -1 -0.969651 -0.307754 0.543597 0.417081 0.419174 -0.687775 -0.867577 -1 -0.722644 -1 -1 -1 -1 -1 -0.656632 0.996453 -1 -0.92188 0.460674 0.0310941 0.270329 -1 -0.725432 -0.672222 -0.897602 -0.0108765 -0.905778 0.627933 -0.6398 -0.305344 -1 -1 0.416777 0.794825 -0.326084 -0.864823 -1 -1 -0.892906 -1 -1 -0.78292 0.0825902 0.422917 -0.258128 -0.868018 -0.877086 -0.352764 0.382081 0.204623 -0.731012 -0.283161 -1 
-1 1 -1 0.836738 -1 -0.414363 0.576447 -1 0.0146022 -0.715402 -0.356342 -1 -1 -1 -1 -1 0.579974 0.525676 -1 -1 -0.281393 -1 0.272278 -0.440011 0.0681367 -0.0283214 -1 0.069288 -0.799623 0.638833 -1 -0.400904 -0.948371 -0.36019 -1 -0.0114446 0.996476 -0.374762 -0.245448 -0.900147 -0.644263 0.26342 -1 0.710876 -0.878796 -1 0.214882 -0.691318 -0.469918 -1 -0.35879 1 -0.694765 -1 -1 -0.0384873 -0.0737928 0.677137 -1 -1 -0.709259 -1 -0.892388 -1 -0.321206 0.0683494 -1 -1 -0.959603 -1 -0.717772 -0.989773 -1 -1 -0.379385 -1 -1 0.384697 -0.610613 -1 -0.103999 -0.755668 0.279835 -1 -1 -1 -1 0.543597 0.425389 -0.154415 -0.941747 -1 -0.0923458 -0.722644 -1 -1 -1 -1 -0.181768 -0.478629 0.5308 -1 -0.132721 0.570825 0.0280404 0.223181 -1 -0.516385 -0.842273 -0.897602 -0.0108765 -0.455633 0.947828 -0.6398 -1 -1 -1 0.651193 0.257731 -0.326084 -1 -1 -1 -0.689472 -0.541168 -1 -1 -0.0154855 -0.455239 0.15511 -0.836121 -0.18672 0.208453 0.294865 0.232648 -1 -1 -1 
-1 1 -1 0.91758 -0.184473 -0.429775 0.0634664 0.0618182 0.0146022 -0.942426 -0.193362 -1 -1 -1 -0.975784 -0.990197 0.437132 0.525676 -0.927249 -1 -0.0971031 -0.837925 0.0144355 -0.339882 0.128098 -0.0283214 -0.677691 0.204911 -0.530994 0.638833 -0.62255 -0.472447 -0.885752 -0.209311 -0.883399 -0.0311953 1 -0.287193 -0.284576 -1 -1 -1 -1 -0.304704 -0.755428 -0.754014 0.148185 -1 -0.469918 -1 -0.30816 0.781835 -0.416477 -1 -1 -0.0384873 0.250293 0.807619 -0.995381 -1 -0.6464 -0.938023 -1 -1 -0.062408 -1 -1 -0.252217 -0.791231 -1 -0.396079 -0.465229 -1 -1 -0.00869303 -0.954216 -0.580837 0.384697 -0.763264 -0.643324 -0.103999 -0.20537 -0.377332 -1 -1 -0.969651 -0.307754 0.77584 -0.319949 0.749755 -0.651152 -1 -1 -0.868026 -1 -0.91539 -1 -1 -0.255852 -0.817616 0.862472 -1 -0.831111 0.570825 0.0310941 0.270329 -0.688404 -1 -0.672222 -0.897602 0.355394 -0.536068 1 -0.643699 -0.305344 -0.98082 -1 0.416777 0.794825 -0.326084 -1 -1 -1 -0.660814 -1 -1 -1 -0.0154855 0.422917 0.529627 -0.836121 -0.380208 0.208453 0.501707 0.232648 -1 0.071553 -1 
-0.264957 0.730534 -1 0.865113 -0.298437 -0.252582 -0.0505303 0.0931559 -0.734471 -1 0.197312 -1 -0.904513 -1 -0.974584 -0.708524 0.260621 -0.0358679 -0.490122 -1 0.147871 -1 0.0144355 -0.357836 0.698572 -0.225795 -1 0.382201 -0.458526 0.638833 -1 -0.0507682 -0.485949 -1 -0.430283 0.077301 0.996476 -0.868159 -0.574207 -1 0.333474 0.151796 -1 0.996761 0.136833 -0.248353 0.214882 -1 -0.712401 -1 0.324612 -0.351929 -0.14248 -0.833203 -1 -1 0.409645 0.351872 -1 -0.974079 -0.138769 -1 -1 -0.545472 -0.026861 -0.145959 0.320839 -1 -0.666749 -0.954796 -1 -0.465229 0.758715 -0.649372 -0.531836 -1 -0.726506 -0.123147 -0.824087 0.804759 -0.0608498 0.174532 -1 -0.805359 -1 -0.969651 -0.522148 0.0379223 0.540383 0.885118 0.122295 -0.750747 -0.744563 -1 -1 -1 -1 -1 0.173892 -0.498967 0.298179 -1 -0.00322014 0.0595156 -0.301856 0.248608 -1 -0.235138 -0.018246 -0.409944 -0.125941 0.677948 0.89753 -0.6398 -0.195163 -0.225174 -1 -0.126152 0.728789 -1 -1 -1 -0.758008 -0.892906 -0.962235 -1 -1 0.0955097 0.974266 -0.362357 -0.836121 -0.711209 0.630463 -0.100943 0.936925 -0.890779 -0.245127 -1 
-0.57063 0.730534 -1 0.597793 -0.242969 -0.529616 0.337042 -0.101658 -0.592385 -0.872711 0.000953525 -0.742607 -1 -1 -0.866057 -0.708524 0.260621 0.298599 -0.433885 -0.738571 -0.0971031 -0.868896 0.0144355 -0.357836 0.490635 0.353328 -1 0.900234 -0.742033 0.638833 -0.62255 -0.354558 -0.485949 -0.621633 -0.768933 0.114675 0.612072 -0.555833 -0.130494 -0.981406 -0.0324355 0.151796 -1 0.649151 -0.0976093 -0.117793 0.214882 -1 -0.592966 -1 0.338813 0.781835 -0.14248 -1 -0.621297 -1 0.0805914 -0.507184 -0.720839 -1 -0.138769 -1 -1 -1 0.00577941 -0.208317 -0.083435 -0.46453 -0.440751 -0.964852 -1 -0.945842 -0.127136 -0.286877 -0.531836 -1 -0.580837 0.422879 0.43447 0.790307 -0.0563567 0.170025 -0.151791 -0.805359 -1 -1 -0.26363 0.622107 0.581467 0.488353 0.122295 -0.807062 -0.307386 -0.871421 -0.649555 -1 -1 -1 0.407147 -1 0.538034 -0.940575 -0.28193 0.309588 -0.319174 0.248608 -0.688404 -0.956397 -0.118101 -0.67143 -0.0108765 0.539169 0.793815 -0.61794 -0.132161 -0.225174 -1 0.0238342 0.88011 -0.495156 -0.962151 -1 -0.907422 -1 -0.962235 -1 -0.422027 -0.0154855 1 1 -1 -0.00376821 0.227085 0.301205 0.943227 -0.890779 -0.364764 -0.743176 
-0.57063 0.730534 -1 0.898097 -0.255992 0.556447 0.366851 -0.292607 0.0146022 -1 0.249136 -0.962996 -0.904513 -1 -1 -0.667547 0.45125 0.419809 -1 -0.819094 -0.0971031 -0.790214 -0.149126 -0.357836 -0.483781 0.353328 -0.994516 0.630586 -0.946082 0.505206 -0.931138 -0.0507682 -0.466977 -0.0510718 -0.517388 -0.126155 0.996476 -0.438414 -0.391916 -1 -0.649563 -0.0800334 -1 0.710876 -0.0976093 -0.248353 0.254161 -1 -1 -0.943111 0.628244 0.565239 -0.251144 -0.959794 -1 -0.243101 0.409645 0.349917 -1 -1 -0.311506 -0.810453 -1 -0.545472 -0.026861 -0.724321 0.320839 -0.517632 -0.697459 -0.810649 -1 -1 0.461844 -0.649372 -0.505771 -1 -0.435276 -0.140828 -1 0.603197 0.257381 0.263066 -0.936792 -1 -1 -1 -0.356375 0.271454 -0.108263 0.824683 0.122295 -1 -0.263369 -0.462808 -0.649555 -1 -1 -1 0.173892 -0.776177 0.739576 -1 -0.323265 0.543992 0.0310941 0.248608 -0.976787 0.0791843 0.0598235 -0.880037 -0.0108765 -0.861839 0.828645 -0.6398 -0.132161 -0.488936 -1 0.0238342 0.700934 -0.526582 -1 -0.881424 -1 -0.892906 -0.962235 -0.896108 -0.386987 -0.145515 0.79574 1 -0.981683 -0.00376821 0.193352 0.301205 0.977941 -0.890779 -0.701946 -0.550207 
-1 0.860722 -1 0.898097 -0.184473 -0.429775 0.366851 0.0519907 0.0146022 -0.848752 -0.356342 -1 -0.904513 -1 -0.873579 -1 0.425792 0.525676 -0.927249 -0.998041 -0.0971031 -0.837925 -0.10858 -0.265727 -0.983667 -0.0283214 -1 0.167385 -0.568467 0.638833 -0.62255 -0.400904 -0.885752 -1 -0.390592 -0.10052 0.942242 -0.438414 -0.118444 -1 -0.936024 -0.0449191 -0.891782 0.710876 -1 -1 -0.974162 -1 -0.410787 -1 -0.450424 0.781835 -0.489905 -1 -1 0.0248826 0.275285 -0.249237 -1 -1 -1 -1 -1 -1 -0.062408 -0.527828 -1 -0.58058 -0.791231 -0.955058 -0.816293 -0.465229 -1 -1 -0.379385 -1 -0.580837 0.747741 0.151406 -1 -0.103999 -0.308319 -0.214062 -1 -1 -0.969651 -0.315257 0.522138 0.425389 0.426625 -0.528477 -1 -0.280335 -0.722644 -1 -1 -1 -1 0.161512 -0.508194 0.862472 -1 -0.132721 0.570825 0.0310941 0.270329 -0.689545 -0.572902 -0.672222 -1 -0.0108765 -0.435132 1 -0.6398 -0.305344 -0.98082 -1 0.732341 0.794825 -0.326084 -1 -1 -1 -0.892906 -1 -1 -1 -0.0154855 0.422917 0.529627 -0.970505 -0.975497 0.208453 0.382081 0.228835 -1 -0.283161 -1 
-1 1 -1 0.898097 -0.184473 -0.429775 0.0953369 0.0618182 0.0146022 -1 -0.193362 -1 -1 -1 -0.873579 -1 0.557402 0.525676 -0.927249 -1 -0.0971031 -0.487579 0.0144355 -0.530203 -0.715233 -0.0283214 -0.677691 0.204911 -0.472807 0.774441 -0.62255 -0.472447 -1 -0.30207 -0.834404 0.214443 1 -0.246045 -0.284576 -1 -1 -1 -1 -0.304704 -0.755428 -0.754014 0.148185 -1 -0.755759 -1 -1 0.781835 -0.416477 -1 -1 -0.134858 0.275285 0.807619 -1 -1 -0.6464 -0.938023 -1 -1 -0.062408 -1 -1 -0.252217 -0.791231 -1 -0.396079 -0.161602 -1 -1 -0.00869303 -0.954216 -0.580837 0.384697 -1 -0.643324 -0.103999 -0.361029 -1 -1 -1 -0.969651 -0.307754 0.77584 -0.319949 0.749755 -0.651152 -1 -1 -0.868026 -0.80926 -0.91539 -1 -1 -0.420276 -1 0.321182 -0.972043 -0.831111 0.570825 0.0310941 0.270329 -0.688404 -1 -0.358747 -0.897602 0.355394 -0.736274 1 -0.643699 -0.305344 -0.98082 -1 0.416777 0.41435 -0.517511 -1 -0.950739 -1 -0.532227 -1 -1 -1 -0.052023 0.422917 0.529627 -1 -0.380208 0.208453 0.526046 0.232648 -1 0.071553 -0.731777 
-0.462707 1 -0.881857 0.560459 -0.267612 0.749127 0.144151 -0.292607 0.0146022 -0.901472 -0.102911 -1 -1 -1 -0.866057 -0.752307 -0.0697955 0.599587 -0.752451 -0.738571 -0.0945865 -0.841608 -0.329999 -0.376681 -0.441653 0.353328 -0.994516 -0.292068 -1 0.638833 -1 -0.0405043 -1 -1 -0.517388 -0.241732 0.889926 -0.438414 0.17157 -1 -0.554974 0.0804437 -1 0.710876 -0.258361 -0.248353 0.254161 -1 -1 -0.943111 0.494352 0.748277 -0.255297 -1 -1 -0.171441 0.409645 0.349917 -1 -1 -0.311506 -0.810453 -1 -0.545472 -0.026861 -1 -0.822057 -0.656737 -0.440751 -0.810649 -1 -0.876054 0.417506 -0.669059 -0.734607 -1 -0.702265 -0.140828 -1 -0.00719142 0.257381 0.263066 -0.914214 -1 -1 -1 -0.428555 0.212268 -1 0.824683 0.168779 -0.97685 -0.76207 -0.462808 -0.257098 -1 -1 -1 -0.0405298 -0.498967 0.598294 -1 -0.371444 0.631825 -0.0750989 -0.197352 -1 0.0791843 0.125886 -0.880037 -0.0108765 -1 0.789222 -0.692979 -0.132161 -0.600271 -1 0.0238342 0.780432 -1 -1 -1 -1 -0.823393 -1 -0.896108 -0.486304 -0.115357 0.844457 1 -0.990053 -0.00376821 0.193352 0.141381 0.977941 -0.890779 -1 -1 
-1 1 -1 0.898097 -0.184473 -0.429775 0.366851 0.0618182 0.0146022 -1 -0.356342 -1 -0.904513 -1 -0.873579 -0.990197 0.557402 0.52297 -1 -0.998041 -0.0971031 -0.837925 0.0144355 -0.440011 0.128098 -0.0283214 -1 0.204911 -0.530994 0.638833 -1 -0.530657 -0.885752 -0.36019 -0.430283 -0.646771 1 -0.438414 -0.118444 -1 -1 -0.0449191 -1 0.710876 -0.970117 -0.829245 -0.136124 -1 -0.469918 -1 -1 0.062686 -0.489905 -1 -1 -0.0384873 0.275285 0.807619 -0.995381 -1 -1 -1 -1 -1 -0.402022 0.0145283 -1 -1 -0.791231 -0.957411 -0.717772 -0.465229 -1 -1 -0.379385 -1 -0.765564 0.384697 0.347487 -1 -0.103999 -0.20537 -0.377332 -1 -1 -0.89457 -0.307754 0.543597 0.461941 0.426625 -0.528477 -1 -0.263369 -0.722644 -1 -1 -1 -1 -0.255852 -0.498967 1 -1 -1 -0.167328 -0.242637 0.270329 -0.688404 -0.771928 -0.672222 -1 0.153331 -0.435132 1 -0.630035 -0.305344 -0.98082 -1 0.418321 0.794825 -0.326084 -1 -1 -1 -0.892906 -1 -1 -1 -0.0154855 0.422917 0.436388 -0.885944 -0.18672 0.208453 0.382081 0.118813 -0.693792 -0.118451 -1 
-0.57063 0.928976 -1 0.898097 -0.298437 0.521914 0.366851 0.0618182 0.0146022 -0.865111 0.249136 -1 -0.904513 -1 -0.75736 -0.708524 0.260621 0.622778 -0.631325 -1 -0.0971031 -1 0.0144355 -0.357836 0.490635 -0.0964346 -1 0.900234 -0.458526 0.638833 -0.62255 -0.790657 -0.885752 -0.204319 -0.430283 0.077301 0.996476 -0.438414 0.0357919 -1 0.165291 0.151796 -1 0.710876 -0.0976093 -1 0.214882 -1 -0.469918 -1 -0.238841 0.781835 -0.12619 -1 -0.701941 -0.0384873 0.275285 0.704345 -0.720839 -1 -0.138769 -1 -1 -0.545472 -0.026861 0.261153 0.320839 -0.620447 -0.440751 -1 -1 -0.465229 -0.0187827 -1 -0.531836 -1 -0.580837 0.384697 0.371376 -0.100503 0.657853 0.284041 -0.151791 -0.599681 -1 -0.969651 -0.26363 0.883843 0.540383 0.656717 -0.137951 -1 -0.329271 -0.185273 -1 -1 -1 -0.74336 -0.308587 -0.498967 0.739576 -1 0.854496 0.631825 0.0310941 0.248608 -0.688404 0.209902 -0.225196 -1 -0.0108765 -0.455633 1 -0.6398 -0.305344 -0.98082 -1 0.0238342 0.833689 -0.526582 -1 -1 -0.907422 -0.892906 -0.962235 -0.71551 -1 -0.0154855 0.422917 1 -0.836121 -0.00376821 0.495806 0.301205 0.232648 -0.890779 -0.283161 -0.550207 
-0.57063 0.730534 -1 0.666792 -0.296825 0.556447 0.366851 -0.131059 0.0146022 -1 0.0856706 -0.962996 -1 -1 -0.866057 -0.667547 0.373889 0.346449 -1 -1 -0.0971031 -1 -0.149126 -0.73415 -0.280108 0.353328 -0.994516 0.630586 -1 0.638833 -0.931138 -0.0507682 -0.466977 -0.0510718 -1 -0.479633 0.996476 -1 -1 -1 -0.649563 0.0804437 -1 0.50101 -0.0976093 -0.248353 -0.583441 -1 -1 -1 0.628244 0.781835 -0.157846 -0.959794 -1 -0.182449 0.313099 0.349917 -1 -0.974079 -0.311506 -1 -1 -0.545472 0.0536311 -0.724321 0.391179 -0.517632 -0.878081 -0.975224 -1 -0.876054 -0.169247 -1 -0.544871 -1 -0.435276 -0.140828 -1 -0.240015 0.25605 0.0275245 -0.813092 -1 -1 -1 -1 -0.0485179 -0.108263 0.824683 -1 -1 -0.263369 -0.462808 -1 -1 -1 -1 -0.15283 -0.554787 -0.409353 -1 -0.323265 0.631825 -1 0.248608 -1 -0.644061 0.134413 -0.88272 -0.662869 -0.861839 0.789222 -0.6398 -0.119576 -0.452706 -1 0.267995 0.888319 -0.526582 -1 -0.738372 -0.870593 -0.86917 -0.962235 -0.896108 -1 -0.115357 0.844457 1 -0.768329 -0.873596 -0.872803 0.301205 0.957393 -0.732867 -0.912084 -0.550207 
-1 1 -1 0.898097 -0.378009 -0.429775 0.366851 0.0618182 0.0146022 -0.848752 -0.356342 -0.912278 -0.904513 -1 -0.891728 -0.929907 0.479647 0.623965 -0.927249 -0.998041 -0.0971031 -0.837925 0.0144355 -0.440011 0.128098 -0.230148 -1 0.204911 -0.530994 0.638833 -0.62255 -0.370524 -0.885752 -0.36019 -0.430283 0.077301 1 -0.438414 -0.118444 -1 -1 -0.0449191 -1 0.710876 -0.970117 -1 0.148185 -0.921299 -0.469918 -1 -0.30816 0.816319 -0.489905 -1 -1 -0.0384873 0.275285 0.807619 -0.995381 -1 -1 -1 -1 -1 -0.062408 0.0145283 -0.921597 -0.684225 -0.791231 -1 -0.717772 -0.465229 -1 -1 -0.379385 -1 -0.580837 0.384697 0.347487 -1 -0.103999 -0.20537 -0.377332 -1 -1 -1 -0.278765 0.543597 0.425389 0.426625 -0.483196 -1 -0.263369 -0.722644 -1 -1 -1 -1 -0.168321 -0.550421 0.733789 -1 -0.132721 0.425798 0.0854503 0.0966792 -0.688404 -0.685901 -0.672222 -0.897602 -0.0108765 -0.435132 1 -0.6398 -0.305344 -0.98082 -1 0.416777 0.794825 -0.326084 -0.942926 -1 -1 -1 -1 -1 -1 -0.0154855 0.422917 0.529627 -0.836121 -0.18672 0.161562 0.250367 0.232648 -1 -0.442525 -1 
-1 1 -1 1 -1 -1 0.366851 0.0618182 0.0146022 -1 -0.356342 -0.730775 -0.904513 -1 -0.873579 -0.990197 0.557402 0.525676 -1 -1 -0.0971031 -0.980426 0.0144355 -0.440011 0.00964279 -0.0283214 -1 0.204911 -0.178777 0.638833 -0.62255 -0.400904 -0.885752 -0.36019 -0.430283 0.173385 1 -0.295093 -0.118444 -1 -0.632674 -0.0449191 -1 0.710876 -0.970117 -1 0.148185 -1 -0.469918 -0.959777 -1 0.781835 -0.489905 -1 -1 -0.0384873 -0.172311 0.807619 -1 -1 -1 -1 -1 -1 -0.346866 0.0145283 -1 -0.58058 -1 -1 -0.661351 -0.465229 -1 -0.769026 -0.379385 -0.847319 -0.572309 -0.0718499 0.213772 -1 -1 -0.20537 -0.377332 -1 -1 -0.845146 -1 -0.150256 0.393889 -0.571023 -0.528477 -1 -0.263369 -0.722644 -1 -0.620739 -0.850481 -1 -0.255852 -0.498967 1 -1 0.0408071 0.570825 0.0310941 0.270329 -0.431401 -0.572902 -0.672222 -0.897129 0.286513 -0.435132 1 -0.940745 -0.492544 -0.98082 -1 0.416777 0.794825 -0.361633 -1 -1 -1 -0.900663 -1 -1 -1 -0.0154855 0.422917 0.529627 -1 -0.18672 -0.253102 0.382081 0.0244457 -1 -0.296093 -1 
-1 0.703133 -1 0.759057 -0.184473 -0.429775 0.366851 -0.298687 -0.0461025 -0.848752 -0.356342 -0.992745 -0.904513 -1 -1 -0.550659 0.765032 -0.286925 -0.927249 -0.998041 0.116456 -1 0.0144355 -0.440011 0.128098 -0.0283214 -1 0.0411484 -0.530994 0.410021 -0.781703 -0.441533 -0.885752 -1 -0.302305 -1 0.869032 -1 -1 -0.991663 -1 0.234922 -1 0.710876 -0.970117 -1 0.148185 -1 -0.469918 -1 -0.371764 0.524502 -0.707396 -1 -1 -0.0463184 0.275285 0.807619 -1 -1 -0.754417 -1 -1 -0.983502 -0.062408 0.0145283 -1 -1 -0.791231 -1 -1 -1 -1 -1 -0.946958 -1 -0.580837 0.338112 -0.900663 -1 -0.61131 -0.29889 -1 -0.894302 -1 -1 -0.307754 0.543597 -0.093728 0.426625 -0.895701 -1 -1 -0.722644 -1 -1 -1 -1 -1 -0.498967 0.910814 -1 -0.902874 0.93282 -0.307943 0.270329 -0.688404 -0.572902 -0.672222 -0.897602 -0.0108765 -0.435132 1 -0.790649 -0.305344 -0.98082 -1 0.416777 0.324582 -0.326084 -1 -1 -1 -0.973682 -0.927759 -1 -0.801637 -0.0154855 0.422917 0.529627 -0.836121 -0.820486 -0.626795 0.636325 0.232648 -1 -0.283161 -1 
-1 1 -1 0.898097 -0.378009 -0.429775 0.366851 0.0618182 0.0146022 -0.848752 -0.356342 -0.912278 -0.904513 -1 -0.891728 -0.929907 0.557402 0.623965 -0.927249 -0.998041 -0.0971031 -0.837925 0.0144355 -0.440011 0.128098 -0.230148 -1 0.204911 -0.530994 0.638833 -0.62255 -0.400904 -0.885752 -0.36019 -0.430283 0.077301 1 -0.438414 -0.118444 -1 -1 -0.0449191 -1 0.710876 -1 -1 0.148185 -0.921299 -0.469918 -1 -0.30816 0.816319 -0.489905 -1 -1 -0.0384873 0.275285 0.807619 -0.995381 -1 -1 -1 -1 -1 -0.062408 0.0145283 -0.921597 -0.684225 -0.791231 -1 -0.717772 -0.465229 -1 -1 -0.379385 -1 -0.580837 0.384697 0.347487 -1 -0.103999 -0.20537 -0.377332 -1 -1 -1 -0.307754 0.543597 0.425389 0.426625 -0.483196 -1 -0.263369 -0.722644 -1 -1 -1 -1 -0.168321 -0.550421 0.733789 -1 -0.132721 0.570825 0.0854503 0.0966792 -0.688404 -0.685901 -0.672222 -0.897602 -0.0108765 -0.435132 1 -0.6398 -0.305344 -0.98082 -1 0.416777 0.794825 -0.326084 -0.942926 -1 -1 -1 -1 -1 -1 -0.0154855 0.422917 0.529627 -0.836121 -0.18672 0.161562 0.250367 0.232648 -1 -0.511276 -1 
-1 1 -1 0.898097 -0.184473 -0.453201 0.366851 0.0618182 0.0146022 -0.848752 -0.356342 -1 -0.904513 -1 -0.873579 -0.990197 0.557402 0.534102 -0.927249 -0.998041 -0.0971031 -0.837925 0.0144355 -0.440011 0.128098 -0.0283214 -1 0.204911 -0.530994 0.638833 -0.62255 -0.400904 -0.885752 -0.509602 -0.430283 0.077301 1 -0.438414 -0.118444 -1 -1 -0.125457 -0.936532 0.710876 -0.970117 -1 0.148185 -1 -0.469918 -1 -0.30816 0.781835 -0.489905 -1 -1 -0.0384873 0.275285 0.807619 -0.995381 -1 -1 -1 -1 -1 -0.182035 0.0145283 -1 -0.58058 -0.791231 -0.940565 -0.717772 -0.465229 -1 -1 -0.379385 -1 -0.580837 0.384697 0.347487 -1 -0.103999 -0.20537 -0.377332 -1 -1 -0.969651 -0.307754 0.543597 0.425389 0.426625 -0.528477 -1 -0.263369 -0.722644 -1 -1 -1 -1 -0.255852 -0.498967 0.862472 -1 -0.132721 0.570825 0.0310941 0.270329 -0.688404 -0.572902 -0.672222 -1 -0.0108765 -0.547083 1 -0.6398 -0.305344 -1 -1 0.416777 0.794825 -0.326084 -1 -1 -1 -0.892906 -1 -1 -1 -0.0154855 0.422917 0.529627 -0.923072 -0.18672 0.208453 0.382081 0.232648 -1 -0.283161 -1 
-1 0.928976 -1 0.840195 -0.528123 0.521914 0.366851 -0.113394 0.0146022 -0.952618 0.249136 -1 -0.904513 -1 -0.75736 -0.708524 0.260621 0.622778 -0.434814 -1 -0.0971031 -1 0.0144355 -0.685049 0.490635 -0.0283214 -1 0.900234 -0.458526 -0.104868 -0.979603 -0.790657 -0.885752 -0.0720041 -0.702958 0.077301 0.996476 -0.438414 0.0357919 -1 0.165291 -0.89331 -0.970937 0.710876 0.292009 -1 0.214882 -0.938753 -0.378425 -1 -0.30816 0.781835 -0.260482 -1 -0.701941 -0.0445905 0.310495 0.0944198 -0.720839 -1 -0.138769 -1 -1 -1 -0.026861 0.261153 0.320839 -0.58058 -0.440751 -1 -1 -0.465229 -0.0187827 -1 -1 -1 -1 0.384697 0.347487 -0.205812 0.618418 0.284041 -0.151791 -0.599681 -1 -0.969651 -0.345197 0.883843 0.540383 0.656717 -0.824753 -1 -0.263369 -0.185273 -1 -1 -1 -0.828683 -0.0716436 -0.498967 0.608039 -1 0.806721 0.422137 0.0310941 0.248608 -0.688404 0.209902 -0.225196 -1 -0.0108765 -0.455633 0.697635 -0.6398 -0.677629 -0.98082 -1 0.0238342 0.833689 -0.526582 -1 -1 -0.907422 -0.892906 -0.962235 -0.71551 -1 -0.0104895 0.482019 0.187636 -0.836121 -0.00376821 0.544817 0.301205 0.232648 -0.890779 -0.283161 -0.65885 
-1 1 -1 0.936251 -0.184473 -0.491835 0.366851 0.120563 0.0146022 -0.848752 -0.356342 -1 -0.904513 -1 -0.980782 -0.990197 0.557402 0.525676 -0.927249 -0.998041 -0.0971031 -0.837925 0.0144355 -0.440011 0.128098 -0.0283214 -1 0.204911 -0.530994 0.638833 -0.62255 -0.400904 -0.885752 -0.36019 -0.430283 0.077301 1 -0.60179 -0.118444 -1 -1 -0.0449191 -1 0.710876 -0.970117 -1 0.108832 -1 -0.469918 -1 -0.30816 0.781835 -0.489905 -1 -1 -0.0384873 0.0880421 0.807619 -0.995381 -1 -1 -1 -1 -1 -0.062408 0.0145283 -1 -0.58058 -0.791231 -1 -0.717772 -0.465229 -1 -1 -0.552506 -1 -0.580837 0.384697 0.347487 -1 -0.103999 -0.20537 -0.377332 -1 -1 -0.969651 -0.307754 0.543597 0.425389 0.426625 -0.528477 -1 -0.263369 -0.722644 -1 -1 -1 -1 -0.255852 -0.498967 0.862472 -1 -0.132721 0.613294 0.0310941 0.270329 -0.688404 -0.572902 -0.672222 -0.897602 -0.0108765 -0.435132 1 -0.6398 -0.305344 -0.98082 -1 0.416777 0.794825 -0.326084 -1 -1 -1 -0.892906 -1 -1 -1 -0.0154855 0.422917 0.529627 -0.836121 -0.289582 0.208453 0.382081 0.232648 -1 -0.283161 -1 
-0.746076 -0.1838 -0.853194 -0.339809 -1 -1 -0.46922 -1 -1 -0.760169 -0.840053 -1 -1 -0.951031 -1 -0.751511 0.282629 -0.505887 -1 -1 -1 -1 0.165115 0.715048 0.142729 -1 -0.00216004 -1 -0.956037 -0.828069 -1 -0.426621 -1 -1 -1 -1 -0.967586 -1 -0.679238 1 0.218065 0.384651 -0.801529 -0.852862 -1 -1 -1 -1 -0.717432 -0.671499 -0.746254 0.560107 -0.988929 -1 -1 -1 -1 -0.884096 -1 -1 -0.858291 -0.505304 0.584936 1 -0.581125 -0.357712 -0.136658 -1 -0.619386 -1 0.266934 -1 -1 -0.629061 -1 -1 0.589794 0.406788 -0.96597 -1 -0.744174 -0.889799 -0.527965 -0.0698205 -0.452058 -0.871602 -1 -1 -1 -1 0.463754 -1 -0.884374 -0.312418 -0.744854 -0.758828 -0.383117 -1 -1 0.241309 -1 -0.543593 -1 -0.900553 -1 -1 -1 -1 -1 -0.838194 -1 -1 -1 -0.579763 -0.655185 -1 -0.161201 -1 -1 -0.99801 -0.820844 -0.472116 0.512661 -0.62677 -0.311363 -0.938768 -0.998314 -1 0.778181 -1 -0.863741 -1 -1 -1 -1 -0.619365 -1 -0.279361 
-0.57063 0.673702 -1 0.597793 -1 -0.529616 0.366851 -0.125471 -0.592385 -0.917764 -0.354097 -1 -0.71402 -0.604647 -0.99792 -1 0.260621 0.622778 -0.433885 -0.940567 -0.0971031 -0.868896 0.0637478 -0.584038 0.00431967 0.393577 -1 1 -0.742033 0.638833 -1 -0.354558 -0.485949 -0.519114 -0.933298 0.077301 0.612072 -0.438414 -0.754137 -1 -0.0931198 -0.669288 -1 0.83203 -0.26692 -1 0.214882 -0.877943 -0.932646 -0.958316 0.357478 0.614869 -1 -1 -0.621297 -1 0.0702399 -0.507184 -0.720839 -1 -0.138769 -1 -1 -0.808507 -1 -0.208317 -0.083435 -0.46453 -0.457635 -1 -1 -0.661271 -0.14473 -1 -1 -1 -0.529292 0.262958 0.411546 0.790307 0.139567 0.307782 -0.151791 -0.805359 -1 -1 -0.26363 0.622107 -0.269792 0.435677 -0.173282 -1 -1 -1 -0.623938 -1 -1 -1 0.407147 -1 -0.344931 -1 -0.266274 -1 -0.555183 0.0844707 -1 -0.956397 0.0705066 -1 -0.0108765 0.677948 0.758176 -0.6398 -0.459783 -0.999622 -1 0.0238342 0.875304 -1 -1 -1 -0.907422 -1 -1 -1 -0.711829 -0.828796 1 1 -0.836121 -0.17609 0.227085 0.301205 0.977941 -0.824811 -0.967449 -1 
-0.568445 0.730534 -1 0.898097 -1 0.556447 0.366851 -0.0705074 0.152436 -1 0.249136 -1 -0.904513 -1 -0.866057 -0.667547 0.274074 -0.459253 -1 -1 0.170254 -0.893704 -0.0950174 -0.357836 -0.366858 0.353328 -1 0.570923 -0.65783 0.452195 -0.900445 -0.151053 -0.901349 -1 -0.517388 -0.332229 0.996476 -0.409784 0.246038 -1 -0.746706 0.0804437 -1 0.508814 -0.0976093 -0.179847 -0.46433 -1 -1 -0.943111 0.628244 0.574649 -1 -1 -1 -0.217316 0.395815 -0.899497 -1 -0.974079 -0.801099 -0.810453 -1 -0.789562 -0.0152357 -0.261938 0.362148 -0.517632 -0.440751 -1 -1 -0.672294 -0.89076 -0.649372 -0.505771 -1 -0.779667 0.258781 -0.909635 0.702962 0.257381 0.284041 -0.721534 -1 -1 -1 -0.414812 0.366797 -0.313184 0.824683 0.122295 -0.833205 -0.937207 -0.462808 -0.649555 -1 -1 -1 0.173892 -0.11771 0.146615 -1 -0.607292 0.203681 -0.154124 -0.126166 -1 -0.219532 0.0705066 -0.880037 -0.0110412 -0.861839 0.816832 -0.6398 -0.306498 -0.382509 -1 -0.151115 0.492584 -1 -0.925498 -0.869491 -0.907422 -1 -1 -0.896108 -1 -0.0154855 0.790107 0.073325 -1 -0.0156642 0.193352 -0.694236 0.977941 -0.890779 -0.737973 -0.966267 
-0.57063 0.928976 -1 0.898097 -0.298437 0.501486 0.366851 0.0618182 -0.411046 -0.865111 -0.631641 -1 -1 -1 -0.75736 -0.708524 0.260621 0.622778 -0.433885 -1 -0.0971031 -0.988323 0.0749957 -0.357836 -0.687976 -0.0283214 -1 -0.127439 -1 0.638833 -0.918916 -0.790657 -1 -0.0510718 -0.430283 -1 0.996476 -1 -0.378483 -1 0.165291 0.151796 -1 0.747642 -0.0976093 -1 0.208486 -0.693975 -1 -1 -0.30816 0.781835 -0.14248 -1 -0.701941 -0.0384873 -0.182787 0.129959 -0.720839 -1 -0.257548 -1 -1 -0.545472 -0.026861 0.208687 -0.337159 -0.58058 -0.440751 -1 -1 -0.465229 -1 -0.995777 -0.531836 -0.989817 -0.580837 0.384697 0.29033 -0.100503 0.618418 0.284041 -1 -0.599681 -1 -0.969651 -0.159249 0.883843 0.540383 0.656717 -0.137951 -1 -0.263369 -1 -1 -1 -1 -0.925342 -0.308587 -0.498967 0.494303 -1 0.508607 -0.533363 -0.256688 0.248608 -1 -0.16061 -0.225196 -1 -0.0108765 -0.455633 1 -0.6398 -0.305344 -0.98082 -1 -0.11995 0.833689 -0.526582 -1 -1 -0.907422 -1 -0.8021 -0.71551 -1 -0.185092 -0.931109 0.737793 -0.854277 -0.00376821 0.495806 -0.222847 -0.500964 -0.702497 -0.283161 -0.689655 
-1 1 -1 0.898097 -0.184473 -0.429775 0.366851 0.0618182 0.0146022 -0.848752 -0.356342 -1 -0.904513 -1 -0.873579 -0.990197 0.557402 0.525676 -0.927249 -0.998041 -0.0971031 -0.837925 0.0144355 -0.440011 0.128098 -0.0283214 -1 0.204911 -0.530994 0.638833 -0.62255 -0.400904 -0.885752 -0.36019 -0.430283 0.077301 1 -0.438414 -0.118444 -1 -1 -0.0449191 -1 0.710876 -0.970117 -1 0.148185 -1 -0.469918 -1 -0.30816 0.781835 -0.489905 -1 -1 -0.0384873 0.275285 0.807619 -0.995381 -1 -1 -1 -1 -1 -0.062408 0.0145283 -1 -0.58058 -0.791231 -1 -0.717772 -0.465229 -1 -1 -0.379385 -1 -0.580837 0.384697 0.329189 -1 -0.103999 -0.20537 -0.377332 -1 -1 -0.969651 -0.307754 0.543597 0.425389 0.426625 -0.528477 -1 -0.263369 -0.722644 -1 -1 -1 -1 -0.255852 -0.498967 0.862472 -1 -0.132721 0.570825 0.0310941 0.270329 -0.688404 -0.572902 -0.672222 -0.897602 -0.0108765 -0.435132 1 -0.6398 -0.305344 -0.98082 -1 0.416777 0.794825 -0.326084 -1 -1 -1 -0.892906 -1 -1 -1 -0.0154855 0.422917 0.529627 -0.836121 -0.18672 0.208453 0.382081 0.232648 -1 -0.283161 -1 
-0.57063 0.928976 -1 0.898097 -0.298437 0.521914 0.366851 0.0618182 0.0146022 -0.865111 0.249136 -1 -0.904513 -1 -0.75736 -0.708524 0.260621 0.622778 -0.433885 -1 -0.0971031 -1 0.0144355 -0.357836 0.359676 -0.0283214 -1 0.900234 -0.458526 0.638833 -0.62255 -0.790657 -0.885752 -0.0510718 -0.430283 0.077301 0.996476 -0.438414 0.0357919 -1 0.165291 0.151796 -1 0.710876 -0.0976093 -1 0.214882 -1 -0.469918 -1 -0.30816 0.781835 -0.14248 -1 -0.701941 -0.0384873 0.275285 0.704345 -0.720839 -1 -0.138769 -1 -1 -0.545472 -0.026861 0.261153 0.320839 -0.58058 -0.440751 -1 -1 -0.465229 -0.0187827 -1 -0.531836 -1 -0.580837 0.384697 0.347487 -0.100503 0.618418 0.284041 -0.151791 -0.599681 -1 -0.969651 -0.26363 0.883843 0.540383 0.656717 -0.137951 -1 -0.263369 -0.185273 -1 -1 -1 -0.809563 -0.308587 -0.498967 0.739576 -1 0.854496 0.631825 0.0310941 0.248608 -0.688404 0.209902 -0.225196 -1 -0.0108765 -0.455633 1 -0.6398 -0.305344 -0.98082 -1 0.0238342 0.833689 -0.526582 -1 -1 -0.907422 -0.892906 -0.962235 -0.71551 -1 -0.0154855 0.422917 1 -0.836121 -0.00376821 0.495806 0.301205 0.232648 -0.890779 -0.283161 -0.550207 
-0.57063 0.730534 -1 0.898097 -0.255992 0.556447 0.366851 -0.292607 0.0146022 -1 0.249136 -1 -0.904513 -1 -1 -1 0.570627 0.419809 -1 -0.819094 -0.0971031 -0.790214 0.0527651 -0.357836 -0.483781 0.353328 -1 0.795502 -0.946082 0.505206 -0.931138 -0.0507682 -0.466977 0.273995 -0.517388 -0.293803 0.293765 -0.438414 -0.105352 -1 -0.649563 -0.0800334 -1 0.710876 -0.64365 -0.248353 0.254161 -1 -1 -0.943111 0.628244 0.565239 -0.286079 -0.959794 -1 -0.243101 0.409645 0.349917 -1 -1 -0.578046 -0.810453 -1 -0.545472 -0.026861 -0.724321 0.296768 -0.517632 -1 -0.810649 -1 -0.60509 -0.169143 -0.649372 -0.505771 -1 -0.435276 -0.140828 -1 0.603197 -0.458091 0.263066 -0.936792 -1 -1 -1 -1 0.271454 -0.108263 0.824683 0.122295 -1 -0.769278 -0.462808 -0.649555 -1 -0.81815 -1 -0.691932 -0.776177 0.739576 -1 -0.323265 0.806413 0.0310941 0.248608 -1 0.0791843 -1 -0.880037 -0.0108765 -0.861839 0.828645 -0.6398 0.10772 -1 -1 0.0238342 0.700934 -0.526582 -1 -0.881424 -1 -0.892906 -0.962235 -0.896108 -0.386987 -0.145515 0.79574 1 -0.981683 0.112694 0.193352 0.134082 0.977941 -1 -0.701946 -0.697778 
-1 -1 -0.673535 -0.530424 -1 -1 -1 -1 -1 0.114268 0.109268 -0.966889 -0.992229 -1 -1 -0.785047 0.75717 -1 -0.931469 0.831667 -1 -1 -0.494452 -1 -1 -0.91531 -0.464983 0.0597597 -1 -1 -1 -1 0.3632 0.440012 -1 -0.766059 0.900554 -0.207653 -1 -0.588131 -0.106127 0.566786 -1 -0.743389 -0.778784 -1 -1 -1 -1 -0.505774 -1 -1 0.658579 -1 -0.873554 -1 -1 -0.634258 -0.203094 -0.919002 -1 -1 -1 -0.971015 -0.233237 -0.821244 -0.288545 -1 -0.0498832 0.239781 -1 -1 -0.957676 -0.530664 0.399603 -0.670707 -0.337846 -0.918632 -0.510437 -0.59668 -1 -1 -1 -0.770096 -1 -1 -0.89976 -1 -1 -1 -1 -1 -0.568181 -1 -1 -1 -0.856651 -1 -1 0.0386558 -1 -0.74464 -0.0824834 -0.809524 -1 -1 -1 -1 -0.826115 -1 -1 -1 -1 -1 -0.985894 -0.632198 -1 1 -1 -0.491102 -1 -1 0.0928529 0.638661 -1 0.157183 -0.540789 0.0311489 0.627381 -0.362889 -1 -1 -1 -0.927042 -0.770773 -0.846404 -1 -1 
-0.462707 1 -0.881857 0.560459 0.048276 0.749127 0.144151 -0.292607 -0.903507 -0.450043 -0.102911 -1 -1 -1 -0.866057 -0.752307 -0.0697955 0.586633 -0.602462 -0.738571 -0.080106 -0.841608 -0.406635 -0.376681 -0.800069 0.353328 -1 -0.292068 -1 1 -1 -0.0405043 -1 -0.7044 -0.517388 -0.241732 0.889926 -0.438414 0.0375166 -1 -0.554974 0.0804437 -0.920578 0.834357 -0.258361 0.0219123 0.254161 -1 -1 -1 0.494352 0.748277 -0.255297 -1 -1 -0.171441 0.409645 0.349917 -1 -1 -0.311506 -0.810453 -1 -0.545472 -0.026861 -1 -1 -0.665242 -0.440751 -0.810649 -1 -0.876054 0.110537 -0.669059 -0.734607 -1 -0.702265 -0.140828 -1 0.303664 0.257381 0.263066 -0.914214 -1 -1 -1 -0.849585 0.271454 -1 -0.251602 0.168779 -0.97685 -0.76207 -0.462808 -0.257098 -1 -1 -1 -0.0405298 -0.498967 0.598294 -1 -1 0.631825 -0.112242 -0.197352 -1 0.0791843 0.125886 -0.880037 -0.682856 -1 0.789222 -0.692979 -0.132161 -0.600271 -1 0.0238342 0.780432 -1 -1 -1 -1 -1 -1 -0.896108 -0.486304 -0.115357 0.844457 1 -1 -0.00376821 0.193352 0.141381 0.98197 -1 -1 -1 
-1 1 -1 -0.16742 -0.184473 -0.127424 0.0634664 0.0618182 -0.16741 -1 -0.193362 -1 -1 -1 -1 -0.990197 0.557402 0.525676 -0.927249 -1 -0.0971031 -0.837925 0.251972 -0.339882 0.128098 -1 -0.677691 0.270201 -1 -0.428586 -0.62255 -0.472447 -0.885752 -0.209311 -0.883399 0.077301 1 -0.419777 -0.284576 -1 -1 -1 -1 -0.304704 -1 -0.756174 0.148185 -1 -0.469918 -1 -0.30816 0.781835 -0.416477 -1 -0.856593 -0.0384873 0.147265 0.459484 -0.995381 -1 -0.6464 -0.938023 -1 -1 -0.062408 -1 -1 -0.207627 -1 -1 -0.396079 -0.465229 -1 -1 -0.00869303 -0.954216 -0.580837 0.384697 -0.763264 -0.643324 -1 -0.20537 -1 -1 -1 -0.969651 -0.932182 0.43066 -0.319949 0.749755 -0.651152 -1 -1 -1 -1 -0.91539 -1 -1 -0.352559 -0.817616 0.862472 -1 -0.831111 0.0800513 0.0310941 0.270329 -1 -1 -1 -0.729564 0.355394 -0.536068 1 -0.643699 -0.305344 -0.98082 -1 0.416777 0.794825 -0.326084 -1 -1 -1 -1 -1 -1 -1 -0.0154855 0.422917 0.529627 -0.836121 -1 0.208453 0.501707 0.232648 -0.782404 0.071553 -1 
-0.57063 0.928976 -0.955148 0.850393 0.132901 0.521914 0.366851 0.0618182 0.0146022 -1 0.249136 -1 -0.904513 -0.75979 -0.75736 -1 0.260621 -0.33703 -0.433885 -1 -0.953431 -1 0.0144355 -0.357836 0.598818 -0.0283214 -1 0.900234 -0.458526 -0.552394 -0.62255 -1 -1 -1 -0.430283 0.077301 0.996476 -0.438414 0.0357919 -0.739729 -0.0266633 0.000386879 -1 0.710876 -0.0976093 -1 0.214882 -0.741052 -0.469918 -0.960839 -1 0.781835 -1 -1 -1 -0.0384873 0.115074 0.704345 -0.720839 -1 -0.138769 -1 -1 -0.545472 -0.026861 0.261153 0.320839 -0.58058 -0.440751 -1 -1 -0.465229 -0.0187827 -1 -0.175263 -1 -0.580837 0.384697 0.347487 -0.100503 0.615219 0.272427 -0.22467 -0.599681 -0.808312 -0.895325 -0.26363 0.883843 0.390552 0.656717 -0.697182 -1 -0.38817 -0.185273 -1 -1 -0.968701 -0.803284 -0.308587 -0.962181 0.739576 -1 0.854496 0.631825 0.190849 0.248608 -0.922011 -1 -0.225196 -0.781373 -0.0530227 -0.455633 1 -0.6398 0.0153621 -0.98082 -1 0.0238342 0.833689 -0.526582 -1 -1 -1 -0.892906 -0.962235 -0.71551 -1 -0.0487314 0.207495 1 -0.836121 -0.00376821 0.495806 0.301205 0.107541 -0.890779 -0.283161 -1 
-0.57063 0.730534 -1 0.898097 -0.255992 0.531853 0.366851 -0.292607 -0.460379 -1 -0.221943 -0.598977 -1 -1 -1 -0.667547 -0.254564 0.623088 -1 -0.839889 0.267249 -0.841608 -0.149126 -0.357836 -0.483781 0.353328 -1 0.630586 -0.870408 0.866371 -0.763273 -0.46661 -0.466977 -0.0510718 -0.741914 -0.126155 0.996476 -0.438414 -0.379138 -1 -0.649563 -0.0800334 -1 0.710876 -0.224683 -0.248353 0.254161 -1 -1 -0.943111 0.628244 -0.260289 -0.286079 -0.959794 -1 -0.243101 0.409645 -0.113353 -1 -1 -1 -0.773834 -0.710714 -1 -0.026861 -0.724321 0.191751 -0.517632 -1 -1 -1 -1 0.275982 -1 -0.505771 -1 -0.435276 -0.754295 -1 0.641997 0.257381 0.263066 -0.996707 -0.884335 -1 -1 -0.356375 -0.591707 -0.108263 0.824683 0.122295 -0.97685 -0.714423 -0.807457 -1 -0.821424 -1 -1 -0.197455 -0.744121 0.739576 -1 -1 0.543992 0.0310941 0.269527 -0.976787 -0.14888 0.0598235 -0.880037 -0.0108765 -0.861839 0.789222 -0.6398 -0.151201 -0.488936 -1 0.0238342 0.700934 -0.638021 -1 -0.881424 -1 -0.892906 -0.631091 -1 -0.179744 -0.200526 1 1 -0.981683 0.274312 0.193352 -0.30565 0.977941 -0.49181 -0.701946 -0.550207 
-0.57063 0.730534 -1 0.597793 -0.298437 -0.448539 0.366851 -0.102995 -0.592385 -0.872711 0.000953525 -0.742607 -0.97619 -1 -0.866057 -0.708524 0.295755 0.298599 -0.433885 -0.738571 -0.0971031 -0.868896 0.0144355 -0.357836 0.490635 0.353328 -1 0.900234 -0.742033 0.638833 -0.62255 -0.354558 -0.485949 -0.621633 -0.646573 0.077301 0.612072 -0.438414 -0.130494 -0.981406 -0.0324355 0.151796 -1 0.656193 -0.0976093 -0.117793 0.214882 -1 -0.592966 -1 0.390753 0.781835 -0.14248 -1 -0.621297 -1 0.048222 -0.507184 -0.727041 -1 -0.295821 -1 -1 -0.808507 -0.0332558 -0.208317 -0.083435 -0.46453 -0.440751 -1 -0.990447 -0.945842 -0.14473 -0.286877 -0.531836 -1 -0.580837 0.384697 0.411546 0.790307 0.139567 0.284041 -0.151791 -0.805359 -1 -1 -0.26363 0.622107 0.453535 0.488353 0.122295 -0.750747 -0.307386 -0.871421 -0.649555 -1 -1 -1 0.407147 -1 0.538034 -1 -0.266274 0.309588 -0.319174 0.113498 -0.688404 -0.956397 0.0705066 -0.67143 -0.0108765 0.677948 0.758176 -0.6398 -0.285634 -0.225174 -1 -0.0114701 0.88011 -0.652666 -0.916302 -1 -1 -1 -1 -1 -0.422027 -0.0154855 1 1 -0.836121 -0.00376821 0.252557 0.301205 0.977941 -0.890779 -0.541949 -0.850463 
-0.57063 0.928976 -1 0.898097 -0.298437 0.521914 0.366851 0.0618182 0.0444287 -0.865111 0.249136 -1 -0.904513 -1 -0.75736 -0.708524 0.260621 0.622778 -0.486778 -1 -0.0971031 -1 0.0144355 -0.357836 0.51626 0.0132686 -1 0.834741 -0.458526 0.614891 -0.589148 -0.790657 -0.885752 -0.0510718 -0.430283 0.077301 0.996476 -0.438414 0.0357919 -0.984015 0.165291 0.151796 -1 0.710876 -0.0976093 -1 0.214882 -1 -0.469918 -1 -0.30816 0.781835 -0.14248 -1 -0.701941 -0.0384873 0.275285 0.704345 -0.720839 -1 -0.240158 -1 -0.981815 -0.545472 -0.026861 0.261153 0.320839 -0.58058 -0.440751 -1 -1 -0.465229 -0.0187827 -1 -0.880876 -1 -0.580837 0.384697 0.347487 -0.100503 0.618418 0.284041 -0.151791 -0.599681 -1 -0.969651 -0.26363 0.913204 0.540383 0.529669 -0.137951 -1 -0.263369 -0.356932 -1 -1 -1 -0.809563 -0.308587 -0.498967 0.739576 -1 0.854496 0.631825 0.0310941 0.248608 -0.688404 0.209902 -0.225196 -1 -0.0108765 -0.455633 1 -0.6398 -0.305344 -0.98082 -1 0.0238342 0.833689 -0.526582 -1 -1 -0.907422 -0.892906 -0.962235 -0.71551 -1 -0.0154855 0.422917 1 -0.836121 -0.150065 0.495806 0.301205 0.162635 -0.890779 -0.283161 -0.708629 
-0.57063 0.928976 -1 0.898097 -0.298437 0.521914 0.366851 0.0618182 0.0146022 -0.865111 0.249136 -1 -0.904513 -1 -0.75736 -0.77004 0.260621 0.622778 -0.433885 -1 -0.0971031 -1 0.0144355 -0.357836 0.490635 -0.0283214 -1 0.900234 -0.458526 0.638833 -0.62255 -0.818354 -0.885752 -0.0510718 -0.430283 0.077301 0.996476 -0.438414 0.0357919 -1 0.165291 0.151796 -1 0.710876 -0.0976093 -1 0.214882 -1 -0.469918 -1 -0.30816 0.781835 -0.164489 -0.996142 -0.701941 -0.0384873 0.275285 0.704345 -0.887164 -1 -0.138769 -1 -1 -0.545472 -0.026861 0.261153 0.320839 -0.58058 -0.440751 -1 -1 -0.465229 -0.0187827 -1 -0.531836 -1 -0.580837 0.384697 0.347487 -0.100503 0.618418 0.284041 -0.151791 -0.599681 -1 -0.969651 -0.26363 0.883843 0.540383 0.656717 -0.137951 -1 -0.270529 -0.185273 -1 -1 -1 -0.809563 -0.308587 -0.498967 0.739576 -1 0.854496 0.631825 0.0310941 0.248608 -0.688404 0.209902 -0.225196 -1 -0.0108765 -0.567607 1 -0.6398 -0.305344 -0.98082 -1 0.0238342 0.833689 -0.526582 -1 -1 -0.907422 -0.892906 -0.962235 -0.71551 -1 -0.0154855 0.422917 1 -0.836121 -0.00376821 0.495806 0.301205 0.232648 -0.890779 -0.283161 -0.550207 
-1 1 -1 0.898097 -0.184473 -0.606653 0.366851 0.0618182 0.0642982 -0.848752 -0.256694 -1 -0.904513 -1 -0.873579 -0.990197 0.586266 0.525676 -0.927249 -1 -0.0971031 -0.837925 0.0144355 -0.690616 0.128098 -0.159035 -1 0.204911 -0.530994 0.684297 -0.62255 -0.358067 -0.885752 -0.36019 -0.430283 0.077301 1 -0.438414 -0.118444 -1 -1 -0.111176 -1 0.710876 -0.980749 -1 0.148185 -1 -0.469918 -1 -0.282818 0.781835 -0.489905 -1 -1 -0.0384873 0.275285 -0.0779366 -0.995381 -1 -1 -1 -1 -1 -0.062408 0.154616 -1 -0.58058 -1 -1 -0.717772 -0.465229 -1 -1 -0.379385 -1 -0.620723 0.384697 0.347487 -0.936908 -0.103999 -0.552638 -0.377332 -1 -1 -0.969651 -0.449764 0.543597 0.433736 -0.618835 -0.648677 -1 -0.263369 -1 -0.625567 -1 -1 -1 -0.393748 -1 0.596031 -1 -0.114466 0.570825 0.0310941 0.270329 -0.89594 -0.572902 -0.672222 -0.897602 -0.0108765 -0.435132 0.481523 -0.862207 -0.305344 -0.98082 -1 0.416777 0.645784 -1 -1 -1 -1 -0.868899 -1 -1 -1 -0.0154855 0.422917 0.529627 -0.890154 -0.18672 0.253083 0.382081 -0.434808 -1 -0.381714 -1 
-0.264957 0.730534 -1 0.865113 -0.298437 -0.252582 -0.198843 -0.0231675 -0.734471 -1 0.249136 -1 -0.904513 -1 -0.974584 -0.708524 0.260621 -0.0358679 -0.490122 -1 0.147871 -1 0.0144355 -0.357836 0.698572 -0.225795 -1 0.382201 -0.458526 0.638833 -1 -0.19371 -0.463974 -1 -0.430283 0.077301 0.996476 -0.868159 -0.574207 -1 0.333474 -0.0874963 -1 0.996761 0.122397 -0.248353 0.214882 -1 -0.712401 -1 0.324612 -0.351929 -0.14248 -0.833203 -1 -0.973518 0.409645 0.351872 -1 -0.974079 -0.138769 -1 -1 -0.545472 -0.026861 -0.145959 0.320839 -1 -0.666749 -0.954796 -1 -0.465229 0.758715 -0.649372 -0.531836 -1 -0.726506 -0.123147 -0.824087 0.804759 -0.0608498 0.174532 -1 -0.805359 -1 -0.969651 -0.522148 0.0817095 0.540383 0.885118 0.122295 -0.735208 -0.744563 -1 -1 -1 -1 -1 0.173892 -0.498967 0.298179 -1 -0.273243 0.0595156 -0.301856 0.248608 -1 -0.235138 -0.018246 -0.409944 -0.125941 0.677948 0.89753 -0.6398 -0.132161 -0.225174 -1 -0.126152 0.728789 -1 -1 -1 -0.998373 -0.892906 -0.962235 -1 -1 0.0955097 0.974266 -0.362357 -0.836121 -0.711209 0.630463 -0.100943 0.977941 -0.890779 -0.245127 -1 
-1 1 -1 0.898097 -0.184473 -0.429775 0.094873 -0.583875 0.0146022 -0.848752 -0.356342 -1 -0.904513 -1 -0.873579 -0.990197 0.557402 0.525676 -0.927249 -1 -0.0971031 -0.837925 0.0144355 -0.440011 0.128098 -0.675289 -1 -0.408842 -0.530994 0.638833 -0.62255 -0.400904 -1 -0.441046 -0.430283 0.077301 1 -0.438414 0.143711 -1 -1 -0.0449191 -1 0.408614 -0.970117 -1 0.148185 -1 -0.469918 -1 -0.30816 0.781835 -0.462028 -1 -0.677079 -0.0384873 0.275285 0.807619 -0.995381 -1 -0.952626 -0.889382 -1 -1 -0.062408 0.0145283 -1 -0.58058 -0.791231 -1 -0.717772 -0.183033 -1 -1 -0.379385 -1 -0.580837 0.423542 0.347487 -1 -0.103999 -0.20537 -0.377332 -0.878581 -1 -0.969651 -0.307754 0.543597 0.425389 -0.446371 -0.635439 -1 -0.263369 -1 -0.76632 -1 -1 -1 -0.255852 -0.498967 0.862472 -1 -0.132721 0.678627 0.0310941 0.270329 -0.688404 -0.943138 -0.672222 -0.897602 -0.0108765 -0.631088 0.872699 -0.670933 -0.305344 -0.98082 -1 0.416777 0.794825 -0.326084 -1 -1 -1 -0.786338 -1 -1 -1 -0.0154855 0.422917 0.529627 -1 -0.18672 0.208453 0.382081 -0.29093 -1 -0.283161 -0.930312 
-0.947892 0.795726 -1 0.898097 -0.184473 -0.395363 0.224694 -0.333247 -0.266689 -0.797741 -0.282451 -1 -1 -0.964875 -0.873579 -0.990197 0.557402 0.525676 -0.854189 -1 -0.0971031 -0.837925 0.0144355 -0.440011 0.128098 -0.0283214 -0.677691 0.204911 -1 0.360173 -0.60887 -0.733597 -0.945675 -0.409265 -0.883399 -1 1 -0.438414 -0.902472 -1 -1 -0.0449191 -1 0.710876 -0.643281 -1 0.148185 -1 -0.59517 -1 -0.0570843 0.781835 -0.416477 -1 -1 -0.0384873 -0.0402552 0.807619 -1 -1 -0.691948 -1 -1 -1 -0.062408 -0.653517 -1 -0.58058 -1 -1 -0.935097 -0.753029 -1 -1 -0.00869303 -0.954216 -0.580837 0.384697 -0.763264 -1 -0.350296 -0.378982 -0.377332 -1 -1 -0.969651 -1 0.543597 0.425389 0.749755 -1 -1 -0.404128 -0.868026 -1 -1 -1 -1 -0.255852 -0.817616 0.862472 -1 -0.132721 0.570825 0.0310941 -0.186309 -0.773185 -0.811772 -0.745167 -0.897602 -0.0108765 -0.536068 1 -0.6398 -0.305344 -1 -1 0.416777 0.411695 -0.326084 -1 -1 -1 -0.892906 -1 -1 -1 -0.0154855 0.422917 0.529627 -0.836121 -1 0.208453 0.49427 0.232648 -1 -0.283161 -1 
-0.264957 0.730534 -0.945511 0.865113 -0.298437 -0.252582 -0.198843 -0.0231675 -0.734471 -1 0.249136 -1 -0.904513 -1 -0.974584 -0.708524 0.260621 -0.0358679 -0.490122 -1 0.108042 -1 0.0144355 -0.357836 0.698572 -0.225795 -1 0.382201 -0.458526 0.638833 -1 -0.0507682 -0.463974 -1 -0.430283 0.077301 0.996476 -0.868159 -0.574207 -1 0.333474 -0.0874963 -1 0.996761 0.122397 -0.248353 0.237592 -1 -0.712401 -1 0.324612 -0.351929 -0.14248 -0.833203 -1 -0.973518 0.409645 0.351872 -1 -0.974079 -0.138769 -1 -1 -0.545472 -0.026861 -0.145959 0.320839 -1 -0.666749 -0.954796 -1 -0.465229 0.758715 -0.649372 -0.531836 -1 -0.726506 -0.123147 -0.824087 0.804759 -0.0608498 0.174532 -1 -0.805359 -1 -0.969651 -0.545747 0.0817095 0.540383 0.885118 0.122295 -0.750747 -0.744563 -1 -1 -1 -1 -1 0.158266 -0.498967 0.298179 -1 -0.134237 0.0595156 -0.301856 0.248608 -1 -0.235138 -0.018246 -0.409944 -0.125941 0.677948 0.89753 -0.6398 -0.132161 -0.225174 -1 -0.126152 0.728789 -1 -1 -1 -0.865371 -0.892906 -0.962235 -1 -1 0.0955097 0.974266 -0.362357 -0.836121 -0.821783 0.630463 -0.100943 0.977941 -0.890779 -0.245127 -1 
-1 1 -1 0.898097 -0.184473 -0.429775 0.426913 0.0618182 0.0146022 -1 0.0131016 -1 -0.904513 -1 -0.873579 -0.990197 0.586266 0.363359 -0.927249 -1 -0.0971031 -0.837925 0.0854073 -0.75182 0.128098 -0.159035 -1 0.204911 -0.530994 0.684297 -0.62255 -0.42692 -0.885752 -0.36019 -1 0.077301 1 -0.438414 -0.118444 -1 -1 -0.701228 -1 0.710876 -1 -1 0.127325 -1 -0.469918 -1 -0.282818 0.781835 -0.488817 -1 -1 -0.0384873 0.289704 0.797296 -0.995381 -1 -1 -1 -1 -1 -0.743392 -0.376529 -1 -0.58058 -0.791231 -1 -0.717772 -0.465229 -1 -1 -0.379385 -0.624709 -0.580837 0.384697 0.347487 -0.936908 -0.103999 -0.20537 -0.377332 -1 -1 -0.969651 -0.449764 0.543597 0.425389 0.426625 -0.528477 -1 -0.263369 -0.722644 -1 -1 -1 -1 -1 -0.498967 0.596031 -1 -0.162729 0.570825 0.0310941 0.270329 -0.688404 -0.572902 -0.768352 -0.993205 -0.0108765 -0.435132 1 -0.983232 -0.305344 -0.98082 -1 0.416777 0.645784 -0.326084 -1 -1 -1 -0.892906 -0.950089 -1 -1 -0.0154855 0.422917 0.529627 -0.836121 -1 0.208453 0.382081 0.232648 -1 -0.613717 -1 
-1 1 -1 0.898097 -0.184473 -0.398065 0.0953369 0.0618182 0.0146022 -1 -0.193362 -0.711328 -1 -1 -0.873579 -1 0.438875 0.525676 -0.927249 -1 -0.0971031 -0.487579 0.0144355 -0.530203 -0.715233 -0.0283214 -0.323395 0.204911 -0.472807 0.403741 -0.62255 -0.243745 -1 -0.30207 -0.834404 0.214443 1 -1 -0.284576 -1 -1 -1 -1 -0.304704 -0.755428 -0.754014 0.411864 -1 -0.900475 -1 -1 0.153132 -0.416477 -0.703165 -1 -0.0988223 0.275285 0.807619 -1 -1 -0.6464 -0.943117 -0.760157 -1 -0.062408 -1 -1 -1 -0.791231 -1 -0.396079 -0.161602 -1 -1 -0.392218 -0.954216 -0.580837 0.769092 -1 -0.643324 -0.103999 -0.559242 -1 -1 -1 -0.969651 -0.304331 0.77584 -1 0.749755 -0.651152 -1 -1 -0.868026 -0.80926 -0.91539 -1 -1 -0.420276 -1 0.321182 -0.972043 -0.872771 0.570825 0.0310941 0.270329 -0.860507 -1 -0.358747 -0.897602 -0.000522166 -0.684321 0.616266 -1 -0.305344 -1 -1 0.416777 0.41435 -0.832116 -1 -0.950739 -1 -0.532227 -1 -1 -1 -0.0154855 0.422917 0.529627 -1 -0.380208 0.208453 0.526046 0.232648 -0.971324 0.071553 -0.731777 
-0.778843 0.730534 -1 0.657642 -0.56837 0.543828 0.366851 -0.298758 -1 -1 0.249136 -1 -0.904513 -1 -0.866057 -0.628603 -0.643938 0.422478 -1 -0.738571 -0.117171 -0.841608 -0.104208 -0.432052 -0.366858 0.353328 -1 0.570923 -0.885082 0.613882 -1 -0.363953 -0.485949 -0.163411 -1 -0.0692359 1 -0.438414 -0.130494 -1 -0.649563 -0.309737 -1 0.710876 -0.0976093 -0.380351 0.405165 -1 -0.969469 -1 0.628244 0.781835 -0.255297 -0.959794 -1 -0.0384873 0.409645 -0.112482 -1 -0.974079 -0.311506 -1 -1 -0.545472 -0.215346 -0.361082 -0.05647 -0.517632 -0.504146 -0.810649 -1 -1 0.855918 -0.649372 -0.505771 -1 -0.435276 -0.140828 -0.771606 0.702962 0.257381 0.284041 -1 -0.9269 -0.966728 -1 -0.414694 0.622107 -1 0.824683 0.254186 -0.750747 -0.263369 -0.560041 -1 -1 -1 -1 0.173892 -0.535551 0.468448 -1 -0.645987 0.567158 0.0310941 0.248608 -0.976787 0.141984 -1 -0.880037 -0.0108765 -0.861839 0.548297 -0.962452 -0.948213 -0.457049 -1 0.0909393 0.700934 -0.604731 -0.99936 -1 -0.907422 -1 -1 -0.896108 -0.947209 -0.0336389 0.903789 0.45121 -1 -0.320724 -0.922356 0.301205 0.826546 -0.890779 -1 -0.660656 
-0.57063 0.928976 -1 0.898097 -0.298437 0.521914 0.366851 0.0618182 0.0146022 -0.865111 0.249136 -1 -0.904513 -1 -0.75736 -0.708524 0.260621 0.622778 -0.433885 -1 -0.0971031 -1 0.0144355 -0.357836 0.490635 -0.0283214 -1 0.900234 -0.458526 0.638833 -0.62255 -0.790657 -0.885752 -0.0510718 -0.430283 0.077301 0.996476 -0.438414 0.0357919 -1 0.165291 0.151796 -1 0.710876 -0.0976093 -1 0.214882 -1 -0.469918 -1 -0.30816 0.781835 -0.14248 -1 -0.701941 -0.0384873 0.275285 0.704345 -0.720839 -1 -0.138769 -1 -1 -0.545472 -0.026861 0.261153 0.320839 -0.58058 -0.440751 -1 -1 -0.465229 -0.0187827 -1 -0.531836 -1 -0.580837 0.384697 0.347487 -0.100503 0.618418 0.284041 -0.151791 -0.599681 -1 -0.969651 -0.26363 0.883843 0.540383 0.656717 -0.137951 -1 -0.263369 -0.185273 -1 -1 -1 -0.809563 -0.308587 -0.498967 0.739576 -1 0.854496 0.631825 0.0310941 0.248608 -0.688404 0.209902 -0.225196 -1 -0.0108765 -0.455633 1 -0.6398 -0.305344 -0.98082 -1 0.0238342 0.833689 -0.526582 -1 -1 -0.907422 -0.892906 -0.962235 -0.71551 -1 -0.0154855 0.422917 1 -0.836121 -0.00376821 0.495806 0.301205 0.232648 -0.890779 -0.283161 -0.550207 
-0.57063 0.928976 -1 0.898097 -0.298437 0.521914 0.366851 0.0618182 0.0146022 -0.865111 0.249136 -1 -0.904513 -1 -0.75736 -0.708524 0.260621 0.622778 -0.433885 -1 -0.0971031 -1 0.0144355 -0.357836 0.490635 -0.0283214 -1 0.900234 -0.458526 0.638833 -0.62255 -0.790657 -0.885752 -0.0510718 -0.430283 0.077301 0.996476 -0.438414 0.0357919 -1 0.165291 0.151796 -1 0.710876 -0.0976093 -1 0.214882 -1 -0.469918 -1 -0.30816 0.781835 -0.14248 -1 -0.701941 -0.0384873 0.275285 0.576148 -0.720839 -1 -0.138769 -1 -1 -0.545472 -0.026861 0.261153 0.320839 -0.58058 -0.440751 -1 -1 -0.465229 -0.0187827 -1 -0.531836 -1 -0.580837 0.384697 0.347487 -0.100503 0.618418 0.284041 -0.172823 -0.599681 -1 -0.969651 -0.26363 0.883843 0.540383 0.656717 -0.137951 -1 -0.263369 -0.185273 -1 -1 -1 -0.809563 -0.308587 -0.498967 0.739576 -1 0.854496 0.631825 0.0310941 0.248608 -0.688404 0.209902 -0.225196 -1 -0.0108765 -0.455633 1 -0.6398 -0.305344 -0.98082 -1 0.0238342 0.833689 -0.526582 -1 -1 -0.907422 -0.892906 -0.962235 -0.71551 -1 -0.0154855 0.422917 1 -0.836121 -0.00376821 0.495806 0.301205 0.232648 -0.890779 -0.283161 -0.550207 
-0.554581 0.730534 -1 0.443622 -0.877806 -0.440454 0.366851 0.403142 -0.537821 -0.865111 -0.744372 -0.788803 -0.541238 -1 -0.864865 -1 0.0637116 0.603651 -1 -0.738571 0.224925 -0.99075 -0.0949217 -0.690108 -1 0.353328 -0.969017 -0.357236 -0.742033 0.503658 -0.810392 -1 -0.485949 -0.603929 -1 0.077301 0.52731 -0.0856294 -1 -1 0.165291 -0.115745 -0.889225 0.511662 -0.301461 -0.073013 -0.927926 -1 -0.712401 -1 0.357478 0.660349 -0.14248 -1 -1 -1 0.175851 -0.507184 -1 -1 -0.5378 -1 -1 -1 -1 -1 -0.0768372 -0.46453 -0.524687 -1 -1 -0.792658 -0.110974 -0.465287 -0.178946 -1 -0.886642 0.626865 -0.332214 0.704229 -0.63451 0.284041 -0.0916234 -0.841415 -1 -1 -0.638304 0.64321 -0.456052 -0.884992 -0.71824 -0.893867 -1 -0.81607 -0.649555 -0.699643 -0.943061 -0.839403 -0.519614 -1 0.367534 -1 -1 -0.720284 -1 0.390453 -0.688404 -1 -1 -1 -0.0108765 -0.460502 0.758176 -0.926949 -0.292808 -0.774681 -1 0.0238342 -0.360458 -1 -1 -1 -1 -1 -1 -1 -0.0564203 0.0366662 1 0.962802 -1 0.376152 -1 0.301205 0.734462 -0.890779 -1 -1 
-0.983285 -1 -0.673535 -0.530424 -1 -1 -1 -1 -1 0.114268 0.109268 -0.966889 -0.992229 -1 -1 -0.785047 0.530054 -1 -0.931469 0.831667 -1 -1 -0.494452 -1 -1 -0.91531 -0.464983 0.0597597 -1 -1 -1 -1 0.3632 0.440012 -1 -0.766059 0.900554 -0.207653 -1 -0.588131 -0.106127 0.566786 -1 -0.743389 -0.778784 -1 -0.744802 -1 -1 -0.505774 -1 -1 0.621632 -1 -0.873554 -1 -1 -0.634258 -0.203094 -0.919002 -1 -0.979662 -0.856021 -0.971015 -0.233237 -0.821244 -0.288545 -1 -0.0498832 0.239781 -1 -1 -0.957676 -0.530664 0.11428 -0.670707 -0.337846 -1 -0.510437 -0.59668 -1 -0.480372 -1 -0.763536 -1 -1 -0.89976 -1 -1 -1 -1 -1 -0.568181 -1 -1 -1 -0.856651 -1 -0.103941 0.0386558 -0.701977 -0.74464 -0.0824834 -0.738176 -1 -1 -1 -1 -0.826115 -1 -1 -1 -1 -1 -0.985894 -0.632198 -0.755343 1 -1 -0.491102 -1 -1 0.137348 0.638661 -1 0.157183 -0.540789 0.0311489 0.627381 -0.362889 -1 -0.952961 -1 -0.927042 -0.770773 -0.846404 -1 -1 
-0.57063 0.0689589 -1 0.330356 -0.31084 0.556447 -0.0451972 -0.116058 0.0146022 -0.996373 -0.169277 -1 -1 -1 -0.52267 -0.667547 0.274074 0.422478 -1 -0.793327 -0.0770827 -0.749873 -0.010854 -0.0195653 -0.366858 0.353328 -1 0.415494 -1 0.638833 -1 -0.0507682 -0.292882 -0.0510718 -0.517388 0.706713 0.996476 -0.438414 -0.130494 -1 -0.586881 -0.524943 -1 0.601091 -0.0976093 -0.248353 0.26391 -1 -1 -0.929835 0.628244 0.781835 -0.255297 -1 -1 -0.323019 0.409645 0.49481 -1 -0.823049 -0.311506 -1 -0.900512 -0.545472 -1 -1 0.117431 -0.204387 -0.963628 -0.987071 -1 -1 0.507597 -0.649372 -1 -1 -0.435276 -1 -1 0.702962 -0.0495895 -0.333523 -0.833289 -1 -1 -1 -0.414694 0.451007 -0.149111 1 -0.332187 -0.750747 -0.355955 -0.689437 -0.649555 -1 -1 -1 0.217181 -0.498967 0.468448 -1 -0.84927 0.631825 -0.142162 0.186523 -0.542894 0.141984 -0.11261 -0.951983 -0.589688 -1 0.613555 -0.6398 -0.132161 -0.488936 -1 0.0238342 0.55219 -1 -1 -1 -1 -0.892906 -1 -1 -0.574655 -0.0154855 0.844457 1 -0.860737 -0.00376821 0.193352 -0.953352 0.977941 -0.890779 -0.571121 -0.550207 
-1 1 -1 0.836738 -1 -0.414363 0.576447 -1 0.0146022 -0.715402 -0.356342 -1 -1 -1 -1 -1 0.579974 0.525676 -1 -1 -0.281393 -1 0.272278 -0.440011 0.0681367 -0.0283214 -1 0.069288 -0.799623 0.638833 -1 -0.400904 -0.93516 -0.36019 -1 -0.0114446 0.996476 -0.374762 -0.245448 -0.900147 -0.644263 0.26342 -1 0.710876 -0.794287 -1 0.214882 -0.691318 -0.469918 -1 -0.35879 1 -0.694765 -1 -1 -0.0384873 -0.0737928 0.677137 -1 -1 -0.709259 -1 -0.892388 -1 -0.321206 0.0683494 -1 -1 -0.959603 -1 -0.694154 -0.989773 -1 -1 -0.379385 -1 -1 0.384697 -0.610613 -1 -0.103999 -0.755668 0.279835 -1 -1 -1 -1 0.543597 0.425389 -0.154415 -0.941747 -1 -0.173238 -0.722644 -1 -1 -1 -1 -0.181768 -0.478629 0.5308 -1 -0.132721 0.570825 0.0280404 0.223181 -1 -0.516385 -0.842273 -0.897602 -0.0108765 -0.455633 0.947828 -0.6398 -1 -1 -1 0.651193 0.257731 -0.326084 -1 -1 -1 -0.689472 -0.541168 -1 -1 -0.0154855 -0.583781 0.15511 -0.836121 -0.267285 0.208453 0.301205 0.232648 -1 -1 -1 
-0.878785 0.730534 -1 0.898097 -0.56837 0.543828 0.501923 -0.298758 -0.28904 -1 0.249136 -1 -0.904513 -1 -0.866057 -0.919534 0.274074 0.422478 -1 -0.738571 -0.117171 -0.841608 -0.388221 -0.432052 -0.366858 0.307488 -1 0.570923 -0.885082 0.613882 -1 -0.0507682 -0.485949 0.0128404 -0.876572 -0.81015 1 -0.438414 -0.130494 -1 -1 -0.101905 -1 0.710876 -0.0976093 -0.900997 0.214882 -1 -1 -1 0.628244 0.781835 -0.255297 -1 -1 -0.0384873 -0.266546 -0.112482 -1 -0.974079 -0.311506 -0.810453 -1 -0.545472 -0.224982 -0.361082 0.320839 -1 -0.440751 -0.810649 -1 -1 0.507597 -0.684855 -0.505771 -1 -0.435276 -0.140828 -1 0.702962 0.257381 0.284041 -1 -0.899172 -1 -1 -0.0234695 0.622107 -0.943489 0.45201 -0.0356577 -0.750747 -0.263369 -0.462808 -0.962471 -1 -1 -1 -0.935481 -0.535551 0.0999964 -1 -0.645987 0.567158 0.0310941 0.248608 -0.976787 -0.16811 0.202839 -0.880037 -0.0108765 -0.861839 0.548297 -0.978747 -0.132161 -0.457049 -1 0.0727133 0.227143 -0.604731 -0.99936 -1 -0.907422 -0.892906 -1 -0.896108 -0.640674 -0.0336389 0.809265 1 -1 -0.273621 0.429333 0.301205 0.826546 -0.890779 -1 -0.619011 
-1 1 -1 0.898097 -0.170805 -0.38748 0.344309 0.0618182 0.0146022 -0.505372 -0.375043 -1 -0.904513 -1 -0.873579 -0.990197 0.557402 0.525676 -0.927249 -0.998041 -0.0971031 -0.837925 0.0144355 -0.440011 0.128098 -0.0283214 -1 0.167385 -0.530994 0.209399 -0.750332 -0.400904 -0.946156 -0.555841 -1 0.077301 0.942242 -1 0.124336 -1 -1 -0.0449191 -1 0.710876 -1 -1 0.148185 -1 -1 -0.887345 -0.148554 0.955707 -1 -1 -1 -0.306226 0.275285 0.807619 -0.995381 -1 -1 -1 -0.683383 -1 -0.119151 0.0780068 -1 -0.58058 -0.791231 -1 -0.659716 -0.465229 -0.842386 -1 -0.265887 -1 -0.575656 0.384697 0.151406 -0.993476 -1 -1 -0.377332 -1 -0.758471 -0.969651 -0.315257 0.61031 0.19716 0.426625 -0.73675 -0.608656 -0.806253 -1 -1 -1 -0.946752 -1 -1 -0.498967 -0.331336 -1 -0.200254 0.570825 0.639166 0.270329 -1 -1 -0.672222 -1 -0.230211 -0.365576 1 -0.784216 -1 -0.98082 -1 0.416777 0.794825 -0.326084 -1 -1 -1 -0.68616 -1 -1 -1 -0.0154855 0.597398 0.529627 -0.898126 -0.18672 0.208453 -0.18701 0.228835 -1 -0.283161 -1 
-1 0.730534 -1 0.840887 -0.0835395 -0.107915 0.357139 0.158335 -0.495482 -1 0.112581 -1 -1 -1 -1 -0.708524 0.022682 0.931505 -0.897965 -0.580873 -1 -0.833091 -0.230855 -0.32527 -0.801066 0.0821776 -1 -0.293566 -0.232611 0.638833 -1 -0.0507682 -0.540074 -0.196892 -0.430283 -0.297741 0.0361181 -0.509203 -0.130494 -1 -0.0414436 -0.171583 -1 0.289384 -0.222678 -0.443925 -0.0811418 -1 -0.712401 -0.757583 0.628244 0.773469 -1 -1 -1 -0.37285 -0.12042 0.00557753 -0.0833753 -0.861112 -0.138769 -1 -0.884103 -0.540168 -0.945434 0.193367 -0.2347 -1 -0.553933 -1 -1 -0.786604 0.488864 -1 -0.81395 -1 -1 0.11809 -0.0729232 0.702962 -0.337337 0.197034 -0.00388174 -1 -0.81376 -0.820129 -0.162079 0.131286 0.642283 0.385227 0.122295 -1 -0.77897 -0.80418 -0.870193 -1 -1 -1 -1 -1 -0.618088 -1 0.641157 0.0214144 -1 0.185696 -0.715364 0.0298939 -0.491573 -0.67143 0.051942 0.604462 0.1746 -0.896972 -0.517216 -0.978169 -1 0.401868 0.833689 -1 -1 -1 -1 -1 -0.962235 -1 -0.848137 -0.0363421 0.705218 1 -1 -0.00376821 0.495806 0.301205 0.746272 -1 -0.107881 -1 
-0.57063 0.730534 -1 0.666792 -0.296825 0.556447 0.366851 -0.131059 0.0146022 -1 0.0856706 -0.962996 -1 -1 -0.866057 -0.667547 0.373889 0.346449 -1 -1 -0.0971031 -1 -0.149126 -0.73415 -0.280108 0.353328 -0.994516 0.630586 -1 0.638833 -0.976957 -0.0507682 -0.466977 -0.0510718 -1 -0.479633 1 -1 -1 -1 -0.649563 0.0804437 -1 0.50101 -0.0976093 -0.248353 -0.583441 -1 -1 -1 0.628244 0.781835 -0.157846 -0.959794 -1 -0.182449 0.313099 0.349917 -1 -0.974079 -0.311506 -1 -1 -0.545472 0.0536311 -0.724321 0.391179 -0.517632 -0.878081 -0.975224 -1 -0.876054 -0.169247 -1 -0.544871 -1 -0.435276 -0.238465 -1 -0.240015 0.257381 0.0275245 -0.813092 -1 -1 -1 -0.963227 -0.0485179 -0.108263 0.824683 -1 -1 -0.263369 -0.462808 -1 -1 -1 -1 -0.15283 -0.554787 -0.409353 -1 -0.323265 0.631825 -1 0.248608 -0.976787 -0.644061 0.134413 -0.88272 -0.662869 -0.861839 0.789222 -0.6398 -0.132161 -0.488936 -1 0.267995 0.888319 -0.58059 -1 -0.860238 -0.907422 -0.86917 -0.962235 -0.896108 -1 -0.115357 0.844457 1 -0.768329 -0.873596 -0.872803 0.301205 0.957393 -0.732867 -0.912084 -0.550207 
-0.601953 0.928976 -1 0.885925 -0.590515 0.521914 0.366851 0.0618182 -0.248059 -0.924026 0.293493 -1 -0.904513 -1 -0.75736 -0.87753 0.0774392 -0.671964 -0.433885 -1 -0.176824 -1 0.0144355 -0.357836 0.123224 0.0212263 -0.948573 0.194245 -0.571925 0.478383 -0.758733 -0.790657 -0.885752 -0.155167 -0.430283 0.274467 0.996476 -0.438414 -0.228712 -0.949444 0.165291 0.151796 -1 0.710876 -0.0976093 -1 0.566364 -1 -1 -1 -0.30816 0.301091 -0.350743 -1 -0.701941 -0.495428 0.373823 0.704345 -0.720839 -1 -0.138769 -1 -1 -0.545472 -0.152099 0.0656663 -0.470806 -1 -0.363146 -1 -1 -0.465229 -0.0187827 -1 -0.531836 -1 -0.627719 0.350693 0.0546111 -0.100503 0.664945 0.284041 -0.356812 -0.735809 -1 -0.969651 -0.26363 0.739643 0.540383 0.541268 -0.137951 -1 -1 0.190673 -1 -1 -1 -0.809563 -0.591008 -0.92763 0.329052 -1 0.854496 -0.296154 -0.629839 0.348551 -0.697707 -0.00282288 -0.280852 -1 -0.0108765 -0.389152 1 -0.6398 -0.293145 -0.98082 -1 0.0238342 0.833689 -0.526582 -1 -1 -0.907422 -0.884341 -1 -0.833299 -1 0.215997 0.422917 1 -0.919921 -0.00376821 0.602983 0.301205 0.232648 -1 -0.283161 -0.550207 
-1 1 -1 0.898097 -1 -1 0.17708 0.0618182 0.0146022 -1 -0.356342 -1 -0.904513 -1 -0.873579 -0.990197 0.557402 0.525676 -0.927249 -0.998041 -0.0971031 -0.982811 0.0144355 -0.440011 0.128098 -0.788978 -1 0.485847 -0.380991 0.209399 -0.62255 -0.448205 -1 -0.623344 -1 0.077301 0.827224 -0.438414 0.124336 -0.935694 -1 -0.591443 -1 0.710876 -0.624978 -1 0.148185 -0.629143 -1 -1 -0.148554 0.968707 -0.817888 -1 -1 -0.249304 -0.831939 0.807619 -1 -1 -1 -0.69164 -1 -1 -0.119151 0.0145283 -1 -0.58058 -0.963567 -0.84718 -0.816293 -0.465229 -1 -0.99083 -0.215636 -1 -0.580837 0.384697 -0.127284 -1 -1 -0.273487 -0.470271 -1 -1 -1 -0.490234 0.61031 0.297299 0.426625 -0.73675 -0.275941 -0.486018 -1 -1 -1 -1 -1 -1 -0.703101 -0.290141 -1 -0.494037 0.477132 0.291518 0.270329 -1 -0.392913 -1 -0.692031 -0.0108765 -0.647193 1 -0.6398 -0.305344 -1 -1 0.416777 0.794825 -0.326084 -1 -1 -1 -0.892906 -1 -1 -1 -0.0154855 0.422917 0.882529 -0.898126 -0.18672 -0.989152 0.296495 0.227821 -1 -0.283161 -1 
-0.264957 0.730534 -1 0.213613 -0.298437 -0.421596 -0.920469 0.0931559 -0.734471 -1 0.249136 -1 -0.904513 -1 -0.974584 -0.708524 -0.998725 -0.0358679 -0.490122 -1 0.380136 -1 -0.303934 -0.357836 -0.367071 -0.225795 -1 0.284662 -0.458526 0.638833 -1 -0.0507682 -0.485949 -1 -0.430283 0.0805484 1 -0.868159 -0.574207 -1 0.333474 0.551354 -1 0.996761 0.122397 -0.248353 0.214882 -1 -0.712401 -1 0.210657 -0.351929 -0.318511 -0.833203 -1 -1 0.409645 -0.672109 -1 -0.974079 -0.138769 -0.607464 -1 -0.545472 -0.026861 -0.145959 0.320839 -1 -0.666749 -1 -1 -0.465229 0.758715 -0.649372 -0.531836 -1 -1 -0.123147 -0.824087 0.804759 -0.0608498 0.35771 -1 -0.991192 -1 -0.969651 -0.522148 0.0379223 0.540383 0.885118 -0.67351 -1 -0.877844 -1 -1 -1 -1 -1 -0.0380721 -0.498967 0.298179 -1 -0.00322014 0.0595156 -0.301856 -0.31831 -1 -0.726302 -0.018246 -0.409944 -0.125941 0.677948 0.89753 -0.720689 -0.283259 -0.258339 -1 -0.126152 0.728789 -1 -1 -1 -0.758008 -0.892906 -0.962235 -1 -1 0.0955097 0.170873 -0.346485 -0.836121 -1 0.580327 -0.276448 0.977941 -1 -0.617872 -1 
-0.398569 0.730534 -1 0.840887 -0.298437 -0.180442 0.357139 0.0708907 -0.495482 -0.796699 -0.849236 -1 -1 -1 -1 -0.957863 0.022682 0.655225 -1 -0.580873 -1 -0.841511 -0.0986781 -0.268752 -0.801066 0.0821776 -0.737381 -1 -0.232611 -0.33441 -0.87347 -0.0507682 -1 -0.824984 -0.430283 -0.399255 -0.385438 -0.509203 -0.130494 -1 -0.0414436 -0.171583 -1 0.289384 -0.927917 -0.319379 -0.0811418 -1 -0.712401 -1 0.628244 0.867131 -1 -1 -1 -0.37285 -0.12042 0.00557753 -0.460282 -1 -0.138769 -1 -0.884103 -0.540168 -0.945434 -0.181064 -1 -0.821867 -0.855577 -1 -1 -0.4267 0.488864 -1 -0.81395 -1 -0.901135 0.11809 -0.0729232 0.56971 0.527739 0.197034 -0.0614283 -0.679115 -0.803733 -0.820129 -0.980686 -0.185305 0.642283 0.385227 0.122295 -1 -0.77897 -0.677732 -0.870193 -1 -1 -1 -0.122817 -1 0.562458 -1 0.773642 0.0214144 -0.283448 0.185696 -0.715364 0.0298939 -0.971155 -0.67143 -0.941478 0.604462 0.1746 -1 -0.132161 -1 -1 0.401868 0.833689 -0.526582 -1 -1 -0.956938 -1 -0.962235 -1 -0.836691 -0.0363421 0.705218 1 -1 -0.00376821 0.495806 0.398141 0.128394 -1 -1 -1 
-0.57063 0.730534 -1 0.597793 -0.309851 -0.529616 0.366851 -0.101658 -0.592385 -1 0.000953525 -0.742607 -1 -1 -0.664396 -0.708524 0.260621 0.298599 -1 -0.344239 -0.0971031 -0.868896 0.0144355 -0.357836 0.490635 0.353328 -1 -0.00902665 -0.742033 0.172614 -0.62255 -0.354558 -0.485949 -0.621633 -0.646573 0.077301 0.612072 -0.438414 -0.130494 -0.981406 -0.200879 0.210929 -1 0.83203 -0.745096 -0.0789957 0.214882 -1 -0.292476 -1 -0.714 0.781835 -0.14248 -0.758473 -0.621297 -1 0.048222 -0.507184 -0.727041 -1 -0.138769 -1 -1 -1 -0.0332558 -0.208317 -0.083435 -0.519132 -0.440751 -1 -1 -0.945842 -0.14473 -1 -1 -1 -0.580837 0.384697 0.411546 0.790307 0.139567 -0.204548 -0.160218 -1 -1 -1 -0.26363 0.958484 0.147039 0.488353 0.122295 -0.777711 -0.228649 -0.871421 -0.649555 -1 -1 -1 0.407147 -1 0.538034 -1 -0.266274 0.309588 -0.319174 0.173993 -0.688404 -0.975924 0.0705066 -0.84481 -0.0108765 0.677948 0.758176 -0.6398 -0.0976909 -1 -1 0.0238342 0.88011 -0.495156 -0.950742 -1 -0.907422 -0.682855 -1 -1 -0.422027 0.0319444 1 1 -0.836121 -0.871996 0.227085 0.301205 0.977941 -0.890779 -0.364764 -0.850463 
-1 1 -0.871439 0.942205 -0.184473 -0.429775 -0.29949 0.0618182 -0.416136 -0.848752 -0.356342 -1 -0.904513 -1 -0.873579 -0.335691 0.557402 0.525676 -0.850368 -1 -0.0971031 -1 -0.138926 -0.220047 0.128098 -0.948438 -1 0.14413 -1 -0.0667431 -0.426543 -0.303496 -1 -0.36019 -0.528858 0.077301 1 -0.438414 -0.319281 -1 -1 -1 -0.922292 0.71987 -1 -1 -0.0446017 -0.87949 -0.655528 -1 -0.177246 0.781835 -0.862576 -0.994741 -1 -0.0384873 0.275285 0.798821 -1 -1 -1 -0.99946 -1 -1 0.0346126 -1 -1 -1 -0.962531 -1 -0.746198 -0.633219 -1 -1 -1 -1 -0.580837 0.384697 0.255124 -1 -0.350521 -0.20537 -0.0983569 -1 -1 -1 -0.345615 -0.232542 0.352895 0.426625 -0.528477 -1 -0.263369 -0.722644 -1 -1 -1 -1 -0.603705 -0.498967 0.862472 -0.871624 -0.132721 0.570825 0.0310941 0.270329 -0.584406 -0.572902 -1 -0.897602 -0.197967 -0.898975 1 -0.601936 -0.683993 -1 -1 0.416777 0.794825 -0.327682 -1 -1 -1 -0.717517 -1 -1 -1 -0.0154855 0.422917 0.468613 -0.836121 -0.42688 0.208453 0.54084 0.486144 -1 -0.283161 -1 
-0.57063 0.928976 -1 0.898097 -0.298437 0.521914 0.366851 0.0618182 0.0146022 -0.865111 0.249136 -1 -0.904513 -1 -0.75736 -0.708524 0.260621 0.622778 -0.433885 -1 -0.0971031 -1 0.0144355 -0.357836 0.490635 -0.0283214 -1 0.900234 -0.458526 0.638833 -0.62255 -0.790657 -0.885752 -0.0510718 -0.430283 0.077301 0.996476 -0.438414 0.0357919 -1 0.165291 0.151796 -1 0.710876 -0.0976093 -1 0.214882 -1 -0.469918 -1 -0.30816 0.781835 -0.14248 -1 -0.701941 -0.0384873 0.275285 0.704345 -0.720839 -1 -0.138769 -1 -1 -0.545472 -0.026861 0.261153 0.320839 -0.58058 -0.440751 -1 -1 -0.465229 -0.0187827 -1 -0.531836 -1 -0.580837 0.384697 0.347487 -0.100503 0.618418 0.284041 -0.151791 -0.599681 -1 -0.969651 -0.26363 0.883843 0.540383 0.656717 -0.137951 -1 -0.263369 -0.185273 -1 -1 -1 -0.809563 -0.308587 -0.498967 0.739576 -1 0.854496 0.631825 0.0310941 0.248608 -0.688404 0.209902 -0.225196 -1 -0.0108765 -0.455633 1 -0.6398 -0.305344 -0.98082 -1 0.0238342 0.833689 -0.526582 -1 -1 -0.907422 -0.892906 -0.962235 -0.71551 -1 -0.0154855 0.422917 1 -0.836121 -0.00376821 0.495806 0.301205 0.232648 -0.890779 -0.283161 -0.550207 
-1 0.860168 -0.972988 0.898097 -1 -0.414363 0.437686 -1 0.0146022 -0.630562 -0.675217 -1 -0.654365 -1 -0.794279 -1 0.557402 0.452332 -1 -1 -0.281393 -1 0.272278 -0.366162 0.0681367 -0.0283214 -1 0.179609 -0.799623 0.638833 -1 -0.400904 -0.90256 -0.407843 -1 0.077301 0.996476 -0.413756 -0.360239 -1 -0.644263 0.26342 -0.952808 0.710876 -0.532705 -1 0.214882 -1 -0.469918 -1 -0.256253 1 -0.796633 -0.966685 -1 -0.175704 -0.0121339 0.606921 -1 -1 -0.709259 -0.956506 -0.892388 -1 -0.321206 0.0683494 -1 -0.807697 -0.791231 -1 -0.712602 -0.465229 -1 -1 -0.379385 -1 -1 0.384697 -0.610613 -0.998827 -0.102438 -0.755668 0.302974 -1 -1 -1 -1 0.543597 0.425389 -0.154415 -1 -1 -0.0923458 -0.722644 -1 -1 -1 -0.680339 -0.181768 -0.478629 0.5308 -1 -0.132721 0.570825 0.0310941 0.132139 -0.886033 -0.757101 -0.659392 -1 -0.0108765 -0.389351 0.651867 -0.644097 -1 -0.98082 -1 0.416777 0.71304 -0.326084 -1 -0.901575 -1 -0.892906 -0.7834 -1 -0.916754 -0.0154855 -0.45789 0.108705 -0.836121 -0.229922 0.193201 0.301205 0.232648 -1 -0.900242 -1 
-0.264957 0.730534 -1 0.865113 -0.298437 -0.252582 -0.0505303 0.0931559 -0.718988 -1 0.249136 -1 -0.904513 -1 -0.974584 -0.708524 0.168758 -0.0358679 -0.490122 -1 0.0376043 -1 0.0144355 -0.357836 0.698572 -0.225795 -1 0.382201 -0.458526 0.638833 -1 -0.0507682 -0.485949 -1 -0.430283 0.077301 0.996476 -0.868159 -0.574207 -1 0.333474 0.151796 -1 0.996761 0.122397 -0.248353 0.214882 -1 -0.712401 -1 0.324612 -0.351929 -0.14248 -0.833203 -1 -1 0.409645 0.351872 -1 -0.974079 -0.269214 -1 -1 -0.545472 -0.026861 -0.145959 0.320839 -1 -0.666749 -0.998869 -1 -0.465229 0.64922 -0.649372 -0.531836 -1 -0.726506 -0.123147 -0.824087 0.804759 -0.0608498 0.174532 -1 -0.991192 -1 -0.969651 -0.522148 0.0379223 0.540383 0.885118 0.122295 -0.750747 -0.877844 -1 -1 -1 -1 -1 0.173892 -0.498967 0.298179 -1 -0.00322014 0.0595156 -0.301856 0.248608 -1 -0.408942 -0.018246 -0.409944 -0.125941 0.677948 0.89753 -0.720689 -0.283259 -0.258339 -1 -0.126152 0.728789 -1 -1 -1 -0.758008 -0.892906 -0.962235 -1 -1 0.0955097 0.974266 -0.346485 -0.836121 -0.868597 0.580327 -0.141699 0.977941 -0.890779 -0.245127 -1 
-1 1 -1 0.898097 -0.184473 -0.429775 0.0634664 0.0618182 0.0146022 -1 -1 -1 -1 -1 -0.873579 -0.990197 0.557402 0.525676 -0.927249 -1 -0.138802 -1 0.0144355 0.0402603 0.128098 -0.155132 -0.677691 0.204911 -0.530994 1 -0.62255 -0.472447 -0.885752 -0.209311 -0.883399 0.077301 1 -0.287193 -0.284576 -1 -1 -1 -1 -0.304704 -0.755428 -0.754014 -0.126646 -0.700704 -0.469918 -1 -0.30816 0.781835 -0.416477 -1 -1 -0.0384873 0.275285 0.807619 -0.995381 -1 -0.6464 -1 -1 -1 -0.062408 -1 -1 -0.252217 -1 -1 -0.396079 -0.49705 -1 -1 -0.00869303 -0.954216 -0.580837 0.384697 -0.76109 -0.643324 -0.784385 -0.20537 -0.377332 -1 -1 -0.969651 -0.0164438 0.77584 -0.319949 0.749755 -0.651152 -1 -1 -0.594444 -1 -0.91539 -1 -1 -0.255852 -0.817616 0.862472 -0.952863 -0.831111 0.294995 -0.0090137 0.56849 -0.688404 -1 -0.672222 -0.897602 0.355394 -0.536068 1 -0.643699 -0.305344 -0.98082 -1 0.416777 -0.149434 -0.326084 -1 -1 -1 -0.532227 -0.85365 -1 -1 -0.0154855 0.422917 0.529627 -0.836121 -0.380208 0.208453 0.501707 0.232648 -1 0.071553 -1 
-0.264957 -0.26459 -1 0.865113 0.0910734 -0.952559 0.166279 0.0931559 -1 -1 0.466348 -1 -0.904513 -1 -0.974584 -0.708524 0.260621 -0.0358679 -0.490122 -1 0.147871 -1 0.00211405 -0.357836 0.698572 -0.211404 -0.922098 -0.658474 -1 0.638833 -1 -0.0507682 -0.442303 -1 -0.426755 0.077301 0.607766 -0.868159 -0.574207 -1 -0.085207 0.151796 -1 0.996761 0.122397 -0.248353 0.253336 -1 -0.77929 -0.637318 0.324612 -0.964152 -0.14248 -1 -1 -1 0.409645 -0.742831 -0.642938 -1 -0.138769 -1 -1 -0.818091 -0.723443 0.111028 -0.66255 -1 -0.666749 -0.954796 -0.656738 -0.578471 0.704206 -0.649372 -1 -1 -0.726506 -0.123147 -0.654411 0.804759 -0.830048 0.126126 -1 -0.805359 -1 -0.969651 -0.470536 0.269687 0.540383 0.375641 0.122295 -0.750747 -0.877844 -1 -1 -1 -1 -1 0.173892 -1 0.298179 -1 -0.0809815 -0.814376 -0.301856 0.183462 -1 -0.340232 -0.018246 -0.409944 -0.372774 0.677948 0.89753 -0.6398 -0.0733804 -0.225174 -1 -0.0443817 0.728789 -1 -1 -1 -0.758008 -1 -1 -1 -0.728209 0.0955097 0.974266 -0.346485 -0.836121 -0.711209 0.580327 -1 0.977941 -0.890779 -0.245127 -1 
-1 1 -1 0.898097 -1 -0.597776 0.576447 -1 0.0146022 -0.78917 -0.675217 -1 -0.730203 -1 -0.794279 -1 0.557402 0.525676 -1 -1 -0.281393 -1 0.272278 -0.440011 0.0681367 -0.0283214 -1 0.179609 -0.961398 0.638833 -1 -0.400904 -0.90256 -0.27086 -1 0.077301 0.728659 -0.438414 -0.118444 -1 -0.644263 -0.764269 -1 0.710876 -0.532705 -1 0.237624 -1 -0.469918 -1 -0.304016 1 -0.796633 -1 -0.819255 -0.0384873 -0.0481799 0.46793 -1 -1 -0.74073 -1 -1 -1 -0.321206 0.0683494 -1 -0.807697 -0.791231 -1 -1 -0.465229 -1 -1 -0.379385 -1 -1 0.39553 -0.618206 -1 -0.219736 -1 0.302974 -1 -1 -1 -1 0.263334 0.425389 -0.154415 -1 -1 -0.0923458 -0.722644 -1 -1 -1 -0.932765 -0.177661 -0.478629 0.5308 -1 -0.132721 -0.216009 0.0310941 0.132139 -0.886033 -0.49969 -0.672222 -1 -0.0108765 -0.455633 0.651867 -0.6398 -1 -0.98082 -1 0.29971 0.71304 -0.326084 -1 -1 -1 -1 -0.560542 -1 -0.916754 -0.0154855 -0.45789 0.15511 -0.836121 -0.179414 -0.0213439 0.301205 0.0594383 -1 -0.900242 -1 
-0.264957 0.730534 -1 0.865113 -0.298437 -0.252582 -0.0505303 0.0931559 -0.734471 -1 0.249136 -1 -0.904513 -1 -0.974584 -0.708524 0.260621 -0.0358679 -0.490122 -1 0.147871 -1 0.0144355 -0.357836 0.698572 -0.225795 -1 0.382201 -0.458526 0.638833 -1 -0.0507682 -0.485949 -1 -0.430283 0.077301 0.996476 -0.868159 -0.574207 -1 0.333474 0.151796 -1 0.996761 0.122397 -0.248353 0.214882 -1 -0.712401 -1 0.324612 -0.351929 -0.14248 -0.833203 -1 -1 0.409645 0.351872 -1 -0.974079 -0.138769 -1 -1 -0.545472 -0.026861 -0.145959 0.320839 -1 -0.666749 -0.954796 -1 -0.465229 0.758715 -0.649372 -0.531836 -1 -0.726506 -0.123147 -0.824087 0.804759 -0.0608498 0.174532 -1 -0.805359 -1 -0.969651 -0.522148 0.0379223 0.540383 0.885118 0.122295 -0.750747 -0.744563 -1 -1 -1 -1 -1 0.173892 -0.498967 0.298179 -1 -0.00322014 0.0595156 -0.301856 0.248608 -1 -0.235138 -0.018246 -0.409944 -0.125941 0.677948 0.89753 -0.6398 -0.132161 -0.225174 -1 -0.126152 0.728789 -1 -1 -1 -0.758008 -0.892906 -0.962235 -1 -1 0.0955097 0.974266 -0.362357 -0.836121 -0.711209 0.630463 -0.100943 0.977941 -0.890779 -0.245127 -1 
