-0.54764 -0.038816 -1 0.288262 0.255505 0.0707492 -1 -0.0212903 -1 -0.636929 -0.0113536 0.392672 -0.774349 -0.442242 -1 -0.912497 -0.209655 -1 -0.99669 -0.816813 -0.302045 -0.271176 0.19843 -1 -1 -1 -0.129396 0.015282 -0.782488 -0.907991 -0.0642912 -0.819607 -1 -1 -1 -1 -0.996167 -1 -0.752704 -0.384153 0.567538 -0.0118824 -1 -1 0.118043 -0.567282 -0.119944 -0.542675 0.148276 -1 -0.633229 -0.750744 -0.049474 -1 0.475821 -1 -1 -0.861692 -0.99593 -1 -0.476755 0.476208 -0.598592 -0.672189 0.0348157 0.124324 -0.786439 -1 0.520218 -0.49204 -0.805674 -0.459519 -0.123265 -1 -0.305274 -0.720262 -0.419944 -0.991836 -0.777942 -0.991749 -0.686211 -1 0.16836 -0.339162 -0.365127 -0.836268 -0.88027 0.347187 -1 -0.18972 0.00966977 -0.0320613 -1 -0.894242 0.574888 -0.996216 0.360167 -0.170094 0.561618 -0.795334 -0.305764 -0.0810142 -0.431355 -0.787087 0.496303 -0.0791982 -0.567038 0.303274 -0.388978 -0.490894 -1 -0.271052 -0.572373 -1 -0.947299 -1 -0.241552 -0.584673 0.461787 -1 -0.253598 -0.0331625 -0.708597 0.133282 0.308282 -0.354738 -0.534075 0.0330214 -0.291652 0.134649 -9.39202e-05 0.31103 -0.816618 -0.113098 -0.918922 -0.699988 0.361317 -0.935236 
0.255153 -0.77146 -0.329239 0.665325 0.642203 -1 -0.804943 -0.543011 -1 -0.611414 0.507024 0.333088 0.110043 -0.532941 -0.286383 -0.720535 0.512672 -0.521362 0.337939 -0.0569935 0.52243 -1 -0.0924957 0.799166 -1 0.885235 -0.782573 -0.91065 0.648799 -0.898459 -0.998979 0.519722 -0.419239 -1 -0.951737 0.476059 -1 0.44919 -0.084359 -0.0745748 0.57483 -0.221129 -0.29744 -0.837438 0.852996 -0.753082 -0.786503 0.169817 -0.0201412 -0.205323 0.213539 -0.987656 -0.199197 0.43503 -0.762282 -0.744931 0.103874 -1 -1 0.506066 -0.150379 0.650578 -0.910111 -0.457274 -0.881849 -0.0834749 -0.569361 0.246532 0.312387 -0.167849 0.56385 -0.907409 0.209939 0.0985948 -0.421644 -0.930389 -0.286349 -0.670052 -1 0.516712 -1 -0.433735 -0.958901 -0.583414 -0.363019 -0.90749 0.893038 -0.900764 -0.478228 0.314348 -0.634802 -0.531213 -0.643228 -0.75808 0.509062 -1 -0.625251 0.276129 0.474772 -0.479017 -0.259193 0.216746 0.511852 -0.306887 -1 0.379701 -0.681203 -0.213032 -0.827717 -0.83032 -0.867517 -0.169068 -0.451584 0.605594 0.00716433 -0.638603 0.705165 0.803979 -0.746295 -0.609903 -0.411323 -1 -0.945855 -0.33508 -0.377581 0.496762 -0.875931 0.498837 -0.906405 -1 -0.527393 0.229665 -1 -1 -1 0.78943 0.161024 0.261619 
0.563006 -0.719333 -0.381663 0.643589 0.623063 -0.866619 -0.689771 -0.243679 -0.912308 -0.458372 0.832936 0.66446 0.143443 -0.612489 0.385025 -0.477302 0.515147 -0.516644 0.53615 0.148352 0.71394 -0.933912 0.0062402 0.589522 -0.977071 0.669337 -0.624127 -0.656367 0.761951 -0.845533 -1 0.434349 -0.531422 -0.993803 -1 0.732775 -1 0.366888 -0.265501 -0.020675 0.699851 -0.0771901 -0.0362938 -0.612366 0.672458 -0.21988 -0.86174 0.0294319 0.379627 -0.0987581 0.199049 -1 0.0900193 0.55232 -0.72452 -0.440337 -0.091689 -1 -0.794414 0.524027 -0.240324 0.655297 -0.979456 -0.41372 -0.889178 0.114699 -0.44071 0.199452 0.268029 0.0713177 0.897816 -0.669343 0.235068 0.0288168 -0.548774 -0.736329 0.0520252 -0.349325 -1 0.790858 -0.992186 -0.162062 -0.69572 -0.253472 -0.538534 -1 0.851944 -0.914841 -0.339773 0.582269 -0.582938 -0.47819 -0.644894 -0.565949 0.778897 -0.992854 -0.216474 0.507849 0.820984 -0.262297 -0.00636555 0.429431 0.918928 -0.419394 -0.49988 0.388458 -0.551839 -0.296179 -0.673263 -0.983986 -0.734683 -0.380956 -0.500206 0.465778 0.633503 -0.644797 0.711504 0.180598 -0.504833 -0.278728 -0.259713 -1 -0.754361 -0.289185 -0.202809 0.442002 -0.951715 0.392679 -0.940559 -0.428532 -0.510369 0.316149 -0.664064 -1 -0.888941 0.605014 -0.0193404 0.360907 
0.494159 -0.598732 -0.21411 0.810875 0.629377 -0.751009 -0.757168 -0.14196 -0.765577 -0.372619 0.602821 0.45796 0.135784 -0.64961 0.149451 -0.511602 0.519879 -0.440879 0.700638 0.0696487 0.567566 -0.88414 -0.170988 0.759963 -0.81502 0.899417 -0.768256 -0.600985 0.670984 -0.835142 -1 0.508693 -0.352254 -0.980762 -0.980887 0.815925 -1 0.514533 -0.0649821 -0.0860751 0.808383 0.00767148 -0.00484466 -0.813598 0.902881 -0.489187 -0.831209 0.292489 0.0409105 -0.184348 0.355865 -0.85837 -0.117701 0.461818 -0.708148 -0.60951 0.107338 -1 -0.821278 0.484328 -0.122548 0.779952 -1 -0.166557 -0.92166 0.269289 -0.463861 0.193927 0.356845 0.101555 0.67939 -1 0.268326 0.132758 -0.404684 -0.847688 -0.0576542 -0.500009 -0.985908 0.627587 -1 -0.452355 -0.735708 -0.61612 -0.320119 -0.990406 0.910087 -0.749035 -0.379117 0.376436 -0.538495 -0.434223 -0.647543 -0.515968 0.648003 -1 -0.257219 0.294993 0.610623 -0.454665 -0.29433 0.275095 0.711891 -0.160297 -0.793804 0.378861 -0.529208 -0.157513 -0.880084 -0.874478 -0.852423 -0.218326 -0.479459 0.857792 0.260391 -0.506253 0.791957 0.725727 -0.394462 -0.36251 -0.367708 -1 -0.925019 -0.333723 -0.112645 0.636906 -0.913464 0.526352 -0.934109 -0.53513 -0.587709 0.26999 -0.859862 -1 -0.767247 0.786495 0.196069 0.7382 
-0.553739 -0.038816 -0.91881 0.218688 0.132108 0.00463142 -0.983893 -0.015225 -0.931684 -0.632786 -0.0113536 0.345646 -0.759989 -0.262734 -0.99407 -0.920479 -0.196387 -1 -1 -0.757161 -0.31795 -0.31697 -0.0692117 -1 -1 -0.82578 -0.173549 -0.00892473 -0.782488 -0.730734 -0.00408763 -0.873233 -1 -0.93115 -1 -1 -0.979742 -1 -0.893583 -0.384153 0.535949 0.130592 -0.944379 -0.935366 0.0697798 -0.563973 -0.255528 -0.494006 0.0804613 -1 -0.721438 -0.679307 -0.0506292 -1 0.430895 -0.935386 -0.996709 -0.864527 -0.870999 -0.993381 -0.670809 0.491921 -0.58434 -0.568202 0.0348157 0.0711896 -0.840991 -1 0.575947 -0.628521 -0.822422 -0.508712 0.0142312 -1 -0.323171 -0.739034 -0.283288 -0.9904 -0.838616 -1 -0.955707 -1 0.167421 -0.569766 -0.377251 -0.88508 -1 0.288021 -1 -0.142421 -0.0890935 -0.174975 -1 -1 0.528228 -0.969636 0.330235 -0.118861 0.657372 -0.717714 -0.328085 -0.0306356 -0.419469 -0.750154 0.496303 -0.111232 -0.512841 0.28379 -0.443731 -0.549896 -1 -0.271052 -0.580334 -0.997416 -0.82264 -1 -0.194828 -0.622745 0.461787 -1 -0.314237 -0.115258 -0.497794 0.190472 0.343318 -0.442584 -0.713925 0.124192 -0.291652 0.0771114 -0.00723916 0.328449 -0.783168 0.132579 -1 -0.829709 0.385969 -0.959721 
0.436792 -0.663795 -0.430875 0.54996 0.159683 -0.958456 -0.907327 -0.432234 -0.872228 -0.672088 0.784947 0.906892 0.236555 -0.679307 0.31568 -1 0.519237 -0.332046 -0.0450544 -0.205807 0.742182 -0.778553 0.114085 0.445051 -1 0.868564 -0.434196 -1 0.731053 -0.870084 -0.973623 0.312737 -0.781293 -1 -0.960118 0.645911 -1 0.131837 -0.495827 0.109876 0.330106 -0.304568 -0.0568024 -0.614524 0.72327 -0.493649 -0.744143 -0.246609 0.130573 -0.398507 0.363007 -0.967936 0.035869 0.00608301 -0.878259 -0.583542 -0.189739 -1 -1 0.457873 -0.166812 0.517192 -1 -0.440152 -1 -0.375154 -0.575061 -0.102596 -0.186009 -0.218866 0.427674 -0.728834 -0.419545 0.115917 -0.517351 -0.660194 0.116726 -0.645758 -0.961939 0.805806 -1 -0.012993 -0.913434 -0.413768 -0.414342 -1 0.590914 -0.871098 -1 0.677689 -0.829702 -0.675015 -0.761268 -0.7684 0.482687 -1 -0.480529 0.476456 0.527512 -0.307491 -0.22174 0.00729994 0.664296 -0.075169 -0.644353 0.215009 -0.586103 -0.225764 -0.470751 -1 -1 -0.671654 -0.448112 0.837022 0.577982 -0.779177 0.165597 0.162351 -0.892882 -0.11741 -0.226935 -0.919592 -0.774384 -0.599714 0.0773071 0.529598 -1 0.447247 -1 -0.90968 -0.793861 0.143225 -0.839682 -1 -0.897986 0.0501239 -0.166354 0.34187 
-0.830276 -0.258471 -0.401931 -0.277835 0.494449 0.89484 0.484669 -0.528878 -0.935508 0.750709 0.175136 -0.841076 -0.937073 0.971345 0.826185 0.156039 -0.339164 -0.717456 -0.216865 -0.90517 -0.825006 -0.472263 -0.170707 0.454675 -0.672765 0.785459 0.742067 0.90916 -0.667677 0.907765 0.516184 0.0579795 -0.467494 0.360048 -0.902694 -0.885283 0.585977 -0.603666 0.283854 0.0496825 -0.842695 -0.448155 0.395469 -0.326106 -0.827098 0.33172 -0.759207 0.637631 -0.292496 -0.159095 -0.460575 -0.726024 0.304012 -0.687363 0.336155 0.990183 0.385191 0.0652059 0.960096 0.110098 0.00759733 0.540146 -0.0634432 0.410512 0.484507 -0.901908 0.972618 -0.940322 0.845858 0.315485 0.146255 0.756181 -0.79411 -0.858124 0.170433 -0.673735 -0.530623 0.944826 -0.263629 -0.516448 -0.176344 -0.727584 -0.993805 -0.381269 -0.128739 -0.856019 -0.743016 0.796974 -0.611073 -0.674937 0.41735 0.975967 -0.57104 0.559198 0.747573 -0.891813 -0.372237 -0.708548 -0.238151 0.710721 -0.610471 -0.542714 0.788334 -0.983699 0.500225 -0.509157 -0.837756 -0.280659 -0.200805 0.0742306 -0.89082 -0.721889 0.170201 0.413741 -0.975844 -0.197577 -0.0565488 -0.32266 -0.299686 -0.299532 -0.624348 -0.9934 -0.0213487 -0.589017 0.400838 -0.213078 0.601056 -0.993744 0.16356 0.0748501 -0.169538 0.625118 -0.814555 0.631832 -0.634287 -0.584294 -0.367397 -0.640132 
0.424032 -0.633792 -0.444009 0.519252 0.194147 -0.934313 -0.907327 -0.451163 -0.934899 -0.700016 0.765464 0.924218 0.188749 -0.690188 0.321794 -0.954578 0.519237 -0.332046 -0.0212048 -0.223052 0.765154 -0.743829 0.0812403 0.461199 -1 0.810613 -0.514298 -1 0.746615 -0.848425 -0.995492 0.31754 -0.771163 -1 -0.9469 0.582246 -1 0.158668 -0.493901 0.148627 0.310645 -0.355509 -0.0401204 -0.614524 0.694748 -0.482832 -0.735446 -0.2951 0.139083 -0.398507 0.357378 -0.967936 0.0880413 0.00608301 -0.852588 -0.592625 -0.163317 -0.986252 -1 0.457873 -0.251984 0.558871 -1 -0.486661 -1 -0.279897 -0.596557 -0.0804851 -0.215945 -0.304449 0.34524 -0.715287 -0.430071 0.0968647 -0.506011 -0.703223 0.100848 -0.609663 -0.924697 0.811052 -1 0.0226385 -0.91801 -0.445632 -0.479816 -0.98644 0.575084 -0.862239 -1 0.666111 -0.846799 -0.644285 -0.770372 -0.721254 0.487704 -1 -0.469797 0.425014 0.511417 -0.292416 -0.222316 -0.111453 0.62957 -0.118858 -0.663201 0.215009 -0.567308 -0.225144 -0.486296 -0.996972 -1 -0.688334 -0.508344 0.817151 0.570227 -0.779177 0.213251 0.217723 -0.827094 -0.097357 -0.168351 -0.894961 -0.788381 -0.549763 0.0629132 0.529598 -1 0.452767 -0.997966 -0.90968 -0.825948 0.203496 -0.846162 -1 -0.905003 0.0550131 -0.164712 0.318382 
0.440695 -0.633792 -0.444009 0.519252 0.194147 -0.934313 -0.916652 -0.462744 -0.980467 -0.700016 0.765464 0.924218 0.188749 -0.690188 0.362982 -0.968086 0.514742 -0.332046 -0.0212048 -0.223052 0.765154 -0.743829 0.0665716 0.445051 -1 0.861609 -0.514298 -1 0.774965 -0.848425 -0.961964 0.272879 -0.771163 -1 -0.9469 0.618632 -1 0.134729 -0.493901 0.148627 0.298112 -0.386169 -0.0401204 -0.614524 0.72327 -0.482832 -0.755679 -0.306741 0.139083 -0.398507 0.357378 -0.967936 0.0880413 0.00608301 -0.870555 -0.647379 -0.137844 -1 -1 0.457873 -0.205784 0.558871 -1 -0.43943 -1 -0.297236 -0.596557 -0.0804851 -0.186009 -0.304449 0.34524 -0.715287 -0.38597 0.0474229 -0.552273 -0.703223 0.127164 -0.609663 -0.924697 0.811052 -1 0.0267822 -0.969433 -0.488072 -0.506378 -0.98644 0.575084 -0.878434 -1 0.675295 -0.846799 -0.646749 -0.770372 -0.721254 0.487704 -1 -0.46916 0.476456 0.511417 -0.328389 -0.222316 -0.066253 0.664296 -0.147426 -0.663201 0.172433 -0.567308 -0.249287 -0.503447 -1 -1 -0.688334 -0.508344 0.817151 0.570227 -0.779177 0.213251 0.217723 -0.827094 -0.097357 -0.19924 -0.908515 -0.788381 -0.549763 0.0629132 0.529598 -1 0.452767 -0.997966 -0.90968 -0.825948 0.203496 -0.846162 -1 -0.8954 0.00974575 -0.171297 0.314802 
0.418583 -0.690008 -0.35953 0.53064 -0.0124624 -0.985982 -1 -0.570367 -0.872228 -0.659689 0.638905 0.693375 0.195825 -0.858145 0.342841 -0.984499 0.212036 -0.332046 -0.0450544 -0.174118 0.727318 -0.949541 0.114085 0.429304 -1 0.862236 -0.654032 -1 0.773093 -0.848425 -0.989695 0.325288 -0.740054 -1 -0.9469 0.60514 -0.904062 -0.0998981 -0.537532 0.0107805 0.330106 -0.50542 -0.130902 -0.603887 0.720647 -0.708296 -0.910895 -0.286985 -0.112209 -0.653068 0.209566 -1 0.0880413 0.00608301 -0.951636 -0.550109 -0.122095 -1 -1 0.457873 -0.347682 0.401002 -1 -0.501709 -1 -0.495673 -0.608155 -0.284609 -0.206456 -0.252187 0.427674 -0.690239 -0.486677 0.0897912 -0.697664 -0.831192 0.117267 -0.586071 -0.925322 0.804814 -1 -0.00779592 -0.91801 -0.383642 -0.615095 -0.980816 0.503002 -0.959118 -0.991999 0.494655 -0.864474 -0.666731 -1 -0.892486 0.487704 -1 -0.492584 0.476456 0.467981 -0.262728 -0.224775 -0.0431641 0.628933 -0.277108 -0.575393 -0.121904 -0.700839 -0.542129 -0.59362 -0.981921 -1 -0.73348 -0.42323 0.5398 0.570227 -0.779177 0.158816 0.0790629 -0.827174 -0.140721 -0.359343 -0.992926 -1 -0.564042 0.160779 0.529598 -0.992406 0.358916 -1 -0.941445 -0.814437 0.170393 -0.856874 -1 -0.819285 -0.114269 -0.211853 0.370583 
-0.327048 -0.975599 -0.975943 0.246997 0.331485 -0.98849 -0.78934 -0.515636 -1 -1 0.346416 0.409777 -0.401142 -1 0.336831 -1 -0.0312778 -0.80507 0.202148 -0.491018 0.658767 -1 -0.521205 0.583832 -1 0.85622 -0.982979 -0.724679 0.621411 -1 -1 0.288272 -0.963383 -0.742615 -1 -0.0745117 -0.988781 -0.226033 -0.431967 -0.827977 0.506492 -0.226553 -0.175788 -0.677511 0.683504 -0.000172652 -0.822624 0.143165 -0.109918 -0.206198 0.286656 -0.969666 -0.748877 0.311796 -0.937184 -0.776783 -0.20992 -1 -1 0.637181 -0.856885 0.415783 -1 -0.525666 -0.91316 -0.331864 -0.794548 -0.275487 0.143553 0.0548421 0.21093 -1 0.0807626 0.155409 -0.708157 -1 -0.131762 -0.684299 -1 0.441967 -1 -0.422016 -1 -0.304487 -0.418497 -1 0.509254 -1 -0.880623 0.0272085 -1 -1 -0.81636 -0.806684 0.849853 -0.930701 -0.407176 -0.30405 0.520927 -0.417879 -0.16307 0.195966 0.409174 -0.484881 -0.717965 -0.0702492 -0.914088 -0.702113 -0.602883 -1 -1 -0.788225 -1 0.80775 0.36688 -1 0.0445814 0.00388266 -0.856787 -0.391423 -0.689006 -1 -1 -0.436015 -0.140166 0.191081 -1 0.100175 -1 -0.273882 -0.857094 -0.0602356 -1 -1 -0.955609 0.534414 -0.188626 -0.379333 
-0.490507 -0.038816 -1 0.288262 0.255505 -0.130335 -1 -0.11219 -0.926815 -0.725544 -0.0113536 0.0404043 -1 -0.442242 -1 -1 -0.316623 -1 -1 -0.773549 -0.604909 -0.24804 -0.0511164 -1 -1 -1 -0.313699 0.0707972 -0.940686 -0.982707 -0.264454 -1 -1 -0.967493 -1 -1 -1 -0.967073 -1 -0.323042 0.567538 -0.108885 -0.920296 -1 -0.00299525 -0.579628 -0.17695 -0.498634 -0.039552 -1 -0.870157 -0.834976 -0.049474 -1 0.135204 -0.97579 -1 -0.899818 -0.949329 -1 -0.724135 0.495636 -0.821169 -0.57103 0.0295689 0.124324 -1 -0.978643 0.520218 -0.620066 -0.968822 -0.723174 -0.33523 -1 -0.564783 -0.815987 -0.338398 -1 -1 -1 -0.690991 -1 -0.185581 -0.407563 -0.365167 -0.833176 -1 0.347187 -1 -0.232212 0.00966977 -0.021026 -1 -0.932906 0.405658 -1 0.180752 -0.157519 0.408409 -1 -0.579793 -0.31367 -0.749437 -0.729375 0.453741 -0.0791982 -0.553484 0.0880136 -0.388978 -0.4487 -0.987322 -0.207855 -0.583564 -1 -0.93259 -1 -0.539804 -0.578689 0.487763 -1 -0.253598 -0.168606 -0.767001 -0.289744 0.150713 -0.325898 -0.637771 0.0330214 -0.544337 -0.0574055 0.0411785 0.169195 -0.80732 -0.325465 -0.918922 -0.699988 0.361317 -1 
-0.54764 -0.038816 -1 0.288262 0.249144 0.0707492 -1 -0.0212903 -1 -0.636929 -0.0113536 0.392672 -0.774349 -0.442242 -1 -0.912497 -0.209655 -1 -1 -0.816813 -0.31795 -0.24804 0.19843 -1 -1 -1 -0.083934 -0.0179147 -0.782488 -0.908598 -0.0642912 -0.836546 -1 -1 -1 -1 -0.996167 -1 -0.774022 -0.384153 0.567538 -0.0134461 -1 -1 0.105228 -0.579628 -0.161404 -0.498634 0.148276 -1 -0.633229 -0.750744 -0.0670347 -1 0.475821 -1 -1 -0.861692 -1 -1 -0.48922 0.476208 -0.550837 -0.617481 0.0348157 0.124324 -0.786439 -1 0.494722 -0.502356 -0.805674 -0.459519 -0.123265 -0.993242 -0.318301 -0.706293 -0.399523 -1 -0.777942 -0.973542 -0.686211 -1 0.154953 -0.350272 -0.373926 -0.848811 -0.88027 0.347187 -1 -0.18972 -0.00878094 -0.0320613 -1 -0.894242 0.574888 -0.996216 0.361074 -0.118861 0.543008 -0.753981 -0.305764 -0.130622 -0.431355 -0.776042 0.496303 -0.0791982 -0.512841 0.303274 -0.388978 -0.497101 -1 -0.278381 -0.583564 -1 -0.957578 -1 -0.241552 -0.578689 0.461787 -1 -0.253598 -0.0867186 -0.75397 0.0983381 0.308282 -0.354738 -0.534075 0.0330214 -0.291652 0.134649 -0.00723916 0.31103 -0.80732 -0.114662 -0.918922 -0.699988 0.361317 -0.946106 
0.457231 -0.926458 -0.527813 0.741554 0.323895 -0.724937 -0.687333 -0.407347 -0.874439 -0.494392 0.869683 0.458721 0.169168 -0.573336 0.435478 -0.605966 0.45294 -0.55394 0.378909 0.143521 0.663643 -0.830051 0.150446 0.639538 -0.855614 0.49373 -0.322543 -0.631003 0.760227 -0.86965 -0.998546 0.422784 -0.584086 -1 -1 0.671186 -1 0.181646 -0.0816843 -0.00348191 0.834999 -0.426313 -0.00705796 -0.540027 0.786851 -0.230831 -0.899966 -0.0458264 -0.00162215 -0.143037 0.184205 -0.979297 -0.0754593 0.613271 -0.757723 -0.389778 -0.0776382 -0.98831 -0.772437 0.254397 -0.312074 0.464784 -1 -0.520141 -0.926163 0.0728344 -0.609271 -0.222565 0.175788 0.181889 0.522599 -0.851878 0.333114 -0.250454 -0.433508 -0.933545 0.0630347 -0.456713 -0.99182 0.815261 -0.985386 -0.424475 -0.754615 -0.196615 -0.396607 -0.998061 0.408827 -0.831695 -0.370642 0.643174 -0.796521 -0.491197 -0.746983 -0.632319 0.475346 -0.93911 -0.292516 0.506992 0.946321 -0.252452 -0.258938 0.325064 0.862728 -0.670621 -0.417149 0.39495 -0.527509 -0.452068 -0.741405 -1 -0.874912 -0.586766 -0.812411 0.55891 0.736901 -0.845433 0.798263 -0.11168 -0.470598 -0.195108 -0.235318 -1 -0.779977 -0.272598 -0.108245 0.390908 -0.979401 0.426409 -0.992184 -0.750543 -0.551021 0.126848 -0.693218 -1 -0.907377 0.431809 0.244258 0.333562 
0.438734 -0.763281 -0.548823 0.739428 -0.111549 -0.81605 -0.948287 -0.344359 -1 -0.458033 0.929157 0.866937 0.189843 -0.50442 0.533269 -0.968731 0.320889 -0.473186 0.0967893 -0.172347 0.644632 -0.901736 0.0237213 0.80059 -0.967897 0.65982 -0.738946 -0.605886 0.360193 -0.854783 -0.781564 0.488733 -0.663524 -1 -1 0.338798 -1 0.41851 -0.289259 -0.129741 0.71606 -0.409826 0.0837421 -0.638687 0.736538 -0.532999 -0.872628 -0.0288213 0.125103 -0.594795 0.219108 -1 0.144572 -0.00744968 -0.851222 -0.468024 0.0370057 -0.828995 -0.874915 0.688502 -0.134066 0.506406 -1 -0.336865 -0.752439 0.00210464 -0.510092 0.163597 -0.00975933 -0.252081 0.688126 -0.821953 -0.0799463 0.105514 -0.638538 -0.801132 -0.00403225 -0.74492 -1 0.795482 -1 -0.0431425 -0.648834 -0.469734 -0.374309 -1 0.687509 -1 -1 0.551023 -1 -0.543886 -0.986846 -0.728026 0.697238 -0.782489 -0.478943 0.0977948 0.485958 -0.246052 -0.414169 0.124978 0.630406 -0.153517 -1 0.453133 -0.618165 -0.372906 -0.644022 -1 -0.970315 -0.401841 -0.620465 0.767009 0.434849 -0.802655 0.563944 -0.0262836 -0.88418 0.121313 -0.0523276 -1 -0.835014 -0.230432 -0.0100658 0.402624 -1 0.506223 -1 -0.418463 -0.969142 -0.204204 -1 -1 -0.95846 0.151259 0.109103 0.469863 
0.422697 -0.675204 -0.449539 0.54996 0.164762 -0.934313 -0.927083 -0.432234 -0.872228 -0.725802 0.76568 0.924218 0.251558 -0.690188 0.362982 -0.979099 0.510674 -0.391409 -0.0450544 -0.174118 0.761093 -0.768091 0.0613183 0.435167 -0.992786 0.868564 -0.466532 -1 0.774965 -0.839367 -0.980027 0.316043 -0.754927 -1 -0.945256 0.652807 -1 0.194747 -0.495827 0.154875 0.330106 -0.322703 -0.0568024 -0.614524 0.72327 -0.493478 -0.703402 -0.210474 0.174309 -0.398507 0.401229 -0.968114 0.0880413 0.00608301 -0.870555 -0.595034 -0.137844 -1 -0.997107 0.433234 -0.166812 0.533458 -1 -0.457908 -1 -0.285446 -0.586114 -0.0799044 -0.241331 -0.218866 0.431432 -0.727862 -0.38597 0.090076 -0.557582 -0.660194 0.0108881 -0.599076 -0.924697 0.811052 -1 0.0267822 -0.90619 -0.426168 -0.438283 -1 0.575084 -0.871098 -1 0.694289 -0.829702 -0.656441 -0.828179 -0.721254 0.489667 -1 -0.450307 0.466527 0.527512 -0.262728 -0.22174 0.00729994 0.664296 -0.075169 -0.659887 0.215601 -0.599238 -0.27492 -0.530248 -1 -1 -0.726569 -0.504943 0.833435 0.570227 -0.779177 0.20153 0.217723 -0.846493 -0.11741 -0.181618 -0.941939 -0.779468 -0.57761 0.0629132 0.529598 -0.99705 0.419445 -1 -0.959575 -0.817244 0.179821 -0.896318 -1 -0.897986 0.0406695 -0.14193 0.370583 
0.287422 -0.705372 -0.32972 0.814299 0.648756 -0.81707 -0.804943 -0.231192 -0.938054 -0.430202 0.589779 0.340087 0.110043 -0.619101 -0.088466 -0.509959 0.512672 -0.493383 0.608495 -0.0569935 0.52243 -0.93167 -0.151134 0.799166 -0.799095 0.845315 -0.782573 -0.750298 0.609699 -0.86789 -1 0.540497 -0.419239 -1 -1 0.771427 -1 0.44919 -0.0529911 -0.0745748 0.56938 0.0030409 -0.297134 -0.837438 0.83486 -0.740564 -0.786503 0.169817 -0.0188937 -0.205323 0.197342 -1 -0.20109 0.473108 -0.809552 -0.660116 0.102915 -0.945581 -0.991092 0.44448 -0.150379 0.656991 -1 -0.174257 -0.926745 0.174124 -0.453015 0.246532 0.312387 0.129741 0.645903 -0.994421 0.213048 0.0743211 -0.391746 -0.88009 -0.0564408 -0.617929 -1 0.516712 -1 -0.433735 -0.821449 -0.613876 -0.393701 -1 0.871802 -0.762458 -0.478228 0.376436 -0.634802 -0.486203 -0.699077 -0.501999 0.509062 -0.963539 -0.366381 0.264774 0.474772 -0.456775 -0.259193 0.187013 0.517552 -0.306887 -1 0.379701 -0.648669 -0.213032 -0.833742 -0.865494 -0.812839 -0.169068 -0.451584 0.605594 0.253699 -0.560233 0.719044 0.803979 -0.664401 -0.312984 -0.381245 -1 -1 -0.33508 -0.409284 0.479366 -0.903388 0.498837 -0.906405 -0.855296 -0.571219 0.228859 -1 -1 -0.906341 0.783863 0.079268 0.532318 
-0.578073 -0.0265474 -0.939693 0.288262 0.214404 0.00463142 -1 -0.0778927 -0.974897 -0.636929 -0.0600088 0.351235 -0.829115 -0.233816 -0.998612 -0.917329 -0.324514 -1 -1 -0.683792 -0.308189 -0.229481 -0.00331704 -1 -0.968063 -0.833315 -0.214035 0.00589547 -0.827719 -0.730734 -0.00408763 -0.902999 -0.96217 -0.947861 -0.991866 -1 -0.983774 -0.99434 -0.82373 -0.389135 0.527615 0.12579 -1 -0.887966 0.105389 -0.58636 -0.255528 -0.528737 0.123018 -1 -0.672863 -0.720069 -0.0642305 -1 0.475821 -0.933368 -1 -0.812136 -0.950235 -1 -0.521251 0.489359 -0.533718 -0.53179 -0.0573445 0.0744081 -0.786439 -1 0.575947 -0.618106 -0.807517 -0.461421 0.0142312 -1 -0.270067 -0.739472 -0.222704 -1 -0.836697 -0.988077 -0.901959 -1 0.126998 -0.444225 -0.376424 -0.937838 -1 0.261436 -0.973515 -0.139293 -0.0398437 -0.190135 -1 -1 0.499433 -1 0.353345 -0.127316 0.706204 -0.684617 -0.305764 0.0237793 -0.382855 -0.831608 0.496303 -0.0791982 -0.584425 0.266709 -0.443731 -0.586516 -1 -0.2583 -0.583564 -0.989809 -0.830701 -1 -0.194828 -0.562731 0.39719 -0.981174 -0.314772 -0.126661 -0.493343 0.119202 0.366873 -0.408827 -0.650845 0.134652 -0.291652 0.134649 -0.00723916 0.309472 -0.727785 0.132579 -0.982831 -0.758586 0.307004 -1 
0.421157 -0.848839 -0.398719 0.297978 0.190335 -0.934313 -1 -0.465199 -0.92106 -0.672088 0.741433 0.924218 0.236219 -0.973893 0.362982 -1 0.343947 -0.323709 -0.0265463 -0.174118 0.761093 -0.823316 0.00225584 0.44193 -1 0.868564 -0.445855 -1 0.75509 -0.994151 -0.961964 0.297561 -0.771163 -1 -1 0.617307 -1 -0.0358205 -0.495827 0.185842 0.330106 -0.376333 -0.0568024 -0.660041 0.683451 -0.469165 -0.703402 -0.210474 0.100182 -0.518034 0.255087 -0.967936 0.0598349 -0.0659051 -0.870555 -0.729312 -0.137844 -1 -1 0.230227 -0.166812 0.524506 -1 -0.457625 -1 -0.285446 -0.589651 -0.147701 -0.186009 -0.167443 0.37734 -0.721272 -0.38597 -0.112578 -0.60208 -0.684621 -0.135089 -0.814318 -0.928839 0.811052 -1 -0.254251 -1 -0.634456 -0.406735 -0.91652 0.575084 -0.876109 -1 0.677689 -0.834273 -0.844452 -0.781865 -0.984229 0.480307 -1 -0.450307 0.49295 0.425252 -0.290414 -0.22174 0.00729994 0.502046 -0.0363411 -0.669817 0.215009 -0.734697 -0.335778 -0.465726 -1 -1 -0.89721 -0.784932 0.797104 0.570227 -0.798425 0.213251 0.190522 -0.829492 -0.114457 -0.228878 -1 -0.779468 -0.617483 0.0309787 0.269863 -1 0.166186 -1 -0.870582 -0.873384 0.157671 -0.856874 -1 -0.990746 0.0175401 -0.233052 0.360351 
0.178995 -0.840462 -0.55942 0.236881 0.141067 -0.90991 -0.868851 -0.222768 -0.941189 -0.491791 0.871528 0.691181 0.0918468 -0.516044 0.236895 -1 0.368416 -0.602533 0.223426 -0.513507 0.44174 -0.931196 -0.131054 0.604168 -0.987236 0.569159 -0.453759 -1 0.709945 -1 -1 0.270859 -0.7479 -0.99522 -1 0.449878 -1 0.243074 -0.499726 0.05392 0.355295 -0.353877 -0.24129 -0.80995 0.696323 -0.598884 -0.805601 -0.254494 0.284852 -0.470596 0.507143 -0.980293 -0.35259 -0.0185193 -0.862667 -0.647673 -0.113421 -1 -1 0.182329 -0.340554 0.402501 -1 -0.547409 -1 -0.15819 -0.90305 -0.64888 -0.27755 -0.0712128 0.557177 -0.798505 -0.327309 0.12637 -0.453029 -0.590404 -0.29107 -0.842429 -0.994579 0.612639 -1 -0.102607 -1 -0.276783 -0.292336 -1 0.555276 -0.638194 -0.9721 0.408868 -0.832051 -0.863929 -1 -0.715815 0.643975 -0.952959 -0.699524 0.478487 0.418898 -0.495479 -0.347665 0.00901153 0.494454 -0.289935 -0.726484 0.0870716 -0.607067 -0.336403 -0.571291 -0.996092 -1 -0.443642 -0.694789 0.800636 0.176561 -1 0.248118 0.250095 -0.603664 -0.0626704 -0.550829 -1 -1 -0.458934 0.0170276 0.462374 -1 0.510103 -0.946666 -0.814887 -0.77105 -0.0170558 -1 -1 -0.955821 -0.043196 -0.290807 0.530089 
-0.0545813 0.046412 0.44783 0.79971 0.420831 -0.236905 -0.601389 -0.968673 0.504528 -0.416389 -0.727869 0.00638869 -0.439946 0.612563 -0.0875078 0.000436395 0.734519 -0.184746 0.331783 -0.0612888 -0.0254848 0.569577 -0.686839 -0.0625209 -0.252053 -1 0.759447 -0.743824 -0.605206 -0.685471 -0.600577 0.772617 0.0346285 -0.553257 0.689962 0.813332 -0.614125 -0.748719 -1 -0.25389 -0.289259 -0.331266 0.510667 -0.796075 0.408254 -1 -1 -0.639974 -0.067557 -0.645449 -0.0830189 -0.942292 0.371108 0.688207 -0.987585 -0.633964 -0.091877 -0.396326 -0.641349 0.368232 0.583842 -0.573702 -0.340826 -0.110303 -0.597407 0.325245 -0.174106 -0.649717 0.201988 -0.0249528 0.725705 -1 -0.883977 0.302471 0.412472 0.485989 -0.854306 -0.726466 0.0474236 0.390925 -0.335961 -0.141368 0.0314098 0.507172 0.103906 0.46916 0.807979 0.0348183 -0.444259 -0.125829 -0.776251 -0.874408 -0.223019 -1 -0.472941 -0.61317 0.182627 -1 0.627799 0.535287 -1 -0.57447 0.36301 0.345172 -0.809132 -0.282339 0.464139 0.732175 -0.851922 0.543406 -0.755148 0.673928 0.362863 0.745087 -0.362073 0.250597 0.18337 0.238121 -0.77266 0.380967 -0.0621013 0.342978 -0.692098 -0.925379 -0.767108 -0.434087 -0.519115 0.587945 0.788884 -0.874221 -0.068042 0.292378 0.360349 -0.368266 0.792374 0.572014 0.284994 -0.201929 
0.201462 -0.746817 -0.831951 0.749714 0.585462 -0.81906 -1 -0.218611 -0.91829 -0.538664 0.261202 0.434025 0.10018 -0.795429 -0.135698 -0.848752 0.303651 -0.386393 0.445085 -0.242544 0.651057 -1 -0.583605 0.39981 -1 0.864424 -1 -0.6603 0.0417059 -1 -1 0.57117 -0.254342 -1 -0.995086 0.713445 -0.954223 0.155422 -0.215436 -0.51368 0.599566 -0.33416 -0.0812005 -1 0.979229 -0.591457 -0.967569 0.0276284 -0.720789 -0.201689 0.164642 -0.803813 -0.611462 0.352498 -0.908461 -0.613511 -0.25696 -0.976484 -0.828128 0.140572 -0.49443 0.635147 -1 -0.28831 -0.840124 0.160275 -0.628989 0.245885 0.0893314 -0.317359 0.49429 -1 -0.277252 0.267842 -0.638203 -0.886894 -0.270889 -0.690816 -1 0.310531 -0.915028 -0.239238 -1 -0.911145 -0.400891 -0.999473 0.618032 -0.870247 -0.356292 -0.0930869 -0.772534 -0.498466 -1 -0.560682 0.627146 -1 -0.147386 0.310507 0.735357 -0.569578 -0.67442 -0.113946 0.620933 -0.454755 -1 0.276736 -0.981821 -0.456767 -1 -0.876306 -1 -0.0994292 -0.433037 0.413318 0.154147 -0.702419 0.789898 0.741372 -0.474619 -0.186412 -1 -1 -0.919 -0.631407 -0.526582 0.265342 -1 0.264578 -0.823215 -0.715839 -0.716758 0.259316 -1 -1 -1 0.361444 -0.120287 0.1693 
-0.621693 -0.038816 -1 0.288262 0.0967464 0.0707492 -1 -0.223224 -1 -0.636929 -0.0360848 0.395465 -0.988381 -0.522937 -1 -0.919156 -0.331833 -1 -1 -0.816813 -0.269117 -0.504679 0.19843 -1 -1 -1 0.00542294 -0.142349 -0.794378 -1 -0.0642912 -0.797691 -0.996114 -1 -1 -0.978008 -1 -1 -0.836671 -0.412538 0.634074 -0.0134461 -1 -0.993986 0.118043 -0.576957 -0.175996 -0.494363 0.148412 -1 -0.542564 -0.914784 -0.049474 -0.991924 0.341989 -1 -1 -0.861692 -1 -1 -0.570333 0.286261 -0.550837 -0.642019 -0.229639 0.0249397 -0.786439 -1 0.520218 -0.524793 -0.805674 -0.459519 -0.105487 -1 -0.356025 -0.780483 -0.390367 -0.998426 -0.777942 -0.991749 -0.686211 -0.983843 0.139668 -0.338754 -0.376424 -0.839615 -0.889258 0.347187 -1 -0.231032 0.105794 -0.0320613 -0.978875 -0.923937 0.574888 -0.996216 0.403128 -0.0551628 0.561298 -0.936055 -0.603377 -0.0810142 -0.475266 -0.776042 0.535652 -0.140859 -0.503464 0.258172 -0.567171 -0.490894 -1 -0.26813 -0.583564 -1 -0.983697 -1 -0.289136 -0.578689 0.354841 -1 -0.295039 -0.2871 -0.632078 -0.146293 0.308282 -0.377998 -0.538171 -0.0403482 -0.209097 0.0222604 0.0179329 0.160961 -0.744492 -0.411126 -0.99847 -0.725838 0.391521 -0.946106 
-0.553739 -0.038816 -0.939693 0.288262 0.255505 0.00463142 -1 -0.0212903 -0.942101 -0.636929 -0.0113536 0.392672 -0.774349 -0.233816 -1 -0.912497 -0.209655 -1 -1 -0.683792 -0.31795 -0.24804 0.0280689 -1 -0.968063 -0.833315 -0.173549 0.00589547 -0.782488 -0.730734 -0.00408763 -0.873233 -0.96217 -0.92328 -1 -1 -0.979742 -1 -0.82373 -0.384153 0.567538 0.132984 -0.944379 -0.887966 0.0958777 -0.579628 -0.255528 -0.494006 0.148276 -1 -0.672863 -0.697284 -0.0506292 -1 0.475821 -0.881457 -1 -0.812136 -0.857481 -1 -0.520381 0.497452 -0.550837 -0.560504 0.0348157 0.124324 -0.786439 -1 0.575947 -0.604884 -0.822422 -0.459519 0.0142312 -1 -0.270067 -0.739034 -0.222704 -1 -0.788453 -0.991749 -0.864475 -1 0.154953 -0.444225 -0.376424 -0.88508 -1 0.291885 -0.973515 -0.139293 0.00966977 -0.190135 -1 -1 0.541909 -1 0.353345 -0.118861 0.706204 -0.69315 -0.305764 0.0195552 -0.382855 -0.776042 0.496303 -0.0791982 -0.512841 0.303274 -0.443731 -0.549896 -1 -0.271052 -0.583564 -1 -0.825035 -1 -0.194828 -0.578689 0.461787 -1 -0.265167 -0.0732683 -0.480622 0.191797 0.366873 -0.354738 -0.650845 0.124192 -0.291652 0.134649 -0.00723916 0.364141 -0.686697 0.132579 -1 -0.73326 0.361317 -1 
-0.308564 -0.975599 -0.975943 0.281886 0.320824 -1 -0.78934 -0.521914 -1 -1 0.379781 0.481984 -0.638457 -1 0.336831 -1 -0.0312778 -1 0.202148 -0.491018 0.648822 -1 -0.473241 0.539106 -1 0.667297 -1 -0.740504 0.621411 -1 -1 0.258428 -1 -0.742615 -1 -0.0837195 -1 -0.249042 -0.637034 -0.922486 0.462155 -0.401909 -0.136059 -0.851517 0.646825 -0.000172652 -0.830115 0.136959 -0.23491 -0.402231 0.196342 -1 -0.77614 0.171867 -1 -0.818351 -0.20992 -1 -1 0.67693 -0.958923 0.306801 -1 -0.472746 -0.95194 -0.407234 -1 -0.218091 -0.116142 0.033436 0.0994517 -0.974825 -0.188399 -0.0358227 -0.66292 -0.977445 -0.0394946 -0.732849 -0.974219 0.450148 -1 -0.422016 -1 -0.399704 -0.650488 -1 0.503497 -0.998819 -0.879395 0.0549662 -1 -1 -0.81636 -0.946848 0.865217 -0.930701 -0.602299 -0.300289 0.494122 -0.417879 -0.0900682 0.207374 0.406927 -0.608846 -0.717965 0.00428694 -1 -0.703231 -0.602883 -1 -1 -0.823469 -1 0.80775 0.394025 -1 0.0284819 0.0919872 -1 -0.445086 -0.613313 -1 -0.977996 -0.554608 -0.121187 0.191081 -1 -0.0535705 -1 -0.431627 -1 -0.0602356 -1 -1 -0.938271 0.522562 -0.387855 -0.467243 
-0.602005 -0.0945302 -1 0.288262 0.255505 0.00463142 -1 -0.0624371 -0.972713 -0.636929 -0.0245548 0.392672 -0.774349 -0.233816 -1 -0.912497 -0.209655 -0.935469 -1 -0.677586 -0.31795 -0.24804 0.160966 -0.992168 -0.920024 -0.828712 -0.109313 0.015282 -0.808363 -0.730734 0.0457652 -0.873233 -0.96217 -0.920098 -0.984506 -1 -0.996167 -1 -0.834908 -0.379636 0.567538 0.132984 -0.944379 -0.876306 0.0958777 -0.565643 -0.157568 -0.494006 0.148276 -1 -0.633229 -0.750744 -0.0344747 -1 0.422328 -0.881457 -1 -0.845086 -0.840238 -0.982959 -0.515718 0.681979 -0.550837 -0.596663 0.0348157 0.0840427 -0.817393 -0.99338 0.702311 -0.500848 -0.84353 -0.459519 0.0142312 -1 -0.305274 -0.776239 -0.230819 -1 -0.819993 -0.991749 -0.735468 -1 0.154953 -0.338754 -0.37489 -0.848811 -0.88027 0.368283 -1 -0.139293 0.00966977 -0.0713631 -1 -0.882268 0.558856 -0.97377 0.353345 -0.118861 0.828705 -0.751961 -0.32082 0.00792686 -0.431355 -0.762051 0.496303 -0.0791982 -0.512841 0.264144 -0.443731 -0.50885 -1 -0.271052 -0.583564 -1 -0.825035 -1 -0.241552 -0.578689 0.461787 -1 -0.22808 -0.0732683 -0.481741 0.191797 0.360671 -0.369352 -0.534075 0.12955 -0.291652 0.133367 -0.0305137 0.364141 -0.686697 0.132579 -1 -0.765106 0.328829 -0.946106 
-0.490507 -0.038816 -1 0.288262 0.255505 0.0707492 -1 -0.0212903 -1 -0.636929 -0.0113536 0.139973 -1 -0.442242 -1 -1 -0.352319 -1 -0.909183 -0.773549 -0.31795 -0.24804 0.0347877 -1 -1 -1 -0.313699 0.015282 -0.940686 -0.982707 -0.0642912 -0.802444 -1 -0.967493 -1 -1 -1 -1 -0.977603 -0.317778 0.567538 -0.108885 -1 -1 -0.00299525 -0.579628 -0.17695 -0.498634 0.244964 -1 -0.804352 -0.784241 -0.049474 -1 0.43174 -1 -0.985489 -0.899818 -0.949329 -0.93746 -0.476755 0.412119 -0.550837 -0.57103 0.0295689 0.124324 -1 -1 0.520218 -0.511093 -0.968822 -0.723174 -0.321769 -1 -0.564783 -0.69063 -0.338398 -0.934286 -0.866588 -0.991749 -0.690991 -1 -0.0642074 -0.407563 -0.376424 -0.833176 -0.88027 0.347187 -1 -0.18972 0.00966977 -0.0562422 -1 -0.879838 0.405658 -1 0.180752 -0.157519 0.540018 -1 -0.360203 -0.31367 -0.730531 -0.776042 0.506071 -0.0791982 -0.512841 0.0371802 -0.388978 -0.477201 -0.987322 -0.271052 -0.583564 -1 -0.947299 -1 -0.539804 -0.578689 0.487763 -1 -0.253598 -0.0832512 -0.767001 -0.0222129 0.150713 -0.354738 -0.534075 0.0330214 -0.601414 0.134649 -0.00723916 0.145115 -0.80732 -0.187596 -0.918922 -0.699988 0.361317 -1 
0.494159 -0.598732 -0.203024 0.861585 0.629377 -0.743531 -0.7703 -0.160472 -0.765577 -0.372619 0.589779 0.45796 0.135784 -0.639143 0.149451 -0.509959 0.519879 -0.440879 0.700638 0.113078 0.567566 -0.880734 -0.151134 0.813351 -0.81502 0.894576 -0.782573 -0.600985 0.670984 -0.835142 -1 0.508693 -0.352254 -0.977756 -0.989579 0.815925 -1 0.514533 0.0500664 -0.0860751 0.831129 0.00767148 0.0143061 -0.772556 0.902881 -0.489187 -0.797689 0.335251 0.0859816 -0.184348 0.356513 -0.786249 -0.12267 0.461818 -0.708148 -0.60951 0.136147 -1 -0.821278 0.52261 -0.122548 0.770979 -1 -0.112607 -0.895327 0.269289 -0.463861 0.245885 0.356845 0.121968 0.701317 -1 0.251338 0.187028 -0.404684 -0.83 -0.0193129 -0.506292 -1 0.627587 -1 -0.409288 -0.735708 -0.61612 -0.320119 -1 0.938869 -0.749035 -0.377154 0.376436 -0.538495 -0.434223 -0.630414 -0.469698 0.668331 -1 -0.257219 0.294993 0.650768 -0.459586 -0.255503 0.275095 0.757865 -0.160297 -0.77448 0.43335 -0.529208 -0.165841 -0.82056 -0.834113 -0.808239 -0.164135 -0.411533 0.857792 0.311278 -0.506253 0.791957 0.725727 -0.308758 -0.316463 -0.345731 -1 -0.881268 -0.309777 -0.105106 0.653783 -0.881032 0.544518 -0.907087 -0.53513 -0.571219 0.268803 -0.816266 -1 -0.767247 0.786495 0.21682 0.731612 
0.509747 -1 -0.53303 0.319876 0.606788 -0.853447 -1 -0.444884 -0.882805 -0.480918 0.883334 0.385342 0.235715 -0.643046 0.385281 -0.504965 -0.161971 -0.926413 0.141284 -0.0730904 0.532755 -1 -0.116116 0.315784 -0.856571 0.430152 -0.611873 -0.875936 0.644065 -0.697126 -1 0.323458 -0.36725 -1 -0.922273 0.795649 -0.985308 0.396612 -0.233058 -0.43178 0.627174 -0.382322 0.0254409 -0.509811 0.851155 -0.519425 -0.84095 0.131177 0.0325253 -0.559834 0.214449 -1 0.0648183 0.415541 -0.994194 -0.621454 -0.449964 -0.963515 -0.905793 0.38122 -0.357429 0.664777 -1 -0.457649 -1 0.0775454 -0.662171 -0.0344693 -0.0814015 -0.0494978 0.685115 -0.824926 0.247607 -0.171204 -0.687516 -1 0.117842 -0.31184 -1 0.92225 -1 -0.398177 -0.636339 -0.460089 -0.641648 -1 0.938146 -0.879482 -0.303281 0.542229 -0.592445 -0.526488 -0.990367 -1 0.55628 -1 -0.47546 0.506225 0.85174 -0.469277 -0.271888 -0.0168035 0.539169 -0.830269 -0.466753 -0.259851 -0.903431 -0.31645 -0.807002 -0.961934 -1 -0.506287 -0.904094 0.236518 0.449154 -0.690929 0.778781 -0.0795202 -0.526874 -0.151942 -0.126536 -1 -1 -0.236951 -0.528333 0.254926 -1 0.370698 -1 -0.315959 -0.553268 0.303302 -0.814377 -1 -0.858431 0.306459 -0.508734 -0.061829 
0.439049 -0.633792 -0.444009 0.519252 0.194147 -0.918273 -0.908246 -0.422546 -0.947567 -0.700016 0.765464 0.924218 0.188749 -0.690188 0.362982 -0.968086 0.519237 -0.332046 -0.0212048 -0.206754 0.765154 -0.756402 0.0923598 0.445051 -1 0.861609 -0.514298 -1 0.774965 -0.848425 -0.961964 0.31754 -0.771163 -1 -0.9469 0.618632 -1 0.109671 -0.488551 0.148627 0.324186 -0.399052 -0.0401204 -0.606215 0.72327 -0.528952 -0.736784 -0.2951 0.139083 -0.398507 0.357378 -0.967936 0.0880413 0.00608301 -0.854517 -0.592625 -0.137844 -1 -1 0.458236 -0.200947 0.558871 -1 -0.444609 -1 -0.345116 -0.640478 -0.062541 -0.186009 -0.304449 0.34524 -0.715287 -0.425729 0.0968647 -0.557599 -0.711674 0.127164 -0.609663 -0.924697 0.811052 -1 0.0267822 -0.91801 -0.445632 -0.479816 -0.98644 0.575084 -0.862239 -1 0.666111 -0.846799 -0.646749 -0.789874 -0.732786 0.487704 -1 -0.46916 0.436937 0.511417 -0.292416 -0.222316 -0.066253 0.664296 -0.118858 -0.668365 0.215009 -0.567308 -0.220963 -0.47175 -1 -1 -0.688334 -0.558568 0.817151 0.570227 -0.779177 0.213251 0.20817 -0.827094 -0.097357 -0.221976 -0.894961 -0.788381 -0.549763 0.0629132 0.529598 -1 0.449628 -0.997966 -0.90968 -0.825948 0.203496 -0.846162 -1 -0.905003 0.0550131 -0.155059 0.318382 
-0.553739 0.0430735 -1 0.0840761 0.201716 -0.193178 -1 -0.199398 -1 -0.636929 -0.0113536 0.104398 -0.850139 -0.216135 -1 -1 -0.409299 -1 -1 -0.702897 -0.566204 -0.533355 -0.0605217 -1 -0.997767 -1 -0.178073 -0.30603 -0.774758 -0.798363 0.0308909 -0.890741 -0.96217 -0.929961 -1 -1 -1 -1 -1 -0.535626 0.383867 -0.120938 -0.999899 -0.948805 0.0593318 -0.579628 -0.33611 -0.489973 0.117592 -1 -0.708098 -0.727187 -0.325112 -1 0.164079 -0.904697 -1 -1 -0.979284 -0.992668 -0.531594 0.497452 -0.56025 -0.926459 -0.0273398 0.124324 -1 -0.932347 0.57459 -0.817169 -1 -0.877865 -0.190721 -1 -0.270067 -0.983039 -0.21811 -0.915765 -1 -1 -0.874306 -0.936537 0.0791722 -0.446133 -0.615056 -0.824096 -0.994044 0.368644 -1 -0.135036 -0.268269 -0.185451 -1 -1 0.362464 -1 0.353345 -0.249401 0.471314 -0.934517 -0.568901 -0.156911 -0.640949 -0.930556 0.235694 -0.0499102 -0.512841 0.249339 -0.435285 -0.549896 -1 -0.321711 -0.636683 -1 -1 -1 -0.125667 -0.507142 0.448828 -0.992042 -0.181872 -0.121159 -0.753673 0.201257 0.262749 -0.537482 -0.760023 -0.077284 -0.278256 0.0521354 -0.274308 0.220327 -0.887386 0.0602046 -1 -1 0.375931 -1 
0.553281 -1 -0.440549 0.62717 0.593175 -0.836912 -1 -0.321668 -0.925606 -0.446273 0.612342 0.257249 0.128721 -0.661968 0.272412 -0.481677 0.0335951 -0.513941 0.409612 -0.0391137 0.702251 -1 0.0116705 0.179433 -1 0.669332 -0.740059 -0.686006 0.619891 -1 -0.969518 0.122767 -1 -1 -0.97359 0.42378 -0.965722 0.39805 -0.21091 -0.505952 0.496827 -0.292514 -0.140212 -0.537133 0.715408 -0.546933 -0.886344 -0.133048 0.327082 -0.27526 -0.0900303 -1 -0.213829 0.503222 -0.797833 -0.943878 -0.302646 -1 -0.736713 0.283501 -0.731361 0.507787 -1 -0.454553 -1 0.0233655 -0.606344 -0.185737 0.164013 0.0504623 0.569056 -0.946521 0.29568 -0.193333 -0.679256 -0.862061 -0.163032 -0.311608 -1 0.647509 -1 -0.624211 -1 -0.455917 -0.475393 -1 0.585283 -1 -0.170547 0.575038 -0.760139 -0.676491 -0.643555 -0.815422 0.843957 -0.941841 -0.541196 0.55227 0.443627 -0.779573 -0.302663 0.26763 0.97334 -0.658191 -0.47381 0.102564 -0.546807 -0.310247 -0.578508 -1 -1 -0.697297 -0.498879 0.465778 0.828568 -0.540124 0.811521 -0.0599302 -0.695363 -0.512008 -0.463692 -0.997538 -0.957175 -0.478697 -0.352053 0.517583 -0.963701 0.136461 -1 -0.939739 -0.759314 -0.10667 -0.817525 -1 -0.813204 0.679769 0.146458 0.136557 
0.44665 -0.683601 -0.444187 0.530287 0.164762 -0.934313 -0.89625 -0.432234 -0.861545 -0.677882 0.774046 0.870363 0.236219 -0.731912 0.356062 -0.979408 0.45984 -0.439483 -0.0450544 -0.21971 0.738048 -0.768091 0.103294 0.445051 -0.992786 0.868564 -0.436255 -1 0.774965 -0.848425 -0.946944 0.311303 -0.771163 -1 -0.928283 0.652807 -0.994222 0.170411 -0.495827 0.154875 0.341378 -0.322703 -0.0568024 -0.670292 0.72327 -0.493478 -0.734534 -0.210474 0.156955 -0.38482 0.397581 -0.968114 0.0566693 0.00608301 -0.870555 -0.595034 -0.173996 -1 -1 0.433234 -0.166812 0.558871 -1 -0.43943 -1 -0.285446 -0.586114 -0.0799044 -0.241331 -0.218866 0.431432 -0.721331 -0.376229 0.090076 -0.577659 -0.674557 0.0642956 -0.584322 -0.918079 0.811052 -1 0.00908019 -0.93833 -0.426168 -0.425252 -1 0.575084 -0.898568 -0.981484 0.674871 -0.812252 -0.617741 -0.815732 -0.721254 0.487704 -1 -0.450307 0.476456 0.514303 -0.26952 -0.261754 -0.0565191 0.664296 -0.075169 -0.659887 0.204022 -0.566826 -0.220963 -0.530248 -1 -1 -0.688334 -0.446885 0.833435 0.570227 -0.779177 0.211048 0.217723 -0.846493 -0.146503 -0.237748 -0.913376 -0.794025 -0.57761 0.0629132 0.529598 -1 0.425952 -1 -0.978018 -0.817244 0.203496 -0.908085 -1 -0.922303 0.0273898 -0.152936 0.370583 
0.431899 -0.854914 -0.712782 0.29529 0.128306 -0.862372 -1 -0.16363 -1 -0.553648 0.904305 0.505288 0.0692724 -0.523311 0.190741 -1 0.258339 -0.582192 0.170699 -0.156409 0.598797 -1 -0.0905983 0.519977 -1 0.576577 -0.594296 -0.921988 0.447071 -0.958672 -0.928187 0.40854 -0.866903 -1 -1 0.419325 -1 0.292897 -0.483574 0.0369643 0.519079 -0.43054 -0.183047 -0.397319 0.783355 -0.789133 -0.818711 -0.0764406 0.162722 -0.389164 0.254277 -1 -0.147973 -0.0351945 -0.77509 -0.606612 -0.155009 -1 -0.841964 0.0470865 -0.11559 0.474472 -0.983194 -0.851104 -0.943399 -0.213656 -0.591431 -0.150043 -0.333506 -0.241595 0.917741 -0.825607 -0.263239 -0.0839616 -0.569799 -0.645618 0.110891 -0.906907 -1 0.10362 -0.983514 -0.314642 -1 -0.191123 -0.248765 -1 0.563588 -0.977527 -1 0.713142 -1 -0.762988 -0.763516 -0.98603 0.599804 -0.859295 -0.362764 0.526882 0.461701 -0.282795 -0.183274 -0.181718 0.667184 -0.258422 -0.892182 0.297964 -0.603225 -0.416837 -0.665032 -1 -1 -0.615892 -0.532522 0.900937 0.141165 -1 0.357947 0.250356 -0.694616 -0.0654468 -0.208422 -1 -0.795278 -0.519667 -0.136329 0.194661 -1 0.345186 -1 -0.598089 -1 -0.320966 -1 -1 -0.813563 0.203435 -0.0920442 0.530089 
0.396214 -0.790089 -0.67197 0.0837271 0.285646 -1 -0.807064 -0.492851 -1 -0.975047 0.871528 0.669033 0.00975848 -0.586471 0.201974 -0.489614 0.21655 -0.680076 0.424147 0.177148 0.555338 -0.974461 -0.106279 0.554983 -0.80386 0.733461 -0.779119 -0.735667 0.479651 -0.916808 -0.932268 0.0228979 -0.624981 -1 -0.90429 0.67017 -1 0.3431 -0.58918 -0.448248 0.608854 -0.123565 -0.47478 -0.588615 0.511768 -0.495744 -1 -0.18415 0.338221 -0.503314 0.267632 -0.952138 0.0605307 0.0593071 -1 -0.35822 -0.556494 -0.902024 -0.76907 0.163761 -0.213821 0.594065 -0.941586 -0.38329 -1 -0.239999 -0.841755 -0.124869 -0.0347986 -0.019219 0.619627 -0.616704 0.0546917 -0.32487 -0.567124 -0.750804 0.0346961 -0.668364 -1 0.884849 -1 -0.596613 -0.867118 -0.245764 -0.650771 -1 0.545705 -0.990162 -0.731969 0.389116 -0.568085 -0.503928 -1 -0.854696 0.701366 -1 -0.396553 0.494166 0.270813 -0.385078 -0.517778 0.172101 0.62312 -0.597799 -0.517316 -0.187622 -0.939056 -0.201568 -0.8432 -1 -1 -0.378731 -0.741533 0.186856 0.680471 -0.804973 0.397947 0.213964 -0.542942 -0.429052 -0.535471 -1 -1 -0.244082 -0.130077 0.38492 -1 0.353805 -0.902653 -0.380445 -0.503973 0.0576519 -0.754928 -1 -1 0.226286 0.00714628 0.144525 
0.49212 -0.770463 -0.478412 0.325197 0.398558 -1 -0.807064 -0.312244 -0.963479 -0.52609 0.970589 0.649782 0.145448 -0.586471 0.409977 -0.475158 0.202523 -0.880599 0.358402 0.121207 0.775126 -1 -0.157201 0.424565 -0.873689 0.701449 -0.779119 -0.563968 0.479651 -1 -0.992433 0.00728995 -0.68981 -1 -1 0.676853 -0.885093 0.050196 -0.314545 -0.304133 0.329367 -0.0790953 -0.187557 -0.734012 0.76796 -0.602127 -0.772283 0.141854 0.255358 -0.466553 0.222242 -0.920449 0.0605307 0.410511 -0.961575 -0.420291 -0.282193 -1 -0.724681 0.369851 -0.213821 0.482107 -1 -0.38329 -0.93002 -0.198949 -0.690665 -0.387899 0.238718 0.256542 0.500355 -0.877257 0.247027 -0.285611 -0.505176 -0.817248 0.076475 -0.668364 -1 0.884849 -1 -0.303401 -1 -0.475107 -0.661805 -0.942354 0.531792 -1 -0.4505 0.35538 -0.831565 -0.514436 -1 -0.730843 0.7808 -0.889324 -0.396553 0.592695 0.52797 -0.385078 -0.144045 -0.00820802 0.495261 -0.976779 -0.517316 -0.0488416 -0.884674 -0.356667 -0.842341 -1 -1 -0.330797 -0.706567 0.204696 0.699324 -0.891962 0.306267 0.177995 -0.542942 -0.419383 -0.280333 -1 -1 -0.244082 -0.281517 0.389584 -0.939682 0.0693525 -1 -0.591764 -0.49016 0.0576519 -0.608277 -0.933201 -0.89655 0.312296 0.00714628 0.0983791 
-0.570094 -0.0982547 -1 -0.0913661 0.255505 -0.252851 -1 -0.176131 -1 -0.632995 -0.0313309 0.378576 -0.686652 -0.119348 -0.909611 -1 -0.222412 -0.973529 -0.983537 -0.711791 -0.296157 -0.70941 -0.0973455 -1 -1 -0.924431 -0.532187 -0.215774 -0.835496 -0.970417 0.0344031 -0.989355 -1 -1 -1 -0.985396 -1 -1 -0.875502 -0.438376 0.58871 0.0743933 -1 -0.811721 0.0900168 -0.825354 -0.540166 -0.410013 0.0222398 -1 -0.697763 -0.792658 -0.0270765 -0.989551 0.326573 -0.897475 -1 -0.903833 -1 -1 -0.685658 0.617927 -0.859988 -0.576082 -0.0893219 -0.137243 -0.845855 -0.992056 0.625369 -0.674371 -0.848557 -0.856545 -0.284296 -1 -0.446414 -0.7823 -0.334435 -1 -0.840628 -1 -0.718552 -1 0.172135 -0.348248 -0.929272 -0.904877 -0.946823 0.0783782 -0.992175 -0.296327 0.00372678 -0.0972284 -0.998582 -1 0.539846 -0.992149 0.0643712 -0.0376584 0.614202 -1 -0.404892 -0.318022 -0.449793 -1 0.496303 -0.0226266 -0.665 0.0408952 -0.439415 -0.81361 -0.99421 -0.245251 -0.583564 -1 -0.901949 -1 -0.588377 -0.808098 0.380559 -1 -0.378394 -0.0732683 -0.424649 -0.211051 0.203669 -0.369934 -0.764432 0.0903215 -0.292766 0.029291 -0.00856702 0.336722 -1 0.094803 -1 -0.871119 0.311873 -0.970656 
0.142201 -0.811473 -0.86647 0.237816 0.340713 -1 -0.824222 -0.348861 -1 -0.717965 0.684075 0.337724 -0.080679 -0.570748 0.332975 -0.444166 0.506364 -0.81739 0.0509538 -0.0216024 0.475147 -1 -0.00798218 0.704671 -1 0.370984 -0.502475 -0.687384 0.655318 -1 -0.964328 0.412844 -0.533055 -1 -1 0.732341 -0.954347 0.181282 -0.498653 -0.276726 0.559837 -0.0783209 0.0419072 -0.732224 0.87763 -0.207028 -0.986505 -0.584535 0.255283 -0.432558 -0.255234 -1 0.00345109 0.277476 -0.649497 -0.635763 -0.401593 -1 -0.953799 0.42614 -0.365743 0.452826 -1 -0.360509 -0.938004 -0.0972286 -0.53691 0.0306029 0.326861 -0.028535 0.53106 -0.748771 0.166735 -0.573389 -0.604011 -0.748429 0.0275442 -0.668799 -0.743111 0.892201 -1 0.00584643 -0.726271 -0.76239 -0.536617 -1 0.812718 -0.90025 -0.417349 0.356351 -0.761466 -0.736119 -0.713594 -0.587769 0.711071 -0.975929 -0.484299 -0.00309739 0.821636 -0.258443 -0.48019 -0.0507773 0.932254 -0.259662 -0.514189 0.208902 -0.564024 -0.283009 -0.620533 -0.907345 -0.702203 -0.587637 -0.75164 0.210207 0.749156 -0.942762 0.617867 0.291422 -0.724766 -0.340931 -0.42629 -1 -0.766908 -0.215898 -0.338977 0.49025 -1 0.138326 -1 -0.400164 -0.406756 -0.00285007 -0.656883 -1 -0.776674 0.112696 0.0563096 0.0871321 
0.412981 -0.669815 -0.548823 0.698137 -0.100846 -0.81605 -0.984764 -0.516179 -1 -0.421074 0.96393 0.865126 -0.0381757 -0.505099 0.533269 -1 0.30626 -0.502638 -0.0644921 -0.172347 0.420658 -0.910903 0.122139 0.733007 -0.976634 0.49005 -0.904564 -0.906821 0.308631 -0.854783 -0.799501 0.479048 -0.663524 -1 -1 0.422588 -0.969714 0.421113 -0.278366 -0.0774713 0.482943 -0.473349 0.105817 -0.686724 0.529492 -0.532999 -0.820904 -0.000170033 0.0315723 -0.60717 0.10649 -1 -0.0768479 -0.0913852 -0.935736 -0.548311 0.00124528 -0.791398 -0.976153 0.688502 -0.134066 0.482706 -1 -0.517978 -0.957732 -0.0126904 -0.480496 0.163597 -0.0311205 -0.252081 0.739211 -1 -0.0885919 0.198772 -0.680087 -0.784644 -0.00403225 -0.794772 -1 0.78129 -1 -0.0431425 -0.694513 -0.404012 -0.398701 -1 0.693362 -1 -1 0.451637 -1 -0.60477 -1 -0.722554 0.677158 -0.782489 -0.478943 0.0797183 0.485958 -0.246052 -0.44556 0.0200161 0.660627 -0.153517 -0.901009 0.183484 -0.618165 -0.332731 -0.748764 -1 -0.963722 -0.401841 -0.668029 0.767009 0.432118 -0.802655 0.536938 0.00283252 -1 -0.116144 -0.135462 -0.988968 -0.835014 -0.215807 -0.0817015 0.432264 -1 0.208421 -1 -0.446629 -1 -0.186532 -1 -1 -1 0.162786 0.1521 0.252734 
-0.54764 -0.018761 -1 0.134207 0.245222 -0.0453188 -1 -0.117962 -0.98993 -0.636929 -0.030293 0.402165 -0.774349 -0.222628 -1 -0.985752 -0.239215 -1 -1 -1 -0.354361 -0.488594 0.19477 -1 -1 -0.833315 -0.155789 0.015282 -0.80987 -0.810561 -0.0134779 -0.953215 -0.92686 -1 -1 -0.984947 -1 -1 -0.834908 -0.336352 0.437514 0.0826487 -0.925694 -1 0.0958777 -0.609414 -0.13257 -0.760861 0.144498 -1 -0.851716 -0.681733 -0.0270765 -1 0.358638 -0.926191 -0.992461 -0.782156 -0.859387 -1 -0.456267 0.511518 -0.817273 -0.736374 -0.091165 0.0436582 -0.958693 -1 0.67148 -0.761987 -1 -0.626052 -0.198641 -1 -0.374212 -0.961954 -0.331404 -1 -0.95858 -1 -0.726174 -1 0.146737 -0.585945 -0.711369 -0.93707 -0.88027 0.0857494 -1 -0.239644 -0.129609 -0.075591 -1 -0.88502 0.55475 -1 0.358496 -0.317587 0.835275 -0.658723 -0.691008 -0.0408943 -0.436225 -0.776042 0.376581 -0.232487 -0.499086 0.305726 -0.509941 -0.556495 -1 -0.458135 -0.568998 -1 -0.882653 -1 -0.241552 -0.952784 0.450878 -1 -0.285702 -0.203767 -0.585845 -0.0645407 0.366873 -0.534803 -0.585291 0.0720547 -0.279096 0.134649 -0.0836155 0.192608 -0.760298 0.0373636 -1 -0.873675 0.349804 -1 
-0.54764 -0.038816 -1 0.288262 0.255505 0.00463142 -1 -0.0212903 -0.942101 -0.636929 -0.0113536 0.392672 -0.774349 -0.233816 -1 -0.912497 -0.209655 -0.935469 -1 -0.641318 -0.31795 -0.24804 0.19843 -1 -0.920024 -0.833315 -0.083934 0.015282 -0.782488 -0.730734 0.0457652 -0.873233 -0.96217 -0.92328 -1 -1 -0.996167 -1 -0.834908 -0.384153 0.567538 0.132984 -0.944379 -0.887966 0.0958777 -0.579628 -0.119944 -0.494006 0.148276 -1 -0.633229 -0.750744 -0.0270765 -1 0.475821 -0.881457 -1 -0.861692 -0.840238 -0.98557 -0.507148 0.681979 -0.550837 -0.560504 0.0348157 0.124324 -0.786439 -1 0.702311 -0.502356 -0.805674 -0.459519 0.0142312 -1 -0.305274 -0.776239 -0.222704 -1 -0.777942 -0.991749 -0.686211 -1 0.154953 -0.338754 -0.376424 -0.848811 -0.88027 0.347187 -1 -0.139293 0.00966977 -0.0320613 -1 -0.894242 0.541909 -0.940712 0.353345 -0.118861 0.828705 -0.753981 -0.305764 0.0195552 -0.431355 -0.776042 0.496303 -0.0791982 -0.512841 0.303274 -0.443731 -0.485931 -1 -0.271052 -0.583564 -1 -0.825035 -1 -0.241552 -0.578689 0.461787 -1 -0.22808 -0.0732683 -0.480622 0.191797 0.366873 -0.354738 -0.534075 0.124192 -0.291652 0.134649 -0.00723916 0.364141 -0.686697 0.132579 -1 -0.699988 0.361317 -0.946106 
0.356059 -0.985475 -0.521617 0.649964 0.616754 -0.773876 -0.766508 -0.463935 -0.847837 -0.819126 0.444467 0.591968 -0.130582 -1 0.0122659 -0.474812 0.472653 -0.488378 0.471923 -0.168625 0.579192 -1 0.059264 0.184528 -1 0.606601 -0.702641 -0.686158 0.50694 -0.917622 -1 0.489861 -0.582048 -1 -1 1 -1 0.286945 -0.329815 -0.310033 0.471331 -0.24148 -0.293243 -0.951667 0.793252 -0.296939 -1 0.0694672 -0.0169238 -0.169755 -0.249076 -1 -0.0549414 0.424177 -0.870288 -0.788967 -0.508942 -1 -1 0.512668 -0.321686 0.4356 -0.982475 -0.450258 -1 -0.0587643 -0.787091 -0.0523951 0.0187939 0.0902404 0.651392 -0.776597 0.246833 -0.364189 -0.421827 -0.736355 0.085608 -0.464824 -0.961867 0.584933 -0.913671 -0.161902 -1 -0.375365 -0.65168 -0.94319 0.979884 -0.873578 -0.382075 0.10398 -1 -0.418397 -0.703389 -0.818721 0.710299 -1 -0.613047 0.217682 0.832014 -0.244952 -0.272104 0.442813 1 -0.770826 -0.507275 0.00776324 -0.756546 -0.264614 -0.959516 -0.912589 -0.656757 -0.110505 -0.703437 0.479672 0.668888 -0.585362 0.0835497 0.027027 -0.830855 -0.365141 -0.256817 -1 -1 -0.242257 -0.325506 0.490546 -1 0.543562 -0.974517 -0.867874 -1 0.420556 -0.577304 -1 -1 0.613443 -0.310514 0.162232 
-0.570094 -0.0982547 -1 -0.0913661 0.205496 -0.252851 -0.981782 -0.194419 -1 -0.632995 -0.0313309 0.378576 -0.686652 -0.119348 -0.923167 -1 -0.240124 -0.973529 -0.983537 -0.711791 -0.282343 -0.720417 -0.0973455 -1 -1 -0.970423 -0.532187 -0.215774 -0.835496 -0.947662 0.0344031 -0.989355 -1 -1 -1 -0.985396 -1 -1 -0.834908 -0.438376 0.543826 0.0743933 -1 -0.811721 0.0767868 -0.823291 -0.488111 -0.410013 0.0222398 -1 -0.697763 -0.792658 -0.0259811 -0.989551 0.344568 -0.881457 -1 -0.895983 -1 -1 -0.685658 0.635308 -0.859988 -0.560504 -0.122657 -0.130994 -0.845855 -0.988463 0.625369 -0.620417 -0.848557 -0.856545 -0.284296 -0.988182 -0.462389 -0.7823 -0.325855 -1 -0.83674 -1 -0.723583 -1 0.172135 -0.348248 -0.929272 -0.904877 -0.946823 0.0715803 -0.992175 -0.296327 0.00372678 -0.0790528 -0.998582 -1 0.539846 -0.992149 0.0643712 0.0132235 0.614202 -1 -0.404892 -0.322488 -0.449793 -1 0.496303 -0.0576659 -0.665 0.0460514 -0.439415 -0.747972 -0.984885 -0.255763 -0.583564 -0.992702 -0.901949 -1 -0.588377 -0.767065 0.386033 -1 -0.371453 -0.0697458 -0.424649 -0.211051 0.203669 -0.354738 -0.764432 0.124192 -0.239991 0.0258486 -0.0585039 0.336722 -1 0.132579 -1 -0.871119 0.271506 -0.969145 
-0.204521 0.046412 -0.0531812 0.885277 0.05492 -0.18867 -0.900129 -0.968673 0.478866 -0.582377 -0.929559 -0.284237 -0.40253 0.664497 -0.38878 0.00128793 0.668317 -0.128008 0.112096 -0.219103 -0.216254 0.549926 -0.701749 -0.0240477 -0.489395 -0.919521 0.748972 -0.730982 -0.577156 -0.685471 -0.614388 0.831986 0.0346285 -0.480747 0.507953 0.821378 -0.666715 -0.84863 -1 -0.25389 -0.451768 -0.660734 0.510667 -0.984025 0.408254 -0.908035 -1 -0.753647 0.00694852 -0.897569 -0.0925311 -1 0.0892512 0.542345 -1 -0.881762 -0.424101 -0.407023 -0.779183 0.368864 0.475888 -0.573702 -0.548793 0.00163957 -0.597407 0.298009 -0.381092 -0.619012 0.203538 -0.0249528 0.725705 -1 -1 0.166 0.362621 0.19509 -1 -0.811765 -0.0577017 0.177086 -0.335961 -0.141368 0.0923465 0.47678 0.2158 0.426851 0.452673 0.0348183 -0.58961 -0.104537 -0.782893 -0.795779 -0.223019 -1 -0.47174 -0.818846 -0.149131 -1 0.567339 0.389508 -1 -0.758582 0.227503 0.366378 -0.822271 -0.282339 0.245556 0.22909 -0.752441 0.536843 -0.736497 0.44479 0.362863 0.687275 -0.459197 0.236699 0.0781098 -0.0798486 -0.766146 0.326243 -0.264298 0.101368 -0.731188 -1 -0.817552 -0.469086 -0.608941 0.366434 0.757316 -1 -0.00203381 0.292378 0.260287 -0.391496 0.792374 0.62399 0.284994 -0.191444 
0.258968 -0.829945 -0.551421 0.312415 0.109323 -0.904709 -0.998222 -0.373386 -0.999633 -0.599277 0.827306 0.523594 0.17377 -0.796432 0.349094 -0.433923 0.462571 -0.455973 0.616827 0.218521 0.455807 -0.997841 -0.0579367 0.671202 -1 0.654603 -0.790601 -0.633545 0.704698 -0.826133 -1 0.404577 -0.459546 -0.940444 -0.970825 0.55676 -0.984862 0.422225 -0.532236 -0.259914 0.719311 -0.17464 -0.0479387 -0.752818 0.685093 -0.324596 -0.89529 -0.107211 -0.0883049 -0.184686 -0.184768 -1 -0.052724 0.541018 -0.649497 -0.53838 -0.345985 -1 -0.740012 0.388393 -0.230163 0.508427 -0.981225 -0.45738 -1 0.127869 -0.505056 0.253312 0.113142 -0.252145 0.76995 -0.711938 0.326008 -0.364586 -0.553751 -0.823969 0.114434 -0.463973 -1 0.942694 -1 -0.171027 -0.742659 -0.421504 -0.465703 -1 0.920629 -1 -0.336131 0.34403 -0.523625 -0.805072 -0.672929 -0.454324 0.49824 -1 -0.373337 0.227346 0.771416 -0.276688 0.013701 0.410445 0.731224 -0.257961 -0.43438 0.357256 -0.605577 -0.247256 -0.686754 -0.957191 -0.972954 -0.454481 -0.638074 0.47307 0.704265 -0.990323 0.657153 0.181272 -0.733596 -0.551568 -0.71064 -0.987168 -0.722179 -0.35606 -0.170106 0.45362 -1 0.262284 -1 -0.544211 -0.526137 0.0798005 -0.63931 -1 -0.803582 0.532092 0.192389 0.13988 
-0.54764 -0.0613098 -1 0.221908 0.196011 0.00256404 -1 -0.258725 -0.942101 -0.54006 -0.0113536 0.392672 -0.794704 -0.259586 -1 -0.941133 -0.505236 -0.964579 -1 -0.705869 -0.31795 -0.24804 0.0348331 -1 -0.991551 -0.833315 -0.198366 -0.112553 -1 -0.663408 0.0457652 -0.922108 -1 -1 -1 -1 -0.983744 -1 -0.994842 -0.384153 0.508556 0.0404424 -0.944379 -0.91923 0.0958777 -0.616708 -0.106693 -0.819429 -0.049133 -1 -0.672025 -0.698676 -0.287148 -0.981904 0.475821 -0.91438 -0.967143 -1 -0.966473 -1 -0.696345 0.681979 -0.717532 -0.579584 -0.00415108 -0.0131651 -0.786439 -0.989636 0.513884 -0.54419 -0.845023 -0.773302 0.0142312 -0.997305 -0.61955 -0.822138 -0.468151 -1 -0.793054 -1 -0.686211 -1 -0.0298508 -0.391006 -0.488701 -0.883424 -0.915206 0.301095 -1 -0.0828839 0.0315984 -0.0425921 -1 -0.902504 0.570075 -0.940712 0.361158 -0.112312 0.83054 -0.741416 -0.348212 -0.0048236 -0.710859 -1 0.481031 -0.0787712 -0.541007 0.284693 -0.488114 -0.574265 -1 -0.305551 -0.583564 -0.990091 -0.832941 -1 -0.277599 -0.578689 0.439958 -0.97508 -0.372486 -0.125501 -0.480622 0.146575 0.327246 -0.354738 -0.538825 0.11048 -0.436006 0.134649 -0.00723916 0.225546 -0.797119 0.0746158 -1 -0.667994 0.218784 -0.846395 
0.31518 -0.735161 -0.709489 0.236367 0.362207 -1 -1 -0.452047 -1 -0.867882 0.564219 0.0364531 0.0980241 -0.52953 0.0236182 -0.9111 0.342674 -0.450563 -0.00697869 0.125186 0.478194 -0.899152 -0.342793 0.353252 -1 0.734311 -0.599917 -0.889849 0.753385 -0.916016 -0.907516 0.267457 -0.453477 -0.865176 -1 0.645151 -1 0.216745 -0.598292 -0.337103 0.76762 -0.32237 0.00474557 -0.836923 0.685523 -0.589268 -1 -0.0370083 0.0204402 -0.348852 -0.392053 -1 0.087836 0.0784802 -0.758368 -0.62595 -0.224013 -1 -0.73967 -0.288458 -0.482497 0.444601 -1 -0.873085 -1 0.261555 -0.658117 -0.229606 0.0973129 -0.0414738 0.853439 -0.721434 -0.0473677 -0.271679 -0.438199 -1 -0.151674 -0.753739 -1 0.80073 -1 -0.131037 -0.827922 -0.461833 -0.485902 -1 0.650126 -0.963639 -0.369551 0.219292 -0.597293 -0.672934 -0.907262 -0.545548 0.571231 -1 -0.664547 0.0835925 0.498065 -0.572784 -0.358982 0.106171 0.56493 -0.33112 -0.346678 0.428194 -0.674944 -0.363126 -0.569553 -0.906027 -0.898638 -0.791971 -0.61713 0.237094 0.449479 -0.80399 0.120536 -0.0120322 -0.80978 -0.262501 -0.360814 -1 -0.663653 -0.238546 -0.571436 0.518553 -0.987788 0.394919 -1 -0.501237 -0.411419 0.187477 -0.796593 -0.98074 -1 0.131517 0.16366 -0.09836 
-0.551661 -0.213533 -1 0.147681 0.209239 0.00463142 -1 -0.318665 -1 -0.892209 0.0646508 0.44751 -0.774349 -0.496093 -0.925733 -0.896597 -0.240154 -0.940333 -0.991846 -0.683038 -0.31984 -0.704919 0.0868348 -1 -0.996904 -0.81959 -0.083934 -0.138611 -1 -0.992445 0.158962 -0.873233 -1 -1 -1 -1 -1 -0.941527 -0.887882 -0.575937 0.412191 -0.0028442 -0.944379 -1 -0.378727 -0.498107 -0.105457 -0.687338 0.00340414 -0.986362 -0.742183 -1 0.0114145 -1 0.42967 -0.904638 -1 -0.99583 -0.845609 -0.930077 -0.386601 0.646848 -0.551275 -0.836685 -0.248477 0.124324 -0.823078 -0.995718 0.668912 -0.8428 -0.805674 -0.384754 -0.189943 -1 -0.305274 -0.98194 -0.570629 -0.997956 -0.760665 -1 -0.819842 -1 0.108058 -0.305434 -0.34267 -0.848811 -0.916491 0.323084 -1 -0.518821 0.00966977 0.106545 -1 -0.842184 0.466511 -0.957296 0.103081 -0.0441949 0.828705 -0.95889 -0.297576 0.10097 -0.627288 -0.861723 0.506187 -0.14442 -0.512841 0.367455 -0.519551 -0.529404 -1 -0.510236 -0.786199 -1 -0.899994 -1 -0.47552 -0.544387 0.45583 -0.993835 -0.416568 -0.105025 -0.560688 0.226111 0.0256336 -0.649949 -0.545472 0.0389612 -0.306184 0.134649 -0.0453698 0.0942085 -0.747038 -0.164357 -1 -0.854077 0.0829894 -1 
-0.751785 -0.0691617 -1 -0.00805278 0.127113 -0.531891 -1 -0.320416 -1 -1 -0.10099 -0.0727833 -1 -0.761256 -1 -0.982982 -0.533975 -0.985693 -0.962082 -0.842627 -0.539587 -0.407284 0.0240824 -0.942139 -0.993218 -0.754937 -0.412362 -0.244263 -1 -0.763672 -0.468288 -0.93855 -1 -1 -1 -1 -1 -1 -1 -0.811671 0.292374 0.13317 -0.989697 -1 0.117078 -0.509095 -0.5085 -0.678825 -0.0388777 -1 -0.844595 -0.913807 -0.0620325 -0.992953 0.349697 -1 -1 -1 -1 -1 -0.726214 0.494718 -0.826623 -0.576458 -0.13653 -0.125928 -0.86987 -1 0.529131 -0.540009 -0.822422 -0.82001 0.042715 -1 -0.25585 -1 -0.5406 -0.942296 -0.76002 -1 -1 -1 0.115763 -0.62602 -0.433342 -1 -1 -0.334414 -1 -0.279482 -0.276115 -0.460802 -1 -1 0.029991 -0.990861 0.401435 -0.775026 0.804882 -0.626361 -0.785823 -0.165499 -0.438988 -0.889923 0.496303 -0.221407 -0.940078 0.211791 -0.539608 -0.574978 -1 -0.229517 -0.754103 -0.984263 -1 -1 -0.557055 -0.750554 0.474378 -0.979882 -0.798946 -0.200658 -0.490286 -0.101834 0.14214 -0.354738 -0.874006 0.0127267 -0.350902 -0.051115 -0.488396 0.344523 -1 -0.0180983 -1 -1 0.343453 -0.999362 
0.44993 -0.598732 -0.327011 0.791743 0.629377 -0.743531 -0.7703 -0.160472 -0.738259 -0.434919 0.368703 0.45796 0.135784 -0.916473 -0.00759301 -0.509959 0.519879 -0.518908 0.630041 -0.177908 0.401901 -1 -0.156242 0.813351 -0.741444 0.894576 -0.783041 -0.600985 0.670984 -0.835142 -1 0.508693 -0.352254 -0.977756 -1 0.815925 -1 0.514533 -0.0759223 -0.0860751 0.831129 0.0811458 0.00885276 -1 0.902881 -0.489187 -0.701663 0.264627 0.0859816 -0.266336 0.356513 -0.806461 -0.12267 0.235561 -0.620509 -0.60951 -0.154726 -1 -0.821278 0.498955 -0.122548 0.770979 -1 -0.048846 -0.895327 0.269289 -0.588671 0.245885 0.356845 -0.119492 0.742836 -1 0.329226 0.187028 -0.67518 -0.83 -0.0889972 -0.506292 -1 0.492467 -1 -0.409288 -0.847943 -0.672207 -0.320119 -1 0.938869 -0.986606 -0.377154 0.339723 -0.538495 -0.389024 -0.785486 -0.469698 0.5185 -1 -0.406647 0.223727 0.693327 -0.459586 -0.55398 0.275095 0.757865 -0.160297 -0.77448 0.43335 -0.529208 -0.165841 -0.82056 -0.834113 -0.944389 -0.445404 -0.411533 0.857792 0.339937 -0.462015 0.791957 0.479028 -0.308758 -0.316463 -0.273177 -1 -1 -0.317608 -0.105106 0.653783 -0.823635 0.544518 -0.987833 -0.53513 -0.571219 0.268803 -0.816266 -0.912939 -0.767247 0.786495 0.21682 0.731612 
0.287422 -0.705372 -0.32972 0.814299 0.637497 -0.78751 -0.797562 -0.231192 -0.938054 -0.443191 0.564524 0.359686 0.110043 -0.619101 -0.088466 -0.509959 0.512672 -0.493383 0.608495 -0.106137 0.52243 -0.93167 -0.137315 0.799166 -0.816134 0.845315 -0.782573 -0.750298 0.652578 -0.86789 -1 0.535168 -0.419239 -1 -1 0.771427 -1 0.44919 -0.0648425 -0.0745748 0.56938 -0.0227729 -0.297134 -0.837438 0.81965 -0.740564 -0.786503 0.169817 0.000214092 -0.205323 0.244826 -1 -0.160845 0.473108 -0.809552 -0.660116 0.0845586 -0.922838 -0.991092 0.449117 -0.150379 0.656991 -1 -0.157287 -0.926745 0.215145 -0.453015 0.246532 0.312387 0.0984823 0.635209 -1 0.213048 0.0985948 -0.419283 -0.88009 -0.105269 -0.617929 -1 0.516712 -1 -0.472816 -0.821449 -0.565326 -0.393701 -1 0.892098 -0.74692 -0.478228 0.376436 -0.634802 -0.486203 -0.704092 -0.487718 0.509062 -0.980697 -0.366381 0.307599 0.474772 -0.456775 -0.255047 0.187013 0.511852 -0.306887 -1 0.395611 -0.648669 -0.213032 -0.827808 -0.83032 -0.866406 -0.169068 -0.451584 0.605594 0.272765 -0.560233 0.705165 0.803979 -0.64591 -0.312984 -0.381245 -1 -1 -0.33508 -0.379952 0.441246 -0.875874 0.498837 -0.906405 -0.855296 -0.571219 0.229665 -1 -1 -0.923509 0.78943 0.109992 0.532318 
-0.751598 -0.269399 -1 0.266263 -0.0798404 -0.173202 -1 -0.0934247 -0.98237 -0.981579 -0.0113536 0.382026 -0.865043 -0.350552 -0.992007 -0.941478 -0.482046 -0.981052 -1 -0.678504 -0.31795 -0.605522 0.134246 -1 -1 -1 -0.144272 -0.169192 -0.98005 -0.761691 -0.308883 -0.973651 -0.948959 -0.939774 -0.910642 -1 -1 -0.993226 -1 -0.316556 0.523368 -0.0233154 -0.919537 -0.789798 0.0217459 -0.694476 -0.344835 -0.674512 0.196266 -0.934088 -0.815316 -1 -0.197538 -1 0.398679 -0.983011 -0.953318 -0.987851 -0.891509 -1 -0.683058 0.60978 -0.539981 -0.593919 -0.126975 -0.0817367 -1 -1 0.521164 -0.920157 -0.925984 -0.641444 -0.104135 -1 -0.472148 -0.771742 -0.526825 -1 -0.957647 -0.985464 -0.715739 -0.931895 0.104449 -0.617218 -0.513194 -0.898374 -0.909131 0.304384 -0.997387 -0.213735 -0.231553 -0.0782487 -1 -1 0.510818 -0.995213 0.362881 -0.424867 0.769673 -0.959336 -0.297497 -0.133776 -0.672835 -0.907499 0.526287 -0.110198 -0.544284 0.0678252 -0.705041 -0.738538 -0.989311 -0.632042 -0.83892 -1 -0.881678 -0.960558 -0.34443 -0.753371 0.425439 -1 -0.309604 -0.0290912 -0.954333 0.00792709 0.198654 -0.352078 -0.514502 -0.056775 -0.317227 -0.0221559 -0.0820374 0.23794 -0.982018 -0.0686693 -1 -0.746061 0.131118 -1 
-0.553739 -0.0419414 -0.929338 0.301956 0.275564 -0.0201024 -1 -0.0330732 -0.958086 -0.692377 -0.0565523 0.392672 -0.806064 -0.289529 -1 -0.912497 -0.209655 -1 -1 -0.685757 -0.31795 -0.301895 0.0630937 -1 -0.968063 -0.879119 -0.22815 0.00589547 -0.801505 -0.730734 -0.00408763 -0.859322 -0.949395 -0.922606 -1 -1 -1 -1 -0.82373 -0.449532 0.544736 0.132072 -0.944379 -0.920499 0.0500279 -0.5594 -0.255528 -0.494006 0.150615 -1 -0.672863 -0.701593 -0.0506292 -0.996498 0.479185 -0.931006 -0.983929 -0.851882 -0.861974 -1 -0.520381 0.497452 -0.550837 -0.560504 0.0348157 0.124324 -0.786439 -0.997189 0.548166 -0.604884 -0.910087 -0.45297 0.0142312 -1 -0.300118 -0.739034 -0.278706 -1 -0.788453 -0.99899 -0.864475 -1 0.171927 -0.450074 -0.376424 -0.88508 -1 0.263886 -0.973515 -0.139293 -0.0191588 -0.190135 -1 -1 0.541909 -1 0.320608 -0.144151 0.706204 -0.781351 -0.313472 0.00948302 -0.382855 -0.827284 0.496303 -0.095806 -0.512841 0.278311 -0.443731 -0.568794 -1 -0.27252 -0.583564 -0.996954 -0.825035 -1 -0.194828 -0.578689 0.446819 -1 -0.265167 -0.0724174 -0.481295 0.191797 0.331628 -0.354738 -0.664115 0.124192 -0.335587 0.0983476 -0.000710765 0.364141 -0.728384 0.0951188 -1 -0.745993 0.361317 -1 
0.109942 -0.794454 -0.357727 0.513512 0.328644 -1 -0.779789 -0.324189 -0.955801 -0.57239 0.791234 0.296987 0.0137344 -0.803256 0.140545 -0.534032 0.338157 -0.850627 0.0638524 0.123696 0.623371 -0.940412 -0.465018 0.370753 -0.726912 0.67055 -0.478929 -1 0.440985 -0.788406 -1 0.250176 -0.546438 -1 -0.991144 0.438012 -1 -0.146055 -0.452504 0.0153391 0.542266 -0.00605915 -0.294476 -0.602697 0.646216 -0.510682 -0.822341 -0.173261 -0.287147 -0.330227 0.0700058 -1 -0.0786252 0.334642 -1 -0.882582 -0.299152 -0.957103 -1 0.357175 -0.607827 0.195094 -1 -0.669025 -1 -0.262341 -0.994197 0.288889 0.219126 -0.333738 0.364335 -0.562188 -0.110267 -0.154999 -0.557125 -1 -0.345705 -0.235585 -1 0.610544 -0.992082 -0.0634022 -0.86331 -0.844688 -0.884441 -1 0.411888 -1 -0.473262 0.310513 -0.756812 -0.788388 -0.733373 -1 0.933955 -1 -0.250044 0.255782 0.907229 -0.101025 -0.219998 0.122924 0.223651 -0.406457 -1 0.30403 -0.714316 -0.575149 -0.772268 -1 -0.857004 -0.574063 -0.630716 0.520298 0.566876 -0.911182 0.638958 0.0107136 -0.710036 -0.675674 -0.169377 -1 -0.789972 -0.74929 -0.66969 0.34598 -0.958657 0.307708 -1 -0.691476 -0.892775 0.135344 -0.886109 -1 -0.878867 0.363489 -0.151252 -0.163636 
-0.54764 0.000915661 -1 0.2663 0.28715 0.0281935 -1 -0.18474 -1 -0.776902 -0.152066 0.392672 -0.770014 -0.366793 -1 -0.961804 -0.409927 -0.986895 -1 -0.862579 -0.463348 -0.24804 0.173881 -0.949647 -1 -1 -0.0705465 -0.0996191 -0.891687 -0.883526 -0.110627 -0.802444 -0.980393 -1 -1 -1 -0.99214 -0.928247 -0.948836 -0.417441 0.302619 -0.0365194 -1 -1 -0.195074 -0.579628 -0.119944 -0.755822 0.212523 -0.982431 -0.806631 -0.928983 -0.189555 -1 0.4237 -1 -1 -0.861692 -1 -1 -0.41755 0.476208 -0.550837 -0.606965 0.0155006 0.124324 -0.786439 -0.994429 0.520218 -0.632091 -0.805674 -0.412666 -0.120323 -1 -0.305274 -0.969881 -0.403714 -1 -1 -1 -0.664888 -1 0.154953 -0.369318 -0.645497 -0.902041 -0.994748 0.352767 -1 -0.18972 -0.0187112 -0.0749058 -1 -0.871696 0.574888 -1 0.210116 -0.109871 0.539081 -0.767107 -0.594812 -0.0810142 -0.576284 -0.941565 0.496303 -0.0791982 -0.623385 0.297517 -0.461439 -0.490894 -1 -0.558311 -0.604252 -1 -1 -1 -0.419511 -0.650992 0.432446 -1 -0.334068 -0.043276 -0.77757 0.133282 0.153467 -0.391941 -0.557419 0.0768272 -0.291652 0.153362 -0.125035 0.248648 -0.931743 -0.435336 -0.95391 -0.699988 0.282841 -0.917888 
-1 -0.439858 -0.455138 -0.197422 -0.584085 -0.985641 -0.212553 -0.531909 -0.596439 0.634514 -0.629596 -1 0.543856 -0.592824 -0.227397 -0.872862 -0.158845 -0.168101 0.298812 0.166592 -0.178223 0.83319 -0.751316 -0.892801 0.817902 -0.725421 -0.639066 0.141684 -0.882592 -0.186071 -0.354612 0.0785116 0.0515187 0.323365 0.633555 -0.309079 0.754361 -0.426929 0.648415 0.811511 0.513339 -0.456538 0.137807 0.0213599 -0.0573697 0.129961 0.179102 0.550684 0.770569 0.635309 0.54998 -0.0967457 0.864095 -0.981317 -1 0.0621959 -0.552668 -0.772314 -0.936414 -0.725347 0.929702 -0.169995 -0.0636873 -0.91792 -0.765737 0.0817275 -0.331535 0.313108 -1 0.835391 0.62707 -0.160557 -0.343267 -0.169419 0.393751 -0.616249 0.264535 0.36178 0.225941 0.0827465 0.583472 -0.122904 -0.464626 0.219546 -0.324074 -0.0886538 0.197181 0.0982725 0.189649 -0.486404 -0.934866 -0.146623 -0.553481 -0.658486 -0.727681 0.00443593 -0.689986 0.670834 -0.18601 0.655264 0.590701 0.164144 -0.0625144 0.471035 -0.410358 0.796742 0.587589 0.297927 -0.340721 -0.305693 -0.207624 -0.944272 0.503717 -0.789653 -0.0343687 0.1134 -1 0.826923 -0.0213723 -0.356931 -1 -0.299885 -0.669672 -0.308636 -0.91234 0.033037 0.363278 0.630695 -0.0821711 -0.628235 -0.0668166 -0.2851 0.365676 -0.33173 0.333348 -0.795371 0.380238 -0.0588162 
-0.590718 -0.242201 -1 0.239801 0.0973903 -0.0593761 -1 -0.319295 -1 -0.97962 -0.124678 0.392672 -0.781681 -0.295934 -0.961848 -0.955787 -0.191941 -0.930028 -1 -0.652265 -0.503789 -0.428281 0.235672 -1 -1 -0.833315 -0.0771884 -0.184699 -1 -1 0.0562281 -1 -0.96217 -1 -1 -1 -1 -0.854398 -0.927949 -0.481854 0.440593 0.139262 -1 -1 -0.213181 -0.596398 -0.21584 -0.755792 0.177941 -1 -0.918614 -0.879649 -0.019978 -1 0.42967 -0.867371 -1 -0.99583 -0.840238 -1 -0.433436 0.681979 -0.550837 -1 -0.357713 0.0741794 -0.811964 -1 0.670936 -0.706952 -1 -0.80687 -0.0398446 -1 -0.398905 -0.790962 -0.266067 -1 -0.693218 -1 -0.819842 -1 0.0654722 -0.321228 -0.372551 -0.935634 -1 0.362238 -1 -0.407632 -0.219868 -0.209018 -1 -0.822736 0.399036 -0.957296 0.145561 -0.118861 0.860526 -0.753981 -0.223727 -0.0334084 -0.697169 -0.916935 0.506187 -0.0601143 -0.468531 0.243777 -0.736114 -0.527321 -0.997381 -0.495987 -0.708595 -0.993063 -0.90366 -0.93166 -0.230038 -0.640227 0.461787 -0.960996 -0.283557 -0.0732683 -0.629338 0.158643 -0.262372 -0.255601 -0.669975 0.0574257 -0.308329 0.134649 -0.0809422 0.422468 -0.682154 -0.32174 -1 -0.889625 -0.0229819 -1 
0.130779 -0.829945 -0.551421 0.161753 0.109323 -0.904709 -0.98055 -0.504784 -1 -0.703421 0.827306 0.523594 0.180658 -0.796432 0.349094 -0.433923 0.462571 -0.455973 0.589699 -0.00885922 0.455807 -1 0.0132531 0.444487 -1 0.450627 -0.790601 -0.633545 0.704698 -0.826133 -1 0.496356 -0.459546 -0.940444 -1 0.55676 -0.984862 0.347495 -0.774973 -0.259914 0.719311 -0.237835 -0.0479387 -0.752818 0.685093 -0.324596 -0.975295 -0.107211 -0.0968979 -0.184686 -0.249117 -1 -0.345881 0.541018 -0.705941 -0.53838 -0.345985 -1 -0.740012 0.376698 -0.49874 0.508427 -0.981225 -0.45738 -1 0.127869 -0.505056 0.253312 0.113142 -0.528883 0.743993 -0.711938 0.0943547 -0.364586 -0.840641 -0.817523 0.194197 -0.452475 -1 0.942694 -1 -0.171027 -0.796449 -0.680013 -0.689679 -1 0.920629 -1 -0.336131 0.34403 -0.523625 -0.992956 -0.672929 -0.617389 0.49824 -1 -0.298623 0.227346 0.576426 -0.276688 0.013701 0.410445 0.731224 -0.172713 -0.57468 0.357256 -0.805669 -0.334087 -0.662678 -0.957191 -0.927783 -0.454481 -0.638074 0.47307 0.704265 -1 0.657153 0.181272 -1 -0.551568 -0.777751 -0.987168 -0.91602 -0.35606 -0.170106 0.45362 -1 0.262284 -1 -0.683332 -0.67429 -0.145229 -0.63931 -1 -0.803582 0.532092 0.192389 0.13988 
-0.553739 -0.038816 -0.939693 0.288262 0.255505 0.00463142 -1 -0.0212903 -0.942101 -0.636929 -0.0113536 0.392672 -0.774349 -0.233816 -1 -0.912497 -0.209655 -1 -1 -0.683792 -0.31795 -0.24804 0.0280689 -1 -0.968063 -0.833315 -0.173549 0.00589547 -0.782488 -0.730734 -0.00408763 -0.873233 -0.96217 -0.92328 -1 -1 -0.979742 -1 -0.82373 -0.384153 0.567538 0.132984 -0.944379 -0.887966 0.0958777 -0.579628 -0.255528 -0.494006 0.148276 -1 -0.672863 -0.697284 -0.0506292 -1 0.475821 -0.881457 -1 -0.812136 -0.857481 -1 -0.520381 0.497452 -0.550837 -0.560504 0.0348157 0.124324 -0.786439 -1 0.575947 -0.604884 -0.822422 -0.459519 0.0142312 -1 -0.270067 -0.739034 -0.222704 -1 -0.788453 -0.991749 -0.864475 -1 0.154953 -0.444225 -0.376424 -0.88508 -1 0.291885 -0.973515 -0.139293 0.00966977 -0.190135 -1 -1 0.541909 -1 0.353345 -0.118861 0.706204 -0.69315 -0.305764 0.0195552 -0.382855 -0.776042 0.496303 -0.0791982 -0.512841 0.303274 -0.443731 -0.549896 -1 -0.271052 -0.583564 -1 -0.825035 -1 -0.194828 -0.578689 0.461787 -1 -0.265167 -0.0732683 -0.480622 0.191797 0.366873 -0.354738 -0.650845 0.124192 -0.291652 0.134649 -0.00723916 0.364141 -0.686697 0.132579 -1 -0.73326 0.361317 -1 
0.459276 -0.749843 -0.612589 0.456811 0.525043 -0.982388 -0.628146 -0.548461 -0.968096 -0.411202 0.701631 0.728519 0.078073 -0.919248 0.221572 -0.481677 0.0950908 -0.724383 0.613683 0.167353 0.531528 -0.948487 -0.0685247 0.613887 -1 0.539834 -0.767848 -0.67064 0.740609 -0.917873 -1 0.227768 -0.344346 -1 -1 0.239703 -1 0.563443 -0.642359 0.0521708 0.370461 -0.353987 -0.0320988 -0.549122 0.509718 -0.604268 -1 -0.357849 0.304263 -0.244677 -0.0917879 -0.98316 -0.283963 0.541018 -0.999075 -0.472982 0.0239361 -1 -0.772982 0.299371 -0.240535 0.548899 -1 -0.806726 -1 0.132186 -0.97224 -0.312842 0.102573 0.203 0.710838 -0.78473 0.0784885 -0.231043 -0.631667 -0.82448 -0.0413746 -0.432057 -1 0.836504 -0.953348 -0.430914 -0.67447 -0.542034 -0.527624 -1 0.69435 -1 -0.322962 0.143624 -0.573248 -0.403756 -0.617826 -0.55919 0.5575 -1 -0.194899 0.172301 0.756279 -0.248297 -0.0564998 0.24799 0.650201 -0.382067 -0.576098 0.404734 -0.74352 -0.272183 -0.782472 -1 -0.641936 -0.338045 -0.92977 0.130748 0.495789 -0.674956 0.418784 0.104284 -0.543349 -0.613725 -0.115035 -1 -1 -0.251957 -0.361196 0.318513 -1 0.226494 -0.979509 -0.925222 -1 0.273925 -0.560846 -1 -1 0.514351 -0.272796 0.210754 
0.361508 -0.598732 -0.579036 0.79556 0.563806 -0.704228 -0.825751 -0.218611 -0.837517 -0.300312 0.397619 0.434025 0.109399 -0.782128 0.0817882 -0.509959 0.363154 -0.43523 0.5298 0.169347 0.655836 -0.919969 -0.533668 0.684911 -0.92641 0.893633 -0.939824 -0.660188 0.274018 -1 -1 0.480027 -0.286805 -1 -1 0.702798 -1 0.496254 -0.230277 -0.144556 0.620697 -0.30807 -0.113235 -0.772556 0.995348 -0.619416 -0.875727 0.265834 -0.449247 -0.269856 0.285368 -0.771722 -0.300928 0.321354 -0.70309 -0.659594 -0.183178 -1 -1 0.357024 -0.49443 0.76183 -1 -0.240263 -0.971502 0.363505 -0.502669 0.245885 0.21852 -0.269637 0.465945 -1 -0.193368 0.263353 -0.538562 -0.945578 -0.0564715 -0.673499 -1 0.314215 -1 -0.394586 -1 -0.764678 -0.400891 -0.999473 0.754846 -0.870247 -0.349371 0.180195 -0.504936 -0.511967 -0.718792 -0.550068 0.620254 -1 -0.225778 0.310507 0.65287 -0.527231 -0.428302 0.143281 0.597272 -0.217534 -1 0.43335 -0.683292 -0.492 -0.808345 -0.857959 -0.808239 -0.12405 -0.420289 0.516071 0.276783 -0.672048 0.759625 0.679704 -0.491242 -0.274255 -0.709713 -1 -0.79636 -0.306099 -0.363488 0.558419 -1 0.264578 -0.863884 -0.635581 -0.672357 0.227087 -1 -1 -1 0.361444 -0.120287 0.15586 
-0.54764 -0.0613098 -1 0.209787 0.160711 -0.0402559 -1 -0.258725 -0.94835 -0.54006 0.00105788 0.392672 -0.794704 -0.259586 -1 -0.941133 -0.505236 -0.964579 -1 -0.718272 -0.369502 -0.24804 0.0348331 -1 -1 -0.855643 -0.198366 -0.112553 -0.967651 -0.651782 0.0457652 -0.922108 -1 -1 -1 -1 -0.983744 -1 -1 -0.384153 0.508556 0.0404424 -0.990703 -0.880418 0.0958777 -0.621087 -0.106693 -0.767146 -0.0386937 -1 -0.689911 -0.698676 -0.287148 -0.971239 0.475821 -0.881457 -0.967143 -1 -0.962091 -1 -0.696345 0.681979 -0.717532 -0.579584 -0.00415108 -0.0131651 -0.821222 -1 0.513884 -0.502356 -0.800897 -0.80125 0.0142312 -1 -0.61955 -0.786894 -0.468151 -1 -0.793054 -1 -0.686211 -1 -0.0205894 -0.338754 -0.438929 -0.883424 -0.915206 0.301095 -1 -0.0828839 0.0293935 -0.0320613 -1 -0.902504 0.570075 -0.929238 0.331766 -0.112312 0.792029 -0.778072 -0.348212 0.0242337 -0.710859 -1 0.494951 -0.0574329 -0.547361 0.291419 -0.443731 -0.574299 -1 -0.322708 -0.583564 -0.990091 -0.832941 -1 -0.277599 -0.578689 0.439958 -0.985982 -0.372486 -0.125501 -0.480622 0.146575 0.327246 -0.40942 -0.538825 0.124192 -0.445852 0.134649 -0.00723916 0.215862 -0.797119 0.0746158 -1 -0.667994 0.218784 -0.870709 
0.0858795 -0.690287 -0.88622 0.549423 0.437013 -1 -1 -0.525551 -0.788188 -0.484137 0.575744 0.534027 -0.118275 -1 0.281471 -0.805059 0.050279 -0.563534 0.429112 -0.358811 0.809986 -1 0.0492738 0.301605 -1 0.536227 -0.238531 -0.503863 0.320637 -1 -0.946914 -0.0458357 -0.437704 -1 -0.970049 0.440493 -0.950708 0.236148 -0.747123 -0.087287 0.65295 -0.139808 -0.0784431 -0.434646 0.230029 -0.721164 -0.876613 -0.126901 0.245883 -0.227261 0.376651 -1 -0.395546 0.53918 -0.833954 -0.58761 -0.105257 -1 -0.916742 -0.0429774 -0.281857 0.488994 -1 -0.609448 -0.931929 -0.00524411 -1 0.172205 -0.185481 0.142775 0.815362 -0.97078 0.0778014 -0.201206 -0.874824 -0.65636 -0.188016 -0.502688 -0.888016 0.788503 -1 -0.452407 -0.572096 -0.243504 -0.550336 -1 0.627764 -1 -0.450944 0.0608779 -1 -0.753282 -1 -1 0.259257 -1 -0.356882 0.46699 0.532682 -0.456053 -0.6113 0.273385 0.504651 -0.431731 -0.869618 0.127221 -0.608095 -0.668323 -0.618351 -0.969762 -0.934976 -0.596319 -1 0.350529 0.80381 -0.514791 0.56379 -0.0751843 -0.424728 -0.42401 -0.814209 -1 -1 -0.220546 -0.403308 0.0103986 -1 0.390222 -1 -0.464062 -0.533903 -0.286069 -1 -1 -0.979189 0.20435 -0.166638 -0.112395 
0.583443 -0.683024 -0.421808 0.274624 0.398558 -1 -0.807064 -0.360011 -0.998111 -0.548943 0.904533 0.616334 0.0524239 -0.586471 0.351838 -0.475158 0.205983 -0.65667 0.531903 0.0782041 0.791178 -0.996001 -0.0370828 0.554983 -0.781435 0.701449 -0.793942 -0.563968 0.479651 -0.881416 -0.992433 0.263021 -0.6901 -1 -1 0.676853 -0.885093 0.278558 -0.314545 -0.164236 0.608854 -0.0933834 -0.187557 -0.588615 0.76796 -0.495744 -0.761508 0.141854 0.225847 -0.423885 0.179129 -1 0.0461159 0.399959 -0.876285 -0.422856 -0.282193 -0.979037 -0.795394 0.363691 -0.215632 0.594065 -1 -0.38329 -0.887507 -0.176187 -0.690665 -0.124829 0.235587 0.266012 0.619627 -0.690685 0.28512 -0.0101239 -0.505176 -0.817248 0.0346961 -0.63458 -1 0.832459 -1 -0.292747 -0.833422 -0.326557 -0.454177 -1 0.742839 -1 -0.366896 0.383049 -0.604474 -0.503928 -1 -0.730843 0.843957 -0.889324 -0.447066 0.459325 0.571552 -0.375569 -0.00750214 0.203603 0.635191 -0.754241 -0.517316 0.0393995 -0.951802 -0.291507 -0.630217 -0.9807 -1 -0.362319 -0.726649 0.428416 0.615401 -0.891962 0.611638 0.190684 -0.560196 -0.37154 -0.280333 -1 -0.988606 -0.254266 -0.130077 0.39701 -0.972926 0.353805 -1 -0.380445 -0.503973 0.0576519 -0.608277 -0.933201 -0.828527 0.494402 0.00714628 0.0983791 
-0.851391 -0.038816 -1 -0.0353531 0.242019 -0.26645 -0.962212 -0.559143 -1 -0.859432 0.0119094 0.114495 -1 -0.205306 -0.892446 -0.885017 -0.269297 -1 -1 -0.745518 -0.322318 -0.68587 0.16483 -1 -0.862478 -1 -0.083934 -0.226217 -1 -1 -0.00754133 -1 -1 -1 -0.915467 -1 -0.996167 -1 -1 -0.353489 0.571231 -0.158951 -1 -1 0.0699896 -0.871377 -0.119944 -0.681786 -0.196296 -1 -0.633229 -0.750744 -0.0972873 -0.982927 0.544506 -0.86591 -1 -0.912363 -0.840238 -1 -0.834903 0.681979 -0.809034 -1 -0.0719654 -0.305293 -0.837498 -1 0.702311 -0.761813 -0.804831 -0.49555 0.0111182 -0.978569 -0.714559 -0.817717 -0.437339 -1 -1 -1 -0.668997 -1 0.188612 -0.482471 -0.466372 -0.933677 -1 0.13327 -0.975738 -0.130885 0.0164611 -0.117119 -0.844261 -1 0.488108 -1 0.145779 -0.118861 0.389446 -0.690819 -0.527154 0.0344431 -0.712063 -0.63558 0.316965 -0.271168 -0.763166 -0.0215965 -0.443731 -0.815267 -1 -0.103602 -0.998959 -0.844491 -0.867482 -1 -0.434622 -0.756357 0.261255 -1 -0.547012 -0.330479 -0.575994 -0.413008 0.300196 -0.572558 -0.604131 -0.00609756 -0.489453 -0.0174552 -0.378826 0.230232 -0.685827 0.0424232 -1 -0.792113 0.348919 -0.948226 
0.533446 -0.723164 -0.39683 0.331694 0.581353 -0.769656 -0.660028 -0.544744 -0.937527 -0.445352 0.741801 0.574501 0.0921328 -0.505002 0.36892 -0.527219 0.483063 -0.588686 0.504961 -0.0244352 0.508718 -0.924351 -0.036943 0.589522 -0.860251 0.630632 -0.411196 -0.682541 0.753385 -0.913805 -1 0.536382 -0.510612 -1 -1 0.763979 -0.989833 0.410856 -0.165317 -0.00472402 0.632262 -0.0768982 0.0522266 -0.490778 0.776154 -0.522246 -0.87478 0.0576383 0.324738 -0.12662 0.246891 -1 0.0558039 0.48254 -0.900531 -0.448447 -0.0948875 -1 -0.744564 0.553508 -0.257717 0.688415 -1 -0.436135 -0.835755 -0.0214511 -0.681865 0.0623974 0.272772 0.114341 0.963388 -0.703314 0.273706 -0.0332113 -0.483038 -0.739763 0.0817438 -0.289641 -1 0.70662 -1 -0.21471 -0.822819 -0.339203 -0.635651 -1 0.781652 -1 -0.25638 0.617725 -0.604233 -0.523953 -0.633014 -0.62111 0.777971 -1 -0.306446 0.533905 0.819144 -0.151322 -0.350127 0.560327 0.861547 -0.340495 -0.54779 0.372402 -0.870525 -0.263223 -0.774707 -0.939809 -0.922179 -0.565874 -0.61009 0.418704 0.760308 -0.590296 0.640791 0.193941 -0.454057 -0.295495 -0.090476 -1 -0.643819 -0.264954 -0.147886 0.483044 -0.997743 0.496899 -1 -0.461377 -0.672476 0.309215 -0.644946 -1 -0.889713 0.477032 0.00996413 0.257586 
-1 -0.149497 -0.746698 0.182235 0.491707 0.392051 -0.129632 -0.827449 -0.039423 -0.502637 -0.289127 0.718233 -0.103833 -1 0.706394 -0.339251 -1 0.789714 -0.561314 -0.612437 -0.116888 -0.995871 0.813901 0.37538 -0.787141 -1 -0.121133 0.590531 0.114784 -0.890875 -0.640056 0.472913 -0.779295 0.557158 0.707194 -0.846739 -0.582215 0.636738 0.552985 -1 0.915012 0.602039 -0.977292 -0.214255 -0.0221579 0.807847 -0.543316 0.0117111 -0.672061 0.733902 0.908431 0.882979 -0.128427 -0.222967 -0.894422 0.612414 0.49581 -0.532732 -0.71841 0.855984 0.69545 0.0657941 -0.320917 0.730493 0.799232 0.104168 -0.4447 -0.337295 0.0985656 0.0667128 0.590821 -0.812838 -0.817084 0.221487 0.69291 0.590071 0.0291559 -0.510342 0.675234 0.614284 0.133172 0.757795 -0.455536 -0.472743 0.837303 -0.817159 -0.999457 0.23262 -0.800986 -0.113961 0.161295 -0.998136 0.923007 0.360529 -0.319014 -0.847193 -0.429418 0.527555 0.560239 -0.198468 -1 -0.854479 0.868219 -0.0910081 -0.635149 -0.367989 -0.628856 0.409535 -0.258076 -0.991027 -0.294153 -1 -0.0993398 0.578908 -0.461678 -0.249696 0.708489 0.8795 0.92045 -0.343291 0.694813 -0.433654 0.307347 -0.501069 -0.0662488 -0.600317 -0.234298 -0.428619 0.120809 0.0939678 0.0589032 0.228055 0.170291 -0.682389 -0.452888 -0.201821 0.525233 -0.0956263 
-0.795624 0.084625 -1 0.0970594 0.0556784 -0.158544 -1 -0.0976316 -1 -0.823175 -0.238623 0.287605 -0.98638 -0.16728 -0.950545 -1 -0.931222 -0.975155 -1 -1 -0.337182 -0.221179 -0.395172 -1 -1 -0.902198 -0.121966 -0.0207812 -1 -0.936625 0.117055 -1 -1 -1 -1 -1 -1 -1 -1 -0.506523 0.272722 -0.0773084 -1 -1 -0.165862 -0.515011 -0.365405 -0.79849 -0.28609 -1 -0.749506 -1 -0.461837 -1 0.261408 -1 -0.936228 -0.790802 -1 -0.953735 -0.736995 0.511567 -0.610771 -1 0.0348157 0.127873 -1 -0.978146 0.622826 -0.844657 -0.952929 -0.657496 -0.408956 -1 -0.498362 -0.679571 -0.82354 -1 -0.929981 -0.967691 -0.867545 -1 0.0945542 -0.429711 -0.492881 -1 -0.964469 0.00170266 -1 -0.28597 -0.0780651 -0.530165 -1 -1 0.478693 -1 0.139153 -0.244106 0.617059 -0.82761 -0.64224 -0.00195737 -0.431355 -1 0.165063 -0.248143 -0.622047 0.195475 -0.309623 -0.828305 -1 -0.553358 -0.583564 -1 -0.994294 -1 -0.429354 -0.621386 0.389315 -1 -0.336839 -0.2396 -0.490582 -0.155383 -0.0450806 -0.478388 -0.812143 0.21736 -0.303604 -0.201121 -8.85129e-05 0.323607 -0.785547 -0.028263 -1 -0.788007 0.153702 -1 
0.509747 -1 -0.529356 0.319876 0.517608 -0.953287 -1 -0.562123 -0.843761 -0.607513 0.635224 0.109522 0.133618 -0.576654 0.382834 -0.423732 -0.169516 -0.966631 0.141284 -0.161412 0.585028 -1 -0.116116 0.343988 -0.856571 0.430152 -0.564413 -0.875936 0.641509 -0.697126 -1 0.326055 -0.36725 -1 -1 0.66615 -1 0.396612 -0.287778 -0.422156 0.622741 -0.681717 0.0254409 -0.423807 0.701723 -0.792283 -1 -0.0795948 0.0791708 -0.559834 0.144369 -0.931244 0.0577189 0.39634 -1 -0.764857 -0.449964 -0.963515 -0.905793 0.435317 -0.533507 0.581542 -0.937057 -0.480035 -1 0.0794337 -0.810157 -0.0519168 -0.0231925 -0.303437 0.685115 -0.96437 -0.0473951 -0.171204 -0.657297 -0.998958 0.117842 -0.31184 -1 0.731542 -1 -0.398177 -0.735583 -0.460089 -0.662495 -1 0.944961 -0.879482 -0.463549 0.557985 -0.604579 -0.528986 -1 -1 0.37091 -1 -0.741644 0.455517 0.958762 -0.469277 -0.402904 -0.00539316 0.539169 -0.830269 -0.466753 -0.24701 -0.928559 -0.31645 -0.858995 -1 -0.988526 -0.550065 -0.861574 0.239669 0.312515 -0.758072 0.768679 -0.348469 -0.437069 -0.165166 -0.105363 -0.993455 -1 -0.300254 -0.570077 0.149384 -1 0.274173 -0.985454 -0.226528 -0.555603 0.303302 -0.982411 -1 -0.858431 0.306459 -0.508734 -0.102781 
-0.904986 -0.663914 0.226201 -0.477182 -0.632541 -1 -0.315632 -0.314623 -0.566647 0.836942 -0.736501 -0.768519 0.1982 -0.0633158 -0.262357 -0.655455 0.263943 -0.246424 0.335281 0.299612 -0.648239 0.71824 -0.858426 -0.873276 0.847372 -0.419175 -0.870908 -0.0342494 -1 0.0644073 -0.509673 0.168965 0.611643 0.67611 0.629212 -0.021571 0.796989 -0.469689 0.426878 0.652066 0.363972 -0.456538 0.172023 -0.257948 -0.00559925 0.0677164 0.284194 0.662908 0.542885 0.495977 0.668762 0.319786 0.850813 -0.801703 -1 0.13112 -0.487657 -0.984545 -1 -0.738713 0.873641 -0.631103 -0.220562 -1 -0.563872 -0.0803862 -0.258731 0.291536 -0.820397 0.542205 0.932085 -0.2633 -0.332145 -0.0675469 0.439257 -0.686487 0.301606 0.628801 0.227519 -0.146029 0.348071 0.175784 -0.726513 0.686495 -0.128381 -0.160585 0.0542333 0.350096 0.059246 -0.163217 -0.901979 -0.127953 -0.444356 -0.638351 -1 -0.0171018 -0.713388 0.401744 0.188135 0.349069 0.450576 0.235467 0.223119 0.471035 -0.363413 0.36692 0.478223 0.272812 -0.201111 -0.438162 -0.319145 -0.93883 0.207553 -0.77252 -0.0464588 -0.0561574 -0.866108 0.48668 0.155165 -0.0691857 -0.747862 -0.0162516 -0.828493 -0.233453 -0.864055 -0.199487 -0.00829962 0.458229 -0.0631344 -0.882469 -0.20034 -0.592905 0.831002 -0.00346972 0.297664 -0.273017 0.344894 0.0957465 
0.379117 -0.623608 -0.405396 0.20183 0.0359794 -0.946152 -0.897512 -0.221158 -1 -0.98266 0.543818 0.346014 -0.135491 -0.791738 0.366544 -0.721525 0.0459541 -1 0.366137 0.108767 0.387946 -1 -0.287687 0.443752 -1 0.609578 -1 -0.916341 0.567015 -0.971679 -1 -0.0571948 -1 -0.974809 -1 0.509766 -0.891912 -0.150554 -0.4065 -0.290295 0.608854 -0.403923 -0.332097 -0.550208 0.466885 -0.55934 -1 -0.0192289 -0.360718 -0.47836 -0.149307 -0.966003 0.22764 0.452766 -1 -0.391361 -0.324008 -0.994711 -1 0.185857 -0.686055 0.0385059 -1 -0.877156 -1 -0.0896489 -1 -0.124508 -0.0311506 0.00933942 0.352071 -0.690685 0.393938 -0.177412 -0.505337 -1 -0.458899 -0.744192 -0.908244 0.659787 -1 -0.470903 -1 -0.548423 -0.537584 -1 0.62129 -1 -0.460625 0.354318 -0.910281 -0.979725 -1 -0.825887 0.501305 -1 -0.587156 0.161807 0.404481 -0.959443 -0.529285 0.130212 0.2079 -0.867877 -0.656665 -0.0975675 -0.956481 -0.846351 -0.805717 -0.932192 -0.956026 -0.358501 -0.90549 0.224823 0.657645 -0.877508 0.334685 0.178964 -0.667328 -0.608566 -0.906278 -1 -0.930478 -0.244082 -0.866164 0.40482 -1 0.0830854 -1 -0.380445 -0.700776 -0.161729 -0.612797 -1 -1 0.373348 -0.326723 -0.0620449 
0.534562 -0.803207 -0.621257 0.522432 0.132869 -1 -0.907327 -0.477419 -0.872228 -0.958246 0.514579 0.640611 -0.0331641 -0.962746 0.362982 -1 0.50546 -0.306176 -0.082806 -0.169811 0.706203 -1 0.0924086 0.332595 -1 0.8752 -0.54703 -1 0.544731 -0.91016 -1 0.318085 -1 -0.904875 -0.876403 0.703998 -1 0.149828 -0.589325 0.162456 0.161879 -0.355506 -0.0388545 -0.674195 0.595416 -0.493649 -0.703402 -0.246357 0.151846 -0.494872 0.46025 -0.967936 0.00442739 -0.0127662 -0.819909 -0.562173 -0.127865 -0.937829 -0.946791 0.457873 -0.184808 0.418048 -0.997573 -0.688024 -0.990555 -0.361208 -0.569099 -0.293518 -0.186009 -0.43427 0.355739 -0.860907 -0.391109 -0.117158 -0.686356 -0.919161 0.107639 -0.601699 -0.924697 0.57344 -1 -0.149244 -0.943037 -0.474362 -0.481045 -1 0.582791 -1 -0.910709 0.501418 -0.735113 -0.831562 -0.860313 -0.721254 0.506678 -1 -0.554858 0.440493 0.541616 -0.518843 -0.22174 0.0968594 0.616878 -0.0907518 -0.898892 0.0399051 -0.552961 -0.374927 -0.705103 -0.987794 -0.939167 -0.689868 -0.40252 0.840289 0.590929 -0.843583 0.213251 0.26107 -0.838135 -0.222924 -0.2067 -0.939701 -0.727189 -0.613349 0.0194512 0.430677 -1 0.452767 -1 -0.838799 -1 0.191702 -1 -1 -0.920808 0.0580264 -0.152936 0.176955 
0.189944 -0.895589 -0.86647 0.183746 0.19768 -1 -0.878869 -0.348861 -1 -0.889401 0.500721 0.360014 -0.080679 -0.682698 0.332975 -0.72056 0.503424 -0.81739 0.0509538 -0.0216024 0.199309 -1 -0.0239785 0.696064 -1 0.370984 -0.754136 -0.717144 0.378659 -1 -0.964328 0.382644 -0.535481 -0.991965 -0.941653 0.706956 -0.941431 0.197512 -0.6249 -0.276726 0.294969 -0.17951 0.0482762 -0.732224 0.679974 -0.282527 -1 -0.628397 0.255283 -0.464683 -0.262194 -1 -0.230063 0.0275476 -0.830629 -0.635763 -0.580953 -1 -0.953087 0.381833 -0.553427 0.490147 -1 -0.293651 -0.938004 -0.0576721 -0.555469 -0.067938 0.134133 -0.00543637 0.54321 -0.759545 0.14645 -0.573389 -0.855735 -0.748429 -0.071142 -0.787726 -0.721649 0.887189 -1 0.0282466 -0.997608 -0.755115 -0.767107 -1 0.776437 -0.90025 -0.600369 0.322026 -0.761466 -0.769453 -0.736352 -0.613369 0.560448 -1 -0.460261 -0.00309739 0.813377 -0.378822 -0.516581 -0.0507773 0.877366 -0.285777 -0.559937 0.208902 -0.63188 -0.337724 -0.729606 -1 -0.711752 -0.467656 -0.75164 0.162509 0.749156 -1 0.600331 0.291422 -0.882754 -0.394954 -0.536174 -0.970015 -0.714373 -0.264743 -0.338977 0.257024 -0.985892 0.127274 -1 -0.400164 -0.347442 -0.0274457 -0.656883 -1 -1 0.17232 0.0563096 0.0109869 
0.439449 -0.614222 -0.267931 0.692828 0.520386 -0.796763 -0.854917 -0.150404 -0.782716 -0.407472 0.553418 0.281221 0.0452316 -0.859074 0.163198 -0.558311 0.465733 -0.365074 0.579677 -0.133873 0.2617 -1 -0.151134 0.813351 -0.813446 0.829632 -0.809157 -0.600985 0.591845 -0.830509 -1 0.392258 -0.452024 -1 -0.978363 0.760514 -0.97298 0.396213 0.0259235 -0.308432 0.563961 -0.0340379 -0.0795777 -0.831397 0.828629 -0.471046 -0.797689 0.313328 0.060268 -0.298032 0.356513 -0.964515 -0.143602 0.457952 -0.708148 -0.650155 0.155358 -0.999714 -0.871096 0.511483 -0.0428216 0.708869 -0.983064 -0.0256276 -0.944803 0.207309 -0.527504 0.260452 0.291058 0.176154 0.4508 -0.984443 0.278102 0.129764 -0.65106 -1 -0.0643438 -0.465163 -1 0.525106 -0.991129 -0.508281 -0.735708 -0.929421 -0.343807 -1 0.923619 -0.812143 -0.372884 0.264613 -0.538495 -0.439948 -0.606841 -0.547963 0.653123 -1 -0.226465 0.28268 0.650768 -0.459662 -0.27895 0.205742 0.756997 -0.172969 -0.907053 0.258625 -0.881172 -0.150241 -0.82056 -0.874646 -0.806632 -0.164135 -0.450422 0.768449 0.269922 -0.545799 0.78418 0.798571 -0.267214 -0.2357 -0.515648 -0.986714 -0.926245 -0.309777 -0.285702 0.66445 -0.916772 0.502852 -1 -0.478494 -0.544302 0.279678 -0.867361 -1 -0.781974 0.758162 0.173965 0.708939 
0.137619 -0.647102 -0.398719 0.303651 0.194147 -0.968576 -0.907327 -0.630066 -0.956566 -0.814334 0.492161 0.895603 0.236219 -0.734131 0.411159 -0.900562 0.260261 -0.332046 -0.237111 -0.174118 0.574353 -0.768091 -0.0999996 0.531126 -1 0.868564 -0.406027 -1 0.808575 -0.835373 -1 0.267477 -1 -1 -1 0.376223 -1 0.158668 -0.495827 0.0534181 0.283834 -0.34686 -0.0986383 -0.696198 0.601739 -0.495999 -0.729822 -0.253985 0.137869 -0.388246 0.223351 -1 0.0247697 -0.274304 -0.776023 -0.62949 -0.159736 -1 -1 0.184807 -0.397975 0.558871 -1 -0.43943 -1 -0.30632 -0.598595 -0.164697 -0.220908 -0.405871 0.427674 -0.707131 -0.361169 0.115917 -0.652413 -0.70786 0.0240532 -0.599076 -0.880219 0.805445 -1 -0.126896 -0.883876 -0.329238 -0.466579 -1 0.307657 -1 -1 0.677689 -1 -0.666154 -0.813929 -0.721254 0.473547 -1 -0.442014 0.441293 0.579181 -0.262728 -0.234836 -0.223828 0.451605 -0.075169 -0.644353 0.110112 -0.528174 -0.355425 -0.473162 -0.985315 -1 -0.688334 -0.539287 0.817908 0.570227 -0.771306 0.011852 0.208851 -0.855705 -0.354582 -0.388779 -1 -0.83071 -0.513647 0.0147383 0.629321 -1 0.452767 -1 -0.891757 -0.807752 0.250491 -0.879742 -1 -0.897986 0.000939935 -0.0778155 0.204443 
-0.590718 -0.213533 -1 0.270356 0.208714 -0.0494094 -0.980653 -0.00952583 -1 -0.892209 0.0646508 0.373593 -0.763149 -0.233816 -0.941232 -0.912497 -0.190481 -0.951055 -1 -0.697911 -0.31795 -0.522 0.252076 -1 -1 -0.853948 -0.083934 -0.133159 -0.86091 -0.989418 0.0560447 -0.871225 -1 -1 -0.992116 -1 -1 -0.93613 -0.813429 -0.575937 0.383075 0.132984 -1 -1 -0.201604 -0.604511 -0.119944 -0.494006 0.177941 -1 -0.633229 -0.895431 -0.0704419 -0.995335 0.431174 -0.892595 -1 -0.99583 -0.904889 -1 -0.445287 0.681979 -0.550837 -0.837554 -0.269524 0.104609 -0.816497 -0.985213 0.677253 -0.549151 -0.871684 -0.498559 -0.0701783 -1 -0.356652 -0.836327 -0.236222 -1 -0.679723 -1 -0.819842 -0.99111 0.121119 -0.353617 -0.354223 -0.848811 -0.926995 0.328372 -1 -0.391586 -0.0154104 0.049651 -0.96732 -0.816469 0.466511 -0.940712 0.34503 -0.147063 0.773881 -0.753981 -0.204703 0.0195552 -0.600106 -0.821997 0.496303 -0.0788397 -0.510514 0.202787 -0.443731 -0.485931 -1 -0.477951 -0.487571 -1 -0.833802 -1 -0.2549 -0.544387 0.461787 -0.999294 -0.373737 -0.0732683 -0.629338 0.191797 0.0952206 -0.408082 -0.534075 0.0574257 -0.291652 0.123514 -0.0453698 0.364141 -0.778395 -0.0376114 -1 -0.847436 0.0472267 -0.933596 
-0.733899 -0.310276 -1 0.248252 0.0361791 0.0324861 -0.97214 -0.0212903 -1 -0.633511 -0.0977927 0.187768 -0.738796 -0.422656 -0.931547 -1 -0.346565 -1 -1 -0.834561 -0.620506 -0.361632 0.139592 -0.977742 -1 -1 -0.265565 0.00972714 -0.805934 -0.904519 -0.0642912 -0.857219 -1 -1 -0.981988 -0.995116 -0.980639 -1 -0.747853 -0.470735 0.488484 -0.13565 -1 -1 0.225479 -0.862206 -0.119944 -0.733964 -0.0317766 -1 -0.795039 -0.998237 -0.230483 -1 0.490402 -1 -1 -0.890599 -1 -0.98557 -0.599579 0.458817 -0.549104 -0.59235 -0.0493752 -0.17067 -0.932356 -1 0.383634 -0.47054 -1 -0.547841 -0.117106 -1 -0.331081 -0.676978 -0.577917 -1 -0.809101 -0.950295 -0.913369 -0.996678 0.119058 -0.338823 -0.376424 -0.769968 -0.931539 0.131904 -1 -0.247302 0.0290916 -0.239598 -1 -0.882092 0.256521 -1 0.098448 -0.243236 0.232028 -0.988293 -0.322289 -0.269001 -0.602226 -0.895225 0.300024 -0.148026 -0.670742 0.141174 -0.420612 -0.890108 -1 -0.428544 -0.569948 -0.915631 -0.96069 -1 -0.315821 -0.7102 0.544952 -1 -0.185311 -0.331712 -0.852391 0.0954134 0.294265 -0.329993 -0.538352 -0.346289 -0.308462 0.2035 -0.0997546 0.0227304 -0.99795 -0.248944 -0.835375 -0.767292 0.307321 -1 
0.243707 -1 -0.420061 0.450749 0.175063 -1 -1 -0.62234 -1 -0.434828 0.776201 0.704462 0.113622 -0.884945 0.149171 -1 -0.033798 -0.556806 0.0756763 -0.0852409 0.717972 -0.85156 -0.0167832 0.0662401 -1 0.593208 -0.901996 -0.849611 0.700817 -0.885599 -1 0.500611 -0.787325 -1 -1 0.376112 -0.970213 0.156146 -0.608683 -0.084818 0.718266 -0.602271 -0.0907317 -0.553225 0.158262 -0.642868 -1 -0.182353 0.0641238 -0.896618 0.131072 -0.954877 0.0671072 -0.199806 -1 -0.693191 -0.248789 -0.825737 -0.915276 0.221487 -0.3639 0.357353 -1 -0.558012 -0.895004 -0.125399 -0.774506 -0.129858 -0.0268539 -0.227874 0.494403 -0.990734 -0.232402 -0.359272 -0.71488 -1 0.265109 -1 -1 0.58865 -1 -0.289401 -0.739475 -0.755176 -0.6338 -0.939871 0.542602 -0.925923 -1 0.540411 -1 -0.7641 -1 -0.960414 0.505648 -0.891211 -0.51781 -0.0225059 0.158416 -0.742207 -0.107627 0.213905 0.439771 -0.4403 -1 0.276798 -1 -0.497141 -0.51007 -1 -1 -0.288301 -1 0.616499 0.631272 -1 0.235376 -0.0548664 -0.718638 -0.310079 -0.313715 -0.895716 -0.931655 -0.985313 -0.685756 0.0161611 -1 0.341312 -1 -1 -1 -0.318348 -1 -0.909612 -0.895453 0.167161 -0.326744 -0.343293 
-0.359378 -0.965348 -0.975943 0.286986 0.325609 -0.998293 -0.78934 -0.515636 -1 -1 0.379781 0.409777 -0.369374 -0.989834 0.336831 -0.981752 -0.0423715 -0.813458 0.202148 -0.538188 0.648822 -1 -0.467992 0.583832 -1 0.842907 -1 -0.724679 0.621411 -1 -0.984329 0.277452 -0.963383 -0.742615 -1 -0.0711972 -1 -0.221384 -0.390317 -0.779684 0.506492 -0.22601 -0.175788 -0.677511 0.683504 -0.0335606 -0.806194 0.143165 -0.143386 -0.18709 0.286656 -0.969666 -0.763999 0.311796 -0.95827 -0.783528 -0.221613 -1 -1 0.67693 -0.856885 0.415783 -1 -0.465426 -0.91316 -0.331864 -0.794548 -0.256928 0.143553 0.023181 0.21093 -1 0.0807626 0.169409 -0.66607 -1 -0.0885573 -0.76406 -1 0.441967 -1 -0.422016 -0.981266 -0.294188 -0.418497 -1 0.552433 -0.98204 -0.880623 0.0370403 -1 -1 -0.822741 -0.818257 0.825744 -0.930701 -0.394689 -0.265354 0.503466 -0.433861 -0.108171 0.195966 0.404107 -0.460551 -0.717965 -0.0610512 -0.899649 -0.703231 -0.660404 -0.993283 -1 -0.812385 -1 0.814651 0.394025 -1 0.0284819 0.0509727 -0.854869 -0.342336 -0.72215 -1 -1 -0.436015 -0.155993 0.191081 -0.95402 0.126331 -0.985786 -0.273882 -0.876982 -0.0602356 -1 -1 -0.922589 0.522562 -0.188626 -0.348962 
0.568128 -0.781804 -0.382562 0.305328 0.558179 -0.787951 -0.660028 -0.544744 -0.955068 -0.430416 0.771024 0.551487 0.121243 -0.490337 0.341839 -0.482811 0.488585 -0.565528 0.456523 -0.0389333 0.46948 -0.911761 -0.100419 0.510536 -0.831502 0.645461 -0.440298 -0.713045 0.748984 -0.862751 -1 0.536382 -0.434789 -0.982136 -1 0.745632 -0.989833 0.423961 -0.182724 -0.0584549 0.665687 -0.0713163 0.0811565 -0.490683 0.735642 -0.513138 -0.869653 0.083553 0.27243 -0.157019 0.246891 -1 0.0617551 0.469543 -0.905017 -0.445931 -0.132263 -1 -0.744564 0.553508 -0.216935 0.743954 -1 -0.376893 -0.839551 -0.026636 -0.643004 0.0741929 0.343351 0.116957 0.948152 -0.703314 0.273706 -0.0375468 -0.458979 -0.704803 0.0568963 -0.302873 -1 0.713235 -1 -0.254746 -0.835119 -0.367552 -0.606582 -1 0.743091 -1 -0.234825 0.605479 -0.523384 -0.520028 -0.64544 -0.623427 0.737944 -1 -0.299675 0.533905 0.782964 -0.230943 -0.325204 0.516362 0.861547 -0.33956 -0.58796 0.441963 -0.787892 -0.297048 -0.773524 -0.944441 -0.907441 -0.585794 -0.555723 0.437312 0.760308 -0.590296 0.699628 0.213849 -0.483752 -0.348291 -0.0912219 -1 -0.667814 -0.24349 -0.147886 0.47787 -0.988595 0.496899 -0.924181 -0.376968 -0.749231 0.266173 -0.59865 -1 -0.889713 0.443497 0.109055 0.297429 
0.360686 -0.749843 -0.612589 0.56627 0.551374 -0.982388 -0.628146 -0.548461 -0.86709 -0.424939 0.752897 0.706039 0.078073 -0.96051 0.302763 -0.481677 0.0853391 -0.755062 0.613683 0.148404 0.579576 -1 -0.117213 0.602273 -0.820313 0.539834 -0.532032 -0.67064 0.740609 -0.795739 -0.92518 0.456016 -0.434789 -1 -1 0.465866 -0.993423 0.526651 -0.379262 0.0471552 0.407937 -0.353987 -0.0320988 -0.548927 0.790258 -0.485261 -0.902527 -0.242617 0.328222 -0.209877 -0.0422001 -1 -0.283963 0.541018 -0.909981 -0.472982 0.0736452 -1 -0.763673 0.493306 -0.233837 0.548899 -1 -0.806726 -1 0.0896685 -0.69532 -0.0426561 0.156648 0.120189 0.718052 -0.822808 0.0784885 -0.30705 -0.633224 -0.82448 -0.0413746 -0.432057 -0.919205 0.836504 -1 -0.284163 -0.65646 -0.542034 -0.527624 -1 0.870687 -1 -0.357989 0.41552 -0.526604 -0.535741 -0.622618 -0.544804 0.5575 -1 -0.194899 0.395365 0.756279 -0.248297 -0.0461526 0.478568 0.641971 -0.382067 -0.576098 0.404734 -0.583214 -0.272183 -0.757574 -0.982776 -0.641936 -0.338045 -0.791522 0.20526 0.47474 -0.610302 0.519925 0.104284 -0.565955 -0.584062 -0.199553 -1 -1 -0.251957 -0.37305 0.340149 -1 0.203329 -0.924181 -0.641318 -0.660505 0.273925 -0.560846 -1 -1 0.607315 -0.0767553 0.171056 
0.297897 -0.773492 -0.29017 0.643589 0.328644 -0.919661 -0.664675 -0.255739 -0.989527 -0.548216 0.749666 0.626746 0.185579 -0.646062 0.283656 -0.481677 0.229029 -0.610254 0.502459 0.16228 0.630506 -0.924732 -0.0738411 0.511164 -0.748929 0.674701 -0.538697 -0.651097 0.427994 -0.911844 -1 0.458858 -0.546438 -0.987537 -1 0.668072 -1 0.215477 -0.417634 -0.0300804 0.678122 -0.101868 -0.154483 -0.557482 0.751326 -0.233355 -0.901139 0.104965 0.107978 -0.26972 0.198552 -1 0.0673615 0.297463 -0.690853 -0.484986 -0.091689 -1 -0.744276 0.540279 -0.404773 0.607322 -1 -0.502265 -0.941151 -0.136674 -0.792909 0.205091 0.219126 0.0824888 0.799867 -0.597978 0.224717 -0.0263029 -0.563455 -0.975841 -0.158132 -0.297607 -1 0.826582 -1 -0.178547 -0.717945 -0.194943 -0.70753 -1 0.83863 -1 -0.350958 0.270257 -0.54359 -0.543864 -0.728581 -0.542759 0.805504 -0.981916 -0.283357 0.214635 0.795338 -0.187101 -0.0452413 0.279114 0.918928 -0.348467 -0.565908 0.444662 -0.560528 -0.297626 -0.647482 -0.995931 -0.698423 -0.654423 -0.564139 0.470734 0.760027 -0.626765 0.741908 0.191455 -0.46486 -0.524588 -0.169377 -0.978362 -0.729679 -0.440165 -0.454164 0.506851 -1 0.477917 -1 -0.436746 -0.512663 0.118942 -0.644491 -1 -0.828527 0.255849 0.0273212 0.132993 
0.496857 -0.85914 -0.419181 0.83867 0.423606 -0.730575 -0.883613 -0.66793 -1 -0.511745 0.443859 0.182497 -0.21066 -0.679433 -0.0112863 -0.788966 0.156778 -0.679988 0.700638 -0.0838535 0.380335 -1 -0.186219 0.713431 -1 0.520979 -0.810319 -0.736492 0.530526 -0.925837 -1 0.586233 -0.403564 -0.812032 -0.97001 0.667179 -1 0.098115 0.0523922 -0.0395414 0.575983 -0.0741242 -0.124481 -0.700023 0.782472 -0.580658 -1 0.360745 -0.136756 -0.292704 0.356513 -0.895958 -0.116623 -0.0268976 -0.671374 -0.878116 -0.333688 -1 -1 -0.0179931 -0.223579 0.644852 -1 -0.473251 -0.882128 0.269289 -0.839634 0.0801532 0.23124 -0.125312 0.627815 -0.989153 0.088398 -0.0703856 -0.494029 -1 -0.0193129 -0.718044 -1 0.234695 -1 -1 -0.943149 -0.7219 -0.394356 -1 0.940591 -1 -0.643785 0.127621 -0.556572 -0.566233 -0.711559 -0.551159 0.602252 -1 -0.397293 0.126883 0.507572 -0.636892 -0.480592 -0.219753 0.695047 -0.514489 -0.751706 0.278628 -0.862128 -0.14999 -0.958406 -0.86315 -0.97814 -0.313159 -0.648563 0.584903 0.105091 -0.834296 0.174612 0.54321 -0.571463 -0.294559 -0.33296 -1 -0.989106 -0.37909 -0.0804439 0.3728 -0.868184 0.49918 -1 -0.708948 -0.859481 -0.0600604 -0.970296 -0.966014 -1 0.565607 -0.146505 0.477683 
0.509416 -0.60972 -0.191268 0.807182 0.538915 -0.743531 -0.813619 -0.197898 -0.994011 -0.30491 0.44561 0.416916 0.162849 -0.670884 0.113867 -0.580326 0.519879 -0.493823 0.679592 0.0306794 0.48006 -0.880734 -0.414581 0.810808 -0.809026 0.893794 -0.793482 -0.673232 0.631225 -0.872876 -1 0.386333 -0.403564 -0.993712 -0.97001 0.718582 -1 0.540152 -0.21512 -0.0860751 0.862404 -0.0232068 0.0143061 -0.835936 0.850746 -0.676101 -1 0.199147 0.0589506 -0.292292 0.191842 -1 -0.196722 0.240496 -0.718367 -0.891753 0.0766726 -1 -0.817922 0.594183 -0.355194 0.651442 -1 -0.0759406 -0.992724 0.269289 -0.617096 0.245885 0.405981 -0.0432485 0.649498 -0.925265 0.128856 0.140234 -0.541852 -1 -0.0193129 -0.506292 -1 0.555247 -1 -0.43538 -0.748889 -0.941979 -0.313539 -0.998799 0.884843 -0.764825 -0.358694 0.0678072 -0.534011 -0.540909 -0.697251 -0.659162 0.483448 -1 -0.234279 0.278767 0.534428 -0.758697 -0.194105 0.221984 0.71344 -0.418775 -0.784288 0.440905 -0.573108 -0.192556 -0.841247 -0.866436 -0.854028 -0.173902 -0.420049 0.839123 0.32867 -0.775474 0.807119 0.704333 -0.413319 -0.314396 -0.517607 -1 -0.904034 -0.392639 -0.112252 0.667886 -0.873761 0.487825 -0.937062 -0.497258 -0.543461 0.295382 -0.957567 -1 -0.96067 0.770894 0.21682 0.707786 
0.233307 -0.60972 -0.428424 0.807182 0.600005 -0.79405 -0.813619 -0.197898 -0.994011 -0.522931 0.44561 0.307488 0.162849 -0.770072 0.113867 -0.681752 0.397045 -0.415724 0.768661 0.0306794 0.536576 -0.880734 -0.414581 0.810808 -0.809026 0.893794 -0.980193 -0.699905 0.618665 -0.872876 -1 0.444289 -0.416532 -0.894353 -0.97001 0.628595 -1 0.540152 -0.115592 -0.0786103 0.812865 -0.178653 0.0143061 -1 0.850746 -0.676101 -1 0.212667 0.145668 -0.329342 0.191842 -1 -0.196722 0.155348 -1 -0.891753 0.0766726 -1 -0.985812 0.435289 -0.538594 0.563959 -1 -0.0759406 -0.992724 0.265794 -0.617096 0.0828986 0.405981 -0.0432485 0.649498 -0.925265 -0.112332 -0.0911303 -0.52779 -1 -0.19076 -0.538976 -1 0.272169 -1 -0.503572 -0.847468 -0.941979 -0.313539 -1 0.828182 -0.923486 -0.606008 0.160249 -0.534011 -0.540909 -0.932278 -0.659162 0.47995 -1 -0.321128 0.132857 0.534428 -0.835484 -0.317934 0.221984 0.71344 -0.418775 -0.784288 0.351388 -0.827032 -0.192556 -0.841247 -0.962246 -0.816842 -0.173902 -0.420049 0.862322 0.202298 -0.926071 0.807119 0.704333 -0.413319 -0.48116 -0.517607 -1 -1 -0.438981 -0.112252 0.59727 -0.873761 0.479682 -0.937062 -0.497258 -0.697363 0.295382 -1 -1 -0.892272 0.770894 0.30692 0.707786 
-0.54764 -0.046096 -1 0.265116 0.255505 0.0324861 -0.995189 -0.0212903 -1 -0.636929 -0.0113536 0.356373 -0.827794 -0.422656 -1 -0.94114 -0.209655 -0.998612 -1 -0.834561 -0.310468 -0.261386 0.19843 -1 -1 -1 -0.107152 0.015282 -0.782488 -0.939832 -0.0642912 -0.802444 -1 -1 -0.984231 -1 -0.980639 -1 -0.744439 -0.377323 0.562052 0.00416164 -1 -1 0.0351498 -0.638895 -0.162888 -0.554847 0.11712 -1 -0.625356 -0.750744 -0.049474 -1 0.390979 -1 -1 -0.878635 -1 -0.98557 -0.495754 0.440741 -0.594232 -0.632479 0.0287924 0.124324 -0.786439 -1 0.516691 -0.542478 -0.844191 -0.537695 -0.123265 -1 -0.371493 -0.724623 -0.38056 -1 -0.803308 -0.991749 -0.686211 -1 0.154953 -0.341648 -0.376424 -0.859936 -0.890898 0.243682 -1 -0.247302 0.0256188 -0.0320613 -1 -0.914768 0.50959 -1 0.353345 -0.12382 0.542543 -0.794599 -0.322289 -0.0981903 -0.508474 -0.824615 0.496303 -0.0791982 -0.537136 0.303274 -0.388978 -0.490894 -1 -0.271052 -0.599608 -1 -0.96069 -1 -0.27668 -0.626016 0.450598 -1 -0.289483 -0.0648392 -0.836451 0.0954134 0.294265 -0.354738 -0.581462 0.03852 -0.350097 0.134649 -0.0273107 0.26262 -0.850792 -0.139403 -0.945628 -0.688221 0.342014 -1 
-0.538308 -0.975599 -1 -0.000762701 0.31171 -1 -0.901136 -0.515636 -1 -1 0.379781 0.237172 -0.369374 -1 0.0489075 -1 -0.0547215 -0.845745 -0.104625 -0.491018 0.606473 -1 -0.726903 0.584781 -1 0.842907 -1 -0.716638 0.55014 -1 -1 0.228095 -0.963383 -0.760713 -1 -0.0837195 -1 -0.20067 -0.387913 -0.779684 0.60134 -0.226553 -0.175788 -0.944625 0.683504 -0.0312601 -1 0.112237 -0.304445 -0.259729 0.110843 -1 -0.766034 0.0506769 -0.900525 -0.709653 -0.231872 -1 -1 0.593233 -0.955775 0.344639 -0.98577 -0.725546 -1 -0.332792 -0.850328 -0.217156 0.143553 0.0548421 0.247976 -1 0.111728 -0.150167 -0.720982 -1 -0.0885573 -0.868913 -1 0.280337 -1 -0.422016 -1 -0.46347 -0.442498 -1 0.505529 -1 -1 -0.00995293 -0.966469 -1 -0.941628 -0.752093 0.806295 -1 -0.376756 -0.184462 0.503466 -0.417879 -0.108171 0.195966 0.404107 -0.500323 -0.717965 -0.229793 -1 -0.995178 -0.624127 -1 -1 -1 -1 0.535421 0.38342 -1 0.00216474 0.0161604 -0.853325 -0.364411 -0.689006 -1 -1 -0.575951 -0.142442 0.191081 -0.970878 0.126331 -1 -0.519763 -1 -0.0602356 -1 -1 -0.828246 0.467743 -0.188626 -0.626313 
0.101906 -0.992483 -0.520503 0.133098 0.435835 -1 -0.955122 -0.384289 -1 -0.737273 0.630264 0.615065 0.0525783 -0.6636 0.349372 -0.942585 0.535242 -0.392973 0.608367 0.0624003 0.173192 -1 -0.355333 0.595423 -1 0.626967 -0.806769 -0.70523 0.608478 -0.984333 -1 0.123713 -0.475798 -1 -1 0.689237 -1 0.119736 -0.516128 -0.516642 0.547414 -0.210505 -0.331981 -1 0.682328 -0.264895 -1 -0.261241 0.1237 -0.136597 -0.153358 -1 -0.371913 0.43846 -1 -0.466062 -0.271761 -1 -1 0.180959 -0.154022 0.397441 -0.893987 -0.394671 -1 -0.503412 -0.477733 -0.146218 0.0629199 -0.494776 0.234219 -0.69008 0.0655431 -0.622624 -0.675997 -1 -0.181128 -0.368685 -1 0.684848 -1 -0.207898 -1 -0.546283 -0.458494 -0.943673 0.53884 -1 -0.210569 0.195611 -1 -0.727035 -0.841773 -0.622649 0.715706 -1 -0.241693 0.307642 0.559812 -0.508412 -0.226411 0.46503 0.961599 -0.591706 -0.488073 0.208674 -0.756165 -0.253048 -0.805568 -0.937159 -0.749308 -0.32622 -0.727866 0.473319 0.50768 -1 0.76392 0.156687 -0.65905 -0.247867 -0.552477 -1 -0.930182 -0.183486 -0.34158 0.526447 -1 0.333511 -1 -0.44466 -0.588331 0.119751 -1 -0.942586 -0.979293 0.520592 0.0973178 0.129933 
-0.54764 -0.038816 -1 0.288262 0.255505 0.00463142 -1 -0.0212903 -0.942101 -0.636929 -0.0458135 0.359635 -0.774349 -0.233816 -1 -0.912497 -0.252629 -0.935469 -1 -0.641318 -0.31795 -0.271831 0.152579 -1 -0.961745 -0.833315 -0.083934 0.00209982 -0.836998 -0.735988 0.0457652 -0.905176 -0.992656 -0.92328 -1 -1 -0.996167 -1 -0.856154 -0.384153 0.549038 0.132984 -0.949019 -0.916688 0.111093 -0.591888 -0.158579 -0.494006 0.148276 -1 -0.633229 -0.750744 -0.0561242 -1 0.475821 -0.881457 -1 -0.918174 -0.840238 -0.985407 -0.507148 0.681979 -0.599142 -0.603882 0.0348157 0.124324 -0.818544 -1 0.702311 -0.581635 -0.805674 -0.444516 0.0114907 -0.998171 -0.354665 -0.776239 -0.240115 -0.994967 -0.777942 -0.991749 -0.686211 -1 0.154953 -0.369075 -0.376424 -0.848811 -0.895855 0.347187 -1 -0.172539 -0.0132228 -0.0707673 -1 -0.894242 0.541909 -0.929284 0.308396 -0.171101 0.828705 -0.784598 -0.305764 -0.0257218 -0.416637 -0.776042 0.496303 -0.0791982 -0.512841 0.303274 -0.443731 -0.530875 -1 -0.271052 -0.636887 -1 -0.825035 -1 -0.241552 -0.578689 0.461787 -1 -0.22808 -0.0732683 -0.526465 0.191797 0.366873 -0.393772 -0.54576 0.124192 -0.291652 0.0944272 -0.00723916 0.327526 -0.686697 0.132579 -1 -0.699988 0.343165 -0.946106 
0.360686 -0.749843 -0.612589 0.56627 0.551374 -0.982388 -0.628146 -0.548461 -0.86709 -0.424939 0.701631 0.728519 0.078073 -0.96051 0.302763 -0.481677 0.0950908 -0.755062 0.613683 0.0935383 0.531528 -1 -0.0685247 0.602273 -0.820313 0.539834 -0.520988 -0.67064 0.740609 -0.795739 -0.954021 0.456016 -0.434789 -1 -1 0.465866 -1 0.563443 -0.379262 0.0521708 0.407937 -0.353987 -0.0320988 -0.548927 0.790258 -0.485261 -0.940658 -0.242617 0.328222 -0.259342 -0.0422001 -0.98316 -0.283963 0.541018 -0.894625 -0.472982 0.0736452 -1 -0.772982 0.473562 -0.240535 0.548899 -1 -0.806726 -1 0.132186 -0.69532 -0.0426561 0.102573 0.131405 0.710838 -0.822808 0.0784885 -0.30705 -0.631667 -0.82448 -0.0413746 -0.432057 -0.919205 0.836504 -1 -0.284163 -0.686402 -0.542034 -0.527624 -1 0.870687 -0.9867 -0.357989 0.41552 -0.526604 -0.48403 -0.617826 -0.544804 0.5575 -1 -0.194899 0.395365 0.756279 -0.248297 -0.0564998 0.478568 0.641971 -0.382067 -0.576098 0.404734 -0.633845 -0.272183 -0.782472 -0.992726 -0.641936 -0.338045 -0.791522 0.222867 0.475027 -0.610302 0.519925 0.104284 -0.543349 -0.613725 -0.199553 -1 -1 -0.251957 -0.361196 0.318513 -1 0.226494 -0.956648 -0.641318 -0.711609 0.273925 -0.560846 -1 -1 0.607315 -0.0661098 0.171056 
0.333492 -0.991024 -0.665005 0.441818 0.355751 -0.990263 -1 -0.391947 -1 -0.643206 0.914843 0.465172 0.0840698 -0.562444 0.456932 -0.435234 0.352971 -0.441749 0.486152 0.179006 0.456925 -0.924649 -0.0744841 0.482582 -1 0.654603 -0.493275 -0.64021 0.712928 -0.981123 -0.966768 0.261571 -0.532743 -0.940444 -1 0.769229 -0.926927 0.323549 -0.519333 -0.259914 0.77148 -0.0783209 0.0246409 -0.752818 0.688818 -0.280227 -0.87465 -0.347795 -0.181643 -0.172269 -0.138316 -1 0.0984831 0.541297 -0.649497 -0.419857 -0.333317 -0.982236 -0.952503 0.253982 -0.239739 0.433771 -1 -0.382668 -1 0.103872 -0.771975 0.252701 0.0845062 -0.069161 0.835954 -0.714171 0.187897 -0.654876 -0.535821 -0.859693 0.114434 -0.413674 -0.882928 0.912511 -1 -0.206355 -0.654322 -0.453159 -0.69177 -1 0.866099 -0.849088 -0.290592 0.437031 -0.514272 -0.463373 -0.652943 -0.454324 0.583312 -1 -0.405934 0.314077 0.812209 -0.214207 0.0482115 0.493765 0.911975 -0.304844 -0.610174 0.267613 -0.575403 -0.383916 -0.637404 -0.957191 -0.895344 -0.323543 -0.607124 0.266142 0.674897 -1 0.477937 0.175773 -0.656328 -0.297167 -0.388555 -0.9739 -0.753667 -0.214715 -0.134071 0.24033 -0.999007 0.293186 -0.990302 -0.484783 -0.767687 -0.211694 -0.705006 -0.986525 -0.780101 0.420214 -0.129181 0.175123 
0.568128 -0.801138 -0.462091 0.704821 0.399846 -0.883222 -0.715836 -0.272701 -0.874379 -0.458967 0.766126 0.721228 -0.0583547 -0.839822 0.279855 -0.444534 0.420718 -0.526701 0.590809 0.170239 0.504974 -0.904232 -0.132826 0.540153 -1 0.673296 -0.538697 -0.657884 0.711601 -0.882131 -1 0.421685 -0.769508 -0.929808 -1 0.528497 -1 0.526943 -0.261216 -0.182166 0.700585 -0.340953 -0.0505592 -0.557482 0.692047 -0.284399 -0.928701 0.0840197 0.282878 -0.320857 0.20789 -1 0.0900193 0.559708 -0.758568 -0.398906 -0.091689 -1 -0.775809 0.488584 -0.570505 0.546213 -0.959705 -0.530573 -0.892219 0.0950832 -0.540144 0.156543 0.185394 0.0650338 0.916175 -0.79931 0.185538 0.0273482 -0.766317 -0.704803 0.0717726 -0.371177 -1 0.727554 -1 -0.393179 -0.71455 -0.237527 -0.588019 -1 0.599094 -1 -0.282445 0.528701 -0.757484 -0.455419 -0.796766 -0.809783 0.68697 -0.902079 -0.283357 0.347305 0.748944 -0.218993 -0.00636555 0.132008 0.955159 -0.348467 -0.563012 0.493689 -0.513134 -0.361163 -0.669492 -0.875795 -0.782907 -0.547861 -0.59213 0.438679 0.722743 -0.529146 0.690944 -0.00383633 -0.509668 -0.285461 -0.160762 -1 -0.801946 -0.414986 -0.152648 0.490546 -1 0.462606 -1 -0.668725 -0.603184 0.308711 -0.661227 -1 -0.877096 0.555741 -0.000407048 0.429578 
0.379767 -0.826959 -0.712782 0.503953 0.138973 -0.862372 -1 -0.256814 -1 -0.508319 0.904305 0.494864 0.237495 -0.539527 0.341032 -0.981411 0.274509 -0.551991 0.145077 -0.156409 0.598797 -0.783366 -0.0905983 0.519977 -1 0.757006 -0.523025 -1 0.457937 -0.96386 -0.870152 0.359156 -0.748156 -1 -0.980096 0.57501 -1 0.292897 -0.359438 0.0838499 0.519079 -0.420222 -0.217656 -0.397319 0.696323 -0.590595 -0.818711 -0.0764406 0.294502 -0.389164 0.254277 -1 0.0834991 -0.0315326 -0.887384 -0.606612 -0.113421 -1 -0.841964 0.23831 -0.180566 0.468751 -0.983194 -0.851104 -1 -0.213656 -0.626311 -0.109594 -0.165494 -0.137843 0.790722 -0.779202 -0.178 -0.0839616 -0.421744 -0.689377 0.0994231 -0.619835 -0.97042 0.313926 -0.987576 -0.0327541 -1 -0.191123 -0.248765 -0.98311 0.575008 -0.781751 -0.96367 0.713142 -1 -0.794131 -0.747364 -0.964878 0.741677 -0.952055 -0.363792 0.526882 0.476494 -0.285099 -0.147697 0.097514 0.591615 -0.0570079 -0.892182 0.310712 -0.603225 -0.235284 -0.618719 -1 -1 -0.43501 -0.532522 0.836643 0.20431 -0.757358 0.342512 0.269411 -0.537768 -0.0654468 -0.240049 -1 -0.795278 -0.381665 -0.140503 0.462374 -1 0.422538 -1 -0.598089 -1 -0.0349445 -1 -1 -0.842271 0.151563 -0.081494 0.515049 
0.268527 -1 -0.746595 0.61376 0.270285 -1 -1 -0.398546 -1 -0.563108 0.879248 0.337826 -0.156847 -0.505002 0.452886 -0.78214 0.0120681 -0.540303 0.312674 0.107928 0.329911 -0.967293 -0.332193 0.701163 -1 0.620199 -0.628953 -1 0.554922 -1 -0.884806 0.175956 -0.683542 -0.997588 -0.927807 0.640823 -1 0.464908 -0.791386 -0.601397 0.429076 -0.0965541 -0.0207881 -1 0.643929 -0.39054 -1 -0.381406 0.156665 -0.264563 0.123483 -0.999681 0.0673062 0.476115 -1 -0.511773 -0.328854 -1 -1 0.445827 -0.283999 0.271524 -0.976048 -0.730574 -0.941794 0.124847 -0.662438 0.097022 0.0790559 -0.155834 0.683093 -0.765972 -0.138979 -0.624653 -0.563125 -1 -0.115547 -0.716129 -0.930085 0.350903 -0.935062 -0.0509827 -0.782131 -0.498395 -0.881593 -0.925896 0.818259 -0.966405 -0.784119 0.307286 -0.717034 -0.484428 -0.67599 -0.431018 0.739321 -0.976786 -0.358538 -0.0685184 0.844927 -0.349367 -0.0999988 0.182521 0.601974 -0.917044 -0.895959 0.379765 -1 -0.189903 -0.598685 -1 -0.659713 -0.633662 -0.928888 0.448874 0.482124 -0.9492 0.550792 0.202428 -0.582885 -0.239 -0.570098 -1 -0.644987 -0.401384 -0.274912 0.231315 -1 0.526201 -0.929067 -0.565798 -0.66512 0.196991 -0.826016 -0.993334 -0.817575 0.329107 -0.0989027 -0.209989 
0.973139 -0.367179 0.149945 -0.896117 -0.903679 0.966164 -0.237084 -0.671293 -0.975933 0.256073 -0.976193 0.385703 -0.263747 -0.843315 0.52415 0.669941 -0.555401 -0.11521 0.0240639 0.69277 0.887925 0.301775 -0.539599 0.693071 0.713171 -0.848711 0.714651 0.0800222 0.38347 -0.673272 0.427189 0.691599 -0.626297 0.694098 -1 -0.00189275 0.819349 -0.222561 -0.0503715 -0.629269 -1 -0.00906775 -0.680843 0.646719 -0.71162 0.390319 -0.572947 -0.914261 0.718837 -0.579379 -0.518199 0.411507 -0.182066 0.311362 0.276907 0.384487 0.776345 0.313671 -1 0.360137 -0.58804 -0.0891982 -0.0957564 0.748271 0.0499938 0.623403 0.615224 -0.380155 -0.208672 -0.631734 0.400865 0.29442 0.942968 -0.00506014 0.719953 -0.342493 0.61859 -0.648415 -0.724076 -0.574583 -0.564412 0.249574 0.787643 -0.0617612 -0.593498 -0.995353 0.367808 -0.409731 0.672642 0.303022 -0.32641 -0.0200896 -0.0906259 -0.519787 -0.821763 0.554469 -0.889987 -0.900428 -0.632843 -0.957308 -0.49424 0.371602 -0.40624 0.0931343 0.0543927 0.601232 -0.602026 0.405446 -0.738676 0.533662 0.791747 0.565103 0.875363 0.221285 -0.89018 0.646553 0.0187223 -1 -0.320913 -0.396014 0.831291 0.753374 0.492195 0.151122 0.05316 0.159048 0.649339 0.00443292 0.762234 -0.935084 0.253633 -0.338977 -0.724127 -0.0739064 0.765857 0.325462 -0.278746 -0.517318 
0.449043 -0.647102 -0.393034 0.54996 0.194147 -0.968576 -0.907327 -0.477922 -0.90571 -0.672088 0.784947 0.924218 0.211446 -0.689377 0.362982 -0.98981 0.519237 -0.332046 -0.0835619 -0.174118 0.761093 -0.768091 0.114085 0.438547 -0.992218 0.814544 -0.454019 -0.990517 0.774965 -0.898519 -0.983475 0.31754 -0.771163 -1 -0.99205 0.638767 -1 0.149821 -0.495827 0.108027 0.317593 -0.34686 -0.0548565 -0.614524 0.72327 -0.493649 -0.703402 -0.210474 0.151846 -0.391746 0.342068 -1 0.0622125 0.00608301 -0.870555 -0.60109 -0.137844 -0.99672 -1 0.438284 -0.166812 0.515785 -1 -0.43943 -1 -0.315655 -0.623092 -0.112673 -0.186009 -0.236791 0.427674 -0.707131 -0.38597 0.115917 -0.517351 -0.660194 0.0766123 -0.599076 -0.924697 0.803251 -1 0.0267822 -0.96933 -0.470709 -0.480777 -1 0.55639 -0.871098 -1 0.677689 -0.853296 -0.632151 -0.770372 -0.721254 0.487704 -1 -0.503557 0.476456 0.518107 -0.262728 -0.234836 0.00729994 0.629865 -0.092067 -0.643314 0.215009 -0.614535 -0.252733 -0.473162 -0.985315 -1 -0.688334 -0.448112 0.837022 0.570227 -0.779177 0.175075 0.208851 -0.846493 -0.191691 -0.204412 -0.914034 -0.779468 -0.570233 0.0629132 0.482529 -1 0.452767 -1 -0.90968 -0.820557 0.164322 -0.93801 -0.998797 -0.897986 0.000939935 -0.152936 0.370583 
0.298247 -0.342956 0.457608 -0.356153 0.9244 -0.718966 -0.92914 -0.57163 0.298952 0.958623 0.598606 -0.40724 0.419819 0.660157 0.285578 -0.689713 -0.148443 0.953004 0.214176 0.42798 -0.196085 -0.825546 0.576945 -0.815479 0.368153 0.0913184 0.346095 -0.899849 0.685145 -0.319372 -0.90917 0.246989 -0.796969 -0.913144 -0.876563 0.395182 0.740424 -0.0191737 -0.94936 0.852723 -0.859579 -0.699457 -0.971624 0.0236307 -0.0430816 -0.53261 0.600022 0.469104 0.726524 0.330463 -0.586029 0.408946 0.441228 0.672744 0.659221 -0.395332 0.216071 0.559076 0.261356 0.650698 -0.266608 -0.74982 -0.926686 -0.0345573 0.948053 0.848232 -0.853848 0.208271 -0.501638 -0.110626 -0.966993 -0.200217 0.857145 -0.559901 -0.435772 0.419749 0.892075 0.927334 -0.808003 -0.303111 -0.670797 -0.430027 0.204844 -0.714264 -0.657862 0.854211 -0.871754 -0.838904 -0.300516 -0.106708 0.26324 -0.802488 0.586261 -0.0357851 -0.278664 -0.0772365 -0.58542 0.769015 0.848601 -0.0489957 -0.0170318 -0.0898063 0.129396 0.831291 -0.0387164 0.789178 0.354513 0.403307 0.407172 -0.00790107 -0.749405 -0.321943 0.328958 -0.78788 -0.576975 -0.618928 -0.949311 -0.335821 -0.893802 0.925745 -0.27308 0.408331 0.29973 0.225479 0.0250853 -0.643349 -0.861394 0.10367 -0.339829 0.812301 0.817968 -0.1067 -0.576697 -0.152253 -0.647839 -0.709932 0.00895929 -0.292382 
0.358463 -0.642711 -0.621787 0.809563 0.365493 -0.660841 -0.807897 -0.453421 -0.87991 -0.473772 0.474749 0.145626 0.181157 -0.994199 -0.150174 -0.752913 0.564566 -0.466743 0.639223 0.0369341 0.339569 -1 -0.373752 0.460752 -1 0.689466 -0.947365 -0.931714 0.612819 -0.983666 -1 0.480027 -0.524189 -1 -1 0.445423 -1 0.285226 -0.243344 -0.119222 0.74509 -0.360731 -0.0970171 -1 0.645892 -0.640284 -0.848276 -0.0636661 -0.157238 -0.361966 0.243433 -0.787584 -0.252038 0.291921 -0.693165 -0.877418 -0.142685 -0.929972 -0.987975 0.229542 -0.282268 0.611352 -0.978031 -0.228874 -0.997748 -0.0179329 -0.587683 0.230637 0.233903 -0.490652 0.572713 -1 -0.0563288 0.259035 -0.656078 -0.950997 -0.100244 -1 -1 0.523555 -1 -0.473048 -0.930428 -1 -0.471888 -1 0.754846 -0.778577 -0.490762 -0.0719179 -0.661384 -0.371747 -0.550986 -0.546732 0.463137 -1 -0.223108 0.286513 0.684561 -0.891505 -0.461532 0.185095 0.798741 -0.290628 -0.992628 0.431614 -0.736254 -0.348842 -0.870449 -0.860175 -1 -0.392866 -0.433037 0.451336 0.303434 -0.914067 0.718345 0.489996 -0.383608 -0.443257 -0.479262 -1 -1 -0.595916 -0.358861 0.511851 -0.951986 -0.0648092 -1 -0.609137 -0.790564 0.193835 -0.837718 -0.958623 -0.947732 0.457892 0.00319813 0.268664 
0.570482 -0.758979 -0.41372 0.609708 0.588745 -0.8518 -0.70153 -0.304915 -0.930645 -0.453636 0.773504 0.66446 0.101091 -0.520222 0.300732 -0.513367 0.456586 -0.596948 0.503358 0.0196492 0.702226 -0.845709 -0.0385315 0.598603 -0.881846 0.70914 -0.50665 -0.729968 0.724719 -0.860222 -0.973155 0.438769 -0.447346 -1 -1 0.775207 -0.98451 0.405401 -0.20186 0.0369921 0.692814 -0.0843554 0.070928 -0.532514 0.791636 -0.402409 -0.86174 0.0778696 0.335738 -0.114949 0.171594 -0.983313 0.072295 0.541301 -0.729478 -0.476317 -0.123858 -1 -0.751532 0.523053 -0.191806 0.672632 -1 -0.38329 -0.894064 0.159979 -0.572819 0.205091 0.340814 0.1269 0.794706 -0.738058 0.179137 -0.109185 -0.573091 -0.704803 0.154403 -0.33854 -0.9725 0.883236 -1 -0.231639 -0.702269 -0.182048 -0.500435 -1 0.908575 -0.963333 -0.409972 0.436805 -0.531331 -0.555298 -0.6622 -0.552192 0.807201 -0.944073 -0.242154 0.460702 0.900587 -0.243073 -0.0373141 0.416076 0.869907 -0.378692 -0.490536 0.400313 -0.601676 -0.263223 -0.667474 -0.996522 -0.754637 -0.314864 -0.489387 0.431941 0.644078 -0.643091 0.619145 0.18501 -0.452176 -0.281116 -0.185904 -1 -0.782398 -0.252826 -0.12626 0.353504 -0.951715 0.515464 -0.966414 -0.448287 -0.463073 0.285771 -0.586725 -1 -0.925807 0.417945 0.0951625 0.302583 
0.295589 -0.698319 -0.36699 0.333801 0.313103 -0.782052 -0.890867 -0.346194 -1 -0.569753 0.748911 0.52397 0.00179641 -0.70854 -0.149865 -0.519901 0.286654 -0.847835 0.399025 0.026435 0.417524 -1 -0.341118 0.701195 -1 0.365849 -0.459851 -0.860665 0.669018 -0.970051 -1 0.152926 -0.748196 -1 -1 0.570601 -1 -0.0916432 -0.475664 0.165517 0.734718 -0.371509 0.0512003 -0.715106 0.381253 -0.289402 -1 0.102692 -0.0674292 -0.0220785 0.161009 -0.983313 -0.354889 0.498438 -0.901036 -0.643556 -0.764623 -1 -0.78881 0.567475 -0.487422 0.745439 -1 -0.405133 -0.903866 0.143633 -0.785578 0.110843 0.331691 0.1269 0.69995 -1 0.233169 -0.63519 -0.857656 -0.87173 -0.0529488 -0.33854 -0.995925 0.84913 -1 -0.242026 -0.842903 -0.444081 -0.362612 -1 0.798299 -0.926605 -0.315384 0.362064 -1 -0.460438 -1 -0.66015 0.836122 -1 -0.455753 0.16434 0.96994 -0.212353 0.00916945 0.178618 0.540766 -0.391239 -0.801669 0.22163 -1 -0.387463 -0.669318 -0.860224 -0.915123 -0.802073 -0.46216 0.465645 0.489035 -0.643091 0.619145 0.0637276 -0.452176 -0.269274 -0.385818 -0.920232 -0.771291 -0.183185 -0.31805 0.225199 -1 0.503085 -0.966414 -0.448287 -0.628375 0.0607465 -0.695045 -0.998101 -1 0.401872 -0.0279668 0.272009 
-0.530938 -0.0557091 -1 0.247708 0.255505 0.0324861 -0.995189 -0.05441 -1 -0.636929 0.004313 0.331215 -0.774349 -0.422656 -1 -0.950166 -0.209655 -1 -1 -0.834561 -0.349177 -0.261386 0.19843 -1 -1 -1 -0.107152 0.015282 -0.782488 -0.939832 -0.0642912 -0.820683 -1 -1 -1 -1 -0.980639 -1 -0.744439 -0.377323 0.562052 0.00416164 -1 -1 0.0551797 -0.678354 -0.119944 -0.554847 0.11712 -1 -0.6685 -0.750744 -0.049474 -1 0.426215 -1 -1 -0.847216 -1 -0.98557 -0.512455 0.440741 -0.594232 -0.632479 0.0348157 0.124324 -0.786439 -1 0.527499 -0.556058 -0.794488 -0.541891 -0.123265 -0.995153 -0.331081 -0.724623 -0.38056 -1 -0.828069 -0.991749 -0.698479 -1 0.154953 -0.343183 -0.376424 -0.859936 -0.890898 0.243682 -1 -0.247302 -0.0145277 -0.0593509 -1 -0.908127 0.468092 -1 0.308262 -0.12382 0.59186 -0.784017 -0.322289 -0.087147 -0.539314 -0.824615 0.496303 -0.0791982 -0.496822 0.277676 -0.378925 -0.490894 -1 -0.271052 -0.583564 -1 -0.96069 -1 -0.27668 -0.626016 0.450598 -1 -0.289483 -0.0648392 -0.809476 0.0954134 0.294265 -0.354738 -0.581462 0.0192713 -0.350097 0.134649 -0.0031289 0.26262 -0.850792 -0.113098 -0.91468 -0.688221 0.361317 -0.98652 
0.424032 -0.633792 -0.459961 0.479939 0.194147 -0.926531 -0.907327 -0.422546 -0.917846 -0.672088 0.765464 0.898728 0.180953 -0.690188 0.362982 -0.993504 0.477076 -0.332046 -0.0212048 -0.223052 0.765154 -0.762434 0.0766964 0.445051 -1 0.861609 -0.498106 -1 0.774965 -0.848425 -0.961964 0.325143 -0.801351 -1 -0.944944 0.544768 -1 0.158668 -0.493901 0.0716583 0.324186 -0.355509 -0.0480616 -0.608386 0.69103 -0.504437 -0.70084 -0.2951 0.139083 -0.398507 0.394924 -0.967936 0.0880413 0.00608301 -0.870555 -0.595905 -0.153878 -1 -1 0.470109 -0.212899 0.507862 -1 -0.4834 -0.985252 -0.285446 -0.569099 -0.159338 -0.186009 -0.271866 0.400352 -0.715287 -0.371999 0.0968647 -0.517351 -0.721925 0.121161 -0.599076 -0.924697 0.780085 -1 0.0267822 -0.914452 -0.445632 -0.479816 -0.98644 0.576097 -0.890231 -1 0.614987 -0.898545 -0.689008 -0.770372 -0.721254 0.487704 -1 -0.445385 0.483796 0.471162 -0.292416 -0.226186 -0.028173 0.622134 -0.117406 -0.663201 0.215009 -0.567308 -0.276016 -0.456401 -1 -1 -0.696953 -0.509364 0.800009 0.570227 -0.847498 0.213251 0.217723 -0.827094 -0.097357 -0.209134 -0.887079 -0.779468 -0.551485 0.0629132 0.529598 -1 0.452767 -1 -0.956582 -0.842427 0.153351 -0.846162 -1 -0.914669 0.0327279 -0.152936 0.280848 
0.185199 -0.84311 -0.939241 0.237816 0.310651 -1 -0.81498 -0.345184 -0.987442 -0.67169 0.83779 0.260617 0.117721 -0.544887 0.451479 -0.681455 0.506364 -0.652109 0.132766 -0.0592991 0.463655 -1 -0.00997853 0.411005 -1 0.536936 -0.59896 -0.947646 0.753385 -1 -0.946802 0.197561 -0.535481 -1 -1 0.783816 -0.926927 0.0166948 -0.467926 -0.466725 0.530196 -0.0783209 0.0535874 -0.830377 0.567853 -0.191697 -0.818295 -0.342997 0.0833927 -0.179411 -0.161353 -1 0.00397278 0.541018 -0.697575 -0.631821 -0.165901 -1 -1 0.489691 -0.230163 0.490147 -0.990171 -0.33243 -1 -0.0696685 -0.568725 0.164707 0.300252 -0.11271 0.575788 -0.964421 0.172995 -0.579626 -0.727731 -0.851076 0.081054 -0.472555 -0.989584 0.780758 -1 -0.0503685 -0.77398 -0.659972 -0.649454 -1 0.63205 -0.90025 -0.447726 0.356351 -0.733555 -0.525089 -0.540029 -0.590875 0.623491 -0.976786 -0.191401 0.178819 0.842366 -0.218307 -0.333254 0.226886 0.958417 -0.426633 -0.504331 0.105369 -0.827881 -0.435403 -0.617082 -0.91021 -0.690238 -0.514739 -0.777948 0.447785 0.749156 -0.793578 0.584369 -0.0802511 -0.611245 -0.248642 -0.663386 -1 -0.788037 -0.266586 -0.480803 0.501002 -1 0.125948 -1 -0.475652 -0.478164 0.0655475 -0.656883 -1 -0.798971 0.386545 -0.264348 0.247192 
0.504642 -0.770716 -0.454269 0.589685 0.588745 -0.758365 -0.75784 -0.39112 -0.998786 -0.793593 0.772112 0.677278 -0.154391 -0.456459 0.329766 -0.513367 0.286086 -0.638786 0.238708 -0.280228 0.506936 -0.887493 0.056593 0.339461 -0.942356 0.630136 -0.633762 -0.732916 0.620169 -0.938258 -1 0.373785 -0.434789 -1 -1 0.852695 -1 0.403875 -0.171925 -0.179783 0.516886 -0.13209 -0.172496 -0.492673 0.822886 -0.432172 -0.956336 -0.108998 0.295252 -0.193343 -0.140264 -0.927344 -0.149227 0.0683476 -0.787532 -0.721915 -0.12098 -1 -0.696857 0.334489 -0.435684 0.630658 -1 -0.38329 -0.91162 0.041904 -0.422645 -0.030098 0.403869 0.1269 0.781314 -0.779143 -0.0256461 -0.101778 -0.510545 -0.704803 -0.0162484 -0.281798 -0.965982 0.914392 -1 -0.216527 -0.670976 -0.196788 -0.480089 -1 0.908575 -0.832643 -0.380663 0.436805 -0.647595 -0.604403 -0.828839 -0.692658 0.731445 -1 -0.387709 0.274276 0.772158 -0.344099 -0.165185 0.49208 0.766743 -0.552858 -0.462584 0.406182 -0.774456 -0.465756 -0.577244 -0.982291 -0.711217 -0.181488 -0.530842 0.178947 0.573252 -0.643091 0.463087 -0.0688828 -0.358109 -0.270438 -0.373683 -1 -1 -0.288634 -0.338215 0.381178 -1 0.509966 -1 -0.690288 -0.669384 0.213115 -0.600617 -0.996625 -0.990271 0.507398 -0.298083 0.110034 
0.821655 0.141887 -0.636399 -0.176569 -0.0900118 0.209564 0.0208794 -0.560225 0.494939 -0.730299 -0.351696 -0.797181 -0.186652 0.446821 0.0494835 0.360572 -0.749733 0.446808 -0.323136 0.322829 0.34776 -0.545385 -0.178929 0.491925 0.101876 -0.0383993 -0.515599 -0.72463 -0.426264 1 0.721303 -0.942784 0.849865 -0.168661 0.785877 0.244837 0.195602 -0.775699 0.919329 0.605206 -0.224047 -0.585949 0.240177 0.0832323 -0.0232466 -0.252387 0.697911 -0.754112 0.795495 0.0101954 0.142285 -0.881763 -0.0169579 0.786908 0.949063 -0.492744 -0.953662 0.268611 -0.886773 0.840099 -0.2059 0.687283 0.894714 0.0765004 -0.380878 0.244903 0.972276 0.328014 0.751998 -0.82476 0.149128 0.633641 0.716015 0.169942 -0.324947 0.848046 -0.540581 0.131729 0.863576 0.456813 -0.82244 0.0519046 -0.461401 0.754196 -0.201809 -0.00712953 0.41357 -0.253586 0.952937 0.602833 -0.3996 -0.323752 -0.366223 0.355354 0.522973 -0.853724 0.967338 0.0205251 0.769994 -0.288653 -0.158281 0.893101 -0.75479 0.783647 -0.685779 -0.989697 -0.380711 -0.876845 -0.948866 0.184567 0.781429 -0.587954 -0.856069 0.785324 0.809243 0.373199 -0.718398 0.587215 -0.626184 -0.469528 0.393726 -0.108544 0.875835 -0.173502 -0.554724 -0.824918 -0.227616 0.814818 0.988458 0.713482 0.870044 -0.945459 -0.919026 0.155907 -0.437867 -0.891311 -0.313017 0.0759784 
0.494159 -0.523886 -0.501727 0.706427 0.313356 -0.743531 -0.935136 -0.160472 -1 -0.365454 0.553384 0.45796 0.176993 -0.688429 0.14214 -0.512673 0.437532 -0.728705 0.658303 0.191002 0.429526 -0.880734 -0.183568 0.813351 -0.998291 0.894576 -0.782573 -0.761105 0.670984 -0.824103 -1 0.515364 -0.287978 -0.977756 -0.994657 0.774485 -1 0.514533 0.0500664 -0.347778 0.831129 0.00767148 0.0143061 -0.804723 0.69528 -0.529679 -1 0.0950531 0.0859816 -0.329376 0.37823 -0.769241 -0.282458 0.247901 -0.862285 -0.513238 -0.168087 -1 -0.821278 0.525495 -0.122548 0.834708 -1 -0.0689542 -0.958424 0.27539 -0.407627 0.147841 0.335501 0.110294 0.701317 -1 0.245898 0.0414425 -0.573157 -0.930865 -0.023006 -0.506292 -1 0.627587 -1 -0.708219 -0.719971 -0.61612 -0.320119 -1 0.938869 -0.749035 -0.424465 0.43343 -0.538495 -0.45055 -0.630414 -0.595839 0.650334 -1 -0.372659 0.269681 0.50927 -0.424308 -0.303449 0.275095 0.564198 -0.147899 -0.714577 0.484646 -0.703045 -0.165841 -0.871368 -0.891433 -0.808239 -0.164135 -0.504877 0.626287 0.00765768 -0.506253 0.598309 0.754254 -0.308758 -0.319496 -0.345731 -1 -0.881268 -0.32966 -0.062127 0.608254 -1 0.544518 -0.872859 -0.563871 -0.602508 0.274233 -0.816266 -1 -0.767247 0.690296 -0.0810584 0.534091 
0.704141 -0.185932 0.678484 -1 0.583414 0.71757 0.214298 0.00360297 -0.238188 0.249537 -0.131077 -1 0.518266 0.286594 -0.147609 0.661694 0.753136 -0.203768 0.375091 -0.91634 0.00479993 -0.200695 -0.681457 -0.44877 -0.778721 -0.487926 -0.681548 0.240503 0.665245 -0.785081 0.668078 0.128493 0.0580537 0.763046 -0.641644 -0.891092 0.574286 -0.110401 -0.91987 -0.0311643 -0.334337 -1 -1 0.799819 0.582222 0.124982 -0.57123 -1 -0.605416 -0.0351383 -0.810262 0.0784321 -0.424969 0.365222 0.159644 -0.6906 -0.556427 0.72176 0.0105338 -1 -0.835676 0.239968 -0.40188 -0.998479 -0.757225 -0.28305 -0.0602169 -0.00667334 -0.432321 -0.57545 0.792318 -0.372365 -0.262924 0.407148 -0.176546 0.521572 -0.507811 -0.125475 -0.753895 0.306165 -0.66354 -0.487188 -0.188663 -0.551437 -0.0726578 0.158399 0.0729289 -1 -1 -0.234254 -0.0669157 -0.290293 -0.380436 0.810742 0.75679 -0.345882 0.738584 0.830608 -1 0.211718 0.591824 -0.98897 -0.684502 -0.221085 -0.500802 -0.224499 0.0620855 0.405184 -0.344865 -0.860227 -0.0689909 -1 0.679877 0.121903 -0.126683 0.0280374 -0.949824 0.160077 -0.231294 -0.418502 0.0998201 -0.297723 -0.794175 -1 0.442904 -0.255167 -0.321962 -1 -0.597744 -0.697819 -0.466788 -0.0135057 -0.597807 -0.153209 0.403012 -0.487192 -0.774605 -0.574411 
-0.854003 0.0706952 -1 0.766696 -1 -0.578274 0.357251 -0.274223 -0.634233 -1 0.251766 -0.311199 -0.173571 -0.96185 -0.804628 -0.0807201 0.00140036 -0.765111 -0.693188 -0.0586609 -0.437607 -0.431895 0.382233 -0.783905 0.407808 -0.935037 0.622174 -1 -0.555836 -0.58236 -0.18034 -0.706417 -0.641466 -0.168253 0.394858 -1 -1 -1 -0.588495 0.917163 -0.321652 -0.501729 -0.539329 -0.13442 -0.604044 -0.273855 -0.0905762 -0.817859 -0.79311 -1 -0.0942757 -0.998486 -0.638605 -0.876372 -0.340592 -0.997267 -0.767472 -0.471528 -0.640896 0.0616519 -0.632084 -1 0.0821315 -0.0849343 -0.849249 -0.24579 -0.712305 -0.139461 -0.933412 0.358521 -0.188381 -0.453199 -0.503623 -1 0.0391559 -0.663679 0.459931 -1 -0.410162 -0.560715 -0.779032 -0.0848427 0.572156 -1 0.356268 -0.548202 -0.575254 -0.391384 0.629428 0.60809 -0.744463 -0.770951 -1 -0.273923 0.295015 -0.325008 -0.22236 0.584713 0.305566 -0.141964 -0.897828 -0.676092 -0.92392 -0.0977018 0.319509 -0.473152 -1 -0.69956 -0.84273 0.25938 0.520194 -0.915713 -0.167646 -1 -0.386524 -0.997082 -0.741146 -0.97336 -0.549589 -1 -1 -1 -0.747123 -0.725153 -0.135795 -1 -1 0.822283 0.804291 -1 -1 0.229425 0.22765 -0.980964 -0.826978 -0.27651 0.37157 0.269468 
-0.577998 -0.160264 -1 0.11361 0.222194 0.00907449 -0.984318 -0.0543644 -0.993935 -0.761592 0.0716099 0.392148 -0.829343 -0.707083 -1 -0.991338 -0.369683 -0.960902 -1 -0.746274 -0.324661 -0.508813 0.00472105 -1 -1 -1 -0.126925 -0.00374819 -0.866044 -0.960306 -0.506285 -0.901208 -1 -1 -0.916971 -1 -1 -1 -0.793509 -0.364742 0.553674 -0.207301 -1 -1 0.118043 -0.848218 -0.179396 -0.708642 -0.0643761 -1 -0.645358 -0.767793 -0.187933 -1 0.416192 -1 -1 -0.868068 -1 -1 -0.676779 0.426618 -0.96379 -0.623072 -0.00986623 0.114765 -1 -1 0.422007 -0.503226 -0.754853 -0.466244 -0.192029 -1 -0.242603 -0.792068 -0.764016 -1 -0.845358 -1 -0.73641 -0.929891 -0.162451 -0.485239 -0.449607 -0.877467 -1 0.0136895 -1 -0.459733 0.0164492 -0.60525 -1 -0.883639 0.265294 -1 0.277358 -0.182036 0.499135 -0.993148 -0.318797 -0.424773 -0.74245 -1 0.493483 -0.247994 -0.492595 0.0178936 -0.562549 -0.521968 -0.986742 -0.593356 -0.892243 -0.996364 -1 -0.967485 -0.18556 -0.760359 0.162605 -1 -0.368634 -0.0708315 -0.71717 -0.225108 0.150513 -0.501017 -0.747265 -0.315378 -0.320637 0.119918 -0.0101985 0.161682 -0.999409 -0.406546 -1 -1 0.2431 -1 
0.494159 -0.662846 -0.203024 0.662429 0.428809 -0.851413 -0.7703 -0.355478 -0.765577 -0.372619 0.30411 0.226888 0.121604 -0.803614 0.149451 -0.668929 0.575417 -0.440879 0.700638 0.113078 0.567566 -0.880734 -0.063525 0.813351 -0.81502 0.887039 -0.959058 -0.600985 0.670984 -1 -1 0.508693 -0.352254 -0.991639 -0.90876 0.853576 -1 0.514533 0.0500664 -0.0860751 0.912617 0.00767148 0.0143061 -0.822118 0.902881 -0.489187 -0.852045 0.335251 0.0859816 -0.184348 0.356513 -0.786249 -0.12267 0.461818 -0.87447 -0.60951 0.136147 -1 -1 0.52261 -0.122548 0.73178 -1 -0.112607 -1 0.269289 -0.463861 0.245885 0.301728 0.121968 0.701317 -1 0.251338 0.187028 -0.613672 -0.83 -0.0193129 -0.531209 -1 0.627587 -1 -0.409288 -0.735708 -0.61612 -0.320119 -1 0.921162 -1 -0.504285 0.376436 -0.538495 -0.370868 -0.630414 -0.469698 0.517226 -1 -0.489929 0.244715 0.650768 -0.459586 -0.255503 0.111318 0.757865 -0.177943 -0.77448 0.435336 -0.462979 -0.407664 -0.92923 -0.834113 -0.808239 -0.085073 -0.440874 0.857792 0.311278 -0.506253 0.791957 0.725727 -0.308758 -0.316463 -0.345731 -1 -0.881268 -0.319637 -0.100869 0.44881 -0.990851 0.544518 -0.907087 -0.53513 -0.571219 0.268803 -0.816266 -1 -0.767247 0.786495 0.21682 0.639849 
-0.785347 -0.269399 -1 0.266263 -0.352252 -0.17254 -1 -0.0934247 -1 -0.981579 -0.1046 0.445867 -0.810624 -0.306624 -1 -1 -0.689876 -0.991208 -1 -0.866347 -0.5758 -0.605522 0.136761 -1 -1 -0.903105 -0.144272 -0.12296 -1 -0.761691 -0.29678 -0.931135 -0.948959 -1 -0.95613 -1 -1 -0.993226 -1 -0.337402 0.411111 -0.0589555 -1 -0.88071 0.0990419 -0.607349 -0.329943 -0.652391 0.196266 -0.946741 -0.781461 -1 -0.197538 -1 0.43569 -0.983011 -0.953318 -1 -0.891509 -1 -0.698431 0.626689 -0.821594 -0.593919 -0.179881 -0.182869 -0.907234 -1 0.604119 -1 -0.79565 -0.595704 -0.250013 -1 -0.520239 -1 -0.526825 -0.92058 -0.933385 -1 -0.87668 -0.904148 0.158961 -0.884073 -0.525267 -0.898374 -0.896956 0.347356 -1 -0.206861 -0.235517 -0.0964103 -0.984762 -1 0.510818 -1 0.21708 -0.653847 0.76102 -1 -0.426485 -0.133776 -0.875402 -0.953295 0.569987 -0.110198 -0.544284 0.0678252 -0.705041 -0.738538 -0.989311 -0.6498 -0.763163 -1 -0.923663 -1 -0.34443 -0.814794 0.341415 -1 -0.392197 -0.00875532 -0.944397 -0.0960824 0.281509 -0.352078 -0.514502 -0.0800993 -0.307464 -0.00974067 -0.0820374 0.0376507 -1 -0.0686693 -1 -0.904672 0.137368 -1 
-0.826724 -0.159846 -1 0.0405047 0.238793 0.00463142 -1 -0.282527 -1 -1 -0.146331 0.392862 -0.7519 -0.198619 -1 -1 -0.320785 -0.937882 -1 -0.983084 -0.382871 -0.24804 -0.0597921 -1 -0.931214 -1 -0.357644 -0.0145623 -0.750026 -1 0.140581 -0.873233 -1 -0.900687 -0.931075 -1 -1 -0.93972 -0.927013 -0.384153 0.567538 0.132984 -0.944379 -0.947769 0.0615693 -0.655217 -0.0781002 -0.61116 -0.406801 -1 -0.615797 -1 -0.34052 -0.94446 0.475821 -0.998782 -1 -0.766047 -0.95783 -1 -0.857422 0.545039 -0.698109 -0.505736 -0.0577345 0.0856097 -0.764436 -0.980422 0.600329 -0.521306 -0.916938 -0.55136 -0.203188 -1 -0.305274 -0.776239 -0.330594 -1 -0.949593 -1 -0.94642 -0.903137 0.154953 -0.429711 -0.473964 -0.940734 -0.88027 0.186244 -1 -0.321563 -0.0840103 -0.403915 -0.934802 -1 0.541909 -1 0.0937564 -0.387491 0.796093 -0.753981 -0.357209 0.0195552 -0.431355 -0.912623 0.402873 -0.19303 -0.705729 0.303274 -0.371063 -0.903719 -1 -0.484102 -0.583564 -1 -0.783243 -1 -0.552202 -0.621386 0.461787 -1 -0.286868 -0.040882 -0.672539 0.0627775 0.28953 -0.354738 -0.534075 0.243139 -0.26396 0.318174 -0.0327993 0.385957 -0.752132 -0.18099 -1 -0.628736 0.21183 -0.9191 
0.433422 -0.590305 -0.444009 0.519252 -0.0728251 -0.934313 -1 -0.405628 -1 -0.605425 0.641216 0.775181 -0.164775 -0.714639 0.0678322 -1 0.477839 -0.393742 -0.193047 -0.360211 0.660451 -0.953352 0.172654 0.15183 -0.962726 0.898208 -0.71183 -1 0.719257 -0.830553 -0.951355 0.0532674 -0.822031 -1 -0.919474 0.671353 -1 -0.0448193 -0.73767 0.171188 0.0568372 -0.381333 -0.226606 -0.79495 0.752857 -0.696919 -0.815298 -0.288011 0.017146 -0.668949 0.349202 -0.971879 0.0909776 -0.481338 -0.907563 -0.637225 -0.463266 -1 -1 0.180296 -0.200947 0.441616 -1 -0.673946 -1 -0.199592 -0.585538 -0.237989 -0.74614 -0.439155 0.13407 -0.657387 -0.267312 0.0778896 -0.545711 -0.651256 -0.0205854 -0.800536 -1 0.749797 -1 -0.0997041 -0.91801 -0.664932 -0.742823 -0.98644 0.510138 -0.99985 -1 0.666111 -0.846799 -1 -0.81827 -0.721254 0.315766 -1 -0.447292 0.564585 0.453969 -0.325269 -0.240283 -0.015321 0.664296 -0.258648 -0.924137 0.215009 -0.839845 -0.342817 -0.67706 -1 -0.943642 -0.688334 -0.91742 0.513753 0.489623 -1 0.210358 0.0761385 -0.849466 -0.191302 -0.216506 -0.894961 -0.788381 -0.71525 0.0245729 0.396526 -1 0.452767 -1 -1 -1 0.0936083 -0.938399 -1 -0.905003 -0.178249 -0.164712 0.318382 
0.470951 -0.660931 -0.398719 0.54996 0.190335 -0.934313 -0.907327 -0.465199 -0.872228 -0.672088 0.784947 0.924218 0.236219 -0.690188 0.362982 -0.961923 0.519237 -0.332046 -0.0450544 -0.174118 0.761093 -0.823316 0.119761 0.44193 -0.992786 0.868564 -0.478677 -1 0.75509 -0.932774 -0.961964 0.297561 -0.771163 -0.987648 -0.980292 0.670158 -1 0.158668 -0.495827 0.154875 0.330106 -0.376333 -0.0568024 -0.660041 0.683451 -0.493649 -0.703402 -0.210474 0.151846 -0.406451 0.38727 -0.967936 0.0598349 -0.0659051 -0.870555 -0.565376 -0.137844 -1 -1 0.442711 -0.166812 0.567765 -1 -0.457625 -1 -0.285446 -0.589651 -0.0799044 -0.186009 -0.218866 0.37734 -0.6918 -0.38597 0.115917 -0.517351 -0.684621 0.117267 -0.608355 -0.928839 0.811052 -1 0.000687495 -0.93942 -0.426168 -0.426874 -1 0.575084 -0.890132 -1 0.677689 -0.834273 -0.622384 -0.781865 -0.721254 0.480307 -1 -0.450307 0.49295 0.5252 -0.262728 -0.22174 0.00729994 0.664296 -0.075169 -0.669817 0.215009 -0.567308 -0.220786 -0.465726 -1 -1 -0.688334 -0.499092 0.837022 0.570227 -0.798425 0.213251 0.190522 -0.846493 -0.11741 -0.228878 -0.914034 -0.779468 -0.549763 0.0309787 0.509781 -1 0.407098 -1 -0.910796 -0.793861 0.157671 -0.856874 -1 -0.897986 0.0175401 -0.152936 0.370583 
-0.570094 -0.0959984 -1 -0.0913661 0.255505 -0.252851 -0.988433 -0.176131 -1 -0.632995 -0.0156812 0.378576 -0.686652 -0.138656 -0.972681 -1 -0.245302 -0.973529 -0.983537 -0.711791 -0.282343 -0.720417 -0.0973455 -1 -1 -0.924431 -0.532187 -0.230857 -0.835496 -0.947662 0.0344031 -1 -1 -1 -1 -0.978497 -1 -1 -0.834908 -0.438376 0.598769 0.0743933 -1 -0.811721 0.0900168 -0.814923 -0.488111 -0.410013 0.0222398 -1 -0.704479 -0.792658 -0.0270765 -0.989551 0.344568 -0.881457 -1 -0.903833 -1 -1 -0.685658 0.581757 -0.859988 -0.560504 -0.117139 -0.141662 -0.845855 -0.992056 0.625369 -0.620417 -0.848557 -0.843646 -0.284296 -1 -0.462389 -0.798868 -0.365297 -1 -0.843656 -1 -0.778346 -1 0.172135 -0.348248 -0.929272 -0.904877 -0.946823 0.0783782 -1 -0.296327 0.00372678 -0.0476711 -0.998582 -1 0.539846 -0.992149 0.0643712 0.0132235 0.614202 -1 -0.404892 -0.318022 -0.470667 -1 0.453704 -0.0226266 -0.672338 0.0460514 -0.439415 -0.766474 -0.984885 -0.255763 -0.583564 -1 -0.901949 -1 -0.588377 -0.777451 0.41908 -1 -0.378394 -0.0732683 -0.424649 -0.211051 0.203669 -0.354738 -0.752712 0.133291 -0.239991 0.029291 -0.00856702 0.336722 -1 0.148661 -1 -0.871119 0.311873 -0.961307 
0.333967 -0.751885 -0.474135 0.48627 0.164401 -0.822158 -0.868851 -0.275746 -0.938474 -0.470239 0.885114 0.759708 0.295899 -0.491165 0.256853 -1 0.460502 -0.49763 0.152704 -0.127045 0.692645 -0.791119 0.0127141 0.607873 -0.971809 0.789817 -0.52421 -0.914578 0.696196 -0.652064 -0.817779 0.362851 -0.664414 -1 -0.995932 0.597826 -0.984176 0.250142 -0.415778 0.123653 0.642566 -0.377566 -0.0621502 -0.397319 0.696323 -0.652143 -0.712208 -0.0764406 0.302002 -0.389164 0.510183 -0.984447 0.0834991 0.0282944 -0.824903 -0.594616 -0.111739 -1 -0.849335 0.413786 -0.150334 0.604949 -0.972035 -0.543235 -0.994771 -0.239195 -0.582029 -0.0785156 -0.127128 -0.137843 0.833223 -0.798505 -0.190053 0.183428 -0.452945 -0.707316 0.0533325 -0.645585 -0.929711 0.68149 -1 -0.0438234 -0.783683 -0.161425 -0.2758 -0.999225 0.585675 -0.623682 -0.933622 0.658528 -0.829702 -0.66283 -0.747364 -0.690662 0.747171 -1 -0.334628 0.476456 0.538384 -0.279088 -0.148235 0.082398 0.532495 -0.0570079 -0.755023 0.197079 -0.510938 -0.215918 -0.545015 -1 -1 -0.43501 -0.494728 0.805493 0.496244 -0.751306 0.250858 0.255864 -0.485837 -0.0429207 -0.214821 -1 -0.821624 -0.399317 0.0271855 0.471276 -1 0.467098 -0.99672 -0.673116 -0.818315 -0.0362648 -0.936858 -0.978792 -0.842271 0.238509 -0.0833413 0.602549 
0.431899 -0.870492 -0.712782 0.29529 0.182878 -0.862372 -1 -0.16363 -1 -0.508319 0.904305 0.505288 0.0238542 -0.548942 0.190741 -1 0.24959 -0.551991 0.170699 -0.156409 0.598797 -1 -0.0860893 0.465686 -1 0.610783 -0.594296 -0.921988 0.439026 -0.976901 -0.923478 0.40854 -0.866903 -1 -1 0.419325 -1 0.260255 -0.479151 0.0838499 0.505166 -0.474285 -0.183047 -0.397319 0.783355 -0.744783 -0.818711 -0.0636501 0.162722 -0.389164 0.268953 -1 -0.147973 -0.0315326 -0.77509 -0.606612 -0.172804 -1 -0.839289 0.0535829 -0.11559 0.479947 -1 -0.876163 -0.96067 -0.213656 -0.591431 -0.109594 -0.333506 -0.241595 0.913109 -0.779202 -0.197373 -0.0839616 -0.569799 -0.645618 0.0994231 -0.915068 -1 0.129054 -1 -0.340162 -1 -0.191123 -0.248765 -1 0.563588 -0.977527 -1 0.713142 -1 -0.762988 -0.747364 -0.964878 0.611747 -0.859295 -0.363792 0.526882 0.491565 -0.279088 -0.147697 -0.177856 0.667184 -0.258422 -0.892182 0.297964 -0.596867 -0.416837 -0.665032 -1 -1 -0.615892 -0.532522 0.900937 0.186167 -1 0.357947 0.250356 -0.694616 -0.0654468 -0.260891 -1 -0.795278 -0.551259 -0.136329 0.198077 -1 0.345186 -1 -0.639899 -1 -0.308767 -1 -1 -0.862984 0.194816 -0.0920442 0.530089 
0.424032 -0.633792 -0.444009 0.519252 0.194147 -0.934313 -0.898936 -0.422546 -0.934899 -0.700016 0.765464 0.924218 0.199821 -0.690188 0.362982 -0.968086 0.519237 -0.332046 -0.0212048 -0.223052 0.765154 -0.787056 0.0812403 0.445051 -1 0.861609 -0.514298 -1 0.774965 -0.848425 -0.961964 0.297216 -0.771163 -1 -0.9469 0.618632 -1 0.158668 -0.535014 0.148627 0.324186 -0.355509 -0.0401204 -0.614524 0.676642 -0.525391 -0.70084 -0.2951 0.136924 -0.453235 0.349202 -0.967936 0.0909776 0.00608301 -0.903117 -0.637225 -0.137844 -1 -1 0.457873 -0.200947 0.558871 -1 -0.43943 -1 -0.297236 -0.585538 -0.0623832 -0.186009 -0.304449 0.334292 -0.715287 -0.405279 0.0778896 -0.506011 -0.703223 0.127164 -0.609663 -0.924697 0.811052 -1 0.0267822 -0.91801 -0.445632 -0.479816 -0.98644 0.575084 -0.862239 -1 0.666111 -0.846799 -0.646749 -0.81827 -0.721254 0.487704 -1 -0.46916 0.476456 0.511417 -0.325269 -0.240283 -0.0954233 0.664296 -0.100748 -0.663201 0.215009 -0.608888 -0.220963 -0.486296 -1 -1 -0.688334 -0.508344 0.817151 0.54201 -0.779177 0.210358 0.20718 -0.858969 -0.097357 -0.181618 -0.894961 -0.788381 -0.549763 0.0629132 0.529598 -1 0.452767 -0.997966 -0.90968 -0.809156 0.203496 -0.897737 -1 -0.905003 0.0550131 -0.164712 0.318382 
0.360686 -0.828269 -0.831719 0.56627 0.58853 -1 -0.628146 -0.627258 -0.863516 -0.424939 0.752897 0.728519 0.078073 -0.99695 0.206754 -0.481677 0.0905381 -0.755062 0.613683 -0.00957854 0.429838 -1 -0.13805 0.602273 -0.820313 0.491759 -0.532032 -0.868875 0.630562 -0.951688 -1 0.438065 -0.475443 -1 -1 0.465866 -0.993423 0.479474 -0.379262 0.0231284 0.407937 -0.353987 -0.0320988 -0.548927 0.793853 -0.555594 -0.902527 -0.242687 0.328222 -0.209877 -0.0422001 -1 -0.283963 0.53489 -1 -0.393661 0.0736452 -0.997312 -0.681027 0.511432 -0.249156 0.516557 -1 -1 -1 0.107134 -0.69532 -0.0426561 0.161203 0.208145 0.729074 -0.996879 0.0784885 -0.449408 -0.632769 -0.862961 -0.0413746 -0.721266 -0.919205 0.659607 -1 -0.327256 -0.632455 -0.826154 -0.774354 -1 0.870687 -1 -0.650825 0.41552 -0.612097 -0.502845 -0.622618 -0.844397 0.305847 -1 -0.365136 0.23486 0.760838 -0.248297 -0.3512 0.308533 0.65461 -0.617302 -0.754011 0.244966 -0.489942 -0.55064 -0.757574 -0.982776 -0.641936 -0.369816 -0.725038 0.216776 0.47474 -0.591364 0.431854 0.104284 -0.543349 -0.596547 -0.25366 -0.93601 -1 -0.251957 -0.613145 0.308834 -0.986382 0.226494 -0.924181 -0.861425 -0.632901 0.273618 -0.549105 -1 -1 0.324792 -0.165256 -0.0217942 
-0.621693 -0.263455 -0.974233 0.149358 0.0967464 0.0707492 -1 -0.223224 -1 -0.589053 -0.099979 0.324865 -0.988381 -0.522937 -1 -0.919156 -0.331833 -1 -0.964941 -1 -0.318285 -0.504679 0.19843 -1 -1 -0.965278 -0.0154095 -0.142349 -0.794378 -1 -0.346433 -0.797691 -0.996114 -1 -1 -0.978008 -1 -1 -0.836671 -0.645929 0.634074 0.00316834 -1 -1 -0.173665 -0.576957 -0.108814 -0.494363 -0.0571907 -1 -0.590068 -1 -0.281081 -0.991924 0.210034 -1 -1 -1 -1 -1 -0.570333 0.286261 -0.80875 -0.567012 -0.229639 -0.046357 -1 -1 0.520218 -0.524793 -0.836056 -0.459519 -0.353748 -0.934422 -0.633436 -0.780483 -0.490737 -0.998426 -0.777942 -0.901269 -0.777461 -0.983843 0.017457 -0.338754 -0.555655 -1 -0.889258 0.347187 -1 -0.394025 0.105794 -0.0320613 -0.978875 -1 0.546728 -0.996216 0.403128 -0.0551628 0.576763 -0.968456 -0.603377 -0.272783 -0.475266 -0.776042 0.535652 -0.128411 -0.503464 0.244285 -0.567171 -0.490894 -1 -0.488887 -0.583564 -1 -0.983697 -0.926798 -0.329927 -0.578689 0.354841 -0.984102 -0.50264 -0.367372 -0.633478 -0.205245 0.403007 -0.377998 -0.538171 0.0536375 -0.238306 0.0222604 0.0752852 0.160961 -0.744492 -0.411126 -1 -0.725838 0.345302 -0.946106 
0.681559 -0.0999632 0.529249 -0.820366 0.711955 0.918689 0.454324 0.311688 -0.0235411 0.170362 0.0729394 -0.647578 0.539657 0.703696 0.142752 0.6073 0.826058 -0.207087 0.649191 -0.493812 0.0181281 0.0328151 -0.510995 -0.428797 -0.863124 -0.16727 -0.671253 0.546132 0.668349 -0.781677 0.663595 0.518916 0.154804 0.748584 -0.407325 -0.781558 0.708815 0.0656159 -0.996249 -0.073111 -0.220684 -1 -1 0.983438 0.502385 0.30267 -0.523293 -1 -0.117552 -0.0351383 -0.447484 0.12738 -0.1534 0.370507 0.312795 -0.457399 -0.556427 0.958858 -0.0103915 -0.952154 -0.629486 0.294417 -0.390033 -1 -0.312248 -0.247006 -0.11807 0.039308 -0.382968 -0.672838 0.759614 0.15184 -0.0682445 0.680039 0.0421418 0.647289 0.200379 -0.115656 -0.434251 0.341303 -0.222193 -0.487072 -0.188663 -0.551437 -0.0955831 0.355379 0.256433 -1 -0.951447 -0.177951 0.3878 0.190977 -0.429115 0.822116 0.77651 0.0230048 0.660189 0.844707 -0.986456 0.333786 0.780826 -0.967212 -0.604143 -0.355816 -0.167353 0.303436 0.0215952 0.819786 -0.352097 -0.813328 0.282683 -0.983835 0.897943 0.382134 0.0330296 0.156437 -0.791391 0.268254 -0.256458 -0.29606 0.380881 -0.330455 -0.291432 -0.802336 0.551364 -0.106355 -0.270476 -0.829518 -0.121571 -0.492895 -0.38268 0.316979 -0.353081 -0.129512 0.434973 -0.19862 -0.544605 -0.461801 
0.31518 -0.875897 -0.733256 0.236367 0.435578 -1 -1 -0.452047 -1 -1 0.378996 0.0364531 -0.141632 -0.706525 0.0236182 -0.9111 0.342674 -0.450563 -0.0913236 -0.0532769 0.411225 -0.85445 -0.369216 0.353252 -1 0.783745 -0.533957 -1 0.62531 -0.916016 -0.907516 0.267457 -0.453477 -0.865176 -1 0.645151 -1 0.216745 -0.547966 -0.272778 0.76762 -0.32237 -0.205002 -1 0.470544 -0.686664 -1 -0.0312442 -0.25482 -0.348852 -0.490295 -1 0.087836 -0.02059 -0.658751 -0.529884 -0.224013 -1 -0.981518 -0.288458 -0.66229 0.444601 -0.939884 -0.873085 -1 0.185185 -0.658117 -0.229606 0.0973129 -0.22466 0.633574 -0.690978 -0.105306 -0.271679 -0.438199 -1 -0.429673 -0.993234 -1 0.859854 -1 -0.242091 -0.839092 -0.379263 -0.485902 -1 0.380763 -1 -0.369551 0.219292 -0.597293 -0.624538 -0.985422 -0.545548 0.571231 -1 -0.664547 0.0469104 0.498065 -0.572784 -0.358982 0.106171 0.428005 -0.33112 -0.539767 0.428194 -0.674944 -0.280745 -0.769122 -0.864217 -0.898638 -0.791971 -0.61713 0.237094 0.459859 -0.80399 -0.0557642 -0.0120322 -0.80978 -0.262501 -0.360814 -1 -0.663653 -0.229012 -0.55383 0.26564 -0.987788 0.394919 -1 -0.501237 -0.411419 0.187477 -0.914086 -0.98074 -1 0.201571 -0.111603 -0.09836 
0.295589 -0.698319 -0.36699 0.374472 0.313103 -0.700751 -0.957924 -0.56137 -1 -0.501221 0.748911 0.29914 0.00179641 -0.70854 -0.149865 -0.625055 0.152467 -1 0.399025 0.026435 0.417524 -1 -0.411996 0.701195 -1 0.390948 -0.460504 -0.803838 0.669018 -1 -1 0.233122 -0.70299 -1 -0.942458 0.570601 -1 -0.0916432 -0.430437 0.11393 0.734718 -0.48071 0.0512003 -0.953544 0.381253 -0.416956 -1 0.102692 0.0114425 0.0439995 0.0110657 -1 -0.291189 0.498438 -1 -0.643556 -0.764623 -1 -0.78881 0.47522 -0.487422 0.745439 -0.948914 -0.405133 -1 0.143633 -1 0.068632 0.331691 0.071503 0.440372 -1 0.233169 -0.802453 -0.857656 -0.955155 -0.275941 -0.33854 -0.995925 0.549491 -1 -0.242026 -0.940453 -0.50722 -0.362612 -1 0.671095 -0.926605 -0.486975 0.220984 -1 -0.460438 -0.993086 -0.566584 0.836122 -1 -0.543836 -0.0913454 0.96994 -0.212353 0.00916945 0.080076 0.540766 -0.391239 -0.801669 0.22163 -0.923208 -0.387463 -0.914501 -1 -0.915123 -0.802073 -0.46216 0.502481 0.489035 -0.597019 0.476741 -0.208288 -0.452176 -0.269274 -0.474734 -0.920232 -0.817231 -0.242264 -0.499286 0.225199 -1 0.262615 -0.966414 -0.448287 -0.628375 0.0607465 -0.695045 -0.998101 -1 0.401872 -0.0279668 0.309298 
-0.54764 -0.038816 -1 0.288262 0.255505 0.0707492 -1 -0.0212903 -1 -0.636929 -0.0113536 0.392672 -0.787601 -0.442242 -1 -0.912497 -0.209655 -1 -1 -0.816813 -0.31795 -0.24804 0.19843 -1 -1 -1 -0.083934 0.015282 -0.782488 -0.907991 -0.0642912 -0.802444 -1 -1 -1 -1 -0.996167 -1 -0.752704 -0.365942 0.567538 -0.0160403 -1 -1 0.0830791 -0.579628 -0.119944 -0.498634 0.158639 -1 -0.633229 -0.750744 -0.049474 -1 0.43174 -1 -1 -0.899818 -1 -0.98557 -0.476755 0.476208 -0.550837 -0.632479 0.0348157 0.124324 -0.786439 -1 0.520218 -0.511093 -0.805674 -0.470923 -0.123265 -1 -0.305274 -0.69063 -0.399523 -1 -0.777942 -0.991749 -0.686211 -1 0.118174 -0.338754 -0.376424 -0.848811 -0.88027 0.347187 -1 -0.18972 0.00966977 -0.0562422 -1 -0.915897 0.574888 -0.996216 0.353345 -0.157519 0.540018 -0.753981 -0.305764 -0.119797 -0.431355 -0.776042 0.506071 -0.0791982 -0.512841 0.274998 -0.388978 -0.477201 -1 -0.271052 -0.583564 -1 -0.947299 -1 -0.241552 -0.578689 0.461787 -1 -0.253598 -0.0331625 -0.742906 0.133282 0.308282 -0.354738 -0.534075 0.0330214 -0.339961 0.134649 -0.00723916 0.31103 -0.80732 -0.113098 -0.918922 -0.699988 0.361317 -0.938304 
-0.590718 -0.223913 -1 0.379774 0.255505 0.00463142 -0.980653 -0.0274341 -1 -0.895849 0.0268599 0.301462 -0.850676 -0.267058 -0.9422 -0.912497 -0.190481 -0.924881 -1 -0.660713 -0.31795 -0.525576 0.258602 -1 -1 -0.833315 -0.083934 -0.141863 -0.818055 -0.96889 0.0562281 -0.873233 -0.96217 -0.997545 -1 -1 -1 -0.93613 -0.759943 -0.575937 0.421014 0.11402 -0.938618 -1 -0.237958 -0.604594 -0.133197 -0.494006 0.177941 -0.990017 -0.619197 -0.89198 -0.0270765 -1 0.42967 -0.881457 -1 -0.99583 -0.840238 -1 -0.482267 0.681979 -0.550837 -0.871534 -0.275375 0.103358 -0.786439 -1 0.727872 -0.502356 -0.845002 -0.479833 0.0146062 -0.99132 -0.305274 -0.790962 -0.236222 -1 -0.694023 -1 -0.819842 -1 0.102293 -0.338754 -0.336881 -0.892443 -0.88027 0.347187 -1 -0.371298 0.00966977 -0.00193331 -0.997653 -0.875971 0.444161 -0.99872 0.350937 -0.132407 0.827282 -0.756888 -0.223727 -0.0228731 -0.631544 -0.829088 0.489016 -0.0768684 -0.512841 0.303103 -0.443731 -0.485931 -1 -0.439465 -0.503891 -0.990984 -0.847225 -1 -0.272886 -0.558072 0.430689 -0.960996 -0.295708 -0.0732683 -0.629338 0.151876 0.115061 -0.414103 -0.534075 0.0574257 -0.314216 0.133771 -0.0453698 0.297844 -0.815422 -0.0614227 -1 -0.937225 0.0583541 -0.946106 
0.55163 -0.770716 -0.344856 0.635525 0.582462 -0.849997 -1 -0.446085 -1 -0.493869 0.861305 0.762278 0.1694 -0.590912 0.329766 -0.513367 0.157242 -0.567479 0.519574 -0.280228 0.522418 -0.867324 0.0155089 0.598603 -1 0.541778 -0.466979 -0.924081 0.618182 -0.982009 -1 0.0815109 -0.434789 -1 -1 0.810162 -0.98451 0.407006 -0.190355 0.0520008 0.402717 -0.13209 -0.170534 -0.509811 0.59732 -0.392771 -1 -0.0263806 0.295252 -0.223121 -0.0608235 -1 0.127814 0.375195 -0.688432 -0.559538 -0.12098 -1 -0.696857 0.297203 -0.253785 0.646223 -1 -0.594521 -0.91086 0.011214 -0.455198 -0.030098 0.310782 0.0331817 0.723678 -0.775489 -0.200205 -0.0367465 -0.708074 -0.891121 -0.319413 -0.323151 -1 0.868252 -1 -0.486505 -0.749159 -0.196788 -0.5999 -1 0.90749 -1 -0.566563 0.409738 -0.477563 -0.591879 -0.677794 -0.675325 0.836122 -0.944073 -0.250861 0.172966 0.82528 -0.14635 -0.218557 0.346661 0.67442 -0.607735 -0.451647 0.398429 -0.819268 -0.443224 -0.667159 -1 -0.711217 -0.248575 -0.719444 -0.157397 0.694398 -0.643091 0.463087 0.00850255 -0.626046 -0.461242 -0.200198 -0.987633 -0.954015 -0.195849 -0.505379 0.381178 -0.959703 0.509966 -1 -0.57234 -0.901495 0.309215 -0.562573 -0.996625 -0.990271 0.384598 -0.189988 0.257777 
-0.590718 -0.213533 -1 0.270356 0.204343 -0.0444311 -0.980653 -0.21828 -1 -0.911595 0.0657101 0.140231 -0.766806 -0.233816 -0.941232 -0.912497 -0.2406 -0.951055 -1 -0.697911 -0.31795 -0.451559 0.258602 -1 -1 -0.863284 -0.083934 -0.141863 -0.86091 -1 0.107412 -1 -1 -1 -1 -0.991576 -1 -0.850391 -0.813429 -0.575937 0.383075 -0.144953 -1 -1 -0.479562 -0.548974 -0.119944 -0.499032 -0.108034 -1 -0.633229 -0.907605 0.0040736 -0.995335 0.42967 -0.892595 -1 -1 -1 -1 -0.445287 0.755619 -0.819307 -0.867454 -0.269524 0.104609 -0.798029 -1 0.677253 -0.549151 -0.871684 -0.649321 -0.0428608 -1 -0.57045 -1 -0.44349 -1 -0.705932 -0.988114 -0.819842 -0.99111 0.173874 -0.632212 -0.312402 -0.960075 -0.909675 0.276119 -1 -0.354817 0.078965 0.049651 -1 -0.859983 0.466511 -0.96813 0.420767 -0.241276 0.682761 -0.753981 -0.401356 0.0195552 -0.600106 -0.821997 0.496303 -0.000795335 -0.494908 0.251773 -0.443731 -0.453294 -1 -0.389448 -0.487571 -1 -0.970485 -1 -0.265849 -0.544387 0.317899 -1 -0.268457 -0.00645918 -0.629338 0.191797 -0.0943895 -0.354738 -0.534075 -0.199249 -0.40944 0.0847645 -0.16237 0.0705316 -0.747038 0.0582791 -1 -0.86308 -0.0208416 -0.933596 
0.401813 -0.948926 -0.398719 0.54996 -0.0187922 -0.99964 -1 -0.597676 -0.872228 -0.859776 0.558935 0.906247 -0.0331742 -0.626033 0.276448 -1 0.582155 -0.545259 -0.152662 -0.174118 0.545761 -1 0.123389 0.445051 -1 0.46865 -0.575342 -0.934297 0.774965 -0.96417 -0.961964 0.199437 -0.799547 -1 -1 0.616446 -1 0.00235554 -0.518672 -0.00081028 0.345426 -0.384465 0.0450247 -0.594397 0.71107 -0.493649 -0.734276 -0.21453 0.0226382 -0.541144 0.267527 -1 -0.0720614 0.00608301 -0.870555 -0.924366 -0.188232 -1 -0.981498 0.488272 -0.229593 0.374076 -0.929286 -0.440283 -1 -0.597978 -0.569099 -0.231411 -0.207407 -0.218866 0.427674 -0.70136 -0.412355 0.0891305 -0.662624 -0.706433 -0.175175 -0.532253 -1 0.555635 -1 -0.316594 -0.987969 -0.66756 -0.437654 -1 0.566361 -1 -1 0.652481 -0.993118 -0.622384 -0.770372 -0.721254 0.183784 -1 -0.433196 0.283222 0.23264 -0.495416 -0.22174 0.0107527 0.50967 -0.108934 -0.644353 0.0212658 -0.567308 -0.220963 -0.688363 -1 -0.941373 -0.831538 -0.448112 0.616476 0.614673 -0.789184 0.213251 0.0112595 -0.768673 -0.157446 -0.311903 -0.994795 -0.779468 -0.816702 0.0629132 0.29736 -0.958004 0.452767 -1 -1 -0.931989 0.180433 -0.831702 -1 -0.91074 -0.179272 -0.139094 0.261882 
0.565604 -0.716398 -0.441798 0.643589 0.608042 -0.849849 -0.743335 -0.243679 -0.846412 -0.458372 0.78852 0.66446 0.0396871 -0.574278 0.39475 -0.481677 0.515147 -0.50867 0.485494 0.164944 0.71394 -0.933912 0.0062402 0.539526 -0.92283 0.676378 -0.584245 -0.656367 0.761951 -0.845533 -1 0.400874 -0.504924 -0.993713 -1 0.684243 -1 0.366888 -0.286613 0.0427815 0.734575 -0.0771901 -0.0362938 -0.612366 0.715992 -0.241472 -0.86174 0.0294319 0.379627 -0.0997645 0.199049 -1 0.0900193 0.541018 -0.72452 -0.453393 -0.091689 -1 -0.770525 0.534647 -0.235241 0.655297 -0.996738 -0.413591 -0.882969 0.11059 -0.482225 0.169503 0.250751 0.0889429 0.897816 -0.678926 0.235068 -0.0166243 -0.573496 -0.736329 0.0520252 -0.349325 -1 0.790858 -1 -0.164424 -0.65646 -0.223154 -0.538534 -1 0.89373 -0.924326 -0.337515 0.557239 -0.582938 -0.47819 -0.644894 -0.570579 0.775558 -0.992854 -0.194313 0.452232 0.840957 -0.307427 -0.00636555 0.389234 0.934212 -0.419394 -0.483465 0.444662 -0.491474 -0.296179 -0.622132 -0.925375 -0.734683 -0.380049 -0.50341 0.425875 0.63859 -0.674672 0.684093 0.190684 -0.504833 -0.329834 -0.259713 -1 -0.752566 -0.254833 -0.202809 0.429169 -0.951715 0.413156 -0.901511 -0.439689 -0.519115 0.316149 -0.666449 -1 -0.888941 0.623343 0.0784889 0.36218 
0.509416 -0.611039 -0.191268 0.834678 0.525097 -0.962352 -1 -0.197898 -1 -0.32055 0.394358 0.416916 0.259581 -0.653881 0.12098 -0.50119 0.486052 -0.493823 0.679592 0.0514523 0.36866 -0.800835 -0.577236 0.810808 -0.980113 0.84196 -0.714612 -0.680005 0.416446 -1 -1 0.338079 -0.403564 -0.993712 -0.97001 0.718582 -1 0.540152 -0.547451 -0.282083 0.748367 -0.277717 -0.182669 -0.802961 0.699181 -0.860937 -1 0.251772 0.0478687 -0.292292 0.191842 -1 -0.462187 0.0956417 -0.735022 -0.871638 -0.00673355 -1 -0.986827 0.582583 -0.393709 0.509674 -1 -0.0759406 -1 0.269289 -0.64621 0.0684617 0.36135 0.00689163 0.57603 -0.985711 0.154243 0.116156 -0.512217 -0.954905 -0.0193129 -0.506292 -1 0.273925 -1 -0.441829 -0.766375 -0.974116 -0.313539 -0.910501 0.884843 -0.764825 -0.358694 0.144207 -0.537844 -0.521574 -0.639102 -0.57308 0.352794 -0.990808 -0.234279 0.278767 0.548122 -0.758697 -0.194105 0.290017 0.463401 -0.373877 -0.810896 0.440905 -0.532643 -0.192556 -0.842491 -1 -0.808239 -0.429181 -0.420049 0.838985 0.32867 -0.830624 0.807119 0.812485 -0.413319 -0.314396 -0.586292 -1 -0.904034 -0.591463 -0.0977139 0.57614 -0.887263 0.487825 -1 -0.497258 -0.841969 0.104342 -0.957567 -1 -0.921642 0.799636 0.21682 0.742175 
0.449043 -0.680943 -0.401991 0.559973 0.194147 -0.983336 -0.953644 -0.46585 -0.859511 -0.672088 0.802645 0.92206 0.211446 -0.689377 0.362982 -1 0.507882 -0.332046 -0.0450544 -0.167162 0.761093 -0.768091 0.114085 0.445051 -0.992793 0.868564 -0.454019 -1 0.774965 -0.898519 -0.983475 0.31754 -0.771163 -1 -0.99205 0.596614 -1 0.149821 -0.495827 0.0810797 0.279253 -0.34686 -0.0568024 -0.614524 0.72327 -0.515595 -0.703402 -0.210474 0.151846 -0.391746 0.386794 -0.967936 0.0622125 0.00608301 -0.870555 -0.60109 -0.137844 -1 -1 0.392429 -0.166812 0.515785 -1 -0.480517 -1 -0.315655 -0.623092 -0.0799044 -0.186009 -0.229851 0.427674 -0.707131 -0.38597 0.115917 -0.517351 -0.660194 0.0766123 -0.584413 -0.937278 0.802434 -1 0.0164997 -0.968095 -0.51651 -0.469389 -0.99184 0.558902 -0.871098 -1 0.695043 -0.903971 -0.632151 -0.811458 -0.727422 0.487704 -1 -0.503557 0.476456 0.516762 -0.27599 -0.234836 0.00729994 0.664296 -0.075169 -0.643314 0.215009 -0.613659 -0.220963 -0.479184 -0.985315 -1 -0.688334 -0.448112 0.837022 0.570227 -0.779177 0.175075 0.208851 -0.846493 -0.172294 -0.204412 -0.899297 -0.779468 -0.570233 0.0629132 0.482529 -1 0.452767 -1 -0.908814 -0.819129 0.164322 -0.896492 -0.991563 -0.897986 0.000939935 -0.152936 0.370583 
-0.803863 -0.144073 -1 0.141663 0.12089 -0.105451 -0.949766 -0.10066 -1 -0.636929 -0.0273469 0.227568 -0.798241 -0.318184 -1 -0.914153 -0.503124 -1 -0.990891 -0.75697 -0.438373 -0.375267 0.132062 -1 -0.859281 -0.833315 -0.211092 -0.205476 -0.824708 -0.96042 0.0425775 -0.953215 -0.939601 -1 -1 -1 -0.99971 -1 -0.764326 -0.391192 0.143489 0.140166 -1 -0.873578 0.124244 -0.796915 -0.119944 -0.515175 0.148276 -0.991854 -0.810602 -0.715267 -0.0921413 -1 0.358638 -1 -0.968109 -1 -0.935355 -0.98557 -0.645208 0.445701 -0.883133 -0.513555 -0.305955 -0.145425 -0.933578 -1 0.591419 -0.504491 -0.787487 -0.360781 -0.442369 -1 -0.443124 -0.83964 -0.162951 -1 -0.777942 -1 -0.682622 -0.969303 0.154953 -0.666596 -0.487852 -0.913461 -0.963838 0.347187 -1 -0.131381 -0.319921 -0.159211 -1 -0.81426 0.627224 -1 0.353028 -0.424349 0.80676 -0.741355 -0.35442 0.00176246 -0.638859 -1 0.496303 -0.306874 -0.842133 0.303274 -0.380844 -0.485931 -1 -0.385006 -0.583564 -0.991879 -0.784862 -1 -0.32365 -0.659817 0.461787 -1 -0.288191 -0.342455 -0.712702 0.198864 0.121247 -0.501817 -0.563965 -0.0693746 -0.291652 0.186357 -0.0526002 0.182966 -0.751899 -5.74905e-05 -1 -0.871364 0.361317 -0.946106 
0.509747 -1 -0.517124 0.319876 0.606788 -0.853447 -1 -0.444884 -0.843761 -0.480918 0.883334 0.385342 0.235715 -0.643046 0.382834 -0.473621 -0.161971 -0.926413 0.141284 -0.0772774 0.585028 -1 -0.139015 0.343988 -0.856571 0.441522 -0.565464 -0.875936 0.615217 -0.697126 -0.981731 0.29159 -0.377456 -1 -0.922273 0.826949 -0.985308 0.396612 -0.233058 -0.43178 0.627174 -0.382322 0.0254409 -0.509811 0.851155 -0.502186 -0.84095 0.143421 -0.0120159 -0.559834 0.216757 -1 0.0577189 0.415541 -1 -0.581267 -0.449964 -0.963515 -0.905793 0.435317 -0.357429 0.654435 -0.996914 -0.493065 -1 0.0597614 -0.637611 -0.035148 -0.0818679 -0.0494978 0.685115 -0.838105 0.247607 -0.19497 -0.710763 -0.998958 0.117842 -0.31184 -1 0.92225 -1 -0.398177 -0.661237 -0.460089 -0.639105 -1 0.938146 -0.867709 -0.280938 0.561203 -0.589908 -0.528986 -1 -1 0.55628 -1 -0.47546 0.51513 0.892397 -0.469277 -0.261352 -0.0168035 0.539169 -0.86126 -0.466753 -0.259851 -0.862845 -0.31645 -0.807002 -0.961934 -1 -0.506287 -0.897857 0.251642 0.496382 -0.691605 0.768679 -0.0626027 -0.533548 -0.165166 -0.151669 -0.993455 -1 -0.236951 -0.528333 0.254926 -1 0.421751 -1 -0.315959 -0.553268 0.303302 -0.826438 -1 -0.878308 0.306459 -0.508734 -0.061829 
0.575214 -0.683024 -0.394022 0.324803 0.349885 -1 -0.756505 -0.312244 -0.998111 -0.52609 0.904533 0.649782 0.103348 -0.586471 0.309616 -0.525908 0.194411 -0.620805 0.57045 0.0782041 0.775126 -1 0.0182634 0.554983 -0.776338 0.655642 -0.748093 -0.577529 0.448504 -0.881416 -0.992433 0.266719 -0.732445 -1 -1 0.643155 -0.893586 0.278558 -0.358117 -0.164236 0.608854 -0.0790953 -0.187557 -0.630659 0.76796 -0.455713 -0.772283 0.15449 0.219424 -0.423885 0.222242 -1 0.0461159 0.399959 -0.876285 -0.440637 -0.253511 -0.960134 -0.758033 0.369391 -0.215632 0.594065 -0.991312 -0.434109 -0.887507 -0.0980029 -0.722196 -0.170121 0.238718 0.256542 0.619627 -0.690685 0.28512 -0.0101239 -0.505176 -0.807918 0.0346961 -0.63458 -1 0.824413 -0.987735 -0.330334 -0.840442 -0.307514 -0.452305 -1 0.728986 -1 -0.366896 0.369072 -0.566685 -0.503928 -1 -0.730843 0.860301 -0.874538 -0.454786 0.431107 0.588041 -0.393423 -0.00750214 0.198011 0.623104 -0.754241 -0.529146 0.0453348 -0.941257 -0.317668 -0.630217 -0.932192 -1 -0.330797 -0.707044 0.428416 0.594102 -0.891962 0.624216 0.205589 -0.542942 -0.375045 -0.29687 -1 -0.988606 -0.244082 -0.156249 0.463276 -0.927503 0.333906 -1 -0.41229 -0.503973 0.0783055 -0.657493 -0.920491 -0.831993 0.527479 -0.0200551 0.0983791 
-0.974548 0.00581378 -1 0.190707 0.255505 -0.22046 -1 -0.307928 -0.942101 -0.877008 -0.380981 0.168169 -0.920567 -0.198619 -0.964594 -0.92636 -0.261639 -1 -1 -0.749447 -0.31795 -0.24804 0.014966 -1 -1 -1 -0.0729871 -0.020121 -0.82313 -1 -0.203069 -1 -0.968815 -0.952234 -0.958116 -1 -0.96248 -1 -0.949689 -0.384153 0.323793 0.132984 -0.944379 -0.986358 -0.00130424 -0.579628 -0.0883715 -0.579505 -0.121586 -1 -0.75773 -1 -0.426219 -1 0.475821 -0.998782 -1 -0.987534 -1 -1 -0.908924 0.545039 -0.698109 -0.560504 0.0348157 0.0687851 -0.764436 -1 0.676228 -0.44366 -0.805674 -0.55136 -0.252026 -1 -0.468876 -0.776239 -0.476593 -0.939404 -0.968728 -1 -0.749639 -1 0.154953 -0.398033 -0.403028 -1 -0.88027 -0.0884391 -1 -0.35794 -0.0620054 -0.109176 -1 -1 0.541909 -1 0.0837187 -0.118861 0.712296 -0.903144 -0.357209 0.0195552 -0.432828 -1 0.402873 -0.438435 -0.607532 0.127341 -0.540863 -0.780896 -1 -0.198014 -0.583564 -1 -0.783243 -1 -0.222245 -0.666728 0.461787 -1 -0.312594 -0.0887489 -0.480622 0.0627775 0.28953 -0.354738 -0.692107 0.147922 -0.217424 0.168259 0.0581436 0.364141 -0.752132 -0.207423 -1 -0.628736 0.369799 -0.9191 
0.284811 -1 -0.712414 0.445233 0.315104 -0.991217 -1 -0.382839 -1 -0.643206 0.914843 0.406859 0.0840698 -0.516509 0.456932 -0.496397 0.380168 -0.441749 0.536747 0.171319 0.421113 -0.924649 -0.0744841 0.463654 -1 0.654603 -0.519986 -0.6718 0.685372 -1 -0.966768 0.250404 -0.547396 -0.966561 -1 0.769229 -0.926927 0.333664 -0.583781 -0.259914 0.775061 -0.0783209 0.0091076 -0.80145 0.732122 -0.264895 -0.87465 -0.329815 -0.126873 -0.151656 -0.109335 -1 0.0811876 0.541018 -0.649497 -0.374954 -0.321507 -1 -0.952503 0.243235 -0.287994 0.433771 -1 -0.369909 -1 0.109235 -0.766064 0.263693 0.0845062 -0.12485 0.84551 -0.699715 0.200948 -0.686828 -0.524621 -0.86351 0.114434 -0.413674 -0.882928 0.816654 -1 -0.236377 -0.726173 -0.410309 -0.665448 -1 0.866099 -0.893726 -0.333339 0.430463 -0.523625 -0.449358 -0.706896 -0.454324 0.532324 -1 -0.347171 0.314077 0.822707 -0.257611 0.0593003 0.478568 0.949801 -0.324563 -0.561837 0.267613 -0.527105 -0.375079 -0.606447 -1 -0.895344 -0.402762 -0.607124 0.272581 0.712779 -0.979531 0.46012 0.175773 -0.593939 -0.297167 -0.390781 -0.940492 -0.750717 -0.214715 -0.0935955 0.20591 -1 0.269874 -1 -0.484783 -0.82805 -0.118725 -0.819695 -0.987686 -0.779637 0.431688 -0.14177 0.178648 
0.377868 -0.780244 -0.570677 0.427182 0.328644 -1 -0.620886 -0.213864 -1 -0.843519 0.510319 0.476295 0.11746 -1 0.0920919 -0.511087 0.136839 -0.758018 0.465061 -0.135522 0.660925 -1 -0.196961 0.156881 -0.785485 0.450655 -0.612864 -0.666208 0.354722 -0.825831 -1 0.222376 -0.810917 -1 -1 0.758733 -0.811415 0.109427 -0.405358 -0.0543317 0.655808 -0.201181 -0.131869 -0.530917 0.751326 -0.64679 -1 0.0446123 -0.0294126 -0.305847 -0.112941 -1 0.0673615 0.318025 -0.817598 -0.684301 -0.0845205 -1 -1 0.310307 -0.337316 0.37073 -1 -0.579892 -0.941151 -0.495316 -0.99852 0.273796 0.116069 -0.166813 0.709435 -0.749417 0.0446547 -0.495479 -0.869794 -0.976417 -0.286893 -0.363655 -1 0.621429 -0.934133 -0.297681 -0.855188 -0.157407 -0.70753 -0.945843 0.744177 -1 -0.632108 0.0522031 -0.558863 -0.799376 -0.728581 -1 0.890452 -1 -0.384712 -0.0432849 0.795338 -0.147729 -0.270306 0.34342 0.478143 -0.91304 -0.869148 0.444662 -0.543865 -0.589115 -0.838118 -0.973625 -1 -0.649244 -0.679007 0.603345 0.729468 -0.670538 0.310021 0.11931 -0.732013 -0.56093 -0.267352 -0.97586 -0.74346 -0.466615 -0.455013 0.15127 -1 0.197265 -1 -0.446005 -0.830873 -0.079441 -0.681324 -0.933935 -1 -0.0394066 -0.27157 -0.0655253 
-0.54764 -0.038816 -1 0.288262 0.255505 0.00463142 -1 -0.0212903 -0.942101 -0.636929 -0.0113536 0.392672 -0.774349 -0.233816 -1 -0.912497 -0.209655 -0.935469 -1 -0.641318 -0.31795 -0.24804 0.19843 -1 -0.920024 -0.833315 -0.083934 0.015282 -0.782488 -0.730734 0.0457652 -0.873233 -0.96217 -0.92328 -1 -1 -0.996167 -1 -0.834908 -0.384153 0.567538 0.132984 -0.944379 -0.887966 0.0958777 -0.579628 -0.119944 -0.494006 0.148276 -1 -0.633229 -0.750744 -0.0270765 -1 0.475821 -0.881457 -1 -0.861692 -0.840238 -0.98557 -0.507148 0.681979 -0.550837 -0.560504 0.0348157 0.124324 -0.786439 -1 0.702311 -0.502356 -0.805674 -0.459519 0.0142312 -1 -0.305274 -0.776239 -0.222704 -1 -0.777942 -0.991749 -0.686211 -1 0.154953 -0.338754 -0.376424 -0.848811 -0.88027 0.347187 -1 -0.139293 0.00966977 -0.0320613 -1 -0.894242 0.541909 -0.940712 0.353345 -0.118861 0.828705 -0.753981 -0.305764 0.0195552 -0.431355 -0.776042 0.496303 -0.0791982 -0.512841 0.303274 -0.443731 -0.485931 -1 -0.271052 -0.583564 -1 -0.825035 -1 -0.241552 -0.578689 0.461787 -1 -0.22808 -0.0732683 -0.480622 0.191797 0.366873 -0.354738 -0.534075 0.124192 -0.291652 0.134649 -0.00723916 0.364141 -0.686697 0.132579 -1 -0.699988 0.361317 -0.946106 
-0.751785 -0.0691617 -1 0.0545819 0.127113 -0.56587 -1 -0.320416 -1 -0.993771 -0.10099 -0.0727833 -1 -0.745123 -1 -0.982982 -0.569487 -0.985693 -0.942906 -0.82815 -0.535542 -0.407284 -0.0247127 -0.942139 -1 -0.754937 -0.412362 -0.244263 -1 -0.733249 -0.481268 -0.93855 -0.982026 -1 -1 -1 -1 -1 -1 -0.811671 0.27811 0.17372 -1 -1 0.124166 -0.509095 -0.5085 -0.678825 -0.047562 -1 -0.794273 -0.913807 -0.0511172 -1 0.354567 -1 -1 -1 -1 -1 -0.726214 0.494718 -0.830018 -0.560504 -0.13653 -0.125563 -0.86987 -1 0.492317 -0.540009 -0.822422 -0.82001 0.042715 -1 -0.259553 -1 -0.5406 -0.942296 -0.757108 -1 -1 -1 0.115763 -0.604377 -0.463949 -1 -1 -0.33537 -1 -0.279482 -0.276115 -0.491021 -1 -1 0.029991 -0.990861 0.401435 -0.803075 0.804882 -0.626361 -0.835014 -0.165499 -0.438988 -0.87928 0.496303 -0.225234 -0.940078 0.262901 -0.539608 -0.523908 -1 -0.281755 -0.765222 -1 -1 -0.98322 -0.586755 -0.750554 0.474378 -0.979882 -0.798946 -0.200658 -0.490286 -0.101834 0.14214 -0.394328 -0.842134 0.0193131 -0.379771 -0.051115 -0.488396 0.303896 -1 -0.00362737 -1 -1 0.298564 -0.999362 
-0.553739 -0.038816 -0.939693 0.288262 0.255505 0.00463142 -1 -0.0212903 -0.942101 -0.636929 -0.0113536 0.392672 -0.774349 -0.233816 -1 -0.912497 -0.209655 -1 -1 -0.683792 -0.31795 -0.24804 0.0280689 -1 -0.968063 -0.833315 -0.173549 0.00589547 -0.782488 -0.730734 -0.00408763 -0.873233 -0.96217 -0.92328 -1 -1 -0.979742 -1 -0.82373 -0.384153 0.567538 0.132984 -0.944379 -0.887966 0.0958777 -0.579628 -0.255528 -0.494006 0.148276 -1 -0.672863 -0.697284 -0.0506292 -1 0.475821 -0.881457 -1 -0.812136 -0.857481 -1 -0.520381 0.497452 -0.550837 -0.560504 0.0348157 0.124324 -0.786439 -1 0.575947 -0.604884 -0.822422 -0.459519 0.0142312 -1 -0.270067 -0.739034 -0.222704 -1 -0.788453 -0.991749 -0.864475 -1 0.154953 -0.444225 -0.376424 -0.88508 -1 0.291885 -0.973515 -0.139293 0.00966977 -0.190135 -1 -1 0.541909 -1 0.353345 -0.118861 0.706204 -0.69315 -0.305764 0.0195552 -0.382855 -0.776042 0.496303 -0.0791982 -0.512841 0.303274 -0.443731 -0.549896 -1 -0.271052 -0.583564 -1 -0.825035 -1 -0.194828 -0.578689 0.461787 -1 -0.265167 -0.0732683 -0.480622 0.191797 0.366873 -0.354738 -0.650845 0.124192 -0.291652 0.134649 -0.00723916 0.364141 -0.686697 0.132579 -1 -0.73326 0.361317 -1 
0.09557 -0.731264 -0.39387 0.760454 0.252627 -0.918285 -0.83015 -0.382476 -0.845047 -0.52595 0.534821 0.928781 -0.0105244 -0.926143 0.352691 -1 0.325071 -0.581607 0.0754378 -0.22212 0.80993 -0.961239 -0.165305 0.851298 -0.994895 0.93823 -0.500219 -1 0.551898 -0.984345 -0.924435 0.227991 -0.760946 -1 -1 0.737196 -1 0.460756 -0.224299 -0.135807 0.877987 -0.618994 -0.115629 -0.804317 0.619976 -0.706385 -0.595476 -0.558245 0.0895555 -0.435653 0.537867 -0.937036 -0.166692 0.287464 -1 -0.723529 -0.13998 -0.909644 -0.839487 0.715393 -0.216384 0.195382 -1 -0.51366 -0.896893 0.151327 -0.774098 0.122754 -0.195408 -0.339506 0.613774 -0.748144 -0.386773 0.201213 -0.438044 -0.668965 -0.00993659 -0.629222 -1 0.637172 -1 -0.0325595 -0.798724 -0.151439 -0.601043 -1 0.849441 -0.702124 -0.745163 0.579877 -1 -0.556075 -0.909007 -0.890004 0.690292 -1 -0.422312 0.417888 0.198337 -0.313737 -0.245013 -0.0294519 0.265704 -0.299796 -0.969428 0.163175 -0.938106 -0.220963 -0.664754 -0.982589 -0.866427 -0.459424 -0.542627 0.471895 0.262635 -0.946695 0.219231 -0.0962903 -0.861446 -0.0322307 -0.0241609 -1 -0.965868 -0.397581 -0.148479 0.144159 -0.932392 0.409831 -1 -0.40595 -0.918772 -0.108591 -0.915296 -1 -0.84521 0.256531 0.255488 0.192702 
-1 -0.434618 -0.178627 -0.215933 -0.668103 -0.985641 -0.233429 -0.373884 -0.506129 0.604895 -0.638635 -0.750937 0.543856 -0.356146 -0.236294 -0.624342 0.13686 -0.200855 0.298812 0.345891 -0.173216 0.848632 -0.751316 -0.90504 0.784123 -0.613991 -0.728061 0.141684 -0.882592 -0.172921 -0.370745 0.33312 0.326532 0.463251 0.626025 -0.021571 0.754361 -0.423961 0.648415 0.832437 0.513339 -0.456538 0.137097 0.0213599 -0.0512727 0.129961 0.108758 0.550684 0.770569 0.630781 0.632001 0.0616843 0.878896 -0.804151 -1 0.0450342 -0.591606 -0.788511 -0.936414 -0.725347 0.928756 -0.167574 -0.0922678 -0.998465 -0.562815 0.0817275 -0.123154 0.379316 -1 0.809274 0.643612 -0.160557 -0.343267 -0.169419 0.393751 -0.616249 0.582196 0.36178 0.225941 -0.0152191 0.493991 -0.15287 -0.464626 0.417808 -0.132535 -0.183621 0.197181 0.350096 0.189649 -0.489483 -0.934866 -0.178616 -0.585724 -0.570643 -0.727681 0.16105 -0.61548 0.666399 -0.230355 0.655264 0.621364 0.164144 -0.0625144 0.471035 -0.405095 0.796742 0.623964 0.297927 -0.438071 -0.317095 -0.168196 -0.841144 0.503717 -0.720607 -0.0343687 0.176858 -1 0.826923 -0.0213723 -0.0868363 -0.899113 -0.299885 -0.660445 -0.29966 -0.735549 0.103483 0.332629 0.74004 -0.0821711 -0.507126 -0.0499019 -0.300059 0.35012 -0.106661 0.333348 -0.539176 0.383635 0.187216 
-0.474041 0.0578903 -0.934869 0.157569 0.258311 -0.0571369 -0.966285 -0.053276 -0.987182 -0.791241 -0.345029 0.305815 -0.92108 -0.623109 -0.980516 -1 -0.361158 -0.950984 -1 -0.648713 -0.430378 -0.254723 0.0255344 -0.984925 -0.976809 -0.848903 -0.530545 -0.277753 -0.751397 -0.959681 -0.325848 -1 -0.906134 -0.949813 -1 -1 -1 -0.978316 -0.84279 -0.384153 0.388304 -0.192792 -0.892169 -0.919521 0.00651937 -0.634216 -0.238144 -0.524578 0.125455 -1 -0.86672 -0.893291 -0.0581078 -0.922542 -0.0124694 -0.973456 -0.988878 -0.806125 -0.987184 -0.951143 -0.621956 0.46918 -0.550837 -0.859618 -0.224387 0.0523279 -0.798004 -1 0.296257 -0.633736 -0.970741 -0.519154 -0.090833 -1 -0.296299 -0.70934 -0.363518 -0.99332 -0.691774 -1 -0.945756 -1 0.107966 -0.64031 -0.294237 -0.907345 -1 0.354331 -0.967781 -0.138617 -0.0414131 -0.391213 -1 -1 0.474371 -1 0.35911 -0.421489 0.736818 -0.958122 -0.585744 -0.0699804 -0.382855 -0.798506 0.168213 -0.142631 -0.413576 0.159012 -0.428585 -0.644371 -1 -0.271052 -0.583564 -0.975566 -0.789772 -1 -0.382951 -0.839862 0.12724 -0.944303 -0.317654 0.0240429 -0.487814 0.176367 0.439158 -0.419969 -0.763766 0.0518815 -0.565385 0.0268135 -0.351885 0.128065 -0.953101 -0.0906254 -1 -0.666772 0.273536 -1 
0.328301 -1 -0.389269 0.477774 -0.301848 -0.987237 -0.902787 -0.270848 -0.902772 -0.700101 0.678081 0.296603 -0.0635743 -0.555887 0.21369 -1 -0.283095 -0.472718 -0.127509 -0.348461 0.639189 -1 -0.231879 0.333558 -1 0.404945 -0.702875 -0.889828 0.355297 -1 -1 -0.0374353 -1 -0.829777 -1 0.307489 -1 0.516903 -0.192354 -0.476159 0.640202 -0.288221 -0.515929 -0.767781 0.367671 -1 -0.728284 -0.243303 0.138344 -0.575181 0.413694 -0.936422 -0.664635 0.126766 -0.758242 -0.679937 -0.14232 -1 -0.691361 0.562914 -0.362352 0.299354 -1 -0.574853 -1 -0.558156 -0.69061 0.12922 -0.35584 -0.224224 0.369518 -0.777182 -0.660184 -0.516501 -0.628569 -0.955345 -0.214514 -1 -0.999235 0.635796 -1 -0.123375 -1 -0.242913 -0.417048 -1 0.334343 -0.702 -0.979879 0.235903 -0.990646 -1 -1 -1 0.173093 -0.835601 -0.892224 0.209292 0.159838 -0.529248 -0.473181 0.062173 0.625594 -0.441089 -0.76618 0.284906 -0.773303 -0.684927 -0.636494 -1 -1 -0.621537 -0.462305 0.601481 0.45174 -0.99158 0.430229 0.0141646 -0.864275 0.130723 -0.0377988 -1 -1 -0.348573 -0.42513 0.44275 -0.968817 0.322368 -1 -0.554687 -0.93405 -0.342263 -1 -1 -0.999268 0.138327 -0.159249 -0.00634462 
-1 0.0920425 -1 0.323419 0.0792351 -0.259914 -1 -0.309135 -1 -0.933464 -0.234104 0.103195 -0.697664 -0.198619 -1 -0.863286 -0.430819 -0.937882 -1 -0.749447 -0.300709 -0.295935 0.013806 -0.953229 -0.984523 -1 -0.272603 0.00647427 -0.779886 -0.958208 0.0457652 -1 -1 -1 -0.98055 -1 -1 -0.941004 -0.93688 -0.702073 0.632387 -0.0149086 -1 -1 -0.0659978 -0.708994 -0.166587 -0.698115 -0.340919 -1 -0.576249 -0.997577 -0.34052 -1 0.475821 -0.998782 -1 -0.786647 -1 -1 -0.556567 0.463772 -0.99271 -0.560504 0.121944 0.134499 -0.764436 -0.97992 0.594318 -0.639589 -0.908856 -0.56629 -0.171325 -1 -0.305274 -0.776239 -0.330594 -1 -1 -1 -0.781801 -1 0.122945 -0.423903 -0.473964 -0.990378 -0.932806 0.0822151 -1 -0.368375 -0.0620054 -0.345075 -0.981149 -0.915295 0.459093 -0.993587 -0.0723479 -0.118861 0.809104 -0.753981 -0.357209 0.0195552 -0.561955 -1 0.369001 -0.411092 -0.785688 0.303274 -0.356103 -0.89098 -1 -0.398991 -0.583564 -1 -1 -1 -0.601489 -0.613461 0.461787 -1 -0.437845 -0.107106 -0.480622 0.0627775 0.28795 -0.501911 -0.492525 -0.185027 -0.305186 0.228333 -0.31962 0.364141 -0.752132 -0.0431916 -1 -0.651598 0.305897 -0.9191 
-0.752683 0.0298396 -1 0.288262 -0.0122845 -0.0731987 -1 -0.0212903 -1 -0.636929 -0.0113536 0.391993 -0.763766 -0.421405 -1 -0.912497 -0.437179 -0.956397 -1 -0.641318 -0.31795 -0.47858 0.134246 -1 -1 -1 -0.083934 0.0259198 -0.953289 -0.730734 0.0818745 -0.873233 -0.96217 -0.92328 -1 -1 -0.996167 -1 -1 -0.316556 0.567538 0.132984 -0.876731 -0.789798 0.0958777 -0.663562 -0.293918 -0.494006 0.217803 -0.900269 -0.707135 -0.750744 -0.168518 -1 0.418423 -0.991374 -0.94168 -0.980169 -0.840238 -1 -0.702102 0.681979 -0.550837 -0.560504 -0.0706036 -0.084359 -0.786439 -1 0.538989 -0.753831 -0.845103 -0.454631 0.0152602 -1 -0.305274 -0.776239 -0.222704 -1 -0.917951 -0.990493 -0.686211 -1 0.154953 -0.373246 -0.279168 -0.848811 -0.88027 0.347187 -1 -0.139293 0.00966977 -0.0320613 -0.975307 -1 0.517971 -0.940712 0.353345 -0.28174 0.828705 -0.753981 -0.305764 0.0195552 -0.647603 -0.776042 0.496303 -0.110198 -0.512841 0.0678252 -0.443731 -0.485931 -1 -0.438583 -0.832868 -1 -0.852607 -1 -0.358019 -0.578689 0.461787 -0.938189 -0.22808 -0.0732683 -0.480622 0.191797 0.366873 -0.270379 -0.534075 0.0419579 -0.291652 0.134649 -0.00723916 0.23794 -0.975771 -0.0693159 -1 -0.699988 0.361317 -0.946106 
0.572922 -1 -0.439198 0.35986 0.355571 -1 -1 -0.388236 -1 -0.501768 0.858026 0.400585 0.039926 -0.826705 0.0662072 -0.482065 0.0699437 -0.768917 0.57045 0.0934134 0.754604 -1 -0.207642 0.589522 -1 0.701449 -0.744211 -0.65016 0.461093 -0.991075 -1 0.245938 -1 -1 -1 0.554908 -0.900563 0.196639 -0.531597 -0.175967 0.608854 -0.169942 -0.534574 -0.893931 0.904754 -0.455713 -1 0.0247831 0.206232 -0.548178 0.20599 -0.971495 0.102585 0.112024 -0.915232 -0.550185 -0.363352 -1 -1 0.336784 -0.377571 0.55166 -1 -0.406814 -0.933921 -0.162466 -0.985908 -0.140457 0.0963153 0.231216 0.619627 -0.756399 0.207661 -0.00831107 -0.576926 -0.999074 -0.113292 -0.803487 -0.983899 0.842897 -1 -0.507544 -0.833422 -0.326557 -0.710466 -0.98563 0.730728 -0.97783 -0.548462 0.0523946 -0.495561 -0.503928 -0.981776 -0.687985 0.64281 -0.815108 -0.455185 0.477723 0.307547 -0.375569 -0.162738 0.170075 0.464786 -0.800247 -0.739099 -0.0323085 -0.974884 -0.35852 -0.65096 -1 -1 -0.330797 -0.750936 0.20552 0.63066 -0.824092 0.682077 0.193394 -0.776574 -0.53435 -0.29687 -1 -0.889483 -0.449147 -0.148096 0.231044 -1 0.187424 -1 -0.49611 -0.503973 -0.100346 -0.834078 -1 -0.982986 0.381976 -0.461551 0.00995192 
-0.54764 -0.038816 -1 0.288262 0.255505 0.0707492 -1 -0.0212903 -1 -0.636929 -0.00539311 0.392672 -0.807425 -0.442242 -1 -0.912497 -0.209655 -1 -0.985204 -0.85202 -0.344924 -0.24804 0.20308 -1 -1 -1 -0.083934 0.015282 -0.782488 -0.914659 -0.0642912 -0.806349 -1 -1 -1 -0.98487 -0.996167 -1 -0.752704 -0.384153 0.513909 -0.0134461 -1 -1 0.0785751 -0.579628 -0.119944 -0.498634 0.151582 -1 -0.633229 -0.750744 -0.0447922 -1 0.461978 -1 -1 -0.861692 -0.988997 -0.98557 -0.476755 0.476208 -0.550837 -0.659914 0.0275951 0.124324 -0.786439 -1 0.520218 -0.515054 -0.805674 -0.459519 -0.123265 -1 -0.305274 -0.706293 -0.399523 -1 -0.777942 -1 -0.686211 -1 0.130001 -0.338754 -0.376424 -0.848811 -0.88027 0.347187 -1 -0.20608 0.00966977 -0.0247576 -0.9904 -0.894242 0.574888 -0.996216 0.314694 -0.118861 0.59186 -0.753981 -0.305764 -0.0903171 -0.431355 -0.776042 0.482235 -0.0731699 -0.512841 0.303274 -0.440986 -0.490894 -1 -0.308863 -0.627273 -1 -0.947299 -1 -0.241552 -0.587216 0.461787 -1 -0.272293 -0.0331625 -0.719934 0.133282 0.308282 -0.354738 -0.534075 0.0330214 -0.291652 0.134649 -0.0207395 0.31103 -0.80732 -0.164364 -0.918922 -0.699988 0.361317 -0.946106 
-0.48699 -0.099038 -0.901927 0.289115 -0.0175568 -0.230928 -1 -0.215 -1 -0.670618 -0.0113536 0.447685 -0.774349 -0.233816 -0.996992 -1 -0.435566 -1 -1 -0.683792 -0.618883 -0.346477 -0.00826764 -1 -0.988785 -0.888529 -0.180961 -0.223802 -0.695858 -0.730734 0.0501152 -0.873233 -1 -0.92328 -1 -1 -1 -1 -0.759594 -0.327048 0.538742 0.132984 -0.950983 -1 -0.142704 -0.644797 -0.30952 -0.494006 0.130912 -1 -0.823706 -0.687994 -0.0366524 -0.905044 0.49787 -1 -1 -0.86197 -0.917233 -1 -0.520381 0.528011 -0.775799 -0.557136 0.121441 -0.0112135 -0.786439 -0.984221 0.532364 -0.560166 -0.756974 -0.729589 0.0142312 -1 -0.270067 -0.739034 -0.402548 -1 -0.905104 -0.991749 -0.871971 -1 0.154953 -0.568995 -0.376424 -1 -1 0.152921 -0.942 -0.0401122 0.00966977 -0.239248 -0.995622 -1 0.278473 -1 0.353345 -0.252191 0.661634 -0.69913 -0.314666 0.0195552 -0.574095 -0.709732 0.382391 -0.20529 -0.501067 0.227032 -0.443731 -0.725982 -1 -0.3205 -0.501364 -1 -1 -1 -0.181592 -0.626437 0.461787 -0.994572 -0.411294 -0.106926 -0.53026 0.197194 0.319429 -0.354738 -0.559504 0.124192 -0.311928 -0.0356134 -0.00723916 0.31573 -0.686697 0.171863 -1 -0.73326 0.312546 -1 
-0.582086 -0.0795929 -1 0.288262 0.255505 0.0707492 -1 -0.0212903 -1 -0.636929 -0.0113536 0.249911 -1 -0.47143 -1 -0.912497 -0.311932 -1 -1 -0.83659 -0.31795 -0.295729 0.19843 -0.961143 -0.930547 -1 -0.290654 -0.020816 -0.803766 -1 -0.0169151 -0.992995 -1 -0.958079 -1 -1 -0.91045 -0.983933 -0.739679 -0.388469 0.567538 -0.0134461 -1 -1 0.0297779 -0.681967 -0.119944 -0.711622 0.148276 -1 -0.826573 -0.974057 -0.340858 -1 0.206319 -1 -1 -0.811792 -0.99119 -1 -0.476755 0.456731 -0.831561 -0.645816 0.0348157 0.0765685 -0.770817 -1 0.362661 -0.502356 -0.805674 -0.565694 -0.123265 -1 -0.491951 -0.865982 -0.399523 -1 -0.883847 -0.991749 -0.596604 -1 0.147477 -0.338754 -0.392413 -0.902587 -0.88027 0.347187 -1 -0.18972 0.0146836 -0.0320613 -1 -0.969416 0.362786 -1 0.234129 -0.362357 0.653355 -0.867195 -0.305764 0.0150887 -0.419004 -0.776042 0.496303 -0.0791982 -0.512841 0.246183 -0.462437 -0.490894 -1 -0.327582 -0.829961 -0.973176 -0.986444 -1 -0.257567 -0.578689 0.449639 -1 -0.300512 -0.0331625 -0.681745 -0.123796 0.0123139 -0.353255 -0.867924 0.0330214 -0.35417 0.0918125 -0.0478496 0.0428389 -0.786722 -0.113098 -0.918922 -0.980986 0.116337 -0.946106 
0.184143 -0.75258 -0.838622 0.914418 0.578692 -1 -0.995973 -0.218611 -0.837517 -0.309663 0.221364 0.434025 0.17234 -0.687237 0.0817882 -0.543921 0.375644 -0.643132 0.485591 0.113078 0.681266 -0.971731 -0.331427 0.754782 -0.846941 0.825857 -0.804276 -0.775784 0.478784 -1 -1 0.576701 -0.378571 -1 -1 0.568191 -1 0.472473 -0.0498864 -0.368647 0.525473 -0.30807 -0.200408 -1 0.778394 -0.552593 -1 0.209857 -0.394496 -0.587907 0.164594 -0.985873 -0.801126 0.343269 -0.694799 -0.653387 -0.0907923 -0.963539 -0.946948 0.403159 -0.256827 0.720638 -0.90203 -0.255077 -1 0.287509 -0.566219 -0.207311 0.0341119 -0.312992 -0.0398706 -1 0.153672 0.0629535 -0.661932 -1 -0.13535 -0.76731 -1 0.233931 -1 -0.442499 -0.818108 -0.865438 -0.339089 -1 0.494492 -0.763788 -0.423656 -0.10728 -0.667806 -0.542233 -0.671708 -0.649414 0.348666 -0.948969 -0.425165 0.0768996 0.527377 -0.638523 -0.593147 0.185095 0.820912 -0.276836 -0.964212 0.28123 -0.78707 -0.426986 -0.883243 -0.866712 -0.808239 -0.16302 -0.469597 0.226638 0.201765 -1 0.481884 0.676681 -0.407145 -0.459045 -0.551345 -1 -1 -0.601412 -0.329922 0.571099 -0.930078 0.249557 -0.925736 -0.484354 -0.699011 -0.00022196 -0.843197 -1 -1 0.488431 0.025701 0.188977 
0.704141 -0.16631 0.593615 -0.792566 0.808747 0.918689 0.446319 0.0965079 -0.0467465 0.19184 -0.131077 -0.829228 0.405322 0.384322 0.0890909 0.636316 0.913077 -0.351363 0.643798 -0.562809 -0.281298 -0.185753 -0.478167 -0.383235 -0.77661 -0.401236 -0.71695 0.585949 0.665245 -0.781677 0.686778 0.214328 0.208701 0.775075 -0.648349 -0.64258 0.494898 -0.040867 -1 -0.0718674 -0.294914 -0.932763 -1 0.951994 0.668242 0.0704595 -0.712366 -1 -0.0802609 -0.316065 -0.67976 0.144461 -0.0685442 0.365222 0.312795 -0.586805 -0.556427 0.788832 0.0105338 -1 -0.887997 0.131783 -0.357125 -1 -0.757538 -0.247006 -0.275602 -0.0091775 -0.607448 -0.664884 0.771391 -0.142636 -0.315061 0.427508 -0.236577 0.647482 -0.184511 -0.0855175 -0.434251 0.434948 -0.447194 -0.487072 -0.18908 -0.736263 -0.372079 0.411049 0.256433 -1 -0.951447 -0.219649 0.403258 -0.234786 -0.47729 0.603228 0.593332 0.0483426 0.660189 0.852997 -1 0.259309 0.6055 -0.86294 -0.604143 -0.353079 -0.692108 0.0599455 0.111443 0.516806 -0.606006 -1 -0.0498662 -1 0.747569 0.376047 0.0479198 0.117491 -0.842858 0.0821389 -0.457227 -0.330373 -0.141928 -0.278579 -0.590095 -0.933707 0.53094 -0.361831 -0.23266 -0.922038 -0.121571 -0.631304 -0.450722 0.316979 -0.430597 -0.171968 0.398123 -0.222552 -0.550781 -0.654205 
-0.313002 -0.975599 -0.975943 0.255653 0.31171 -1 -0.78934 -0.515636 -1 -1 0.328764 0.371427 -0.369374 -1 0.315876 -1 -0.0384543 -0.813458 0.17472 -0.487222 0.620487 -1 -0.467992 0.584781 -1 0.842907 -1 -0.724679 0.621411 -1 -1 0.277368 -0.963383 -0.760713 -1 -0.0837195 -1 -0.20067 -0.398424 -0.779684 0.506492 -0.226553 -0.175788 -0.677511 0.683504 -0.000172652 -0.788121 0.112237 -0.109918 -0.18709 0.238468 -0.969666 -0.766034 0.311796 -0.99385 -0.776783 -0.20992 -1 -1 0.67693 -0.904031 0.415783 -0.98577 -0.505121 -0.91316 -0.332792 -0.875385 -0.272822 0.143553 0.0259156 0.194376 -1 0.0807626 0.0753351 -0.703989 -1 -0.0885573 -0.684299 -1 0.441967 -0.984082 -0.422016 -1 -0.280478 -0.444199 -1 0.505529 -0.98204 -0.880623 -0.00995293 -0.997947 -1 -0.806999 -0.818257 0.806295 -1 -0.376756 -0.265354 0.503466 -0.417879 -0.137795 0.195966 0.404107 -0.460551 -0.717965 -0.111304 -0.899649 -0.703231 -0.602883 -1 -1 -0.784509 -1 0.80775 0.38342 -1 0.00216474 0.0509727 -0.853325 -0.364411 -0.689006 -1 -1 -0.462555 -0.142442 0.191081 -0.970878 0.138848 -1 -0.273882 -0.857094 -0.0602356 -1 -1 -0.922589 0.504219 -0.188626 -0.348962 
0.0696227 -0.765465 -0.700437 0.309526 0.547927 -1 -1 -0.533261 -0.898814 -0.908274 0.233997 0.392087 -0.326331 -0.955088 0.29746 -1 -0.175257 -0.643983 0.125581 -0.626892 0.666456 -0.960181 -0.426018 0.698406 -1 0.873882 -0.98812 -0.58394 0.510588 -0.986062 -1 0.541795 -0.951909 -1 -0.996531 0.108253 -1 -0.113181 -0.422452 -0.482032 0.652327 -0.109921 0.0102638 -0.698056 0.504695 -0.0595699 -1 0.333204 0.111515 -0.199206 0.370385 -1 -0.457903 0.316763 -0.840174 -0.543779 -0.116248 -0.908334 -1 0.71769 -0.385825 0.557057 -0.913049 -0.379158 -0.813301 -0.365147 -0.543284 -0.084698 0.288076 0.184422 0.416762 -1 -0.0610915 0.0924854 -0.514411 -0.982733 -0.142404 -0.822249 -1 0.557681 -1 -0.509307 -1 -0.412568 -0.43907 -1 0.550718 -1 -0.681522 0.16212 -0.88464 -0.957458 -1 -0.85129 0.769521 -0.850522 -0.565065 -0.260532 0.645248 -0.388894 0.103695 -0.0115771 0.433367 -0.346532 -0.573496 0.0903243 -0.67848 -0.492802 -0.943117 -0.807353 -1 -0.419383 -0.8133 0.754991 0.54214 -0.884884 0.257172 0.249409 -0.65944 -0.551604 -0.687649 -0.936374 -1 -0.591636 -0.1977 0.135312 -1 0.075723 -1 -0.396016 -0.880464 -0.1688 -0.941829 -0.981536 -1 0.626776 -0.227148 -0.123195 
0.137737 -0.948312 -0.503975 0.402849 0.135891 -0.885175 -0.748747 -0.314824 -0.854229 -0.58997 0.909589 0.559557 0.170873 -0.602617 0.205682 -0.434776 0.121208 -0.631661 0.531587 0.059913 0.70227 -1 -0.044242 0.589522 -0.906694 0.651156 -0.480053 -0.553083 0.454613 -0.92871 -1 0.452908 -0.886249 -1 -1 0.48659 -0.938654 0.316869 -0.373175 -0.129693 0.450519 -0.0173022 -0.477759 -0.491022 0.554015 -0.397148 -0.771393 0.0781514 0.182863 -0.693352 0.323487 -1 0.140214 0.355772 -0.742141 -0.643995 -0.158246 -1 -0.796947 0.604637 -0.169513 0.586428 -1 -0.450571 -0.855401 0.240778 -0.476474 0.169332 0.258695 0.146752 0.645412 -0.747586 0.228808 -0.206363 -0.631536 -0.785149 0.0547557 -0.276353 -1 0.833067 -0.984271 -0.18431 -0.823792 -0.193815 -0.466414 -1 1 -1 -0.555041 0.23854 -0.492499 -0.620744 -1 -0.734338 0.338534 -0.981411 -0.574146 0.428434 0.600259 -0.361078 -0.167411 -0.054166 0.504084 -0.87999 -0.504797 -0.0581705 -0.875876 -0.334724 -0.743898 -1 -0.992726 -0.793884 -0.706443 0.465645 0.716877 -0.716877 0.624358 -0.0221527 -0.58713 -0.707904 -0.278461 -1 -0.814443 -0.58445 -0.159479 0.399523 -1 0.141296 -1 -0.441598 -0.503271 -0.0330127 -0.674855 -1 -0.955484 0.566517 -0.16432 0.176008 
-0.356708 -0.975599 -0.992638 0.289712 0.319464 -1 -0.78934 -0.555422 -1 -1 0.379781 0.409777 -0.369374 -1 0.336831 -0.981752 -0.0312778 -0.813458 0.202148 -0.538188 0.648822 -1 -0.467992 0.560781 -1 0.847845 -1 -0.724679 0.621411 -1 -0.996989 0.272503 -0.963383 -0.727124 -1 -0.0837195 -0.999486 -0.221384 -0.390317 -0.779684 0.519937 -0.22601 -0.175788 -0.677511 0.683504 -0.0335606 -0.81851 0.0935431 -0.143386 -0.18709 0.286656 -0.969666 -0.748877 0.311796 -0.952655 -0.783528 -0.20992 -1 -1 0.67693 -0.856885 0.415783 -1 -0.47367 -0.91316 -0.363638 -0.794548 -0.252913 0.143553 -0.0217102 0.21093 -1 0.0807626 0.155409 -0.66607 -1 -0.0885573 -0.732317 -1 0.451913 -1 -0.429436 -0.981266 -0.312884 -0.418497 -1 0.552433 -0.98204 -0.880623 0.0272085 -1 -1 -0.81636 -0.818257 0.82727 -0.930701 -0.381773 -0.296653 0.503466 -0.417879 -0.108171 0.163132 0.404107 -0.460551 -0.717965 -0.0702492 -0.899649 -0.757816 -0.660404 -0.993283 -0.983791 -0.805277 -1 0.80775 0.394025 -1 0.0284819 0.0690521 -0.845706 -0.360214 -0.689006 -1 -1 -0.436015 -0.140166 0.153029 -0.970878 0.126331 -1 -0.273882 -0.876982 -0.0764093 -0.980256 -1 -0.922589 0.522562 -0.188626 -0.389061 
-0.613752 0.114078 -0.418106 0.243662 0.725902 0.0756078 0.810478 -0.616708 0.0616196 -0.873371 0.841462 0.624683 -0.0831418 0.219821 0.18028 0.07385 0.0234303 -0.714965 -0.744334 0.743736 0.676391 -0.805007 0.779005 -0.000349045 -0.489425 -0.240601 0.741862 0.0366772 -0.481559 0.683821 0.17654 0.808357 0.20652 0.238364 0.317332 -0.915687 0.211971 0.0908129 0.522073 -0.969606 0.0337415 0.115318 -0.328369 -0.686062 0.242443 -0.0639924 -0.838028 -0.248212 -0.640051 0.092636 -0.725851 -0.628422 -0.2297 -0.618207 0.294172 0.514078 0.581995 -0.090192 -0.096828 0.79347 0.0550188 0.591828 -0.468646 -0.386885 -0.560737 0.687907 -0.690495 0.475768 -0.625225 -0.659895 -0.650424 0.16835 0.117396 0.716207 -0.998142 0.704801 -0.935245 -0.134273 0.494152 0.218869 0.40811 -0.013324 -0.639879 0.887445 0.0809526 0.569388 0.328794 0.526873 -0.519117 -0.0626401 -0.0916784 -0.0866377 0.078558 -0.264493 -0.133919 -0.777687 0.342066 0.176624 0.207539 0.460418 0.74189 -0.0425339 0.548675 0.175423 -0.222038 0.0433869 0.993772 -0.581741 -0.951939 -0.188086 -0.49317 0.696218 -0.981953 -0.928649 -0.985579 0.861458 0.233019 0.47321 0.559007 -0.430172 -0.990305 0.354162 -0.654299 0.38999 0.109297 -0.849971 -0.0545572 -0.800705 0.38547 -0.620409 0.260548 -0.0168917 0.372011 -0.843458 0.100592 -0.452309 0.0241054 -0.295249 
-0.549916 -0.147021 -0.990589 0.179916 0.210985 0.00441486 -0.988676 -0.021407 -1 -0.731162 -0.0173807 0.329911 -0.822666 -0.243033 -1 -0.92314 -0.306839 -0.968123 -1 -0.708926 -0.402846 -0.325108 0.148776 -1 -0.993462 -0.829867 -0.157951 0.014235 -0.942754 -0.820931 0.0457652 -0.899022 -0.987704 -1 -0.998764 -1 -0.973286 -1 -0.897359 -0.442492 0.475544 -0.0163027 -1 -0.923433 -0.00482221 -0.631525 -0.126883 -0.550168 0.034955 -1 -0.711024 -0.824025 -0.0861833 -1 0.345252 -0.99066 -1 -0.887598 -0.89308 -0.997351 -0.660296 0.54446 -0.630894 -0.561267 -0.0387799 0.0342434 -0.86417 -1 0.702311 -0.607513 -0.838682 -0.516974 -0.110591 -1 -0.388279 -0.766615 -0.259265 -0.994735 -0.834343 -1 -0.694627 -0.99476 0.140707 -0.370316 -0.444444 -0.903423 -0.931578 0.270344 -1 -0.135763 -0.00209304 -0.0722458 -1 -1 0.555097 -0.950951 0.315716 -0.0729771 0.617645 -0.819935 -0.31534 -0.0768895 -0.42285 -0.875851 0.353019 -0.166923 -0.512396 0.30548 -0.486981 -0.577137 -1 -0.396519 -0.689639 -1 -0.881219 -1 -0.252986 -0.666712 0.399738 -0.994444 -0.259246 -0.269938 -0.57876 0.191797 0.329956 -0.392839 -0.57955 0.0533195 -0.36041 0.111491 -0.111534 0.246729 -0.721141 0.0935225 -1 -0.740803 0.349839 -1 
0.548413 -1 -0.605625 0.62968 0.367591 -0.867324 -0.710717 -0.430011 -0.870901 -0.938723 0.502483 0.620289 0.142 -0.893429 0.286121 -0.578299 0.451351 -0.520624 0.498872 -0.0215419 0.570519 -1 0.0636546 0.510846 -0.96674 0.606601 -0.518279 -0.698775 0.757234 -0.975819 -1 0.424909 -0.829311 -1 -1 0.903674 -1 0.260616 -0.476048 -0.310033 0.559087 -0.319298 -0.109351 -1 0.815648 -0.248346 -1 0.0694672 0.205769 -0.148353 -0.0932985 -1 -0.213568 0.428117 -0.884229 -0.618788 -0.339724 -1 -0.740012 0.645058 -0.219169 0.655297 -1 -0.450258 -0.993889 -0.0519472 -0.595574 0.230955 0.35336 -0.142137 0.889417 -0.766884 0.261051 -0.208001 -0.769878 -0.739216 0.102276 -0.365207 -0.933841 0.584933 -0.962256 -0.276542 -1 -0.303221 -0.512366 -1 0.929442 -1 -0.27076 0.384463 -0.843022 -0.450719 -0.746758 -0.794033 0.682125 -0.929689 -0.326594 -0.0618836 0.842366 -0.0708305 -0.0807573 0.461564 0.844858 -0.356872 -0.507275 0.113219 -0.777617 -0.519414 -0.940589 -1 -0.604581 -0.269863 -0.718278 0.504543 0.724375 -0.703781 0.307747 0.0376421 -0.907523 -0.351457 -0.331245 -1 -0.965669 -0.356107 -0.406177 0.490546 -0.96624 0.48293 -1 -0.834588 -0.944554 0.154792 -0.577304 -1 -1 0.380565 -0.205876 0.162962 
0.431899 -0.822286 -0.712782 0.430658 0.182878 -1 -1 -0.256814 -0.974548 -0.734425 0.826948 0.378673 -0.050772 -0.523311 0.324998 -0.981411 0.229841 -0.551991 0.170699 -0.0767282 0.598797 -0.794284 -0.0725662 0.309296 -1 0.752728 -0.662975 -1 0.326611 -1 -0.870152 0.176955 -0.731414 -0.918782 -0.980096 0.601295 -1 0.292897 -0.3796 0.101449 0.519079 -0.43054 -0.383048 -0.71401 0.688425 -0.598884 -0.818711 -0.0764406 0.00960091 -0.389164 -0.020331 -0.985726 0.0479204 -0.0272558 -0.866275 -0.641556 -0.342469 -1 -0.972762 0.188296 -0.15372 0.192091 -1 -0.977909 -1 -0.319443 -0.64338 -0.211845 -0.165494 -0.137843 0.809757 -0.780245 -0.0954773 -0.100015 -0.549495 -0.661469 -0.0559869 -0.652223 -1 0.316229 -1 -0.0818773 -1 -0.241607 -0.248765 -1 0.416157 -0.677622 -0.96367 0.713142 -1 -0.71703 -0.724108 -1 0.802861 -1 -0.377874 0.480333 0.491565 -0.249379 -0.147697 0.0027041 0.591615 -0.0570079 -0.938382 -0.0256519 -0.603225 -0.235284 -0.83796 -1 -1 -0.525411 -0.532522 0.831062 0.140321 -0.941724 0.303584 0.269411 -0.506677 -0.0673549 -0.24357 -1 -0.795278 -0.38464 -0.257236 0.377804 -1 0.370399 -1 -0.598089 -1 -0.299792 -1 -1 -0.767134 0.0597924 -0.081494 0.495165 
-0.483741 -0.0378005 -1 0.0566679 0.255505 0.0707492 -1 -0.0290304 -1 -0.636929 -0.277089 0.339783 -0.728013 -0.442242 -1 -0.985131 -0.574135 -1 -1 -0.921918 -0.54825 -0.286851 0.159414 -1 -1 -1 -0.083934 -0.00290604 -0.811985 -1 -0.0642912 -0.802444 -1 -1 -0.918658 -1 -0.996167 -0.992125 -0.992256 -0.497499 0.534377 -0.0547988 -1 -1 0.118043 -0.814346 -0.140931 -0.833059 0.056227 -1 -0.711417 -0.750744 -0.124984 -1 0.201082 -0.911977 -1 -0.955871 -0.981981 -0.905246 -0.620667 0.453379 -0.585565 -0.642815 0.0408652 -0.11203 -0.870222 -1 0.474235 -0.532634 -0.805674 -0.476349 -0.104638 -1 -0.463127 -0.765987 -0.393431 -1 -1 -1 -0.706982 -1 0.143396 -0.332706 -0.362556 -0.962796 -0.987268 0.236087 -1 -0.17651 -0.176081 0.0503596 -0.987282 -0.87563 0.583328 -1 0.377254 -0.116888 0.595924 -0.802651 -0.305764 -0.119362 -0.709937 -1 0.496303 -0.0791982 -0.549423 0.295608 -0.597013 -0.568472 -0.990108 -0.271052 -0.633967 -1 -0.957644 -1 -0.251534 -0.57974 0.364088 -1 -0.34421 0.00289022 -0.780755 0.136045 0.152613 -0.397553 -0.576816 -0.283892 -0.554094 0.0443374 -0.0090867 0.313532 -0.861337 -0.185398 -0.993825 -0.879356 0.0227526 -1 
0.459666 -0.945315 -0.721669 0.410828 0.288801 -0.713717 -1 -0.382254 -1 -0.568602 0.211398 0.434025 0.0390536 -0.756862 -0.0670063 -0.838799 0.28379 -0.459779 0.639223 -0.221134 0.451114 -0.99307 -0.54239 0.644123 -0.913124 0.893633 -1 -0.58059 0.57637 -1 -0.987158 -0.0357859 -0.322576 -1 -1 0.577754 -1 0.475558 0.0509778 -0.166696 0.614677 -0.36197 -0.119743 -0.788603 0.830076 -0.777042 -1 0.316025 -0.105237 -0.516171 0.277766 -0.682329 -0.526287 0.267471 -0.844583 -0.789036 -0.0321847 -0.997375 -0.853314 0.214917 -0.625711 0.429522 -1 -0.247893 -0.879429 -0.0884241 -0.940763 0.217691 -0.150146 -0.308996 0.240181 -0.969746 -0.235967 -0.0435388 -0.732792 -1 -0.110283 -0.899989 -0.992933 0.19788 -0.950237 -0.929522 -1 -1 -0.860172 -1 0.492027 -0.998313 -0.377154 -0.212455 -0.857171 -0.451113 -0.985402 -0.879492 0.351566 -1 -0.398242 0.322735 0.568762 -0.318361 -0.780336 0.0701686 0.231872 -0.217534 -1 0.43335 -0.937571 -0.300624 -1 -1 -1 -0.105342 -0.397142 0.416308 0.29431 -0.651018 0.591281 0.639603 -0.511988 -0.343705 -0.903979 -0.914055 -1 -0.276658 -0.568972 0.559856 -0.98192 0.16142 -1 -0.847032 -0.943557 0.227087 -0.964048 -0.999615 -0.950601 0.598673 0.0828313 0.115802 
-0.723286 -0.0381854 -1 0.330372 -0.0496147 -0.0350945 -0.986458 -0.211187 -0.990822 -1 -0.627533 0.263745 -0.715944 -0.402574 -1 -0.92246 -0.165423 -1 -1 -0.675516 -0.808701 -0.255184 -0.0843487 -1 -0.967851 -0.98589 -0.325173 -0.139702 -0.890664 -0.983873 -0.201683 -1 -0.924025 -1 -1 -1 -1 -1 -0.982606 -0.405568 0.567538 0.132984 -1 -1 0.225447 -0.84407 -0.257163 -0.531231 -0.0818361 -0.988655 -0.864648 -0.750744 -0.317994 -1 0.219464 -1 -1 -0.861692 -1 -0.942095 -0.813348 0.423724 -0.540038 -1 -0.210623 0.0446284 -1 -1 0.676504 -0.559777 -0.805674 -0.775323 -0.157997 -0.989431 -0.334999 -0.769585 -0.483318 -1 -0.772721 -1 -0.883777 -1 -0.142847 -0.520693 -0.551099 -1 -1 0.40464 -1 -0.398105 -0.385979 0.000397842 -1 -0.963368 0.335963 -1 -0.236047 -0.351714 0.476311 -0.86952 -0.564109 -0.279447 -0.405688 -1 0.275228 -0.13578 -0.503212 0.0321731 -0.385116 -0.516986 -1 -0.539577 -0.59623 -1 -0.977397 -0.959266 -0.280547 -0.408123 0.364916 -1 -0.354682 -0.163938 -0.608488 0.121118 0.366873 -0.687447 -0.520931 -0.134997 -0.26314 -0.194966 -0.000961965 -0.0206144 -0.70373 -0.105953 -0.914955 -1 0.369495 -1 
0.559537 -0.824871 -0.344856 0.635525 0.588745 -0.84282 -0.696821 -0.344347 -0.988483 -0.493869 0.772112 0.677278 0.125706 -0.520222 0.329766 -0.513367 0.286086 -0.638786 0.519574 -0.267975 0.506936 -0.906353 0.011771 0.598603 -0.912009 0.630136 -0.466979 -0.727778 0.620169 -0.919117 -1 0.373785 -0.434789 -0.986935 -1 0.810162 -0.98451 0.407006 -0.185323 0.103601 0.516886 -0.13209 -0.0274162 -0.509811 0.822886 -0.434743 -0.929435 0.0668703 0.295252 -0.185619 -0.0866744 -1 0.13826 0.375195 -0.72452 -0.578601 -0.109907 -1 -0.696857 0.518823 -0.216748 0.646223 -1 -0.407093 -0.906896 0.117886 -0.455198 -0.030098 0.340617 0.141005 0.703918 -0.738058 0.028155 -0.109185 -0.603321 -0.704803 -0.0694255 -0.323151 -0.96042 0.91896 -1 -0.216527 -0.66969 -0.196788 -0.480089 -1 0.908575 -0.832643 -0.381158 0.436805 -0.493056 -0.604403 -0.6622 -0.575233 0.840755 -0.944073 -0.234934 0.490444 0.836984 -0.14635 -0.224556 0.378334 0.690672 -0.337859 -0.445487 0.406182 -0.570276 -0.263223 -0.666764 -1 -0.711217 -0.228204 -0.530842 0.178947 0.636322 -0.643091 0.463087 -0.0688828 -0.441127 -0.406986 -0.236365 -1 -0.982831 -0.277737 -0.338215 0.35938 -1 0.509966 -1 -0.448713 -0.718183 0.309215 -0.600617 -0.996625 -0.990271 0.408575 -0.220641 0.257777 
-0.544291 -0.239268 -1 0.331769 0.215649 -0.250154 -1 -0.202835 -1 -0.575055 -0.0651624 0.437154 -0.982668 -0.372029 -1 -0.91323 -0.407956 -0.998294 -1 -0.753688 -0.403593 -0.637955 0.23741 -1 -1 -0.856028 -0.513199 -0.294507 -0.773646 -0.730734 -0.0637624 -1 -0.995088 -0.941789 -0.919666 -1 -1 -1 -0.758213 -0.375338 0.401895 0.143901 -0.927211 -0.989721 0.11048 -0.453969 -0.105524 -0.713402 -0.278352 -1 -0.667538 -0.901556 -0.27383 -0.994998 0.416755 -1 -1 -1 -0.877888 -1 -1 0.637891 -0.811339 -0.601686 -0.125618 -0.18918 -1 -1 0.572482 -0.502356 -0.902551 -0.696229 0.0142312 -1 -0.343434 -0.851421 -0.552407 -1 -0.794536 -1 -0.879107 -0.999046 0.154702 -0.425545 -0.671891 -0.830569 -1 0.168064 -1 -0.466801 -0.224082 -0.0320613 -1 -0.919018 0.468462 -0.935237 0.223608 -0.159552 0.762346 -0.826032 -0.533329 -0.122157 -0.460421 -0.78624 0.532323 -0.296357 -0.691731 0.135478 -0.919937 -0.464494 -1 -0.420402 -0.734498 -1 -0.837171 -0.977568 -0.633708 -0.636232 0.406251 -1 -0.251471 -0.137314 -0.471231 0.0805484 0.37563 -0.507952 -0.574677 -0.069201 -0.446857 0.211629 -0.205872 0.262334 -0.875983 0.0708213 -1 -0.677491 0.277321 -1 
-0.66424 -0.038816 -1 0.223025 0.255505 -0.0285979 -1 -0.294774 -0.942101 -0.859432 -0.00297072 0.392672 -0.774349 -0.233816 -0.966527 -0.912497 -0.269297 -1 -1 -0.745518 -0.311364 -0.47096 0.16483 -1 -0.883592 -1 -0.083934 -0.22051 -0.793244 -0.730734 0.0816979 -1 -0.96217 -1 -0.915467 -1 -0.996167 -0.995092 -1 -0.353489 0.562079 0.132984 -0.944379 -0.890315 0.0958777 -0.579628 -0.119944 -0.494006 0.148276 -1 -0.633229 -0.750744 -0.160615 -0.982927 0.475821 -0.881457 -1 -0.861692 -0.840238 -0.975717 -0.739384 0.681979 -0.777926 -0.729971 0.0792671 -0.0077228 -0.74202 -1 0.702311 -0.552397 -0.804424 -0.477787 0.0142312 -1 -0.305274 -0.776239 -0.308998 -1 -0.777942 -1 -0.749807 -1 0.123193 -0.243822 -0.376424 -0.848811 -0.883328 0.13327 -1 -0.130885 0.00966977 -0.0252289 -1 -1 0.488108 -0.990339 0.353345 -0.123515 0.631337 -0.753981 -0.266679 0.0195552 -0.683082 -0.709275 0.496303 -0.0791982 -0.606725 0.11835 -0.443731 -0.760514 -1 -0.271052 -0.783183 -0.933616 -0.825035 -0.987801 -0.392564 -0.578689 0.28971 -1 -0.377492 -0.0741894 -0.578741 -0.0570297 0.366873 -0.572558 -0.534075 0.19875 -0.363785 0.134649 0.0911636 0.130599 -0.718687 -0.0784948 -0.934293 -0.792113 0.314148 -0.946106 
-0.461518 -0.231874 -1 0.240772 0.168253 -0.179314 -0.906375 -0.125789 -1 -0.651682 -0.172122 0.115582 -0.922503 -0.280808 -1 -1 -0.217906 -1 -1 -0.842397 -0.66249 -0.32958 0.21853 -1 -0.971373 -0.83698 -0.176562 -0.0655095 -0.842618 -0.730734 -0.0127615 -1 -1 -0.956008 -0.985126 -1 -0.912325 -1 -1 -0.394397 0.436586 -0.0103746 -1 -0.954251 0.0383926 -0.598783 -0.182175 -0.507397 -0.0797508 -1 -0.703033 -0.851279 -0.0430927 -0.886743 0.183399 -1 -0.930361 -0.92166 -0.830764 -1 -0.70741 0.649383 -0.624768 -0.560504 -0.0740965 0.129719 -1 -1 0.709656 -0.559606 -0.902551 -0.496152 -0.141661 -0.969414 -0.343434 -0.780148 -0.368228 -1 -0.746997 -1 -0.732968 -1 0.0887371 -0.565725 -0.511061 -0.94054 -0.895734 0.27659 -1 -0.13534 -0.196128 -0.121936 -1 -0.957615 0.36064 -1 0.353345 -0.133896 0.787587 -0.983185 -0.405427 0.0195552 -0.607127 -0.79677 0.512656 -0.0791982 -0.774227 0.334317 -0.43071 -0.469141 -0.993638 -0.334324 -0.625927 -1 -0.825035 -1 -0.238938 -0.628355 0.485592 -1 -0.251471 -0.143937 -0.548905 0.0937567 0.206822 -0.355911 -0.558622 -0.155832 -0.312143 -0.0732451 -0.156583 0.348147 -0.678337 -0.0941285 -1 -0.710052 0.341292 -0.980366 
-0.741951 -0.0185298 -0.995738 0.117206 0.255505 -0.205645 -0.985315 -0.18482 -0.90807 -0.871434 -0.0279027 0.358775 -0.957238 -0.233816 -0.99285 -1 -0.444505 -1 -1 -0.722057 -0.390475 -0.375267 0.339443 -0.900015 -1 -0.82456 -0.379249 -0.056297 -0.789127 -0.75263 -0.0238477 -1 -1 -1 -0.931768 -1 -1 -1 -1 -0.504859 0.54381 0.0686382 -0.944379 -0.966008 -0.13328 -0.677705 -0.232018 -0.494006 -0.0258655 -1 -0.856045 -0.768174 -0.315658 -0.986252 0.462526 -0.914226 -0.933434 -0.948586 -0.991505 -0.998666 -0.567459 0.260848 -0.727096 -0.61044 -0.309857 -0.22047 -0.944425 -1 0.702311 -0.844404 -0.864425 -0.834917 -0.213865 -1 -0.384285 -0.849718 -0.495051 -1 -0.940113 -0.931467 -0.723005 -1 0.139783 -0.570366 -0.80438 -0.98706 -0.915288 0.284487 -1 -0.660489 -0.0471242 -0.523907 -1 -0.982253 0.344278 -0.903007 0.332078 -0.234579 0.658819 -0.838191 -0.501071 -0.0930075 -0.480537 -0.776042 0.529209 -0.393003 -0.499086 0.303274 -0.487291 -0.468372 -1 -0.377992 -1 -1 -0.933305 -0.98534 -0.228409 -0.604016 0.230161 -1 -0.271847 -0.0578429 -0.49782 0.198864 0.104611 -0.524063 -0.666425 0.0623623 -0.31467 0.117258 -0.245487 0.195977 -0.780793 0.132579 -1 -0.860002 0.0974101 -1 
-0.54764 -0.0557091 -1 0.247708 0.255505 0.0324861 -0.995189 -0.0212903 -1 -0.636929 -0.00337682 0.356373 -0.774349 -0.459977 -1 -0.950166 -0.209655 -1 -1 -0.834561 -0.310468 -0.261386 0.203737 -1 -1 -1 -0.107152 0.015282 -0.782488 -0.939832 -0.0554348 -0.802444 -1 -1 -1 -1 -0.980639 -1 -0.744439 -0.377323 0.562052 0.00416164 -1 -1 0.0551797 -0.638895 -0.119944 -0.554847 0.11712 -1 -0.633203 -0.750744 -0.049474 -1 0.426215 -1 -1 -0.847216 -1 -0.98557 -0.512455 0.440741 -0.594232 -0.632479 0.0348157 0.124324 -0.786439 -1 0.525536 -0.525447 -0.794488 -0.508884 -0.173827 -1 -0.331081 -0.724623 -0.38056 -1 -0.777264 -0.991749 -0.714939 -1 0.154953 -0.338823 -0.376424 -0.85888 -0.890898 0.243682 -1 -0.247302 0.0186837 -0.01824 -1 -0.908127 0.50959 -1 0.353345 -0.128297 0.589469 -0.784017 -0.374712 -0.0810142 -0.508474 -0.81985 0.496303 -0.0791982 -0.487233 0.303274 -0.388978 -0.516191 -0.982098 -0.271052 -0.583564 -1 -0.96069 -1 -0.269842 -0.626016 0.450598 -1 -0.289483 -0.115411 -0.809476 0.0954134 0.294265 -0.354738 -0.581462 0.0330214 -0.403103 0.134649 -0.0031289 0.26262 -0.860329 -0.113098 -0.91468 -0.688221 0.350222 -0.98652 
0.424032 -0.657552 -0.444009 0.519252 0.194147 -0.935513 -0.932326 -0.412202 -0.934899 -0.694517 0.765464 0.924218 0.188749 -0.690188 0.362982 -0.968086 0.519237 -0.332046 -0.0212048 -0.223052 0.753519 -0.762675 0.0812403 0.445349 -1 0.861609 -0.514298 -1 0.759646 -0.838352 -0.961964 0.289103 -0.771163 -1 -0.9469 0.618632 -1 0.158668 -0.493901 0.148627 0.324186 -0.355509 -0.0401204 -0.614524 0.72327 -0.516567 -0.70084 -0.2951 0.139083 -0.426709 0.357378 -0.995222 0.0880413 -0.0483603 -0.870555 -0.592625 -0.136475 -1 -1 0.457873 -0.200947 0.558871 -1 -0.473823 -1 -0.297236 -0.594252 -0.0804851 -0.186009 -0.304449 0.34524 -0.715287 -0.38597 0.0491002 -0.506011 -0.703223 0.127164 -0.609663 -0.924697 0.811052 -1 0.0267822 -0.91801 -0.445632 -0.479816 -0.98644 0.575084 -0.862239 -1 0.666111 -0.846799 -0.646749 -0.770372 -0.721254 0.487704 -1 -0.46916 0.476456 0.511417 -0.286715 -0.222316 -0.066253 0.664296 -0.118858 -0.663201 0.215009 -0.567308 -0.220963 -0.486296 -1 -1 -0.688334 -0.508344 0.817151 0.570227 -0.818265 0.213251 0.217723 -0.848137 -0.148096 -0.181618 -0.894961 -0.788381 -0.549763 0.0629132 0.529598 -1 0.452767 -0.997966 -0.90968 -0.846281 0.163672 -0.846162 -1 -0.905003 0.0550131 -0.212241 0.275436 
0.286349 -0.890592 -0.603873 0.021437 -0.0221297 -0.934313 -0.907327 -0.50878 -0.805129 -0.96982 0.634174 0.709308 0.303955 -1 0.381935 -1 0.389167 -0.357807 -0.354659 -0.336071 0.761093 -0.896073 -0.0122158 0.288003 -1 0.462629 -0.454224 -1 0.800827 -0.846218 -0.91085 0.16784 -1 -1 -0.895956 0.553058 -1 0.158668 -0.489586 0.160398 0.232194 -0.322703 -0.0373434 -0.808812 0.459878 -0.929842 -0.987383 -0.210474 -0.235913 -0.929805 0.332545 -1 0.0944319 0.00608301 -0.96134 -0.664969 -0.183469 -1 -1 0.369172 -0.293134 0.56157 -1 -0.567399 -0.998985 -0.616707 -1 -0.00749724 -0.201542 -0.221324 -0.0654597 -1 -0.581926 -0.0554865 -0.466836 -0.899157 -0.132388 -0.746961 -0.923805 0.60977 -1 -0.010322 -0.952358 -0.421884 -0.371704 -1 0.442914 -0.992941 -1 0.4155 -0.795414 -0.915879 -0.770372 -1 0.398153 -1 -0.450307 0.238909 0.398987 -0.703249 -0.528688 -0.0010462 0.497958 -0.075169 -1 0.215009 -0.596954 -0.220963 -0.416635 -0.981553 -1 -0.767497 -0.665232 0.638748 0.570227 -0.850134 -0.0595934 0.231589 -0.984709 -0.132887 -0.301752 -1 -0.929116 -0.609259 -0.00144843 0.35571 -0.999096 0.417563 -1 -1 -0.914502 0.102448 -0.97415 -1 -0.897111 0.046613 -0.152936 -0.0144766 
-0.590718 -0.223913 -1 0.379774 0.255505 0.00463142 -1 -0.0274341 -0.987922 -0.90143 0.0268599 0.344512 -0.796055 -0.267058 -0.953016 -0.912497 -0.190481 -0.935469 -1 -0.660713 -0.31795 -0.554234 0.224591 -0.996223 -1 -0.833315 -0.083934 -0.149111 -0.815107 -0.96889 0.0562281 -0.873233 -0.989391 -0.997545 -0.994706 -1 -1 -0.93613 -0.759943 -0.575937 0.421014 0.116353 -0.960103 -1 -0.237958 -0.602934 -0.133197 -0.494006 0.177941 -1 -0.619197 -0.852952 -0.0270765 -1 0.42967 -0.918709 -1 -0.99583 -0.840238 -1 -0.445287 0.631082 -0.550837 -0.871534 -0.308511 0.103358 -0.79865 -1 0.686635 -0.487764 -0.836127 -0.479833 0.0187546 -0.97942 -0.305274 -0.814912 -0.24359 -1 -0.694023 -1 -0.819842 -1 0.154953 -0.367961 -0.329624 -0.892443 -0.916107 0.347187 -1 -0.371298 -0.0409109 -0.00193331 -0.997653 -0.871679 0.424449 -0.952252 0.332082 -0.118861 0.828705 -0.780111 -0.223727 -0.0228731 -0.600106 -0.829088 0.489016 -0.0768684 -0.512841 0.303103 -0.42755 -0.536249 -1 -0.439465 -0.487571 -1 -0.857422 -0.988658 -0.272886 -0.558072 0.478833 -1 -0.279877 -0.0732683 -0.629338 0.191797 0.115061 -0.394787 -0.534075 0.0574257 -0.314216 0.134649 -0.0578247 0.309661 -0.817544 -0.0395975 -1 -0.898713 0.0628509 -0.946106 
0.563108 -1 -0.41372 0.300721 0.56872 -0.7597 -0.835375 -0.339146 -0.997135 -0.490393 0.707275 0.376135 -0.199532 -0.798306 0.290912 -0.513367 0.456586 -0.653713 0.503358 0.0149818 0.680877 -0.911518 0.011771 0.472338 -0.96525 0.501101 -0.567637 -0.791866 0.696948 -0.732603 -1 0.348901 -0.697304 -1 -1 0.558795 -0.98451 0.405401 -0.361946 0.0770554 0.639766 -0.243809 0.0498578 -0.784561 0.813178 -0.384096 -0.983533 -0.0047178 0.335738 -0.157558 -0.0885303 -1 0.072295 0.520467 -0.730377 -0.490357 -0.0948875 -1 -0.940608 0.382713 -0.10676 0.757343 -1 -0.589949 -0.855219 0.159979 -0.572819 -0.0196211 0.340814 0.0861208 0.783544 -1 -0.0550889 -0.109185 -0.761393 -0.871621 0.0892042 -0.449833 -1 0.883236 -1 -0.292365 -0.735057 -0.182048 -0.478354 -0.992961 0.880663 -0.951271 -0.453497 0.447542 -0.577277 -0.557167 -0.6622 -0.620298 0.756221 -0.850526 -0.242154 0.418856 0.925449 -0.29445 0.000119694 0.221533 0.987903 -0.431564 -0.532298 0.400313 -0.534362 -0.263223 -0.768504 -1 -0.698609 -0.37258 -0.594398 0.455484 0.676403 -0.794228 0.420169 0.171546 -0.452176 -0.216086 -0.371145 -0.9867 -1 -0.373489 -0.12626 0.386864 -0.923122 0.515464 -0.996794 -0.417534 -0.546741 0.285771 -0.502271 -1 -0.928041 0.417945 -0.194258 0.302583 
0.470951 -0.647102 -0.385081 0.502684 0.194147 -0.934313 -0.907327 -0.432234 -0.894532 -0.672088 0.784947 0.905878 0.236219 -0.690188 0.362982 -0.979408 0.519237 -0.338492 -0.0450544 -0.174118 0.761093 -0.858973 0.114085 0.430878 -0.992786 0.868564 -0.454019 -0.982765 0.783959 -0.848425 -0.961964 0.290943 -0.771163 -1 -0.9469 0.632971 -1 0.121553 -0.524031 0.154875 0.344298 -0.366835 -0.0626607 -0.614524 0.72327 -0.493649 -0.703402 -0.210474 0.15604 -0.398507 0.397581 -0.988122 0.0880413 -0.0602284 -0.870555 -0.591397 -0.137844 -1 -0.99242 0.457873 -0.19694 0.558871 -1 -0.43943 -1 -0.285446 -0.569099 -0.112396 -0.186009 -0.217727 0.375489 -0.789958 -0.386734 0.115917 -0.54839 -0.657487 0.117267 -0.58289 -0.924697 0.811052 -1 0.0267822 -0.925436 -0.42574 -0.417849 -1 0.564269 -0.907456 -0.997133 0.66313 -0.829702 -0.615286 -0.781985 -0.73781 0.491691 -0.985134 -0.493544 0.429899 0.527512 -0.292873 -0.252373 0.0196093 0.664296 -0.075169 -0.701692 0.215009 -0.567308 -0.23882 -0.473162 -1 -1 -0.699887 -0.460842 0.842452 0.570227 -0.779177 0.213251 0.169599 -0.875555 -0.11741 -0.259166 -0.914034 -0.777287 -0.549763 0.0629132 0.529598 -1 0.452767 -1 -0.944122 -0.793861 0.203496 -0.876819 -1 -0.897986 0.0406695 -0.152936 0.370583 
-0.75235 -0.038816 -1 0.349235 -0.0496147 0.103356 -1 -0.210121 -0.952681 -1 -0.559798 0.24855 -0.780684 -0.402574 -1 -0.922026 -0.209655 -1 -1 -0.675516 -0.754801 -0.255184 0.19843 -1 -0.943168 -0.93103 -0.211102 -0.139702 -0.782488 -0.88519 0.0457652 -1 -0.96217 -1 -1 -1 -1 -1 -1 -0.384153 0.567538 0.132984 -1 -1 0.156894 -0.84407 -0.314613 -0.494006 -0.0818361 -1 -0.878361 -0.750744 -0.170967 -1 0.475821 -1 -1 -0.861692 -0.777895 -1 -0.764884 0.423724 -0.540038 -0.857941 -0.209219 0.197422 -0.925079 -1 0.676504 -0.498599 -0.805674 -0.459519 -0.167896 -1 -0.305274 -0.776239 -0.483318 -1 -0.774259 -1 -0.813825 -1 0.102293 -0.514388 -0.551099 -1 -1 0.347187 -1 -0.201691 -0.312403 0.0311945 -1 -0.964515 0.335963 -1 -0.140646 -0.118861 0.519934 -0.880202 -0.358051 0.0195552 -0.405688 -1 0.289713 -0.0791982 -0.503212 0.26438 -0.381346 -0.513453 -1 -0.495111 -0.686121 -1 -0.977397 -1 -0.280547 -0.485498 0.336599 -0.951215 -0.334636 -0.153684 -0.480622 0.191797 0.366873 -0.445856 -0.534075 -0.0573236 -0.204327 0.0351559 -0.00723916 -0.0206144 -0.694978 0.132579 -0.914955 -0.715506 0.361317 -1 
-0.810435 -0.0675828 -0.938755 -0.0582117 -0.446744 -0.238121 -1 -0.234377 -1 -0.70743 -0.34663 0.527238 -0.749234 -0.376694 -1 -1 -0.384733 -0.992005 -1 -0.701742 -0.383672 -0.290416 -0.453733 -1 -0.978151 -0.889016 -0.510497 -0.235991 -1 -0.928014 -0.0273831 -0.965517 -1 -0.988876 -0.947411 -1 -1 -1 -0.826273 -0.419742 0.249455 -0.155501 -1 -1 -0.091533 -0.657511 -0.381609 -0.960275 0.0589088 -1 -0.86387 -0.927098 -0.255089 -1 0.287955 -1 -0.950913 -0.905033 -0.962833 -1 -0.952375 0.239394 -0.628944 -0.463816 -0.153474 -0.168482 -1 -1 0.460748 -0.755378 -1 -1 -0.0626728 -1 -0.805667 -1 -0.594793 -1 -1 -1 -0.817402 -1 -0.0394 -0.542486 -0.505897 -1 -1 0.0517417 -1 -0.607994 -0.207767 -0.488456 -0.976883 -0.991744 0.375223 -0.904316 0.185981 -0.208683 0.394372 -0.889696 -0.217165 0.0238129 -0.392664 -1 0.67044 -0.395722 -0.692198 0.120491 -1 -0.478126 -1 -0.556119 -0.834131 -1 -0.836621 -0.976465 -0.734535 -0.655739 -0.145216 -1 -0.171457 -0.129922 -0.658727 -0.172652 0.37575 -0.370482 -0.603635 0.0621704 -0.529608 0.318358 -0.28287 0.223221 -0.916357 -0.0505814 -0.916125 -0.699988 0.073718 -1 
0.344631 -0.598732 -0.422523 0.828335 0.515669 -0.704228 -0.825751 -0.218611 -0.95575 -0.351266 0.397619 0.410788 -0.0245309 -0.846588 0.031193 -0.62565 0.257165 -0.481111 0.658992 0.00564203 0.589072 -1 -0.376051 0.72063 -0.956237 0.674039 -0.879606 -0.655535 0.597623 -0.993288 -1 0.480027 -0.455931 -1 -1 0.634957 -1 0.321601 -0.158004 -0.108199 0.770274 -0.475429 -0.205908 -0.769017 0.725834 -0.614817 -0.907725 0.360851 -0.12503 -0.269856 0.154636 -0.8306 -0.299093 0.341209 -0.813744 -0.613511 -0.0907923 -1 -0.955832 0.403159 -0.282268 0.513462 -0.978031 -0.247224 -1 0.251384 -0.574247 0.103005 0.21852 -0.228658 0.465945 -1 -0.139822 0.263353 -0.521733 -0.945578 -0.0564715 -0.820512 -1 0.52153 -1 -0.368459 -0.795755 -1 -0.400891 -0.985565 0.754846 -0.787769 -0.399163 0.1505 -0.66381 -0.363253 -0.784875 -0.562691 0.526309 -0.970218 -0.210219 0.300912 0.603497 -0.498594 -0.588199 0.0405725 0.735373 -0.144263 -0.732887 0.140672 -0.764693 -0.174662 -0.808345 -0.857959 -0.808239 -0.12405 -0.433037 0.588149 0.260111 -0.749049 0.759625 0.573768 -0.490512 -0.414646 -0.469121 -0.999153 -0.946213 -0.306099 -0.39481 0.473876 -0.96085 0.289676 -0.925736 -0.649681 -0.598658 0.227087 -0.837718 -1 -1 0.552175 0.0287101 0.372643 
0.297897 -0.761156 -0.29017 0.647323 0.328644 -0.919661 -0.664675 -0.255739 -0.898754 -0.528114 0.7858 0.612995 0.212173 -0.611355 0.249219 -0.481677 0.252816 -0.572704 0.506921 0.16228 0.630506 -0.912035 -0.0454731 0.545762 -0.748929 0.69146 -0.571834 -0.651097 0.494815 -0.860731 -1 0.430374 -0.527744 -1 -1 0.718553 -1 0.233497 -0.423949 -0.0300804 0.641906 -0.130366 -0.164546 -0.557482 0.769286 -0.233355 -0.931244 0.122313 0.0811843 -0.322699 0.196902 -1 0.0900193 0.297463 -0.73317 -0.463595 -0.0781983 -1 -0.736713 0.50883 -0.403929 0.607322 -0.97669 -0.454947 -0.941151 -0.140675 -0.792909 0.205091 0.219126 0.0824888 0.799867 -0.603637 0.245389 -0.0168882 -0.520641 -0.986022 -0.194438 -0.297607 -1 0.793458 -1 -0.170476 -0.756397 -0.210694 -0.653756 -0.991695 0.83863 -1 -0.302059 0.257894 -0.58518 -0.559215 -0.740447 -0.558859 0.843957 -1 -0.283357 0.232066 0.841469 -0.147729 -0.00636555 0.271828 0.918928 -0.386306 -0.537526 0.409749 -0.513368 -0.300312 -0.647482 -0.926763 -0.698423 -0.632044 -0.561648 0.384491 0.77459 -0.626765 0.757054 0.191455 -0.46486 -0.487879 -0.201314 -1 -0.729679 -0.419621 -0.381144 0.467079 -1 0.465846 -1 -0.389174 -0.512663 0.0922533 -0.644491 -1 -0.828527 0.300576 -0.00266015 0.140767 
0.470951 -0.647102 -0.58534 0.457832 0.140424 -0.934313 -0.907327 -0.380693 -0.894532 -0.672088 0.784947 0.871741 0.236219 -0.690188 0.413748 -1 0.234273 -0.341715 -0.128567 -0.176858 0.473199 -0.815947 0.183351 0.436352 -1 0.820899 -0.704751 -1 0.774965 -1 -1 0.0600631 -0.886754 -1 -0.9469 0.444779 -0.980862 0.240845 -0.627868 0.128344 0.168384 -0.340824 -0.0626607 -0.67661 0.817123 -0.493649 -0.739914 -0.210474 0.115773 -0.398507 0.397581 -0.988122 0.0761908 -0.0256099 -0.870555 -0.565376 -0.137844 -1 -1 0.457873 -0.208909 0.558871 -1 -0.524829 -1 -0.42421 -0.569099 -0.0799044 -0.186009 -0.218866 0.162205 -0.739183 -0.38597 -0.177069 -0.42068 -0.660194 0.117267 -0.637207 -0.826345 0.722729 -1 -0.117214 -0.956177 -0.42574 -0.669829 -1 0.58063 -0.907456 -1 0.75625 -0.879482 -0.615551 -0.770372 -0.970607 0.583848 -1 -0.609443 0.476456 0.499201 -0.514071 -0.166085 0.0196093 0.664296 -0.319362 -0.713875 -0.0633258 -0.761701 -0.220963 -0.76077 -1 -1 -0.699887 -0.502277 0.641933 0.570227 -0.792115 0.213251 0.169599 -1 -0.11741 -0.207973 -1 -0.848748 -0.769023 0.0629132 0.417168 -1 0.250172 -1 -0.954404 -0.810046 0.295534 -0.876819 -1 -1 -0.257995 -0.152936 0.0906 
-0.769542 -0.144073 -1 0.141663 0.12089 -0.105451 -0.949766 -0.109279 -1 -0.636929 -0.0273469 0.227568 -0.798241 -0.318184 -0.984673 -0.914153 -0.503124 -1 -1 -0.722057 -0.438373 -0.39458 0.132062 -1 -0.856139 -0.833315 -0.211092 -0.192546 -0.824708 -0.960464 0.0457652 -0.953215 -0.92676 -1 -1 -1 -0.968089 -1 -0.752846 -0.391192 0.143489 0.140166 -1 -0.887966 0.12382 -0.798066 -0.119944 -0.511174 0.146668 -1 -0.771003 -0.711898 -0.0921413 -1 0.358638 -1 -0.968109 -1 -0.935355 -0.98557 -0.645208 0.448278 -0.883133 -0.513555 -0.305955 -0.145425 -0.933578 -1 0.591419 -0.490292 -0.787487 -0.348486 -0.442369 -1 -0.443124 -0.834433 -0.162951 -1 -0.777942 -1 -0.726907 -0.96495 0.154953 -0.666596 -0.47884 -0.913461 -0.95884 0.347187 -0.959322 -0.139731 -0.319921 -0.159211 -1 -0.81426 0.627224 -1 0.353028 -0.432364 0.80676 -0.741355 -0.36462 -0.00452223 -0.671968 -0.965026 0.496303 -0.297321 -0.842133 0.303274 -0.380844 -0.485931 -1 -0.385006 -0.583564 -0.991879 -0.784862 -1 -0.32365 -0.653841 0.461787 -1 -0.290569 -0.342455 -0.717509 0.198864 0.142761 -0.501817 -0.534075 -0.0693746 -0.291652 0.186357 -0.0447823 0.147497 -0.751899 -0.000778459 -1 -0.896655 0.361317 -0.961026 
0.494159 -0.719293 -0.194574 0.847207 0.629377 -0.762226 -0.691618 -0.235039 -0.797074 -0.384733 0.610398 0.174744 0.143623 -0.639143 0.149451 -0.509959 0.479753 -0.60615 0.664683 0.0774639 0.537603 -0.880734 -0.247896 0.577004 -0.894188 0.897709 -0.961314 -0.615359 0.413892 -0.817228 -1 0.319486 -0.395525 -0.940618 -0.974785 0.815925 -1 0.514533 0.0500664 -0.179173 0.831129 -0.250999 -0.218284 -0.772556 0.902881 -0.780754 -0.88954 0.306813 0.0859816 -0.196581 0.356513 -0.985675 -0.119584 0.446683 -0.851951 -0.721366 0.114293 -1 -1 0.535926 -0.249314 0.652412 -1 -0.0969305 -0.903038 0.269289 -0.416594 0.0832116 0.356845 -0.0365135 0.692093 -1 0.18263 0.265046 -0.35198 -0.83 -0.0193129 -0.506292 -1 0.634042 -1 -0.441473 -0.747712 -0.61612 -0.320119 -1 0.772385 -0.749035 -0.366409 0.104397 -0.828522 -0.479985 -0.630414 -0.393983 0.64156 -0.968772 -0.257219 0.246537 0.650768 -0.417753 -0.308149 0.224584 0.826213 -0.160297 -0.77448 0.43335 -0.529208 -0.185199 -0.836157 -0.777649 -0.808239 -0.196959 -0.650624 0.857792 0.311278 -0.597108 0.791957 0.625627 -0.590327 -0.340969 -0.644822 -1 -0.94966 -0.295839 -0.0635084 0.653783 -0.863942 0.34868 -0.964184 -0.53513 -0.810139 0.260505 -0.81295 -1 -0.767247 0.786495 0.261662 0.618824 
0.172548 -0.815638 -0.939241 0.237816 0.340713 -1 -0.832216 -0.355302 -1 -0.67169 0.81333 0.276101 0.131738 -0.549705 0.451479 -0.681455 0.506364 -0.638803 0.132766 -0.0592991 0.475147 -1 -0.0580571 0.380699 -1 0.536936 -0.59896 -0.955894 0.753385 -1 -0.973282 0.242235 -0.535481 -1 -1 0.783816 -0.926927 0.0299 -0.467926 -0.46292 0.526725 -0.0783209 0.0535874 -0.841285 0.561938 -0.17305 -0.818295 -0.342997 0.0915625 -0.136597 -0.118775 -1 -0.0460882 0.552335 -0.649497 -0.619426 -0.165901 -1 -0.996813 0.432907 -0.222433 0.460511 -0.990171 -0.331377 -1 -0.113754 -0.570599 0.169227 0.292021 -0.11271 0.606501 -0.964421 0.172995 -0.554989 -0.681413 -0.826146 0.081054 -0.472555 -0.991028 0.829275 -1 -0.0489534 -0.78877 -0.659972 -0.65495 -1 0.63205 -0.907525 -0.419793 0.301106 -0.67923 -0.525089 -0.514882 -0.620777 0.649396 -0.983833 -0.191401 0.280837 0.842366 -0.236343 -0.380986 0.232353 0.97667 -0.405431 -0.550967 0.105369 -0.828059 -0.448787 -0.620533 -0.916841 -0.744331 -0.489728 -0.783866 0.43813 0.697474 -0.771463 0.621481 -0.0479917 -0.611245 -0.236488 -0.683639 -1 -0.827502 -0.200091 -0.524976 0.49025 -1 0.14594 -1 -0.475652 -0.478164 0.0474055 -0.656883 -1 -0.849073 0.410361 -0.233133 0.252972 
-0.77542 0.0383454 -0.940912 -0.271806 -0.119671 -0.207715 -0.945448 -0.608251 -0.872743 -0.804042 -0.206548 0.163754 -0.910667 -0.75666 -0.918911 -0.858957 -0.233703 -1 -1 -0.952485 -0.343372 -0.64341 -0.0880652 -0.988901 -1 -0.796248 -0.124369 -0.230341 -0.811546 -0.904308 -0.0514978 -1 -0.910922 -0.967441 -0.955349 -1 -1 -1 -1 -0.676566 0.333367 -0.0596988 -1 -1 0.0775717 -0.675878 -0.658619 -0.696426 -0.137996 -0.912904 -0.579947 -0.763402 0.00906611 -1 -0.0435133 -1 -1 -1 -0.910966 -0.971008 -0.845208 0.188993 -1 -0.699843 -0.328776 -0.0246145 -0.85016 -1 0.655502 -0.517452 -0.752107 -0.691221 -0.37478 -1 -0.593863 -0.90888 -0.653157 -0.984061 -0.849202 -1 -0.880284 -1 -0.21187 -0.913964 -0.579869 -1 -1 -0.0302336 -1 -0.110854 -0.0115583 -0.118709 -0.966867 -0.930182 0.150329 -1 0.283842 -0.473747 0.613215 -0.751316 -0.469364 0.110242 -0.442718 -1 0.496303 -0.529304 -0.817694 0.345374 -0.401487 -0.549896 -1 -0.590844 -0.739009 -0.911537 -1 -0.969886 -0.844254 -0.7589 0.461787 -1 -0.831481 -0.394499 -1 -0.10009 0.165235 -0.547881 -0.728435 -0.0477034 -0.684185 -0.0659286 -0.00630254 -0.263535 -1 0.00859817 -0.949979 -0.702182 0.304873 -1 
-0.213912 -0.849036 -0.551421 0.139857 0.051024 -0.99105 -0.958988 -0.44894 -1 -0.605192 0.491572 0.41457 0.0440784 -0.977488 0.144934 -0.736982 0.205172 -0.441671 0.634351 0.138461 0.280919 -1 -0.10195 0.70782 -1 0.464464 -0.731193 -0.923145 0.726469 -0.859769 -1 0.489771 -0.469047 -1 -1 0.605525 -1 0.397644 -0.573953 -0.218243 0.756137 -0.070469 -0.02738 -0.746929 0.552759 -0.485118 -1 -0.230587 -0.0883049 -0.243145 -0.184768 -0.976557 -0.00714432 0.312147 -0.542546 -0.521531 -0.62585 -1 -0.786639 0.472739 -0.525249 0.26971 -1 -0.64372 -0.933613 0.148504 -0.559285 0.0347082 0.0346664 -0.429248 0.897666 -0.698089 0.0950245 -0.35408 -0.553751 -0.833787 -0.0315015 -0.552555 -1 0.917156 -0.924312 -0.428939 -0.903262 -0.421504 -0.463245 -0.969413 0.792576 -1 -0.350953 0.366017 -0.479048 -0.881137 -0.663007 -0.517914 0.485949 -1 -0.534174 0.238337 0.663693 -0.134108 -0.125196 0.0285621 0.535075 -0.193117 -0.443462 0.3913 -0.56128 -0.392258 -0.93837 -1 -1 -0.649953 -0.707966 0.475846 0.65996 -1 0.511356 0.172907 -0.920448 -0.527781 -0.691757 -0.933077 -0.846812 -0.406101 -0.166344 0.44694 -1 0.210914 -0.993056 -0.552538 -0.47552 0.00205262 -0.72925 -1 -0.780101 0.166559 0.0755142 0.226342 
0.427197 -0.944474 -0.437411 0.601473 -0.309537 -0.934313 -0.89625 -0.451628 -1 -0.673839 0.703068 0.812358 0.237976 -0.764056 0.377012 -1 -0.0785765 -0.453989 -0.0805195 -0.174118 0.587106 -0.768091 0.114085 0.445051 -1 0.583759 -0.436255 -0.891797 0.546948 -0.992283 -0.959382 -0.0248167 -1 -1 -0.979168 0.652807 -1 0.0708855 -0.614997 -0.0208606 0.101215 -0.418344 -0.24211 -0.615856 0.72327 -0.528145 -1 -0.113675 0.0883916 -0.608182 0.0743611 -1 -0.225682 -0.156963 -0.870555 -0.478765 -0.397112 -0.999798 -1 0.261252 -0.323549 0.621306 -1 -0.68452 -1 -0.351028 -0.612668 -0.0799044 -0.415149 -0.530914 0.391093 -0.919682 -0.458357 -0.35649 -0.679865 -0.692721 0.117881 -0.572532 -1 0.869526 -1 0.0171806 -1 -0.724483 -0.618932 -1 0.546616 -1 -0.981484 0.566566 -0.975067 -0.616376 -0.807774 -0.960388 0.198025 -0.932383 -0.497534 0.555577 0.527512 -0.291915 -0.296148 -0.272538 0.421369 -0.272494 -0.66465 0.294319 -0.564532 -0.435521 -0.444566 -1 -1 -0.96135 -0.467035 0.735602 0.34728 -1 -0.152652 0.00891197 -0.887102 -0.324825 -0.237748 -1 -0.853579 -0.7527 0.147021 0.418849 -1 -0.0113836 -1 -0.978018 -0.984238 0.0167556 -1 -1 -1 -0.129324 -0.152936 0.242453 
0.146977 -0.542372 -0.102116 0.7922 0.629377 -0.944688 -1 -0.457037 -0.844286 -0.383904 0.470151 0.277199 0.192048 -0.983333 -0.0726834 -0.515079 0.508084 -0.526548 0.480947 0.0195348 0.446351 -1 -0.151134 0.635743 -1 0.833482 -0.754444 -0.86523 0.700874 -1 -1 0.57647 -0.278901 -1 -1 0.628077 -1 0.454723 0.113629 -0.235767 0.315662 -0.186494 -0.202575 -1 0.798257 -0.885354 -0.732719 0.335251 0.0510376 -0.177455 0.417235 -1 -0.77948 0.0338063 -1 -0.612092 0.0651088 -0.902697 -0.821278 0.247806 -0.528683 0.516918 -1 -0.12579 -1 -0.117712 -0.648362 -0.0747055 -0.00887576 -0.0964239 0.283314 -1 0.0406172 -0.491028 -1 -0.844426 -0.17522 -0.483067 -1 -0.0828553 -1 -0.414546 -1 -0.741801 -0.641513 -1 0.779905 -1 -0.780501 0.185076 -0.813546 -0.724076 -0.474786 -0.455867 0.396415 -0.905038 -0.445658 -0.0317911 0.254245 -0.718149 -0.540655 0.00113259 0.793817 -0.279562 -0.772644 0.477137 -0.782392 -0.310141 -1 -1 -1 -0.0618248 -0.390808 0.998082 0.395152 -0.811117 0.634034 0.687985 -0.916915 -0.520586 -0.747018 -1 -0.869352 -0.316113 -0.463566 0.341065 -1 0.542644 -1 -0.782759 -0.594439 -0.108426 -1 -0.965498 -0.931324 0.765318 -0.073937 0.69317 
0.412981 -0.668369 -0.548823 0.698137 -0.100846 -0.81605 -0.984764 -0.516179 -1 -0.421074 0.96393 0.865126 -0.0381757 -0.50442 0.533269 -1 0.299764 -0.489692 -0.0644921 -0.172347 0.465822 -0.901736 0.122139 0.733007 -0.966121 0.49005 -0.904564 -0.906821 0.308631 -0.854783 -0.799501 0.486895 -0.663524 -1 -1 0.422588 -0.969714 0.451307 -0.264502 -0.0774713 0.482943 -0.473349 0.105817 -0.686724 0.476822 -0.532999 -0.820904 -0.000170033 0.0374982 -0.60717 0.10649 -1 -0.0768479 -0.0409154 -0.935736 -0.548311 0.00124528 -0.791398 -0.976153 0.688502 -0.134066 0.506406 -0.963679 -0.517978 -1 -0.0126904 -0.523069 0.163597 -0.00975933 -0.252081 0.715437 -1 -0.104443 0.198772 -0.680087 -0.784644 -0.00403225 -0.790155 -0.986901 0.779939 -1 -0.0431425 -0.704014 -0.404012 -0.440227 -1 0.708642 -1 -1 0.451637 -1 -0.58127 -1 -0.764637 0.697238 -0.782489 -0.478943 0.0445955 0.485958 -0.26035 -0.44556 0.0200161 0.660627 -0.153517 -0.901009 0.183484 -0.603066 -0.332731 -0.751856 -1 -0.970315 -0.401841 -0.659222 0.725736 0.432118 -0.802655 0.536938 -0.031757 -1 -0.116144 -0.0934467 -1 -0.835014 -0.215807 -0.0817015 0.432264 -1 0.257162 -1 -0.425071 -1 -0.186532 -1 -1 -1 0.162786 0.15654 0.252638 
0.525552 -1 -0.589864 0.544322 0.103134 -1 -1 -0.632111 -0.904953 -0.958246 0.518487 0.670956 -0.163399 -1 0.362982 -1 0.3447 -0.339152 -0.201733 -0.330201 0.660135 -1 0.0924086 -0.0151105 -0.986139 0.866403 -0.489005 -1 0.55153 -0.89765 -1 0.0124911 -0.98619 -1 -0.806587 0.687119 -1 0.117846 -0.759945 0.142293 0.161879 -0.224805 -0.190582 -0.677794 0.602911 -0.493649 -0.703402 -0.229543 -0.0655688 -0.491071 0.18491 -1 -0.0918439 -0.0260036 -1 -0.65467 -0.13244 -1 -0.9848 0.444404 -0.20333 0.408867 -1 -0.682842 -0.983177 -0.374652 -0.652123 -0.46282 -0.186009 -0.583724 0.0211347 -1 -0.627049 -0.118122 -0.645938 -1 0.0732755 -0.601699 -0.924697 0.386243 -1 -0.0463775 -1 -0.46936 -0.481045 -1 0.354228 -1 -1 0.382013 -0.727015 -1 -0.860313 -0.721254 0.220812 -1 -0.628045 0.299959 0.554225 -0.695683 -0.22174 0.0968594 0.651631 -0.163954 -0.948402 0.0399051 -0.636669 -0.368011 -0.714142 -0.987767 -0.939167 -0.696535 -0.622855 0.840289 0.577318 -0.87157 0.129796 0.161917 -0.848358 -0.278854 -0.397936 -0.914034 -0.808918 -0.554619 -0.203638 0.263916 -1 0.452767 -1 -0.853893 -1 0.146949 -1 -1 -0.838237 -0.0494174 -0.152936 -0.0085949 
-0.829377 -0.038816 -1 0.158633 0.337637 0.0707492 -0.973026 0.0504592 -1 -0.593306 -0.272994 0.392672 -0.820647 -0.442242 -1 -0.946183 -0.209655 -1 -1 -0.726537 -0.409984 -0.488863 0.18279 -0.938352 -1 -1 -0.274658 0.015282 -0.795739 -0.94003 -0.0642912 -0.813601 -1 -1 -1 -1 -0.996167 -1 -0.787569 -0.417673 0.567538 -0.134454 -1 -1 -0.15897 -0.711266 -0.119944 -0.593051 -0.0251513 -1 -0.633229 -0.945401 -0.0275915 -1 0.262797 -1 -1 -0.861692 -1 -1 -0.479294 0.465807 -0.800447 -0.632479 0.0348157 0.124324 -0.786439 -1 0.6007 -0.502356 -0.769725 -0.604242 -0.150843 -1 -0.305274 -0.706293 -0.399523 -0.997037 -0.762357 -1 -0.705682 -1 0.174 -0.347545 -0.656058 -0.848811 -1 0.146033 -1 -0.18972 0.00966977 -0.0320613 -1 -1 0.469194 -1 0.325292 -0.103599 0.59186 -0.714853 -0.384917 -0.141382 -0.431355 -0.757879 0.384209 -0.122377 -0.512841 0.261754 -0.388978 -0.65608 -1 -0.525863 -0.779667 -1 -0.947299 -0.928394 -0.241552 -0.578104 0.461787 -0.924979 -0.253598 -0.218058 -0.708597 -0.0507182 0.308282 -0.371589 -0.578897 0.0330214 -0.291652 0.10937 -0.00723916 0.326505 -0.80732 -0.113098 -0.971516 -0.721505 0.361317 -0.943318 
0.354361 -0.0999632 0.494571 -0.776447 0.738964 0.739737 0.503298 0.239353 -0.367256 0.203656 -0.322759 -0.858511 0.441493 0.541593 -0.448413 0.54536 0.513698 -0.595316 0.276328 -0.585824 -0.297277 -0.260592 -0.573735 -0.565826 -1 -0.26311 -0.70685 0.369969 0.744252 -1 0.567941 0.499854 0.0265674 0.617147 -0.4171 -0.948011 0.42293 -0.188761 -1 -0.583391 -0.340499 -1 -1 0.936514 0.144015 0.00211796 -0.678234 -1 -0.4222 -0.272678 -0.793077 0.144461 -0.103247 0.495932 -0.183012 -0.660944 -0.596788 0.855666 -0.508918 -1 -0.634061 0.268506 -0.596045 -0.868992 -0.490103 -0.262778 -0.621525 -0.0569445 -0.570776 -0.535374 0.55884 0.200517 -0.133089 0.0513756 -0.0320816 0.456426 -0.0735183 -0.247022 -0.486492 0.189279 -0.585388 -0.806637 -0.199829 -0.493242 -0.164526 0.0252356 -0.0130827 -1 -1 -0.172266 0.0253015 -0.280136 -0.644899 0.0659883 0.547953 -0.305533 0.215501 0.451017 -1 0.258776 0.656311 -1 -1 -0.643184 -0.312008 -0.0481299 -0.364484 0.829211 -1 -0.823047 -0.243438 -1 0.729876 0.292621 -0.58858 0.0692883 -1 0.150619 -0.491059 -0.353559 0.215402 -0.494095 -0.319115 -0.802336 0.341931 -0.291771 -0.23266 -1 -0.398811 -0.739178 -0.546755 0.104392 -0.460638 -0.220302 0.281769 -0.435562 -0.886377 -0.703965 
-0.584009 -1 -1 0.0165818 0.341415 -1 -0.78934 -0.515636 -1 -0.994493 0.29943 0.409777 -0.62896 -1 0.336831 -1 -0.099392 -0.80507 0.202148 -0.491018 0.729979 -1 -0.592956 0.412925 -1 0.830564 -0.982979 -0.775545 0.407958 -1 -1 0.358276 -0.963383 -0.975941 -1 -0.0837195 -1 -0.488493 -0.419244 -0.827977 0.341554 -0.147657 -0.175788 -0.677511 0.683504 -0.000172652 -0.746299 0.11179 -0.235599 -0.474108 0.26736 -1 -0.982015 0.235235 -0.937184 -0.776783 -0.225475 -0.956805 -1 0.614223 -0.856885 0.131727 -1 -0.804319 -0.914311 -0.331864 -0.794548 -0.471826 0.143553 0.0463841 0.21093 -1 0.0807626 0.155409 -0.986612 -1 -0.0877393 -0.628854 -1 0.441967 -1 -0.422016 -1 -0.56487 -0.622947 -1 0.486395 -1 -1 -0.154369 -1 -1 -0.81636 -0.806684 0.690209 -1 -0.407176 -0.226412 0.503466 -0.417879 -0.114494 -0.0477263 0.423023 -0.744342 -0.814425 -0.0702492 -0.814176 -0.993069 -0.602883 -1 -1 -0.867911 -0.953569 0.80775 0.394025 -0.974931 -0.112551 -0.195726 -0.992114 -0.343688 -0.68906 -1 -1 -0.358415 -0.140166 0.289289 -0.970878 0.128135 -0.944348 -0.194234 -0.857094 -0.270243 -0.962986 -1 -0.942396 0.606325 -0.186138 -0.348962 
0.146977 -0.542372 -0.333474 0.7922 0.57567 -0.944688 -1 -0.457037 -1 -0.308798 0.256408 0.037023 0.224606 -1 -0.0978896 -0.441312 0.508084 -0.526548 0.382191 -0.00661074 0.174265 -1 -0.151134 0.73146 -0.905376 0.689865 -0.754444 -0.85423 0.7032 -1 -1 0.57647 -0.197379 -1 -1 0.628077 -1 0.454723 0.113629 -0.375019 0.315662 -0.0953495 -0.19043 -1 0.79336 -0.885354 -0.732719 0.191864 0.0510376 -0.150441 0.417235 -1 -0.77948 0.0338063 -1 -0.612092 0.0632556 -0.902697 -0.821278 -0.00808017 -0.528683 0.532666 -1 -0.12579 -1 -0.210662 -0.648362 -0.0747055 -0.00887576 -0.00116111 0.353875 -1 -0.0944025 -0.64665 -1 -0.844426 -0.177828 -0.619052 -0.940977 -0.0340411 -1 -0.669666 -1 -0.861781 -0.747201 -1 0.514511 -1 -0.858337 0.185076 -0.727854 -0.724076 -0.474786 -0.455867 0.465885 -0.905038 -0.445658 -0.0317911 0.254245 -0.718149 -0.649514 0.00113259 0.793817 -0.279562 -0.772644 0.477137 -0.782392 -0.277694 -1 -1 -1 -0.229816 -0.390808 0.998082 0.104889 -0.811117 0.634034 0.687985 -1 -0.540481 -0.747018 -1 -0.869352 -0.316113 -0.414976 0.341065 -1 0.542644 -1 -0.782759 -0.721861 -0.108426 -1 -1 -1 0.76614 -0.256208 0.682884 
-0.54764 -0.0557091 -1 0.247708 0.174313 -0.0931567 -0.995189 -0.0442491 -0.968165 -0.796052 -0.0113536 0.369151 -0.774349 -0.430005 -1 -0.991214 -0.469829 -1 -1 -0.958339 -0.344049 -0.261386 0.0395539 -1 -1 -1 -0.103607 -0.0932758 -0.747791 -0.987121 -0.0642912 -0.802444 -0.991296 -0.914482 -1 -0.93116 -0.980639 -1 -0.648385 -0.351388 0.626907 0.00416164 -1 -0.91868 0.0551797 -0.824585 -0.407444 -0.554847 -0.0897225 -1 -0.668079 -0.869275 -0.049474 -1 0.380674 -0.918949 -1 -1 -1 -1 -0.638516 0.410994 -0.659182 -0.632479 -0.0939528 0.124324 -0.815921 -1 0.525536 -0.624083 -1 -0.508884 -0.158123 -1 -0.500141 -0.724623 -0.38056 -1 -0.78998 -0.991749 -0.686211 -1 0.154953 -0.547331 -0.300287 -0.866402 -0.871902 0.243682 -1 -0.329094 0.0479177 -0.0316354 -1 -0.908127 0.269102 -1 0.1839 -0.151601 0.308068 -0.794006 -0.322289 -0.0810142 -0.552353 -0.922263 0.514496 -0.130944 -0.496822 0.303274 -0.388978 -0.490894 -1 -0.290254 -0.583564 -1 -1 -1 -0.27668 -0.731819 0.386729 -1 -0.325588 -0.0648392 -0.84882 0.180771 0.250321 -0.39159 -0.581462 0.0339149 -0.396817 0.134649 -0.195464 0.287254 -1 -0.0980446 -0.91468 -0.698919 0.361317 -1 
0.361882 -0.633792 -0.52701 0.173485 -0.0725004 -1 -0.907327 -0.671569 -1 -0.672738 0.545724 1 0.188749 -1 0.362982 -1 0.429827 -0.225271 -0.0639974 -0.27963 0.820232 -0.894276 -0.240062 0.22767 -1 0.861609 -0.682499 -1 0.774965 -0.971489 -0.994151 0.194843 -0.812631 -0.960562 -0.9469 0.491963 -1 -0.0910371 -0.693236 -0.0681863 0.0635001 -0.347675 -0.133436 -0.668151 0.614224 -0.723331 -0.933486 -0.588752 -0.0182929 -0.625759 0.367275 -1 -0.313872 -0.0753789 -0.870555 -0.631626 -0.285397 -1 -0.990022 0.321911 -0.200947 0.547639 -1 -0.564585 -1 -0.312563 -0.569099 -0.335416 -0.449691 -0.43119 0.289524 -1 -0.542586 0.0968647 -0.517351 -0.626547 0.127164 -0.620205 -0.924697 0.448198 -0.969129 -0.146211 -1 -0.69484 -0.500149 -0.9817 0.570977 -0.996147 -0.956888 0.547916 -0.859457 -0.63844 -1 -0.665106 0.487704 -0.931035 -0.633535 0.331143 0.478839 -0.339991 -0.266365 -0.558917 0.664296 -0.0285268 -0.691131 0.132434 -0.581691 -0.566695 -0.53532 -0.929747 -1 -0.688334 -0.610691 0.90152 0.585073 -0.76187 -0.0656251 0.0601017 -0.827094 -0.0840358 -0.226833 -0.893281 -0.746869 -1 -0.0851129 0.516052 -1 0.108441 -1 -0.952665 -0.813292 0.193903 -0.841781 -1 -1 0.0459114 -0.151756 0.156313 
0.494159 -0.598732 -0.203024 0.844149 0.576884 -0.743531 -0.820172 -0.172899 -0.765577 -0.392148 0.562283 0.45796 0.126834 -0.639143 0.14214 -0.509959 0.519879 -0.440879 0.700638 0.113078 0.567566 -0.880734 -0.183568 0.813351 -0.821587 0.894576 -0.782573 -0.592472 0.670984 -0.835142 -1 0.508693 -0.36804 -0.977756 -0.989579 0.815925 -1 0.514533 0.0500664 -0.0860751 0.789003 0.00767148 0.0143061 -0.772556 0.902881 -0.528498 -0.797689 0.335251 0.0859816 -0.192073 0.312185 -0.769241 -0.112066 0.461818 -0.708148 -0.60951 0.136147 -1 -0.821278 0.52388 -0.122548 0.772026 -0.990265 -0.112607 -0.895327 0.269289 -0.463861 0.26162 0.335501 0.110294 0.701317 -1 0.245898 0.187028 -0.404684 -0.883125 -0.017309 -0.506292 -1 0.627587 -0.983057 -0.436096 -0.735708 -0.61612 -0.320119 -1 0.938869 -0.749035 -0.424465 0.376436 -0.56665 -0.441283 -0.630414 -0.469698 0.652726 -0.992736 -0.277697 0.244225 0.650768 -0.491282 -0.275386 0.275095 0.757865 -0.147899 -0.799687 0.43335 -0.538329 -0.165841 -0.855871 -0.891433 -0.808239 -0.164135 -0.436394 0.873201 0.311278 -0.523624 0.783732 0.725727 -0.308758 -0.316463 -0.346671 -1 -0.881268 -0.32966 -0.105106 0.661516 -0.927561 0.544518 -0.907087 -0.563871 -0.571219 0.268803 -0.816266 -1 -0.786305 0.733981 0.190978 0.680829 
-0.281192 -0.975599 -1 0.246997 0.0645322 -0.98849 -0.80144 -0.515636 -1 -1 0.346416 0.409777 -0.401142 -1 0.269431 -1 -0.0312778 -0.80507 0.202148 -0.769137 0.651925 -1 -0.711655 0.583832 -0.945427 0.85622 -1 -0.774362 0.585839 -1 -1 0.288272 -0.954923 -0.781778 -1 -0.291516 -1 -0.226033 -0.344636 -0.827977 0.506492 -0.347799 -0.175788 -0.599338 0.714703 0.057032 -0.822624 -0.0682804 -0.109918 -0.206198 0.286656 -0.969666 -0.823262 0.311796 -0.890453 -0.993223 -0.20992 -1 -1 0.366267 -0.991283 0.415783 -1 -0.776901 -1 -0.420061 -0.794548 -0.275487 -0.0442117 0.0548421 0.0526058 -1 -0.142695 0.155409 -0.708157 -1 -0.131762 -0.684299 -1 0.441967 -0.968646 -0.422016 -1 -0.452892 -0.647431 -1 0.295745 -1 -0.957982 0.0272085 -1 -1 -0.81636 -0.806684 0.564537 -0.982358 -0.526384 -0.30405 0.520927 -0.417879 -0.110689 0.195966 0.145516 -0.524176 -0.717965 -0.0702492 -1 -0.891921 -0.716104 -1 -0.984027 -0.788225 -1 0.667945 0.229017 -1 0.0445814 -0.1062 -0.933421 -0.391423 -0.88114 -1 -1 -0.436015 -0.140166 0.157779 -1 -0.0530102 -1 -0.201758 -0.833937 -0.0602356 -1 -1 -0.907536 0.528816 -0.230339 -0.380016 
0.333967 -0.751885 -0.474135 0.48627 0.164401 -0.822158 -0.868851 -0.275746 -0.938474 -0.470239 0.885114 0.759708 0.295899 -0.491165 0.256853 -1 0.460502 -0.49763 0.152704 -0.127045 0.692645 -0.791119 0.0127141 0.607873 -0.971809 0.789817 -0.52421 -0.914578 0.696196 -0.652064 -0.817779 0.362851 -0.664414 -1 -0.995932 0.597826 -0.984176 0.250142 -0.415778 0.123653 0.642566 -0.377566 -0.0621502 -0.397319 0.696323 -0.652143 -0.712208 -0.0764406 0.302002 -0.389164 0.510183 -0.984447 0.0834991 0.0282944 -0.824903 -0.594616 -0.111739 -1 -0.849335 0.413786 -0.150334 0.604949 -0.972035 -0.543235 -0.994771 -0.239195 -0.582029 -0.0785156 -0.127128 -0.137843 0.833223 -0.798505 -0.190053 0.183428 -0.452945 -0.707316 0.0533325 -0.645585 -0.929711 0.68149 -1 -0.0438234 -0.783683 -0.161425 -0.2758 -0.999225 0.585675 -0.623682 -0.933622 0.658528 -0.829702 -0.66283 -0.747364 -0.690662 0.747171 -1 -0.334628 0.476456 0.538384 -0.279088 -0.148235 0.082398 0.532495 -0.0570079 -0.755023 0.197079 -0.510938 -0.215918 -0.545015 -1 -1 -0.43501 -0.494728 0.805493 0.496244 -0.751306 0.250858 0.255864 -0.485837 -0.0429207 -0.214821 -1 -0.821624 -0.399317 0.0271855 0.471276 -1 0.467098 -0.99672 -0.673116 -0.818315 -0.0362648 -0.936858 -0.978792 -0.842271 0.238509 -0.0833413 0.602549 
-1 -0.589506 -0.234816 -0.334907 -0.681061 -0.985641 -0.319609 -0.524905 -0.574544 0.608551 -0.629596 -0.932072 0.543856 -0.568834 -0.547428 -1 0.13686 -0.330743 -0.000436068 0.305583 -0.268708 0.619434 -1 -0.849205 0.52556 -0.613991 -0.922636 0.141684 -1 -0.460553 -0.486529 0.159507 0.326934 0.0544322 0.404634 -0.0868637 0.428465 -0.634496 0.588651 0.540677 0.176604 -0.456538 0.266011 -0.0571524 -0.0925648 -0.100626 0.0983697 0.500793 0.589107 0.591008 0.753302 0.111561 0.61958 -0.83257 -1 0.0805066 -0.671583 -0.794927 -0.936414 -1 0.803068 -0.232187 -0.325736 -1 -0.640344 -0.00607021 -0.321117 0.305707 -1 0.709956 0.368286 -0.258244 -0.625782 -0.20879 0.273931 -0.616249 0.608943 0.367852 0.225941 -0.0715999 0.447453 -0.122904 -0.528196 0.417808 -0.191508 -0.574405 -0.0638952 0.358484 0.042376 -0.486404 -1 -0.080178 -0.424021 -0.700473 -0.971191 0.16105 -0.865198 0.670834 -0.243043 0.299565 0.651273 -0.0435973 -0.245488 0.497091 -0.405095 0.514445 0.465966 0.106912 -0.623328 -0.431315 -0.173646 -0.986804 0.0521009 -1 -0.0343687 0.176858 -1 0.826923 -0.121404 -0.0959062 -0.899113 -0.768268 -0.851102 -0.561114 -0.879993 0.0733696 0.363278 0.74004 -0.0821711 -0.682894 -0.00198316 -0.539979 0.252546 -0.379912 0.214352 -0.539176 0.205505 -0.00962076 
-0.792922 -0.0340813 -1 0.111591 -0.185761 -0.177933 -1 -0.280257 -0.970517 -0.740063 -0.0756793 0.347468 -0.729025 -0.549935 -0.971102 -0.953328 -0.437179 -0.956397 -1 -0.729479 -0.446497 -0.427323 -0.0189938 -1 -1 -0.988451 -0.320114 -0.254957 -1 -0.730734 -0.0132903 -0.987602 -0.96217 -0.992199 -1 -0.956777 -0.916494 -1 -1 -0.304636 0.287781 0.132984 -0.876731 -0.789798 0.0958777 -0.598447 -0.382071 -0.494006 0.0998635 -0.930747 -0.797632 -0.702108 -0.476192 -1 0.290135 -0.991374 -1 -0.916121 -0.840238 -1 -0.921284 0.473283 -0.654488 -0.699045 -0.260976 -0.0517725 -1 -1 0.521448 -1 -0.880328 -0.555319 -0.281542 -1 -0.650684 -0.945837 -0.222704 -1 -1 -0.990493 -0.686211 -1 -0.13877 -0.556656 -0.46637 -0.973775 -1 0.347187 -1 -0.486578 -0.251311 -0.0777108 -0.890996 -0.963734 0.339941 -0.91149 0.185537 -0.561422 0.828705 -0.711158 -0.395294 -0.0956682 -0.647603 -0.769667 0.485595 -0.233141 -0.46921 0.0968094 -0.528365 -0.485931 -0.910816 -0.550263 -0.938096 -1 -1 -1 -0.358019 -0.657571 0.441467 -0.962537 -0.22808 -0.0859831 -0.480622 0.0132866 0.464631 -0.270379 -0.58582 0.130621 -0.344251 -0.0288583 -0.00723916 0.162865 -1 -0.270609 -1 -0.675572 0.251126 -1 
-0.54764 -0.0612665 -1 0.288262 0.158034 -0.179558 -1 -0.466848 -1 -0.807299 -0.105748 0.216768 -0.774349 -0.368774 -1 -0.970173 -0.573745 -0.928662 -1 -0.827173 -0.30317 -0.445523 0.29539 -1 -0.906621 -1 -0.077837 -0.374204 -0.851906 -1 -0.0788789 -0.904271 -1 -1 -1 -1 -0.989301 -1 -0.752704 -0.384153 0.195569 -0.27939 -0.982071 -1 0.131708 -0.622183 -0.275863 -0.536814 -0.348581 -1 -0.577861 -0.750744 -0.154368 -1 0.475821 -1 -1 -0.911606 -1 -0.92257 -0.892532 0.438164 -1 -0.632479 -0.0200203 0.174599 -0.786439 -1 0.532053 -0.641346 -0.873868 -0.459519 -0.105464 -1 -0.377606 -0.810113 -0.554117 -1 -0.929621 -1 -0.864711 -1 0.134336 -0.410984 -0.243971 -1 -1 0.365795 -1 -0.473493 0.0806502 -0.384237 -1 -1 0.537757 -1 0.423022 -0.118861 0.59186 -0.753981 -0.35088 -0.112127 -0.725985 -0.872332 0.53761 -0.350386 -0.572992 0.245899 -0.396187 -0.776258 -1 -0.211557 -0.583564 -1 -0.980721 -1 -0.241552 -0.632864 0.225936 -1 -0.585399 0.00897504 -0.891728 -0.216402 0.227712 -0.393399 -0.799724 0.0330214 -0.236861 0.134649 -0.032819 0.376519 -1 -0.39643 -1 -0.699988 0.0190889 -0.814254 
-0.54764 -0.181922 -1 0.288262 0.277035 0.00463142 -1 0.0340376 -0.942101 -0.636929 -0.0113536 0.290192 -0.774349 -0.233816 -1 -0.912497 -0.209655 -1 -1 -0.568585 -0.31795 -0.24804 0.0756214 -1 -0.920024 -1 -0.083934 -0.0629234 -0.804342 -0.753394 0.00584689 -0.873233 -0.96217 -0.92328 -1 -1 -0.996167 -1 -0.759807 -0.480363 0.567538 0.132984 -0.944379 -0.887966 0.0958777 -0.766564 -0.163582 -0.494006 0.0937465 -1 -0.633229 -0.750744 0.0632536 -1 0.42773 -0.881457 -0.926882 -0.861692 -0.871194 -0.997957 -0.507148 0.51699 -0.550837 -0.560504 0.0348157 0.0698253 -0.693537 -1 0.646551 -0.800441 -0.864951 -0.474804 -0.191479 -1 -0.21848 -0.837962 -0.222704 -0.920259 -0.870977 -0.991749 -0.66115 -1 0.154953 -0.338754 -0.673321 -0.910379 -1 0.367697 -1 -0.246143 0.00966977 -0.0320613 -1 -0.894242 0.541909 -0.907347 0.353345 -0.298313 0.828705 -0.753981 -0.255503 0.0387568 -0.431355 -0.715146 0.354561 -0.0403046 -0.593186 0.260361 -0.443731 -0.485931 -1 -0.204902 -0.882832 -1 -0.825035 -1 -0.241552 -0.837752 0.34277 -1 -0.395888 -0.0732683 -0.480622 0.191797 0.361335 -0.296811 -0.534075 0.124192 -0.334625 0.134649 -0.00723916 0.460803 -0.624496 -0.056616 -1 -0.89046 0.0920177 -0.946106 
-0.546917 -0.038816 -1 0.240772 0.168253 -0.00485773 -1 -0.0137782 -0.942101 -0.651682 -0.0318656 0.374915 -0.806899 -0.280808 -1 -0.961846 -0.217906 -0.935469 -1 -0.649869 -0.393829 -0.285816 0.21853 -1 -0.971373 -0.83698 -0.176562 -0.0655095 -0.842618 -0.730734 -0.0127615 -0.993302 -1 -0.956008 -0.985126 -1 -1 -1 -0.843672 -0.394397 0.455346 0.0900889 -0.994291 -0.954251 0.0383926 -0.598783 -0.138135 -0.507397 0.120957 -1 -0.703033 -0.851279 -0.0430927 -0.98298 0.429552 -0.937135 -0.976612 -0.92166 -0.879475 -1 -0.533593 0.649383 -0.578249 -0.560504 -0.0740965 0.129719 -0.786439 -1 0.709656 -0.502356 -0.902551 -0.496152 0.0142312 -1 -0.343434 -0.834934 -0.368228 -1 -0.751637 -0.982229 -0.732968 -1 0.0887371 -0.335235 -0.455542 -0.94054 -0.895734 0.362885 -0.988291 -0.131032 -0.0285497 -0.0320613 -1 -0.91049 0.500379 -0.935661 0.353345 -0.133896 0.787587 -0.809524 -0.405427 0.0195552 -0.531942 -0.79677 0.512656 -0.0791982 -0.554922 0.294356 -0.51904 -0.469141 -0.993638 -0.334324 -0.625927 -1 -0.825035 -1 -0.238938 -0.662618 0.414387 -1 -0.251471 -0.120866 -0.480622 0.0937567 0.37563 -0.355911 -0.558622 0.0925742 -0.298258 0.11481 -0.156583 0.348147 -0.741072 0.132579 -1 -0.710052 0.341292 -0.968958 
0.439449 -0.614222 -0.23295 0.692828 0.420353 -0.860418 -0.854917 -0.436801 -0.728478 -0.408636 0.633809 0.284736 0.0452316 -0.859074 0.163198 -0.587506 0.500875 -0.365074 0.372288 -0.314548 0.2617 -1 -0.151134 0.813351 -0.930719 0.8442 -0.809157 -0.600985 0.317736 -0.950131 -1 0.309917 -0.452024 -1 -0.978363 0.760514 -0.97298 0.396213 0.0259235 -0.308432 0.563961 -0.0616199 -0.0795777 -0.831397 0.632168 -0.471046 -0.797689 0.317159 0.0862678 -0.555751 0.356513 -0.964515 -0.43996 0.457952 -1 -0.891923 -0.0921893 -0.999714 -1 0.299259 -0.121173 0.708869 -0.983064 -0.215139 -1 0.216505 -0.527504 0.290164 0.0650789 0.202324 0.4508 -0.984443 0.309935 0.0907007 -0.65106 -1 -0.104688 -0.501722 -0.988588 0.407553 -0.991129 -0.511083 -0.904069 -0.929421 -0.318229 -1 0.923619 -0.812143 -0.372884 0.0175625 -0.538495 -0.439948 -0.606841 -0.547963 0.653123 -1 -0.209235 0.260121 0.650768 -0.459662 -0.218091 0.194073 0.756997 -0.172969 -0.907053 0.258625 -1 -0.194019 -1 -0.874646 -0.806632 -0.401438 -0.666173 0.768449 0.143584 -0.545799 0.78418 0.787345 -0.267214 -0.2357 -0.588738 -0.986714 -0.940659 -0.261889 -0.285702 0.66445 -0.916772 0.502852 -1 -0.478494 -0.4806 0.279678 -0.867361 -1 -0.885852 0.533117 0.173965 0.75929 
0.46659 -0.59674 -0.259802 0.847439 0.409557 -0.984984 -0.823908 -0.160472 -0.765577 -0.365454 0.466223 0.281603 -0.133355 -0.688429 0.14214 -0.512673 0.519879 -0.48918 0.705948 0.0763141 0.468931 -0.969444 -0.223782 0.874487 -0.799869 0.894576 -0.992968 -0.600985 0.670984 -0.88496 -1 0.357067 -0.370883 -0.977756 -0.989579 0.555061 -1 0.244509 -0.136851 -0.273956 0.831129 0.00767148 -0.271347 -0.804723 0.915933 -0.526992 -0.918594 0.335251 0.0859816 -0.406813 0.356513 -0.769241 -0.12267 0.4743 -0.648532 -0.784715 0.121969 -1 -1 0.27388 -0.115901 0.783591 -1 -0.0248763 -0.895327 0.27539 -0.463861 0.245885 0.335501 0.12658 0.564226 -1 0.245898 0.103218 -0.554314 -0.83 -0.023006 -0.506292 -0.93472 0.627587 -0.983057 -0.547436 -0.83326 -0.61612 -0.518416 -1 0.76755 -0.80558 -0.559003 0.219057 -0.615965 -0.45055 -0.630414 -0.469698 0.650334 -1 -0.192888 0.294993 0.650768 -0.459586 -0.255503 0.275095 0.855048 -0.117135 -0.796358 0.43335 -0.64703 -0.208963 -0.871368 -0.891433 -0.808239 -0.164135 -0.436394 0.59233 0.0879629 -0.506253 0.677478 0.798647 -0.460993 -0.264895 -0.345731 -0.984286 -0.976149 -0.51472 -0.297525 0.608254 -0.927561 0.544518 -0.985706 -0.563871 -0.870518 0.274233 -1 -1 -0.767247 0.733981 0.21682 0.715957 
0.560281 -0.806294 -0.553235 0.115724 0.591782 -0.705022 -0.734663 -0.753505 -0.875849 -0.430416 0.796054 0.618704 0.145152 -0.590354 0.206623 -0.657724 0.493998 -0.833861 0.519332 -0.292006 0.283307 -0.921833 -0.0234246 0.591533 -0.865565 0.606233 -0.583029 -0.657884 0.753385 -0.85163 -1 0.565407 -0.77486 -1 -1 0.742531 -0.989833 0.25729 -0.165317 -0.0946713 0.61862 -0.0768982 -0.02146 -0.503807 0.67921 -0.552136 -0.852612 0.0576383 0.324738 -0.208734 0.295635 -0.982343 0.0452182 0.498683 -0.854883 -0.440015 -0.0948875 -1 -0.869753 0.414763 -0.149927 0.63317 -1 -0.442825 -0.837817 -0.309088 -0.750978 -0.0943965 0.23335 0.188926 0.948432 -0.703314 0.247794 0.0421015 -0.482182 -0.739763 -0.144439 -0.295546 -0.994504 0.58241 -1 -0.211206 -0.835119 -0.198223 -0.695504 -1 0.77281 -0.982735 -0.25638 0.617725 -0.601995 -0.552942 -0.633014 -0.601654 0.790573 -0.989928 -0.306446 0.541324 0.835167 -0.22295 -0.381909 0.560327 0.763531 -0.340495 -0.524762 0.366618 -0.825013 -0.287466 -0.734811 -1 -1 -0.47031 -0.815851 0.427316 0.517065 -0.590296 0.681503 0.282946 -0.647839 -0.300966 -0.090476 -1 -0.633875 -0.264954 -0.139432 0.482975 -1 0.496899 -1 -0.563857 -0.646928 0.241999 -0.59865 -1 -1 0.477032 -0.161544 0.257586 
0.292114 -0.664569 -0.568797 0.511468 0.152883 -1 -1 -0.691185 -0.917408 -0.719487 0.785641 0.92781 0.236219 -0.744759 0.33282 -0.95206 0.542435 -0.560032 -0.0784646 -0.403701 0.705542 -0.983017 0.0675163 0.445051 -1 0.478189 -0.392617 -1 0.793141 -0.848425 -1 0.00939889 -0.800607 -1 -1 0.440489 -1 -0.164845 -0.476379 0.02602 0.413721 -0.659828 -0.620032 -0.854857 0.706506 -0.620006 -0.795801 -0.344249 -0.124195 -0.447997 0.494523 -1 -0.0609198 0.0616314 -1 -0.75562 -0.0906452 -0.98302 -1 0.331877 -0.166812 0.372009 -1 -0.43943 -1 -0.285446 -0.569099 -0.0799044 -0.235206 -0.171377 0.122406 -0.91413 -0.628304 -0.22508 -0.597264 -0.660194 -0.0307841 -0.572898 -0.978204 0.854936 -0.962775 -0.277059 -0.91801 -0.417373 -0.771451 -1 0.453309 -1 -1 0.520159 -0.75989 -1 -0.943621 -0.760228 0.315519 -1 -0.762946 0.334609 0.551918 -0.473814 -0.222233 -0.0699323 0.63338 -0.519311 -0.91264 0.103262 -0.639819 -0.513294 -0.40028 -1 -1 -0.78238 -0.398572 0.837022 0.379536 -0.822342 0.129204 0.238342 -0.92363 -0.0917851 -0.25095 -0.914034 -0.960568 -0.666425 0.0363664 0.565224 -1 0.41304 -0.995656 -1 -0.861635 0.0659011 -1 -1 -0.98454 -0.0213181 -0.381369 0.172065 
-0.54764 -0.038816 -1 0.288262 0.255505 0.0707492 -1 -0.0212903 -1 -0.636929 -0.0113536 0.392672 -0.774349 -0.442242 -1 -0.912497 -0.209655 -1 -1 -0.816813 -0.31795 -0.24804 0.19843 -1 -1 -1 -0.083934 0.015282 -0.782488 -0.907991 -0.0642912 -0.802444 -1 -1 -1 -1 -0.996167 -1 -0.752704 -0.384153 0.567538 -0.0134461 -1 -1 0.118043 -0.579628 -0.119944 -0.498634 0.148276 -1 -0.633229 -0.750744 -0.049474 -1 0.475821 -1 -1 -0.861692 -1 -0.98557 -0.476755 0.476208 -0.550837 -0.632479 0.0348157 0.124324 -0.786439 -1 0.520218 -0.502356 -0.805674 -0.459519 -0.123265 -1 -0.305274 -0.706293 -0.399523 -1 -0.777942 -0.991749 -0.686211 -1 0.154953 -0.338754 -0.376424 -0.848811 -0.88027 0.347187 -1 -0.18972 0.00966977 -0.0320613 -1 -0.894242 0.574888 -0.996216 0.353345 -0.118861 0.59186 -0.753981 -0.305764 -0.0810142 -0.431355 -0.776042 0.496303 -0.0791982 -0.512841 0.303274 -0.388978 -0.490894 -1 -0.271052 -0.583564 -1 -0.947299 -1 -0.241552 -0.578689 0.461787 -1 -0.253598 -0.0331625 -0.708597 0.133282 0.308282 -0.354738 -0.534075 0.0330214 -0.291652 0.134649 -0.00723916 0.31103 -0.80732 -0.113098 -0.918922 -0.699988 0.361317 -0.946106 
-0.54764 -0.0768403 -1 0.221908 0.196011 0.00256404 -1 -0.258725 -0.95619 -0.54006 -0.0113536 0.392672 -0.794704 -0.259586 -1 -0.941133 -0.505236 -0.964579 -1 -0.718272 -0.31795 -0.24804 0.0348331 -1 -1 -0.833315 -0.198366 -0.112755 -1 -0.663408 0.0587077 -0.922108 -1 -1 -1 -1 -0.983744 -1 -1 -0.384012 0.518493 0.0155592 -0.95376 -0.880418 0.0962207 -0.570306 -0.139926 -0.767146 -0.049133 -1 -0.689911 -0.698676 -0.287148 -0.983644 0.475821 -0.912285 -0.980789 -1 -0.966473 -1 -0.696345 0.681979 -0.717532 -0.579584 -0.00415108 -0.0131651 -0.786439 -1 0.513884 -0.502356 -0.800897 -0.770407 0.0142312 -0.997305 -0.61955 -0.771041 -0.468151 -1 -0.793054 -1 -0.692794 -1 -0.0289618 -0.338754 -0.438929 -0.892273 -0.915206 0.301095 -1 -0.0828839 0.0293935 -0.0320613 -1 -0.902504 0.570075 -0.940712 0.356505 -0.112312 0.83054 -0.753981 -0.348212 -0.00183468 -0.750207 -1 0.481031 -0.0574329 -0.541007 0.278788 -0.455102 -0.521149 -1 -0.305551 -0.574626 -1 -0.832941 -1 -0.277599 -0.578689 0.439958 -0.999538 -0.372486 -0.125501 -0.485375 0.146575 0.327246 -0.354738 -0.585242 0.124192 -0.436006 0.122914 -0.00723916 0.172829 -0.797119 0.0746158 -1 -0.667994 0.218784 -0.846395 
-0.792922 -0.0194981 -1 0.0152133 -0.185761 -0.280287 -1 -0.280257 -0.970517 -1 -0.284947 0.295445 -0.67999 -0.722222 -1 -0.953328 -0.437179 -1 -1 -0.940594 -0.516675 -0.374349 -0.0189938 -1 -1 -1 -0.581074 -0.380726 -1 -0.730734 -0.160214 -0.987602 -1 -1 -1 -0.972415 -0.914885 -1 -1 -0.429251 0.287781 -0.177495 -0.804857 -0.970173 -0.240558 -0.837148 -0.428509 -0.554836 0.0998635 -0.937462 -0.877131 -0.702108 -0.726595 -1 0.29294 -1 -1 -0.89005 -0.989298 -1 -1 0.476895 -0.654488 -0.69091 -0.248432 0.0156196 -1 -1 0.524818 -0.997135 -0.889293 -0.799874 -0.530781 -1 -0.650684 -1 -0.25248 -1 -1 -1 -0.668025 -1 -0.626929 -1 -0.46637 -0.973775 -1 0.0955293 -0.897737 -0.78787 -0.550444 -0.0643613 -1 -1 0.30991 -1 0.204466 -0.561422 0.828705 -0.648339 -0.617655 -0.121576 -0.943509 -0.762562 0.485595 -0.437492 -0.706646 0.0615918 -0.772109 -0.40334 -0.926821 -0.813958 -1 -1 -0.981797 -1 -0.631688 -0.657571 0.44183 -0.889984 -0.457297 -0.290359 -0.410418 -0.228289 0.464631 -0.270379 -0.593475 0.130621 -0.536974 -0.0112799 -0.0767064 0.174121 -1 -0.358751 -1 -0.848285 0.251126 -0.982689 
-0.54764 -0.237309 -1 0.0875811 0.0118893 -0.139449 -1 -0.279571 -1 -0.613793 -0.0113536 0.301692 -0.774349 -0.715703 -1 -0.917249 -0.486543 -1 -1 -0.816813 -0.31795 -0.370197 0.19843 -1 -0.997839 -0.978082 -0.126558 0.015282 -0.816776 -0.907991 -0.00989044 -0.865526 -1 -1 -1 -1 -0.996167 -1 -0.752704 -0.384153 0.567538 -0.0134461 -1 -1 -0.0372868 -0.488524 -0.0536007 -0.498634 0.0984494 -1 -0.859317 -1 -0.0810517 -1 0.246566 -1 -1 -0.938793 -1 -0.98557 -0.648928 0.476208 -0.550837 -0.92451 0.0447872 0.124324 -0.947312 -1 0.524314 -0.525819 -1 -0.413792 -0.123265 -0.992989 -0.59765 -0.666336 -0.399523 -0.984673 -0.811269 -1 -0.686211 -1 -0.0402804 -0.327271 -0.405512 -0.857054 -0.968896 0.249207 -1 -0.0938177 0.0251855 -0.186439 -1 -0.894242 0.574888 -0.996216 0.342776 -0.118861 0.503652 -0.84059 -0.305764 -0.198311 -0.431355 -0.991658 0.485308 -0.0791982 -0.512841 0.185838 -0.369566 -0.738043 -1 -0.309878 -0.583564 -1 -0.957831 -1 -0.453674 -0.667333 0.461787 -1 -0.254201 -0.0331625 -0.74593 0.110936 0.308282 -0.350854 -0.534075 -0.196679 -0.279623 0.166916 -0.0309426 0.327616 -1 -0.238146 -1 -0.699988 0.341356 -0.901394 
0.509747 -1 -0.536518 0.274913 0.517608 -0.953287 -1 -0.519166 -0.843761 -0.608133 0.637928 0.109522 0.133618 -0.591397 0.382834 -0.423732 -0.161971 -0.926413 0.0931151 -0.161412 0.585028 -1 -0.116116 0.343988 -0.856571 0.430152 -0.564413 -0.875936 0.68018 -0.697126 -1 0.323458 -0.368508 -1 -1 0.66615 -1 0.396612 -0.233058 -0.36988 0.583379 -0.681717 0.0414581 -0.423807 0.701723 -0.778117 -0.993734 -0.0795948 0.0613341 -0.559834 0.133534 -0.930366 0.0314609 0.415541 -1 -0.757922 -0.449964 -0.963515 -0.905793 0.435317 -0.533507 0.581542 -0.93828 -0.493996 -1 0.0794337 -0.779403 -0.0529867 -0.0231925 -0.342544 0.685115 -0.96437 -0.0473951 -0.171204 -0.657297 -0.998958 0.118661 -0.331837 -1 0.731542 -1 -0.398177 -0.735583 -0.460089 -0.639105 -1 0.944961 -0.879482 -0.463549 0.557985 -0.604579 -0.528986 -1 -1 0.395211 -1 -0.712707 0.506225 0.958762 -0.469277 -0.402904 -0.00539316 0.539169 -0.830269 -0.466753 -0.259851 -0.928559 -0.31645 -0.807002 -1 -1 -0.506287 -0.850585 0.251642 0.312403 -0.758072 0.768679 -0.348469 -0.429585 -0.165166 -0.105363 -0.993455 -1 -0.300254 -0.570077 0.133349 -1 0.227858 -1 -0.226528 -0.553268 0.303302 -0.982411 -1 -0.858431 0.306459 -0.491051 -0.0832049 
0.299908 -0.735161 -0.709489 0.534204 0.362207 -0.965493 -1 -0.452047 -1 -0.867882 0.564219 0.0915377 0.0980241 -0.52953 0.143044 -0.640615 0.342674 -0.450563 0.216123 0.10256 0.478194 -0.899152 -0.342793 0.353252 -1 0.734311 -0.6933 -0.657884 0.753385 -0.916016 -0.907516 0.236549 -0.453477 -0.899094 -1 0.645151 -1 0.323309 -0.598292 -0.337103 0.807655 -0.0783209 0.00474557 -0.836923 0.801428 -0.589268 -0.948952 -0.0449229 0.0204402 -0.348852 -0.392053 -1 0.087836 0.0784802 -0.758368 -0.62595 -0.224013 -1 -0.789926 -0.00291902 -0.482497 0.43897 -1 -0.593277 -1 0.261555 -0.658117 -0.0428238 0.0246422 -0.0414738 0.830698 -0.690685 0.229129 -0.271679 -0.446763 -1 -0.151674 -0.634089 -1 0.80073 -1 -0.131037 -0.827922 -0.425981 -0.406822 -1 0.892709 -0.963639 -0.369551 0.219292 -0.48483 -0.489926 -0.746205 -0.500499 0.805435 -0.98734 -0.480397 0.116771 0.582977 -0.375971 -0.358982 0.401536 0.820514 -0.33112 -0.417804 0.428194 -0.63515 -0.363126 -0.569553 -1 -0.667896 -0.791971 -0.554886 0.237094 0.685864 -0.810039 0.120536 0.205089 -0.80978 -0.286935 -0.434973 -1 -0.663653 -0.238546 -0.571436 0.518553 -0.987788 0.50941 -1 -0.501237 -0.47552 0.187477 -0.889132 -0.98074 -0.82419 0.429994 0.16366 0.118177 
-0.590718 -0.213533 -1 0.270356 0.255505 -0.0444311 -0.980653 -0.0435589 -1 -0.892209 0.0179377 0.367625 -0.765764 -0.233816 -0.941232 -0.912497 -0.199582 -0.951055 -1 -0.730627 -0.308137 -0.517203 0.258602 -1 -1 -0.857876 -0.083934 -0.141863 -0.86091 -0.981105 0.0562281 -0.871225 -1 -0.986339 -1 -1 -1 -0.93613 -0.862481 -0.591164 0.375295 0.132984 -1 -1 -0.201604 -0.567978 -0.112587 -0.494006 0.177941 -1 -0.633229 -0.936861 -0.0704419 -0.995335 0.392732 -0.885875 -1 -1 -0.922624 -1 -0.445287 0.681979 -0.550837 -0.837554 -0.293541 0.0852227 -0.786439 -1 0.677253 -0.549151 -0.871684 -0.492021 -0.0428608 -1 -0.305274 -0.797041 -0.236222 -1 -0.693218 -1 -0.819842 -0.99111 0.173874 -0.353617 -0.312402 -0.848811 -0.909675 0.332182 -0.988745 -0.371298 -0.0154104 0.052552 -0.962021 -0.808096 0.466511 -0.940712 0.34503 -0.147063 0.828705 -0.753981 -0.204703 0.0195552 -0.600106 -0.821997 0.496303 -0.0788397 -0.512841 0.251773 -0.443731 -0.485931 -1 -0.44388 -0.487571 -1 -0.833802 -1 -0.2549 -0.544387 0.461787 -0.999294 -0.338446 -0.0732683 -0.629338 0.191797 0.0952206 -0.354738 -0.567538 0.0574257 -0.291652 0.123514 -0.0453698 0.364141 -0.747038 -0.00730236 -1 -0.86308 0.0738978 -0.933596 
-0.751357 -0.038816 -1 0.224935 -0.0159752 -0.00160678 -1 0.0196152 -1 -0.636929 -0.0113536 0.392672 -0.855817 -0.442242 -1 -1 -0.182548 -1 -1 -0.816813 -0.31795 -0.429087 0.19843 -1 -1 -1 -0.083934 -0.0959067 -0.782488 -1 -0.166777 -0.802444 -1 -1 -1 -0.962352 -0.996167 -1 -0.752704 -0.384153 0.641932 -0.0134461 -0.951848 -1 0.0111263 -0.528598 -0.119944 -0.496981 0.0687562 -1 -0.82416 -1 -0.106559 -1 0.475821 -1 -1 -0.861692 -1 -0.98557 -0.476755 0.476208 -0.550837 -0.632479 -0.101877 -0.0227345 -0.82092 -1 0.413123 -0.502356 -0.805674 -0.459519 -0.123265 -1 -0.323705 -0.767578 -0.399523 -0.925738 -0.777942 -1 -0.686211 -0.919132 0.154953 -0.338754 -0.322592 -0.848811 -0.88027 0.396304 -1 -0.10476 0.00966977 -0.0320613 -1 -1 0.299186 -0.996216 0.353345 -0.118861 0.59186 -0.881143 -0.305764 -0.0810142 -0.48049 -0.715584 0.496303 -0.0791982 -0.559501 0.303274 -0.388978 -0.490894 -1 -0.271052 -0.583564 -0.947572 -0.947299 -1 -0.241552 -0.578689 0.372123 -1 -0.233819 -0.0331625 -0.708597 -0.121611 0.308282 -0.448571 -0.830027 0.0330214 -0.515539 0.134649 -0.00723916 0.406279 -0.80732 -0.113098 -0.918922 -0.750699 0.361317 -0.946106 
0.449043 -0.770372 -0.398719 0.54996 0.16735 -0.968576 -0.907327 -0.46585 -0.886165 -0.670161 0.754244 0.924218 0.161921 -0.965929 0.229911 -1 0.519237 -0.332046 -0.0851464 -0.174118 0.804599 -0.722134 0.114085 0.538737 -0.906708 0.955381 -0.454019 -1 0.672173 -0.944372 -0.983475 0.31754 -0.739258 -0.967617 -0.99205 0.638767 -1 0.112865 -0.494151 0.108027 0.330106 -0.34686 -0.181744 -0.614524 0.72327 -0.747749 -0.690362 -0.210474 0.151846 -0.433623 0.386794 -0.967936 0.0982669 -0.201943 -0.964691 -0.60109 -0.130157 -1 -0.984144 0.438284 -0.166812 0.322372 -1 -0.43943 -1 -0.315655 -0.645217 -0.0799044 -0.186009 -0.218866 0.31377 -0.923227 -0.594302 0.0768038 -0.741629 -0.660194 -0.0939638 -0.599076 -0.924697 0.87739 -0.982539 -0.218595 -0.96933 -0.539718 -0.480777 -1 0.417795 -1 -0.992376 0.677689 -1 -0.629345 -0.772412 -0.846133 0.217145 -1 -0.465442 0.430884 0.413938 -0.265133 -0.234836 0.0773629 0.523012 -0.075169 -0.643314 -0.119463 -0.723049 -0.242018 -0.413651 -1 -1 -0.688334 -0.466444 0.837022 0.570227 -0.779177 -0.0553836 0.208851 -0.75065 -0.18412 -0.204412 -1 -0.934117 -0.570233 -0.0958693 0.482529 -1 0.452767 -1 -0.90968 -0.767881 0.0246748 -0.896492 -1 -0.897986 -0.035114 -0.152936 0.105272 
0.564471 -1 -0.771484 0.341526 0.50674 -1 -1 -0.699555 -0.771901 -0.688129 0.616263 -0.181394 -0.0321565 -0.617827 0.178669 -0.627359 -0.296211 -0.954227 0.215274 0.00559635 0.429866 -0.957217 -0.162705 0.232093 -0.780972 0.403187 -0.564413 -1 0.443505 -0.992465 -1 0.154033 -0.506541 -0.966182 -0.831403 0.797845 -1 0.396612 -0.671108 -0.514293 0.513562 -0.5669 -0.125273 -0.424727 0.851155 -0.527079 -0.966305 0.143421 0.0298038 -0.559834 0.0605146 -1 -0.0117751 0.415541 -1 -0.848578 -0.427107 -0.97503 -1 0.385208 -0.372751 0.390653 -1 -0.695238 -1 0.172114 -0.888002 -0.273778 -0.294762 -0.202047 0.438113 -0.850306 0.0523551 -0.200694 -0.675818 -0.994672 0.134834 -0.388211 -0.986415 0.921692 -0.901626 -0.432599 -0.586909 -0.722801 -0.659165 -1 0.812243 -0.890407 -0.280938 0.401525 -0.589908 -0.544933 -0.956267 -1 0.429787 -1 -0.58805 0.441939 0.669758 -0.811213 -0.566413 -0.00955504 0.501607 -0.830269 -0.487602 -0.246999 -0.838518 -0.228166 -0.807002 -0.910075 -1 -0.679621 -0.925682 0.0813574 0.548707 -0.691605 0.761614 -0.0795202 -0.533548 -0.144442 -0.305904 -1 -1 -0.433878 -0.474859 0.254926 -1 0.342438 -0.996932 -0.315959 -0.538265 0.261905 -1 -0.983778 -0.998081 0.271636 -0.486066 -0.240568 
0.440315 -0.749843 -0.612589 0.56627 0.551374 -0.965626 -0.589292 -0.548461 -0.817514 -0.496396 0.762278 0.728519 0.159407 -0.96051 0.257442 -0.725953 0.0950908 -0.923111 0.613683 0.0477764 0.531528 -1 0.00485066 0.602273 -0.741109 0.539834 -0.520988 -0.613285 0.787135 -0.795739 -0.954021 0.456016 -0.434789 -1 -1 0.536294 -1 0.563443 -0.379262 0.0521708 0.322442 -0.627141 -0.0320988 -0.548927 0.529189 -0.451686 -1 -0.531424 0.328222 -0.191631 0.0314436 -1 -0.283963 0.541018 -0.894625 -0.515606 0.167542 -1 -0.690821 0.473562 -0.473294 0.548899 -1 -0.806726 -0.935631 0.132186 -0.690884 -0.0426561 0.0428393 0.168174 0.710838 -0.822808 -0.0185914 -0.30705 -0.631667 -0.82448 -0.30633 -0.432057 -0.973541 0.836504 -1 -0.284163 -0.686402 -0.580513 -0.527624 -1 0.870687 -0.9867 -0.357989 0.261234 -0.497431 -0.48403 -0.617826 -0.716369 0.5575 -1 -0.175799 0.395365 0.756279 -0.363465 -0.0564998 0.233744 0.662464 -0.382067 -0.576098 0.365329 -0.708141 -0.272183 -1 -0.992726 -0.73668 -0.41239 -0.791522 0.222867 0.475027 -0.828727 0.563074 0.104284 -0.65424 -0.816356 -0.158223 -1 -1 -0.456456 -0.641875 0.318513 -1 0.0487739 -0.956648 -0.858686 -0.711609 0.273925 -0.763794 -1 -1 0.607315 -0.0661098 0.0932828 
0.360686 -0.749843 -0.6593 0.56627 0.551374 -1 -0.628784 -0.548461 -0.86709 -0.424939 0.752897 0.728519 0.078073 -0.96051 0.302763 -0.47691 0.0853391 -0.755062 0.613683 0.118826 0.579576 -1 -0.103993 0.602273 -0.820313 0.489082 -0.532032 -0.67064 0.740609 -0.795739 -0.920433 0.428073 -0.434789 -1 -1 0.465866 -0.993423 0.563443 -0.379262 0.0521708 0.407937 -0.353987 -0.0320988 -0.582486 0.790258 -0.485261 -0.902527 -0.242617 0.328222 -0.209877 -0.0422001 -1 -0.283963 0.541018 -0.894625 -0.519228 0.0736452 -1 -0.777188 0.511432 -0.25176 0.506657 -1 -0.806726 -0.994975 0.1374 -0.697516 -0.0426561 0.156648 0.120189 0.718052 -0.822808 0.0478381 -0.30705 -0.628068 -0.82448 -0.0571043 -0.432057 -0.919205 0.84254 -1 -0.284163 -0.65646 -0.583544 -0.527624 -1 0.87624 -1 -0.368593 0.41552 -0.526604 -0.499426 -0.631271 -0.544804 0.5575 -1 -0.20471 0.395365 0.756279 -0.248297 -0.0461526 0.478568 0.641971 -0.382067 -0.586776 0.404734 -0.593348 -0.272183 -0.77525 -0.982776 -0.641936 -0.338045 -0.842181 0.238416 0.47474 -0.610302 0.519925 0.104284 -0.543349 -0.585539 -0.199553 -1 -0.990238 -0.267564 -0.361196 0.340149 -1 0.226494 -0.924181 -0.641318 -0.660505 0.273925 -0.560846 -1 -1 0.607315 -0.0499704 0.171056 
0.559537 -0.770716 -0.348403 0.625638 0.588745 -0.84282 -0.708594 -0.3687 -0.99673 -0.493869 0.767825 0.677278 0.128085 -0.520222 0.339479 -0.513367 0.286086 -0.638786 0.519574 -0.280228 0.476319 -0.867324 0.0191944 0.598603 -0.965777 0.630136 -0.4979 -0.727778 0.620169 -0.919117 -1 0.373785 -0.434789 -1 -1 0.810162 -0.98451 0.354329 -0.222789 0.0800635 0.516886 -0.160198 -0.0274162 -0.509811 0.822886 -0.439478 -0.929435 0.0668703 0.295252 -0.185619 -0.0608235 -1 0.127814 0.375195 -0.72452 -0.578601 -0.12098 -1 -0.696857 0.518823 -0.268434 0.593824 -1 -0.38329 -0.906896 0.117886 -0.455198 -0.030098 0.347401 0.104947 0.723678 -0.757364 0.0486839 -0.109185 -0.603321 -0.704803 -0.0694255 -0.350066 -0.9725 0.890813 -1 -0.216527 -0.700981 -0.196788 -0.480089 -1 0.908575 -0.882636 -0.381158 0.436805 -0.493056 -0.612534 -0.649819 -0.523067 0.836122 -0.944073 -0.234934 0.513866 0.789774 -0.14635 -0.224556 0.425818 0.690672 -0.337859 -0.445487 0.406182 -0.571615 -0.263223 -0.667159 -1 -0.711217 -0.228204 -0.530842 0.16352 0.636322 -0.643091 0.463087 -0.0688828 -0.452176 -0.357134 -0.185904 -1 -0.975281 -0.277737 -0.338215 0.381178 -0.959703 0.509966 -1 -0.476404 -0.691452 0.309215 -0.600617 -0.996625 -1 0.416804 -0.179363 0.257777 
-0.54764 -0.038816 -1 0.288262 0.255505 0.0707492 -1 -0.103468 -1 -0.636929 -0.0113536 0.392672 -0.774349 -0.442242 -1 -0.912497 -0.200722 -0.997466 -1 -0.816813 -0.31795 -0.266764 0.19843 -1 -1 -1 -0.083934 0.0184866 -0.782488 -0.907991 -0.0712781 -0.829214 -0.988953 -1 -1 -1 -0.996167 -1 -0.752704 -0.384153 0.567538 -0.0579103 -0.982071 -1 0.0978336 -0.622183 -0.131727 -0.5488 0.117473 -1 -0.633229 -0.750744 -0.049474 -1 0.441706 -1 -0.98896 -0.874853 -1 -0.98557 -0.476755 0.476208 -0.550837 -0.632479 -0.0110911 0.122335 -0.786439 -1 0.520218 -0.488508 -0.802882 -0.459519 -0.123265 -1 -0.32372 -0.752474 -0.399523 -1 -0.826046 -1 -0.686211 -1 0.127251 -0.369683 -0.376424 -0.848811 -0.88027 0.347187 -1 -0.227801 -0.0444411 -0.0320613 -1 -0.894242 0.537757 -0.996216 0.366105 -0.16537 0.59186 -0.753981 -0.300961 -0.0810142 -0.477052 -0.808012 0.488768 -0.0791982 -0.533937 0.278561 -0.374321 -0.490894 -1 -0.271052 -0.586882 -1 -0.947299 -1 -0.241552 -0.578689 0.461787 -0.996144 -0.253598 -0.0331625 -0.764036 0.133282 0.308282 -0.354738 -0.565234 0.0234383 -0.291652 0.134649 -0.032819 0.31103 -0.909762 -0.113098 -0.918922 -0.699988 0.308571 -0.946106 
-0.594443 -0.038816 -1 0.288262 0.255505 0.00463142 -1 -0.0257559 -0.951784 -0.636929 -0.0113536 0.168233 -0.774349 -0.140209 -1 -0.912497 -0.238789 -0.935469 -0.901432 -0.666383 -0.245867 -0.24804 0.280704 -1 -1 -0.833315 -0.355131 0.015282 -1 -0.726355 -0.0334742 -0.873233 -0.96217 -0.92328 -1 -1 -0.996167 -1 -0.834908 -0.384153 0.567538 0.132385 -0.944379 -0.956439 0.0958777 -0.579628 -0.289443 -0.662142 0.126513 -1 -0.575046 -0.883902 -0.137938 -1 0.475821 -1 -1 -1 -0.935563 -0.98557 -0.507148 0.681979 -0.550837 -0.654657 0.0348157 0.0592673 -0.786439 -1 0.641101 -0.545085 -1 -0.459519 0.0142312 -1 -0.305274 -0.995196 -0.222704 -1 -0.794631 -1 -0.686211 -1 0.154953 -0.338754 -0.376424 -0.848811 -0.946933 0.200251 -1 -0.139293 0.00966977 -0.0320613 -1 -0.894242 0.541909 -1 0.363489 -0.177447 0.828705 -0.753981 -0.305764 0.0195552 -0.347686 -0.776042 0.496303 -0.00675472 -0.677911 0.33248 -0.36468 -0.746422 -1 -0.271052 -0.61283 -1 -0.828005 -1 -0.426425 -0.562604 0.44706 -1 -0.22808 -0.0519012 -0.696291 0.191797 0.34642 -0.496194 -0.534075 0.124192 -0.303796 0.193548 -0.00723916 0.148445 -0.686697 0.132579 -1 -0.699988 0.361317 -1 
0.256848 -0.705372 -0.518332 0.814299 0.544342 -1 -0.797562 -0.349448 -0.946038 -0.460204 0.564524 0.359686 0.110043 -0.780364 -0.088466 -0.509959 0.241465 -0.493383 0.499356 -0.106137 0.52243 -1 -0.137315 0.799166 -0.858145 0.55332 -0.782573 -0.750298 0.514586 -0.86789 -1 0.535168 -0.419239 -1 -1 0.771427 -1 0.44919 -0.0562375 -0.0745748 0.454509 -0.0227729 -0.26049 -0.906016 0.756216 -0.722037 -0.786503 0.169817 0.000214092 -0.205323 0.244826 -1 -0.160845 0.473108 -0.809552 -0.829158 0.0845586 -0.894338 -1 0.468715 -0.0807215 0.569807 -0.960501 -0.157287 -1 0.0932778 -0.495808 0.246532 0.117023 0.173413 0.635209 -1 0.185452 0.0985948 -0.419283 -0.88009 -0.105269 -0.895263 -1 0.516712 -1 -0.472816 -0.784811 -0.565326 -0.510514 -1 0.897116 -0.924682 -0.478228 0.376436 -0.587765 -0.486203 -0.704092 -0.673918 0.250743 -1 -0.579965 0.314784 0.205544 -0.456775 -0.255047 -0.0616637 0.356147 -0.306887 -1 0.395611 -0.648669 -0.31367 -0.780811 -0.885849 -0.866406 -0.286825 -0.389746 0.605594 0.336981 -0.492052 0.705165 0.820002 -0.610228 -0.494421 -0.372561 -1 -1 -0.33508 -0.370166 0.461328 -0.875874 0.489021 -0.906405 -0.869086 -0.571219 -0.0386103 -1 -1 -0.935155 0.648849 0.109992 0.247725 
-0.579887 -0.0286888 -0.931208 0.167219 0.260323 0.00463142 -1 -0.0490044 -0.935897 -0.805159 -0.197934 0.452754 -1 -0.356042 -1 -0.879455 -0.337246 -1 -1 -0.736635 -0.59056 -0.24804 -0.207663 -1 -1 -1 -0.173549 0.0248618 -0.79463 -0.730734 -0.0456759 -1 -1 -0.943905 -0.927222 -1 -1 -0.906863 -0.82373 -0.39764 0.567538 -0.064351 -0.950452 -0.901827 0.0981275 -0.824105 -0.343126 -0.494006 0.0985152 -1 -0.702532 -0.708195 -0.0975971 -0.920992 0.475187 -0.945911 -1 -0.812136 -0.857481 -1 -0.520381 0.34298 -0.613243 -0.903693 -0.0135923 0.124324 -0.840795 -0.929766 0.492194 -0.604884 -1 -0.459519 0.0142312 -0.945568 -0.554283 -0.879413 -0.46834 -1 -0.831244 -0.958912 -1 -1 0.211081 -0.477041 -0.386586 -0.88508 -1 0.364777 -0.973515 -0.139293 0.00966977 -0.360466 -0.919778 -1 0.559926 -1 0.320824 -0.118428 0.793128 -0.69315 -0.344202 -0.052992 -0.605041 -1 0.507372 -0.120457 -0.512841 0.0493083 -0.432287 -0.598213 -1 -0.184753 -0.595516 -1 -0.835572 -0.993867 -0.295768 -0.864209 0.458262 -1 -0.280443 -0.154293 -0.52769 0.191797 0.366873 -0.366407 -0.650845 0.124192 -0.528499 0.149573 0.00450605 0.0500038 -0.697108 -0.00433819 -1 -0.689138 0.0435129 -1 
-0.509028 -0.038816 -1 0.347647 0.168104 -0.00200928 -0.949791 -0.0170748 -1 -0.704809 -0.0113536 0.326809 -0.886124 -0.767 -0.93925 -0.912497 -0.472054 -1 -1 -0.816813 -0.436084 -0.383331 -0.0676202 -1 -0.959483 -1 -0.083934 0.015282 -1 -0.907991 -0.0784015 -0.815768 -1 -1 -1 -1 -1 -0.95979 -1 -0.713097 0.386533 -0.0627896 -1 -1 0.13365 -0.642314 -0.408675 -0.736947 -0.0377731 -1 -0.6971 -0.750744 -0.0182754 -1 0.449119 -1 -1 -0.861692 -1 -0.98557 -0.670494 0.551284 -0.550837 -0.825452 0.0276681 -0.0105587 -1 -1 0.392098 -0.564156 -0.805674 -0.459519 -0.123265 -0.942993 -0.487951 -1 -0.445583 -1 -1 -0.991749 -0.686211 -0.952412 -0.0378401 -0.624671 -0.376424 -0.848811 -0.78594 0.347187 -1 -0.14118 0.0412987 -0.0151019 -1 -0.894242 0.574888 -0.996216 0.163446 -0.118861 0.593986 -0.808904 -0.50402 -0.153354 -0.490284 -0.879371 0.496303 -0.0689737 -0.417512 0.331725 -0.388978 -0.471177 -1 -0.271052 -0.583564 -1 -0.947299 -1 -0.474678 -0.578689 0.461787 -0.941516 -0.522904 -0.0471795 -0.708597 0.133282 0.306725 -0.354738 -0.829617 -0.247145 -0.291652 -0.0653811 -0.127387 0.103038 -1 -0.105382 -1 -0.728847 -0.00860284 -0.946106 
0.43967 -1 -0.818345 0.315328 0.491381 -0.957015 -1 -0.424955 -0.772365 -0.480918 0.883334 0.443681 -0.0119959 -0.711674 0.47167 -0.626228 -0.414079 -1 -0.0592592 -0.0520395 0.24989 -1 -0.15003 0.145515 -0.891957 -0.0196383 -0.766606 -0.942495 0.467773 -0.810663 -1 0.116596 -0.36725 -1 -0.94052 0.787315 -1 0.396612 -0.233058 -0.43178 0.627174 -0.382322 -0.00845003 -0.472259 0.753628 -0.441464 -0.84095 0.108573 0.114456 -0.745905 0.216757 -1 -0.105796 0.157366 -0.994194 -0.793422 -0.394552 -1 -0.905793 0.493177 -0.388748 0.35926 -1 -0.553779 -0.971511 -0.261099 -0.802728 -0.139309 -0.0814015 -0.030043 0.383091 -1 0.146351 -0.171204 -1 -1 0.125929 -0.33068 -1 0.883947 -1 -0.583411 -0.830567 -0.704829 -0.722255 -0.993396 0.539559 -0.848545 -0.280938 0.451892 -0.611074 -0.52534 -1 -1 0.649684 -0.962791 -0.540133 0.573209 0.992043 -0.469277 -0.264 -0.145451 0.476575 -0.830269 -0.606501 -0.210473 -1 -0.31645 -0.807002 -1 -0.957541 -0.409765 -1 -0.0275731 0.405695 -0.638643 0.48245 -0.329748 -0.586778 -0.253675 -0.126536 -1 -1 -0.523938 -0.543329 -0.0101216 -1 0.175519 -1 -0.315959 -0.964081 0.303302 -0.883305 -0.903636 -1 0.0194903 -0.508734 -0.0796043 
0.603183 -0.0999632 0.660553 -0.770944 0.738964 0.931096 0.503298 0.239133 -0.367256 0.170362 -0.322759 -0.861076 0.441493 0.541593 -0.323244 0.696752 0.513698 -0.595316 0.439881 -0.585824 -0.297277 -0.260592 -0.561552 -0.454267 -1 -0.26311 -0.719529 0.550626 0.744252 -1 0.669942 0.499854 0.0265674 0.617147 -0.32649 -0.948011 0.42293 -0.209507 -1 -0.327139 -0.423143 -1 -1 0.936514 0.279994 0.194161 -0.634644 -1 -0.4222 -0.272678 -0.495267 0.144461 -0.1534 0.555568 -0.183012 -0.660944 -0.556427 0.855666 -0.284897 -0.933941 -0.634061 0.242811 -0.369248 -0.968921 -0.346361 -0.262778 -0.340544 0.145874 -0.570776 -0.535374 0.759614 0.148347 -0.133089 0.0513756 -0.0320816 0.647482 -0.150599 -0.213778 -0.50316 0.189279 -0.290529 -0.806637 -0.173656 -0.551437 -0.164526 0.306899 0.256433 -0.90011 -1 -0.0982383 0.118458 -0.280136 -0.644899 0.334333 0.547953 -0.305533 0.46423 0.655553 -1 0.258776 0.780728 -1 -1 -0.667411 -0.118422 -0.0481299 -0.177937 0.829211 -0.750657 -0.820772 0.0345635 -1 0.818431 0.292621 -0.58858 0.106733 -1 0.150619 -0.491059 -0.218045 0.392709 -0.41174 -0.213355 -0.802336 0.5934 -0.291771 -0.23266 -1 -0.398811 -0.739178 -0.570406 0.282374 -0.464891 -0.280025 0.281769 -0.532054 -0.719598 -0.458878 
0.443893 -0.801138 -0.286543 0.386275 0.503984 -0.883222 -0.850906 -0.50455 -0.889056 -0.417534 0.498328 0.600136 0.173607 -0.749794 0.142345 -0.560093 0.400776 -0.562597 0.343468 0.170239 0.59537 -0.943257 -0.0454731 0.540153 -0.816342 0.673296 -0.538697 -0.828057 0.711601 -1 -1 0.421685 -0.499087 -1 -0.936686 0.622144 -0.988849 0.457247 -0.261216 -0.0864943 0.553488 -0.111325 -0.00917708 -0.557482 0.692047 -0.284399 -1 0.00177777 0.239714 -0.0737516 0.20789 -1 0.0900193 0.559708 -0.758568 -0.780645 -0.091689 -1 -0.775809 0.366235 -0.277486 0.546213 -1 -0.419771 -0.884682 0.0481277 -0.540144 0.156543 0.273106 0.0883209 0.916175 -0.690685 -0.0284218 -0.0125544 -0.557544 -0.704803 0.0717726 -0.28634 -1 0.819582 -0.952178 -0.170476 -0.847887 -0.506711 -0.507905 -1 0.759887 -0.848182 -0.317567 0.566888 -0.476959 -0.810435 -0.935076 -0.547192 0.806761 -1 -0.283357 0.433957 0.576906 -0.218993 -0.180007 0.166963 0.918928 -0.646715 -0.493587 0.412413 -0.797525 -0.337119 -0.669492 -0.929253 -0.742873 -0.402681 -0.545517 0.438679 0.722743 -0.529146 0.690944 0.191455 -0.509668 -0.282633 -0.169377 -0.922073 -0.729679 -0.219247 -0.40095 0.523623 -0.965679 0.364911 -1 -0.631557 -0.680414 0.399387 -0.797354 -1 -0.877096 0.611232 0.195874 0.377331 
-0.139492 -0.394115 0.628209 0.394777 0.561436 0.61762 -0.179215 0.666289 -0.268045 -0.307785 -0.147132 0.587316 0.478426 -0.835119 -0.681996 0.498361 -0.961829 -0.732428 -0.913754 0.707182 -0.995094 0.26278 -0.827172 -0.909275 -0.434246 -0.418744 0.12819 0.762656 -0.784746 -1 0.630804 0.305564 0.145632 0.759091 -0.923288 0.655578 -0.263672 -0.659278 0.250508 0.541458 -0.57956 -0.285287 0.684255 -0.406555 -0.193371 -0.878213 0.924772 0.228197 -0.855664 0.279109 0.950227 0.0169444 0.231579 0.760481 0.383913 0.362303 0.338532 0.644857 0.305502 -0.281239 -0.49244 0.414603 0.648885 -0.835722 -0.231453 0.00337258 0.0111478 0.405646 -0.638119 -0.174424 0.826311 -0.750686 0.991789 0.622411 -0.56991 0.895748 -0.890172 0.564263 0.528033 0.0717767 0.848977 0.80324 -0.358701 -0.620132 -0.991396 -0.459746 0.560108 0.8357 0.212444 -0.380703 -0.404044 0.484022 0.169622 0.0301309 0.950435 0.351981 0.674033 0.753016 -0.684159 -0.228247 -0.92775 0.418607 0.301755 0.756333 0.064836 -0.218179 -0.425328 -0.768665 -0.375427 0.462801 0.410392 0.422916 -0.68557 0.511941 0.831773 -0.175215 0.831073 -0.474622 0.303183 0.494024 -0.332445 -0.488747 -0.863571 0.0710028 0.713033 0.687797 -0.317197 -0.30428 0.872526 0.541264 0.769203 -0.430484 0.398974 0.609114 -0.378898 0.606897 -0.582597 -0.682718 
0.470951 -0.647102 -0.398719 0.54996 0.194147 -0.934313 -0.907327 -0.432234 -0.872228 -0.672088 0.784947 0.924218 0.236219 -0.690188 0.362982 -0.979408 0.519237 -0.332046 -0.0450544 -0.174118 0.761093 -0.768091 0.114085 0.445051 -0.992786 0.868564 -0.454019 -1 0.774965 -0.848425 -0.961964 0.31754 -0.771163 -1 -0.9469 0.652807 -1 0.158668 -0.495827 0.154875 0.330106 -0.322703 -0.0568024 -0.614524 0.72327 -0.493649 -0.703402 -0.210474 0.151846 -0.398507 0.397581 -0.967936 0.0880413 0.00608301 -0.870555 -0.565376 -0.137844 -1 -1 0.457873 -0.166812 0.558871 -1 -0.43943 -1 -0.285446 -0.569099 -0.0799044 -0.186009 -0.218866 0.427674 -0.707131 -0.38597 0.115917 -0.517351 -0.660194 0.117267 -0.599076 -0.924697 0.811052 -1 0.0267822 -0.91801 -0.426168 -0.426874 -1 0.575084 -0.871098 -1 0.677689 -0.829702 -0.622384 -0.770372 -0.721254 0.487704 -1 -0.450307 0.476456 0.527512 -0.262728 -0.22174 0.00729994 0.664296 -0.075169 -0.644353 0.215009 -0.567308 -0.220963 -0.473162 -1 -1 -0.688334 -0.448112 0.837022 0.570227 -0.779177 0.213251 0.217723 -0.846493 -0.11741 -0.181618 -0.914034 -0.779468 -0.549763 0.0629132 0.529598 -1 0.452767 -1 -0.90968 -0.793861 0.203496 -0.856874 -1 -0.897986 0.0406695 -0.152936 0.370583 
0.317303 -0.690287 -0.693581 0.665766 0.661114 -1 -0.682422 -0.525551 -0.788188 -0.484137 0.524914 0.562318 0.191172 -0.914267 0.281471 -0.708174 0.0784141 -0.65296 0.450219 -0.179311 0.784432 -1 0.0492738 0.447313 -0.851702 0.564407 -0.238531 -0.503863 0.530436 -1 -1 0.0930177 -0.437704 -1 -0.979442 0.475757 -0.99159 0.150458 -0.669692 -0.087287 0.632388 -0.176804 -0.0784431 -0.434646 0.599006 -0.54913 -0.960954 0.175663 0.386642 -0.227261 0.532601 -1 -0.111065 0.459855 -0.833954 -0.55892 -0.105257 -1 -0.696087 0.428426 -0.0309369 0.401064 -1 -0.428949 -1 0.286937 -0.754999 0.0414366 -0.153088 0.101479 0.815362 -0.97078 0.0675644 0.0156223 -0.957069 -0.751884 -0.166745 -0.374866 -0.971007 0.868763 -1 -0.394273 -0.590225 -0.311543 -0.400116 -1 0.682654 -1 -0.450944 0.298884 -0.880529 -0.488101 -1 -1 0.549248 -1 -0.170447 0.46699 0.607202 -0.262746 -0.418134 0.44744 0.504651 -0.431731 -0.637659 0.341582 -0.386172 -0.374939 -0.618351 -0.969762 -0.934976 -0.67173 -0.709653 0.407905 0.764495 -0.514791 0.791957 0.235295 -0.424728 -0.42401 -0.361553 -1 -1 -0.220546 -0.331201 0.0103986 -1 0.496899 -1 -0.367662 -0.476814 -0.0338179 -0.782565 -1 -1 0.149692 0.141559 0.252113 
-0.577998 -0.0187351 -1 0.227404 0.219197 0.00907449 -0.984318 -0.0543644 -0.993935 -0.740175 0.000481388 0.392148 -0.814048 -0.707083 -1 -0.991338 -0.209655 -1 -1 -0.816813 -0.384442 -0.508813 0.170175 -1 -1 -1 -0.126925 -0.00825586 -0.822577 -0.940613 -0.365438 -1 -1 -1 -0.916971 -1 -1 -1 -0.799467 -0.364742 0.567538 -0.207301 -1 -1 0.118043 -0.797696 -0.179396 -0.699779 -0.0916621 -1 -0.645358 -0.767793 -0.170538 -1 0.430897 -1 -1 -0.911751 -0.989513 -1 -0.694254 0.54142 -0.735723 -0.66229 -0.00986623 0.114765 -1 -1 0.442505 -0.489556 -0.735889 -0.466244 -0.106788 -1 -0.223662 -0.727253 -0.622979 -1 -0.831907 -0.991749 -0.766788 -0.985304 0.120006 -0.369353 -0.449607 -0.882948 -0.989275 0.140696 -1 -0.226005 0.0164492 -0.335741 -1 -0.883639 0.369582 -1 0.276945 -0.182036 0.610186 -0.993148 -0.365355 -0.431994 -0.739291 -0.96788 0.493483 -0.130281 -0.492595 0.0725613 -0.636782 -0.521968 -0.986742 -0.313867 -0.675464 -0.996364 -0.992348 -0.904063 -0.229264 -0.760359 0.162605 -1 -0.447799 -0.0625386 -0.739509 -0.120149 0.160458 -0.354738 -0.587354 -0.154297 -0.32945 0.174283 0.00628828 0.287905 -1 -0.406546 -0.934802 -0.84939 0.371219 -1 
0.494159 -0.796992 -0.457544 0.861585 0.629377 -0.924057 -0.974993 -0.160472 -1 -0.580234 0.594593 0.45796 0.135784 -0.639143 0.149451 -0.509959 0.348221 -0.581545 0.700638 -0.143586 0.567566 -0.880734 -0.151134 0.525201 -0.81502 0.894576 -0.782573 -0.600985 0.670984 -1 -1 0.508693 -0.352254 -0.977756 -0.989579 0.86068 -1 0.514533 0.00464452 -0.321785 0.904411 -0.144725 0.0590408 -0.772556 0.741405 -0.483474 -0.797689 0.419196 0.0859816 -0.243255 0.356513 -0.729854 -0.159007 0.190841 -0.951829 -0.809777 0.136147 -1 -0.821278 0.439469 -0.122548 0.692472 -1 -0.0316595 -1 0.173934 -0.463861 0.172686 0.356845 -0.107234 0.556443 -1 0.251338 0.187028 -0.664211 -0.83 -0.0556823 -0.700698 -1 0.627587 -1 -0.409288 -0.735708 -0.61612 -0.320119 -1 0.871107 -0.749035 -0.388776 0.323899 -0.625163 -0.434223 -0.630414 -0.469698 0.668331 -1 -0.442489 0.294993 0.650768 -0.459586 -0.513446 0.275095 0.54709 -0.111519 -0.794726 0.43335 -0.529208 -0.165841 -0.887766 -0.872492 -1 -0.118991 -0.411533 0.56097 0.311278 -0.54521 0.791957 0.750745 -0.308758 -0.316463 -0.356176 -1 -1 -0.43805 -0.105106 0.482385 -0.881032 0.304081 -1 -0.53513 -0.571219 0.268803 -0.956597 -1 -0.767247 0.687878 0.21682 0.714221 
0.408684 -0.838748 -0.627557 0.523639 0.474052 -1 -0.915871 -0.525551 -0.788188 -0.435197 0.217591 0.650011 0.00883308 -0.914267 -0.136074 -0.708174 -0.115561 -0.65296 0.54099 -0.426338 0.784432 -0.966358 0.0492738 0.2905 -0.765496 0.564407 -0.259826 -0.732211 0.623493 -1 -1 -0.45823 -0.579056 -0.977922 -0.979442 0.571439 -0.966948 0.107394 -0.669692 -0.0994506 0.632388 -0.176804 -0.0784431 -0.446568 0.356326 -0.461915 -0.960954 0.0940879 0.161881 -0.71253 0.323121 -1 -0.250403 0.375516 -1 -0.722401 -0.105257 -1 -0.553488 -0.0373526 -0.288321 0.176507 -1 -0.319646 -0.934498 0.286937 -0.754999 0.0698944 -0.319805 -0.0674003 0.549184 -1 0.0675644 -0.501541 -0.882017 -0.907674 -0.44028 -0.196019 -1 0.688857 -1 -0.495321 -0.960561 -0.610911 -0.601282 -1 0.602525 -1 -0.707834 0.220693 -0.957549 -0.395096 -1 -1 0.36251 -1 -0.148395 0.46699 0.607202 -0.190713 -0.693948 0.436109 0.386837 -0.510201 -0.637659 0.0416566 -0.458901 -0.374939 -0.618351 -1 -0.934976 -0.915155 -0.709653 0.407905 0.380284 -0.657664 0.64343 0.018641 -0.910767 -0.381577 -0.538445 -1 -0.953389 -0.220546 -0.439983 0.000524394 -1 0.496899 -1 -0.367662 -0.954006 -0.0338179 -0.863272 -1 -1 0.149692 0.141559 0.295701 
-0.826278 -0.0655193 -0.917516 0.191853 0.104107 -0.292063 -0.900405 0.0566771 -0.96685 -0.812282 -0.0808175 0.121999 -1 -0.325683 -0.981703 -0.837384 -0.387033 -1 -0.964078 -0.783787 -0.506453 -0.541666 0.0622613 -1 -1 -0.833315 -0.0928646 -0.114319 -0.788107 -0.638285 0.099409 -0.814092 -1 -1 -1 -1 -1 -1 -1 -0.566664 0.130285 -0.152977 -1 -1 -0.0229747 -0.866668 -0.537368 -0.773753 0.225819 -1 -0.93944 -0.651451 -0.238199 -1 0.247602 -0.881457 -0.922149 -0.923685 -1 -1 -0.446025 0.227449 -0.57694 -0.682411 -0.197558 0.0554819 -0.692293 -1 0.657888 -0.51057 -0.787653 -0.728562 -0.090029 -1 -0.466432 -0.786981 -0.222704 -1 -1 -1 -0.723243 -0.903614 -0.117086 -0.513355 -0.827612 -1 -1 -0.0701208 -1 -0.136471 0.00966977 -0.0895913 -1 -1 0.343357 -1 0.107181 -0.162933 0.571365 -0.866865 -0.699998 0.161217 -0.538472 -0.909958 0.314325 -0.0234495 -0.736402 -0.0614379 -0.422055 -0.857721 -1 -0.811541 -0.808255 -1 -0.933836 -1 -0.536531 -0.586851 0.366008 -1 -0.487582 -0.220826 -0.669715 -0.0618784 0.316295 -0.521704 -0.778626 0.21954 -0.383198 -0.122748 -0.00914584 0.416181 -0.812115 -0.328744 -1 -0.922123 0.173748 -1 
0.317236 -0.992483 -0.616555 0.372476 0.356593 -1 -0.955122 -0.384289 -1 -0.737273 0.883555 0.615065 0.0525783 -0.478962 0.349372 -0.661949 0.462571 -0.392973 0.53403 0.0624003 0.298442 -0.846515 -0.355333 0.595423 -1 0.626967 -0.806769 -0.70523 0.753385 -0.945598 -1 0.123713 -0.465225 -1 -1 0.689237 -0.893076 0.210795 -0.516128 -0.611154 0.547414 -0.210505 -0.070804 -1 0.682328 -0.264895 -1 -0.114754 0.1237 -0.136597 -0.153358 -1 -0.098535 0.437484 -1 -0.466062 0.00562643 -1 -0.757147 0.463798 -0.154022 0.397441 -0.968394 -0.394671 -1 -0.230654 -0.477733 -0.146218 0.0629199 -0.494776 0.471835 -0.69008 0.32727 -0.443313 -0.705125 -0.884504 -0.181128 -0.368685 -1 0.684848 -1 -0.207898 -0.860547 -0.546283 -0.458494 -1 0.547105 -1 -0.210569 0.334709 -0.839975 -0.494516 -0.710613 -0.421945 0.699564 -1 -0.241693 0.280837 0.812209 -0.296612 -0.184094 0.46503 0.961599 -0.591706 -0.43438 0.208674 -0.608617 -0.253048 -0.818447 -0.957191 -0.749308 -0.32622 -0.648555 0.473319 0.50768 -0.939338 0.76392 0.156687 -0.65905 -0.235899 -0.552477 -1 -1 -0.183486 -0.34158 0.526447 -1 0.495054 -1 -0.343687 -0.588331 0.119751 -0.958674 -0.942586 -0.724922 0.520592 0.220682 0.24554 
0.509416 -0.60972 -0.488042 0.807182 0.538915 -0.743531 -0.813619 -0.329791 -0.994011 -0.30491 0.350214 0.416916 0.162849 -0.670884 -0.0282157 -0.856999 0.438591 -0.757062 0.516593 0.0306794 0.48006 -1 -0.627812 0.810808 -0.809026 0.6136 -0.72661 -0.673232 0.471152 -1 -1 0.386333 -0.376009 -0.961258 -0.97001 0.718582 -1 0.418852 -0.21512 -0.0860751 0.862404 -0.260907 0.0143061 -0.835936 0.850746 -0.595924 -1 0.199147 0.0589506 -0.458593 -0.0640358 -1 -0.116902 0.240496 -0.945138 -0.891753 -0.0309897 -1 -0.877253 0.594183 -0.355194 0.722752 -0.9652 -0.0759406 -0.992724 0.269289 -0.621655 0.245885 0.405981 0.0163244 0.649498 -1 0.161038 0.140234 -0.444901 -1 -0.0193129 -0.506292 -1 0.510835 -0.936115 -0.43538 -0.748889 -0.939964 -0.355327 -0.932574 0.733047 -0.75752 -0.47208 0.0678072 -0.534011 -0.493651 -0.697251 -0.592395 0.483448 -0.912919 -0.142994 0.278767 0.251012 -0.801834 -0.356359 0.221984 0.610769 -0.418775 -1 0.440905 -0.573108 -0.257204 -0.841247 -0.866436 -0.854028 -0.173902 -0.653942 0.839123 0.269085 -1 0.778308 0.704333 -0.413319 -0.568223 -0.517607 -1 -0.940768 -0.392639 -0.351003 0.667886 -0.821505 0.487825 -0.893975 -0.453915 -0.680306 0.252872 -0.928353 -1 -0.937508 0.759725 0.21682 0.707786 
-0.359378 -0.965348 -1 0.286986 0.325609 -0.926748 -1 -0.515636 -1 -1 0.379781 0.443212 -0.496088 -0.986 0.336831 -0.998265 -0.0423715 -0.813458 0.245421 -0.538188 0.648822 -1 -0.467992 0.583832 -1 0.860666 -0.959141 -0.724679 0.621411 -1 -0.984329 0.277452 -1 -0.800238 -1 -0.106083 -1 -0.480212 -0.390317 -0.979241 0.232121 -0.22601 -0.175788 -0.677511 0.683504 -0.170232 -1 0.143165 -0.175782 -0.385134 0.34757 -0.989745 -0.763999 0.311796 -1 -0.871476 -0.448813 -1 -1 0.575947 -1 0.147294 -1 -0.465426 -1 -0.328306 -0.869749 -0.256928 0.00708319 -0.183603 0.010296 -0.918145 0.0807626 0.0487779 -0.66607 -1 -0.0889413 -1 -1 0.227813 -1 -0.422016 -1 -0.405273 -0.487464 -1 0.552433 -0.98204 -0.942772 0.0370403 -1 -1 -0.822741 -0.980802 0.825744 -0.930701 -0.559041 -0.170438 0.503466 -0.433861 -0.108171 0.0946181 0.404107 -0.496523 -0.853729 -0.0311485 -1 -0.789801 -0.678994 -1 -1 -1 -1 0.814651 0.394025 -1 -0.0715139 0.149882 -0.904077 -0.342336 -0.72215 -1 -1 -0.436015 -0.122204 -0.0397046 -0.95402 0.186824 -0.985786 -0.273882 -0.876982 -0.0602356 -1 -1 -0.922589 0.388174 -0.188626 -0.348962 
0.439449 -0.573768 -0.565816 0.501175 0.307072 -0.796763 -0.913296 -0.150404 -0.782716 -0.407472 0.553418 0.31121 0.070962 -0.845816 0.216765 -0.728531 0.542098 -0.571817 0.579677 -0.167428 0.31289 -1 -0.446745 0.813351 -0.852012 0.628231 -0.828441 -0.536215 0.591845 -0.826604 -1 0.375099 -0.423001 -1 -0.996551 0.71671 -1 0.224961 0.0259235 -0.223831 0.415316 -0.0340379 -0.29944 -0.905192 0.823272 -0.48744 -0.797689 0.313328 0.060268 -0.305628 0.323154 -0.964515 -0.0789202 0.23501 -0.922438 -0.77793 0.117715 -0.941132 -0.834254 0.511483 -0.0249297 0.708869 -1 -0.00889484 -0.963563 0.00255172 -0.527504 0.260452 0.312135 -0.00288379 0.4508 -0.906384 0.278102 0.136527 -0.623102 -1 0.0365763 -0.465163 -1 0.525106 -0.975661 -0.508281 -0.646023 -1 -0.356317 -0.990554 0.87474 -0.793497 -0.372884 0.221153 -0.550309 -0.434223 -0.606841 -0.508018 0.640269 -1 -0.226465 0.28268 0.650768 -0.720543 -0.358026 0.205742 0.756997 -0.160297 -0.979417 0.261337 -0.881172 -0.0666072 -0.82056 -0.936047 -0.856794 -0.164135 -0.410963 0.768449 0.0589413 -0.506253 0.78418 0.615792 -0.267214 -0.2357 -0.708898 -0.986714 -0.926245 -0.309777 -0.328369 0.364797 -1 0.502852 -1 -0.459595 -0.561288 0.312313 -0.864964 -1 -0.781974 0.770894 0.0629105 0.667384 
-0.544291 -0.239268 -1 0.331769 0.215649 -0.250154 -1 -0.202835 -1 -0.559533 -0.050156 0.437154 -1 -0.372029 -1 -0.91323 -0.407956 -0.998294 -1 -0.753688 -0.398951 -0.607342 0.23741 -1 -1 -0.856028 -0.513199 -0.294507 -0.773646 -0.754697 -0.0127615 -1 -0.995088 -0.941789 -0.919666 -1 -1 -1 -0.758213 -0.375338 0.401895 0.186498 -0.927211 -1 0.0811677 -0.453969 -0.111828 -0.713402 -0.278352 -1 -0.684415 -0.901556 -0.26627 -0.994998 0.411055 -1 -1 -1 -0.877888 -1 -1 0.637891 -0.811339 -0.601686 -0.125618 -0.18918 -1 -1 0.576158 -0.502356 -0.902551 -0.690366 0.0142312 -1 -0.343434 -0.851421 -0.552407 -1 -0.794536 -1 -0.879107 -0.999046 0.154702 -0.425545 -0.671891 -0.846012 -1 0.168064 -1 -0.466801 -0.224082 -0.0320613 -1 -0.894242 0.475128 -0.947736 0.223608 -0.128945 0.730472 -0.793572 -0.533329 -0.122157 -0.460421 -0.784414 0.569362 -0.261986 -0.691731 0.135478 -0.919937 -0.49192 -1 -0.420402 -0.734498 -1 -0.828324 -0.962485 -0.633708 -0.656808 0.380154 -1 -0.251471 -0.120866 -0.471231 0.0618726 0.37563 -0.539718 -0.621725 -0.069201 -0.470208 0.227205 -0.205872 0.279665 -0.872119 0.0708213 -1 -0.728731 0.277321 -1 
0.575214 -0.683024 -0.379023 0.324803 0.349885 -1 -0.756505 -0.312244 -0.998111 -0.52609 0.904533 0.649782 0.103348 -0.586471 0.343212 -0.475158 0.186964 -0.620805 0.57045 0.0782041 0.775126 -1 0.0182634 0.554983 -0.776338 0.670447 -0.748093 -0.577529 0.448504 -0.881416 -0.992433 0.238309 -0.68981 -1 -1 0.674617 -0.895587 0.250226 -0.358117 -0.164236 0.608854 -0.0790953 -0.192391 -0.588615 0.752346 -0.455713 -0.772283 0.141854 0.219424 -0.423885 0.222242 -1 0.0461159 0.352091 -0.876285 -0.422856 -0.253511 -0.960134 -0.76907 0.369391 -0.215632 0.594065 -0.999161 -0.38329 -0.887507 -0.112791 -0.690665 -0.14617 0.197993 0.256542 0.619627 -0.699754 0.28512 -0.0101239 -0.505176 -0.856304 0.016415 -0.63458 -1 0.868837 -0.971955 -0.293301 -0.833422 -0.307514 -0.454177 -1 0.728986 -1 -0.366896 0.369072 -0.566685 -0.503928 -1 -0.730843 0.860301 -0.874538 -0.400965 0.453989 0.588041 -0.419342 -0.00750214 0.198011 0.623104 -0.754241 -0.529146 0.0214298 -0.941257 -0.289327 -0.630217 -0.932192 -1 -0.330797 -0.707044 0.392389 0.615401 -0.891962 0.636515 0.190684 -0.542942 -0.375045 -0.299048 -1 -0.988606 -0.270612 -0.125163 0.445686 -0.927503 0.333906 -1 -0.456356 -0.503973 0.0783055 -0.65887 -0.920491 -0.828527 0.526324 -0.0200551 0.108658 
0.583443 -0.683024 -0.384939 0.298147 0.398558 -1 -0.807064 -0.312244 -0.998111 -0.52609 0.904533 0.649782 0.0524239 -0.596535 0.315452 -0.475158 0.202558 -0.620805 0.529219 0.0782041 0.775126 -1 -0.0370828 0.554983 -0.781435 0.701449 -0.793942 -0.563968 0.489197 -0.881416 -0.992433 0.263021 -0.68981 -1 -1 0.676853 -0.885093 0.278558 -0.314545 -0.162189 0.611308 -0.0790953 -0.187557 -0.588615 0.741376 -0.495744 -0.772283 0.13438 0.238548 -0.423885 0.222242 -1 0.0461159 0.394363 -0.876285 -0.422856 -0.282193 -0.990983 -0.76907 0.387598 -0.214781 0.594065 -1 -0.391712 -0.887507 -0.152747 -0.720468 -0.124869 0.238718 0.256542 0.619627 -0.690685 0.28512 -0.0101239 -0.505176 -0.82486 0.0170181 -0.63458 -1 0.868837 -1 -0.292747 -0.833422 -0.326557 -0.454177 -0.997739 0.742839 -1 -0.366896 0.383049 -0.604474 -0.503928 -1 -0.730843 0.789842 -0.889324 -0.400965 0.494166 0.553357 -0.375569 -0.00750214 0.203603 0.642183 -0.754241 -0.517316 0.0493662 -0.951802 -0.291507 -0.630217 -0.932192 -1 -0.330797 -0.707044 0.413652 0.615401 -0.891962 0.587568 0.190684 -0.542942 -0.375045 -0.280333 -1 -0.988606 -0.244082 -0.159884 0.389584 -0.927503 0.300463 -1 -0.380445 -0.503973 0.0576519 -0.608277 -0.933201 -0.828527 0.546153 0.00714628 0.0983791 
-0.604143 -0.0482131 -0.965194 0.226805 0.0829375 0.00463142 -1 -0.0212903 -0.974937 -0.678293 -0.240864 0.440379 -0.816839 -0.28004 -1 -1 -0.33911 -0.983421 -0.995726 -0.686659 -0.590061 -0.243351 0.157716 -1 -1 -0.964708 -0.200077 0.0143524 -0.839619 -1 -0.0886487 -1 -1 -0.996481 -1 -1 -0.972681 -1 -0.853874 -0.500552 0.566482 0.162944 -1 -0.949656 0.0958777 -0.786772 -0.151301 -0.742845 -0.0816077 -1 -0.624068 -0.725337 -0.170845 -1 0.429014 -1 -1 -0.861692 -0.899481 -0.993676 -0.596748 0.671744 -0.780274 -0.726807 -0.0554438 0.124324 -1 -0.920929 0.683578 -0.502356 -0.830824 -0.536021 0.0142312 -1 -0.521209 -0.776239 -0.222704 -0.982039 -0.777942 -0.98105 -0.68782 -1 0.238092 -0.571326 -0.428368 -1 -0.784656 0.256064 -0.996625 -0.198234 -0.252944 -0.0911129 -1 -0.956045 0.378134 -0.992826 0.142156 -0.142054 0.788222 -0.844378 -0.305764 -0.172056 -0.535255 -0.96069 0.303515 -0.00950434 -0.771082 0.146707 -0.463374 -0.591917 -1 -0.418831 -0.589442 -1 -0.831627 -1 -0.424096 -0.57387 0.420231 -1 -0.23244 -0.0758584 -0.636536 0.183461 0.307603 -0.329496 -0.757732 0.113379 -0.283057 -0.095373 -0.00723916 0.172279 -0.672187 0.0749562 -0.926943 -0.787562 0.107167 -0.992411 
-0.590718 -0.223913 -1 0.379774 0.220276 -0.0134369 -0.980194 -0.0274341 -1 -0.90143 0.0104936 0.344512 -0.84641 -0.267058 -0.953016 -0.912497 -0.190481 -0.935469 -1 -0.673996 -0.299804 -0.525576 0.258602 -1 -1 -0.833315 -0.083934 -0.141863 -0.818055 -1 0.0562281 -0.873233 -0.96217 -0.997545 -1 -1 -1 -0.93613 -0.759943 -0.584664 0.421014 0.0742321 -0.935791 -1 -0.237958 -0.632109 -0.133197 -0.494006 0.177941 -0.981847 -0.619197 -0.869341 -0.0270765 -0.995591 0.42967 -0.881457 -1 -0.99583 -0.840238 -1 -0.445287 0.681979 -0.560071 -0.871534 -0.275375 0.103358 -0.786439 -1 0.71874 -0.502356 -0.836127 -0.466646 0.0187546 -0.99132 -0.305274 -0.840956 -0.236222 -1 -0.694023 -1 -0.819842 -1 0.154953 -0.338754 -0.336881 -0.892443 -0.88027 0.347187 -1 -0.35957 0.00966977 -0.00193331 -0.997653 -0.843882 0.444161 -0.948211 0.353345 -0.118861 0.801704 -0.753981 -0.214878 -0.0228731 -0.600106 -0.829088 0.451727 -0.0768684 -0.512841 0.319392 -0.44737 -0.502734 -1 -0.439465 -0.486171 -1 -0.857422 -1 -0.272886 -0.558072 0.478833 -0.960996 -0.279877 -0.0732683 -0.629338 0.191797 0.069671 -0.394787 -0.534075 0.0574257 -0.314216 0.134649 -0.0453698 0.296972 -0.786651 -0.0395975 -0.986898 -0.898713 0.0301369 -0.946106 
-0.54764 -0.038816 -1 0.288262 0.255505 0.00463142 -1 -0.0212903 -0.942101 -0.636929 -0.0113536 0.392672 -0.774349 -0.233816 -1 -0.912497 -0.209655 -0.935469 -1 -0.641318 -0.31795 -0.24804 0.19843 -1 -0.920024 -0.833315 -0.083934 0.015282 -0.782488 -0.730734 0.0457652 -0.873233 -0.96217 -0.92328 -1 -1 -0.996167 -1 -0.834908 -0.384153 0.567538 0.132984 -0.944379 -0.887966 0.0958777 -0.579628 -0.119944 -0.494006 0.148276 -1 -0.633229 -0.750744 -0.0270765 -1 0.475821 -0.881457 -1 -0.861692 -0.840238 -0.98557 -0.507148 0.681979 -0.550837 -0.560504 0.0348157 0.124324 -0.786439 -1 0.702311 -0.502356 -0.805674 -0.459519 0.0142312 -1 -0.305274 -0.776239 -0.222704 -1 -0.777942 -0.991749 -0.686211 -1 0.154953 -0.338754 -0.376424 -0.848811 -0.88027 0.347187 -1 -0.139293 0.00966977 -0.0320613 -1 -0.894242 0.541909 -0.940712 0.353345 -0.118861 0.828705 -0.753981 -0.305764 0.0195552 -0.431355 -0.776042 0.496303 -0.0791982 -0.512841 0.303274 -0.443731 -0.485931 -1 -0.271052 -0.583564 -1 -0.825035 -1 -0.241552 -0.578689 0.461787 -1 -0.22808 -0.0732683 -0.480622 0.191797 0.366873 -0.354738 -0.534075 0.124192 -0.291652 0.134649 -0.00723916 0.364141 -0.686697 0.132579 -1 -0.699988 0.361317 -0.946106 
0.0917608 -0.92234 -0.836897 0.237816 0.102011 -1 -0.824222 -0.618561 -1 -0.717965 0.684075 0.30493 -0.0541693 -0.570748 0.231476 -0.359993 0.543974 -0.903075 0.0509538 -0.132429 0.475147 -1 -0.00798218 0.554017 -1 0.0801583 -0.670197 -0.687384 0.655318 -1 -0.964328 0.412844 -0.533055 -1 -1 0.445057 -1 0.181282 -0.498653 -0.276726 0.59824 -0.0783209 -0.237126 -0.815274 0.640749 -0.207028 -0.986505 -0.629398 0.00497982 -0.552239 -0.255234 -1 -0.119119 0.277476 -0.649497 -0.731029 -0.56233 -1 -0.953799 0.513649 -0.365743 0.452826 -1 -0.360509 -0.938004 -0.0863864 -0.53691 -0.0636301 0.293262 -0.000509471 0.53106 -0.748771 0.166735 -0.61386 -0.695573 -1 -0.0832304 -0.807096 -0.743111 0.969983 -1 0.00584643 -0.726271 -0.76239 -0.536617 -1 0.573297 -0.90025 -0.438365 0.356351 -0.694619 -0.736119 -0.713594 -0.587769 0.717113 -1 -0.664339 0.000333838 0.901524 -0.383379 -0.593983 -0.0507773 0.892776 -0.259662 -0.514189 0.208902 -0.564024 -0.283009 -0.620533 -0.907345 -0.702203 -0.587637 -0.989522 0.210207 0.749156 -0.942762 0.442271 0.239545 -0.724766 -0.340931 -0.42629 -1 -0.945606 -0.425313 -0.338977 0.49025 -1 0.138326 -1 -0.400164 -0.406756 -0.14051 -0.656883 -1 -0.776674 -0.126189 -0.00395411 0.0871321 
0.243707 -1 -0.420061 0.441849 0.134218 -1 -1 -0.62234 -0.992261 -0.434828 0.776201 0.704462 0.125669 -0.884945 0.0972605 -1 -0.0382066 -0.516851 0.0756763 -0.0852409 0.737357 -0.85156 -0.0167832 0.0662401 -1 0.593208 -0.901996 -0.849611 0.700817 -0.859656 -0.999845 0.500611 -0.787325 -1 -1 0.32232 -0.965653 0.156146 -0.608683 -0.084818 0.718266 -0.559409 -0.0527067 -0.57734 0.158262 -0.642868 -1 -0.235365 0.0641238 -0.931725 0.131072 -1 0.0671072 -0.199806 -1 -0.693191 -0.253766 -0.825737 -0.927413 0.221487 -0.3639 0.323479 -1 -0.558012 -0.851634 -0.125399 -0.774506 -0.12018 -0.0268539 -0.227874 0.494403 -1 -0.196582 -0.359272 -0.71488 -1 0.262684 -1 -1 0.580794 -1 -0.289401 -0.739475 -0.755176 -0.6338 -0.973374 0.542602 -0.933697 -1 0.540411 -1 -0.711583 -1 -0.960414 0.505648 -0.891174 -0.51781 -0.0225059 0.142698 -0.775087 -0.107627 0.196384 0.438936 -0.4403 -1 0.276798 -1 -0.497141 -0.482028 -1 -1 -0.288301 -1 0.616499 0.631272 -1 0.235376 -0.0548664 -0.718638 -0.310079 -0.313715 -0.895716 -0.931655 -1 -0.720178 0.0161611 -1 0.317135 -1 -1 -1 -0.318348 -1 -0.909612 -0.923267 0.167161 -0.375106 -0.311593 
0.366556 0.271486 -0.577961 -0.970272 0.362252 -0.2124 -0.877912 -0.362573 0.139225 -0.983267 0.0581298 -0.795763 -0.548046 0.13799 0.0471105 0.68022 0.629884 -0.831171 0.273142 -0.172887 -0.141345 0.0252807 -0.108395 0.321011 0.493354 0.098592 -0.621111 -0.104074 0.609496 0.781654 0.670992 0.748134 -0.4225 -1 -0.862623 0.616615 -0.696556 0.00142615 0.149942 -0.0748245 -0.900156 -1 0.905253 -0.724659 0.226311 -1 0.846439 -0.490624 -0.173701 -0.635547 0.51612 -0.708082 0.369766 0.292169 -0.985262 -0.235674 -0.00695719 -0.000443142 0.378262 -0.961265 -1 -0.0928249 -0.83526 -0.462522 0.534519 0.258059 -0.512401 -0.871543 0.622249 0.194414 -0.648778 -0.750715 0.505525 0.0967149 0.418225 -0.232745 0.397266 -0.701207 -0.833407 -0.999306 -0.338397 0.0612845 0.0024302 -0.0269226 -0.665726 -0.399717 0.599523 0.456108 -0.4317 -0.326225 0.574959 0.254766 -0.971007 -0.630373 -0.898334 -1 -0.282848 -0.211983 -0.905078 -0.777503 -0.589195 -1 0.954831 0.23926 -0.713438 -0.367145 -0.86011 -0.75133 -0.0556509 -0.488506 -0.0982105 0.785878 0.764764 0.485433 -0.868272 -0.199685 0.948539 0.310127 -0.677955 0.107767 0.974046 0.079463 -0.175347 -0.285345 -0.852269 0.192859 -0.544415 -0.720683 -0.319699 -0.220954 -0.308283 -0.163452 -0.406174 0.00802553 0.728882 -0.485923 -0.418545 0.345749 
0.287422 -0.705372 -0.329239 0.814299 0.642203 -0.780717 -0.804943 -0.285493 -0.938054 -0.443191 0.589779 0.333088 0.110043 -0.619101 -0.088466 -0.509959 0.512672 -0.548238 0.624002 -0.0569935 0.52243 -0.93167 -0.151134 0.799166 -0.841662 0.798382 -0.782573 -0.803684 0.648799 -0.86789 -1 0.519722 -0.419239 -1 -1 0.744955 -1 0.44919 -0.084359 -0.0745748 0.56938 0.0030409 -0.3297 -0.837438 0.852996 -0.753082 -0.786503 0.169817 -0.0201412 -0.205323 0.213539 -0.987656 -0.199197 0.43503 -0.809552 -0.660116 0.102915 -0.927813 -0.991092 0.433295 -0.150379 0.656991 -1 -0.174257 -0.926745 0.215145 -0.453015 0.246532 0.312387 0.129741 0.635209 -0.994421 0.213048 0.0985948 -0.421644 -0.88009 -0.0564408 -0.670052 -1 0.516712 -1 -0.433735 -0.821449 -0.583414 -0.393701 -1 0.893038 -0.747293 -0.478228 0.376436 -0.634802 -0.486203 -0.69436 -0.487718 0.509062 -0.977371 -0.366381 0.270265 0.474772 -0.479017 -0.259193 0.15666 0.511852 -0.306887 -1 0.379701 -0.648669 -0.213032 -0.827717 -0.83032 -0.867517 -0.169068 -0.451584 0.605594 0.287692 -0.560233 0.705165 0.803979 -0.635154 -0.326598 -0.381245 -1 -1 -0.33508 -0.379952 0.479366 -0.875931 0.498837 -0.906405 -0.855296 -0.571219 0.229665 -1 -1 -0.923509 0.78943 0.109992 0.532318 
-0.54764 -0.038816 -1 0.288262 0.255505 0.00463142 -1 -0.0212903 -0.942101 -0.636929 -0.0113536 0.392672 -0.774349 -0.233816 -1 -0.912497 -0.209655 -0.935469 -1 -0.641318 -0.31795 -0.24804 0.19843 -1 -0.920024 -0.833315 -0.083934 0.015282 -0.782488 -0.730734 0.0457652 -0.873233 -0.96217 -0.92328 -1 -1 -0.996167 -1 -0.834908 -0.384153 0.567538 0.132984 -0.944379 -0.887966 0.0958777 -0.579628 -0.119944 -0.494006 0.148276 -1 -0.633229 -0.750744 -0.0270765 -1 0.475821 -0.881457 -1 -0.861692 -0.840238 -0.98557 -0.507148 0.681979 -0.550837 -0.560504 0.0348157 0.124324 -0.786439 -1 0.702311 -0.502356 -0.805674 -0.459519 0.0142312 -1 -0.305274 -0.776239 -0.222704 -1 -0.777942 -0.991749 -0.686211 -1 0.154953 -0.338754 -0.376424 -0.848811 -0.88027 0.347187 -1 -0.139293 0.00966977 -0.0320613 -1 -0.894242 0.541909 -0.940712 0.353345 -0.118861 0.828705 -0.753981 -0.305764 0.0195552 -0.431355 -0.776042 0.496303 -0.0791982 -0.512841 0.303274 -0.443731 -0.485931 -1 -0.271052 -0.583564 -1 -0.825035 -1 -0.241552 -0.578689 0.461787 -1 -0.22808 -0.0732683 -0.480622 0.191797 0.366873 -0.354738 -0.534075 0.124192 -0.291652 0.134649 -0.00723916 0.364141 -0.686697 0.132579 -1 -0.699988 0.361317 -0.946106 
0.559537 -0.71784 -0.394866 0.598763 0.54267 -0.848584 -0.684829 -0.304915 -1 -0.493869 0.772112 0.677278 0.169285 -0.520222 0.329766 -0.513367 0.278415 -0.638786 0.519574 -0.267629 0.506936 -0.909026 -0.0388937 0.54974 -0.867596 0.630136 -0.481327 -0.726593 0.630092 -0.900081 -1 0.390411 -0.434789 -1 -1 0.810162 -0.992365 0.407006 -0.185323 0.0950155 0.423223 -0.216371 -0.0274162 -0.509811 0.822886 -0.454731 -0.929435 0.0668703 0.295252 -0.228904 -0.0608235 -1 0.140489 0.386835 -0.72452 -0.585016 -0.12098 -1 -0.712238 0.518823 -0.224791 0.69146 -1 -0.38329 -0.906896 0.113252 -0.445455 -0.0795853 0.340296 0.1269 0.723678 -0.783114 0.0486839 -0.109185 -0.545911 -0.704803 -0.0283175 -0.311768 -0.9725 0.86264 -0.998106 -0.189085 -0.742761 -0.182048 -0.502246 -1 0.915708 -0.87441 -0.385306 0.382921 -0.493056 -0.62248 -0.677633 -0.522724 0.815215 -0.944073 -0.234934 0.484431 0.875857 -0.158611 -0.224556 0.425818 0.690672 -0.374078 -0.445487 0.406182 -0.570276 -0.311694 -0.667159 -1 -0.698609 -0.232988 -0.489387 0.176093 0.676403 -0.643091 0.463087 -0.0688828 -0.452176 -0.357134 -0.22796 -1 -0.995898 -0.271675 -0.271311 0.390359 -0.983712 0.507591 -1 -0.443435 -0.669384 0.309215 -0.592238 -0.996625 -1 0.3636 -0.179363 0.271592 
0.126158 -0.801074 -0.474999 0.552461 0.334232 -1 -0.838576 -0.473486 -1 -0.476301 0.434505 0.777934 0.341668 -0.776609 0.263846 -0.9731 0.565416 -0.760995 -0.14636 -0.714566 0.614835 -0.961213 -0.0314046 0.407159 -0.97534 0.561312 -0.660073 -1 0.474281 -1 -0.853974 -0.18216 -0.871266 -1 -1 0.438361 -0.955571 0.25936 -0.781211 0.16794 0.742991 -0.855472 -0.10971 -0.792846 0.525783 -0.719403 -0.694561 -0.284618 0.276065 -0.607459 0.604908 -1 0.0884464 -0.267059 -0.756798 -0.664832 -0.19923 -1 -1 0.452785 -0.31355 0.176109 -0.939348 -0.614924 -1 -0.251047 -0.694364 -0.0949833 -0.466337 -0.204194 0.827594 -0.809617 -0.218394 0.119772 -0.676209 -0.543227 0.0533325 -0.784354 -1 0.547584 -1 -0.261819 -1 -0.131238 -0.988634 -1 0.468267 -0.968346 -1 0.482594 -0.833268 -0.937879 -0.863616 -0.845107 0.487454 -1 -0.349706 0.39845 0.219481 -0.294475 -0.438363 -0.170436 0.0498338 0.0377495 -0.991678 0.00826977 -0.559977 -0.390618 -0.565419 -0.98015 -0.889184 -0.467241 -1 0.633197 0.41717 -1 0.306191 0.248573 -0.716363 -0.00399541 -0.25378 -1 -0.746036 -0.543576 -0.066442 0.109156 -1 0.364486 -1 -0.835546 -1 -0.0767858 -1 -1 -0.991529 0.157721 -0.323271 0.239883 
-0.553739 -0.038816 -0.939693 0.288262 0.255505 0.00463142 -1 -0.0212903 -0.942101 -0.636929 -0.0113536 0.392672 -0.774349 -0.233816 -1 -0.912497 -0.209655 -1 -1 -0.683792 -0.31795 -0.24804 0.0280689 -1 -0.968063 -0.833315 -0.173549 0.00589547 -0.782488 -0.730734 -0.00408763 -0.873233 -0.96217 -0.92328 -1 -1 -0.979742 -1 -0.82373 -0.384153 0.567538 0.132984 -0.944379 -0.887966 0.0958777 -0.579628 -0.255528 -0.494006 0.148276 -1 -0.672863 -0.697284 -0.0506292 -1 0.475821 -0.881457 -1 -0.812136 -0.857481 -1 -0.520381 0.497452 -0.550837 -0.560504 0.0348157 0.124324 -0.786439 -1 0.575947 -0.604884 -0.822422 -0.459519 0.0142312 -1 -0.270067 -0.739034 -0.222704 -1 -0.788453 -0.991749 -0.864475 -1 0.154953 -0.444225 -0.376424 -0.88508 -1 0.291885 -0.973515 -0.139293 0.00966977 -0.190135 -1 -1 0.541909 -1 0.353345 -0.118861 0.706204 -0.69315 -0.305764 0.0195552 -0.382855 -0.776042 0.496303 -0.0791982 -0.512841 0.303274 -0.443731 -0.549896 -1 -0.271052 -0.583564 -1 -0.825035 -1 -0.194828 -0.578689 0.461787 -1 -0.265167 -0.0732683 -0.480622 0.191797 0.366873 -0.354738 -0.650845 0.124192 -0.291652 0.134649 -0.00723916 0.364141 -0.686697 0.132579 -1 -0.73326 0.361317 -1 
-0.54764 -0.038816 -1 0.288262 0.255505 0.00463142 -1 -0.0212903 -0.942101 -0.636929 -0.0113536 0.392672 -0.774349 -0.233816 -1 -0.912497 -0.209655 -0.935469 -1 -0.641318 -0.31795 -0.24804 0.19843 -1 -0.920024 -0.833315 -0.083934 0.015282 -0.782488 -0.730734 0.0457652 -0.873233 -0.96217 -0.92328 -1 -1 -0.996167 -1 -0.834908 -0.384153 0.567538 0.132984 -0.944379 -0.887966 0.0958777 -0.579628 -0.119944 -0.494006 0.148276 -1 -0.633229 -0.750744 -0.0270765 -1 0.475821 -0.881457 -1 -0.861692 -0.840238 -0.98557 -0.507148 0.681979 -0.550837 -0.560504 0.0348157 0.124324 -0.786439 -1 0.702311 -0.502356 -0.805674 -0.459519 0.0142312 -1 -0.305274 -0.776239 -0.222704 -1 -0.777942 -0.991749 -0.686211 -1 0.154953 -0.338754 -0.376424 -0.848811 -0.88027 0.347187 -1 -0.139293 0.00966977 -0.0320613 -1 -0.894242 0.541909 -0.940712 0.353345 -0.118861 0.828705 -0.753981 -0.305764 0.0195552 -0.431355 -0.776042 0.496303 -0.0791982 -0.512841 0.303274 -0.443731 -0.485931 -1 -0.271052 -0.583564 -1 -0.825035 -1 -0.241552 -0.578689 0.461787 -1 -0.22808 -0.0732683 -0.480622 0.191797 0.366873 -0.354738 -0.534075 0.124192 -0.291652 0.134649 -0.00723916 0.364141 -0.686697 0.132579 -1 -0.699988 0.361317 -0.946106 
0.470951 -0.734442 -0.426953 0.54996 0.148887 -0.934313 -0.939189 -0.473417 -0.872228 -0.673839 0.774046 0.90222 0.202932 -0.704307 0.362982 -0.979408 0.494334 -0.391409 -0.043876 -0.174118 0.761093 -0.768091 0.125738 0.445051 -0.999629 0.886118 -0.46684 -1 0.774965 -0.848425 -0.941227 0.337063 -0.824772 -1 -0.940705 0.652807 -1 0.152181 -0.495827 0.144766 0.330106 -0.349109 -0.0898135 -0.614524 0.679982 -0.493478 -0.703402 -0.243712 0.151846 -0.398507 0.397581 -0.973551 0.0880413 -0.000257033 -0.870555 -0.595034 -0.137844 -1 -1 0.433234 -0.166812 0.558871 -0.981973 -0.43943 -1 -0.285446 -0.586114 -0.0734297 -0.286321 -0.218866 0.431432 -0.697149 -0.406049 0.090076 -0.557582 -0.667978 -0.0397261 -0.599076 -0.947568 0.770447 -1 0.0267822 -0.91801 -0.426168 -0.425252 -1 0.575084 -0.871098 -1 0.662567 -0.841838 -0.678057 -0.820115 -0.718487 0.487704 -1 -0.450307 0.476456 0.524756 -0.262728 -0.257642 0.00729994 0.664296 -0.075169 -0.659887 0.234805 -0.567308 -0.220963 -0.530248 -1 -1 -0.716792 -0.462055 0.783489 0.570227 -0.81567 0.20153 0.184181 -0.842035 -0.226332 -0.222572 -0.964665 -0.779468 -0.629402 0.0629132 0.540149 -0.995743 0.464138 -1 -0.959575 -0.858708 0.203496 -0.915146 -1 -0.888495 0.010803 -0.152936 0.370583 
0.201462 -0.594749 -0.579036 0.749714 0.60465 -0.81906 -0.906565 -0.218611 -0.91829 -0.307696 0.353566 0.434025 0.10018 -0.795429 0.0817882 -0.722971 0.450813 -0.386393 0.445085 0.0183002 0.651057 -1 -0.479811 0.46392 -1 0.893633 -1 -0.565619 0.25022 -1 -1 0.57117 -0.254342 -1 -0.995086 0.730573 -0.954223 0.426709 -0.227223 -0.380611 0.599566 -0.339814 -0.0970171 -0.747492 0.979229 -0.653846 -0.841506 0.222384 -0.720789 -0.201689 0.164642 -0.803813 -0.531127 0.352498 -0.908461 -0.613511 -0.183178 -1 -0.908296 0.403159 -0.49443 0.635147 -1 -0.28831 -0.935922 0.363505 -0.628989 0.245885 0.21852 -0.317359 0.465945 -1 -0.193368 0.267842 -0.538562 -0.886894 -0.0564715 -0.690816 -1 0.310531 -1 -0.304468 -1 -1 -0.400891 -0.999473 0.618032 -0.870247 -0.356292 0.180195 -0.772534 -0.511967 -0.757226 -0.560682 0.620254 -1 -0.147386 0.310507 0.735357 -0.527231 -0.67442 -0.0782899 0.620933 -0.217534 -1 0.220045 -0.845632 -0.456767 -0.808345 -0.876306 -0.979206 -0.12405 -0.433037 0.380807 0.357572 -0.702419 0.789898 0.659542 -0.474619 -0.282171 -0.921274 -1 -0.919 -0.441313 -0.526582 0.521827 -1 0.264578 -0.863884 -0.715839 -0.600988 0.227087 -1 -1 -1 0.361444 -0.120287 0.1693 
-0.0531807 -0.986859 -0.729156 0.263959 0.0894391 -0.94676 -1 -0.455873 -0.990839 -0.768826 0.774462 0.588435 0.0365887 -0.932666 0.196567 -0.847038 0.27537 -1 -0.594639 -1 0.314656 -0.958866 -0.185052 0.69358 -1 0.400218 -0.523328 -0.998014 0.382689 -1 -1 0.318354 -1 -0.962501 -1 0.103229 -0.852183 -0.0580247 -0.768573 -0.47569 0.262737 -1 -0.518832 -1 0.297215 -0.63831 -1 -0.645557 0.180533 -1 -0.134312 -1 -0.39604 -0.0815154 -0.834343 -0.707748 -0.0246844 -0.89259 -0.997135 0.149151 -0.886618 0.174585 -0.974144 -0.494022 -0.964819 -0.608412 -1 -0.603234 -0.0897373 -0.611504 -0.0128361 -0.935311 -0.138825 -0.0541101 -0.641825 -1 -0.0897068 -1 -1 0.9379 -1 -0.736306 -1 -0.512331 -0.263253 -0.987727 0.835941 -1 -1 -0.0908903 -1 -0.962683 -1 -0.986692 -0.144198 -1 -0.368738 -0.363862 -0.0676931 -0.333928 -0.920043 -0.606347 0.168728 -0.499932 -1 0.258263 -1 -0.721104 -0.404754 -1 -0.967963 -0.979723 -0.620599 0.855087 0.296965 -0.983771 0.0885796 0.186139 -1 -0.163704 -0.466299 -0.920122 -0.982655 -0.584865 -0.201805 0.502425 -1 0.136481 -0.967214 -0.658337 -1 -0.220266 -1 -1 -1 -0.0400475 -0.52807 0.0147522 
0.407093 -0.647102 -0.398719 0.540564 0.194147 -0.968576 -0.907327 -0.46585 -0.896368 -0.672088 0.784947 0.924218 0.236219 -0.734131 0.366731 -1 0.519237 -0.332046 -0.0450544 -0.174118 0.706529 -0.768091 0.114085 0.445051 -0.992218 0.868564 -0.454019 -1 0.780334 -0.885874 -1 0.267477 -0.799838 -1 -0.979312 0.605635 -1 0.158668 -0.495827 0.0534181 0.283834 -0.34686 -0.0986383 -0.634137 0.72327 -0.495999 -0.742021 -0.253985 0.137869 -0.388246 0.397581 -0.967936 0.0580156 -0.000854257 -0.870555 -0.617472 -0.137844 -1 -1 0.438284 -0.179754 0.558871 -1 -0.43943 -0.985792 -0.30632 -0.598595 -0.0868166 -0.186009 -0.218866 0.427674 -0.707131 -0.417406 0.115917 -0.517351 -0.70786 0.0766123 -0.599076 -0.947686 0.805445 -1 0.00477545 -0.96933 -0.426168 -0.466579 -1 0.572295 -0.871098 -1 0.677689 -0.853296 -0.628131 -0.813929 -0.721254 0.473547 -1 -0.450307 0.476456 0.518107 -0.262728 -0.234836 0.0241585 0.664296 -0.075169 -0.644353 0.206395 -0.618911 -0.220963 -0.473162 -0.985315 -1 -0.688334 -0.503363 0.817908 0.570227 -0.779177 0.175075 0.208851 -0.846493 -0.172294 -0.166243 -0.914034 -0.777808 -0.563463 0.0147383 0.529598 -1 0.452767 -1 -0.891757 -0.807752 0.220372 -0.879742 -1 -0.897986 0.000939935 -0.152936 0.37089 
0.317303 -0.776083 -0.728338 0.685408 0.661114 -1 -0.682422 -0.525551 -0.725086 -0.429399 0.524914 0.562318 0.191172 -1 0.286972 -0.611456 0.0784141 -0.818002 0.450219 -0.179311 0.833849 -1 0.0492738 0.321094 -0.906055 0.545477 -0.386103 -0.593737 0.423408 -1 -1 0.0930177 -0.562195 -1 -0.979442 0.379691 -0.99159 0.0600018 -0.669692 -0.0374843 0.677342 -0.176804 -0.0784431 -0.434646 0.599006 -0.499165 -0.960954 0.057868 0.386642 -0.227261 0.586067 -1 -0.304632 0.422594 -0.833954 -0.55892 -0.0985039 -1 -0.680457 0.327475 -0.117822 0.144893 -1 -0.428949 -1 0.286937 -0.665929 0.0414366 -0.426392 0.101479 0.815362 -0.97078 0.161175 0.0156223 -0.957069 -0.751884 -0.153551 -0.374866 -0.971007 0.706009 -1 -0.472076 -0.538557 -0.311543 -0.400116 -0.987269 0.682654 -0.983249 -0.450944 0.188369 -0.844467 -0.488101 -1 -1 0.340987 -1 -0.170447 0.46699 0.561932 -0.184972 -0.56702 0.234275 0.504651 -0.345741 -0.637659 0.26087 -0.386172 -0.392352 -0.721981 -0.912687 -0.934976 -0.881256 -0.8192 0.407905 0.764495 -0.514791 0.60036 0.235295 -0.424728 -0.599747 -0.361553 -1 -1 -0.220546 -0.572465 -0.219832 -1 0.496899 -1 -0.437943 -0.518505 -0.20675 -0.86555 -1 -1 0.149692 -0.113093 0.070345 
0.555515 -1 -0.578715 0.709085 0.709194 -1 -0.664675 -0.266177 -1 -0.433225 0.713036 0.509806 0.132393 -0.56198 0.171076 -0.624116 0.366989 -0.513941 0.0970056 -0.0920556 0.599395 -1 -0.139267 0.324731 -0.815968 0.726604 -0.6197 -0.702454 0.593036 -0.952953 -1 0.465068 -0.552222 -1 -0.980852 0.735665 -1 0.426791 -0.464605 -0.000616493 0.734575 -0.101868 -0.115674 -0.751012 0.702091 -0.372941 -0.902954 0.0778716 0.352478 -0.371037 0.173342 -1 -0.365717 0.429871 -0.752919 -0.523153 -0.134738 -1 -0.788254 0.495686 -0.196829 0.497844 -1 -0.604043 -0.960287 0.123682 -0.786132 0.072401 0.212372 0.250036 0.782577 -0.977619 0.193894 -0.0264902 -0.647267 -0.63091 -0.34272 -0.303549 -1 0.811631 -1 -0.173386 -0.837318 -0.687606 -0.8614 -1 0.776679 -1 -0.302059 0.332454 -0.546645 -0.77372 -0.659252 -0.545221 0.837904 -1 -0.301017 0.634506 0.61387 -0.477371 -0.00636555 0.191108 0.763317 -0.625862 -0.696195 0.4854 -0.542453 -0.297759 -0.603668 -0.863362 -1 -0.650873 -0.506988 0.374319 0.716148 -0.581078 0.507576 0.191455 -0.509668 -0.279314 -0.298204 -1 -0.839373 -0.327641 -0.187372 0.213211 -1 0.50526 -1 -0.593132 -0.657716 0.173673 -1 -1 -1 0.607315 0.0971962 0.0693743 
0.366556 0.271486 -0.577961 -0.926178 0.362252 -0.195518 -0.877912 -0.362573 0.139225 -0.983267 0.0581298 -0.701144 -0.548046 0.150747 0.0471105 0.471055 0.378532 -0.793534 0.0391055 -0.172887 -0.141345 0.0791421 -0.108395 0.321011 0.385413 0.069655 -0.621111 -0.0332662 0.609496 0.765226 0.670992 0.748134 -0.585818 -0.902058 -1 0.616615 -0.928889 -0.0761848 0.149942 -0.148534 -0.900156 -0.949057 0.905253 -0.724659 0.322347 -1 0.577755 -0.490624 -0.183542 -0.635547 0.462919 -0.708082 0.22381 0.292169 -0.985262 -0.27386 -0.137568 -0.000443142 0.262345 -1 -1 -0.0928249 -0.8389 -0.462522 0.534519 0.258059 -0.76924 -1 0.622249 0.194414 -0.648778 -0.750715 0.505525 0.0967149 0.164475 -0.232745 0.0985353 -0.998912 -0.798396 -0.970699 -0.338397 0.0612845 0.0024302 -0.276802 -0.953371 -0.451379 0.599523 0.249721 -0.4317 -0.326225 0.574959 0.254766 -1 -0.740542 -1 -1 -0.282848 -0.211983 -1 -0.777503 -0.589195 -1 0.730447 0.132796 -0.713438 -0.367145 -0.959026 -0.905842 -0.0556509 -0.556076 -0.21589 0.785878 0.764764 0.485433 -0.952577 -0.199685 0.7576 0.232837 -0.677955 0.113581 0.974046 -0.0579388 -0.175347 -0.285345 -0.997368 0.192859 -0.544415 -0.720683 -0.319699 -0.220954 -0.58367 -0.308552 -0.407513 0.00802553 0.72232 -0.485923 -0.418545 0.153555 
0.587445 -0.70772 -0.41372 0.352338 0.648133 -0.946075 -0.694752 -0.551336 -0.928308 -0.468183 0.773504 0.66446 -0.173521 -0.474135 0.270095 -0.653127 0.503344 -0.596948 0.503358 0.0628006 0.702226 -1 -0.0117572 0.575519 -0.765655 0.684248 -0.481327 -0.709435 0.50006 -0.975267 -0.973155 0.438769 -0.479263 -0.937453 -1 0.70952 -1 0.367811 -0.416332 0.0770554 0.692814 -0.325025 0.070928 -0.532514 0.787483 -0.369433 -0.86174 0.0894844 0.24897 -0.374364 0.171594 -0.983313 0.072295 0.541301 -0.72452 -0.440384 -0.123858 -1 -0.761768 0.51915 -0.434363 0.576625 -1 -0.536335 -0.894064 0.0721479 -0.572819 0.205091 0.129555 0.134339 0.783544 -0.89463 0.233169 -0.109185 -0.601913 -0.810503 0.123884 -0.259779 -0.9725 0.883236 -1 -0.228412 -0.690442 -0.182048 -0.553053 -1 0.830637 -1 -0.409972 0.436805 -0.527976 -0.646584 -0.690248 -0.680537 0.84701 -0.979034 -0.344923 0.460702 0.643911 -0.445828 -0.0126829 0.41336 0.735725 -0.423526 -0.490536 0.242467 -0.55352 -0.502339 -0.667474 -0.94992 -0.789654 -0.378372 -0.478739 0.121958 0.644078 -0.643091 0.619145 0.171546 -0.485278 -0.350865 -0.445873 -1 -0.794381 -0.252826 -0.410289 0.353504 -0.951715 0.515464 -0.962568 -0.466032 -0.363169 0.200195 -0.669733 -0.94558 -0.925807 0.417945 0.0951625 0.302583 
-0.877684 -0.202272 -1 0.379774 0.0917982 -0.0191522 -1 -0.0274341 -1 -0.892209 0.0580904 0.355256 -0.767349 -0.233816 -1 -0.946746 -0.0828295 -0.97906 -1 -0.613655 -0.351815 -0.554576 0.258602 -1 -1 -1 -0.0899543 -0.12972 -0.915611 -0.98848 -0.040309 -0.969239 -0.929064 -1 -1 -0.919807 -1 -1 -1 -0.575937 0.377997 0.138953 -0.96951 -1 -0.194447 -0.65002 -0.119944 -0.517582 0.00769362 -1 -0.648708 -1 -0.140801 -1 0.471182 -0.881457 -1 -0.916095 -0.832884 -1 -0.783605 0.49114 -0.840083 -1 -0.431394 0.0439452 -0.786439 -0.990124 0.7189 -0.502356 -0.862926 -0.816854 -0.0594147 -1 -0.305274 -0.884678 -0.233329 -0.986997 -0.921027 -1 -0.965445 -1 0.232289 -0.544148 -0.531463 -0.868193 -0.874753 0.0544905 -1 -0.371298 -0.0196935 -0.0151337 -0.962021 -0.912911 0.463698 -0.9353 0.33551 -0.311939 0.879868 -0.854535 -0.446462 0.0195552 -0.540983 -0.9048 0.572437 -0.0791982 -0.512841 0.0693878 -0.461567 -0.717602 -0.915369 -0.439465 -0.483633 -1 -0.841363 -1 -0.241552 -0.641893 0.27242 -1 -0.178972 -0.132063 -0.687675 0.199935 -0.183589 -0.354738 -0.534075 0.0487172 -0.299349 -0.12307 -0.0835384 0.315631 -0.791153 -0.276367 -1 -0.874633 -0.00973621 -0.946106 
-0.579447 -0.0238947 -1 0.0956457 0.133392 -0.163656 -1 -0.0613336 -0.957673 -0.780048 -0.466624 0.126258 -1 -0.241944 -1 -0.905274 -0.24235 -1 -1 -0.641318 -0.350327 -0.536218 0.19843 -0.998074 -0.920024 -0.833985 -0.0963207 -0.147265 -0.900337 -0.837405 -0.229686 -0.973728 -1 -0.959511 -1 -1 -0.93085 -0.967039 -1 -0.41307 0.508409 -0.0202773 -1 -0.922821 -0.117952 -0.613236 -0.0735016 -0.494006 -0.159544 -1 -0.724647 -0.941647 -0.0118439 -1 0.073465 -0.948894 -1 -1 -0.883618 -0.860105 -0.432374 0.350245 -0.651141 -0.846614 -0.0409339 -0.112086 -0.895827 -1 0.719114 -0.516611 -0.990085 -0.453606 -0.615905 -1 -0.325234 -1 -0.164803 -0.987182 -1 -0.981947 -0.80627 -1 -0.302979 -0.601099 -0.727832 -0.987461 -0.910902 0.100189 -0.970711 -0.523545 0.0289667 -0.138907 -1 -0.864865 0.418364 -0.880927 0.118227 -0.431485 0.624064 -0.743123 -0.738733 -0.0436045 -0.591391 -1 0.462673 -0.245982 -0.745825 -0.0262476 -0.747185 -0.66953 -1 -0.242204 -0.948054 -0.997426 -0.945865 -1 -0.250373 -0.507181 0.465153 -1 -0.277617 -0.0643155 -0.557948 0.13617 0.207361 -0.37553 -0.565456 -0.183698 -0.753451 -0.0838222 -0.297302 0.110677 -0.957523 -0.0243854 -1 -0.835424 0.071333 -0.946106 
-0.59733 -0.0955712 -1 0.198671 0.0785908 -0.0918799 -0.988342 -0.255376 -0.942101 -0.634206 -0.0179419 0.348524 -1 -0.49622 -0.998982 -0.953143 -0.233894 -1 -1 -0.686197 -0.31795 -0.295863 0.0785747 -1 -0.968063 -0.771248 -0.223395 -0.0780593 -0.908782 -0.794082 0.0334557 -0.956165 -0.953347 -1 -1 -0.981215 -1 -0.992516 -0.878145 -0.545348 0.567538 0.134237 -0.944379 -0.887966 0.117078 -0.563213 -0.29131 -0.696159 -0.00843303 -1 -0.702001 -0.720011 -0.118198 -0.93076 0.352056 -0.969137 -0.990381 -0.910959 -0.857481 -1 -0.747118 0.483445 -0.847827 -0.560504 -0.0972084 0.11425 -0.872019 -0.99041 0.575947 -0.584253 -0.848258 -0.513171 0.0133109 -1 -0.273304 -0.771466 -0.405466 -1 -0.790409 -0.991749 -0.847861 -0.910397 0.102115 -0.593401 -0.382 -0.898775 -0.997369 0.079883 -1 -0.139293 0.0124378 -0.190135 -0.994115 -0.889552 0.3351 -1 0.399221 -0.366791 0.765419 -0.695556 -0.373288 0.0179468 -0.382855 -0.776042 0.473766 -0.205937 -0.795139 0.303274 -0.443731 -0.659891 -1 -0.287513 -0.583564 -1 -0.772318 -1 -0.504852 -0.648425 0.461787 -1 -0.605279 -0.0652261 -0.495885 0.191797 0.380372 -0.354738 -0.625798 0.0915429 -0.305379 0.113516 -0.00723916 0.364171 -0.984391 -0.0504441 -1 -0.73326 0.361317 -1 
-0.591362 -0.167937 -1 0.288262 0.14119 -0.260152 -1 -0.0212903 -1 -0.787582 -0.100515 0.392672 -0.924157 -0.233816 -1 -0.932011 -0.440913 -0.935469 -1 -0.705835 -0.514138 -0.24804 0.18007 -1 -1 -0.920249 -0.083934 -0.0409603 -0.782488 -0.730734 0.0457652 -0.873233 -0.986052 -0.92328 -1 -1 -0.996167 -1 -0.834908 -0.288687 0.474759 0.132984 -0.944379 -0.893921 -0.0151232 -0.490164 -0.335796 -0.595178 0.148276 -1 -0.801408 -0.750744 -0.307892 -0.931216 0.260524 -0.934883 -1 -0.861692 -1 -1 -0.507148 0.681979 -0.705595 -0.560504 0.042134 0.0238669 -0.867038 -1 0.702311 -0.502356 -0.805674 -0.630869 0.0142312 -1 -0.242525 -0.697116 -0.222704 -0.922595 -0.932593 -1 -0.76514 -1 0.154953 -0.488537 -0.572351 -0.848811 -0.927214 0.267676 -1 -0.139293 0.0571841 -0.19412 -1 -0.994688 0.541909 -0.940712 0.0578866 -0.118861 0.828705 -0.721331 -0.305764 0.00899101 -0.518818 -1 0.496303 -0.302803 -0.522849 0.303274 -0.471834 -0.485931 -1 -0.281712 -0.583564 -1 -0.791589 -1 -0.241552 -0.578689 0.461787 -1 -0.22808 -0.255102 -0.401922 -0.0936745 0.366873 -0.354738 -0.827905 0.0706374 -0.53197 0.134649 -0.00723916 0.359627 -0.894282 0.132579 -1 -0.699988 0.0653329 -1 
-0.577998 -0.160264 -1 0.11361 0.222194 0.00907449 -0.984318 -0.0543644 -1 -0.740175 0.0716099 0.392148 -0.829343 -0.707083 -1 -0.991338 -0.42288 -0.960902 -1 -0.768382 -0.295077 -0.508813 0.00472105 -1 -1 -1 -0.132167 -0.00374819 -0.822577 -0.960306 -0.518057 -0.886618 -1 -1 -0.916971 -1 -1 -1 -0.793509 -0.363599 0.567538 -0.207301 -1 -1 0.0951276 -0.848218 -0.219524 -0.708642 -0.0643761 -1 -0.645358 -0.7848 -0.137254 -1 0.430897 -1 -1 -0.868068 -1 -1 -0.694254 0.426618 -0.96379 -0.623072 -0.00986623 0.0734001 -1 -1 0.422007 -0.503226 -0.735889 -0.466244 -0.191819 -1 -0.223662 -0.792068 -0.764016 -0.98905 -0.831907 -1 -0.73641 -0.929891 -0.12276 -0.485239 -0.449607 -0.875947 -1 0.0136895 -1 -0.459733 0.0164492 -0.581984 -1 -0.883639 0.265294 -1 0.283034 -0.182036 0.499135 -0.993148 -0.280303 -0.394401 -0.74245 -0.977414 0.493483 -0.247994 -0.492595 0.0178936 -0.562549 -0.569886 -0.986742 -0.609696 -0.902405 -1 -0.992348 -0.967485 -0.188255 -0.760359 0.162605 -1 -0.357136 -0.0708315 -0.722576 -0.225108 0.102958 -0.509379 -0.747265 -0.315378 -0.320637 0.174283 0.00722492 0.161682 -0.999409 -0.406546 -1 -1 0.2431 -1 
-0.752683 0.0298396 -1 0.288262 -0.0122845 -0.0731987 -1 -0.0212903 -1 -0.636929 -0.0113536 0.391993 -0.763766 -0.421405 -1 -0.912497 -0.437179 -0.956397 -1 -0.641318 -0.31795 -0.47858 0.134246 -1 -1 -1 -0.083934 -0.0118479 -0.953289 -0.728311 0.0818745 -0.919439 -0.96217 -0.924836 -1 -1 -0.996167 -1 -1 -0.316556 0.536442 0.132984 -0.876731 -0.789798 0.0958777 -0.663562 -0.293918 -0.494006 0.177955 -0.898424 -0.750001 -0.746139 -0.157932 -1 0.418423 -0.991374 -0.94168 -0.970326 -0.871778 -1 -0.702102 0.687792 -0.550837 -0.560504 -0.0706036 -0.084359 -0.836123 -1 0.538989 -0.803065 -0.845103 -0.454631 0.0152602 -1 -0.305274 -0.776239 -0.222704 -1 -0.917951 -0.990493 -0.686211 -1 0.154953 -0.373246 -0.279168 -0.848811 -0.88027 0.347187 -1 -0.139293 -0.0277753 -0.0320613 -0.975307 -1 0.488898 -0.940712 0.324169 -0.30755 0.828705 -0.753981 -0.305764 0.0195552 -0.647603 -0.776042 0.496303 -0.162982 -0.512841 0.0829634 -0.443731 -0.485931 -1 -0.438583 -0.832868 -1 -0.852607 -1 -0.372578 -0.578689 0.461787 -0.938189 -0.22808 -0.0732683 -0.480622 0.191797 0.355376 -0.270379 -0.529785 0.0419579 -0.291652 0.116389 -0.00211766 0.23794 -0.975771 -0.0693159 -1 -0.699988 0.361317 -0.960271 
-0.551661 -0.213533 -0.989925 -0.148334 0.209239 0.00463142 -1 -0.51767 -0.98609 -0.887115 -0.215843 0.531389 -0.774349 -0.496093 -1 -0.845396 -0.240154 -0.940333 -1 -0.693663 -0.59042 -0.712705 0.102349 -1 -1 -0.969519 -0.083934 -0.155924 -1 -0.992445 0.1538 -1 -1 -1 -1 -1 -1 -0.867128 -1 -0.787274 0.440593 0.0736113 -1 -0.948765 -0.43144 -0.456717 -0.0339157 -0.981502 0.0494609 -0.951344 -0.920468 -1 -0.210649 -0.910262 0.389032 -0.904638 -1 -0.99583 -0.950062 -0.930077 -0.404576 0.601255 -0.839712 -0.800263 -0.493519 0.0172482 -1 -1 0.648588 -0.793092 -0.969095 -0.674982 -0.189943 -1 -0.358009 -0.985686 -0.532951 -1 -0.750562 -1 -0.877896 -1 0.0997374 -0.49105 -0.289529 -1 -0.916491 0.323084 -0.983141 -0.518821 -0.273114 0.106545 -1 -0.862388 0.466511 -0.957296 0.107162 -0.0441949 0.749236 -1 -0.521664 0.018944 -0.897949 -0.952154 0.600306 -0.14442 -0.510568 0.408624 -0.600011 -0.479443 -1 -0.704899 -0.802306 -1 -0.899994 -1 -0.550695 -0.696258 0.518223 -0.993835 -0.34948 -0.170516 -0.717399 0.278974 -0.117332 -0.649949 -0.557212 -0.0196562 -0.291652 0.111733 -0.0453698 0.0942085 -0.747038 -0.164357 -1 -0.9834 0.105502 -1 
0.502296 0.59361 0.428082 -0.84916 -0.154432 -0.324864 0.629709 0.471924 -0.823471 0.444238 -0.851309 0.692217 0.845247 0.0486318 -0.599998 0.313837 -0.135988 0.401824 -0.804579 0.195174 0.744989 -0.558301 0.59879 -0.0641434 -0.574984 -0.93774 -0.118965 0.884544 0.948833 0.730854 0.650318 -0.029768 -0.147674 -0.0245069 -0.715791 0.668131 -0.687643 -0.437191 0.675139 -0.819006 -0.638256 -0.119383 -0.461649 -0.24399 0.187593 -0.102914 -0.701306 0.619477 -0.0801501 0.50279 0.993309 0.63828 -0.627733 0.211218 -0.909706 0.560275 -0.990866 0.246677 -0.774317 -0.299976 0.983932 -0.60172 -0.495144 0.300129 0.553435 0.186392 -0.426049 -0.757986 0.484893 -0.573154 0.434462 -0.604387 0.633103 0.182683 0.40009 -0.05108 0.848309 -0.745559 0.447143 -0.174099 -0.810585 0.470581 0.110444 -0.965275 0.53808 0.198789 0.470186 0.904244 -0.313752 -0.916067 -0.560021 -0.549896 -0.27114 -0.414771 0.325976 -0.66699 -0.941699 0.736138 0.0073173 -0.990675 0.568601 -0.635003 0.553526 0.568449 0.884744 0.404196 0.838575 -0.160756 0.318675 -0.241802 -0.866733 0.0276681 0.741737 0.431496 0.265873 -0.218125 0.646753 0.252911 0.438961 -0.216149 0.133713 -0.786998 -0.243671 -0.587608 0.429311 0.684795 0.106399 0.85454 0.605027 -0.814658 -0.584625 -0.316939 -0.838454 -0.415217 -0.748767 -0.158893 0.668748 -0.0854623 
0.572234 -0.738996 -0.203024 0.861585 0.585143 -0.762549 -1 -0.237225 -0.815551 -0.372619 0.643858 0.454602 0.135784 -0.631743 0.153519 -0.516163 0.519879 -0.440879 0.465882 0.109488 0.343561 -0.890649 -0.283988 0.814215 -0.825137 0.894576 -0.722212 -0.675555 0.70257 -1 -1 0.508693 -0.341743 -0.895699 -0.989579 0.815925 -1 0.47841 0.0113156 -0.286439 0.824548 -0.0351792 -0.263792 -1 0.902881 -0.489187 -0.797689 0.322699 0.17784 -0.182848 0.332768 -0.689913 -0.184829 0.320154 -0.708148 -0.60951 0.136147 -1 -0.851314 0.52261 -0.119403 0.695873 -1 -0.276934 -0.914854 0.269289 -0.623795 0.0529542 0.352619 0.123839 0.701317 -1 0.259088 0.137955 -0.404684 -0.79025 -0.247364 -0.41836 -1 0.627587 -1 -0.486692 -0.735708 -0.633169 -0.335295 -1 0.804151 -0.84125 -0.377154 0.183643 -0.825238 -0.435013 -0.630414 -0.469698 0.668331 -1 -0.536772 0.275945 0.650768 -0.596759 -0.305057 -0.0372198 0.735983 -0.160297 -0.74779 0.11261 -0.529208 -0.165841 -0.82056 -0.834113 -0.808239 -0.420014 -0.436437 0.857792 0.311278 -0.506253 0.791957 0.725727 -0.341874 -0.468599 -0.627744 -0.992064 -0.933725 -0.309777 -0.173516 0.653783 -0.881032 0.599952 -0.998821 -0.53513 -0.75723 0.268803 -0.932353 -1 -0.767247 0.786495 0.127938 0.680493 
-1 0.0920425 -1 0.305985 0.0496827 -0.2945 -1 -0.309135 -1 -0.952595 -0.23199 0.139327 -0.750593 -0.198619 -1 -0.863286 -0.430819 -0.937882 -1 -0.800785 -0.300709 -0.284951 0.013806 -0.953229 -1 -1 -0.272603 0.00426773 -0.738899 -1 0.046982 -1 -1 -1 -0.98055 -1 -1 -0.93972 -0.975287 -0.657111 0.632387 -0.00323352 -1 -1 -0.0659978 -0.708612 -0.128988 -0.716101 -0.318782 -1 -0.555532 -0.999581 -0.34052 -0.982165 0.453058 -0.988598 -1 -0.786647 -1 -1 -0.556567 0.511669 -0.978721 -0.560504 0.121944 0.134499 -0.764436 -1 0.618119 -0.639589 -0.945675 -0.55136 -0.171325 -1 -0.295777 -0.800027 -0.361646 -1 -1 -1 -0.768599 -1 0.13856 -0.429711 -0.512596 -0.98999 -0.88027 0.0822151 -1 -0.325376 -0.0620054 -0.355879 -1 -0.915295 0.459093 -0.993587 -0.113618 -0.118861 0.828705 -0.787093 -0.351333 0.0195552 -0.561955 -1 0.369001 -0.411092 -0.817691 0.303274 -0.356103 -0.896433 -1 -0.408169 -0.583564 -1 -1 -1 -0.585759 -0.621386 0.471173 -1 -0.437845 -0.137522 -0.51321 0.0620486 0.242476 -0.508642 -0.531034 -0.146639 -0.35963 0.228333 -0.311186 0.364141 -0.80656 -0.0431916 -1 -0.628736 0.305897 -0.97216 
-0.54764 0.013641 -1 0.342521 0.348431 -0.14074 -0.972156 0.0622861 -1 -0.636929 -0.0113536 0.38628 -0.740412 -0.304126 -1 -0.916094 -0.297915 -0.935469 -1 -0.641318 -0.31795 -0.213533 0.0185288 -0.967001 -1 -0.833315 -0.083934 -0.0376174 -1 -1 0.0457652 -0.873233 -1 -0.926096 -1 -1 -1 -1 -0.834908 -0.65482 0.567538 -0.09416 -0.944379 -0.887966 -0.159891 -0.740759 -0.119944 -0.494006 -0.103732 -1 -0.859325 -0.716504 -0.253797 -1 0.475821 -0.881457 -1 -0.861692 -1 -1 -0.507148 0.444097 -0.525028 -0.638488 -0.0882776 -0.171471 -1 -1 0.488099 -0.421158 -1 -0.745971 0.0142312 -1 -0.305274 -0.804977 -0.222704 -1 -0.812991 -1 -0.686211 -1 0.0118988 -0.338754 -0.376424 -0.848811 -0.88027 0.347187 -1 -0.139293 0.00966977 -0.0582002 -0.915545 -0.952766 0.602735 -0.940712 0.353345 -0.118861 0.813253 -0.753981 -0.305764 0.0612601 -0.401807 -0.776042 0.496303 -0.0887329 -0.566907 0.303274 -0.361502 -0.487266 -1 -0.271052 -0.583564 -0.987692 -0.825035 -1 -0.398368 -0.578689 0.39154 -1 -0.128553 -0.0269904 -0.480622 0.191797 0.366873 -0.607592 -0.786082 0.124192 -0.291652 0.134649 -0.00723916 0.364141 -0.656061 0.132579 -1 -0.699988 0.361317 -0.946106 
0.598806 -1 -0.629142 0.696383 0.485725 -0.753446 -0.729079 -0.28449 -0.871259 -0.470174 0.64507 0.729856 0.131793 -0.576217 0.323849 -0.474004 0.366989 -0.757064 0.234028 -0.3053 0.702251 -0.776901 -0.308519 0.324731 -1 0.424753 -0.568338 -0.805381 0.642465 -0.827772 -1 0.465068 -0.590151 -1 -1 0.735665 -0.985869 0.442227 -0.229838 -0.164021 0.734575 -0.101868 -0.13693 -0.474449 0.702091 -0.379061 -0.902954 0.0778716 0.419707 -0.443061 0.186082 -1 -0.072459 0.595896 -0.951977 -0.736634 -0.134738 -1 -0.788254 0.540279 -0.248281 0.378664 -1 -0.650867 -0.960287 0.115638 -0.449354 -0.0849507 0.289335 -0.0879149 0.786259 -1 0.193894 -0.245777 -0.543644 -0.775831 -0.0371256 -0.259957 -1 0.811631 -1 -0.123847 -0.837318 -0.540641 -0.854267 -1 0.73974 -0.851805 -0.305487 0.566888 -0.821273 -0.864033 -0.6622 -0.545221 0.843957 -0.937673 -0.283357 0.552641 0.823254 -0.477371 -0.260401 0.0465532 0.652201 -0.639319 -0.446955 0.458298 -0.510685 -0.363686 -0.632902 -0.944441 -1 -0.547668 -0.506988 0.408791 0.760027 -0.542779 0.507576 0.038315 -0.580832 -0.359886 -0.169693 -1 -0.849364 -0.139316 -0.138843 0.217747 -1 0.493958 -1 -0.389043 -0.571038 0.317973 -1 -1 -0.827793 0.607315 -0.178289 -0.190637 
0.502808 -0.841054 -0.203024 0.759498 0.71386 -0.729545 -0.70249 -0.18822 -0.765577 -0.375857 0.589779 0.45796 0.159042 -0.763142 0.0251793 -0.538921 0.601053 -0.385698 0.717215 -0.117693 0.36154 -1 -0.432802 0.703738 -0.81502 0.894576 -0.782573 -0.707523 0.670984 -0.881651 -1 0.520893 -0.352254 -0.983477 -0.989579 0.815925 -1 0.515007 0.0479049 -0.113679 0.908365 0.0586897 -0.170275 -1 0.899869 -0.489187 -0.965199 0.335251 0.0859816 -0.184348 0.356513 -0.975409 -0.12267 0.461818 -0.629956 -0.60951 0.118286 -1 -0.876882 0.490524 -0.105063 0.770979 -1 -0.112607 -1 0.269289 -0.671247 0.0222942 0.133016 0.120074 0.649394 -0.922964 0.251338 0.189394 -0.669761 -1 -0.235542 -0.556095 -1 0.644039 -0.900789 -0.409288 -1 -0.638374 -0.320119 -1 0.938869 -1 -0.377154 0.348422 -0.538495 -0.483228 -0.711798 -0.469698 0.624087 -0.973617 -0.273665 0.131055 0.650768 -0.459586 -0.306338 0.231213 0.7465 -0.160297 -1 0.301041 -0.453955 -0.292997 -0.82056 -0.868834 -0.72411 -0.408962 -0.546683 0.668099 0.292921 -0.54694 0.488346 0.79565 -0.308758 -0.316463 -0.462589 -1 -0.929848 -0.309777 -0.105106 0.636741 -0.881032 0.50532 -0.951882 -0.53513 -0.664171 0.0751556 -1 -0.919264 -0.77761 0.79111 -0.00554134 0.772972 
-0.985111 -1 0.058179 -0.756694 0.821566 0.0465729 -0.869322 0.162444 -0.697481 -1 -0.718671 -0.760252 0.524716 0.568488 -0.379809 -0.876712 -0.980941 -0.388407 0.162943 0.0775026 -0.875566 0.0619658 0.375723 0.597451 -0.237119 -0.488384 -0.390437 0.526067 -0.238906 -0.506263 0.541228 0.0117385 -1 -0.188906 -0.350922 -0.920692 0.842833 0.954757 -0.979255 0.410661 0.44811 -0.385904 0.381616 -1 0.836083 0.574738 -0.885233 0.157892 0.0128595 -0.475059 -0.464566 -0.432793 -0.776192 -1 0.725626 -0.984309 -0.370885 -0.314067 -0.0839307 -1 0.135579 0.502029 -0.355538 0.420773 0.936598 -0.30453 -1 0.141288 0.217212 0.0965157 -0.754519 -1 -0.759281 0.442838 0.971393 0.59354 -0.892782 0.237708 -0.700043 0.372652 -0.876368 0.15205 -0.627883 -1 -0.342805 -0.217758 -1 -0.0951192 -0.801852 0.66179 0.707126 0.0513658 0.355619 0.262344 -0.866581 -0.0175588 0.103754 -0.0560604 -0.384179 -0.0608274 0.299054 -1 0.587481 0.478775 0.0197629 -0.498377 -0.79793 0.0819141 -0.827582 0.21955 0.856557 -0.145732 0.196727 0.0627991 -0.767585 0.36854 -0.00652918 -0.473801 0.0649603 -1 -0.960517 0.844067 -1 0.411505 0.675562 -0.626883 -0.627085 0.137769 0.769228 0.130932 -0.1588 -0.345225 -1 -1 0.211406 -1 0.310409 0.375291 
-0.553739 -0.038816 -0.939693 0.288262 0.255505 0.00463142 -1 -0.0212903 -0.942101 -0.636929 -0.0113536 0.392672 -0.774349 -0.233816 -1 -0.912497 -0.209655 -1 -1 -0.683792 -0.31795 -0.24804 0.0280689 -1 -0.968063 -0.833315 -0.173549 0.00589547 -0.782488 -0.730734 -0.00408763 -0.873233 -0.96217 -0.92328 -1 -1 -0.979742 -1 -0.82373 -0.384153 0.567538 0.132984 -0.944379 -0.887966 0.0958777 -0.579628 -0.255528 -0.494006 0.148276 -1 -0.672863 -0.697284 -0.0506292 -1 0.475821 -0.881457 -1 -0.812136 -0.857481 -1 -0.520381 0.497452 -0.550837 -0.560504 0.0348157 0.124324 -0.786439 -1 0.575947 -0.604884 -0.822422 -0.459519 0.0142312 -1 -0.270067 -0.739034 -0.222704 -1 -0.788453 -0.991749 -0.864475 -1 0.154953 -0.444225 -0.376424 -0.88508 -1 0.291885 -0.973515 -0.139293 0.00966977 -0.190135 -1 -1 0.541909 -1 0.353345 -0.118861 0.706204 -0.69315 -0.305764 0.0195552 -0.382855 -0.776042 0.496303 -0.0791982 -0.512841 0.303274 -0.443731 -0.549896 -1 -0.271052 -0.583564 -1 -0.825035 -1 -0.194828 -0.578689 0.461787 -1 -0.265167 -0.0732683 -0.480622 0.191797 0.366873 -0.354738 -0.650845 0.124192 -0.291652 0.134649 -0.00723916 0.364141 -0.686697 0.132579 -1 -0.73326 0.361317 -1 
0.583443 -0.683024 -0.429445 0.325197 0.398558 -1 -0.807064 -0.312244 -1 -0.52609 0.904533 0.649782 0.0524239 -0.586471 0.351838 -0.475158 0.21655 -0.610077 0.554668 0.0782041 0.775126 -1 -0.0370828 0.554983 -0.781435 0.701449 -0.779119 -0.563968 0.479651 -0.916808 -0.992433 0.263021 -0.68981 -1 -1 0.676853 -0.885093 0.278558 -0.314545 -0.146039 0.608854 -0.0790953 -0.187557 -0.588615 0.76796 -0.495744 -0.772283 0.141854 0.255358 -0.466553 0.222242 -1 0.0605307 0.399959 -0.876285 -0.420291 -0.282193 -0.979037 -0.76907 0.407411 -0.213821 0.594065 -1 -0.38329 -0.887507 -0.152747 -0.690665 -0.124869 0.238718 0.256542 0.619627 -0.690685 0.28512 -0.0446627 -0.505176 -0.817248 0.0346961 -0.668364 -1 0.884849 -1 -0.303401 -0.833422 -0.326557 -0.454177 -1 0.742839 -1 -0.366896 0.389116 -0.604474 -0.503928 -1 -0.730843 0.843957 -0.889324 -0.396553 0.494166 0.52797 -0.385078 -0.0435301 0.203603 0.62312 -0.748557 -0.517316 0.0453348 -0.951802 -0.291507 -0.630217 -0.932192 -1 -0.330797 -0.741533 0.428416 0.615401 -0.891962 0.602001 0.177995 -0.542942 -0.375045 -0.280333 -1 -0.988606 -0.244082 -0.130077 0.389584 -0.939682 0.353805 -1 -0.380445 -0.503973 0.0576519 -0.608277 -0.933201 -0.828527 0.500837 0.00714628 0.0983791 
0.297897 -0.780244 -0.373556 0.393494 0.328644 -1 -0.664675 -0.213864 -1 -0.548216 0.7858 0.476295 0.11746 -0.646062 0.085748 -0.481677 0.198968 -0.762597 0.465061 0.144174 0.712325 -0.935124 -0.06942 0.33171 -0.785485 0.69146 -0.612864 -0.666208 0.42792 -0.825831 -1 0.33208 -0.546438 -1 -1 0.663667 -1 0.100823 -0.417634 -0.0543317 0.702307 -0.101868 -0.154483 -0.530917 0.751326 -0.202539 -0.877935 0.189288 0.161572 -0.305847 0.198552 -1 0.0673615 0.297463 -0.652932 -0.458151 -0.145241 -1 -0.857615 0.310307 -0.404773 0.533742 -1 -0.406218 -0.941151 -0.268354 -0.792909 0.273796 0.0215301 0.13843 0.799867 -0.662167 0.224717 -0.225199 -0.856899 -0.945113 -0.139533 -0.226405 -1 0.811631 -1 -0.156099 -0.717945 -0.228898 -0.70753 -0.983877 0.818659 -1 -0.350958 0.270257 -0.54359 -0.543864 -0.728581 -0.76961 0.843957 -1 -0.442317 -0.0372557 0.795338 -0.147729 -0.270306 0.34342 0.645071 -0.362462 -0.578978 0.444662 -0.543865 -0.297626 -0.562017 -0.944441 -0.740183 -0.649244 -0.472918 0.526338 0.760027 -0.670538 0.412258 0.191455 -0.46486 -0.487879 -0.267352 -1 -0.783146 -0.419621 -0.455013 0.490546 -1 0.477917 -1 -0.402144 -0.564303 -0.132401 -0.644491 -0.957376 -0.949892 0.258346 -0.158295 0.140767 
0.595955 -1 -0.547835 0.562457 0.691492 -0.888756 -0.92663 -0.923452 -0.895173 -0.387202 0.450578 0.537058 0.18842 -0.549255 -0.120783 -0.752352 0.424894 -0.825808 0.480352 0.0298739 0.704908 -0.960325 -0.0737898 0.608242 -0.85536 0.389846 -0.564222 -0.729379 0.714085 -0.979326 -1 0.257982 -0.606733 -0.9784 -1 0.703713 -1 -0.141925 -0.494495 -0.0273397 0.332473 -0.34997 -0.193657 -0.576896 0.849633 -0.534548 -1 -0.102525 -0.0844124 -0.234515 -0.110799 -1 -0.364472 0.345329 -0.986017 -0.425789 -0.252499 -1 -0.807277 0.42782 -0.110333 0.385162 -1 -0.599946 -0.933703 -0.032582 -0.560517 0.133557 0.270357 -0.22153 0.857149 -0.991949 -0.00516613 -0.385676 -0.449506 -0.792868 0.108791 -0.323761 -1 0.577273 -1 -0.162062 -0.791982 -0.387911 -0.718036 -1 0.74283 -0.800017 -0.875497 0.386642 -0.391687 -0.492313 -0.790427 -0.525852 0.509075 -1 -0.485309 0.0652704 0.767848 -0.324869 -0.212336 0.333454 0.83712 -0.346549 -0.614576 0.162682 -0.584105 -0.411767 -0.713807 -0.944441 -0.753153 -0.787939 -0.952597 0.431989 0.627675 -0.584571 0.100863 -0.0373284 -0.561634 -0.599148 -0.185821 -0.989387 -1 -0.790951 -0.435137 0.305166 -0.986502 0.401607 -0.997388 -0.518784 -1 -0.0718831 -0.639284 -1 -1 0.600973 -0.205141 -0.181277 
0.494159 -0.751806 -0.259572 0.861585 0.357396 -0.972985 -0.719561 -0.160472 -0.982878 -0.372619 0.589779 0.211539 0.135784 -0.639143 0.149451 -0.509959 0.519879 -0.603754 0.418098 0.113078 0.635315 -0.880734 -0.334932 0.813351 -1 0.894576 -0.782573 -0.74785 0.545392 -0.892082 -1 0.508693 -0.352254 -1 -0.989579 0.607998 -1 0.514533 0.145829 -0.0860751 0.806047 0.00767148 -0.200824 -0.725985 0.902881 -0.501086 -1 0.335251 -0.197148 -0.184348 0.356513 -0.732985 -0.372918 0.2472 -0.808816 -0.60951 -0.116595 -1 -0.821278 0.555754 -0.122548 0.770979 -1 -0.37037 -0.895327 0.269289 -0.679297 0.245885 0.356845 -0.0834899 0.518725 -1 0.251338 0.0416484 -0.404684 -0.83 -0.0193129 -0.602623 -1 0.627587 -1 -0.409288 -0.663733 -0.61612 -0.320119 -1 0.641224 -0.749035 -0.587962 0.376436 -0.538495 -0.434223 -0.630414 -0.469698 0.626193 -1 -0.257219 0.294993 0.407363 -0.520663 -0.255503 0.0703298 0.793919 -0.0803592 -1 0.43335 -0.529208 -0.165841 -0.902079 -0.908242 -0.808239 -0.164135 -0.365557 0.733868 0.311278 -0.457368 0.849251 0.534382 -0.306255 -0.316463 -0.510593 -1 -1 -0.309777 -0.105106 0.426269 -1 0.544518 -0.983045 -0.60009 -0.805925 0.154225 -0.973127 -1 -0.815032 0.786495 0.21682 0.557003 
-0.140199 -0.663916 -0.551234 0.922098 0.629377 -0.844328 -1 -0.487296 -0.844286 -0.537565 0.470151 -0.0689811 0.0751349 -1 -0.539316 -0.815439 0.282389 -0.687002 0.169337 -0.21559 0.567566 -1 -0.361666 0.575953 -1 0.518301 -0.915736 -0.838778 0.565575 -1 -0.918859 0.524385 -0.442689 -1 -1 0.639137 -1 0.398266 -0.0171147 -0.187379 0.542777 -0.333625 -0.177928 -1 0.687115 -1 -0.732719 0.335251 -0.384538 -0.268532 0.417235 -1 -0.993326 0.0988766 -1 -0.952177 -0.0925134 -0.902697 -0.811601 0.400005 -0.813699 0.238369 -1 -0.350298 -1 -0.080668 -0.443022 -0.0641359 -0.311454 -0.137792 0.360079 -1 -0.0100869 -0.674697 -0.986698 -0.814098 -0.123644 -0.508965 -1 -0.32152 -1 -0.38722 -1 -0.430644 -0.527535 -0.998403 0.833606 -1 -0.52102 0.127246 -0.805084 -0.762909 -0.500336 -0.4453 0.289619 -0.951002 -0.882729 -0.22348 0.254245 -0.744824 -0.601713 0.00309969 0.67656 -0.147589 -0.966792 0.543943 -0.529832 -0.447546 -0.94779 -0.976801 -1 -0.181553 -0.464092 0.909791 0.308373 -0.913324 0.544514 0.816489 -0.749189 -0.316463 -1 -1 -0.878963 -0.436151 -0.265635 0.249833 -1 0.43903 -1 -0.702875 -0.831036 -0.109252 -0.96063 -0.974634 -1 0.966625 -0.130458 0.495697 
0.286349 -1 -0.603873 0.021437 -0.0281621 -0.953659 -0.97548 -0.682641 -1 -1 0.194793 0.399442 0.331375 -0.930867 0.218216 -1 0.319628 -0.393037 -0.354659 -0.576023 0.715699 -0.950808 -0.318521 0.288003 -1 0.275582 -0.490632 -1 0.744691 -0.846218 -1 -0.0538193 -1 -1 -0.906689 0.294055 -1 -0.133814 -0.648164 0.203614 -0.0717087 -0.581655 -0.217487 -0.879668 0.460786 -1 -0.963961 -0.46216 -0.180674 -1 0.43239 -0.994722 0.0705373 -0.0574721 -1 -1 -0.271043 -1 -0.92209 -0.0328041 -0.450918 0.452023 -1 -0.696019 -1 -0.616707 -1 -0.0963752 -0.448659 -0.224475 -0.134515 -1 -0.618218 -0.0554865 -0.466836 -0.856793 -0.0510134 -0.932465 -0.923805 0.57165 -1 -0.23077 -0.952358 -0.601426 -0.437749 -1 0.217363 -1 -1 0.4155 -0.93908 -0.915879 -0.932972 -1 0.398153 -1 -0.450307 -0.0262628 0.348211 -0.703249 -0.780798 -0.03534 0.497958 -0.075169 -1 -0.0711716 -0.668557 -0.220963 -0.5986 -1 -1 -0.767497 -0.665232 0.60333 0.628257 -0.937314 -0.0595934 0.231589 -0.984709 -0.132887 -0.56785 -1 -0.929116 -0.868081 -0.288846 0.085058 -0.907927 0.19236 -1 -1 -1 0.102448 -0.97415 -0.929183 -1 -0.172907 -0.347789 -0.245251 
0.470951 -0.686055 -0.452248 0.54996 0.192167 -0.9985 -0.907327 -0.432234 -0.872228 -0.707821 0.784947 0.924218 0.213716 -0.679307 0.314137 -0.979408 0.519237 -0.332795 -0.0450544 -0.167465 0.761093 -0.756966 0.109073 0.445051 -1 0.868564 -0.434196 -1 0.75266 -0.89392 -0.973623 0.312737 -0.824249 -1 -0.9469 0.645911 -1 0.158668 -0.495827 0.0850256 0.330106 -0.304568 -0.0568024 -0.667699 0.72327 -0.493649 -0.737115 -0.22246 0.109182 -0.398507 0.389221 -0.967936 0.028206 0.00608301 -0.878259 -0.565376 -0.137844 -1 -1 0.464546 -0.185423 0.517192 -0.988644 -0.43943 -1 -0.321548 -0.569099 -0.0799044 -0.211743 -0.218866 0.376815 -0.707131 -0.459624 0.115917 -0.517351 -0.714483 0.117267 -0.694199 -0.924697 0.769403 -1 -0.012993 -0.91801 -0.467456 -0.501393 -1 0.54505 -0.872209 -0.988437 0.677689 -0.829702 -0.661872 -0.822524 -0.730566 0.477813 -1 -0.450307 0.449489 0.527512 -0.244372 -0.274371 0.0115834 0.664296 -0.167069 -0.640025 0.215009 -0.566189 -0.220963 -0.473162 -1 -1 -0.70052 -0.448112 0.837022 0.577982 -0.779177 0.228428 0.176365 -0.883845 -0.11741 -0.226367 -0.955013 -0.758305 -0.549763 0.0188879 0.495543 -1 0.452767 -1 -0.918278 -0.793861 0.1528 -0.856874 -1 -0.897986 0.0406695 -0.152936 0.32004 
0.470951 -0.734442 -0.500065 0.54996 0.000533178 -0.934313 -0.961449 -0.623937 -1 -0.583834 0.613231 0.920871 0.236219 -0.717845 0.309309 -1 0.511963 -0.660596 -0.10246 -0.174118 0.763879 -0.772069 -0.00161728 0.445051 -0.988574 0.796574 -0.717826 -1 0.606408 -0.848425 -0.941227 0.324186 -0.86233 -1 -1 0.652807 -1 -0.0281022 -0.422086 -0.0293127 0.330106 -0.326247 -0.0568024 -0.711788 0.733235 -0.494782 -0.703402 -0.210474 0.210747 -0.398507 0.43516 -0.989079 0.128057 -0.00291277 -0.870555 -0.672174 -0.137844 -1 -1 0.283542 -0.166812 0.545848 -0.957565 -0.484671 -0.993097 -0.53818 -0.701215 -0.0734297 -0.451064 -0.50501 0.431432 -0.707131 -0.39064 0.090076 -0.547558 -0.88881 0.0188383 -0.911636 -1 0.811052 -1 0.0865097 -0.91801 -0.426168 -0.677021 -1 0.56988 -0.942561 -1 0.662567 -1 -0.865541 -0.820115 -0.957875 0.487704 -1 -0.450307 0.42909 0.42021 -0.250138 -0.247398 0.00729994 0.664296 -0.214047 -0.811499 0.223705 -0.562971 -0.439893 -0.56392 -1 -1 -0.688334 -0.45714 0.747555 0.626866 -0.833135 0.20153 0.211636 -0.876004 -0.38951 -0.268118 -1 -0.68857 -0.629402 -0.0680082 0.540149 -0.998719 0.223641 -1 -0.959575 -1 -0.0464288 -1 -1 -0.880941 -0.168415 -0.319866 0.372876 
0.560429 -0.74088 -0.455122 0.609708 0.595373 -0.892816 -0.697761 -0.378131 -0.932565 -0.453636 0.816187 0.577469 0.135069 -0.531014 0.244615 -0.793305 0.343251 -0.596948 0.367184 0.0737894 0.702226 -0.787561 -0.245152 0.365806 -0.832259 0.70914 -0.481327 -0.657655 0.711002 -1 -0.932334 0.438769 -0.652089 -1 -1 0.883255 -1 0.390865 -0.438602 0.147002 0.46082 -0.137242 0.070928 -0.532514 0.791636 -0.319882 -0.86174 0.0778696 0.107975 -0.0641608 0.27402 -0.983313 0.072295 0.488123 -0.701816 -0.424321 -0.282747 -0.991505 -0.791124 0.496318 -0.424284 0.69278 -1 -0.38329 -1 0.0423806 -0.55624 0.225062 0.340814 0.1269 0.834158 -0.907799 0.233169 -0.365558 -0.661865 -0.755526 -0.102089 -0.527645 -0.9725 0.861372 -0.970552 -0.156918 -0.818866 -0.182048 -0.726803 -0.98707 0.709655 -0.842066 -0.409972 0.436805 -0.440046 -0.606712 -0.588835 -0.569177 0.753684 -0.944073 -0.242154 0.460702 0.642186 -0.431233 -0.0133686 0.416076 0.679072 -0.634453 -0.4946 0.111055 -0.601676 -0.421774 -0.704665 -1 -0.698609 -0.314007 -0.517888 0.242719 0.424516 -0.643091 0.506187 0.21442 -0.626337 -0.253544 -0.185904 -1 -0.815008 -0.252826 -0.12626 0.218449 -1 0.515464 -0.966414 -0.410687 -0.471019 0.342846 -0.7215 -0.916767 -1 0.433699 0.191962 0.221525 
-0.590718 -0.223913 -1 0.379774 0.255505 -0.0224041 -0.998434 -0.0364148 -1 -0.90143 -0.0109034 0.306645 -0.796055 -0.258244 -0.976883 -0.912497 -0.190481 -0.935469 -1 -0.660713 -0.31795 -0.522633 0.258602 -1 -1 -0.871241 -0.083934 -0.141863 -0.814031 -0.96889 0.0562281 -0.873233 -0.96217 -0.997545 -1 -1 -1 -0.93613 -0.759943 -0.575937 0.421014 0.11402 -0.938618 -1 -0.237958 -0.602934 -0.133197 -0.494006 0.177941 -1 -0.616795 -0.865604 -0.0270765 -1 0.437798 -0.881457 -1 -0.99583 -0.84017 -1 -0.445287 0.681979 -0.550837 -0.8852 -0.324886 0.0647031 -0.786439 -1 0.71874 -0.530629 -0.836127 -0.479833 0.0187546 -0.99132 -0.327891 -0.790962 -0.236222 -1 -0.694023 -1 -0.819842 -1 0.146614 -0.338754 -0.364642 -0.892443 -0.88027 0.347187 -1 -0.371298 0.00966977 -0.0142845 -0.997653 -0.843882 0.444161 -0.949959 0.353345 -0.118861 0.828705 -0.794529 -0.240367 -0.0228731 -0.622343 -0.829088 0.489016 -0.0768684 -0.512841 0.254882 -0.443731 -0.482428 -1 -0.439465 -0.487571 -1 -0.857422 -1 -0.272886 -0.558072 0.471603 -0.967674 -0.279877 -0.0732683 -0.629338 0.191797 0.115061 -0.394787 -0.534075 0.0574257 -0.314216 0.134649 -0.0453698 0.296972 -0.786651 -0.0395975 -1 -0.898713 0.0628509 -0.9741 
0.43266 -0.658215 -0.474135 0.219504 0.164401 -0.869226 -1 -0.336413 -0.938474 -0.40138 0.885114 0.626594 0.343575 -0.491165 0.289894 -1 0.460502 -0.49763 0.0500299 -0.272337 0.676286 -0.828687 -0.248207 0.607873 -0.971809 0.697574 -0.803075 -1 0.65033 -0.706637 -0.817779 0.167564 -0.953899 -1 -0.939902 0.318629 -1 0.228522 -0.618526 0.181762 0.468303 -0.377566 -0.306316 -0.35605 0.614996 -0.793784 -0.767567 -0.125304 0.0612463 -0.407465 0.298939 -1 0.0834991 0.0971756 -0.994047 -0.594616 -0.0123076 -0.924713 -1 0.413786 -0.156241 0.402987 -1 -0.982228 -1 -0.392934 -0.680927 -0.129058 -0.0809507 -0.416031 0.833223 -0.798505 -0.359432 0.183428 -0.358162 -0.898911 0.07524 -0.602566 -0.950114 0.594943 -1 -0.0403661 -0.801688 -0.292281 -0.2758 -0.993177 0.180032 -0.680192 -1 0.751764 -0.793072 -0.66283 -0.747364 -0.738115 0.56066 -1 -0.608633 0.462882 0.553527 -0.401296 -0.321914 0.236682 0.564882 0.00361963 -1 0.177606 -0.510938 -0.269922 -0.759039 -1 -0.98687 -0.379361 -0.620881 0.796485 0.563998 -1 -0.0565196 0.00995392 -0.687658 -0.0677845 -0.266598 -0.982805 -0.839801 -0.412123 -0.247552 0.363137 -1 0.168355 -0.913762 -0.909307 -1 -0.0362648 -1 -0.978792 -1 0.238509 -0.370965 0.602549 
0.179747 -0.683601 -0.672773 0.332137 0.164762 -1 -0.914004 -0.632711 -0.938199 -0.743925 0.551498 0.672526 0.236219 -0.690188 0.386522 -0.909992 0.45984 -0.607869 -0.431443 -0.552959 0.546252 -0.802607 0.0695726 0.445051 -0.919824 0.803262 -0.436255 -1 0.679092 -0.940171 -0.830365 0.0320257 -0.978185 -1 -1 0.427986 -0.994222 0.252159 -0.716972 0.00173086 0.285362 -0.556808 -0.199514 -0.684476 0.72327 -0.47399 -0.716374 -0.502515 0.156955 -0.594493 0.42351 -1 -0.280569 -0.280589 -1 -0.821204 -0.248209 -1 -1 0.261726 -0.166812 0.587399 -1 -0.478465 -1 -0.285446 -0.859115 -0.371494 -0.241331 -0.508093 0.0712021 -0.721331 -0.38597 -0.0658756 -0.533868 -0.674557 -0.173031 -0.664496 -0.923011 0.773507 -1 -0.33534 -0.90409 -0.568766 -0.425252 -1 0.294579 -0.846709 -1 0.392057 -1 -0.709084 -0.807774 -0.853937 0.510768 -0.911288 -0.491914 0.419564 0.527512 -0.262728 -0.261754 0.0176072 0.664296 -0.468234 -0.659887 0.1418 -0.756828 -0.513036 -0.562734 -1 -1 -0.688334 -0.568604 0.662128 0.666058 -0.798945 0.211048 0.150242 -1 -0.11741 -0.322635 -0.901288 -0.779468 -0.819474 -0.133371 0.404244 -0.935983 0.424128 -1 -0.924426 -1 0.204809 -0.901396 -0.960896 -1 -0.395777 -0.358146 0.160098 
0.29236 -0.549973 -0.655265 0.54996 0.194147 -0.840643 -1 -0.349435 -1 -0.672088 0.565442 0.900077 0.236219 -0.769312 0.358973 -0.922921 0.519237 -0.529711 -0.0727471 -0.174118 0.501654 -0.889886 -0.118755 0.44193 -0.992786 0.868564 -0.490978 -1 0.790854 -0.956165 -0.942153 0.31754 -0.833075 -0.987648 -0.9469 0.652807 -1 0.158668 -0.548895 0.246844 0.330106 -0.406909 -0.0456515 -0.714009 0.509084 -0.716589 -0.793743 -0.210474 0.180667 -0.340541 0.38727 -0.967936 0.0454786 -0.155303 -0.878829 -0.747576 -0.195576 -1 -1 0.470259 -0.166812 0.646518 -1 -0.496364 -1 -0.285446 -0.57545 -0.0799044 -0.186009 -0.279194 0.37734 -0.707439 -0.601062 0.115917 -0.517351 -0.749066 0.0713068 -0.630849 -0.948844 0.753235 -0.967288 0.0379325 -1 -0.426168 -0.426874 -1 0.344902 -0.848374 -1 0.677689 -0.770913 -0.622384 -0.781865 -0.783649 0.480307 -1 -0.437949 0.49295 0.527512 -0.172631 -0.227224 -0.0388061 0.664296 -0.075169 -0.669817 0.215009 -0.567308 -0.220963 -0.437385 -1 -1 -0.688334 -0.509201 0.837022 0.439602 -0.798425 0.204007 -0.0260929 -0.846493 -0.255777 -0.148829 -0.852831 -0.779468 -0.540216 -0.239245 0.615023 -1 0.407098 -0.977434 -0.914702 -0.793861 0.184519 -0.856874 -1 -0.97792 0.0175401 -0.394772 0.370583 
0.494159 -0.891811 -0.203024 0.614776 0.355282 -0.741297 -0.784826 -0.296531 -1 -0.372619 0.40551 0.45796 0.141863 -0.773398 -0.0531492 -0.643036 0.58508 -0.440879 0.704773 -0.0761194 0.634841 -0.880734 -0.151134 0.820969 -0.779535 0.899417 -1 -0.664239 0.63904 -0.835142 -1 0.342302 -0.352254 -1 -0.977551 0.815925 -0.978844 0.514533 0.0636104 -0.0445703 0.925393 -0.190705 -0.212218 -1 0.630561 -0.531072 -0.951574 0.335251 0.130253 -0.19855 0.269517 -0.800028 -0.244594 0.461818 -0.961777 -0.60951 -0.101768 -1 -0.821278 0.380565 -0.151925 0.729606 -1 -0.157387 -0.82144 0.307356 -0.467765 0.11694 0.299568 0.121968 0.658485 -1 0.213749 0.107404 -0.68775 -1 -0.0193129 -0.594451 -1 0.612477 -1 -0.452355 -0.735708 -0.660121 -0.320119 -1 0.885166 -0.903604 -0.5803 0.316276 -0.538495 -0.446877 -0.653612 -0.73547 0.412585 -1 -0.307399 0.385022 0.468307 -0.424266 -0.274444 0.21269 0.670128 -0.139407 -0.793804 0.378861 -0.674074 -0.269637 -1 -0.874478 -1 -0.232333 -0.389213 0.809537 0.260391 -0.626749 0.78194 0.725727 -0.35089 -0.336856 -0.505016 -1 -1 -0.339254 -0.0138297 0.636906 -0.913464 0.523809 -0.985949 -0.763698 -0.571219 0.27855 -1 -1 -0.767247 0.753397 0.210427 0.7382 
-0.455513 -0.038816 -1 0.288262 -0.0034011 0.0186204 -1 -0.0133484 -1 -0.612331 -0.0113536 0.392672 -1 -0.545141 -1 -0.98975 -0.252629 -0.99199 -1 -0.670498 -0.31795 -0.271831 0.0522042 -1 -1 -0.833315 -0.0866447 0.00209982 -0.703091 -0.735988 -0.0547348 -1 -0.992854 -0.999489 -1 -0.997584 -1 -1 -0.834908 -0.610004 0.57179 -0.00204492 -1 -0.887966 0.0958777 -0.583774 -0.367863 -0.656926 0.148276 -1 -0.907723 -0.741278 -0.176141 -1 0.475821 -0.881457 -1 -1 -0.840238 -1 -0.634898 0.681979 -0.588426 -0.83753 -0.135323 0.148647 -0.818544 -0.947242 0.42515 -0.65824 -0.805674 -0.415304 -0.157816 -1 -0.22676 -0.776239 -0.240115 -0.987536 -0.777942 -1 -0.686211 -1 0.154953 -0.329217 -0.452168 -0.847936 -0.895855 0.143305 -0.918935 -0.126403 0.0155826 -0.0320613 -1 -0.892992 0.541909 -0.929284 0.353345 -0.163432 0.562077 -1 -0.320103 -0.257075 -0.4702 -0.757686 0.496303 -0.0791982 -0.457051 0.303274 -0.536918 -0.477651 -1 -0.271052 -0.583564 -1 -1 -0.993368 -0.292269 -0.578689 0.422288 -1 -0.383946 -0.0732683 -0.466174 0.158484 0.366873 -0.401569 -0.75324 0.0846739 -0.610583 0.0690233 -0.00723916 0.372305 -0.694521 0.152296 -1 -0.703867 0.343165 -0.937248 
0.428897 -0.737967 -0.267931 0.721327 0.562846 -0.791617 -0.854917 -0.150404 -0.782716 -0.598636 0.553418 0.274884 -0.180999 -0.813488 0.163198 -0.558132 0.460195 -0.545174 0.562174 -0.117447 0.232839 -0.949286 -0.151134 0.776898 -0.869328 0.587205 -0.793482 -0.744857 0.591845 -0.974504 -1 0.383084 -0.681886 -0.999011 -1 0.596825 -1 0.146957 -0.124735 -0.329984 0.343685 -0.0581938 -0.418081 -0.789291 0.839198 -0.480871 -0.839147 0.313328 -0.155491 -0.300951 0.356513 -1 -0.326763 0.439599 -0.833407 -0.635945 0.167645 -1 -0.885789 0.493773 -0.0428216 0.428622 -0.983064 -0.0232849 -0.883641 0.0742297 -0.485498 0.260452 0.333848 0.205323 0.455002 -1 0.26172 0.200941 -0.873243 -1 -0.089259 -0.434561 -1 0.249569 -1 -0.738266 -0.787579 -1 -0.343807 -0.919047 0.653658 -0.804165 -0.348275 0.347833 -0.538495 -0.634543 -0.637506 -0.772928 0.364536 -1 -0.228754 0.214674 0.471827 -0.733915 -0.275072 0.0511316 0.754897 -0.160297 -0.942548 0.258625 -0.806061 -0.210548 -1 -0.874646 -1 -0.316091 -0.463692 0.735348 0.119841 -0.574653 0.747302 0.726848 -0.4089 -0.169016 -0.561951 -1 -0.926245 -0.319801 -0.315461 0.620551 -0.925847 0.502852 -1 -0.666398 -0.586079 0.26648 -0.941301 -1 -0.720091 0.61859 0.173965 0.708939 
-0.553739 -0.038816 -0.939693 0.288262 0.255505 0.00463142 -1 -0.0212903 -0.942101 -0.636929 -0.0113536 0.392672 -0.774349 -0.233816 -1 -0.912497 -0.209655 -1 -1 -0.683792 -0.31795 -0.24804 0.0280689 -1 -0.968063 -0.833315 -0.173549 0.00589547 -0.782488 -0.730734 -0.00408763 -0.873233 -0.96217 -0.92328 -1 -1 -0.979742 -1 -0.82373 -0.384153 0.567538 0.132984 -0.944379 -0.887966 0.0958777 -0.579628 -0.255528 -0.494006 0.148276 -1 -0.672863 -0.697284 -0.0506292 -1 0.475821 -0.881457 -1 -0.812136 -0.857481 -1 -0.520381 0.497452 -0.550837 -0.560504 0.0348157 0.124324 -0.786439 -1 0.575947 -0.604884 -0.822422 -0.459519 0.0142312 -1 -0.270067 -0.739034 -0.222704 -1 -0.788453 -0.991749 -0.864475 -1 0.154953 -0.444225 -0.376424 -0.88508 -1 0.291885 -0.973515 -0.139293 0.00966977 -0.190135 -1 -1 0.541909 -1 0.353345 -0.118861 0.706204 -0.69315 -0.305764 0.0195552 -0.382855 -0.776042 0.496303 -0.0791982 -0.512841 0.303274 -0.443731 -0.549896 -1 -0.271052 -0.583564 -1 -0.825035 -1 -0.194828 -0.578689 0.461787 -1 -0.265167 -0.0732683 -0.480622 0.191797 0.366873 -0.354738 -0.650845 0.124192 -0.291652 0.134649 -0.00723916 0.364141 -0.686697 0.132579 -1 -0.73326 0.361317 -1 
0.524077 -1 -0.59337 0.613269 0.367591 -0.867324 -0.710717 -0.461538 -0.898637 -0.938723 0.502483 0.620289 0.142 -0.893429 0.284841 -0.580319 0.451351 -0.46866 0.523945 -0.0215419 0.582442 -1 0.0605294 0.510846 -0.96674 0.606601 -0.547907 -0.70456 0.707039 -0.975819 -1 0.424909 -0.829311 -0.987351 -1 0.903674 -1 0.254266 -0.476048 -0.304552 0.559087 -0.319298 -0.109351 -1 0.815648 -0.248346 -1 0.0694672 0.205769 -0.148353 -0.0812308 -1 -0.213568 0.44502 -0.884229 -0.618788 -0.333566 -1 -0.740012 0.650128 -0.219169 0.656475 -1 -0.450258 -0.993889 -0.0313597 -0.59828 0.210948 0.346247 -0.108644 0.889417 -0.715789 0.261051 -0.199337 -0.801232 -0.739216 0.102276 -0.365207 -0.92986 0.584933 -0.962256 -0.276542 -1 -0.303221 -0.493595 -1 0.929442 -1 -0.27076 0.384463 -0.843022 -0.450719 -0.710342 -0.794033 0.682125 -0.929689 -0.326594 -0.0956064 0.842366 -0.0481007 -0.129587 0.489607 0.844858 -0.356872 -0.507275 0.113219 -0.756546 -0.519414 -0.940589 -1 -0.604581 -0.269863 -0.718278 0.504543 0.724375 -0.703781 0.307747 0.0208642 -0.955385 -0.351457 -0.282973 -1 -0.965669 -0.356107 -0.406177 0.490546 -0.96624 0.496899 -0.992516 -0.834588 -0.924306 0.12432 -0.577304 -1 -1 0.350181 -0.203676 0.162962 
0.299908 -0.832721 -0.568995 0.337568 0.356689 -1 -0.814401 -0.380594 -0.992208 -0.638834 0.827306 0.504701 0.158624 -0.49448 0.380582 -0.428452 0.241598 -0.470337 0.598021 0.202166 0.510505 -0.924649 -0.102449 0.595423 -1 0.601437 -0.510472 -0.657944 0.682909 -0.983733 -1 0.23346 -0.732203 -1 -1 0.729813 -1 0.149579 -0.502579 -0.259914 0.593188 -0.310631 0.0196021 -0.752818 0.732122 -0.340461 -1 -0.248967 0.156665 -0.0538322 -0.258842 -0.994658 0.0888233 0.591324 -0.644559 -0.48587 -0.37692 -1 -0.733536 0.55571 -0.233003 0.420626 -1 -0.566314 -1 0.153018 -0.414642 0.0593666 0.291742 -0.373451 0.84551 -0.715218 0.333251 -0.352571 -0.711949 -1 0.116203 -0.463973 -0.882928 0.770089 -1 -0.0536705 -0.662997 -0.455945 -0.448447 -0.990858 0.848983 -1 -0.302059 0.392584 -0.523625 -0.543048 -0.6609 -0.538109 0.629478 -1 -0.241693 0.0480006 0.794534 -0.211367 -0.161979 0.478568 0.954593 -0.484413 -0.440897 0.0950112 -0.740039 -0.266005 -0.642992 -0.968775 -0.725719 -0.323198 -0.588753 0.442474 0.700142 -0.833832 0.709315 0.0208097 -0.77346 -0.297167 -0.616255 -1 -0.796518 -0.347947 -0.160082 0.339696 -0.922805 0.495054 -0.932396 -0.671423 -0.47552 -0.104292 -0.900658 -1 -0.970467 0.527522 0.101709 0.24554 
-0.569324 -0.318636 -1 0.0778995 0.167386 0.00463142 -1 -0.0490044 -0.935897 -0.709623 -0.0173746 0.476714 -0.798992 -0.238095 -1 -0.958049 -0.193962 -1 -1 -0.736635 -0.325728 -0.24804 0.0280689 -1 -1 -0.876091 -0.357123 -0.206039 -0.79463 -0.730734 -0.0456759 -0.886289 -1 -0.943905 -0.932446 -1 -1 -1 -0.812928 -0.400688 0.606167 0.11551 -0.950452 -1 0.0981275 -0.574658 -0.280332 -0.494006 0.0985152 -0.993483 -0.702532 -0.708195 -0.172472 -0.990781 0.32686 -0.881457 -0.9845 -0.812136 -0.857481 -1 -0.780228 0.341903 -0.761301 -0.607711 0.00767195 -0.0500615 -0.815184 -1 0.575947 -0.567771 -0.756147 -0.459519 0.0142312 -1 -0.279998 -0.739034 -0.233305 -0.990475 -1 -1 -0.919583 -1 -0.0908854 -0.766286 -0.512313 -0.88508 -1 0.289894 -0.973515 -0.0555058 0.00966977 -0.463302 -1 -1 0.544738 -1 0.320824 -0.118428 0.706204 -0.908133 -0.456179 0.0260853 -0.598159 -0.776042 0.273926 -0.0944792 -0.725978 0.303274 -0.432287 -0.688662 -1 -0.379214 -0.639405 -1 -0.835572 -1 -0.199106 -0.551052 0.461787 -1 -0.280443 -0.0732683 -0.443513 -0.0544564 0.148525 -0.313728 -0.650845 0.124192 -0.231025 0.195399 -0.00723916 0.347011 -0.820573 0.131094 -1 -0.74155 0.32764 -1 
-0.781297 -0.038816 -1 0.219011 -0.0133211 -0.0948845 -1 -0.169379 -1 -0.849299 0.0488339 0.397062 -0.774349 -0.223817 -1 -1 -0.201183 -1 -1 -0.683792 -0.383948 -0.514607 0.0114274 -1 -1 -0.816159 -0.251849 0.00589547 -0.944043 -0.730734 -0.00408763 -1 -0.922875 -0.92328 -0.989804 -1 -0.979742 -0.93825 -0.849044 -0.449383 0.605768 0.209502 -0.953145 -0.827946 0.128683 -0.579628 -0.522819 -0.483713 0.148276 -1 -0.672863 -0.721967 -0.0526593 -1 0.183356 -1 -1 -0.816804 -1 -1 -0.520381 0.57352 -0.550837 -0.560262 -0.00441693 0.11771 -0.906256 -1 0.575947 -0.604884 -0.867837 -0.459519 -0.0240353 -0.981445 -0.421603 -0.736068 -0.233158 -1 -0.788453 -0.991749 -0.864475 -1 0.154953 -0.475612 -0.376597 -0.90847 -1 0.246131 -0.973515 -0.412822 -0.216498 -0.190135 -1 -1 0.541485 -1 0.0847928 -0.147015 0.706204 -0.69315 -0.257641 -0.045155 -0.372746 -1 0.507844 -0.11292 -0.537518 0.250164 -0.442056 -0.544754 -0.99839 -0.338668 -0.635861 -1 -1 -1 -0.233808 -0.578689 0.54191 -1 -0.265167 -0.105763 -0.683737 -0.0271329 0.35028 -0.410742 -0.694316 -0.0447942 -0.291652 -0.00186737 -0.160166 0.364141 -0.935284 0.139247 -0.996649 -0.648634 0.373105 -1 
0.502934 -0.864961 -0.384939 0.324803 0.331064 -1 -0.814764 -0.312244 -0.998111 -0.453445 0.831339 0.622014 0.103348 -0.609174 0.343212 -0.408932 -0.0803801 -0.616386 0.268412 0.00647262 0.775126 -1 0.0150968 0.257708 -0.721328 0.429766 -0.942571 -0.825975 0.343218 -0.881416 -1 0.266719 -0.678463 -0.995471 -1 0.384657 -0.895587 0.162942 -0.358117 -0.346271 0.308979 -0.0632228 -0.214104 -0.856655 0.76796 -0.542679 -0.772283 0.0855231 -0.0749301 -0.449023 0.222242 -1 -0.151187 0.233769 -0.805912 -0.422856 -0.337181 -0.960134 -0.933983 0.151646 -0.233144 0.687309 -1 -0.38329 -0.887507 -0.102009 -0.787884 -0.145643 0.190742 0.21661 0.619627 -0.728999 0.31747 -0.0101239 -0.757228 -0.817248 -0.130238 -0.63458 -1 0.868837 -1 -0.461829 -1 -0.458247 -0.414886 -1 0.728986 -1 -0.585746 0.412242 -0.68521 -0.725916 -1 -0.985867 0.838338 -1 -0.400965 0.402086 0.588041 -0.551229 0.0631523 0.198011 0.556634 -0.969083 -0.681247 0.00406819 -1 -0.324216 -0.658924 -0.969873 -1 -0.334262 -0.781932 0.428416 0.615401 -0.891962 0.624216 0.174 -0.542942 -0.375045 -0.281226 -1 -0.988606 -0.244082 -0.0488128 0.446893 -0.927503 0.23703 -1 -0.320729 -0.503973 -0.154597 -0.608277 -1 -0.828527 0.302837 -0.0200551 0.0693009 
0.304688 -0.829945 -0.587587 0.337568 0.364947 -1 -0.814401 -0.402085 -1 -0.679797 0.777104 0.479439 0.172276 -0.541624 0.380582 -0.428452 0.241598 -0.470337 0.598021 0.202166 0.510505 -0.939232 -0.125396 0.595423 -1 0.60762 -0.503767 -0.657944 0.714887 -0.983733 -1 0.23346 -0.71191 -1 -1 0.701248 -1 0.149579 -0.502579 -0.259914 0.60541 -0.356645 0.00788445 -0.752818 0.732122 -0.340461 -1 -0.248967 0.139561 -0.0538322 -0.258842 -1 0.0888233 0.555043 -0.64205 -0.466062 -0.37692 -1 -0.733536 0.55571 -0.241386 0.420626 -1 -0.566314 -1 0.161863 -0.414642 0.0413845 0.291742 -0.376699 0.84551 -0.677989 0.33688 -0.352571 -0.711949 -1 0.10418 -0.501659 -0.882928 0.770089 -1 -0.0512481 -0.651614 -0.421504 -0.448447 -0.990858 0.848983 -0.982296 -0.302059 0.392584 -0.523625 -0.543048 -0.6609 -0.479298 0.638997 -1 -0.235897 0.0480006 0.794534 -0.211367 -0.214484 0.478568 0.982516 -0.466217 -0.440897 0.0950112 -0.740039 -0.266005 -0.657151 -0.968775 -0.725719 -0.32622 -0.543022 0.473781 0.686169 -0.833832 0.709315 0.0208097 -0.77346 -0.307751 -0.566349 -1 -0.74973 -0.347947 -0.174163 0.391245 -0.922805 0.471874 -0.932396 -0.671423 -0.47552 -0.104292 -0.900658 -1 -0.927068 0.527522 0.101709 0.24554 
0.412419 -0.583269 -0.422523 0.823907 0.515669 -0.716516 -0.825751 -0.218611 -0.837517 -0.351266 0.397619 0.434025 0.125451 -0.683844 0.0817882 -0.509959 0.527554 -0.481111 0.639223 0.0545799 0.589072 -1 -0.376051 0.72063 -0.851667 0.893633 -0.987005 -0.655535 0.597623 -1 -1 0.45991 -0.352254 -1 -0.989579 0.721075 -1 0.441564 -0.0190016 -0.144556 0.76665 -0.30807 -0.0970171 -0.781937 0.969737 -0.664499 -0.841506 0.265834 -0.12503 -0.269856 0.243433 -0.743387 -0.291113 0.343269 -0.694799 -0.655036 -0.0907923 -1 -0.921597 0.365513 -0.282268 0.633757 -0.978031 -0.248418 -0.957238 0.271945 -0.574247 0.245885 0.21852 -0.228658 0.465945 -1 0.0938792 0.222938 -0.538562 -0.945578 -0.0564715 -0.673499 -1 0.52153 -1 -0.442499 -0.795755 -0.824608 -0.400891 -1 0.759891 -0.778577 -0.377154 0.15847 -0.494179 -0.429116 -0.630414 -0.546732 0.620254 -1 -0.285074 0.310507 0.551151 -0.459586 -0.443543 0.180706 0.735481 -0.217534 -0.808191 0.43335 -0.764693 -0.252657 -0.808345 -0.857959 -0.808239 -0.164096 -0.433037 0.561267 0.260111 -0.635862 0.759625 0.679704 -0.458774 -0.316463 -0.469121 -1 -0.865859 -0.306099 -0.329922 0.558419 -0.930078 0.249822 -0.925736 -0.527914 -0.672357 0.227087 -0.837718 -1 -1 0.566221 0.0287101 0.464886 
-0.102765 -1 -0.717132 0.376389 0.0342672 -0.985458 -1 -0.455873 -0.981355 -0.777515 0.961708 0.798571 -0.0626965 -1 0.509899 -0.88835 0.185669 -1 0.112089 -0.45576 0.310374 -1 0.0399807 0.672648 -1 0.452952 -0.583259 -1 0.577535 -0.809571 -1 0.309222 -1 -1 -0.942032 0.483955 -1 0.344764 -0.225373 -0.136181 0.241988 -0.988006 -0.305842 -0.877061 0.515505 -0.592804 -1 -0.269784 0.39725 -0.561398 0.374281 -1 -0.339142 -0.0815154 -0.752602 -0.480594 0.106286 -0.98998 -0.940793 0.453013 -0.730025 0.29873 -0.888901 -0.253042 -0.937341 -0.291464 -0.652025 -0.203258 0.0379589 -0.422818 0.4075 -0.975621 -0.0906983 -0.0999 -0.294509 -0.911107 0.056083 -0.994228 -0.980508 0.847972 -1 -0.460028 -0.752992 -0.605133 -0.31661 -1 0.644786 -0.998814 -0.903462 0.218242 -1 -0.636472 -1 -0.782124 0.244655 -0.870454 -0.179163 0.212281 0.352871 -0.450812 -0.67499 0.0189135 0.233381 -0.499932 -0.895377 0.361663 -0.982807 -0.7258 -0.404754 -0.975536 -0.916933 -0.474641 -0.535356 0.790413 0.432537 -0.982877 0.297878 0.0965652 -0.916622 -0.205285 -0.325054 -1 -0.81704 -0.33547 8.60663e-05 0.591988 -1 0.492134 -0.99502 -0.633162 -0.966725 -0.0885117 -0.993345 -1 -0.982551 0.307002 0.0579705 0.00483732 
-0.456043 -0.0436724 -1 0.0566679 0.244334 -0.222511 -1 -0.0290304 -1 -0.688886 -0.315208 0.231536 -0.728013 -0.443512 -1 -1 -0.531358 -0.939532 -1 -0.870256 -0.560268 -0.404463 0.114042 -1 -1 -1 -0.083934 -0.0810058 -0.831312 -0.932301 -0.212103 -0.869638 -1 -1 -0.91173 -1 -1 -1 -0.963378 -0.444763 0.491521 -0.117636 -1 -1 0.101322 -1 -0.264363 -0.827171 0.056227 -0.961401 -0.604232 -0.750744 -0.302932 -0.954235 0.171813 -0.980057 -1 -1 -0.890355 -0.91141 -0.595213 0.193973 -0.63865 -0.642815 0.0317677 -0.17436 -1 -1 0.474235 -0.532634 -0.863865 -0.7761 -0.0562859 -1 -0.442659 -0.778624 -0.408778 -0.918564 -1 -1 -0.871764 -1 0.000495881 -0.347839 -0.377601 -1 -0.898588 0.242626 -1 -0.410801 -0.296378 0.0487638 -1 -0.94798 0.403587 -1 0.325794 -0.109275 0.595924 -1 -0.312768 -0.185917 -0.848356 -1 0.496303 -0.0791982 -0.507791 0.340235 -0.746442 -0.696713 -1 -0.322818 -0.633967 -1 -0.958114 -0.925538 -0.261295 -0.629732 0.188457 -1 -0.277115 0.00289022 -0.780755 0.136045 0.152613 -0.509423 -0.782706 -0.283892 -0.660857 0.0443374 -0.056958 0.31103 -0.861337 -0.458779 -1 -1 -0.215438 -1 
0.262125 0.691537 0.00339041 -1 -0.45645 -0.983214 0.979708 0.446497 -0.68711 0.558137 0.477655 -0.0835641 -0.818385 -0.499173 -0.982052 0.655458 0.168727 0.929506 0.554928 0.266448 -0.623191 0.454412 -0.479181 -0.944877 0.123073 -0.508252 0.155377 -0.231358 0.709843 -1 0.391715 0.272143 0.749624 0.559185 -0.914475 -0.554644 -0.875429 -0.112148 -0.788748 -0.419888 -0.278973 0.379315 -0.096391 -0.682541 -0.72612 -0.632665 0.126558 -0.954809 0.369108 -0.620238 -0.478407 -0.0682917 0.115874 -0.728993 0.223054 0.340083 0.603023 -0.371223 0.46546 0.0961448 0.94199 0.924879 -0.416335 -0.480367 -0.16455 -1 0.0970134 -0.558723 -0.401741 0.702042 -0.863511 0.245183 0.0770877 0.232588 0.0811733 0.0266307 -0.90873 0.856764 0.803045 -1 0.206333 0.562496 -0.484842 -0.442233 0.309553 0.131989 0.176499 -0.983482 -1 0.917282 0.553605 -0.56169 0.171524 -0.7881 0.422152 0.178244 0.668956 -0.208152 0.848496 0.881708 -0.694286 0.607286 0.124303 -0.0262738 0.0206867 0.0924983 0.0538461 -0.864509 0.631073 0.296001 -0.325762 -0.111878 -0.0267858 -0.228349 -0.788898 -0.928606 0.264444 -0.422044 -0.357661 -0.369866 0.821047 -0.227993 -0.0893496 -0.465154 -0.818427 0.348895 0.675029 -0.800949 -0.43466 -0.460046 0.537198 0.972715 -0.0510172 -0.344266 -0.965714 -0.383948 0.521391 0.883431 
0.508265 -0.60972 -0.181609 0.808946 0.398163 -0.774257 -0.747993 -0.41498 -0.770614 -0.480499 0.600058 0.471878 0.135784 -0.811262 0.115158 -0.733644 0.450426 -0.460957 0.649038 -0.194376 0.508545 -0.880734 -0.216443 0.814763 -1 0.80691 -0.799706 -0.801288 0.610267 -1 -1 0.491885 -0.454627 -0.910213 -1 0.564329 -0.973628 0.455718 0.0238778 -0.323713 0.616524 -0.0390099 -0.0833348 -0.8285 0.804157 -0.686633 -0.927661 0.0355893 -0.291523 -0.291997 0.38626 -0.786249 -0.414038 0.437799 -0.658452 -0.62955 0.0832912 -1 -0.834254 0.514311 -0.122548 0.709669 -1 -0.110883 -0.976081 0.272011 -0.717885 -0.0383441 0.146316 0.119519 0.58616 -1 0.286892 0.168563 -0.637124 -1 -0.273 -0.546495 -1 0.47612 -1 -0.523702 -0.735708 -0.812087 -0.571265 -1 0.956828 -0.74945 -0.360028 0.342699 -0.804581 -0.469102 -0.608579 -0.515069 0.623246 -1 -0.218665 -0.00494 0.339083 -0.472414 -0.255503 0.183534 0.58485 -0.178751 -0.828738 0.3622 -0.562118 -0.144818 -0.82056 -0.894276 -0.844909 -0.178075 -0.469652 0.838985 0.317615 -0.611358 0.791957 0.529681 -0.368771 -0.309343 -0.351312 -1 -0.919812 -0.355726 -0.112252 0.637314 -0.887014 0.544518 -1 -0.556113 -0.595736 0.193685 -0.844563 -1 -0.854076 0.716431 0.1862 0.72952 
-0.66424 -0.038816 -1 0.223025 0.255505 -0.0285979 -1 -0.294774 -0.942101 -0.859432 -0.00297072 0.392672 -0.799252 -0.233816 -0.966527 -0.912497 -0.269297 -1 -0.983152 -0.745518 -0.297762 -0.482925 0.16483 -1 -0.902475 -1 -0.134383 -0.226217 -0.811332 -0.730734 0.0816979 -1 -0.96217 -1 -0.967054 -1 -0.996167 -1 -1 -0.353489 0.567538 0.132984 -0.944379 -0.887966 0.0430544 -0.578911 -0.119944 -0.494006 0.148276 -1 -0.628741 -0.738006 -0.172233 -1 0.424305 -0.881457 -1 -0.861692 -0.840238 -0.98557 -0.739384 0.681979 -0.777926 -0.771974 0.0792671 0.0408871 -0.771559 -0.994626 0.705803 -0.502356 -0.804831 -0.457377 0.0188147 -1 -0.305274 -0.773932 -0.358281 -1 -0.777942 -1 -0.708558 -1 0.123193 -0.230734 -0.376424 -0.848811 -0.88027 0.13327 -1 -0.130885 0.0142939 -0.0651436 -0.994095 -0.994803 0.488108 -0.940712 0.353345 -0.118861 0.631337 -0.753981 -0.266679 0.00163171 -0.683082 -0.709275 0.496303 -0.0791982 -0.593589 0.136449 -0.443731 -0.747491 -1 -0.271052 -0.796824 -0.934521 -0.825035 -1 -0.396191 -0.578689 0.249935 -1 -0.377492 -0.0732683 -0.578741 -0.0570297 0.361507 -0.572558 -0.534011 0.15872 -0.379261 0.134649 0.0911636 0.184959 -0.670033 -0.0669904 -0.927125 -0.792113 0.361317 -0.946106 
0.327213 -0.815992 -0.534089 -0.088828 -0.0512953 -1 -0.628397 -1 -0.993258 -0.527104 0.486038 0.74456 -0.101111 -0.571552 0.529507 -0.572824 0.339571 -0.55064 0.225892 -0.0887485 0.558749 -1 -0.263232 0.648426 -1 0.537951 -0.724882 -0.963445 0.893458 -1 -1 0.243198 -0.697393 -1 -0.999114 0.342646 -0.975014 0.393834 -0.286766 -0.136271 0.164769 -0.524739 -0.252442 -0.490778 0.858181 -0.5632 -0.86174 -0.387717 0.298747 -0.0357789 -0.16773 -1 -0.403882 0.261622 -0.778232 -0.509064 -0.263085 -0.959787 -1 0.328324 -0.346345 0.154673 -1 -0.505571 -0.978963 0.0796559 -1 -0.392605 0.318907 -0.106615 0.752922 -0.596013 0.00924967 -0.128725 -0.418349 -0.727373 0.0341695 -0.918676 -0.85264 0.658742 -1 -0.162062 -1 -0.482568 -1 -0.997191 0.216994 -1 -0.461309 0.276456 -0.744935 -0.586826 -1 -0.963532 0.487574 -1 -0.325992 0.468046 0.691261 -0.313703 -0.604584 0.0772431 0.588382 -0.796769 -0.473764 0.285058 -0.696013 -0.348968 -0.813975 -1 -1 -0.708221 -0.720271 0.41805 0.701756 -0.747689 0.630454 0.202241 -0.592096 -0.496357 -0.090476 -1 -0.8238 -0.702682 -0.474157 0.486016 -1 0.0889874 -1 -0.57577 -0.987755 0.29934 -0.70151 -1 -0.981673 -0.226581 0.061016 0.0689278 
-0.54764 -0.038816 -1 0.132824 0.117214 -0.1819 -1 -0.304856 -1 -0.656014 -0.225458 0.392672 -0.884112 -0.490217 -1 -0.912497 -0.338825 -1 -1 -0.967769 -0.31795 -0.256854 0.11237 -1 -1 -1 -0.0874518 0.015282 -0.782488 -1 -0.0642912 -0.995975 -1 -1 -1 -1 -1 -1 -0.752704 -0.416568 0.440827 -0.243675 -0.982071 -1 0.118043 -0.854808 -0.207014 -0.5488 0.0923083 -0.914405 -0.633229 -0.990842 0.0173751 -1 0.475821 -1 -0.98896 -0.901817 -0.960107 -0.98557 -0.462857 0.504786 -0.558881 -0.632479 0.0969951 0.0972002 -0.728929 -1 0.320508 -0.488508 -0.963478 -0.458428 -0.123265 -1 -0.552533 -0.769551 -0.654615 -1 -0.827438 -1 -0.686211 -1 0.0804283 -0.458867 -0.655944 -1 -0.88027 0.347187 -1 -0.240348 -0.144793 -0.0683446 -1 -0.895795 0.537757 -0.996216 0.408184 -0.37592 0.356533 -0.753981 -0.305764 -0.302471 -0.431355 -0.96667 0.538561 0.00904679 -0.527796 0.280117 -0.555777 -0.490894 -1 -0.543546 -0.583564 -1 -0.947299 -0.925568 -0.241552 -0.620979 0.461787 -1 -0.403614 -0.0331625 -1 -0.121941 0.325694 -0.354738 -0.534075 0.0143443 -0.229945 0.111907 0.0223294 0.31103 -0.859737 -0.336027 -1 -0.675539 0.308571 -0.946106 
