-0.995816 -0.637012 -0.730002 -0.275944 -0.892776 -1 -0.349558 -1 -0.718999 0.335481 -1 -0.99543 0.369219 -0.828369 -0.56476 -1 -0.487058 -0.435789 0.239072 -0.0557471 -0.371678 0.701246 -0.793311 -0.910882 0.750767 -0.955355 -0.951258 0.106033 -1 -0.149921 -0.360508 0.0071441 -0.450318 0.276879 0.227701 -0.495275 0.521322 -1 0.582523 0.897781 0.312941 -0.634227 0.0475265 -0.324655 -0.271608 0.0684142 0.144171 0.298207 0.303962 0.35585 0.348385 -0.161375 0.555724 -0.924972 -0.99652 0.0398796 -0.999914 -0.73287 -0.998016 -1 0.649845 -0.521103 -0.321203 -1 -0.999762 -0.158817 -0.331535 0.080982 -1 0.913921 0.296708 -0.424226 -0.585716 -0.650957 0.14427 -0.869957 0.25151 0.178034 0.144622 0.0290231 0.238772 -1 -1 0.173423 -0.423847 -0.199136 -0.501471 -0.0289432 0.153633 -0.984698 -1 -0.491041 -0.632268 -0.647509 -0.773739 -0.589825 -0.967206 0.664338 -0.198482 0.499851 0.154632 0.199527 -0.187965 0.102216 -0.697503 0.238491 0.309652 0.00639712 -0.502676 -0.483338 -0.466467 -0.915313 0.491083 -0.965788 -0.270148 0.0337806 -0.998711 0.636623 0.0810631 -0.557408 -1 -0.455736 -0.765898 -0.602552 -1 -0.275736 0.34838 0.478434 -0.350904 -1 -0.341351 -0.498461 0.45407 -0.337795 0.313261 -0.800746 0.0201228 -0.700485 
-0.995816 -0.637012 -0.722911 -0.275944 -0.885855 -0.991751 -0.349558 -1 -0.707552 0.335731 -1 -0.99543 0.369219 -0.828369 -0.56476 -1 -0.487058 -0.435789 0.239072 -0.0557471 -0.364984 0.701246 -0.801392 -0.910882 0.750767 -0.949976 -0.951258 0.103522 -1 -0.149921 -0.360508 -0.00552429 -0.448498 0.275297 0.227701 -0.485935 0.521322 -1 0.582523 0.90158 0.312941 -0.64397 0.0365952 -0.324655 -0.271608 0.0764931 0.144171 0.298207 0.303962 0.35585 0.348385 -0.173737 0.555724 -0.924972 -0.99652 0.0398796 -0.997862 -0.73287 -0.998016 -1 0.649845 -0.521103 -0.321203 -1 -0.999762 -0.158817 -0.331535 0.087825 -1 0.925667 0.296708 -0.424226 -0.585924 -0.650781 0.14427 -0.856781 0.250334 0.178034 0.144622 0.0241966 0.238772 -1 -1 0.173423 -0.416232 -0.199136 -0.501964 -0.0289432 0.153633 -0.984698 -1 -0.491041 -0.632268 -0.647509 -0.773739 -0.589825 -0.971006 0.672837 -0.198482 0.498004 0.156097 0.186787 -0.187965 0.102216 -0.699053 0.234748 0.303313 0.00752982 -0.502676 -0.483338 -0.466467 -0.919223 0.491024 -0.975675 -0.276045 0.0337806 -0.998711 0.641179 0.0810631 -0.557408 -1 -0.455736 -0.774337 -0.603673 -1 -0.275736 0.333452 0.478434 -0.350904 -1 -0.341351 -0.498461 0.45407 -0.330657 0.303168 -0.809658 0.0201228 -0.700485 
-0.976713 -1 -0.956698 -0.493116 -0.86495 -1 -0.381376 -1 -0.746388 0.49357 -0.938702 -1 0.464622 -0.735962 -0.439781 -0.94129 -0.201002 -0.314482 0.319493 -0.131179 -0.438195 0.416198 -0.768538 -0.817777 0.574907 -1 -1 0.0118191 -1 -0.382154 -0.507114 0.0913909 -0.268122 0.371698 0.392351 -0.93506 0.779979 -1 0.479621 0.922919 0.347955 -0.321791 -0.00583086 -0.849283 -0.208128 0.107391 -0.142944 0.140363 0.417644 0.340538 -0.244314 -0.207166 0.642175 -0.927396 -0.997416 0.0100911 -1 -0.722188 -0.909541 -1 0.699574 -0.567607 -0.160184 -0.983846 -1 -0.291176 -0.437833 0.0857617 -0.992939 0.526357 0.474025 -0.380053 -0.302472 -0.775485 0.316396 -0.933973 0.237412 0.159264 0.144208 0.143592 0.144222 -0.625745 -0.997617 0.157967 -0.319977 -0.179147 -0.161649 -0.0565167 0.189166 -0.758191 -1 -0.676648 -0.570542 -0.68324 -0.714767 -0.857275 -0.708855 0.447055 -0.188105 0.307007 -0.077343 -0.147534 -0.161694 0.28424 -0.457906 0.388977 0.345993 0.0183382 -0.331872 -0.559687 -0.517849 -1 0.509509 -0.873424 -0.162001 -0.250013 -1 0.796312 -0.123149 -0.694463 -0.998336 -0.32974 -0.662846 -0.572894 -1 -0.190441 0.337673 0.584438 -0.58005 -0.988266 -0.325363 -0.513059 0.106432 -0.363081 0.312007 -0.929443 -0.198692 -0.531895 
-0.993461 -0.849414 -1 -0.501751 -1 -0.98806 -0.303739 -1 -0.791677 0.446579 -1 -0.855163 0.0921586 -0.970709 -0.458927 -0.927039 -0.226638 -0.533185 0.116186 -0.117667 -0.16248 0.677804 -0.759239 -1 0.727877 -0.9725 -1 -0.27818 -1 -0.492307 -0.502347 0.0553062 -0.319291 0.292321 -0.0320313 -0.921795 0.701573 -0.994606 0.570752 0.57175 0.517125 -0.394003 -0.249863 -0.473479 -0.540093 -0.0825073 0.12751 0.167752 0.489344 0.123051 0.32595 -0.256373 0.327826 -0.972333 -0.998892 -0.28705 -0.877931 -0.688119 -1 -0.996907 0.672297 -0.957762 -0.259428 -1 -0.994422 -0.132668 -0.469249 -0.0827766 -1 0.949098 0.489476 -0.454542 -0.2773 -0.525192 0.159052 -0.812797 0.257324 0.1572 0.14328 0.00238178 0.148307 -0.677791 -1 0.000964874 -0.319977 -0.47025 -0.139476 -0.0251315 0.182022 -0.697846 -0.85134 -0.656328 -0.781967 -0.640574 -0.761581 -0.576959 -0.651263 0.586535 -0.392907 0.440428 -0.0356268 -0.0603772 -0.105257 0.357948 -0.482108 0.546737 0.161173 0.149719 -0.461209 -0.267975 -0.762167 -1 0.571101 -0.701386 -0.278044 0.0299931 -0.989049 0.840218 -0.108317 -0.44169 -0.995936 -0.321582 -0.693901 -0.73096 -0.86417 -0.19548 0.372126 0.353092 -0.448866 -1 -0.247205 -0.489027 0.425038 -0.348835 0.291105 -1 0.039053 -0.597171 
-1 -0.980045 -0.719721 -0.246185 -0.761846 -1 -0.364204 -1 -0.728312 0.446921 -1 -1 0.208911 -0.837009 -0.508565 -0.920611 -0.206064 -0.315183 3.13213e-05 -0.0957454 -0.275218 0.651584 -0.854836 -1 0.803495 -0.838951 -0.9977 0.120922 -1 -0.194156 -0.361641 -0.00626582 -0.547743 0.291739 0.304691 -0.706313 0.655615 -0.992304 0.430415 0.882843 0.613612 -0.400534 0.0240209 -0.25967 -0.536864 -0.13996 -0.0885666 0.366651 0.575672 0.275677 0.316059 -0.367574 0.832933 -1 -1 0.0117641 -0.936048 -0.739798 -1 -0.974046 0.947798 -0.658953 -0.1305 -1 -1 -0.30476 -0.489524 0.0698095 -1 0.880063 0.361513 -0.464097 -0.418936 -0.827711 0.0885951 -0.93348 0.226987 0.360938 0.143589 -0.220601 0.0955375 -0.949567 -1 0.1455 -0.522571 -0.301688 -0.161876 -0.0500328 0.17635 -0.700915 -1 -0.476159 -0.555969 -0.693367 -0.740699 -0.576839 -0.704711 0.678655 -0.316653 0.539421 0.217529 -0.182187 -0.172512 0.306038 -0.465825 0.493614 0.219013 0.107606 -0.436881 -0.288114 -0.559114 -0.981451 0.523145 -0.925981 -0.252469 0.114215 -0.990174 0.634807 -0.182711 -0.510416 -0.995449 -0.442445 -0.753366 -0.603224 -0.90508 -0.19503 0.0839789 0.513741 -0.3673 -0.996758 -0.0838224 -0.493663 0.459399 -0.316744 0.159113 -0.784302 0.0904832 -0.447563 
-1 -0.678582 -0.707586 -0.265162 -0.829378 -0.979508 -0.39491 -0.993465 -0.721903 0.351429 -1 -1 0.339165 -0.805721 -0.580581 -0.983634 -0.514218 -0.406385 0.229814 -0.057074 -0.337311 0.704399 -0.80256 -0.919661 0.780771 -0.906759 -0.96059 0.125578 -1 -0.197763 -0.387665 0.0376075 -0.458384 0.310766 0.211644 -0.464847 0.517574 -0.999303 0.582242 0.843463 0.353101 -0.647034 0.00775546 -0.342392 -0.275159 0.0743566 0.0907251 0.266149 0.303962 0.378368 0.292412 -0.166208 0.529581 -0.939393 -1 0.0428314 -1 -0.725382 -1 -1 0.660854 -0.516532 -0.317849 -1 -0.993326 -0.157781 -0.386917 0.0700419 -1 0.905706 0.315888 -0.410287 -0.590566 -0.589242 0.178028 -0.840966 0.245327 0.201853 0.121601 0.00459592 0.189634 -0.987836 -0.997067 0.138261 -0.407089 -0.164858 -0.470914 -0.0115283 0.178502 -0.912906 -1 -0.457481 -0.668823 -0.645991 -0.777432 -0.592719 -0.923325 0.654551 -0.197706 0.518018 0.136441 0.212645 -0.131826 0.125929 -0.681562 0.256893 0.343226 -0.01551 -0.45249 -0.488523 -0.460613 -0.938897 0.489657 -0.963584 -0.260397 0.0253015 -1 0.575311 0.0657458 -0.510205 -1 -0.464519 -0.755773 -0.621765 -0.992671 -0.266908 0.353049 0.523471 -0.32252 -1 -0.33847 -0.466956 0.453387 -0.364957 0.306072 -0.808973 0.0297736 -0.718525 
-1 -0.747372 -0.667245 -0.272251 -0.851572 -1 -0.361075 -1 -0.716554 0.380946 -1 -1 0.178053 -0.942459 -0.567975 -1 -0.959906 -0.607442 0.176434 -0.205974 -0.376996 0.726732 -0.801318 -0.905811 0.710419 -0.934859 -0.931942 0.0870857 -0.955017 -0.429563 -0.899165 -0.260482 -0.627339 0.00663295 0.224544 -0.481724 0.529138 -1 0.582737 0.730694 0.345027 -0.69723 0.0849322 -0.328834 -0.195968 0.0347181 -0.137048 0.287366 0.310736 0.363272 -0.0589111 -0.0906175 0.463732 -0.910568 -0.980754 0.0152443 -0.989604 -1 -0.996278 -1 0.693369 -0.930153 -0.316298 -0.90052 -1 -0.0712648 -0.613513 0.0685049 -1 0.483878 -0.00017035 -0.773299 -0.827078 -0.650781 0.121282 -0.854532 0.237582 0.119298 0.220824 0.102945 0.216762 -1 -1 0.194955 -0.364803 -0.243235 -0.3287 -0.155126 0.166312 -1 -1 -0.570195 -0.915134 -0.915275 -0.764819 -0.770177 -0.994753 0.672338 -0.206796 0.4451 0.0446328 0.016324 -0.199893 -0.110991 -0.710154 0.0444808 0.104933 0.000682044 -0.490358 -0.456975 -0.38674 -0.937826 0.489394 -1 -0.501366 0.0337806 -1 0.739189 -0.117748 -0.552635 -1 -0.384457 -0.814174 -0.505845 -1 -0.177396 0.188579 0.56936 -0.347421 -1 -0.327619 -0.587322 0.518372 -0.242102 0.128679 -0.9368 0.0925248 -0.648998 
-0.54764 -0.038816 -1 0.288262 0.244982 -0.0011554 -1 -0.180882 -0.942101 -0.636929 -0.0113536 0.342822 -1 -0.393934 -0.997601 -0.919669 -0.132411 -0.934687 -0.955711 -0.641318 -0.633929 -0.533821 0.297202 -1 -1 -0.816005 -0.0840331 -0.132619 -0.849029 -0.897458 0.0462041 -0.875667 -0.958747 -1 -1 -1 -0.996167 -1 -0.999477 -0.384153 0.379024 -0.132754 -0.942405 -0.997802 0.0958777 -0.579628 -0.127207 -0.666076 0.14433 -0.998917 -0.633229 -0.815039 -0.262607 -0.904446 0.549565 -0.999968 -1 -0.871649 -0.838616 -0.99426 -0.51764 0.681979 -0.550837 -0.534808 -0.059006 0.116294 -0.813064 -1 0.702311 -0.763412 -1 -0.459519 -0.00459356 -1 -0.519201 -0.803124 -0.235795 -0.996002 -0.77493 -0.990313 -0.686211 -0.974299 -0.0063656 -0.239214 -0.318863 -0.942959 -0.88027 0.347187 -1 -0.148769 0.0042352 -0.0320613 -1 -0.897537 0.580257 -0.938842 0.349776 -0.123363 0.817629 -0.753981 -0.250275 0.0640551 -0.627481 -1 0.496303 0.000431322 -0.512841 0.302085 -0.461338 -0.483541 -0.945261 -0.370905 -0.692986 -1 -0.825035 -1 -0.251441 -0.587581 0.461787 -1 -0.234857 -0.174085 -0.737699 0.190232 0.355679 -0.373119 -0.541592 0.124464 -0.291652 0.136825 -0.189819 0.274341 -0.955309 0.156452 -1 -0.72171 0.361317 -0.946106 
-0.557753 -0.038816 -1 0.288262 0.255505 0.0591555 -1 -0.0212903 -1 -0.646629 -0.0113536 0.385595 -0.769408 -0.442242 -1 -0.910331 -0.209655 -1 -1 -0.816813 -0.31795 -0.24804 0.19843 -1 -1 -1 -0.083934 0.015282 -0.782488 -0.91754 -0.0776657 -0.802444 -1 -1 -1 -1 -0.996167 -1 -0.752704 -0.384153 0.555929 -0.0134461 -1 -0.997551 0.118043 -0.589145 -0.11753 -0.505639 0.148276 -1 -0.633229 -0.753098 -0.0589308 -1 0.47331 -1 -1 -0.861692 -1 -0.98557 -0.475144 0.476208 -0.56381 -0.632479 0.0348157 0.124324 -0.786439 -1 0.520218 -0.502356 -0.806898 -0.459519 -0.123265 -1 -0.302766 -0.706293 -0.399523 -1 -0.792182 -0.991749 -0.70014 -1 0.154953 -0.338754 -0.376424 -0.848811 -0.88027 0.347187 -1 -0.18972 0.0114032 -0.0461886 -1 -0.894242 0.574888 -1 0.355302 -0.119806 0.587066 -0.753981 -0.319698 -0.0810142 -0.431355 -0.776042 0.496303 -0.0791982 -0.512841 0.303274 -0.388978 -0.490894 -1 -0.267472 -0.595344 -1 -0.947299 -1 -0.255864 -0.578689 0.447266 -0.997659 -0.249389 -0.0356563 -0.708597 0.133282 0.308282 -0.354738 -0.542969 0.0330214 -0.291652 0.134649 -0.0120874 0.31103 -0.80732 -0.113098 -0.918922 -0.699988 0.361317 -0.946106 
-0.990598 -0.648367 -0.715478 -0.286973 -0.838769 -0.990845 -0.499716 -1 -0.717938 0.345126 -0.986111 -0.95306 0.340984 -0.826633 -0.682823 -1 -0.735541 -0.51145 0.0216394 -0.00244549 -0.561001 0.704702 -0.961795 -0.894096 0.734027 -1 -1 0.110153 -0.931922 -0.0746208 -0.391691 0.0596145 -0.483954 0.282397 0.18398 -0.731177 0.520352 -0.936151 0.540566 0.531684 0.362867 -0.666495 -0.0158074 -0.276162 -0.402769 0.0775163 -0.14848 -0.10143 0.154856 0.0863246 0.250577 -0.297153 0.19018 -0.892416 -1 -0.161377 -0.888183 -0.811704 -0.905223 -0.947762 0.646577 -0.530235 -0.320932 -1 -1 -0.159165 -0.429535 -0.0124254 -1 0.82867 0.246979 -0.711983 -0.572666 -0.589175 0.163547 -1 -0.0721769 0.251665 0.123088 0.010059 0.176751 -1 -0.998419 0.136412 -0.729107 -0.324675 -0.431143 -0.0217815 0.244983 -0.924879 -1 -0.476213 -0.552413 -0.694097 -0.798771 -0.569283 -1 0.696358 -0.221074 0.517253 0.104449 -0.0051772 -0.40831 -0.0515102 -0.886442 0.298593 0.289945 -0.307497 -0.539682 -0.620599 -0.645149 -0.998522 0.472764 -0.911876 -0.226131 0.0238042 -0.998921 0.555601 -0.455112 -0.479438 -1 -0.568119 -0.774852 -0.843357 -1 -0.185191 0.174537 0.523471 -0.401645 -1 -0.339795 -0.500384 0.34375 -0.509134 -0.147681 -0.788976 -0.186178 -0.891276 
-0.878432 -0.907683 -0.730325 -0.372727 -1 -1 -0.817084 -0.997183 -0.721184 0.332723 -1 -1 0.276872 -0.845855 -0.783612 -1 -0.487687 -0.441943 -0.0585831 -0.0405725 -0.228455 0.515164 -1 -0.947544 0.507727 -1 -0.964164 -0.125671 -0.980378 -0.370921 -0.350504 -0.156496 -0.451424 0.268779 0.216381 -0.775382 0.532089 -1 0.57858 0.930063 0.290327 -0.637233 -0.0372706 -0.551837 -0.407786 -0.205938 -0.0600288 0.16549 0.305892 0.102678 0.143967 -0.390079 0.389536 -0.826522 -1 -0.0255515 -1 -0.926227 -1 -1 0.709868 -0.808285 -0.573023 -1 -1 -0.32777 -0.331535 0.143933 -0.925507 0.929013 0.296296 -0.815254 -1 -0.650781 0.145393 -0.922302 0.315183 0.0157546 0.187505 -0.0270786 0.096889 -1 -0.999523 0.14373 -0.445713 -0.552239 -0.783763 -0.307342 0.0759843 -1 -0.97228 -0.712551 -0.885427 -0.775135 -0.780948 -0.770168 -1 0.480521 -0.258976 0.223839 -0.0267956 0.0560895 -0.405617 0.0530005 -0.672116 0.234538 0.248456 -0.00297101 -0.47344 -0.486525 -0.840188 -1 0.151027 -0.907536 -0.29472 -0.102131 -1 0.645591 -0.0196378 -0.375148 -1 -0.451745 -0.85537 -0.592849 -1 -0.37042 0.384742 0.513891 -0.614016 -0.995802 -0.727551 -0.64672 0.372478 -0.32755 -0.246847 -1 0.0213318 -0.786263 
-0.725014 -0.038816 -1 0.26675 0.0636473 0.00463142 -1 0.0227668 -1 -0.871128 -0.129839 0.272249 -0.72175 -0.233816 -1 -0.857111 -0.209655 -1 -1 -0.778484 -0.50177 -0.266342 0.0309999 -1 -0.920024 -1 -0.083934 -0.249842 -0.790078 -0.811304 -0.117165 -0.873233 -1 -0.92328 -1 -1 -0.996167 -1 -0.834908 -0.382211 0.567538 0.132984 -0.94222 -0.896359 0.0958777 -0.68599 -0.203388 -0.508133 0.0721388 -1 -0.633229 -0.884449 -0.0270765 -1 0.475821 -0.881457 -1 -0.923335 -0.847046 -0.98557 -0.507148 0.726566 -0.550837 -0.575332 0.0348157 0.0677138 -0.824083 -1 0.44558 -0.691716 -0.812562 -0.518403 0.0142312 -1 -0.305274 -0.776239 -0.139453 -1 -1 -0.989001 -0.686211 -1 0.190381 -0.338754 -0.376424 -0.848811 -0.88027 0.418476 -1 -0.07063 0.00966977 -0.0320613 -1 -0.927291 0.410028 -0.940712 0.314483 -0.34122 0.538879 -0.669969 -0.397355 -0.235107 -0.382192 -0.776042 0.548389 -0.091729 -0.512841 0.303274 -0.443731 -0.642324 -0.966727 -0.254225 -0.614472 -1 -0.825035 -1 -0.241552 -0.584288 0.324095 -1 -0.22808 -0.0732683 -0.480622 -0.0826561 0.168293 -0.550845 -0.534075 0.124192 -0.492884 0.134649 -0.228937 0.150619 -0.818274 0.132579 -1 -0.854031 0.361317 -1 
-0.549196 -0.038816 -1 0.288262 0.255505 0.0707492 -1 -0.0212903 -1 -0.636929 -0.0113536 0.392672 -0.774349 -0.442242 -1 -0.912497 -0.206076 -1 -1 -0.816813 -0.31795 -0.24804 0.19843 -1 -1 -1 -0.083934 0.00124933 -0.782488 -0.907808 -0.0641954 -0.816971 -1 -1 -1 -1 -0.996167 -1 -0.752704 -0.384153 0.567538 -0.0134461 -1 -1 0.118043 -0.579628 -0.119944 -0.498634 0.148276 -1 -0.633612 -0.750744 -0.049474 -1 0.475821 -1 -1 -0.861692 -1 -0.98557 -0.476755 0.476208 -0.550837 -0.632479 0.0348157 0.124324 -0.786439 -1 0.520218 -0.502356 -0.805674 -0.457774 -0.123265 -1 -0.305274 -0.706293 -0.399523 -1 -0.777942 -0.991749 -0.685881 -1 0.142606 -0.338754 -0.376424 -0.848811 -0.88027 0.347187 -1 -0.18972 0.00966977 -0.0320613 -1 -0.897147 0.563894 -1 0.353345 -0.116394 0.59186 -0.753981 -0.305764 -0.0810142 -0.441881 -0.776042 0.496303 -0.0791982 -0.512841 0.303274 -0.394074 -0.493476 -1 -0.271052 -0.586573 -1 -0.947299 -1 -0.241552 -0.578689 0.461787 -1 -0.253598 -0.0476559 -0.708597 0.136358 0.308282 -0.354738 -0.544779 0.0330214 -0.291652 0.134649 -0.00723916 0.31103 -0.80732 -0.113098 -0.918922 -0.699988 0.361317 -0.955285 
-1 -1 -0.529 -0.170299 -1 -1 -0.549661 -0.998715 -0.961119 0.250768 -1 -1 0.117011 -1 -0.666487 -0.902079 -0.575009 -0.485073 0.20675 -0.408555 -0.123026 0.753513 -0.913644 -0.996601 0.786872 -1 -1 -0.188762 -0.996232 -0.446174 -0.67834 0.0968073 -0.62115 0.106413 -0.00563337 -0.290279 0.723738 -0.982025 0.398697 0.932183 0.241299 -0.54514 -0.0650458 -0.298935 -0.377092 0.060761 -0.0243634 0.0850582 0.660288 0.0510677 0.177489 -0.248829 0.767798 -1 -1 -0.0959671 -1 -1 -1 -1 0.653427 -0.510919 -0.325241 -1 -1 -0.0582994 -0.363908 -0.0942161 -0.99618 0.580576 0.265344 -0.640374 -0.486473 -1 0.475086 -0.902787 0.013851 0.279154 0.145546 -0.204024 0.20743 -0.870505 -1 -0.255769 -0.323217 -0.290524 -0.502024 -0.091486 -0.106017 -0.988504 -1 -0.551688 -0.561349 -0.605957 -0.809504 -0.84469 -1 0.422537 -0.0689137 0.375549 0.262614 -0.108246 -0.394107 0.251436 -0.704675 0.159415 0.372512 0.0515799 -0.428823 -0.355093 -0.799809 -1 0.466281 -1 -0.218931 -0.327449 -0.958029 0.710141 -0.314458 -0.593136 -1 -0.322316 -0.909026 -0.688782 -0.905591 -0.212795 0.375283 0.631085 -0.720254 -1 -0.223007 -0.635161 0.304624 -0.403829 0.398151 -1 -0.516645 -0.926223 
-1 -0.637012 -0.733339 -0.275944 -0.885855 -0.991751 -0.355355 -1 -0.707145 0.343646 -1 -1 0.369219 -0.828369 -0.56476 -1 -0.491936 -0.435789 0.239072 -0.0557471 -0.366347 0.686334 -0.793311 -0.910882 0.752367 -0.960872 -0.951258 0.10217 -1 -0.149921 -0.360508 0.0071441 -0.460792 0.275297 0.227701 -0.485935 0.50745 -1 0.582523 0.897781 0.312941 -0.634227 0.0475265 -0.331153 -0.271608 0.0741779 0.144171 0.298207 0.296437 0.343334 0.348385 -0.161375 0.555724 -0.924972 -1 0.0398796 -0.997862 -0.738789 -0.998016 -1 0.649845 -0.521103 -0.321203 -1 -1 -0.158817 -0.331535 0.087825 -1 0.929878 0.296708 -0.424226 -0.585716 -0.650781 0.14427 -0.856781 0.238487 0.178034 0.144622 0.0290231 0.238772 -1 -1 0.164057 -0.416232 -0.199136 -0.501964 -0.0289432 0.153633 -0.984698 -0.995336 -0.491041 -0.644981 -0.64937 -0.773739 -0.589825 -0.967206 0.672837 -0.198482 0.498004 0.140658 0.199527 -0.187965 0.102216 -0.697503 0.238491 0.309652 0.00639712 -0.502676 -0.483338 -0.466467 -0.919223 0.491083 -0.965788 -0.270148 0.0337806 -0.998711 0.641179 0.0697604 -0.557408 -1 -0.455736 -0.764259 -0.602552 -1 -0.286223 0.34838 0.478434 -0.361588 -1 -0.341351 -0.498461 0.45407 -0.330657 0.313734 -0.800746 0.0201228 -0.700485 
-0.956963 -0.994643 -0.922585 -0.253808 -1 -1 -0.359905 -0.997433 -0.726208 -0.17757 -0.919495 -0.957747 0.178437 -0.938177 -0.656395 -0.970356 -0.184656 -0.734294 0.25273 -0.330194 -0.279844 0.675985 -0.734212 -0.956255 0.623978 -1 -1 0.141601 -1 -0.783409 -0.475223 -0.0346299 -0.480601 0.0956233 0.337081 -0.552229 0.736424 -1 0.406461 0.85304 0.518638 -0.68825 -0.113145 -0.733403 -0.815195 -0.0839576 -0.235587 -0.0113952 0.555037 0.237037 0.433573 -0.494012 0.685122 -1 -1 -0.363247 -0.998575 -0.970701 -0.998396 -1 0.830073 -1 -0.151964 -0.997727 -1 -0.47543 -0.347244 -0.0831847 -1 0.778218 0.350091 -0.428764 -0.182419 -0.698912 0.0822732 -0.893167 0.346493 0.0885712 -0.00395373 -0.0519513 0.0983867 -0.701133 -0.999083 0.0803775 -0.226865 -0.231362 -0.144357 0.0100892 0.208047 -0.625833 -1 -0.457972 -0.989695 -1 -0.685597 -0.518837 -0.711989 0.661309 -0.179427 0.641308 -0.0538973 0.118184 -0.179071 0.125792 -0.616993 0.499718 -0.0248843 -0.146192 -0.718629 -0.360085 -0.541708 -1 0.478581 -0.995248 -0.170026 0.124361 -1 0.875469 -0.0121235 -0.638151 -0.938288 -0.30187 -0.770063 -1 -0.864724 -0.141556 0.0166999 0.27396 -0.565651 -1 -0.21991 -0.503888 0.385935 -0.386031 0.202419 -0.91135 -0.532318 -0.837929 
-1 -0.69483 -0.914365 -0.320696 -0.764526 -0.998897 -0.631816 -1 -0.877784 0.456511 -0.990359 -0.848369 0.0207126 -0.860603 -0.769415 -0.918372 -0.208856 -0.579496 0.225537 -0.446112 -0.275218 0.413099 -0.775582 -1 0.51887 -0.854757 -0.947197 0.0129805 -1 -0.246073 -0.606857 -0.231304 -0.611978 0.27675 0.290906 -0.850695 0.729243 -1 0.553734 0.815469 0.544785 -0.454947 -0.255192 -0.316452 -0.267934 -0.152768 0.0145683 -0.0508849 0.353684 0.116469 0.330831 -0.429312 0.933772 -0.93355 -1 -0.102095 -0.804834 -0.732654 -0.999975 -1 0.958635 -0.648832 -0.414244 -0.995222 -0.912798 -0.116719 -0.263133 -0.00162287 -1 0.859634 0.266186 -0.581303 -0.431896 -0.585274 0.379521 -0.866591 0.156159 0.381711 0.14797 0.0989246 0.249747 -0.70825 -0.952074 0.0220979 -0.35987 -0.412911 -0.154714 -0.0300972 0.12003 -1 -1 -0.390764 -0.618335 -0.847912 -0.718595 -0.72749 -0.72224 0.646263 -0.310938 0.549344 0.223542 0.0388606 -0.413475 0.169408 -0.679545 0.447678 0.387223 0.135814 -0.585379 -0.402319 -0.562808 -1 0.543983 -0.968776 -0.268213 0.0534172 -1 0.794787 -0.146366 -0.673558 -0.873663 -0.392795 -0.689003 -0.813976 -1 -0.194546 0.375283 0.499629 -0.37468 -1 -0.0841786 -0.479027 0.373614 -0.441901 0.0503917 -1 0.0026706 -0.890043 
-0.98957 -0.772149 -1 -0.346998 -1 -1 -0.371466 -1 -0.726942 0.447888 -1 -0.935937 0.3719 -1 -0.538643 -0.918372 -0.296473 -0.323056 -0.0963565 -0.289673 -0.434879 0.753904 -0.991723 -1 0.866606 -0.795959 -1 0.108401 -1 -0.227438 -0.655908 0.0157187 -0.323863 0.335153 0.389506 -0.683774 0.735985 -0.969395 0.612856 0.800811 0.61834 -0.401309 -0.0698284 -0.32066 -0.267934 0.110422 0.11586 0.15007 0.582815 0.440333 0.259804 -0.186118 0.700689 -1 -0.977362 -0.44235 -1 -0.732654 -1 -1 0.925875 -0.778388 -0.225396 -0.997505 -1 -0.127383 -0.469737 -0.0820316 -1 0.63581 0.50092 -0.36494 -0.791874 -0.580333 0.130193 -0.772055 0.22306 0.344938 -0.0927256 -0.0854897 0.440381 -0.867812 -1 0.100505 -0.515958 -0.159816 -0.149835 -0.128479 0.190622 -0.96773 -1 -0.984158 -0.879503 -0.598013 -0.743495 -0.495919 -0.832692 0.504274 -0.387241 0.319366 0.237982 0.202207 -0.178631 0.387126 -0.394841 0.241895 0.373559 0.103575 -0.357039 -0.461055 -0.571213 -1 0.512948 -0.930639 -0.380166 0.0408264 -1 0.747285 -0.00233267 -0.56816 -1 -0.49811 -0.698404 -1 -0.892224 -0.306151 0.473045 0.579161 -0.384431 -1 -0.0803081 -0.481032 0.30626 -0.376846 -0.00072071 -0.888212 -0.00209483 -0.45861 
-0.553739 -0.038816 -0.939693 0.288262 0.256942 0.00463142 -1 -0.0212903 -0.938826 -0.648734 -0.0113536 0.381716 -0.774349 -0.236309 -1 -0.912497 -0.209655 -1 -0.998739 -0.684461 -0.31795 -0.24804 0.0280689 -1 -0.968063 -0.833315 -0.173549 0.00589547 -0.782501 -0.730734 -0.00132724 -0.873233 -0.96217 -0.92328 -0.99916 -1 -0.979742 -1 -0.832706 -0.384153 0.567538 0.132984 -0.946736 -0.887966 0.0958777 -0.579628 -0.255528 -0.504441 0.148276 -1 -0.679102 -0.697284 -0.0506292 -1 0.475821 -0.881457 -1 -0.812136 -0.857481 -1 -0.520381 0.497452 -0.550837 -0.566202 0.0268392 0.124324 -0.792451 -1 0.567368 -0.604884 -0.822422 -0.459519 0.0142312 -1 -0.270067 -0.74718 -0.222704 -1 -0.788453 -0.991749 -0.864475 -1 0.155463 -0.444225 -0.376424 -0.88508 -1 0.284686 -0.980619 -0.148673 0.00732416 -0.196204 -1 -1 0.543131 -1 0.341455 -0.119312 0.706204 -0.688545 -0.305764 0.0195552 -0.395125 -0.773564 0.492496 -0.0865803 -0.524445 0.297632 -0.443731 -0.549896 -1 -0.271052 -0.590466 -1 -0.825035 -1 -0.194828 -0.578689 0.461787 -1 -0.265167 -0.0845212 -0.480622 0.191797 0.356836 -0.354738 -0.647621 0.113546 -0.305755 0.121345 -0.00723916 0.364141 -0.692934 0.132579 -1 -0.743563 0.361317 -0.999434 
-0.561893 -0.038816 -0.951133 0.288262 0.255505 0.00463142 -1 -0.0212903 -0.942721 -0.636929 -0.0113536 0.392672 -0.783758 -0.236309 -1 -0.912497 -0.219064 -1 -0.998739 -0.683792 -0.31795 -0.24804 0.0280689 -1 -0.968063 -0.833315 -0.173549 0.00589547 -0.782488 -0.728388 -0.00132724 -0.873233 -0.96217 -0.92328 -1 -1 -0.979742 -1 -0.840954 -0.384153 0.567538 0.128935 -0.944379 -0.887966 0.0920459 -0.579628 -0.263225 -0.504441 0.148276 -1 -0.67375 -0.69651 -0.0506292 -1 0.475821 -0.881457 -1 -0.823167 -0.857481 -1 -0.520381 0.497452 -0.550837 -0.560504 0.0348157 0.124324 -0.786439 -1 0.555034 -0.604884 -0.822422 -0.459519 0.0142312 -1 -0.283704 -0.74718 -0.222704 -1 -0.788453 -0.991749 -0.864475 -1 0.155161 -0.444225 -0.376424 -0.88508 -1 0.284686 -0.973515 -0.139293 0.00966977 -0.190135 -1 -1 0.543131 -1 0.354272 -0.118861 0.706204 -0.684234 -0.305764 0.0195552 -0.395125 -0.776042 0.496303 -0.0791982 -0.522052 0.297632 -0.443731 -0.562147 -1 -0.271052 -0.590466 -1 -0.825035 -0.995855 -0.194828 -0.578689 0.461787 -1 -0.265167 -0.0755508 -0.489231 0.191797 0.356117 -0.354738 -0.647621 0.113546 -0.291652 0.121345 -0.00723916 0.364141 -0.692934 0.130993 -1 -0.733427 0.366116 -1 
0.139681 -0.297287 0.357101 0.594388 0.356208 -0.090088 0.411285 0.547081 0.776258 -0.608842 -0.993741 0.627735 0.760336 -0.375512 0.345093 -0.621991 -0.972903 -0.359188 -0.541322 0.735291 -0.632778 0.118439 0.739644 0.823831 -0.403974 -0.402653 0.560869 -0.980577 0.112479 0.430324 0.331121 -0.707866 0.42121 -0.516099 -0.501092 -0.947965 0.744766 -0.883514 0.299962 -0.999596 -0.806931 -1 0.68459 -0.0329532 -0.102097 -0.501094 -0.0698327 0.0172733 -0.998418 -0.13711 -0.842697 -0.18514 -0.377286 -0.101932 -0.626752 -0.879529 -0.115318 -0.0110983 -0.837131 -0.711231 0.00375507 -1 0.521186 0.651645 0.695402 -0.00713117 -1 0.404708 0.143151 0.409641 -0.181713 0.474138 -0.167392 -0.676634 0.613665 -0.257401 -1 -0.268729 -0.753053 -1 -0.754231 -0.92936 -0.530378 0.0977212 -0.969308 0.205561 -0.677027 -0.890213 0.466117 -0.602004 0.315388 0.628199 -0.946185 0.351556 -0.171844 -0.494062 -0.0343851 0.775322 -0.51437 0.726918 -0.169992 -0.402852 0.0711549 0.0422927 0.19431 0.0566638 0.0217856 -1 0.384024 0.774454 -0.243109 -0.699268 0.211793 0.588302 -1 -0.949666 -0.573964 -0.724494 -1 -0.767494 -0.470345 0.363507 0.296362 -0.989624 0.0811832 -0.546197 -0.396037 -1 0.152116 -0.2823 -0.860177 -0.656694 0.0373893 -0.490305 -0.528243 -0.162753 -0.192701 0.478595 
-1 -0.551185 -0.663323 -0.526327 -0.932058 -1 -0.263369 -1 -0.716554 0.330368 -1 -0.898016 0.375299 -0.821374 -0.552196 -1 -0.682576 -0.419335 0.239278 -0.0405725 -0.3262 0.723638 -1 -0.905811 0.564275 -1 -0.974049 0.0870857 -0.946283 -0.25322 -0.366435 -0.138325 -0.546032 0.265064 0.22467 -0.484242 0.529138 -1 0.582737 0.902938 0.375109 -0.664611 0.0478794 -0.328834 -0.274787 0.0217205 0.0190639 0.308919 0.310736 0.362915 0.261266 -0.146485 0.545563 -0.919317 -1 0.107773 -0.989604 -0.957025 -0.927124 -1 0.46195 -0.736671 -0.47485 -0.949591 -1 -0.344014 -0.341393 0.0727981 -1 0.717439 0.308635 -0.42371 -0.547691 -0.650781 0.13612 -1 0.110402 0.178034 0.203525 -0.200392 0.216762 -1 -1 0.22695 -0.546124 -0.168055 -0.517835 -0.0482185 -0.0361476 -1 -1 -0.596738 -0.632633 -0.669404 -1 -0.602269 -0.969927 0.666 -0.302465 0.279128 0.153074 0.193427 -0.443216 0.102216 -0.676256 0.173156 0.0783394 0.000682044 -0.421637 -0.481736 -0.487604 -0.937826 0.489294 -0.978885 -0.577025 -0.0715349 -1 0.641179 -0.0195632 -0.530401 -1 -0.464008 -0.779459 -0.559903 -1 -0.359192 0.324848 0.53308 -0.4671 -1 -0.457954 -0.520339 0.461127 -0.3165 0.12148 -0.809935 0.0117963 -0.961807 
-1 -0.755715 -0.755305 -0.237905 -0.659232 -1 -0.399456 -0.989224 -0.737102 0.456511 -1 -1 0.383151 -0.783204 -0.591641 -0.91815 -0.29093 -0.328024 0.208331 -0.0945937 -0.275218 0.759812 -0.937052 -1 0.503128 -0.997907 -0.8984 0.117409 -1 -0.496574 -0.78518 -0.256932 -0.784333 0.27808 0.0448618 -0.627419 0.445065 -0.997198 0.599163 0.856666 0.471075 -0.536936 0.111406 -0.272692 -0.246264 -0.344098 0.0760649 0.16918 0.334866 0.32688 0.139835 -0.411617 0.635648 -0.99307 -1 -0.00492689 -0.841468 -0.824974 -1 -0.986701 1 -0.475584 -0.260322 -1 -1 -0.128854 -0.618718 0.143527 -1 0.791157 0.50092 -0.618355 -0.26736 -0.644417 0.382784 -1 0.293125 0.418196 -0.0326196 0.0247113 0.15188 -0.936344 -1 0.146661 -0.650244 -0.289082 -0.142461 -0.210574 0.17635 -0.660291 -1 -0.414956 -0.838955 -1 -0.763016 -0.783995 -0.791179 0.381655 -0.178378 0.350039 -0.00253296 0.198414 -0.172058 0.20034 -0.488453 0.472556 0.451429 0.100581 -0.685723 -0.303891 -0.639145 -0.897026 -0.0139255 -0.74145 -0.575857 -0.213434 -1 0.794787 -0.525694 -0.498292 -0.997633 -0.322568 -0.689003 -0.772148 -0.86989 -0.295039 0.367085 0.503063 -0.614728 -1 -0.32135 -0.500039 0.381702 -0.360685 0.147812 -0.816592 0.0046104 -0.661172 
-0.993461 -1 -0.942352 -0.581639 -0.932682 -0.997056 -0.303739 -0.996988 -1 0.259002 -0.992118 -0.931873 0.0921586 -0.91911 -0.685229 -1 -0.481641 -0.533185 0.116186 -0.11529 -0.269621 0.721287 -0.759239 -1 0.565055 -0.973512 -1 -0.254756 -1 -0.484896 -0.522668 0.0553062 -0.377942 0.121677 -0.271708 -1 0.425765 -1 0.621303 0.57175 0.276867 -0.603941 -0.208924 -0.614332 -0.540093 -0.12107 -0.0523093 -0.0279692 0.280885 0.123051 0.221139 -0.256373 0.188914 -0.982106 -1 -0.28705 -0.997342 -0.684978 -0.926797 -0.998187 0.611858 -1 -0.259428 -1 -0.946407 -0.18419 -0.709449 -0.292036 -1 0.815828 0.489476 -0.326742 -0.60171 -1 0.249831 -1 0.0763186 -0.0309603 0.0480014 0.0654616 0.148307 -0.809124 -1 -0.229043 -0.596585 -0.545962 -0.25466 -0.269548 0.150882 -0.994236 -0.958258 -0.584934 -0.781967 -0.640574 -0.761581 -0.576959 -0.783897 0.216419 -0.392907 0.159218 -0.0356268 -0.231744 -0.385013 0.346955 -0.900706 0.634716 0.161173 0.0413877 -0.461209 -0.244888 -0.926008 -0.993707 0.289834 -0.701386 -0.278044 -0.170746 -1 0.844489 -0.0178573 -0.411296 -1 -0.316777 -0.691213 -0.73096 -1 -0.2464 0.153099 0.158807 -0.448866 -1 -0.643224 -0.533764 0.415616 -0.348835 0.171643 -0.915608 0.039053 -0.782397 
-0.995816 -0.639686 -0.737339 -0.275944 -0.893676 -0.991751 -0.348437 -0.997663 -0.707552 0.343646 -1 -1 0.376217 -0.828369 -0.56476 -1 -0.487058 -0.435789 0.239072 -0.0415734 -0.340263 0.712408 -0.807256 -0.903785 0.761233 -0.949976 -0.94937 0.105439 -1 -0.154279 -0.360508 0.0071441 -0.448498 0.275297 0.227701 -0.482892 0.529138 -1 0.582123 0.895027 0.304336 -0.644379 0.0475265 -0.342921 -0.26837 0.0880222 0.158467 0.310839 0.310799 0.363991 0.336544 -0.153916 0.555533 -0.923579 -0.992021 0.0517679 -0.983513 -0.73287 -0.998022 -1 0.656872 -0.521103 -0.326979 -1 -1 -0.158817 -0.32728 0.087825 -1 0.924855 0.296708 -0.423394 -0.585716 -0.650781 0.14427 -0.858373 0.250334 0.176805 0.132327 0.0264417 0.23384 -1 -1 0.166078 -0.416232 -0.209557 -0.503119 -0.0304828 0.166884 -0.966593 -1 -0.491041 -0.629556 -0.649489 -0.766822 -0.59101 -0.967206 0.665074 -0.198482 0.489821 0.154632 0.199527 -0.195517 0.102216 -0.697721 0.238491 0.306347 0.00639712 -0.502676 -0.483338 -0.462126 -0.930991 0.48809 -0.969405 -0.271552 0.0310509 -0.998711 0.641179 0.0756094 -0.552635 -1 -0.451745 -0.770348 -0.595351 -0.996148 -0.275736 0.34838 0.489905 -0.355433 -1 -0.354003 -0.494948 0.461127 -0.331887 0.303721 -0.799072 0.0201228 -0.70111 
-0.995485 -0.662305 -0.705541 -0.246603 -0.832915 -0.991766 -0.421201 -0.993465 -0.717269 0.350161 -1 -1 0.348261 -0.826637 -0.557037 -0.986841 -0.514218 -0.362759 0.239759 -0.063862 -0.317782 0.713038 -0.785228 -0.892335 0.780771 -0.925768 -0.962666 0.118664 -1 -0.209517 -0.364067 0.0376075 -0.458384 0.312047 0.2117 -0.460013 0.521148 -0.994087 0.591361 0.878215 0.345452 -0.647034 0.025186 -0.327884 -0.28083 0.0909685 0.105748 0.278932 0.303962 0.392984 0.30825 -0.146485 0.546354 -0.92615 -1 0.0517679 -0.955499 -0.713267 -1 -1 0.669707 -0.516077 -0.316298 -1 -0.987332 -0.147656 -0.37493 0.0720225 -1 0.919574 0.313697 -0.415267 -0.595619 -0.5834 0.162525 -0.823477 0.241939 0.206922 0.14949 -0.00237757 0.195329 -0.984529 -1 0.157393 -0.407089 -0.164186 -0.471709 -0.0171181 0.173515 -0.911819 -1 -0.457481 -0.641889 -0.665159 -0.777432 -0.589399 -0.898327 0.670391 -0.196731 0.513662 0.116325 0.224581 -0.142801 0.0995527 -0.66516 0.282815 0.3457 -0.00354257 -0.436401 -0.4933 -0.463853 -0.962515 0.495789 -0.96861 -0.241441 0.0333319 -0.994619 0.59114 0.0506062 -0.497413 -0.995717 -0.451745 -0.759461 -0.614149 -1 -0.288179 0.358074 0.523471 -0.315758 -0.990782 -0.341458 -0.483373 0.447905 -0.352578 0.300281 -0.825434 0.0297456 -0.703351 
-0.554142 -0.0518646 -1 0.180576 0.250665 -0.0476456 -1 -0.0340438 -0.956639 -0.679689 -0.0361442 0.361389 -0.835868 -0.268361 -1 -0.933245 -0.23431 -0.959397 -1 -0.673536 -0.363808 -0.295438 0.156703 -1 -0.97392 -0.843922 -0.0852899 -0.048429 -0.797009 -0.759395 0.0427587 -0.922226 -0.977186 -0.971484 -1 -0.997897 -0.9991 -1 -0.842805 -0.457383 0.531421 0.11302 -0.984542 -0.931031 0.0967373 -0.650432 -0.113406 -0.556114 0.0743583 -0.993238 -0.712956 -0.822748 -0.0585211 -0.996081 0.436976 -0.975632 -0.988697 -0.867854 -0.894746 -0.995645 -0.680339 0.66545 -0.624584 -0.621237 -0.0871616 0.0849181 -0.826039 -1 0.680892 -0.518269 -0.838515 -0.485573 0.011412 -0.994059 -0.327302 -0.843666 -0.224075 -1 -0.823598 -1 -0.689499 -1 0.0972091 -0.364833 -0.420567 -0.866696 -0.920331 0.284663 -1 -0.152654 0.00972206 -0.0460549 -1 -1 0.529367 -0.996533 0.286334 -0.157102 0.820779 -0.769511 -0.377641 -0.0280428 -0.495336 -0.791596 0.476845 -0.0702389 -0.565367 0.312314 -0.496619 -0.491278 -1 -0.308714 -0.67915 -1 -0.886708 -1 -0.260892 -0.594525 0.358623 -1 -0.275219 -0.1293 -0.517135 0.146472 0.314718 -0.381925 -0.593663 0.0831273 -0.294157 0.101468 -0.0580518 0.346145 -0.774846 0.151662 -0.996221 -0.729918 0.283193 -1 
-0.998364 -0.643926 -0.730325 -0.272684 -0.879036 -0.997975 -0.354417 -0.997 -0.729062 0.332723 -0.995172 -1 0.383256 -0.838161 -0.558656 -1 -0.496513 -0.447657 0.231572 -0.0395935 -0.333499 0.716049 -0.79342 -0.894108 0.765866 -0.96348 -0.951258 0.0997376 -0.997308 -0.137574 -0.350504 0.0071441 -0.455824 0.268779 0.208016 -0.485935 0.529138 -0.997514 0.582318 0.884555 0.293239 -0.631313 0.0478794 -0.321121 -0.274678 0.061365 0.159436 0.309987 0.303962 0.371734 0.335433 -0.146171 0.542492 -0.918262 -0.996492 0.0381935 -0.98478 -0.729958 -1 -1 0.656872 -0.511571 -0.316044 -1 -1 -0.163744 -0.331535 0.0691125 -1 0.925103 0.308084 -0.447677 -0.610873 -0.651108 0.136975 -0.865858 0.240509 0.178034 0.144622 0.0290094 0.213542 -1 -0.999523 0.138352 -0.428679 -0.195552 -0.499973 -0.0304828 0.147353 -0.96845 -1 -0.469132 -0.634849 -0.658259 -0.764819 -0.589961 -0.956813 0.676179 -0.212226 0.498004 0.154632 0.199527 -0.187965 0.102216 -0.672116 0.223932 0.275308 -0.0266733 -0.503363 -0.501115 -0.458498 -0.949855 0.483791 -0.963584 -0.271039 0.0337806 -1 0.639955 0.0748992 -0.552635 -1 -0.461444 -0.794161 -0.600004 -1 -0.288928 0.352086 0.495518 -0.351246 -0.997356 -0.320416 -0.496262 0.451191 -0.344361 0.308981 -0.802546 0.0212083 -0.717631 
-0.556746 -0.038816 -0.939693 0.15155 0.239284 -0.248931 -1 -0.0887141 -1 -0.638127 -0.0113536 0.392672 -0.786771 -0.259724 -1 -0.912497 -0.213054 -1 -0.938438 -0.979595 -0.31795 -0.371923 0.0280689 -1 -0.963652 -0.833315 -0.173549 0.0096485 -0.782488 -0.992228 -0.00408763 -0.873233 -1 -0.945963 -1 -1 -0.979742 -1 -0.82373 -0.384153 0.567538 0.132984 -0.975131 -0.901471 0.14862 -0.619969 -0.20821 -0.519787 0.148276 -1 -0.706028 -0.656426 -0.0685647 -0.993802 0.423569 -0.881457 -1 -0.975126 -0.795241 -1 -0.520381 0.23069 -0.808303 -0.560504 -0.22444 0.124324 -0.786439 -1 0.325526 -0.869419 -0.822422 -0.450682 0.014835 -1 -0.270067 -0.759701 -0.258262 -1 -0.788453 -1 -0.864475 -1 0.154953 -0.515372 -0.401135 -0.87906 -1 0.243807 -0.937511 -0.139293 -0.248641 -0.190135 -1 -1 0.541909 -0.998894 0.353345 -0.136439 0.761322 -0.814663 -0.377144 0.0195552 -0.333356 -0.776042 0.458098 -0.0791982 -0.512841 0.309463 -0.374265 -0.521558 -1 -0.549847 -0.512703 -1 -0.836606 -1 -0.194828 -0.529387 0.501762 -1 -0.270487 -0.0732683 -0.533767 0.191797 0.305888 -0.354738 -0.764522 0.124192 -0.291652 0.0907848 -0.00723916 0.343846 -0.754651 -0.100561 -1 -0.754215 0.361317 -1 
0.338219 -0.788886 -0.87756 0.570991 0.661114 -1 -0.690062 -0.525551 -0.979037 -0.915652 0.496807 0.562318 0.281528 -0.927432 0.281471 -0.705854 0.0753755 -0.607773 0.210851 -0.18269 0.681541 -1 0.0492738 0.369701 -1 0.550323 -0.238531 -0.494175 0.370494 -1 -1 0.0930177 -0.444011 -0.963114 -0.943762 0.462432 -1 0.150458 -0.869687 -0.315652 0.62926 -0.208472 -0.15757 -0.432316 0.434974 -0.978267 -1 0.191219 0.197489 -0.366176 0.498289 -0.998549 -0.555151 0.167757 -0.833954 -0.70528 -0.103801 -1 -0.874564 0.41705 0.0505749 0.37986 -1 -0.375646 -0.900686 0.232747 -0.768741 0.0314895 -0.159878 0.0990182 0.82917 -0.99894 0.0937423 -0.274052 -1 -1 -0.180051 -0.534413 -0.971007 0.726878 -0.999148 -0.437155 -0.603695 -0.317002 -0.53527 -1 0.640345 -0.926129 -0.451647 0.173161 -1 -0.864759 -1 -1 0.599401 -1 -0.332356 0.0413914 0.60766 -0.548686 -0.418134 0.362478 0.49891 -0.487396 -0.696073 0.0167467 -0.550861 -0.597574 -0.618351 -1 -1 -0.783996 -0.831757 0.433746 0.764495 -0.816076 0.794242 0.145872 -0.439908 -0.42401 -0.598787 -0.995426 -1 -0.307326 -0.194212 -0.0045509 -1 0.562328 -0.99756 -0.376985 -0.50518 -0.0973808 -1 -1 -1 0.0964904 0.168142 0.105749 
-1 -0.604666 -0.705541 -0.188379 -0.833171 -0.974825 -0.418406 -1 -0.717269 0.0623364 -1 -1 0.356497 -0.838281 -0.794543 -1 -0.518742 -0.362759 0.269892 -0.056479 -0.49349 0.701304 -0.862076 -0.88883 0.798467 -0.910199 -0.984505 0.132144 -1 -0.206952 -0.380454 -0.188472 -0.465792 0.302819 0.204843 -0.474908 0.515555 -0.996858 0.591361 0.872065 0.323612 -0.775504 0.0112636 -0.604716 -0.28083 -0.150279 -0.198297 0.0122208 0.303962 0.39645 0.113423 -0.146796 0.362612 -0.925765 -1 -0.201253 -1 -0.894573 -1 -1 0.669707 -0.64733 -0.62254 -0.9958 -1 -0.147656 -0.626764 -0.0724423 -1 0.960759 0.396187 -0.596485 -0.608535 -0.5834 0.163128 -0.989322 0.212738 -0.0910645 0.0131421 -0.285552 0.288299 -0.989081 -1 -0.152322 -0.418856 -0.16611 -0.373797 -0.0744591 0.166002 -0.911819 -1 -0.457481 -0.682693 -0.689822 -0.781654 -0.788798 -0.957539 0.663185 -0.393404 0.496104 -0.0506104 0.204228 -0.136471 0.109699 -0.66516 0.282815 0.3457 -0.00354257 -0.698874 -0.505015 -0.528336 -0.954882 0.49672 -1 -0.241441 0.00420258 -1 0.491378 -0.0755206 -0.497413 -1 -0.520487 -0.848337 -0.601139 -1 -0.295131 0.3103 0.520721 -0.315758 -1 -0.341458 -0.483373 0.438226 -0.303228 0.296991 -0.822586 0.0209289 -0.758864 
-0.997146 -0.720473 -0.729001 -0.533557 -1 -1 -0.467271 -1 -0.773512 0.360123 -1 -1 0.337213 -0.857732 -0.790087 -1 -0.712878 -0.52402 0.317625 -0.05472 -0.348316 0.896232 -0.784333 -0.948682 0.704874 -0.957662 -1 0.12182 -1 -0.559106 -0.658158 0.031079 -0.542794 0.195076 0.25313 -0.455246 0.351898 -0.991046 0.306807 0.851771 0.307145 -0.809425 -0.283447 -0.548875 -0.428164 0.0688245 -0.0680515 0.410585 0.0170947 0.202691 0.162502 -0.166208 0.413759 -0.92615 -1 0.0416312 -1 -0.716384 -1 -0.994514 0.395517 -0.544329 -0.316298 -1 -1 -0.445933 -0.503609 0.0644432 -1 0.907344 0.313697 -0.593831 -0.868497 -0.926293 0.0882571 -1 0.15445 -0.195784 0.129739 -0.279377 0.0056958 -0.996563 -1 0.0909103 -0.423876 -0.175851 -0.488188 -0.0308469 -0.0273387 -1 -1 -0.495476 -0.697065 -0.658439 -1 -0.790616 -1 0.646322 -0.496801 0.519632 0.0383084 0.171672 -0.422293 0.11735 -0.725822 -0.0323731 0.278414 -0.00819902 -0.729396 -0.509758 -0.719707 -1 0.396738 -1 -0.266736 0.0151431 -1 0.376732 -0.146428 -0.62943 -1 -0.316656 -0.754869 -0.628171 -1 -0.224142 0.358074 0.477941 -0.333095 -1 -0.616548 -0.446075 0.465472 -0.299785 0.0842015 -1 0.0153634 -1 
-0.54764 -0.038816 -1 0.288262 0.255505 0.0707492 -1 -0.0212903 -1 -0.636929 -0.0211858 0.392672 -0.774349 -0.442242 -1 -0.912497 -0.209655 -1 -0.99669 -0.829465 -0.302045 -0.271176 0.190804 -1 -1 -1 -0.129396 0.015282 -0.782488 -0.907991 -0.0642912 -0.819607 -1 -1 -1 -1 -0.996167 -1 -0.752704 -0.384153 0.567538 -0.0199945 -1 -1 0.118043 -0.567282 -0.119944 -0.541008 0.148276 -1 -0.633229 -0.750744 -0.049474 -1 0.475821 -0.995789 -1 -0.861692 -0.99593 -1 -0.476755 0.476208 -0.598592 -0.678489 0.0276546 0.112766 -0.786439 -1 0.520218 -0.49204 -0.803881 -0.459519 -0.123265 -1 -0.305274 -0.720262 -0.419944 -0.991836 -0.777942 -0.991749 -0.686211 -1 0.16836 -0.339162 -0.365127 -0.836268 -0.888992 0.347187 -1 -0.204131 0.00966977 -0.0320613 -1 -0.907633 0.574888 -0.996216 0.360167 -0.170094 0.561618 -0.795334 -0.305764 -0.0810142 -0.431355 -0.787087 0.496303 -0.0791982 -0.567038 0.303274 -0.388978 -0.490894 -1 -0.271052 -0.569658 -1 -0.947299 -1 -0.241552 -0.584673 0.461787 -1 -0.253598 -0.0331625 -0.708597 0.133282 0.308282 -0.354738 -0.538898 0.0330214 -0.305202 0.134649 -9.39202e-05 0.31103 -0.816618 -0.113098 -0.918922 -0.695629 0.361317 -0.935236 
-0.931122 -0.794389 -0.708853 -0.281499 -0.915163 -1 -0.652829 -0.949306 -0.746116 0.288474 -1 -1 0.0913709 -0.761621 -0.822067 -0.910627 -0.406548 -0.486045 0.17705 -0.159472 -0.505408 0.607883 -0.833255 -1 0.796704 -0.968781 -1 0.0716722 -0.97153 -0.237279 -0.296812 0.0539501 -0.321796 0.067576 0.377664 -0.448952 0.735985 -0.997511 0.480011 0.606507 0.544785 -0.632752 -0.162367 -0.271605 -0.394727 0.0634444 -0.0147752 0.0344951 0.582815 0.36538 0.145103 -0.226244 0.844517 -1 -1 -0.00399973 -0.838771 -0.753289 -1 -1 0.944958 -0.542654 -0.135735 -1 -1 -0.134908 -0.370347 -0.0854421 -0.992597 0.865719 0.50092 -0.485322 -0.460895 -0.73609 0.424988 -0.845963 0.220444 0.363042 0.14797 -0.189778 0.347749 -0.628155 -1 0.181124 -0.355383 -0.225183 -0.185617 -0.0273262 0.175596 -0.697846 -1 -0.475846 -0.603335 -0.701428 -0.763016 -0.585498 -0.711491 0.532244 -0.0969985 0.360765 0.350444 -0.146305 -0.201084 0.305325 -0.490107 0.330855 0.373063 0.0765985 -0.443483 -0.197347 -0.556288 -1 0.549843 -0.812769 -0.354228 0.0534172 -1 0.790878 -0.20058 -0.492399 -1 -0.259539 -0.689003 -0.603224 -0.872924 -0.219846 0.369285 0.498035 -0.619226 -1 -0.0881228 -0.479027 0.188775 -0.294554 0.208067 -0.862326 0.0175072 -0.451653 
-1 -0.753225 -1 -0.186407 -1 -0.926404 -0.523503 -0.952316 -1 0.361285 -0.991726 -0.983096 0.383677 -0.989111 -0.526183 -0.959555 -0.264089 -0.305684 0.0334399 -0.132975 -0.311425 0.50998 -1 -0.87152 0.231916 -0.887004 -1 -0.283148 -0.999822 -0.464681 -0.569802 -0.164691 -0.334346 0.150656 0.175215 -0.674162 0.77851 -1 0.629268 0.821956 0.555333 -0.369537 -0.125308 -0.334292 -0.744898 0.0974234 0.122026 -0.0723034 0.221718 0.374172 0.0451262 -0.400263 0.769548 -0.998688 -1 0.0768217 -0.77702 -0.735538 -1 -1 0.895697 -0.671603 -0.623332 -1 -0.913301 -0.321917 -0.374318 0.157194 -1 0.760547 0.461362 -0.646979 -0.28046 -0.718104 0.186175 -0.90331 -0.00441578 0.147323 0.125959 0.0353818 0.389525 -0.896426 -1 0.177609 -0.337471 -0.193045 -0.188625 -0.0424351 0.00988828 -0.870166 -1 -0.435506 -0.683866 -0.850836 -0.748982 -0.631476 -0.756143 0.376456 -0.20399 0.600071 0.243763 0.113008 -0.465906 0.216413 -0.548614 0.240181 0.35043 0.00475059 -0.652477 -0.400301 -0.543096 -1 0.356211 -0.860336 -0.247525 0.119007 -1 0.526308 -0.0625584 -0.579206 -0.999145 -0.180217 -0.702223 -0.585244 -1 -0.209278 0.338693 0.521082 -0.460513 -0.984052 -0.460509 -0.616885 0.139074 -0.613773 0.312241 -0.960305 0.00298327 -0.617982 
-0.752683 0.0298396 -1 0.288262 -0.0122845 -0.0731987 -1 -0.0212903 -1 -0.636929 -0.0113536 0.391993 -0.763766 -0.421405 -1 -0.912497 -0.437179 -0.956397 -1 -0.641318 -0.31795 -0.47858 0.134246 -1 -1 -1 -0.083934 0.0259198 -0.953289 -0.730734 0.0818745 -0.873233 -0.96217 -0.92328 -1 -1 -0.996167 -1 -1 -0.316556 0.567538 0.132984 -0.876731 -0.789798 0.0958777 -0.663562 -0.293918 -0.494006 0.217803 -0.900269 -0.707135 -0.750744 -0.168518 -1 0.418423 -0.991374 -0.94168 -0.980169 -0.840238 -1 -0.702102 0.681979 -0.550837 -0.560504 -0.0706036 -0.084359 -0.786439 -1 0.538989 -0.753831 -0.845103 -0.454631 0.0152602 -1 -0.305274 -0.776239 -0.222704 -1 -0.917951 -0.990493 -0.686211 -1 0.154953 -0.373246 -0.279168 -0.848811 -0.88027 0.347187 -1 -0.139293 0.00966977 -0.0320613 -0.975307 -1 0.517971 -0.940712 0.353345 -0.28174 0.828705 -0.753981 -0.305764 0.0195552 -0.647603 -0.776042 0.496303 -0.110198 -0.512841 0.0678252 -0.443731 -0.485931 -1 -0.438583 -0.832868 -1 -0.852607 -1 -0.358019 -0.578689 0.461787 -0.938189 -0.22808 -0.0732683 -0.480622 0.191797 0.366873 -0.270379 -0.534075 0.0419579 -0.291652 0.134649 -0.00723916 0.23794 -0.975771 -0.0693159 -1 -0.699988 0.361317 -0.946106 
-1 -0.698719 -0.715862 -0.54462 -1 -0.997591 -0.467271 -1 -0.78326 0.360123 -1 -0.996184 0.343295 -0.857732 -0.572658 -1 -0.532063 -0.519637 0.229814 -0.059413 -0.345641 0.804171 -0.783143 -0.957256 0.865844 -0.957662 -0.958474 0.128723 -1 -0.463478 -0.671186 0.0376075 -0.523398 0.279932 0.200158 -0.450758 0.276226 -0.987668 0.566487 0.849748 0.417052 -0.837188 -0.142943 -0.434523 -0.43532 0.0774223 0.108199 0.355128 0.303962 0.392984 0.272767 -0.1808 0.549661 -0.92615 -0.999535 0.0377994 -0.936449 -0.727365 -0.995573 -1 0.669707 -0.550592 -0.325911 -1 -0.99795 -0.157584 -0.377008 0.0520122 -0.995524 0.920106 0.313697 -0.574088 -0.5831 -0.725219 0.167265 -0.823477 0.164493 -0.0534227 0.135884 -0.000951773 0.0056958 -0.996563 -1 0.125452 -0.423876 -0.171669 -0.479156 -0.0435147 0.190413 -0.858662 -1 -0.502601 -0.742159 -0.65618 -0.968963 -0.555846 -1 0.64645 -0.35883 0.50567 0.044379 0.179408 -0.155852 0.111635 -0.679566 -0.0234402 0.320166 -0.00819902 -0.733771 -0.503177 -0.727692 -0.944909 0.494653 -1 -0.28123 0.0255046 -0.999892 0.344284 -0.119941 -0.510107 -1 -0.419696 -0.755773 -0.63776 -1 -0.209273 0.358074 0.523471 -0.333095 -0.997254 -0.443734 -0.44808 0.470443 -0.313655 0.0950235 -0.838971 0.0153634 -0.989957 
-1 -1 -1 -0.615691 -0.924992 -0.996732 -0.330371 -1 -0.861514 0.365011 -1 -1 -0.0255559 -1 -0.460601 -1 -0.228933 -0.60858 0.116186 -0.226947 -0.452722 0.505254 -0.996864 -0.99811 0.769579 -1 -1 -0.231057 -1 -0.488309 -0.733919 0.0553062 -0.56315 0.201925 -0.0741435 -1 0.367069 -1 0.401386 0.348467 0.0370511 -0.528089 -0.483334 -0.577548 -0.529547 -0.0825597 -0.332676 0.109103 0.46529 -0.147902 0.221897 -0.532773 0.387818 -0.896865 -1 -0.28705 -0.881242 -0.968035 -0.913223 -1 0.506464 -0.89813 -0.260645 -0.911276 -1 -0.177717 -0.60447 -0.064068 -0.997907 0.99107 0.213257 -0.420237 -0.485624 -0.491573 0.154446 -0.750452 -0.0340147 0.263055 0.0381528 -0.0429354 0.143437 -0.679778 -1 -0.16634 -0.374811 -0.695021 -0.230058 -0.113638 0.18218 -0.835037 -0.846859 -0.662163 -1 -0.645542 -1 -0.68143 -0.856475 0.592295 -0.393524 0.193996 -0.25871 -0.527478 -0.260273 0.0496018 -0.726149 0.359165 -0.310567 0.100679 -0.606909 -0.375492 -0.979221 -1 0.466814 -0.68488 -0.365385 0.0325994 -1 0.65148 -0.367098 -0.650364 -0.958515 -0.325329 -0.794152 -0.736218 -1 -0.204634 0.231696 0.317986 -0.475322 -1 -0.486589 -0.489027 0.27382 -0.294592 0.381376 -1 0.0399607 -0.76733 
-0.54764 -0.038816 -1 0.288262 0.255505 0.0707492 -1 -0.0212903 -1 -0.636929 -0.0113536 0.392672 -0.774349 -0.442242 -1 -0.912497 -0.209655 -1 -1 -0.816813 -0.31795 -0.24804 0.19843 -1 -1 -1 -0.083934 0.015282 -0.782488 -0.907991 -0.0642912 -0.802444 -1 -1 -1 -1 -0.996167 -1 -0.752704 -0.384153 0.567538 -0.0134461 -1 -1 0.118043 -0.579628 -0.119944 -0.498634 0.148276 -1 -0.633229 -0.750744 -0.049474 -1 0.475821 -1 -1 -0.861692 -1 -0.98557 -0.476755 0.476208 -0.550837 -0.632479 0.0348157 0.124324 -0.786439 -1 0.520218 -0.502356 -0.805674 -0.459519 -0.123265 -1 -0.305274 -0.706293 -0.399523 -1 -0.777942 -0.991749 -0.686211 -1 0.154953 -0.338754 -0.376424 -0.848811 -0.88027 0.347187 -1 -0.18972 0.00966977 -0.0320613 -1 -0.894242 0.574888 -0.996216 0.353345 -0.118861 0.59186 -0.753981 -0.305764 -0.0810142 -0.431355 -0.776042 0.496303 -0.0791982 -0.512841 0.303274 -0.388978 -0.490894 -1 -0.271052 -0.583564 -1 -0.947299 -1 -0.241552 -0.578689 0.461787 -1 -0.253598 -0.0331625 -0.708597 0.133282 0.308282 -0.354738 -0.534075 0.0330214 -0.291652 0.134649 -0.00723916 0.31103 -0.80732 -0.113098 -0.918922 -0.699988 0.361317 -0.946106 
-0.912179 -0.773121 -0.716685 -0.201854 -0.754267 -1 -0.393172 -0.996789 -0.864623 0.428145 -0.898129 -0.981413 0.147912 -0.810799 -0.546193 -1 -0.432803 -0.37771 0.231039 -0.113692 -0.286322 0.643059 -0.754931 -1 0.767192 -0.874771 -1 0.116526 -1 -0.347542 -0.393397 0.0488698 -0.286831 0.300277 0.273679 -0.632722 0.733182 -0.955865 0.555984 0.856685 0.604033 -0.376327 0.0277355 -0.581992 -0.33107 0.0967673 0.100267 0.271914 0.648463 0.328973 0.294932 -0.244412 0.529943 -0.997457 -1 -0.0366468 -0.795708 -0.940836 -0.957815 -0.94134 0.93574 -0.843353 -0.35026 -1 -1 -0.150739 -0.575879 0.158671 -1 0.902496 0.246154 -0.522008 -0.278547 -0.581663 0.259572 -1 0.216015 0.300251 -0.12176 0.0274876 0.353638 -0.987374 -1 0.19163 -0.31916 -0.471756 -0.269896 -0.21583 0.161794 -0.830798 -1 -0.456852 -0.612227 -0.64604 -0.772713 -0.751643 -0.727528 0.656239 -0.188893 0.612919 0.277863 0.116581 -0.158193 0.327675 -0.642254 0.43579 0.0840484 0.0178279 -0.576186 -0.315876 -0.497936 -0.996393 0.546464 -0.850495 -0.352376 0.0217583 -0.995553 0.829203 -0.047312 -0.504418 -1 -0.497905 -0.667423 -0.638449 -0.997279 -0.370331 0.350745 0.494326 -0.329517 -1 -0.169179 -0.494981 0.397839 -0.337811 0.310094 -0.839344 -0.230046 -0.465647 
0.470951 -0.647102 -0.398719 0.54996 0.194147 -0.934313 -0.907327 -0.432234 -0.872228 -0.672088 0.784947 0.924218 0.236219 -0.690188 0.362982 -0.979408 0.519237 -0.332046 -0.0450544 -0.174118 0.761093 -0.768091 0.114085 0.445051 -0.992786 0.868564 -0.454019 -1 0.774965 -0.848425 -0.961964 0.31754 -0.771163 -1 -0.9469 0.652807 -1 0.158668 -0.495827 0.154875 0.330106 -0.322703 -0.0568024 -0.614524 0.72327 -0.493649 -0.703402 -0.210474 0.151846 -0.398507 0.397581 -0.967936 0.0880413 0.00608301 -0.870555 -0.565376 -0.137844 -1 -1 0.457873 -0.166812 0.558871 -1 -0.43943 -1 -0.285446 -0.569099 -0.0799044 -0.186009 -0.218866 0.427674 -0.707131 -0.38597 0.115917 -0.517351 -0.660194 0.117267 -0.599076 -0.924697 0.811052 -1 0.0267822 -0.91801 -0.426168 -0.426874 -1 0.575084 -0.871098 -1 0.677689 -0.829702 -0.622384 -0.770372 -0.721254 0.487704 -1 -0.450307 0.476456 0.527512 -0.262728 -0.22174 0.00729994 0.664296 -0.075169 -0.644353 0.215009 -0.567308 -0.220963 -0.473162 -1 -1 -0.688334 -0.448112 0.837022 0.570227 -0.779177 0.213251 0.217723 -0.846493 -0.11741 -0.181618 -0.914034 -0.779468 -0.549763 0.0629132 0.529598 -1 0.452767 -1 -0.90968 -0.793861 0.203496 -0.856874 -1 -0.897986 0.0406695 -0.152936 0.370583 
-0.971483 -0.661413 -0.714619 -0.25413 -0.910351 -0.985585 -0.429035 -1 -0.700629 0.0854522 -1 -0.995496 0.326851 -0.810055 -0.585993 -1 -0.521779 -0.39619 0.244196 -0.0548582 -0.341572 0.471631 -0.821691 -1 0.749969 -0.999124 -0.947588 0.124464 -1 -0.131924 -0.624843 0.0194904 -0.497275 0.13872 0.077223 -0.458437 0.392059 -0.920303 0.429531 0.615689 0.32203 -0.659284 -0.100636 -0.328658 -0.293644 0.184773 0.13091 0.288965 0.171576 0.264815 0.300298 -0.174002 0.52164 -0.954002 -1 -0.104733 -0.954206 -0.713946 -1 -1 0.702455 -0.524532 -0.493332 -0.999327 -0.986106 -0.175513 -0.343551 0.0590267 -0.962428 0.923262 0.311236 -0.513547 -0.480229 -0.591653 -0.0429394 -1 0.233509 0.0694658 -0.0481178 -0.254565 0.226907 -0.971217 -1 0.157616 -0.623353 -0.166852 -0.718582 -0.220413 0.161541 -1 -1 -0.467857 -0.888793 -0.663825 -0.65858 -0.610442 -0.878502 0.661295 -0.418324 0.400627 0.130078 0.242295 -0.19118 -0.120736 -0.864676 0.258835 0.206103 -0.0105324 -0.583881 -0.490221 -0.642581 -0.943648 0.490592 -0.918789 -0.257539 -0.00834415 -0.991343 0.582605 0.0532896 -0.671171 -1 -0.493797 -0.761344 -0.848796 -1 -0.211321 0.0644625 0.587414 -0.32358 -1 -0.467604 -0.602753 0.47957 -0.335038 0.264189 -0.958802 0.0476402 -1 
-0.590672 -0.214499 -1 0.133504 0.139538 -0.135048 -1 -0.0670994 -0.899749 -0.780048 -0.557134 0.167593 -1 -0.386531 -1 -1 -0.244515 -0.993219 -1 -0.641318 -0.306136 -0.572356 0.0376535 -1 -0.920024 -1 -0.0457816 -0.369163 -0.891984 -1 -0.241472 -0.889923 -1 -0.99058 -1 -1 -1 -0.989138 -1 -0.369348 0.399019 0.0155272 -1 -0.887966 -0.339526 -0.521392 -0.0385243 -0.674098 -0.113567 -1 -0.695899 -1 -0.0270765 -1 0.073465 -1 -1 -1 -0.883618 -1 -0.432374 0.144284 -0.627407 -1 -0.0198706 -0.0740356 -0.895827 -1 0.775746 -0.781764 -1 -0.670488 -0.579231 -0.972177 -0.485528 -1 -0.347845 -1 -1 -0.942043 -0.969132 -1 -0.468567 -0.601099 -0.672335 -0.987461 -0.820588 0.131685 -1 -0.498416 0.0376169 -0.134951 -1 -0.769622 0.401437 -0.78949 0.174896 -0.686336 0.373106 -0.741103 -0.67265 -0.0686636 -0.715136 -0.938119 0.400014 -0.477866 -0.745825 -0.0297716 -0.904573 -0.667699 -1 -0.186942 -0.876017 -0.964086 -1 -1 -0.248343 -0.507181 0.465153 -1 -0.22808 -0.269931 -0.557948 0.154846 0.290533 -0.400612 -0.725139 -0.183698 -0.987713 -0.068611 -0.297302 0.110677 -0.940172 -0.0243854 -1 -0.835424 -0.0748967 -0.954429 
-1 -0.779474 -0.765725 -0.383879 -0.754866 -1 -0.356923 -1 -1 0.512682 -0.984348 -1 0.132814 -0.780732 -0.887398 -1 -0.208856 -0.739748 0.223079 -0.392072 -0.342386 0.413099 -0.776116 -1 0.792678 -0.857023 -0.909661 0.00866674 -1 -0.246073 -0.614701 0.0228839 -0.611978 0.298338 0.293722 -0.669413 0.7995 -1 0.553734 0.854177 0.550238 -0.503732 -0.0693717 -0.215787 -0.237527 0.124513 -0.0208709 0.0873239 0.577266 0.245638 0.324447 -0.206518 0.942096 -0.906395 -1 -0.311173 -1 -0.812609 -1 -1 0.734001 -0.72122 -0.11957 -1 -0.912798 -0.116719 -0.338314 0.0178912 -1 0.76618 0.572222 -0.712149 -0.270207 -0.620099 0.414574 -1 0.0407824 0.375669 0.139518 0.0756738 0.0614509 -0.636116 -1 0.17822 -0.278751 -0.674788 -0.270702 -0.228464 0.193891 -0.97694 -0.920341 -0.722853 -0.603726 -0.692023 -0.763016 -0.582186 -1 0.66841 -0.156343 0.648245 0.223542 0.0907401 -0.181886 0.205007 -0.548666 0.502213 0.405821 0.138268 -0.527759 -0.289367 -0.570132 -1 0.543983 -0.812769 -0.245123 -0.0399264 -1 0.852521 -0.146366 -0.498957 -1 -0.636668 -0.689003 -0.864807 -1 -0.208888 0.352021 0.499629 -0.369108 -1 -0.0711218 -0.598505 0.20412 -0.369016 0.280725 -0.998415 0.0026706 -0.955949 
-1 -0.576762 -0.731324 -0.397613 -0.870232 -1 -0.220356 -1 -1 0.403205 -1 -1 0.339063 -1 -0.755245 -1 -0.487687 -0.4393 0.231932 -0.0388477 -0.494464 0.578883 -1 -1 0.780238 -1 -0.907837 0.0997376 -1 -0.309543 -0.417755 0.000470736 -0.751814 0.0323533 -0.078638 -0.481021 0.517047 -1 0.542717 0.774824 -0.0508787 -0.638341 -0.0629829 -0.398871 -0.370078 0.0486469 0.0160731 0.167694 0.390496 0.393638 0.193482 -0.22721 0.255268 -1 -1 -0.32057 -1 -0.640896 -0.926079 -1 0.660177 -0.515465 -0.323475 -0.985247 -0.925777 -0.122954 -0.331856 0.0421609 -1 0.601386 0.308635 -0.520422 -0.879221 -0.650781 -0.19017 -1 -0.0464736 0.221913 -0.090932 -0.111932 -0.15797 -1 -0.885554 0.144436 -0.341706 -0.135313 -0.573668 -0.582016 -0.364726 -0.991819 -1 -0.619101 -0.831665 -0.647509 -0.858611 -0.820964 -0.963144 0.676785 -0.205699 0.505056 0.196285 0.179538 -0.474185 -0.263164 -0.956062 0.119136 0.314239 -0.156749 -0.483015 -0.415207 -0.401303 -0.945846 0.489294 -0.996704 -0.555129 0.0337806 -0.916616 0.640924 0.0785983 -0.670835 -1 -0.576387 -0.772469 -0.55561 -1 -0.320449 0.342181 0.487398 -0.349017 -1 -0.382582 -0.520735 0.461369 -0.462579 0.0919904 -1 -0.109923 -0.879701 
-0.653948 -0.0491448 -0.999954 0.267821 0.259954 -0.100675 -1 -0.0329455 -0.974619 -0.654109 -0.0216347 0.331995 -0.79026 -0.453899 -1 -1 -0.207514 -0.995086 -0.923278 -0.814993 -0.295933 -0.267895 0.111584 -1 -1 -0.912383 -0.129396 -0.086069 -1 -0.907991 -0.0667947 -0.842514 -0.984434 -1 -1 -1 -1 -1 -0.959753 -0.382953 0.495446 -0.282169 -1 -0.943161 0.118043 -0.582234 -0.12093 -0.692153 0.12513 -0.909374 -0.860561 -0.750744 0.0492558 -1 0.211791 -1 -1 -0.861692 -1 -1 -0.488752 0.476208 -0.598592 -0.709581 0.0348157 0.124324 -0.786439 -1 0.572961 -0.487329 -0.840957 -0.482705 -0.119215 -1 -0.42994 -0.790763 -0.672016 -0.980466 -0.781704 -0.995074 -0.621156 -1 0.155297 -0.348768 -0.399506 -0.847681 -1 0.241455 -0.94636 -0.18972 0.00966977 -0.0320613 -1 -0.904736 0.625481 -1 0.359382 -0.16703 0.318921 -0.997552 -0.326045 -0.26246 -0.431355 -0.797199 0.489264 -0.0791982 -0.572641 0.303237 -0.328942 -0.482664 -1 -0.386797 -0.572887 -0.963681 -0.947299 -1 -0.253049 -0.866877 0.421589 -0.934213 -0.253598 -0.0122149 -0.708597 -0.126659 0.074068 -0.354738 -0.830858 -0.240366 -0.25375 0.124338 0.0135194 0.401493 -0.875335 -0.222825 -0.930649 -0.86658 0.241109 -0.991692 
-1 -0.780698 -0.74101 -0.467794 -0.926612 -0.932697 -0.349558 -1 -0.686108 0.143016 -0.952633 -0.997067 0.369219 -0.828369 -0.712081 -1 -0.496108 -0.435789 0.0792807 -0.324598 -0.368901 0.590945 -1 -1 0.753016 -0.949976 -0.951258 -0.152088 -1 -0.160989 -0.355529 -0.263912 -0.586446 0.275297 0.227701 -0.430982 0.236447 -1 0.364257 0.905205 0.384483 -0.878712 -0.20736 -0.393258 -0.271608 0.0511999 0.158339 0.298207 0.303962 0.142272 0.347609 -0.375593 0.577639 -0.924972 -1 0.0398796 -0.995895 -0.655677 -1 -1 0.438818 -0.521103 -0.485352 -1 -0.999762 -0.0682594 -0.339119 0.087825 -1 0.925667 0.292452 -0.423394 -0.576067 -0.650781 0.0987941 -1 0.250334 0.178034 0.231744 0.0269396 0.239923 -0.941621 -1 0.165859 -0.619633 -0.498561 -0.501964 -0.0304828 0.153633 -1 -1 -0.513912 -0.870691 -0.655629 -0.771128 -0.599252 -1 0.679058 -0.198482 0.498004 0.182605 0.176468 -0.199173 0.0467922 -0.695003 0.207828 0.238043 -0.242426 -0.514017 -0.394042 -0.466467 -0.917718 0.219741 -0.961576 -0.462471 -0.255481 -1 0.641179 0.074713 -0.552635 -1 -0.455736 -0.707583 -0.602552 -1 -0.303155 0.343801 0.469227 -0.350904 -1 -0.480915 -0.466535 0.156176 -0.52734 0.313261 -0.805919 0.032087 -0.878076 
-0.998355 -1 -0.708853 -0.460397 -0.757738 -1 -0.390528 -1 -0.735146 0.460146 -1 -0.843468 0.413286 -0.877352 -0.852421 -0.92997 -0.17161 -0.30031 0.241638 -0.0992952 -0.520713 0.611938 -0.776753 -0.91146 0.491479 -0.850226 -0.992934 0.19255 -1 -0.228819 -0.609949 -0.0874935 -0.241907 0.203411 0.389017 -0.584829 0.730831 -1 0.612856 0.855272 0.407671 -0.41183 0.0240209 -0.274703 -0.35885 0.0367344 -0.0402459 0.312847 0.657928 0.351835 0.185887 -0.219002 0.561022 -1 -1 -0.0144659 -1 -0.728941 -1 -0.94753 0.942548 -0.680068 -0.252344 -1 -1 -0.382396 -0.346138 0.147863 -1 0.871792 0.394203 -0.612649 -0.434138 -0.576558 0.165314 -0.788203 0.235283 0.329799 -0.0747429 0.0276421 0.353372 -0.787969 -0.993604 0.17822 -0.297564 -0.235299 -0.150788 -0.31198 0.17635 -0.956545 -1 -0.747915 -0.61052 -0.693523 -0.769152 -0.669411 -0.92658 0.669374 -0.202067 0.725494 0.254796 -0.0613012 -0.186606 0.299841 -0.42374 0.492293 0.170964 0.103575 -0.601561 -0.289367 -0.580088 -1 0.605448 -0.836331 -0.263584 -0.164759 -1 0.781431 -0.0242775 -0.491786 -1 -0.326978 -0.689003 -0.702979 -0.825667 -0.204817 0.219237 0.53066 -0.632104 -1 -0.175322 -0.538043 0.196516 -0.444272 0.294657 -0.97535 -0.258744 -0.510118 
-0.826724 0.00581378 -1 0.280237 0.255505 -0.0283065 -1 -0.0212903 -0.942101 -0.877008 -0.240293 0.190798 -0.770386 -0.209081 -1 -0.899352 -0.274093 -0.878411 -0.972682 -1 -0.31795 -0.386025 -0.0258619 -1 -0.914403 -1 -0.115751 -0.0145623 -0.759107 -0.941615 -0.235339 -1 -0.999495 -1 -0.980192 -1 -0.96248 -0.943743 -0.949689 -0.384153 0.567538 0.122881 -1 -0.995731 0.0555452 -0.579628 -0.0781002 -0.671286 -0.117398 -1 -0.615797 -1 -0.439667 -1 0.46804 -0.998782 -1 -0.792894 -1 -1 -0.701568 0.545039 -0.692879 -0.573109 0.0348157 0.121137 -0.860724 -0.935358 0.50983 -0.44366 -0.872732 -0.557717 -0.21535 -1 -0.312284 -0.715966 -0.350481 -1 -0.928655 -0.950287 -0.779406 -1 0.154953 -0.429711 -0.473964 -0.967182 -0.880443 0.186244 -0.997641 -0.321563 -0.304704 -0.153743 -1 -0.998139 0.478683 -1 0.0979668 -0.118861 0.829294 -0.990091 -0.299333 0.0195552 -0.701847 -1 0.402873 -0.244403 -0.607532 0.292878 -0.395473 -0.631552 -1 -0.283603 -0.583564 -1 -0.781479 -1 -0.452331 -0.711136 0.461787 -1 -0.310272 0.00443122 -0.665155 0.123199 0.297257 -0.354738 -0.558333 0.218895 -0.229731 -0.03036 0.0243111 0.364141 -0.765199 -0.0431916 -1 -0.879159 0.406318 -0.92033 
-0.98957 -0.783153 -1 -0.346998 -1 -1 -0.379173 -1 -0.726942 0.447888 -1 -0.935937 0.3719 -1 -0.547313 -0.918372 -0.309504 -0.326319 -0.0963565 -0.283893 -0.434879 0.759238 -0.991723 -1 0.852113 -0.795959 -1 0.110587 -1 -0.227438 -0.655908 0.0166269 -0.325908 0.329314 0.376133 -0.683774 0.735985 -0.964435 0.612856 0.800811 0.61834 -0.401309 -0.0698284 -0.317876 -0.267934 0.110422 0.11586 0.15007 0.582815 0.440333 0.259804 -0.186118 0.696611 -1 -0.986831 -0.44235 -1 -0.731585 -1 -1 0.928201 -0.778388 -0.225396 -0.997505 -1 -0.129049 -0.469737 -0.0820316 -1 0.63581 0.50092 -0.36494 -0.791874 -0.580333 0.130193 -0.772055 0.22306 0.348563 -0.105786 -0.0825858 0.440381 -0.867812 -1 0.100505 -0.515958 -0.159816 -0.149835 -0.128479 0.190622 -0.970156 -1 -0.984158 -0.882686 -0.598013 -0.747257 -0.495919 -0.827507 0.500142 -0.373587 0.319366 0.240084 0.202207 -0.176869 0.387126 -0.399294 0.24332 0.373559 0.103575 -0.357039 -0.462207 -0.571213 -0.99821 0.512948 -0.930639 -0.380166 0.0408264 -1 0.747437 -0.00223858 -0.57342 -1 -0.49811 -0.698404 -1 -0.892224 -0.306151 0.473045 0.579161 -0.373227 -1 -0.0763452 -0.487798 0.311041 -0.376846 -0.00072071 -0.877387 -0.00209483 -0.45861 
-0.923998 -0.709632 -0.97633 -0.68414 -1 -1 -0.467271 -1 -0.941291 0.175206 -1 -1 0.0285494 -0.829949 -0.750018 -1 -0.463621 -0.724579 0.227921 -0.326991 -0.314208 0.844658 -0.951277 -1 0.699529 -0.978709 -1 0.12182 -1 -0.629524 -0.586307 -0.204662 -0.73543 0.277272 0.108942 -0.675617 0.285221 -0.993242 0.584998 0.855508 0.260585 -1 -0.226249 -0.470475 -0.495298 0.0670053 -0.0113547 0.448268 0.00937322 0.392984 -0.0633355 -0.166208 0.437672 -1 -1 -0.166251 -0.86178 -0.940955 -1 -1 0.371969 -0.544329 -0.593546 -0.999571 -1 -0.3051 -0.643434 0.0651725 -1 0.775995 -0.0702586 -0.865718 -0.76318 -0.776155 -0.0418229 -0.822325 -0.113973 -0.234709 -0.106615 -0.283899 0.0056958 -0.904961 -1 0.116679 -0.758334 -0.0676687 -0.774663 -0.0636518 0.18897 -0.969491 -1 -0.739882 -0.874281 -0.658439 -1 -0.923696 -0.981078 0.563732 -0.35883 0.414512 0.0318207 -0.0822263 -0.373891 -0.159098 -0.689866 -0.022881 0.0300903 -0.00819902 -1 -0.516577 -0.867721 -1 0.190735 -1 -0.462 -0.26095 -1 0.334752 -0.121094 -0.423178 -1 -0.566598 -1 -0.703618 -0.977244 -0.221493 0.350951 0.434158 -0.34223 -1 -0.718776 -0.421316 0.464199 -0.375675 -0.0716046 -0.836266 -0.138307 -0.935986 
-0.62725 -0.268202 -1 -0.0179591 0.248982 -0.255966 -1 0.0797661 -1 -0.746428 -0.162679 0.200612 -0.960743 -0.458218 -1 -1 -0.209655 -0.935469 -1 -0.557653 -0.435727 -0.20009 -0.224891 -1 -0.920024 -0.957535 -0.342221 -0.530098 -0.791145 -0.931281 0.115119 -1 -1 -0.934706 -1 -1 -0.880382 -0.936579 -0.834908 -0.385358 0.116161 0.110205 -0.936757 -1 -0.209925 -0.579628 -0.126278 -0.628527 0.231127 -1 -0.637284 -0.695632 -0.496742 -1 0.37322 -0.860466 -0.907512 -0.858518 -0.840238 -1 -0.507148 0.681979 -0.710967 -0.560504 -0.0849284 -0.0150712 -1 -1 0.484089 -0.609686 -1 -0.632901 -0.281885 -1 -0.59701 -0.773895 -0.218374 -0.997324 -0.98096 -1 -0.646666 -1 0.150578 -0.338899 -0.374864 -0.820443 -0.88027 0.338825 -1 -0.128053 0.134218 -0.0395683 -0.928356 -0.830207 0.334658 -0.940712 0.361167 -0.163226 0.537021 -1 -0.305764 -0.197201 -0.803266 -0.787067 0.490193 -0.198676 -0.79653 0.0492113 -0.457467 -0.652998 -1 -0.365746 -0.502312 -1 -1 -1 -0.117643 -0.57834 0.440012 -1 -0.576579 -0.439384 -0.446453 0.0634344 0.362379 -0.431041 -0.717938 0.124181 -0.348878 0.131486 -0.0140906 0.354412 -0.956626 -0.080917 -1 -0.707697 0.362683 -0.958599 
-0.995816 -0.637012 -0.686543 -0.275944 -1 -1 -0.301307 -1 -0.750524 0.234019 -1 -1 0.369219 -1 -0.488398 -1 -0.487058 -0.369558 0.239072 -0.0557471 -0.371678 0.701246 -0.793311 -0.975011 0.750767 -0.955355 -0.934402 0.0773854 -0.997834 -0.249441 -0.293711 0.0071441 -0.450318 0.0853468 0.0822765 -0.609291 0.521322 -1 0.521762 0.963633 0.312941 -0.634227 0.0475265 -0.324655 -0.436062 0.0499087 0.144171 0.298207 0.303962 0.437777 0.360893 -0.419985 0.268383 -1 -0.99652 0.0398796 -1 -0.73287 -0.998016 -1 0.59013 -0.521103 -0.321203 -1 -1 -0.158817 -0.331535 0.080982 -1 0.637245 0.296708 -0.424226 -0.668393 -0.650957 -0.0486493 -0.869957 0.25151 0.178034 0.144622 0.0290231 0.264936 -1 -1 -0.0746039 -0.423847 -0.199136 -0.501471 -0.0289432 0.153633 -0.984698 -1 -0.566438 -0.632268 -0.934495 -0.773739 -0.589825 -1 0.371602 -0.198482 0.499851 0.169757 0.290117 -0.385457 -0.121401 -0.697503 0.266167 0.162985 -0.114495 -0.502676 -0.483338 -0.466467 -1 0.491083 -0.965788 -0.454325 0.0337806 -1 0.636623 -0.155224 -0.557408 -1 -0.455736 -0.765898 -0.602552 -1 -0.275736 0.293012 0.389969 -0.588307 -1 -0.341351 -0.456438 0.45407 -0.337795 0.313261 -0.800746 0.0201228 -0.865471 
-0.683142 0.418198 -0.888243 -0.492618 -0.300932 0.400074 -1 0.720479 -0.95287 -0.596596 -1 -0.203231 -0.191737 -1 0.20983 -1 -1 -1 -0.998559 0.375163 0.768537 -0.718635 -0.352765 -0.619396 -0.653996 -0.360152 0.730929 -1 -1 0.0542784 -0.930326 -1 -1 0.365211 -0.920379 -1 -0.930217 -1 -0.727098 -0.918216 0.621028 -0.117992 -0.998243 -1 -0.0680523 -0.114863 -1 0.437493 0.790092 -0.240798 -0.254709 -1 -0.998425 0.0739496 -0.6551 -1 -0.498616 0.633037 0.682639 -0.390136 0.130138 -0.307552 -0.522326 0.151525 0.907587 0.157548 -0.367035 0.270912 0.792474 0.183364 0.0773018 -0.597588 -0.985321 -0.908044 -0.916239 -1 -0.131388 -0.521411 0.243393 -0.778081 -0.891488 0.624504 0.547053 -0.75169 -0.826748 0.204733 0.44261 0.218464 -0.884766 -1 -0.769474 0.268144 -0.0677391 -0.918182 -0.598118 -0.473222 -0.997072 -0.350061 -0.696663 0.0970694 -0.860904 0.937993 -1 -0.263613 0.174415 -0.00253538 -0.291485 -0.646351 -0.912074 -1 0.25367 -0.311902 0.705694 -0.523249 -0.08126 0.899218 -0.294912 -0.0546308 -0.54879 -0.93712 -0.859999 -1 0.437904 -0.447529 -1 0.146313 -1 -0.734495 -0.977898 -1 -0.395051 0.194888 -1 -1 -0.787696 -0.182947 0.191873 -0.490157 
-0.573793 -0.0162164 -0.967427 -0.461149 -0.262237 0.843815 -1 0.602726 -1 -0.527852 -0.989376 -0.164757 -0.460516 -0.99942 -0.241136 -1 -1 -0.916928 -1 0.325908 0.683363 -0.704041 -0.241725 -0.755528 -0.632122 -0.368698 0.922637 -1 -1 -0.235189 -1 -1 -1 0.307332 -0.983761 -1 -1 -0.958833 -0.7283 -0.97811 0.672178 -0.114964 -0.80249 -0.99548 -0.242375 -0.362998 -0.983112 0.421555 0.824558 -0.421202 -0.301014 -0.958334 -1 0.0987538 -0.589252 -0.584155 -0.422848 0.789208 0.58582 -0.710214 0.198968 0.066072 -0.514935 0.148222 0.937411 -0.0119676 -1 -0.0287653 0.679161 -0.199756 0.146498 -0.581757 -0.915796 -0.838429 -1 -1 0.0992771 -0.97504 0.45079 -0.59333 -1 0.518063 0.684273 -0.50289 -0.93722 0.0929844 0.799825 0.769035 -1 -1 -0.96007 0.119858 0.100058 -0.965214 -0.645726 -0.399281 -1 -0.38108 -0.759626 0.121832 -0.843668 0.764928 -0.957935 -0.702289 0.0641662 0.17985 -0.292228 -0.586312 -0.996575 -1 0.517809 -0.300756 0.939965 -0.122301 -0.488469 0.876105 -0.162302 -0.362692 -0.219607 -1 -0.97838 -1 0.511629 -0.293176 -1 0.0933842 -0.923914 -0.943984 -1 -1 -0.381864 -0.165765 -0.995885 -0.999752 -0.933051 -0.186268 0.429278 -0.429619 
-1 -0.707748 -0.724552 -0.262506 -1 -1 -0.530577 -1 -0.784157 0.139461 -1 -1 0.369219 -0.891368 -0.612009 -1 -0.488808 -0.721597 0.00922041 -0.101207 -0.578306 0.710241 -0.793311 -0.910882 0.757625 -0.949976 -0.951258 -0.0281077 -0.928899 -0.414577 -0.539773 -0.270844 -0.448498 0.275297 0.0114805 -0.724547 0.521322 -1 0.587492 0.603668 0.38526 -0.766696 0.0475265 -0.324655 -0.489893 0.0620468 0.0837881 0.298207 0.303518 0.158926 0.347609 -0.153916 0.558165 -1 -1 0.0398796 -0.992571 -0.73287 -1 -1 0.637965 -0.519752 -0.321203 -1 -1 -0.146311 -0.236106 -0.18514 -1 0.925667 0.183369 -0.332437 -0.585716 -0.869985 0.14427 -1 0.250334 0.178034 -0.0948021 0.0290231 0.229863 -1 -0.956735 0.0759791 -0.378456 -0.23156 -0.709201 -0.0131251 0.153633 -0.971933 -0.934419 -0.576374 -0.642692 -0.772734 -0.763266 -0.589825 -0.967206 0.676785 -0.349383 0.250696 -0.119361 0.202704 -0.11255 0.0114139 -0.782477 0.292832 0.189088 -0.292504 -0.502676 -0.483338 -0.466467 -0.914775 0.48809 -0.976076 -0.270148 0.0337806 -1 0.633572 0.0664934 -0.710866 -1 -0.455736 -0.98391 -0.602552 -1 -0.285237 0.345648 0.478434 -0.617651 -1 -0.484373 -0.698729 0.31413 -0.351284 0.31309 -0.984112 0.0201228 -0.890157 
-0.9978 -0.641804 -0.728791 -0.252526 -0.877809 -0.991751 -0.365866 -1 -0.711802 0.330329 -1 -0.99543 0.382456 -0.828369 -0.563813 -0.997348 -0.487687 -0.435789 0.243789 -0.0503185 -0.337266 0.722671 -0.79445 -0.900812 0.745773 -0.964083 -0.948722 0.0975345 -1 -0.154878 -0.354372 -0.00389037 -0.455802 0.274586 0.212751 -0.494031 0.522455 -1 0.568898 0.895027 0.301644 -0.640682 0.018112 -0.335341 -0.289816 0.0720463 0.161145 0.309818 0.309009 0.371734 0.333232 -0.152077 0.558765 -0.919836 -1 0.0517679 -0.985571 -0.73467 -1 -1 0.656872 -0.531999 -0.316298 -1 -0.992278 -0.165388 -0.335697 0.0865631 -0.999292 0.904213 0.295803 -0.421522 -0.577741 -0.646187 0.13451 -0.856781 0.250334 0.178034 0.124892 0.0208681 0.238377 -0.993612 -1 0.173423 -0.437327 -0.194855 -0.484791 -0.0304828 0.159489 -0.970127 -1 -0.499199 -0.627565 -0.647509 -0.785008 -0.589961 -0.961712 0.676785 -0.201704 0.498004 0.140654 0.200902 -0.187965 0.0965897 -0.687056 0.241464 0.312255 0.000112059 -0.487726 -0.481611 -0.472981 -0.938455 0.474975 -0.963584 -0.270148 0.0183246 -1 0.641179 0.0782986 -0.558048 -0.996068 -0.471373 -0.765511 -0.598393 -0.996148 -0.275736 0.350953 0.504725 -0.350904 -1 -0.332185 -0.498461 0.461127 -0.321237 0.288785 -0.801995 0.0172258 -0.697544 
-0.971483 -0.661413 -0.715356 -0.251496 -0.910351 -0.985585 -0.429035 -1 -0.700629 0.0903247 -1 -1 0.326851 -0.812594 -0.585993 -1 -0.517916 -0.370749 0.238915 -0.0548582 -0.341572 0.471631 -0.825676 -1 0.753137 -0.999124 -0.946808 0.124464 -0.992 -0.129123 -0.624843 0.00984267 -0.510401 0.13872 0.0805273 -0.458437 0.392059 -0.908881 0.429531 0.624564 0.310535 -0.659284 -0.104075 -0.328658 -0.316774 0.175858 0.145117 0.288965 0.171576 0.266421 0.292856 -0.181178 0.515241 -0.957331 -1 -0.104603 -0.954206 -0.71582 -1 -0.997085 0.714665 -0.524166 -0.488506 -1 -0.989786 -0.159628 -0.340312 0.0673251 -0.962428 0.923262 0.310164 -0.518209 -0.480229 -0.597999 -0.0309723 -0.993094 0.233509 0.0694658 -0.0587658 -0.265936 0.230202 -0.97387 -1 0.167305 -0.622721 -0.166852 -0.7199 -0.220413 0.164793 -0.998151 -0.992684 -0.458455 -0.888793 -0.663825 -0.667432 -0.618122 -0.878573 0.661295 -0.418324 0.410438 0.132022 0.256571 -0.204361 -0.134708 -0.868658 0.263353 0.206103 -0.00689907 -0.583881 -0.490221 -0.642581 -0.949278 0.495649 -0.918789 -0.24548 -0.0165539 -0.994948 0.578525 0.0561099 -0.671171 -1 -0.46819 -0.761344 -0.846728 -1 -0.211321 0.0515619 0.587507 -0.32252 -0.995777 -0.466897 -0.625098 0.47957 -0.33556 0.263799 -0.959325 0.0493497 -1 
-0.54764 -0.038816 -1 0.00179446 -0.0396262 0.00463142 -1 0.0336696 -1 -0.637233 -0.163096 0.438282 -0.977566 -0.530531 -1 -0.912497 -0.209655 -0.935469 -1 -0.644068 -0.507851 -0.24804 0.19843 -0.978586 -1 -0.833315 -0.083934 -0.277724 -0.782488 -0.730734 0.0340016 -1 -0.978798 -0.92328 -1 -1 -1 -1 -0.834908 -0.645598 0.567538 0.132984 -0.944379 -0.895775 0.0880636 -0.728371 -0.119306 -0.516935 0.148276 -1 -0.633229 -0.750744 -0.0270765 -1 0.475821 -0.881457 -1 -0.875917 -0.842584 -1 -0.654353 0.681979 -0.550837 -0.560504 0.0348157 0.124324 -0.862372 -0.919609 0.702311 -0.644007 -0.805674 -0.459519 0.0139169 -1 -0.424153 -0.776239 -0.492617 -1 -0.777942 -0.991749 -0.686211 -0.964128 -0.00664667 -0.526616 -0.376424 -1 -0.88027 0.347187 -1 -0.217683 -0.149279 -0.0971697 -1 -0.836603 0.426492 -0.940712 0.353345 -0.282904 0.828705 -0.753981 -0.305764 0.00543411 -0.659497 -0.823094 0.304948 -0.0791982 -0.446145 0.156472 -0.706506 -0.485931 -1 -0.539744 -0.485972 -0.951818 -0.764155 -1 -0.502459 -0.774128 0.36781 -1 -0.44597 -0.00805222 -0.487319 0.186075 0.363079 -0.403462 -0.576495 0.187469 -0.243046 0.134649 0.0148737 0.448257 -0.739042 0.0996073 -1 -0.769776 0.266719 -1 
0.470951 -0.746051 -0.398719 0.54996 0.2164 -0.934313 -0.907327 -0.432234 -0.872228 -0.806927 0.784947 0.641964 0.236219 -0.770662 0.362982 -1 0.418811 -0.332046 -0.295911 -0.174118 0.761093 -0.768091 0.170804 0.445051 -0.992786 0.86641 -0.454019 -1 0.660852 -0.848425 -0.973783 0.0859555 -0.771163 -1 -0.9469 0.54142 -1 -0.12977 -0.506186 -0.140013 0.386787 -0.322703 -0.177237 -0.519377 0.733745 -0.493649 -0.701926 -0.210474 0.151846 -0.499471 0.397581 -0.967936 -0.188679 -0.0100173 -1 -0.577797 -0.20266 -1 -1 0.457873 -0.35191 0.294976 -1 -0.43943 -1 -0.397946 -0.569099 -0.0799044 -0.42448 -0.502355 0.316314 -0.707131 -0.603521 -0.0243446 -0.564126 -0.660194 0.117267 -0.896764 -0.850533 0.811052 -1 -0.219424 -0.97429 -0.606388 -0.697277 -1 0.575084 -0.871098 -1 0.510649 -0.738793 -0.622384 -0.849127 -0.721254 0.302449 -1 -0.575601 0.414455 0.330857 -0.543366 -0.22174 -0.18116 0.442591 -0.075169 -0.666484 -0.0828598 -0.833729 -0.411434 -0.473162 -1 -1 -0.688334 -0.615237 0.837022 0.425517 -0.779177 0.112416 0.217723 -0.869471 -0.11741 -0.177067 -0.914034 -0.779468 -0.549763 -0.216779 0.529598 -1 0.452767 -1 -0.90968 -0.793861 0.203496 -1 -1 -0.897986 -0.237877 -0.152936 0.370583 
-1 -0.664822 -0.714128 -0.278261 -0.832915 -0.894733 -0.597231 -1 -0.71738 0.165596 -0.928627 -0.926337 0.333961 -0.816742 -0.564297 -1 -0.514615 -0.32453 0.204966 -0.184345 -0.316494 0.51608 -0.785661 -0.904871 0.768998 -0.892439 -1 0.132144 -1 -0.352361 -0.666121 0.0480849 -0.637343 0.316037 0.2117 -0.55942 0.316624 -0.999398 0.576816 0.876437 0.0577368 -0.646923 0.025186 -0.333803 -0.399558 -0.0534638 0.0999488 0.259763 0.191089 0.259944 0.282071 -0.151678 0.54157 -0.933762 -1 0.0148075 -0.980254 -0.719959 -0.993986 -1 0.52642 -0.596778 -0.320372 -1 -0.917968 -0.157704 -0.572195 -0.0453138 -1 0.906694 0.391481 -0.611736 -0.719103 -0.579506 0.174218 -1 0.013596 0.180226 0.14822 0.0167299 0.0362642 -1 -1 0.143685 -0.405986 -0.231825 -0.481109 -0.210185 0.135633 -1 -1 -0.487669 -0.641889 -0.648524 -0.848133 -0.601709 -0.90707 0.673464 -0.285907 0.496565 0.126489 0.247617 -0.321723 -0.0523724 -0.929823 0.0637045 0.3457 -0.00557974 -0.445041 -0.483245 -0.528421 -1 0.457568 -0.973513 -0.242082 0.0313255 -1 0.577914 -0.1564 -0.497413 -1 -0.462821 -0.99428 -0.605959 -1 -0.267455 0.0834959 0.51356 -0.362349 -0.989105 -0.51357 -0.480828 0.457718 -0.548964 0.307661 -0.818893 -0.0559904 -0.932098 
-0.915814 -1 -0.733612 -0.242856 -0.747396 -1 -0.467167 -1 -0.733433 0.37122 -1 -1 0.195795 -0.834294 -0.506876 -1 -0.203858 -0.313404 0.00797239 -0.359603 -0.437607 0.664284 -1 -1 0.797029 -0.842718 -0.986799 0.00881449 -0.936124 -0.194156 -0.367636 0.0142507 -0.541023 0.124055 0.307701 -0.701581 0.652565 -0.939204 0.303207 0.717668 0.512133 -0.324157 0.0240209 -0.285015 -0.586747 -0.320844 -0.0921996 0.257894 0.662771 0.105753 0.3099 -0.637105 0.836921 -0.952886 -1 -0.227739 -0.936048 -0.753825 -1 -0.932174 0.947798 -0.653315 -0.1305 -0.977702 -1 -0.483503 -0.483884 0.0725393 -1 0.880063 0.383862 -0.490485 -0.433491 -0.765278 0.0776946 -0.839874 -0.015496 0.348634 0.150079 -0.23681 -0.0129228 -1 -1 0.165965 -0.8243 -0.470906 -0.181518 0.0144431 0.17635 -0.975559 -0.996478 -0.481652 -0.566063 -0.693367 -0.740699 -0.580732 -0.709516 0.457924 -0.315167 0.599648 0.203326 -0.185051 -0.185254 0.362209 -0.611117 0.493614 0.1814 0.0986295 -0.437078 -0.44616 -0.795144 -0.901864 0.293552 -0.923323 -0.254648 0.120078 -0.895127 0.627541 -0.186086 -0.413921 -1 -0.432406 -0.758223 -0.602165 -0.911542 -0.209145 0.0764675 0.576511 -0.374096 -1 -0.0970392 -0.593269 0.430826 -0.292934 -0.00742768 -0.737838 -0.0524238 -0.589765 
-0.96978 -0.921625 -0.730325 -0.358433 -1 -0.988574 -0.559157 -0.997183 -0.744626 0.332723 -1 -0.99543 0.26996 -0.831896 -0.543971 -1 -0.500097 -0.435789 -0.0585831 -0.0500303 -0.3262 0.711423 -0.996432 -1 0.763331 -0.996964 -0.882059 -0.0586179 -0.924872 -0.135126 -0.365393 -0.141685 -0.443509 0.268779 0.211652 -0.486126 0.529138 -1 0.57092 0.932192 0.292551 -0.635144 -0.0372706 -0.331442 -0.407786 -0.193393 0.211619 0.314328 0.305575 0.371734 0.344766 -0.390079 0.551836 -0.828625 -1 -0.0389687 -1 -0.766289 -1 -1 0.627308 -0.535198 -0.444823 -1 -1 -0.333345 -0.329275 0.0691125 -0.925507 0.930589 0.308084 -0.603731 -0.891661 -0.662914 0.145393 -0.865888 0.320817 0.100622 0.131349 0.0290094 0.096889 -1 -0.999523 0.149131 -0.428706 -0.372168 -0.550206 -0.0304828 0.0842478 -1 -0.959067 -0.603739 -0.789629 -0.64329 -0.764819 -0.770168 -0.966408 0.435232 -0.274472 0.229252 0.148864 0.0922921 -0.187965 0.0585749 -0.672116 0.231107 0.294061 0.000682044 -0.485631 -0.486525 -0.62831 -1 0.355374 -0.963584 -0.309057 -0.111312 -1 0.641179 -0.0196378 -0.465245 -1 -0.451745 -0.779459 -0.592849 -1 -0.227277 0.34508 0.51402 -0.350904 -1 -0.494231 -0.508254 0.445883 -0.35076 0.029118 -0.955446 0.023126 -0.71581 
-1 -1 -1 -0.615691 -0.924992 -0.995408 -0.330371 -1 -0.861514 0.365011 -1 -0.997516 -0.0255559 -1 -0.468444 -1 -0.23451 -0.595525 0.116186 -0.226947 -0.452722 0.505254 -0.996864 -1 0.769579 -1 -1 -0.232171 -1 -0.488309 -0.733919 0.0483499 -0.575271 0.201925 -0.0741435 -1 0.368933 -0.997463 0.401386 0.348467 0.0271242 -0.528089 -0.470835 -0.577548 -0.529547 -0.0825597 -0.332676 0.109657 0.472294 -0.145772 0.221897 -0.532773 0.387818 -0.896865 -0.992027 -0.28705 -0.883582 -0.965415 -0.913223 -1 0.506464 -0.899047 -0.260645 -0.908463 -1 -0.177717 -0.60447 -0.064068 -0.995001 0.99107 0.213257 -0.420237 -0.492416 -0.491573 0.153743 -0.750452 -0.0340147 0.263055 0.0381528 -0.041263 0.143437 -0.679778 -1 -0.16634 -0.374811 -0.696765 -0.225922 -0.1254 0.193643 -0.835037 -0.846859 -0.662163 -1 -0.640633 -1 -0.68143 -0.870307 0.597178 -0.40139 0.195053 -0.25871 -0.531845 -0.265599 0.0496018 -0.726149 0.359165 -0.313979 0.0858792 -0.606909 -0.375492 -0.977153 -1 0.466814 -0.68488 -0.365385 0.0325994 -1 0.65148 -0.372304 -0.650364 -0.958515 -0.325329 -0.804184 -0.736218 -0.996197 -0.203552 0.231696 0.316499 -0.475322 -1 -0.486589 -0.489027 0.27786 -0.294592 0.381376 -1 0.0399607 -0.76733 
-1 -0.862157 -0.724552 -0.285322 -0.89238 -0.994812 -0.360134 -1 -0.710455 0.343646 -1 -1 0.431553 -0.734691 -0.56476 -1 -0.487058 -0.640472 -0.00788864 -0.0482056 -0.259059 0.712408 -0.789428 -0.910882 0.764028 -0.949976 -1 0.0506796 -1 -0.156405 -0.360508 0.0259631 -0.649905 0.310435 0.299627 -0.541368 0.271257 -1 0.580562 0.841477 0.249641 -0.634227 -0.0434273 -0.319959 -0.271608 -0.0116336 0.0366004 0.298207 0.13781 0.314853 0.0823372 -0.166957 0.550118 -0.924972 -0.9734 0.00431855 -0.942083 -0.73287 -1 -0.997524 0.649845 -0.71761 -0.400847 -0.994873 -1 -0.108499 -0.301619 -0.0906448 -1 0.925823 0.296708 -0.441315 -0.547114 -0.650781 0.227069 -0.856781 0.250334 0.178034 0.145907 0.0166226 0.228032 -1 -0.922495 0.172652 -0.416232 -0.49273 -0.501964 -0.0343291 0.078036 -0.985253 -0.928305 -0.491041 -0.747993 -0.647509 -1 -0.589825 -0.967206 0.676785 -0.198482 0.498004 0.154632 0.199527 -0.409618 0.00937869 -0.697503 0.104264 0.0625592 -0.225009 -0.731239 -0.688768 -0.474894 -0.996012 0.48809 -0.965788 -0.452677 0.0337806 -0.981919 0.636712 -0.060119 -0.554926 -1 -0.455736 -0.765511 -0.528954 -1 -0.275736 0.34838 0.298245 -0.285811 -1 -0.347567 -0.510777 0.259239 -0.330657 0.310267 -0.806036 0.00871736 -0.700485 
-0.96753 -0.662758 -0.715356 -0.235882 -0.910351 -0.985585 -0.429035 -1 -0.700629 0.0881859 -1 -1 0.326851 -0.827124 -0.585993 -1 -0.514253 -0.369326 0.251101 -0.0548582 -0.348647 0.471631 -0.825676 -1 0.753137 -0.999124 -0.950415 0.124464 -0.992 -0.120979 -0.624843 0.0236278 -0.492692 0.13872 0.0805273 -0.458437 0.39531 -0.908881 0.429531 0.612729 0.310704 -0.659284 -0.105395 -0.326624 -0.302214 0.182004 0.145117 0.288965 0.171576 0.255311 0.301304 -0.181178 0.518954 -0.952896 -1 -0.117344 -0.954206 -0.71582 -1 -0.997085 0.714665 -0.524532 -0.500388 -1 -0.986106 -0.172975 -0.340312 0.0539745 -0.969346 0.920891 0.310082 -0.513099 -0.479221 -0.597999 -0.0309723 -0.995218 0.233509 0.0579155 -0.0586692 -0.264264 0.234919 -0.97387 -1 0.167305 -0.623353 -0.176197 -0.706536 -0.220413 0.161541 -1 -0.992684 -0.461513 -0.888793 -0.663825 -0.65858 -0.605351 -0.878573 0.661295 -0.418324 0.410976 0.137796 0.256571 -0.19118 -0.120462 -0.865446 0.265383 0.206103 -0.00689907 -0.583881 -0.488513 -0.642581 -0.949278 0.491168 -0.925426 -0.24548 -0.00205117 -0.994948 0.59041 0.0424899 -0.671171 -1 -0.482365 -0.761344 -0.846728 -1 -0.210864 0.0532034 0.587507 -0.325458 -1 -0.466897 -0.602753 0.47957 -0.335663 0.264189 -0.966911 0.0521074 -1 
-0.54764 -0.038816 -1 0.288262 0.255505 0.0707492 -1 -0.0212903 -1 -0.636929 -0.0113536 0.392672 -0.774349 -0.442242 -1 -0.923827 -0.209655 -1 -1 -0.830868 -0.31795 -0.24804 0.191658 -1 -1 -1 -0.0867607 0.0033272 -0.782488 -0.907991 -0.0642912 -0.802444 -1 -1 -0.995004 -1 -1 -1 -0.751628 -0.384153 0.555426 -0.0134461 -1 -1 0.122374 -0.586692 -0.123075 -0.498634 0.15036 -0.996295 -0.633229 -0.750744 -0.0648479 -1 0.475821 -1 -0.996068 -0.861259 -1 -0.984247 -0.487839 0.476208 -0.550837 -0.632479 0.0381922 0.118997 -0.786439 -1 0.520218 -0.508375 -0.805674 -0.459519 -0.123265 -1 -0.315465 -0.706293 -0.408598 -1 -0.786386 -0.991749 -0.686211 -0.999732 0.154953 -0.338754 -0.371567 -0.848811 -0.88027 0.347187 -0.998811 -0.200265 0.00966977 -0.0320613 -1 -0.892639 0.574888 -0.996216 0.339705 -0.118861 0.59186 -0.753981 -0.317054 -0.0810142 -0.431355 -0.776042 0.496303 -0.090682 -0.516916 0.303274 -0.388978 -0.501387 -1 -0.280726 -0.5828 -1 -0.947299 -1 -0.240652 -0.578689 0.45157 -1 -0.253598 -0.0331625 -0.708597 0.113998 0.299427 -0.354738 -0.534075 0.0268316 -0.291652 0.134649 -0.00723916 0.31103 -0.80732 -0.113098 -0.918922 -0.699988 0.361317 -0.97042 
-0.99825 -0.664795 -0.781398 -0.507127 -0.823485 -0.990538 -0.420436 -0.999302 -0.832217 0.360123 -0.92821 -1 0.360459 -0.82841 -0.565039 -0.992374 -0.662812 -0.362759 0.251281 -0.0123231 -0.317782 0.421722 -1 -0.905132 0.598586 -0.999558 -1 0.0767525 -1 -0.206988 -0.43385 0.0376075 -0.461988 0.35705 0.206402 -0.459358 0.328332 -1 0.33707 0.903566 0.328558 -0.705304 -0.1326 -0.63225 -0.295271 0.141183 0.0858143 0.342582 0.301834 0.386381 0.329023 -0.164549 0.463143 -0.92615 -0.999896 0.0424426 -1 -1 -0.996473 -1 0.659181 -0.71062 -0.406049 -1 -0.964278 -0.14819 -0.547588 0.0720225 -1 0.89515 0.294405 -0.398678 -0.919052 -0.577059 0.0757097 -1 0.224613 0.206712 0.150875 -0.177667 0.201707 -1 -1 0.170554 -0.417711 -0.159838 -0.481542 -0.0247151 0.170844 -0.934355 -1 -0.460349 -0.64298 -0.675439 -0.93668 -0.682436 -1 0.670391 -0.38453 0.578051 0.116325 0.145123 -0.0981477 0.109147 -0.672015 0.247835 0.343388 -0.164649 -0.691715 -0.4933 -0.450542 -0.891262 0.492543 -0.922145 -0.248583 0.0113472 -0.996537 0.595898 0.00687833 -0.497413 -1 -0.451745 -0.806832 -0.651116 -1 -0.242623 0.339608 0.523471 -0.289525 -1 -0.338463 -0.491386 0.23927 -0.354955 0.269103 -0.828057 0.0297456 -0.944341 
-0.442671 -0.200891 -1 -0.76196 -0.244548 0.698432 -0.912909 0.353337 -0.920157 -0.595925 -1 -0.26689 -0.289979 -0.950227 -0.0311874 -0.971157 -0.965561 -0.699926 -1 0.144005 0.704836 -0.384407 -0.869989 -0.69721 -0.804246 -0.697669 0.922042 -1 -1 -0.170137 -0.96131 -0.993809 -1 0.299141 -0.840148 -0.91387 -0.886313 -1 -0.75659 -1 0.676823 -0.533505 -0.99675 -1 -0.480029 -0.19877 -1 0.382337 0.796085 -0.440258 -0.294171 -0.915733 -1 0.0430965 -0.72475 -0.581582 -0.201647 0.821524 0.356222 -0.753699 -0.0910289 -0.0422242 -0.464689 -0.0718157 0.924493 -0.114675 -0.756266 -0.0848091 0.74415 -0.0697945 0.207442 -0.753567 -1 -0.508319 -0.788566 -1 0.236203 -0.716701 0.506773 -0.571034 -1 0.409874 0.940986 -0.720707 -0.786286 0.146395 0.747245 0.728651 -0.986369 -1 -0.793894 0.293461 -0.0855667 -0.965214 -0.69781 -0.785838 -1 -0.367719 -0.721683 -0.221622 -1 0.839374 -1 -0.849294 0.155678 0.233917 -0.0882889 -0.507595 -0.999335 -0.980299 0.570284 -0.300756 0.924161 -0.137842 -0.488469 0.897682 0.0763573 -0.43211 -0.415316 -0.904097 -0.825528 -1 0.476738 -0.373433 -1 0.343892 -0.886959 -0.862458 -0.976261 -0.985147 -0.0602701 -0.132253 -0.935012 -1 -0.668415 -0.118907 -0.0309277 -0.444091 
-1 -0.687676 -0.712967 -0.275145 -0.835042 -0.984248 -0.386999 -0.999497 -0.717588 0.33666 -1 -1 0.339597 -0.810561 -0.571794 -0.983634 -0.51131 -0.406132 0.222024 -0.0597759 -0.341247 0.708206 -0.808265 -0.911461 0.780771 -0.897205 -0.961889 0.126026 -1 -0.202611 -0.387757 0.0376075 -0.458384 0.310356 0.210721 -0.464847 0.517574 -0.999303 0.587455 0.853168 0.353101 -0.662298 0.00775546 -0.333035 -0.287053 0.0864489 0.0907251 0.278803 0.303962 0.365886 0.301929 -0.177492 0.530209 -0.939393 -1 0.0439803 -1 -0.713021 -1 -1 0.665673 -0.530314 -0.317827 -1 -0.986106 -0.150206 -0.386917 0.0700419 -1 0.919574 0.313697 -0.441347 -0.582332 -0.591503 0.178028 -0.832234 0.248171 0.210204 0.128462 0.00459592 0.189634 -0.997114 -1 0.133327 -0.407089 -0.164858 -0.470914 -0.0193349 0.180275 -0.924367 -1 -0.480204 -0.651278 -0.648524 -0.777432 -0.594014 -0.92458 0.653557 -0.190529 0.518018 0.127571 0.219795 -0.142875 0.125929 -0.679124 0.266755 0.328713 -0.0125817 -0.466564 -0.488523 -0.460613 -0.940366 0.494055 -0.963584 -0.2582 0.0226363 -1 0.576949 0.0629222 -0.499244 -1 -0.478891 -0.755773 -0.620337 -0.99541 -0.270984 0.353049 0.523471 -0.331655 -0.99343 -0.33847 -0.466956 0.471412 -0.368096 0.303936 -0.813705 0.0218454 -0.715512 
-0.952653 -0.998487 -0.922585 -0.253808 -1 -1 -0.359905 -0.997433 -0.726208 -0.17757 -0.919914 -0.957747 0.16393 -0.938177 -0.661381 -0.970356 -0.170471 -0.736203 0.25273 -0.327846 -0.279844 0.672532 -0.733628 -0.968141 0.623978 -1 -1 0.149205 -1 -0.783004 -0.475223 -0.0346299 -0.480601 0.0956233 0.34445 -0.557558 0.736424 -1 0.419966 0.861742 0.518638 -0.68825 -0.1161 -0.733403 -0.811927 -0.0963501 -0.234426 -0.0113952 0.562042 0.223857 0.433573 -0.494012 0.685122 -1 -1 -0.363247 -0.998575 -0.966093 -1 -1 0.826354 -1 -0.155201 -0.997727 -1 -0.473657 -0.347244 -0.0978069 -1 0.778218 0.350091 -0.428764 -0.182419 -0.708929 0.0822732 -0.893062 0.346493 0.0885712 -0.00395373 -0.0586842 0.0983867 -0.701133 -0.999083 0.0803775 -0.226865 -0.232007 -0.14829 0.00885004 0.208047 -0.625833 -1 -0.458904 -0.989695 -1 -0.685597 -0.518837 -0.711989 0.661309 -0.179427 0.634821 -0.0538973 0.118184 -0.179355 0.123243 -0.623202 0.499718 -0.0368829 -0.146192 -0.718629 -0.360085 -0.544995 -1 0.478581 -0.995248 -0.170026 0.124361 -1 0.875469 -0.0121235 -0.638151 -0.938288 -0.307702 -0.777673 -0.996536 -0.864724 -0.126829 0.0282216 0.275737 -0.565651 -1 -0.212057 -0.503888 0.385935 -0.386602 0.210545 -0.91135 -0.532318 -0.837929 
-1 -0.976902 -1 -0.320696 -0.914022 -1 -0.533301 -0.945909 -0.877784 0.371376 -0.994975 -0.954397 0.0986316 -0.868581 -0.764726 -0.931891 -0.336167 -0.719535 0.225537 -0.446112 -0.275218 0.19732 -0.691474 -1 0.415979 -0.854757 -0.855878 0.0129805 -1 -0.343765 -0.744882 -0.263515 -0.611978 0.279459 0.290906 -0.850695 0.513933 -1 0.553734 0.815469 0.383731 -0.510066 -0.255192 -0.532335 -0.270462 -0.152768 0.0294348 -0.0676786 0.36542 0.116469 0.207817 -0.702295 0.933772 -1 -1 -0.176182 -0.940518 -0.732654 -0.999975 -0.941864 0.958635 -0.648832 -0.414244 -1 -1 -0.0244766 -0.176209 -0.00162287 -1 0.859634 0.266186 -0.659834 -0.431896 -0.559029 0.379521 -0.868493 0.12508 0.381711 0.14797 -0.0250079 0.132413 -0.70825 -1 -0.154761 -0.349928 -0.412911 -0.228614 0.0638009 0.12003 -1 -0.930882 -0.387791 -0.629252 -0.847912 -0.698419 -0.870092 -0.881512 0.645151 -0.310938 0.549344 0.223542 -0.0507537 -0.317251 -0.0236858 -0.674316 0.447678 0.401813 0.100425 -0.585379 -0.415582 -0.562808 -1 0.38385 -1 -0.406384 0.0534172 -1 0.794787 -0.425065 -0.673558 -1 -0.392795 -0.861159 -0.875737 -1 -0.3037 0.366262 0.499629 -0.37468 -1 -0.280607 -0.479027 0.373614 -0.441901 -0.0365101 -1 -0.217494 -0.890043 
-1 -0.779474 -0.774645 -0.383879 -0.754866 -1 -0.390893 -1 -0.877784 0.447947 -0.987765 -0.918563 0.14369 -0.843744 -0.627455 -0.918372 -0.208856 -0.593944 0.236834 -0.388806 -0.275218 0.415175 -0.771144 -0.823101 0.779643 -0.841873 -0.980197 0.0166 -0.999921 -0.241087 -0.618362 0.0110266 -0.612433 0.279672 0.295292 -0.652978 0.722642 -0.993046 0.553734 0.858113 0.544785 -0.460008 0.0309853 -0.293628 -0.267934 0.138914 0.0271183 0.00620517 0.607053 0.211503 0.330831 -0.206518 0.933772 -0.942998 -1 -0.093559 -0.843258 -0.731454 -1 -0.997783 0.958635 -0.53963 -0.11957 -1 -0.912798 -0.114118 -0.344519 0.147707 -1 0.872828 0.491857 -0.568872 -0.26736 -0.580333 0.379521 -0.842855 0.159979 0.381711 0.14797 0.0299581 0.261549 -0.721716 -0.910915 0.17822 -0.278582 -0.406765 -0.155984 -0.0406802 0.12003 -0.871935 -0.997156 -0.484374 -0.603335 -0.692023 -0.763016 -0.576425 -0.711491 0.67072 -0.189402 0.639347 0.223542 0.0388606 -0.197251 0.299698 -0.550088 0.496257 0.401813 0.136314 -0.527759 -0.289367 -0.560113 -1 0.543481 -0.834559 -0.245123 0.038538 -1 0.782798 -0.146366 -0.491786 -0.948747 -0.399179 -0.701532 -0.82422 -0.87959 -0.212783 0.369896 0.496056 -0.365033 -1 -0.100126 -0.477935 0.381702 -0.365192 0.294657 -0.998415 -0.00721457 -0.65047 
-0.615587 0.0528466 -0.966445 0.0186339 0.239609 -0.217796 -1 -0.310342 -1 -0.859432 -0.0869019 0.392672 -1 -0.233816 -0.966527 -0.912497 -0.269297 -0.969543 -1 -0.8969 -0.297762 -0.493692 0.16483 -1 -0.883592 -1 -0.083934 -0.24302 -0.984842 -0.973827 0.0816979 -1 -1 -1 -1 -1 -0.996167 -1 -1 -0.593605 0.567538 -0.0570727 -1 -0.887966 0.0958777 -0.482217 -0.145084 -0.494006 0.119587 -1 -0.752935 -0.90798 -0.160615 -1 0.475821 -0.970978 -1 -0.765478 -0.840238 -0.98557 -0.739384 0.644739 -0.739459 -0.729971 0.0792671 0.0240802 -0.894626 -1 0.799259 -0.633235 -0.798477 -0.580591 -0.224744 -0.994923 -0.305274 -0.843483 -0.308998 -1 -0.742004 -1 -0.902268 -1 0.183164 -0.381964 -0.376424 -1 -0.88027 -0.0236429 -1 -0.130885 0.00966977 -0.0320613 -1 -1 0.372295 -1 0.166606 -0.118861 0.51827 -0.753981 -0.505473 0.0195552 -0.92186 -0.709275 0.274579 -0.0791982 -0.724018 0.136449 -0.443731 -0.760514 -1 -0.271052 -1 -1 -0.771082 -0.950187 -0.396191 -0.645065 0.0642297 -1 -0.377492 -0.0732683 -0.578741 -0.0570297 0.366873 -0.572558 -0.534075 0.195448 -0.469183 -0.0733988 0.0911636 0.00170612 -0.601102 -0.240014 -0.934293 -0.745546 0.361317 -0.946106 
-1 -0.998335 -1 -0.498807 -1 -0.994055 -0.421591 -1 -0.791677 0.487819 -1 -0.84911 -0.0774934 -0.986292 -0.363258 -0.919943 -0.228933 -0.648484 -0.0319128 -0.117667 -0.198127 0.535329 -1 -1 0.73556 -1 -1 -0.269057 -0.977941 -0.420123 -0.722243 0.0553062 -0.238569 0.292234 -0.301181 -0.917412 0.555874 -1 0.583277 0.279762 0.248648 -0.424489 -0.281771 -0.525909 -0.528969 -0.0702173 -0.0353431 0.245949 0.403368 -0.0340505 0.166301 -0.657974 0.367849 -1 -1 -0.236354 -0.867372 -0.836448 -1 -0.935307 0.506454 -1 -0.262131 -1 -1 -0.361155 -0.469237 -0.0751369 -1 0.752572 0.489352 -0.569711 -0.523104 -0.525192 0.111367 -0.829292 0.140253 0.1572 0.138827 -0.193888 0.202645 -0.832082 -0.999492 -0.0347931 -0.296172 -0.932176 -0.165688 -0.23124 0.193643 -0.868836 -1 -0.952531 -0.778346 -0.671507 -1 -0.583021 -0.648143 0.617402 -0.509274 0.435725 -0.147337 -0.0603772 -0.470768 0.364737 -0.525951 0.258944 -0.101488 -0.182245 -0.412654 -0.495721 -0.7668 -0.995187 0.605085 -0.683997 -0.27788 0.0682537 -0.994232 0.600777 -0.384538 -0.590465 -1 -0.347023 -0.824349 -0.821982 -0.948034 -0.234615 0.168791 0.353092 -0.6975 -1 -0.321248 -0.596847 0.415063 -0.346859 0.0967242 -1 -0.192154 -0.779876 
-0.995507 -0.950909 -0.956698 -0.503054 -0.758369 -1 -0.381376 -1 -0.757052 0.506894 -0.93343 -1 0.464622 -0.74535 -0.457303 -0.937939 -0.198878 -0.307174 0.231849 -0.132941 -0.334277 0.708231 -0.771485 -0.892335 0.753286 -0.979852 -1 0.0895116 -1 -0.382154 -0.516998 0.0404525 -0.258365 0.310224 0.392351 -0.748568 0.731412 -0.99796 0.473379 0.907978 0.533234 -0.384613 -0.0121188 -0.572803 -0.212699 0.0941352 -0.131104 0.1921 0.378946 0.371338 0.0448959 -0.207166 0.642175 -0.923017 -1 0.0100911 -0.996295 -0.722188 -0.906768 -0.955693 0.643691 -0.565285 -0.15824 -0.927533 -1 -0.140836 -0.333598 0.133287 -0.992939 0.761925 0.506567 -0.380053 -0.323547 -0.7749 0.363823 -0.904532 0.237412 0.320097 0.143933 0.146824 0.356107 -0.651063 -1 0.157967 -0.315131 -0.179147 -0.161649 -0.0523163 0.189649 -0.77476 -1 -0.45629 -0.613091 -0.68324 -0.766887 -0.568567 -0.724363 0.571497 -0.167624 0.541455 -0.0486405 0.128042 -0.167439 0.287271 -0.455823 0.393211 0.336385 0.0168348 -0.338842 -0.327905 -0.514398 -0.975001 0.534193 -0.877338 -0.256669 0.025609 -1 0.796312 -0.00482242 -0.679535 -1 -0.329332 -0.664885 -0.585816 -1 -0.190441 0.337673 0.492245 -0.555437 -1 -0.330174 -0.515202 0.328235 -0.366061 0.315669 -0.835478 -0.151067 -0.481108 
-0.554142 -0.038816 -1 0.17002 0.245904 -0.0621809 -0.986544 -0.0340438 -0.956639 -0.686824 -0.0430326 0.371106 -0.835868 -0.258306 -1 -0.938513 -0.232734 -0.949189 -1 -0.679748 -0.362359 -0.291995 0.163673 -1 -0.969983 -0.840114 -0.0852899 -0.0654105 -0.806346 -0.754168 0.0427587 -0.908512 -0.977186 -0.957489 -1 -1 -0.999331 -1 -0.857407 -0.451825 0.519814 0.105955 -0.973899 -0.915622 0.0897811 -0.631988 -0.123835 -0.570158 0.0774875 -1 -0.712956 -0.809511 -0.0585211 -0.997771 0.439744 -0.965859 -0.998006 -0.867854 -0.884022 -0.995645 -0.692855 0.662792 -0.606046 -0.619873 -0.0871616 0.0740722 -0.826039 -0.997424 0.680892 -0.525544 -0.828757 -0.493043 0.00288294 -1 -0.313601 -0.845644 -0.224749 -1 -0.809275 -1 -0.700975 -1 0.0919293 -0.364322 -0.43357 -0.869768 -0.920331 0.258579 -1 -0.164711 0.00972206 -0.0630043 -1 -1 0.521896 -0.994632 0.290044 -0.150931 0.810374 -0.766924 -0.367774 -0.0109645 -0.495336 -0.799493 0.478873 -0.0673086 -0.55567 0.305826 -0.495385 -0.491278 -1 -0.301326 -0.67915 -1 -0.901487 -1 -0.260892 -0.621648 0.374366 -1 -0.277019 -0.129206 -0.524428 0.140645 0.314835 -0.392527 -0.593663 0.059214 -0.29873 0.0863372 -0.0620783 0.333329 -0.766545 0.142873 -1 -0.731003 0.28749 -1 
-0.915814 -1 -0.733612 -0.239576 -0.752911 -1 -0.467167 -1 -0.728312 0.37122 -1 -1 0.19827 -0.834294 -0.506876 -1 -0.204246 -0.301016 0.00797239 -0.359603 -0.437607 0.664284 -1 -1 0.803495 -0.842718 -0.983055 0.0119447 -0.947236 -0.199509 -0.376523 0.0142507 -0.541023 0.124055 0.294106 -0.701581 0.652565 -0.93778 0.303207 0.717668 0.512133 -0.324157 0.0240209 -0.285015 -0.586747 -0.305943 -0.0885666 0.249592 0.662771 0.105753 0.316059 -0.637105 0.836921 -0.9489 -1 -0.227739 -0.943985 -0.752274 -1 -0.932174 0.941978 -0.653315 -0.133329 -0.977702 -1 -0.483503 -0.488417 0.0725393 -1 0.880063 0.386709 -0.490485 -0.433491 -0.765278 0.0776946 -0.839874 -0.015496 0.362349 0.150079 -0.23681 -0.0129228 -1 -1 0.165965 -0.815192 -0.470906 -0.181518 0.0144431 0.17635 -0.975559 -1 -0.491651 -0.564375 -0.693367 -0.740699 -0.580732 -0.709516 0.457924 -0.315167 0.605432 0.205444 -0.185051 -0.172512 0.358843 -0.602595 0.493614 0.1814 0.0868018 -0.422577 -0.44616 -0.795144 -0.901864 0.293552 -0.923459 -0.253425 0.120078 -0.895127 0.628848 -0.182711 -0.413921 -1 -0.434119 -0.743233 -0.602165 -0.90508 -0.206454 0.0861586 0.571305 -0.374096 -1 -0.0970392 -0.593269 0.433208 -0.282642 -0.00742768 -0.737838 -0.0524238 -0.589765 
-1 -0.640913 -0.748214 -0.248565 -0.882715 -0.988574 -0.347088 -1 -0.725378 0.343537 -1 -0.993252 0.370454 -0.831116 -0.563654 -0.999905 -0.487687 -0.448222 0.226812 -0.0405725 -0.334574 0.715714 -0.779726 -0.910747 0.759333 -0.937789 -0.955166 0.107749 -1 -0.14566 -0.346549 -0.000518205 -0.453013 0.272788 0.229417 -0.482341 0.510847 -1 0.582523 0.889101 0.312316 -0.639555 0.0478794 -0.331201 -0.275382 0.0714303 0.146759 0.309987 0.301088 0.360358 0.333548 -0.149486 0.550643 -0.91483 -1 0.0517679 -0.988679 -0.738393 -1 -1 0.643906 -0.525128 -0.328976 -1 -1 -0.151735 -0.323949 0.0652422 -1 0.921635 0.292615 -0.423394 -0.585716 -0.654954 0.135851 -0.864383 0.245017 0.181577 0.139603 0.0192279 0.225964 -0.993877 -1 0.171516 -0.417517 -0.198686 -0.488062 -0.0304828 0.172434 -0.987855 -1 -0.466628 -0.628448 -0.647509 -0.765468 -0.614814 -0.956813 0.673607 -0.204156 0.485033 0.148673 0.197255 -0.187965 0.0866571 -0.672116 0.238491 0.299093 0.000907153 -0.491549 -0.475542 -0.467508 -0.924686 0.491702 -0.976391 -0.288338 0.0115977 -0.996957 0.641179 0.0569414 -0.552635 -1 -0.46609 -0.769961 -0.585131 -0.995613 -0.272857 0.364746 0.504725 -0.350904 -1 -0.318969 -0.498461 0.440344 -0.329943 0.316321 -0.802546 0.0201228 -0.726142 
-1 -0.95653 -0.719721 -0.248437 -0.772462 -1 -0.38252 -1 -0.730732 0.225839 -1 -1 0.195929 -0.836114 -0.423833 -0.920611 -0.213448 -0.301016 0.00797239 -0.317646 -0.566434 0.666101 -0.861746 -1 0.627684 -0.796145 -0.966316 0.0378262 -1 -0.488602 -0.359198 0.0125483 -0.536761 -1.17961e-05 0.300943 -0.722212 0.655615 -0.893384 0.44315 0.879102 0.622324 -0.394003 -0.0703044 -0.556941 -0.752837 -0.150872 -0.0312206 0.227102 0.566899 0.293045 0.303287 -0.37668 0.822678 -1 -0.927076 0.0016041 -1 -1 -1 -1 0.947798 -0.943906 -0.140866 -1 -0.966719 -0.239552 -0.488902 0.0817459 -0.998958 0.588431 0.33311 -0.513456 -0.433266 -0.832287 0.0885951 -0.932521 0.226987 0.423196 0.163871 -0.229679 0.0955375 -0.936007 -1 0.165965 -0.77597 -0.289442 -0.161876 -0.0500328 0.210206 -0.711496 -0.999135 -0.412598 -0.547633 -0.749025 -0.740699 -0.718224 -0.716216 0.678655 -0.329108 0.617043 0.2112 -0.169889 -0.178761 0.306038 -0.462264 0.494268 -0.0177303 0.118364 -0.427642 -0.215318 -0.551325 -0.956311 0.314389 -0.928092 -0.249755 0.21277 -1 0.627677 -0.182711 -0.497413 -1 -0.436653 -0.743233 -0.798188 -0.928543 -0.19548 0.0723449 0.50761 -0.365778 -1 -0.176796 -0.619222 0.47224 -0.204961 0.145631 -0.7811 0.0922131 -0.702043 
-0.54764 -0.038816 -1 0.288262 0.255505 0.0707492 -1 -0.0212903 -1 -0.64692 -0.0113536 0.386536 -0.792675 -0.442242 -1 -0.912497 -0.209655 -1 -1 -0.816813 -0.302045 -0.271176 0.19843 -1 -1 -1 -0.129396 0.015282 -0.782488 -0.907991 -0.0642912 -0.819607 -1 -1 -1 -1 -1 -1 -0.748997 -0.387056 0.567538 -0.0118824 -1 -1 0.111735 -0.576052 -0.121764 -0.540343 0.148276 -1 -0.637365 -0.750744 -0.049474 -1 0.461539 -1 -1 -0.863481 -0.99593 -1 -0.474785 0.476208 -0.610274 -0.672189 0.0348157 0.124324 -0.800002 -0.99889 0.520218 -0.49204 -0.805674 -0.459519 -0.123265 -1 -0.301296 -0.720262 -0.419944 -1 -0.777942 -1 -0.686211 -1 0.16836 -0.339162 -0.364217 -0.836268 -0.88027 0.347187 -1 -0.18972 0.00966977 -0.0320613 -1 -0.894242 0.577066 -1 0.360167 -0.170094 0.561618 -0.795334 -0.312508 -0.0810142 -0.431355 -0.787087 0.495508 -0.0791982 -0.568151 0.303274 -0.388978 -0.490894 -1 -0.271052 -0.572373 -1 -0.947299 -1 -0.238861 -0.584673 0.448106 -1 -0.253598 -0.0373173 -0.708597 0.133282 0.308282 -0.354738 -0.534075 0.0330214 -0.304721 0.129618 -9.39202e-05 0.303211 -0.816618 -0.122164 -0.918922 -0.699988 0.361317 -0.935236 
-0.989881 -0.650815 -0.72237 -0.566157 -0.870232 -1 -0.467805 -1 -0.641674 0.345209 -1 -1 0.237182 -0.821374 -0.710976 -0.995201 -0.424876 -0.442185 0.239278 -0.046861 -0.3262 0.726732 -0.795882 -0.905811 0.697835 -0.930061 -0.974049 0.0870857 -0.998665 -0.137574 -0.440187 -0.246381 -0.54901 0.288337 0.220772 -0.484242 0.442436 -1 0.355112 0.902938 0.309519 -0.683484 -0.16017 -0.328834 -0.306834 0.0590354 0.141536 0.271315 0.0159349 0.366836 0.337426 -0.259728 0.537737 -0.910568 -1 0.0402456 -0.989604 -0.733872 -1 -1 0.656872 -0.517236 -0.320482 -1 -1 -0.166729 -0.607878 0.0727981 -1 0.70649 0.309511 -0.460297 -0.60127 -0.650781 0.135527 -1 -0.0374802 0.178034 0.140597 0.0290094 0.140516 -1 -1 0.140399 -0.434571 -0.22083 -0.533377 -0.0545152 0.166312 -0.993036 -1 -0.47992 -0.643597 -0.615472 -0.798614 -0.687059 -0.947677 0.667741 -0.310081 0.486123 0.141025 0.193427 -0.194402 -0.125867 -0.824937 0.072413 0.0746171 0.000682044 -0.493075 -0.50154 -0.473881 -0.937826 0.489294 -1 -0.46243 0.130487 -1 0.645435 0.00791842 -0.552635 -1 -0.68202 -0.69993 -0.789367 -0.993767 -0.27215 0.314549 0.495518 -0.467085 -1 -0.256867 -0.506483 0.221493 -0.3165 0.297289 -0.809935 -0.0301994 -0.930974 
-0.854003 0.0706952 -1 0.766696 -1 -0.578274 0.357251 -0.274223 -0.634233 -1 0.251766 -0.311199 -0.173571 -0.96185 -0.804628 -0.0807201 0.00140036 -0.765111 -0.693188 -0.0586609 -0.437607 -0.431895 0.382233 -0.783905 0.407808 -0.935037 0.622174 -1 -0.555836 -0.58236 -0.18034 -0.706417 -0.641466 -0.168253 0.394858 -1 -1 -1 -0.588495 0.917163 -0.321652 -0.501729 -0.539329 -0.13442 -0.604044 -0.273855 -0.0905762 -0.817859 -0.79311 -1 -0.0942757 -0.998486 -0.638605 -0.876372 -0.340592 -0.997267 -0.767472 -0.471528 -0.640896 0.0616519 -0.632084 -1 0.0821315 -0.0849343 -0.849249 -0.24579 -0.712305 -0.139461 -0.933412 0.358521 -0.188381 -0.453199 -0.503623 -1 0.0391559 -0.663679 0.459931 -1 -0.410162 -0.560715 -0.779032 -0.0848427 0.572156 -1 0.356268 -0.548202 -0.575254 -0.391384 0.629428 0.60809 -0.744463 -0.770951 -1 -0.273923 0.295015 -0.325008 -0.22236 0.584713 0.305566 -0.141964 -0.897828 -0.676092 -0.92392 -0.0977018 0.319509 -0.473152 -1 -0.69956 -0.84273 0.25938 0.520194 -0.915713 -0.167646 -1 -0.386524 -0.997082 -0.741146 -0.97336 -0.549589 -1 -1 -1 -0.747123 -0.725153 -0.135795 -1 -1 0.822283 0.804291 -1 -1 0.229425 0.22765 -0.980964 -0.826978 -0.27651 0.37157 0.269468 
-0.90156 -1 -0.84047 -0.240816 -0.945749 -1 -0.677866 -1 -0.88448 0.262653 -0.962144 -0.99713 -0.0309284 -1 -0.779417 -1 -0.455697 -0.569229 -0.227223 -0.385387 -0.720023 0.132992 -0.910444 -1 0.886875 -1 -1 0.00881449 -0.913834 -0.389235 -0.436726 -0.153723 -0.625743 0.159911 0.258616 -0.701581 0.29615 -1 -0.127085 0.2975 0.295094 -0.581568 -0.419174 -0.550914 -0.747358 -0.0487944 -0.0793663 -0.334805 0.662771 -0.276451 -0.109392 -0.756009 0.674876 -1 -1 -0.391786 -0.971823 -1 -1 -1 0.893292 -0.653315 -0.174166 -1 -1 -0.622283 -0.668124 -0.151981 -1 0.323479 0.340266 -0.637605 -0.518931 -0.800148 -0.626342 -0.971172 -0.452922 0.105078 -0.0127238 -0.169725 -0.176191 -1 -1 0.242626 -0.977946 -0.433672 -0.225405 -0.530341 -0.0990795 -1 -0.861649 -0.485758 -0.789047 -0.817243 -0.878233 -0.694048 -0.988038 -0.120628 -0.455772 0.693723 -0.0646342 -0.17146 -0.423082 0.351348 -0.548414 0.146201 -0.266211 0.138553 -0.640421 -0.567637 -0.855114 -1 0.377114 -1 -0.522732 0.22848 -1 0.540311 -0.194874 -0.327723 -0.962849 -0.388129 -1 -0.605699 -1 -0.500808 0.181916 0.576842 -0.788781 -0.904313 -0.282866 -0.545306 0.133142 -0.321797 -0.000578463 -1 -0.234354 -0.808484 
-1 -0.650072 -0.735133 -0.271842 -0.874654 -0.988574 -0.345523 -1 -0.721184 0.332723 -1 -1 0.376721 -0.831896 -0.558656 -1 -0.505175 -0.435789 0.231572 -0.0405725 -0.3262 0.716049 -0.795082 -0.894666 0.763331 -0.962505 -0.951258 0.0997376 -1 -0.146986 -0.345928 0.0071441 -0.453013 0.268779 0.216381 -0.48417 0.518342 -1 0.582471 0.884555 0.312941 -0.63425 0.0478794 -0.324121 -0.271294 0.0631381 0.144817 0.309987 0.293055 0.368694 0.34448 -0.152679 0.551836 -0.917639 -0.99652 0.0381935 -0.98478 -0.734977 -1 -1 0.658275 -0.515381 -0.316044 -1 -1 -0.169675 -0.340327 0.0691125 -0.995201 0.925103 0.308084 -0.437312 -0.607271 -0.650781 0.145393 -0.860421 0.237582 0.171346 0.14954 0.0164775 0.213542 -0.995994 -0.999523 0.149131 -0.430997 -0.194855 -0.499973 -0.0296612 0.158478 -0.96845 -1 -0.467626 -0.632633 -0.651243 -0.760549 -0.610422 -0.956813 0.676179 -0.212226 0.498004 0.154632 0.196673 -0.187965 0.100991 -0.670352 0.222807 0.30133 0.000682044 -0.498259 -0.500918 -0.458498 -0.937826 0.48809 -0.960823 -0.280978 0.0337806 -1 0.641179 0.0746229 -0.559465 -1 -0.451745 -0.779459 -0.592849 -1 -0.280609 0.349671 0.495518 -0.350904 -1 -0.320416 -0.499083 0.451191 -0.325013 0.308981 -0.802546 0.0231009 -0.739029 
-0.71056 0.0371847 -0.948613 0.0390796 -0.0355234 -0.170275 -1 -0.182722 -1 -0.807644 -0.0113536 0.228995 -0.933319 -0.233816 -1 -0.94625 -0.285121 -1 -1 -0.798666 -0.647798 -0.645564 0.154049 -1 -1 -0.819768 -0.23165 -0.238912 -1 -1 -0.173366 -1 -1 -0.785584 -1 -0.977426 -0.995039 -1 -0.827734 -0.34294 0.637377 -0.0575184 -0.944379 -0.905519 0.165392 -0.593573 -0.744366 -0.580286 0.10489 -1 -0.781011 -1 -0.0270765 -1 0.267836 -0.940713 -1 -1 -0.938811 -0.969896 -0.773435 0.681979 -0.531958 -0.679439 0.0348157 -0.134981 -0.938058 -1 0.576195 -1 -0.977768 -0.460285 -0.00206743 -0.987339 -0.610875 -0.776239 -0.138874 -1 -0.994176 -0.901547 -0.728738 -1 -0.0547106 -0.237064 -0.876419 -1 -1 -0.184496 -0.923064 -0.326879 0.00966977 -0.0635115 -1 -0.926023 0.543138 -1 0.211134 -0.132534 0.545702 -0.680147 -0.47285 0.0241895 -0.500571 -1 0.4966 -0.453493 -0.619162 0.0257702 -0.630509 -0.836168 -1 -0.237033 -0.558548 -0.946249 -0.876051 -1 -0.620221 -0.695075 0.24836 -1 -0.160846 -0.0819246 -0.511137 0.204541 0.422109 -0.321719 -0.534075 0.0771111 -0.274212 -0.0585942 -0.524905 0.204466 -0.826271 -0.0138238 -1 -0.833511 0.22448 -1 
-0.956963 -0.997335 -0.934711 -0.251139 -1 -1 -0.369445 -1 -0.726208 -0.178368 -0.905209 -0.97081 0.16725 -0.934908 -0.661381 -0.970356 -0.170471 -0.736203 0.25273 -0.343744 -0.28421 0.683804 -0.732029 -0.956255 0.623978 -1 -1 0.146501 -1 -0.783004 -0.475223 -0.0346299 -0.486289 0.0956233 0.34445 -0.552229 0.723212 -1 0.419971 0.861742 0.520419 -0.684958 -0.113057 -0.733403 -0.816172 -0.0839576 -0.243204 -0.0136392 0.578174 0.237037 0.435487 -0.501714 0.683109 -1 -1 -0.363247 -0.997212 -0.963227 -1 -1 0.828117 -1 -0.143416 -0.997727 -1 -0.47543 -0.347244 -0.0854296 -1 0.778218 0.35019 -0.428764 -0.182419 -0.690734 0.0687986 -0.887695 0.346493 0.0885712 0.00263398 -0.0544391 0.0983867 -0.703855 -0.999082 0.084108 -0.234409 -0.231362 -0.153744 0.0118112 0.208047 -0.630739 -1 -0.455881 -0.989695 -1 -0.685597 -0.518837 -0.711989 0.661309 -0.174818 0.624042 -0.0538973 0.118184 -0.18289 0.129118 -0.617566 0.499718 -0.0248843 -0.146192 -0.718629 -0.372975 -0.539227 -1 0.476109 -0.985925 -0.177037 0.125911 -0.99894 0.876699 -0.0173523 -0.649569 -0.950837 -0.303254 -0.766097 -1 -0.864724 -0.123323 0.0200218 0.273539 -0.55812 -1 -0.212158 -0.505471 0.385935 -0.386031 0.227379 -0.905669 -0.527064 -0.837929 
-0.96978 -0.907683 -0.730325 -0.365194 -1 -0.988574 -0.566605 -0.997183 -0.732292 0.332723 -1 -0.99543 0.269414 -0.836046 -0.544774 -0.998665 -0.490955 -0.435789 -0.0668602 -0.0359081 -0.3262 0.711423 -0.995833 -1 0.763331 -0.9968 -0.883778 -0.0586179 -0.924536 -0.137574 -0.365393 -0.141685 -0.443509 0.271266 0.216381 -0.485935 0.529138 -1 0.57092 0.937872 0.303634 -0.633162 -0.0372706 -0.331442 -0.407786 -0.193393 0.223639 0.309987 0.298138 0.359102 0.332025 -0.390079 0.551836 -0.828625 -1 -0.0346847 -1 -0.771145 -1 -1 0.631986 -0.523453 -0.428274 -1 -1 -0.324978 -0.329275 0.0691125 -0.925507 0.929013 0.308084 -0.613954 -0.891661 -0.660584 0.133839 -0.856781 0.320817 0.100622 0.13325 0.0290094 0.101354 -1 -1 0.149131 -0.420314 -0.359963 -0.547992 -0.0304828 0.0699394 -1 -0.957834 -0.603739 -0.786583 -0.647509 -0.764819 -0.765664 -0.956813 0.422976 -0.261936 0.229252 0.150383 0.0922921 -0.187965 0.0547664 -0.67928 0.231785 0.30133 0.000682044 -0.485631 -0.486525 -0.636481 -0.995923 0.355374 -0.963584 -0.309057 -0.0965658 -0.996586 0.641179 -0.0211055 -0.465245 -1 -0.451745 -0.777782 -0.592849 -1 -0.223292 0.349671 0.51402 -0.350904 -1 -0.482587 -0.501565 0.451191 -0.34092 0.0432253 -0.95373 0.0210813 -0.714679 
-1 -0.664822 -0.812059 -0.278261 -0.940203 -1 -0.408889 -1 -0.914799 0.146074 -1 -1 0.325416 -0.815135 -0.564297 -0.932682 -0.511969 -0.351462 0.241342 -0.132211 -0.320894 0.693617 -0.783012 -1 0.513162 -0.812762 -0.974743 0.132144 -1 -0.390661 -0.380623 0.0134712 -0.563499 0.316037 0.2117 -0.444077 0.239727 -0.904019 0.572128 0.657071 0.345775 -0.646923 0.025186 -0.333803 -0.28956 -0.0520415 0.103186 0.241724 0.387981 0.381634 0.279552 -0.151678 0.30538 -0.92615 -0.994228 0.0683287 -0.980254 -0.801562 -0.993986 -1 0.642574 -0.6743 -0.328243 -1 -0.986106 -0.169887 -0.401364 -0.222284 -0.996821 0.899723 0.372128 -0.428378 -0.869344 -0.594176 0.0775212 -0.733474 0.180051 0.179309 -0.0958499 0.00158195 0.212416 -1 -1 0.134357 -0.428986 -0.227556 -0.476397 -0.0136797 0.182646 -0.911819 -1 -0.46716 -0.777049 -0.709394 -0.80351 -0.584298 -0.863141 0.626567 -0.365302 0.499879 0.126489 -0.0349376 -0.143552 0.120978 -0.663268 0.0315509 0.3457 0.0725439 -0.445041 -0.570926 -0.463853 -0.950823 0.502649 -1 -0.247267 0.0270943 -1 0.577914 0.0603595 -0.560203 -1 -0.429817 -0.765672 -0.606783 -0.926551 -0.220963 0.352491 0.516047 -0.454492 -0.990782 -0.335114 -0.476722 0.222479 -0.522302 0.307661 -0.805086 -0.140383 -0.722594 
-0.554142 -0.0518646 -1 0.188457 0.255002 -0.0476456 -0.986544 -0.0414608 -0.952564 -0.673323 -0.0361442 0.366868 -0.835868 -0.268361 -1 -0.934984 -0.230302 -0.948205 -1 -0.671247 -0.378407 -0.304838 0.169897 -1 -0.97392 -0.854919 -0.0852899 -0.0512795 -0.804635 -0.772376 0.0390164 -0.922226 -0.977186 -0.952701 -1 -1 -1 -1 -0.829101 -0.457383 0.537906 0.111949 -0.977454 -0.925814 0.0967373 -0.65004 -0.110973 -0.556114 0.0743583 -0.989163 -0.712956 -0.819687 -0.0622155 -1 0.435019 -0.97159 -0.998216 -0.868962 -0.901859 -1 -0.687457 0.66545 -0.61409 -0.625866 -0.0871616 0.0768713 -0.826039 -1 0.679665 -0.51657 -0.836866 -0.488393 0.011412 -1 -0.31572 -0.843666 -0.224749 -1 -0.806955 -1 -0.689499 -1 0.106203 -0.354405 -0.419376 -0.863535 -0.920525 0.286293 -1 -0.152654 -0.0039016 -0.0467744 -1 -0.997651 0.537125 -0.993933 0.264002 -0.157102 0.819859 -0.753905 -0.38273 -0.0109645 -0.505636 -0.791596 0.474219 -0.0738304 -0.554728 0.300463 -0.495385 -0.491278 -1 -0.31035 -0.692421 -1 -0.886708 -0.998029 -0.260892 -0.594525 0.373247 -1 -0.290663 -0.124281 -0.517135 0.131168 0.322355 -0.387305 -0.593663 0.0734616 -0.295417 0.0923016 -0.0676709 0.35228 -0.76552 0.151662 -0.999138 -0.73787 0.28749 -1 
-0.956963 -0.998487 -0.93301 -0.251139 -1 -1 -0.369445 -1 -0.726208 -0.193167 -0.906833 -0.957727 0.178437 -0.934908 -0.661381 -0.970356 -0.170471 -0.736203 0.25273 -0.343744 -0.278199 0.683804 -0.728348 -0.956255 0.625483 -1 -1 0.138335 -1 -0.79102 -0.475223 -0.0346299 -0.493116 0.0956233 0.342909 -0.552229 0.736424 -1 0.419971 0.861742 0.520419 -0.687745 -0.113057 -0.733403 -0.816172 -0.0839576 -0.235587 -0.0203133 0.572137 0.237037 0.433573 -0.494012 0.685122 -1 -1 -0.371251 -1 -0.961576 -1 -1 0.824986 -1 -0.143416 -0.997727 -1 -0.47543 -0.347244 -0.0854296 -1 0.778218 0.350091 -0.428764 -0.182419 -0.693803 0.0822732 -0.889539 0.331957 0.0885712 -0.00996507 -0.0544391 0.0983867 -0.701133 -0.999082 0.084108 -0.234409 -0.231362 -0.153744 0.0133991 0.208047 -0.630739 -1 -0.458904 -0.989695 -1 -0.685597 -0.518837 -0.718603 0.662517 -0.174818 0.638605 -0.0511851 0.118184 -0.184018 0.129118 -0.612134 0.50193 -0.0248843 -0.141357 -0.727988 -0.360085 -0.539227 -1 0.476109 -0.985925 -0.170026 0.125513 -1 0.876699 -0.0135796 -0.638151 -0.938288 -0.303254 -0.766097 -1 -0.864724 -0.126829 0.0282216 0.274073 -0.5677 -1 -0.220682 -0.505471 0.385935 -0.386031 0.227379 -0.905669 -0.527064 -0.846336 
-0.994995 -0.662916 -0.722166 -0.278261 -0.832915 -0.986769 -0.395049 -1 -0.716141 0.336906 -1 -1 0.325416 -0.828971 -0.568981 -1 -0.514615 -0.377189 0.242589 -0.0675729 -0.316494 0.697901 -0.785873 -0.894398 0.778322 -0.906923 -0.974743 0.106447 -1 -0.205569 -0.37417 0.0150412 -0.473699 0.30208 0.2117 -0.456623 0.517233 -0.999398 0.558938 0.876437 0.347744 -0.658547 0.025186 -0.336013 -0.275159 0.0819838 0.112344 0.272854 0.303962 0.381634 0.274154 -0.151678 0.535661 -0.92615 -1 0.0271943 -0.980254 -0.712838 -1 -1 0.669707 -0.530961 -0.320372 -1 -0.986106 -0.157704 -0.401364 0.0628828 -0.99825 0.910504 0.30235 -0.415267 -0.5831 -0.586488 0.165901 -0.834288 0.235175 0.184347 0.140562 -0.00491731 0.197355 -0.980949 -0.999931 0.142408 -0.417336 -0.165262 -0.468381 -0.0135083 0.185942 -0.911819 -1 -0.457481 -0.641889 -0.648524 -0.785816 -0.595104 -0.898327 0.670391 -0.18671 0.494853 0.123083 0.202529 -0.144412 0.106232 -0.663268 0.277031 0.3457 -0.0166284 -0.445041 -0.514418 -0.463853 -0.933051 0.502649 -0.973513 -0.242082 0.0298002 -1 0.577914 0.0798889 -0.512154 -0.999575 -0.459043 -0.772466 -0.605959 -0.997284 -0.273096 0.341193 0.516047 -0.339724 -0.997583 -0.358074 -0.476722 0.454238 -0.352267 0.305014 -0.818893 0.0297456 -0.722594 
-0.976713 -1 -0.956698 -0.492853 -0.86495 -1 -0.381376 -1 -0.738629 0.49357 -0.938702 -1 0.464622 -0.735962 -0.443669 -0.94129 -0.201002 -0.314482 0.319493 -0.128762 -0.445819 0.416198 -0.768538 -0.817777 0.583964 -1 -1 0.00629437 -1 -0.382154 -0.507944 0.0913909 -0.280216 0.374772 0.394934 -0.93506 0.775694 -1 0.479621 0.922919 0.347955 -0.321791 -0.00138931 -0.849283 -0.20744 0.107391 -0.142944 0.140363 0.417644 0.346578 -0.244314 -0.207166 0.641284 -0.927396 -1 -0.0040506 -0.998967 -0.722188 -0.909541 -1 0.699574 -0.567607 -0.170997 -0.98551 -0.995852 -0.291176 -0.437833 0.0857617 -1 0.523142 0.474025 -0.385836 -0.302472 -0.775485 0.310732 -0.933973 0.231356 0.165654 0.147726 0.143592 0.144943 -0.625745 -1 0.156456 -0.319977 -0.179147 -0.161649 -0.0565167 0.189166 -0.758191 -1 -0.676648 -0.584385 -0.68018 -0.714767 -0.857275 -0.710747 0.447055 -0.188613 0.307007 -0.077343 -0.147534 -0.158674 0.287271 -0.457906 0.388977 0.345993 0.0261693 -0.332897 -0.559687 -0.514398 -1 0.509149 -0.888319 -0.162001 -0.250762 -1 0.795902 -0.123149 -0.694463 -0.998336 -0.326981 -0.662846 -0.582679 -1 -0.205421 0.337673 0.584994 -0.58005 -0.988266 -0.325363 -0.513059 0.106432 -0.363081 0.312007 -0.933918 -0.198692 -0.517179 
-0.971483 -0.661413 -0.846786 -0.241203 -0.919155 -0.976186 -0.429035 -0.940139 -0.700629 0.0903247 -1 -0.995496 0.316867 -0.812594 -0.585993 -1 -0.670421 -0.369326 0.154634 -0.099568 -0.365011 0.471631 -0.826783 -1 0.547329 -1 -0.947485 0.0933242 -1 -0.328316 -0.635068 0.0236278 -0.509013 0.13872 0.0630702 -0.687409 0.392059 -0.923434 0.429531 0.630275 0.127129 -0.662907 -0.113429 -0.490782 -0.293899 0.184773 -0.00856777 0.276463 0.171576 0.352377 0.294684 -0.174483 0.301442 -0.957331 -1 -0.104733 -0.954206 -0.712699 -1 -0.998761 0.699715 -0.524532 -0.727896 -1 -0.982024 -0.175513 -0.551559 0.0590267 -0.962428 0.924789 0.297583 -0.516922 -0.480229 -0.591653 0.0169855 -1 -0.0287545 0.0694658 -0.0481178 -0.259097 0.319306 -1 -1 0.0848725 -0.713204 -0.164646 -0.706536 -0.217583 0.164997 -1 -0.992684 -0.477575 -1 -0.663825 -0.867063 -0.610442 -0.865456 0.604405 -0.418324 0.282844 0.136449 0.256571 -0.275908 -0.105554 -0.872393 0.295296 0.206103 -0.00689907 -0.583881 -0.489009 -0.642581 -0.942904 0.498514 -1 -0.200859 -0.0147948 -1 0.579678 0.052378 -0.925647 -0.913776 -0.716611 -0.761344 -0.870115 -1 -0.458351 -0.0458081 0.426883 -0.32252 -1 -0.467604 -0.594131 0.47957 -0.335663 0.2264 -0.958802 0.0476402 -1 
-1 -0.859494 -1 -0.552996 -1 -1 -0.359062 -1 -0.806612 0.445759 -1 -0.85211 0.00425944 -1 -0.606075 -0.970445 -0.34239 -0.938855 0.0418132 -0.107701 -0.394754 0.580933 -0.976348 -0.9703 0.554046 -0.975556 -0.937997 -0.508035 -0.991546 -0.676353 -0.911678 0.0553062 -0.60554 -0.0387315 -0.0048855 -1 0.504474 -1 0.0399095 0.39414 0.255645 -0.567749 -0.184248 -0.927193 -0.527788 -0.0825597 -0.0804181 0.169272 0.457667 0.125173 0.163581 -0.582758 0.187128 -0.911812 -1 -0.28705 -0.867372 -0.836448 -1 -0.979486 0.671214 -0.957762 -0.202729 -1 -0.968384 -0.0985929 -0.597558 -0.0715007 -1 0.698675 0.549195 -0.761054 -0.481727 -0.629691 0.153871 -1 -0.161017 0.15034 -0.113339 -0.159319 -0.0650005 -0.898274 -0.91898 0.0910447 -0.46798 -0.937342 -0.116337 0.0296383 -0.0331808 -0.717126 -1 -1 -0.802727 -0.694245 -1 -0.469981 -0.648143 0.478789 -0.55746 0.1892 -0.26118 -0.128031 -0.429607 0.360327 -0.592709 0.377334 -0.200657 0.187704 -0.615938 -0.409946 -1 -0.984412 0.531854 -0.877768 -0.189198 0.0336736 -0.998012 1 -0.238722 -0.797753 -1 -0.571088 -0.786126 -0.73096 -1 -0.230569 0.25765 0.344472 -0.450814 -1 -0.510336 -0.585164 0.487833 -0.346859 0.228203 -1 -0.139721 -0.540762 
-1 -0.698719 -0.715862 -0.54462 -1 -0.997591 -0.467271 -1 -0.772625 0.360123 -1 -0.996184 0.330163 -0.857732 -0.572658 -1 -0.531605 -0.524994 0.229814 -0.0606179 -0.359718 0.804171 -0.790681 -0.957256 0.865844 -0.957662 -0.958474 0.123978 -1 -0.463478 -0.663161 0.0376075 -0.518749 0.279932 0.2117 -0.450758 0.279195 -0.991046 0.568554 0.854288 0.417052 -0.832764 -0.142943 -0.419576 -0.443929 0.0774223 0.108199 0.355217 0.303962 0.395149 0.272767 -0.1808 0.539225 -0.92615 -0.997819 0.0377994 -0.936449 -0.727365 -0.995573 -1 0.669707 -0.550592 -0.316298 -1 -0.99795 -0.157584 -0.391981 0.054079 -0.995524 0.919574 0.313697 -0.574088 -0.5831 -0.725219 0.167265 -0.823477 0.164493 -0.0534227 0.135884 0.00668289 0.0056958 -0.996563 -1 0.123977 -0.423876 -0.171669 -0.479156 -0.0341342 0.190413 -0.858662 -1 -0.502601 -0.742159 -0.65618 -0.968963 -0.555846 -1 0.64645 -0.35883 0.50686 0.044379 0.170533 -0.155852 0.111635 -0.67529 -0.0234402 0.320166 -0.00556735 -0.733771 -0.503177 -0.727692 -0.944909 0.494653 -1 -0.273241 0.0255046 -0.999892 0.344284 -0.119941 -0.510107 -1 -0.427965 -0.755773 -0.628387 -1 -0.209273 0.358074 0.523471 -0.333095 -0.997254 -0.447266 -0.444014 0.470443 -0.313655 0.0950235 -0.830583 0.0153634 -0.980699 
-1 -0.303673 -0.889102 -0.225692 -0.62443 -1 -0.517869 -0.821338 -0.579861 0.721239 -0.934978 -0.994151 0.411142 -0.528382 -0.511812 -0.89879 -0.308348 -0.151734 0.400058 0.180218 -0.42475 0.914128 -0.72721 -0.927849 0.756176 -0.762065 -0.664417 -0.0513336 -0.971713 -0.211527 -0.331753 -0.00861685 -0.0105601 0.0795967 0.607681 -0.589784 0.716539 -0.40999 0.648415 0.489674 0.482224 -0.646409 0.103676 -0.0206737 -0.0573697 0.189126 0.0808768 0.355607 0.525724 0.687563 0.471452 -0.0631265 0.846782 -0.999014 -1 -0.0211815 -0.716118 -0.829147 -1 -0.740167 0.92502 -0.337076 -0.129881 -0.916244 -0.723784 -0.156461 -0.301514 0.325359 -1 0.619981 0.47164 -0.211867 -0.645561 -0.153893 0.209056 -1 0.229047 0.172498 -0.1356 -0.0477397 0.37008 -0.103331 -0.571433 -0.151004 -0.386069 -0.371727 0.188676 0.109489 0.146545 -0.394605 -0.951893 -0.45733 -0.814123 -0.64048 -0.780604 -0.0558065 -0.635261 0.502738 -0.296118 0.710583 0.3107 0.164144 -0.277012 0.440614 -0.457676 0.615022 0.549692 0.246241 -0.331099 -0.562031 -0.137501 -1 0.508961 -0.811124 -0.372799 0.0630218 -1 0.618089 -0.536661 -0.440543 -1 -0.292207 -0.835828 -0.394152 -0.947043 -0.105619 0.222293 0.203843 -0.116487 -0.64294 -0.223364 -0.452253 0.262092 -0.406092 0.150019 -0.997548 0.384803 -0.0506823 
-0.996454 -0.640297 -0.730325 -0.267253 -0.877259 -1 -0.354417 -0.992307 -0.721184 0.332723 -1 -1 0.383256 -0.832472 -0.558656 -0.998419 -0.496513 -0.435789 0.217317 -0.0550627 -0.333499 0.716049 -0.79342 -0.901993 0.763331 -0.953839 -0.951258 0.0880559 -0.997308 -0.137574 -0.354783 0.0071441 -0.453013 0.268779 0.210955 -0.487734 0.529138 -1 0.582318 0.886622 0.312941 -0.631313 0.0371172 -0.325186 -0.274678 0.0588525 0.159753 0.309987 0.303962 0.364599 0.335433 -0.146485 0.542492 -0.910021 -0.99652 0.0407675 -0.98478 -0.742703 -1 -1 0.656872 -0.516458 -0.316044 -1 -1 -0.168588 -0.331535 0.0691125 -1 0.918924 0.308084 -0.437312 -0.599613 -0.649337 0.134479 -0.854943 0.237582 0.178034 0.144622 0.0290094 0.213542 -1 -0.999241 0.146402 -0.434407 -0.198226 -0.499973 -0.0304828 0.159936 -0.96845 -1 -0.469132 -0.632633 -0.647509 -0.764819 -0.604394 -0.956813 0.676179 -0.212226 0.498004 0.154632 0.199527 -0.195812 0.102216 -0.672116 0.210132 0.287348 -0.0124131 -0.490358 -0.486525 -0.461415 -0.944554 0.48809 -0.963584 -0.275219 0.0337806 -1 0.639955 0.0746229 -0.552635 -1 -0.465859 -0.802342 -0.594653 -1 -0.288928 0.349671 0.495518 -0.349812 -1 -0.320416 -0.500929 0.451191 -0.32755 0.308981 -0.802546 0.0212083 -0.717631 
-0.915814 -1 -0.801008 -0.240816 -0.751599 -0.906392 -0.467167 -1 -0.838372 0.208967 -1 -1 0.250922 -0.830612 -0.505823 -1 -0.361077 -0.23163 0.00138503 -0.361997 -0.539653 0.664284 -1 -1 0.803495 -0.842718 -1 0.00881449 -0.995331 -0.227351 -0.367618 -0.046307 -0.550515 0.213637 0.302509 -0.630465 0.655615 -1 0.185093 0.730329 0.512126 -0.535263 0.0240209 -0.284445 -0.5869 -0.503277 -0.0885666 0.246652 0.721529 -0.112018 0.316059 -0.624211 0.836921 -1 -1 -0.238086 -0.936048 -0.780772 -1 -1 0.786707 -0.653315 -0.242697 -0.980818 -1 -0.534108 -0.517567 0.0696194 -1 0.880063 0.365815 -0.586157 -0.443997 -0.765195 0.0609834 -0.839874 -0.220301 0.360938 0.117215 -0.23811 -0.00217517 -1 -1 0.200707 -0.99337 -0.716666 -0.174194 0.0144431 0.18004 -0.986616 -1 -0.379251 -0.566063 -0.693367 -0.740699 -0.580732 -0.797395 0.457924 -0.327961 0.605432 0.204979 -0.417509 -0.406549 0.365459 -0.606344 0.370207 0.179981 0.00122817 -0.474687 -0.449831 -0.752239 -0.901967 0.290278 -1 -0.367436 0.113527 -0.90766 0.626181 -0.111016 -0.421465 -1 -0.431809 -0.74798 -0.746568 -1 -0.209145 0.132776 0.576842 -0.378938 -1 -0.099984 -0.593269 0.297371 -0.282642 -0.285412 -0.738234 -0.339193 -0.840503 
-0.994204 -0.757999 -0.891099 -0.179798 -0.690749 -0.9238 -0.651403 -1 -1 0.409217 -1 -0.983096 0.383677 -0.804454 -0.53979 -1 -0.515557 -0.585737 0.0448055 -0.0639523 -0.311425 0.676739 -0.82698 -0.87152 0.558615 -0.974134 -1 -0.142946 -0.974408 -0.411817 -0.634652 0.0104555 -0.602566 0.150656 -0.036232 -0.779695 0.788589 -1 0.609923 0.909966 0.601523 -0.558425 -0.276802 -0.284017 -0.789519 0.0934142 0.1356 0.115415 0.361746 0.235088 0.0402075 -0.37538 0.847052 -0.913701 -0.932481 0.071238 -0.945311 -0.741595 -0.921225 -1 0.89121 -0.573026 -0.567919 -1 -0.905031 -0.461807 -0.386447 0.154636 -0.960622 0.569237 0.248424 -0.403939 -0.526825 -0.711998 0.143734 -1 -0.0169083 0.490249 0.127025 0.0471688 0.381397 -0.864999 -0.995324 0.177609 -0.548309 -0.193045 -0.173089 0.00160211 0.263958 -0.873894 -1 -0.737039 -0.712892 -0.705303 -0.745033 -0.649185 -0.939028 0.754346 -0.273483 0.595513 0.260754 0.114392 -0.657931 0.216089 -0.522289 0.232126 0.348635 0.130676 -0.560992 -0.461986 -0.534507 -1 0.231352 -0.871439 -0.45516 -0.0460405 -1 0.472789 -0.203248 -0.619606 -1 -0.389973 -0.620505 -0.584135 -1 -0.197194 0.338693 0.458531 -0.472655 -0.925114 -0.294914 -0.801225 0.397898 -0.613773 0.315669 -0.758237 -0.18927 -0.615594 
-0.54764 -0.038816 -1 0.288262 0.255505 0.00463142 -1 -0.0212903 -0.942101 -0.636929 -0.0113536 0.392672 -0.774349 -0.233816 -1 -0.912497 -0.209655 -0.935469 -1 -0.641318 -0.31795 -0.24804 0.19843 -1 -0.920024 -0.833315 -0.083934 0.015282 -0.782488 -0.730734 0.0457652 -0.873233 -0.96217 -0.92328 -1 -1 -0.996167 -1 -0.834908 -0.384153 0.567538 0.132984 -0.944379 -0.887966 0.0958777 -0.579628 -0.119944 -0.494006 0.148276 -1 -0.633229 -0.750744 -0.0270765 -1 0.475821 -0.881457 -1 -0.861692 -0.840238 -0.98557 -0.507148 0.681979 -0.550837 -0.560504 0.0348157 0.124324 -0.786439 -1 0.702311 -0.502356 -0.805674 -0.459519 0.0142312 -1 -0.305274 -0.776239 -0.222704 -1 -0.777942 -0.991749 -0.686211 -1 0.154953 -0.338754 -0.376424 -0.848811 -0.88027 0.347187 -1 -0.139293 0.00966977 -0.0320613 -1 -0.894242 0.541909 -0.940712 0.353345 -0.118861 0.828705 -0.753981 -0.305764 0.0195552 -0.431355 -0.776042 0.496303 -0.0791982 -0.512841 0.303274 -0.443731 -0.485931 -1 -0.271052 -0.583564 -1 -0.825035 -1 -0.241552 -0.578689 0.461787 -1 -0.22808 -0.0732683 -0.480622 0.191797 0.366873 -0.354738 -0.534075 0.124192 -0.291652 0.134649 -0.00723916 0.364141 -0.686697 0.132579 -1 -0.699988 0.361317 -0.946106 
-0.995485 -0.662305 -0.705541 -0.241308 -0.832915 -1 -0.421201 -0.993465 -0.717269 0.360123 -1 -1 0.343736 -0.826637 -0.557037 -0.986841 -0.514218 -0.362759 0.238346 -0.056479 -0.326932 0.713038 -0.785228 -0.892335 0.777592 -0.938608 -0.962666 0.129969 -1 -0.209517 -0.364067 0.0315304 -0.458384 0.312047 0.2117 -0.469984 0.521148 -0.991046 0.591361 0.874428 0.345841 -0.647034 0.025186 -0.329923 -0.28083 0.0908944 0.105748 0.274867 0.292221 0.392984 0.313053 -0.146485 0.546354 -0.92615 -0.997352 0.0517679 -0.955499 -0.711075 -1 -1 0.669707 -0.516077 -0.316298 -0.992287 -0.991466 -0.147656 -0.37493 0.0720225 -1 0.919574 0.313697 -0.415267 -0.606146 -0.584102 0.162525 -0.830154 0.245327 0.206922 0.150875 -0.00493346 0.205859 -0.991344 -1 0.157393 -0.421541 -0.157039 -0.470914 -0.0136797 0.175553 -0.911819 -1 -0.457481 -0.641889 -0.673662 -0.78699 -0.585889 -0.898327 0.670391 -0.181853 0.513662 0.116325 0.224581 -0.134901 0.110975 -0.666715 0.282815 0.332012 -0.00354257 -0.436401 -0.495774 -0.466598 -0.946773 0.500659 -0.96861 -0.241441 0.0364126 -0.994619 0.59114 0.0579658 -0.502646 -0.995717 -0.451745 -0.755773 -0.602322 -1 -0.288179 0.358074 0.523471 -0.312426 -0.990782 -0.341458 -0.483373 0.447905 -0.352578 0.296991 -0.822586 0.0297456 -0.703351 
-0.995816 -0.637012 -0.724552 -0.287264 -0.885855 -0.961228 -0.628678 -0.904048 -0.707552 0.333005 -1 -0.99543 0.309964 -0.828369 -0.572435 -1 -0.768889 -0.427041 0.239072 -0.0557471 -0.350846 0.768493 -0.792028 -0.910882 0.499962 -1 -1 0.107651 -1 -0.149921 -0.360508 0.00603739 -0.448498 0.275297 -0.0633999 -0.486235 0.412533 -1 0.582317 0.698081 0.16 -0.576593 -0.1156 -0.324655 -0.198734 0.0645722 0.130953 0.294206 0.322605 0.35585 0.102265 -0.389195 0.46146 -0.878385 -0.958861 -0.0973199 -0.922088 -0.744452 -0.930708 -1 0.649845 -0.521103 -0.405338 -1 -1 -0.320103 -0.331535 0.114917 -1 0.760904 0.29081 -0.481105 -0.867703 -0.902742 0.14427 -1 0.31371 -0.108402 0.219495 0.0290231 0.2647 -1 -1 0.16771 -0.416232 -0.18176 -0.640149 -0.0289432 0.00182085 -1 -1 -0.491041 -0.8404 -0.647509 -0.778061 -0.589825 -0.991926 0.670976 -0.169342 0.498004 0.154632 0.199527 -0.111198 -0.126464 -0.992508 0.268313 0.309652 0.0145251 -0.502676 -0.483338 -0.466467 -0.913593 0.558611 -0.888756 -0.569234 0.0106591 -0.998711 0.633137 0.0665036 -0.557408 -1 -0.380998 -0.765898 -0.56642 -1 -0.349427 0.34838 0.478434 -0.485734 -1 -0.341351 -0.506093 0.341925 -0.330657 0.313261 -0.800746 -0.108411 -0.816204 
-0.915814 -1 -0.783945 -0.240816 -0.751599 -0.906392 -0.467167 -1 -0.838372 0.208967 -1 -1 0.264489 -0.838465 -0.505823 -1 -0.374906 -0.23163 0.00797239 -0.354591 -0.539809 0.664284 -1 -1 0.791337 -0.842718 -1 -0.00311246 -1 -0.227351 -0.367618 -0.0507047 -0.541522 0.211666 0.302509 -0.638201 0.655615 -1 0.185093 0.730329 0.512126 -0.535263 0.0240209 -0.285015 -0.586234 -0.503277 -0.0885666 0.241842 0.721529 -0.112018 0.316059 -0.624211 0.832211 -0.998953 -1 -0.238086 -0.936048 -0.783629 -1 -1 0.786707 -0.665495 -0.242697 -0.980818 -1 -0.534108 -0.517567 0.0655638 -1 0.880063 0.365815 -0.586157 -0.443997 -0.765195 0.0671353 -0.839874 -0.231128 0.360938 0.116299 -0.220204 -0.00217517 -1 -1 0.200707 -0.99337 -0.716666 -0.174194 0.0144431 0.17635 -0.986616 -1 -0.379251 -0.566063 -0.693367 -0.740699 -0.580732 -0.797395 0.457924 -0.327961 0.597884 0.204979 -0.417509 -0.406549 0.365459 -0.602777 0.370207 0.179981 0.00122817 -0.475788 -0.449831 -0.760719 -0.901967 0.286424 -1 -0.367436 0.116248 -0.90766 0.626181 -0.120581 -0.427179 -1 -0.432406 -0.74798 -0.741886 -1 -0.209145 0.132776 0.576842 -0.3673 -1 -0.104742 -0.593269 0.311273 -0.282642 -0.301199 -0.735199 -0.339193 -0.844635 
0.494159 -0.598732 -0.203024 0.861585 0.629377 -0.743531 -0.7703 -0.160472 -0.765577 -0.372619 0.589779 0.45796 0.135784 -0.639143 0.149451 -0.509959 0.519879 -0.440879 0.700638 0.113078 0.567566 -0.880734 -0.151134 0.813351 -0.81502 0.894576 -0.782573 -0.600985 0.670984 -0.835142 -1 0.508693 -0.352254 -0.977756 -0.989579 0.815925 -1 0.514533 0.0500664 -0.0860751 0.831129 0.00767148 0.0143061 -0.772556 0.902881 -0.489187 -0.797689 0.335251 0.0859816 -0.184348 0.356513 -0.786249 -0.12267 0.461818 -0.708148 -0.60951 0.136147 -1 -0.821278 0.52261 -0.122548 0.770979 -1 -0.112607 -0.895327 0.269289 -0.463861 0.245885 0.356845 0.121968 0.701317 -1 0.251338 0.187028 -0.404684 -0.83 -0.0193129 -0.506292 -1 0.627587 -1 -0.409288 -0.735708 -0.61612 -0.320119 -1 0.938869 -0.749035 -0.377154 0.376436 -0.538495 -0.434223 -0.630414 -0.469698 0.668331 -1 -0.257219 0.294993 0.650768 -0.459586 -0.255503 0.275095 0.757865 -0.160297 -0.77448 0.43335 -0.529208 -0.165841 -0.82056 -0.834113 -0.808239 -0.164135 -0.411533 0.857792 0.311278 -0.506253 0.791957 0.725727 -0.308758 -0.316463 -0.345731 -1 -0.881268 -0.309777 -0.105106 0.653783 -0.881032 0.544518 -0.907087 -0.53513 -0.571219 0.268803 -0.816266 -1 -0.767247 0.786495 0.21682 0.731612 
0.333967 -0.751885 -0.474135 0.48627 0.0131889 -0.822158 -0.868851 -0.248485 -1 -0.665237 0.788761 0.572142 0.295899 -0.491165 0.0579406 -1 0.36159 -0.714957 -0.116103 -0.127045 0.692645 -0.791119 -0.208295 0.620515 -0.971809 0.561686 -0.637133 -0.914578 0.696196 -0.876094 -0.817779 0.362851 -0.856709 -1 -0.995932 0.501015 -0.984176 -0.0121706 -0.415778 0.123653 0.56273 -0.509846 -0.0621502 -0.397319 0.789232 -0.652143 -0.712208 -0.0764406 0.302002 -0.523562 0.510183 -0.984447 0.0834991 -0.210566 -0.936688 -0.594616 -0.111739 -1 -0.846125 0.413786 -0.150334 0.604949 -0.972035 -0.782851 -0.994771 -0.239195 -0.582029 -0.0586589 -0.223499 -0.0638325 0.833223 -0.798505 -0.190053 -0.0122702 -0.396068 -1 0.0533325 -0.645585 -0.929711 0.57709 -1 -0.0438234 -0.783683 -0.178882 -0.196038 -1 0.585675 -0.912667 -0.933622 0.728912 -0.829702 -0.66283 -0.709961 -0.690662 0.518701 -1 -0.334628 0.476456 0.282286 -0.505547 -0.0767745 -0.0611807 0.532495 -0.0570079 -0.755023 0.24909 -0.510938 -0.215918 -0.682469 -0.983171 -1 -0.681629 -0.559972 0.803751 0.472032 -0.751306 0.250858 0.255864 -0.485837 -0.0429207 -0.214821 -1 -0.821624 -0.453421 0.0271855 0.304241 -0.944932 0.467098 -1 -0.673116 -0.818315 -0.0362648 -1 -1 -0.842271 0.130599 -0.130041 0.452725 
-0.999871 -0.773507 -0.946987 -0.183172 -0.7536 -0.940268 -0.526678 -0.996303 -1 0.402134 -1 -0.995284 0.388632 -0.777801 -0.54235 -0.965217 -0.316155 -0.308996 0.036361 -0.0657625 -0.30542 0.670232 -0.884776 -0.889481 0.505102 -0.848985 -0.995721 -0.11705 -1 -0.408215 -0.575117 0.0245929 -0.342869 0.143353 0.215094 -0.679694 0.773951 -1 0.596807 0.922919 0.555523 -0.406914 -0.0114137 -0.268767 -0.595852 0.0989319 0.144374 0.107481 0.536544 0.389899 0.0438352 -0.380552 0.846961 -1 -1 0.0877186 -0.78945 -0.725626 -0.996074 -1 0.919886 -0.521822 -0.435662 -0.98106 -0.916963 -0.32256 -0.390477 0.142852 -1 0.764048 0.516996 -0.402853 -0.275665 -0.737261 0.152701 -0.879746 -0.00441578 0.41391 0.144858 0.045789 0.374706 -0.898622 -0.996307 0.173758 -0.320059 -0.174558 -0.166105 -0.050164 0.175475 -0.874299 -0.999348 -0.443625 -0.746664 -0.673263 -0.747019 -0.575038 -0.667244 0.670498 -0.187276 0.633045 0.250652 0.125709 -0.448443 0.213291 -0.459262 0.263165 0.340179 0.0786535 -0.664996 -0.446506 -0.552058 -0.997497 0.381894 -0.879709 -0.265094 0.0877979 -1 0.466299 -0.0868648 -0.500451 -1 -0.255741 -0.724087 -0.575131 -1 -0.192303 0.319659 0.501006 -0.464501 -0.978925 -0.285848 -0.647451 0.383022 -0.613773 0.289267 -0.80279 -0.00182029 -0.617785 
-0.982744 -0.757999 -0.935055 -0.186407 -0.780808 -0.923288 -0.523503 -1 -1 0.394101 -1 -0.991113 0.383677 -0.804454 -0.539882 -0.959555 -0.313244 -0.318443 0.0334399 -0.0657625 -0.311425 0.692393 -0.877605 -0.87152 0.520613 -0.852373 -1 -0.128461 -1 -0.413689 -0.569802 -0.00334627 -0.334346 0.150656 0.225424 -0.674162 0.77851 -1 0.608785 0.915504 0.555333 -0.399326 -0.0185954 -0.277604 -0.573688 0.0974234 0.123767 0.115415 0.507416 0.387987 0.0451262 -0.400263 0.847052 -0.998688 -1 0.0768217 -0.78746 -0.735538 -1 -1 0.890255 -0.534381 -0.419596 -0.992393 -0.913301 -0.326043 -0.374318 0.157682 -1 0.764552 0.514413 -0.403939 -0.28046 -0.711998 0.148278 -0.90331 -0.0115406 0.432642 0.125959 0.0385118 0.389525 -0.896426 -1 0.177609 -0.337471 -0.193045 -0.173089 -0.0424351 0.182016 -0.870166 -1 -0.435506 -0.719958 -0.711888 -0.747429 -0.568567 -0.689365 0.660287 -0.20399 0.601712 0.258763 0.114392 -0.465906 0.216413 -0.456393 0.250901 0.35043 0.0754619 -0.652477 -0.457406 -0.533079 -0.99775 0.356653 -0.860336 -0.247525 0.092626 -1 0.472789 -0.0625584 -0.4936 -1 -0.273588 -0.701972 -0.585244 -1 -0.197194 0.338693 0.521082 -0.461756 -0.998199 -0.285848 -0.613901 0.397898 -0.619361 0.315669 -0.80279 -0.0233919 -0.617982 
-0.909646 -0.783123 -0.716685 -0.201854 -0.754267 -1 -0.402997 -0.998428 -0.849252 0.43075 -0.898129 -0.978627 0.15391 -0.810799 -0.544929 -1 -0.432803 -0.37736 0.256418 -0.113692 -0.277127 0.633082 -0.754931 -1 0.755133 -0.870913 -1 0.116526 -1 -0.347542 -0.38341 0.0596733 -0.289634 0.28694 0.284247 -0.632722 0.734892 -0.961297 0.555984 0.87099 0.604033 -0.376327 0.0394303 -0.581992 -0.33107 0.0988501 0.100267 0.271914 0.635799 0.328973 0.294932 -0.241941 0.531824 -0.993088 -1 -0.0374278 -0.795708 -0.929712 -0.971289 -0.94134 0.940459 -0.84034 -0.352614 -1 -1 -0.139988 -0.569614 0.152453 -1 0.902496 0.23456 -0.498778 -0.278547 -0.578142 0.251858 -1 0.217385 0.300251 -0.118577 0.041536 0.329163 -0.987374 -1 0.19163 -0.31916 -0.471756 -0.282677 -0.21583 0.161794 -0.830374 -1 -0.450902 -0.612227 -0.64604 -0.772713 -0.763165 -0.715891 0.64418 -0.188893 0.612919 0.26624 0.120632 -0.15622 0.333679 -0.642254 0.43579 0.0840484 0.0178279 -0.577796 -0.317588 -0.497936 -0.981635 0.559966 -0.836549 -0.352376 0.030492 -0.995553 0.827675 -0.047312 -0.504418 -1 -0.495793 -0.682296 -0.635427 -0.997279 -0.381812 0.336884 0.492176 -0.329517 -1 -0.166281 -0.491972 0.402244 -0.326809 0.316849 -0.824383 -0.229295 -0.465647 
-1 -0.741096 -0.708853 -0.533653 -0.679896 -0.906951 -0.668371 -1 -0.732425 0.460019 -0.942442 -0.854828 0.16945 -0.982173 -0.540611 -0.923251 -0.217257 -0.302417 0.343265 -0.31445 -0.320274 0.668529 -0.759799 -1 0.792167 -0.845359 -0.984282 -0.148948 -1 -0.23306 -0.366682 0.0192218 -0.463301 0.334296 0.382752 -0.448952 0.735985 -0.997511 0.612856 0.869842 0.544785 -0.401309 -0.0936384 -0.271605 -0.313572 0.0634444 0.121414 0.312847 0.554368 0.36538 0.291937 -0.217749 0.655362 -1 -1 0.0477851 -0.999253 -0.740938 -1 -1 0.944244 -0.552058 -0.135735 -0.936222 -0.930893 -0.134908 -0.542586 0.147863 -1 0.618636 0.50092 -0.658036 -0.26736 -0.824571 0.454982 -0.845963 0.220444 0.15577 0.175071 -0.132139 0.347749 -0.718935 -0.966383 0.17822 -0.28276 -0.292112 -0.158171 -0.213473 0.175596 -0.709782 -1 -0.478685 -0.649559 -0.701428 -0.833516 -0.585498 -0.694221 0.668035 -0.193358 0.652566 0.176102 0.108608 -0.350058 0.305325 -0.490107 0.493115 0.326864 0.0765985 -0.443483 -0.289367 -0.742157 -0.986467 0.548112 -0.812769 -0.272065 0.0534172 -1 0.794787 -0.0301623 -0.49986 -1 -0.334903 -0.860263 -0.611602 -0.872924 -0.213884 0.375283 0.225034 -0.362694 -1 -0.101614 -0.747249 0.404867 -0.39003 0.293887 -0.825277 -0.0124276 -0.453648 
-1 -0.747643 -0.681261 -0.19861 -0.661825 -1 -0.356587 -1 -1 0.198679 -1 -1 0.103268 -1 -0.691401 -0.918372 -0.353559 -0.274725 0.0432775 -0.325027 -0.427155 0.719486 -0.853862 -0.921301 0.674524 -1 -0.99121 0.105468 -1 -0.286322 -0.622949 0.00769703 -0.597051 0.0274097 0.142263 -0.715314 0.58487 -1 0.586964 0.81542 0.430849 -0.435465 -0.154593 -0.504683 -0.473693 0.0800927 -0.053747 0.312847 0.624893 0.36538 0.182875 -0.190464 0.83169 -1 -1 -0.244199 -0.828135 -0.731258 -1 -0.893804 0.972501 -0.797399 -0.135735 -1 -1 -0.177946 -0.795242 0.139172 -1 0.718837 0.487007 -0.55445 -0.400843 -0.594004 0.247673 -1 -0.0233081 0.221528 -0.0945193 0.0173023 0.353372 -0.975846 -1 -0.080587 -0.550146 -0.465455 -0.0810907 -0.264475 0.275428 -0.60722 -1 -0.660097 -0.603335 -0.92146 -0.946289 -0.57718 -0.781006 0.686392 -0.193358 0.265907 -0.0585812 0.114455 -0.329236 0.326005 -0.665978 0.494383 0.0673831 0.0800551 -0.488345 -0.316152 -0.625964 -0.986775 0.363562 -0.812769 -0.340768 0.0198196 -1 0.82683 -0.339666 -0.762523 -1 -0.370222 -0.864773 -0.60078 -0.958848 -0.0684074 0.457894 0.498035 -0.601667 -1 -0.0881228 -0.742392 0.108093 -0.507248 0.152833 -1 -0.299555 -0.632675 
-0.642327 -0.117838 -0.986393 0.354917 0.255505 0.00463142 -1 -0.0212903 -0.942101 -0.669038 -0.167981 0.199583 -0.774349 -0.391379 -0.994673 -0.912497 -0.209655 -0.958907 -1 -0.641318 -0.272888 -0.24804 0.19843 -1 -0.920024 -0.833315 -0.083934 0.015282 -0.782488 -0.954993 0.0457652 -0.816891 -0.96217 -0.922671 -1 -1 -1 -1 -1 -0.384153 0.317401 0.132984 -0.940385 -0.838907 0.0958777 -0.579628 -0.119944 -0.492327 0.144487 -0.999658 -0.633229 -0.750744 -0.230553 -1 0.302413 -0.881457 -1 -0.861692 -0.840238 -0.98557 -0.507148 0.681979 -0.550837 -0.560504 0.0348157 0.124324 -0.973399 -1 0.697789 -0.552584 -0.93786 -0.459519 0.0142312 -1 -0.579174 -0.833521 -0.222704 -0.906475 -0.777942 -1 -0.686211 -1 0.144993 -0.350496 -0.45558 -0.964327 -0.88027 0.347187 -0.967433 -0.104678 0.00966977 -0.166789 -0.986385 -1 0.409011 -0.94307 0.38374 -0.118861 0.828705 -0.753981 -0.305764 0.0195552 -0.643266 -0.776042 0.496303 -0.0791982 -0.512841 0.365541 -0.443731 -0.767068 -1 -0.419507 -0.583564 -0.997037 -0.95403 -1 -0.381041 -0.578689 0.269766 -1 -0.229148 -0.0265375 -0.680075 0.134667 0.366873 -0.348192 -0.534075 0.124192 -0.291652 -0.013393 -0.00723916 0.364141 -0.696117 -0.0828228 -1 -0.925193 0.133954 -0.946106 
-0.915814 -0.998869 -0.733612 -0.239576 -0.747396 -1 -0.467167 -1 -0.728312 0.373211 -1 -1 0.195795 -0.834294 -0.506876 -1 -0.203858 -0.301016 0.00797239 -0.359603 -0.437607 0.664284 -1 -1 0.803495 -0.842718 -0.983055 0.00881449 -0.936124 -0.194156 -0.361641 0.0142507 -0.555407 0.124055 0.304435 -0.705138 0.65481 -0.939204 0.303207 0.717668 0.512133 -0.329677 0.0240209 -0.291844 -0.586747 -0.309664 -0.0885666 0.257894 0.662771 0.105753 0.316059 -0.637105 0.836921 -0.952886 -1 -0.227739 -0.947991 -0.753825 -1 -0.928361 0.947798 -0.653315 -0.1305 -0.977702 -1 -0.483503 -0.483884 0.0696119 -1 0.875755 0.383862 -0.497273 -0.433491 -0.765278 0.0776946 -0.839874 -0.015496 0.362349 0.147255 -0.23681 -0.0179639 -1 -0.996448 0.165965 -0.815192 -0.470906 -0.181518 0.0144431 0.17635 -0.975559 -1 -0.481652 -0.566063 -0.693367 -0.740699 -0.580732 -0.709516 0.448141 -0.315167 0.605432 0.203326 -0.188182 -0.174191 0.362209 -0.602595 0.493614 0.174869 0.0986295 -0.422577 -0.44616 -0.803559 -0.901864 0.293552 -0.923323 -0.253425 0.122639 -0.895127 0.618839 -0.18439 -0.413921 -1 -0.432406 -0.743233 -0.602165 -0.917696 -0.212325 0.0861586 0.576842 -0.374096 -1 -0.0970392 -0.600936 0.430826 -0.282642 -0.00742768 -0.73479 -0.0524238 -0.589765 
-0.909646 -0.773121 -0.784726 -0.146807 -0.768435 -1 -0.397087 -1 -0.864335 0.43075 -0.907288 -0.981413 0.141527 -1 -0.496637 -1 -0.432803 -0.428068 0.245656 -0.146247 -0.277864 0.646606 -0.754931 -1 0.767192 -0.815995 -1 0.116526 -1 -0.328866 -0.689234 -0.0753387 -0.289634 0.258681 0.321219 -0.768404 0.733182 -0.963682 0.555984 0.75455 0.604033 -0.376327 0.0394303 -0.564361 -0.593342 0.142104 0.100267 0.139377 0.595926 0.331202 0.24143 -0.144904 0.537908 -0.997457 -1 0.00872177 -0.797634 -0.902103 -0.910934 -0.94085 0.932393 -0.844912 -0.334612 -1 -1 -0.139988 -0.569614 0.158671 -1 0.902496 0.246154 -0.5252 -0.224484 -0.581663 0.259572 -1 0.222089 0.300251 -0.115669 0.0274876 0.419109 -0.987374 -1 0.19163 -0.23402 -0.689616 -0.269896 -0.502858 0.205255 -1 -0.921914 -0.484978 -0.612227 -0.64604 -0.772713 -0.923915 -0.626249 0.500331 -0.416822 0.612919 0.277863 0.120632 -0.158193 0.317984 -0.646799 0.426877 -0.20756 0.0178279 -0.814428 -0.515206 -0.783183 -0.90312 0.613713 -0.961256 -0.488333 0.030492 -1 0.788291 -0.315765 -0.504401 -1 -0.497905 -0.616598 -0.635995 -0.935431 -0.274341 0.235826 0.494326 -0.329517 -1 -0.236804 -0.493106 0.386393 -0.337811 0.0930255 -0.824383 -0.229295 -0.465647 
-1 -0.849414 -0.975766 -0.501751 -1 -0.98806 -0.291523 -1 -0.791677 0.446579 -1 -0.862235 0.10477 -0.965789 -0.46008 -0.941323 -0.22535 -0.533185 0.115733 -0.117667 -0.16248 0.680178 -0.766845 -1 0.741631 -0.977975 -1 -0.28323 -1 -0.492307 -0.512403 0.052246 -0.319291 0.292321 -0.0186958 -0.926463 0.699159 -0.998169 0.567897 0.575543 0.516937 -0.394003 -0.246175 -0.475498 -0.545315 -0.0971023 0.120691 0.163692 0.488541 0.132469 0.32595 -0.256373 0.33766 -0.972333 -0.999205 -0.28705 -0.867372 -0.687655 -1 -1 0.669413 -0.957762 -0.27868 -1 -0.995401 -0.133446 -0.453428 -0.0687359 -0.994879 0.949755 0.489476 -0.488702 -0.2773 -0.525192 0.157265 -0.812797 0.255539 0.1572 0.142355 0.00238178 0.148307 -0.664982 -0.998866 0.012131 -0.319977 -0.47982 -0.139476 -0.00967401 0.190806 -0.697846 -0.847684 -0.657322 -0.781967 -0.66168 -0.773157 -0.574042 -0.664396 0.589447 -0.404733 0.422341 -0.0356268 -0.0576236 -0.0991691 0.357948 -0.485912 0.5424 0.150269 0.13617 -0.458774 -0.267975 -0.779499 -1 0.571101 -0.688389 -0.278044 0.0442993 -0.994638 0.839534 -0.111983 -0.44169 -1 -0.332706 -0.692896 -0.73096 -0.866693 -0.19548 0.372126 0.353092 -0.455205 -1 -0.247205 -0.503159 0.433754 -0.349944 0.294657 -0.996929 0.039053 -0.602916 
-0.945212 -0.952867 -0.839679 -0.240816 -0.911507 -0.972278 -0.374985 -1 -0.982298 0.225839 -1 -0.955016 0.195929 -0.869738 -0.56181 -1 -0.291194 -0.243093 -0.275 -0.317646 -0.566434 0.448774 -0.857582 -1 0.627684 -0.806036 -0.961331 0.0378262 -1 -0.488602 -0.618333 -0.173029 -0.491469 0.00891212 0.301385 -0.946842 0.466329 -1 0.175426 0.879102 0.618863 -0.394003 -0.365206 -0.554707 -0.749319 -0.381336 -0.206411 -0.0236681 0.345889 0.390233 0.303287 -0.452931 0.865944 -1 -0.940911 0.0167076 -0.941814 -1 -1 -0.998351 1 -0.943906 -0.1305 -0.985155 -1 -0.239552 -0.406602 0.0817459 -0.998829 0.41999 0.246476 -0.517488 -0.469509 -1 0.119896 -0.932521 0.130671 0.419634 0.177141 -0.308889 0.109325 -0.936007 -1 0.156149 -0.78408 -0.295024 -0.161876 -0.0500328 0.210206 -0.973533 -1 -0.412715 -0.542025 -0.663838 -0.798664 -0.707965 -0.707207 0.678655 -0.329108 0.486297 0.0127719 -0.249963 -0.111822 0.306038 -0.655765 0.484812 -0.304231 0.128236 -0.427642 -0.244823 -0.551325 -0.95715 0.309503 -1 -0.511121 0.170154 -1 0.627677 -0.435017 -0.497413 -1 -0.435517 -0.743233 -0.798188 -0.916576 -0.203293 0.0576751 0.513741 -0.3673 -1 -0.0896623 -0.618504 0.46723 -0.27287 -0.10639 -0.7811 0.0888475 -0.711292 
-0.995816 -0.637012 -0.735319 -0.186257 -1 -1 -0.442485 -1 -0.747494 0.0894288 -1 -1 0.369219 -1 -0.488398 -1 -0.487058 -0.327264 0.239072 -0.0557471 -0.371678 0.755909 -0.793311 -0.975011 0.479288 -1 -0.934402 0.0196531 -0.997834 -0.249441 -0.257321 -0.22363 -0.653226 -0.0637744 0.169742 -0.609291 0.521322 -1 0.330122 1 0.312941 -0.909552 0.0475265 -0.324655 -0.436062 -0.0701308 0.144171 0.256406 0.303962 0.15839 0.360893 -0.587124 0.174544 -1 -1 0.0398796 -1 -0.885764 -0.998016 -1 0.59013 -0.521103 -0.261374 -1 -1 -0.158817 -0.331535 0.080982 -1 0.539603 0.296708 -0.628991 -0.668393 -0.761398 -0.0486493 -0.869957 0.25151 -0.0907347 0.144622 0.0290231 0.276397 -1 -1 -0.0844858 -0.423847 -0.207249 -0.501471 -0.0289432 0.0751422 -0.932765 -1 -0.724244 -0.572974 -0.934495 -0.773739 -0.587857 -1 0.371602 -0.186643 0.272009 0.169757 0.290117 -0.328133 -0.121401 -0.697503 0.0476336 -0.101705 -0.114495 -0.74796 -0.622751 -0.466467 -1 0.491083 -1 -0.454325 -0.243522 -1 0.467132 -0.155224 -0.557408 -1 -0.455736 -0.765898 -0.602552 -1 -0.275736 0.293012 0.389969 -0.588307 -1 -0.414336 -0.456438 0.509607 -0.255897 0.313261 -0.921907 -0.277838 -0.865471 
-0.605077 -0.0536072 -1 0.169206 0.255505 0.00463142 -1 -0.160363 -0.942101 -0.558808 -0.075875 0.373783 -0.733271 -0.453975 -1 -0.923933 -0.227213 -1 -1 -0.659646 -0.327862 -0.168599 -0.0806278 -0.939555 -1 -0.843195 -0.100812 -0.0305314 -0.805502 -0.727899 -0.161409 -0.873233 -1 -0.965728 -1 -1 -1 -1 -0.833953 -0.475248 0.276439 0.132211 -0.988272 -0.940894 0.0958777 -0.746599 -0.159291 -0.494006 0.140709 -1 -0.633229 -0.750744 0.00941646 -1 0.183901 -0.877765 -1 -1 -0.932731 -1 -0.569309 0.678965 -0.784183 -0.720016 0.0203238 0.109041 -0.796021 -1 0.566966 -0.408595 -0.799805 -0.771089 0.00913899 -0.998919 -0.305274 -0.98095 -0.222704 -1 -0.812916 -0.932565 -0.788203 -1 0.0478592 -0.553418 -0.523606 -0.980847 -0.88027 0.254487 -1 -0.438971 0.0370865 -0.03985 -1 -0.974619 0.541909 -1 0.349776 -0.0353572 0.820148 -0.759479 -0.236814 0.0126447 -0.609873 -0.935088 0.496303 -0.229163 -0.521695 0.290464 -0.591693 -0.492478 -1 -0.271052 -0.636943 -1 -0.825035 -1 -0.252424 -0.578689 0.466627 -0.99098 -0.480083 -0.0732683 -0.619657 0.179818 0.364468 -0.361516 -0.488191 0.112678 -0.285046 0.196533 -0.00723916 0.323417 -0.696104 0.0632562 -0.997091 -0.985034 0.361317 -0.946106 
-0.993461 -0.849414 -1 -0.501751 -1 -0.98806 -0.303739 -1 -0.802434 0.444781 -1 -0.855163 0.0951545 -0.970709 -0.458927 -0.927039 -0.226638 -0.533185 0.116186 -0.117667 -0.16248 0.677804 -0.758249 -1 0.741631 -0.9725 -1 -0.27818 -1 -0.492307 -0.502347 0.0553062 -0.319291 0.292321 -0.0180822 -0.921795 0.697972 -0.995411 0.564185 0.57175 0.517125 -0.401623 -0.249863 -0.473479 -0.540093 -0.0825073 0.12751 0.172783 0.489344 0.123051 0.32595 -0.256373 0.330683 -0.972333 -0.998892 -0.28705 -0.877931 -0.684978 -0.99615 -0.996907 0.672297 -0.960266 -0.259428 -1 -0.994422 -0.126064 -0.470592 -0.0704685 -1 0.949098 0.489476 -0.454542 -0.2773 -0.525192 0.159052 -0.812797 0.257324 0.1572 0.14328 0.00238178 0.148307 -0.693435 -1 0.0124299 -0.330509 -0.47025 -0.143942 -0.0207667 0.182022 -0.697846 -0.85134 -0.656328 -0.782508 -0.640574 -0.761581 -0.576959 -0.651263 0.574943 -0.392907 0.427999 -0.0356268 -0.0593497 -0.109282 0.357948 -0.478499 0.546737 0.161173 0.148987 -0.461209 -0.267975 -0.762167 -1 0.571101 -0.701386 -0.278044 0.0442993 -0.989049 0.840218 -0.108317 -0.44169 -0.995936 -0.316934 -0.691213 -0.73096 -0.867502 -0.19548 0.372126 0.353092 -0.448866 -1 -0.247205 -0.489027 0.425038 -0.346482 0.291105 -1 0.039053 -0.597171 
0.629331 0.263126 -0.896502 -0.61678 0.486387 0.282932 -0.498949 -0.859274 -0.320062 -0.829049 0.964839 -0.261629 -0.48526 -0.265322 0.458756 0.0537069 0.5189 0.306989 0.682995 0.572807 0.957985 -0.211329 -0.443173 0.231106 -0.537359 -0.783844 0.567705 0.37435 -0.291367 -0.99579 0.536786 0.782978 -0.82951 -0.562943 0.27927 -0.61276 0.616321 0.25864 -0.463208 -0.951614 0.787701 -0.507176 0.240621 -0.961166 0.582301 -0.0865179 -0.785217 0.720949 -0.779766 -0.547561 0.475536 0.79821 0.541037 -0.00412488 0.0376147 -0.0159506 0.843576 -0.383769 0.905518 -0.748649 -0.546175 0.908143 -0.800508 -0.120084 -0.426871 -0.712203 -0.0656759 -0.177737 0.63419 0.660249 -0.865486 0.0624827 -0.115008 0.738536 0.546505 -0.0408167 0.817564 0.687905 -0.531768 -0.155175 0.0371728 0.497452 0.704777 -0.538238 0.798137 0.0633918 -0.660753 0.361032 -0.605613 -0.484287 0.279581 0.765676 0.230133 0.773566 -0.411534 0.921462 0.531171 0.820404 0.783914 0.996983 0.110335 -0.857601 -0.416787 0.648223 0.980545 0.570323 0.745905 0.413626 -0.0311598 -0.652508 -0.702429 0.209501 -0.146583 0.746866 0.000338674 0.329646 -0.796162 -0.458373 0.945796 -0.889643 -0.997845 0.347841 -0.350298 0.589535 0.308141 -0.928287 0.997272 -0.914723 0.524335 -0.968603 -0.0705021 0.0193191 -0.827775 0.640166 -0.966721 0.88726 0.594759 -0.624227 
-1 -1 -0.708853 -0.460397 -0.757738 -1 -0.390528 -1 -0.735146 0.446453 -1 -0.843468 0.413286 -0.877352 -0.838414 -0.92997 -0.17161 -0.296661 0.241638 -0.0992952 -0.520713 0.623879 -0.764248 -0.909509 0.491479 -0.841873 -0.984282 0.202701 -1 -0.219212 -0.609949 -0.0874935 -0.241907 0.203411 0.389017 -0.584829 0.730831 -0.997616 0.612856 0.869842 0.407671 -0.41183 0.0240209 -0.274703 -0.354841 0.0460623 -0.0402459 0.312608 0.657928 0.359651 0.185887 -0.210351 0.561022 -1 -1 -0.0144659 -1 -0.728941 -1 -0.949286 0.942548 -0.680068 -0.252344 -1 -0.999257 -0.382396 -0.346138 0.147863 -1 0.871792 0.394203 -0.62699 -0.434138 -0.576558 0.152262 -0.788203 0.235283 0.329799 -0.0667929 0.0276421 0.353372 -0.787969 -0.998021 0.163989 -0.308581 -0.223814 -0.157893 -0.31198 0.176859 -0.945976 -0.996402 -0.747915 -0.61052 -0.693523 -0.763016 -0.665332 -0.92658 0.669374 -0.202067 0.725494 0.254796 -0.0613012 -0.186606 0.30614 -0.426897 0.492293 0.170964 0.103575 -0.601561 -0.295807 -0.580088 -1 0.613783 -0.836331 -0.263584 -0.160409 -1 0.781431 -0.0242775 -0.487532 -1 -0.326978 -0.69773 -0.702979 -0.825667 -0.204817 0.219237 0.533422 -0.632104 -1 -0.170468 -0.538043 0.196516 -0.449344 0.294657 -0.97535 -0.258744 -0.507171 
-1 -0.951655 -0.956698 -0.490209 -0.752713 -1 -0.381376 -0.99538 -0.736888 0.506894 -1 -1 0.382281 -0.666306 -0.466449 -1 -0.228309 -0.523721 0.0405639 -0.137636 -0.527267 0.709923 -0.767457 -0.892335 0.725839 -0.979852 -1 0.0859522 -1 -0.382154 -0.520668 0.0404525 -0.379205 0.212445 0.392351 -0.748568 0.716713 -1 0.250149 0.886997 0.530703 -0.391293 -0.0966714 -0.78699 -0.387403 0.083977 -0.22797 0.18777 0.418561 0.385123 0.0585752 -0.152155 0.370441 -1 -0.918544 -0.210795 -1 -0.78899 -0.868832 -0.965044 0.64052 -0.749542 -0.159866 -0.928415 -1 -0.134939 -0.346324 0.169166 -1 0.774394 0.519095 -0.474144 -0.323547 -0.775485 0.37284 -1 0.315352 0.328558 0.143933 0.134594 0.270149 -0.65204 -1 0.150812 -0.320451 -0.216013 -0.161649 -0.0523163 0.235165 -0.879562 -1 -0.371291 -0.605548 -0.691848 -0.682743 -0.715572 -0.731994 0.544683 -0.167624 0.541455 -0.266675 0.0416072 -0.158674 0.287271 -0.457906 0.29146 0.0854319 0.0168348 -0.546876 -0.319806 -0.514398 -0.962689 0.539183 -0.881447 -0.256844 0.0122657 -1 0.796312 -0.00631574 -0.679535 -1 -0.335139 -0.768081 -0.575131 -1 -0.190441 0.337673 0.503349 -0.564263 -1 -0.328424 -0.589416 0.331035 -0.355693 0.30148 -0.99826 -0.247363 -0.714948 
-0.966449 0.13294 -0.998594 -0.656837 -0.171115 0.811778 -1 0.552442 -1 -0.831166 -0.995852 -0.0385621 -0.454125 -1 0.0526052 -1 -1 -0.614221 -0.963359 0.17317 0.711551 -0.902197 -0.347613 -0.930087 -0.589304 -0.515762 0.744907 -1 -1 -0.375827 -1 -0.995975 -1 0.233613 -0.742819 -0.986541 -1 -1 -0.732994 -1 0.67548 -0.326153 -0.847942 -1 -0.303737 -0.16498 -0.953047 0.107804 0.698694 -0.472912 -0.294171 -1 -0.936733 -0.106373 -0.491405 -0.578652 -0.25326 0.578924 0.482386 -0.523517 -0.0212688 0.105835 -0.648214 0.0142815 0.635246 0.0358144 -0.629682 -0.571767 0.747686 -0.0322272 0.155435 -0.613742 -0.998407 -0.715288 -0.791116 -1 0.284303 -0.730077 0.505966 -0.441601 -1 0.674579 0.998299 -0.623559 -0.868982 0.429058 0.75458 0.644381 -0.769517 -1 -0.709302 0.393489 0.240802 -1 -0.93141 -0.345974 -1 -0.659322 -0.803644 0.26364 -0.886827 0.932188 -1 -0.49021 0.104646 -0.0158995 0.3183 -0.604771 -0.999195 -1 0.466572 -0.262772 0.897042 -0.202734 -0.556268 0.886314 0.0380541 -0.223946 -0.554861 -1 -1 -1 0.767503 -0.27674 -1 0.133573 -0.591859 -0.987771 -1 -0.972723 -0.0828481 -0.564006 -1 -1 -0.751762 -0.149865 0.429278 -0.481321 
-0.997125 -0.641697 -0.721121 -0.273928 -0.885855 -0.991751 -0.349558 -1 -0.721031 0.343646 -1 -0.997067 0.369219 -0.828369 -0.56476 -1 -0.487058 -0.435789 0.239072 -0.0476039 -0.352115 0.712408 -0.800296 -0.920914 0.761233 -0.949976 -0.951258 0.10217 -1 -0.160989 -0.355529 0.0071441 -0.45776 0.275297 0.227701 -0.485935 0.521322 -1 0.582523 0.880625 0.312941 -0.634227 0.0475265 -0.324655 -0.271608 0.0641663 0.158339 0.298207 0.303962 0.363991 0.347609 -0.153916 0.548102 -0.924972 -0.99652 0.0398796 -0.995895 -0.73287 -1 -1 0.635493 -0.521103 -0.319926 -1 -0.999762 -0.158817 -0.331535 0.087825 -1 0.925667 0.292452 -0.423394 -0.585716 -0.650781 0.14427 -0.856781 0.250334 0.178034 0.144622 0.0269396 0.239923 -1 -1 0.165859 -0.416232 -0.210536 -0.501964 -0.0304828 0.153633 -0.970916 -1 -0.491041 -0.632268 -0.661469 -0.771128 -0.599252 -0.967206 0.676785 -0.198482 0.498004 0.154632 0.176468 -0.199173 0.0962912 -0.695003 0.238491 0.309652 -0.00524929 -0.514017 -0.483338 -0.466467 -0.917718 0.48809 -0.961576 -0.279598 0.034152 -0.998711 0.641179 0.074713 -0.552635 -1 -0.455736 -0.779938 -0.602552 -1 -0.2732 0.343801 0.469227 -0.350904 -1 -0.342708 -0.498461 0.439549 -0.334459 0.313261 -0.805919 0.0201228 -0.700485 
-0.623732 -0.313586 -1 0.365204 0.109041 -0.517916 -1 -0.0212903 -0.970437 -0.922115 -0.201963 0.14915 -1 -0.137141 -1 -1 -0.395916 -1 -0.973469 -0.610102 -0.442065 -0.269453 0.0622613 -1 -1 -0.871616 -0.102682 -0.111273 -0.84082 -0.638285 0.085457 -0.881893 -0.986668 -1 -1 -0.955987 -1 -0.998306 -1 -0.384153 0.241153 -0.0137531 -1 -1 0.211762 -0.892824 -0.428503 -0.489127 0.0211043 -0.964087 -0.93944 -0.71826 -0.0592235 -1 0.369873 -0.991081 -1 -1 -1 -1 -0.712068 0.136194 -0.477923 -0.697007 -0.138271 -0.0489232 -0.620214 -1 0.521518 -0.665885 -0.787653 -0.781759 -0.0121443 -1 -0.212798 -0.786981 -0.51516 -1 -0.941746 -1 -0.797736 -0.903614 -0.202214 -0.513355 -0.82722 -1 -0.90665 0.196449 -1 -0.164708 0.00244861 -0.00808575 -1 -0.984657 0.476917 -0.913399 0.260339 -0.352511 0.465154 -0.871025 -0.696755 -0.0753225 -0.518945 -0.916991 0.439071 -0.166962 -0.866037 -0.209442 -0.511391 -0.746556 -1 -0.795506 -0.530523 -1 -1 -1 -0.631247 -0.598363 0.289755 -1 -0.239117 -0.0749163 -0.860875 0.0649653 0.304217 -0.360205 -0.778626 0.213327 -0.22075 -0.122748 -0.0186764 0.407154 -1 -0.102884 -1 -0.924362 0.0216128 -1 
-1 -0.950909 -0.956698 -0.490209 -0.757376 -1 -0.381376 -1 -0.751314 0.506894 -0.93343 -1 0.464622 -0.74535 -0.457303 -0.937939 -0.201002 -0.307174 0.231849 -0.128762 -0.347824 0.711554 -0.779495 -0.901333 0.753286 -0.979852 -1 0.0934117 -1 -0.387731 -0.516998 0.0404525 -0.258365 0.310224 0.392351 -0.748568 0.731412 -0.995459 0.479572 0.907978 0.533234 -0.384613 -0.00226773 -0.570729 -0.212699 0.0932385 -0.131104 0.192374 0.378946 0.371338 0.0448959 -0.207166 0.642175 -0.909585 -1 0.0100911 -1 -0.726923 -0.916444 -0.969904 0.643691 -0.566993 -0.159866 -0.928176 -1 -0.140836 -0.336984 0.133287 -0.992939 0.774394 0.506567 -0.380053 -0.323547 -0.770694 0.363823 -0.904532 0.237412 0.308564 0.143933 0.146824 0.356107 -0.643815 -1 0.151598 -0.327918 -0.174409 -0.161649 -0.0530449 0.189649 -0.774032 -1 -0.45629 -0.605548 -0.68324 -0.755908 -0.571913 -0.734513 0.571497 -0.167624 0.541455 -0.0486405 0.128642 -0.158674 0.287271 -0.465767 0.393211 0.338802 0.0168348 -0.338842 -0.323191 -0.516333 -0.975001 0.539183 -0.868303 -0.256669 0.025609 -1 0.796312 -0.00197927 -0.679535 -1 -0.329332 -0.664885 -0.575131 -1 -0.190441 0.337673 0.492245 -0.555437 -1 -0.341252 -0.513771 0.328235 -0.355693 0.315669 -0.827046 -0.142175 -0.481108 
-1 -0.965527 -0.719721 -0.251832 -0.766415 -1 -0.366398 -1 -0.728312 0.444087 -1 -1 0.211966 -0.837009 -0.506876 -0.933911 -0.206064 -0.321333 3.13213e-05 -0.0957454 -0.275218 0.652248 -0.853159 -1 0.803495 -0.838951 -0.982152 0.120922 -1 -0.194156 -0.361641 0.00664627 -0.537895 0.291739 0.30403 -0.706313 0.655615 -0.990975 0.44315 0.882843 0.620851 -0.394003 0.0124168 -0.263877 -0.536864 -0.13996 -0.0885666 0.366651 0.578264 0.283212 0.304289 -0.367574 0.832636 -1 -1 0.0117641 -0.936048 -0.747665 -1 -0.968878 0.934648 -0.653315 -0.1305 -1 -1 -0.307393 -0.489524 0.0698095 -1 0.882156 0.361513 -0.464097 -0.418936 -0.827552 0.0885951 -0.93348 0.216061 0.360938 0.150079 -0.220601 0.0829053 -0.949567 -1 0.152561 -0.522571 -0.315907 -0.161876 -0.0500328 0.17635 -0.699498 -0.997414 -0.478395 -0.553547 -0.693367 -0.740699 -0.580868 -0.707456 0.678655 -0.332141 0.539421 0.217529 -0.195294 -0.172512 0.29514 -0.465825 0.493614 0.213929 0.107606 -0.422577 -0.288114 -0.551325 -0.993355 0.523145 -0.925981 -0.249755 0.114215 -0.99991 0.634807 -0.182711 -0.506229 -1 -0.432406 -0.755643 -0.603865 -0.90508 -0.19503 0.0839789 0.504095 -0.3673 -0.996758 -0.0838224 -0.485584 0.459399 -0.299532 0.159113 -0.772957 0.0968054 -0.447563 
-0.920762 -0.726243 -0.71605 -0.518526 -0.996022 -0.987695 -1 -0.942757 -0.892659 0.459567 -1 -0.992587 0.112952 -0.806055 -0.572769 -1 -0.641969 -0.532895 -0.0539497 -0.0628245 -0.289198 0.80433 -0.981448 -0.914953 0.639607 -0.985054 -1 0.119929 -0.997464 -0.465245 -0.651892 -0.272918 -0.554459 0.350572 0.256465 -0.860561 0.278173 -1 0.575065 0.599924 -0.0633019 -1 -0.149882 -0.857473 -0.442475 0.159714 -0.289974 0.358549 0.107578 0.281688 0.272767 -0.166208 0.299404 -0.93316 -1 0.0517679 -0.955657 -0.717131 -1 -1 0.450946 -0.707063 -0.316298 -0.924749 -0.925648 -0.426273 -0.551307 -0.110089 -1 0.662391 0.229424 -0.542254 -0.582692 -0.739793 0.131543 -1 -0.156204 -0.041577 -0.214171 -0.18528 -0.00732041 -1 -1 0.125452 -0.379794 -0.267245 -0.502603 -0.317468 0.192996 -1 -1 -0.494162 -0.72902 -0.65618 -1 -0.813031 -1 0.655987 -0.517328 0.515413 0.0755357 0.171685 -0.150875 0.175114 -0.677047 -0.10138 0.291212 -0.332072 -0.99339 -0.800032 -0.905765 -0.951745 0.350622 -1 -0.347862 0.017271 -0.910539 0.238917 -0.121094 -0.557361 -1 -0.381436 -0.666231 -0.529586 -0.94078 -0.356547 0.347999 0.566047 -0.333095 -1 -0.671863 -0.372303 0.350208 -0.470603 0.0842015 -0.810246 0.0153634 -0.982181 
-1 -0.849414 -1 -0.501751 -1 -0.98806 -0.303739 -1 -0.791677 0.436876 -1 -0.85205 0.0921586 -0.970709 -0.458927 -0.934277 -0.226638 -0.533185 0.116186 -0.117667 -0.16248 0.677804 -0.759239 -1 0.741631 -0.9725 -1 -0.284421 -0.999415 -0.492307 -0.502347 0.0553062 -0.319291 0.292321 -0.0259899 -0.921795 0.695826 -0.995411 0.568551 0.57175 0.517125 -0.394003 -0.249863 -0.473479 -0.540093 -0.0825073 0.12751 0.159564 0.489344 0.123051 0.32595 -0.256373 0.326757 -0.972333 -0.998892 -0.28705 -0.877931 -0.684978 -1 -1 0.672297 -0.957762 -0.259428 -1 -0.994422 -0.140414 -0.466185 -0.0704685 -1 0.949098 0.486281 -0.454542 -0.2773 -0.538935 0.159052 -0.812797 0.257324 0.1572 0.14328 0.00238178 0.148307 -0.680155 -1 0.0169412 -0.319362 -0.47025 -0.139476 -0.0228658 0.182022 -0.697846 -0.85134 -0.656328 -0.781967 -0.646086 -0.761581 -0.576959 -0.651263 0.583963 -0.392907 0.430161 -0.0377339 -0.0603772 -0.105257 0.357948 -0.4833 0.546737 0.161173 0.149719 -0.461209 -0.267975 -0.762167 -1 0.567498 -0.701386 -0.278044 0.0442993 -1 0.840218 -0.10868 -0.44169 -0.995936 -0.321582 -0.691213 -0.73096 -0.866693 -0.19548 0.372126 0.350503 -0.448866 -1 -0.247205 -0.489027 0.429523 -0.348835 0.291105 -1 0.039053 -0.597171 
-1 -1 -0.669466 -0.18311 -1 -1 -0.363809 -1 -0.979606 -0.106339 -1 -0.997143 0.406925 -1 -0.775427 -1 -0.680183 -0.468116 0.148069 -0.256033 -0.241896 0.512884 -1 -1 1 -1 -1 0.0785447 -1 -0.223309 -0.581958 -0.197207 -0.948519 0.20505 0.0482738 -0.529295 0.472986 -1 0.531277 0.666377 0.0744375 -0.708652 0.00116363 -0.581166 -0.278055 -0.0876859 -0.0921851 0.00420593 0.166667 -0.0288721 0.121811 -0.319761 0.363456 -0.865259 -1 -0.198619 -1 -0.957064 -1 -1 0.508028 -0.472906 -0.588418 -1 -1 -0.338113 -0.344004 0.0763216 -1 0.514324 0.308084 -0.505994 -0.701947 -0.893749 -0.225001 -1 0.248498 -0.129182 -0.00079114 -0.431408 0.114424 -1 -0.953562 0.102238 -0.433635 -0.748124 -0.748011 -0.131443 -0.217011 -0.919083 -1 -0.88044 -0.780308 -0.70243 -0.764933 -0.767372 -0.998393 0.386738 -0.612741 0.312784 -0.0130717 0.18361 -0.498129 -0.196384 -1 -0.141092 -0.0318314 -0.261353 -0.420438 -0.812174 -0.892643 -0.928965 0.412246 -0.983943 -0.369949 -0.123548 -1 0.613082 -0.197837 -0.707514 -1 -0.386956 -0.978979 -0.815934 -1 -0.28448 0.150764 0.53419 -0.438944 -1 -0.450511 -0.398533 0.0773633 -0.307776 -0.0530404 -0.883975 -0.0203454 -0.829534 
-0.54764 -0.0436215 -0.936125 0.297008 0.244447 0.0707492 -1 -0.0212903 -1 -0.569919 -0.0242449 0.392672 -0.898158 -0.535788 -1 -0.872334 -0.209655 -1 -0.99669 -0.816813 -0.302181 -0.385199 0.20725 -1 -1 -1 -0.129396 0.015282 -0.778154 -0.992722 -0.297549 -0.808251 -1 -1 -1 -1 -1 -0.999171 -0.754401 -0.56169 0.567538 -0.0118824 -1 -1 0.108041 -0.858724 -0.308636 -0.578012 0.0799449 -1 -0.568983 -0.750744 -0.049474 -1 0.516674 -1 -1 -0.861692 -1 -1 -0.476755 0.466012 -0.809436 -0.672189 0.0348157 -0.173927 -0.786648 -1 0.520218 -0.492704 -0.920766 -0.459519 -0.416894 -1 -0.266423 -0.720262 -0.65703 -1 -0.915146 -1 -0.686211 -1 0.16836 -0.335733 -0.365127 -0.836268 -0.876653 0.251452 -1 -0.203026 -0.0291196 -0.0654086 -1 -1 0.660761 -0.996216 0.360167 -0.170094 0.561618 -0.795334 -0.307028 0.0144199 -0.542113 -0.792425 0.496303 -0.0338766 -0.567038 0.303274 -0.400876 -0.70581 -1 -0.308329 -0.572373 -1 -0.947299 -1 -0.459443 -0.584673 0.246811 -1 -0.494538 -0.0336192 -0.993335 0.133282 0.0601714 -0.354738 -0.534075 0.0330214 -0.291652 0.134649 -0.139332 0.403643 -0.816618 -0.312088 -0.918922 -0.841556 0.361317 -0.843273 
-0.261555 -0.808158 -0.519913 -0.198376 0.151059 0.469098 0.223063 -0.865675 -0.54145 -0.293697 -0.452034 0.530909 -0.787784 0.278046 -0.581158 0.539683 0.51446 -0.47865 0.268983 -0.505729 -0.261794 0.770359 0.413615 0.296167 -0.702722 0.204018 0.652651 -0.3984 -0.208784 0.673839 -0.948005 -0.0194973 -0.128986 0.808913 0.674906 -0.178873 0.61337 -0.506634 -0.672238 -0.496695 -0.499601 -0.413644 0.808236 -0.423631 0.628651 -0.511831 0.375443 -0.507353 -0.482611 -0.508157 0.194676 -0.867182 -0.780552 0.683152 -0.743315 0.276236 0.868523 0.478657 -0.665858 0.95162 0.377072 -0.766104 0.809439 -0.0642735 -0.87774 0.0495439 -0.329449 0.629165 -0.983271 0.0779407 -0.848309 0.993335 0.914103 0.458028 0.70032 0.164077 0.543217 0.137547 0.48502 0.651004 0.0778018 0.566064 -0.813611 -0.150419 0.619246 -0.292336 -0.913165 0.865746 -0.913086 0.74147 0.765119 0.0276787 -0.326012 -0.469656 -0.6228 0.149379 0.96088 -0.638269 -0.193098 0.81785 -0.855681 -0.657947 -0.792308 0.772563 -0.802297 -0.785201 0.688384 0.129993 -0.703281 -0.237847 -0.515974 -0.0866939 -0.149447 0.98685 0.00487769 0.304791 -0.270725 0.384391 0.99551 0.899257 -0.0242838 0.0497253 -0.375776 0.321012 -0.780197 -0.489793 -0.165133 0.446311 0.104176 0.440403 0.931856 0.555867 -0.277716 0.766958 -0.346231 -0.474227 -0.439708 -0.779015 
-0.54764 -0.035836 -1 0.269229 0.241504 0.00463142 -0.946273 0.0415216 -0.942101 -0.636929 -0.155391 0.200685 -0.788448 -0.51414 -0.991028 -0.883241 -0.221694 -0.948397 -1 -0.583076 -0.386553 -0.452922 0.19843 -0.973073 -0.998656 -1 -0.0840331 -0.183469 -0.787917 -0.8516 -0.0974587 -1 -0.96217 -1 -1 -1 -1 -1 -0.902368 -0.384153 0.279337 0.132984 -1 -0.999024 -0.0523377 -0.625282 -0.119944 -0.47579 -0.0808641 -1 -0.585064 -0.972221 -0.0299906 -1 0.2763 -0.852235 -1 -0.991073 -0.837447 -0.994343 -0.507148 0.681979 -0.550837 -0.783454 0.0176562 -0.0130722 -0.72859 -1 0.688047 -0.509435 -0.776921 -0.459519 0.00859321 -1 -0.302479 -1 -0.235795 -0.953847 -0.782461 -0.947062 -0.660321 -1 0.144059 -0.546538 -0.376424 -0.823563 -0.88027 0.0974401 -1 -0.36774 0.00973834 -0.160842 -1 -0.900955 0.541909 -1 0.437239 -0.40886 0.804793 -0.86412 -0.415203 0.0195552 -0.443417 -0.695085 0.482051 -0.191249 -0.454839 0.303274 -0.458628 -0.550635 -1 -0.299066 -0.643835 -1 -0.827462 -0.950128 -0.248798 -0.589972 0.226216 -1 -0.249667 -0.0477908 -0.700228 0.0359744 0.352639 -0.54394 -0.803704 0.124192 -0.276534 0.13526 -0.126106 0.370427 -0.686697 0.231466 -1 -0.641798 0.361317 -1 
-0.554142 -0.0518646 -1 0.180576 0.255002 -0.0438298 -0.986544 -0.0390041 -0.967462 -0.679689 -0.0361442 0.362981 -0.846817 -0.268361 -1 -0.933788 -0.23431 -0.948205 -0.998686 -0.680735 -0.363808 -0.295438 0.156703 -1 -0.973587 -0.843922 -0.0852899 -0.0460478 -0.792513 -0.759395 0.0427587 -0.928786 -0.977186 -0.971484 -1 -0.997897 -1 -1 -0.840053 -0.457383 0.531421 0.105462 -0.975147 -0.928091 0.0967373 -0.636693 -0.113406 -0.556114 0.0743583 -0.993238 -0.712956 -0.822748 -0.0580709 -1 0.436976 -0.975632 -0.996888 -0.867854 -0.894746 -0.995645 -0.680339 0.66545 -0.624584 -0.630041 -0.0871616 0.0826414 -0.838189 -1 0.680892 -0.518269 -0.838515 -0.485573 0.011412 -0.994059 -0.313601 -0.843666 -0.235485 -1 -0.823598 -1 -0.689499 -1 0.109102 -0.364833 -0.420567 -0.87384 -0.920331 0.284663 -0.995982 -0.152654 0.00972206 -0.0460549 -1 -1 0.529367 -0.996533 0.286334 -0.157102 0.820779 -0.769511 -0.377641 -0.0251326 -0.495336 -0.791596 0.470683 -0.0702389 -0.554728 0.313571 -0.510677 -0.491278 -1 -0.323236 -0.689568 -1 -0.886708 -1 -0.260892 -0.594525 0.373247 -1 -0.277486 -0.137618 -0.517135 0.146472 0.314718 -0.381925 -0.593663 0.0831273 -0.294157 0.101468 -0.0580518 0.346145 -0.769847 0.151662 -0.996221 -0.738079 0.28749 -1 
-0.621399 0.0419088 -1 0.180576 0.341277 -0.16859 -1 -0.0265796 -0.956639 -0.679689 -0.0382459 0.364731 -0.835868 -0.269566 -1 -1 -0.204036 -0.948205 -1 -0.673536 -0.363808 -0.493833 0.0810116 -0.921615 -0.97392 -0.843922 -0.0852899 0.0326751 -0.810245 -0.759395 0.0427587 -0.922226 -0.977186 -1 -1 -0.993322 -1 -1 -0.835078 -0.365889 0.448249 0.105687 -1 -1 0.0967373 -0.636693 -0.0667013 -0.719953 0.0743583 -0.97998 -0.635593 -0.819306 -0.0585211 -1 0.334104 -0.974022 -1 -0.874936 -0.894746 -0.995645 -0.930137 0.66545 -0.781735 -0.564876 -0.0150669 0.0718588 -0.736605 -1 0.680892 -0.51957 -0.889341 -0.759838 0.011412 -0.994059 -0.313601 -0.843666 -0.23539 -1 -1 -1 -0.600605 -1 0.0141743 -0.566965 -0.420567 -1 -0.907794 0.0108507 -1 -0.393127 0.00972206 -0.0460549 -1 -1 0.524069 -1 0.286334 -0.157102 0.780348 -0.769511 -0.377641 -0.0251326 -0.671576 -0.800531 0.465711 -0.0702389 -0.597314 0.312314 -0.437413 -0.51807 -1 -0.260776 -0.914962 -1 -0.78883 -1 -0.260892 -0.773953 0.12654 -1 -0.374888 -0.0463956 -0.753733 0.107555 0.319322 -0.381925 -0.764745 -0.162324 -0.294157 0.101468 -0.218321 0.346145 -0.808795 0.156543 -0.996221 -0.729918 0.0725539 -1 
-0.96978 -0.907683 -0.730325 -0.367578 -1 -0.996627 -0.552332 -1 -0.732292 0.332723 -0.997086 -0.99543 0.255932 -0.831896 -0.543849 -0.996427 -0.487687 -0.430912 -0.0585831 -0.0565158 -0.3262 0.711423 -0.995833 -1 0.758162 -1 -0.882059 -0.0586179 -0.924536 -0.143543 -0.365393 -0.156472 -0.443509 0.268779 0.216381 -0.485935 0.529138 -1 0.57092 0.937872 0.312941 -0.631698 -0.0372706 -0.331442 -0.407786 -0.193393 0.227114 0.309987 0.295649 0.359328 0.344766 -0.407618 0.554466 -0.828625 -1 -0.0534236 -1 -0.767704 -1 -1 0.632814 -0.525203 -0.428274 -1 -1 -0.320592 -0.329275 0.0691125 -0.925507 0.929013 0.308084 -0.603731 -0.894817 -0.660705 0.145393 -0.856781 0.320817 0.100622 0.131349 0.0290094 0.096889 -1 -1 0.149131 -0.432764 -0.359963 -0.537017 -0.0383278 0.0842478 -1 -0.957834 -0.601752 -0.792516 -0.647509 -0.760622 -0.770168 -0.968628 0.420552 -0.268042 0.229252 0.150383 0.0922921 -0.186225 0.0547664 -0.672116 0.234538 0.30133 0.000682044 -0.485631 -0.486525 -0.62703 -0.997401 0.355374 -0.963584 -0.309057 -0.106007 -1 0.641179 -0.0288534 -0.465245 -1 -0.451745 -0.779459 -0.592849 -1 -0.223292 0.349671 0.495239 -0.350904 -1 -0.48559 -0.510228 0.450294 -0.34092 0.0432253 -0.962204 0.00665145 -0.71581 
-0.554142 -0.0651292 -1 0.184607 0.255002 -0.0500449 -0.986544 -0.0340438 -0.956639 -0.669261 -0.0361442 0.375963 -0.835868 -0.268361 -1 -0.942146 -0.230302 -0.948205 -1 -0.67334 -0.363808 -0.294817 0.169102 -1 -0.97392 -0.854888 -0.0852899 -0.0512795 -0.804635 -0.774375 0.0427587 -0.922226 -0.977186 -0.95774 -1 -0.997897 -0.998612 -1 -0.829101 -0.462684 0.537906 0.111949 -0.977171 -0.921517 0.0967373 -0.635759 -0.110973 -0.557185 0.0743583 -0.989163 -0.710588 -0.819687 -0.0585211 -0.997771 0.443675 -0.97159 -0.984285 -0.868962 -0.901859 -1 -0.680339 0.66545 -0.610731 -0.621237 -0.0871616 0.0826414 -0.826039 -1 0.677037 -0.51657 -0.836866 -0.498369 0.011412 -1 -0.31572 -0.843666 -0.224749 -1 -0.813696 -1 -0.702066 -1 0.106203 -0.354405 -0.420567 -0.867729 -0.920331 0.286293 -1 -0.152654 -0.000710899 -0.0408323 -1 -0.99323 0.537125 -0.994632 0.277953 -0.157102 0.813609 -0.757625 -0.367774 -0.0109645 -0.510295 -0.799111 0.466834 -0.0625867 -0.554728 0.312314 -0.495385 -0.491278 -1 -0.30874 -0.684501 -1 -0.88463 -1 -0.260892 -0.594525 0.373247 -1 -0.291581 -0.124281 -0.517135 0.146472 0.317338 -0.385344 -0.606332 0.0734616 -0.309627 0.0923016 -0.0532226 0.35228 -0.76552 0.151662 -0.996221 -0.729918 0.28749 -1 
-0.981336 -0.648205 -1 -0.640878 -0.962811 -0.920888 -0.397825 -1 -0.774715 0.360123 -1 -1 0.0723223 -0.89211 -0.779557 -1 -0.660311 -0.588423 0.170888 -0.0569482 -0.509377 0.804171 -0.825625 -0.948682 0.862455 -0.928053 -0.990636 0.12182 -1 -0.482511 -0.782552 0.0657031 -0.526498 0.277272 0.201058 -0.464748 0.23311 -0.993242 0.333066 0.855508 0.305586 -1 -0.143286 -0.419576 -0.441585 -0.0105459 0.0842467 0.35447 0.353838 0.126728 0.127194 -0.354387 0.472882 -0.92615 -1 0.0518349 -0.936449 -0.980065 -1 -1 0.669707 -0.544329 -0.375587 -1 -0.98433 -0.175628 -0.312893 -0.186431 -1 0.919574 0.313697 -0.536222 -0.580463 -0.733662 0.177117 -1 -0.0450013 -0.234593 0.138436 -0.0164095 0.0056958 -0.907983 -1 0.116679 -0.423876 -0.159127 -0.491426 -0.211019 -0.0510004 -0.858662 -1 -0.521912 -0.642039 -0.94477 -0.965628 -0.636693 -1 0.644017 -0.452963 0.268755 0.0383084 0.154516 -0.150875 0.109456 -0.971422 0.0725652 0.155754 0.0130813 -0.905697 -0.725397 -0.764103 -1 0.489657 -0.996598 -0.307575 -0.00652209 -1 0.334752 -0.121094 -0.507444 -1 -0.412082 -0.740508 -0.625015 -1 -0.221493 0.350951 0.33029 -0.34223 -1 -0.455629 -0.446075 0.459229 -0.552603 -0.08518 -1 0.0153634 -0.983335 
-0.994995 -0.813233 -0.722166 -0.395048 -0.832915 -1 -0.68049 -1 -0.736311 0.22941 -1 -1 0.198756 -0.828971 -0.568981 -1 -0.775099 -0.457963 0.239099 -0.0675729 -0.316494 0.79448 -0.934704 -0.894398 0.778322 -0.906923 -0.974743 -0.152165 -1 -0.205569 -0.37417 0.0150412 -0.613175 0.0915075 -0.0550833 -0.693732 0.517233 -0.952088 0.558938 0.876437 0.441275 -0.671678 0.025186 -0.336013 -0.275159 0.138636 0.112344 0.272854 0.0101194 0.468053 0.274154 -0.151678 0.553903 -0.92615 -1 -0.04539 -1 -0.712838 -1 -1 0.46958 -0.530961 -0.320372 -1 -0.986106 -0.157704 -0.401364 -0.121011 -1 0.910504 0.0142898 -0.424359 -0.873872 -0.586488 0.165901 -0.834288 0.235175 0.184347 0.140562 -0.00491731 0.197355 -1 -0.909021 -0.134879 -0.417336 -0.165262 -0.582509 -0.0135083 0.185942 -0.911819 -1 -0.457481 -0.641889 -0.83824 -1 -0.595104 -0.898327 0.670391 -0.25188 0.530465 -0.10535 0.202529 -0.144412 0.17062 -0.831584 0.15033 0.375718 -0.0166284 -0.387987 -0.487314 -0.463853 -0.942671 0.410196 -1 -0.16265 0.0298002 -1 0.577914 -0.081076 -0.512154 -0.999575 -0.519094 -0.772466 -0.529755 -0.997284 -0.281685 0.195201 0.421419 -0.339724 -0.997583 -0.644245 -0.476722 0.454238 -0.346965 0.305014 -1 0.0297456 -0.959598 
-0.753296 0.418198 -1 -0.492618 -0.300932 0.632107 -0.997351 0.70159 -1 -0.449213 -1 0.0523389 -0.191737 -1 0.114536 -1 -1 -1 -0.998559 0.183224 0.654384 -0.644274 -0.352765 -0.432248 -0.748117 -0.311899 0.544902 -1 -0.958772 -0.147327 -0.930326 -0.99321 -1 0.597333 -0.997004 -1 -1 -1 -0.727098 -0.918216 0.672806 -0.134341 -0.998243 -0.9972 -0.0680523 -0.402841 -1 0.357829 0.790092 -0.435017 -0.300834 -1 -1 0.0739496 -0.497189 -0.760461 -0.29066 0.767572 0.523513 -0.61815 -0.06879 -0.276317 -0.522326 0.269985 0.694369 0.078196 -0.367035 0.270912 0.726944 -0.071725 0.320145 -0.690508 -0.985321 -0.886221 -0.993672 -1 -0.00399916 -0.733404 0.166154 -0.794986 -1 0.624504 0.547053 -0.882241 -0.862768 0.204733 0.307145 0.364279 -1 -1 -0.797399 -0.00380564 -0.0844156 -1 -0.663726 -0.236539 -1 -0.350061 -0.841303 0.00207838 -0.601815 0.857426 -1 -0.231958 0.174415 -0.282641 -0.0124002 -0.634469 -0.963867 -1 0.233311 -0.311902 0.781608 -0.498331 -0.166483 0.899218 -0.0555777 -0.0883531 -0.442598 -0.93712 -0.840909 -0.976228 0.591447 -0.276508 -1 0.146313 -1 -0.692496 -0.834471 -1 -0.175376 0.194888 -1 -1 -1 -0.182947 0.191873 -0.431828 
-0.990364 -0.878371 -0.988908 -0.566211 -1 -0.999144 -0.564108 -1 -0.817558 0.17007 -1 -0.919433 0.00387308 -0.965789 -0.741121 -0.927039 -0.247886 -0.68565 -0.067624 -0.116288 -0.329238 0.610305 -0.754938 -1 0.741631 -0.972661 -1 -0.286924 -1 -0.768261 -0.475357 0.0611466 -0.324303 0.29517 -0.0186958 -0.917412 0.606528 -0.998169 0.358267 0.560564 0.519206 -0.622346 -0.249768 -0.475498 -0.526863 -0.0971429 0.12751 0.160109 0.408027 -0.151659 0.178649 -0.258589 0.33766 -0.954954 -1 -0.211247 -0.867372 -0.691258 -0.994217 -1 0.661037 -0.959479 -0.500842 -1 -0.990622 -0.126064 -0.453428 -0.116604 -1 0.935656 0.267368 -0.458978 -0.487925 -0.525192 0.157265 -0.725503 0.127024 0.165043 0.14328 -0.0424929 -0.15158 -0.664982 -1 0.0724789 -0.325139 -0.472892 -0.161146 -0.0204104 -0.0921112 -0.697846 -0.767774 -0.653284 -0.791803 -0.640091 -0.761581 -0.563669 -0.655213 0.653905 -0.392907 0.422178 -0.216501 -0.0603772 -0.173931 0.346299 -0.75699 0.548284 0.011246 -0.0375203 -0.460928 -0.264448 -0.991531 -1 0.527291 -0.68541 -0.278044 0.0442993 -1 0.840218 -0.111983 -0.367155 -1 -0.462334 -0.795866 -0.729595 -0.866693 -0.19548 0.373622 0.343209 -0.441125 -1 -0.247205 -0.678874 0.225262 -0.597744 0.286022 -1 -0.207012 -0.789986 
-0.554142 -0.0518646 -1 0.176142 0.255002 -0.0476456 -0.986544 -0.0340438 -0.952564 -0.673323 -0.0361442 0.366868 -0.835868 -0.268361 -1 -0.93304 -0.230302 -0.948205 -1 -0.671247 -0.363808 -0.304838 0.166048 -1 -0.97392 -0.854919 -0.0852899 -0.0512795 -0.804635 -0.772376 0.0427587 -0.922226 -0.977186 -0.952701 -1 -1 -1 -1 -0.829101 -0.457383 0.537906 0.111949 -0.977171 -0.925814 0.0967373 -0.635759 -0.110973 -0.556114 0.0632052 -0.989163 -0.712956 -0.819687 -0.0585211 -1 0.435019 -0.97159 -0.984285 -0.86599 -0.901859 -1 -0.687457 0.66545 -0.61409 -0.621237 -0.0871616 0.0826414 -0.826039 -0.996833 0.679665 -0.51657 -0.835413 -0.480633 0.011412 -1 -0.31572 -0.843666 -0.235635 -1 -0.809275 -1 -0.70292 -1 0.106203 -0.354405 -0.420567 -0.867729 -0.925194 0.286293 -1 -0.152654 0.00585986 -0.0467744 -1 -0.997651 0.537125 -0.993933 0.277826 -0.157102 0.819859 -0.752704 -0.367774 -0.0109645 -0.505636 -0.791596 0.476845 -0.0738304 -0.554728 0.310053 -0.495385 -0.491278 -1 -0.31118 -0.687873 -1 -0.886708 -0.998029 -0.260892 -0.594525 0.373247 -1 -0.287773 -0.124281 -0.517135 0.121797 0.322355 -0.385344 -0.593663 0.0734616 -0.295417 0.0923016 -0.0580518 0.35228 -0.76552 0.151662 -0.996221 -0.729918 0.28749 -1 
-0.969434 -0.918376 -1 -0.246632 -0.749272 -1 -0.371466 -1 -0.809223 0.444783 -0.950413 -0.929191 0.128937 -1 -0.541079 -0.825666 -0.483909 -0.323056 0.0349285 -0.10376 -0.434879 0.675163 -0.76088 -0.91146 0.861463 -0.801654 -1 0.131214 -1 -0.232668 -0.715039 -0.202335 -0.325908 0.333061 0.389017 -0.683774 0.735985 -1 0.574393 0.790131 0.597961 -0.319902 -0.0766813 -0.340816 -0.267934 0.0262039 0.147559 -0.146845 0.582815 0.138028 0.260165 -0.482236 0.843513 -0.904836 -1 -0.238551 -0.832042 -0.645329 -1 -0.980446 0.928201 -0.540166 -0.21913 -0.975276 -0.978298 -0.124129 -0.347054 0.0604316 -1 0.872828 0.50092 -0.473202 -0.558089 -0.810022 0.349314 -0.772616 0.212276 0.154357 0.141985 -0.0916762 0.347476 -1 -1 0.226374 -0.515958 -0.458856 -0.149835 -0.349788 -0.0872933 -0.996087 -1 -0.828934 -0.61752 -0.981853 -0.768395 -0.568567 -0.899245 0.513151 -0.295965 0.469715 0.255603 0.142528 -0.182575 0.38533 -0.482922 -0.00422297 0.315288 -0.0689742 -0.589135 -0.524626 -0.67038 -1 0.512948 -1 -0.66405 0.0386713 -1 0.745645 0.0402674 -0.571643 -0.971211 -0.329464 -0.895525 -1 -0.917529 -0.410965 0.118889 0.579756 -0.229627 -0.951717 -0.223333 -0.479027 0.281926 -0.476748 -0.00072071 -0.850254 0.0808147 -0.459585 
-1 -0.942578 -0.620633 -0.213263 -0.938587 -1 -0.483208 -0.999712 -0.961119 0.248507 -0.995916 -0.930537 0.138825 -0.834294 -0.683852 -0.931517 -0.210346 -0.390534 0.19469 -0.183106 -0.221386 0.673913 -0.925177 -1 0.783398 -0.841873 -1 -0.0852941 -0.943614 -0.446174 -0.375455 0.00826682 -0.319105 0.10987 0.22541 -0.449075 0.735985 -0.982025 0.611251 0.869842 0.269157 -0.54514 -0.0684363 -0.287165 -0.280117 0.060761 0.121414 0.312847 0.582815 0.353657 0.327575 -0.220998 0.765539 -0.911094 -0.923119 -0.11278 -1 -0.912477 -1 -0.969592 0.922117 -0.510919 -0.138608 -1 -0.999283 -0.126064 -0.363908 0.147863 -1 0.580576 0.533064 -0.478817 -0.270989 -0.586497 0.382058 -0.902787 0.309232 0.443682 0.153281 0.0355658 0.108878 -0.703351 -1 0.115363 -0.321594 -0.288068 -0.111854 -0.0300972 0.156614 -0.983905 -1 -0.449616 -0.61052 -0.683573 -0.680397 -0.572886 -0.617462 0.67228 -0.196598 0.6557 0.224631 0.0135148 -0.176625 0.305325 -0.482922 0.2137 0.328768 0.101927 -0.373627 -0.198931 -0.65656 -1 0.538407 -1 -0.268201 0.0546551 -1 0.865204 -0.0242775 -0.491786 -1 -0.322316 -0.892135 -0.573543 -0.871065 -0.132731 0.370594 0.538145 -0.444931 -1 -0.0913053 -0.635161 0.306699 -0.47564 0.277814 -1 -0.13378 -0.719191 
0.0618441 -0.353169 0.274912 0.446027 0.111816 -0.242222 0.271418 0.53455 0.758365 -0.608842 -0.999159 0.622383 0.760336 -0.423165 0.154716 -0.898918 -0.845212 -0.373055 -0.777553 0.695405 -0.55431 -0.313029 0.72262 0.733205 -0.63521 -0.49031 0.357082 -1 -0.159432 0.228745 0.331121 -0.693433 0.42121 -0.418347 -0.695349 -0.907013 0.841789 -1 0.0109275 -1 -0.914848 -1 0.685502 -0.226837 -0.115946 -0.725165 -0.217578 -0.111571 -0.987082 -0.141811 -0.848286 -0.18514 -0.631391 -0.0187744 -0.644602 -0.92347 -0.25233 -0.312704 -0.849954 -0.77216 -0.321828 -0.934805 0.290084 0.212809 0.583982 -0.00713117 -1 0.106756 0.00735859 0.11374 -0.320202 0.342399 -0.410224 -0.819218 0.613665 -0.270278 -1 -0.268729 -0.768681 -1 -0.776765 -0.922971 -0.535202 0.154955 -0.982769 -0.0140944 -0.672946 -1 0.306097 -0.897012 0.0294109 0.628199 -0.809474 0.275545 -0.171844 -0.498976 0.0518379 0.775322 -0.930932 0.711993 -0.103919 -0.649083 -0.111549 0.115456 0.19431 0.0412084 0.0217856 -0.911501 0.34366 0.771268 -0.250306 -0.699268 0.166554 0.588302 -1 -1 -0.789887 -0.739293 -1 -0.795642 -0.466199 0.129516 0.132658 -1 -0.174659 -0.548318 -0.404931 -0.990376 -0.00819306 -0.448705 -0.866694 -0.656694 0.0373893 -0.780563 -0.591007 -0.292797 -0.380655 0.142212 
-0.54764 -0.038816 -1 0.288262 0.229415 0.003472 -1 -0.176662 -0.942101 -0.636929 -0.0113536 0.350017 -1 -0.392616 -1 -0.912497 -0.132411 -0.947904 -0.949255 -0.638896 -0.632791 -0.533821 0.297202 -1 -1 -0.816005 -0.0840331 -0.132619 -0.857219 -0.905751 0.0347303 -0.873233 -0.96217 -1 -1 -0.998051 -0.996167 -1 -1 -0.384153 0.369876 -0.125234 -0.944379 -1 0.09478 -0.579628 -0.119944 -0.666076 0.152941 -1 -0.641649 -0.813982 -0.258181 -0.904446 0.56622 -0.998243 -1 -0.874189 -0.843724 -0.99426 -0.507703 0.681979 -0.563836 -0.534808 -0.059006 0.11536 -0.813064 -1 0.702311 -0.76373 -1 -0.464291 0.00793217 -1 -0.519201 -0.812923 -0.235795 -0.996002 -0.777942 -0.990313 -0.686211 -0.989284 -0.0063656 -0.239214 -0.332345 -0.942959 -0.88027 0.347187 -1 -0.148769 0.0101151 -0.0320613 -1 -0.900809 0.580257 -0.940712 0.349776 -0.123111 0.816492 -0.753981 -0.250275 0.0640551 -0.627481 -1 0.499291 0.000431322 -0.527742 0.300899 -0.458628 -0.485931 -0.945261 -0.379062 -0.692986 -1 -0.825035 -1 -0.243766 -0.586103 0.46371 -1 -0.234857 -0.174085 -0.733905 0.190232 0.355679 -0.361516 -0.55 0.124192 -0.291652 0.126899 -0.191081 0.274341 -0.939476 0.156452 -1 -0.719428 0.361317 -0.946106 
-1 -1 -0.718943 -0.248853 -0.751411 -1 -0.366745 -1 -0.735301 0.231304 -1 -0.957747 0.376308 -0.799151 -0.538643 -0.983704 -0.16291 -0.527986 0.241638 -0.100213 -0.275218 0.648775 -0.751611 -0.921762 0.623978 -0.952326 -0.997833 0.11742 -1 -0.518302 -0.362902 -0.0954551 -0.324491 0.0418353 0.39056 -0.468436 0.738251 -1 0.583337 0.861742 0.517866 -0.503514 -0.197399 -0.264258 -0.267934 0.0589096 0.0915988 0.0536875 0.557719 0.376533 0.336377 -0.206844 0.841444 -1 -1 -0.149104 -0.868882 -0.727104 -1 -0.960713 0.932183 -0.749665 -0.152754 -0.995206 -1 -0.135217 -0.350884 0.1441 -1 0.823615 0.492602 -0.497782 -0.184566 -0.616626 0.151252 -0.857058 0.271724 0.263973 0.113822 0.0317551 0.306814 -0.698408 -1 0.152538 -0.271509 -0.28053 -0.156559 -0.0300972 0.181965 -0.720348 -1 -0.49602 -0.852675 -0.680366 -0.696673 -0.522971 -0.713693 0.662099 -0.174818 0.642222 0.19888 0.0815823 -0.190553 0.320637 -0.561962 0.503177 0.19928 0.0986661 -0.66326 -0.386655 -0.539227 -1 0.533008 -0.830421 -0.264002 0.124115 -0.99997 0.8718 -0.0084341 -0.475251 -0.960442 -0.387942 -0.675519 -0.896664 -0.86839 -0.215999 0.294341 0.441496 -0.55812 -1 -0.212158 -0.498019 0.37501 -0.434048 0.295845 -0.905333 -0.233471 -0.451004 
-0.909646 -0.780045 -0.702059 -0.19393 -0.693623 -1 -0.400445 -0.993463 -0.879474 0.235475 -0.907065 -0.983713 0.135545 -1 -0.546193 -1 -0.432803 -0.376075 0.245447 -0.231946 -0.557057 0.629984 -0.747312 -1 0.759844 -0.884523 -1 0.116526 -0.935846 -0.354557 -0.382101 0.0549089 -0.365742 0.0655727 0.358749 -0.93597 0.746137 -0.901856 0.554391 0.875229 0.531996 -0.376327 -0.044633 -0.662858 -0.345748 -0.12705 0.100267 0.273054 0.388668 0.290681 0.0132507 -0.186475 0.522589 -1 -0.998866 -0.305505 -0.750523 -0.934531 -0.971362 -0.950243 0.804518 -1 -0.35026 -1 -1 -0.149257 -0.843509 0.14695 -1 0.902496 0.242868 -0.426532 -0.291418 -0.578142 0.356594 -1 0.071161 0.300251 -0.110941 0.0389281 0.40281 -0.987374 -1 -0.047347 -0.365627 -0.467463 -0.267704 -0.364085 0.173386 -0.83692 -1 -0.447861 -0.824586 -0.64604 -0.95711 -0.751451 -0.772767 0.751078 -0.188893 0.597769 0.0510865 0.0564749 -0.160487 0.327486 -0.556027 0.440773 0.166919 0.0178279 -0.583644 -0.583186 -0.497936 -1 0.2716 -0.836549 -0.362634 -0.0809656 -1 0.689682 0.0424832 -0.503601 -1 -0.574345 -0.850095 -0.618214 -1 -0.368825 0.0798484 0.256064 -0.323771 -1 -0.168775 -0.458921 0.397839 -0.326809 0.307328 -0.828439 -0.239981 -0.465647 
-1 -0.803089 -1 -0.804007 -1 -0.994055 -0.563025 -1 -0.803623 0.284306 -0.964842 -1 0.105934 -1 -0.90975 -0.935199 -0.380889 -0.866043 -0.0608096 -0.113514 -0.378558 0.680178 -0.865439 -1 0.72368 -0.99709 -0.906483 -0.283803 -1 -0.779927 -0.854425 -0.140721 -0.568038 0.356542 -0.023041 -1 0.229502 -1 0.301866 0.0952249 -0.0614693 -0.426657 -0.248553 -0.527844 -0.719759 -0.0825597 -0.140578 0.00907111 0.257047 0.189999 -0.130388 -0.440772 0.29571 -0.923136 -1 -0.28705 -0.783916 -0.836448 -1 -1 0.450255 -0.959084 -0.323352 -1 -0.90238 -0.542233 -0.593677 -0.259282 -1 0.82303 0.489352 -0.849171 -0.624933 -1 0.0768511 -1 -0.0984671 0.158249 0.0773316 -0.360624 0.154221 -0.864679 -1 0.0163517 -0.456664 -0.700409 -0.212351 -0.00503727 -0.0110483 -0.658906 -1 -1 -0.787958 -0.796396 -0.925526 -0.72089 -0.72988 0.291197 -0.39088 0.394993 -0.491 -0.215085 -0.313961 0.316078 -0.408786 -0.058898 -0.131924 0.101757 -0.616691 -0.514481 -0.757269 -0.996975 0.543182 -0.803907 -0.355733 -0.17613 -0.937162 0.833668 -0.143932 -0.641644 -1 -0.511217 -0.57007 -0.637998 -0.999184 -0.235578 0.258275 0.138196 -0.373545 -0.936898 -0.598866 -0.534756 0.310232 -0.346859 0.00459656 -0.936303 -0.320284 -0.643743 
-0.997338 0.30552 -0.511568 -0.877529 0.207086 0.19227 -0.025401 -0.688207 -0.455633 0.613925 -0.989524 0.300623 -0.803159 0.054648 0.722463 -0.455097 -0.904245 -0.320352 0.133379 -0.421905 0.434268 -0.197902 0.514719 0.590754 0.638064 0.390553 0.633453 0.619677 -0.3234 -0.0588413 -0.947415 -0.398953 0.829363 -0.366243 -0.757754 0.755976 -0.321507 0.804602 -0.207772 0.510256 0.369897 -0.871968 0.37749 -0.8125 0.305645 -0.130302 -0.939415 -0.923029 -0.31271 -0.0213089 -0.98861 0.823066 -0.699896 -0.184903 -0.591047 0.991993 0.766899 0.468608 -0.635435 -0.565671 0.904165 -0.8034 -0.000129223 0.922261 -0.851394 -0.814848 -0.856317 -0.95155 -0.893519 0.71266 0.103664 -0.935582 0.909676 -0.730894 -0.163103 -0.703099 0.432077 -0.750652 -0.193146 -0.833451 0.0370374 -0.235521 -0.196873 0.087001 -0.698059 -0.492759 0.425057 -0.940405 -0.41784 1 -0.0458251 -0.493313 0.198252 -0.156505 -0.962255 0.54039 0.374527 0.976983 0.513147 -0.623121 -0.0215011 -0.994416 0.422979 0.246441 -0.24454 0.72611 0.377852 -0.0543035 -0.914392 0.728742 0.429777 0.816973 -0.906172 0.612273 -0.0703028 -0.908987 -0.429426 -0.813112 -0.627051 0.462786 -0.13738 0.285435 -0.850314 0.364316 -0.132151 0.203026 -0.697929 -0.457866 0.701702 -1 0.270989 -0.760683 0.832545 0.152507 0.442646 -0.791254 -0.734896 -0.857617 
-0.96753 -0.665951 -0.715356 -0.235882 -0.910351 -0.985585 -0.429035 -1 -0.700629 0.0903247 -1 -1 0.326851 -0.827124 -0.585993 -1 -0.514253 -0.369326 0.23684 -0.0548582 -0.348647 0.457344 -0.825676 -0.999036 0.753137 -0.999124 -0.947485 0.124464 -1 -0.120979 -0.624093 0.0236278 -0.503774 0.13872 0.0852679 -0.458437 0.39531 -0.908881 0.429531 0.597907 0.320982 -0.659284 -0.100636 -0.328658 -0.302214 0.182004 0.145117 0.288965 0.159189 0.255311 0.301304 -0.181178 0.518954 -0.957331 -1 -0.104603 -0.962412 -0.719483 -1 -1 0.715891 -0.524532 -0.488506 -1 -0.986106 -0.172975 -0.350501 0.0590267 -0.962428 0.920891 0.310082 -0.513099 -0.480229 -0.598048 -0.0309723 -1 0.233509 0.0694658 -0.0481178 -0.268767 0.234919 -0.97387 -1 0.167305 -0.623353 -0.166852 -0.706536 -0.221856 0.161541 -0.998151 -0.992684 -0.461513 -0.888793 -0.669766 -0.65858 -0.605351 -0.878573 0.661295 -0.418324 0.410976 0.141189 0.256571 -0.19118 -0.120462 -0.865446 0.257805 0.205672 -0.00689907 -0.583881 -0.490221 -0.642581 -0.949278 0.495649 -0.918789 -0.24548 0.00101161 -0.994948 0.59041 0.0564572 -0.671171 -1 -0.470903 -0.776206 -0.846728 -1 -0.210864 0.0532034 0.587507 -0.32252 -1 -0.466897 -0.602753 0.47957 -0.335663 0.261455 -0.958802 0.0521074 -1 
-0.489609 -0.0450735 -1 -0.0179591 0.259943 -0.0276496 -1 0.0797661 -0.930382 -0.559628 -0.162679 0.200612 -0.78329 -0.233343 -0.932768 -0.912497 -0.221287 -0.935469 -1 -0.651083 -0.435727 -0.276273 0.0213474 -1 -0.920024 -1 -0.331066 -0.259587 -0.791145 -0.676524 0.115119 -0.888122 -0.96217 -0.934706 -1 -1 -0.947951 -1 -0.834908 -0.382437 0.304441 0.110205 -1 -0.901535 -0.132377 -0.584786 -0.126278 -0.641609 0.152042 -1 -0.637284 -0.755093 -0.327273 -1 0.37322 -0.892436 -1 -0.861692 -0.841714 -0.98557 -0.507148 0.681979 -0.710967 -0.560504 0.0318311 0.124324 -0.843194 -1 0.54649 -0.603105 -0.804237 -0.597914 -0.223524 -1 -0.596546 -0.773895 -0.218374 -1 -0.793894 -1 -0.646666 -1 0.148698 -0.338899 -0.374864 -0.833663 -0.88027 0.338825 -1 -0.139293 0.0914173 -0.0395683 -0.928356 -0.832451 0.398751 -0.940712 0.353345 -0.163226 0.537641 -1 -0.305764 -0.0115867 -0.69729 -0.787067 0.490193 -0.0484641 -0.524463 0.292048 -0.457467 -0.681257 -1 -0.270146 -0.542923 -1 -0.835024 -1 -0.150551 -0.57834 0.440012 -0.986182 -0.505504 -0.158115 -0.384804 0.191797 0.362379 -0.374911 -0.544097 0.124181 -0.291652 0.12428 -0.0140906 0.364141 -0.660623 -0.136051 -1 -0.707697 0.363474 -0.963578 
-0.748335 -0.0693281 -1 0.0837472 0.0215374 0.0751834 -1 -0.0174372 -0.951788 -0.821655 -0.0390858 0.189098 -0.774349 -0.182687 -1 -0.912497 -0.316779 -0.934963 -1 -0.634865 -0.31795 -0.24804 0.297269 -1 -1 -0.83562 -0.083934 -0.225993 -0.782488 -0.851697 0.0428952 -0.877148 -0.890656 -0.92328 -1 -1 -1 -1 -1 -0.384153 0.541435 0.123019 -1 -0.814773 0.0958777 -0.506465 -0.119944 -0.529484 -0.0294085 -1 -0.633229 -0.763487 -0.0270765 -1 0.538521 -0.864117 -1 -0.930082 -0.840238 -1 -0.507148 0.604832 -0.48479 -0.508384 0.00659516 -0.0601427 -0.753384 -1 0.702311 -0.45247 -0.805674 -0.719303 0.0142312 -1 -0.305274 -0.784751 -0.435209 -1 -0.777682 -0.987919 -0.886448 -0.998913 -0.0700115 -0.344666 -0.385375 -0.908565 -0.88027 0.347187 -1 -0.139293 0.00197388 -0.0365578 -1 -0.89592 0.526403 -0.949818 0.340172 -0.0744317 0.828705 -0.946684 -0.305764 -0.00566289 -0.660606 -0.956118 0.496303 -0.0791982 -0.631865 0.303274 -0.443731 -0.481282 -1 -0.295408 -0.583564 -1 -0.825035 -0.941522 -0.239178 -0.578689 0.461787 -1 -0.400253 -0.0732683 -0.451705 0.0480531 0.379101 -0.354738 -0.534075 -0.0191014 -0.291652 -0.0922349 -0.102481 0.164583 -0.809944 0.132579 -1 -0.949644 0.347662 -0.855486 
-1 -0.9288 -0.611793 -0.205616 -0.93066 -1 -0.49665 -0.998715 -0.961119 0.250768 -1 -0.918254 0.138825 -0.835826 -0.683852 -0.926929 -0.210346 -0.390534 0.20675 -0.183106 -0.221386 0.673805 -0.913644 -1 0.786872 -0.841873 -1 -0.0852941 -0.943614 -0.446174 -0.382026 0.00826682 -0.331255 0.106413 0.22541 -0.449075 0.735985 -0.982025 0.611251 0.869842 0.269157 -0.54514 -0.0830734 -0.298935 -0.279815 0.060761 0.121414 0.312847 0.582815 0.353657 0.327575 -0.220998 0.765539 -0.909015 -0.918667 -0.11278 -1 -0.912477 -1 -0.969592 0.931596 -0.510919 -0.1305 -1 -0.999283 -0.126064 -0.363908 0.147863 -0.99618 0.580576 0.533064 -0.478817 -0.270989 -0.580333 0.382058 -0.902787 0.309232 0.443682 0.153281 0.0355658 0.108878 -0.703351 -1 0.115363 -0.323217 -0.288068 -0.111854 -0.0344461 0.171241 -0.988504 -1 -0.449616 -0.610635 -0.683573 -0.682333 -0.568567 -0.617462 0.67228 -0.196598 0.656689 0.237961 0.0275083 -0.176625 0.305325 -0.482922 0.217696 0.328768 0.101927 -0.373627 -0.194873 -0.654008 -1 0.529502 -1 -0.268201 0.0546551 -1 0.868364 -0.0242775 -0.491786 -1 -0.322316 -0.892135 -0.579771 -0.871065 -0.132731 0.375283 0.533622 -0.444931 -1 -0.0913053 -0.635161 0.304624 -0.47564 0.284482 -1 -0.138204 -0.719191 
-0.99897 -0.928133 -0.961001 -0.340539 -1 -0.969582 -0.382483 -1 -0.710463 -0.125923 -1 -1 0.383256 -0.821374 -0.592302 -1 -0.491847 -0.663791 -0.142466 -0.29181 -0.621433 0.681972 -0.79342 -0.893263 0.771852 -1 -1 -0.173807 -0.999075 -0.22633 -0.350504 -0.106017 -0.405882 -0.0189406 0.0118258 -0.507124 0.253909 -1 0.660817 0.622976 0.298258 -0.894034 -0.267047 -0.344956 -0.423299 -0.1512 -0.185733 0.302349 0.274062 0.30821 0.12078 -0.428832 0.496636 -0.907308 -1 -0.150654 -1 -0.66197 -0.997776 -1 0.632471 -0.527653 -0.302768 -1 -1 -0.681432 -0.604936 0.0498173 -1 0.910921 0.365422 -0.328286 -0.861259 -0.741615 0.136934 -0.856781 0.112418 -0.17895 0.118628 0.11956 0.0268407 -1 -1 0.133858 -0.423184 -0.201247 -0.847115 -0.0304828 -0.0224311 -0.997268 -0.997153 -0.39601 -0.834508 -0.672547 -0.67515 -0.60135 -1 0.671522 -0.313425 0.485308 0.0674171 -0.17411 -0.375927 0.102216 -0.943086 -0.0645425 0.202744 0.0551337 -0.490358 -0.621037 -0.542358 -1 0.521424 -0.934653 -0.269109 0.0204655 -1 0.612784 -0.321513 -0.563439 -1 -0.540893 -0.801528 -0.594633 -1 -0.291167 0.236071 0.482283 -0.546468 -1 -0.501209 -0.498461 0.27491 -0.385748 0.316103 -0.968883 -0.330415 -0.885142 
-0.98727 -0.641378 -0.72237 -0.268479 -0.870232 -0.997204 -0.371878 -1 -0.719054 0.345209 -1 -0.99543 0.375299 -0.830994 -0.563888 -0.995201 -0.487687 -0.4393 0.239278 -0.0405725 -0.3262 0.726732 -0.79342 -0.905811 0.755646 -0.934859 -0.974049 0.0870857 -0.998665 -0.134819 -0.354442 0.0071441 -0.452373 0.265064 0.22467 -0.484242 0.529138 -1 0.582737 0.902938 0.309519 -0.635182 0.0478794 -0.328834 -0.274787 0.0662242 0.141536 0.29735 0.314162 0.366836 0.337426 -0.146485 0.546071 -0.910568 -0.998289 0.0402456 -0.989604 -0.747004 -0.996278 -1 0.653559 -0.517236 -0.316298 -1 -1 -0.166729 -0.331856 0.0727981 -1 0.882916 0.308635 -0.42371 -0.600258 -0.650781 0.13612 -0.854532 0.237338 0.178034 0.144622 0.0290094 0.216762 -1 -1 0.140399 -0.428557 -0.211773 -0.494679 -0.0482185 0.166312 -0.991819 -0.997499 -0.467626 -0.632633 -0.662208 -0.764819 -0.602269 -0.969927 0.675167 -0.204156 0.486123 0.141025 0.193427 -0.194402 0.102216 -0.676256 0.238491 0.309888 0.00430144 -0.490358 -0.480215 -0.461869 -0.937826 0.489294 -0.976264 -0.273749 0.0337806 -1 0.641179 0.0692766 -0.552635 -1 -0.464008 -0.779459 -0.591235 -1 -0.27215 0.324848 0.495518 -0.347421 -1 -0.320416 -0.506483 0.461127 -0.3165 0.297289 -0.806669 0.0117963 -0.712557 
-0.995816 -0.637012 -0.736902 -0.275944 -0.895252 -0.991751 -0.363598 -1 -0.707552 0.343646 -1 -1 0.369219 -0.828369 -0.578848 -1 -0.488808 -0.435789 0.242471 -0.0492857 -0.350056 0.712408 -0.793311 -0.908555 0.757625 -0.949976 -0.951258 0.096238 -1 -0.15441 -0.360508 0.0071441 -0.448498 0.275297 0.21548 -0.485935 0.521322 -1 0.590622 0.895027 0.315579 -0.634227 0.0475265 -0.324655 -0.271608 0.0620468 0.158339 0.298207 0.290072 0.363991 0.347609 -0.153916 0.558165 -0.924972 -0.99652 0.0398796 -0.992571 -0.729971 -1 -1 0.649845 -0.519752 -0.321203 -1 -0.999762 -0.158817 -0.331535 0.087825 -1 0.923466 0.289484 -0.435554 -0.5847 -0.663527 0.14427 -0.856781 0.250334 0.178034 0.144622 0.0290231 0.229863 -1 -1 0.173423 -0.416232 -0.205978 -0.501964 -0.0322921 0.153633 -0.9858 -1 -0.491041 -0.632268 -0.654123 -0.783458 -0.589825 -0.965301 0.676785 -0.198482 0.47849 0.154632 0.202704 -0.196553 0.102216 -0.697503 0.224787 0.309652 0.00639712 -0.517469 -0.483338 -0.47689 -0.914775 0.48809 -0.965788 -0.270148 0.0337806 -0.998711 0.641179 0.0664934 -0.552635 -1 -0.455736 -0.765511 -0.602552 -1 -0.290943 0.34838 0.478434 -0.350904 -1 -0.341351 -0.498461 0.45407 -0.330657 0.313261 -0.805193 0.0162304 -0.700485 
-1 -0.637012 -0.733375 -0.397613 -0.870232 -1 -0.288668 -1 -0.964861 0.415919 -1 -0.99543 0.343658 -0.817597 -0.746274 -0.995201 -0.50181 -0.4393 0.239278 0.0210852 -0.494464 0.578883 -1 -1 0.714358 -1 -1 0.0873957 -0.998665 -0.381842 -0.415538 0.00851902 -0.522798 0.273124 0.118999 -0.481021 0.517047 -1 0.542717 0.898417 0.0137888 -0.635182 -0.0629829 -0.394533 -0.28029 0.0662242 0.141536 0.285258 0.303167 0.379682 0.327349 -0.22721 0.255268 -0.915845 -0.99652 -0.227072 -0.989604 -0.733872 -0.996278 -1 0.660177 -0.517236 -0.326726 -1 -1 -0.171909 -0.331856 0.0776046 -1 0.601634 0.308635 -0.520422 -0.893033 -0.653696 -0.148648 -0.999063 0.224827 0.178034 -0.139159 -0.0976842 -0.0663967 -1 -0.938296 0.140399 -0.341706 -0.215549 -0.501231 -0.291056 -0.0659118 -0.997808 -1 -0.48396 -0.632633 -0.647509 -0.858611 -0.900304 -0.963144 0.669101 -0.205699 0.499123 0.141025 0.179538 -0.194402 -0.0722302 -0.956062 0.238491 0.276876 -0.00788936 -0.487403 -0.423985 -0.401303 -0.945846 0.489294 -1 -0.269109 0.0337806 -1 0.641179 0.0785983 -0.670835 -1 -0.464008 -0.772469 -0.55561 -1 -0.320449 0.342803 0.495518 -0.350904 -1 -0.330518 -0.498847 0.461127 -0.462579 0.297289 -0.85083 -0.114355 -0.793122 
-0.823018 0.0468412 -1 0.150584 0.108617 -0.0349751 -1 -0.101334 -1 -0.930056 -0.115752 0.448273 -0.792918 -0.233816 -1 -1 -0.539883 -1 -1 -0.641318 -0.31252 -0.485396 0.163305 -1 -1 -1 -0.136662 -0.0316554 -0.873048 -0.702362 -0.196253 -0.858302 -0.96217 -1 -1 -0.951236 -0.996167 -0.964239 -1 -0.460441 0.354722 -0.15335 -0.89426 -0.899776 0.0131065 -0.977145 -0.158079 -0.560502 -0.0825439 -1 -0.682128 -0.750744 -0.0223145 -1 0.474043 -0.866078 -1 -0.941307 -1 -0.993156 -0.352983 0.710019 -0.985758 -0.541623 0.0215314 -0.0665586 -0.830658 -1 0.437558 -0.566535 -1 -0.454526 -0.274792 -1 -0.328391 -1 -0.207747 -0.833822 -0.773989 -1 -0.945192 -1 -0.0645234 -0.496805 -0.319035 -0.891147 -0.826921 0.331156 -1 -0.261926 0.0502932 -0.0751325 -1 -0.894242 0.445806 -1 0.0158088 -0.378979 0.828705 -1 -0.575085 0.114991 -0.562273 -0.776042 0.522567 -0.235238 -0.612092 0.325712 -0.631561 -0.706413 -1 -0.492029 -1 -1 -1 -1 -0.382036 -0.72516 0.299817 -0.896165 -0.441782 -0.0732683 -0.511431 0.191797 0.392441 -0.46201 -0.561993 -0.0136622 -0.23996 0.087447 -0.306088 0.343397 -0.774433 0.213413 -1 -0.882734 0.179856 -1 
-1 -0.965527 -0.719721 -0.256163 -0.766415 -1 -0.366398 -1 -0.728312 0.444087 -1 -1 0.208911 -0.837009 -0.519199 -0.933911 -0.204658 -0.324231 3.13213e-05 -0.0957454 -0.275218 0.651584 -0.857582 -1 0.803495 -0.838951 -0.982152 0.120922 -1 -0.194156 -0.361641 0.0109761 -0.537895 0.291739 0.30403 -0.706313 0.655615 -0.990975 0.44315 0.882843 0.620851 -0.402903 0.0240209 -0.263877 -0.536864 -0.13996 -0.0885666 0.353644 0.578264 0.283212 0.311799 -0.372619 0.836439 -1 -1 0.0117641 -0.936048 -0.744911 -1 -0.968878 0.934972 -0.658763 -0.1305 -1 -1 -0.307393 -0.489524 0.0698095 -1 0.880063 0.365692 -0.465924 -0.418936 -0.827711 0.0885951 -0.929798 0.216061 0.359885 0.150079 -0.221545 0.0955375 -0.95104 -1 0.159769 -0.522571 -0.313753 -0.165053 -0.0500328 0.17635 -0.699498 -1 -0.478395 -0.553547 -0.693367 -0.741816 -0.583638 -0.719491 0.670819 -0.325125 0.535453 0.217529 -0.195294 -0.172512 0.299705 -0.465825 0.493614 0.213929 0.107606 -0.422577 -0.288114 -0.551325 -0.993355 0.523145 -0.925981 -0.249755 0.114215 -0.99991 0.634807 -0.194483 -0.506229 -1 -0.432406 -0.753366 -0.603865 -0.90508 -0.19503 0.0839789 0.513741 -0.3673 -0.996758 -0.0838224 -0.482014 0.459399 -0.295035 0.159113 -0.772957 0.0968054 -0.447563 
-1 -0.651115 -0.736194 -0.248565 -0.88281 -1 -0.350948 -1 -0.722432 0.327191 -1 -0.996371 0.370076 -0.821374 -0.556654 -1 -0.492709 -0.464924 0.239278 -0.0405725 -0.341156 0.708657 -0.781797 -0.899602 0.763885 -0.96181 -0.954254 0.0962145 -1 -0.141208 -0.363865 -0.000518205 -0.453013 0.26498 0.219693 -0.4947 0.533187 -0.99981 0.578257 0.890236 0.305075 -0.639555 0.0478794 -0.321121 -0.275382 0.0804998 0.142782 0.309696 0.289358 0.367189 0.342153 -0.144742 0.559977 -0.91309 -0.99652 0.050601 -0.97472 -0.73603 -1 -1 0.653497 -0.513306 -0.316298 -1 -1 -0.17204 -0.334377 0.0819528 -1 0.930637 0.287401 -0.423394 -0.582017 -0.682515 0.138371 -0.851868 0.247475 0.173421 0.140043 0.0258106 0.23384 -0.99638 -0.995315 0.173423 -0.416232 -0.202454 -0.48782 -0.0283996 0.161149 -0.969036 -1 -0.466628 -0.628929 -0.65234 -0.764819 -0.613945 -0.970822 0.676785 -0.224009 0.47622 0.154144 0.185033 -0.187965 0.093348 -0.680918 0.226045 0.300744 -0.0173252 -0.503417 -0.4731 -0.457519 -0.934606 0.488536 -0.963584 -0.308835 0.0373243 -1 0.645601 0.0782975 -0.555932 -1 -0.467818 -0.765511 -0.585131 -1 -0.275736 0.355651 0.504725 -0.363443 -1 -0.320416 -0.496983 0.44849 -0.3165 0.305054 -0.799331 0.0201228 -0.71848 
-0.442671 0.133803 -1 -0.465173 -0.200675 0.752684 -1 0.765489 -1 -0.595925 -0.995852 -0.0376154 -0.240174 -0.979562 -0.0311874 -1 -0.965561 -0.702765 -1 0.326608 0.711551 -0.457826 -0.347613 -0.595236 -0.586802 -0.373212 0.921169 -1 -1 -0.0363578 -0.947789 -1 -1 0.293091 -0.742819 -0.95647 -0.972162 -1 -0.7283 -1 0.676823 -0.10055 -0.79032 -0.9976 -0.242199 -0.1681 -1 0.403367 0.861892 -0.260408 -0.294171 -0.953265 -0.898632 0.0430965 -0.589252 -0.6157 -0.25326 0.719009 0.645369 -0.519211 0.203218 0.0698339 -0.370799 0.178654 0.937411 0.17795 -0.629682 -0.0837452 0.74415 -0.0219322 0.146498 -0.613742 -0.998969 -0.562667 -0.865076 -1 0.335009 -0.730077 0.448631 -0.492636 -1 0.613711 0.901749 -0.592112 -0.770939 0.249983 0.75458 0.728562 -0.772279 -1 -0.805777 0.304351 0.0770537 -0.965214 -0.686369 -0.335791 -0.998224 -0.386546 -0.762 0.26364 -0.610042 0.851283 -0.973602 -0.49021 0.1036 0.172153 0.270377 -0.331561 -0.999195 -1 0.478917 -0.300756 0.918722 -0.202734 -0.485469 0.886314 0.0763573 -0.223946 -0.313947 -1 -0.825528 -1 0.698336 -0.235398 -1 0.343892 -0.591859 -0.693007 -0.872311 -1 -0.0828481 -0.140373 -0.846483 -0.999752 -0.754132 -0.118907 0.418491 -0.426869 
-1 -0.879881 -1 -0.497969 -0.989325 -0.98806 -0.509368 -1 -0.853913 -0.0825909 -1 -0.926336 -0.238902 -1 -0.599179 -1 -0.514467 -0.76004 -0.152543 -0.17247 -0.16248 0.567245 -0.759239 -1 0.385597 -1 -1 -0.27818 -1 -0.542768 -0.757906 0.152608 -0.517665 0.357597 0.071039 -0.921795 0.72591 -0.995411 0.619466 0.458355 0.422993 -0.672278 -0.431199 -0.473479 -0.513126 0.100736 -0.0742722 0.195447 0.435003 0.123051 0.266062 -0.477582 -0.0743043 -1 -0.998892 -0.561122 -0.853911 -0.684978 -1 -1 0.749299 -0.983175 -0.457131 -1 -1 -0.302727 -0.466185 -0.268738 -1 1 0.534753 -0.377981 -0.181498 -0.672382 0.119391 -0.829533 -0.010403 -0.347996 -0.00181588 -0.359322 0.148307 -0.817159 -1 -0.173001 -0.370201 -0.47025 -0.0481929 -0.0207667 0.297802 -0.835804 -0.949261 -0.656328 -0.792507 -0.626725 -0.943037 -0.677105 -0.782599 0.419162 -0.428183 0.435725 -0.32059 -0.0923218 -0.287569 0.338516 -0.521465 0.393515 0.154362 0.0429214 -0.648987 -0.267975 -0.772693 -1 0.705136 -0.749674 -0.228582 0.119728 -0.910721 0.840218 -0.108317 -0.44169 -0.997864 -0.329953 -0.931111 -0.805287 -1 -0.217732 0.284537 0.353092 -0.373078 -1 -0.247205 -0.754653 0.474297 -0.348835 0.321402 -1 -0.191311 -0.625493 
-0.649264 0.261561 -0.971877 -0.413805 -0.2963 0.856359 -1 0.657279 -1 -0.54691 -0.914917 0.031908 -0.105738 -1 0.211921 -1 -0.939346 -0.980663 -1 0.0728699 0.728588 -0.665547 -0.11113 -0.55243 -0.866917 -0.327066 0.754147 -0.996466 -0.965896 -0.537882 -0.960116 -0.996688 -1 0.292605 -0.938356 -0.949475 -0.930218 -0.995124 -0.736994 -1 0.767142 -0.137734 -0.766562 -0.772776 -0.0536167 -0.197711 -1 0.341609 0.843663 -0.512977 -0.162105 -1 -1 0.131079 -0.583248 -0.591063 -0.270128 0.745296 0.620905 -0.38506 -0.0907625 0.0734652 -0.433077 -0.0659926 0.795478 0.356734 -0.405203 0.118475 0.759151 0.263674 0.125947 -0.50073 -0.967154 -0.555332 -0.92014 -1 0.335009 -0.552833 0.101562 -0.351077 -1 0.434592 0.760985 -0.59534 -0.785978 0.347927 0.44636 0.46441 -1 -1 -0.768157 0.377146 0.186368 -0.903085 -0.707505 -0.621511 -1 -0.370438 -0.6318 0.217044 -0.77999 0.776863 -0.947477 -0.36813 -0.142989 0.0378514 0.0155905 -0.368675 -0.986024 -1 0.483548 -0.22364 0.81486 -0.281529 -0.255276 0.670875 0.0798218 -0.138694 -0.304019 -1 -0.838324 -1 0.660037 -0.606965 -1 0.433168 -0.546584 -0.83958 -1 -1 -0.176097 -0.0173831 -1 -0.880946 -0.737183 -0.244138 0.129701 -0.613248 
-1 -0.695945 -0.624366 -0.252939 -0.837599 -0.979508 -0.583916 -0.941683 -0.714986 0.293592 -1 -1 0.345793 -0.967596 -0.797727 -0.99452 -0.592249 -0.362759 0.233889 -0.0504332 -0.336267 0.714692 -1 -0.898577 0.744876 -0.811424 -1 0.230154 -1 -0.254189 -0.36123 -0.0762911 -0.448154 0.178342 -0.0355267 -0.613993 0.50609 -1 0.41755 0.720754 0.293995 -0.619036 0.0130225 -0.326644 -0.408241 0.0783754 0.10515 0.244779 0.28808 0.169657 0.0499541 -0.161064 0.533621 -0.887553 -1 -0.112234 -0.969256 -0.710731 -1 -1 0.733939 -0.455684 -0.316298 -0.990475 -1 -0.10048 -0.453412 -0.120437 -1 0.915841 0.0768621 -0.659685 -0.570224 -0.5834 0.235376 -0.750155 -0.0039784 0.193905 -0.0691538 -0.0742284 0.191378 -0.992771 -1 0.190168 -0.444186 -0.0783997 -0.474183 -0.0426055 0.101511 -1 -1 -0.458461 -0.624862 -0.659508 -0.950942 -0.603379 -0.90669 0.670391 -0.125258 0.233717 0.0361832 -0.0225644 -0.239738 -0.185248 -0.673527 0.125744 0.329595 -0.0582734 -0.660499 -0.422828 -0.46122 -0.93017 0.510781 -1 -0.234792 -0.00751953 -1 0.650022 -0.18196 -0.439981 -1 -0.465197 -0.768303 -0.610589 -0.999086 -0.226861 0.12911 0.265182 -0.316818 -0.965495 -0.451496 -0.421781 0.466986 -0.284308 0.3149 -0.804478 -0.12937 -0.708065 
-0.446195 -0.775145 -0.730548 0.373492 -0.674993 -0.924748 0.155557 0.716435 0.0734068 0.515349 -0.164257 -0.881721 0.343512 0.12768 -0.944822 -0.374533 0.114185 -0.363067 -0.740432 0.893369 0.139877 0.562519 -0.922164 0.127967 0.613337 0.291791 -0.457435 0.366961 -0.208589 0.576448 0.508338 0.684433 -0.0763198 0.966859 -0.0924963 0.94006 -0.814228 0.281793 0.428653 0.206274 0.0374705 -0.99606 -0.273774 0.255066 0.0979785 0.604491 -0.379157 -0.243636 -0.431629 0.119619 -0.826268 0.410864 -0.0320113 0.87241 -0.669802 -0.852207 -0.236702 -0.0333091 0.132321 0.0782456 -0.575792 -0.563429 0.296685 0.89081 -0.884711 -0.690612 -0.746598 -0.762383 0.750794 -0.823989 -0.235085 -0.178181 -0.625213 -0.769072 0.185673 0.63858 -0.778925 -0.0246041 0.91275 -0.1005 1 -0.1161 -1 0.79677 -0.907481 0.144975 -1 0.0591783 -0.55407 -0.968705 -0.264743 0.171091 0.672801 0.845095 -0.0540064 0.765223 -0.204812 -0.447204 -0.447687 0.652721 0.891583 0.519069 0.614057 -0.437505 -0.355481 0.115848 -1 0.186017 0.722555 -0.787926 0.253561 -0.697156 0.713794 -0.994751 -0.342707 0.637869 0.429249 -1 -0.927035 0.000272274 -0.856962 0.43666 0.594575 -0.482421 -0.855117 0.720278 0.766821 0.843546 -0.135751 0.612141 0.451134 0.0364021 0.392296 0.0549525 -0.767571 0.994154 -0.263944 -0.525999 
-0.998977 -0.859494 -1 -0.513923 -1 -0.994055 -0.290754 -1 -0.791677 0.4501 -0.964882 -0.85211 0.112237 -0.988513 -0.451896 -0.919943 -0.228933 -0.648484 0.00528102 -0.112899 -0.198792 0.680178 -0.887158 -1 0.728576 -0.99709 -1 -0.274559 -1 -0.482042 -0.736106 0.0571405 -0.306666 0.271481 -0.0225676 -0.917412 0.710259 -1 0.589684 0.278467 0.256734 -0.394003 -0.249863 -0.527844 -0.529547 -0.0898953 0.118508 0.196517 0.403368 0.136169 0.159669 -0.44292 0.33766 -0.923136 -1 -0.296726 -0.863265 -0.836448 -1 -1 0.665975 -0.957762 -0.262131 -0.999162 -0.968384 -0.126064 -0.459874 -0.0751369 -1 0.935561 0.489352 -0.547289 -0.36327 -0.52269 0.157265 -0.833109 0.107356 0.146641 0.14328 -0.139429 0.121791 -0.882941 -1 0.0169426 -0.35747 -0.700409 -0.212926 -0.00503727 0.18907 -0.703023 -1 -0.952531 -0.787958 -0.697703 -0.962832 -0.568567 -0.648143 0.544078 -0.39088 0.435725 -0.147337 -0.0603772 -0.226045 0.364737 -0.443408 0.377334 0.0159884 0.101757 -0.47397 -0.293785 -0.761683 -0.996975 0.60349 -0.689949 -0.28576 0.0442993 -0.994232 0.832135 -0.211017 -0.583099 -1 -0.335432 -0.618918 -0.753874 -0.999184 -0.235578 0.363514 0.353092 -0.452075 -1 -0.323737 -0.539535 0.410745 -0.346859 0.235983 -0.999268 -0.100778 -0.603104 
-1 -0.849414 -0.96603 -0.501751 -0.976154 -0.98806 -0.290754 -0.93046 -0.806192 0.446579 -1 -0.856863 -0.0574601 -1 -0.673876 -0.952866 -0.510746 -0.676376 0.125552 -0.255588 -0.361192 0.725224 -0.945853 -1 0.741631 -1 -0.938182 -0.255275 -1 -0.741497 -0.634025 -0.467981 -0.318553 0.13384 -0.0236147 -1 0.59827 -1 0.537031 0.468083 0.613292 -0.362018 -0.328552 -0.604826 -0.540093 -0.0202194 0.014585 -0.00572631 -0.0727205 -0.381903 0.18971 -0.617243 0.365458 -1 -1 -0.524096 -0.907489 -0.648432 -0.991088 -0.995798 0.444668 -0.967692 -0.468396 -1 -0.994422 -0.294474 -0.385595 -0.0578144 -1 0.836786 -0.0344399 -0.622808 -0.225635 -0.707849 0.210192 -0.786181 0.163995 -0.136678 0.237261 -0.158478 0.161515 -0.880262 -1 0.0699372 -0.766114 -0.67518 -0.0870175 -0.311023 0.193348 -0.763509 -1 -0.596515 -0.918187 -0.640574 -0.917609 -0.767699 -0.718132 0.353561 -0.737662 0.39892 -0.091682 -0.18066 -0.1846 0.350465 -0.482108 0.314703 0.144361 0.218991 -0.53226 -0.708923 -0.944678 -1 0.567403 -0.782149 -0.412254 -0.118761 -1 0.862175 -0.251811 -0.70324 -1 -0.321582 -0.61037 -0.722342 -0.866693 -0.418831 0.0834745 0.206077 -0.354399 -0.935917 -0.406522 -0.79038 -0.0122339 -0.276504 0.249777 -0.989923 -0.0879279 -1 
-1 -0.779706 -0.702334 -0.252939 -0.837599 -1 -0.399637 -1 -0.725067 0.225665 -1 -1 0.409671 -1 -0.557713 -0.99452 -0.515639 -0.35356 0.0855998 -0.0756387 -0.336267 0.539497 -0.82747 -0.951957 0.764964 -0.871496 -0.959039 0.1333 -1 -0.264135 -0.638724 0.0409539 -0.447224 0.28932 0.201477 -0.438174 0.504608 -0.980981 0.580972 0.850487 0.345216 -0.647034 -0.118421 -0.342432 -0.483048 -0.213359 -0.00135172 0.258273 0.303962 0.280101 0.414902 -0.146485 0.488471 -0.925281 -1 -0.00635885 -0.969256 -0.781823 -1 -1 0.657554 -0.527572 -0.596807 -1 -0.921825 -0.192553 -0.402115 0.0557442 -0.995078 0.957506 0.149514 -0.408656 -0.656298 -0.5834 0.177117 -1 0.222764 0.262813 0.138232 0.00745266 0.191378 -1 -1 0.188984 -0.448264 -0.22563 -0.474001 -0.0819615 0.183161 -0.983102 -1 -0.458461 -0.631657 -0.799409 -0.796507 -0.603379 -1 0.579832 -0.188446 0.513662 0.232761 0.223522 -0.452344 -0.128539 -0.815772 -0.011072 0.102851 0.0346155 -0.533711 -0.507383 -0.463853 -1 0.256743 -1 -0.295176 -0.00664232 -1 0.574891 0.0733354 -0.51117 -1 -0.386104 -0.893115 -0.610589 -1 -0.251093 0.105379 0.402051 -0.455909 -1 -0.393074 -0.789565 0.466986 -0.359806 0.271787 -0.804478 0.0294327 -0.704102 
0.494159 -0.598732 -0.203024 0.861585 0.629377 -0.743531 -0.7703 -0.160472 -0.765577 -0.372619 0.589779 0.45796 0.135784 -0.639143 0.149451 -0.509959 0.519879 -0.440879 0.700638 0.113078 0.567566 -0.880734 -0.151134 0.813351 -0.81502 0.894576 -0.782573 -0.600985 0.670984 -0.835142 -1 0.508693 -0.352254 -0.977756 -0.989579 0.815925 -1 0.514533 0.0500664 -0.0860751 0.831129 0.00767148 0.0143061 -0.772556 0.902881 -0.489187 -0.797689 0.335251 0.0859816 -0.184348 0.356513 -0.786249 -0.12267 0.461818 -0.708148 -0.60951 0.136147 -1 -0.821278 0.52261 -0.122548 0.770979 -1 -0.112607 -0.895327 0.269289 -0.463861 0.245885 0.356845 0.121968 0.701317 -1 0.251338 0.187028 -0.404684 -0.83 -0.0193129 -0.506292 -1 0.627587 -1 -0.409288 -0.735708 -0.61612 -0.320119 -1 0.938869 -0.749035 -0.377154 0.376436 -0.538495 -0.434223 -0.630414 -0.469698 0.668331 -1 -0.257219 0.294993 0.650768 -0.459586 -0.255503 0.275095 0.757865 -0.160297 -0.77448 0.43335 -0.529208 -0.165841 -0.82056 -0.834113 -0.808239 -0.164135 -0.411533 0.857792 0.311278 -0.506253 0.791957 0.725727 -0.308758 -0.316463 -0.345731 -1 -0.881268 -0.309777 -0.105106 0.653783 -0.881032 0.544518 -0.907087 -0.53513 -0.571219 0.268803 -0.816266 -1 -0.767247 0.786495 0.21682 0.731612 
-0.971483 -0.661413 -0.715356 -0.244211 -0.910351 -0.985585 -0.424789 -1 -0.700629 0.0903247 -1 -1 0.326851 -0.812594 -0.585993 -1 -0.517916 -0.369326 0.250823 -0.0548582 -0.341572 0.474468 -0.825676 -1 0.739083 -0.999124 -0.947485 0.124464 -0.992 -0.129123 -0.624412 0.0236278 -0.501165 0.13872 0.0805273 -0.458437 0.392059 -0.921044 0.429531 0.624564 0.310535 -0.659284 -0.102799 -0.343379 -0.316774 0.175858 0.145117 0.288965 0.171576 0.266794 0.300834 -0.181178 0.515241 -0.957331 -1 -0.104603 -0.954206 -0.71582 -1 -1 0.714665 -0.524166 -0.488506 -1 -0.986106 -0.161373 -0.335946 0.0629784 -0.962428 0.923262 0.310164 -0.518209 -0.480229 -0.597999 -0.0309723 -1 0.233509 0.0694658 -0.0446805 -0.275537 0.221462 -0.980513 -1 0.158174 -0.618854 -0.163854 -0.706536 -0.220413 0.164224 -0.998151 -0.999885 -0.458455 -0.890436 -0.663825 -0.667432 -0.605351 -0.878573 0.661295 -0.418324 0.397084 0.131379 0.256571 -0.19118 -0.124754 -0.868658 0.264609 0.206103 -0.00689907 -0.583881 -0.490221 -0.653852 -0.949278 0.495649 -0.918789 -0.24548 -0.00205117 -0.994948 0.578525 0.051615 -0.671171 -1 -0.471064 -0.761344 -0.846728 -0.995446 -0.211321 0.0515619 0.587507 -0.336872 -0.995777 -0.466897 -0.615496 0.47957 -0.335663 0.264189 -0.958802 0.0493497 -1 
-0.98147 -0.906552 -0.733293 -0.358433 -1 -0.988574 -0.566807 -0.997183 -0.732292 0.332723 -0.995628 -0.99543 0.258903 -0.844165 -0.543849 -1 -0.487687 -0.435789 -0.0585831 -0.0359081 -0.3262 0.70618 -0.993487 -0.997017 0.765027 -1 -0.882059 -0.0586179 -0.934918 -0.136099 -0.37355 -0.141685 -0.450513 0.268779 0.216381 -0.485935 0.517476 -0.996504 0.565939 0.937872 0.309725 -0.635182 -0.0361755 -0.331442 -0.404137 -0.193393 0.223639 0.309987 0.303962 0.371734 0.344766 -0.404554 0.551836 -0.828625 -0.99652 -0.0389687 -1 -0.766289 -1 -1 0.634538 -0.515381 -0.428274 -1 -1 -0.327096 -0.329275 0.0691125 -0.925507 0.929386 0.295419 -0.603731 -0.896231 -0.662914 0.145393 -0.856781 0.318002 0.1024 0.131349 0.0213644 0.0735294 -1 -1 0.149131 -0.431657 -0.360249 -0.537017 -0.0304828 0.0842478 -1 -0.957834 -0.603739 -0.798494 -0.647509 -0.764819 -0.767779 -0.956813 0.436003 -0.263781 0.221615 0.150383 0.0922921 -0.197259 0.0427223 -0.672116 0.234538 0.30133 0.000682044 -0.485631 -0.507167 -0.639719 -1 0.355374 -0.963584 -0.30934 -0.0965658 -1 0.641179 -0.0196378 -0.471921 -1 -0.451266 -0.79052 -0.592849 -1 -0.223292 0.349671 0.51402 -0.350904 -1 -0.485787 -0.496262 0.451191 -0.353538 0.0403822 -0.9577 0.0158068 -0.71581 
-0.546569 -0.0418487 -1 0.273977 0.244065 0.00463142 -1 -0.0362071 -0.949073 -0.636929 -0.00660844 0.387218 -0.773055 -0.233816 -1 -0.931737 -0.205218 -0.935469 -1 -0.657879 -0.327862 -0.24804 0.199624 -1 -0.920024 -0.853332 -0.0840331 0.0106487 -0.790213 -0.730734 0.0457652 -0.873233 -0.962751 -0.935898 -1 -1 -1 -1 -0.833953 -0.393572 0.561611 0.127558 -0.944379 -0.891255 0.0878626 -0.579628 -0.133508 -0.4918 0.148276 -1 -0.633229 -0.750744 -0.0365829 -0.996112 0.464979 -0.876631 -1 -0.861692 -0.840238 -0.985101 -0.507148 0.681979 -0.561387 -0.562854 0.0179051 0.116294 -0.789473 -1 0.693933 -0.511646 -0.805674 -0.469554 0.00478116 -1 -0.314942 -0.776239 -0.222704 -1 -0.777942 -0.99902 -0.690601 -1 0.139484 -0.341315 -0.376424 -0.848811 -0.875982 0.347187 -1 -0.14789 -0.00329865 -0.0355413 -1 -0.894456 0.541909 -0.940712 0.349776 -0.118861 0.820148 -0.753981 -0.305764 0.00205403 -0.437327 -0.776042 0.491443 -0.0791982 -0.512841 0.303274 -0.458628 -0.485931 -1 -0.271052 -0.583564 -1 -0.825035 -1 -0.252424 -0.578689 0.461787 -1 -0.230967 -0.0732683 -0.475689 0.191797 0.355679 -0.361516 -0.542072 0.124192 -0.291652 0.134649 -0.00723916 0.349412 -0.696104 0.132579 -1 -0.723094 0.361317 -0.946106 
-0.999238 -0.951655 -0.956698 -0.490209 -0.760127 -1 -0.381577 -0.99538 -0.736888 0.506894 -1 -1 0.379827 -0.666306 -0.468501 -1 -0.233006 -0.523721 0.0405639 -0.128762 -0.524608 0.709923 -0.767135 -0.900065 0.724956 -0.979852 -1 0.0934117 -0.99936 -0.382154 -0.530151 0.0404525 -0.379205 0.224775 0.392351 -0.748568 0.704796 -1 0.250149 0.886997 0.530703 -0.391293 -0.0970608 -0.78699 -0.39554 0.0932385 -0.22797 0.18777 0.418561 0.380516 0.0585752 -0.136903 0.372776 -1 -0.918544 -0.210795 -1 -0.78899 -0.868832 -0.955693 0.639015 -0.75096 -0.159866 -0.919395 -1 -0.134939 -0.333598 0.169166 -0.992939 0.774394 0.519095 -0.474144 -0.323547 -0.775485 0.37284 -1 0.315352 0.330759 0.143933 0.134594 0.270149 -0.65204 -1 0.157967 -0.320312 -0.216013 -0.163341 -0.0523163 0.241998 -0.88445 -1 -0.371291 -0.605548 -0.696743 -0.682743 -0.715572 -0.731264 0.544683 -0.167624 0.541455 -0.270222 0.0373869 -0.155641 0.287271 -0.457906 0.29146 0.0827028 0.0168348 -0.546876 -0.319806 -0.514398 -0.962689 0.539183 -0.876864 -0.247348 0.0122657 -0.995671 0.796312 -0.00284328 -0.679535 -1 -0.325362 -0.768081 -0.575131 -1 -0.190441 0.337673 0.503349 -0.555437 -1 -0.342829 -0.589416 0.331035 -0.362462 0.315669 -1 -0.247363 -0.714948 
-0.995485 -0.662305 -0.705541 -0.250775 -0.832915 -0.991766 -0.414233 -1 -0.717269 0.360123 -1 -1 0.342513 -0.822775 -0.557037 -0.986841 -0.526348 -0.362759 0.245647 -0.056479 -0.317782 0.713038 -0.782253 -0.896302 0.780771 -0.925768 -0.962666 0.132144 -1 -0.215818 -0.375896 0.0212787 -0.471965 0.298996 0.205932 -0.474613 0.521148 -0.991046 0.591361 0.874428 0.345841 -0.648155 0.0208857 -0.32417 -0.28083 0.0908944 0.0926699 0.266319 0.297486 0.380043 0.308797 -0.146485 0.546909 -0.92615 -1 0.0551575 -0.966947 -0.725694 -1 -1 0.669707 -0.516077 -0.312334 -0.992287 -0.991466 -0.147656 -0.375221 0.0724884 -1 0.919574 0.315813 -0.415267 -0.598847 -0.5834 0.162525 -0.836061 0.245327 0.20935 0.150875 -0.00237757 0.207119 -0.984529 -1 0.157393 -0.418178 -0.166642 -0.484866 -0.0136797 0.175553 -0.911819 -1 -0.457481 -0.641889 -0.665159 -0.777432 -0.591182 -0.898327 0.670391 -0.180724 0.513662 0.116325 0.224581 -0.134901 0.0923951 -0.679358 0.271644 0.3457 -0.00354257 -0.436401 -0.4933 -0.459136 -0.950336 0.499816 -0.96861 -0.241441 0.0333319 -0.994619 0.59114 0.0569863 -0.494746 -1 -0.451745 -0.755773 -0.602322 -1 -0.288179 0.358074 0.509854 -0.315758 -0.990782 -0.341458 -0.492705 0.441499 -0.363059 0.296991 -0.822586 0.0297456 -0.703351 
-0.99897 -0.925841 -0.961661 -0.340539 -1 -0.955258 -0.382483 -1 -0.710463 -0.125923 -1 -1 0.383256 -0.821374 -0.585072 -1 -0.491847 -0.663791 -0.142466 -0.29181 -0.621433 0.684153 -0.803121 -0.892335 0.771852 -1 -1 -0.173807 -0.999075 -0.230018 -0.350504 -0.120379 -0.405882 -0.00904341 0.0109792 -0.506005 0.253909 -1 0.660817 0.622976 0.298258 -0.894034 -0.269691 -0.350875 -0.423299 -0.1512 -0.185733 0.302349 0.274062 0.308502 0.12078 -0.428832 0.496636 -0.907308 -1 -0.150654 -0.999232 -0.66197 -0.997776 -1 0.635418 -0.52425 -0.302768 -1 -1 -0.693215 -0.604774 0.0498173 -1 0.910921 0.365218 -0.331037 -0.863794 -0.74309 0.145393 -0.854252 0.112418 -0.17895 0.129848 0.120065 0.0268407 -1 -1 0.145672 -0.423184 -0.201247 -0.832219 -0.0304828 -0.0224311 -1 -0.998997 -0.39193 -0.834508 -0.681028 -0.67515 -0.595878 -1 0.671522 -0.313425 0.480461 0.0685872 -0.162012 -0.375927 0.102216 -0.943086 -0.0645425 0.202338 0.0545922 -0.490358 -0.628053 -0.542358 -1 0.521424 -0.934653 -0.269109 0.0204655 -1 0.605851 -0.321513 -0.562189 -1 -0.534862 -0.801528 -0.594633 -1 -0.294085 0.236071 0.485916 -0.55852 -1 -0.501209 -0.498461 0.27491 -0.385748 0.316103 -0.968883 -0.330415 -0.885142 
-0.996454 -0.640297 -0.650881 -0.267253 -0.883967 -1 -0.354417 -0.992307 -0.920706 0.426944 -1 -1 0.417213 -0.80263 -0.558656 -0.998419 -0.496513 -0.435789 0.217317 -0.272476 -0.387495 0.489554 -0.932989 -1 0.566213 -0.953839 -0.951258 0.0880559 -1 -0.126097 -0.354783 0.0071441 -0.750345 0.268779 0.210955 -0.485218 0.400936 -0.997233 0.416706 0.886622 0.0456052 -0.754393 0.0776022 -0.447911 -0.274678 0.0588525 0.159753 0.145776 0.323798 0.364599 0.335433 -0.361435 0.627326 -0.910021 -1 0.0407675 -0.98478 -0.742703 -1 -0.926687 0.502129 -0.516458 -0.270085 -1 -1 -0.165116 -0.583194 -0.0106507 -1 1 0.308084 -0.708112 -0.599613 -0.649337 0.134479 -0.854943 0.237582 0.178034 0.177796 0.0290094 0.245748 -1 -1 0.146402 -0.679198 -0.180605 -0.620118 -0.277944 0.161823 -0.985372 -1 -0.469132 -0.712702 -0.91399 -0.764819 -0.604394 -0.956813 0.575258 -0.212226 0.289505 0.0426633 0.252196 -0.195812 0.102216 -0.573361 0.112623 0.316146 -0.243651 -0.490358 -0.420602 -0.505413 -0.944554 0.48809 -0.963584 -0.574572 -0.228273 -1 0.639955 -0.0942593 -0.552635 -0.941883 -0.378372 -1 -0.736235 -1 -0.274118 0.349671 0.270302 -0.349812 -1 -0.315562 -0.55519 0.451191 -0.433664 0.308981 -0.802546 0.0212083 -0.717631 
-0.925324 -1 -0.744574 -0.239576 -0.755071 -1 -0.467167 -1 -0.728312 0.37122 -1 -1 0.195795 -0.834294 -0.514358 -1 -0.203858 -0.296088 0.00797239 -0.359603 -0.437607 0.664284 -1 -1 0.803495 -0.842718 -0.985054 0.00881449 -0.936124 -0.194156 -0.361641 0.0142507 -0.541023 0.112822 0.304435 -0.701981 0.652565 -0.939204 0.303207 0.717668 0.512133 -0.319206 0.0240209 -0.285015 -0.586659 -0.309664 -0.0885666 0.257894 0.662771 0.105753 0.316059 -0.637105 0.836921 -0.952886 -1 -0.227739 -0.936048 -0.753825 -0.995415 -0.932174 0.947798 -0.653315 -0.1305 -0.977702 -1 -0.497036 -0.483884 0.0658757 -1 0.880063 0.383862 -0.490485 -0.433491 -0.765278 0.0697083 -0.839874 -0.015496 0.364076 0.150079 -0.23681 -0.0129228 -1 -1 0.153535 -0.815192 -0.470906 -0.181518 0.0144431 0.163292 -0.975559 -1 -0.495282 -0.566063 -0.693367 -0.746343 -0.580732 -0.709516 0.450719 -0.315167 0.602417 0.203326 -0.185051 -0.172512 0.362209 -0.608045 0.493614 0.1814 0.0986295 -0.420796 -0.44616 -0.795144 -0.901864 0.293552 -0.923323 -0.253425 0.120078 -0.90069 0.628848 -0.182711 -0.413921 -1 -0.432406 -0.743233 -0.602165 -0.901883 -0.209145 0.0890602 0.576842 -0.374096 -1 -0.0970392 -0.593269 0.430826 -0.282642 -0.00812622 -0.737838 -0.0524238 -0.589765 
-0.996083 -0.758843 -0.712842 -0.241419 -0.75438 -1 -0.379235 -0.998715 -0.724869 0.457575 -1 -0.930774 0.383151 -0.837094 -0.538018 -0.924246 -0.210346 -0.309864 0.241638 -0.0949789 -0.273238 0.67941 -0.759705 -0.915152 0.783398 -0.841873 -0.991488 0.11742 -1 -0.223215 -0.365367 0.00826682 -0.321436 0.286326 0.389017 -0.449075 0.735985 -0.999864 0.611251 0.869842 0.531424 -0.409558 0.00591119 -0.287165 -0.279815 0.0609818 0.109996 0.310209 0.582815 0.351237 0.343709 -0.219078 0.832766 -1 -0.997542 -0.00144286 -0.837219 -0.730754 -1 -0.9698 0.93484 -0.53963 -0.1305 -1 -1 -0.126064 -0.352446 0.147863 -0.999798 0.871792 0.489076 -0.478817 -0.269098 -0.580333 0.384104 -0.842855 0.229237 0.360224 0.136397 0.0271135 0.356835 -0.703351 -1 0.17822 -0.323217 -0.234269 -0.150788 -0.0300972 0.157855 -0.696631 -1 -0.483483 -0.61052 -0.697057 -0.763016 -0.568567 -0.711491 0.67228 -0.188964 0.650011 0.251508 0.115961 -0.176625 0.305325 -0.488513 0.492293 0.320044 0.101927 -0.471676 -0.289367 -0.574063 -0.99579 0.525571 -0.822829 -0.268201 0.0546551 -1 0.794787 -0.0286998 -0.504852 -1 -0.322316 -0.68804 -0.603224 -0.87335 -0.207842 0.379125 0.513312 -0.354628 -1 -0.0913053 -0.479027 0.381702 -0.357548 0.293328 -0.837832 0.0026706 -0.447563 
0.166819 0.40411 -0.391631 -0.618639 0.355801 -0.79673 0.111788 -0.23203 -1 -0.743722 -0.567031 -0.987689 0.894951 0.607093 0.343335 0.659215 0.153532 -0.011646 -0.0999231 0.890739 0.31699 -0.515145 0.431889 0.723693 -0.866026 0.53622 0.770174 -0.454231 0.538476 -0.0953971 -0.84023 0.295139 0.643955 -0.863584 -1 -0.169295 -1 -0.954504 -0.309815 -0.903637 0.564335 -0.819669 -0.889264 -0.452076 -0.00836188 -0.305931 0.462264 0.452308 0.636736 0.547748 -0.628959 -0.82051 0.582719 -0.18392 -0.234584 -0.522363 -0.208799 0.75213 -0.818837 0.418172 -1 -0.579047 -1 0.3336 0.802595 -0.200112 0.376253 0.393874 0.794065 -0.931282 -0.436083 -0.918257 0.58037 -0.257085 0.808256 -0.703779 -0.0464986 -0.348149 -0.669816 -0.577929 -0.628341 -1 -0.864536 0.696142 0.379693 -0.32519 0.564283 0.392083 0.817677 -0.895998 -0.189565 0.364597 -0.0953114 -0.640692 -0.130067 -0.455598 -0.261594 -0.138677 0.635855 0.359542 -0.429509 -0.638049 -0.463058 -0.996738 -0.440164 -0.899764 -0.736163 0.919836 -0.175511 0.168752 -0.752896 0.569414 -1 -0.856694 0.400356 0.299693 -0.928597 0.366425 -0.747743 -0.41233 0.648003 -1 -0.211965 -0.921829 -0.662627 -0.838213 -0.801168 0.990089 -0.633715 0.196184 0.274974 -0.92441 0.160308 0.619549 0.537717 -0.488459 -1 0.01438 
-0.96978 -0.907683 -0.730325 -0.591831 -1 -0.934923 -0.767008 -1 -0.741733 0.0631861 -1 -1 0.224979 -1 -0.543849 -1 -0.613063 -0.435789 -0.0585831 -0.0495979 -0.3262 0.711423 -1 -1 0.763331 -1 -0.934758 -0.189902 -0.924536 -0.0961092 -0.290091 -0.0474554 -0.708312 0.108885 0.190503 -0.485935 0.481238 -1 0.57092 0.937872 0.312941 -0.635182 -0.231367 -0.331442 -0.407786 -0.154552 0.223639 0.309987 0.0120767 0.371992 0.338153 -0.650984 0.267205 -1 -1 -0.0389687 -1 -0.780089 -1 -1 0.721803 -0.515381 -0.428274 -1 -1 -0.317172 -0.319196 -0.14164 -1 0.929013 0.308084 -0.605004 -1 -0.659914 0.145393 -0.796218 0.303838 1.6585e-05 0.131349 0.0290094 0.096889 -1 -1 -0.00260866 -0.625155 -0.359963 -0.537017 -0.0583119 0.0842478 -1 -0.91112 -0.836978 -0.931398 -0.597932 -0.764819 -0.770168 -0.956813 0.424872 -0.49573 0.227781 -0.14116 0.0922921 -0.186225 0.0547664 -0.787998 0.234538 0.379421 0.000682044 -0.485631 -0.486525 -0.652363 -1 0.348344 -1 -0.389032 -0.375848 -1 0.632263 -0.0272716 -0.465245 -1 -0.451745 -0.779459 -0.709927 -1 -0.223292 0.396798 0.488347 -0.350904 -0.996663 -0.485787 -0.496262 0.542543 -0.34156 0.0432253 -0.95373 0.0247073 -0.71581 
-0.549475 -0.0494198 -0.917516 0.344316 0.104107 -0.292063 -0.997256 -0.0212903 -0.970437 -0.636929 -0.0893641 0.14915 -1 -0.0742667 -1 -0.912497 -0.209655 -1 -1 -0.610102 -0.522671 -0.269453 0.0622613 -1 -1 -0.833315 -0.102682 -0.111273 -0.84082 -0.638285 0.129757 -0.881893 -1 -1 -1 -1 -1 -1 -1 -0.384153 0.407733 0.132984 -1 -1 0.216884 -0.788394 -0.365462 -0.489127 0.148276 -0.964087 -0.93944 -0.659797 -0.0592235 -1 0.274347 -0.881457 -1 -1 -1 -1 -0.507148 0.225067 -0.57694 -0.697007 -0.138271 0.124324 -0.703865 -0.997726 0.657888 -0.543773 -0.787653 -0.728562 -0.0121443 -0.929037 -0.212798 -0.786981 -0.222704 -1 -1 -1 -0.76152 -0.903614 0.0603607 -0.513355 -0.82722 -1 -1 0.196449 -1 -0.17671 0.00244861 -0.00808575 -1 -0.984657 0.476917 -0.913399 0.260339 -0.159858 0.571365 -0.871025 -0.696755 0.0668602 -0.518945 -0.909958 0.500453 -0.0791982 -0.740152 0.0282242 -0.443731 -0.621084 -1 -0.550727 -0.530523 -1 -1 -1 -0.631247 -0.598363 0.366008 -1 -0.236192 -0.0749163 -0.669715 0.0379577 0.304217 -0.360205 -0.778626 0.211732 -0.22075 -0.122748 -0.0186764 0.416181 -0.872678 -0.102884 -1 -0.924362 0.0951589 -1 
-0.998977 -0.859494 -1 -0.513923 -0.962748 -1 -0.293265 -1 -0.806612 0.445759 -1 -0.85211 -0.0584949 -0.997365 -0.451896 -0.970445 -0.34239 -0.938855 0.0110136 -0.107701 -0.321444 0.580933 -0.891185 -0.9703 0.743109 -1 -1 -0.355191 -0.974374 -0.534377 -0.721976 0.0553062 -0.465402 0.201725 -0.0048855 -1 0.529464 -1 0.311409 0.307556 0.256734 -0.567749 -0.178579 -0.665604 -0.527788 -0.0825597 0.106053 0.196517 0.457667 0.136169 0.167614 -0.346439 0.187128 -0.923136 -1 -0.28705 -0.867372 -0.836448 -1 -1 0.671214 -0.957762 -0.205828 -0.999317 -0.968384 -0.0985929 -0.602319 -0.0715007 -1 0.698675 0.489352 -0.548431 -0.481727 -0.529255 0.153871 -0.829429 0.102766 0.149334 0.14328 -0.147845 -0.0650005 -0.888136 -1 0.0910447 -0.360024 -0.825225 -0.216001 -0.00377029 0.188578 -0.708066 -1 -1 -0.802727 -0.671507 -1 -0.5666 -0.648143 0.587094 -0.560642 0.435725 -0.26118 -0.0603772 -0.226045 0.364737 -0.443408 0.37991 0.0159884 0.102367 -0.478166 -0.273438 -0.776084 -0.984412 0.620983 -0.684905 -0.28576 0.0336736 -1 0.927626 -0.211017 -0.718641 -1 -0.335432 -0.797862 -0.73096 -1 -0.241304 0.375283 0.336113 -0.445612 -1 -0.510336 -0.521308 0.489305 -0.346859 0.22981 -1 -0.0716219 -0.616434 
-0.54764 -0.0491448 -0.999954 0.28031 0.259954 0.0740086 -1 -0.0317326 -1 -0.642228 -0.0216347 0.392672 -0.79026 -0.453899 -1 -0.917265 -0.209655 -0.995086 -1 -0.814993 -0.306172 -0.267747 0.186198 -1 -1 -0.999487 -0.129396 0.00546124 -0.782488 -0.907991 -0.0629009 -0.842514 -1 -0.997427 -1 -1 -1 -1 -0.753861 -0.384115 0.568606 -0.0118824 -1 -1 0.118043 -0.578476 -0.128554 -0.5378 0.125519 -1 -0.636273 -0.750744 -0.049474 -1 0.47177 -1 -1 -0.861692 -0.995801 -1 -0.502478 0.476208 -0.602098 -0.680924 0.0261594 0.124324 -0.785178 -0.996396 0.50653 -0.487329 -0.827626 -0.482902 -0.123265 -0.995477 -0.312435 -0.720262 -0.427265 -1 -0.781704 -0.995074 -0.694689 -1 0.155297 -0.348768 -0.365127 -0.847681 -0.876136 0.334372 -1 -0.20316 0.00966977 -0.0367063 -1 -0.907667 0.563426 -1 0.360327 -0.16703 0.545485 -0.802723 -0.32131 -0.0762225 -0.431355 -0.797199 0.489264 -0.0791982 -0.572641 0.307667 -0.388978 -0.494582 -1 -0.271052 -0.572887 -1 -0.947299 -1 -0.253049 -0.596896 0.461787 -1 -0.253482 -0.0331625 -0.708597 0.125116 0.299887 -0.354738 -0.542475 0.0236081 -0.291522 0.124338 -9.39202e-05 0.303542 -0.814438 -0.113423 -0.9289 -0.708633 0.34692 -0.935236 
-1 -0.650072 -0.730325 -0.271842 -0.874654 -0.988574 -0.360265 -1 -0.730834 0.332723 -1 -1 0.377543 -0.826918 -0.572311 -1 -0.516031 -0.435789 0.231572 -0.0405725 -0.3262 0.716049 -0.803786 -0.900145 0.763331 -0.962505 -0.962513 0.0997376 -1 -0.146986 -0.350504 0.0071441 -0.453283 0.268779 0.216381 -0.485935 0.529138 -0.997514 0.582318 0.884555 0.312941 -0.63425 0.0478794 -0.324121 -0.274787 0.0631381 0.156374 0.309987 0.293055 0.374541 0.344766 -0.159063 0.551836 -0.917639 -0.99652 0.0381935 -0.98478 -0.729958 -1 -1 0.658275 -0.515381 -0.316044 -0.996792 -1 -0.173171 -0.340327 0.057751 -1 0.925103 0.308084 -0.437312 -0.607271 -0.650781 0.145393 -0.856781 0.236505 0.170922 0.14954 0.0192561 0.213542 -1 -0.999523 0.136616 -0.430997 -0.194855 -0.499973 -0.0296612 0.158478 -0.96845 -0.997458 -0.467626 -0.632633 -0.662027 -0.760549 -0.599053 -0.956813 0.676179 -0.210606 0.484623 0.154632 0.196673 -0.187965 0.102217 -0.670352 0.234538 0.30133 0.000682044 -0.500837 -0.500918 -0.458498 -0.937826 0.48809 -0.958809 -0.280978 0.0337806 -1 0.644501 0.0746229 -0.550178 -1 -0.451745 -0.779459 -0.592849 -0.998012 -0.280609 0.349671 0.495518 -0.350904 -0.995776 -0.320416 -0.499083 0.451191 -0.337699 0.308981 -0.802546 0.0231009 -0.739029 
-0.995485 -0.673841 -0.705541 -0.241308 -0.832915 -0.991766 -0.421201 -0.989679 -0.717269 0.358809 -1 -1 0.343736 -0.826637 -0.557037 -0.986841 -0.514218 -0.362759 0.254154 -0.056479 -0.326368 0.713038 -0.785228 -0.901706 0.780771 -0.929196 -0.962666 0.132144 -1 -0.209517 -0.364067 0.0376075 -0.458384 0.312047 0.2117 -0.460024 0.508104 -0.996773 0.584929 0.874428 0.345841 -0.647034 0.025186 -0.329852 -0.28083 0.0908944 0.0913929 0.278932 0.303962 0.396483 0.313053 -0.146485 0.546354 -0.92615 -1 0.0517679 -0.955499 -0.713267 -1 -1 0.669707 -0.511421 -0.316298 -0.992287 -0.999543 -0.147656 -0.37493 0.0720225 -1 0.919574 0.313697 -0.415267 -0.606996 -0.592228 0.162525 -0.823477 0.245327 0.208498 0.150875 -0.00237757 0.198027 -0.984529 -1 0.146214 -0.407089 -0.157039 -0.470914 -0.0136797 0.175553 -0.911819 -1 -0.461985 -0.641889 -0.660615 -0.777432 -0.589399 -0.898327 0.670391 -0.181853 0.513662 0.116325 0.224581 -0.134901 0.110975 -0.66516 0.282815 0.3457 -0.00354257 -0.436401 -0.4933 -0.463853 -0.950336 0.500659 -0.96861 -0.251022 0.0333319 -0.994619 0.59114 0.0569863 -0.497413 -0.995717 -0.451745 -0.762192 -0.612588 -1 -0.288179 0.358074 0.510739 -0.315758 -0.990782 -0.341458 -0.483373 0.447905 -0.352578 0.296991 -0.822586 0.0297456 -0.703351 
-0.96978 -0.907683 -0.730325 -0.372727 -1 -0.988574 -0.552332 -1 -0.721184 0.321846 -1 -1 0.276872 -0.843834 -0.555151 -1 -0.487687 -0.435789 -0.0567821 -0.0471278 -0.34033 0.716049 -1 -0.998953 0.762321 -1 -0.900214 -0.0443995 -0.928429 -0.137574 -0.360984 -0.15456 -0.443509 0.258333 0.216381 -0.485935 0.506564 -0.997514 0.574386 0.937872 0.303215 -0.635182 -0.0372706 -0.321121 -0.407786 -0.206956 0.209489 0.309987 0.299451 0.371734 0.348672 -0.399748 0.555794 -0.826522 -1 -0.0255515 -1 -0.766819 -0.998466 -1 0.634538 -0.533469 -0.413539 -0.995669 -1 -0.332422 -0.334219 0.0691125 -0.926388 0.918906 0.296296 -0.602649 -0.891661 -0.650781 0.145393 -0.862106 0.315183 0.100622 0.131349 0.0329501 0.0984199 -1 -0.999523 0.149131 -0.426171 -0.359963 -0.537017 -0.0293539 0.0713421 -1 -0.97228 -0.603739 -0.786583 -0.647509 -0.764765 -0.772316 -0.956813 0.436224 -0.258976 0.221858 0.154632 0.0691285 -0.183277 0.0547664 -0.672116 0.234538 0.296631 -0.00297101 -0.48613 -0.486525 -0.633086 -1 0.358427 -0.965221 -0.29472 -0.105621 -1 0.641179 -0.0196378 -0.46743 -1 -0.449683 -0.800169 -0.607101 -0.995179 -0.223292 0.343054 0.517071 -0.36515 -1 -0.485787 -0.493384 0.44834 -0.32755 0.0527428 -0.957918 0.0212083 -0.717631 
-0.995816 -0.649438 -0.724552 -0.275944 -0.885855 -0.99902 -0.349558 -1 -0.707552 0.343522 -1 -0.99543 0.369219 -0.828369 -0.56476 -1 -0.487058 -0.443317 0.239072 -0.0557471 -0.366347 0.701246 -0.793311 -0.910882 0.750767 -0.949976 -0.951258 0.0974269 -1 -0.149921 -0.360508 0.0071441 -0.448498 0.275297 0.227701 -0.485935 0.517486 -1 0.582523 0.897781 0.312941 -0.634227 0.0475265 -0.324655 -0.271608 0.0741779 0.138468 0.298207 0.303962 0.35585 0.348385 -0.161375 0.555724 -0.924972 -0.99652 0.0398796 -0.997862 -0.73287 -0.998016 -1 0.649845 -0.522007 -0.321203 -1 -0.999762 -0.158817 -0.333526 0.087825 -1 0.925667 0.296708 -0.432115 -0.594245 -0.650781 0.14427 -0.856781 0.250334 0.178034 0.144622 0.021082 0.238772 -1 -1 0.173423 -0.427974 -0.199841 -0.501964 -0.0289432 0.153633 -0.984698 -1 -0.490489 -0.632268 -0.647509 -0.773739 -0.589825 -0.967206 0.672837 -0.198482 0.498004 0.154632 0.199527 -0.187965 0.102216 -0.696994 0.238491 0.309652 0.00639712 -0.502676 -0.483338 -0.461795 -0.915179 0.491083 -0.965788 -0.270148 0.0337806 -0.998711 0.641179 0.0810631 -0.557408 -1 -0.469507 -0.767982 -0.602552 -1 -0.275736 0.34838 0.478434 -0.350904 -1 -0.341351 -0.498461 0.45407 -0.330657 0.313261 -0.799367 0.0201228 -0.700485 
-0.917199 -1 -0.733983 -0.232041 -0.743005 -0.995067 -0.251051 -0.855526 -0.871044 0.567635 -0.888429 -0.904456 0.30661 -0.768606 -0.567015 -0.998436 -0.349481 -0.526744 0.268301 0.161009 -0.345372 0.720798 -0.995558 -0.980195 0.54295 -0.79292 -0.80368 0.113596 -0.972054 -0.160492 -0.716295 -0.271625 -0.137965 0.239833 0.678232 -0.503753 0.802622 -0.93107 0.428447 0.772085 0.301697 -0.788303 0.118487 -0.270726 -0.72817 0.0766253 -0.0479688 0.558201 0.514229 0.441409 0.30779 -0.181426 0.872633 -0.924162 -1 -0.289373 -0.89617 -0.738633 -1 -0.996248 0.760641 -0.455554 -0.362241 -0.907389 -0.801978 -0.241038 -0.375638 0.0931515 -1 0.346635 0.616406 0.00537282 -0.456865 -0.173479 -0.00909166 -1 0.257678 0.114142 0.159572 -0.0331087 -0.0329422 -0.254517 -0.902717 0.113615 -0.350347 -0.469899 -0.237967 -0.183286 0.209099 -0.590012 -1 -0.402104 -0.538618 -0.683016 -0.98985 -0.542084 -1 0.189032 -0.436042 0.325928 -0.152725 0.190227 -0.0699527 0.29254 -0.626577 0.488985 0.580033 0.286334 -0.690147 -0.231098 -0.552618 -0.939934 0.253829 -1 -0.430747 -0.0831107 -0.998964 0.719275 -0.117204 -0.632309 -0.991448 -0.356808 -0.916753 -0.618431 -0.921256 -0.480702 0.321102 0.617833 -0.738299 -1 -0.518766 -0.215974 0.361437 -0.559915 0.117441 -0.878147 -0.0564571 -0.629943 
-0.555625 -0.038816 -0.954685 0.283193 0.244409 0.00463142 -1 -0.0212903 -0.942101 -0.636929 -0.0113536 0.392672 -0.773938 -0.233816 -1 -0.912497 -0.209655 -1 -1 -0.683792 -0.31795 -0.258425 0.0280689 -1 -0.968063 -0.833315 -0.182965 0.00589547 -0.782488 -0.730734 -0.00408763 -0.873233 -0.96217 -0.92328 -1 -1 -0.986009 -1 -0.82373 -0.384153 0.554131 0.131067 -0.944379 -0.887966 0.0910652 -0.581066 -0.255528 -0.494006 0.148276 -1 -0.689612 -0.707278 -0.0541836 -1 0.480322 -0.881457 -1 -0.812376 -0.854541 -0.99513 -0.520381 0.490445 -0.550837 -0.563589 0.0348157 0.124324 -0.800442 -1 0.575947 -0.604884 -0.822422 -0.471087 0.0142312 -1 -0.270067 -0.739034 -0.222704 -1 -0.788453 -1 -0.864475 -1 0.156485 -0.442843 -0.376424 -0.88508 -0.998255 0.281787 -0.973515 -0.139293 0.000695399 -0.195616 -1 -1 0.541909 -1 0.348339 -0.118366 0.692524 -0.69315 -0.305764 0.0195552 -0.39343 -0.776042 0.496303 -0.09067 -0.512841 0.303274 -0.443731 -0.551955 -1 -0.271052 -0.583564 -1 -0.825035 -1 -0.20876 -0.578689 0.453253 -1 -0.265167 -0.0732683 -0.480622 0.191797 0.368586 -0.356613 -0.650845 0.124192 -0.291652 0.128582 -0.00992157 0.364141 -0.686697 0.132579 -1 -0.73326 0.361317 -1 
0.107143 -0.348582 0.357101 0.368962 0.346812 -0.090088 0.472677 0.535679 0.762485 -0.608842 -0.999159 0.629633 0.760336 -0.423165 0.331565 -0.85199 -0.914801 -0.359188 -0.521956 0.695405 -0.627238 -0.100765 0.739644 0.823831 -0.395442 -0.49031 0.560869 -0.982813 -0.159432 0.19784 0.331121 -0.713399 0.42121 -0.516099 -0.695349 -0.974827 0.841789 -1 0.299962 -1 -0.934479 -1 0.685502 -0.162051 -0.115946 -0.508914 -0.0698327 -0.197782 -0.914873 -0.153186 -0.857676 -0.18514 -0.54756 -0.0240617 -0.540744 -0.886524 -0.25233 -0.113538 -0.849954 -0.711231 -0.0582435 -1 0.333322 0.382525 0.695402 -0.00713117 -0.904113 0.106756 0.0274938 0.107572 -0.309722 0.463239 -0.410224 -0.679991 0.613665 -0.270278 -1 -0.268729 -0.768681 -1 -0.776765 -0.92936 -0.534506 0.0977212 -0.982769 -0.0834443 -0.677027 -1 0.396794 -0.658115 0.315388 0.628199 -0.884395 0.430463 -0.174391 -0.498976 0.0542286 0.775322 -0.727795 0.72522 -0.175 -0.678756 -0.111549 0.0424518 0.19431 0.0412084 0.0217856 -1 0.356475 0.771268 -0.243109 -0.699268 0.245714 0.588302 -1 -1 -0.564804 -0.738183 -1 -0.767494 -0.47771 0.363507 0.336463 -1 0.0718175 -0.548318 -0.392041 -1 -0.00489593 -0.18332 -0.880871 -0.656694 0.0292291 -0.516607 -0.493855 -0.292797 -0.380655 0.34683 
-0.998847 -0.852648 -0.96603 -0.501751 -0.901389 -0.98806 -0.290754 -1 -0.806192 0.446579 -0.931639 -0.85211 0.0921586 -1 -0.578094 -0.927039 -0.498909 -0.676376 0.125552 -0.115293 -0.361192 0.725224 -0.993979 -1 0.741631 -1 -0.938182 -0.262909 -1 -0.741497 -0.395306 -0.190891 -0.318553 0.0569516 -0.0360269 -0.913628 0.606321 -1 0.570437 0.391391 0.604852 -0.394003 -0.328552 -0.486687 -0.540093 -0.0825073 0.12751 -0.00572631 0.226584 -0.381903 0.328748 -0.648813 0.368692 -0.972333 -1 -0.524096 -0.907489 -0.648432 -1 -1 0.444668 -1 -0.468127 -1 -0.994422 -0.290696 -0.385595 -0.0704685 -1 0.836786 0.201838 -0.663994 -0.218387 -0.707849 0.159052 -0.777154 0.163995 -0.125301 0.232543 -0.149294 0.161515 -0.96162 -1 0.0124299 -0.521226 -0.553502 -0.140089 -0.285596 0.190806 -0.763509 -1 -0.596515 -0.720138 -0.646509 -0.917609 -0.767699 -0.817709 0.353561 -0.592397 0.435725 -0.156115 -0.214693 -0.0905467 0.350465 -0.49296 0.415418 0.161173 0.222187 -0.461209 -0.467731 -0.827832 -1 0.568202 -0.609603 -0.401303 -0.127064 -1 0.862433 -0.315976 -0.71452 -1 -0.33455 -0.599648 -0.722342 -0.88104 -0.41647 0.372126 0.210269 -0.441225 -0.935917 -0.406522 -0.593014 0.0797839 -0.263267 0.288186 -0.989923 -0.0879279 -0.911661 
-1 -0.950909 -0.956698 -0.490209 -0.758369 -1 -0.38868 -1 -0.751314 0.506894 -0.93343 -1 0.464622 -0.74535 -0.457303 -0.937939 -0.201002 -0.316547 0.231849 -0.126393 -0.342665 0.708231 -0.764725 -0.892335 0.753286 -0.986474 -1 0.0953025 -1 -0.382154 -0.516998 0.0404525 -0.258365 0.310224 0.392351 -0.748568 0.731412 -0.995459 0.479572 0.907978 0.533234 -0.384613 -0.00226773 -0.584345 -0.212699 0.0814287 -0.131104 0.183595 0.378946 0.371338 0.0448959 -0.207166 0.642175 -0.909585 -1 0.0100911 -1 -0.728953 -0.906768 -0.955693 0.643691 -0.566993 -0.168612 -0.927533 -1 -0.140836 -0.333598 0.133287 -0.992939 0.774394 0.506567 -0.380053 -0.323547 -0.775485 0.363823 -0.904532 0.223179 0.320097 0.143933 0.146824 0.356107 -0.654529 -1 0.157967 -0.319977 -0.179147 -0.161649 -0.0523163 0.189649 -0.774032 -1 -0.45629 -0.605548 -0.68324 -0.755908 -0.568567 -0.724363 0.571497 -0.167624 0.541455 -0.0567955 0.128042 -0.158674 0.287271 -0.457906 0.393211 0.335115 0.0139606 -0.338842 -0.323191 -0.514398 -0.975001 0.539183 -0.864335 -0.256669 0.025609 -1 0.796312 -0.00197927 -0.679535 -1 -0.329332 -0.664885 -0.575131 -1 -0.190441 0.337673 0.492245 -0.555437 -1 -0.330174 -0.514108 0.328235 -0.355693 0.315669 -0.827046 -0.142175 -0.481108 
-0.442671 0.137833 -1 -0.465173 -0.198916 0.746694 -1 0.765489 -1 -0.595925 -0.995852 -0.0345457 -0.240174 -0.979562 -0.0311874 -1 -0.965561 -0.699926 -1 0.315408 0.711551 -0.446255 -0.347613 -0.595236 -0.586802 -0.36035 0.921169 -1 -1 -0.0444376 -0.947789 -0.996546 -0.997037 0.296321 -0.742819 -0.95647 -0.972162 -1 -0.7283 -1 0.676823 -0.112507 -0.781175 -1 -0.242375 -0.1681 -1 0.400402 0.851629 -0.260408 -0.294171 -0.953265 -0.885281 0.0430965 -0.589252 -0.6157 -0.25326 0.726377 0.645369 -0.519211 0.198968 0.0698339 -0.369041 0.178654 0.937411 0.163895 -0.617134 -0.0814276 0.74415 -0.0126919 0.144004 -0.613742 -0.998969 -0.562667 -0.865076 -1 0.335009 -0.716701 0.450786 -0.49425 -1 0.621757 0.901749 -0.592412 -0.770939 0.254729 0.753503 0.728651 -0.772279 -1 -0.793894 0.304351 0.0767978 -0.965214 -0.67906 -0.335791 -1 -0.386546 -0.766889 0.24296 -0.610042 0.856247 -0.970127 -0.49021 0.104646 0.169189 0.270377 -0.333774 -0.999195 -1 0.478917 -0.300756 0.911352 -0.202734 -0.488469 0.886314 0.0685673 -0.233129 -0.323277 -1 -0.825528 -1 0.700347 -0.230853 -1 0.343892 -0.591859 -0.693007 -0.872311 -1 -0.0874853 -0.136018 -0.846507 -1 -0.760707 -0.125157 0.431645 -0.426869 
-0.989197 -0.640613 -0.885259 -0.257102 -1 -0.989362 -0.345065 -0.975747 -0.726435 0.343646 -0.996272 -1 0.368013 -0.725939 -0.534329 -1 -0.494517 -0.632164 0.23975 -0.202946 -0.322532 0.621358 -0.797685 -0.828415 0.643423 -1 -1 0.0997376 -0.997308 -0.108853 -0.556084 -0.168012 -0.695987 0.264847 0.219112 -0.77415 0.529138 -1 0.586387 0.898417 0.31574 -0.715125 0.0390536 -0.415875 -0.206362 0.0662678 -0.00273639 0.234501 0.303962 0.433034 0.197731 -0.152307 0.406643 -0.883866 -1 0.0490313 -0.983057 -0.742831 -1 -1 0.728617 -0.513306 -0.410473 -0.952008 -1 -0.178336 -0.327248 -0.156926 -1 0.914385 0.305664 -0.457863 -0.534466 -0.652083 0.145393 -0.856867 0.326416 0.179807 -0.0108323 0.0290094 0.21203 -1 -0.996804 -0.0898378 -0.416232 -0.215391 -0.455472 -0.116613 0.163858 -0.967879 -1 -0.520464 -0.628341 -0.618517 -0.669014 -0.598414 -0.957799 0.601321 -0.203693 0.433406 0.154632 0.199527 -0.456714 0.102216 -0.73791 0.238491 0.193244 0.000682044 -0.621392 -0.479273 -0.460192 -0.999112 0.564252 -0.967631 -0.27453 0.0333809 -1 0.5635 0.0577769 -0.554945 -1 -0.675123 -0.984544 -0.580828 -1 -0.309261 0.131548 0.500319 -0.350904 -1 -0.337387 -0.543807 0.461127 -0.341855 0.315038 -0.802546 0.0115358 -0.841522 
-1 -0.643296 -0.724552 -0.275944 -0.885855 -1 -0.349558 -1 -0.728466 0.347189 -1 -1 0.357944 -0.828499 -0.575543 -1 -0.487058 -0.439451 0.239072 -0.0492857 -0.352115 0.712408 -0.793311 -0.906021 0.761233 -0.949976 -0.951258 0.10217 -1 -0.160989 -0.355529 0.0071441 -0.446778 0.275297 0.228843 -0.498655 0.521322 -1 0.582523 0.895027 0.312941 -0.634227 0.0475265 -0.324655 -0.271608 0.0608864 0.158339 0.298207 0.292359 0.367231 0.347609 -0.153916 0.555724 -0.924972 -0.99652 0.0390752 -0.995895 -0.73287 -1 -1 0.649845 -0.521103 -0.321203 -1 -0.999762 -0.158817 -0.331535 0.087825 -1 0.925667 0.280338 -0.423394 -0.585716 -0.659448 0.14427 -0.856781 0.250334 0.178034 0.144622 0.0269396 0.242758 -1 -1 0.165859 -0.415107 -0.199136 -0.501964 -0.0304828 0.153633 -0.970916 -1 -0.504348 -0.632268 -0.661469 -0.773757 -0.599252 -0.967206 0.676785 -0.198482 0.498004 0.154632 0.186198 -0.187965 0.102216 -0.693259 0.238491 0.300372 -0.00524929 -0.502676 -0.483338 -0.478432 -0.923038 0.48809 -0.965788 -0.270148 0.034152 -0.998711 0.644663 0.0708248 -0.552635 -1 -0.455736 -0.779938 -0.602552 -1 -0.275736 0.343801 0.469227 -0.350904 -1 -0.341351 -0.49779 0.439549 -0.330657 0.313261 -0.806253 0.0244094 -0.697311 
-1 -1 -1 -0.681842 -1 -1 -0.697724 -1 -0.855098 -0.0173521 -1 -1 -0.0718812 -1 -0.447768 -0.927039 -0.658158 -1 -0.105361 -0.173379 -0.158535 0.558719 -0.781171 -1 0.312059 -1 -1 -0.461411 -0.996513 -0.55988 -0.682726 0.0553062 -0.754432 0.344162 -0.181317 -0.921795 0.701573 -0.995411 0.576917 0.40487 0.517125 -0.411847 -0.414709 -0.763612 -0.540093 0.0125298 0.130806 -0.00778067 0.4317 -0.0513907 0.32595 -0.427351 0.205562 -1 -1 -0.28705 -0.958422 -0.684978 -0.984498 -0.967511 0.814386 -0.949196 -0.541777 -1 -0.93821 -0.681521 -0.466185 -0.0147041 -0.905159 0.949098 0.512154 -0.374561 -0.2773 -0.675941 0.0608289 -0.812797 -0.254047 -0.0973118 -0.0317993 -0.264763 0.0788713 -0.73157 -1 -0.317705 -0.437824 -0.734938 -0.0481929 -0.0647308 0.202311 -0.573299 -0.92805 -0.741938 -0.663993 -0.646844 -0.960473 -0.677105 -0.706478 0.503816 -0.392907 0.422734 -0.593587 -0.0897414 -0.441326 0.338516 -0.718869 0.207509 0.146766 0.0760439 -0.461209 -0.181913 -0.934698 -0.934484 0.647392 -0.613831 -0.228582 0.119728 -1 0.840218 -0.199929 -0.383414 -0.995936 -0.321582 -0.691213 -0.805287 -1 -0.19548 0.0527526 0.353092 -0.546962 -1 -0.459299 -0.489027 0.486218 -0.348835 0.321402 -0.968982 -0.148814 -0.534224 
-0.945212 -0.951553 -0.843188 -0.251686 -0.911507 -0.972278 -0.374985 -1 -0.982298 0.222042 -1 -0.955016 0.195929 -0.869738 -0.574957 -1 -0.285245 -0.252682 -0.261195 -0.317646 -0.566434 0.448774 -0.857582 -1 0.627684 -0.806036 -0.961331 0.0378262 -1 -0.488602 -0.618333 -0.173029 -0.491469 0.00891212 0.301385 -0.946842 0.466329 -1 0.181353 0.879102 0.61113 -0.394003 -0.365206 -0.554707 -0.749319 -0.381336 -0.206411 -0.0236681 0.345889 0.385347 0.296494 -0.452931 0.863119 -1 -0.936139 0.0152631 -0.941814 -1 -1 -1 1 -0.944648 -0.1305 -0.985155 -1 -0.239552 -0.419353 0.0817459 -0.998829 0.41999 0.246476 -0.517488 -0.469509 -1 0.119896 -0.932521 0.130671 0.419634 0.177141 -0.306146 0.109325 -0.936007 -1 0.156149 -0.77597 -0.295024 -0.173624 -0.0500328 0.210206 -0.973533 -1 -0.417406 -0.542025 -0.659827 -0.798664 -0.707965 -0.707207 0.671582 -0.329108 0.473902 -0.000641259 -0.249963 -0.117536 0.306038 -0.655765 0.48583 -0.304231 0.128236 -0.427642 -0.244823 -0.551325 -0.95715 0.309503 -1 -0.511121 0.163705 -1 0.627677 -0.435017 -0.497413 -0.998648 -0.436254 -0.743233 -0.795798 -0.916576 -0.19548 0.0723449 0.513741 -0.3673 -1 -0.0896623 -0.618504 0.471502 -0.27287 -0.095786 -0.7811 0.0888475 -0.702043 
-1 -0.897778 -0.918247 -0.16283 -1 -0.99648 -0.356925 -1 -0.968317 -0.182128 -1 -1 0.298305 -1 -0.675049 -0.990083 -0.572078 -0.689006 0.192807 -0.21385 -0.376453 0.107803 -0.92327 -1 0.949738 -0.87387 -1 0.0418338 -0.999558 -0.114229 -0.703371 -0.354409 -0.784849 0.0376977 0.263608 -0.589738 0.60117 -1 0.32422 0.918204 -0.00281729 -0.635891 0.0451196 -0.519605 -0.395004 -0.205315 0.0139599 0.0478687 -0.0766664 0.394613 -0.046454 -0.259529 0.0552814 -0.920545 -1 -0.575271 -0.975102 -0.642268 -1 -1 0.412057 -0.555526 -0.528466 -1 -1 -0.333227 -0.495724 0.0447736 -1 0.914935 0.017037 -0.741425 -0.898392 -0.972064 -0.517282 -0.812871 -0.151395 0.13982 -0.250668 0.0290094 0.115344 -1 -1 0.158208 -0.411877 -0.921673 -0.880555 -0.0708223 0.00187097 -1 -1 -0.776358 -0.871951 -0.997215 -0.713696 -0.50186 -1 0.706698 -0.732947 0.377284 0.0859056 0.233027 -0.30423 -0.277226 -1 0.00925525 -0.110033 -0.0198504 -0.422844 -0.963595 -1 -1 0.385844 -1 -0.404392 0.0835794 -0.960078 0.576782 -0.178041 -0.543778 -1 -0.471662 -0.772341 -0.64787 -0.914201 -0.364585 0.384619 0.509437 -0.350904 -0.997009 -0.476761 -0.547671 0.459533 -0.31503 0.286124 -1 -0.0704312 -1 
-1 -1 -0.63459 -0.252701 -0.71957 -1 -0.642866 -1 -0.685403 0.231304 -1 -0.994385 0.347921 -0.81148 -0.476929 -0.983704 -0.16291 -0.527986 0.182311 -0.191454 -0.416629 0.648775 -0.862939 -1 0.702615 -1 -1 0.11742 -0.997932 -0.518302 -0.58438 -0.108886 -0.489137 0.0796417 0.235455 -0.551459 0.629041 -0.979681 0.430822 0.58055 0.517866 -0.488514 -0.198205 -0.264258 -0.267934 0.0589096 -0.118884 -0.00822001 0.518084 0.431728 0.336377 -0.310474 0.673965 -1 -0.986726 -0.0991548 -1 -1 -1 -0.960713 0.720234 -0.749665 -0.152754 -1 -1 -0.287146 -0.353328 0.234514 -1 0.823615 0.498408 -0.497782 -0.318382 -0.863815 0.151252 -0.857058 0.0633617 0.0749032 -0.0907184 0.0317551 0.303289 -0.717603 -1 0.183329 -0.271509 -0.5103 -0.140185 -0.0300972 0.191556 -0.645298 -1 -0.616715 -1 -0.597928 -0.622257 -0.517943 -0.713693 0.513674 -0.362894 0.641765 -0.0204545 0.0874552 -0.242764 0.208075 -0.561962 0.492088 0.19954 0.0986661 -0.939568 -0.386655 -0.717698 -0.925297 0.533008 -0.830421 -0.37611 0.126035 -0.99997 0.705788 -0.0084341 -0.475251 -0.960442 -0.581244 -0.660555 -0.889477 -0.86839 -0.215999 0.294341 0.443854 -0.486337 -1 -0.212158 -0.487487 0.212641 -0.397928 0.295845 -0.911771 -0.490694 -0.59161 
-0.915814 -1 -0.78708 -0.490819 -0.721522 -0.997593 -0.697849 -0.962846 -0.851963 0.208967 -1 -1 0.255276 -0.832706 -0.756275 -1 -0.361077 -0.482752 -0.0712407 -0.354591 -0.637953 0.67553 -1 -1 0.803495 -0.919577 -1 -0.232089 -0.971949 -0.158047 -0.490429 -0.15893 -0.513467 0.213637 0.0730803 -0.872248 0.518486 -1 0.185093 0.730329 0.512126 -0.535263 -0.107658 -0.285015 -0.586747 -0.789316 -0.332334 0.232477 0.449401 -0.186533 0.0267273 -0.624211 0.860644 -1 -1 -0.206599 -0.937328 -0.904961 -0.995242 -0.953702 0.786707 -0.681592 -0.242697 -0.980818 -1 -0.67446 -0.517567 0.0281142 -1 0.627258 0.365815 -0.671192 -0.443997 -0.765195 0.0546816 -0.939293 -0.339222 0.324307 0.117215 -0.223474 -0.00217517 -0.914733 -1 -0.0723614 -0.997026 -0.716666 -0.274905 0.0134677 0.17635 -0.998473 -1 -0.379251 -0.566063 -0.737963 -0.91147 -0.745711 -0.831387 0.517841 -0.327961 0.513415 0.204979 -0.427103 -0.406549 0.362918 -0.527119 0.0932042 0.179981 -0.284263 -0.479322 -0.449831 -0.988605 -1 0.286424 -1 -0.424237 -0.0783225 -0.90766 0.626181 -0.111016 -0.627216 -1 -0.432406 -0.74798 -0.741886 -1 -0.209145 0.132776 0.578464 -0.3673 -1 -0.099984 -0.591267 0.311273 -0.426275 -0.297918 -0.738234 -0.482098 -0.966815 
-1 -1 -0.741624 -0.513853 -0.705195 -1 -0.52495 -1 -0.924598 0.456511 -0.965556 -0.997876 0.0117508 -0.845808 -0.441454 -0.986184 -0.350903 -0.540594 -0.0657979 -0.408804 -0.432714 0.664819 -1 -1 0.720778 -0.992927 -0.983798 0.117409 -1 -0.506081 -0.36123 0.0179177 -0.465964 0.155141 0.0505853 -0.706407 0.136785 -0.942855 0.626159 0.941832 0.308596 -0.490662 -0.213826 -0.123591 -0.293155 0.000425231 0.194926 0.153195 0.246524 0.402333 0.382371 -0.410955 0.850849 -1 -1 -0.0742557 -0.924353 -0.644608 -0.947935 -0.906015 0.921011 -0.53963 -0.19663 -0.999201 -0.993921 -0.40693 -0.316049 0.161186 -0.872564 0.822858 0.50092 -1 -0.391642 -0.840151 0.235157 -0.859864 0.0491345 0.164441 0.0236761 -0.0269807 0.202306 -0.709026 -1 -0.0410255 -0.333449 -0.37324 -0.295911 -0.0493444 0.0374704 -0.708467 -0.936244 -0.584539 -0.830706 -0.670075 -1 -0.773382 -0.854752 0.519245 -0.418672 0.521952 0.250958 0.106582 -0.411074 0.147921 -0.482922 0.38713 0.343056 -0.25864 -0.611845 -0.399266 -0.765198 -0.871465 0.420783 -0.831233 -0.50125 0.0441677 -1 0.62172 0.0771192 -0.570867 -1 -0.449968 -1 -0.533646 -1 -0.309631 0.437265 0.49149 -0.354628 -1 -0.424872 -0.649334 0.472334 -0.312945 0.0520892 -0.977826 0.0851366 -0.70811 
-1 -0.641378 -0.72237 -0.272251 -0.866715 -0.997204 -0.361075 -1 -0.716554 0.380946 -1 -1 0.37013 -0.942459 -0.567975 -1 -0.824134 -0.57968 -0.030623 -0.0493355 -0.369327 0.726732 -0.801318 -1 0.92785 -0.934859 -0.962525 0.0870857 -1 -0.429563 -0.812599 -0.0638648 -0.527298 0.265064 0.0340804 -0.481724 0.529138 -1 0.516004 0.878164 0.0721063 -0.604017 0.105546 -0.328834 -0.435253 0.0347181 -0.137048 0.234048 0.116741 0.110181 0.151494 -0.426032 0.171293 -1 -1 -0.205861 -0.989604 -0.733872 -0.974045 -1 0.693369 -0.742075 -0.499558 -1 -0.96993 -0.0712648 -0.254223 0.0426372 -0.926407 0.673819 0.0361514 -0.622125 -0.784509 -0.688731 0.000396721 -0.808349 0.0659602 0.0814997 0.220824 0.0290094 0.216762 -1 -1 -0.0886257 -0.364803 -0.170851 -0.503963 -0.11947 0.166312 -1 -1 -0.467626 -1 -1 -0.938103 -0.551799 -0.917761 0.667376 -0.287278 0.390537 0.0497773 -0.319823 -0.194402 -0.122777 -0.793563 -0.225922 -0.0833974 0.000682044 -0.467155 -0.466601 -0.674533 -0.937826 0.356601 -1 -0.452306 -0.0526959 -1 0.739189 -0.0699563 -0.552635 -1 -0.321051 -1 -0.828506 -1 -0.250062 0.114116 0.272275 -0.527005 -1 -0.478865 -0.561852 0.420744 -0.25176 0.0512261 -1 0.0117963 -0.704102 
-0.747231 -0.076032 -0.943647 -0.000914313 0.207821 -0.1086 -1 -0.171942 -0.901272 -0.871092 -0.715698 0.249077 -0.831762 -0.406753 -0.955125 -0.912497 -0.210335 -0.953478 -1 -1 -0.440404 -0.328517 -0.0568333 -1 -1 -1 -0.215349 0.0394926 -1 -0.668558 0.0608622 -0.900155 -0.967798 -0.96294 -1 -1 -0.997307 -1 -1 -0.659623 0.0793993 -0.150897 -1 -1 -0.141472 -0.947287 -0.255528 -1 -0.0445399 -1 -0.884063 -1 -0.294319 -1 0.123388 -1 -0.998278 -0.769241 -0.814384 -1 -0.384783 -0.0743113 -0.769441 -0.529467 -0.168972 -0.271368 -1 -1 0.37744 -0.830418 -1 -0.699695 -0.384254 -0.906285 -0.286642 -0.869153 -0.678882 -1 -1 -1 -1 -1 0.135588 -0.503003 -0.909445 -1 -1 0.12464 -1 -0.0615598 -0.551459 -0.40991 -0.909859 -1 0.221667 -1 0.101014 -0.623345 0.499239 -1 -0.401209 -0.498144 -0.582696 -0.9755 0.381361 -0.116843 -0.898637 0.115624 -0.94531 -0.634296 -1 -0.16278 -0.533352 -0.913995 -0.91551 -1 -0.212512 -0.771518 0.231514 -0.92053 -0.274863 -0.17811 -0.483317 0.042033 0.296174 -0.197671 -0.949507 -0.152835 -0.534052 0.0167967 -0.220755 0.101292 -0.824918 -0.54871 -1 -0.997136 0.14776 -0.971751 
-0.998397 -0.744188 -0.718531 -0.254127 -0.768898 -0.999264 -0.378487 -1 -0.730212 0.453936 -1 -0.91997 0.371089 -0.834294 -0.538643 -0.918372 -0.218471 -0.298643 0.226708 -0.123925 -0.277488 0.667251 -0.755022 -0.915885 0.796532 -0.843961 -0.984282 0.121255 -1 -0.220725 -0.386847 0.029781 -0.321436 0.294509 0.389017 -0.440274 0.735985 -0.992304 0.612856 0.872326 0.538381 -0.40435 0.0240209 -0.285079 -0.273954 0.0503513 0.121414 0.298821 0.571944 0.36538 0.324878 -0.198639 0.851448 -1 -1 -0.00137738 -0.841359 -0.728941 -1 -0.965261 0.937886 -0.550794 -0.135492 -0.99444 -1 -0.126688 -0.346138 0.147863 -1 0.855461 0.486433 -0.473476 -0.290632 -0.602803 0.370505 -0.842855 0.22857 0.358166 0.145958 0.00833154 0.342178 -0.703351 -0.999969 0.169467 -0.331355 -0.225183 -0.150772 -0.0423373 0.167944 -0.70012 -1 -0.478685 -0.603335 -0.683573 -0.790546 -0.573198 -0.720707 0.663045 -0.188067 0.64205 0.241505 0.106568 -0.18515 0.295303 -0.482922 0.502872 0.310719 0.103575 -0.450761 -0.289367 -0.569947 -0.994144 0.543983 -0.823095 -0.256278 0.0534172 -1 0.783086 -0.0069205 -0.491786 -1 -0.335373 -0.698369 -0.603224 -0.884833 -0.212924 0.353523 0.494844 -0.357054 -1 -0.0882019 -0.489118 0.372257 -0.351704 0.27814 -0.813494 0.00510315 -0.45562 
-0.995485 -0.673841 -0.814977 -0.322898 -0.832915 -0.991766 -0.477716 -1 -0.739367 0.399691 -1 -1 0.222732 -0.826637 -0.557037 -1 -0.512967 -0.300157 0.11542 -0.0898737 -0.330103 0.75535 -0.753235 -1 0.780771 -0.929196 -1 0.132144 -0.969799 -0.209517 -0.445406 0.0990339 -0.746142 0.312047 0.2117 -0.460024 0.508104 -1 0.347801 0.874428 0.381067 -0.647034 -0.0735595 -0.300971 -0.28083 0.0908944 -0.0250238 0.278932 0.303962 0.223007 0.0357372 -0.146485 0.458394 -0.9041 -1 0.0517679 -0.900236 -0.713267 -1 -1 0.669707 -0.525057 -0.316298 -1 -1 -0.147656 -0.380632 0.0720225 -1 0.919574 0.313697 -0.415267 -0.606996 -0.592228 0.162525 -0.823477 0.245327 0.208498 0.150875 -0.00237757 0.198027 -1 -0.951298 0.146214 -0.407089 -0.100232 -0.470914 -0.0136797 0.117543 -0.911819 -1 -0.535638 -0.641889 -0.627568 -0.777432 -0.846983 -1 0.670391 -0.181853 0.291326 0.116325 0.224581 -0.169629 0.110975 -0.66516 0.282815 0.442313 -0.00354257 -0.380737 -0.490837 -0.463853 -0.873348 0.500659 -0.942269 -0.251022 0.0437164 -0.994619 0.669124 0.133458 -0.570663 -0.995717 -0.451745 -0.93618 -0.547973 -1 -0.288179 0.358074 0.525261 -0.409403 -0.990782 -0.428083 -0.483373 0.447905 -0.48027 0.0257516 -1 0.0445669 -0.965475 
-0.995485 -0.662305 -0.705541 -0.241308 -0.832915 -0.991766 -0.421201 -0.993465 -0.717269 0.360123 -1 -1 0.343736 -0.826637 -0.557037 -0.986841 -0.514218 -0.362759 0.251101 -0.056479 -0.317782 0.713038 -0.785228 -0.892335 0.780771 -0.925768 -0.962666 0.132144 -1 -0.209517 -0.364067 0.0376075 -0.458384 0.312047 0.2117 -0.460024 0.521148 -0.991046 0.591361 0.874428 0.345841 -0.647034 0.025186 -0.327884 -0.28083 0.0908944 0.105748 0.278932 0.303962 0.392984 0.313053 -0.146485 0.546354 -0.92615 -1 0.0517679 -0.955499 -0.713267 -1 -1 0.669707 -0.516077 -0.316298 -0.992287 -0.991466 -0.147656 -0.37493 0.0720225 -1 0.919574 0.313697 -0.415267 -0.595619 -0.5834 0.162525 -0.823477 0.245327 0.206922 0.150875 -0.00237757 0.209936 -0.984529 -1 0.157393 -0.407089 -0.157039 -0.470914 -0.0136797 0.175553 -0.911819 -1 -0.457481 -0.641889 -0.665159 -0.777432 -0.589399 -0.898327 0.670391 -0.181853 0.513662 0.116325 0.224581 -0.134901 0.110975 -0.66516 0.282815 0.3457 -0.00354257 -0.436401 -0.4933 -0.463853 -0.950336 0.500659 -0.96861 -0.241441 0.0333319 -0.994619 0.59114 0.0569863 -0.497413 -0.995717 -0.451745 -0.755773 -0.602322 -1 -0.288179 0.358074 0.523471 -0.315758 -0.990782 -0.341458 -0.483373 0.447905 -0.352578 0.296991 -0.822586 0.0297456 -0.703351 
-1 -1 -0.798317 -0.237082 -0.594897 -0.877616 -0.254247 -0.717593 -0.790598 0.104643 -0.894736 -1 0.0191574 -1 -0.726764 -1 -0.361383 -0.508427 0.266926 0.096026 -0.542422 0.608588 -1 -1 0.569525 -0.657534 -0.948456 -0.016672 -0.904744 -0.363553 -0.827274 -0.270825 0.055191 0.117912 0.702141 -0.947515 0.460944 -0.823119 0.52031 0.757195 0.0792776 -0.840491 -0.15386 -0.214645 -0.807738 0.126683 -0.55247 0.369977 0.496149 0.456303 -0.194765 -0.0304245 0.861662 -1 -1 -0.124972 -0.949217 -0.827264 -0.953067 -1 0.444251 -0.548951 -0.923069 -0.965111 -0.809784 -0.469756 -0.603069 0.00212737 -1 0.549099 0.646318 -0.067001 -0.615052 -0.309974 -0.360616 -1 0.276442 0.0848295 -0.166483 -0.174407 0.201758 -0.495308 -0.887913 -0.0889926 -0.43252 -0.267694 -0.250523 -0.291721 0.0533929 -0.611231 -1 -0.803396 -0.954391 -0.706317 -0.840133 -0.53936 -0.783647 -0.127871 -0.248035 -0.00717829 -0.0139672 0.155546 -0.311675 0.143328 -0.699185 0.491508 0.264579 0.242364 -0.535128 -0.411721 -1 -0.972813 0.0204553 -0.901161 -0.413551 0.113736 -1 0.728679 -0.0660737 -0.609983 -1 -0.237469 -0.950214 -0.719826 -0.987631 -0.497945 0.112484 0.713145 -1 -1 -0.443731 -0.230426 0.102164 -0.648478 -0.014489 -0.939923 -0.241632 -0.281834 
-1 -1 -0.773225 -0.245902 -0.743005 -1 -0.463749 -0.948766 -0.884039 0.293531 -0.877898 -0.90036 0.306715 -0.994358 -0.578189 -0.999737 -0.357216 -0.513488 0.144175 0.161009 -0.266493 0.720798 -0.995558 -1 0.55574 -0.937931 -0.721618 0.113596 -0.972054 -0.0769901 -0.704395 -0.267852 -0.120497 0.239833 0.665468 -0.525666 0.8049 -0.996807 0.132194 0.772029 0.166883 -1 0.118487 -0.401857 -0.72817 0.118043 -0.0479688 0.558201 0.527688 0.441409 0.0367908 -0.122014 0.871625 -1 -1 -0.289373 -0.99474 -0.746571 -1 -0.996248 0.773861 -0.455554 -0.633535 -1 -0.823537 -0.252296 -0.500566 -0.0469634 -1 0.346635 0.354118 0.00537282 -0.741283 -0.413383 -0.173548 -1 0.0128456 0.114142 0.116619 -0.0331087 -0.215286 -0.25658 -1 0.113615 -0.526641 -0.60489 -0.237967 -0.371151 0.28004 -0.881663 -0.998604 -0.407093 -0.507402 -0.683016 -0.986978 -0.486207 -1 0.189032 -0.422692 0.325928 -0.152725 0.190227 -0.0699527 0.182594 -0.804679 0.482778 0.580033 0.272739 -0.750367 -0.497429 -0.552618 -0.939934 0.260235 -1 -0.56477 -0.0831107 -1 0.719275 -0.117204 -0.79061 -0.991448 -0.356808 -0.916753 -0.612933 -0.856918 -0.571853 0.0729737 0.617833 -0.738299 -1 -0.509429 -0.246051 0.361437 -0.560013 0.107455 -0.954388 -0.255226 -0.629943 
-0.997607 -0.95653 -0.719721 -0.248437 -0.772462 -1 -0.38252 -1 -0.730732 0.217658 -1 -1 0.195929 -0.834294 -0.423833 -0.920611 -0.217733 -0.306892 0.00797239 -0.317646 -0.574379 0.666101 -0.861746 -1 0.627684 -0.792793 -0.961331 0.0378262 -1 -0.488602 -0.359198 0.0206469 -0.54867 -1.17961e-05 0.300943 -0.734889 0.655615 -0.895871 0.44315 0.879102 0.622324 -0.404314 -0.0703044 -0.556941 -0.752837 -0.160501 -0.0312206 0.218877 0.578942 0.293045 0.29572 -0.37668 0.822678 -1 -0.927076 0.0152631 -1 -1 -1 -1 0.947798 -0.943906 -0.151754 -1 -0.966719 -0.239552 -0.502827 0.0817459 -0.998958 0.588431 0.33311 -0.512934 -0.432237 -0.846928 0.0885951 -0.932521 0.226987 0.423196 0.163871 -0.229679 0.0955375 -0.931321 -1 0.165965 -0.77597 -0.289442 -0.161876 -0.0500328 0.210206 -0.699498 -0.999135 -0.419882 -0.547633 -0.749025 -0.740699 -0.718224 -0.705669 0.678655 -0.329108 0.617043 0.2112 -0.174726 -0.178761 0.306038 -0.462264 0.494268 -0.0177303 0.12793 -0.427642 -0.215318 -0.551325 -0.95715 0.309312 -0.928092 -0.249755 0.21761 -1 0.627677 -0.182711 -0.499966 -1 -0.444457 -0.743233 -0.798188 -0.916576 -0.204088 0.0723449 0.499226 -0.365778 -1 -0.176796 -0.620171 0.47193 -0.204509 0.158575 -0.7811 0.0922131 -0.715298 
-0.9978 -0.653122 -0.728791 -0.252526 -0.871391 -0.991751 -0.376049 -1 -0.707552 0.330329 -1 -0.99543 0.382456 -0.828369 -0.555485 -0.996422 -0.487687 -0.435789 0.247901 -0.0503185 -0.337266 0.722671 -0.79445 -0.900812 0.733495 -0.964083 -0.948722 0.0975345 -1 -0.154878 -0.354098 -0.00389037 -0.455802 0.261224 0.212751 -0.494031 0.507573 -1 0.582523 0.883127 0.301644 -0.642317 0.0323689 -0.335341 -0.289816 0.0720463 0.161145 0.309818 0.309009 0.371734 0.333232 -0.152077 0.558765 -0.915317 -1 0.0517679 -0.98536 -0.732951 -1 -1 0.656872 -0.531999 -0.316298 -1 -0.992278 -0.165388 -0.341891 0.0831217 -1 0.904213 0.297936 -0.421522 -0.582156 -0.646187 0.13451 -0.859697 0.250334 0.178034 0.125474 0.0208681 0.238377 -0.993612 -1 0.173423 -0.437327 -0.194855 -0.490307 -0.0304828 0.159489 -0.970127 -1 -0.499199 -0.632268 -0.6552 -0.770212 -0.589961 -0.961712 0.676785 -0.201704 0.498004 0.140654 0.200902 -0.187965 0.0988384 -0.687056 0.241464 0.312255 0.000112059 -0.487726 -0.485114 -0.472981 -0.938455 0.474975 -0.963584 -0.270148 0.0183246 -1 0.641179 0.0782986 -0.558048 -0.995317 -0.46823 -0.772321 -0.598006 -0.996148 -0.275736 0.340364 0.504725 -0.350904 -1 -0.338352 -0.498461 0.461127 -0.318286 0.288785 -0.801995 0.0172258 -0.697544 
-0.992905 -0.616911 -0.989442 -0.177345 -1 -1 -0.488046 -0.996488 -0.677047 0.359826 -0.915424 -1 0.100992 -1 -0.597505 -1 -0.471986 -0.727675 0.243789 -0.286986 -0.598302 0.470828 -1 -0.966062 0.585266 -0.916613 -0.987252 -0.131072 -0.997308 -0.272177 -0.505458 0.0664816 -0.449981 0.348298 0.217778 -0.388122 0.288094 -1 0.60235 0.487056 0.219442 -0.88075 0.054269 -0.404872 -0.310706 0.12119 0.0725529 0.27981 0.303962 0.184262 0.330872 -0.0672901 0.277523 -0.847616 -1 0.0517679 -1 -0.739575 -1 -1 0.608367 -0.802199 -0.461898 -0.986558 -0.976698 -0.401102 -0.486473 0.0820912 -1 0.824861 0.297183 -0.423394 -0.809674 -0.646187 0.230622 -1 0.347284 -0.2278 0.18462 -0.200084 0.0905683 -0.997433 -1 -0.0191161 -0.430357 -0.314309 -0.488516 -0.1299 -0.0758216 -0.982245 -1 -0.708855 -0.627482 -0.755396 -1 -0.749472 -1 0.677461 -0.21138 0.274047 0.154632 0.302904 -0.183306 -0.00525562 -1 0.203893 -0.0432442 -0.0603529 -0.51199 -0.493687 -0.55562 -1 0.351198 -0.965467 -0.270148 0.00747572 -1 0.458897 0.0958374 -0.616294 -1 -0.450536 -1 -0.768963 -1 -0.211853 0.336032 0.259732 -0.30039 -1 -0.356048 -0.781738 0.116333 -0.573756 0.462826 -0.801995 0.0131456 -0.68532 
-1 -0.775784 -0.900809 -0.287389 -1 -0.988574 -0.360265 -1 -0.687569 0.361786 -1 -1 0.377543 -0.843666 -0.572311 -1 -0.815854 -0.5225 0.231572 -0.0405725 -0.3262 0.716049 -0.737472 -1 0.763331 -1 -0.962513 0.0997376 -0.993082 -0.146986 -0.350504 0.0071441 -0.596404 0.268779 0.216381 -0.518968 0.529138 -1 0.582318 0.791503 0.188663 -0.811198 0.100957 -0.246886 -0.375875 0.0631381 0.0893356 0.309987 0.293055 0.402446 0.344766 -0.171011 0.551836 -0.917639 -1 0.0250444 -0.98478 -0.729958 -1 -1 0.658275 -0.744628 -0.316044 -0.996792 -1 -0.173171 -0.584242 0.133648 -1 0.925103 0.165715 -0.682119 -0.607271 -0.560509 0.212946 -0.973832 0.236505 0.138552 0.14954 0.0250829 -0.0658787 -1 -0.999523 -0.00737037 -0.540175 -0.10226 -0.499973 -0.0296612 0.158478 -0.96845 -0.997458 -0.583176 -0.632633 -0.856537 -0.760549 -0.599053 -0.956813 0.68063 -0.210606 0.195408 0.211298 0.196673 -0.140258 0.102217 -0.9138 0.234538 0.30133 -0.0773358 -0.694324 -0.500918 -0.652082 -0.937826 0.338619 -1 -0.280978 0.0337806 -1 0.644501 0.0746229 -0.550178 -1 -0.423952 -0.826433 -0.81557 -0.998012 -0.280609 0.130477 0.495518 -0.482295 -0.995776 -0.320416 -0.745635 0.534471 -0.335366 0.308981 -0.802546 0.0231009 -0.739029 
-0.573793 -0.0162164 -1 -0.690307 -0.259606 0.803447 -1 0.602726 -0.970531 -0.527852 -1 -0.240125 -0.74035 -0.99942 -0.241136 -1 -0.998715 -1 -0.965234 0.101734 0.683363 -0.626258 -0.241725 -0.849845 -0.62016 -0.368698 0.751439 -0.921632 -0.946944 -0.519592 -1 -1 -1 0.126406 -0.983761 -1 -1 -0.958833 -0.7283 -0.918061 0.61931 -0.114964 -0.80249 -0.970861 -0.510819 -0.451831 -1 0.490179 0.702493 -0.421202 -0.301014 -1 -1 0.0987538 -0.712173 -0.584155 -0.354893 0.789208 0.58582 -0.828035 0.198968 -0.225517 -0.514935 0.148222 0.937411 -0.161864 -1 -0.0143439 0.57259 -0.199756 0.146498 -0.794518 -0.988225 -1 -1 -1 0.0992771 -1 0.374517 -0.59333 -0.967333 0.518063 0.684273 -0.50289 -0.93722 0.0929844 0.799825 0.599869 -1 -1 -0.96007 0.119858 0.100058 -1 -0.558875 -0.399281 -1 -0.293096 -0.759626 0.121832 -0.812369 0.764928 -1 -0.805812 0.0641662 0.17985 -0.292228 -0.586312 -0.996575 -1 0.541334 -0.577891 0.765365 -0.321516 -0.59484 0.876105 -0.408339 -0.364003 -0.248827 -1 -1 -1 0.511629 -0.293176 -0.949811 -0.14623 -0.923914 -0.912286 -0.960015 -0.969672 -0.57177 -0.243367 -0.995885 -1 -1 -0.186268 0.429278 -0.429619 
-0.0288178 -0.560559 0.084959 0.36277 0.0479355 -0.340223 0.416146 0.526836 0.777305 -0.988922 -1 0.576523 0.691561 -0.667048 0.0336043 -0.850004 -1 -0.468878 -0.674941 0.636484 -0.744717 -0.284879 0.784465 0.90245 -0.413806 -0.564013 0.468811 -1 -0.0945766 0.474351 0.217868 -0.922591 0.254931 -0.652056 -0.818965 -0.894879 0.637425 -1 0.1474 -0.937404 -0.790087 -0.918523 0.57332 -0.331624 -0.215032 -0.516512 -0.299371 0.0218608 -1 -0.321878 -0.837148 -0.211964 -0.55172 -0.0999326 -0.633117 -0.866527 -0.215538 -0.341156 -0.742859 -0.703509 -0.416115 -1 0.354347 0.50325 0.310534 -0.392431 -1 0.0355466 0.167428 0.128232 -0.424674 0.182779 -0.220908 -1 0.109935 -0.262544 -1 -0.277104 -0.836882 -1 -0.746521 -0.921726 -0.793515 -0.21272 -1 -0.051288 -0.635943 -0.926587 0.180809 -0.787746 0.372734 0.658895 -0.958843 0.381331 -0.228082 -0.833697 -0.253895 0.664879 -0.523444 0.474836 -0.556715 -0.547862 0.0836632 -0.272199 0.0225966 -0.316085 -0.235863 -1 0.399934 0.839275 -0.331843 -0.919712 0.25042 0.346661 -1 -0.868675 -0.711097 -0.744024 -1 -0.89998 -0.885047 0.351922 0.303436 -0.927923 0.00437325 -0.916303 -0.596307 -1 0.0336971 -0.644595 -1 -0.772401 -0.185926 -0.605589 -0.8259 -0.116256 -0.209165 -0.177678 
-0.995614 -0.848363 -1 -0.514911 -1 -0.994055 -0.290754 -1 -0.792708 0.274534 -0.992321 -0.876142 -0.109258 -0.988513 -0.373879 -0.919943 -0.435053 -0.648484 0.0110136 -0.112899 -0.206064 0.777339 -0.880134 -0.922323 0.623506 -1 -1 -0.384116 -1 -0.775009 -0.730405 0.0571405 -0.306666 0.279717 -0.0819206 -1 0.687429 -1 0.589684 0.278048 0.213281 -0.394003 -0.425963 -0.433816 -0.568644 -0.0898953 0.220416 0.0287808 0.403368 0.136169 0.163581 -0.44292 0.33766 -0.923136 -1 -0.25164 -1 -0.818807 -1 -1 0.671214 -1 -0.262131 -1 -0.968384 -0.0802936 -0.528503 -0.0311843 -1 0.935561 0.489352 -0.51796 -0.36327 -0.659588 0.157265 -0.833109 0.107356 0.158249 0.134911 -0.0673534 -0.0637601 -0.882941 -1 0.0958773 -0.363539 -0.700409 -0.363269 -0.00503727 0.057468 -0.700537 -1 -0.958828 -0.787958 -0.685515 -0.950416 -0.482037 -0.587138 0.541484 -0.528159 0.435725 -0.148475 -0.0603772 -0.229961 0.390483 -0.620864 0.410136 0.0159884 0.101757 -0.47397 -0.281578 -0.87284 -0.996975 0.60349 -0.918878 -0.28576 -0.13824 -1 0.832135 -0.215899 -0.693938 -0.982624 -0.457201 -0.618918 -0.745836 -0.999184 -0.235578 0.333867 0.357843 -0.452075 -1 -0.335374 -0.555682 0.41484 -0.322778 0.235983 -1 -0.100778 -0.603104 
-0.54764 -0.038816 -1 0.288262 0.254763 0.0707492 -1 -0.0212903 -1 -0.651405 -0.0113536 0.392672 -0.777799 -0.442242 -1 -0.926188 -0.209655 -1 -0.99669 -0.816813 -0.302045 -0.271176 0.19843 -1 -1 -1 -0.125284 0.015282 -0.792728 -0.907991 -0.0642912 -0.819607 -1 -1 -1 -1 -0.996167 -1 -0.752704 -0.384153 0.567043 -0.0121283 -1 -1 0.118043 -0.567282 -0.130276 -0.542675 0.148276 -1 -0.633229 -0.750744 -0.049474 -1 0.475821 -1 -1 -0.861692 -0.99593 -1 -0.476755 0.476208 -0.598592 -0.672189 0.0348157 0.127023 -0.786439 -1 0.520218 -0.49204 -0.805674 -0.456855 -0.123265 -1 -0.305274 -0.720262 -0.419944 -0.991836 -0.79224 -0.991749 -0.686211 -1 0.16836 -0.34361 -0.365127 -0.836268 -0.88027 0.347187 -1 -0.18972 0.00966977 -0.0320613 -1 -0.894242 0.574888 -0.996216 0.360167 -0.170094 0.561618 -0.795334 -0.305764 -0.0810142 -0.431355 -0.787087 0.484177 -0.0848255 -0.567038 0.303274 -0.388978 -0.490894 -1 -0.282687 -0.572373 -1 -0.953149 -1 -0.241552 -0.584673 0.459195 -1 -0.253598 -0.0331625 -0.708597 0.133716 0.308282 -0.354738 -0.534075 0.0330214 -0.291652 0.134649 -9.39202e-05 0.31103 -0.816618 -0.117953 -0.918922 -0.699988 0.361317 -0.935236 
-0.908412 -0.664935 -0.856452 -0.174207 -0.82333 -0.993288 -0.542796 -0.993465 -0.636967 0.360123 -1 -1 0.333868 -0.800719 -0.769817 -0.995344 -0.724631 -0.350099 -0.0464442 -0.367569 -0.317782 0.703448 -0.799745 -0.913745 0.780771 -0.948329 -1 -0.0167956 -1 -0.215061 -0.368976 0.0252101 -0.644264 0.224537 0.202345 -0.703336 0.388889 -1 0.586929 0.939514 0.345841 -0.777453 0.025186 -0.325593 -0.470874 -0.20607 -0.144627 0.274748 0.303962 0.27619 0.322488 -0.154938 0.534127 -0.92615 -0.995037 -0.105491 -0.952336 -0.852485 -1 -1 0.579564 -0.516801 -0.45886 -0.992287 -1 -0.17718 -0.482408 0.0731025 -1 0.611778 0.302498 -0.412109 -0.740866 -0.814953 0.201398 -0.852097 0.230698 0.206922 0.190366 -0.00237757 0.111903 -1 -1 0.134765 -0.407089 -0.267315 -0.585691 -0.0171891 0.275225 -0.902431 -1 -0.459979 -0.639818 -0.677411 -0.794969 -0.589399 -1 0.362382 -0.454807 0.324774 -0.0162605 0.214277 -0.23123 0.110975 -0.935135 0.272424 0.33661 0.0014105 -0.384496 -0.496998 -0.463853 -0.952364 0.261303 -0.96861 -0.241441 0.105359 -0.986449 0.589147 0.0569863 -0.445692 -1 -0.467249 -0.769835 -0.598793 -1 -0.222585 0.0644989 0.380035 -0.24241 -1 -0.341861 -0.499093 0.452322 -0.359586 0.296991 -0.818809 -0.218553 -0.736209 
-0.996402 -0.742115 -0.645495 -0.317384 -0.740511 -1 -0.644926 -0.996064 -0.740608 0.321511 -1 -1 0.224654 -0.752497 -0.543396 -1 -0.222914 -0.300681 0.215746 -0.107989 -0.472718 0.507799 -0.755763 -1 0.789583 -0.834528 -0.969342 0.0980042 -1 -0.18609 -0.356444 -0.268629 -0.449845 0.282489 0.151391 -0.735974 0.761989 -0.992304 0.602468 0.858413 0.543152 -0.471283 -0.166144 -0.267975 -0.281629 0.0455208 0.022743 0.285905 0.556679 0.357903 0.327292 -0.320256 0.845621 -0.997524 -1 0.000907837 -0.971409 -0.801925 -0.996715 -0.96893 0.935608 -0.788387 -0.310452 -1 -0.998452 -0.231772 -0.635337 0.21845 -0.995303 0.880589 0.31923 -0.479072 -0.26736 -0.876538 0.42411 -1 0.197701 0.310051 -0.140314 0.0831556 0.348938 -0.770078 -1 0.159811 -0.332632 -0.378765 -0.290298 -0.0300972 0.27044 -0.695808 -0.997139 -0.487178 -0.681486 -0.781814 -0.940453 -0.578225 -0.720345 0.66806 -0.165639 0.457434 0.248891 0.164875 -0.170757 0.0342619 -0.433388 0.493477 0.223392 0.092076 -0.444551 -0.289367 -0.628611 -1 0.536452 -0.838506 -0.24961 0.0576918 -0.995637 0.781591 -0.00143994 -0.501057 -1 -0.337251 -0.673678 -0.762581 -0.884603 -0.19548 0.370942 0.509661 -0.353094 -0.956393 -0.243737 -0.506736 0.373033 -0.360922 0.177161 -0.827893 -0.103569 -0.46539 
-0.995953 -0.95653 -0.719721 -0.248437 -0.774192 -1 -0.38252 -1 -0.730732 0.229985 -1 -0.996221 0.195929 -0.834294 -0.423833 -0.920611 -0.206064 -0.312094 0.00797239 -0.317646 -0.580675 0.664581 -0.861746 -1 0.627684 -0.793816 -0.972962 0.0378262 -1 -0.488403 -0.359198 0.0206469 -0.536761 -1.17961e-05 0.300943 -0.722212 0.646905 -0.905959 0.44315 0.881515 0.622324 -0.408429 -0.0703044 -0.556941 -0.760856 -0.150872 -0.0449737 0.227102 0.578942 0.293045 0.303287 -0.37668 0.822678 -1 -0.927076 0.0152631 -1 -1 -1 -1 0.947798 -0.943926 -0.140866 -1 -0.976627 -0.239552 -0.488902 0.0817459 -1 0.588431 0.33311 -0.51226 -0.433266 -0.832287 0.0922092 -0.932521 0.226987 0.423196 0.156258 -0.229679 0.0933263 -0.936007 -1 0.153351 -0.77597 -0.289442 -0.161876 -0.0500328 0.210206 -0.699498 -0.999135 -0.412598 -0.547633 -0.760859 -0.740699 -0.718224 -0.705669 0.678655 -0.329108 0.616483 0.200623 -0.174846 -0.178761 0.306038 -0.462264 0.494268 -0.0177303 0.11449 -0.427642 -0.215318 -0.555442 -0.95715 0.314777 -0.928092 -0.249755 0.213775 -1 0.627677 -0.182971 -0.497413 -1 -0.436653 -0.743233 -0.798188 -0.916576 -0.19548 0.0723449 0.50761 -0.365778 -1 -0.181202 -0.619222 0.47193 -0.204961 0.158575 -0.7811 0.0922131 -0.702043 
-0.915814 -1 -0.732808 -0.239576 -0.747396 -1 -0.467167 -1 -0.726503 0.37122 -1 -1 0.195795 -0.834294 -0.506876 -1 -0.209254 -0.29693 0.00797239 -0.359603 -0.437607 0.664284 -1 -1 0.803495 -0.842718 -0.984574 0.00881449 -0.936124 -0.208264 -0.361641 0.0142507 -0.543131 0.124055 0.304435 -0.701581 0.657387 -0.939204 0.303207 0.717668 0.512133 -0.324157 0.0240209 -0.285015 -0.586747 -0.309664 -0.0885666 0.257894 0.662771 0.105753 0.318263 -0.637105 0.836921 -0.952886 -1 -0.242673 -0.936048 -0.753825 -1 -0.932174 0.947798 -0.653315 -0.1305 -0.974396 -1 -0.483503 -0.483884 0.0725393 -1 0.880063 0.383862 -0.490485 -0.433491 -0.765278 0.0775999 -0.839874 -0.0163615 0.361685 0.150079 -0.23681 -0.00963373 -1 -1 0.165965 -0.815192 -0.470906 -0.181518 0.0144431 0.17635 -0.975559 -1 -0.481652 -0.577057 -0.693367 -0.740699 -0.580732 -0.709516 0.447972 -0.329284 0.605432 0.203326 -0.185051 -0.172512 0.362209 -0.602595 0.493614 0.1814 0.0986295 -0.428234 -0.44616 -0.795144 -0.901864 0.293552 -0.923323 -0.267797 0.120078 -0.896425 0.628848 -0.182711 -0.413921 -1 -0.432406 -0.743233 -0.611438 -0.90508 -0.2049 0.0861586 0.576842 -0.387011 -1 -0.0970392 -0.593269 0.430826 -0.286716 -0.00742768 -0.742525 -0.0524238 -0.589765 
-1 -0.745071 -0.755305 -0.237905 -0.659232 -1 -0.399456 -0.989224 -0.744963 0.456511 -1 -1 0.383151 -0.769125 -0.579032 -0.91815 -0.29093 -0.324717 0.200567 -0.0956977 -0.275218 0.764318 -0.937052 -1 0.503128 -0.982984 -0.8984 0.117409 -0.997356 -0.496574 -0.78518 -0.262852 -0.784333 0.289999 0.0482468 -0.627419 0.445065 -1 0.593414 0.856666 0.471075 -0.54064 0.121037 -0.272692 -0.24301 -0.344098 0.0760649 0.176493 0.33222 0.32688 0.139835 -0.411617 0.636591 -0.995345 -1 -0.00137738 -0.841468 -0.824974 -1 -0.986701 1 -0.475703 -0.260322 -1 -1 -0.128854 -0.618718 0.143527 -1 0.791157 0.50092 -0.618355 -0.26736 -0.645382 0.382784 -1 0.290329 0.418196 -0.0326196 0.0247113 0.15188 -0.936344 -1 0.146661 -0.650244 -0.284967 -0.142461 -0.210574 0.17635 -0.660291 -1 -0.414956 -0.82766 -1 -0.763016 -0.783995 -0.791179 0.381655 -0.178378 0.358463 -0.016518 0.199277 -0.172058 0.20034 -0.488453 0.469915 0.446475 0.100581 -0.679614 -0.31338 -0.639145 -0.897026 -0.00228238 -0.74145 -0.575857 -0.221519 -1 0.794787 -0.526886 -0.499492 -0.997633 -0.322316 -0.689003 -0.772148 -0.866547 -0.295039 0.367085 0.503063 -0.614728 -1 -0.325756 -0.500039 0.381702 -0.360685 0.146537 -0.816592 0.0046104 -0.661172 
-1 -1 -1 -0.615691 -0.924992 -0.995408 -0.330371 -1 -0.861514 0.365011 -1 -1 -0.0331865 -1 -0.458541 -1 -0.228933 -0.6099 0.116186 -0.226947 -0.452722 0.505254 -0.996864 -1 0.754662 -1 -1 -0.235346 -1 -0.488309 -0.733919 0.0553062 -0.56315 0.201925 -0.0741435 -1 0.36211 -1 0.401386 0.348467 0.0370511 -0.528089 -0.470835 -0.577548 -0.529547 -0.0825597 -0.332676 0.109103 0.472449 -0.147902 0.218358 -0.542687 0.387818 -0.896865 -0.992027 -0.28705 -0.881242 -0.968035 -0.913223 -1 0.506464 -0.899047 -0.260645 -0.911276 -1 -0.187989 -0.60447 -0.064068 -0.99612 0.99107 0.208082 -0.420237 -0.485624 -0.49611 0.148307 -0.750452 -0.0340147 0.263055 0.0381528 -0.0383567 0.132997 -0.679778 -1 -0.16634 -0.374811 -0.711238 -0.230189 -0.113638 0.188569 -0.835037 -0.846859 -0.664577 -1 -0.640574 -1 -0.68143 -0.851856 0.585483 -0.393524 0.193996 -0.25871 -0.531845 -0.260273 0.049188 -0.726149 0.344481 -0.310567 0.089169 -0.606909 -0.375492 -0.96975 -1 0.466814 -0.694683 -0.379069 0.0242099 -1 0.65148 -0.37537 -0.650364 -0.958515 -0.325329 -0.7904 -0.736218 -0.996197 -0.204634 0.231696 0.319519 -0.475322 -1 -0.486589 -0.489027 0.27382 -0.294592 0.381376 -1 0.0399607 -0.76733 
-0.999787 -0.709632 -0.733216 -0.533594 -1 -0.990218 -0.476502 -1 -0.773512 0.360123 -1 -1 0.343736 -0.857732 -0.572769 -1 -0.528063 -0.519134 0.22413 -0.0605085 -0.353585 0.804171 -0.785228 -0.948682 0.866699 -0.969711 -0.981044 0.125015 -1 -0.474492 -0.658158 0.0344421 -0.523398 0.277272 0.205821 -0.450758 0.271426 -0.991046 0.575065 0.855508 0.422499 -0.807733 -0.143286 -0.419576 -0.440405 0.0725612 0.0990756 0.349953 0.303962 0.392984 0.265875 -0.166208 0.546354 -0.929665 -0.995204 0.0517679 -0.944809 -0.713521 -1 -1 0.673869 -0.544329 -0.316298 -1 -0.986106 -0.162982 -0.37493 0.0510167 -1 0.916009 0.313697 -0.593831 -0.585649 -0.720808 0.16588 -0.822325 0.143366 -0.0466903 0.138436 0.00459592 0.0056958 -1 -0.999778 0.129465 -0.426781 -0.159127 -0.498107 -0.0308469 0.18897 -0.858662 -1 -0.494162 -0.733741 -0.672725 -0.965628 -0.555846 -1 0.644017 -0.35883 0.519632 0.0429421 0.169472 -0.150875 0.11735 -0.683158 -0.0243316 0.315772 -0.00819902 -0.738731 -0.503177 -0.731184 -0.93693 0.489657 -1 -0.266736 0.0151431 -0.997418 0.334752 -0.121094 -0.507444 -1 -0.412082 -0.766533 -0.625015 -1 -0.209273 0.346967 0.514913 -0.337892 -0.999862 -0.455629 -0.454255 0.465472 -0.311535 0.0803649 -0.861884 0.0134624 -0.980132 
-1 -0.95314 -0.935778 -0.275145 -1 -1 -0.453579 -0.999497 -0.990544 0.379103 -1 -1 0.232016 -0.810561 -0.571794 -0.983634 -0.51131 -0.619253 0.222024 -0.0597759 -0.338768 0.708206 -0.839716 -0.911461 0.723568 -0.897205 -1 0.126026 -1 -0.202611 -0.387757 -0.131819 -0.458384 0.328355 0.210721 -0.464847 0.517574 -1 0.587455 0.853168 0.44073 -0.662298 0.0330108 -0.515054 -0.287053 0.143557 0.0907251 0.278803 0.233964 0.349304 0.301929 -0.177492 0.420021 -1 -0.945961 0.0439803 -1 -0.713021 -0.904829 -1 0.665673 -0.530314 -0.317827 -1 -0.986106 -0.150206 -0.386917 0.0700419 -1 0.919574 0.348747 -0.441347 -0.546313 -0.591503 -0.0190944 -1 0.0511589 0.210204 0.00202365 0.00459592 0.0904401 -1 -1 0.133327 -0.359957 -0.164858 -0.470914 -0.286188 0.180275 -0.861819 -1 -0.480204 -0.596147 -0.648524 -1 -0.594014 -0.976327 0.711874 -0.190529 0.518018 0.127571 0.219795 -0.142875 0.125929 -0.863306 0.084707 0.344386 -0.0125817 -0.544425 -0.488523 -0.460613 -1 0.221278 -1 -0.163288 0.0226363 -1 0.576949 0.0629222 -0.499244 -1 -0.478891 -0.741401 -0.620337 -0.973933 -0.270984 0.336604 0.466943 -0.331655 -1 -0.33847 -0.72216 0.385418 -0.643223 0.303936 -1 -0.189104 -0.878389 
-1 -0.850177 -0.975766 -0.501751 -1 -0.98806 -0.295764 -1 -0.791677 0.446579 -1 -0.876882 0.0958049 -0.968351 -0.455053 -0.927039 -0.232884 -0.536501 0.116186 -0.117667 -0.16248 0.680178 -0.766845 -1 0.744983 -0.9725 -1 -0.287873 -1 -0.506838 -0.510973 0.052246 -0.319291 0.27849 -0.0234042 -0.920173 0.701573 -1 0.577201 0.566248 0.510137 -0.394003 -0.249863 -0.475498 -0.545315 -0.0971023 0.113379 0.16525 0.478069 0.136169 0.32595 -0.260086 0.33766 -0.968563 -0.999205 -0.28705 -0.865097 -0.687655 -1 -1 0.669413 -0.966509 -0.263853 -1 -0.997376 -0.138219 -0.453428 -0.0798417 -0.998622 0.9399 0.489476 -0.461022 -0.2773 -0.525192 0.151893 -0.805712 0.255539 0.148287 0.14328 -0.00632196 0.148307 -0.667934 -0.998866 0.0161528 -0.319977 -0.472892 -0.139476 -0.00787991 0.190806 -0.706392 -0.848951 -0.656328 -0.781967 -0.640574 -0.771501 -0.585324 -0.65799 0.589447 -0.404733 0.422475 -0.043085 -0.0536847 -0.0905467 0.357948 -0.484497 0.5424 0.164613 0.149719 -0.464895 -0.267975 -0.762167 -1 0.571101 -0.688389 -0.278044 0.0442993 -0.989049 0.84086 -0.111983 -0.44169 -1 -0.332706 -0.679945 -0.73096 -0.866693 -0.206782 0.368591 0.338209 -0.445031 -1 -0.247205 -0.491092 0.435166 -0.348835 0.294657 -1 0.0284556 -0.602916 
-0.993461 -0.894453 -1 -0.581639 -0.932682 -1 -0.299189 -1 -1 0.446579 -1 -0.931873 0.0921586 -0.903021 -0.685229 -1 -0.226638 -0.533185 0.116186 -0.117667 -0.16248 0.721287 -0.759239 -1 0.741631 -0.9725 -1 -0.27818 -1 -0.477874 -0.513479 0.0553062 -0.464312 0.081055 -0.259934 -0.921748 0.425765 -1 0.622129 0.57175 0.276867 -0.33876 -0.208924 -0.42536 -0.540093 -0.0825073 -0.0534321 -0.0141816 0.489344 0.123051 0.221139 -0.256373 0.330683 -0.972333 -0.998892 -0.28705 -0.952865 -0.684978 -0.926797 -1 0.672297 -1 -0.259428 -1 -0.946407 -0.126064 -0.466185 -0.292036 -1 0.910894 0.489476 -0.35465 -0.339677 -0.798328 0.249831 -0.934017 0.0694017 -0.0309603 -0.0173329 0.00238178 0.148307 -0.795021 -1 -0.240077 -0.533749 -0.480239 -0.250964 -0.269548 0.182022 -0.697846 -0.958258 -0.584934 -0.781967 -0.640574 -0.761526 -0.576959 -0.651263 0.31907 -0.392907 0.390833 -0.0356268 -0.231744 -0.385013 0.357948 -0.725013 0.546737 0.161173 0.00123179 -0.461209 -0.267975 -0.922089 -0.993707 0.571101 -0.701386 -0.278044 0.0442993 -0.989049 0.840218 -0.108317 -0.44169 -1 -0.305759 -0.691213 -0.73096 -0.8382 -0.30418 0.235622 0.158807 -0.448866 -1 -0.521751 -0.497007 0.425038 -0.348835 0.291105 -1 0.039053 -0.569297 
-0.997035 -0.675781 -0.705541 -0.239803 -0.832915 -1 -0.43012 -0.99449 -0.722578 0.360123 -1 -1 0.335841 -0.826637 -0.557037 -0.986841 -0.514218 -0.376209 0.248255 -0.056479 -0.343429 0.717462 -0.793389 -0.899499 0.776965 -0.925768 -0.968351 0.117843 -0.993182 -0.209517 -0.360715 0.0298125 -0.456054 0.312047 0.2117 -0.460024 0.521148 -0.989093 0.585208 0.872145 0.345841 -0.658511 0.025186 -0.356921 -0.28083 0.0767875 0.105748 0.278932 0.290153 0.383772 0.297797 -0.148597 0.540206 -0.92615 -1 0.0517679 -0.952758 -0.713267 -1 -1 0.660648 -0.539921 -0.320313 -0.992287 -0.991466 -0.162546 -0.387633 0.0720225 -1 0.927046 0.30415 -0.415267 -0.595622 -0.58977 0.162525 -0.823477 0.237533 0.200059 0.153882 -0.00475175 0.196483 -0.984529 -1 0.14675 -0.413928 -0.157039 -0.477127 -0.0157964 0.175553 -0.92146 -1 -0.457481 -0.641889 -0.674638 -0.777432 -0.594112 -0.898327 0.670391 -0.181853 0.517571 0.11084 0.228886 -0.134901 0.110846 -0.662536 0.274075 0.340338 -0.0280072 -0.433156 -0.497924 -0.47384 -0.950336 0.504471 -0.979487 -0.248598 0.0336405 -0.994619 0.585643 0.0582168 -0.497413 -0.995717 -0.450673 -0.755773 -0.602322 -1 -0.290716 0.358074 0.523471 -0.328679 -0.990782 -0.341458 -0.495929 0.449759 -0.354173 0.296991 -0.840695 0.0292518 -0.703351 
-1 -1 -0.708853 -0.460397 -0.757738 -1 -0.390528 -1 -0.748973 0.448904 -1 -0.843468 0.413286 -0.877352 -0.838414 -0.92997 -0.17161 -0.30031 0.241638 -0.0992952 -0.520713 0.628778 -0.764248 -0.91146 0.490562 -0.84876 -0.984282 0.202701 -1 -0.219212 -0.609949 -0.0874935 -0.241907 0.203411 0.389017 -0.584829 0.730831 -0.997616 0.612856 0.869842 0.407671 -0.41183 0.0240209 -0.274703 -0.354841 0.0460623 -0.0466286 0.312847 0.656029 0.359651 0.185887 -0.210351 0.561022 -1 -1 -0.0144659 -1 -0.733125 -1 -0.947792 0.942548 -0.680068 -0.251761 -1 -1 -0.382396 -0.346138 0.147863 -1 0.871792 0.394203 -0.612649 -0.434138 -0.576558 0.150876 -0.788175 0.235283 0.329799 -0.0667929 0.0276421 0.353372 -0.787969 -0.998021 0.17822 -0.297564 -0.223814 -0.150788 -0.31198 0.17635 -0.945976 -1 -0.747915 -0.61052 -0.693523 -0.763016 -0.665332 -0.924517 0.669374 -0.202067 0.725494 0.254796 -0.0613012 -0.186606 0.30614 -0.426897 0.492293 0.170964 0.106923 -0.601561 -0.289367 -0.580088 -1 0.603867 -0.834292 -0.263584 -0.160409 -1 0.781431 -0.0242775 -0.491786 -1 -0.326978 -0.692317 -0.702979 -0.825667 -0.204817 0.219237 0.533422 -0.632104 -1 -0.170468 -0.540441 0.196516 -0.444272 0.294657 -0.97535 -0.258744 -0.510118 
-0.722484 0.411474 -0.865133 -0.479489 -0.315882 0.661714 -1 0.722846 -1 -0.449213 -1 -0.145267 -0.191737 -0.997986 0.20983 -0.936439 -0.870086 -0.887193 -1 0.397542 0.764143 -0.822987 -0.40643 -0.336021 -0.690344 -0.440638 0.81352 -0.923078 -1 -0.0278326 -0.930326 -0.99321 -1 0.587031 -1 -1 -1 -1 -0.7283 -0.918216 0.7587 -0.117992 -1 -0.903622 -0.0680523 -0.129289 -1 0.39713 0.790092 -0.501624 -0.259314 -1 -0.998425 -0.0979265 -0.645416 -0.770825 -0.452676 0.700565 0.660946 -0.60952 0.119151 -0.295457 -0.511981 -0.000396252 0.836362 0.288791 -0.46399 0.270912 0.707658 0.183801 0.320145 -0.597588 -0.984746 -1 -1 -1 0.166286 -0.540056 0.243393 -0.612389 -0.971227 0.613245 0.547053 -0.617141 -0.70362 0.204733 0.446386 0.0687611 -1 -1 -0.607132 0.0518828 0.0188239 -0.905634 -0.79119 -0.444829 -1 -0.350061 -0.615795 0.256197 -0.601815 0.905302 -0.908795 -0.266142 0.240165 -0.22124 -0.0949305 -0.660675 -1 -1 0.501337 -0.53684 0.959028 -0.486694 -0.384669 0.916902 -0.102096 -0.0442925 -0.403669 -0.93712 -0.855718 -1 0.591447 -0.240863 -1 0.225828 -0.972116 -0.934675 -0.834471 -0.991339 -0.168905 0.203358 -1 -1 -0.702796 -0.197271 0.168972 -0.380497 
-1 -1 -0.946048 -0.629028 -1 -1 -0.357916 -1 -1 0.419874 -1 -1 0.339361 -0.936312 -0.638591 -1 -0.693597 -0.620797 -0.105531 -0.178518 -0.257405 0.461157 -1 -1 0.616202 -0.983809 -1 -0.0623519 -0.968246 -0.533266 -0.300934 0.0516478 -0.471042 0.0745119 0.0873545 -0.535773 0.653539 -1 0.403719 0.814348 0.46704 -0.394989 -0.0385067 -0.661487 -0.243578 -0.119476 0.0252639 0.0212918 0.590416 0.254164 0.339406 -0.527476 0.454794 -1 -1 -0.123627 -1 -0.945711 -1 -1 0.906499 -0.512911 -0.147209 -1 -0.977734 -0.562266 -0.585885 0.111433 -1 0.840801 0.552417 -0.692157 -0.595749 -0.526075 0.432745 -1 0.248818 0.209204 0.147308 -0.254393 0.154619 -0.964341 -1 0.206573 -0.324645 -0.429799 -0.417406 -0.185039 0.193923 -0.926575 -0.76477 -0.563228 -0.664164 -0.69922 -1 -1 -1 0.374917 -0.745581 0.342786 -0.131897 -0.136049 -0.586935 0.29604 -0.954688 0.454147 -0.0280261 0.0746348 -0.522669 -0.352932 -0.698969 -1 0.490674 -0.784285 -0.448199 0.0439844 -1 0.523078 -0.0872227 -0.404985 -0.960714 -0.40326 -1 -0.769949 -1 -0.481109 0.255664 0.368285 -0.405627 -0.947519 -0.187193 -0.533794 0.388775 -0.845196 0.267132 -1 -0.170193 -1 
-0.459931 0.774695 0.210169 -0.585431 0.347363 0.165056 0.988392 0.884948 -0.9794 0.429392 0.739631 -1 0.582049 0.766285 0.575449 0.761258 -0.631193 0.182776 0.946421 -0.382922 0.51068 -0.533038 0.0108867 0.906103 -0.850601 -0.522699 0.43656 0.489975 0.80616 -0.192388 -0.88861 0.245442 0.713541 0.153851 0.563538 -0.906567 -0.126785 0.60294 0.327146 -1 -0.382722 0.0539807 0.871349 -0.943444 -0.839898 0.171156 -0.413292 0.25165 -0.748988 -0.212811 0.825283 -0.123224 0.251884 0.36944 0.614429 -0.827861 0.91388 0.709506 0.0773084 0.231196 -1 0.0990617 -0.800132 0.440405 0.00483155 0.51049 -1 -0.949339 -0.314678 -0.0240261 0.649835 -0.0708002 0.821404 0.298871 -0.730675 0.754588 -0.308822 0.130766 -0.927844 -1 -0.802413 0.569244 0.343238 0.171788 0.578761 0.648396 0.503726 0.353971 -0.100247 0.316582 0.468972 -0.20651 0.0999712 0.239372 0.960606 0.148952 -0.240671 -0.407526 -0.0448897 -0.70466 -0.999359 0.818067 0.594364 -0.734614 -0.00259499 0.252464 -0.218412 -0.672099 -0.315076 -0.550006 -0.924443 -0.420299 -0.19606 -0.761365 0.294404 -0.231342 0.542605 -0.268192 -0.672549 0.566307 0.512983 -0.287871 -0.371579 0.481192 0.889856 -0.593512 0.444216 -0.0587789 -0.02885 0.615572 -0.976717 -0.264025 -0.487619 0.339797 -0.911846 -0.304718 -0.389273 0.174505 
-0.599954 -0.038816 -1 -0.031435 0.255505 -0.0285979 -1 -0.294774 -1 -0.859432 0.0304413 0.396825 -0.891473 -0.276979 -0.965148 -0.912497 -0.269297 -1 -1 -0.745518 -0.297762 -0.758774 0.160455 -1 -0.883592 -1 -0.137881 -0.279675 -1 -0.675626 -0.151219 -0.971069 -1 -1 -0.960355 -1 -0.957652 -1 -0.996518 -0.368439 0.352417 0.139481 -0.944379 -0.887966 0.0958777 -0.669381 -0.118238 -0.494006 0.148276 -1 -0.867664 -0.750744 -0.16257 -1 0.477999 -0.881457 -1 -0.859077 -1 -1 -0.905486 0.681979 -0.850629 -0.864259 0.0653048 0.0403014 -0.681947 -0.930867 0.537242 -0.758243 -0.804831 -0.558697 0.0142312 -1 -0.218194 -0.776239 -0.274774 -1 -1 -1 -0.708558 -0.903915 0.123193 -0.429786 -0.376424 -0.789438 -0.88027 0.153959 -1 -0.15445 0.00966977 -0.124928 -1 -1 0.488108 -0.840064 0.353345 -0.374762 0.691803 -0.723875 -0.50057 0.0208061 -0.659862 -0.709275 0.421652 -0.232112 -0.593589 0.136449 -0.453986 -0.760514 -1 -0.304547 -0.783183 -1 -1 -1 -0.468199 -0.722253 0.244074 -1 -0.374804 -0.0732683 -0.578741 -0.0570297 0.0844866 -0.534402 -0.545053 0.195448 -0.363785 0.134649 0.0911636 0.120592 -0.967436 -0.0784948 -0.94709 -0.794978 0.0844031 -0.946106 
-0.986611 -0.757999 -0.942448 -0.179798 -0.767591 -0.9238 -0.517485 -0.998016 -1 0.402503 -0.999905 -0.983096 0.383677 -0.804454 -0.535328 -0.958455 -0.302382 -0.318443 0.0448055 -0.0657625 -0.321465 0.681842 -0.877605 -0.87152 0.520613 -0.854273 -1 -0.131305 -1 -0.399543 -0.569802 0.00793539 -0.329575 0.139841 0.230442 -0.687955 0.778938 -1 0.610589 0.915504 0.556297 -0.406727 -0.0196849 -0.277604 -0.580255 0.0970645 0.124555 0.115415 0.507416 0.385806 0.049613 -0.404361 0.847052 -1 -1 0.0768217 -0.801457 -0.735538 -1 -1 0.876004 -0.519703 -0.423314 -0.98106 -0.913301 -0.329606 -0.371454 0.15167 -1 0.747478 0.519126 -0.402513 -0.279196 -0.711998 0.157208 -0.898375 -0.00441578 0.432642 0.125616 0.0377283 0.371383 -0.910607 -1 0.180525 -0.337471 -0.193045 -0.173089 -0.0372935 0.189649 -0.870166 -1 -0.435506 -0.719958 -0.697197 -0.742169 -0.568567 -0.675954 0.651547 -0.20399 0.609942 0.260754 0.114392 -0.465906 0.216089 -0.445409 0.248447 0.348635 0.07351 -0.6605 -0.468167 -0.544065 -1 0.353782 -0.865244 -0.244354 0.092626 -1 0.467641 -0.0813631 -0.495349 -0.999339 -0.26455 -0.697568 -0.579408 -1 -0.200374 0.338693 0.521082 -0.459634 -0.992267 -0.28781 -0.612562 0.397898 -0.613773 0.320436 -0.800153 -0.0276038 -0.617982 
-1 -0.876919 -0.982241 -0.495953 -0.953444 -1 -0.587019 -0.953416 -0.791677 0.250799 -1 -0.882168 -0.032892 -0.965789 -0.426512 -1 -0.505499 -0.891001 0.113023 -0.0879223 -0.19 0.759542 -0.759239 -1 0.437717 -1 -1 -0.264878 -1 -0.58883 -0.826258 0.0553062 -0.233254 0.292321 -0.256587 -1 0.400491 -1 0.59692 0.575543 0.596297 -0.578932 -0.249863 -0.628069 -0.540093 -0.0825597 -0.157151 0.172783 0.507126 0.0373428 0.316107 -0.712739 0.20692 -1 -0.999825 -0.560294 -1 -0.79912 -1 -1 0.534161 -0.871622 -0.259428 -0.998436 -1 -0.0828579 -0.453428 -0.078824 -1 0.948677 0.356887 -0.722519 -0.376019 -0.690419 0.182566 -0.77871 0.281857 0.1572 -0.0749352 -0.0991877 0.145346 -0.664982 -0.967101 -0.22872 -0.599178 -0.771376 -0.123191 -0.375409 0.00505459 -0.697846 -0.85534 -0.827619 -0.951782 -0.640574 -0.998706 -0.830353 -1 0.666664 -0.568382 0.290909 -0.0356268 -0.365631 -0.0893073 0.218708 -0.640255 0.334903 0.167337 0.126373 -0.682125 -0.436724 -0.872152 -0.919579 0.498216 -0.950673 -0.284764 0.0330291 -1 0.885274 -0.324242 -0.555419 -0.949097 -0.27957 -0.787158 -0.914014 -1 -0.344066 0.0885029 0.0812548 -0.728029 -1 -0.536222 -0.614638 0.403425 -0.581047 0.214181 -0.924936 0.039053 -0.658509 
-0.631318 -0.138426 -1 -0.566387 -0.110573 0.463212 -1 0.618194 -1 -0.561968 -1 -0.21304 -0.590092 -0.975141 -0.241136 -1 -1 -0.737332 -0.943083 0.205554 0.619086 -0.996856 -0.287278 -0.814427 -0.587864 -0.303461 0.943228 -0.99783 -1 0.0353825 -0.958086 -1 -0.983157 0.207108 -0.881711 -1 -0.971447 -1 -0.684339 -0.887936 0.733083 -0.147897 -0.928182 -1 -0.246839 -0.155817 -0.966583 0.232471 0.877933 -0.677801 -0.294171 -0.953265 -1 0.00933161 -0.773263 -0.851503 -0.417374 0.716734 0.640939 -0.705731 -0.00634944 -0.213075 -1 0.180508 0.960314 -0.105047 -0.836955 -0.0309678 0.582248 -0.247435 0.146498 -0.839633 -0.915796 -0.856871 -1 -1 -0.233674 -1 0.0123138 -0.496233 -1 0.706783 0.738483 -0.496726 -1 -0.151831 0.635893 0.512948 -1 -1 -0.79175 0.00322014 -0.135861 -0.896775 -0.666655 -0.572056 -1 -0.597551 -0.893423 0.0513929 -1 0.638564 -1 -0.83842 0.0580122 0.175464 -0.188501 -0.53632 -1 -1 0.472998 -0.300756 0.904193 -0.443784 -0.64945 0.647506 -0.121845 -0.412563 -0.39649 -1 -1 -1 0.69459 -0.309224 -1 0.329897 -0.764243 -0.939397 -0.997446 -1 -0.267898 -0.17488 -1 -1 -1 -0.199398 0.443855 -0.652382 
-0.999871 -0.773507 -0.946987 -0.197814 -0.7536 -0.940268 -0.526678 -0.996303 -1 0.402134 -1 -0.995284 0.388632 -0.7897 -0.531907 -0.964819 -0.302382 -0.307749 0.036361 -0.0657625 -0.30542 0.670232 -0.893519 -0.889481 0.505102 -0.844295 -0.999037 -0.11705 -1 -0.408215 -0.575117 0.0245929 -0.344911 0.147232 0.215094 -0.687712 0.773951 -1 0.585297 0.926237 0.549901 -0.406914 -0.023492 -0.268767 -0.589653 0.0931208 0.140254 0.107481 0.536544 0.389899 0.0298163 -0.394532 0.846961 -1 -1 0.0970968 -0.78945 -0.72859 -0.996074 -1 0.922376 -0.521822 -0.435662 -0.98106 -0.916963 -0.315857 -0.390477 0.142852 -1 0.764048 0.519098 -0.402853 -0.275665 -0.737261 0.152701 -0.879746 -0.00441578 0.41391 0.144858 0.045789 0.38574 -0.898622 -0.996307 0.17822 -0.320059 -0.174558 -0.166105 -0.050164 0.175475 -0.874299 -0.999348 -0.443625 -0.746664 -0.673263 -0.747019 -0.575038 -0.664839 0.670498 -0.187276 0.633045 0.250652 0.125709 -0.455786 0.213291 -0.459262 0.250973 0.340179 0.0779216 -0.664996 -0.446506 -0.547873 -0.997497 0.38165 -0.879709 -0.263597 0.0877979 -1 0.471586 -0.0868648 -0.50138 -1 -0.255741 -0.724087 -0.575131 -1 -0.192303 0.319659 0.49095 -0.464501 -0.978925 -0.285848 -0.647451 0.397898 -0.613773 0.289267 -0.80279 -0.00182029 -0.617785 
-1 -0.861927 -0.724552 -0.290811 -0.885855 -0.992384 -0.355744 -1 -0.720656 0.347253 -1 -0.999972 0.444448 -0.734691 -0.56476 -1 -0.487058 -0.63738 -0.00788864 -0.0492857 -0.256018 0.712408 -0.797501 -0.910882 0.761233 -0.949976 -1 0.0506796 -1 -0.156405 -0.360508 0.0185954 -0.649905 0.321974 0.307449 -0.541368 0.271257 -1 0.585223 0.831087 0.247682 -0.634227 -0.0434273 -0.319959 -0.271608 -0.0116336 0.0366004 0.298207 0.136555 0.314853 0.0823372 -0.166957 0.54904 -0.924972 -0.9734 0.000721984 -0.951563 -0.739735 -1 -0.997524 0.649845 -0.71761 -0.400847 -0.995089 -1 -0.108499 -0.301619 -0.0906448 -1 0.925823 0.290449 -0.441315 -0.53789 -0.650781 0.216651 -0.861501 0.250334 0.178034 0.144622 0.0290231 0.228032 -0.995309 -0.922495 0.173423 -0.414112 -0.500104 -0.501964 -0.0304828 0.078036 -1 -0.928305 -0.491041 -0.747993 -0.647509 -0.997868 -0.589825 -0.967206 0.676785 -0.200705 0.498004 0.154632 0.199527 -0.409618 0.00665197 -0.697503 0.118908 0.0625592 -0.225009 -0.731239 -0.692855 -0.462499 -0.996012 0.48809 -0.965788 -0.459279 0.023087 -0.982392 0.641179 -0.060119 -0.559875 -1 -0.455736 -0.765511 -0.528954 -0.998798 -0.278194 0.34838 0.294043 -0.285811 -1 -0.347567 -0.512244 0.263079 -0.339536 0.310267 -0.797377 0.0201228 -0.700485 
-0.988574 -0.648367 -0.712059 -0.287569 -0.838406 -1 -0.499716 -1 -0.730899 0.345126 -0.981733 -1 0.341031 -0.826633 -0.583076 -0.972755 -0.487203 -0.499586 0.0184007 -0.0418061 -0.561883 0.704702 -0.961795 -0.894096 0.723561 -0.996401 -0.98558 0.116763 -1 -0.0736865 -0.370156 0.0450302 -0.558806 0.303651 0.204153 -0.710175 0.497528 -1 0.55288 0.602737 0.330324 -0.674467 -0.0261502 -0.273944 -0.295655 0.132583 -0.135608 0.11546 0.352635 0.0894789 0.249498 -0.283039 0.316365 -0.892416 -1 -0.161814 -0.987899 -0.806818 -1 -1 0.646577 -0.530235 -0.320932 -1 -0.99728 -0.147656 -0.363814 0.0610995 -0.995472 0.825112 0.307823 -0.421703 -0.57181 -0.5834 0.167465 -1 -0.0721769 0.251665 0.126611 0.0097094 0.19393 -1 -1 0.136412 -0.677647 -0.179535 -0.431143 -0.0217815 0.244983 -0.911992 -1 -0.462659 -0.552413 -0.689651 -0.769868 -0.621896 -0.887857 0.733865 -0.223013 0.504323 0.0820052 -0.0051772 -0.178115 -0.040821 -0.885793 0.300649 0.345936 -0.0287958 -0.453744 -0.4731 -0.645149 -0.925948 0.476454 -0.965846 -0.246696 0.0238042 -1 0.584472 -0.187215 -0.516807 -1 -0.561195 -0.775352 -0.560158 -1 -0.258897 0.401642 0.520401 -0.333917 -1 -0.338523 -0.477774 0.475408 -0.509134 0.0815267 -0.788976 -0.206817 -0.887295 
-0.996284 -1 -0.730677 -0.266612 -1 -0.964614 -0.623395 -1 -0.695483 0.362446 -1 -1 0.390218 -0.8294 -0.767331 -1 -0.578528 -0.527981 -0.202856 -0.0657779 -0.522795 0.542338 -1 -1 0.441282 -1 -0.944019 0.14242 -1 -0.0168406 -0.33873 -0.215626 -0.558806 0.463232 -0.291162 -0.892119 0.520352 -1 0.344439 0.315173 0.218235 -0.596625 0.0562637 -0.295729 -0.511185 -0.134394 -0.516687 -0.0594006 0.152585 -0.00155156 0.256291 -0.314874 0.320629 -0.993286 -1 -0.279076 -1 -1 -0.965288 -1 0.631146 -0.713358 -0.335102 -0.902953 -1 -0.574153 -0.627335 -0.165043 -0.921482 0.72104 0.0591013 -0.670328 -0.775993 -0.779011 0.0342438 -1 -0.452136 0.220529 -0.220117 0.0169386 0.0897755 -1 -1 0.162722 -0.835785 -0.204679 -0.406115 0.0631223 0.0576192 -1 -1 -0.629543 -0.663568 -0.618567 -0.778751 -0.591984 -1 0.491764 -0.238647 0.213271 0.0242226 -0.31416 -0.197729 -0.277874 -0.885378 -0.0131434 0.311329 -0.00516715 -0.623444 -0.406662 -0.874907 -1 0.488105 -0.879025 -0.259987 0.0323503 -1 0.366593 -0.17447 -0.566237 -1 -0.576984 -0.961013 -0.678529 -1 -0.256044 0.230242 0.203011 -0.416811 -1 -0.317069 -0.625668 0.313798 -0.427748 0.0896155 -0.907271 -0.220577 -1 
-1 -0.663647 -0.84035 -0.461478 -0.812035 -1 -0.766121 -1 -0.692006 0.244457 -1 -1 0.303395 -0.809611 -0.758033 -1 -0.713114 -0.557488 -0.0243552 -0.387751 -0.251249 0.541358 -1 -0.81387 0.701858 -1 -0.949461 0.107749 -1 -0.239158 -0.431568 -0.0125451 -0.622967 -0.00279659 0.229417 -0.751568 0.583519 -1 0.582523 0.807697 -0.164231 -0.697251 0.0272206 -0.349629 -0.540794 0.107054 -0.0406417 0.0191518 0.131561 0.111527 0.234 -0.148221 0.499228 -0.995668 -1 0.0199176 -0.959413 -1 -1 -1 0.643906 -0.413027 -0.271424 -1 -1 -0.190648 -0.301833 0.0770784 -0.92689 1 0.288511 -0.600651 -0.704109 -0.636 0.128149 -1 0.296283 0.182687 0.149337 -0.0306392 0.247091 -1 -0.995511 0.171951 -0.623446 -0.19383 -0.518051 -0.0250759 -0.036263 -1 -1 -0.716507 -0.71814 -0.647509 -0.825679 -0.861503 -1 0.664008 -0.187179 0.48183 -0.124183 0.275023 -0.160016 0.0918723 -0.667898 0.0540723 0.0539514 0.000140855 -0.562023 -0.418036 -0.614164 -1 0.534568 -0.976246 -0.423416 0.00689633 -0.980833 0.618706 0.00975194 -0.552635 -0.914846 -0.468429 -0.732019 -0.90246 -1 -0.275736 0.102207 0.509658 -0.366363 -1 -0.478965 -0.751642 0.336109 -0.331222 0.0432677 -0.803994 -0.0310396 -0.905978 
-0.909646 -0.780045 -0.701626 -0.203065 -0.763199 -1 -0.400445 -1 -0.857876 0.438825 -0.90257 -0.983713 0.135545 -0.829814 -0.546193 -0.996492 -0.432803 -0.376075 0.245447 -0.11733 -0.274273 0.646606 -0.751468 -1 0.754813 -0.884879 -1 0.116526 -1 -0.347542 -0.382101 0.0680778 -0.299867 0.302836 0.27238 -0.64938 0.742841 -0.9627 0.554391 0.874965 0.600655 -0.376327 0.0136799 -0.597281 -0.336898 0.0967673 0.100267 0.273054 0.648463 0.324475 0.292472 -0.253634 0.53511 -0.991294 -0.998866 -0.0498578 -0.806136 -0.934531 -0.975047 -0.958367 0.927056 -0.843094 -0.35026 -1 -1 -0.149257 -0.564465 0.14695 -1 0.902496 0.242868 -0.500096 -0.291418 -0.578142 0.257569 -1 0.218755 0.300251 -0.110941 0.029904 0.342878 -0.987374 -1 0.176676 -0.31916 -0.467463 -0.267704 -0.225067 0.173386 -0.837848 -1 -0.452538 -0.612227 -0.64604 -0.763475 -0.751451 -0.71673 0.655702 -0.188893 0.5866 0.270339 0.111858 -0.160487 0.327486 -0.648669 0.438475 0.0760391 0.00700648 -0.586719 -0.31163 -0.497936 -0.981634 0.559966 -0.836549 -0.362634 0.0242065 -0.996912 0.824005 -0.0588504 -0.503601 -0.997709 -0.497902 -0.664999 -0.62772 -0.998048 -0.368825 0.358494 0.481956 -0.323771 -1 -0.168775 -0.48061 0.397839 -0.326809 0.311149 -0.828692 -0.239981 -0.465647 
-1 -0.755715 -0.886112 -0.237905 -0.767645 -1 -0.41044 -0.989224 -1 -0.099174 -1 -1 0.228409 -0.751877 -0.591641 -1 -0.29093 -0.599983 0.307535 -0.0945937 -0.275218 0.471745 -0.885027 -0.9841 0.503128 -1 -1 0.0570442 -1 -0.663304 -0.78518 -0.326986 -0.784333 0.110335 -0.197417 -0.70766 0.291806 -0.997198 0.431512 0.847229 0.20963 -0.470382 0.137465 -0.368746 -0.430915 -0.220886 0.0760649 0.16918 0.122798 0.0536306 -0.121041 -0.470389 0.690318 -1 -1 -0.279253 -0.785032 -0.816878 -1 -0.986701 0.877874 -0.475584 -0.260322 -1 -1 -0.448011 -0.613713 -0.0509508 -1 0.871769 0.50092 -0.568807 -0.554294 -0.7344 0.406478 -1 0.092508 0.418196 -0.0621669 -0.218073 0.101651 -0.936344 -1 -0.0107863 -0.650244 -0.232025 -0.49339 -0.210574 0.17635 -0.660291 -1 -0.631482 -0.901702 -1 -0.763016 -0.783995 -0.735547 0.342087 -0.35542 0.0517699 -0.0332801 0.0508421 -0.0795484 0.152995 -0.509132 0.0042745 0.513982 -0.0434813 -0.700243 -0.510083 -0.890485 -0.897026 -0.0139255 -0.822379 -0.575857 -0.210977 -1 0.329754 -0.525694 -0.41674 -1 -0.322568 -0.706428 -0.711211 -0.919461 -0.399422 0.184619 0.504623 -0.535391 -0.952218 -0.454164 -0.51651 0.118449 -0.468654 -0.0961122 -0.74854 -0.0726346 -0.878744 
-0.996402 -0.740376 -0.649468 -0.433848 -0.739062 -1 -0.636171 -0.950564 -0.674323 0.225445 -0.979865 -0.996953 0.224654 -0.97541 -0.812834 -1 -0.231758 -0.528648 0.268443 -0.157814 -0.384677 0.39569 -0.837869 -1 0.792482 -0.76906 -0.995993 -0.156537 -1 -0.0871396 -0.36123 -0.260661 -0.671095 -0.00790805 0.192279 -0.735974 0.751801 -1 0.618314 0.851012 0.54653 -0.468268 -0.155949 -0.267975 -0.267934 0.0405457 0.021926 0.0231397 0.56944 0.357194 0.0733827 -0.431579 0.850907 -1 -1 0.000907837 -0.971409 -0.947454 -0.996715 -1 0.788631 -0.775793 -0.225708 -1 -1 -0.420297 -0.635337 0.217271 -0.998681 0.880589 0.336028 -0.479072 -0.26736 -0.826795 0.422293 -1 0.197701 0.255853 -0.22196 -0.206659 0.346017 -0.770078 -1 0.186397 -0.32765 -0.434132 -0.301277 -0.0300972 0.0769662 -0.706201 -0.994632 -0.487178 -0.66949 -0.959176 -0.96879 -0.579589 -0.80778 0.640075 -0.446507 0.503817 -0.0369971 0.164875 -0.393897 0.0342619 -0.429282 0.493477 0.223392 0.092076 -0.440698 -0.308665 -0.628611 -1 0.35279 -0.852678 -0.24961 -0.0823832 -1 0.781591 -0.184252 -0.499396 -1 -0.337251 -0.673678 -0.762581 -0.89471 -0.0976115 0.465694 0.220636 -0.357035 -0.956393 -0.219348 -0.623123 0.28976 -0.394437 0.211512 -0.828177 -0.357232 -0.541064 
-0.996402 -0.742115 -0.649468 -0.433848 -0.739062 -0.996186 -0.636171 -0.947533 -0.674323 0.22429 -0.977202 -0.996953 0.224654 -0.96926 -0.812834 -1 -0.222914 -0.528648 0.268443 -0.16541 -0.384677 0.39569 -0.837869 -1 0.792678 -0.757246 -1 -0.169638 -1 -0.0882936 -0.36123 -0.260661 -0.660494 -0.00790805 0.192279 -0.735974 0.741817 -1 0.618314 0.851012 0.54653 -0.468268 -0.155949 -0.267975 -0.267934 0.0405457 0.0279314 0.0231397 0.56944 0.357194 0.0708845 -0.431579 0.850017 -1 -1 -0.0137437 -0.971409 -0.947454 -0.996715 -1 0.800726 -0.775793 -0.240297 -1 -1 -0.425379 -0.649945 0.217271 -1 0.880589 0.336028 -0.479072 -0.26736 -0.826528 0.422293 -0.999411 0.192061 0.255853 -0.22196 -0.193287 0.348938 -0.770078 -1 0.186397 -0.32765 -0.434132 -0.310307 -0.0300972 0.0769662 -0.698186 -0.994632 -0.487178 -0.66949 -0.963694 -0.96879 -0.579589 -0.80778 0.640075 -0.450659 0.503817 -0.0369971 0.161023 -0.398301 0.0342619 -0.429282 0.493477 0.223392 0.092076 -0.440698 -0.301961 -0.628611 -0.999216 0.341059 -0.852678 -0.24961 -0.0744664 -1 0.781591 -0.184252 -0.499396 -1 -0.337251 -0.673678 -0.762581 -0.884603 -0.0976115 0.466668 0.205384 -0.357918 -0.956393 -0.219348 -0.623123 0.288877 -0.385795 0.211512 -0.827893 -0.357232 -0.541064 
-0.861196 -0.038816 -1 0.349235 0.00664762 0.103356 -1 -0.196544 -0.952681 -1 -0.668001 0.24855 -0.744372 -0.402574 -1 -0.92025 -0.209655 -0.966503 -1 -0.675516 -0.991331 -0.417165 0.19843 -1 -1 -0.93103 -0.211102 -0.139702 -0.999439 -0.88519 -0.116142 -1 -1 -1 -1 -1 -1 -1 -1 -0.384153 0.502604 0.132984 -1 -1 0.156894 -0.980008 -0.368699 -0.672075 -0.0818361 -1 -0.931722 -0.750744 -0.170967 -1 0.38589 -1 -1 -0.861692 -0.763252 -1 -1 0.423724 -0.540038 -0.916101 -0.390738 0.0751348 -1 -1 0.53513 -0.581224 -1 -0.459519 -0.163526 -1 -0.305274 -0.826788 -0.576412 -0.974952 -0.870211 -1 -0.813825 -1 0.200505 -0.514388 -0.64283 -1 -1 0.330296 -1 -0.201691 -0.21498 0.0311945 -1 -1 0.371353 -1 -0.140646 -0.118861 0.604718 -0.893277 -0.471045 -0.0185954 -0.592474 -1 0.24971 -0.0791982 -0.524396 0.26438 -0.381346 -0.513453 -1 -0.495111 -0.903065 -1 -0.977397 -1 -0.280547 -0.485498 0.363074 -0.951215 -0.596587 -0.153684 -0.480622 0.191797 0.366873 -0.55193 -0.534075 -0.0573236 -0.171944 0.0351559 -0.292585 -0.147482 -0.749746 0.132579 -0.860443 -0.973674 0.361317 -1 
-0.75235 -0.038816 -1 0.349235 -0.0496147 0.103356 -1 -0.210121 -0.952681 -1 -0.559798 0.24855 -0.780684 -0.402574 -1 -0.922026 -0.209655 -1 -1 -0.675516 -0.754801 -0.255184 0.19843 -1 -0.943168 -0.93103 -0.211102 -0.139702 -0.782488 -0.88519 0.0457652 -1 -0.96217 -1 -1 -1 -1 -1 -1 -0.384153 0.567538 0.132984 -1 -1 0.156894 -0.84407 -0.314613 -0.494006 -0.0818361 -1 -0.878361 -0.750744 -0.170967 -1 0.475821 -1 -1 -0.861692 -0.777895 -1 -0.764884 0.423724 -0.540038 -0.857941 -0.209219 0.197422 -0.925079 -1 0.676504 -0.498599 -0.805674 -0.459519 -0.167896 -1 -0.305274 -0.776239 -0.483318 -1 -0.774259 -1 -0.813825 -1 0.102293 -0.514388 -0.551099 -1 -1 0.347187 -1 -0.201691 -0.312403 0.0311945 -1 -0.964515 0.335963 -1 -0.140646 -0.118861 0.519934 -0.880202 -0.358051 0.0195552 -0.405688 -1 0.289713 -0.0791982 -0.503212 0.26438 -0.381346 -0.513453 -1 -0.495111 -0.686121 -1 -0.977397 -1 -0.280547 -0.485498 0.336599 -0.951215 -0.334636 -0.153684 -0.480622 0.191797 0.366873 -0.445856 -0.534075 -0.0573236 -0.204327 0.0351559 -0.00723916 -0.0206144 -0.694978 0.132579 -0.914955 -0.715506 0.361317 -1 
-1 -0.755715 -0.755305 -0.237905 -0.562727 -1 -0.399456 -0.989224 -0.737102 0.200699 -1 -0.948417 0.383151 -0.783204 -0.591641 -0.91815 -0.29093 -0.599983 0.208331 -0.0945937 -0.275218 0.759812 -0.885027 -0.9841 0.503128 -0.997907 -0.8984 0.117409 -1 -0.663304 -0.78518 -0.326986 -0.784333 0.218804 -0.197417 -0.70766 0.291806 -0.997198 0.431512 0.856666 0.20963 -0.496895 0.137465 -0.368746 -0.246264 -0.277325 0.0760649 0.16918 0.122798 0.0536306 0.139835 -0.411617 0.635648 -0.99307 -1 -0.276261 -0.785032 -0.816878 -1 -0.986701 0.831877 -0.475584 -0.260322 -1 -1 -0.29087 -0.618718 0.143527 -1 0.871769 0.50092 -0.618355 -0.26736 -0.7344 0.309712 -1 0.092508 0.418196 -0.0621669 -0.110871 0.181492 -0.936344 -1 0.146661 -0.650244 -0.289082 -0.2983 -0.210574 0.17635 -0.660291 -1 -0.631482 -0.838955 -1 -0.763016 -0.783995 -0.791179 0.342087 -0.314927 0.250607 -0.00253296 0.0508421 -0.0795484 0.152995 -0.488453 0.175797 0.513982 -0.0831492 -0.700243 -0.303891 -0.890485 -0.897026 -0.0139255 -0.74145 -0.575857 -0.210977 -1 0.549454 -0.525694 -0.404051 -1 -0.322568 -0.706428 -0.711211 -0.919461 -0.206065 0.134271 0.503063 -0.535391 -1 -0.454164 -0.51651 0.118449 -0.468654 0.147812 -0.74854 -0.10114 -0.712228 
-1 -0.897778 -0.928443 -0.174493 -1 -0.99648 -0.356925 -1 -0.968317 -0.182128 -1 -1 0.298305 -1 -0.678561 -0.990083 -0.580898 -0.689006 0.201028 -0.21385 -0.376453 0.107803 -0.92327 -1 0.949738 -0.87387 -1 0.0442428 -0.999558 -0.131736 -0.710231 -0.349102 -0.784849 0.0376977 0.263608 -0.589738 0.60117 -1 0.32244 0.918204 -0.00281729 -0.635891 0.0489585 -0.519605 -0.395004 -0.201461 0.0212316 0.0478687 -0.0766664 0.394613 -0.0613191 -0.259529 0.0552814 -0.922088 -1 -0.575812 -0.975102 -0.651284 -1 -1 0.421015 -0.555526 -0.528466 -1 -1 -0.338325 -0.495724 0.0574831 -1 0.914935 0.0257417 -0.741425 -0.898392 -0.981607 -0.517282 -0.824675 -0.151395 0.13982 -0.250668 0.0290094 0.11439 -1 -1 0.158208 -0.41477 -0.921673 -0.868311 -0.0710202 0.00187097 -1 -0.99819 -0.776358 -0.884745 -1 -0.713696 -0.50186 -1 0.706698 -0.732947 0.372124 0.0859056 0.233027 -0.301823 -0.277226 -1 0.00925525 -0.110033 -0.012625 -0.422844 -0.963595 -1 -0.995703 0.385844 -1 -0.404392 0.0835794 -0.967137 0.576782 -0.178041 -0.537722 -1 -0.471662 -0.772341 -0.64787 -0.914201 -0.364585 0.384619 0.509437 -0.350904 -1 -0.476761 -0.547671 0.459533 -0.31503 0.286124 -1 -0.0683526 -1 
-0.54764 -0.179103 -1 0.288262 0.198674 0.00463142 -1 -0.0212903 -1 -0.636929 -0.112574 0.392672 -0.774349 -0.384934 -1 -0.912497 -0.170224 -1 -1 -0.641318 -0.31795 -0.365149 -0.0871205 -1 -0.920024 -0.833315 -0.083934 0.015282 -1 -0.675832 0.0457652 -0.873233 -1 -0.954375 -1 -1 -1 -1 -0.834908 -0.427155 0.567538 -0.00192179 -0.855553 -1 0.0528079 -0.783162 -0.0482353 -0.494006 0.148276 -0.989812 -0.633229 -0.750744 -0.149089 -1 0.475821 -0.881457 -1 -0.85278 -0.840238 -0.98557 -0.745308 0.681979 -0.550837 -0.560504 0.0348157 -0.121259 -0.786439 -1 0.702311 -0.689913 -0.831795 -0.751825 -0.0177512 -1 -0.305274 -0.776239 -0.222704 -1 -0.699144 -0.949519 -0.828651 -1 0.154953 -0.614457 -0.376424 -1 -0.893106 0.347187 -0.939638 -0.185304 0.00966977 -0.0320613 -1 -0.894242 0.541909 -0.940712 0.267209 -0.118861 0.828705 -0.97919 -0.305764 -0.177139 -0.387483 -0.776042 0.496303 -0.0791982 -0.512841 0.303274 -0.615483 -0.485931 -1 -0.183662 -0.583564 -1 -0.846986 -1 -0.164496 -0.641109 0.298167 -1 -0.22808 -0.0478128 -0.480622 0.248372 0.366873 -0.354738 -0.534075 -0.139429 -0.40619 0.134649 -0.295746 0.364141 -0.62149 0.0884166 -1 -0.827067 0.170848 -0.916303 
-1 -0.873918 -0.975766 -0.566211 -1 -0.999144 -0.57194 -1 -0.817558 0.165925 -1 -0.914716 0.00122274 -0.965789 -0.733734 -0.926222 -0.239729 -0.68565 -0.0807067 -0.117667 -0.329238 0.607229 -0.754938 -1 0.731826 -0.972661 -1 -0.27818 -0.99783 -0.768261 -0.479546 0.059673 -0.319291 0.295498 -0.0186958 -0.917412 0.603597 -0.998169 0.358267 0.575543 0.509974 -0.6137 -0.249768 -0.475498 -0.532733 -0.0971429 0.12751 0.158159 0.408027 -0.151659 0.178649 -0.267297 0.33766 -0.960894 -1 -0.211247 -0.867372 -0.692375 -1 -1 0.671214 -0.962395 -0.502559 -1 -1 -0.126064 -0.449879 -0.109782 -0.999363 0.948677 0.267368 -0.458978 -0.479979 -0.525192 0.157265 -0.729917 0.131245 0.1572 0.14328 -0.0424929 -0.150962 -0.664982 -1 0.072561 -0.325139 -0.487005 -0.160899 -0.029405 -0.0821379 -0.697846 -0.769393 -0.65698 -0.792547 -0.640837 -0.761581 -0.568567 -0.655213 0.655889 -0.392907 0.41959 -0.216501 -0.0603772 -0.173931 0.357948 -0.75699 0.548284 0.0275415 -0.039712 -0.461209 -0.267975 -0.992025 -1 0.535744 -0.688389 -0.278044 0.0442993 -1 0.840218 -0.111983 -0.373732 -1 -0.462334 -0.794194 -0.732076 -0.871098 -0.19548 0.372126 0.34316 -0.452887 -0.99682 -0.267413 -0.678395 0.225262 -0.597744 0.289176 -1 -0.207012 -0.789986 
-0.975461 -0.66604 -0.715356 -0.235882 -0.910351 -0.985585 -0.429035 -1 -0.700629 0.0903247 -1 -1 0.326851 -0.827124 -0.585993 -1 -0.514253 -0.378844 0.251101 -0.0548582 -0.348647 0.471631 -0.825676 -1 0.753137 -0.999124 -0.954927 0.124464 -0.992 -0.120979 -0.624843 0.0236278 -0.492692 0.13872 0.0805273 -0.458437 0.383017 -0.908881 0.429531 0.612729 0.320982 -0.659284 -0.100636 -0.338309 -0.302214 0.182004 0.145117 0.27567 0.171576 0.255311 0.301304 -0.182468 0.518954 -0.957331 -1 -0.104603 -0.954206 -0.71582 -1 -0.997085 0.713967 -0.524532 -0.488506 -1 -0.986106 -0.172975 -0.336478 0.0590267 -0.962428 0.920891 0.310082 -0.513099 -0.480229 -0.593109 -0.0309723 -0.995218 0.233509 0.0694658 -0.0481178 -0.254341 0.234919 -0.97387 -1 0.15767 -0.623353 -0.166852 -0.706536 -0.220413 0.161541 -0.998151 -0.992684 -0.461513 -0.888793 -0.663825 -0.65858 -0.605351 -0.878573 0.656983 -0.418324 0.39883 0.141189 0.256571 -0.19118 -0.120462 -0.865446 0.26291 0.206103 -0.00689907 -0.583881 -0.490221 -0.642581 -0.949278 0.495346 -0.918789 -0.24548 -0.00910257 -0.994948 0.59041 0.0561099 -0.671171 -1 -0.470903 -0.761344 -0.854433 -1 -0.210864 0.0532034 0.587507 -0.32252 -1 -0.476359 -0.61285 0.47957 -0.335663 0.264189 -0.958802 0.0521074 -1 
-0.168673 -0.348582 0.357101 0.374286 0.174964 -0.0405205 0.524035 0.532508 0.762485 -0.654778 -0.999159 0.439717 0.750624 -0.507909 0.345093 -0.831865 -0.916632 -0.492293 -0.649672 0.69664 -0.627238 -0.100765 0.743835 0.823831 -0.301384 -0.590856 0.560869 -0.982813 -0.345263 0.194277 0.278079 -0.758967 0.250218 -0.516099 -0.938781 -0.98862 0.841789 -1 0.117714 -0.985787 -1 -1 0.765004 -0.309973 -0.115946 -0.737278 -0.0698327 -0.261576 -0.913368 -0.141811 -0.848286 -0.18514 -0.650966 -0.0187744 -0.540744 -0.893565 -0.172765 -0.322499 -0.849954 -0.621002 -0.0756733 -1 0.333322 0.299808 0.69346 -0.00713117 -0.907101 0.106756 0.107921 -0.145472 -0.301393 0.303286 -0.502835 -0.680889 0.613665 -0.459601 -1 -0.268729 -0.768681 -0.998921 -0.721358 -0.905104 -0.530508 0.0689654 -1 -0.356305 -0.674736 -1 0.396794 -0.672862 0.315782 0.644984 -1 0.474423 -0.2398 -0.498976 0.0542286 0.775322 -0.69897 0.730215 -0.175 -0.678756 -0.111549 0.0424518 0.19431 0.0412084 -0.23046 -1 0.356475 0.762914 -0.240196 -0.766726 0.245714 0.588302 -1 -1 -0.743507 -0.737452 -1 -0.846517 -0.69698 0.448455 0.38212 -0.93101 0.0811832 -0.548318 -0.656222 -1 -0.00819306 -0.18332 -0.866694 -0.656694 0.0373893 -0.516607 -0.407929 -0.261505 -0.648789 0.339569 
-0.994995 -0.664822 -0.714128 -0.278261 -0.832915 -0.986769 -0.408889 -1 -0.71738 0.336906 -1 -1 0.325416 -0.816742 -0.564297 -1 -0.514615 -0.362759 0.241342 -0.056479 -0.316494 0.693483 -0.783012 -0.904871 0.768998 -0.900127 -0.987047 0.132144 -1 -0.209569 -0.3782 0.0150412 -0.474386 0.316037 0.2117 -0.444077 0.517233 -0.999398 0.576816 0.876437 0.345775 -0.646923 0.025186 -0.333803 -0.295593 0.0778887 0.0999488 0.259763 0.303962 0.382777 0.289054 -0.151678 0.54157 -0.933762 -1 0.0148075 -0.980254 -0.719959 -0.993986 -1 0.658265 -0.538828 -0.320372 -1 -0.986106 -0.157704 -0.401364 0.0628828 -1 0.906694 0.299397 -0.428378 -0.584506 -0.579506 0.174218 -0.833264 0.234438 0.180226 0.14822 0.0131295 0.209606 -0.983655 -1 0.143685 -0.405986 -0.161622 -0.481109 -0.024589 0.182646 -0.907689 -1 -0.487669 -0.641889 -0.648524 -0.795474 -0.584298 -0.90707 0.673464 -0.190694 0.496565 0.126489 0.194849 -0.141167 0.0979569 -0.663268 0.278289 0.3457 -0.00557974 -0.445041 -0.514418 -0.465619 -0.937806 0.500404 -0.973513 -0.242082 0.0270943 -1 0.577914 0.0765595 -0.497413 -0.997078 -0.462821 -0.765672 -0.605959 -0.997284 -0.267455 0.345759 0.51356 -0.362349 -0.989105 -0.358509 -0.480828 0.457718 -0.352267 0.307661 -0.818893 0.0297456 -0.722594 
-1 -0.637012 -0.86418 -0.248565 -0.882449 -1 -0.350948 -1 -0.722432 0.231437 -1 -1 0.380329 -0.821374 -0.768743 -1 -0.558152 -0.465772 0.239278 -0.0405725 -0.339245 0.427341 -0.781797 -0.899602 0.731707 -0.96181 -1 0.0962145 -1 -0.141208 -0.363865 -0.117487 -0.453013 0.209187 0.164092 -0.496939 0.25868 -1 0.578257 0.890236 0.174568 -0.639555 0.0438197 -0.32907 -0.275382 -0.101506 -0.0417757 0.309696 0.27621 0.311549 0.307756 -0.146485 0.49214 -0.91309 -0.99652 -0.121014 -1 -1 -1 -1 0.656872 -0.452995 -0.254123 -0.916872 -1 -0.192627 -0.334377 0.0831217 -0.913203 0.701703 0.287401 -0.326432 -0.801358 -0.682515 0.197898 -0.851868 0.247475 -0.103411 0.135447 0.0258106 0.0602151 -1 -0.967922 0.234032 -0.676376 -0.202454 -0.48782 -0.243356 0.161149 -0.969036 -1 -0.473539 -0.707742 -0.854085 -0.791164 -0.613945 -0.967428 0.676785 -0.41769 0.47622 0.150709 0.148798 -0.187965 0.0821043 -0.792782 0.147355 0.0120276 -0.0112425 -0.560647 -0.481896 -0.361576 -0.934606 0.488536 -0.963584 -0.298948 0.0101055 -1 0.381065 0.0782975 -0.569343 -1 -0.714566 -0.936139 -0.839094 -1 -0.284578 0.145868 0.504725 -0.351932 -1 -0.320416 -0.749146 0.436236 -0.322764 0.305054 -1 0.0800877 -0.715165 
0.470951 -0.647102 -0.398719 0.54996 0.0258234 -1 -0.967879 -0.432234 -0.94352 -0.672088 0.768239 0.775066 0.011841 -0.690188 0.203849 -0.979408 0.568679 -0.323272 -0.224033 -0.174118 0.768058 -0.768091 0.114085 0.445051 -1 0.868564 -0.70106 -1 0.774965 -0.790899 -0.961964 0.31754 -0.771163 -1 -0.9469 0.652807 -1 0.158668 -0.608932 0.154875 0.330106 -0.322703 -0.254531 -0.614524 0.695067 -0.493649 -0.703402 -0.372572 0.121231 -0.398507 0.336347 -0.967936 -0.146522 -0.0772559 -0.888053 -0.598631 -0.137844 -1 -1 0.457873 -0.328867 0.558871 -1 -0.607568 -1 -0.285446 -0.569099 -0.0799044 -0.351326 -0.362853 0.427674 -0.707131 -0.38597 -0.0989029 -0.517351 -0.637284 -0.158122 -0.819973 -0.973157 0.811052 -1 -0.0835713 -0.91801 -0.481753 -0.426874 -1 0.379123 -0.871098 -1 0.438634 -0.829702 -0.744649 -0.966893 -0.990986 0.487704 -1 -0.387375 0.476456 0.259535 -0.511871 -0.481278 0.00729994 0.664296 -0.0385478 -0.644353 0.215009 -0.567308 -0.124622 -0.473162 -1 -1 -0.888962 -0.448112 0.837022 0.466946 -0.779177 0.213251 0.217723 -1 -0.11741 -0.181618 -1 -0.779468 -0.549763 -0.129407 0.390347 -1 0.160816 -1 -0.90968 -0.793861 0.0255695 -0.856874 -1 -0.957133 0.0406695 -0.205853 0.22898 
-0.971483 -0.661413 -0.715356 -0.243114 -0.910351 -0.985585 -0.429035 -1 -0.700629 0.0826739 -0.997153 -0.995496 0.326851 -0.831342 -0.585993 -1 -0.517916 -0.369326 0.236704 -0.0548582 -0.341572 0.469412 -0.821691 -1 0.747576 -0.999124 -0.947485 0.124464 -0.992 -0.120979 -0.624843 0.0236278 -0.509064 0.125791 0.077223 -0.458437 0.392059 -0.909184 0.429531 0.630275 0.322975 -0.659284 -0.110883 -0.328312 -0.295161 0.184773 0.13091 0.288965 0.171576 0.264815 0.306031 -0.174002 0.522197 -0.957331 -1 -0.104733 -0.954206 -0.713946 -0.999978 -1 0.707638 -0.524532 -0.490983 -1 -0.989961 -0.175513 -0.345014 0.0590267 -0.962428 0.923262 0.297856 -0.524188 -0.480229 -0.591653 -0.0309723 -1 0.233509 0.0694658 -0.0481178 -0.259097 0.223953 -0.97387 -1 0.159952 -0.622218 -0.181399 -0.706536 -0.231015 0.161541 -1 -0.992684 -0.465178 -0.888132 -0.663825 -0.660588 -0.611725 -0.880538 0.661295 -0.418324 0.410595 0.136449 0.245643 -0.199619 -0.124754 -0.864676 0.272581 0.206103 -0.00689907 -0.583881 -0.496425 -0.642581 -0.943648 0.49927 -0.918789 -0.253504 -0.00205117 -0.994948 0.590152 0.0532896 -0.671171 -1 -0.470903 -0.761344 -0.846728 -1 -0.211321 0.0644625 0.587507 -0.32252 -1 -0.467604 -0.602753 0.47957 -0.335663 0.264189 -0.958802 0.0476402 -1 
-0.995485 -0.676245 -0.811481 -0.448968 -1 -0.991766 -0.42407 -0.993465 -0.717269 0.222104 -1 -1 0.331758 -0.826637 -0.559366 -0.997095 -0.665192 -0.623933 0.239238 0.0422481 -0.403299 0.705035 -0.778151 -0.85645 0.564319 -1 -0.962666 -0.153382 -1 -0.209517 -0.370862 -0.0190505 -0.472213 0.109625 0.246829 -0.466396 0.260398 -0.991046 0.591361 0.779277 0.200162 -0.819228 0.025186 -0.225141 -0.421656 -0.172412 0.0207184 0.326378 0.0779765 0.390778 0.313053 -0.146485 0.546354 -1 -1 0.0517679 -0.944457 -0.696782 -1 -1 0.471424 -0.776804 -0.316298 -0.992287 -0.991466 -0.147656 -0.37493 0.0664441 -1 0.859384 0.0968633 -0.415267 -0.691647 -0.5834 0.00986917 -1 -0.0221873 0.152217 0.0916798 -0.0087005 0.0822639 -1 -1 0.157393 -0.407089 -0.241035 -0.710815 -0.250365 0.058549 -1 -0.966564 -0.470391 -0.6102 -0.673969 -0.814995 -0.625133 -0.898327 0.67465 -0.332664 0.336662 0.113483 0.0713256 -0.230456 -0.130875 -0.674915 0.162616 0.0524841 -0.148084 -0.686239 -0.489326 -0.582903 -1 0.473834 -0.881599 -0.241441 0.0333319 -0.963002 0.586565 0.0440011 -0.686749 -0.995717 -0.509914 -1 -0.533668 -1 -0.292655 0.370614 0.579872 -0.315758 -1 -0.480751 -0.483373 0.451777 -0.453203 0.377324 -1 -0.00634047 -0.632462 
-0.54764 -0.038816 -1 0.283256 0.244447 0.0707492 -1 -0.0212903 -1 -0.64215 -0.0113536 0.392672 -0.774349 -0.442242 -1 -0.914454 -0.209655 -1 -0.99669 -0.816813 -0.302181 -0.26638 0.197993 -1 -1 -1 -0.129396 0.015282 -0.778154 -0.907991 -0.0642912 -0.815641 -1 -1 -1 -1 -1 -0.999171 -0.754401 -0.384153 0.567538 -0.0118824 -1 -1 0.118043 -0.579372 -0.119944 -0.542675 0.148276 -1 -0.633229 -0.750744 -0.049474 -1 0.477337 -1 -1 -0.861692 -1 -1 -0.476755 0.466012 -0.598592 -0.672189 0.0348157 0.124324 -0.786648 -1 0.520218 -0.492704 -0.809788 -0.459519 -0.123265 -1 -0.305274 -0.720262 -0.419944 -0.991836 -0.777942 -0.991749 -0.686211 -1 0.16836 -0.335733 -0.365127 -0.836268 -0.876653 0.336295 -1 -0.203026 0.00966977 -0.0320613 -1 -0.894242 0.574888 -0.996216 0.360167 -0.170094 0.561618 -0.795334 -0.307028 -0.0810142 -0.439312 -0.792425 0.496303 -0.0791982 -0.567038 0.303274 -0.388978 -0.501736 -0.997525 -0.271052 -0.572373 -1 -0.947299 -1 -0.241552 -0.584673 0.461787 -1 -0.253598 -0.0336192 -0.715496 0.133282 0.308282 -0.354738 -0.534075 0.0330214 -0.291652 0.134649 -0.0109107 0.31103 -0.816618 -0.113098 -0.918922 -0.699988 0.361317 -0.939085 
-1 -0.686774 -0.893828 -0.512624 -0.936 -0.923325 -0.300726 -0.989223 -0.720794 0.197678 -0.907146 -1 0.147147 -1 -0.837076 -1 -0.777262 -0.373102 0.0479823 -0.0415734 -0.463921 0.79897 -0.861538 -1 0.761233 -0.953912 -1 0.000573985 -1 -0.141912 -0.6623 -0.138721 -0.357219 0.275297 -0.0066634 -0.405102 0.425225 -1 0.453572 0.510817 0.304336 -0.651101 -0.114119 -0.274891 -0.527143 0.0780339 0.00346655 0.310839 0.295219 0.244685 0.0983739 -0.386284 0.583031 -0.921005 -0.99652 0.0252623 -1 -0.838399 -1 -1 0.47855 -0.705492 -0.493358 -1 -0.990124 -0.178411 -0.703177 -0.194246 -1 0.680494 0.217667 -0.352966 -0.838941 -0.651096 0.168106 -0.895009 0.0613607 -6.83665e-05 -0.0119783 0.0290231 0.173756 -1 -1 0.0901712 -0.549246 -0.236858 -0.614833 -0.0304828 -0.0528976 -1 -1 -0.710639 -0.630256 -1 -0.793428 -0.59101 -1 0.726248 -0.351089 0.385627 0.154632 -0.172018 -0.541489 0.173483 -0.692773 0.0787533 0.306347 0.00639712 -0.504769 -0.553148 -0.466467 -0.930991 0.335384 -0.995876 -0.409331 -0.00851477 -1 0.605371 -0.148373 -0.804871 -1 -0.472398 -0.836733 -0.777766 -0.971318 -0.245843 0.352275 0.161858 -0.350904 -1 -0.358854 -0.79656 0.200435 -0.376096 0.113371 -0.839742 0.00987127 -0.893104 
-0.54764 -0.0677761 -1 0.288262 0.0516481 0.0124428 -1 0.0585672 -0.942101 -0.636929 -0.0113536 0.235264 -0.774349 -0.233816 -1 -1 -0.209655 -0.935469 -1 -0.641318 -0.568201 -0.24804 0.19843 -1 -1 -1 -0.263344 0.015282 -0.782488 -0.730734 0.0457652 -0.873233 -0.96217 -0.92328 -1 -1 -1 -1 -0.834908 -0.384153 0.483693 0.132984 -0.944379 -1 0.0958777 -0.720853 -0.119944 -0.494006 0.148276 -1 -0.633229 -0.750744 -0.0270765 -1 0.500095 -0.886309 -0.959984 -0.861692 -0.826509 -0.98557 -0.616172 0.41004 -0.550837 -0.560504 0.0348157 0.124324 -0.786439 -1 0.701603 -0.684877 -1 -0.461279 -0.0151369 -1 -0.551029 -0.896829 -0.362459 -1 -0.983735 -0.991749 -0.795237 -1 -0.0464164 -0.338754 -0.376424 -0.848811 -0.791262 0.0931941 -1 -0.139293 0.00966977 -0.141038 -1 -1 0.242565 -1 0.176563 -0.279837 0.828705 -0.753981 -0.291953 0.0537004 -0.431355 -0.776042 0.450246 -0.0791982 -0.695018 0.222284 -0.717301 -0.677642 -1 -0.176215 -0.627979 -0.939704 -0.958989 -1 -0.241552 -0.578689 0.461787 -1 -0.22808 -0.0421277 -0.480622 0.191797 0.420329 -0.354738 -0.681513 0.124192 -0.291652 0.120148 -0.201079 0.364141 -0.686697 -0.0702294 -1 -0.699988 0.361317 -0.885896 
-0.967082 -1 -0.726804 -0.358433 -0.917553 -1 -0.848532 -0.997183 -0.732292 0.332723 -1 -1 0.204799 -0.831896 -0.747268 -1 -0.462926 -0.591805 -0.0572698 -0.0315238 -0.326272 0.596778 -1 -1 0.771579 -1 -0.959939 -0.058828 -1 -0.370584 -0.365393 -0.402916 -0.443509 0.289849 -0.0464035 -0.440308 0.498503 -1 0.565939 1 0.309725 -0.55118 0.0201228 -0.407318 -0.404137 -0.193393 0.0106459 0.234992 0.303962 0.371734 0.344766 -0.387427 0.54518 -0.794592 -1 -0.0797957 -1 -0.766289 -1 -1 0.627891 -0.515381 -0.428274 -0.913072 -1 -0.56781 -0.352301 -0.120744 -1 0.929013 0.295419 -0.884458 -0.876614 -0.870024 0.145393 -0.788038 0.319894 0.13643 0.164492 0.0213644 0.0855683 -1 -1 0.149131 -0.511315 -0.408992 -0.817089 -0.296042 0.0842478 -1 -1 -0.727929 -0.881551 -0.647509 -0.764819 -0.888521 -0.925164 0.221678 -0.5092 0.103842 0.0794045 0.104382 -0.351648 0.0506047 -0.883949 0.234538 0.30133 0.000682044 -0.43513 -0.549655 -0.62831 -1 0.358225 -0.963584 -0.591292 -0.10069 -1 0.590567 -0.0109808 -0.471921 -0.949148 -0.62716 -0.977988 -0.592849 -0.99661 -0.420073 0.344426 0.265931 -0.363426 -1 -0.485787 -0.496262 0.451191 -0.344979 0.0786489 -0.873377 0.068964 -0.810998 
-0.929259 -1 -0.712681 -0.240852 -0.811126 -1 -0.364204 -1 -0.979157 0.102338 -0.960001 -1 0.365908 -0.803393 -0.786841 -0.997081 -0.173885 -0.734657 0.108389 -0.416262 -0.472185 0.828489 -0.73738 -0.972807 0.254817 -1 -1 -0.1431 -0.994412 -0.802845 -0.362902 -0.447195 -0.420184 -0.224415 0.241388 -0.788718 0.741604 -1 0.544182 0.841413 0.468996 -0.556569 -0.239343 -0.169673 -0.269087 -0.0545994 0.281195 -0.18432 0.436064 0.202586 0.332815 -0.355658 0.690027 -1 -1 -0.149104 -0.868882 -1 -1 -0.956307 0.651909 -0.749665 -0.159482 -1 -1 -0.101739 -0.588103 -0.0553121 -0.928473 0.806539 0.468295 -0.440408 -0.295369 -0.60246 0.146684 -0.857058 0.273052 0.238702 0.113822 -0.11464 0.0419362 -0.730159 -1 0.0221404 -0.227743 -0.393874 -0.463882 -0.0283046 0.191556 -0.998901 -0.949617 -0.481734 -0.867402 -0.767311 -0.886549 -0.713462 -0.719585 0.626328 -0.348777 0.444508 0.168874 -0.0643785 -0.311486 0.30709 -0.577085 0.476243 0.102465 -0.0945307 -0.659358 -0.377084 -0.852547 -0.996944 0.470964 -0.816523 -0.268157 0.066222 -0.970358 0.910819 0.0882658 -0.466998 -0.946609 -0.384715 -0.663585 -1 -0.917406 -0.19548 0.0452169 0.436614 -0.897704 -1 -0.365612 -0.625785 0.170803 -0.41931 0.0902775 -0.905669 -0.390486 -0.629471 
-0.970855 -0.918258 -0.824293 -0.219048 -0.967575 -1 -0.376117 -1 -1 -0.0738025 -0.99911 -0.932713 0.349691 -1 -0.698077 -1 -0.280019 -0.564875 0.217103 -0.318292 -0.455962 0.324757 -1 -0.964307 0.5948 -1 -0.952407 -0.0537569 -1 -0.193475 -0.359508 -0.433698 -0.278692 0.153866 -0.0430048 -0.700991 0.362524 -1 0.0953807 0.72177 0.303661 -0.56583 -0.053615 -0.649752 -0.611786 -0.0593474 -0.402576 -0.0912966 0.207825 0.00556543 0.246177 -0.720901 0.409987 -1 -1 -0.483838 -0.964802 -0.563366 -1 -1 0.703649 -0.85342 -0.587016 -1 -1 -0.668072 -0.685227 -0.102332 -0.734741 0.730205 0.318012 -0.963936 -0.333089 -0.833675 0.129134 -1 -0.15142 -0.0529517 -0.00927827 -0.328671 0.176713 -0.851585 -1 -0.363749 -0.352223 -0.935105 -0.0894247 -0.350684 -0.0492564 -1 -1 -1 -0.773189 -0.951497 -1 -0.984385 -0.954488 0.204356 -0.467812 -0.00618694 -0.00286688 -0.279792 -0.185902 -0.15125 -0.470493 -0.112556 -0.230562 -0.20062 -0.50467 -0.458958 -1 -0.91593 0.0475552 -0.801221 -0.369593 -0.358639 -1 0.828692 -0.62842 -0.998025 -1 -0.250323 -0.872157 -0.641116 -1 -0.463582 -0.16078 0.494715 -0.438034 -0.956683 -0.0879143 -0.359701 0.40328 -0.57777 -0.309502 -0.910006 0.00116036 -1 
-1 -0.859494 -1 -0.566152 -1 -1 -0.290852 -1 -0.806612 0.4501 -0.946206 -0.809961 0.112237 -0.999071 -0.577915 -0.933334 -0.228933 -0.648484 -0.272678 -0.0602364 -0.188171 0.680178 -0.891185 -1 0.743109 -1 -1 -0.530944 -1 -0.482042 -0.679736 -0.036889 -0.406247 0.250062 0.0431896 -0.917412 0.732531 -1 0.474918 0.279762 0.171535 -0.599773 -0.322455 -0.524855 -0.523153 -0.218202 0.160421 0.196517 0.454751 0.136169 0.136481 -0.437883 0.336729 -1 -1 -0.417841 -0.867372 -0.836448 -1 -1 0.553184 -1 -0.262131 -1 -0.99608 -0.09336 -0.453428 -0.0715007 -0.99907 0.935561 0.588031 -0.548431 -0.370447 -0.494257 0.141894 -0.826586 0.107356 0.135568 0.110595 -0.151545 0.135956 -1 -1 -0.0510115 -0.293421 -0.704722 -0.214129 -0.00193298 0.0742446 -0.700537 -0.997648 -0.950522 -0.887785 -0.772485 -0.999407 -0.508854 -0.648143 0.547919 -0.39088 0.431771 -0.360999 -0.0603772 -0.226045 0.0818155 -0.386537 0.377334 0.0155005 -0.0346271 -0.461209 -0.263283 -0.730159 -1 0.59588 -0.6819 -0.541887 0.0336736 -0.994232 0.838957 -0.211017 -0.57157 -0.968597 -0.335432 -0.799073 -0.73096 -0.999184 -0.399216 0.375283 0.152756 -0.445612 -1 -0.321248 -0.469334 0.420996 -0.456412 0.140874 -0.906474 -0.0977782 -0.616434 
-1 -0.849414 -0.975766 -0.501751 -1 -0.98806 -0.291523 -1 -0.791677 0.434162 -1 -0.858022 0.10477 -0.965789 -0.458927 -0.927039 -0.22535 -0.533185 0.115733 -0.117667 -0.16248 0.680178 -0.766845 -1 0.741631 -0.977975 -1 -0.28323 -1 -0.49531 -0.512403 0.052246 -0.319291 0.282799 -0.0186958 -0.924336 0.687267 -0.995192 0.567897 0.575543 0.520571 -0.394003 -0.249863 -0.475498 -0.545315 -0.0971023 0.121629 0.16525 0.488541 0.136169 0.32595 -0.256373 0.33766 -0.972333 -0.999205 -0.28705 -0.867372 -0.68925 -1 -1 0.669413 -0.957762 -0.263853 -1 -0.995401 -0.133446 -0.453428 -0.0687359 -0.994879 0.949755 0.489476 -0.475902 -0.281863 -0.525192 0.157265 -0.812797 0.255539 0.1572 0.134643 0.00238178 0.148307 -0.664982 -0.9996 0.012131 -0.319977 -0.473698 -0.139476 -0.00967401 0.190806 -0.697846 -0.847684 -0.657322 -0.781967 -0.65203 -0.773157 -0.574042 -0.664396 0.589828 -0.407076 0.420727 -0.0356268 -0.0550527 -0.0905467 0.357948 -0.485912 0.5424 0.158452 0.13617 -0.458774 -0.267975 -0.765635 -1 0.571101 -0.688389 -0.278044 0.0442993 -0.989049 0.839534 -0.111983 -0.44169 -1 -0.334028 -0.685506 -0.743589 -0.866693 -0.19548 0.375704 0.353092 -0.455205 -1 -0.247205 -0.489027 0.435166 -0.349944 0.294657 -1 0.024983 -0.602916 
-0.81944 -0.2025 -1 0.241463 0.119475 -0.188776 -0.969662 -0.295184 -1 -0.6813 -0.130738 0.253328 -0.888439 -0.437967 -1 -1 -0.209655 -1 -1 -0.999475 -0.310434 -0.469238 -0.13507 -1 -0.931552 -1 -0.215311 0.100604 -0.700824 -0.83214 -0.160531 -1 -1 -1 -1 -1 -1 -1 -0.748997 -0.464327 0.586388 -0.0954384 -1 -1 -0.0646009 -0.921525 -0.204644 -0.993373 0.148276 -1 -0.637365 -0.750744 -0.0193328 -1 0.475821 -0.921153 -0.915553 -0.972411 -0.99593 -1 -0.593835 0.476208 -0.595815 -0.721352 0.0364809 -0.133991 -1 -1 0.481513 -0.626478 -0.805674 -0.459519 -0.0818272 -1 -0.301296 -0.736423 -0.419944 -0.943648 -0.688439 -1 -0.707541 -1 -0.00356832 -0.599045 -0.421556 -1 -0.88027 0.249661 -1 -0.343332 -0.225808 -0.113257 -1 -1 0.466342 -0.990038 0.0707676 -0.186165 0.402208 -0.697092 -0.354831 -0.309573 -0.431355 -0.962127 0.496502 -0.442288 -0.8149 0.0677327 -0.39376 -0.490894 -1 -0.1815 -0.590193 -1 -1 -1 -0.238861 -0.751876 0.243522 -1 -0.370596 -0.263302 -0.708597 0.125857 0.267908 -0.373901 -0.452757 -0.106793 -0.291652 0.129618 0.0726418 0.31103 -0.765953 -0.54239 -1 -0.961335 0.321483 -0.900535 
-0.698508 -0.038816 -1 0.232802 0.267423 -0.108217 -0.946575 -0.0212903 -1 -0.623147 -0.0113536 0.186472 -0.967818 -0.233816 -1 -1 -0.209655 -1 -1 -0.680263 -0.32779 -0.313905 0.0341371 -1 -1 -0.955982 -0.217479 -0.155625 -0.814923 -0.797849 -0.00408763 -0.873233 -1 -0.93115 -1 -1 -0.979742 -1 -0.980202 -0.384153 0.404264 0.130592 -1 -0.887966 0.0958777 -0.640776 -0.255528 -0.494006 0.148276 -1 -0.672863 -0.697284 -0.259179 -1 0.201126 -1 -1 -0.807838 -0.827493 -1 -0.915482 0.362271 -0.64313 -0.609544 0.0528851 0.124324 -0.840991 -1 0.398303 -0.604884 -0.836547 -0.508712 0.0586871 -1 -0.594013 -0.739034 -0.374212 -1 -0.859848 -1 -0.967083 -1 0.154953 -0.528912 -0.376424 -0.88508 -1 0.340801 -0.932379 -0.408736 -0.0890935 -0.190135 -0.966772 -1 0.541909 -0.969636 0.318658 -0.118861 0.598981 -0.69315 -0.236912 -0.0306356 -0.362182 -0.88097 0.496303 -0.0831533 -0.512841 0.303274 -0.443731 -0.549896 -1 -0.271052 -0.729987 -1 -0.981935 -1 -0.485676 -0.622745 0.461787 -1 -0.27853 -0.0584409 -0.711838 0.191797 0.366873 -0.447025 -0.766835 0.124192 -0.470408 0.0771114 -0.00723916 0.460999 -0.733467 0.132579 -1 -1 0.302107 -0.934999 
-0.999871 -0.773507 -0.946987 -0.183172 -0.7536 -0.942126 -0.531451 -0.996303 -1 0.402134 -1 -0.995284 0.388632 -0.780675 -0.531907 -0.978487 -0.302382 -0.308996 0.0231153 -0.0657625 -0.30542 0.670232 -0.894974 -0.896249 0.497801 -0.848985 -0.995721 -0.11705 -1 -0.408215 -0.580056 0.0245929 -0.342869 0.144032 0.215094 -0.679694 0.773951 -1 0.58416 0.915935 0.555523 -0.406914 -0.0114137 -0.268767 -0.581571 0.0956642 0.134262 0.107481 0.536544 0.389899 0.0438352 -0.380552 0.846961 -1 -1 0.0970968 -0.78945 -0.738482 -0.997321 -1 0.912932 -0.533158 -0.435662 -0.98106 -0.914581 -0.31855 -0.404617 0.142852 -1 0.764048 0.519098 -0.402853 -0.281784 -0.737261 0.152701 -0.879746 -0.00441578 0.41391 0.144858 0.0319529 0.38574 -0.898622 -0.996307 0.182623 -0.320059 -0.174558 -0.166105 -0.050164 0.179735 -0.874299 -0.999348 -0.443625 -0.752556 -0.673263 -0.756002 -0.575038 -0.667244 0.670498 -0.187276 0.633045 0.250652 0.125709 -0.448443 0.21454 -0.459262 0.265994 0.340179 0.0779216 -0.664996 -0.460169 -0.547873 -0.999253 0.38165 -0.879709 -0.263597 0.0784647 -1 0.471586 -0.0868648 -0.50138 -1 -0.255741 -0.724087 -0.575131 -1 -0.192303 0.319659 0.500202 -0.472776 -0.978925 -0.290874 -0.647451 0.397898 -0.613773 0.289267 -0.80279 -0.00182029 -0.614952 
-0.768634 -0.121117 -1 0.139191 -0.254868 -0.446816 -0.981167 -0.0212903 -1 -0.852041 0.0497409 0.484552 -1 -0.233816 -1 -0.912497 -0.213936 -0.93238 -0.995472 -0.827664 -0.563974 -0.232733 0.0280689 -1 -0.967631 -1 -0.148652 -0.239375 -0.77952 -1 0.0186813 -1 -0.96217 -1 -0.988827 -1 -0.979742 -0.994163 -0.88698 -0.384153 0.275598 0.132984 -1 -1 0.00828449 -0.867573 -0.255528 -0.391667 0.0384862 -0.976116 -0.600598 -0.706246 -0.0506292 -1 0.548213 -0.906849 -1 -0.901619 -0.950447 -1 -0.448718 0.207465 -0.479224 -0.560504 -0.42657 -0.196776 -0.915395 -1 0.414842 -0.778288 -0.822422 -0.505706 -0.000222489 -1 -0.52937 -0.83159 -0.12663 -0.914531 -0.975377 -1 -0.967389 -1 0.140866 -0.444225 -0.714272 -0.923613 -1 0.162993 -1 -0.227396 -0.0308495 -0.226482 -1 -1 0.109651 -1 0.353345 -0.118861 0.706204 -0.619459 -0.228563 0.0195552 -0.569849 -0.853468 0.237003 -0.275687 -0.976291 0.303274 -0.378477 -0.809335 -1 -0.271052 -0.583564 -1 -1 -1 -0.276546 -0.575872 0.230831 -0.966386 -0.187402 -0.0732683 -0.480622 0.248692 0.317907 -0.292319 -0.921777 0.124192 -0.207496 0.134649 -0.00723916 0.161165 -0.686697 -0.160638 -1 -0.741449 0.136533 -1 
-0.64508 -0.038816 -1 0.223025 0.255505 -0.0285979 -1 -0.38124 -0.943359 -0.776948 -0.00297072 0.381591 -0.774349 -0.414968 -0.980477 -0.889176 -0.269297 -1 -0.999067 -0.745518 -0.30307 -0.473617 0.167755 -1 -0.866157 -1 -0.363928 -0.488334 -0.994632 -0.730734 0.0163382 -1 -0.972796 -1 -0.915467 -1 -0.996167 -1 -0.92294 -0.447424 0.55755 0.12816 -0.956129 -0.902362 0.138767 -0.861934 -0.119944 -0.494006 0.148276 -1 -0.632806 -0.750744 -0.403164 -0.981323 0.429249 -1 -1 -0.861692 -0.840238 -0.98581 -0.735787 0.484676 -0.777926 -0.819449 0.0792671 0.0424595 -0.684761 -1 0.556293 -0.679026 -1 -0.60097 -0.24897 -1 -0.399313 -0.860597 -0.389227 -1 -0.777942 -1 -0.716054 -1 -0.0382289 -0.515926 -0.42268 -0.920008 -0.893862 0.145766 -1 -0.135598 -0.0133642 -0.0320613 -0.997462 -1 0.443096 -1 0.353345 -0.188297 0.628193 -0.763608 -0.282226 0.0522897 -0.661649 -0.709275 0.496303 -0.0791982 -0.671993 0.136449 -0.708659 -0.760514 -0.969663 -0.306074 -0.783183 -1 -0.825035 -1 -0.323937 -0.578689 0.289515 -1 -0.377492 -0.195733 -0.533311 -0.128836 0.428288 -0.709056 -0.609909 0.195448 -0.384382 0.0106693 -0.157848 0.230492 -0.592703 -0.123446 -0.934293 -0.792113 0.361317 -0.935238 
-0.997554 -0.852749 -0.982241 -0.537461 -1 -1 -0.590597 -1 -0.791677 0.19223 -1 -0.808042 -0.0545298 -0.965789 -0.458927 -0.941778 -0.228933 -0.726588 0.113023 -0.117667 -0.159697 0.759542 -0.759239 -1 0.733269 -0.984438 -1 -0.264878 -1 -0.58883 -0.717271 0.0422303 -0.330421 0.292321 0.0316546 -1 0.681793 -1 0.572384 0.575543 0.602335 -0.394003 -0.249863 -0.445507 -0.540093 -0.0825597 -0.167865 0.162359 0.507126 -0.0525513 0.275363 -0.495027 0.211649 -0.980312 -0.99534 -0.28705 -1 -0.726727 -1 -1 0.464511 -0.864201 -0.259428 -1 -1 -0.0828579 -0.453428 -0.0693654 -0.994879 0.948677 0.578886 -0.722519 -0.290002 -0.690419 0.182566 -0.80886 0.255539 0.1572 -0.0798053 -0.0991877 0.145346 -0.664982 -0.967101 0.0132522 -0.365234 -0.475751 -0.139476 -0.146648 0.00505459 -0.697846 -0.85534 -0.657241 -0.99585 -0.640574 -0.761581 -0.830353 -0.869543 0.583167 -0.538188 0.270387 -0.0356268 -0.0717402 -0.0905467 0.218708 -0.677913 0.553196 0.161173 0.13316 -0.471456 -0.474354 -0.872152 -0.919579 0.626965 -0.899171 -0.278044 0.0442993 -0.995708 0.883773 -0.111983 -0.551341 -0.949097 -0.322316 -0.776643 -0.816851 -1 -0.331362 0.365425 0.298349 -0.473135 -1 -0.536222 -0.614638 0.403425 -0.348835 0.294657 -1 0.0382015 -0.658509 
-0.819614 -1 -0.750007 -0.219048 -0.817195 -0.917638 -0.387923 -1 -1 0.13671 -1 -0.953957 0.349691 -1 -0.581179 -1 -0.28483 -0.613862 0.234547 -0.104839 -0.348147 0.324757 -1 -0.976389 0.5948 -1 -1 -0.152635 -0.90326 -0.230972 -0.357716 -0.521111 -0.278692 0.111149 0.150326 -0.713803 0.3359 -0.969131 -0.0756029 0.464712 0.303661 -0.537159 -0.0137018 -0.891208 -0.697971 0.0493137 -0.573956 0.187185 0.27999 0.26681 0.381811 -0.450203 0.427517 -0.966169 -1 -0.407125 -1 -0.553962 -1 -0.960115 0.709092 -0.772148 -0.589281 -1 -0.92949 -0.92726 -0.649 -0.0415132 -0.836045 0.460271 0.369597 -0.963936 -0.278268 -0.911753 0.129774 -0.991832 -0.0814039 0.094513 -0.00958757 -0.423951 0.0909582 -0.863381 -0.995149 -0.457534 -0.600448 -1 -0.332677 -0.0620454 -0.145199 -0.917013 -0.992382 -0.891975 -0.871678 -0.951497 -0.913576 -0.984385 -0.899503 0.432806 -0.44319 -0.00618694 0.00058368 -0.279792 -0.0972089 -0.380853 -0.397345 -0.175622 -0.207196 -0.203405 -0.507721 -0.380527 -1 -0.91593 0.296077 -0.779808 -0.369069 -0.176213 -1 0.907177 -0.593781 -1 -1 -0.398996 -1 -0.641116 -0.95218 -0.371042 -0.16078 0.332826 -0.418113 -0.942189 -0.0879143 -0.332917 0.40328 -0.469965 -0.309502 -1 0.00904975 -0.816122 
-1 -1 -0.93009 -0.490209 -0.752892 -1 -0.353428 -0.99538 -0.803993 0.262833 -1 -1 0.383109 -0.691276 -0.492772 -1 -0.279044 -0.523721 -0.0547128 -0.196443 -0.527267 0.50404 -0.764243 -0.916251 0.724956 -0.979852 -1 0.192572 -1 -0.382154 -0.63017 0.0404525 -0.389648 0.224775 0.296573 -0.80406 0.716713 -1 0.193166 0.886997 0.530703 -0.495185 -0.246513 -0.878861 -0.387403 0.0932385 -0.147936 0.18777 0.418561 0.205096 -0.207786 -0.152317 0.370441 -1 -0.918544 -0.450719 -1 -0.725438 -0.801996 -0.955693 0.643691 -0.749542 -0.159866 -0.919395 -0.98446 -0.140388 -0.399016 -0.12698 -1 0.760671 0.566652 -0.526137 -0.323547 -0.691088 0.253266 -0.973446 0.278806 0.330759 0.163298 -0.0380691 0.270149 -0.817316 -1 0.157967 -0.426802 -0.216013 -0.161649 -0.334279 0.026623 -0.890039 -1 -0.443652 -0.537916 -0.696743 -0.766071 -0.715572 -0.7348 0.250486 -0.190134 0.600838 -0.266675 0.0373869 -0.158674 0.161158 -0.457906 0.141479 -0.182507 0.0168348 -0.721214 -0.320825 -0.669081 -0.977403 0.483578 -1 -0.247348 -0.177831 -1 0.796312 -0.0884352 -0.620969 -1 -0.329332 -0.768081 -0.738681 -1 -0.194775 0.31398 0.503318 -0.555437 -1 -0.505986 -0.811442 0.331035 -0.356216 0.315669 -0.993053 -0.259739 -0.796745 
-0.996402 -0.742115 -0.649468 -0.433848 -0.739062 -1 -0.632765 -0.950564 -0.674323 0.225445 -0.979865 -0.996953 0.224654 -0.980414 -0.812834 -1 -0.222914 -0.528648 0.255806 -0.157814 -0.384677 0.39569 -0.837869 -1 0.792678 -0.757246 -1 -0.158078 -1 -0.0871396 -0.36123 -0.260661 -0.660494 -0.00790805 0.192279 -0.735988 0.752878 -1 0.618314 0.851012 0.54653 -0.468268 -0.155949 -0.267975 -0.267934 0.0405457 0.0279314 0.0231397 0.56944 0.357194 0.0708845 -0.446386 0.850017 -1 -1 0.000907837 -0.984068 -0.947454 -0.996715 -1 0.790814 -0.775793 -0.225708 -1 -1 -0.428908 -0.635495 0.217271 -1 0.880589 0.336028 -0.479072 -0.26736 -0.826528 0.422293 -0.997651 0.197701 0.255853 -0.22196 -0.196549 0.341325 -0.770078 -1 0.186397 -0.32765 -0.434132 -0.307063 -0.0300972 0.0634321 -0.698186 -0.994632 -0.487178 -0.673278 -0.963694 -0.96879 -0.579589 -0.80778 0.640075 -0.450659 0.503817 -0.0369971 0.164875 -0.393897 0.0342619 -0.429282 0.493477 0.223392 0.0890679 -0.440698 -0.301961 -0.628611 -1 0.35279 -0.8559 -0.24961 -0.0744664 -1 0.781591 -0.184252 -0.499396 -1 -0.346092 -0.673678 -0.770572 -0.897758 -0.0976115 0.466668 0.20331 -0.353094 -0.959659 -0.219348 -0.623123 0.278981 -0.385795 0.211512 -0.825493 -0.357232 -0.541064 
-0.99613 -0.678075 -0.707586 -0.265162 -0.833357 -0.979508 -0.391928 -1 -0.717588 0.351429 -1 -1 0.333395 -0.819176 -0.56852 -0.998247 -0.514218 -0.406132 0.229814 -0.0552018 -0.368143 0.709855 -0.80256 -0.909281 0.780771 -0.902299 -0.970175 0.125578 -1 -0.202611 -0.387665 0.0376075 -0.462909 0.308395 0.202626 -0.464847 0.505032 -0.999303 0.587455 0.854198 0.346069 -0.647034 0.00263153 -0.34684 -0.286203 0.0864489 0.0895141 0.27491 0.303962 0.378368 0.298514 -0.166208 0.529581 -0.939393 -0.999348 0.0517679 -0.995375 -0.727203 -1 -0.996256 0.669707 -0.525117 -0.31442 -0.992287 -0.986106 -0.165858 -0.386917 0.0700419 -0.997165 0.919574 0.313457 -0.415267 -0.5831 -0.589242 0.177167 -0.832234 0.245327 0.210204 0.135884 0.00459592 0.188052 -0.986096 -1 0.128196 -0.407089 -0.164858 -0.476999 -0.0115283 0.178502 -0.911819 -1 -0.453252 -0.654333 -0.648524 -0.777432 -0.594014 -0.912872 0.63999 -0.191546 0.517653 0.136441 0.207201 -0.131826 0.126921 -0.681562 0.266755 0.35354 -0.00899945 -0.45249 -0.488523 -0.462986 -0.93693 0.475854 -0.966426 -0.260397 0.0206166 -1 0.584372 0.0674062 -0.497758 -1 -0.464519 -0.752096 -0.623661 -1 -0.276238 0.353049 0.512738 -0.328697 -1 -0.341289 -0.466956 0.471412 -0.367329 0.312174 -0.828334 0.0297456 -0.725853 
-0.54764 -0.038816 -1 0.277347 0.244982 -0.0011554 -1 -0.180882 -0.942101 -0.636929 -0.0113536 0.35524 -1 -0.393934 -0.997601 -0.912497 -0.132411 -0.934687 -0.955711 -0.641318 -0.633929 -0.533821 0.288084 -1 -1 -0.829049 -0.0840331 -0.132619 -0.849029 -0.897458 0.0336078 -0.875667 -0.96217 -1 -1 -1 -0.996167 -1 -0.999477 -0.384153 0.38304 -0.132754 -0.944379 -1 0.0958777 -0.586778 -0.120694 -0.666076 0.142033 -1 -0.633229 -0.815039 -0.258181 -0.904446 0.552349 -0.999968 -1 -0.861692 -0.844165 -0.99426 -0.51764 0.674536 -0.550837 -0.530228 -0.0691586 0.116294 -0.813064 -1 0.702311 -0.779946 -1 -0.459519 -0.00459356 -1 -0.524219 -0.803124 -0.235795 -0.996002 -0.777942 -0.990313 -0.686211 -0.974299 -0.0063656 -0.239214 -0.332097 -0.942959 -0.88027 0.347187 -1 -0.143819 0.0042352 -0.0320613 -1 -0.897537 0.580257 -0.940712 0.349776 -0.114142 0.817629 -0.753981 -0.250275 0.0640551 -0.627481 -1 0.496303 0.000431322 -0.512841 0.303274 -0.458628 -0.486728 -0.945261 -0.370905 -0.692986 -1 -0.825035 -1 -0.251441 -0.589782 0.461787 -0.998795 -0.234857 -0.174085 -0.737699 0.190232 0.355679 -0.361516 -0.541592 0.124464 -0.291652 0.136825 -0.189819 0.274341 -0.955309 0.156452 -1 -0.72171 0.361317 -0.946106 
-0.998977 -0.859494 -1 -0.700629 -0.962748 -1 -0.293265 -1 -0.806612 0.408292 -1 -1 0.0285566 -1 -0.451896 -0.992877 -0.34239 -0.892113 -0.0151747 -0.107701 -0.321444 0.591332 -0.885305 -0.887679 0.743109 -1 -1 -0.460959 -0.974374 -0.690924 -0.844346 0.0378337 -0.465402 0.201725 -0.149724 -1 0.529464 -1 0.104179 0.307556 0.256734 -0.756343 -0.178579 -0.883541 -0.585447 -0.307459 0.106053 0.103577 0.241735 0.0157628 0.167614 -0.634769 0.230651 -1 -1 -0.28705 -0.867372 -0.905311 -1 -1 0.671214 -1 -0.395537 -0.999317 -0.968384 -0.232147 -0.602319 -0.0715007 -1 0.477195 0.414474 -0.548431 -0.628636 -0.525874 0.153871 -0.977863 0.0769617 0.149334 -0.0967763 -0.147845 -0.0650005 -0.946605 -1 -0.185837 -0.360024 -0.825225 -0.216001 -0.00377029 0.188578 -0.655344 -1 -1 -0.802727 -0.606535 -1 -0.5666 -0.648143 0.470516 -0.560642 0.435725 -0.487783 -0.0603772 -0.48763 0.364737 -0.443408 0.37991 -0.218746 0.102367 -0.594284 -0.46771 -0.776084 -0.984412 0.695312 -0.751113 -0.28576 0.0336736 -1 0.746644 -0.211017 -0.718641 -0.921077 -0.335432 -0.797862 -0.93895 -1 -0.403234 0.148306 0.34107 -0.445612 -1 -0.47085 -0.521308 0.489305 -0.346859 0.14559 -1 -0.140876 -0.557661 
-1 -0.874209 -1 -0.147491 -1 -0.911867 -0.648818 -1 -0.807838 -0.155867 -1 -0.979507 0.429307 -0.945944 -0.403656 -1 -0.758997 -0.90828 -0.235737 -0.0364296 -0.77098 0.53441 -1 -0.961858 0.74508 -0.999597 -0.88302 -0.153345 -1 -0.318373 -0.241021 -0.22785 -0.894781 -0.0733829 -0.0730569 -0.869388 0.24477 -1 0.56009 0.361271 0.329643 -1 -0.505602 -0.403804 -0.587671 -0.446421 -0.169109 0.0217638 0.274039 -0.153059 -0.00816811 -0.844544 0.0769665 -1 -1 -0.145409 -0.93307 -0.683676 -0.91394 -0.999686 0.083835 -0.719848 -0.518749 -1 -1 -0.940128 -0.507736 -0.433375 -1 0.634248 0.108437 -1 -1 -0.614447 -0.517796 -1 -0.672374 -0.0182212 -0.108495 -0.364633 -0.369227 -1 -0.990193 -0.0420595 -1 -0.167673 -0.651202 -0.818424 0.0635415 -0.904067 -1 -0.445451 -0.469641 -1 -1 -0.514656 -1 0.53406 -0.234104 -0.000273631 -0.425543 -0.145557 -0.0489572 -0.0372195 -1 0.218735 0.0582479 -0.0198798 -0.650309 -0.531241 -1 -1 -0.0505905 -0.952246 -0.229946 0.0301115 -1 0.208203 -0.435137 -0.702042 -1 -0.769265 -1 -0.77463 -1 -0.288317 0.405743 0.458858 -0.413354 -1 -0.670861 -0.460897 0.274617 -0.803313 -0.0254915 -0.718455 -0.405237 -1 
-0.588863 -0.038816 -1 0.280152 0.255505 0.00463142 -1 -0.0212903 -0.979895 -0.762477 -0.115752 0.448273 -0.792918 -0.233816 -1 -0.90526 -0.544204 -1 -1 -0.641318 -0.31252 -0.485396 0.163305 -1 -1 -1 -0.224182 0.015282 -0.873048 -0.702362 0.0150099 -0.858302 -0.96217 -0.838259 -1 -1 -0.996167 -1 -1 -0.384153 0.354722 0.0866035 -0.972781 -0.879143 0.0380343 -0.857713 -0.158079 -0.50763 0.148276 -1 -0.682128 -0.750744 -0.0223145 -1 0.474043 -0.866078 -0.939942 -0.941307 -1 -0.993156 -0.416774 0.710019 -0.822044 -0.560504 0.0348157 0.0223758 -0.830658 -1 0.437558 -0.502356 -0.991882 -0.454526 -0.274792 -1 -0.305274 -0.776239 -0.207747 -0.926696 -0.773989 -1 -0.883945 -1 -0.0645234 -0.327699 -0.376424 -0.891147 -0.855028 0.331156 -1 -0.153707 -0.0220337 -0.0751325 -1 -0.894242 0.54858 -1 0.282526 -0.118861 0.828705 -1 -0.42493 0.114991 -0.562273 -0.776042 0.522567 -0.105654 -0.549191 0.325712 -0.631561 -0.524064 -1 -0.492029 -0.842988 -1 -1 -1 -0.206425 -0.647511 0.476431 -0.958638 -0.441782 -0.0732683 -0.511431 0.191797 0.422401 -0.46201 -0.468262 -0.00879989 -0.23996 0.087447 -0.214173 0.343397 -0.752258 0.132579 -1 -0.882734 0.335638 -1 
-1 -1 -0.725862 -0.534958 -1 -1 -0.649742 -1 -0.873924 0.460146 -1 -0.94975 0.344887 -0.877352 -0.84225 -0.84116 -0.352196 -0.30031 0.122151 -0.13481 -0.527587 0.623879 -0.682448 -0.91146 0.491479 -0.760339 -0.982821 0.202701 -1 -0.219212 -0.609949 -0.0874935 -0.241907 -0.0713786 0.380976 -0.579686 0.468435 -0.997616 0.565951 0.630451 0.407671 -0.425803 0.0240209 -0.274703 -0.354841 0.0460623 -0.0518191 0.312847 0.657444 0.359651 0.264749 -0.222835 0.419822 -1 -0.997705 -0.0294103 -1 -0.728941 -1 -1 0.708631 -0.680068 -0.252344 -1 -1 -0.41669 -0.346138 0.147863 -1 0.886459 0.206418 -0.850598 -0.434138 -0.580712 0.0217919 -0.788203 0.24619 0.288319 -0.0679328 0.0276421 0.354189 -1 -1 0.265067 -0.229584 -0.234473 -0.084387 -0.561543 0.17635 -0.953045 -0.948619 -0.765438 -0.78926 -0.693523 -0.932686 -0.567932 -0.927128 0.669374 -0.493848 0.782978 0.249505 -0.0613012 -0.385 0.310736 -0.426897 0.488951 0.170964 -0.132665 -0.601561 -0.289367 -0.684757 -1 0.614165 -0.836331 -0.218485 -0.334203 -1 0.781431 -0.111049 -0.7872 -0.985229 -0.278664 -0.69362 -0.702979 -0.730423 -0.171759 0.0621653 0.531926 -0.632104 -1 -0.211769 -0.538043 0.196516 -0.444272 0.251752 -1 -0.266366 -0.510118 
-0.87143 -1 -1 -0.532218 -0.577808 -0.900535 -0.512956 -0.77923 -0.811702 -0.129353 -0.901274 -1 0.000111353 -1 -0.718959 -1 -0.290829 -0.509245 0.343602 0.149857 -0.469904 0.833882 -1 -1 0.355104 -0.88928 -0.951123 -0.0262087 -0.931562 -0.139587 -0.687844 -0.282596 -0.190884 0.186269 0.702141 -0.982132 0.458522 -1 0.60532 0.781797 0.0906368 -0.846805 0.0153002 -0.240222 -0.661626 0.126683 -0.757315 0.344261 0.49557 0.471672 -0.00923637 -0.10943 0.858928 -1 -0.981338 -0.237423 -0.894465 -0.775363 -0.965787 -1 0.519476 -0.533489 -0.917355 -1 -0.880915 -0.467291 -0.59571 -0.16331 -0.999483 0.549305 0.644746 0.0134496 -0.344471 -0.322152 -0.193134 -1 0.290218 -0.178548 -0.180474 -0.466071 0.287361 -0.495308 -1 0.150298 -0.428625 -0.259015 -0.451441 -0.343291 -0.159694 -0.564757 -1 -0.638363 -1 -0.751348 -1 -0.481383 -1 -0.0812037 -0.218423 0.0976761 0.00355601 0.106634 -0.0357065 0.345143 -0.702365 0.489309 0.43248 0.164637 -0.529797 -0.576307 -0.963845 -0.955919 0.219384 -0.937863 -0.5895 0.11518 -1 0.728679 -0.0518409 -0.81043 -0.965444 -0.330552 -1 -0.736118 -1 -0.634435 0.112484 0.702406 -0.832902 -0.98968 -0.346022 -0.247919 0.130617 -0.642244 0.0671608 -0.934233 -0.246863 -0.281834 
-0.0248798 -0.348582 0.357101 0.395539 0.33355 -0.00593963 0.468145 0.607543 0.776277 -0.697388 -1 0.615669 0.750624 -0.47606 0.345093 -0.847329 -0.916632 -0.476614 -0.690404 0.568951 -0.658132 -0.100765 0.815272 0.892498 -0.648131 -0.49031 0.430985 -0.982813 -0.159432 0.194277 0.334406 -0.655888 0.273313 -0.516099 -0.970588 -0.978776 0.677149 -1 0.299962 -1 -0.934479 -1 0.685502 -0.357766 -0.384102 -0.515501 -0.0698327 -0.188812 -0.913368 -0.0433884 -0.89425 -0.18514 -0.546892 -0.0187744 -0.444063 -0.886524 -0.25233 -0.113538 -1 -0.993214 -0.0582435 -1 0.117762 0.382525 0.69346 0.0106699 -0.901632 0.106756 0.0274938 0.11374 -0.531249 0.463239 -0.414755 -0.680889 0.613665 -0.270278 -1 -0.349879 -0.768681 -1 -0.898884 -0.92936 -0.615156 0.0977212 -1 -0.0834443 -0.754772 -1 0.396794 -0.879289 0.343582 0.503071 -0.89937 0.157558 -0.171844 -0.536723 -0.21687 0.775322 -0.695201 0.730215 -0.474078 -0.751435 -0.111549 -0.215665 0.19431 0.0412084 -0.23681 -1 0.221777 0.762914 -0.163968 -0.70739 0.31282 0.588302 -1 -1 -0.606904 -0.665651 -0.936165 -1 -0.466199 0.231277 0.405249 -0.928413 0.0811832 -0.548318 -0.563836 -1 -0.241647 -0.18332 -0.793819 -0.656694 0.0742851 -0.516607 -0.503575 -0.292797 -0.422141 0.339569 
-0.995816 -0.741173 -0.759227 -0.512624 -0.948737 -0.923325 -0.345056 -0.989223 -0.707552 0.197678 -0.907146 -1 0.147147 -0.832665 -0.56476 -1 -0.487058 -0.356778 0.0606055 -0.0415734 -0.461375 0.712408 -0.930157 -1 0.761233 -0.983019 -0.951258 0.000573985 -1 -0.141912 -0.360508 0.0071441 -0.356098 0.279828 -0.0066634 -0.485935 0.425225 -1 0.59833 0.723084 0.304336 -0.651101 -0.114119 -0.324404 -0.512472 0.0880222 0.00346655 0.310839 0.308573 0.245567 0.0700044 -0.153916 0.503419 -0.921005 -0.99652 0.0517679 -1 -0.838399 -1 -1 0.646282 -0.709589 -0.490232 -1 -0.999762 -0.186986 -0.429389 0.00407968 -1 0.924855 0.18246 -0.362329 -0.849594 -0.650781 0.144138 -0.858373 0.250964 0.159081 -0.0158305 0.0290231 0.175179 -1 -1 0.0901712 -0.547331 -0.236858 -0.714776 -0.0297076 -0.0594139 -1 -1 -0.608899 -0.629556 -0.940445 -0.793428 -0.59101 -1 0.665074 -0.339795 0.385627 0.154632 0.099511 -0.322047 0.173483 -0.696338 0.0787533 0.302782 0.00639712 -0.499059 -0.553148 -0.466467 -0.930991 0.335384 -1 -0.304595 -0.00851477 -1 0.641179 0.110767 -0.804871 -1 -0.472398 -0.836733 -0.595351 -0.997237 -0.257556 0.338666 0.239374 -0.349402 -0.998711 -0.358854 -0.498461 0.200435 -0.312664 0.313261 -0.799072 0.00987127 -0.893104 
-0.674494 -0.0344138 -1 -0.688191 -0.262237 0.846187 -1 0.667884 -1 -0.807124 -0.970753 -0.242464 -0.460343 -1 -0.241136 -1 -1 -0.916928 -1 0.325908 0.618285 -0.704041 -0.290489 -0.755528 -0.846473 -0.368698 0.922637 -1 -1 -0.235189 -1 -1 -1 0.307332 -1 -1 -1 -0.958833 -0.7283 -1 0.673625 -0.117725 -0.814072 -1 -0.243866 -0.582066 -0.983112 0.286368 0.824558 -0.421202 -0.294171 -0.958334 -1 -0.0934854 -0.589252 -0.794032 -0.422848 0.712925 0.58582 -0.746205 0.198968 0.0631937 -0.422719 0.179175 0.937411 -0.00886158 -1 -0.258542 0.503288 -0.119257 0.14185 -0.729348 -0.915796 -0.934532 -1 -1 -0.12807 -0.97504 0.45079 -0.796308 -1 0.518063 0.684273 -0.50289 -1 -0.153485 0.533248 0.804051 -1 -1 -1 0.121074 -0.158546 -0.965214 -0.576192 -0.399281 -1 -0.401182 -0.784154 0.121832 -0.754871 0.711431 -0.961254 -0.708007 0.061817 0.183459 -0.292153 -0.804884 -1 -1 0.521259 -0.300756 0.954039 -0.122124 -0.748603 0.951711 -0.162302 -0.565056 -0.224705 -1 -0.97838 -1 0.213671 -0.205279 -1 0.0155 -1 -1 -0.997446 -1 -0.384084 -0.168893 -1 -0.999752 -1 -0.186268 0.310762 -0.36997 
-1 -0.773771 -1 -0.540037 -0.984192 -0.98806 -0.791399 -1 -0.967714 0.15526 -1 -1 -0.224713 -1 -0.458927 -1 -0.583722 -0.841324 -0.0253946 -0.175514 -0.16248 0.625602 -0.669409 -1 0.396522 -1 -1 -0.27818 -1 -0.397397 -0.757906 0.0535 -0.518749 0.357597 -0.0333033 -0.921795 0.598682 -0.995411 0.378796 0.602547 0.510163 -0.394003 -0.447713 -0.473479 -0.47999 0.0125298 0.136088 0.198113 0.478085 0.111151 0.32595 -0.426188 0.10863 -1 -1 -0.28705 -0.997941 -0.686974 -0.920635 -1 0.749299 -0.957762 -0.43517 -1 -0.99578 -0.39707 -0.466185 -0.017729 -1 0.949098 0.437966 -0.454542 -0.544205 -0.625311 0.0608289 -0.812797 -0.00560774 -0.0973118 -0.00311465 -0.264763 0.148307 -0.828318 -1 -0.215001 -0.456884 -0.53522 -0.253176 -0.0318267 0.258672 -0.852094 -0.917904 -0.656328 -0.758574 -0.663384 -0.958069 -0.644112 -0.84075 0.424992 -0.397803 0.435725 -0.32059 -0.0897414 -0.331392 0.338516 -0.495597 0.393515 0.182636 -0.199237 -0.463292 -0.269122 -0.772693 -1 0.647392 -0.722329 -0.354511 0.133655 -1 0.597406 -0.107933 -0.448106 -1 -0.321582 -0.724646 -0.803878 -1 -0.19548 0.120036 0.353092 -0.454061 -1 -0.270087 -0.67472 0.416436 -0.392371 0.319411 -1 -0.224903 -0.847038 
-0.54764 -0.0506453 -1 0.00179446 -0.0396262 0.00103106 -1 0.0336696 -0.999889 -0.636929 -0.163096 0.441671 -0.984123 -0.533192 -1 -0.912497 -0.209655 -0.947168 -1 -0.647122 -0.503226 -0.24804 0.19843 -0.978586 -1 -0.833315 -0.083934 -0.277724 -0.782488 -0.741065 0.0457652 -1 -0.976699 -0.92328 -1 -1 -1 -1 -0.844715 -0.645598 0.567538 0.132984 -0.944379 -0.885643 0.095397 -0.728371 -0.119944 -0.516935 0.148276 -1 -0.633229 -0.750744 -0.0270765 -1 0.475821 -0.881457 -1 -0.861692 -0.842901 -1 -0.659639 0.681979 -0.550837 -0.560504 0.0357589 0.124324 -0.868359 -0.919609 0.702311 -0.644007 -0.805674 -0.459519 0.0139169 -1 -0.424153 -0.772136 -0.492617 -1 -0.780692 -0.991749 -0.686211 -0.962363 -0.0031194 -0.526616 -0.376424 -1 -0.88027 0.347187 -1 -0.217683 -0.15282 -0.0951032 -1 -0.836603 0.426492 -0.940712 0.346498 -0.282904 0.828705 -0.753981 -0.305764 0.0195552 -0.659497 -0.823094 0.304948 -0.0791982 -0.446145 0.156722 -0.706506 -0.485931 -1 -0.543858 -0.485972 -0.951818 -0.78076 -1 -0.502459 -0.774128 0.36781 -1 -0.44597 -0.00805222 -0.487319 0.191797 0.363079 -0.403462 -0.576495 0.187469 -0.243046 0.134649 0.0118582 0.448257 -0.739042 0.0996073 -1 -0.769776 0.270723 -1 
-1 -0.989876 -1 -0.406692 -0.924882 -0.931618 -0.371466 -1 -0.728119 0.447888 -1 -1 0.374809 -1 -0.50712 -0.91601 -0.47338 -0.47105 -0.312926 -0.281017 -0.620329 0.650971 -0.991723 -1 0.831418 -1 -1 -0.0945908 -1 -0.227438 -0.605375 -0.177656 -0.325908 0.335153 0.137616 -0.698663 0.67141 -1 0.379057 0.580108 0.426392 -0.501625 -0.112147 -0.557896 -0.758733 0.110422 -0.291745 0.0226127 0.436601 0.219622 -0.0551192 -0.348305 0.651456 -1 -0.977362 -0.434058 -1 -0.771905 -1 -1 0.804247 -0.759173 -0.506341 -0.997136 -0.956913 -0.262666 -0.756491 -0.0820316 -0.996786 0.63581 0.50092 -0.610937 -0.713548 -0.523771 0.130193 -0.945399 0.312025 0.194807 -0.0198249 -0.310726 0.516754 -1 -1 0.100505 -0.745203 -0.425734 -0.255056 -0.383107 0.236212 -1 -1 -1 -0.882686 -0.598013 -0.743495 -0.601048 -1 0.500142 -0.495193 0.319366 0.238689 0.20147 -0.424607 0.387126 -0.604543 0.225499 0.298956 0.103575 -0.344547 -0.389436 -0.760829 -1 0.564442 -1 -0.450374 0.0759845 -1 0.456444 -0.00223858 -0.738703 -1 -0.541072 -0.84615 -0.919229 -1 -0.501997 0.520689 0.594951 -0.31849 -1 -0.181501 -0.675951 0.311041 -0.333315 -0.0443191 -1 -0.148511 -0.780509 
-1 -0.866663 -1 -0.501751 -1 -1 -0.509368 -0.939909 -0.839269 0.216949 -1 -0.958753 -0.0718812 -0.970709 -0.485439 -1 -0.520015 -0.76004 -0.0836181 -0.17247 -0.16248 0.581314 -1 -0.962845 0.385196 -0.970222 -1 -0.408536 -1 -0.670936 -0.757906 -0.0897421 -0.622297 0.135914 0.071039 -1 0.602377 -0.975939 0.31295 0.599497 0.500502 -0.394003 -0.431199 -0.473479 -0.804213 0.0125298 0.0842941 0.29007 0.341286 0.0348294 0.32595 -0.426188 0.10863 -1 -0.995226 -0.54163 -0.843734 -0.691181 -1 -1 0.749299 -1 -0.452911 -1 -0.99578 -0.474193 -0.466185 -0.017729 -1 0.713757 0.408929 -0.454542 -0.292176 -0.525192 -0.225431 -0.812797 -0.00560774 -0.348236 -0.0317993 -0.261361 -0.0607317 -0.866078 -1 -0.274868 -0.510537 -0.724598 -0.0492711 -0.0207667 0.143887 -0.777328 -1 -0.731284 -0.993607 -0.883994 -1 -0.677105 -0.651263 0.353629 -0.539009 0.32586 -0.347732 -0.0897414 -0.285508 0.0795721 -0.753928 0.393515 0.161173 0.0760439 -0.463292 -0.442648 -0.818966 -1 0.647392 -0.613831 -0.229753 0.119728 -1 0.856649 -0.103202 -0.413776 -0.972224 -0.321582 -0.691213 -0.803878 -1 -0.372409 0.284537 0.352785 -0.642766 -1 -0.44394 -0.489027 0.139588 -0.348835 0.319411 -1 -0.191311 -0.576723 
0.333967 -0.751885 -0.474135 0.48627 0.164401 -0.822158 -0.868851 -0.275746 -0.938474 -0.470239 0.885114 0.759708 0.295899 -0.491165 0.256853 -1 0.460502 -0.49763 0.152704 -0.127045 0.692645 -0.791119 0.0127141 0.607873 -0.971809 0.789817 -0.52421 -0.914578 0.696196 -0.652064 -0.817779 0.362851 -0.664414 -1 -0.995932 0.597826 -0.984176 0.250142 -0.415778 0.123653 0.642566 -0.377566 -0.0621502 -0.397319 0.696323 -0.652143 -0.712208 -0.0764406 0.302002 -0.389164 0.510183 -0.984447 0.0834991 0.0282944 -0.824903 -0.594616 -0.111739 -1 -0.849335 0.413786 -0.150334 0.604949 -0.972035 -0.543235 -0.994771 -0.239195 -0.582029 -0.0785156 -0.127128 -0.137843 0.833223 -0.798505 -0.190053 0.183428 -0.452945 -0.707316 0.0533325 -0.645585 -0.929711 0.68149 -1 -0.0438234 -0.783683 -0.161425 -0.2758 -0.999225 0.585675 -0.623682 -0.933622 0.658528 -0.829702 -0.66283 -0.747364 -0.690662 0.747171 -1 -0.334628 0.476456 0.538384 -0.279088 -0.148235 0.082398 0.532495 -0.0570079 -0.755023 0.197079 -0.510938 -0.215918 -0.545015 -1 -1 -0.43501 -0.494728 0.805493 0.496244 -0.751306 0.250858 0.255864 -0.485837 -0.0429207 -0.214821 -1 -0.821624 -0.399317 0.0271855 0.471276 -1 0.467098 -0.99672 -0.673116 -0.818315 -0.0362648 -0.936858 -0.978792 -0.842271 0.238509 -0.0833413 0.602549 
-0.469456 -0.323424 -1 0.219487 0.0216969 0.0630155 -0.967511 0.0415216 -1 -0.636929 -0.155391 0.275656 -0.690746 -0.674835 -0.991028 -0.883241 -0.221694 -0.905987 -1 -0.85813 -0.454588 -0.452922 -0.0729875 -1 -0.904224 -1 -0.171226 -0.183469 -0.880311 -0.8516 -0.0974587 -1 -0.962034 -1 -1 -1 -1 -1 -0.902368 -0.37042 0.279337 0.132984 -0.906618 -1 -0.177258 -0.625282 -0.280195 -0.548688 -0.0808641 -1 -0.585064 -1 -0.0299906 -0.913708 0.136387 -0.852235 -0.94117 -0.991073 -0.910312 -0.994343 -0.507148 0.681979 -0.550837 -0.783454 0.0176562 -0.0130722 -0.72859 -1 0.688047 -0.602063 -0.776921 -0.459519 -0.187529 -1 -0.302479 -1 -0.344521 -0.88126 -0.900824 -0.947062 -0.660321 -1 0.144059 -0.546538 -0.376424 -0.739254 -0.88027 0.0974401 -1 -0.420271 -0.168521 -0.366455 -1 -0.943468 0.541909 -1 0.447666 -0.331468 0.813954 -0.907217 -0.59676 0.0544837 -0.628199 -0.695085 0.482051 -0.438973 -0.454839 0.171873 -0.536832 -0.527351 -1 -0.299066 -0.643835 -1 -0.91587 -0.950128 -0.188437 -0.618236 0.226216 -1 -0.53919 -0.0477908 -0.870763 -0.141333 0.225459 -0.651937 -0.727767 0.0610168 -0.276534 0.108062 -0.126106 0.181777 -0.68444 0.231466 -0.982577 -0.791649 0.39913 -1 
-0.995485 -0.84809 -0.701695 -0.462651 -0.805979 -1 -0.621797 -1 -1 0.277264 -1 -1 0.0562126 -0.826637 -0.837376 -0.983729 -0.674074 -0.811312 0.105745 -0.290031 -0.320791 0.698289 -1 -1 0.548622 -1 -0.96725 -0.315068 -0.933958 -0.426117 -0.358764 -0.149912 -0.325592 0.291862 0.298547 -0.430034 0.273743 -1 0.54688 0.874428 -0.00327331 -0.661608 -0.240663 -0.250081 -0.508909 0.118175 -0.208219 0.278932 0.205644 -0.084878 0.313053 -0.108475 0.436878 -0.925765 -1 -0.0767249 -1 -0.748783 -1 -1 0.552656 -0.585215 -0.296712 -0.977052 -0.991466 -0.185763 -0.627758 0.0720225 -1 0.914442 0.142586 -0.774943 -0.788407 -0.865209 0.0716875 -0.782835 -0.151379 0.112658 -0.0132507 -0.117643 -0.0346827 -0.979988 -0.971301 -0.0506744 -0.432294 -0.544387 -0.470914 -0.0157071 0.0891389 -1 -1 -0.503957 -0.619325 -1 -0.842773 -0.584969 -1 0.334727 -0.512615 0.435119 0.147678 -0.0482885 -0.304272 0.0957503 -0.663612 0.178002 0.184573 -0.183736 -0.682722 -0.644092 -0.704122 -1 0.370554 -1 -0.303825 0.0242079 -1 0.525041 0.100729 -0.723452 -0.990329 -0.692701 -0.758569 -0.821659 -1 -0.335977 0.409375 0.349164 -0.347252 -1 -0.669385 -0.388484 0.441977 -0.316429 0.243721 -0.822586 -0.274164 -0.703351 
-0.869672 -0.022149 -0.995411 0.0538815 0.022938 -0.0283065 -1 -0.26784 -0.942101 -0.959863 -0.23199 0.18902 -0.774349 -0.433776 -1 -0.840342 -0.393154 -0.880483 -0.972607 -1 -0.565261 -0.386025 -0.142379 -1 -1 -1 -0.102195 -0.0275456 -0.750026 -0.932532 -0.303505 -0.988418 -0.943478 -1 -0.999231 -0.935003 -0.957718 -0.93972 -1 -0.553496 0.567538 0.000501119 -0.977566 -0.998003 -0.118797 -0.742971 -0.0781002 -0.689616 -0.118885 -0.993617 -0.517708 -1 -0.439667 -1 0.533981 -1 -1 -0.732337 -1 -1 -0.891793 0.511076 -0.692879 -0.725415 0.0972422 0.134499 -1 -0.93064 0.50983 -0.454214 -0.870053 -0.55136 -0.423611 -1 -0.296789 -0.726554 -0.342417 -1 -0.920369 -0.946544 -0.778624 -1 0.15284 -0.440508 -0.473964 -0.972833 -0.88027 0.186244 -1 -0.334847 -0.412337 -0.153743 -1 -1 0.542377 -1 0.112261 -0.281088 0.816393 -0.981732 -0.244613 -0.05087 -0.864994 -1 0.338486 -0.317668 -0.797913 0.303205 -0.354919 -0.619956 -1 -0.271333 -0.587727 -1 -0.776557 -1 -0.452331 -0.602855 0.461787 -1 -0.310045 0.0366437 -0.665155 0.18916 0.281596 -0.354738 -0.558333 0.215064 -0.218347 -0.0173584 0.0199096 0.362628 -0.991987 -0.231496 -1 -1 0.404436 -0.9191 
-0.674229 -0.0499236 -1 0.288262 0.229415 0.00463142 -1 -0.183639 -1 -0.636929 -0.0113536 0.35524 -1 -0.303531 -1 -1 -0.0362853 -0.855799 -0.949255 -0.641318 -0.915843 -0.531255 0.297202 -1 -1 -0.816005 -0.0861753 -0.141111 -0.834067 -0.898725 0.0457652 -0.873233 -0.96217 -1 -1 -0.992307 -0.996167 -0.911932 -0.943824 -0.597743 0.123295 -0.158602 -1 -1 -0.186633 -0.700759 -0.119944 -0.755218 0.141469 -1 -0.813023 -0.813982 -0.258181 -1 0.445584 -0.999968 -1 -0.894521 -0.842617 -1 -0.518921 0.681979 -0.74999 -0.534808 -0.059006 0.11536 -0.812974 -1 0.545798 -0.76373 -1 -0.712942 -0.0688593 -0.942915 -0.519201 -0.812923 -0.235795 -0.996002 -0.688412 -0.990313 -0.686211 -0.974299 -0.0477079 -0.524088 -0.482962 -0.942959 -0.88027 0.347187 -1 -0.363757 0.0222076 -0.0420263 -1 -0.818996 0.661928 -1 0.395593 -0.114142 0.81103 -0.753981 -0.250275 0.0640551 -0.627481 -1 0.384268 0.000431322 -0.676428 0.303274 -0.626552 -0.466953 -0.945261 -0.574944 -0.876552 -1 -1 -1 -0.400532 -0.684756 0.421188 -1 -0.234857 -0.399882 -0.733905 0.0313797 0.355679 -0.604678 -0.624954 0.197293 -0.291652 0.136825 -0.464172 0.274341 -0.998094 0.0110934 -1 -0.722205 0.0652554 -0.90868 
-0.995485 -0.662305 -0.705541 -0.250775 -0.832915 -1 -0.414233 -1 -0.717269 0.360123 -1 -1 0.342513 -0.822775 -0.557037 -0.986841 -0.514218 -0.362759 0.251101 -0.056479 -0.317782 0.713038 -0.785228 -0.896302 0.780771 -0.925768 -0.962666 0.132144 -1 -0.215818 -0.364067 0.0138887 -0.471965 0.298996 0.205932 -0.474613 0.515687 -0.991046 0.591361 0.86174 0.345694 -0.648155 0.0208857 -0.327884 -0.284568 0.0908944 0.10362 0.266319 0.297486 0.380043 0.308797 -0.153967 0.546909 -0.92615 -1 0.0551575 -0.966947 -0.725694 -1 -1 0.669707 -0.516077 -0.312334 -0.992287 -0.991466 -0.147656 -0.37493 0.0724884 -1 0.919574 0.303391 -0.415267 -0.598847 -0.5834 0.15916 -0.837917 0.245327 0.20935 0.150875 -0.00237757 0.209936 -0.979989 -1 0.157393 -0.418178 -0.157039 -0.484866 -0.0136797 0.17681 -0.922407 -1 -0.457481 -0.641889 -0.666183 -0.777432 -0.589399 -0.898327 0.670391 -0.180724 0.513662 0.116325 0.224581 -0.134901 0.100332 -0.677832 0.271644 0.344504 -0.00354257 -0.436401 -0.4933 -0.459136 -0.950336 0.499816 -0.96861 -0.241441 0.0333319 -1 0.59114 0.0569863 -0.491635 -1 -0.466021 -0.755773 -0.602322 -1 -0.293972 0.358074 0.523471 -0.315758 -0.990782 -0.341458 -0.478489 0.443898 -0.357637 0.295438 -0.833283 0.0297456 -0.703351 
-0.942949 -1 -0.708741 -0.240852 -0.811126 -1 -0.367692 -1 -0.726208 0.218821 -1 -0.969288 0.379876 -0.799151 -0.773691 -0.984206 -0.173885 -0.527986 0.124775 -0.128119 -0.231521 0.753114 -0.73738 -0.923085 0.368841 -1 -1 -0.1431 -1 -0.518302 -0.362902 -0.242151 -0.333251 0.0418353 0.229138 -0.495307 0.7373 -1 0.46502 0.861742 0.59729 -0.578106 -0.239343 -0.269371 -0.269087 0.0439296 0.187255 0.0229908 0.436064 0.295094 0.328676 -0.355658 0.677 -1 -1 -0.149104 -0.868882 -0.997085 -1 -0.966626 0.651909 -0.756794 -0.160128 -1 -1 -0.0951403 -0.498395 0.155125 -1 0.830036 0.500173 -0.432078 -0.184566 -0.594844 0.151252 -0.857058 0.273052 0.249244 0.113822 -0.11464 0.0419362 -0.730159 -1 0.141105 -0.27057 -0.356657 -0.170923 -0.00381591 0.191556 -1 -0.949617 -0.481734 -0.867402 -0.680366 -0.708291 -0.538288 -0.719585 0.661309 -0.170568 0.444508 0.168874 -0.0643785 -0.184018 0.306693 -0.501792 0.476243 0.210028 -0.0945307 -0.66326 -0.377084 -0.644562 -0.996944 0.636473 -0.816523 -0.268157 0.124115 -0.970358 0.910819 0.0332572 -0.475251 -1 -0.384715 -0.663585 -1 -0.841109 -0.205649 0.320503 0.436614 -0.822389 -1 -0.374574 -0.625785 0.170803 -0.466976 0.132105 -0.905669 -0.186922 -0.629487 
-0.967196 -0.661413 -0.710634 -0.23867 -0.915062 -0.998198 -0.429035 -1 -0.713363 0.0809484 -1 -0.995496 0.32574 -0.812594 -0.582294 -1 -0.523985 -0.369326 0.251101 -0.0641167 -0.341572 0.471631 -0.821691 -1 0.746956 -1 -0.947485 0.112618 -0.992 -0.120979 -0.633255 0.0176054 -0.509013 0.13872 0.077223 -0.468689 0.392059 -0.923434 0.429531 0.630275 0.315662 -0.659284 -0.113429 -0.328658 -0.295161 0.184773 0.122265 0.287999 0.172516 0.257891 0.294684 -0.174483 0.523747 -0.957095 -1 -0.104733 -0.954206 -0.713946 -1 -0.998761 0.699715 -0.528857 -0.493332 -1 -0.986106 -0.175513 -0.340312 0.0590267 -0.969887 0.923262 0.295503 -0.519243 -0.480229 -0.591653 -0.0309723 -1 0.233509 0.0694658 -0.0481178 -0.259097 0.226907 -0.97387 -1 0.16518 -0.633263 -0.178458 -0.706536 -0.220413 0.164997 -0.995184 -0.992684 -0.477575 -0.888793 -0.667049 -0.65858 -0.610442 -0.88019 0.664631 -0.418324 0.399401 0.121897 0.261055 -0.190922 -0.124754 -0.863744 0.272581 0.206103 -0.00689907 -0.583881 -0.490221 -0.642581 -0.94292 0.489641 -0.918789 -0.25245 -0.0147948 -0.994948 0.593464 0.0525676 -0.671171 -1 -0.470903 -0.761344 -0.855622 -1 -0.220775 0.0674392 0.587681 -0.32252 -1 -0.467604 -0.602753 0.47196 -0.335663 0.264189 -0.958802 0.0476402 -1 
-1 -0.865294 -1 -0.513923 -1 -0.994055 -0.290754 -1 -0.791677 0.4501 -0.950187 -0.85211 0.112338 -0.983688 -0.451896 -0.919943 -0.228933 -0.648484 0.0110136 -0.112899 -0.190171 0.665414 -0.876933 -1 0.740568 -0.99709 -1 -0.269057 -1 -0.483998 -0.721976 0.0553062 -0.306666 0.294097 -0.0175071 -0.917412 0.710259 -1 0.585329 0.281504 0.242816 -0.395141 -0.248553 -0.527844 -0.540067 -0.0825597 0.12751 0.191172 0.403368 0.111952 0.163581 -0.440772 0.33766 -0.932713 -1 -0.288135 -0.867585 -0.836448 -1 -1 0.671214 -0.959084 -0.262131 -1 -0.968384 -0.126064 -0.453428 -0.0751369 -1 0.935561 0.489352 -0.548431 -0.36327 -0.525192 0.157265 -0.833109 0.112299 0.158249 0.14328 -0.146194 0.135956 -0.882941 -1 0.0169426 -0.35747 -0.700409 -0.212351 -0.000334573 0.191893 -0.700537 -1 -0.952531 -0.787958 -0.671507 -0.964425 -0.568567 -0.648143 0.554429 -0.387418 0.435725 -0.147337 -0.0603772 -0.226045 0.364737 -0.443408 0.377334 0.0159884 0.101757 -0.461209 -0.289417 -0.757269 -0.996975 0.602614 -0.685839 -0.296049 0.0442993 -1 0.833668 -0.225016 -0.57157 -1 -0.34307 -0.633478 -0.73096 -0.999184 -0.235578 0.375283 0.353092 -0.45994 -1 -0.321248 -0.52914 0.420608 -0.346859 0.2413 -1 -0.100778 -0.603104 
-0.54764 -0.0491448 -0.999954 0.275648 0.259954 0.0740086 -1 -0.0467989 -1 -0.642228 -0.0176388 0.392672 -0.79026 -0.453899 -1 -0.912497 -0.209655 -0.995086 -0.99669 -0.814993 -0.306172 -0.262962 0.186198 -1 -1 -0.999251 -0.129396 0.00546124 -0.782488 -0.907991 -0.0667947 -0.842514 -1 -1 -1 -1 -1 -1 -0.752704 -0.402213 0.568606 -0.00696411 -1 -1 0.118043 -0.576184 -0.12093 -0.5378 0.125519 -1 -0.636273 -0.750744 -0.049474 -1 0.47177 -1 -1 -0.861692 -1 -1 -0.488752 0.476208 -0.598592 -0.680924 0.0348157 0.124324 -0.789634 -0.996396 0.520218 -0.487329 -0.827626 -0.482705 -0.123265 -1 -0.312435 -0.720262 -0.427265 -1 -0.781704 -0.999614 -0.686211 -1 0.155297 -0.351389 -0.365127 -0.847681 -0.876136 0.334372 -0.998837 -0.18972 0.00966977 -0.0320613 -0.998401 -0.907667 0.563426 -1 0.360327 -0.16703 0.545485 -0.805514 -0.32131 -0.0810142 -0.431355 -0.797199 0.489264 -0.0791982 -0.576435 0.307667 -0.40107 -0.490894 -1 -0.271052 -0.572887 -0.997198 -0.947299 -1 -0.253049 -0.596896 0.450781 -1 -0.253598 -0.0331625 -0.707887 0.125116 0.305958 -0.354738 -0.542475 0.0251921 -0.295976 0.124338 -0.00478477 0.303542 -0.816618 -0.111199 -0.9289 -0.69724 0.34692 -0.939256 
-0.992343 -0.757999 -0.891099 -0.181363 -0.690749 -0.9238 -0.653805 -1 -1 0.404763 -1 -0.983096 0.36981 -0.804454 -0.545849 -1 -0.515557 -0.585737 0.0448055 -0.0686196 -0.311425 0.676739 -0.82698 -0.87152 0.561731 -0.974134 -1 -0.14427 -0.974408 -0.411817 -0.629492 0.0104555 -0.602566 0.150656 -0.036232 -0.779695 0.785677 -1 0.610055 0.909966 0.601523 -0.558425 -0.279458 -0.284017 -0.789519 0.0934142 0.1356 0.115415 0.361746 0.235088 0.0402075 -0.37538 0.847053 -0.913701 -0.932481 0.071238 -0.945311 -0.735538 -0.912067 -1 0.89121 -0.573026 -0.567919 -1 -0.918289 -0.461807 -0.386447 0.154636 -0.962808 0.569237 0.252439 -0.403939 -0.526825 -0.711998 0.143734 -1 -0.0169083 0.490249 0.127025 0.0471688 0.381397 -0.878175 -1 0.165275 -0.549033 -0.193045 -0.173089 0.00160211 0.278253 -0.88562 -1 -0.733423 -0.70453 -0.702961 -0.758254 -0.654249 -0.939028 0.750314 -0.273483 0.604304 0.260754 0.114392 -0.653346 0.216089 -0.527696 0.232126 0.348635 0.130676 -0.565986 -0.461986 -0.545057 -0.99775 0.231352 -0.871439 -0.45516 -0.0279333 -1 0.460936 -0.197418 -0.618633 -1 -0.392219 -0.620505 -0.590712 -1 -0.197194 0.338693 0.458531 -0.472655 -0.934471 -0.285848 -0.801225 0.397898 -0.613773 0.315669 -0.760025 -0.193936 -0.615594 
-0.54764 -0.038816 -1 0.125301 0.255505 0.00463142 -1 -0.109279 -1 -0.636929 -0.0113536 0.392672 -0.774349 -0.233816 -1 -1 -0.209655 -0.935469 -1 -0.722057 -0.31795 -0.375267 0.19843 -1 -0.920024 -0.833315 -0.083934 0.015282 -0.782488 -0.730734 0.0457652 -0.953215 -1 -0.958006 -1 -1 -1 -1 -0.834908 -0.334109 0.567538 0.109916 -0.944379 -0.887966 0.0958777 -0.571512 -0.119944 -0.494006 0.148276 -1 -0.633229 -0.750744 -0.0270765 -1 0.358638 -0.881457 -1 -0.861692 -0.840238 -0.98557 -0.456267 0.681979 -0.716561 -0.560504 -0.039543 0.0481639 -0.944425 -1 0.702311 -0.502356 -0.787487 -0.459519 -0.0309522 -1 -0.305274 -0.776239 -0.222704 -1 -0.777942 -0.991749 -0.686211 -1 0.154953 -0.338754 -0.47884 -0.899054 -0.88027 0.347187 -1 -0.139293 -0.0471242 -0.0320613 -1 -0.894242 0.541909 -1 0.361532 -0.275164 0.828705 -0.753981 -0.35442 0.0195552 -0.436225 -0.776042 0.496303 -0.173881 -0.499086 0.303274 -0.459636 -0.485931 -1 -0.385006 -0.583564 -1 -0.833996 -1 -0.241552 -0.667252 0.461787 -1 -0.22808 -0.0732683 -0.471866 0.198864 0.366873 -0.501817 -0.534075 0.0720547 -0.291652 0.134649 -0.0819756 0.325487 -0.751899 0.132579 -1 -0.699988 0.361317 -0.946106 
-0.975322 -0.760633 -0.781286 -0.436421 -0.771661 -1 -0.566037 -0.917844 -0.731391 0.438287 -0.996142 -0.916127 0.382514 -0.816574 -0.761751 -0.866409 -0.19049 -0.558198 0.2205 -0.226595 -0.533809 0.280752 -0.876034 -1 0.791051 -0.864965 -1 -0.15035 -1 -0.375904 -0.358229 0.143553 -0.251723 0.195992 0.152173 -0.400616 0.776322 -1 0.577814 0.838672 0.253568 -0.670416 0.0203372 -0.431882 -0.304429 0.116813 0.158606 0.074447 0.517664 0.104717 0.301939 -0.343847 0.821698 -0.942757 -1 0.0777782 -1 -0.743614 -1 -1 0.903307 -0.550912 -0.144878 -1 -1 -0.119734 -0.570264 0.141093 -0.96326 0.879348 0.518143 -0.467045 -0.221845 -0.509459 0.308339 -0.836869 -0.021855 0.383271 0.128308 -0.243759 0.0703785 -0.689654 -1 -0.209531 -0.591896 -0.170892 -0.334622 -0.00367858 -0.20397 -0.921774 -1 -0.896185 -0.637993 -0.616859 -0.732062 -0.894622 -0.737232 0.443738 -0.439058 0.337767 0.336447 0.127177 -0.195509 0.362895 -0.609662 0.517267 0.341853 0.151168 -0.534212 -0.402499 -0.474437 -0.941364 0.13872 -1 -0.287841 0.0829782 -0.933147 0.786477 0.0195294 -0.504721 -1 -0.237157 -0.570194 -0.725954 -0.816594 -0.514205 0.336623 0.499091 -0.322803 -1 -0.225083 -0.566914 0.326057 -0.687796 -0.137027 -1 0.0491125 -0.668153 
-1 -0.641738 -0.736194 -0.245065 -0.875636 -1 -0.350948 -1 -0.722432 0.327191 -1 -0.996371 0.380329 -0.821374 -0.556654 -0.995223 -0.492709 -0.464924 0.239278 -0.0405725 -0.341156 0.708657 -0.781797 -0.899602 0.763885 -0.96181 -0.954254 0.0852364 -1 -0.139946 -0.363392 -0.000518205 -0.453013 0.26498 0.219693 -0.500864 0.533187 -1 0.578257 0.876514 0.305075 -0.639555 0.0478794 -0.321121 -0.275382 0.0836011 0.142782 0.309696 0.289358 0.367189 0.342149 -0.146485 0.559977 -0.91309 -0.99652 0.050601 -0.97472 -0.722759 -1 -1 0.656872 -0.513306 -0.321677 -1 -1 -0.169893 -0.334377 0.0831217 -1 0.930637 0.287401 -0.423394 -0.582017 -0.682515 0.138371 -0.851868 0.247475 0.173421 0.140043 0.0258106 0.230427 -0.99638 -0.995315 0.173423 -0.416232 -0.202454 -0.48782 -0.0283996 0.159738 -0.969036 -1 -0.466628 -0.632633 -0.65234 -0.764819 -0.613945 -0.970822 0.676785 -0.216624 0.47622 0.154144 0.183178 -0.187965 0.0962735 -0.680918 0.235137 0.300744 -0.0112425 -0.494826 -0.4731 -0.455943 -0.93178 0.475611 -0.973277 -0.294198 0.0373243 -1 0.641179 0.0782975 -0.55706 -0.997312 -0.462831 -0.776778 -0.599451 -1 -0.275736 0.359999 0.504725 -0.351932 -1 -0.320416 -0.506136 0.44849 -0.322389 0.305054 -0.799331 0.0201228 -0.720503 
-1 -0.993896 -0.741618 -0.302897 -1 -1 -0.421614 -1 -1 0.449195 -1 -1 0.092344 -1 -0.533813 -1 -0.223043 -0.700106 -0.35108 -0.147034 -0.345608 0.505263 -0.811776 -1 0.557846 -0.853253 -1 -0.00680026 -0.915058 -0.525986 -0.32234 -0.219259 -0.987967 0.0749083 -0.311031 -0.600737 0.561213 -0.998888 0.252572 0.643905 0.630467 -0.353976 0.179247 -0.600272 -0.278007 0.0565561 -0.242245 0.30323 0.578126 0.140743 0.176014 -0.469452 0.743946 -0.937154 -1 0.0195906 -0.853921 -0.856263 -1 -1 1 -0.573985 -0.1305 -0.917334 -1 -0.0708333 -0.370257 0.147214 -1 0.614777 0.298092 -1 -0.435251 -0.736201 0.231087 -0.992675 -0.00587856 0.296404 -0.0998763 -0.194791 0.199437 -0.960444 -1 -0.250063 -0.611486 -0.182159 -0.301304 -0.0300972 -0.0338311 -0.852075 -0.993635 -0.435865 -0.604532 -0.945399 -0.682184 -0.565622 -0.848405 0.417928 -0.174582 0.67187 -0.316507 0.0917642 -0.361584 -0.129435 -0.691427 0.240779 0.093727 0.0497567 -0.960926 -0.594359 -0.723092 -1 0.545605 -0.810017 -0.266598 -0.218655 -1 0.807348 0.0822705 -0.491786 -1 -0.536871 -0.670311 -0.613564 -1 -0.469429 0.270283 0.174141 -0.543057 -1 -0.0141514 -0.530753 0.374403 -0.495093 0.313109 -0.900108 -0.450725 -0.520815 
-0.54764 -0.038816 -1 0.00179446 -0.0396262 0.00463142 -1 0.0317303 -1 -0.636929 -0.163096 0.438282 -0.977566 -0.533192 -1 -0.912497 -0.209655 -0.935469 -1 -0.646847 -0.507851 -0.24804 0.19843 -0.977056 -1 -0.833315 -0.083934 -0.277724 -0.77969 -0.730734 0.0336167 -1 -0.976699 -0.929485 -0.997293 -1 -0.996167 -1 -0.834908 -0.645598 0.567538 0.132984 -0.944379 -0.887966 0.0958777 -0.735266 -0.119944 -0.516935 0.148276 -1 -0.633229 -0.750744 -0.0270765 -1 0.475821 -0.881457 -1 -0.861692 -0.840238 -1 -0.654353 0.681979 -0.550837 -0.572086 0.0348157 0.124324 -0.862372 -0.919609 0.702311 -0.644007 -0.805674 -0.459519 0.0139169 -1 -0.424153 -0.786172 -0.492617 -1 -0.777942 -0.995062 -0.685548 -0.964128 -0.00703518 -0.526616 -0.376424 -1 -0.88027 0.347187 -1 -0.217683 -0.15282 -0.0951032 -1 -0.836603 0.426492 -0.940712 0.353345 -0.282904 0.828705 -0.753981 -0.305764 0.0195552 -0.659497 -0.824205 0.309415 -0.0791982 -0.446145 0.158411 -0.706506 -0.490554 -1 -0.538297 -0.482981 -0.951818 -0.767069 -0.998241 -0.502459 -0.774128 0.365166 -1 -0.44597 -0.00805222 -0.487319 0.191797 0.363079 -0.403462 -0.573575 0.187469 -0.243046 0.13453 0.0118582 0.448257 -0.752237 0.0996073 -1 -0.778797 0.270723 -1 
0.392575 -0.642375 -0.398719 0.44093 0.194147 -0.934313 -1 -0.432234 -0.872228 -0.672088 0.784947 0.918244 0.236219 -0.690188 0.282268 -0.979408 0.519237 -0.422094 -0.100095 -0.174118 0.738413 -0.913602 -0.181928 0.499685 -1 0.868564 -0.454019 -1 0.774965 -1 -1 0.31754 -0.771163 -1 -0.877612 0.652807 -1 -0.106703 -0.534033 0.154875 0.330106 -0.322703 -0.233771 -0.688201 0.72327 -0.467574 -0.838604 -0.293721 0.151846 -0.365906 0.397581 -1 -0.163554 0.0127094 -0.870555 -0.586009 -0.137844 -1 -1 0.457873 -0.209329 0.573822 -1 -0.663577 -1 -0.285446 -0.569099 -0.0799044 -0.323918 -0.218866 0.290552 -0.707131 -0.478849 0.115917 -0.421583 -0.660194 -0.0469839 -0.615045 -1 0.674603 -1 0.0267822 -0.91801 -0.418259 -0.533923 -1 0.575084 -0.871098 -0.924608 0.514129 -0.98142 -0.63997 -0.840254 -0.721254 0.48994 -1 -0.450307 0.35386 0.527512 -0.262728 -0.375526 -0.246053 0.664296 -0.075169 -0.842967 0.296845 -0.567308 -0.335094 -0.473162 -1 -1 -0.758612 -0.448112 0.703864 0.570227 -0.779177 0.235257 0.125357 -0.871769 -0.11741 -0.46479 -0.905361 -0.779468 -0.549763 0.0629132 0.529598 -1 0.452767 -1 -0.8511 -0.927152 0.203496 -0.856874 -1 -0.897986 -0.124613 -0.152936 0.277862 
-0.996737 -0.758843 -0.712842 -0.241419 -0.757738 -0.995809 -0.379235 -0.998715 -0.724869 0.457575 -1 -0.936524 0.383151 -0.837094 -0.541032 -0.926929 -0.210346 -0.309864 0.241638 -0.0907651 -0.277312 0.67941 -0.759705 -0.915152 0.783398 -0.841873 -0.991488 0.11742 -1 -0.223215 -0.365367 0.00826682 -0.332506 0.286326 0.381582 -0.449075 0.730155 -0.992304 0.611251 0.869842 0.530041 -0.409558 0.0126854 -0.287165 -0.279815 0.0609818 0.109996 0.312847 0.582815 0.36538 0.343709 -0.210351 0.843853 -1 -0.997542 -0.00144286 -0.832042 -0.728941 -1 -0.969592 0.93484 -0.53963 -0.1305 -1 -1 -0.126064 -0.352446 0.147863 -0.999798 0.871792 0.489076 -0.478817 -0.280212 -0.580333 0.384104 -0.842855 0.229237 0.360224 0.136397 0.0355658 0.356835 -0.703351 -1 0.17822 -0.323217 -0.224901 -0.150788 -0.0300972 0.166957 -0.70006 -1 -0.486137 -0.61052 -0.697057 -0.763016 -0.568567 -0.711491 0.674597 -0.188265 0.65777 0.251508 0.115961 -0.176625 0.305325 -0.485308 0.492293 0.328768 0.0911859 -0.463956 -0.289367 -0.571068 -0.99579 0.537848 -0.822829 -0.270664 0.0546551 -1 0.786847 -0.0242775 -0.504852 -1 -0.322316 -0.68804 -0.603224 -0.87335 -0.207842 0.375283 0.513312 -0.356615 -1 -0.0913053 -0.479027 0.381702 -0.368134 0.293328 -0.83094 0.0026706 -0.451352 
-0.99825 -0.664795 -0.783068 -0.495734 -0.823485 -0.990538 -0.428713 -1 -0.817755 0.360123 -0.933726 -1 0.367821 -0.829252 -0.565039 -0.983955 -0.662812 -0.362759 0.251281 -0.0123231 -0.317782 0.421722 -1 -0.905132 0.596937 -1 -1 0.0767525 -1 -0.206988 -0.43385 0.0376075 -0.46172 0.35705 0.2117 -0.459358 0.328332 -1 0.332137 0.903566 0.328558 -0.705304 -0.1326 -0.63225 -0.295271 0.140876 0.076296 0.337659 0.301834 0.388909 0.329023 -0.154728 0.468015 -0.92615 -1 0.0424426 -1 -0.996635 -0.997268 -1 0.658037 -0.71062 -0.406049 -1 -0.965868 -0.14819 -0.541544 0.0720225 -1 0.887081 0.294405 -0.398678 -0.91935 -0.581083 0.0757097 -1 0.211044 0.194498 0.150875 -0.192642 0.204647 -1 -1 0.175329 -0.417185 -0.16822 -0.482832 -0.0247151 0.170844 -0.934355 -1 -0.460349 -0.644652 -0.675439 -0.93668 -0.673384 -1 0.670391 -0.391356 0.578616 0.116325 0.15853 -0.0981477 0.109624 -0.679479 0.250436 0.343388 -0.164649 -0.691715 -0.503606 -0.450542 -0.891262 0.492543 -0.911525 -0.248583 0.0260541 -0.995053 0.590112 0.00687833 -0.497413 -1 -0.451745 -0.806832 -0.651116 -1 -0.229386 0.335238 0.523471 -0.289525 -1 -0.338463 -0.483373 0.250111 -0.354955 0.269103 -0.828057 0.0297456 -0.9352 
-1 -1 -1 -0.615691 -0.924992 -0.997547 -0.323312 -1 -0.861514 0.356147 -1 -1 -0.0255559 -1 -0.458541 -1 -0.228933 -0.59957 0.116186 -0.226947 -0.452722 0.505254 -0.996864 -1 0.759813 -1 -1 -0.227878 -1 -0.50398 -0.733919 0.0553062 -0.550397 0.201925 -0.0712412 -1 0.36816 -1 0.41085 0.348773 0.0295305 -0.528089 -0.470835 -0.579753 -0.529547 -0.0825597 -0.332676 0.109103 0.461966 -0.147902 0.234274 -0.527457 0.387818 -0.896865 -0.992027 -0.28705 -0.881242 -0.968994 -0.928092 -1 0.506464 -0.899047 -0.263862 -0.911276 -0.998841 -0.177717 -0.60739 -0.064068 -1 0.99107 0.213748 -0.420237 -0.481307 -0.491573 0.153743 -0.750452 -0.0307641 0.259513 0.0394351 -0.0477666 0.119477 -0.679778 -1 -0.16634 -0.374904 -0.696765 -0.240093 -0.11382 0.186818 -0.837287 -0.846859 -0.659122 -1 -0.654776 -0.998223 -0.68441 -0.866991 0.601633 -0.394977 0.193996 -0.25871 -0.531845 -0.264516 0.0496018 -0.721141 0.355517 -0.323447 0.100679 -0.606909 -0.375492 -0.96975 -0.998882 0.479778 -0.686535 -0.380142 0.0352606 -1 0.64336 -0.367098 -0.647507 -0.958515 -0.322966 -0.7904 -0.736218 -0.996197 -0.204634 0.231696 0.324276 -0.475322 -1 -0.485496 -0.489027 0.273612 -0.293051 0.374043 -1 0.0271847 -0.768327 
-0.998847 -0.849414 -0.96603 -0.501751 -0.901389 -0.994366 -0.290754 -1 -0.806192 0.434935 -0.922314 -0.85211 0.0921586 -1 -0.578094 -0.927039 -0.49593 -0.676376 0.110603 -0.115293 -0.361192 0.725224 -0.990052 -1 0.73332 -1 -0.938182 -0.255275 -1 -0.741497 -0.389238 -0.193283 -0.318553 0.0476738 -0.0236147 -0.913628 0.606019 -1 0.570437 0.386659 0.613292 -0.394003 -0.328552 -0.475498 -0.540093 -0.0825073 0.12751 -0.00572631 0.226584 -0.381903 0.32595 -0.648813 0.368692 -0.980239 -0.990864 -0.524096 -0.907489 -0.648432 -1 -1 0.444668 -1 -0.471201 -1 -0.993577 -0.294474 -0.388552 -0.0704685 -1 0.836786 0.201838 -0.66565 -0.218387 -0.707849 0.159052 -0.777154 0.159991 -0.125301 0.237261 -0.146428 0.161515 -0.96162 -1 0.0124299 -0.521226 -0.553502 -0.140089 -0.288566 0.186756 -0.763509 -1 -0.604791 -0.720138 -0.640574 -0.917609 -0.77889 -0.817709 0.34885 -0.592397 0.434397 -0.163499 -0.214693 -0.0978271 0.353733 -0.482108 0.420486 0.161173 0.21183 -0.469222 -0.46393 -0.827832 -1 0.571101 -0.610653 -0.401303 -0.128591 -1 0.859252 -0.315976 -0.71452 -1 -0.319928 -0.599648 -0.722342 -0.866481 -0.418831 0.372126 0.197754 -0.441225 -0.935917 -0.406522 -0.601217 0.0815329 -0.26342 0.285327 -0.989923 -0.0879279 -0.911661 
-0.54764 -0.038816 -1 0.288262 0.255505 0.00463142 -1 -0.0212903 -0.942101 -0.636929 -0.0142097 0.392672 -0.774571 -0.233816 -1 -0.912497 -0.209655 -0.946253 -1 -0.636961 -0.31795 -0.24804 0.19843 -1 -0.920024 -0.83562 -0.083934 0.015282 -0.782488 -0.732476 0.0457652 -0.87963 -0.96217 -0.92328 -1 -0.999065 -0.996167 -1 -0.834908 -0.384153 0.567538 0.132984 -0.944379 -0.887966 0.0842028 -0.592758 -0.119944 -0.490292 0.148276 -1 -0.633229 -0.750744 -0.0270765 -1 0.469032 -0.881457 -1 -0.861692 -0.840238 -0.98557 -0.507148 0.681979 -0.550837 -0.577624 0.0348157 0.124324 -0.79736 -0.997386 0.702311 -0.515414 -0.805674 -0.459519 0.0142312 -0.998455 -0.305274 -0.784751 -0.224376 -1 -0.777942 -0.991749 -0.686211 -0.998913 0.154953 -0.338754 -0.376424 -0.84582 -0.88027 0.338404 -1 -0.139293 -0.00412264 -0.027204 -1 -0.89592 0.532825 -0.949818 0.353345 -0.118861 0.828705 -0.753981 -0.318932 0.00565375 -0.434772 -0.787683 0.489215 -0.0791982 -0.509394 0.303274 -0.443731 -0.481282 -1 -0.271052 -0.583564 -1 -0.838127 -1 -0.241552 -0.578689 0.461787 -1 -0.235739 -0.0732683 -0.486091 0.182624 0.353492 -0.366145 -0.534075 0.124192 -0.291652 0.134649 -0.00723916 0.364141 -0.686697 0.132579 -1 -0.699988 0.347812 -0.946106 
-0.482195 -0.121117 -0.939693 0.277628 0.0260505 -0.160882 -1 -0.0349488 -1 -0.633823 -0.0113536 0.392672 -1 -0.233816 -1 -0.912497 -0.209655 -1 -1 -0.818935 -0.535308 -0.232733 0.0207824 -1 -0.99872 -1 -0.173549 0.00589547 -0.782488 -0.730734 -0.00755849 -0.873233 -0.975937 -1 -1 -0.999778 -0.979742 -1 -0.82373 -0.384153 0.275598 0.132984 -1 -1 0.0958777 -0.579628 -0.251506 -0.401493 0.0495005 -0.963994 -0.672863 -0.706246 -0.0506292 -1 0.55251 -0.881457 -1 -0.901619 -0.857523 -1 -0.446417 0.207465 -0.478458 -0.560504 -0.168461 -0.0945134 -0.786439 -1 0.561248 -0.604884 -0.822422 -0.505706 -0.00216248 -1 -0.52937 -0.83159 -0.131618 -0.926911 -0.975377 -0.991749 -0.986523 -0.981889 0.154953 -0.458046 -0.422224 -1 -0.938361 0.162993 -0.973515 -0.147106 0.0157751 -0.203164 -1 -1 0.341534 -1 0.353345 -0.126482 0.706204 -0.69315 -0.268443 0.0195552 -0.382855 -0.853468 0.237003 -0.271 -0.737254 0.303274 -0.378477 -0.765703 -1 -0.271052 -0.583564 -1 -0.825035 -1 -0.350893 -0.578689 0.230831 -0.96918 -0.265167 -0.0732683 -0.480622 0.250214 0.399263 -0.292319 -0.650845 0.124192 -0.291652 0.134649 -0.00723916 0.349323 -0.686697 -0.173316 -1 -0.73326 0.144524 -0.996045 
-0.995953 -1 -0.719721 -0.228512 -0.772601 -1 -0.38252 -1 -0.688639 0.225839 -1 -0.95758 0.146452 -0.834294 -0.423833 -0.908341 -0.201868 -0.572596 0.00797239 -0.350046 -0.566434 0.666101 -0.976403 -1 0.359775 -0.865986 -0.97799 0.0824572 -0.985001 -0.488602 -0.359198 0.0206469 -0.556805 -1.17961e-05 0.245402 -0.976201 0.747414 -0.895871 0.44315 0.879102 0.622324 -0.59512 -0.0323322 -0.556941 -0.930484 -0.150872 -0.327328 0.271787 0.362536 0.177253 0.168272 -0.37668 0.822678 -1 -0.844928 0.0152631 -0.92786 -1 -1 -1 0.946081 -1 -0.142895 -1 -1 -0.182397 -0.444074 0.0817459 -0.998958 0.588431 0.33311 -0.663303 -0.680175 -0.832287 0.0779329 -0.973365 0.226987 0.172113 0.203878 -0.229679 -0.155224 -1 -1 0.198772 -0.828299 -0.289442 -0.161876 -0.0500328 0.113358 -0.699498 -0.999135 -0.412598 -0.548146 -0.759545 -0.740699 -0.718224 -0.705669 0.678655 -0.446696 0.651816 0.284398 -0.153299 -0.307488 0.306038 -0.527414 0.303007 -0.000454813 0.132989 -0.430081 -0.229031 -0.549825 -0.95715 0.183296 -1 -0.194773 0.0363091 -1 0.59742 -0.244455 -0.617671 -0.953365 -0.422288 -0.836402 -0.69828 -1 -0.19548 0.0723449 0.555277 -0.469933 -1 -0.245803 -0.619222 0.47193 -0.204961 0.0373088 -0.790951 0.0127691 -0.705558 
-1 -1 -1 -0.198528 -0.82963 -1 -0.18111 -0.793535 -1 0.574621 -0.815196 -0.90036 0.36388 -0.773704 -0.80707 -0.991042 -0.349481 -0.754737 0.261442 0.161009 -0.40855 0.536834 -1 -0.975693 0.401966 -0.78614 -0.713349 -0.00314666 -1 -0.0885465 -0.704961 -0.465134 -0.131501 0.132433 0.751559 -0.743254 0.657506 -1 0.400336 0.323324 0.1566 -0.870688 0.0121569 -0.39307 -0.888515 0.0788038 -0.319316 0.54952 0.393088 0.231964 0.380583 -0.0153275 0.78831 -0.946247 -1 -0.242197 -0.908963 -0.761072 -0.989298 -1 0.539989 -0.451716 -0.482615 -1 -0.818724 -0.201866 -0.515563 0.104879 -1 0.226895 0.525861 -0.181171 -0.549326 -0.167872 -0.114696 -1 0.0177529 0.118056 0.160032 -0.17552 -0.115483 -0.251779 -0.905682 0.0843297 -0.585606 -0.379925 -0.23692 -0.38995 0.030076 -0.73002 -1 -0.70311 -0.548548 -0.688751 -0.998024 -0.599396 -1 0.128679 -0.659165 0.2861 -0.130275 0.0227019 -0.0552405 0.160008 -0.643313 0.441396 0.313476 0.397125 -0.850512 -0.161053 -0.841605 -0.89452 -0.0602767 -0.975875 -0.680666 -0.0654412 -1 0.682162 -0.192742 -0.760224 -1 -0.33898 -0.969683 -0.635652 -0.99552 -0.600683 0.201267 0.6446 -0.736328 -1 -0.573909 -0.215974 0.125744 -0.571295 0.112259 -1 -0.221567 -0.709086 
-0.665016 -0.208945 -1 0.0921959 0.187396 -0.108347 -1 -0.28028 -0.942101 -0.72831 -0.48317 0.252276 -0.812095 -0.457227 -0.973985 -0.912497 -0.467062 -1 -1 -1 -0.409948 -0.529193 0.104078 -1 -0.968063 -1 -0.250293 0.0213954 -0.794851 -0.779548 -0.0167119 -0.772468 -0.99519 -1 -1 -0.996264 -1 -0.999205 -0.999955 -0.395584 0.199526 0.0966114 -1 -1 -0.293171 -0.798328 -0.255528 -0.681087 0.148276 -1 -0.810692 -1 -0.0331946 -1 0.191189 -1 -0.998278 -0.767324 -1 -0.948001 -0.630102 -0.0158786 -0.730103 -0.870601 -0.0462854 -0.0881895 -1 -1 0.47026 -0.604884 -1 -0.843632 0.0142312 -1 -0.560754 -0.849297 -0.390585 -0.997652 -0.811944 -1 -1 -1 -0.0349648 -0.519311 -0.814821 -1 -1 0.0747288 -0.973515 -0.139555 -0.0421019 -0.236202 -0.914085 -1 0.241102 -1 0.175532 -0.623345 0.656912 -1 -0.386282 -0.467338 -0.58588 -0.929488 0.482748 -0.118454 -0.629877 0.312836 -0.746175 -0.590679 -1 -0.271052 -0.662997 -1 -0.780163 -1 -0.221993 -0.578689 0.231514 -0.934338 -0.316257 -0.0318283 -0.681515 0.179055 0.278879 -0.399765 -0.971393 -0.143096 -0.594101 -0.0482853 -0.194015 0.337498 -0.737201 -0.265176 -1 -1 0.361317 -1 
