0.153026 0.265561 0.0598553 -0.722806 0.406426 -0.500848 -1 -0.689313 -1 -0.191429 -0.941983 0.248495 -1 -0.932747 -0.863823 -0.757121 0.187301 -0.308892 -0.0224338 0.540933 0.651249 -0.808797 -1 -0.248694 -0.32069 -0.902454 -0.401965 0.356826 0.36133 0.121629 -0.505962 -0.0884653 -1 0.0422154 -1 -0.434987 0.945288 -0.332284 -0.386161 0.312297 -0.280472 0.736366 -1 -0.0785573 0.400706 0.288435 -0.78905 -1 -1 0.36103 -0.293949 0.735477 0.280901 0.248283 -0.314692 -0.955717 0.0624571 -1 -0.23933 -0.0232621 0.403482 -0.654436 -1 -0.965981 0.663622 -0.493801 -1 0.120017 -0.92952 -0.213586 -0.155353 0.104994 -1 -1 0.960738 -0.0284635 0.427494 0.160711 -0.71885 0.0835046 0.138871 -0.555771 -0.995454 -0.314329 -0.926354 -0.195439 -0.184539 -0.70055 0.361734 -0.0872164 -0.732233 -0.675806 -0.192243 0.246619 0.200318 0.170321 -0.0790706 -0.478573 -0.967626 -1 -1 -0.313208 -0.832919 0.182734 -0.462313 -1 -0.920287 -0.301889 0.318223 0.169818 -0.525431 0.804148 -0.361026 -0.660437 -1 -1 -0.868209 0.117431 0.369041 0.569605 0.818083 -0.864297 -0.949934 -0.85363 -0.918713 -0.664607 -1 0.10992 -0.327766 0.033729 -1 -0.480508 -0.444022 -0.527292 -0.930295 -0.095843 0.695418 -0.608876 
0.159702 0.265561 0.0617988 -0.833586 0.349095 -0.66768 -0.979598 -0.689313 -1 -0.163365 -1 0.259338 -1 -0.892966 -0.863823 -0.757121 -0.0819104 -0.368636 -0.00752032 0.408968 0.708314 -0.808797 -1 -0.248694 -0.49565 -0.902454 -0.596776 0.152506 0.36133 0.204197 -0.68204 -0.318946 -1 -0.00426003 -1 -0.569638 0.945288 -0.627768 -0.618295 0.00111774 -0.280472 0.727066 -1 -0.231967 0.400706 0.288435 -0.903233 -1 -1 0.41181 -0.360917 0.506322 0.28599 0.177148 -0.561387 -1 0.107742 -0.958256 -0.328508 -0.0232621 0.462507 -0.891964 -1 -1 0.663622 -0.492674 -1 0.0028721 -0.966726 -0.274247 -0.0491713 0.104994 -1 -1 0.960738 -0.208858 0.498957 0.154861 -0.581823 -0.119285 0.063766 -0.555771 -1 -0.314329 -1 -0.422371 -0.184539 -0.70055 0.441145 -0.214126 -0.732233 -0.711959 -0.217759 0.246619 0.217457 -0.186638 -0.0790706 -0.579395 -0.977506 -1 -0.943201 -0.375526 -0.832919 0.204363 -0.545564 -1 -0.865777 -0.480963 0.318223 -0.0149236 -0.69531 0.837967 -0.361026 -0.781233 -1 -1 -0.79994 0.117431 0.300962 0.569605 0.818083 -1 -0.949934 -0.85363 -0.918713 -0.664607 -1 0.121194 -0.481401 0.1683 -1 -0.538884 -0.444022 -0.491027 -0.930295 -0.0329526 0.695418 -0.978386 
0.153026 0.265561 0.0598553 -0.722806 0.406426 -0.500848 -1 -0.689313 -1 -0.191429 -0.941983 0.248495 -1 -0.932747 -0.863823 -0.757121 0.187301 -0.308892 -0.0224338 0.540933 0.651249 -0.808797 -1 -0.248694 -0.32069 -0.902454 -0.401965 0.356826 0.36133 0.121629 -0.505962 -0.0884653 -1 0.0422154 -1 -0.434987 0.945288 -0.332284 -0.386161 0.312297 -0.280472 0.736366 -1 -0.0785573 0.400706 0.288435 -0.78905 -1 -1 0.36103 -0.293949 0.735477 0.280901 0.248283 -0.314692 -0.955717 0.0624571 -1 -0.23933 -0.0232621 0.403482 -0.654436 -1 -0.965981 0.663622 -0.493801 -1 0.120017 -0.92952 -0.213586 -0.155353 0.104994 -1 -1 0.960738 -0.0284635 0.427494 0.160711 -0.71885 0.0835046 0.138871 -0.555771 -0.995454 -0.314329 -0.926354 -0.195439 -0.184539 -0.70055 0.361734 -0.0872164 -0.732233 -0.675806 -0.192243 0.246619 0.200318 0.170321 -0.0790706 -0.478573 -0.967626 -1 -1 -0.313208 -0.832919 0.182734 -0.462313 -1 -0.920287 -0.301889 0.318223 0.169818 -0.525431 0.804148 -0.361026 -0.660437 -1 -1 -0.868209 0.117431 0.369041 0.569605 0.818083 -0.864297 -0.949934 -0.85363 -0.918713 -0.664607 -1 0.10992 -0.327766 0.033729 -1 -0.480508 -0.444022 -0.527292 -0.930295 -0.095843 0.695418 -0.608876 
0.0651606 0.265561 0.0598553 -0.722806 0.425137 -0.286651 -0.994887 -0.456608 -1 -0.211587 -1 0.248495 -0.936109 -0.932747 -0.863823 -0.814992 0.187301 -0.308892 0.022077 0.540933 0.781739 -0.808797 -1 -0.248694 -0.32069 -0.815842 -0.401965 0.356826 0.593307 0.121629 -0.505962 -0.0884653 -0.885022 0.0422154 -1 -0.434987 0.945288 -0.332284 -0.431962 0.312297 -0.365563 0.814312 -1 -0.0785573 0.400706 0.288435 -0.83524 -0.758277 -1 0.373807 -0.293949 0.735477 0.280901 0.257264 -0.178884 -0.816293 -0.0145471 -1 -0.23933 -0.0194554 0.484239 -0.654436 -1 -0.965981 0.663622 -0.493801 -0.907674 0.357251 -0.92952 -0.213586 -0.155353 0.104994 -1 -1 0.899054 0.111065 0.429543 0.194939 -0.71885 0.325421 0.138871 -0.555771 -1 -0.314329 -0.926354 -0.0535473 -0.184539 -0.529887 0.337808 -0.0502892 -0.732233 -0.411999 -0.216557 0.46665 0.200318 0.367993 -0.0790706 -0.478573 -1 -1 -1 -0.313208 -0.832919 0.194521 -0.49426 -1 -0.920287 -0.0377196 0.318223 0.127434 -0.402871 0.804148 -0.289325 -0.683688 -1 -1 -0.676774 0.117431 0.619269 0.569605 0.752482 -0.864297 -1 -0.756566 -1 -0.72307 -1 0.10992 -0.327766 0.147234 -0.895249 -0.372369 -0.444022 -0.336152 -0.892306 0.0872974 0.760162 -0.608876 
0.153026 0.265561 0.0598553 -0.722806 0.406426 -0.500848 -1 -0.689313 -1 -0.191429 -0.941983 0.248495 -1 -0.932747 -0.863823 -0.757121 0.187301 -0.308892 -0.0224338 0.540933 0.651249 -0.808797 -1 -0.248694 -0.32069 -0.902454 -0.401965 0.356826 0.36133 0.121629 -0.505962 -0.0884653 -1 0.0422154 -1 -0.434987 0.945288 -0.332284 -0.386161 0.312297 -0.280472 0.736366 -1 -0.0785573 0.400706 0.288435 -0.78905 -1 -1 0.36103 -0.293949 0.735477 0.280901 0.248283 -0.314692 -0.955717 0.0624571 -1 -0.23933 -0.0232621 0.403482 -0.654436 -1 -0.965981 0.663622 -0.493801 -1 0.120017 -0.92952 -0.213586 -0.155353 0.104994 -1 -1 0.960738 -0.0284635 0.427494 0.160711 -0.71885 0.0835046 0.138871 -0.555771 -0.995454 -0.314329 -0.926354 -0.195439 -0.184539 -0.70055 0.361734 -0.0872164 -0.732233 -0.675806 -0.192243 0.246619 0.200318 0.170321 -0.0790706 -0.478573 -0.967626 -1 -1 -0.313208 -0.832919 0.182734 -0.462313 -1 -0.920287 -0.301889 0.318223 0.169818 -0.525431 0.804148 -0.361026 -0.660437 -1 -1 -0.868209 0.117431 0.369041 0.569605 0.818083 -0.864297 -0.949934 -0.85363 -0.918713 -0.664607 -1 0.10992 -0.327766 0.033729 -1 -0.480508 -0.444022 -0.527292 -0.930295 -0.095843 0.695418 -0.608876 
0.153026 0.265561 0.0598553 -0.722806 0.406426 -0.500848 -1 -0.689313 -1 -0.191429 -0.941983 0.248495 -1 -0.932747 -0.863823 -0.757121 0.187301 -0.308892 -0.0224338 0.540933 0.651249 -0.808797 -1 -0.248694 -0.32069 -0.902454 -0.401965 0.356826 0.36133 0.121629 -0.505962 -0.0884653 -1 0.0422154 -1 -0.434987 0.945288 -0.332284 -0.386161 0.312297 -0.280472 0.736366 -1 -0.0785573 0.400706 0.288435 -0.78905 -1 -1 0.36103 -0.293949 0.735477 0.280901 0.248283 -0.314692 -0.955717 0.0624571 -1 -0.23933 -0.0232621 0.403482 -0.654436 -1 -0.965981 0.663622 -0.493801 -1 0.120017 -0.92952 -0.213586 -0.155353 0.104994 -1 -1 0.960738 -0.0284635 0.427494 0.160711 -0.71885 0.0835046 0.138871 -0.555771 -0.995454 -0.314329 -0.926354 -0.195439 -0.184539 -0.70055 0.361734 -0.0872164 -0.732233 -0.675806 -0.192243 0.246619 0.200318 0.170321 -0.0790706 -0.478573 -0.967626 -1 -1 -0.313208 -0.832919 0.182734 -0.462313 -1 -0.920287 -0.301889 0.318223 0.169818 -0.525431 0.804148 -0.361026 -0.660437 -1 -1 -0.868209 0.117431 0.369041 0.569605 0.818083 -0.864297 -0.949934 -0.85363 -0.918713 -0.664607 -1 0.10992 -0.327766 0.033729 -1 -0.480508 -0.444022 -0.527292 -0.930295 -0.095843 0.695418 -0.608876 
0.153026 0.265561 0.0598553 -0.722806 0.406426 -0.500848 -1 -0.689313 -1 -0.191429 -0.941983 0.248495 -1 -0.932747 -0.863823 -0.757121 0.187301 -0.308892 -0.0224338 0.540933 0.651249 -0.808797 -1 -0.248694 -0.32069 -0.902454 -0.401965 0.356826 0.36133 0.121629 -0.505962 -0.0884653 -1 0.0422154 -1 -0.434987 0.945288 -0.332284 -0.386161 0.312297 -0.280472 0.736366 -1 -0.0785573 0.400706 0.288435 -0.78905 -1 -1 0.36103 -0.293949 0.735477 0.280901 0.248283 -0.314692 -0.955717 0.0624571 -1 -0.23933 -0.0232621 0.403482 -0.654436 -1 -0.965981 0.663622 -0.493801 -1 0.120017 -0.92952 -0.213586 -0.155353 0.104994 -1 -1 0.960738 -0.0284635 0.427494 0.160711 -0.71885 0.0835046 0.138871 -0.555771 -0.995454 -0.314329 -0.926354 -0.195439 -0.184539 -0.70055 0.361734 -0.0872164 -0.732233 -0.675806 -0.192243 0.246619 0.200318 0.170321 -0.0790706 -0.478573 -0.967626 -1 -1 -0.313208 -0.832919 0.182734 -0.462313 -1 -0.920287 -0.301889 0.318223 0.169818 -0.525431 0.804148 -0.361026 -0.660437 -1 -1 -0.868209 0.117431 0.369041 0.569605 0.818083 -0.864297 -0.949934 -0.85363 -0.918713 -0.664607 -1 0.10992 -0.327766 0.033729 -1 -0.480508 -0.444022 -0.527292 -0.930295 -0.095843 0.695418 -0.608876 
-0.740101 -1 0.07031 -0.38342 0.764314 -1 -0.954735 0.708803 -1 -0.996811 0.703173 0.436374 -0.965627 -0.305544 -0.0126281 -1 0.207672 -0.543983 -0.732336 -0.470505 0.503525 0.228891 -0.0701315 -0.390053 -0.261057 0.815977 0.762479 -0.947266 0.407411 -0.38777 0.481375 -0.987369 -0.593058 0.166278 -0.579434 -0.432786 -0.619546 -0.453497 -0.912932 -0.939194 -0.932318 -1 -0.146131 0.613091 -0.304409 -0.25021 0.375267 -0.151151 0.180539 -0.278574 -0.474795 0.581756 -1 -0.467766 -0.186576 -0.368604 -1 -0.379381 -0.776561 0.0683581 -0.290283 0.181576 -0.39823 0.0659582 -0.763939 0.294804 -0.531767 -0.285578 -0.344456 0.48935 -0.872932 -0.407798 -0.802354 -0.0653003 0.01357 -0.928579 -0.43329 -0.948179 0.739913 0.279334 0.737131 -0.901669 -0.918086 -0.320519 0.351591 0.272089 -0.815535 0.460708 -1 -1 -0.19079 -1 -0.131307 0.0687031 0.34232 -0.104429 0.349419 -0.300513 -0.96221 0.218694 -0.324502 -0.57296 0.65691 0.806369 -0.730951 0.824115 -0.820167 0.0419083 -0.671222 0.257695 0.368631 0.126629 -0.931879 -0.197997 -0.330191 0.253502 -1 0.20599 -0.322618 -0.112796 -0.403061 -0.797443 -1 -0.904188 0.276802 0.992271 -0.356199 -0.504929 0.578524 -1 -0.45735 0.614305 -0.289723 -0.535556 -0.065882 -0.957178 -0.104569 -0.148486 
0.153026 0.265561 0.0598553 -0.722806 0.406426 -0.500848 -1 -0.689313 -1 -0.191429 -0.941983 0.248495 -1 -0.932747 -0.863823 -0.757121 0.187301 -0.308892 -0.0224338 0.540933 0.651249 -0.808797 -1 -0.248694 -0.32069 -0.902454 -0.401965 0.356826 0.36133 0.121629 -0.505962 -0.0884653 -1 0.0422154 -1 -0.434987 0.945288 -0.332284 -0.386161 0.312297 -0.280472 0.736366 -1 -0.0785573 0.400706 0.288435 -0.78905 -1 -1 0.36103 -0.293949 0.735477 0.280901 0.248283 -0.314692 -0.955717 0.0624571 -1 -0.23933 -0.0232621 0.403482 -0.654436 -1 -0.965981 0.663622 -0.493801 -1 0.120017 -0.92952 -0.213586 -0.155353 0.104994 -1 -1 0.960738 -0.0284635 0.427494 0.160711 -0.71885 0.0835046 0.138871 -0.555771 -0.995454 -0.314329 -0.926354 -0.195439 -0.184539 -0.70055 0.361734 -0.0872164 -0.732233 -0.675806 -0.192243 0.246619 0.200318 0.170321 -0.0790706 -0.478573 -0.967626 -1 -1 -0.313208 -0.832919 0.182734 -0.462313 -1 -0.920287 -0.301889 0.318223 0.169818 -0.525431 0.804148 -0.361026 -0.660437 -1 -1 -0.868209 0.117431 0.369041 0.569605 0.818083 -0.864297 -0.949934 -0.85363 -0.918713 -0.664607 -1 0.10992 -0.327766 0.033729 -1 -0.480508 -0.444022 -0.527292 -0.930295 -0.095843 0.695418 -0.608876 
-0.728931 -1 0.31654 -0.485975 0.756428 -0.87969 -1 0.638723 -1 -0.763469 0.95322 0.526398 -0.949519 -0.013685 0.15319 -1 0.190299 -0.543983 -0.816676 -0.3421 0.575557 0.15317 0.178754 -0.514814 -0.302872 0.912897 0.786265 -0.85222 0.444692 -0.279642 0.693611 -0.987369 -0.383807 0.0683929 -0.567382 -0.577246 -0.613163 -0.367542 -0.657549 -0.938795 -0.922855 -0.625866 0.064533 0.68847 -0.37392 -0.384618 0.202719 0.0891897 0.06398 -0.209585 -0.731527 0.654823 -0.919329 0.105676 -0.254637 -0.485981 -1 -0.492532 -0.839166 0.0470525 -0.603642 0.455383 -0.553959 0.115642 -1 0.073083 -0.85163 -0.0134707 -0.221919 0.336574 -0.593533 -0.380257 -0.736832 -0.294039 0.217446 -0.650162 -0.31648 -1 0.739913 0.316541 0.737131 -0.710866 -1 -0.697955 0.141627 0.387655 -0.904951 0.579792 -1 -1 -0.195603 -0.938631 0.244769 0.175357 0.599231 0.376781 0.308986 -0.427247 -1 0.2341 -0.420579 -0.56664 0.741383 0.909422 -0.994601 0.602861 -1 0.0180388 -0.777685 0.257695 0.123185 0.158736 -1 -0.197997 -0.315999 0.305698 -0.975266 0.286889 -0.27455 -0.113267 -0.108138 -0.934682 -1 -1 0.368759 0.777256 -0.270936 -0.377224 0.734651 -1 -0.479553 0.517354 -0.202668 -0.856498 -0.0492512 -0.932293 0.0766537 0.160146 
-0.814738 -0.957466 0.0529063 -0.380744 0.55096 -1 -0.942082 0.708803 -0.942234 -0.972761 0.827782 0.431678 -0.945488 -0.0438614 0.338688 -1 0.0679471 -0.610975 -0.816676 -0.4336 0.431289 0.343434 0.307777 -0.30786 -0.579163 0.712989 0.838767 -0.870263 0.646634 -0.143303 0.667478 -0.987369 -0.383807 0.0222353 -0.65333 -0.3758 -0.5556 -0.29996 -0.797851 -0.988991 -1 -0.777168 0.299271 0.387101 -0.308623 -0.125982 0.228856 0.101102 0.190449 -0.230846 -0.606949 0.494209 -1 -0.0339926 -0.267577 -0.485981 -1 -0.280675 -0.776561 0.0470525 -0.526634 0.455383 -0.73018 0.336898 -0.722684 0.294804 -0.486127 -0.156039 -0.232734 0.445142 -0.736662 -0.467856 -0.716704 -0.0653003 -0.00421664 -0.640976 -0.333064 -1 0.575358 0.255264 0.737131 -0.710866 -0.922365 -0.403815 0.375293 0.267704 -0.735613 0.520753 -1 -1 0.0577886 -0.999643 0.28713 0.237128 0.64963 0.301087 0.367812 -0.546007 -1 0.152498 -0.563004 -0.388587 0.525 0.829533 -0.743371 0.654027 -0.898474 0.00925452 -0.556927 0.245243 0.245011 0.00639972 -0.929168 -0.122166 -0.285596 0.285091 -1 0.256425 -0.364232 -0.277962 -0.108546 -0.920641 -1 -1 0.239164 0.90536 -0.283575 -0.564574 0.696413 -1 -0.45735 0.513003 -0.126046 -0.59143 0.115075 -0.932293 0.0766537 -0.0595024 
0.153026 0.265561 0.0598553 -0.722806 0.406426 -0.500848 -1 -0.689313 -1 -0.191429 -0.941983 0.248495 -1 -0.932747 -0.863823 -0.757121 0.187301 -0.308892 -0.0224338 0.540933 0.651249 -0.808797 -1 -0.248694 -0.32069 -0.902454 -0.401965 0.356826 0.36133 0.121629 -0.505962 -0.0884653 -1 0.0422154 -1 -0.434987 0.945288 -0.332284 -0.386161 0.312297 -0.280472 0.736366 -1 -0.0785573 0.400706 0.288435 -0.78905 -1 -1 0.36103 -0.293949 0.735477 0.280901 0.248283 -0.314692 -0.955717 0.0624571 -1 -0.23933 -0.0232621 0.403482 -0.654436 -1 -0.965981 0.663622 -0.493801 -1 0.120017 -0.92952 -0.213586 -0.155353 0.104994 -1 -1 0.960738 -0.0284635 0.427494 0.160711 -0.71885 0.0835046 0.138871 -0.555771 -0.995454 -0.314329 -0.926354 -0.195439 -0.184539 -0.70055 0.361734 -0.0872164 -0.732233 -0.675806 -0.192243 0.246619 0.200318 0.170321 -0.0790706 -0.478573 -0.967626 -1 -1 -0.313208 -0.832919 0.182734 -0.462313 -1 -0.920287 -0.301889 0.318223 0.169818 -0.525431 0.804148 -0.361026 -0.660437 -1 -1 -0.868209 0.117431 0.369041 0.569605 0.818083 -0.864297 -0.949934 -0.85363 -0.918713 -0.664607 -1 0.10992 -0.327766 0.033729 -1 -0.480508 -0.444022 -0.527292 -0.930295 -0.095843 0.695418 -0.608876 
-0.806687 -1 0.282807 -0.463159 0.758803 -1 -1 0.708803 -1 -0.686758 0.944357 0.346067 -0.807192 -0.0480327 0.338688 -1 0.173196 -0.543983 -0.804167 -0.390381 0.636998 0.129249 0.267723 -0.336927 -0.302872 0.80026 0.550065 -1 0.667386 -0.143303 0.685398 -0.987369 -0.383807 0.00731394 -0.549849 -0.432786 -0.613163 -0.247713 -0.657549 -0.85222 -1 -0.625866 0.299271 0.613091 -0.247031 -0.107724 0.399768 0.303609 0.190449 -0.191045 -0.622442 0.628663 -1 0.105676 -0.257979 -0.676158 -1 -0.280675 -0.776561 0.0470525 -0.460841 0.455383 -0.38392 0.336898 -0.887149 0.294804 -0.333381 -0.0417292 -0.169803 0.380028 -0.593533 -0.467856 -0.533339 -0.299302 0.154434 -0.699094 -0.382268 -0.964664 0.644074 0.264965 0.644664 -0.710866 -1 -0.320519 0.158304 0.427989 -0.923335 0.513775 -1 -1 -0.103862 -0.883518 0.145424 -0.0358312 0.599231 0.301087 0.367812 -0.300513 -1 0.218694 -0.320501 -0.388393 0.741383 0.855975 -0.79865 0.83716 -1 0.00925452 -0.798972 0.257695 0.426903 0.126629 -1 -0.197997 -0.400373 0.171872 -1 0.286889 -0.27455 -0.181578 -0.188673 -0.754201 -1 -0.980464 0.0578108 0.870325 -0.420685 -0.368145 0.597506 -0.805672 -0.431038 0.323668 -0.178956 -0.497609 0.115075 -0.927093 0.11467 -0.00898722 
-0.728931 -1 0.282807 -0.380744 0.758803 -0.965858 -1 0.708803 -0.942956 -0.510777 0.944357 0.436374 -0.807192 -0.0480327 0.338688 -1 0.177829 -0.543983 -0.816676 -0.4336 0.636998 0.343434 0.267723 -0.390053 -0.302872 0.870931 0.803715 -0.870263 0.667386 -0.143303 0.667478 -0.987369 -0.383807 0.00731394 -0.582134 -0.432786 -0.613163 -0.247713 -0.657549 -0.85222 -1 -0.625866 0.299271 0.613091 -0.304409 -0.107724 0.314137 0.234818 0.190449 -0.047616 -0.474795 0.728253 -1 0.105676 -0.257979 -0.485981 -1 -0.280675 -0.776561 0.0470525 -0.346581 0.455383 -0.38392 0.336898 -0.763939 0.294804 -0.396167 -0.0417292 -0.169803 0.460691 -0.593533 -0.467856 -0.533339 -0.0653003 0.154434 -0.699094 -0.256502 -1 0.739913 0.264965 0.737131 -0.710866 -1 -0.320519 0.351591 0.387655 -0.735613 0.513775 -1 -1 0.16582 -0.875901 0.359054 0.181978 0.599231 0.301087 0.367812 -0.300513 -0.946052 0.218694 -0.320501 -0.388393 0.741383 0.909422 -0.79865 0.83716 -0.898474 0.00925452 -0.549392 0.257695 0.393605 0.126629 -1 -0.197997 -0.220586 0.292962 -0.975266 0.286889 -0.27455 -0.181578 -0.145629 -0.754201 -1 -0.980464 0.30118 0.992271 -0.356199 -0.368145 0.734651 -0.887994 -0.45735 0.517354 -0.202668 -0.59143 0.115075 -0.932293 0.0766537 0.0763362 
-0.728931 -1 0.282807 -0.380744 0.758803 -0.965858 -1 0.708803 -0.942956 -0.510777 0.944357 0.436374 -0.807192 -0.0480327 0.338688 -1 0.177829 -0.543983 -0.816676 -0.4336 0.636998 0.343434 0.267723 -0.390053 -0.302872 0.870931 0.803715 -0.870263 0.667386 -0.143303 0.667478 -0.987369 -0.383807 0.00731394 -0.582134 -0.432786 -0.613163 -0.247713 -0.657549 -0.85222 -1 -0.625866 0.299271 0.613091 -0.304409 -0.107724 0.314137 0.234818 0.190449 -0.047616 -0.474795 0.728253 -1 0.105676 -0.257979 -0.485981 -1 -0.280675 -0.776561 0.0470525 -0.346581 0.455383 -0.38392 0.336898 -0.763939 0.294804 -0.396167 -0.0417292 -0.169803 0.460691 -0.593533 -0.467856 -0.533339 -0.0653003 0.154434 -0.699094 -0.256502 -1 0.739913 0.264965 0.737131 -0.710866 -1 -0.320519 0.351591 0.387655 -0.735613 0.513775 -1 -1 0.16582 -0.875901 0.359054 0.181978 0.599231 0.301087 0.367812 -0.300513 -0.946052 0.218694 -0.320501 -0.388393 0.741383 0.909422 -0.79865 0.83716 -0.898474 0.00925452 -0.549392 0.257695 0.393605 0.126629 -1 -0.197997 -0.220586 0.292962 -0.975266 0.286889 -0.27455 -0.181578 -0.145629 -0.754201 -1 -0.980464 0.30118 0.992271 -0.356199 -0.368145 0.734651 -0.887994 -0.45735 0.517354 -0.202668 -0.59143 0.115075 -0.932293 0.0766537 0.0763362 
-0.728931 -1 0.246934 -0.493788 0.758803 -0.980888 -1 0.731182 -0.942956 -0.529504 0.755982 0.2594 -0.735534 -0.0480327 0.332641 -1 0.000272617 -0.691478 -1 -0.452562 0.525083 0.240575 0.2394 -0.419749 -0.349557 0.870931 0.797999 -0.965054 0.384885 -0.334277 0.360867 -0.987369 -0.585904 -0.0476208 -0.582134 -0.591949 -0.749597 -0.235991 -0.603836 -1 -1 -0.625866 0.299271 0.613091 -0.253708 -0.103963 0.0899467 -0.00514008 0.268149 -0.320542 -0.634744 0.74881 -1 -0.0279554 -0.268774 -0.485981 -0.866007 -0.412026 -1 0.0463308 -0.468826 0.455383 -0.38392 0.333669 -0.776208 0.200373 -0.396167 -0.148749 -0.186016 0.539023 -0.772496 -0.712698 -0.587705 -0.0964869 -0.233544 -0.639952 -0.238024 -1 0.405552 0.266004 0.737131 -0.931276 -1 -0.426366 0.107711 0.357761 -0.87124 0.192002 -1 -1 0.0381538 -0.857565 0.357719 0.181978 0.50682 0.180443 0.243587 -0.277912 -0.945768 0.218694 -0.360678 -0.70883 0.542881 0.955559 -0.876556 0.841834 -1 -0.17722 -0.786032 -0.0605522 0.449387 0.157086 -1 -0.450718 -0.504315 0.222408 -0.975266 0.283022 -0.23048 -0.234404 -0.246331 -0.92077 -1 -0.980464 0.218384 0.992271 -0.338656 -0.579267 0.578985 -0.973344 -0.45735 0.206693 -0.270947 -0.59143 0.115075 -0.90855 0.0259373 -0.145795 
-0.821166 -1 0.0909527 -0.53866 0.771558 -0.965858 -1 0.708803 -0.956578 -0.510777 0.728899 0.509756 -0.857811 -0.0480327 0.288931 -1 0.097087 -0.585338 -1 -0.353507 0.636998 0.222334 0.288944 -0.592329 -0.302872 0.722145 0.329425 -0.814722 0.694228 -0.149748 0.818998 -1 -0.575113 -0.0752453 -0.758162 -0.600933 -0.834726 -0.32937 -0.722014 -0.914283 -0.949704 -0.786237 0.0367341 0.613091 -0.661174 -0.107724 0.314137 0.277456 0.0820755 0.00480425 -0.474795 0.744743 -0.947734 0.114559 -0.184013 -0.613688 -1 -0.399795 -0.704721 -0.159061 -0.55916 0.441198 -0.38392 0.135765 -0.959282 0.281322 -0.396167 -0.10564 -0.421877 0.460691 -0.593533 -0.467856 -0.478551 -0.339991 0.0376573 -0.679336 -0.22971 -1 0.678493 0.0756166 0.470978 -0.710866 -1 -0.440212 0.212207 0.219289 -0.926649 0.513775 -1 -1 0.0504932 -1 0.186311 0.181978 0.162501 0.237885 0.501842 -0.231007 -0.945823 -0.161278 -0.490188 -0.469461 0.741383 0.684946 -1 0.799553 -1 0.00925452 -0.546948 0.102179 0.393605 0.0609004 -1 -0.219714 -0.621397 0.0732706 -1 -0.091769 -0.705505 -0.274312 -0.107329 -1 -1 -1 0.246866 0.992271 -0.244413 -0.368145 0.734651 -0.913139 -0.895296 0.351227 -0.214527 -0.629058 0.0355038 -0.857555 -0.0855679 -0.210171 
0.0651606 0.265561 0.0598553 -0.722806 0.425137 -0.286651 -0.994887 -0.456608 -1 -0.211587 -1 0.248495 -0.936109 -0.932747 -0.863823 -0.814992 0.187301 -0.308892 0.022077 0.540933 0.781739 -0.808797 -1 -0.248694 -0.32069 -0.815842 -0.401965 0.356826 0.593307 0.121629 -0.505962 -0.0884653 -0.885022 0.0422154 -1 -0.434987 0.945288 -0.332284 -0.431962 0.312297 -0.365563 0.814312 -1 -0.0785573 0.400706 0.288435 -0.83524 -0.758277 -1 0.373807 -0.293949 0.735477 0.280901 0.257264 -0.178884 -0.816293 -0.0145471 -1 -0.23933 -0.0194554 0.484239 -0.654436 -1 -0.965981 0.663622 -0.493801 -0.907674 0.357251 -0.92952 -0.213586 -0.155353 0.104994 -1 -1 0.899054 0.111065 0.429543 0.194939 -0.71885 0.325421 0.138871 -0.555771 -1 -0.314329 -0.926354 -0.0535473 -0.184539 -0.529887 0.337808 -0.0502892 -0.732233 -0.411999 -0.216557 0.46665 0.200318 0.367993 -0.0790706 -0.478573 -1 -1 -1 -0.313208 -0.832919 0.194521 -0.49426 -1 -0.920287 -0.0377196 0.318223 0.127434 -0.402871 0.804148 -0.289325 -0.683688 -1 -1 -0.676774 0.117431 0.619269 0.569605 0.752482 -0.864297 -1 -0.756566 -1 -0.72307 -1 0.10992 -0.327766 0.147234 -0.895249 -0.372369 -0.444022 -0.336152 -0.892306 0.0872974 0.760162 -0.608876 
-0.728931 -1 0.282807 -0.380744 0.758803 -1 -1 0.700594 -0.942956 -0.435913 0.944357 0.436374 -0.947152 -0.215455 0.283558 -1 0.177829 -0.543983 -0.789679 -0.592244 0.475262 0.213366 0.17459 -0.390053 -0.302872 0.776512 0.803715 -0.870263 0.667386 -0.143303 0.468654 -0.987369 -0.383807 0.0123001 -0.781631 -0.432786 -0.613163 -0.247713 -0.657549 -0.85222 -1 -0.586462 0.263815 0.613091 -0.392182 -0.0755659 0.314137 0.171732 0.190449 -0.047616 -0.474795 0.774411 -1 0.105676 -0.257979 -0.419475 -1 -0.463387 -0.776561 -0.0231449 -0.51799 0.455383 -0.383385 0.336898 -0.716705 0.294804 -0.396167 -0.0417292 -0.169803 0.460691 -0.593533 -0.467856 -0.533339 -0.305021 0.154434 -0.721163 -0.256502 -1 0.739913 0.264965 0.737131 -0.710866 -1 -0.268624 0.211271 0.387655 -0.735613 0.513775 -1 -1 0.16582 -0.875901 0.359054 0.181978 0.473813 0.301087 0.367812 -0.300513 -1 0.218694 -0.320501 -0.56803 0.741383 0.906112 -0.774653 0.83716 -0.898474 -0.119122 -0.592659 0.257695 0.393605 0.126629 -1 -0.227714 -0.235484 0.292962 -1 0.218169 -0.27455 -0.256171 -0.145629 -0.754201 -1 -0.980464 0.30118 0.992271 -0.356199 -0.331529 0.734651 -0.887994 -0.405882 0.505404 -0.121856 -0.687828 0.115075 -0.932293 -0.102548 0.0763362 
0.153026 0.264102 -0.0629047 -0.882013 0.291055 -0.500848 -1 -0.947069 -1 -0.168814 -0.918419 0.0352802 -1 -1 -0.823598 -0.881699 0.172208 -0.371091 -0.236736 0.476919 0.72325 -1 -1 -0.212176 -0.527111 -0.902454 -0.432769 0.303329 0.36133 -0.342847 -0.505962 -0.0884653 -1 -0.161469 -0.902945 -0.434987 0.674684 -0.332284 -0.386161 0.312297 -0.411448 0.651437 -1 -0.0785573 0.365167 0.288435 -0.932616 -0.991974 -0.978514 0.36103 -0.401178 0.735477 0.167153 0.0721759 -0.314692 -0.955717 0.0624571 -1 -0.478732 -0.205751 0.403482 -0.654436 -0.982241 -0.942244 0.226255 -0.493801 -0.960775 0.0651398 -0.92952 -0.222654 -0.331578 0.104994 -1 -1 0.702909 0.0672872 -0.0526027 0.0173046 -0.90125 0.0835046 0.0233355 -0.523948 -0.995454 -0.367274 -0.97536 -0.187379 -0.184539 -0.70055 0.361734 -0.0872164 -0.732233 -0.596658 -0.181243 0.111193 0.0337661 0.170321 -0.0790706 -0.427932 -1 -1 -1 -0.31199 -0.832919 0.182734 -0.485104 -1 -1 -0.759793 0.318223 0.247804 -0.491947 0.804148 -0.361026 -0.816953 -1 -1 -0.860006 0.117431 0.246563 0.433163 0.818083 -1 -0.949934 -0.85363 -1 -0.664607 -1 0.0649804 -0.249197 0.033729 -0.954745 -0.765813 -0.382228 -0.527292 -0.930295 -0.095843 0.695418 -1 
-0.900183 -1 0.282807 -0.443559 0.78834 -0.978856 -1 0.754989 -0.790736 -0.377234 1 0.0576677 -1 -0.283925 -0.0531042 -1 -0.0974764 -1 -0.987655 -0.43316 0.636998 0.343434 -0.0771025 -0.643102 -0.302872 0.870931 0.784423 -1 0.438799 -0.46317 0.281399 -1 -0.274302 0.00731394 -0.519051 -0.452027 -0.613163 -0.117347 -0.844991 -0.945697 -1 -0.69639 0.410891 0.661123 -0.304409 -0.107724 0.328009 0.178177 -0.0529261 -0.047616 -0.586699 0.713259 -1 -0.266399 -0.316562 -0.976279 -1 -0.254844 -1 0.0758664 -0.751106 0.460416 -0.828786 0.215481 -0.842184 0.276223 -0.374476 0.0370501 -0.0241279 0.493051 -1 -0.580632 -1 -0.0653003 -0.289531 -0.755427 -0.256502 -0.986482 0.503633 0.04752 0.59058 -0.883313 -1 -0.666579 0.263493 0.140493 -1 0.23863 -1 -0.905956 0.0438634 -0.9233 0.0594742 0.279639 0.599231 0.301087 -0.0667039 -0.566674 -1 0.157506 -0.649635 -0.719125 0.754976 0.909422 -0.983922 0.486087 -0.891573 -0.0619714 -0.731266 0.193301 0.245343 -0.193099 -0.954959 -0.206973 -0.4661 0.149528 -1 0.236184 -0.407405 -0.25386 -0.647992 -0.899199 -1 -1 -0.204175 0.756764 -0.356199 -0.481046 0.734677 -0.887901 -0.544236 0.378247 -0.0834665 -0.768123 0.145962 -1 0.0765341 -0.097137 
-0.728931 -1 0.282807 -0.380744 0.758803 -0.965858 -1 0.708803 -0.942956 -0.510777 0.944357 0.436374 -0.807192 -0.0480327 0.338688 -1 0.177829 -0.543983 -0.816676 -0.4336 0.636998 0.343434 0.267723 -0.390053 -0.302872 0.870931 0.803715 -0.870263 0.667386 -0.143303 0.667478 -0.987369 -0.383807 0.00731394 -0.582134 -0.432786 -0.613163 -0.247713 -0.657549 -0.85222 -1 -0.625866 0.299271 0.613091 -0.304409 -0.107724 0.314137 0.234818 0.190449 -0.047616 -0.474795 0.728253 -1 0.105676 -0.257979 -0.485981 -1 -0.280675 -0.776561 0.0470525 -0.346581 0.455383 -0.38392 0.336898 -0.763939 0.294804 -0.396167 -0.0417292 -0.169803 0.460691 -0.593533 -0.467856 -0.533339 -0.0653003 0.154434 -0.699094 -0.256502 -1 0.739913 0.264965 0.737131 -0.710866 -1 -0.320519 0.351591 0.387655 -0.735613 0.513775 -1 -1 0.16582 -0.875901 0.359054 0.181978 0.599231 0.301087 0.367812 -0.300513 -0.946052 0.218694 -0.320501 -0.388393 0.741383 0.909422 -0.79865 0.83716 -0.898474 0.00925452 -0.549392 0.257695 0.393605 0.126629 -1 -0.197997 -0.220586 0.292962 -0.975266 0.286889 -0.27455 -0.181578 -0.145629 -0.754201 -1 -0.980464 0.30118 0.992271 -0.356199 -0.368145 0.734651 -0.887994 -0.45735 0.517354 -0.202668 -0.59143 0.115075 -0.932293 0.0766537 0.0763362 
-0.886239 -1 0.354745 -0.355333 0.758803 -1 -1 0.5228 -0.963107 -0.522004 0.987507 0.421739 -0.800809 -0.302848 0.332158 -1 -0.0930128 -0.677241 -0.892174 -0.4336 0.530757 0.0677274 0.267723 -0.6857 -0.302872 0.870931 0.803715 -0.930299 0.619209 -0.164738 0.543415 -0.979386 -0.631231 0.00731394 -0.582134 -0.581194 -0.731243 -0.190326 -0.657549 -0.868963 -1 -0.794089 0.340746 0.567474 -0.304409 -0.228268 0.283255 0.24007 0.256916 -0.281588 -0.652632 0.728253 -1 0.172861 -0.257979 -0.500276 -1 -0.310603 -0.776561 0.0470525 -0.239383 0.184211 -0.638585 0.274609 -1 0.068101 -0.365784 -0.073225 -0.276406 0.439078 -0.593533 -0.682782 -0.761092 -0.184173 0.154434 -0.772527 -0.360349 -1 0.739913 0.107691 0.737131 -0.838143 -1 -0.463088 0.0967456 0.163398 -0.943281 0.434387 -1 -0.95201 0.12113 -0.945754 0.415152 0.060477 0.389971 0.0758677 0.461671 -0.596923 -0.981734 0.218694 -0.320501 -0.683372 0.562004 0.909422 -0.787485 0.842912 -0.796761 -0.304687 -0.752098 0.198047 0.393605 0.135322 -1 -0.187934 -0.220586 0.292962 -1 0.299812 -0.740663 -0.41582 -0.145629 -0.754201 -1 -0.995331 0.0601459 0.784234 -0.487177 -0.368145 0.626129 -1 -0.740249 0.517354 -0.202668 -0.554089 0.115075 -1 0.0766537 -0.0630925 
-0.914702 -0.977674 -0.00420968 -0.547846 0.371526 -0.965858 -1 0.791033 -1 -0.721627 0.945657 0.32986 -0.733618 -0.14413 0.116476 -1 -0.0247553 -0.563734 -1 -0.602395 0.679829 0.343434 0.0449067 -0.642272 -0.534276 0.646183 0.568718 -0.908134 0.553435 -0.270025 0.532853 -1 -0.291721 -0.00612293 -0.562359 -0.432786 -0.662309 -0.520184 -0.870962 -1 -1 -0.792185 0.149251 0.517497 -0.304409 -0.107724 0.474131 0.282606 0.287942 -0.187459 -0.683202 0.451794 -1 -0.0324031 -0.683521 -0.680504 -1 -0.504968 -0.989701 -0.347579 -0.346581 0.2901 -0.61619 0.341018 -1 0.209591 -0.478208 -0.154296 -0.118837 0.301072 -0.902486 -0.901431 -0.63449 -0.0710555 -0.101694 -0.60651 -0.189608 -1 0.517676 0.424809 0.238474 -0.624939 -1 -0.320519 0.36048 -0.0095419 -1 0.175447 -1 -1 -0.18791 -0.982287 0.181498 0.271732 0.361307 0.0489424 -0.0140812 -0.511883 -0.868402 0.24027 -0.591957 -1 0.531558 0.545654 -1 0.520265 -1 0.00925452 -0.782105 -0.182206 0.393605 -0.282754 -1 -0.245455 -0.280709 0.28649 -1 0.2299 -0.398729 -0.366155 -0.261226 -0.968511 -0.982868 -1 0.118959 0.817825 -0.43661 -0.441449 0.570783 -0.887994 -0.647427 0.556547 -0.234811 -0.59064 -0.1677 -1 0.00842832 -0.154241 
-0.806687 -1 0.282807 -0.463159 0.758803 -1 -1 0.708803 -1 -0.686758 0.944357 0.346067 -0.807192 -0.0480327 0.338688 -1 0.173196 -0.543983 -0.804167 -0.390381 0.636998 0.129249 0.267723 -0.336927 -0.302872 0.80026 0.550065 -1 0.667386 -0.143303 0.685398 -0.987369 -0.383807 0.00731394 -0.549849 -0.432786 -0.613163 -0.247713 -0.657549 -0.85222 -1 -0.625866 0.299271 0.613091 -0.247031 -0.107724 0.399768 0.303609 0.190449 -0.191045 -0.622442 0.628663 -1 0.105676 -0.257979 -0.676158 -1 -0.280675 -0.776561 0.0470525 -0.460841 0.455383 -0.38392 0.336898 -0.887149 0.294804 -0.333381 -0.0417292 -0.169803 0.380028 -0.593533 -0.467856 -0.533339 -0.299302 0.154434 -0.699094 -0.382268 -0.964664 0.644074 0.264965 0.644664 -0.710866 -1 -0.320519 0.158304 0.427989 -0.923335 0.513775 -1 -1 -0.103862 -0.883518 0.145424 -0.0358312 0.599231 0.301087 0.367812 -0.300513 -1 0.218694 -0.320501 -0.388393 0.741383 0.855975 -0.79865 0.83716 -1 0.00925452 -0.798972 0.257695 0.426903 0.126629 -1 -0.197997 -0.400373 0.171872 -1 0.286889 -0.27455 -0.181578 -0.188673 -0.754201 -1 -0.980464 0.0578108 0.870325 -0.420685 -0.368145 0.597506 -0.805672 -0.431038 0.323668 -0.178956 -0.497609 0.115075 -0.927093 0.11467 -0.00898722 
-0.728931 -1 0.0876263 -0.554097 0.758803 -1 -1 0.445232 -0.942956 -0.510777 0.944357 0.477107 -0.855238 -0.250896 0.0434521 -1 0.274043 -0.768199 -0.835777 -0.4336 0.636998 0.343434 0.267723 -0.390053 -0.302872 0.870931 0.779249 -0.870263 0.667386 -0.143303 0.667478 -0.915255 -0.335568 0.00731394 -0.574263 -0.428389 -0.744242 -0.35651 -0.657549 -1 -1 -0.90977 0.175457 0.613091 -0.497895 -0.107724 0.120325 0.0671247 0.263391 -0.047616 -0.741899 0.815549 -1 0.105676 -0.257979 -0.485981 -1 -0.439226 -0.792762 0.057456 -0.543516 0.297133 -0.448001 0.336898 -0.763939 0.294804 -0.396167 -0.261057 -0.247287 0.460691 -0.593533 -0.739758 -0.765279 -0.0653003 0.0689698 -0.664337 -0.466609 -1 0.594808 0.264965 0.6428 -0.710866 -0.980143 -0.320519 0.083317 0.462512 -1 0.504674 -1 -1 0.239475 -0.875901 0.359054 0.181978 0.593271 0.301087 0.252805 -0.416757 -0.946052 0.218694 -0.357446 -0.388393 0.741383 0.848811 -0.79865 0.83716 -1 0.00925452 -0.549392 0.257695 0.393605 0.126629 -0.982752 -0.197997 -0.471116 0.292962 -1 0.286889 -0.567616 -0.181578 -0.145629 -0.754201 -0.906843 -0.980464 0.141863 0.992271 -0.356199 -0.385369 0.734651 -1 -0.45735 0.557196 -0.258378 -0.59143 -0.0246781 -1 0.0766537 0.0763362 
-0.757717 -1 0.038021 -0.622988 0.662795 -0.965858 -0.939806 0.708803 -1 -0.672 0.684436 0.271831 -0.898244 -0.350705 0.131838 -1 0.214547 -1 -0.704059 -0.30447 0.412108 0.353894 0.168762 -0.638276 -0.23256 0.559419 0.679199 -0.847938 0.694144 -0.535532 0.594929 -1 -0.552572 -0.0110992 -0.883602 -0.808498 -0.547642 -0.446629 -0.713626 -0.952067 -1 -0.576014 0.156524 0.598574 -0.412053 -0.107724 0.359319 -0.18863 0.207076 -0.310318 -0.752975 0.100202 -0.969401 0.18645 -0.257979 -0.496563 -0.980843 -0.280675 -1 -0.0587431 -0.798115 0.012147 -0.648446 0.325265 -1 0.1604 -0.741057 -0.00882197 -0.559372 0.460691 -0.890195 -0.467856 -0.60632 -0.523284 0.0547522 -0.895817 -0.516311 -1 0.489577 0.218592 0.737131 -0.997907 -0.946369 -0.520853 0.0931203 0.19501 -0.930184 0.245337 -1 -0.904085 0.0757537 -1 0.32381 0.191323 0.296065 0.144827 -0.0145408 -0.233838 -0.894925 0.117063 -0.803785 -0.520546 0.635948 0.959164 -0.79865 0.653059 -1 -0.0482888 -0.562958 0.122432 0.137919 0.201929 -0.984823 -0.401028 -0.463555 0.42474 -1 0.171691 -0.27455 -0.314103 -0.406234 -1 -1 -1 0.30118 1 -0.484921 -0.418555 0.682252 -0.887994 -0.746307 0.407046 -0.388517 -0.581484 0.172742 -0.827898 -0.412644 -0.0199716 
-1 -1 0.0870959 -0.380744 0.758803 -1 -0.926007 0.80519 -1 -0.635167 0.850288 0.436374 -0.776648 -0.0480327 0.338688 -1 0.177829 -0.572945 -0.816676 -0.446445 0.540709 0.0879713 0.104139 -0.390053 -0.302872 0.646722 0.722329 -0.891523 0.370766 -0.143303 0.476737 -0.987369 -0.442515 0.00731394 -0.527098 -0.432786 -0.749607 -0.610072 -0.657549 -0.858379 -0.939442 -0.625866 0.179674 0.119263 -0.515107 -0.107724 0.393131 0.20515 0.190449 -0.200671 -0.474795 0.728253 -1 -0.0603526 -0.229925 -0.485981 -1 -0.563233 -1 -0.331579 -0.346581 0.490302 -0.381712 0.479815 -0.867487 0.277705 -0.675569 -0.133507 -0.281301 0.17775 -0.663323 -0.569034 -0.75831 -0.106518 -0.0246138 -0.699094 -0.278141 -1 0.739913 0.336601 0.514643 -0.710866 -1 -0.320519 -0.0456915 0.387655 -0.699599 0.428732 -1 -1 0.16582 -0.974824 0.359054 0.0891732 0.466649 0.0399455 0.2963 -0.300513 -1 0.218694 -0.461161 -0.388393 0.741383 0.771913 -0.79865 0.637315 -0.93951 -0.158095 -0.839895 0.160927 0.374483 0.180575 -0.96302 -0.116597 -0.220586 0.294475 -1 0.0332715 -0.27455 -0.278301 -0.537391 -1 -1 -0.954925 0.168091 0.992271 -0.509791 -0.432756 0.717165 -0.77287 -0.538828 0.517354 -0.333489 -0.589107 0.186357 -0.92066 0.0766537 -0.300103 
-0.728931 -1 0.29176 -0.380744 0.758803 -1 -1 0.633126 -0.942956 -0.510777 0.944357 0.521983 -0.857781 -0.0480327 0.338688 -1 0.268515 -0.790253 -1 -0.4336 0.636998 0.3936 0.317785 -0.390053 -0.2798 0.779155 0.565896 -0.955932 0.371948 -0.143303 0.762904 -0.924258 -0.383807 0.00731394 -0.602527 -0.601159 -0.613163 -0.247713 -0.853428 -0.85222 -1 -0.625866 0.353947 0.326121 -0.304409 -0.0456105 0.314137 0.234818 0.190449 -0.00620813 -0.706479 0.497377 -1 -0.0342751 -0.30738 -0.485981 -0.907595 -0.280675 -0.776561 0.0470525 -0.346581 0.455383 -0.632414 0.306023 -0.833478 0.294804 -0.54037 -0.0417292 -0.169803 0.54885 -0.658494 -0.467856 -0.792489 -0.0653003 0.154434 -0.699094 -0.25034 -1 0.739913 0.20354 0.553042 -0.948647 -1 -0.235913 0.0986874 0.387655 -0.735613 0.513775 -1 -1 0.21779 -0.863875 0.2643 -0.0494846 0.528478 0.375644 0.161146 -0.276466 -0.898099 0.123596 -0.279201 -0.388393 0.741383 0.717766 -1 0.798674 -0.898474 0.0836794 -0.531296 0.257695 0.113328 0.126629 -1 -0.202582 -0.220586 0.137342 -0.975266 0.286889 -0.27455 -0.17218 -0.0628114 -0.754201 -1 -0.980464 0.322264 0.863944 -0.356199 -0.482026 0.758495 -0.887994 -0.646906 0.440348 -0.454716 -0.59143 0.0415575 -0.833489 -0.0525771 0.0763362 
-0.840599 -1 0.216603 -0.730935 0.578614 -0.954682 -0.926318 0.601016 -0.890044 -0.620859 0.974306 0.436374 -1 -0.382659 0.0888164 -1 0.204752 -0.552295 -1 -0.509625 0.636998 0.0251369 -0.134546 -0.600642 -0.460496 0.667228 0.720821 -1 0.44167 -0.456186 0.492297 -1 -0.794957 0.0245667 -1 -0.409412 -0.521157 -0.606636 -0.632488 -0.85222 -1 -1 0.168994 0.223731 -0.284071 -0.236092 0.314137 0.172862 -0.192089 -0.489444 -0.848657 0.728253 -0.890712 -0.21275 -0.443385 -0.629842 -0.954028 -0.431267 -1 0.0848771 -0.490076 0.16316 -0.998314 0.24232 -0.953614 -0.0301251 -0.65586 -0.101041 -0.372237 0.200259 -0.742251 -0.478569 -0.824698 0.0329892 -0.0951993 -1 -0.481781 -1 0.544421 -0.231371 0.804163 -1 -1 -0.470663 0.307038 0.266254 -0.735613 0.623901 -1 -1 -0.14724 -1 0.136205 0.176181 0.599231 -0.169775 -0.00529455 -0.267135 -0.888885 0.026426 -0.442045 -0.388393 0.446839 0.865791 -0.932085 0.777009 -1 -0.126744 -0.637305 0.257695 0.228777 0.0947526 -1 -0.247978 -0.495965 0.321957 -1 0.193488 -0.893808 -0.513892 -0.145629 -0.990459 -1 -0.980464 0.352711 0.956444 -0.756766 -0.309272 0.66084 -1 -0.413616 0.528717 -0.220005 -0.550833 0.0114622 -0.840086 -0.0773999 -0.054012 
-0.728931 -1 0.282807 -0.380744 0.758803 -0.965858 -1 0.708803 -0.942956 -0.510777 0.944357 0.436374 -0.807192 -0.0480327 0.338688 -1 0.177829 -0.543983 -0.816676 -0.4336 0.636998 0.343434 0.267723 -0.390053 -0.302872 0.870931 0.803715 -0.870263 0.667386 -0.143303 0.667478 -0.987369 -0.383807 0.00731394 -0.582134 -0.432786 -0.613163 -0.247713 -0.657549 -0.85222 -1 -0.625866 0.299271 0.613091 -0.304409 -0.107724 0.314137 0.234818 0.190449 -0.047616 -0.474795 0.728253 -1 0.105676 -0.257979 -0.485981 -1 -0.280675 -0.776561 0.0470525 -0.346581 0.455383 -0.38392 0.336898 -0.763939 0.294804 -0.396167 -0.0417292 -0.169803 0.460691 -0.593533 -0.467856 -0.533339 -0.0653003 0.154434 -0.699094 -0.256502 -1 0.739913 0.264965 0.737131 -0.710866 -1 -0.320519 0.351591 0.387655 -0.735613 0.513775 -1 -1 0.16582 -0.875901 0.359054 0.181978 0.599231 0.301087 0.367812 -0.300513 -0.946052 0.218694 -0.320501 -0.388393 0.741383 0.909422 -0.79865 0.83716 -0.898474 0.00925452 -0.549392 0.257695 0.393605 0.126629 -1 -0.197997 -0.220586 0.292962 -0.975266 0.286889 -0.27455 -0.181578 -0.145629 -0.754201 -1 -0.980464 0.30118 0.992271 -0.356199 -0.368145 0.734651 -0.887994 -0.45735 0.517354 -0.202668 -0.59143 0.115075 -0.932293 0.0766537 0.0763362 
0.153026 0.265561 0.0598553 -0.722806 0.406426 -0.500848 -1 -0.689313 -1 -0.191429 -0.941983 0.248495 -1 -0.932747 -0.863823 -0.757121 0.187301 -0.308892 -0.0224338 0.540933 0.651249 -0.808797 -1 -0.248694 -0.32069 -0.902454 -0.401965 0.356826 0.36133 0.121629 -0.505962 -0.0884653 -1 0.0422154 -1 -0.434987 0.945288 -0.332284 -0.386161 0.312297 -0.280472 0.736366 -1 -0.0785573 0.400706 0.288435 -0.78905 -1 -1 0.36103 -0.293949 0.735477 0.280901 0.248283 -0.314692 -0.955717 0.0624571 -1 -0.23933 -0.0232621 0.403482 -0.654436 -1 -0.965981 0.663622 -0.493801 -1 0.120017 -0.92952 -0.213586 -0.155353 0.104994 -1 -1 0.960738 -0.0284635 0.427494 0.160711 -0.71885 0.0835046 0.138871 -0.555771 -0.995454 -0.314329 -0.926354 -0.195439 -0.184539 -0.70055 0.361734 -0.0872164 -0.732233 -0.675806 -0.192243 0.246619 0.200318 0.170321 -0.0790706 -0.478573 -0.967626 -1 -1 -0.313208 -0.832919 0.182734 -0.462313 -1 -0.920287 -0.301889 0.318223 0.169818 -0.525431 0.804148 -0.361026 -0.660437 -1 -1 -0.868209 0.117431 0.369041 0.569605 0.818083 -0.864297 -0.949934 -0.85363 -0.918713 -0.664607 -1 0.10992 -0.327766 0.033729 -1 -0.480508 -0.444022 -0.527292 -0.930295 -0.095843 0.695418 -0.608876 
-0.771631 -1 0.33687 -0.380744 0.680566 -0.965858 -1 0.371456 -1 -0.515811 0.91258 0.0472796 -0.804852 -0.0480327 0.328792 -1 0.177829 -0.772301 -0.796044 -0.4336 0.636998 -0.0377878 0.072946 -0.457626 -0.277279 0.870931 0.803715 -0.870263 0.537524 -0.143303 0.667478 -0.963932 -0.383807 0.00731394 -0.603204 -0.444322 -0.563497 -0.174835 -0.657549 -0.905342 -1 -0.755539 0.232871 0.425851 -0.612682 -0.0348909 0.0174222 0.0563612 0.190449 -0.0279344 -0.474795 0.572741 -1 0.105676 -0.208075 -0.454232 -0.927437 -0.579666 -0.934421 -0.151914 -0.346581 0.455383 -0.419105 0.138939 -0.840642 0.26667 -0.35819 0.0193769 -0.114938 0.456973 -0.635992 -0.467856 -0.706992 -0.111995 0.154434 -0.699094 -0.256502 -0.942114 0.739913 0.085766 0.72634 -0.853384 -1 -0.322639 0.351591 0.387655 -0.78247 0.513775 -1 -0.967913 0.114554 -0.875901 0.464162 0.181978 0.599231 0.301087 0.367812 -0.317641 -1 -0.00250927 -0.320501 -0.505336 0.554085 0.866604 -0.788958 0.65072 -0.99694 0.00925452 -0.512704 0.257695 0.268247 0.055942 -1 -0.324853 -0.220586 0.0611338 -0.973968 0.229244 -0.293606 -0.197415 -0.3731 -0.754201 -1 -0.951859 0.216253 0.992271 -0.329214 -0.310761 0.784694 -0.887994 -0.407709 0.517354 -0.307342 -0.554975 0.115075 -0.932293 0.0766537 0.0763362 
-0.679376 -1 0.282807 -0.354416 0.453274 -1 -1 0.708803 -0.997582 -0.682022 0.739645 0.437174 -0.742895 -0.176763 0.217344 -1 0.224555 -0.747055 -0.838352 -0.500863 0.439716 0.250531 0.267723 -0.554412 -0.302872 0.711536 0.747025 -1 0.560174 -0.251433 0.667478 -1 -0.383807 -0.264182 -0.582134 -0.536814 -0.80162 -0.409234 -0.979043 -0.85222 -1 -0.818673 0.17947 0.613091 -0.46555 -0.107724 0.314137 0.278159 0.124329 -0.047616 -0.474795 0.728253 -1 0.105676 -0.257979 -0.485981 -1 -0.280675 -0.776561 0.0948573 -0.346581 0.403868 -0.38392 0.071739 -0.939974 0.164423 -0.62725 0.020266 -0.169803 0.286346 -0.818133 -0.656022 -0.607779 -0.170662 0.0577734 -0.666975 -0.256502 -1 0.760486 0.291302 0.681327 -0.900661 -0.995282 -0.320519 0.351591 0.355953 -0.945365 0.403034 -1 -1 0.16582 -0.934269 0.359054 0.181978 0.628358 0.320965 0.29272 -0.461989 -0.946052 0.218694 -0.440155 -0.578161 0.703551 0.494699 -0.846919 0.83716 -0.898474 0.00925452 -0.608474 0.161365 0.160504 0.126629 -1 -0.203396 -0.341435 0.292962 -1 0.286889 -0.391462 -0.362316 -0.290614 -0.786228 -0.923571 -0.980464 0.17636 0.992271 -0.440509 -0.476774 0.525832 -0.887994 -0.696015 0.517354 -0.458868 -0.686177 -0.0775521 -0.970285 0.0766537 0.0353651 
0.0651606 0.265561 0.0598553 -0.722806 0.425137 -0.286651 -0.994887 -0.456608 -1 -0.211587 -1 0.248495 -0.936109 -0.932747 -0.863823 -0.814992 0.187301 -0.308892 0.022077 0.540933 0.781739 -0.808797 -1 -0.248694 -0.32069 -0.815842 -0.401965 0.356826 0.593307 0.121629 -0.505962 -0.0884653 -0.885022 0.0422154 -1 -0.434987 0.945288 -0.332284 -0.431962 0.312297 -0.365563 0.814312 -1 -0.0785573 0.400706 0.288435 -0.83524 -0.758277 -1 0.373807 -0.293949 0.735477 0.280901 0.257264 -0.178884 -0.816293 -0.0145471 -1 -0.23933 -0.0194554 0.484239 -0.654436 -1 -0.965981 0.663622 -0.493801 -0.907674 0.357251 -0.92952 -0.213586 -0.155353 0.104994 -1 -1 0.899054 0.111065 0.429543 0.194939 -0.71885 0.325421 0.138871 -0.555771 -1 -0.314329 -0.926354 -0.0535473 -0.184539 -0.529887 0.337808 -0.0502892 -0.732233 -0.411999 -0.216557 0.46665 0.200318 0.367993 -0.0790706 -0.478573 -1 -1 -1 -0.313208 -0.832919 0.194521 -0.49426 -1 -0.920287 -0.0377196 0.318223 0.127434 -0.402871 0.804148 -0.289325 -0.683688 -1 -1 -0.676774 0.117431 0.619269 0.569605 0.752482 -0.864297 -1 -0.756566 -1 -0.72307 -1 0.10992 -0.327766 0.147234 -0.895249 -0.372369 -0.444022 -0.336152 -0.892306 0.0872974 0.760162 -0.608876 
-0.771631 -1 0.134577 -0.328905 0.687179 -0.965858 -1 0.568432 -1 -0.526627 0.91258 0.246539 -0.804852 -0.258395 0.359598 -0.991597 0.194977 -0.772301 -0.874285 -0.4336 0.614141 0.195972 0.267723 -0.390053 -0.297287 0.675567 0.803715 -0.870263 0.726648 -0.0929044 0.667478 -1 -0.383807 0.00731394 -0.594121 -0.432786 -0.563497 -0.184601 -0.657549 -0.810747 -0.964609 -0.577781 0.135034 0.299807 -0.764682 -0.250872 0.15145 0.0563612 0.190449 -0.047616 -0.474795 0.572741 -1 0.105676 -0.208075 -0.610115 -0.927437 -0.729399 -0.776561 -0.104729 -0.346581 0.447954 -0.39536 0.256126 -0.904496 0.193879 -0.35819 -0.103287 -0.185136 0.460691 -0.635992 -0.467856 -0.830226 -0.0653003 0.154434 -0.699094 -0.256502 -0.888142 0.739913 0.0948523 0.737131 -0.710866 -1 -0.35203 0.334987 0.290233 -0.71145 0.513775 -1 -0.990567 0.218661 -0.875901 0.383665 0.181978 0.606261 0.301087 0.367812 -0.254035 -0.867448 -0.00250927 -0.320501 -0.337225 0.57758 0.767022 -0.782527 0.65072 -0.99694 0.00925452 -0.546844 0.257695 0.393605 -0.0847256 -1 -0.197997 -0.220586 0.292962 -1 0.0788049 -0.27455 -0.26866 -0.208211 -0.84752 -1 -0.986119 0.30118 0.992271 -0.514539 -0.417383 0.659807 -0.889878 -0.407709 0.517354 -0.370134 -0.541503 0.115075 -0.932293 0.0766537 0.0096695 
0.0651606 0.265561 0.0598553 -0.722806 0.425137 -0.286651 -0.994887 -0.456608 -1 -0.211587 -1 0.248495 -0.936109 -0.932747 -0.863823 -0.814992 0.187301 -0.308892 0.022077 0.540933 0.781739 -0.808797 -1 -0.248694 -0.32069 -0.815842 -0.401965 0.356826 0.593307 0.121629 -0.505962 -0.0884653 -0.885022 0.0422154 -1 -0.434987 0.945288 -0.332284 -0.431962 0.312297 -0.365563 0.814312 -1 -0.0785573 0.400706 0.288435 -0.83524 -0.758277 -1 0.373807 -0.293949 0.735477 0.280901 0.257264 -0.178884 -0.816293 -0.0145471 -1 -0.23933 -0.0194554 0.484239 -0.654436 -1 -0.965981 0.663622 -0.493801 -0.907674 0.357251 -0.92952 -0.213586 -0.155353 0.104994 -1 -1 0.899054 0.111065 0.429543 0.194939 -0.71885 0.325421 0.138871 -0.555771 -1 -0.314329 -0.926354 -0.0535473 -0.184539 -0.529887 0.337808 -0.0502892 -0.732233 -0.411999 -0.216557 0.46665 0.200318 0.367993 -0.0790706 -0.478573 -1 -1 -1 -0.313208 -0.832919 0.194521 -0.49426 -1 -0.920287 -0.0377196 0.318223 0.127434 -0.402871 0.804148 -0.289325 -0.683688 -1 -1 -0.676774 0.117431 0.619269 0.569605 0.752482 -0.864297 -1 -0.756566 -1 -0.72307 -1 0.10992 -0.327766 0.147234 -0.895249 -0.372369 -0.444022 -0.336152 -0.892306 0.0872974 0.760162 -0.608876 
-0.728931 -0.935932 0.0381062 -0.364421 0.516835 -1 -1 0.708803 -1 -0.90687 0.915289 0.49987 -0.868198 -0.242239 0.288675 -1 0.236024 -0.505297 -1 -0.602048 0.550523 0.0394854 0.180529 -0.63565 -0.59603 0.3724 0.810714 -1 0.557603 -0.251433 0.735007 -1 -0.32589 -0.296143 -0.604123 -0.624429 -0.64019 -0.459628 -0.838297 -0.85222 -1 -1 -0.19511 0.403687 -0.304409 -0.0732538 0.306533 0.253439 -0.0276205 -0.339589 -0.409523 0.688176 -1 0.203359 -0.257979 -0.85802 -1 -0.391983 -0.768936 -0.2921 -0.406868 0.455383 -0.519077 0.0511059 -0.99967 -0.1189 -0.396167 -0.170536 -0.169803 0.508522 -0.825218 -0.819043 -0.705956 -0.197573 -0.225147 -0.881649 -0.198871 -0.982251 0.315822 0.337198 0.709681 -0.879629 -1 -0.320519 0.397894 0.293222 -0.836629 0.465726 -1 -1 0.16582 -1 0.104815 0.299621 0.628358 0.301087 0.352316 -0.461989 -0.916697 0.181168 -0.440155 -0.635591 0.779411 0.512017 -0.846919 0.577093 -0.898474 -0.0714852 -0.654683 0.276215 0.241239 0.126629 -1 -0.203396 -0.341435 0.193402 -1 0.0502206 -0.27455 -0.348601 -0.480165 -0.754201 -1 -0.980464 0.322697 1 -0.572762 -0.362705 0.809509 -0.911373 -0.673336 0.553409 -0.664199 -0.689361 -0.105788 -1 0.134851 -0.157142 
0.153026 0.265561 0.0598553 -0.722806 0.406426 -0.500848 -1 -0.689313 -1 -0.191429 -0.941983 0.248495 -1 -0.932747 -0.863823 -0.757121 0.187301 -0.308892 -0.0224338 0.540933 0.651249 -0.808797 -1 -0.248694 -0.32069 -0.902454 -0.401965 0.356826 0.36133 0.121629 -0.505962 -0.0884653 -1 0.0422154 -1 -0.434987 0.945288 -0.332284 -0.386161 0.312297 -0.280472 0.736366 -1 -0.0785573 0.400706 0.288435 -0.78905 -1 -1 0.36103 -0.293949 0.735477 0.280901 0.248283 -0.314692 -0.955717 0.0624571 -1 -0.23933 -0.0232621 0.403482 -0.654436 -1 -0.965981 0.663622 -0.493801 -1 0.120017 -0.92952 -0.213586 -0.155353 0.104994 -1 -1 0.960738 -0.0284635 0.427494 0.160711 -0.71885 0.0835046 0.138871 -0.555771 -0.995454 -0.314329 -0.926354 -0.195439 -0.184539 -0.70055 0.361734 -0.0872164 -0.732233 -0.675806 -0.192243 0.246619 0.200318 0.170321 -0.0790706 -0.478573 -0.967626 -1 -1 -0.313208 -0.832919 0.182734 -0.462313 -1 -0.920287 -0.301889 0.318223 0.169818 -0.525431 0.804148 -0.361026 -0.660437 -1 -1 -0.868209 0.117431 0.369041 0.569605 0.818083 -0.864297 -0.949934 -0.85363 -0.918713 -0.664607 -1 0.10992 -0.327766 0.033729 -1 -0.480508 -0.444022 -0.527292 -0.930295 -0.095843 0.695418 -0.608876 
-0.728931 -1 0.282807 -0.380744 0.758803 -0.965858 -1 0.708803 -0.942956 -0.510777 0.944357 0.436374 -0.807192 -0.0480327 0.338688 -1 0.177829 -0.543983 -0.816676 -0.4336 0.636998 0.343434 0.267723 -0.390053 -0.302872 0.870931 0.803715 -0.870263 0.667386 -0.143303 0.667478 -0.987369 -0.383807 0.00731394 -0.582134 -0.432786 -0.613163 -0.247713 -0.657549 -0.85222 -1 -0.625866 0.299271 0.613091 -0.304409 -0.107724 0.314137 0.234818 0.190449 -0.047616 -0.474795 0.728253 -1 0.105676 -0.257979 -0.485981 -1 -0.280675 -0.776561 0.0470525 -0.346581 0.455383 -0.38392 0.336898 -0.763939 0.294804 -0.396167 -0.0417292 -0.169803 0.460691 -0.593533 -0.467856 -0.533339 -0.0653003 0.154434 -0.699094 -0.256502 -1 0.739913 0.264965 0.737131 -0.710866 -1 -0.320519 0.351591 0.387655 -0.735613 0.513775 -1 -1 0.16582 -0.875901 0.359054 0.181978 0.599231 0.301087 0.367812 -0.300513 -0.946052 0.218694 -0.320501 -0.388393 0.741383 0.909422 -0.79865 0.83716 -0.898474 0.00925452 -0.549392 0.257695 0.393605 0.126629 -1 -0.197997 -0.220586 0.292962 -0.975266 0.286889 -0.27455 -0.181578 -0.145629 -0.754201 -1 -0.980464 0.30118 0.992271 -0.356199 -0.368145 0.734651 -0.887994 -0.45735 0.517354 -0.202668 -0.59143 0.115075 -0.932293 0.0766537 0.0763362 
0.153026 0.265561 0.0598553 -0.722806 0.406426 -0.500848 -1 -0.689313 -1 -0.191429 -0.941983 0.248495 -1 -0.932747 -0.863823 -0.757121 0.187301 -0.308892 -0.0224338 0.540933 0.651249 -0.808797 -1 -0.248694 -0.32069 -0.902454 -0.401965 0.356826 0.36133 0.121629 -0.505962 -0.0884653 -1 0.0422154 -1 -0.434987 0.945288 -0.332284 -0.386161 0.312297 -0.280472 0.736366 -1 -0.0785573 0.400706 0.288435 -0.78905 -1 -1 0.36103 -0.293949 0.735477 0.280901 0.248283 -0.314692 -0.955717 0.0624571 -1 -0.23933 -0.0232621 0.403482 -0.654436 -1 -0.965981 0.663622 -0.493801 -1 0.120017 -0.92952 -0.213586 -0.155353 0.104994 -1 -1 0.960738 -0.0284635 0.427494 0.160711 -0.71885 0.0835046 0.138871 -0.555771 -0.995454 -0.314329 -0.926354 -0.195439 -0.184539 -0.70055 0.361734 -0.0872164 -0.732233 -0.675806 -0.192243 0.246619 0.200318 0.170321 -0.0790706 -0.478573 -0.967626 -1 -1 -0.313208 -0.832919 0.182734 -0.462313 -1 -0.920287 -0.301889 0.318223 0.169818 -0.525431 0.804148 -0.361026 -0.660437 -1 -1 -0.868209 0.117431 0.369041 0.569605 0.818083 -0.864297 -0.949934 -0.85363 -0.918713 -0.664607 -1 0.10992 -0.327766 0.033729 -1 -0.480508 -0.444022 -0.527292 -0.930295 -0.095843 0.695418 -0.608876 
0.153026 0.265561 0.0598553 -0.722806 0.406426 -0.500848 -1 -0.689313 -1 -0.191429 -0.941983 0.248495 -1 -0.932747 -0.863823 -0.757121 0.187301 -0.308892 -0.0224338 0.540933 0.651249 -0.808797 -1 -0.248694 -0.32069 -0.902454 -0.401965 0.356826 0.36133 0.121629 -0.505962 -0.0884653 -1 0.0422154 -1 -0.434987 0.945288 -0.332284 -0.386161 0.312297 -0.280472 0.736366 -1 -0.0785573 0.400706 0.288435 -0.78905 -1 -1 0.36103 -0.293949 0.735477 0.280901 0.248283 -0.314692 -0.955717 0.0624571 -1 -0.23933 -0.0232621 0.403482 -0.654436 -1 -0.965981 0.663622 -0.493801 -1 0.120017 -0.92952 -0.213586 -0.155353 0.104994 -1 -1 0.960738 -0.0284635 0.427494 0.160711 -0.71885 0.0835046 0.138871 -0.555771 -0.995454 -0.314329 -0.926354 -0.195439 -0.184539 -0.70055 0.361734 -0.0872164 -0.732233 -0.675806 -0.192243 0.246619 0.200318 0.170321 -0.0790706 -0.478573 -0.967626 -1 -1 -0.313208 -0.832919 0.182734 -0.462313 -1 -0.920287 -0.301889 0.318223 0.169818 -0.525431 0.804148 -0.361026 -0.660437 -1 -1 -0.868209 0.117431 0.369041 0.569605 0.818083 -0.864297 -0.949934 -0.85363 -0.918713 -0.664607 -1 0.10992 -0.327766 0.033729 -1 -0.480508 -0.444022 -0.527292 -0.930295 -0.095843 0.695418 -0.608876 
-0.728931 -1 0.130471 -0.624426 0.629766 -0.904519 -1 0.708803 -0.982308 -0.510777 0.944357 0.436374 -1 -0.323911 0.267155 -0.942636 0.177829 -0.543983 -0.816676 -0.577025 0.636998 0.343434 0.313034 -0.390053 -0.302872 0.881783 0.803715 -0.908973 0.639169 -0.143303 0.667478 -1 -0.383807 0.00731394 -0.619371 -0.432786 -0.613163 -0.247713 -0.657549 -0.85222 -1 -0.636858 0.0208347 0.613091 -0.509252 -0.107724 0.0548216 0.2272 0.190449 -0.100601 -0.474795 0.728253 -1 0.105676 -0.257979 -0.585892 -1 -0.280675 -0.786003 -0.142609 -0.346581 0.194215 -0.293258 0.336898 -0.707127 0.0896926 -0.396167 -0.0417292 -0.169803 0.437415 -0.593533 -0.467856 -0.681809 -0.0182331 0.154434 -0.699094 -0.256502 -1 0.532868 0.109039 0.798762 -0.710866 -1 -0.356353 0.351591 0.232093 -0.735613 0.318216 -1 -1 0.16582 -0.875901 0.400551 0.217542 0.599231 0.301087 0.367812 -0.300513 -1 0.290378 -0.477753 -0.442919 0.60115 0.909422 -0.79865 0.721997 -0.898474 0.00925452 -0.549392 0.257695 0.390548 0.212899 -0.972661 -0.197997 -0.336616 0.292962 -0.921016 0.286889 -0.453402 -0.203743 -0.0793116 -0.860044 -1 -1 0.30118 1 -0.356199 -0.368145 0.800892 -1 -0.45735 0.517354 -0.202668 -0.59143 0.115075 -0.932293 0.0766537 0.0763362 
-0.728931 -1 0.282807 -0.380744 0.758803 -0.965858 -1 0.708803 -0.942956 -0.510777 0.944357 0.436374 -0.807192 -0.0480327 0.338688 -1 0.177829 -0.543983 -0.816676 -0.4336 0.636998 0.343434 0.267723 -0.390053 -0.302872 0.870931 0.803715 -0.870263 0.667386 -0.143303 0.667478 -0.987369 -0.383807 0.00731394 -0.582134 -0.432786 -0.613163 -0.247713 -0.657549 -0.85222 -1 -0.625866 0.299271 0.613091 -0.304409 -0.107724 0.314137 0.234818 0.190449 -0.047616 -0.474795 0.728253 -1 0.105676 -0.257979 -0.485981 -1 -0.280675 -0.776561 0.0470525 -0.346581 0.455383 -0.38392 0.336898 -0.763939 0.294804 -0.396167 -0.0417292 -0.169803 0.460691 -0.593533 -0.467856 -0.533339 -0.0653003 0.154434 -0.699094 -0.256502 -1 0.739913 0.264965 0.737131 -0.710866 -1 -0.320519 0.351591 0.387655 -0.735613 0.513775 -1 -1 0.16582 -0.875901 0.359054 0.181978 0.599231 0.301087 0.367812 -0.300513 -0.946052 0.218694 -0.320501 -0.388393 0.741383 0.909422 -0.79865 0.83716 -0.898474 0.00925452 -0.549392 0.257695 0.393605 0.126629 -1 -0.197997 -0.220586 0.292962 -0.975266 0.286889 -0.27455 -0.181578 -0.145629 -0.754201 -1 -0.980464 0.30118 0.992271 -0.356199 -0.368145 0.734651 -0.887994 -0.45735 0.517354 -0.202668 -0.59143 0.115075 -0.932293 0.0766537 0.0763362 
-0.728931 -1 0.282807 -0.380744 0.758803 -0.965858 -1 0.708803 -0.942956 -0.510777 0.944357 0.436374 -0.807192 -0.0480327 0.338688 -1 0.177829 -0.543983 -0.816676 -0.4336 0.636998 0.343434 0.267723 -0.390053 -0.302872 0.870931 0.803715 -0.870263 0.667386 -0.143303 0.667478 -0.987369 -0.383807 0.00731394 -0.582134 -0.432786 -0.613163 -0.247713 -0.657549 -0.85222 -1 -0.625866 0.299271 0.613091 -0.304409 -0.107724 0.314137 0.234818 0.190449 -0.047616 -0.474795 0.728253 -1 0.105676 -0.257979 -0.485981 -1 -0.280675 -0.776561 0.0470525 -0.346581 0.455383 -0.38392 0.336898 -0.763939 0.294804 -0.396167 -0.0417292 -0.169803 0.460691 -0.593533 -0.467856 -0.533339 -0.0653003 0.154434 -0.699094 -0.256502 -1 0.739913 0.264965 0.737131 -0.710866 -1 -0.320519 0.351591 0.387655 -0.735613 0.513775 -1 -1 0.16582 -0.875901 0.359054 0.181978 0.599231 0.301087 0.367812 -0.300513 -0.946052 0.218694 -0.320501 -0.388393 0.741383 0.909422 -0.79865 0.83716 -0.898474 0.00925452 -0.549392 0.257695 0.393605 0.126629 -1 -0.197997 -0.220586 0.292962 -0.975266 0.286889 -0.27455 -0.181578 -0.145629 -0.754201 -1 -0.980464 0.30118 0.992271 -0.356199 -0.368145 0.734651 -0.887994 -0.45735 0.517354 -0.202668 -0.59143 0.115075 -0.932293 0.0766537 0.0763362 
-0.728931 -0.958136 0.282807 -0.380744 0.458585 -0.867159 -1 0.366765 -0.90483 -0.510777 0.659315 0.0195495 -0.814582 -0.309344 0.1661 -1 0.0929048 -0.887595 -0.914682 -0.358309 0.389959 0.279648 -0.0120539 -0.390053 -0.535967 0.938538 0.378987 -1 0.268866 -0.174732 0.596055 -1 -0.546576 -0.172849 -0.73843 -0.483859 -0.6132 -0.602746 -0.741302 -1 -1 -1 0.358114 0.566797 -0.528356 -0.308157 -0.21364 0.234818 0.185211 -0.047616 -0.574919 0.536244 -1 0.105676 -0.257979 -0.706406 -1 -0.568603 -0.750245 -0.118631 -0.424823 0.14266 -0.657746 0.244969 -0.935197 0.191668 -0.558781 -0.259589 -0.244637 0.460691 -0.766984 -0.635827 -0.619246 -0.221094 -0.159409 -1 -0.207526 -1 0.671809 0.130624 0.528579 -0.947425 -0.958561 -0.591702 0.087813 0.210699 -0.735613 0.455245 -0.996141 -0.935823 -0.00682458 -0.861525 0.181282 0.106867 0.367635 0.397265 0.367812 -0.50807 -0.938706 0.266758 -0.610579 -0.388393 0.741383 0.69606 -0.720872 0.668229 -0.898474 0.0493875 -0.555596 0.257695 0.361778 0.126629 -1 -0.122235 -0.288733 0.167512 -0.939175 0.286889 -0.466731 -0.419776 -0.350726 -0.975714 -1 -0.930874 0.0984477 1 -0.625777 -0.390777 0.706912 -0.983464 -0.560439 0.394049 -0.180885 -0.59143 0.079119 -1 -0.102402 -0.217273 
-1 -1 0.66821 0.76936 -1 -0.551209 -0.322407 0.947485 -0.797171 -1 -0.494982 -0.366619 -0.907955 0.499254 0.0521159 -0.165927 -0.182065 0.129387 -0.72709 -0.739312 0.15583 -0.662281 0.385222 -0.209631 0.194981 -1 0.891018 0.105024 -1 0.531989 -1 0.57611 -0.0572757 0.0127016 0.415458 -1 0.153061 -0.258355 0.145657 -0.959573 0.918749 0.642927 -0.0405889 -0.673312 0.883122 0.372728 0.120287 -1 0.448524 -0.875812 0.281229 -0.346201 -0.203106 -0.154834 -1 -0.72642 -1 0.399318 0.235529 -0.922539 -1 -0.0716411 0.359687 0.434812 0.568838 0.389991 0.0381577 -0.523634 -0.818806 -0.304253 0.563354 -1 -0.441206 0.336966 -0.640387 -0.269605 -0.13847 0.298888 -0.93289 -0.923038 -0.954271 -1 -1 -1 -0.448901 -1 -1 -0.880427 0.0153677 0.26081 -0.932301 -0.742657 0.573765 -1 -1 0.991959 -0.923492 -0.749385 -1 0.125954 0.036181 -1 0.0291076 -0.710741 -0.528453 -0.257504 -0.191644 -0.854351 0.0525052 -1 -0.747301 1 -0.445327 -0.542513 -0.192019 0.0925883 -0.467301 -0.898656 -0.93378 -0.211404 -0.492603 -0.207433 -0.383226 0.0818997 -0.59914 -1 -0.622365 -0.0686075 -1 0.398253 -0.151402 -1 -0.0155089 0.794107 0.58004 -0.125629 -0.201557 -1 
0.153026 0.265561 0.0629978 -0.722806 0.334194 -0.500848 -1 -0.689313 -1 -0.191429 -0.941173 0.184382 -0.944371 -0.879274 -0.981853 -0.757121 -0.0284334 -0.308892 -0.0224338 0.540933 0.651249 -0.808797 -0.977494 -0.188948 -0.32069 -1 -0.436029 0.240633 0.36133 0.121629 -0.505962 -0.284941 -1 -0.134414 -1 -0.603418 0.749338 -0.263553 -0.533972 0.312297 -0.280472 0.736366 -1 -0.0785573 0.388642 0.341849 -0.839222 -1 -1 0.331755 -0.527096 0.735477 0.280901 0.248283 -0.36501 -0.973966 -0.0774991 -1 -0.23933 -0.0158453 0.20423 -0.659094 -1 -1 0.663622 -0.493801 -1 0.120017 -0.954553 -0.357952 -0.0855699 0.104994 -1 -1 0.921643 -0.0284635 0.427494 0.160711 -0.917875 0.0835046 0.138871 -0.51359 -0.995454 -0.25009 -0.926354 -0.195439 -0.184539 -0.642242 0.361734 -0.0872164 -0.761376 -0.675806 -0.192243 0.246619 0.200318 0.0100753 -0.12348 -0.657884 -1 -1 -1 -0.300852 -0.832919 0.182734 -0.544515 -1 -0.920287 -0.301889 0.260632 -0.0554594 -0.704428 0.804148 -0.361026 -0.660437 -1 -1 -0.882935 0.166669 0.369041 0.569605 0.654348 -0.864297 -0.949934 -0.922083 -0.918713 -0.664607 -1 0.10992 -0.327766 0.033729 -0.947293 -0.624226 -0.531017 -0.527292 -0.930295 -0.095843 0.695418 -0.608876 
-0.728931 -1 0.31654 -0.540365 0.756428 -0.859908 -1 0.638723 -0.952693 -0.532506 0.870843 0.489606 -1 0.0175356 0.338688 -1 0.199827 -0.587854 -0.816676 -0.538114 0.636998 0.276938 0.267723 -0.582378 -0.302872 0.85471 0.773944 -0.870263 0.297811 -0.324148 0.667478 -0.987369 -0.320508 0.0683929 -0.582134 -0.432786 -0.613163 -0.532217 -0.665265 -1 -1 -0.647132 0.14069 0.480085 -0.400113 -0.405954 0.202719 0.234818 -0.00687498 -0.235688 -0.697217 0.630843 -0.987945 -0.0151989 -0.257979 -0.485981 -1 -0.55912 -0.8992 0.0470525 -0.603642 0.455383 -0.452693 0.336898 -0.921189 0.073083 -0.680893 -0.0417292 -0.226308 0.336574 -0.593533 -0.380257 -0.921617 -0.294039 0.217446 -0.868971 -0.631017 -1 0.538388 0.316541 0.737131 -0.86959 -1 -0.463234 0.351591 0.387655 -0.735613 0.513775 -1 -1 -0.0128212 -1 0.244769 0.0432364 0.599231 0.173714 0.308986 -0.427247 -1 0.274442 -0.529481 -0.388393 0.741383 0.932099 -0.898093 0.83716 -1 0.00925452 -0.777685 0.266983 0.123185 0.0461019 -1 -0.237685 -0.195131 0.272604 -1 0.293848 -0.492671 -0.0390159 -0.0774306 -0.754201 -1 -0.962269 0.317187 0.917292 -0.270936 -0.38695 0.6529 -1 -0.45735 0.32042 -0.202668 -0.834354 -0.0651079 -0.932293 0.0766537 0.160146 
0.0651606 0.265561 0.0598553 -0.722806 0.425137 -0.286651 -0.994887 -0.456608 -1 -0.211587 -1 0.248495 -0.936109 -0.932747 -0.863823 -0.814992 0.187301 -0.308892 0.022077 0.540933 0.781739 -0.808797 -1 -0.248694 -0.32069 -0.815842 -0.401965 0.356826 0.593307 0.121629 -0.505962 -0.0884653 -0.885022 0.0422154 -1 -0.434987 0.945288 -0.332284 -0.431962 0.312297 -0.365563 0.814312 -1 -0.0785573 0.400706 0.288435 -0.83524 -0.758277 -1 0.373807 -0.293949 0.735477 0.280901 0.257264 -0.178884 -0.816293 -0.0145471 -1 -0.23933 -0.0194554 0.484239 -0.654436 -1 -0.965981 0.663622 -0.493801 -0.907674 0.357251 -0.92952 -0.213586 -0.155353 0.104994 -1 -1 0.899054 0.111065 0.429543 0.194939 -0.71885 0.325421 0.138871 -0.555771 -1 -0.314329 -0.926354 -0.0535473 -0.184539 -0.529887 0.337808 -0.0502892 -0.732233 -0.411999 -0.216557 0.46665 0.200318 0.367993 -0.0790706 -0.478573 -1 -1 -1 -0.313208 -0.832919 0.194521 -0.49426 -1 -0.920287 -0.0377196 0.318223 0.127434 -0.402871 0.804148 -0.289325 -0.683688 -1 -1 -0.676774 0.117431 0.619269 0.569605 0.752482 -0.864297 -1 -0.756566 -1 -0.72307 -1 0.10992 -0.327766 0.147234 -0.895249 -0.372369 -0.444022 -0.336152 -0.892306 0.0872974 0.760162 -0.608876 
-0.964943 -1 0.0120029 -0.450596 0.544921 -0.965858 -1 0.141768 -0.951346 -0.815697 0.807236 0.436374 -0.893224 -0.372703 0.338688 -1 -0.0752745 -0.518426 -0.816676 -0.541852 0.615798 0.343434 0.182593 -0.618668 -0.31605 0.736747 0.772168 -0.88114 0.515802 -0.373606 0.511412 -0.925012 -0.308629 -0.0527493 -0.57878 -0.36178 -0.700932 -0.322428 -0.813313 -0.961939 -1 -0.646022 0.236312 0.617117 -0.55642 -0.107724 0.124354 0.25468 0.232152 -0.349753 -0.4381 0.50623 -1 0.0308967 -0.729217 -0.509576 -1 -0.290441 -0.776561 -0.235931 -0.444802 0.233568 -0.550008 0.249534 -0.898716 0.254314 -0.61406 -0.0809907 -0.181391 0.518777 -0.83693 -0.730776 -0.604223 -0.514591 0.245175 -0.714987 -0.714226 -0.958959 0.408418 0.264965 0.464927 -0.88931 -0.986992 -0.461489 0.412835 0.0980271 -1 0.570117 -1 -1 0.103854 -0.874216 0.367787 0.019455 0.599231 0.144869 0.456469 -0.300513 -1 0.261847 -0.449107 -0.511835 0.640482 0.591095 -0.79865 0.642502 -0.867703 -0.34306 -0.754104 0.03655 -0.257535 0.0334022 -1 -0.109772 -0.220586 0.292962 -0.987086 0.199843 -0.592565 -0.334197 -0.416594 -1 -1 -1 0.361502 1 -0.366082 -0.386833 0.56292 -0.817491 -0.691405 0.408766 -0.346432 -1 0.127005 -1 0.0630761 0.0614366 
0.153026 0.265561 0.0598553 -0.722806 0.406426 -0.500848 -1 -0.689313 -1 -0.191429 -0.941983 0.248495 -1 -0.932747 -0.863823 -0.757121 0.187301 -0.308892 -0.0224338 0.540933 0.651249 -0.808797 -1 -0.248694 -0.32069 -0.902454 -0.401965 0.356826 0.36133 0.121629 -0.505962 -0.0884653 -1 0.0422154 -1 -0.434987 0.945288 -0.332284 -0.386161 0.312297 -0.280472 0.736366 -1 -0.0785573 0.400706 0.288435 -0.78905 -1 -1 0.36103 -0.293949 0.735477 0.280901 0.248283 -0.314692 -0.955717 0.0624571 -1 -0.23933 -0.0232621 0.403482 -0.654436 -1 -0.965981 0.663622 -0.493801 -1 0.120017 -0.92952 -0.213586 -0.155353 0.104994 -1 -1 0.960738 -0.0284635 0.427494 0.160711 -0.71885 0.0835046 0.138871 -0.555771 -0.995454 -0.314329 -0.926354 -0.195439 -0.184539 -0.70055 0.361734 -0.0872164 -0.732233 -0.675806 -0.192243 0.246619 0.200318 0.170321 -0.0790706 -0.478573 -0.967626 -1 -1 -0.313208 -0.832919 0.182734 -0.462313 -1 -0.920287 -0.301889 0.318223 0.169818 -0.525431 0.804148 -0.361026 -0.660437 -1 -1 -0.868209 0.117431 0.369041 0.569605 0.818083 -0.864297 -0.949934 -0.85363 -0.918713 -0.664607 -1 0.10992 -0.327766 0.033729 -1 -0.480508 -0.444022 -0.527292 -0.930295 -0.095843 0.695418 -0.608876 
0.0651606 0.265561 0.0598553 -0.722806 0.425137 -0.286651 -0.994887 -0.456608 -1 -0.211587 -1 0.248495 -0.936109 -0.932747 -0.863823 -0.814992 0.187301 -0.308892 0.022077 0.540933 0.781739 -0.808797 -1 -0.248694 -0.32069 -0.815842 -0.401965 0.356826 0.593307 0.121629 -0.505962 -0.0884653 -0.885022 0.0422154 -1 -0.434987 0.945288 -0.332284 -0.431962 0.312297 -0.365563 0.814312 -1 -0.0785573 0.400706 0.288435 -0.83524 -0.758277 -1 0.373807 -0.293949 0.735477 0.280901 0.257264 -0.178884 -0.816293 -0.0145471 -1 -0.23933 -0.0194554 0.484239 -0.654436 -1 -0.965981 0.663622 -0.493801 -0.907674 0.357251 -0.92952 -0.213586 -0.155353 0.104994 -1 -1 0.899054 0.111065 0.429543 0.194939 -0.71885 0.325421 0.138871 -0.555771 -1 -0.314329 -0.926354 -0.0535473 -0.184539 -0.529887 0.337808 -0.0502892 -0.732233 -0.411999 -0.216557 0.46665 0.200318 0.367993 -0.0790706 -0.478573 -1 -1 -1 -0.313208 -0.832919 0.194521 -0.49426 -1 -0.920287 -0.0377196 0.318223 0.127434 -0.402871 0.804148 -0.289325 -0.683688 -1 -1 -0.676774 0.117431 0.619269 0.569605 0.752482 -0.864297 -1 -0.756566 -1 -0.72307 -1 0.10992 -0.327766 0.147234 -0.895249 -0.372369 -0.444022 -0.336152 -0.892306 0.0872974 0.760162 -0.608876 
-0.807705 -0.946123 0.282807 -0.344332 0.771558 -0.975473 -1 0.617482 -1 -0.510777 0.728899 0.511343 -0.857811 -0.26811 0.248349 -1 0.0930193 -0.777681 -0.918949 -0.353507 0.40714 0.329827 0.270488 -0.736672 -0.302872 0.983577 0.467568 -0.763538 0.589813 -0.148726 0.768978 -0.984908 -0.607664 -0.0752453 -0.758162 -0.737698 -0.680476 -0.244203 -0.722058 -1 -0.949704 -0.571666 -0.0365458 0.440922 -0.524671 -0.107724 0.314137 0.120482 0.0433823 0.00480425 -0.474795 0.712503 -0.947734 0.148145 -0.149879 -0.726981 -1 -0.3122 -0.704721 -0.159061 -0.346581 0.320088 -0.623007 0.294683 -0.888783 0.367068 -0.439465 -0.10564 -0.325589 0.503869 -0.593533 -0.489907 -0.661312 -0.396981 0.0376573 -0.699724 -0.335673 -1 0.827932 0.264965 0.57696 -0.951986 -1 -0.482952 0.2551 0.254736 -0.748416 0.513775 -1 -1 0.0504771 -0.888018 0.197866 0.181978 0.372463 0.237885 0.501842 -0.231007 -0.946052 -0.058005 -0.490371 -0.469461 0.550363 0.609561 -1 0.774216 -1 -0.0935345 -0.605176 0.0452707 0.151747 0.0609004 -1 -0.182388 -0.631809 0.150415 -1 0.118842 -0.705505 -0.274312 -0.153144 -1 -1 -0.980464 0.125486 0.992271 -0.277312 -0.339246 0.734651 -0.913139 -0.784224 0.365509 -0.214527 -0.629058 0.142783 -1 -0.0855679 -0.0417637 
0.153026 0.265561 0.0598553 -0.722806 0.406426 -0.500848 -1 -0.689313 -1 -0.191429 -0.941983 0.248495 -1 -0.932747 -0.863823 -0.757121 0.187301 -0.308892 -0.0224338 0.540933 0.651249 -0.808797 -1 -0.248694 -0.32069 -0.902454 -0.401965 0.356826 0.36133 0.121629 -0.505962 -0.0884653 -1 0.0422154 -1 -0.434987 0.945288 -0.332284 -0.386161 0.312297 -0.280472 0.736366 -1 -0.0785573 0.400706 0.288435 -0.78905 -1 -1 0.36103 -0.293949 0.735477 0.280901 0.248283 -0.314692 -0.955717 0.0624571 -1 -0.23933 -0.0232621 0.403482 -0.654436 -1 -0.965981 0.663622 -0.493801 -1 0.120017 -0.92952 -0.213586 -0.155353 0.104994 -1 -1 0.960738 -0.0284635 0.427494 0.160711 -0.71885 0.0835046 0.138871 -0.555771 -0.995454 -0.314329 -0.926354 -0.195439 -0.184539 -0.70055 0.361734 -0.0872164 -0.732233 -0.675806 -0.192243 0.246619 0.200318 0.170321 -0.0790706 -0.478573 -0.967626 -1 -1 -0.313208 -0.832919 0.182734 -0.462313 -1 -0.920287 -0.301889 0.318223 0.169818 -0.525431 0.804148 -0.361026 -0.660437 -1 -1 -0.868209 0.117431 0.369041 0.569605 0.818083 -0.864297 -0.949934 -0.85363 -0.918713 -0.664607 -1 0.10992 -0.327766 0.033729 -1 -0.480508 -0.444022 -0.527292 -0.930295 -0.095843 0.695418 -0.608876 
-0.728931 -1 0.282807 -0.380744 0.758803 -0.965858 -1 0.708803 -0.942956 -0.510777 0.944357 0.436374 -0.807192 -0.0480327 0.338688 -1 0.177829 -0.543983 -0.816676 -0.4336 0.636998 0.343434 0.267723 -0.390053 -0.302872 0.870931 0.803715 -0.870263 0.667386 -0.143303 0.667478 -0.987369 -0.383807 0.00731394 -0.582134 -0.432786 -0.613163 -0.247713 -0.657549 -0.85222 -1 -0.625866 0.299271 0.613091 -0.304409 -0.107724 0.314137 0.234818 0.190449 -0.047616 -0.474795 0.728253 -1 0.105676 -0.257979 -0.485981 -1 -0.280675 -0.776561 0.0470525 -0.346581 0.455383 -0.38392 0.336898 -0.763939 0.294804 -0.396167 -0.0417292 -0.169803 0.460691 -0.593533 -0.467856 -0.533339 -0.0653003 0.154434 -0.699094 -0.256502 -1 0.739913 0.264965 0.737131 -0.710866 -1 -0.320519 0.351591 0.387655 -0.735613 0.513775 -1 -1 0.16582 -0.875901 0.359054 0.181978 0.599231 0.301087 0.367812 -0.300513 -0.946052 0.218694 -0.320501 -0.388393 0.741383 0.909422 -0.79865 0.83716 -0.898474 0.00925452 -0.549392 0.257695 0.393605 0.126629 -1 -0.197997 -0.220586 0.292962 -0.975266 0.286889 -0.27455 -0.181578 -0.145629 -0.754201 -1 -0.980464 0.30118 0.992271 -0.356199 -0.368145 0.734651 -0.887994 -0.45735 0.517354 -0.202668 -0.59143 0.115075 -0.932293 0.0766537 0.0763362 
-0.667739 -1 0.282807 -0.563801 0.860466 -0.920637 -0.938978 0.791033 -1 -0.642063 1 0.186052 -1 -0.292314 0.0630044 -0.94597 -0.0417602 -0.919869 -1 -0.556841 0.53242 0.400477 -0.229111 -0.561571 -0.847097 0.857197 0.577646 -1 0.469347 -0.14264 0.649404 -0.927128 -0.465855 -0.0780472 -0.960788 -0.579175 -0.665166 -0.271236 -0.886079 -1 -1 -0.883143 0.267658 0.397641 -0.625449 -0.0384908 -0.0199533 -0.124782 -0.031407 -0.215709 -0.796403 0.731591 -1 0.13822 -0.359331 -0.88985 -0.982201 -0.758211 -0.956276 -0.0720266 -0.525799 0.324633 -0.747637 -0.122747 -1 -0.121161 -0.890116 -0.440493 -0.566868 0.305499 -0.774488 -0.740829 -0.63449 0.0115341 -0.0516073 -0.819748 -0.345495 -1 0.654061 0.324855 0.662127 -0.972593 -1 -0.522902 0.383815 0.391066 -0.771929 0.306298 -1 -0.970326 -0.06709 -1 0.297191 0.199161 0.324223 -0.0336365 0.342255 -0.300513 -1 0.244916 -0.605164 -0.857217 0.844008 0.717524 -0.9789 0.661665 -0.812445 -0.100899 -0.478385 -0.11661 0.233723 -0.230741 -1 -0.19785 -0.53984 0.190647 -0.905981 0.195188 -0.898602 -0.411144 -0.333801 -1 -0.98906 -0.93048 0.235541 0.814204 -0.428772 -0.679242 0.337417 -1 -0.865724 0.576497 -0.890399 -0.660733 -0.338338 -1 -0.201558 -0.548905 
0.153026 0.265561 0.0598553 -0.722806 0.406426 -0.500848 -1 -0.689313 -1 -0.191429 -0.941983 0.248495 -1 -0.932747 -0.863823 -0.757121 0.187301 -0.308892 -0.0224338 0.540933 0.651249 -0.808797 -1 -0.248694 -0.32069 -0.902454 -0.401965 0.356826 0.36133 0.121629 -0.505962 -0.0884653 -1 0.0422154 -1 -0.434987 0.945288 -0.332284 -0.386161 0.312297 -0.280472 0.736366 -1 -0.0785573 0.400706 0.288435 -0.78905 -1 -1 0.36103 -0.293949 0.735477 0.280901 0.248283 -0.314692 -0.955717 0.0624571 -1 -0.23933 -0.0232621 0.403482 -0.654436 -1 -0.965981 0.663622 -0.493801 -1 0.120017 -0.92952 -0.213586 -0.155353 0.104994 -1 -1 0.960738 -0.0284635 0.427494 0.160711 -0.71885 0.0835046 0.138871 -0.555771 -0.995454 -0.314329 -0.926354 -0.195439 -0.184539 -0.70055 0.361734 -0.0872164 -0.732233 -0.675806 -0.192243 0.246619 0.200318 0.170321 -0.0790706 -0.478573 -0.967626 -1 -1 -0.313208 -0.832919 0.182734 -0.462313 -1 -0.920287 -0.301889 0.318223 0.169818 -0.525431 0.804148 -0.361026 -0.660437 -1 -1 -0.868209 0.117431 0.369041 0.569605 0.818083 -0.864297 -0.949934 -0.85363 -0.918713 -0.664607 -1 0.10992 -0.327766 0.033729 -1 -0.480508 -0.444022 -0.527292 -0.930295 -0.095843 0.695418 -0.608876 
-0.999527 -1 0.038021 -0.651966 0.754421 -1 -1 0.708803 -1 -0.86001 0.527516 0.271831 -0.898244 -0.163791 -0.000914678 -1 0.0919794 -0.771239 -0.777565 -0.286973 0.412108 0.353894 0.106362 -0.638276 -0.23256 0.78352 0.701996 -0.912436 0.664955 -0.501051 0.594929 -1 -0.544362 -0.251736 -0.729144 -0.73785 -0.547642 -0.446629 -0.713626 -0.952067 -1 -0.625866 0.156524 0.600002 -0.412053 -0.107724 0.359319 0.0109417 0.206789 -0.13089 -0.652846 0.248376 -1 -0.0446114 -0.243107 -0.498586 -0.999665 -0.369276 -1 -0.0794248 -0.863201 -0.0318601 -0.464332 0.377523 -1 0.00868049 -0.601484 -0.00882197 -0.320842 0.460691 -0.820454 -0.436325 -0.60632 -0.317839 -0.163791 -0.873992 -0.506512 -1 0.55448 0.0602037 0.582333 -0.997907 -0.946369 -0.520853 0.0773828 0.244642 -0.914734 0.245337 -1 -1 -0.10551 -1 0.32381 0.12475 0.303146 0.144827 -0.00590087 -0.355251 -0.946052 -0.0604227 -0.994746 -0.520546 0.635948 0.923887 -0.79865 0.54367 -0.921273 -0.0482888 -0.782025 0.167553 0.230053 0.201929 -1 -0.401028 -0.680248 0.203397 -1 0.171691 -0.442146 -0.273501 -0.284485 -1 -1 -0.980464 0.30118 1 -0.484921 -0.317964 0.686027 -0.863421 -0.78654 0.242573 -0.388517 -0.581484 0.139489 -0.90116 -0.229285 -0.0199716 
-1 -0.800922 0.749098 0.287512 -0.509352 -0.798153 -0.246013 0.890513 -0.557036 -1 -0.632216 -0.445242 -0.403095 0.148994 0.161416 -0.0698363 -0.299769 0.0363083 -0.860734 -0.550805 -0.0192652 -0.241941 0.579737 -0.027278 0.883444 -0.87992 0.926437 -0.0998759 -0.836899 0.365758 -1 0.366446 0.198303 -0.28661 0.232776 -1 0.287373 -0.334328 0.125094 -1 0.689415 0.0932367 0.401932 -0.609717 0.981679 0.296888 0.0627601 -0.381321 0.0243568 -1 0.362932 -0.252859 -0.151939 0.236823 -0.78934 -0.695233 -0.821523 0.514711 0.269824 -1 -1 -0.139415 0.530742 0.311479 0.458368 0.182189 0.513291 -0.24915 -0.798095 -0.465712 0.504434 -1 0.0901096 0.183691 -0.284926 -0.239518 0.181574 0.01771 -0.877695 -1 -0.809397 -0.901368 -1 -0.786948 -0.140058 -1 -0.951311 -0.83388 -0.0585539 0.260123 -0.934366 -0.494141 0.726864 -1 -1 0.770606 -0.634122 -0.622489 -0.913341 -0.0742282 0.14135 -0.897148 0.505971 -0.4795 -0.15036 0.096085 0.0124714 -0.458808 -0.0736746 -0.839815 -0.945745 0.801955 -0.716398 -0.591141 0.0280328 -0.402273 -0.389641 -0.964603 -1 -0.246893 -0.269381 -0.562975 -0.580494 -0.243662 -0.300785 -0.748358 -1 0.257613 -1 0.292322 -0.301227 -0.985514 0.169424 0.902271 0.463927 0.213374 -0.523617 -0.784402 
-0.842949 -1 0.372933 -0.499275 0.802816 -1 -1 0.764745 -1 -0.836271 0.886529 0.346067 -0.807192 -0.0480327 0.0421373 -1 0.018787 -0.543983 -0.804167 -0.390381 0.636998 -0.0185098 0.267723 -0.636542 -0.302872 0.570023 0.550065 -0.96496 0.667386 -0.143303 0.722003 -1 -0.583377 0.00731394 -0.549849 -0.465646 -0.613163 -0.39876 -0.691182 -0.840916 -1 -0.626498 0.103643 0.613091 -0.247031 -0.175885 0.16466 0.303609 -0.0605832 -0.191045 -0.622442 0.392889 -1 0.148239 -0.261807 -0.849128 -1 -0.280675 -0.776561 -0.17574 -0.693101 0.347411 -0.38392 0.336898 -1 0.0257491 -0.333381 -0.152109 -0.169803 0.380028 -0.861147 -0.416438 -0.571107 -0.299302 0.232347 -0.858993 -0.599312 -0.995019 0.637453 0.0219461 0.644664 -0.710866 -1 -0.309202 0.158304 0.427989 -0.923335 0.605549 -1 -1 -0.103862 -0.883518 0.14608 -0.0269879 0.599231 0.157418 0.367812 -0.347739 -1 0.13678 -0.320501 -0.388393 0.50841 0.855975 -1 0.83716 -1 0.00925452 -0.857987 0.257695 0.144864 -0.15201 -1 -0.353269 -0.533418 0.171872 -1 0.286889 -0.340381 -0.181578 -0.188673 -0.939409 -1 -0.980464 0.0578108 0.847884 -0.420685 -0.368145 0.683534 -1 -0.561186 0.323668 -0.303376 -0.554149 0.115075 -0.927093 0.0857022 -0.00898722 
-0.733788 -1 0.13703 -0.380744 0.758803 -1 -1 0.708803 -0.958196 -0.646503 0.957709 0.248601 -0.807192 -0.309748 0.338688 -1 0.0263328 -0.543983 -0.816676 -0.425225 0.636998 0.159781 0.267723 -0.593035 -0.302872 0.7845 0.562714 -1 0.667386 -0.361076 0.443977 -1 -0.383807 -0.00338185 -0.502021 -0.432786 -0.678636 -0.346958 -0.657549 -0.85222 -1 -0.85371 0.220103 0.613091 -0.304409 -0.0415634 0.0984001 0.234818 0.190449 -0.227036 -0.474795 0.728253 -0.979766 0.105676 -0.461357 -0.485981 -1 -0.280675 -0.776561 0.0470525 -0.59267 0.471092 -0.622776 0.336898 -1 0.294804 -0.396167 -0.0417292 -0.136209 0.306971 -0.677395 -0.467856 -0.780096 -0.0660933 0.154434 -0.735082 -0.396796 -1 0.739913 0.201107 0.737131 -0.73976 -1 -0.464193 0.0858552 0.387655 -0.735613 0.387266 -1 -1 0.16582 -1 0.359054 0.0552608 0.599231 0.301087 0.444737 -0.527204 -0.947367 0.218694 -0.320501 -0.445099 0.741383 0.659436 -0.79865 0.83716 -1 0.0836228 -0.628366 0.257695 0.393605 -0.0118738 -1 -0.197997 -0.222478 0.292962 -0.975266 0.254332 -0.27455 -0.181578 -0.435474 -0.713034 -1 -0.980464 0.30118 1 -0.356199 -0.384545 0.734651 -0.887994 -0.626359 0.517354 -0.238004 -0.610935 0.115075 -0.932293 0.00856958 0.0763362 
-0.978832 -1 0.491402 0.531144 -0.582908 -0.862743 -0.204556 0.661647 -0.705235 -0.592536 -0.28323 -0.0983309 -0.668588 0.354495 0.204945 -0.423879 -0.119033 0.63919 -0.845122 -0.386322 0.0604974 -0.333697 0.526959 0.199616 0.459571 -1 0.596616 -0.305092 -0.674273 0.0664333 -1 0.500801 0.32729 -0.0130949 0.249431 -0.985323 0.128194 -0.4689 0.313039 -1 0.886393 0.383574 0.545424 -0.616148 0.583599 0.0486879 -0.215675 -0.240736 0.668523 -1 0.553277 -0.772973 0.0456541 0.653976 -0.499935 -1 -1 0.588931 0.559606 -1 -0.978032 -0.326566 0.740716 -0.082266 0.29324 0.134145 0.659908 -0.366295 -0.616092 -0.371646 0.387272 -0.978029 -0.439476 0.323323 -0.816704 0.002003 0.0960882 -0.184879 -0.59197 -1 -0.967434 -1 -1 -1 -0.0686629 -1 -1 -0.770689 -0.2181 -0.101412 -1 -0.675356 0.281214 -1 -1 0.49713 -0.517875 -0.75639 -1 -0.23511 -0.370121 -0.912512 0.941445 0.131524 -0.463587 0.209437 -0.127767 -0.611418 -0.187474 -0.795637 -0.684303 0.883622 -0.296632 -0.297962 0.212745 -0.757332 -0.594336 -1 -0.836218 -0.12163 -0.17314 -0.73587 -0.448113 0.241913 -0.307412 -0.87245 -0.40945 -0.361251 -0.852488 0.138207 -0.306563 -1 0.0723753 0.41194 0.463269 -0.0929273 -0.489843 -0.711648 
-0.728931 -1 0.276863 -0.497191 0.758803 -1 -1 0.786616 -1 -0.510777 0.732303 0.436374 -0.807192 -0.30221 0.338688 -1 0.196321 -0.785232 -0.77572 -0.495767 0.465101 0.167951 0.261654 -0.514526 -0.492508 0.870931 0.877375 -0.870263 0.702559 -0.0768676 0.725621 -0.916331 -0.383807 0.062079 -0.582134 -0.778944 -0.613163 -0.271432 -0.657549 -1 -1 -0.6376 0.363899 0.613091 -0.343673 -0.517168 0.284152 0.0913847 0.0414694 -0.047616 -0.418631 0.728253 -1 0.138906 -0.161494 -0.485981 -1 -0.430797 -0.776561 0.0470525 -0.386121 0.356555 -0.48848 0.336898 -0.763939 0.0614572 -0.468014 -0.178939 -0.169803 0.460691 -0.735442 -0.549849 -0.505042 -0.205366 0.13916 -0.759968 -0.360872 -1 0.739913 0.327144 0.555966 -0.719928 -1 -0.320519 0.351591 0.219735 -0.972899 0.419367 -1 -0.974659 0.048922 -0.962662 0.196421 -0.00532381 0.409731 0.107759 0.152303 -0.498458 -1 0.0478316 -0.25911 -0.521502 0.557983 0.90724 -1 0.83716 -0.898474 0.00925452 -0.655472 0.257695 0.393605 0.013292 -1 -0.197997 -0.207258 0.372704 -0.975266 0.287866 -0.436233 -0.181578 -0.341503 -0.754201 -1 -1 0.30118 0.752014 -0.329544 -0.431569 0.661701 -0.987002 -0.480496 0.123749 -0.202668 -0.783301 -0.0373735 -0.932293 0.0766537 -0.0958046 
0.153026 0.265561 0.0598553 -0.722806 0.406426 -0.500848 -1 -0.689313 -1 -0.191429 -0.941983 0.248495 -1 -0.932747 -0.863823 -0.757121 0.187301 -0.308892 -0.0224338 0.540933 0.651249 -0.808797 -1 -0.248694 -0.32069 -0.902454 -0.401965 0.356826 0.36133 0.121629 -0.505962 -0.0884653 -1 0.0422154 -1 -0.434987 0.945288 -0.332284 -0.386161 0.312297 -0.280472 0.736366 -1 -0.0785573 0.400706 0.288435 -0.78905 -1 -1 0.36103 -0.293949 0.735477 0.280901 0.248283 -0.314692 -0.955717 0.0624571 -1 -0.23933 -0.0232621 0.403482 -0.654436 -1 -0.965981 0.663622 -0.493801 -1 0.120017 -0.92952 -0.213586 -0.155353 0.104994 -1 -1 0.960738 -0.0284635 0.427494 0.160711 -0.71885 0.0835046 0.138871 -0.555771 -0.995454 -0.314329 -0.926354 -0.195439 -0.184539 -0.70055 0.361734 -0.0872164 -0.732233 -0.675806 -0.192243 0.246619 0.200318 0.170321 -0.0790706 -0.478573 -0.967626 -1 -1 -0.313208 -0.832919 0.182734 -0.462313 -1 -0.920287 -0.301889 0.318223 0.169818 -0.525431 0.804148 -0.361026 -0.660437 -1 -1 -0.868209 0.117431 0.369041 0.569605 0.818083 -0.864297 -0.949934 -0.85363 -0.918713 -0.664607 -1 0.10992 -0.327766 0.033729 -1 -0.480508 -0.444022 -0.527292 -0.930295 -0.095843 0.695418 -0.608876 
-0.970907 -0.934998 0.0276923 -0.433179 0.474231 -0.965858 -1 0.368256 -0.999937 -0.63354 0.831849 0.214203 -0.939698 -0.371266 0.253973 -1 -0.0584546 -0.518426 -0.816676 -0.574653 0.744 0.343434 0.182593 -0.618668 -0.514048 0.713423 0.602239 -0.852405 0.571139 -0.373606 0.498292 -1 -0.312849 -0.0527493 -0.582134 -0.406081 -0.772197 -0.247713 -0.813313 -1 -0.931453 -0.85515 0.236312 0.617117 -0.356835 -0.107724 0.126182 0.0459119 0.0267307 -0.458706 -0.66553 0.419644 -1 0.00720178 -0.592716 -0.610691 -1 -0.274635 -0.776561 -0.235931 -0.444802 0.233568 -0.427237 0.336898 -0.898716 0.254314 -0.61406 -0.0772692 -0.181391 0.503155 -0.811345 -0.795954 -0.697915 -0.555631 0.240402 -0.714987 -0.655499 -1 0.497808 0.264965 0.324912 -0.8134 -1 -0.302595 0.412835 0.321768 -1 0.590152 -1 -1 -0.0904278 -0.858358 0.367787 -0.173686 0.599231 0.0496018 0.373623 -0.300513 -1 0.228595 -0.47993 -0.388393 0.508315 0.754911 -1 0.725179 -0.867703 -0.235033 -0.757866 -0.00569333 -0.0209846 0.0678547 -1 -0.143936 -0.220586 0.114309 -0.9368 0.24163 -0.38516 -0.217419 -0.530652 -1 -1 -1 0.361502 0.92192 -0.366082 -0.32129 0.783548 -0.817491 -0.783219 0.408766 -0.273871 -0.75059 0.142078 -0.980833 0.0766537 0.0695657 
-1 -1 0.693359 0.700998 -0.495247 -0.88898 -0.436274 0.756734 -0.559833 -1 -0.580335 -0.351192 -0.458575 0.582789 0.115992 -0.0457288 -0.154144 -0.0260462 -0.823465 -0.93893 -0.114325 -0.4291 0.538151 0.0151811 0.441672 -0.561528 0.455056 0.00117527 -0.567303 0.085748 -1 0.532825 -0.0189741 -0.266146 0.663355 -1 0.251991 -0.392677 -0.223199 -1 0.498297 0.279997 0.475929 -0.410772 0.981679 0.453474 -0.187844 -0.381321 0.321092 -1 0.37176 -0.533204 -0.332951 -0.0155241 -0.755408 -0.533673 -0.996995 0.192857 0.424942 -1 -1 -0.378559 0.434376 0.589289 0.514703 0.460597 0.391732 -0.12336 -0.83088 -0.154319 0.507367 -0.9552 0.0147762 0.400024 -0.387213 -0.54698 0.349179 0.258515 -0.798169 -1 -0.765881 -0.77323 -0.955201 -1 -0.423421 -0.98995 -0.801176 -0.522737 0.0166916 0.138132 -1 -0.304207 0.584465 -1 -0.988744 0.710429 -0.818664 -0.895909 -0.92641 -0.125599 0.235196 -1 0.439108 -0.835803 -0.400957 0.096085 0.0124714 -0.454734 -0.286932 -0.933963 -0.709385 0.955778 -0.256307 -0.543166 0.0339231 -0.433835 -0.587468 -1 -1 -0.169294 -0.432284 -0.357388 -0.605815 -0.249813 -0.406227 -0.408059 -0.839522 0.296344 -0.82809 0.235867 -0.311154 -0.888792 0.219905 0.519473 0.458647 0.139435 -0.365108 -0.901932 
-1 -1 0.66821 0.557106 -1 -0.654262 -0.358326 0.858943 -0.464637 -0.892737 -0.685826 -0.416709 -0.828418 0.488023 0.301807 -0.250824 -0.0875759 0.129387 -0.813716 -0.565707 0.0232537 -0.809243 0.418494 -0.0867864 0.322744 -0.775835 0.932805 0.247741 -0.740811 0.464728 -0.943777 0.57611 0.0986918 -0.0362079 0.348618 -1 -0.111931 -0.249299 0.145657 -0.959573 0.781091 0.42108 0.0996336 -0.550252 0.830536 0.282796 0.120287 -0.731038 0.457952 -0.742277 0.281229 -0.238664 -0.263984 -0.154834 -1 -0.72642 -1 0.38313 0.21008 -0.902022 -1 -0.210779 0.246633 0.410002 0.606598 0.357991 0.114124 -0.297026 -0.794781 -0.129567 0.677905 -1 -0.403357 0.524384 -0.640387 -0.234673 -0.145918 0.298888 -0.772957 -1 -0.75961 -0.918864 -1 -0.996873 -0.467739 -0.960836 -1 -0.802395 0.157036 0.282725 -1 -0.619285 0.402376 -1 -0.994472 1 -0.987981 -0.993896 -0.980327 0.189418 0.0825531 -1 -0.0748863 -0.710741 -0.669239 -0.345634 -0.11462 -0.651624 0.0487639 -1 -0.736454 1 -0.392672 -0.542513 -0.299801 -0.0149094 -0.264579 -0.982415 -0.93378 -0.211404 -0.395901 -0.261952 -0.329781 -0.153785 -0.59914 -1 -0.770942 0.0384942 -1 0.398253 -0.151402 -1 0.0029586 0.929404 0.387972 -0.117128 -0.386924 -0.903647 
-0.985116 -1 0.198889 -0.380744 0.83546 -0.965858 -1 0.708803 -1 -0.510777 0.944357 0.160866 -0.807192 -0.0480327 0.246072 -1 0.177829 -0.452249 -0.984761 -0.48826 0.465527 0.343434 0.267723 -0.390053 -0.4548 0.656812 0.803715 -0.870263 0.705786 -0.143303 0.478171 -1 -0.383807 -0.0857552 -0.582134 -0.432786 -0.613163 -0.479963 -0.657549 -1 -1 -0.625866 0.299271 0.361466 -0.527632 -0.107724 0.314137 0.275057 -0.101428 -0.047616 -0.474795 0.652932 -1 0.105676 -0.257979 -0.485981 -1 -0.255646 -0.916649 0.0470525 -0.399437 0.260102 -0.532675 0.405455 -0.763939 0.294804 -0.601721 -0.0417292 -0.169803 0.545848 -0.665768 -0.449653 -0.533339 -0.0653003 0.154434 -0.699094 -0.256502 -1 0.739913 0.173666 0.540951 -1 -1 -0.320519 0.351591 0.463336 -0.735613 0.513775 -1 -1 0.16582 -1 0.306547 -0.0948149 0.599231 0.067029 0.332094 -0.300513 -1 0.0830954 -0.445952 -0.418158 0.741383 0.75835 -0.79865 0.83716 -1 0.00925452 -0.535923 0.257695 0.393605 -0.0588462 -1 -0.4723 -0.220586 0.188806 -1 0.286889 -0.456364 -0.408556 -0.145629 -0.754201 -0.925393 -0.980464 0.30118 0.992271 -0.586234 -0.368145 0.734651 -0.887994 -0.45735 0.432266 -0.136194 -0.689279 0.115075 -0.839887 -0.13332 -0.0668044 
-0.962605 -0.959791 0.682527 0.127909 -0.516605 -0.718693 -0.211145 0.94559 -0.612268 -1 -0.526309 -0.464535 -0.534123 0.520865 0.335374 -0.610599 -0.142664 0.158749 -1 -0.942036 -0.0458591 -0.873127 0.222568 -0.0154281 0.587923 -0.844614 0.852329 0.285979 -0.897569 0.382794 -1 0.822964 -0.237608 -0.252188 0.232285 -1 0.189218 -0.627184 0.0801923 -1 0.862081 0.481695 0.41705 -0.806071 0.858198 0.579119 0.1953 -0.624807 0.279387 -0.907982 0.447622 -0.605017 -0.206577 0.257277 -0.888941 -0.649407 -1 0.0398997 0.0474379 -1 -1 -0.0445306 0.37552 0.277159 0.670025 0.499243 0.0138084 -0.0608261 -0.801848 -0.380247 0.432394 -0.937401 -0.0404853 0.676198 -0.668179 -0.560799 0.226074 -0.0247014 -1 -0.959594 -0.8155 -0.882389 -0.944325 -1 -0.343967 -1 -0.876147 -1 0.0721224 0.289233 -0.965065 -0.640292 -0.0603455 -1 -1 0.989641 -0.723559 -0.590142 -1 -0.301981 -0.162664 -1 0.396379 -0.669474 -0.639196 -0.401208 -0.181227 -0.971737 -0.0268642 -1 -0.881936 0.786925 -0.361478 -0.460579 0.41334 -0.381664 -0.66753 -0.999252 -1 -0.330466 -0.389334 -0.173417 -0.831935 0.0818997 -0.538742 -1 -1 0.168257 -1 0.28603 -0.0550437 -1 0.293604 0.817808 0.556752 0.113075 -0.540708 -0.801667 
-1 -0.55081 0.381774 0.557371 -0.396131 -0.777578 0.110747 0.771557 -1 -0.258587 -0.571285 -0.411257 -0.582928 -0.585789 -0.0841266 -0.20865 -0.319585 -0.0440954 -0.947902 -0.44137 0.587527 -0.702404 0.560416 0.618861 0.956523 -0.672824 0.732939 -0.400442 -0.806643 0.140093 -1 0.250667 0.145053 -0.376276 0.375052 -1 0.408643 -0.688305 -0.339035 -1 1 0.31261 0.631037 -0.292323 0.0368924 0.527612 0.062949 -0.57528 0.198826 -0.923288 0.4414 -0.64046 -0.333751 0.391515 -0.877921 -0.685862 -1 0.685469 0.377922 -1 -1 -0.563242 0.269224 0.0398106 0.23531 0.689778 0.025855 -0.292523 -0.942637 -0.00984853 0.543461 -0.962033 -0.292285 0.437409 -0.435066 -0.119244 0.160466 0.225795 -0.959155 -1 -0.883061 -0.946219 -1 -1 -0.575448 -1 -1 -0.510641 0.270874 -0.0163222 -0.910091 -0.23614 0.458549 -0.790238 -0.905577 0.743181 -0.920706 -1 -0.944172 -0.191799 -0.442143 -1 0.493693 -0.397065 -0.640411 0.421853 -0.567567 -0.484738 -0.155544 -0.801901 -0.498997 0.587447 -0.2914 -0.46435 0.429366 -0.538449 -0.513802 -0.998714 -0.987507 -0.465802 -0.438523 -0.448439 -0.511652 -0.248347 -0.429283 -0.679769 -0.635459 0.0823261 -0.905899 0.576482 -0.543391 -0.998564 0.151072 0.370257 0.770755 -0.0983316 -0.644538 -1 
-1 -0.931312 0.282807 -0.475456 0.720588 -1 -1 0.5228 -0.963107 -0.968907 0.783826 0.241547 -0.72259 -0.302848 0.332158 -1 -0.361631 -0.749436 -0.932123 -0.546974 0.418131 0.0677274 0.16488 -0.52534 -0.302872 0.915549 0.729872 -1 0.580204 -0.360854 0.316416 -0.99338 -0.868805 -0.0670685 -0.497946 -0.535235 -0.743354 -0.247713 -0.657549 -1 -1 -0.746403 0.374651 0.567474 -0.304409 -0.309104 0.306817 0.24007 -0.110264 -0.318798 -0.815715 0.580838 -1 -0.0765504 -0.257979 -0.969069 -1 -0.280675 -0.725086 0.0893685 -0.426574 0.184211 -0.638585 0.0590038 -0.864827 0.295628 -0.396167 -0.155323 -0.276406 0.495043 -0.951433 -0.650206 -0.74144 -0.0653003 0.196023 -0.94507 -0.546898 -1 0.475133 0.211935 0.585402 -0.668397 -1 -0.607128 -0.115467 0.125934 -0.714469 0.513775 -0.994505 -0.961104 0.258367 -0.945754 0.477502 -0.0619802 0.389078 0.0161251 0.422533 -0.596923 -0.892845 0.218694 -0.716622 -0.757962 0.570624 0.909422 -0.787485 0.716944 -0.802206 -0.386689 -0.549392 -0.0878949 0.393605 0.121089 -1 -0.336639 -0.300005 0.303019 -1 0.347542 -0.880405 -0.578141 -0.38537 -0.754201 -1 -0.912814 0.0694459 1 -0.576657 -0.368145 0.713376 -0.994736 -0.660807 0.266492 -0.202668 -0.554089 0.0238346 -0.976209 0.0766537 -0.305934 
-0.757717 -1 -0.168011 -0.481773 0.758803 -1 -1 0.633062 -0.987777 -0.642762 0.682741 -0.0816689 -0.725718 -0.279482 0.200532 -1 0.172758 -0.826605 -0.816676 -0.398146 0.618193 0.295025 0.106362 -0.54463 -0.347247 0.357789 0.465388 -0.965015 0.628146 -0.406609 0.667478 -0.999608 -0.518414 0.0666892 -0.826312 -0.499035 -0.711742 -0.247713 -0.863539 -1 -1 -0.625866 0.298491 0.59793 -0.304409 -0.0545787 0.0975299 0.0304269 0.136044 -0.0650789 -0.628549 0.424174 -0.960321 0.105676 -0.257979 -0.607331 -1 -0.266648 -1 -0.136203 -0.819717 0.322288 -0.38392 0.328869 -0.763939 0.321893 -0.396167 -0.0417292 -0.204505 0.510982 -0.593533 -0.467856 -0.795504 -0.0653003 0.227009 -0.923358 -0.256502 -1 0.776818 0.247096 0.776919 -0.805348 -1 -0.437202 0.407447 0.168652 -0.817714 0.425532 -0.975293 -1 0.16582 -1 0.153815 0.126807 0.460774 0.117376 0.206193 -0.255977 -0.946052 0.257048 -0.491825 -0.528026 0.665676 0.671708 -0.985435 0.653059 -1 -0.279752 -0.72681 0.257695 0.333849 0.201929 -1 -0.520719 -0.63692 0.318786 -0.804993 0.171691 -0.27455 -0.314103 -0.351726 -1 -0.991765 -0.980464 0.00932175 0.94359 -0.520239 -0.331684 0.672664 -0.888338 -0.820303 0.517354 -0.161963 -0.59143 0.0634211 -1 0.0766537 -0.141395 
0.0651606 0.265561 0.0598553 -0.722806 0.425137 -0.286651 -0.994887 -0.456608 -1 -0.211587 -1 0.248495 -0.936109 -0.932747 -0.863823 -0.814992 0.187301 -0.308892 0.022077 0.540933 0.781739 -0.808797 -1 -0.248694 -0.32069 -0.815842 -0.401965 0.356826 0.593307 0.121629 -0.505962 -0.0884653 -0.885022 0.0422154 -1 -0.434987 0.945288 -0.332284 -0.431962 0.312297 -0.365563 0.814312 -1 -0.0785573 0.400706 0.288435 -0.83524 -0.758277 -1 0.373807 -0.293949 0.735477 0.280901 0.257264 -0.178884 -0.816293 -0.0145471 -1 -0.23933 -0.0194554 0.484239 -0.654436 -1 -0.965981 0.663622 -0.493801 -0.907674 0.357251 -0.92952 -0.213586 -0.155353 0.104994 -1 -1 0.899054 0.111065 0.429543 0.194939 -0.71885 0.325421 0.138871 -0.555771 -1 -0.314329 -0.926354 -0.0535473 -0.184539 -0.529887 0.337808 -0.0502892 -0.732233 -0.411999 -0.216557 0.46665 0.200318 0.367993 -0.0790706 -0.478573 -1 -1 -1 -0.313208 -0.832919 0.194521 -0.49426 -1 -0.920287 -0.0377196 0.318223 0.127434 -0.402871 0.804148 -0.289325 -0.683688 -1 -1 -0.676774 0.117431 0.619269 0.569605 0.752482 -0.864297 -1 -0.756566 -1 -0.72307 -1 0.10992 -0.327766 0.147234 -0.895249 -0.372369 -0.444022 -0.336152 -0.892306 0.0872974 0.760162 -0.608876 
0.153026 0.265561 0.0598553 -0.722806 0.406426 -0.500848 -1 -0.689313 -1 -0.191429 -0.941983 0.248495 -1 -0.932747 -0.863823 -0.757121 0.187301 -0.308892 -0.0224338 0.540933 0.651249 -0.808797 -1 -0.248694 -0.32069 -0.902454 -0.401965 0.356826 0.36133 0.121629 -0.505962 -0.0884653 -1 0.0422154 -1 -0.434987 0.945288 -0.332284 -0.386161 0.312297 -0.280472 0.736366 -1 -0.0785573 0.400706 0.288435 -0.78905 -1 -1 0.36103 -0.293949 0.735477 0.280901 0.248283 -0.314692 -0.955717 0.0624571 -1 -0.23933 -0.0232621 0.403482 -0.654436 -1 -0.965981 0.663622 -0.493801 -1 0.120017 -0.92952 -0.213586 -0.155353 0.104994 -1 -1 0.960738 -0.0284635 0.427494 0.160711 -0.71885 0.0835046 0.138871 -0.555771 -0.995454 -0.314329 -0.926354 -0.195439 -0.184539 -0.70055 0.361734 -0.0872164 -0.732233 -0.675806 -0.192243 0.246619 0.200318 0.170321 -0.0790706 -0.478573 -0.967626 -1 -1 -0.313208 -0.832919 0.182734 -0.462313 -1 -0.920287 -0.301889 0.318223 0.169818 -0.525431 0.804148 -0.361026 -0.660437 -1 -1 -0.868209 0.117431 0.369041 0.569605 0.818083 -0.864297 -0.949934 -0.85363 -0.918713 -0.664607 -1 0.10992 -0.327766 0.033729 -1 -0.480508 -0.444022 -0.527292 -0.930295 -0.095843 0.695418 -0.608876 
0.153026 0.265561 0.0598553 -0.722806 0.406426 -0.500848 -1 -0.689313 -1 -0.191429 -0.941983 0.248495 -1 -0.932747 -0.863823 -0.757121 0.187301 -0.308892 -0.0224338 0.540933 0.651249 -0.808797 -1 -0.248694 -0.32069 -0.902454 -0.401965 0.356826 0.36133 0.121629 -0.505962 -0.0884653 -1 0.0422154 -1 -0.434987 0.945288 -0.332284 -0.386161 0.312297 -0.280472 0.736366 -1 -0.0785573 0.400706 0.288435 -0.78905 -1 -1 0.36103 -0.293949 0.735477 0.280901 0.248283 -0.314692 -0.955717 0.0624571 -1 -0.23933 -0.0232621 0.403482 -0.654436 -1 -0.965981 0.663622 -0.493801 -1 0.120017 -0.92952 -0.213586 -0.155353 0.104994 -1 -1 0.960738 -0.0284635 0.427494 0.160711 -0.71885 0.0835046 0.138871 -0.555771 -0.995454 -0.314329 -0.926354 -0.195439 -0.184539 -0.70055 0.361734 -0.0872164 -0.732233 -0.675806 -0.192243 0.246619 0.200318 0.170321 -0.0790706 -0.478573 -0.967626 -1 -1 -0.313208 -0.832919 0.182734 -0.462313 -1 -0.920287 -0.301889 0.318223 0.169818 -0.525431 0.804148 -0.361026 -0.660437 -1 -1 -0.868209 0.117431 0.369041 0.569605 0.818083 -0.864297 -0.949934 -0.85363 -0.918713 -0.664607 -1 0.10992 -0.327766 0.033729 -1 -0.480508 -0.444022 -0.527292 -0.930295 -0.095843 0.695418 -0.608876 
-0.806687 -1 0.282807 -0.463159 0.758803 -1 -1 0.708803 -1 -0.686758 0.944357 0.346067 -0.807192 -0.0480327 0.338688 -1 0.173196 -0.543983 -0.804167 -0.390381 0.636998 0.129249 0.267723 -0.336927 -0.302872 0.80026 0.550065 -1 0.667386 -0.143303 0.685398 -0.987369 -0.383807 0.00731394 -0.549849 -0.432786 -0.613163 -0.247713 -0.657549 -0.85222 -1 -0.625866 0.299271 0.613091 -0.247031 -0.107724 0.399768 0.303609 0.190449 -0.191045 -0.622442 0.628663 -1 0.105676 -0.257979 -0.676158 -1 -0.280675 -0.776561 0.0470525 -0.460841 0.455383 -0.38392 0.336898 -0.887149 0.294804 -0.333381 -0.0417292 -0.169803 0.380028 -0.593533 -0.467856 -0.533339 -0.299302 0.154434 -0.699094 -0.382268 -0.964664 0.644074 0.264965 0.644664 -0.710866 -1 -0.320519 0.158304 0.427989 -0.923335 0.513775 -1 -1 -0.103862 -0.883518 0.145424 -0.0358312 0.599231 0.301087 0.367812 -0.300513 -1 0.218694 -0.320501 -0.388393 0.741383 0.855975 -0.79865 0.83716 -1 0.00925452 -0.798972 0.257695 0.426903 0.126629 -1 -0.197997 -0.400373 0.171872 -1 0.286889 -0.27455 -0.181578 -0.188673 -0.754201 -1 -0.980464 0.0578108 0.870325 -0.420685 -0.368145 0.597506 -0.805672 -0.431038 0.323668 -0.178956 -0.497609 0.115075 -0.927093 0.11467 -0.00898722 
0.153026 0.265561 0.0598553 -0.722806 0.406426 -0.500848 -1 -0.689313 -1 -0.191429 -0.941983 0.248495 -1 -0.932747 -0.863823 -0.757121 0.187301 -0.308892 -0.0224338 0.540933 0.651249 -0.808797 -1 -0.248694 -0.32069 -0.902454 -0.401965 0.356826 0.36133 0.121629 -0.505962 -0.0884653 -1 0.0422154 -1 -0.434987 0.945288 -0.332284 -0.386161 0.312297 -0.280472 0.736366 -1 -0.0785573 0.400706 0.288435 -0.78905 -1 -1 0.36103 -0.293949 0.735477 0.280901 0.248283 -0.314692 -0.955717 0.0624571 -1 -0.23933 -0.0232621 0.403482 -0.654436 -1 -0.965981 0.663622 -0.493801 -1 0.120017 -0.92952 -0.213586 -0.155353 0.104994 -1 -1 0.960738 -0.0284635 0.427494 0.160711 -0.71885 0.0835046 0.138871 -0.555771 -0.995454 -0.314329 -0.926354 -0.195439 -0.184539 -0.70055 0.361734 -0.0872164 -0.732233 -0.675806 -0.192243 0.246619 0.200318 0.170321 -0.0790706 -0.478573 -0.967626 -1 -1 -0.313208 -0.832919 0.182734 -0.462313 -1 -0.920287 -0.301889 0.318223 0.169818 -0.525431 0.804148 -0.361026 -0.660437 -1 -1 -0.868209 0.117431 0.369041 0.569605 0.818083 -0.864297 -0.949934 -0.85363 -0.918713 -0.664607 -1 0.10992 -0.327766 0.033729 -1 -0.480508 -0.444022 -0.527292 -0.930295 -0.095843 0.695418 -0.608876 
0.0885294 0.265561 -0.00206036 -0.660175 0.349095 -0.500848 -1 -0.689313 -1 -0.186553 -1 0.0398467 -1 -0.932747 -0.863823 -0.964955 0.137859 -0.308892 -0.0224338 0.187407 0.708314 -0.808797 -1 -0.248694 -0.689776 -0.983243 -0.71338 0.356826 0.294723 0.195419 -0.546114 -0.46715 -1 -0.00426003 -1 -0.662055 0.945288 -0.403095 -0.500251 0.12691 -0.280472 0.736366 -1 -0.325023 0.320014 0.288435 -0.903233 -1 -1 0.41181 -0.394125 0.361925 0.28599 0.177148 -0.545979 -1 0.0624571 -1 -0.328508 -0.0232621 0.462507 -0.654436 -1 -0.947446 0.663622 -0.493801 -1 0.0641972 -0.966726 -0.213586 -0.10732 0.104994 -0.952614 -1 0.919441 -0.208858 0.285702 -0.00249331 -0.657394 -0.334355 0.134217 -0.555771 -1 -0.314329 -0.997278 -0.258409 -0.184539 -0.839827 0.376106 -0.217902 -0.974394 -0.675806 -0.447921 0.325667 0.200318 -0.244166 -0.0790706 -0.561868 -1 -1 -1 -0.524162 -0.964205 0.0159856 -0.462313 -1 -0.865777 -0.480963 0.318223 0.0165623 -0.743613 0.804148 -0.361026 -0.781233 -1 -1 -1 0.117431 0.123535 0.569605 0.629369 -0.864297 -1 -0.85363 -1 -0.685186 -1 -0.00405028 -0.569744 -0.00805496 -1 -0.472753 -0.603369 -0.491027 -1 -0.232777 0.695418 -0.850527 
-1 -1 0.638389 0.57573 -0.661924 -0.623989 -0.623292 0.953204 -0.847383 -1 -0.301124 -0.239135 -0.527251 0.418168 0.296102 -0.446227 -0.11739 -0.215153 -0.690253 -0.758174 0.352065 -0.55346 0.283675 -0.121245 0.462015 -0.821397 0.768347 0.299274 -0.662184 0.192638 -1 0.375655 -0.125736 0.136778 0.140529 -1 0.418585 -0.274787 0.0588039 -1 0.752045 0.58697 0.46981 -0.599832 0.724568 0.572035 0.18938 -0.465099 0.451499 -1 0.269833 -0.70437 -0.237087 -0.100245 -0.682024 -0.601166 -0.768627 0.301594 0.466815 -1 -1 0.0419688 0.441879 0.565661 0.455068 0.480797 0.265058 -0.258517 -0.7779 -0.22988 0.677021 -1 0.0455793 0.577607 -0.574401 -0.156042 0.0570841 0.265852 -0.612948 -1 -0.772842 -0.928002 -0.911222 -1 -0.228661 -1 -0.78947 -0.639822 0.229073 0.281588 -1 -0.272483 0.616833 -0.938239 -1 0.943363 -0.696895 -1 -0.956188 0.0436093 0.0678004 -1 0.721476 -0.696794 -0.440359 0.0821293 0.0619178 -0.893659 -0.100535 -0.966786 -0.755144 0.423298 -0.259014 -0.565403 0.122605 -0.497054 -0.491253 -1 -1 -0.280633 -0.736909 -0.173417 -0.601712 -0.110764 -0.241572 -0.693304 -0.805258 0.0147273 -1 0.187518 -0.365365 -1 -0.0438501 0.426193 0.653888 0.0295848 -0.478662 -0.840353 
0.153026 0.265561 -0.0116402 -0.722806 0.406426 -0.56387 -1 -0.614338 -1 -0.191429 -1 0.248495 -0.966836 -0.932747 -0.863823 -0.757121 0.187301 -0.308892 0.00110063 0.540933 0.724712 -0.961366 -1 -0.248694 -0.324487 -0.979759 -0.401965 0.356826 0.36133 0.121629 -0.517103 -0.0884653 -1 0.0422154 -1 -0.434987 0.981521 -0.332284 -0.386161 0.229989 -0.280472 0.736366 -1 -0.0785573 0.400706 0.266704 -0.771036 -0.921655 -1 0.146606 -0.293949 0.639728 0.0501083 0.248283 -0.507086 -0.903525 0.0624571 -1 -0.23933 -0.0232621 0.365521 -0.654436 -1 -1 0.663622 -0.462924 -1 0.120017 -0.92952 -0.213586 -0.155353 0.104994 -1 -1 0.960738 -0.0284635 0.232138 0.0743534 -0.71885 0.072482 0.124348 -0.616114 -1 -0.274192 -1 -0.434801 -0.420291 -0.70055 0.361734 -0.0872164 -0.841984 -0.675806 -0.180124 0.31729 0.174605 0.235739 -0.0790706 -0.460718 -0.967626 -1 -1 -0.300599 -0.832919 0.182734 -0.462313 -1 -0.920287 -0.301889 0.391452 0.169818 -0.719711 0.831298 -0.361026 -0.701586 -1 -1 -0.993737 0.117431 0.369041 0.569605 0.691366 -0.864297 -1 -0.85363 -0.918713 -0.664607 -1 0.10992 -0.435277 0.033729 -1 -0.626512 -0.409288 -0.527292 -0.849513 -0.136976 0.695418 -0.80674 
-1 -0.98508 0.480903 0.489104 -0.582908 -0.862743 -0.325762 0.57947 -0.660814 -0.765925 -0.526361 -0.167768 -0.785611 0.391511 0.176362 -0.263266 -0.164823 0.499823 -1 -0.459759 0.120593 -0.525135 0.407322 0.214944 0.388014 -1 0.797366 -0.393465 -0.693733 -0.258207 -1 0.423101 0.32729 -0.132731 0.279407 -0.950824 0.140553 -0.61898 0.235454 -1 0.656154 0.383574 0.576141 -0.616148 0.651723 0.218136 -0.161117 -0.159803 0.564861 -0.942989 0.508522 -0.721089 0.132115 0.711866 -0.499935 -0.915502 -1 0.530983 0.509067 -1 -0.978032 -0.236407 0.733218 0.0796679 0.280936 0.173034 0.466694 -0.54617 -0.857403 -0.551342 0.33899 -0.825048 -0.439476 0.169625 -1 0.0123255 0.108654 0.0331948 -0.782224 -1 -1 -1 -1 -1 -0.329918 -1 -1 -0.832362 -0.378701 -0.331839 -1 -0.675356 0.550789 -1 -1 0.311596 -0.726501 -0.724839 -0.964341 0.00959397 -0.407629 -0.811442 0.718556 -0.104194 -0.48355 0.143108 -0.127767 -0.722093 -0.187474 -0.637025 -0.838998 0.882354 -0.311855 -0.3754 0.271865 -0.790279 -0.676493 -1 -1 -0.316222 -0.528393 -0.778231 -0.471102 0.244029 -0.331462 -0.996379 -0.428615 -0.355289 -0.757681 0.176858 -0.154152 -1 -0.00171404 0.390275 0.289189 -0.129841 -0.489843 -0.787969 
-0.806687 -1 0.282807 -0.463159 0.758803 -1 -1 0.708803 -1 -0.686758 0.944357 0.346067 -0.807192 -0.0480327 0.338688 -1 0.173196 -0.543983 -0.804167 -0.390381 0.636998 0.129249 0.267723 -0.336927 -0.302872 0.80026 0.550065 -1 0.667386 -0.143303 0.685398 -0.987369 -0.383807 0.00731394 -0.549849 -0.432786 -0.613163 -0.247713 -0.657549 -0.85222 -1 -0.625866 0.299271 0.613091 -0.247031 -0.107724 0.399768 0.303609 0.190449 -0.191045 -0.622442 0.628663 -1 0.105676 -0.257979 -0.676158 -1 -0.280675 -0.776561 0.0470525 -0.460841 0.455383 -0.38392 0.336898 -0.887149 0.294804 -0.333381 -0.0417292 -0.169803 0.380028 -0.593533 -0.467856 -0.533339 -0.299302 0.154434 -0.699094 -0.382268 -0.964664 0.644074 0.264965 0.644664 -0.710866 -1 -0.320519 0.158304 0.427989 -0.923335 0.513775 -1 -1 -0.103862 -0.883518 0.145424 -0.0358312 0.599231 0.301087 0.367812 -0.300513 -1 0.218694 -0.320501 -0.388393 0.741383 0.855975 -0.79865 0.83716 -1 0.00925452 -0.798972 0.257695 0.426903 0.126629 -1 -0.197997 -0.400373 0.171872 -1 0.286889 -0.27455 -0.181578 -0.188673 -0.754201 -1 -0.980464 0.0578108 0.870325 -0.420685 -0.368145 0.597506 -0.805672 -0.431038 0.323668 -0.178956 -0.497609 0.115075 -0.927093 0.11467 -0.00898722 
-1 -1 0.682527 0.590068 -0.768331 -0.693097 -0.207112 0.710867 -0.354587 -1 -0.595979 -0.713226 -0.384351 0.605795 -0.403134 -0.0698363 -0.0875759 0.315311 -0.627451 -0.517461 -0.0814257 -0.263418 0.427785 0.00940457 0.600689 -0.739669 0.861366 0.14519 -0.616426 0.166921 -0.992676 0.699974 0.341432 -0.366329 0.552826 -1 0.506915 -0.274787 0.246227 -1 0.689415 0.456991 0.153991 -0.522018 0.810693 0.700273 0.17242 -0.663193 0.110914 -1 0.315619 -0.477921 -0.0866474 0.0369283 -0.741766 -0.707886 -0.972184 0.529443 0.441436 -0.857239 -1 0.00343266 0.229417 0.26329 0.383045 0.407022 -0.243311 -0.0469577 -0.786229 -0.30666 0.819687 -0.908878 0.226134 0.253487 -0.246946 -0.175045 0.171533 0.287215 -0.862871 -1 -0.666998 -0.891844 -1 -1 -0.0713289 -0.839439 -0.780951 -0.522737 0.20518 0.269825 -1 -0.367977 0.646829 -1 -0.970207 0.954862 -0.821184 -0.701531 -1 -0.304852 -0.0311567 -0.999222 0.301741 -0.842496 -0.352305 0.157413 -0.161209 -0.529628 -0.119907 -0.814602 -1 0.975648 -0.434722 -0.724603 -0.337618 -0.0779208 -0.291613 -0.946952 -1 -0.192888 -0.707289 -0.432346 -0.555538 0.282718 -0.287011 -0.642975 -0.904229 -0.36672 -1 0.2384 -0.360743 -1 0.274794 0.706788 0.220404 -0.283993 -0.360172 -0.936108 
-1 -1 0.0315806 -0.443246 0.404557 -1 -1 0.394273 -1 -0.434835 0.944357 0.25314 -0.939698 -0.0490503 0.248699 -1 -0.0504279 -0.563389 -1 -0.4336 0.582193 0.145703 0.182593 -0.636422 -0.229246 0.958469 0.857575 -1 0.394336 -0.211726 0.704767 -1 -0.64988 0.0241331 -0.582134 -0.566674 -0.709113 -0.450504 -0.813313 -0.882915 -1 -0.77356 0.318712 0.419944 -0.488254 -0.170607 -0.00357582 0.233011 0.267466 -0.0215244 -0.606689 0.531891 -1 0.0588276 -0.487352 -0.509576 -1 -0.280675 -0.80353 0.0470525 -0.394703 0.512505 -0.358751 0.359967 -0.704493 0.0619944 -0.558144 -0.0417292 -0.169803 0.503012 -0.805957 -0.467856 -0.711333 -0.145262 0.177676 -0.699094 -0.688917 -1 0.585084 0.210518 0.562787 -0.935105 -1 -0.302595 0.237164 0.321768 -1 0.513775 -1 -1 -0.0229323 -0.858358 0.331466 -0.00924979 0.599231 0.301087 0.240732 -0.407067 -1 0.228595 -0.496291 -0.606252 0.729875 0.497969 -0.998282 0.725179 -0.898474 -0.686873 -0.629552 0.128619 -0.0926212 0.0362341 -1 -0.333385 -0.379825 0.292962 -1 -0.0914794 -0.38516 -0.177096 -0.145629 -1 -1 -1 0.30118 1 -0.43627 -0.36559 0.734651 -0.910101 -0.45735 0.144057 -0.487782 -0.59143 0.115075 -0.980833 0.0766537 -0.432221 
-0.770642 -1 -0.0276602 -0.769342 0.799418 -1 -1 0.407821 -0.958729 -0.551129 0.418362 0.436374 -0.969852 -0.545109 0.13243 -0.985576 -0.419093 -0.773795 -1 -1 0.398835 0.170554 -0.337836 -0.946262 -0.2468 0.90952 0.204898 -1 0.38222 -0.32633 0.525672 -1 -0.327328 -0.535186 -0.875502 -0.432786 -0.891332 -0.311496 -1 -1 -0.939547 -1 0.414443 0.460729 -0.353475 -0.247759 0.165544 -0.133424 0.190449 0.0120371 -0.699813 0.728253 -1 0.105676 -0.516108 -0.610925 -1 -0.595664 -0.742032 -0.478944 -0.248483 0.120037 -0.506621 0.0418742 -0.842572 0.065796 -0.420561 -0.0416073 -0.202487 0.330558 -0.458464 -0.601693 -0.96673 -0.258935 0.168305 -1 -0.54404 -1 0.739913 -0.0455736 0.692906 -0.754148 -1 -0.566076 0.266592 0.318101 -0.998744 0.500041 -1 -1 -0.0923301 -0.994518 0.336939 0.202339 0.545738 0.309043 0.3307 -0.229984 -1 0.218694 -0.267866 -0.383967 0.537 0.560662 -0.92825 0.66261 -0.806725 -0.0209434 -0.501296 0.308505 0.291189 0.0216711 -1 -0.105976 -0.220586 0.221668 -1 0.286889 -0.480409 -0.450655 -0.442305 -1 -1 -0.93729 0.175295 0.913328 -0.359027 -0.479719 0.534834 -0.830438 -0.639045 0.256236 -0.408026 -0.59143 -0.0271016 -0.875823 0.0917035 -0.171031 
-0.806687 -1 0.282807 -0.373843 0.758803 -1 -1 0.708803 -1 -0.686758 0.944357 0.346067 -0.807192 -0.0480327 0.417486 -1 0.0327024 -0.543983 -0.804167 -0.548643 0.546914 0.0996198 0.267723 -0.619188 -0.373003 0.80026 0.550065 -1 0.518232 -0.143303 0.685398 -1 -0.633668 0.00731394 -0.782365 -0.354041 -0.538714 -0.528564 -0.936133 -0.79743 -1 -0.828033 0.165463 0.613091 -0.247031 -0.107724 0.399768 0.109592 0.190449 -0.191045 -0.913968 0.663402 -1 0.105676 -0.279793 -0.676158 -1 -0.570133 -0.776561 0.0654561 -0.460841 0.455383 -0.38392 0.141876 -1 0.266228 -0.419908 -0.0417292 -0.27587 0.307859 -0.619688 -0.392482 -0.645982 -0.459902 -0.0328584 -0.699094 -0.382268 -1 0.690361 0.136396 0.391644 -0.854281 -1 -0.566434 0.257277 0.427989 -0.923335 0.28522 -1 -1 -0.161488 -0.883518 0.126722 -0.0358312 0.599231 0.221253 0.307713 -0.300513 -1 0.139105 -0.524999 -0.527132 0.741383 0.705806 -0.79865 0.83716 -1 0.00925452 -0.763818 0.320501 0.388749 0.126629 -0.955795 -0.149604 -0.400373 0.171872 -1 0.286889 -0.364275 -0.181578 -0.317163 -0.98246 -1 -0.980464 0.0578108 0.899656 -0.71129 -0.368145 0.597506 -0.805672 -0.431038 0.323668 -0.295562 -0.457492 0.115075 -1 -0.111747 -0.00898722 
-0.944223 -0.267225 0.701682 0.535 -0.583094 -0.977591 -0.124702 0.375217 -0.573115 -0.693867 -0.805396 -0.556597 -0.124412 -0.120897 0.297237 -0.434037 -0.30017 0.289203 -0.990087 -0.499134 -0.0672001 -0.382873 0.517295 0.309592 0.597755 -0.987417 0.657037 0.318701 -0.975081 -0.172765 -0.933837 0.49419 0.204702 -0.417446 0.487338 -0.96548 -0.291512 -1 0.123171 -1 0.615781 0.194571 -0.126881 -0.255847 0.578489 0.686455 0.0148812 -0.765489 0.32027 -1 0.382305 -0.367609 -0.598572 0.251215 -0.946061 -0.390484 -1 0.456274 0.229157 -0.982533 -1 -0.067786 0.342356 -0.0197753 0.0807857 0.0968201 0.564436 -0.486379 -0.628579 -0.0689555 0.386572 -1 -0.140665 0.190691 -0.728912 -0.342453 -0.149292 -0.249541 -1 -1 -1 -0.538996 -1 -1 -0.455942 -1 -1 -0.62563 0.0703214 -0.730187 -1 -0.180627 0.351318 -0.925732 -0.780447 0.679706 -0.754498 -0.984976 -1 0.0755549 -0.416763 -1 0.158511 -0.47125 -0.801395 0.218377 -0.144152 -0.284202 -0.646719 -1 -0.553439 0.55716 -0.436806 -0.189994 0.227947 -0.126569 -0.381178 -1 -1 -0.404214 -0.150073 -0.573205 -0.211645 -0.429671 -0.741559 -0.919756 -0.561288 -0.00808871 -0.820477 -0.0859833 -0.378304 -0.991426 0.566678 0.380856 0.851184 -0.649284 -0.758899 -0.601354 
-0.728931 -1 0.202194 -0.533678 0.758803 -1 -1 0.656581 -1 -0.651368 0.944357 0.18985 -1 -0.0480327 0.418454 -0.919863 0.0722364 -0.543983 -1 -0.630997 0.540674 0.233895 0.267723 -0.556925 -0.469135 0.852034 0.572044 -1 0.4974 -0.370006 0.667478 -1 -0.60556 -0.378726 -0.913506 -0.432786 -0.613163 -0.247713 -0.693404 -0.85222 -1 -1 0.14657 0.420484 -0.304409 -0.0446668 0.314137 -0.0368391 -0.0329536 -0.047616 -0.474795 0.728253 -1 -0.0425668 -0.384014 -0.786363 -1 -0.280675 -0.694769 -0.10153 -0.346581 0.219852 -0.38392 0.286425 -0.747832 0.195564 -0.396167 -0.0199904 -0.169803 0.460691 -0.593533 -0.945943 -0.591039 -0.0223218 -0.0172698 -0.969194 -0.389722 -1 0.509353 -0.0999775 0.737131 -0.803201 -0.953489 -0.295727 0.0116234 0.109764 -0.927963 0.466601 -1 -0.959111 -0.0265749 -1 0.359054 0.181978 0.439934 0.33764 0.296868 -0.440376 -0.946052 0.0200704 -0.482767 -0.672506 0.741383 0.812942 -0.998866 0.544227 -0.804092 0.00925452 -0.835575 0.121398 0.181848 -0.0722548 -1 -0.271097 -0.664621 -0.0674252 -1 0.268045 -0.353724 -0.181578 -0.345366 -0.748807 -1 -1 0.353483 0.992271 -0.356199 -0.368145 0.734651 -1 -0.45735 0.45307 -0.202668 -0.59143 0.0434607 -1 -0.388253 -0.0135885 
-1 -1 0.544009 0.787542 -0.781281 -0.753164 -0.537723 0.762508 -0.629275 -1 -0.490775 -0.35143 -0.921709 0.611736 0.301807 -0.312897 -0.0260107 0.0650427 -0.69615 -0.786318 0.390073 -0.317463 0.385222 0.127213 0.0578593 -0.740822 0.675697 0.0341555 -0.86289 0.531989 -0.992843 0.569207 0.237372 -0.08391 0.321981 -1 0.400194 -0.258355 -0.0447092 -0.984058 0.918749 0.5938 0.524459 -0.661284 0.68685 0.527194 -0.117748 -0.728321 0.344225 -0.81096 0.233877 -0.565228 0.153328 0.03763 -1 -0.803829 -0.811093 0.465543 0.198175 -1 -1 0.0395343 0.411149 0.411874 0.618667 0.514507 0.2281 -0.242293 -0.887845 -0.142926 0.665121 -1 -0.085907 0.304951 -0.390545 -0.156042 0.164698 0.261343 -0.845993 -0.95463 -0.857374 -1 -1 -1 -0.186496 -1 -0.984457 -0.84232 0.0152996 0.267772 -1 -0.510403 0.573765 -0.96361 -0.994472 1 -0.987981 -0.712065 -0.978799 -0.0546874 0.384613 -0.930983 -0.113269 -0.876302 -0.440873 0.0478764 0.0105599 -0.58541 -0.00310522 -0.751778 -0.87703 0.599091 -0.313628 -0.614658 0.0104894 -0.023376 -0.224624 -0.934524 -1 -0.427743 -0.567883 -0.29562 -0.446474 0.0449344 -0.934321 -1 -0.6463 -0.0854511 -1 0.398253 -0.198149 -1 -0.189709 0.771347 0.274662 -0.208145 -0.283804 -0.763238 
0.153026 0.265561 0.0598553 -0.722806 0.406426 -0.500848 -1 -0.689313 -1 -0.191429 -0.941983 0.248495 -1 -0.932747 -0.863823 -0.757121 0.187301 -0.308892 -0.0224338 0.540933 0.651249 -0.808797 -1 -0.248694 -0.32069 -0.902454 -0.401965 0.356826 0.36133 0.121629 -0.505962 -0.0884653 -1 0.0422154 -1 -0.434987 0.945288 -0.332284 -0.386161 0.312297 -0.280472 0.736366 -1 -0.0785573 0.400706 0.288435 -0.78905 -1 -1 0.36103 -0.293949 0.735477 0.280901 0.248283 -0.314692 -0.955717 0.0624571 -1 -0.23933 -0.0232621 0.403482 -0.654436 -1 -0.965981 0.663622 -0.493801 -1 0.120017 -0.92952 -0.213586 -0.155353 0.104994 -1 -1 0.960738 -0.0284635 0.427494 0.160711 -0.71885 0.0835046 0.138871 -0.555771 -0.995454 -0.314329 -0.926354 -0.195439 -0.184539 -0.70055 0.361734 -0.0872164 -0.732233 -0.675806 -0.192243 0.246619 0.200318 0.170321 -0.0790706 -0.478573 -0.967626 -1 -1 -0.313208 -0.832919 0.182734 -0.462313 -1 -0.920287 -0.301889 0.318223 0.169818 -0.525431 0.804148 -0.361026 -0.660437 -1 -1 -0.868209 0.117431 0.369041 0.569605 0.818083 -0.864297 -0.949934 -0.85363 -0.918713 -0.664607 -1 0.10992 -0.327766 0.033729 -1 -0.480508 -0.444022 -0.527292 -0.930295 -0.095843 0.695418 -0.608876 
0.153026 0.265561 0.0598553 -0.722806 0.406426 -0.500848 -1 -0.689313 -1 -0.191429 -0.941983 0.248495 -1 -0.932747 -0.863823 -0.757121 0.187301 -0.308892 -0.0224338 0.540933 0.651249 -0.808797 -1 -0.248694 -0.32069 -0.902454 -0.401965 0.356826 0.36133 0.121629 -0.505962 -0.0884653 -1 0.0422154 -1 -0.434987 0.945288 -0.332284 -0.386161 0.312297 -0.280472 0.736366 -1 -0.0785573 0.400706 0.288435 -0.78905 -1 -1 0.36103 -0.293949 0.735477 0.280901 0.248283 -0.314692 -0.955717 0.0624571 -1 -0.23933 -0.0232621 0.403482 -0.654436 -1 -0.965981 0.663622 -0.493801 -1 0.120017 -0.92952 -0.213586 -0.155353 0.104994 -1 -1 0.960738 -0.0284635 0.427494 0.160711 -0.71885 0.0835046 0.138871 -0.555771 -0.995454 -0.314329 -0.926354 -0.195439 -0.184539 -0.70055 0.361734 -0.0872164 -0.732233 -0.675806 -0.192243 0.246619 0.200318 0.170321 -0.0790706 -0.478573 -0.967626 -1 -1 -0.313208 -0.832919 0.182734 -0.462313 -1 -0.920287 -0.301889 0.318223 0.169818 -0.525431 0.804148 -0.361026 -0.660437 -1 -1 -0.868209 0.117431 0.369041 0.569605 0.818083 -0.864297 -0.949934 -0.85363 -0.918713 -0.664607 -1 0.10992 -0.327766 0.033729 -1 -0.480508 -0.444022 -0.527292 -0.930295 -0.095843 0.695418 -0.608876 
-0.806687 -1 0.282807 -0.463159 0.758803 -1 -1 0.708803 -1 -0.686758 0.944357 0.346067 -0.807192 -0.0480327 0.338688 -1 0.173196 -0.543983 -0.804167 -0.390381 0.636998 0.129249 0.267723 -0.336927 -0.302872 0.80026 0.550065 -1 0.667386 -0.143303 0.685398 -0.987369 -0.383807 0.00731394 -0.549849 -0.432786 -0.613163 -0.247713 -0.657549 -0.85222 -1 -0.625866 0.299271 0.613091 -0.247031 -0.107724 0.399768 0.303609 0.190449 -0.191045 -0.622442 0.628663 -1 0.105676 -0.257979 -0.676158 -1 -0.280675 -0.776561 0.0470525 -0.460841 0.455383 -0.38392 0.336898 -0.887149 0.294804 -0.333381 -0.0417292 -0.169803 0.380028 -0.593533 -0.467856 -0.533339 -0.299302 0.154434 -0.699094 -0.382268 -0.964664 0.644074 0.264965 0.644664 -0.710866 -1 -0.320519 0.158304 0.427989 -0.923335 0.513775 -1 -1 -0.103862 -0.883518 0.145424 -0.0358312 0.599231 0.301087 0.367812 -0.300513 -1 0.218694 -0.320501 -0.388393 0.741383 0.855975 -0.79865 0.83716 -1 0.00925452 -0.798972 0.257695 0.426903 0.126629 -1 -0.197997 -0.400373 0.171872 -1 0.286889 -0.27455 -0.181578 -0.188673 -0.754201 -1 -0.980464 0.0578108 0.870325 -0.420685 -0.368145 0.597506 -0.805672 -0.431038 0.323668 -0.178956 -0.497609 0.115075 -0.927093 0.11467 -0.00898722 
-0.728931 -1 0.282807 -0.380744 0.758803 -0.965858 -1 0.708803 -0.942956 -0.510777 0.944357 0.436374 -0.807192 -0.0480327 0.338688 -1 0.177829 -0.543983 -0.816676 -0.4336 0.636998 0.343434 0.267723 -0.390053 -0.302872 0.870931 0.803715 -0.870263 0.667386 -0.143303 0.667478 -0.987369 -0.383807 0.00731394 -0.582134 -0.432786 -0.613163 -0.247713 -0.657549 -0.85222 -1 -0.625866 0.299271 0.613091 -0.304409 -0.107724 0.314137 0.234818 0.190449 -0.047616 -0.474795 0.728253 -1 0.105676 -0.257979 -0.485981 -1 -0.280675 -0.776561 0.0470525 -0.346581 0.455383 -0.38392 0.336898 -0.763939 0.294804 -0.396167 -0.0417292 -0.169803 0.460691 -0.593533 -0.467856 -0.533339 -0.0653003 0.154434 -0.699094 -0.256502 -1 0.739913 0.264965 0.737131 -0.710866 -1 -0.320519 0.351591 0.387655 -0.735613 0.513775 -1 -1 0.16582 -0.875901 0.359054 0.181978 0.599231 0.301087 0.367812 -0.300513 -0.946052 0.218694 -0.320501 -0.388393 0.741383 0.909422 -0.79865 0.83716 -0.898474 0.00925452 -0.549392 0.257695 0.393605 0.126629 -1 -0.197997 -0.220586 0.292962 -0.975266 0.286889 -0.27455 -0.181578 -0.145629 -0.754201 -1 -0.980464 0.30118 0.992271 -0.356199 -0.368145 0.734651 -0.887994 -0.45735 0.517354 -0.202668 -0.59143 0.115075 -0.932293 0.0766537 0.0763362 
-1 -0.436323 0.666265 0.341606 -0.51768 -1 -0.0600309 0.736613 -0.661075 -0.42684 -0.405135 -0.259786 -0.643845 0.0205579 -0.0824046 -0.0303758 -0.254785 0.423197 -0.985989 -0.780167 0.639241 -0.550225 0.419882 0.497514 0.281111 -1 0.762264 -0.0700194 -0.641761 -0.107736 -0.980859 0.198359 0.189622 -0.763661 0.312464 -0.977841 0.629494 -1 0.432273 -0.913858 1 0.272343 0.519287 -0.269819 0.0739416 0.477888 -0.0153922 -0.164957 -0.0891728 -0.839863 -0.0274748 -0.599438 -0.171176 0.379579 -0.83899 -0.571087 -1 0.401288 0.473615 -1 -1 -0.225305 -0.249509 0.275203 0.328955 0.640429 0.0562075 -0.487559 -0.869423 0.0717369 0.672339 -0.740328 -0.142515 0.0811667 -0.566958 0.0855705 -0.421451 0.146853 -0.332035 -1 -0.675191 -1 -1 -0.958497 -0.308197 -0.975932 -0.889818 -0.603923 0.297636 0.214397 -0.890775 -0.061629 0.784056 -0.900114 -1 0.573083 -0.946771 -0.678633 -1 0.146057 0.156819 -1 0.680858 -0.00124878 -0.472033 0.477255 -0.338745 -0.684877 -0.115472 -0.594663 -0.361338 0.82473 -0.710117 -0.616617 0.58936 -0.208072 -0.546864 -1 -1 -0.325177 -0.327576 -0.840959 -0.673849 0.0129616 -0.386184 -0.866959 -0.941005 0.0769739 -0.944518 0.371969 -0.729429 -0.937075 0.307059 0.509614 0.633676 0.0197197 -0.747449 -0.639405 
-0.728931 -1 0.282807 -0.380744 0.758803 -0.965858 -1 0.708803 -0.942956 -0.510777 0.944357 0.436374 -0.807192 -0.0480327 0.338688 -1 0.177829 -0.543983 -0.816676 -0.4336 0.636998 0.343434 0.267723 -0.390053 -0.302872 0.870931 0.803715 -0.870263 0.667386 -0.143303 0.667478 -0.987369 -0.383807 0.00731394 -0.582134 -0.432786 -0.613163 -0.247713 -0.657549 -0.85222 -1 -0.625866 0.299271 0.613091 -0.304409 -0.107724 0.314137 0.234818 0.190449 -0.047616 -0.474795 0.728253 -1 0.105676 -0.257979 -0.485981 -1 -0.280675 -0.776561 0.0470525 -0.346581 0.455383 -0.38392 0.336898 -0.763939 0.294804 -0.396167 -0.0417292 -0.169803 0.460691 -0.593533 -0.467856 -0.533339 -0.0653003 0.154434 -0.699094 -0.256502 -1 0.739913 0.264965 0.737131 -0.710866 -1 -0.320519 0.351591 0.387655 -0.735613 0.513775 -1 -1 0.16582 -0.875901 0.359054 0.181978 0.599231 0.301087 0.367812 -0.300513 -0.946052 0.218694 -0.320501 -0.388393 0.741383 0.909422 -0.79865 0.83716 -0.898474 0.00925452 -0.549392 0.257695 0.393605 0.126629 -1 -0.197997 -0.220586 0.292962 -0.975266 0.286889 -0.27455 -0.181578 -0.145629 -0.754201 -1 -0.980464 0.30118 0.992271 -0.356199 -0.368145 0.734651 -0.887994 -0.45735 0.517354 -0.202668 -0.59143 0.115075 -0.932293 0.0766537 0.0763362 
-0.946866 -0.348883 0.832535 0.976968 -0.586502 -0.677037 -0.0254498 0.242994 -0.595682 -0.889358 -0.103717 -0.725883 -0.166346 -0.0716395 -0.149225 -0.399775 -0.391644 0.359337 -0.717094 -0.756644 0.176185 -0.720409 0.567581 0.21148 0.734493 -0.75271 0.553181 0.123282 -0.570469 -0.168217 -1 0.408862 0.0806237 -0.128058 0.275867 -1 -0.187216 -0.970968 0.1076 -1 0.679288 0.16212 0.312494 -0.0340561 0.784786 0.576072 0.318586 -0.0830757 0.523889 -0.949049 0.398804 -0.682516 -0.935977 0.491278 -1 -0.603896 -1 0.461102 0.908313 -1 -1 -0.382178 0.292497 0.0286758 0.302194 0.665584 0.373722 -0.321262 -1 -0.00435536 0.238176 -0.776175 -0.165097 0.284327 -0.750491 -0.21293 -0.0262514 0.0815703 -0.477015 -0.934377 -0.811981 -0.79778 -0.900951 -0.941329 -0.501557 -1 -0.996642 -0.319407 -0.15523 0.211524 -1 -0.197725 0.72098 -0.982087 -0.907957 0.775522 -0.651151 -0.747913 -1 0.18046 -0.126249 -1 0.471787 -0.538587 -0.644513 0.239266 -0.353253 -0.196496 -0.50021 -0.678854 -0.723582 0.894802 -0.338005 -0.314888 0.437784 -0.188217 -0.284508 -1 -1 -0.207073 -0.234927 -0.0250921 -0.491144 -0.0344272 -0.213653 -0.329359 -0.559129 0.00797878 -0.839831 0.452852 -0.224954 -1 0.255269 0.562073 0.517069 -0.691338 -0.68036 -0.892789 
-0.728931 -1 0.282807 -0.380744 0.758803 -1 -1 0.614234 -0.942956 -0.510777 0.944357 0.436374 -0.831182 -0.198669 0.338688 -1 0.177829 -0.543983 -0.816676 -0.427464 0.633437 0.343434 0.267723 -0.430056 -0.302872 0.870931 0.857402 -0.870263 0.667386 -0.321478 0.667478 -0.987369 -0.451751 0.00731394 -0.58209 -0.432786 -0.613163 -0.337585 -0.657549 -0.898788 -1 -0.820357 0.299271 0.582016 -0.304409 -0.107724 0.371937 0.215231 0.252437 -0.0243589 -0.474795 0.726501 -1 0.0804079 -0.29159 -0.671658 -1 -0.280675 -0.776561 0.0470525 -0.290436 0.320671 -0.38392 0.336898 -0.692787 0.177767 -0.404332 -0.0417292 -0.169803 0.460691 -0.593533 -0.467856 -0.73958 -0.101646 0.154434 -0.699094 -0.256502 -1 0.605422 0.264965 0.622842 -0.710866 -1 -0.320519 0.351591 0.155929 -0.735613 0.47712 -1 -1 0.16582 -0.875901 0.359054 0.181978 0.538042 0.301087 0.367812 -0.300513 -1 0.218694 -0.320501 -0.388393 0.755712 0.710352 -0.993499 0.632081 -0.898474 0.00925452 -0.549392 0.0225299 0.418372 0.128722 -1 -0.197997 -0.220586 0.24449 -0.975266 0.162999 -0.428501 -0.181578 -0.145629 -0.802757 -1 -1 0.30118 0.992271 -0.356199 -0.306598 0.512865 -0.887994 -0.538303 0.389435 -0.400779 -0.712909 0.158409 -0.995064 0.0766537 0.0763362 
-0.728777 -0.997949 0.282807 -0.463159 0.764772 -1 -1 0.708803 -1 -0.686758 0.944357 0.346067 -1 -0.128385 0.144426 -1 0.173196 -0.543983 -0.756842 -0.362039 0.636998 0.14718 0.267723 -0.43327 -0.552043 0.755307 0.550065 -1 0.548687 -0.153112 0.685398 -0.987369 -0.383807 -0.0156659 -0.549849 -0.432786 -0.906503 -0.379312 -0.713417 -0.85222 -0.94307 -0.625866 0.299271 0.609693 -0.247031 -0.315785 0.162016 0.305922 0.211916 -0.489546 -0.81006 0.628663 -1 0.105676 -0.290637 -0.676158 -1 -0.345644 -0.825917 -0.0251437 -0.446253 0.455383 -0.38392 0.331307 -0.887149 0.00117907 -0.279931 0.0315536 -0.169803 0.241945 -0.593533 -0.467856 -0.533339 -0.332923 0.154434 -0.699094 -0.382268 -0.964664 0.644074 0.348865 0.644664 -0.90544 -1 -0.320519 0.0570014 0.462762 -0.86938 0.513775 -1 -1 -0.120978 -0.883518 0.145424 -0.0719157 0.464171 0.301087 0.367812 -0.588619 -0.911877 0.218694 -0.224846 -0.388393 0.554516 0.855975 -0.953713 0.875964 -1 -0.206835 -0.798972 0.268846 0.45592 0.169464 -1 -0.197997 -0.504236 0.139043 -1 0.286889 -0.27455 -0.171586 -0.188673 -0.812795 -1 -1 -0.211989 0.870325 -0.420685 -0.44629 0.696779 -0.805672 -0.576844 0.355965 -0.178956 -0.497609 0.115075 -0.927093 0.11467 -0.21554 
-1 -0.417121 0.671061 0.274328 -0.404918 -0.86007 -0.0567659 0.577116 -1 -0.656048 -0.308001 -0.827329 -0.542125 0.191477 0.240217 -0.619706 -0.439002 0.204841 -0.874769 -0.612105 0.36534 -0.491945 0.81275 0.226284 0.350354 -0.720213 0.444865 0.0572729 -0.918988 -0.0576897 -1 0.184064 0.106773 -0.247599 0.0790437 -1 0.112766 -0.72711 -0.533167 -0.891451 0.907543 0.770046 0.215606 -0.310927 0.941619 0.200387 0.155622 -0.330995 0.503333 -0.837867 0.554374 -0.345428 -0.472839 0.329216 -0.826866 -0.807562 -1 0.475005 0.707639 -1 -1 -0.0264056 -0.0454962 0.372539 0.636126 0.592363 -0.286136 -0.435478 -0.712848 -0.561131 0.623161 -0.805598 -0.122714 0.113681 -0.765468 -0.143063 -0.0132795 0.354292 -0.5758 -0.878157 -0.762097 -0.948852 -1 -0.985335 -0.84691 -1 -1 -1 -0.324174 0.077374 -0.978046 -0.158286 0.774302 -0.84718 -0.934623 0.694593 -0.797044 -0.436976 -1 -0.363162 0.115408 -1 0.228586 -0.500438 -0.626233 0.408994 -0.503555 -0.580499 -0.228712 -0.732408 -0.401252 1 -0.321654 -0.996132 0.168814 -0.273333 -0.952827 -1 -1 -0.0393726 -0.527796 -0.45938 -0.249575 -0.175976 -0.647465 -0.54967 -0.409541 -0.36471 -0.977412 0.252489 -0.567851 -1 0.307731 0.768347 0.227029 -0.267877 -0.406017 -1 
-0.934281 -1 0.282807 -0.36905 0.713999 -0.817396 -0.919033 0.390694 -0.942956 -0.712391 0.929408 0.436374 -1 -0.080028 0.106657 -0.989744 0.110996 -0.632279 -0.697257 -0.476991 0.553437 0.293772 0.194158 -0.668528 -0.392202 0.939273 0.503003 -1 0.667386 -0.300005 0.492493 -1 -0.685312 -0.138804 -0.706887 -1 -0.872011 -0.247713 -0.657549 -0.883781 -1 -0.705246 0.245642 0.613091 -0.376744 -0.20567 0.0383463 0.208785 0.185978 0.0105804 -0.535717 0.657796 -1 0.105676 -0.332205 -0.738412 -1 -0.3751 -1 -0.0968203 -0.635921 0.455383 -0.548758 0.0781396 -0.801802 0.00745726 -0.630243 -0.0632115 -0.109663 0.36237 -0.790207 -0.533785 -0.607994 -0.168865 0.0617971 -0.611784 -0.462099 -1 0.754268 0.264965 0.115421 -0.844444 -1 -0.257671 0.133729 0.265307 -0.735613 0.513775 -1 -1 -0.0285037 -1 0.258645 0.181978 0.640423 0.0164162 0.165051 -0.300513 -1 0.0194645 -0.386004 -0.390594 0.27451 0.431304 -0.910761 0.69824 -1 -0.0823748 -0.884179 0.257695 0.426205 0.0150113 -1 -0.141779 -0.534964 0.30893 -1 0.333071 -0.744704 -0.242131 -0.362344 -0.770673 -0.946251 -1 0.325245 0.968171 -0.514381 -0.725262 0.698249 -1 -0.736352 0.289455 -0.239015 -0.454336 -0.184072 -0.879017 -0.376847 -0.0484625 
-0.728931 -1 0.283741 -0.380744 0.817975 -1 -1 0.576464 -0.957305 -0.634454 0.983431 0.436374 -0.807192 -0.0480327 0.225353 -1 0.177829 -0.761208 -0.816676 -0.476416 0.523054 0.27233 0.267723 -0.390053 -0.302872 0.870931 0.859542 -0.870263 0.716567 -0.22443 0.667478 -0.932302 -0.383807 -0.204437 -0.582134 -0.666171 -0.810723 -0.212253 -0.657549 -0.85222 -1 -0.625866 0.299271 0.613091 -0.556677 -0.107724 0.305896 0.182808 0.0953722 -0.0872705 -0.474795 0.728253 -1 0.105676 -0.36799 -0.581655 -1 -0.280675 -0.776561 0.0470525 -0.346581 0.455383 -0.636195 0.276238 -0.763939 0.294804 -0.396167 -0.0417292 -0.169803 0.460691 -0.593533 -0.467856 -0.533339 -0.0653003 0.154434 -0.739424 -0.256502 -1 0.801518 0.336135 0.629742 -0.630417 -1 -0.320519 0.125025 0.387655 -1 0.454274 -1 -1 0.0550321 -1 0.448318 0.181978 0.418654 0.301087 0.367812 -0.206432 -0.946052 0.144371 -0.320501 -0.388393 0.741383 0.909422 -0.79865 0.83716 -1 0.0615865 -0.6018 0.299415 0.393605 0.126629 -1 -0.197997 -0.14541 0.144228 -0.975266 0.286889 -0.27455 -0.431124 -0.311314 -0.952485 -1 -1 0.374784 1 -0.356199 -0.590874 0.734651 -1 -0.719813 0.517354 -0.151472 -0.59143 0.115075 -0.932293 0.0766537 0.0763362 
-0.756179 -1 0.282706 -0.620379 0.558922 -0.981901 -1 0.274487 -1 -0.538928 0.716202 0.389243 -0.807192 -0.0480327 0.338688 -0.952277 0.308352 -0.53939 -1 -0.764253 0.429913 0.308569 0.0431092 -0.390053 -0.311456 0.652619 0.870851 -0.870263 0.509964 -0.250309 0.688361 -1 -0.538728 -0.161371 -0.662598 -0.508554 -0.752392 -0.247713 -0.755716 -0.85222 -1 -0.949201 0.299271 0.688827 -0.304409 -0.0996448 0.0477429 0.262386 0.103686 -0.314482 -0.438599 0.536758 -1 0.105676 -0.257979 -0.674756 -1 -0.571669 -0.776561 -0.0250262 -0.518922 0.296405 -0.38392 0.22357 -0.736305 0.294804 -0.707111 -0.289212 -0.461428 0.52544 -0.888855 -0.590176 -0.522926 -0.481206 0.0901257 -0.83315 -0.242041 -1 0.590613 0.206892 0.663013 -0.846704 -1 -0.704248 0.204858 0.470258 -0.786686 0.284871 -0.934019 -1 -0.0164816 -1 0.215759 -0.0790185 0.685717 0.38268 0.204091 -0.300513 -1 0.112613 -0.375253 -0.388393 0.577774 0.640389 -0.785664 0.83716 -0.898474 0.070327 -0.819418 0.328057 0.244586 0.126629 -1 -0.374883 -0.529478 0.292962 -1 0.286889 -0.27455 -0.388023 -0.358924 -1 -1 -0.935728 0.18188 0.992271 -0.336613 -0.368145 0.394748 -1 -0.629376 0.367541 -0.287221 -0.548573 -0.261346 -0.932293 -0.0311697 0.0763362 
-0.728931 -1 0.0729028 -0.380744 0.758803 -1 -0.988386 0.555701 -0.924818 -0.510777 0.827953 0.436374 -0.807192 -0.209235 0.101055 -0.962359 0.0438849 -0.543983 -0.816676 -0.638911 0.636998 0.343434 0.267723 -0.559526 -0.275986 0.816584 0.803715 -0.870263 0.662981 -0.143303 0.652246 -0.987369 -0.383807 0.00731394 -0.739329 -0.60166 -0.613163 -0.247713 -0.657549 -0.96992 -1 -0.625866 0.299271 0.613091 -0.304409 -0.107724 0.314137 0.234818 0.190449 -0.047616 -0.474795 0.662026 -1 0.105676 -0.257979 -0.485981 -1 -0.280675 -0.836479 0.0470525 -0.346581 0.455383 -0.62456 0.336898 -0.763939 0.138721 -0.556271 -0.0417292 -0.169803 0.460691 -0.593533 -0.701672 -0.660531 -0.301879 0.154434 -0.670763 -0.364723 -1 0.739913 0.264965 0.617783 -0.710866 -1 -0.320519 0.351591 0.387655 -0.656037 0.513775 -1 -1 0.16582 -1 0.359054 0.221433 0.599231 0.301087 0.194318 -0.254568 -0.946052 0.100686 -0.287132 -0.574046 0.506433 0.909422 -0.79865 0.83716 -0.92313 0.00925452 -0.514921 0.257695 0.290132 0.00413662 -1 -0.147874 -0.220586 0.310538 -1 0.335541 -0.27455 -0.181578 -0.145629 -0.754201 -1 -0.980464 0.30118 0.897564 -0.356199 -0.368145 0.734651 -0.870074 -0.45735 0.428504 -0.202668 -0.59143 0.115075 -0.932293 -0.0650826 0.0763362 
-0.954762 -1 0.216928 -0.380744 0.758803 -0.965858 -1 0.708803 -0.942956 -0.625291 0.84958 0.436374 -0.740962 -0.0480327 0.195635 -0.965588 0.322854 -0.543983 -0.826889 -0.619288 0.349647 0.343434 0.267723 -0.390053 -0.212111 0.870931 0.803715 -0.870263 0.45605 -0.337085 0.381011 -1 -0.710993 0.00731394 -0.725614 -0.612146 -1 -0.398529 -0.919259 -0.85222 -1 -0.679872 0.299271 0.426739 -0.489988 -0.161037 0.276726 -0.00262612 -0.1074 -0.0433406 -0.474795 0.610063 -1 -0.00375406 -0.257979 -0.53608 -1 -0.40902 -0.73253 -0.0847366 -0.346581 0.503244 -0.485848 0.0379428 -0.763939 0.308661 -0.396167 -0.0417292 -0.327732 0.388575 -0.593533 -0.74248 -0.581379 -0.182911 0.154434 -0.719225 -0.256502 -1 0.572404 0.246258 0.737131 -0.923614 -1 -0.445403 0.351591 0.387655 -1 0.478534 -0.93309 -1 0.236189 -0.878481 0.136356 0.0818941 0.460501 -0.0332484 0.367812 -0.21962 -0.894757 0.218694 -0.320501 -0.680371 0.613101 0.708104 -0.971384 0.625221 -1 0.00925452 -0.650649 0.312725 0.343496 0.0185222 -1 -0.109982 -0.636467 0.15826 -1 0.283059 -0.391518 -0.101989 -0.316285 -0.8768 -1 -0.980464 0.158764 0.983331 -0.356199 -0.368145 0.575771 -0.887994 -0.55239 0.483954 -0.243109 -0.576561 -0.00172129 -0.926614 0.0766537 0.0763362 
-1 -1 0.123134 0.570382 -0.681296 -0.608802 -0.54304 0.894194 -0.952832 -1 -0.392398 -0.144537 -0.618641 0.56519 0.218354 -0.140476 -0.228103 0.233076 -1 -0.633308 0.190056 -0.423989 0.293205 0.0943211 0.405568 -0.723426 0.852329 0.0364698 -0.545391 0.291569 -1 0.384254 0.237987 0.0417308 0.362078 -1 0.317601 -0.236228 0.059001 -1 0.622642 0.527112 0.508221 -0.713327 0.819863 0.148676 0.190604 -0.483747 0.452599 -0.830199 0.393857 -0.548774 -0.177452 0.237546 -0.636573 -0.782463 -1 0.399318 0.136863 -1 -1 -0.241351 0.205729 0.461959 0.736081 0.471485 0.304537 -0.12336 -1 -0.453961 0.809077 -1 0.0858217 0.650578 -0.521628 -0.156042 -0.00149289 0.220062 -0.906455 -1 -0.695436 -0.872451 -1 -0.807255 -0.315635 -1 -0.838655 -0.681315 -0.129376 0.254126 -0.996297 -0.350463 0.608191 -1 -1 0.989641 -0.763172 -0.692246 -1 -0.115924 0.250492 -1 0.7644 -0.555085 -0.541947 0.0115675 -0.165868 -0.671139 -0.100535 -0.731514 -0.616751 0.529351 -0.16953 -0.434906 0.101267 -0.261295 -0.289187 -1 -1 -0.440458 -0.483426 -0.558085 -0.394335 0.122462 -0.46395 -0.820084 -0.799378 0.194252 -1 0.114419 -0.156121 -0.989633 0.0304507 0.46966 0.349201 -0.0265318 -0.859442 -0.857772 
-0.728931 -0.9811 0.278477 -0.380744 0.758803 -1 -0.983023 0.671552 -0.942956 -0.49393 0.981175 0.436374 -0.807192 -0.0480327 -0.0192741 -1 0.177829 -0.543983 -0.922287 -0.661591 0.636998 0.343434 -0.080521 -0.390053 -0.302872 0.870931 0.803715 -0.870263 0.687516 -0.143303 0.667478 -1 -0.682556 -0.180873 -0.762542 -0.432786 -0.600246 -0.433605 -0.875266 -0.85222 -1 -0.625866 0.233159 0.613091 -0.546705 -0.0477707 0.314137 0.0139695 -0.00416727 -0.047616 -0.633487 0.668183 -0.943064 -0.120408 -0.329744 -0.593524 -0.920266 -0.352714 -0.776561 -0.0503478 -0.346581 0.383656 -0.595786 0.336898 -0.979329 0.294804 -0.396167 -0.225799 -0.215162 0.537391 -0.770686 -0.54653 -0.760379 -0.0106997 0.207613 -0.924765 -0.256502 -0.962318 0.658198 0.0194008 0.515634 -0.848486 -1 -0.320519 0.345747 0.387655 -0.684549 0.513775 -1 -1 0.154698 -0.853629 0.359054 0.163258 0.393062 0.261185 0.367812 -0.236557 -1 0.029126 -0.259266 -0.564837 0.634959 0.873237 -0.795733 0.923687 -0.907563 -0.0659008 -0.549392 0.257695 0.186124 0.126629 -1 -0.310217 -0.231116 -0.0114605 -0.975266 0.263914 -0.230777 -0.300201 -0.151219 -0.84495 -1 -1 0.113393 1 -0.356199 -0.368145 0.595842 -0.887994 -0.45735 0.333045 -0.345267 -0.65171 -0.00629165 -0.914495 0.0766537 -0.115803 
0.0651606 0.265561 0.0598553 -0.722806 0.425137 -0.286651 -0.994887 -0.456608 -1 -0.211587 -1 0.248495 -0.936109 -0.932747 -0.863823 -0.814992 0.187301 -0.308892 0.022077 0.540933 0.781739 -0.808797 -1 -0.248694 -0.32069 -0.815842 -0.401965 0.356826 0.593307 0.121629 -0.505962 -0.0884653 -0.885022 0.0422154 -1 -0.434987 0.945288 -0.332284 -0.431962 0.312297 -0.365563 0.814312 -1 -0.0785573 0.400706 0.288435 -0.83524 -0.758277 -1 0.373807 -0.293949 0.735477 0.280901 0.257264 -0.178884 -0.816293 -0.0145471 -1 -0.23933 -0.0194554 0.484239 -0.654436 -1 -0.965981 0.663622 -0.493801 -0.907674 0.357251 -0.92952 -0.213586 -0.155353 0.104994 -1 -1 0.899054 0.111065 0.429543 0.194939 -0.71885 0.325421 0.138871 -0.555771 -1 -0.314329 -0.926354 -0.0535473 -0.184539 -0.529887 0.337808 -0.0502892 -0.732233 -0.411999 -0.216557 0.46665 0.200318 0.367993 -0.0790706 -0.478573 -1 -1 -1 -0.313208 -0.832919 0.194521 -0.49426 -1 -0.920287 -0.0377196 0.318223 0.127434 -0.402871 0.804148 -0.289325 -0.683688 -1 -1 -0.676774 0.117431 0.619269 0.569605 0.752482 -0.864297 -1 -0.756566 -1 -0.72307 -1 0.10992 -0.327766 0.147234 -0.895249 -0.372369 -0.444022 -0.336152 -0.892306 0.0872974 0.760162 -0.608876 
0.153026 0.265561 0.0598553 -0.92534 0.406426 -0.500848 -1 -0.844634 -1 -0.191429 -0.965763 0.207331 -1 -0.893478 -0.789332 -0.757121 0.187301 -0.368218 -0.0178069 0.540933 0.651249 -0.808797 -1 -0.248694 -0.466907 -0.909603 -0.382957 0.356826 0.36133 0.121629 -0.505962 -0.0884653 -1 0.0422154 -1 -0.363897 0.945288 -0.332284 -0.332601 0.312297 -0.280472 0.736366 -1 -0.0785573 0.400706 0.288435 -0.784462 -1 -1 0.197035 -0.23634 0.735477 0.312228 0.248283 -0.314692 -0.955717 0.0624571 -1 -0.325551 -0.0232621 0.182125 -0.780543 -1 -0.965981 0.663622 -0.493801 -1 0.0354846 -1 -0.195463 -0.316666 -0.119181 -1 -1 0.960738 0.0354717 0.434676 0.175008 -0.753446 -0.142834 0.169596 -0.563403 -0.995454 -0.314329 -0.926354 -0.195439 -0.346997 -0.70055 0.361734 -0.0872164 -0.732233 -0.756631 -0.192243 0.246619 0.19384 0.183603 -0.0270507 -0.446912 -0.967626 -1 -1 -0.331146 -0.918963 0.182734 -0.462313 -1 -0.920287 -0.259101 0.318223 0.169818 -0.603506 0.804148 -0.345126 -0.660437 -1 -1 -0.997286 0.117431 0.395265 0.569605 0.818083 -1 -1 -0.782482 -0.918713 -0.664607 -1 -0.0282239 -0.327766 0.0279667 -1 -0.480508 -0.444022 -0.527292 -0.930295 -0.294148 0.695418 -0.608876 
-1 -0.705784 0.811442 0.160886 -0.359345 -0.921604 -0.289037 0.474029 -0.286069 -0.904459 -0.476618 -0.784489 -0.602306 0.267216 -0.134548 -0.322034 -0.427459 -0.0285591 -0.70988 -0.52642 -0.741502 -0.454068 0.364357 0.0719471 0.295316 -1 0.725482 0.138211 -0.588703 -0.134917 -0.987185 0.595078 0.0756774 -0.0349758 0.405878 -0.946616 -0.290473 -1 0.0672041 -1 0.433446 0.168947 0.567532 -0.464343 0.712508 0.479119 0.482076 -0.77224 0.0401427 -0.664957 0.204497 -0.903635 -0.668491 0.453073 -1 -0.535173 -1 0.520505 0.563906 -1 -1 -0.0706214 0.239932 0.224884 0.275126 0.451735 0.460894 -0.273609 -0.993237 0.00153851 0.505082 -0.933438 -0.488447 0.38935 -0.92473 -0.0650953 0.413412 0.223725 -0.77809 -0.946134 -0.955017 -0.806632 -1 -1 -0.822922 -0.957302 -1 -0.630486 0.0730642 -0.0233106 -1 -0.417491 0.914275 -1 -0.916153 0.766035 -1 -0.646355 -1 0.42485 -0.345832 -0.964457 0.324992 -0.503509 -0.742698 0.0759291 -0.401429 -0.0243129 -0.467895 -0.76723 -0.500836 0.480276 -0.264631 -0.537834 -0.162364 -0.183778 -0.523215 -0.967236 -1 -0.428302 -0.690756 -0.137591 -0.266074 0.0609581 -0.499952 -1 -0.65882 -0.37816 -0.568914 0.525917 -0.519062 -1 0.32907 0.612279 0.350005 -0.235579 -0.534213 -0.420448 
0.0651606 0.265561 0.0598553 -0.722806 0.425137 -0.286651 -0.994887 -0.456608 -1 -0.211587 -1 0.248495 -0.936109 -0.932747 -0.863823 -0.814992 0.187301 -0.308892 0.022077 0.540933 0.781739 -0.808797 -1 -0.248694 -0.32069 -0.815842 -0.401965 0.356826 0.593307 0.121629 -0.505962 -0.0884653 -0.885022 0.0422154 -1 -0.434987 0.945288 -0.332284 -0.431962 0.312297 -0.365563 0.814312 -1 -0.0785573 0.400706 0.288435 -0.83524 -0.758277 -1 0.373807 -0.293949 0.735477 0.280901 0.257264 -0.178884 -0.816293 -0.0145471 -1 -0.23933 -0.0194554 0.484239 -0.654436 -1 -0.965981 0.663622 -0.493801 -0.907674 0.357251 -0.92952 -0.213586 -0.155353 0.104994 -1 -1 0.899054 0.111065 0.429543 0.194939 -0.71885 0.325421 0.138871 -0.555771 -1 -0.314329 -0.926354 -0.0535473 -0.184539 -0.529887 0.337808 -0.0502892 -0.732233 -0.411999 -0.216557 0.46665 0.200318 0.367993 -0.0790706 -0.478573 -1 -1 -1 -0.313208 -0.832919 0.194521 -0.49426 -1 -0.920287 -0.0377196 0.318223 0.127434 -0.402871 0.804148 -0.289325 -0.683688 -1 -1 -0.676774 0.117431 0.619269 0.569605 0.752482 -0.864297 -1 -0.756566 -1 -0.72307 -1 0.10992 -0.327766 0.147234 -0.895249 -0.372369 -0.444022 -0.336152 -0.892306 0.0872974 0.760162 -0.608876 
-0.806687 -1 0.282807 -0.463159 0.758803 -1 -1 0.708803 -1 -0.686758 0.944357 0.346067 -0.807192 -0.0480327 0.338688 -1 0.173196 -0.543983 -0.804167 -0.390381 0.636998 0.129249 0.267723 -0.336927 -0.302872 0.80026 0.550065 -1 0.667386 -0.143303 0.685398 -0.987369 -0.383807 0.00731394 -0.549849 -0.432786 -0.613163 -0.247713 -0.657549 -0.85222 -1 -0.625866 0.299271 0.613091 -0.247031 -0.107724 0.399768 0.303609 0.190449 -0.191045 -0.622442 0.628663 -1 0.105676 -0.257979 -0.676158 -1 -0.280675 -0.776561 0.0470525 -0.460841 0.455383 -0.38392 0.336898 -0.887149 0.294804 -0.333381 -0.0417292 -0.169803 0.380028 -0.593533 -0.467856 -0.533339 -0.299302 0.154434 -0.699094 -0.382268 -0.964664 0.644074 0.264965 0.644664 -0.710866 -1 -0.320519 0.158304 0.427989 -0.923335 0.513775 -1 -1 -0.103862 -0.883518 0.145424 -0.0358312 0.599231 0.301087 0.367812 -0.300513 -1 0.218694 -0.320501 -0.388393 0.741383 0.855975 -0.79865 0.83716 -1 0.00925452 -0.798972 0.257695 0.426903 0.126629 -1 -0.197997 -0.400373 0.171872 -1 0.286889 -0.27455 -0.181578 -0.188673 -0.754201 -1 -0.980464 0.0578108 0.870325 -0.420685 -0.368145 0.597506 -0.805672 -0.431038 0.323668 -0.178956 -0.497609 0.115075 -0.927093 0.11467 -0.00898722 
-0.728931 -1 0.212284 -0.645242 0.761874 -1 -1 0.694696 -1 -0.721548 0.903322 0.436374 -0.807192 -0.128938 0.338688 -1 0.136455 -0.742489 -0.842899 -0.567451 0.636998 0.322341 0.340158 -0.390053 -0.240966 0.844746 0.710565 -1 0.418053 -0.114626 0.558819 -1 -0.383807 0.00731394 -0.582134 -0.432786 -0.613163 -0.247713 -0.617665 -0.83866 -1 -0.625866 0.299271 0.204585 -0.333831 -0.286039 0.314137 0.081001 -0.00312071 -0.217346 -0.474795 0.567017 -1 0.105676 -0.257979 -0.933996 -1 -0.473111 -0.776561 -0.0885522 -0.346581 0.455383 -0.38392 0.336898 -0.765404 0.294804 -0.465953 -0.494525 -0.169803 0.486867 -0.785183 -0.575451 -0.533339 -0.232247 0.245979 -0.671296 -0.433036 -0.946335 0.739913 -0.191825 0.480828 -0.774497 -1 -0.551756 0.339312 0.113287 -0.753798 0.5117 -1 -1 0.237836 -0.975494 0.298492 -0.0784306 0.631008 0.06608 0.311221 -0.331675 -0.877136 -0.011237 -0.247226 -0.388393 0.543234 0.909422 -0.79865 0.573988 -0.898474 0.00925452 -0.660918 0.257695 0.244198 -0.285828 -1 -0.263501 -0.419717 0.292962 -0.975266 0.0544975 -0.381584 -0.212268 -0.440597 -1 -1 -1 0.30118 0.992271 -0.356199 -0.368145 0.726973 -0.884881 -0.45735 0.329739 -0.130166 -0.59143 -0.110153 -1 0.0068091 0.0763362 
-0.886239 -1 0.282807 -0.333699 0.758803 -1 -1 0.43477 -1 -0.398002 0.839186 0.204027 -0.966358 -0.526615 0.34293 -0.954328 -0.0930128 -0.543983 -0.950348 -0.4336 0.378136 0.138778 0.0742638 -0.454225 -0.42167 0.97073 0.803715 -0.866793 0.504408 -0.239927 0.632704 -1 -0.73627 0.0469224 -0.561922 -0.704459 -0.728323 -0.181686 -1 -0.85222 -1 -1 0.249403 0.549846 -0.304409 -0.133068 0.314137 -0.0626621 0.0607573 -0.194953 -0.787379 0.75641 -0.970287 0.105676 -0.254624 -0.717486 -1 -0.515791 -0.955402 -0.220108 -0.27457 -0.054617 -0.638585 0.335552 -0.758115 0.294804 -0.692245 -0.0559598 -0.276406 0.354915 -0.593533 -0.947556 -0.747615 -0.369241 0.00822835 -0.835241 -0.66074 -1 0.739913 0.25655 0.699877 -0.889383 -1 -0.684387 0.0934989 0.217531 -1 0.513775 -1 -1 0.16582 -0.919673 0.415152 0.161287 0.506927 0.0671816 0.348312 -0.655677 -0.906469 0.296537 -0.382935 -0.683372 0.562004 0.909422 -0.863711 0.493983 -1 -0.283334 -0.549392 0.179046 0.393605 0.121089 -1 -0.255179 -0.397072 0.186922 -1 0.0575013 -0.595964 -0.611031 -0.145629 -0.690515 -1 -1 0.174213 0.760255 -0.636053 -0.40024 0.65007 -0.875543 -0.519586 0.363141 -0.202668 -0.495412 0.115075 -0.932293 -0.367154 -0.293176 
-1 -0.650017 0.626279 0.567531 -0.425774 -1 -0.338731 0.940288 -0.79881 -0.220578 -0.385886 -0.146969 -0.345074 0.202858 -0.213497 -0.206599 -0.251841 0.423197 -1 -0.791981 0.482912 -0.781585 0.499003 0.298122 0.586376 -1 0.830802 0.0542001 -0.709159 0.0826189 -1 0.432782 0.352705 -0.533678 0.288398 -0.93153 0.611776 -0.866719 0.277825 -1 1 0.298018 0.626844 -0.289098 0.15419 0.154939 0.222655 -0.12841 0.166195 -1 0.0204538 -0.536533 0.0324716 0.467311 -0.712057 -0.615473 -1 0.217154 0.668378 -1 -1 0.0193141 0.188625 0.420604 0.228908 0.640429 0.0525828 -0.70395 -0.667681 -0.00184125 0.647339 -0.581949 0.0612943 0.333379 -0.541369 -0.173687 -0.218887 0.237883 -0.598205 -1 -0.563159 -0.929414 -0.918848 -1 -0.308197 -1 -0.976783 -0.603923 0.0931317 0.254501 -1 -0.106237 0.690706 -1 -1 0.719654 -0.831467 -0.774105 -0.969127 0.179982 0.276832 -1 0.400107 -0.246362 -0.454719 0.178613 -0.316473 -0.622015 -0.036453 -0.575734 -0.376354 0.735372 -0.735014 -0.595424 0.594042 -0.269327 -0.513134 -1 -1 -0.364448 -0.273237 -0.645205 -0.380873 0.0137982 -0.25994 -0.940483 -1 0.105217 -0.951695 0.446434 -0.642592 -1 0.270474 0.529154 0.528404 -0.0882688 -0.484067 -1 
0.0902226 0.265561 -0.075161 -0.809955 0.366374 -0.501839 -1 -0.689313 -1 -0.191429 -0.958166 0.248495 -1 -0.932747 -0.863823 -0.757121 0.187301 -0.308892 -0.0224338 0.540933 0.651249 -0.808797 -1 -0.203219 -0.32069 -0.902454 -0.483355 0.422499 0.36133 0.0806211 -0.505962 -0.0884653 -0.94735 0.0422154 -1 -0.434987 0.945288 -0.332284 -0.608521 0.312297 -0.280472 0.499369 -1 -0.0785573 0.285401 0.160503 -0.81396 -1 -1 0.36103 -0.26754 0.567187 0.280901 0.248283 -0.265361 -0.955717 0.0624571 -1 -0.221984 -0.0858098 0.445266 -0.654436 -1 -0.965981 0.663622 -0.493801 -1 0.120017 -1 -0.158868 -0.311622 0.0465165 -1 -0.928614 0.804222 -0.23961 0.427494 0.215595 -0.71885 0.0835046 0.0533311 -0.61998 -0.995454 -0.456915 -0.914911 -0.225802 -0.349513 -0.70055 0.173871 -0.0872164 -0.705127 -0.675806 -0.221071 0.246619 0.200318 0.170321 -0.313822 -0.676198 -0.967626 -1 -0.929719 -0.313208 -0.811495 0.182734 -0.473572 -1 -0.920287 -0.301889 0.318223 0.0645875 -0.460806 0.804148 -0.361026 -0.735784 -1 -1 -0.945363 0.117431 0.369041 0.569605 0.646734 -0.864297 -0.949934 -0.85363 -0.918713 -0.664607 -1 0.10992 -0.327766 0.033729 -1 -0.480508 -0.444022 -0.527292 -0.970729 -0.239124 0.744027 -0.822241 
-0.918536 -1 0.243133 -0.463159 0.758803 -1 -1 0.712993 -1 -0.900196 0.701522 0.346067 -0.807192 -0.0480327 0.338688 -1 0.173196 -0.543983 -0.804167 -0.390381 0.636998 0.129249 0.267723 -0.336927 -0.302872 0.865216 0.54547 -1 0.725871 -0.143303 0.621026 -0.987369 -0.396032 0.00731394 -0.670098 -0.432786 -0.613163 -0.247713 -0.657549 -0.910273 -1 -0.625866 0.367905 0.613091 -0.247031 -0.269039 0.189475 0.303609 0.244555 -0.221004 -0.740559 0.559948 -1 0.142023 -0.257979 -0.676158 -1 -0.234863 -0.713068 -0.149624 -0.460841 0.454539 -0.562479 0.336898 -0.887149 0.294804 -0.454819 -0.0417292 -0.363644 0.380028 -0.58045 -0.425872 -0.533339 -0.299302 0.154434 -0.672446 -0.382268 -0.98164 0.655567 0.264965 0.480486 -0.930957 -1 -0.265674 0.149468 0.427989 -0.923335 0.513775 -0.980359 -1 -0.103862 -0.883518 0.0363651 -0.0818767 0.451644 0.215484 0.367812 -0.300513 -0.991481 -0.00600927 -0.535705 -0.388393 0.612526 0.855975 -0.742201 0.83716 -1 0.00925452 -0.798972 0.257695 0.366374 -0.0186971 -1 -0.197997 -0.489529 0.13341 -1 0.312773 -0.478742 -0.31693 -0.221879 -0.754201 -1 -1 4.78029e-05 0.870325 -0.420685 -0.368145 0.597506 -0.809841 -0.431038 0.323668 -0.178956 -0.497609 0.193786 -1 0.11467 -0.00898722 
-1 -0.800922 0.752478 0.287512 -0.381812 -0.801265 -0.140461 0.589258 -0.354587 -1 -0.659847 -0.213417 -0.403095 0.319126 0.161416 -0.0698363 -0.299769 0.0363083 -0.855144 -0.550805 -0.119465 -0.241941 0.396181 -0.164324 0.846053 -0.651822 0.873146 -0.31234 -0.869108 0.339841 -0.995513 0.446001 0.142037 -0.240715 0.37529 -1 0.238818 -0.334328 0.00138575 -1 0.740315 0.0932367 0.310624 -0.747985 0.988114 0.296888 0.00258681 -0.33477 0.0816455 -0.955617 0.371832 -0.252859 -0.154245 0.236823 -0.825724 -0.63782 -0.821523 0.529443 0.269824 -1 -1 -0.361753 0.554191 0.437766 0.458368 0.0977966 0.513291 -0.461406 -0.798095 -0.465712 0.706635 -0.947373 0.0692911 0.353995 -0.284926 -0.239518 0.181574 0.0742922 -0.877695 -1 -0.809397 -0.901368 -1 -0.975598 -0.140058 -1 -0.801176 -0.835614 -0.0585539 0.332367 -0.934366 -0.48073 0.717827 -1 -0.932412 0.887237 -0.726766 -0.655918 -0.913341 0.15725 0.14135 -0.823365 0.413954 -0.51639 -0.357041 0.096085 -0.0445411 -0.483431 -0.298403 -0.767214 -0.64667 0.947733 -0.503362 -0.591141 0.254537 -0.402273 -0.355523 -1 -0.991683 -0.29004 -0.242255 -0.693483 -0.580494 -0.243662 -0.300785 -0.434205 -0.938992 0.0966767 -1 0.292322 -0.301227 -0.88072 0.149888 0.803508 0.470887 0.213374 -0.523617 -0.855838 
-1 -0.921475 0.54504 0.492373 -0.805703 -0.847919 -0.720788 0.755434 -0.730235 -0.774762 -0.218034 -0.45857 -0.498915 0.160164 0.170511 -0.280575 -0.308535 0.381631 -0.591564 -0.593331 0.392037 -0.699741 0.614456 -0.124003 0.575516 -0.809572 0.761122 -0.164084 -0.431699 0.264857 -0.942795 0.770468 -0.16256 -0.169261 0.334282 -1 0.324285 -0.768893 -0.0552998 -1 0.723076 0.420415 0.141134 -0.597145 0.522935 0.555789 0.261814 -0.56322 0.421958 -1 0.2337 -0.528961 -0.105905 0.469897 -0.845903 -0.596055 -1 0.532749 0.245758 -0.932477 -1 -0.155055 0.22678 0.470957 0.844874 0.68907 0.419002 -0.238068 -0.870003 -0.390234 0.451814 -0.735995 0.0595554 0.446986 -0.505215 -0.521859 -0.407724 -0.0604194 -0.71382 -0.975873 -0.839841 -0.968161 -1 -0.767332 -0.192304 -1 -0.924753 -0.4701 -0.194251 -0.392326 -0.900377 -0.627537 0.411266 -1 -0.897154 0.703305 -0.450802 -0.832207 -1 -0.23414 -0.165276 -0.749335 0.566176 -0.682017 -0.784748 0.287543 -0.0400796 -0.439168 0.00507687 -1 -0.487211 0.788992 -0.174213 -0.344893 0.274957 -0.313894 -0.997213 -0.888407 -1 -0.505125 -0.545308 -0.233147 -0.670481 -0.0223435 -0.457305 -0.84915 -0.956581 0.110596 -0.807259 0.577637 -0.384943 -1 0.135892 0.853981 0.148396 -0.256689 -0.879921 -0.852948 
-0.901546 -0.943777 0.172884 -0.345593 0.758803 -0.955855 -1 0.708803 -0.942956 -0.510777 0.962692 0.221749 -0.807192 -0.00665968 0.312258 -1 0.320278 -0.486835 -0.990148 -0.4336 0.490435 0.294083 0.213236 -0.785973 -0.419917 0.768205 0.803715 -0.812466 0.6957 -0.32363 0.53135 -0.948344 -0.362262 -0.0376657 -0.556537 -0.4858 -0.836777 -0.0891349 -0.657549 -0.999016 -1 -0.774148 0.0627341 0.370556 -0.523626 -0.229054 0.0690756 0.151427 -0.0909975 -0.047616 -0.557668 0.839165 -1 0.105676 -0.257979 -0.654934 -1 -0.405391 -1 -0.440505 -0.346581 0.214518 -0.458424 0.336898 -1 0.294804 -0.394488 0.0498655 -0.287013 0.383734 -0.593533 -0.79178 -0.816334 -0.198786 0.125608 -0.699094 -0.317341 -1 0.739913 0.389538 0.594174 -0.816312 -1 -0.396171 0.181177 0.486992 -0.820859 0.269455 -1 -1 0.134252 -0.938457 0.0607617 -0.196101 0.633499 0.301087 0.401294 -0.243094 -0.946052 0.0583185 -0.421305 -0.453886 0.741383 0.909422 -1 0.659867 -0.774572 -0.156081 -0.51941 0.335537 0.514872 0.00550679 -1 -0.12066 -0.259611 0.295813 -1 0.286889 -0.367545 -0.158866 -0.145629 -0.788985 -0.984276 -1 0.30118 0.980589 -0.356199 -0.52208 0.819909 -0.959802 -0.620556 0.251433 -0.373818 -0.676825 0.197628 -1 -0.0918924 -0.0767566 
-0.936135 -1 0.0719936 -0.380744 0.702946 -0.965858 -1 0.682048 -0.942956 -0.935723 0.648935 0.436374 -0.715927 -0.267926 0.242903 -1 -0.226282 -0.740052 -0.816676 -0.457345 0.525885 0.302629 -0.131709 -0.507204 -0.483683 0.65779 0.548955 -0.870263 0.715601 -0.393315 0.652256 -0.973335 -0.364052 0.00750077 -0.630393 -0.550094 -0.714158 -0.247713 -0.553255 -0.913455 -0.933515 -0.5873 0.299271 0.596137 -0.388601 -0.197244 -0.0381525 0.259265 0.215307 -0.0812068 -0.744944 0.54802 -1 -0.0844475 -0.31763 -0.636577 -0.983915 -0.280675 -0.730199 0.127064 -0.488302 0.451143 -0.38392 0.369891 -0.815047 0.294804 -0.881073 -0.183953 -0.169803 0.453707 -0.742239 -0.472114 -0.533339 -0.0452706 0.154434 -1 -0.467346 -1 0.335684 0.264965 0.737131 -0.884055 -1 -0.47995 0.24331 0.314343 -0.798526 0.513775 -1 -1 -0.139086 -0.941942 0.359054 0.139535 0.599231 0.261433 0.4325 -0.349926 -1 0.00467552 -0.529379 -0.325055 0.736033 0.801649 -0.777122 0.77683 -0.824258 0.00925452 -0.749296 0.257695 0.24647 0.126629 -1 -0.261484 -0.50057 0.41241 -0.975266 0.0418521 -0.421006 -0.296345 -0.384814 -0.822186 -1 -1 0.30118 0.664687 -0.335351 -0.652956 0.515719 -0.961306 -0.637211 0.399093 -0.228657 -0.677929 -0.0766126 -0.971971 -0.158135 -0.108505 
-0.806687 -1 0.282807 -0.463159 0.758803 -1 -1 0.708803 -1 -0.686758 0.944357 0.346067 -0.807192 -0.0480327 0.338688 -1 0.173196 -0.543983 -0.804167 -0.390381 0.636998 0.129249 0.267723 -0.336927 -0.302872 0.80026 0.550065 -1 0.667386 -0.143303 0.685398 -0.987369 -0.383807 0.00731394 -0.549849 -0.432786 -0.613163 -0.247713 -0.657549 -0.85222 -1 -0.625866 0.299271 0.613091 -0.247031 -0.107724 0.399768 0.303609 0.190449 -0.191045 -0.622442 0.628663 -1 0.105676 -0.257979 -0.676158 -1 -0.280675 -0.776561 0.0470525 -0.460841 0.455383 -0.38392 0.336898 -0.887149 0.294804 -0.333381 -0.0417292 -0.169803 0.380028 -0.593533 -0.467856 -0.533339 -0.299302 0.154434 -0.699094 -0.382268 -0.964664 0.644074 0.264965 0.644664 -0.710866 -1 -0.320519 0.158304 0.427989 -0.923335 0.513775 -1 -1 -0.103862 -0.883518 0.145424 -0.0358312 0.599231 0.301087 0.367812 -0.300513 -1 0.218694 -0.320501 -0.388393 0.741383 0.855975 -0.79865 0.83716 -1 0.00925452 -0.798972 0.257695 0.426903 0.126629 -1 -0.197997 -0.400373 0.171872 -1 0.286889 -0.27455 -0.181578 -0.188673 -0.754201 -1 -0.980464 0.0578108 0.870325 -0.420685 -0.368145 0.597506 -0.805672 -0.431038 0.323668 -0.178956 -0.497609 0.115075 -0.927093 0.11467 -0.00898722 
-0.711829 -1 0.278477 -0.474422 0.538442 -1 -1 0.513492 -1 -0.510777 0.717425 0.436374 -0.807192 -0.160398 0.124236 -1 0.177829 -0.658434 -0.922287 -0.4336 0.636998 0.343434 0.0427519 -0.386024 -0.302872 0.870931 0.602271 -0.878924 0.513793 -0.143303 0.669458 -1 -0.538333 -0.0671332 -0.560651 -0.432786 -0.834189 -0.247713 -0.974348 -0.794522 -1 -0.843302 0.0309291 0.613091 -0.546705 -0.261216 0.144046 0.234818 -0.174429 -0.047616 -0.482589 0.577738 -1 -0.0479271 -0.329744 -0.593524 -1 -0.216008 -0.832613 -0.0503478 -0.447776 0.383656 -0.727978 0.336898 -0.981809 0.282402 -0.396167 -0.0417292 -0.374369 0.537391 -0.600146 -0.54653 -0.760379 0.00972936 0.154434 -0.955167 -0.256502 -1 0.512779 0.0871619 0.570262 -0.848486 -1 -0.328954 0.139727 0.161585 -0.837479 0.440279 -1 -1 0.16582 -0.853629 0.359054 -0.0462606 0.4577 0.301087 0.425508 -0.236557 -0.847548 -0.00129381 -0.493323 -0.636063 0.634959 0.873237 -1 0.882206 -0.898474 -0.132368 -0.685617 0.257695 0.434978 0.126629 -1 -0.197997 -0.231116 0.0929907 -0.975266 0.266513 -0.412891 -0.300201 -0.392708 -0.924451 -1 -1 0.30118 0.986012 -0.356199 -0.368145 0.734651 -0.887994 -0.382626 0.333838 -0.283188 -0.790857 -0.132882 -0.914495 0.0766537 -0.309907 
-0.728931 -1 0.156444 -0.320511 0.758803 -1 -1 0.708803 -0.889848 -0.510777 0.944357 0.51166 -0.807192 -0.190391 0.338688 -1 0.177829 -0.667355 -0.924576 -0.4336 0.636998 0.330681 0.267723 -0.390053 -0.435564 0.870931 0.803715 -0.870263 0.667386 -0.143303 0.667478 -0.987369 -0.383807 0.00731394 -0.582134 -0.432786 -0.592992 -0.404345 -0.744976 -0.793263 -1 -0.658053 0.348831 0.613091 -0.304409 -0.249961 0.314137 0.234818 0.184877 -0.047616 -0.474795 0.728253 -1 -0.0848111 -0.318362 -0.595868 -1 -0.369296 -0.776561 0.0470525 -0.364231 0.455383 -0.38392 0.395223 -0.763939 0.294804 -0.396167 0.00990382 -0.187288 0.460691 -0.593533 -0.481483 -0.533339 -0.269243 0.154434 -0.845362 -0.256502 -1 0.740236 0.196397 0.516848 -0.710866 -1 -0.320519 0.351591 0.357934 -0.735613 0.389041 -1 -1 -0.0186972 -0.875901 0.359054 0.207115 0.379758 0.301087 0.367812 -0.481244 -0.946052 0.218694 -0.278387 -0.514254 0.75883 0.909422 -1 0.763388 -0.909647 -0.21715 -0.549392 0.105736 0.393605 0.126629 -1 -0.197997 -0.396052 0.292962 -1 0.286889 -0.256269 -0.181578 -0.145629 -0.754201 -1 -0.980464 0.241694 0.964226 -0.356199 -0.432927 0.734651 -0.887994 -0.45735 0.298807 -0.136853 -0.744055 -0.0325177 -0.952997 0.0766537 0.0763362 
-1 -0.985844 0.493034 0.597667 -0.394397 -0.546131 -0.471831 0.868873 -0.511657 -0.672568 -0.360553 -0.605029 -0.489639 0.217635 -0.178002 -0.247996 -0.32156 0.0182236 -0.91577 -0.434045 0.528323 -0.227467 0.348329 0.376502 0.785832 -0.7545 0.757459 -0.18068 -0.912227 0.202996 -1 0.417806 0.360246 0.119388 0.166762 -1 0.0509625 -0.661466 -0.272599 -1 0.597634 -0.337268 0.215662 -0.372092 0.854459 0.584823 0.23939 -0.59816 0.482671 -1 0.554374 -0.336255 -0.182124 0.490354 -0.997596 -0.665501 -0.935742 0.454871 0.131594 -1 -1 -0.214973 0.590631 0.604222 0.262237 0.292293 0.316747 -0.349131 -0.855531 -0.0456095 0.65001 -0.860301 -0.284859 0.611905 -0.472441 -0.356488 0.00855096 0.133843 -0.560221 -0.872013 -1 -0.644196 -0.726258 -1 -0.462635 -0.988156 -0.998905 -0.79983 -0.0281766 -0.33173 -1 -0.170421 0.640094 -1 -0.869919 0.903825 -0.819658 -0.691281 -1 0.0206241 0.167974 -0.777243 0.490846 -0.351064 -0.799283 0.243495 -0.185944 -0.76402 -0.0598391 -0.410442 -0.672073 0.941123 -0.374818 -0.336684 0.423513 -0.196245 -0.616376 -0.912523 -1 0.0513079 -0.441955 -0.562907 -0.722292 -0.498067 -0.346953 -0.65621 -0.590577 0.0626442 -1 0.507808 -0.701834 -1 0.24874 0.552086 0.365304 0.223334 -0.644947 -0.474035 
-0.806687 -1 0.282807 -0.463159 0.758803 -1 -1 0.708803 -1 -0.686758 0.944357 0.346067 -0.807192 -0.0480327 0.338688 -1 0.173196 -0.543983 -0.804167 -0.390381 0.636998 0.129249 0.267723 -0.336927 -0.302872 0.80026 0.550065 -1 0.667386 -0.143303 0.685398 -0.987369 -0.383807 0.00731394 -0.549849 -0.432786 -0.613163 -0.247713 -0.657549 -0.85222 -1 -0.625866 0.299271 0.613091 -0.247031 -0.107724 0.399768 0.303609 0.190449 -0.191045 -0.622442 0.628663 -1 0.105676 -0.257979 -0.676158 -1 -0.280675 -0.776561 0.0470525 -0.460841 0.455383 -0.38392 0.336898 -0.887149 0.294804 -0.333381 -0.0417292 -0.169803 0.380028 -0.593533 -0.467856 -0.533339 -0.299302 0.154434 -0.699094 -0.382268 -0.964664 0.644074 0.264965 0.644664 -0.710866 -1 -0.320519 0.158304 0.427989 -0.923335 0.513775 -1 -1 -0.103862 -0.883518 0.145424 -0.0358312 0.599231 0.301087 0.367812 -0.300513 -1 0.218694 -0.320501 -0.388393 0.741383 0.855975 -0.79865 0.83716 -1 0.00925452 -0.798972 0.257695 0.426903 0.126629 -1 -0.197997 -0.400373 0.171872 -1 0.286889 -0.27455 -0.181578 -0.188673 -0.754201 -1 -0.980464 0.0578108 0.870325 -0.420685 -0.368145 0.597506 -0.805672 -0.431038 0.323668 -0.178956 -0.497609 0.115075 -0.927093 0.11467 -0.00898722 
-0.728931 -1 0.282807 -0.380744 0.758803 -0.965858 -1 0.708803 -0.942956 -0.510777 0.944357 0.436374 -0.807192 -0.0480327 0.338688 -1 0.177829 -0.543983 -0.816676 -0.4336 0.636998 0.343434 0.267723 -0.390053 -0.302872 0.870931 0.803715 -0.870263 0.667386 -0.143303 0.667478 -0.987369 -0.383807 0.00731394 -0.582134 -0.432786 -0.613163 -0.247713 -0.657549 -0.85222 -1 -0.625866 0.299271 0.613091 -0.304409 -0.107724 0.314137 0.234818 0.190449 -0.047616 -0.474795 0.728253 -1 0.105676 -0.257979 -0.485981 -1 -0.280675 -0.776561 0.0470525 -0.346581 0.455383 -0.38392 0.336898 -0.763939 0.294804 -0.396167 -0.0417292 -0.169803 0.460691 -0.593533 -0.467856 -0.533339 -0.0653003 0.154434 -0.699094 -0.256502 -1 0.739913 0.264965 0.737131 -0.710866 -1 -0.320519 0.351591 0.387655 -0.735613 0.513775 -1 -1 0.16582 -0.875901 0.359054 0.181978 0.599231 0.301087 0.367812 -0.300513 -0.946052 0.218694 -0.320501 -0.388393 0.741383 0.909422 -0.79865 0.83716 -0.898474 0.00925452 -0.549392 0.257695 0.393605 0.126629 -1 -0.197997 -0.220586 0.292962 -0.975266 0.286889 -0.27455 -0.181578 -0.145629 -0.754201 -1 -0.980464 0.30118 0.992271 -0.356199 -0.368145 0.734651 -0.887994 -0.45735 0.517354 -0.202668 -0.59143 0.115075 -0.932293 0.0766537 0.0763362 
-0.955688 -1 0.125558 -0.57249 0.758803 -1 -1 0.664659 -1 -0.617514 0.944357 0.346067 -0.807192 -0.0480327 0.378435 -1 0.118775 -0.543983 -1 -0.419181 0.563259 0.129249 0.267723 -0.336927 -0.298792 0.80026 0.619212 -1 0.620018 -0.326606 0.643941 -0.939747 -0.383807 -0.192797 -0.611374 -0.432786 -0.613163 -0.247713 -0.657549 -0.85222 -1 -0.713483 0.299271 0.613091 -0.247031 -0.107724 0.349801 0.303609 0.190449 -0.399612 -0.677374 0.484374 -1 0.0091725 -0.266818 -0.676158 -1 -0.490936 -0.776561 -0.032254 -0.460841 0.455383 -0.587956 0.336898 -0.891798 0.294804 -0.552258 -0.0417292 -0.377705 0.380028 -0.589293 -0.467856 -0.625407 -0.299302 0.095029 -0.699094 -0.382268 -0.993509 0.644074 0.264965 0.45611 -0.710866 -1 -0.347022 -0.0700236 0.295147 -1 0.513775 -0.963078 -0.972131 -0.103862 -0.883518 0.0668879 -0.0840566 0.652729 0.301087 0.367812 -0.300513 -1 0.218694 -0.269848 -0.388393 0.741383 0.822782 -0.864252 0.83716 -1 -0.0567884 -0.798972 0.189935 0.426903 -0.0372334 -1 -0.125871 -0.400373 0.202505 -1 0.286889 -0.513488 -0.412329 -0.288822 -0.754201 -1 -0.980464 -0.0672517 0.946297 -0.638439 -0.3962 0.594079 -0.805672 -0.658733 0.350724 -0.302516 -0.497609 -0.0419998 -0.927093 0.109644 -0.225521 
-0.819206 -1 0.0289541 -0.37458 0.672042 -0.898551 -0.989006 0.6338 -1 -0.39791 0.774757 0.236105 -0.940179 -0.400994 0.0636892 -1 0.151228 -0.543983 -1 -0.771323 0.621282 0.23169 -0.164203 -0.382414 -0.470491 0.77685 0.609387 -1 0.321904 -0.284815 0.388866 -1 -0.383807 -0.698167 -0.777963 -0.546238 -0.768857 -0.442607 -0.678188 -0.925155 -1 -0.926869 0.296742 0.333925 -0.513035 -0.270813 0.172537 0.0129253 -0.0969056 0.00980011 -0.735016 0.511471 -0.964794 -0.0742902 -0.345326 -0.844345 -1 -0.371716 -1 -0.128712 -0.469277 -0.170415 -0.549052 -0.0259363 -0.746681 0.294804 -0.596331 -0.0745986 -0.2768 0.354153 -0.655926 -0.538065 -0.543514 -0.240695 -0.543137 -1 -0.3949 -1 0.419686 0.102209 0.782886 -0.671775 -1 -0.560211 0.248105 0.0826357 -0.815123 0.386577 -0.963952 -1 -0.185619 -1 0.152206 0.211286 0.385943 0.271815 0.311005 -0.465824 -0.946052 -0.247462 -0.342904 -0.572852 0.767673 0.688235 -0.984793 0.83716 -0.985683 -0.221921 -0.676981 0.222812 0.00876655 0.118586 -1 -0.0287196 -0.28457 0.315561 -1 -0.0550333 -0.248669 -0.571682 -0.152895 -0.93586 -1 -0.965316 0.323679 0.939029 -0.356199 -0.387189 0.585927 -1 -0.737572 0.150818 -0.439996 -0.508606 -0.0277829 -1 0.0766537 -0.105831 
-0.693838 -1 0.166931 -0.432882 0.562432 -1 -1 0.708803 -0.86676 -0.758535 0.752224 0.487371 -0.875094 -0.0480327 0.371002 -1 0.111273 -0.938181 -0.829276 -0.624513 0.45455 0.343434 0.0611722 -0.507204 -0.455695 0.566009 0.617684 -1 0.667386 -0.158809 0.659552 -1 -0.45415 -0.0488203 -0.582134 -0.574989 -0.946346 -0.469884 -0.584789 -0.848341 -0.985716 -0.669684 0.358615 0.613091 -0.304409 -0.126253 -0.00195156 0.179875 0.110803 -0.19906 -0.696686 0.640849 -1 -0.146593 -0.215442 -0.60385 -1 -0.358354 -0.752038 0.0470525 -0.556245 0.515126 -0.468375 0.202358 -0.763939 0.294804 -0.703061 -0.402821 -0.169803 0.131986 -0.786329 -0.406524 -0.730407 -0.0236314 0.183989 -1 -0.265586 -1 0.504585 0.264965 0.737131 -0.908219 -1 -0.316213 0.331065 0.31361 -0.735613 0.433451 -1 -0.934873 0.0310437 -1 0.359054 0.0338015 0.392745 0.0581858 0.219005 -0.306315 -1 0.184943 -0.360585 -0.390615 0.772969 0.785427 -0.777122 0.63502 -1 0.00925452 -0.731936 0.181734 0.393605 0.126362 -1 -0.197997 -0.290127 0.360205 -0.975266 -0.181777 -0.501158 -0.181578 -0.352251 -0.939616 -1 -1 0.325549 1 -0.401393 -0.4603 0.515719 -0.894338 -0.45735 0.161742 -0.202668 -0.603353 -0.224752 -1 0.109243 -0.0103464 
-1 -1 0.375482 -0.489836 0.618564 -1 -0.97012 0.610283 -1 -0.533883 0.592755 0.436374 -1 -0.219536 0.380034 -1 -0.00463007 -1 -1 -0.436076 0.793688 0.32265 0.141503 -0.551206 -0.191055 0.422276 0.206668 -1 0.69273 -0.231081 0.706362 -0.987369 -0.567519 -0.149039 -0.806642 -0.428925 -0.829205 -0.507797 -1 -0.920172 -1 -0.625866 0.209101 0.374187 -0.709852 -0.140195 0.289594 0.203542 -0.163732 -0.455408 -0.622197 0.728253 -0.903253 -0.64305 -0.544716 -0.497137 -1 -0.457027 -0.751554 -0.157313 -0.320451 0.496761 -0.638076 0.16 -0.968821 -0.26009 -0.683394 -0.0417292 -0.31054 0.379314 -0.63275 -0.728943 -0.730444 -0.27064 -0.0277488 -1 -0.648183 -1 0.809509 0.0622252 0.782355 -0.786101 -0.966361 -0.532751 0.113097 0.337719 -0.892439 0.513775 -1 -1 -0.0362511 -0.810545 0.387713 0.0222814 0.522428 0.0988643 0.0757769 -0.325085 -0.946052 0.0287052 -0.309973 -0.415256 0.468713 0.641918 -0.731133 0.616237 -0.967547 -0.137735 -0.549392 0.296081 0.275532 -0.254554 -1 -0.488428 -0.4801 0.0524454 -1 0.157222 -0.384718 -0.471951 -0.546897 -1 -0.961105 -1 0.233571 0.990999 -1 -0.526732 0.572406 -1 -0.546636 0.331784 -0.300492 -0.553953 -0.128935 -0.997639 0.129237 -0.569318 
-0.728931 -1 0.247149 -0.380744 0.758803 -0.942421 -0.98484 0.708803 -0.942956 -0.640405 0.649084 0.211038 -0.807192 -0.0480327 0.394864 -1 -0.0170797 -0.665792 -0.843454 -0.595008 0.553882 0.403829 0.346658 -0.31677 -0.485548 0.799188 0.693566 -0.870263 0.666478 -0.114617 0.667478 -0.987369 -0.346328 -0.054016 -0.891179 -0.605346 -0.567719 -0.299209 -0.696383 -1 -1 -0.794195 0.258779 0.613091 -0.304409 -0.191333 0.314137 -0.187907 0.217014 -0.362136 -0.59992 0.724153 -1 0.105676 -0.595598 -0.454811 -1 -0.280675 -0.938777 -0.247209 -0.471345 0.124252 -0.53062 0.326707 -0.80994 0.0859506 -0.573056 -0.327779 -0.153411 0.288845 -0.593533 -0.467856 -0.533339 -0.140158 -0.260651 -0.878379 -0.256502 -1 0.770359 0.0880807 0.664361 -0.710866 -1 -0.351824 0.279815 0.387655 -0.885024 0.464477 -0.902134 -1 -0.100674 -1 0.359054 -0.149441 0.647155 0.0752621 0.19872 -0.668542 -0.89568 -0.158586 -0.830863 -0.512337 0.741383 0.777404 -0.999171 0.83716 -0.898474 -0.161131 -0.64487 0.257695 0.0513939 0.178622 -1 -0.383682 -0.205866 0.249654 -0.912696 0.320052 -0.471352 -0.181578 -0.145629 -0.754201 -1 -0.980464 0.196128 0.992271 -0.461875 -0.368145 0.672298 -0.907626 -0.765112 0.543704 -0.234443 -1 -0.105076 -0.932293 0.0324383 0.014906 
0.0651606 0.265561 0.0598553 -0.722806 0.425137 -0.286651 -0.994887 -0.456608 -1 -0.211587 -1 0.248495 -0.936109 -0.932747 -0.863823 -0.814992 0.187301 -0.308892 0.022077 0.540933 0.781739 -0.808797 -1 -0.248694 -0.32069 -0.815842 -0.401965 0.356826 0.593307 0.121629 -0.505962 -0.0884653 -0.885022 0.0422154 -1 -0.434987 0.945288 -0.332284 -0.431962 0.312297 -0.365563 0.814312 -1 -0.0785573 0.400706 0.288435 -0.83524 -0.758277 -1 0.373807 -0.293949 0.735477 0.280901 0.257264 -0.178884 -0.816293 -0.0145471 -1 -0.23933 -0.0194554 0.484239 -0.654436 -1 -0.965981 0.663622 -0.493801 -0.907674 0.357251 -0.92952 -0.213586 -0.155353 0.104994 -1 -1 0.899054 0.111065 0.429543 0.194939 -0.71885 0.325421 0.138871 -0.555771 -1 -0.314329 -0.926354 -0.0535473 -0.184539 -0.529887 0.337808 -0.0502892 -0.732233 -0.411999 -0.216557 0.46665 0.200318 0.367993 -0.0790706 -0.478573 -1 -1 -1 -0.313208 -0.832919 0.194521 -0.49426 -1 -0.920287 -0.0377196 0.318223 0.127434 -0.402871 0.804148 -0.289325 -0.683688 -1 -1 -0.676774 0.117431 0.619269 0.569605 0.752482 -0.864297 -1 -0.756566 -1 -0.72307 -1 0.10992 -0.327766 0.147234 -0.895249 -0.372369 -0.444022 -0.336152 -0.892306 0.0872974 0.760162 -0.608876 
-0.656338 -1 0.182524 -0.380744 0.575894 -1 -1 0.782249 -1 -0.510777 0.8939 0.321521 -0.835942 -0.0997538 0.397361 -1 0.0965665 -0.724486 -0.781751 -0.545886 0.632938 0.408629 0.0245106 -0.3673 -0.513837 0.778001 0.803715 -1 0.667386 -0.143303 0.498577 -1 -0.394349 0.0501299 -0.681891 -0.400862 -0.608366 -0.340989 -0.716102 -0.951741 -1 -0.772718 0.05111 0.677339 -0.269203 -0.0541697 0.251869 0.0540909 -0.0232511 0.0438959 -0.474795 0.515075 -1 -0.0497202 -0.257979 -0.572852 -1 -0.2574 -0.776561 -0.265919 -0.16353 0.399523 -0.440711 0.44933 -0.763939 0.16943 -0.4528 -0.183114 -0.169803 0.331453 -0.823291 -0.606517 -0.68751 -0.107314 0.107861 -0.877437 -0.397283 -1 0.65689 0.237971 0.738512 -0.691058 -1 -0.347981 0.2853 -0.0559648 -0.962323 0.421312 -1 -0.942651 0.200838 -0.875901 0.112676 0.15378 0.627727 0.19336 0.367812 -0.220423 -0.946052 0.0796799 -0.546035 -0.543886 0.701413 0.843349 -0.943677 0.786196 -0.912421 -0.399254 -0.684707 0.138096 0.211827 -0.172659 -1 -0.375045 -0.327516 0.1721 -0.975266 0.321234 -0.196772 -0.236978 -0.442121 -0.771204 -1 -1 0.169694 0.992271 -0.522207 -0.31811 0.523299 -0.940866 -0.556732 0.424929 -0.35168 -0.612972 0.0298838 -1 -0.166304 -0.150801 
-0.994023 -1 0.29079 0.525392 -0.557117 -0.918431 -0.40075 0.674222 -0.501294 -0.590559 -0.181267 -0.0964959 -0.833326 0.552996 0.466879 -0.469701 -0.0998803 0.449071 -0.914407 -0.58393 -0.0372493 -0.38307 0.506403 0.369961 0.312857 -1 0.57402 -0.181945 -0.768336 -0.0096202 -1 0.528634 0.322444 0.296136 0.495535 -0.874228 0.25246 -0.273549 0.313039 -1 0.927961 0.333073 0.392825 -0.595844 0.609826 0.0167069 -0.0422901 -0.113699 0.718697 -1 0.543205 -0.676105 -0.134855 0.44235 -0.701545 -0.993948 -1 0.419112 0.327268 -1 -1 -0.367918 0.707132 -0.0775841 0.303461 0.455864 0.581846 -0.519424 -0.650437 -0.188224 0.539187 -0.790933 -0.533421 0.144377 -0.914786 -0.0493444 0.228931 -0.0420484 -0.814493 -1 -1 -1 -1 -1 -0.133483 -0.976953 -1 -0.846183 -0.557219 -0.54862 -1 -0.85262 0.625709 -1 -0.958881 0.326696 -0.698687 -0.862618 -1 -0.0189992 -0.355363 -0.889218 0.837581 0.132811 -0.644556 0.232215 -0.0400796 -0.650922 0.15591 -0.945013 -0.609056 0.832642 -0.256354 -0.569381 -0.130618 -0.584432 -0.407338 -1 -0.903467 -0.0830037 -0.50134 -0.820323 -0.648104 0.196317 -0.501032 -0.80077 -0.470229 0.0168534 -1 0.158779 -0.28264 -0.902635 -0.0877773 0.3158 0.463269 -0.216292 -0.489843 -0.46417 
-1 -1 0.643129 0.475662 -0.725253 -0.766215 -0.282627 0.831218 -0.49647 -0.952884 -0.455535 -0.467696 -0.428869 0.559056 -0.210966 -0.0137613 -0.0875759 0.15156 -0.662174 -0.517461 0.147991 -0.320843 0.199322 -0.0413131 0.534922 -0.590128 0.812949 0.0972636 -0.47806 0.252684 -1 0.550692 0.232142 -0.0720247 0.357564 -1 0.471272 -0.274787 0.0916085 -1 0.689415 0.532744 0.222968 -0.341679 0.648372 0.192788 0.0816454 -0.683718 0.110914 -0.840715 0.260311 -0.582195 -0.050515 0.0358022 -0.654387 -0.620567 -1 0.529443 0.441436 -0.93621 -1 -0.188845 0.198669 0.189196 0.668269 0.702411 -0.0510755 -0.12336 -1 -0.285542 0.568555 -1 0.281012 0.364766 -0.292828 -0.148654 0.0321853 0.246954 -0.966525 -0.941481 -0.713237 -0.938365 -1 -0.95744 -0.176124 -1 -0.944332 -0.522737 0.138349 0.293672 -1 -0.551948 0.720933 -0.969206 -0.989956 0.828031 -0.850974 -0.76223 -0.935847 -0.152854 0.202051 -0.867306 -0.106107 -0.867949 -0.292951 0.249578 -0.357378 -0.409832 -0.119907 -0.650316 -0.958014 0.975648 -0.215963 -0.833453 -0.388534 -0.247404 -0.389799 -0.878666 -0.996412 -0.195866 -0.370772 -0.403457 -0.57503 0.203848 -0.62986 -0.524314 -1 0.0303324 -1 0.0884203 -0.169343 -1 0.137035 0.497787 0.413326 -0.236375 -0.252591 -1 
-0.772426 -1 0.282807 -0.565369 0.758803 -0.965858 -1 0.574947 -0.942956 -0.510777 0.873352 0.436374 -0.845452 -0.00943284 0.142769 -0.910077 -0.0658154 -0.543983 -0.825051 -0.4336 0.476388 0.231958 0.267723 -0.617437 -0.485687 0.612 0.707037 -0.870263 0.667386 -0.225032 0.667478 -0.987369 -0.481764 0.00731394 -0.693328 -0.432786 -0.613163 -0.169344 -0.657549 -0.85222 -1 -0.567092 0.382512 0.373692 -0.304409 -0.107724 0.314137 0.234818 0.190449 -0.047616 -0.609131 0.634396 -1 0.105676 -0.257979 -0.569644 -1 -0.42756 -0.680746 0.0470525 -0.346581 0.424093 -0.59294 0.18549 -0.956227 0.0170348 -0.609646 -0.0417292 -0.252908 0.460691 -0.852304 -0.467856 -0.558248 -0.0653003 0.118982 -0.699094 -0.256502 -1 0.668579 0.207153 0.737131 -0.993275 -1 -0.316624 0.134776 0.432804 -0.902336 0.235889 -1 -1 -0.0993984 -0.872923 0.359054 0.181978 0.599231 0.365019 0.243133 -0.544471 -1 0.218694 -0.320501 -0.388393 0.793097 0.807827 -0.79865 0.56125 -0.959182 0.00925452 -0.521529 0.229911 0.394896 0.126629 -1 -0.197997 -0.220586 0.280753 -0.975266 0.0986355 -0.472029 -0.181578 -0.21825 -0.89874 -1 -0.980464 0.252544 0.992271 -0.356199 -0.561048 0.734651 -0.887994 -0.45735 0.517354 -0.202668 -0.59143 -0.0826331 -1 0.0643453 0.0763362 
-0.994052 -1 0.339583 -0.380744 0.713999 -0.817396 -1 0.594401 -0.942956 -0.82973 0.723943 0.436374 -1 -0.0297668 -0.0347196 -0.954909 0.06996 -0.813135 -0.796867 -0.712916 0.623814 -0.074237 0.0523512 -0.602956 -0.544113 0.870931 0.507131 -1 0.667386 -0.547698 0.274386 -1 -0.640256 -0.545128 -0.599141 -0.730668 -0.937285 -0.266889 -0.657549 -0.883781 -1 -0.798808 0.285428 0.600912 -0.450611 -0.205036 0.174973 0.274244 0.26529 -0.364474 -0.578927 0.427956 -1 0.0698032 -0.39061 -0.59785 -1 -0.831323 -0.84358 -0.0968203 -0.591435 -0.00610526 -0.36256 0.0550903 -0.801802 0.103513 -0.875447 -0.133034 -0.37823 0.398284 -0.464679 -0.850014 -0.533339 0.0271313 0.0617971 -0.650988 -0.240289 -1 0.797831 0.264965 0.485531 -0.710866 -0.974833 -0.297351 -0.0631752 0.426017 -0.735613 0.24936 -1 -0.972767 0.196951 -1 0.401486 -0.0396837 0.599231 0.191885 0.094488 -0.286765 -1 0.218694 -0.592745 -0.546965 0.296179 0.787365 -0.921648 0.5788 -0.942608 0.036919 -1 0.0283815 0.0989106 0.198125 -1 -0.141779 -0.503385 0.166561 -1 0.210729 -0.540842 -0.363608 -0.272451 -1 -1 -1 0.413198 0.983013 -0.517827 -0.444722 0.490463 -0.979843 -0.924837 0.289455 -0.279862 -0.682799 -0.386665 -0.86524 -0.669676 -0.257445 
0.0651606 0.265561 0.0598553 -0.722806 0.416529 -0.354041 -1 -0.558673 -0.930203 -0.370311 -1 0.284192 -0.856748 -0.932747 -1 -0.870915 -0.0699784 -0.308892 -0.0427878 0.254703 0.781739 -0.808797 -1 -0.248694 -0.583874 -0.815842 -0.59674 0.356826 0.470225 0.0660344 -0.505962 -0.0613766 -0.992422 -0.193047 -1 -0.434987 0.945288 -0.332284 -0.431962 0.102469 -0.365563 0.814312 -1 -0.0785573 0.400706 0.288435 -0.904568 -0.758277 -1 0.164316 -0.488553 0.735477 0.280901 0.257264 -0.282267 -0.837676 -0.167321 -1 -0.140668 -0.0194554 0.297958 -0.618825 -1 -0.952475 0.663622 -0.493801 -1 0.259989 -1 -0.295963 -0.40677 -0.161261 -1 -1 0.899054 0.111065 0.429543 0.184399 -0.876371 0.123464 0.0819272 -0.555771 -1 -0.316352 -0.926354 -0.0535473 -0.184539 -0.734704 0.337808 -0.0502892 -0.732233 -0.411999 -0.420656 0.386018 0.200318 0.367993 0.015944 -0.478573 -1 -1 -1 -0.313208 -0.832919 0.194521 -0.508432 -1 -1 0.00970065 0.318223 0.127434 -0.402871 0.804148 -0.375115 -0.683688 -1 -1 -0.676774 0.107045 0.701645 0.569605 0.752482 -0.864297 -1 -0.756566 -1 -0.72307 -1 0.121327 -0.327766 0.147234 -0.99653 -0.527563 -0.444022 -0.336152 -1 0.0507285 0.735209 -0.667131 
0.0746426 0.265561 -0.172707 -0.722806 0.406426 -0.491105 -0.923781 -0.689313 -1 -0.191429 -0.941983 0.217763 -1 -1 -1 -0.757121 0.187301 -0.308892 0.0262704 0.540933 0.662638 -0.984427 -1 -0.507908 -0.447706 -0.902454 -0.316585 0.356826 0.349084 -0.0473982 -0.505962 -0.21393 -1 0.0422154 -1 -0.656988 0.945288 -0.438019 -0.386161 0.312297 -0.280472 0.736366 -1 0.00956624 0.45768 0.288435 -0.797869 -1 -1 0.159758 -0.504705 0.735477 -0.0147582 0.149598 -0.288847 -0.955717 0.106712 -1 -0.23933 0.0169461 0.403482 -0.861383 -1 -0.965981 0.663622 -0.554122 -1 -0.0828677 -0.92952 -0.347206 -0.155353 0.104994 -1 -1 0.661348 0.0492219 0.178745 0.228657 -0.71885 -0.165356 0.138871 -0.555771 -1 -0.314329 -0.926354 -0.195439 -0.184539 -0.802792 0.436862 -0.0872164 -0.732233 -0.577844 -0.187794 0.246619 0.200318 0.170321 -0.0790706 -0.595918 -0.967626 -1 -1 -0.453781 -0.832919 0.182734 -0.513894 -1 -0.940304 -0.301889 0.300171 0.169818 -0.525431 0.804148 -0.432567 -0.69078 -1 -1 -0.868209 0.160669 0.369041 0.613162 0.818083 -0.769391 -0.922771 -1 -0.918713 -0.769899 -1 0.166819 -0.530037 0.0169849 -1 -0.512171 -0.444022 -0.527292 -0.930295 -0.161497 0.745448 -0.654842 
-1 -0.746244 0.52096 0.753683 -0.540763 -0.464671 -0.562734 0.882166 -0.667956 -0.947369 -0.700087 -0.101152 -0.798814 0.352879 0.138331 -0.739723 -0.345325 0.307348 -1 -0.631774 0.0636332 -0.778514 0.021573 -0.0613913 0.57946 -0.929714 0.738784 0.0217057 -0.957801 0.215261 -0.96264 0.822964 0.259763 -0.016407 0.105362 -0.94363 0.275141 -0.274787 -0.32593 -1 0.869719 0.42215 0.515812 -0.938866 0.633019 0.529436 0.00178058 -1 0.335063 -0.767599 0.331867 -0.269054 -0.184677 -0.0184538 -0.662504 -0.484977 -1 0.139202 0.408326 -1 -1 -0.47138 0.530742 0.560385 0.858096 0.122591 0.0436058 -0.0843998 -1 -0.758976 0.331398 -0.775359 0.294726 0.347697 -0.722902 -0.649278 -0.089547 -0.363358 -1 -0.864794 -0.798656 -0.925816 -0.920998 -1 -0.111338 -1 -0.783155 -1 0.138904 0.0891206 -1 -0.886117 0.397192 -0.948522 -0.958524 0.793973 -0.787374 -0.899679 -1 -0.123025 -0.311711 -1 0.569257 -0.708928 -0.365489 -0.246839 -0.180759 -0.647723 0.0392552 -1 -0.862909 1 -0.458152 -0.837552 0.0431019 -0.204513 -0.4322 -1 -1 -0.716508 -0.510754 -0.101907 -0.451488 0.0818997 -0.269934 -0.633649 -0.892378 0.176306 -1 0.253315 -0.0095963 -1 0.176049 0.825333 0.314466 -0.0406578 -0.581965 -0.884031 
-0.794163 -1 0.18926 -0.41395 0.758803 -1 -1 0.72993 -0.984752 -0.690146 0.967615 0.356431 -1 -0.268754 0.118178 -1 -0.234867 -0.559389 -0.804167 -0.810472 0.685051 0.0538391 0.127397 -0.830145 -0.484023 0.512912 0.323185 -1 0.488206 -0.310939 0.175616 -1 -0.585283 -0.168696 -0.502196 -0.562444 -0.838141 -0.613581 -1 -0.936443 -1 -0.818111 0.194287 0.48805 -0.469835 -0.25233 0.24292 0.0856386 0.190449 -0.495079 -0.614116 0.657294 -0.994287 0.134103 -0.216655 -0.701697 -1 -0.499827 -0.889639 -0.154985 -0.922799 0.321317 -0.440123 0.162093 -1 0.294804 -0.938128 -0.0668719 -0.194245 0.409738 -0.528726 -0.741204 -0.466052 -0.497751 0.236702 -0.838079 -0.714885 -1 0.469977 0.227248 0.734939 -0.925369 -0.919384 -0.39859 0.1069 0.427989 -1 0.325118 -1 -0.900859 -0.463579 -1 0.15807 -0.218086 0.080524 0.185532 0.171056 -0.584104 -1 0.249737 -0.417404 -0.413704 0.538746 0.488558 -1 0.83716 -1 -0.259605 -0.798972 0.093136 0.0257782 0.0450105 -0.915641 -0.107856 -0.857329 0.0138959 -1 0.30368 -0.441707 -0.244106 -0.273916 -0.932619 -1 -0.964394 -0.0399324 0.857738 -0.294518 -0.320772 -0.0943304 -1 -0.658767 -0.0442959 -0.153935 -0.695533 0.115075 -1 0.0662593 -0.216382 
-0.725193 -1 0.287208 -0.350393 0.780591 -0.991257 -1 0.375495 -0.972328 -0.563915 0.485951 0.288239 -0.807192 -0.199675 -0.00878094 -1 0.147261 -0.653097 -0.816676 -0.716808 0.636998 0.0930809 0.0461281 -0.428313 -0.52834 0.870931 0.347842 -0.812038 0.706519 -0.325149 0.55292 -1 -0.381849 -0.218564 -0.974448 -0.504247 -0.645196 -0.472391 -1 -0.887156 -1 -0.662583 -0.0712731 0.455857 -0.49039 -0.0709398 0.11529 0.277851 0.15208 0.0527232 -0.486528 0.37456 -1 0.160524 -0.429108 -0.563178 -1 -0.326199 -1 -0.0912558 -0.561266 0.115147 -0.606957 0.336898 -0.819727 0.162602 -0.593555 -0.0964496 -0.169803 0.356889 -0.904211 -0.467856 -0.533339 -0.323841 0.154434 -0.950292 -0.441877 -0.983689 0.389514 0.133346 0.5962 -0.783829 -0.992877 -0.622439 0.334059 0.309348 -1 0.346767 -1 -1 0.224958 -0.875901 -0.0731034 0.181978 0.535148 0.3239 0.192616 -0.375904 -0.946052 0.218694 -0.294149 -0.550647 0.605259 0.596473 -0.926006 0.653205 -1 0.00925452 -0.549392 0.219612 0.250584 -0.0398638 -1 -0.197997 -0.220586 -0.036596 -1 0.056405 -0.797855 -0.368322 -0.369263 -1 -1 -0.980464 0.187912 1 -0.57245 -0.507028 0.535482 -1 -0.497391 0.402277 -0.434475 -0.807097 0.21265 -0.981664 -0.262959 -0.292398 
-0.806687 -1 0.282807 -0.463159 0.758803 -1 -1 0.708803 -1 -0.686758 0.944357 0.346067 -0.807192 -0.0480327 0.338688 -1 0.173196 -0.543983 -0.804167 -0.390381 0.636998 0.129249 0.267723 -0.336927 -0.302872 0.80026 0.550065 -1 0.667386 -0.143303 0.685398 -0.987369 -0.383807 0.00731394 -0.549849 -0.432786 -0.613163 -0.247713 -0.657549 -0.85222 -1 -0.625866 0.299271 0.613091 -0.247031 -0.107724 0.399768 0.303609 0.190449 -0.191045 -0.622442 0.628663 -1 0.105676 -0.257979 -0.676158 -1 -0.280675 -0.776561 0.0470525 -0.460841 0.455383 -0.38392 0.336898 -0.887149 0.294804 -0.333381 -0.0417292 -0.169803 0.380028 -0.593533 -0.467856 -0.533339 -0.299302 0.154434 -0.699094 -0.382268 -0.964664 0.644074 0.264965 0.644664 -0.710866 -1 -0.320519 0.158304 0.427989 -0.923335 0.513775 -1 -1 -0.103862 -0.883518 0.145424 -0.0358312 0.599231 0.301087 0.367812 -0.300513 -1 0.218694 -0.320501 -0.388393 0.741383 0.855975 -0.79865 0.83716 -1 0.00925452 -0.798972 0.257695 0.426903 0.126629 -1 -0.197997 -0.400373 0.171872 -1 0.286889 -0.27455 -0.181578 -0.188673 -0.754201 -1 -0.980464 0.0578108 0.870325 -0.420685 -0.368145 0.597506 -0.805672 -0.431038 0.323668 -0.178956 -0.497609 0.115075 -0.927093 0.11467 -0.00898722 
0.0651606 0.265561 0.0598553 -0.722806 0.425137 -0.286651 -0.994887 -0.456608 -1 -0.211587 -1 0.248495 -0.936109 -0.932747 -0.863823 -0.814992 0.187301 -0.308892 0.022077 0.540933 0.781739 -0.808797 -1 -0.248694 -0.32069 -0.815842 -0.401965 0.356826 0.593307 0.121629 -0.505962 -0.0884653 -0.885022 0.0422154 -1 -0.434987 0.945288 -0.332284 -0.431962 0.312297 -0.365563 0.814312 -1 -0.0785573 0.400706 0.288435 -0.83524 -0.758277 -1 0.373807 -0.293949 0.735477 0.280901 0.257264 -0.178884 -0.816293 -0.0145471 -1 -0.23933 -0.0194554 0.484239 -0.654436 -1 -0.965981 0.663622 -0.493801 -0.907674 0.357251 -0.92952 -0.213586 -0.155353 0.104994 -1 -1 0.899054 0.111065 0.429543 0.194939 -0.71885 0.325421 0.138871 -0.555771 -1 -0.314329 -0.926354 -0.0535473 -0.184539 -0.529887 0.337808 -0.0502892 -0.732233 -0.411999 -0.216557 0.46665 0.200318 0.367993 -0.0790706 -0.478573 -1 -1 -1 -0.313208 -0.832919 0.194521 -0.49426 -1 -0.920287 -0.0377196 0.318223 0.127434 -0.402871 0.804148 -0.289325 -0.683688 -1 -1 -0.676774 0.117431 0.619269 0.569605 0.752482 -0.864297 -1 -0.756566 -1 -0.72307 -1 0.10992 -0.327766 0.147234 -0.895249 -0.372369 -0.444022 -0.336152 -0.892306 0.0872974 0.760162 -0.608876 
-0.962644 -1 0.274338 -0.410277 0.643309 -1 -1 0.526115 -1 -0.510777 0.765808 0.365963 -0.758399 -0.114836 0.338688 -1 0.0342957 -0.765096 -1 -0.461191 0.569357 0.343434 0.232412 -0.306442 -0.21721 0.831599 0.627426 -0.952558 0.424564 -0.143303 0.597839 -1 -0.596227 -0.0148232 -0.600634 -0.630334 -0.635838 -0.247713 -0.631907 -0.85222 -1 -0.625866 0.299271 0.360942 -0.673629 -0.0356642 0.314137 0.178272 0.190449 -0.047616 -0.506473 0.733716 -1 0.0594872 -0.432643 -0.475037 -1 -0.424647 -0.886679 0.0470525 -0.636626 0.307228 -0.319808 0.344475 -0.994275 0.181881 -0.313369 -0.0417292 -0.169803 0.303781 -0.686992 -0.565251 -0.533339 -0.0653003 0.154434 -0.741308 -0.256502 -1 0.720609 0.151536 0.780052 -0.815473 -1 -0.470015 0.351591 0.387655 -0.735613 0.288067 -1 -1 0.0157773 -0.941919 0.439305 0.185215 0.441145 0.296603 0.367812 -0.235054 -0.946052 0.218694 -0.49624 -0.368791 0.741383 0.818597 -0.959688 0.809186 -0.898474 0.00925452 -0.741629 0.0230499 0.327157 0.126629 -1 -0.11297 -0.158917 0.0783659 -1 0.277838 -0.27455 -0.331734 -0.210902 -0.939583 -1 -1 0.0877877 0.992271 -0.466122 -0.332813 0.638318 -1 -0.45735 0.517354 -0.202668 -0.682399 -0.149007 -1 -0.270129 0.0763362 
-0.985323 -0.810169 0.504844 0.753683 -0.613463 -0.422425 -0.239856 1 -0.694944 -0.986699 -0.65161 -0.291346 -0.550549 0.506011 0.147803 -0.442198 -0.00838023 0.0659855 -0.757123 -0.528539 0.156677 -0.39646 0.385222 -0.337149 0.683438 -0.95214 0.652692 0.0145818 -0.668124 0.304917 -1 0.696994 0.30982 -0.418017 0.52426 -0.923106 0.325165 -0.476178 -0.0539546 -1 0.720947 0.391495 0.384952 -0.565698 0.985479 0.40833 -0.201228 -0.583327 0.495199 -0.869911 -0.122501 -0.498784 -0.15964 -0.120052 -0.85424 -0.706231 -1 0.510795 0.330333 -1 -1 -0.0289983 0.573063 0.606173 0.799355 0.338208 0.250905 -0.160504 -1 -0.561502 0.510591 -0.953919 -0.150915 0.490633 -0.448585 -0.323697 -0.151493 0.220062 -0.795925 -0.935139 -0.954085 -0.6026 -1 -0.978858 -0.141856 -0.975558 -0.985932 -0.681315 0.213699 0.254126 -1 -0.363356 0.440493 -0.944145 -0.968509 1 -0.799997 -1 -0.932751 -0.004135 -0.118705 -1 0.667225 -0.573241 -0.706024 -0.284836 0.0144698 -0.718979 -0.322533 -0.880654 -0.69692 0.974849 -0.136828 -0.633248 0.158955 -0.314634 -0.289187 -0.951371 -1 -0.366485 -0.275335 -0.287217 -0.450681 0.0646298 -0.249178 -1 -0.686775 0.181009 -0.937296 0.381841 -0.288151 -1 0.23222 0.358632 0.546313 0.103179 -0.566066 -0.993001 
-1 -1 0.523661 1 -1 -1 -0.363592 0.817469 -0.500541 -0.488829 -0.276754 -0.364507 -0.581983 0.0467289 -0.0348069 -0.399381 0.150971 0.391427 -0.681025 -0.501933 0.20222 -0.577309 0.210472 0.374466 0.237717 -1 0.708861 -0.326594 -0.399023 0.0970872 -1 0.799538 -0.289277 -0.209533 0.286866 -0.982738 0.278281 -0.891437 -0.370526 -0.928616 0.787331 0.251082 0.816431 -0.380979 0.71344 0.84407 -0.703424 -0.164957 0.2492 -0.686727 0.00972884 -1 -0.284227 -0.521921 -0.66249 -0.571097 -0.899838 0.700659 -0.243017 -1 -0.973101 -0.0880828 0.464854 0.00329715 0.240499 0.967965 0.075453 -0.486491 -0.698966 -0.729021 0.570533 -0.985951 0.270641 0.501591 -0.436545 -0.291207 -0.0799678 -0.0528223 -0.664048 -0.891016 -0.842563 -0.949849 -0.905553 -1 -0.548413 -0.933961 -0.69259 -0.395183 -0.56029 0.11961 -1 -0.17694 0.657917 -1 -0.945639 0.0167639 -1 -0.539192 -1 0.251204 0.334405 -0.97043 0.237675 -0.137967 -0.467361 0.26613 -0.231992 -0.528963 0.0724041 -0.549726 -0.441598 0.221544 0.0240944 -0.378018 0.218917 -0.166177 -0.39628 -0.966831 -1 -0.045053 -0.292089 -0.777687 -0.406922 0.125261 -0.501573 -0.565284 -0.492134 0.105679 -1 0.066757 -0.0806403 -0.933662 0.318008 0.324199 0.404371 -0.120164 -0.618557 -0.777736 
-0.986856 -0.770339 0.448519 0.632915 -0.540763 -0.464671 -0.251191 0.652388 -0.829683 -1 -0.504104 -0.424993 -0.443483 0.426416 0.009689 -0.636007 -0.124026 0.072852 -0.876685 -0.888147 0.110315 -0.774041 0.0167475 0.0132088 0.515981 -1 0.726676 0.0217057 -0.906644 0.44577 -0.933303 0.583046 0.17458 -0.062601 -0.0623038 -0.96814 0.510891 -0.27717 -0.163713 -0.991195 0.759252 0.42215 0.515812 -0.946145 0.59567 0.394812 0.0522797 -0.961732 0.426929 -1 0.432 -0.269054 -0.346954 0.0387978 -0.662504 -0.484977 -0.971236 0.265973 0.321566 -1 -0.983698 -0.705207 0.295967 0.374675 0.833345 0.0367611 0.252879 -0.0843998 -0.844661 -0.57423 0.339435 -0.776571 0.294726 0.0999618 -0.603378 -0.915518 0.260105 -0.323377 -1 -1 -0.954994 -0.906929 -1 -1 -0.292635 -1 -0.719596 -1 0.288994 0.211701 -1 -0.721609 0.170533 -1 -1 0.974262 -0.82072 -0.678326 -1 -0.123668 -0.219611 -1 0.70654 -0.687934 -0.365489 -0.102262 -0.421767 -0.600661 0.0550971 -0.878165 -0.804121 0.779476 -0.377501 -0.770871 0.15405 -0.204513 -0.430507 -1 -0.983799 -0.425955 -0.268921 -0.0976683 -0.434248 0.0818997 -0.269934 -0.882716 -0.854451 0.145389 -1 0.203846 -0.0095963 -1 0.00167872 0.676253 0.462172 0.0504302 -0.809569 -0.91865 
-1 -0.770976 0.568639 0.452053 -0.605474 -0.865878 -0.327903 0.635503 -0.639213 -1 -0.173003 -0.205443 -0.456811 0.423587 0.420411 -0.0698363 -0.910616 0.14336 -0.750282 -0.617254 -0.0131163 -0.368688 0.217586 0.40271 0.724594 -0.977873 0.536022 -0.0356894 -0.441698 0.0175359 -1 0.432575 0.219069 -0.0904833 0.48571 -1 0.387798 -0.511602 -0.110861 -1 0.797478 -0.0305113 0.432774 -0.506018 0.954784 0.489729 0.197576 -0.653745 0.388057 -0.95619 0.554374 -0.252642 -0.157683 0.288845 -1 -0.453325 -0.998687 0.519962 0.164923 -0.882466 -0.917411 -0.186041 0.716745 0.629787 0.299254 0.692351 0.198613 -0.281977 -0.673299 -0.092319 0.54121 -0.729383 -0.379203 0.676802 -0.187713 -0.216795 -0.335938 0.053508 -0.489244 -1 -0.936948 -0.92208 -0.74447 -1 -0.316891 -1 -0.863893 -0.710411 -0.389734 -0.0896631 -0.84865 -0.324107 0.613651 -0.96834 -0.81503 0.902503 -0.628534 -0.803516 -1 -0.150848 0.335829 -0.831161 0.535593 -0.244502 -0.549496 -0.189702 -0.0716468 -0.407485 -0.0622812 -0.46221 -0.58667 0.782383 -0.573831 -0.50781 0.119389 -0.315453 -0.318975 -1 -1 -0.567916 -0.606987 -0.629996 -0.199589 -0.0739524 -0.672418 -0.989639 -1 0.136238 -0.853194 0.0919627 -0.192895 -0.950756 0.228968 0.598101 0.383759 0.09821 -0.485454 -0.801195 
-1 -1 0.101048 -0.488444 0.78834 -1 -1 0.525005 -1 -0.377234 0.556299 0.0576677 -1 -0.182208 -0.0531042 -1 -0.21587 -1 -0.987655 -0.4336 0.42259 0.343434 -0.0771025 -0.612503 -0.556021 0.366234 0.82278 -1 0.173406 -0.384092 0.238308 -1 -0.520892 0.00731394 -0.523525 -0.699629 -0.782529 -0.239917 -0.844991 -0.944749 -1 -0.820811 0.337368 0.522868 -0.471937 -0.284841 0.0702877 0.0994195 0.0419213 -0.231306 -0.615199 0.722614 -1 -0.451193 -0.295731 -0.982916 -1 -0.236513 -1 -0.129854 -0.642591 0.460416 -1 0.215481 -0.929209 0.334192 -0.693509 0.0370501 -0.263806 0.545771 -0.863878 -0.592304 -1 -0.0653003 -0.289531 -0.866647 -0.476134 -0.927624 0.423616 0.264965 0.427981 -1 -0.965664 -0.599365 0.0206791 0.185545 -1 0.276858 -1 -0.963353 0.178371 -1 0.159092 0.269772 0.204146 0.268918 -0.0724527 -0.62032 -0.97573 0.103395 -0.990779 -0.756983 0.792395 0.904507 -1 0.353628 -0.891573 -0.0619714 -0.760789 0.0836623 0.429919 -0.162953 -1 -0.206973 -0.4661 0.149528 -0.998885 0.0316447 -0.589061 -0.25386 -0.638929 -0.714314 -1 -1 -0.0515857 0.821042 -0.80597 -0.48463 0.511505 -1 -0.519159 0.445536 -0.109808 -0.768123 -0.146845 -1 0.0765341 -0.0399251 
0.0651606 0.19557 0.0598553 -0.722806 0.425137 -0.441633 -0.93167 -0.456608 -1 -0.211587 -1 0.0327517 -1 -0.932747 -0.863823 -0.814992 0.205473 -0.308892 0.022077 0.540933 0.781739 -0.932338 -0.96142 -0.208941 -0.32069 -0.815842 -0.532177 0.354857 0.593307 -0.00412723 -0.630243 -0.165166 -0.885022 -0.142028 -1 -0.49427 0.885228 -0.332284 -0.431962 0.163972 -0.365563 0.816638 -1 -0.304136 0.211994 0.262917 -0.83524 -0.892418 -1 0.373807 -0.304165 0.735477 0.0738692 0.257264 -0.178884 -0.774565 -0.221669 -1 -0.221974 -0.156662 0.349248 -0.654436 -1 -1 0.427792 -0.526879 -0.907674 0.357251 -1 -0.155946 -0.364143 0.159547 -1 -1 0.978893 0.111065 0.429543 -0.0298226 -0.922193 0.325421 0.138871 -0.58063 -1 -0.555933 -0.926354 -0.252503 -0.210582 -0.529887 0.337808 -0.0502892 -0.919276 -0.358513 -0.361709 0.401388 0.110935 0.138177 -0.0790706 -0.691998 -1 -1 -1 -0.549642 -0.773699 0.194521 -0.49426 -1 -0.920287 -0.0377196 0.101671 0.127434 -0.402871 0.57896 -0.369861 -0.683688 -1 -1 -0.676774 0.117431 0.488005 0.432641 0.78121 -0.836928 -1 -0.756566 -1 -0.72307 -1 0.10992 -0.254735 0.0868431 -0.895249 -0.372369 -0.444022 -0.336152 -0.975489 -0.0601203 0.704538 -0.849098 
0.142687 0.265561 0.0598553 -0.722806 0.303131 -0.500848 -1 -0.727827 -0.995949 -0.409319 -1 0.248495 -0.946257 -0.932747 -0.918964 -0.827186 0.187301 -0.308892 -0.0224338 0.47788 0.651249 -0.737139 -0.991796 -0.374044 -0.32069 -0.924177 -0.446582 0.24238 0.36133 0.121629 -0.716572 -0.0884653 -1 0.0422154 -1 -0.434987 0.945288 -0.332284 -0.595598 0.30543 -0.206402 0.808482 -0.978586 -0.0785573 0.400706 0.288435 -0.968363 -1 -1 0.36103 -0.294391 0.557365 0.280901 0.275945 -0.340942 -0.955717 0.0624571 -1 -0.277412 -0.0152585 0.403482 -0.654436 -1 -0.965981 0.663622 -0.493801 -1 0.120017 -0.92952 -0.213586 -0.155353 -0.0764117 -1 -1 0.896814 -0.0284635 0.427494 -0.0485043 -0.71885 0.0835046 0.138871 -0.555771 -0.995454 -0.314329 -0.950289 -0.195439 -0.184539 -0.70055 0.361734 -0.179903 -0.732233 -0.832841 -0.192243 0.246619 0.104656 0.170321 -0.24835 -0.478573 -0.96829 -1 -1 -0.313208 -0.832919 0.182734 -0.462313 -1 -1 -0.403246 0.318223 -0.0653759 -0.451551 0.804148 -0.361026 -0.660437 -1 -1 -1 0.0916029 0.369041 0.565765 0.73986 -0.92037 -0.951974 -0.869406 -0.918713 -0.844786 -1 0.113244 -0.431343 0.033729 -1 -0.480508 -0.373003 -0.527292 -1 -0.095843 0.719405 -0.654758 
-1 -1 0.580513 0.378435 -0.356764 -0.500292 -0.0566094 0.967798 -0.524065 -1 -0.471076 -0.411095 -0.500465 0.417493 0.242915 -0.561652 -0.187722 0.106374 -1 -0.603152 0.164433 -0.772659 0.436237 -0.0222859 0.544294 -0.788575 0.83171 -0.0749323 -0.819089 0.223268 -1 0.85464 0.0994938 -0.226161 0.234809 -0.996532 0.389412 -0.373417 -0.156944 -1 0.968075 0.155134 0.41705 -0.821341 0.981679 0.253296 0.186275 -0.73312 0.279387 -0.806097 0.232651 -0.644961 -0.184983 0.0380014 -0.800704 -0.422009 -0.913155 -0.00638845 0.277031 -0.997449 -0.92423 -0.0727381 0.410644 0.127415 0.801604 0.312761 0.174792 -0.309352 -0.991028 -0.299618 0.585679 -1 0.0181883 0.414777 -0.796886 -0.621689 0.222124 0.258453 -0.984444 -0.970528 -0.727836 -1 -0.902856 -1 -0.259168 -0.87396 -0.767554 -0.729164 0.0721224 0.0631701 -1 -0.543126 0.074023 -0.883893 -1 1 -0.693518 -0.729409 -0.920386 -0.395907 -0.128418 -1 0.414984 -0.770938 -0.694144 -0.338961 -0.572265 -0.800385 0.148791 -1 -0.911903 1 -0.498319 -0.600178 0.202751 -0.241871 -0.466642 -0.958002 -1 -0.377606 -0.352039 -0.639275 -0.608716 -0.132534 -0.299138 -0.859191 -1 -0.0768524 -1 -0.0702889 -0.351664 -0.93233 0.293604 0.877517 0.610304 0.108866 -0.732711 -0.803094 
-0.831191 -1 0.282807 -0.380744 0.558922 -1 -1 0.4611 -1 -0.510777 0.716202 0.505689 -1 -0.0480327 0.389571 -0.952277 0.250001 -0.53939 -0.770408 -0.675296 0.636998 0.343434 0.267723 -0.581046 -0.311456 0.870931 0.901418 -1 0.667386 -0.312443 0.688361 -1 -0.538728 -0.161371 -0.648001 -0.538414 -0.613163 -0.247713 -0.657549 -0.85222 -1 -0.844797 0.299271 0.756628 -0.304409 -0.0996448 0.0772256 0.262386 0.190449 -0.333471 -0.438599 0.359422 -1 0.105676 -0.257979 -0.485981 -1 -0.397802 -1 -0.0250262 -0.346581 0.266952 -0.460712 0.336898 -0.763939 0.294804 -0.788164 -0.458116 -0.524976 0.52544 -0.879064 -0.806325 -0.506513 -0.305527 0.0901257 -0.660837 -0.242041 -0.92414 0.590613 0.206892 0.625425 -0.846704 -1 -0.552439 0.159384 0.316469 -0.901487 0.561402 -0.934019 -0.990633 -0.19069 -0.947908 0.161495 0.100341 0.680171 0.210702 0.239094 -0.245412 -0.990631 -0.0171033 -0.589092 -0.396953 0.704082 0.695159 -1 0.790414 -0.898474 0.070327 -0.883629 0.328057 0.393605 0.154424 -1 -0.429133 -0.328951 0.292962 -1 0.184958 -0.27455 -0.223369 -0.42248 -1 -1 -1 0.18188 0.992271 -0.336613 -0.368145 0.394748 -1 -0.629376 0.56939 -0.498074 -0.59143 -0.0581449 -0.93287 0.0353934 0.0763362 
-0.878272 -1 0.282807 -0.380744 0.758803 -0.965858 -1 0.707825 -0.942956 -0.510777 0.811713 0.436374 -0.807192 -0.116631 0.13422 -1 0.177829 -0.543983 -0.777101 -0.4336 0.538806 0.343434 0.15508 -0.390053 -0.262243 0.870931 0.765387 -1 0.667386 -0.368715 0.667478 -0.987369 -0.303555 -0.182601 -0.538439 -0.432786 -0.833078 -0.247713 -0.657549 -0.85222 -1 -0.625866 0.299271 0.646616 -0.304409 -0.055199 0.314137 0.234818 0.190449 -0.047616 -0.717349 0.789916 -1 0.0194746 -0.257979 -0.485981 -1 -0.280675 -0.776561 0.0470525 -0.526816 0.455383 -0.38392 0.178746 -0.763939 0.283376 -0.396167 0.0341955 -0.0961335 0.459139 -0.576129 -0.467856 -0.533339 -0.297417 0.154434 -0.776523 -0.247175 -1 0.739913 0.0426655 0.737131 -0.646652 -1 -0.320519 0.351591 0.387655 -0.735613 0.369796 -1 -1 0.16582 -0.875901 0.173606 0.120251 0.579695 0.260654 0.367812 -0.300513 -0.946052 0.218694 -0.320501 -0.486565 0.567136 0.909422 -0.79865 0.825222 -0.898474 0.00925452 -0.723652 0.257695 0.262631 0.0312437 -1 -0.221848 -0.182304 0.292962 -0.943429 0.17346 -0.477562 -0.274001 -0.292115 -0.704327 -1 -0.980464 0.30118 0.992271 -0.369016 -0.368145 0.604971 -0.887994 -0.45735 0.517354 -0.286608 -0.59143 0.115075 -1 0.0766537 -0.0207016 
0.153026 0.265561 0.0598553 -0.722806 0.406426 -0.500848 -1 -0.689313 -1 -0.191429 -0.941983 0.248495 -1 -0.932747 -0.863823 -0.757121 0.187301 -0.308892 -0.0224338 0.540933 0.651249 -0.808797 -1 -0.248694 -0.32069 -0.902454 -0.401965 0.356826 0.36133 0.121629 -0.505962 -0.0884653 -1 0.0422154 -1 -0.434987 0.945288 -0.332284 -0.386161 0.312297 -0.280472 0.736366 -1 -0.0785573 0.400706 0.288435 -0.78905 -1 -1 0.36103 -0.293949 0.735477 0.280901 0.248283 -0.314692 -0.955717 0.0624571 -1 -0.23933 -0.0232621 0.403482 -0.654436 -1 -0.965981 0.663622 -0.493801 -1 0.120017 -0.92952 -0.213586 -0.155353 0.104994 -1 -1 0.960738 -0.0284635 0.427494 0.160711 -0.71885 0.0835046 0.138871 -0.555771 -0.995454 -0.314329 -0.926354 -0.195439 -0.184539 -0.70055 0.361734 -0.0872164 -0.732233 -0.675806 -0.192243 0.246619 0.200318 0.170321 -0.0790706 -0.478573 -0.967626 -1 -1 -0.313208 -0.832919 0.182734 -0.462313 -1 -0.920287 -0.301889 0.318223 0.169818 -0.525431 0.804148 -0.361026 -0.660437 -1 -1 -0.868209 0.117431 0.369041 0.569605 0.818083 -0.864297 -0.949934 -0.85363 -0.918713 -0.664607 -1 0.10992 -0.327766 0.033729 -1 -0.480508 -0.444022 -0.527292 -0.930295 -0.095843 0.695418 -0.608876 
-0.771631 -1 0.224787 -0.380744 0.708699 -0.900754 -1 0.458433 -1 -0.526627 0.682869 0.246539 -0.804852 -0.0797229 0.364083 -1 0.177829 -0.772301 -0.921629 -0.465359 0.636998 0.132823 0.267723 -0.390053 -0.456293 0.870931 0.693289 -0.870263 0.726648 -0.221389 0.667478 -0.93791 -0.304517 0.00731394 -0.594121 -0.432786 -0.563497 -0.174835 -0.657549 -1 -1 -0.577781 0.185542 0.284595 -0.722151 -0.0348909 0.213996 0.0563612 0.190449 0.0320954 -0.539042 0.572741 -1 0.105676 -0.208075 -0.454232 -1 -0.489427 -0.776561 -0.105767 -0.346581 0.217485 -0.38392 0.336314 -0.763939 0.294804 -0.428337 0.0193769 -0.215148 0.460691 -0.591723 -0.431274 -0.67378 -0.0653003 0.012357 -0.699094 -0.256502 -1 0.739913 -0.00768324 0.737131 -0.710866 -0.95506 -0.35203 0.351591 0.387655 -0.720411 0.513775 -1 -1 0.253054 -0.875901 0.383665 0.181978 0.599231 0.301087 0.367812 -0.28537 -1 0.0340793 -0.320501 -0.576397 0.637078 0.866604 -0.927211 0.65072 -0.928246 0.00925452 -0.549392 0.257695 0.393605 0.10564 -1 -0.194105 -0.145187 0.189797 -0.973968 0.321602 -0.384191 -0.26866 -0.207338 -0.754201 -1 -0.969222 0.30118 0.941135 -0.404316 -0.368145 0.734651 -0.887994 -0.407709 0.299285 -0.370134 -0.680019 -0.031106 -0.932293 -0.0929215 0.0763362 
-1 -0.959865 0.121691 -0.407023 0.850073 -1 -1 0.708803 -1 -0.686758 0.96246 0.346067 -0.807192 -0.0480327 0.138671 -0.994884 0.173196 -0.478525 -0.804167 -0.378788 0.636998 0.116538 0.267723 -0.25545 -0.237718 0.615923 0.395151 -0.948702 0.479997 -0.143303 0.417447 -0.987369 -0.427466 0.00731394 -0.549849 -0.432786 -0.613163 -0.247713 -0.928953 -0.85222 -0.97142 -0.870235 0.267647 0.613091 -0.170305 -0.22786 0.267785 0.138182 0.190449 -0.361978 -0.622442 0.597931 -1 0.105676 -0.257979 -0.642235 -1 -0.280675 -0.776561 0.0470525 -0.460841 0.455383 -0.38392 0.336898 -1 0.374374 -0.378212 0.0359767 -0.419638 0.380028 -0.593533 -0.474474 -0.533339 -0.211034 0.154434 -0.699094 -0.673299 -1 0.653493 0.264965 0.644664 -0.710866 -1 -0.320519 -0.101191 0.15409 -0.923335 0.513775 -0.944597 -1 -0.103862 -0.883518 0.148724 -0.10699 0.327 0.301087 0.229254 -0.304701 -1 0.0577233 -0.320501 -0.388393 0.491227 0.795374 -1 0.83716 -1 0.00925452 -0.798972 0.133942 0.480845 0.168016 -1 -0.197997 -0.635078 0.171872 -1 0.266332 -0.534561 -0.185856 -0.188673 -0.754201 -1 -0.980464 0.0578108 0.870325 -0.420685 -0.368145 0.597506 -1 -0.431038 0.323668 -0.375746 -0.497609 0.175648 -1 -0.182269 -0.00898722 
0.153026 0.265561 0.0598553 -0.722806 0.406426 -0.500848 -1 -0.689313 -1 -0.191429 -0.941983 0.248495 -1 -0.932747 -0.863823 -0.757121 0.187301 -0.308892 -0.0224338 0.540933 0.651249 -0.808797 -1 -0.248694 -0.32069 -0.902454 -0.401965 0.356826 0.36133 0.121629 -0.505962 -0.0884653 -1 0.0422154 -1 -0.434987 0.945288 -0.332284 -0.386161 0.312297 -0.280472 0.736366 -1 -0.0785573 0.400706 0.288435 -0.78905 -1 -1 0.36103 -0.293949 0.735477 0.280901 0.248283 -0.314692 -0.955717 0.0624571 -1 -0.23933 -0.0232621 0.403482 -0.654436 -1 -0.965981 0.663622 -0.493801 -1 0.120017 -0.92952 -0.213586 -0.155353 0.104994 -1 -1 0.960738 -0.0284635 0.427494 0.160711 -0.71885 0.0835046 0.138871 -0.555771 -0.995454 -0.314329 -0.926354 -0.195439 -0.184539 -0.70055 0.361734 -0.0872164 -0.732233 -0.675806 -0.192243 0.246619 0.200318 0.170321 -0.0790706 -0.478573 -0.967626 -1 -1 -0.313208 -0.832919 0.182734 -0.462313 -1 -0.920287 -0.301889 0.318223 0.169818 -0.525431 0.804148 -0.361026 -0.660437 -1 -1 -0.868209 0.117431 0.369041 0.569605 0.818083 -0.864297 -0.949934 -0.85363 -0.918713 -0.664607 -1 0.10992 -0.327766 0.033729 -1 -0.480508 -0.444022 -0.527292 -0.930295 -0.095843 0.695418 -0.608876 
-1 -1 0.732455 0.883208 -0.847982 -0.997187 -0.0810184 0.984171 -0.616178 -0.887491 -0.292182 -0.597237 -0.498684 0.31518 0.251384 0.0204043 -0.0411533 0.224862 -0.653902 -0.437783 0.176388 -0.59333 0.203694 0.249208 0.546034 -0.734379 0.718551 -0.0584201 -1 0.180954 -1 0.510882 -0.0366801 -0.536577 0.457168 -1 0.534719 -1 -0.00767971 -1 0.794649 0.071153 0.334605 -0.525093 0.741152 0.811646 0.0742873 -0.347039 0.349358 -0.847259 0.362946 -0.531007 -0.193475 0.642102 -0.974083 -0.85365 -0.96514 0.394617 0.303059 -0.995741 -1 -0.00451904 0.456683 0.595665 0.267984 0.732777 0.300401 -0.170045 -1 -0.272898 0.692152 -0.896329 -0.0244474 0.155451 -0.596103 -0.408156 -0.16422 -0.17723 -0.512105 -1 -1 -0.865883 -0.916682 -0.831714 -0.217581 -1 -0.745293 -0.625114 -0.0218382 0.241188 -1 -0.920759 0.226329 -1 -1 0.553924 -0.753406 -0.946249 -1 0.0487753 0.0143364 -1 0.206559 -0.0838739 -0.513775 0.105684 -0.315159 -0.772636 -0.354115 -0.648781 -0.553337 0.784347 -0.370631 -0.577631 0.359928 -0.573206 -0.485103 -0.941505 -1 -0.0145459 -0.386596 -0.463537 -0.69553 -0.191925 -0.620016 -0.432371 -0.697274 0.0386462 -0.981585 0.00875835 -0.266572 -1 -0.0835967 0.718058 0.492113 -0.339688 -0.594024 -0.796937 
-1 -1 0.376873 0.389504 -0.532673 -1 -0.268295 0.759392 -0.594142 -0.70717 -0.32484 -0.409993 -0.876251 0.336033 0.343412 -0.353926 -0.421909 0.196941 -0.989199 -0.318392 0.377737 -0.421653 0.403154 -0.190011 0.440549 -1 0.139409 0.0317031 -0.373208 0.269839 -1 0.558953 0.349103 -0.163203 0.495924 -0.924563 0.197544 -0.763264 -0.222721 -1 0.557854 0.0523079 0.389129 -0.432094 0.366696 0.714991 0.125231 -0.807724 0.437146 -1 0.554374 -0.331357 -0.66895 0.126634 -0.839902 -0.544568 -1 0.149652 0.428985 -1 -0.968807 -0.640962 0.360242 0.199664 0.422794 0.521799 0.410958 -0.67678 -0.719681 -0.111243 0.693202 -0.543352 -0.139984 0.227137 -0.444537 -0.472754 0.182127 0.204827 -0.73567 -0.971474 -0.75943 -1 -0.9022 -1 -0.249098 -1 -1 -1 -0.203255 0.232833 -1 -0.482467 0.553013 -1 -0.982852 0.990427 -0.630469 -0.766451 -0.868774 0.0594914 0.136195 -0.8918 0.591936 -0.681584 -0.400871 0.300416 -0.0436889 -0.715712 -0.292927 -0.803687 -0.353081 0.708794 -0.407232 -0.262953 0.314968 -0.673777 -0.392432 -1 -0.867681 -0.500914 -0.580209 -0.216176 -0.326027 -0.0900163 -0.629496 -1 -1 0.0691448 -0.769872 0.30951 -0.312313 -1 0.33227 0.49327 0.190288 -0.266802 -0.779235 -0.750653 
-1 -0.727306 0.579328 0.622172 -0.605474 -1 -0.327903 0.98483 -0.973492 -0.89488 -0.200707 -0.205443 -0.4418 0.222129 0.395978 -0.241657 -0.530306 0.289498 -0.653902 -0.297468 -0.0653427 -0.499183 0.336024 -0.0308646 0.701952 -0.913 0.731448 0.0213023 -0.360828 -0.133876 -1 0.645817 0.219069 -0.186587 0.48571 -1 0.113037 -0.46947 -0.201347 -0.948598 0.821994 0.206863 0.432774 -0.37964 0.843695 0.448447 0.1877 -0.811222 0.295752 -1 0.317755 -0.200995 -0.157683 0.0982293 -1 -0.734399 -1 0.298029 0.323345 -0.882892 -1 -0.104362 0.715703 0.489572 0.567378 0.702411 -0.000470996 -0.581675 -0.933498 -0.146461 0.675513 -0.824681 -0.509451 0.5226 -0.262299 -0.589007 -0.199233 0.14747 -0.462083 -0.928504 -0.960692 -0.698573 -0.722438 -1 -0.253811 -1 -1 -0.930977 -0.256415 -0.0532895 -0.86088 -0.302256 0.657249 -1 -0.780406 0.820115 -0.556441 -1 -0.9763 -0.0613507 0.288151 -0.741383 0.349399 -0.244502 -0.370022 -0.431323 -0.118648 -0.364955 -0.136456 -0.490715 -0.454632 0.800769 -0.810876 -0.444358 -0.216294 -0.388445 -0.311425 -0.985179 -1 -0.465408 -0.244217 -0.589878 -0.199589 -0.246782 -0.436646 -0.575488 -0.876051 -0.109884 -1 0.108172 -0.192895 -0.910218 0.258789 0.597829 0.211826 0.223334 -0.311724 -0.644698 
-0.806687 -1 0.282807 -0.463159 0.758803 -1 -1 0.708803 -1 -0.686758 0.944357 0.346067 -0.807192 -0.0480327 0.338688 -1 0.173196 -0.543983 -0.804167 -0.390381 0.636998 0.129249 0.267723 -0.336927 -0.302872 0.80026 0.550065 -1 0.667386 -0.143303 0.685398 -0.987369 -0.383807 0.00731394 -0.549849 -0.432786 -0.613163 -0.247713 -0.657549 -0.85222 -1 -0.625866 0.299271 0.613091 -0.247031 -0.107724 0.399768 0.303609 0.190449 -0.191045 -0.622442 0.628663 -1 0.105676 -0.257979 -0.676158 -1 -0.280675 -0.776561 0.0470525 -0.460841 0.455383 -0.38392 0.336898 -0.887149 0.294804 -0.333381 -0.0417292 -0.169803 0.380028 -0.593533 -0.467856 -0.533339 -0.299302 0.154434 -0.699094 -0.382268 -0.964664 0.644074 0.264965 0.644664 -0.710866 -1 -0.320519 0.158304 0.427989 -0.923335 0.513775 -1 -1 -0.103862 -0.883518 0.145424 -0.0358312 0.599231 0.301087 0.367812 -0.300513 -1 0.218694 -0.320501 -0.388393 0.741383 0.855975 -0.79865 0.83716 -1 0.00925452 -0.798972 0.257695 0.426903 0.126629 -1 -0.197997 -0.400373 0.171872 -1 0.286889 -0.27455 -0.181578 -0.188673 -0.754201 -1 -0.980464 0.0578108 0.870325 -0.420685 -0.368145 0.597506 -0.805672 -0.431038 0.323668 -0.178956 -0.497609 0.115075 -0.927093 0.11467 -0.00898722 
-0.976931 -1 0.734951 0.831275 -0.768331 -0.603149 -0.453792 0.752123 -0.573347 -0.952884 -0.595979 -0.570835 -0.384351 0.596705 -0.273168 -0.351468 -0.0875759 0.274165 -0.627451 -0.698698 -0.0163464 -0.313409 0.427785 0.00940457 0.600689 -0.661406 0.632392 -0.110193 -0.696102 0.558344 -1 0.657363 0.331415 -0.474925 0.313222 -1 0.565231 -0.274787 0.0285744 -0.945256 0.676627 0.456991 0.153991 -0.601012 0.628177 0.624259 0.388155 -0.494629 -0.112743 -1 0.307328 -0.438806 -0.0931489 0.0369283 -0.858996 -0.669845 -0.867911 0.529443 0.270319 -0.857239 -1 -0.196269 0.267942 0.108384 0.305888 0.619727 0.0855159 -0.561207 -0.848342 -0.43273 0.820659 -1 -0.165017 -0.0553672 -0.392325 -0.148654 0.174994 0.189104 -1 -1 -0.602101 -0.891844 -1 -0.95744 -0.309161 -0.863417 -1 -0.756358 -0.0566594 0.196436 -1 -0.367977 0.231707 -1 -0.776947 0.797944 -0.985245 -0.701531 -1 -0.174894 0.20977 -0.939461 0.301741 -0.837352 -0.367888 0.251644 -0.296762 -0.713371 -0.186752 -0.714978 -1 0.975648 -0.301887 -0.724186 -0.572498 -0.406564 -0.398971 -0.946952 -1 -0.257674 -0.823825 -0.432346 -0.455652 0.314355 -0.287011 -0.783517 -0.828594 -0.0917602 -1 0.272664 -0.360743 -1 0.038689 0.665943 0.220404 0.00423919 -0.312963 -0.97735 
-0.948857 -1 0.406671 0.548066 -0.595822 -0.793262 -0.765039 0.724705 -0.971805 -0.951165 -0.454701 0.0201505 -0.54172 0.716897 0.114896 -0.322264 -0.258297 -0.205498 -0.786087 -0.69187 0.352065 -0.629241 0.317625 -0.121396 0.58874 -0.711519 0.821366 -0.190224 -0.545391 0.186032 -0.934287 0.672733 0.0521065 -0.0251077 0.167161 -1 0.465149 -0.245463 -0.0292121 -0.938831 0.928283 0.527112 0.482707 -0.637803 0.981679 0.688295 -0.230566 -0.500412 0.542174 -0.830199 0.393857 -0.548774 -0.101496 0.237546 -0.636573 -0.62776 -0.954895 0.399318 0.258213 -1 -1 -0.559052 0.543467 0.543021 0.62686 0.537187 0.364586 -0.242997 -1 -0.559309 0.606988 -1 0.140925 0.568373 -0.465422 -0.156042 0.0413101 0.157294 -0.881065 -1 -1 -0.929879 -0.998862 -0.758637 -0.277475 -1 -0.992226 -0.646237 -0.048752 0.321685 -0.996297 -0.571134 0.365795 -0.931763 -1 0.989641 -1 -0.683261 -1 0.0562655 0.200454 -0.957917 0.661319 -0.621484 -0.505469 0.0121131 0.0576174 -0.68637 -0.0612336 -0.731664 -0.654908 0.792668 -0.306895 -0.50484 0.275581 -0.318627 -0.289187 -1 -1 -0.570367 -0.533823 -0.34037 -0.26559 0.0818997 -0.520261 -1 -0.670283 0.0505021 -1 -0.182572 -0.156121 -0.8808 0.23222 0.625237 0.215041 -0.0369864 -0.725447 -0.840353 
-0.806687 -1 0.282807 -0.463159 0.758803 -1 -1 0.708803 -1 -0.899471 0.944357 0.217149 -0.807192 -0.0480327 0.331929 -1 0.173196 -0.543983 -0.804167 -0.390381 0.516909 0.129249 0.202568 -0.295111 -0.411231 0.80235 0.449969 -1 0.582134 -0.147163 0.562033 -0.987369 -0.404542 0.00731394 -0.549849 -0.432786 -0.75115 -0.247713 -0.657549 -0.85222 -1 -0.69816 0.299271 0.613091 -0.366033 -0.107724 0.399768 0.303609 0.144459 -0.191045 -0.622442 0.628663 -1 0.177557 -0.498194 -0.676158 -1 -0.436094 -0.776561 0.0470525 -0.529988 0.409399 -0.38392 0.290024 -0.887149 0.294804 -0.422746 -0.0512531 -0.154992 0.380028 -0.606029 -0.396161 -0.533339 -0.232227 0.154434 -0.826054 -0.405897 -1 0.403122 0.126308 0.644664 -0.787016 -1 -0.320519 0.158304 0.505862 -0.923335 0.513775 -1 -1 -0.290989 -1 0.0693124 -0.0412884 0.599231 0.301087 0.388692 -0.300513 -0.919987 0.251155 -0.320501 -0.388393 0.741383 0.755366 -0.79865 0.628761 -1 0.00925452 -0.907432 0.211855 0.239531 0.042179 -1 -0.197997 -0.400373 0.171872 -1 0.286889 -0.27455 -0.181578 -0.188673 -0.754201 -1 -0.980464 0.0578108 0.759486 -0.420685 -0.517522 0.595573 -0.855848 -0.431038 0.13835 -0.178956 -0.555092 -0.0135178 -1 0.11467 -0.0996363 
-1 -1 0.523661 0.976455 -1 -1 -0.505498 0.725551 -0.401016 -0.742428 -0.214186 -0.364507 -0.275562 0.485193 0.0569048 -0.539321 -0.150963 0.338195 -0.650201 -0.360449 0.301574 -0.582179 0.379621 0.226872 0.663713 -0.875989 0.467958 -0.264841 -0.619231 0.125665 -1 0.799538 -0.0109626 -0.0945618 0.441591 -0.989321 0.0121572 -0.763754 -0.179228 -0.978899 0.701341 0.396077 0.736204 -0.420915 0.474192 0.856669 -0.451674 -0.401487 0.533842 -0.686123 0.0370363 -0.788167 -0.394088 -0.0216122 -0.733443 -0.571097 -1 0.493986 0.0517247 -1 -1 -0.313076 0.0708244 0.124945 0.240499 0.81548 0.14647 -0.303257 -0.721748 -0.62543 0.467813 -1 0.293139 0.326827 -0.396157 -0.10661 -0.360239 -0.0887601 -0.857019 -0.891016 -0.895082 -0.963288 -0.844135 -0.974492 -0.162047 -0.960232 -0.949764 -0.544918 -0.50862 0.192374 -1 -0.251427 0.559784 -1 -0.994888 0.450052 -1 -0.513367 -0.949761 0.251204 0.490886 -0.949008 0.587894 -0.137967 -0.450933 0.0524868 -0.0252924 -0.432491 0.0290455 -0.496261 -0.441598 0.365406 -0.114504 -0.424382 0.0922243 -0.291608 -0.704017 -1 -0.931142 -0.127674 -0.494179 -0.687457 -0.406922 0.125261 -0.346881 -0.565284 -0.756333 0.287639 -0.692946 0.14812 -0.0638342 -0.933662 0.401912 0.362598 0.328171 0.0406748 -0.568077 -0.437639 
-0.728931 -1 0.282807 -0.380744 0.758803 -0.965858 -1 0.708803 -0.942956 -0.510777 0.944357 0.436374 -0.807192 -0.0480327 0.338688 -1 0.177829 -0.543983 -0.816676 -0.4336 0.636998 0.343434 0.267723 -0.390053 -0.302872 0.870931 0.803715 -0.870263 0.667386 -0.143303 0.667478 -0.987369 -0.383807 0.00731394 -0.582134 -0.432786 -0.613163 -0.247713 -0.657549 -0.85222 -1 -0.625866 0.299271 0.613091 -0.304409 -0.107724 0.314137 0.234818 0.190449 -0.047616 -0.474795 0.728253 -1 0.105676 -0.257979 -0.485981 -1 -0.280675 -0.776561 0.0470525 -0.346581 0.455383 -0.38392 0.336898 -0.763939 0.294804 -0.396167 -0.0417292 -0.169803 0.460691 -0.593533 -0.467856 -0.533339 -0.0653003 0.154434 -0.699094 -0.256502 -1 0.739913 0.264965 0.737131 -0.710866 -1 -0.320519 0.351591 0.387655 -0.735613 0.513775 -1 -1 0.16582 -0.875901 0.359054 0.181978 0.599231 0.301087 0.367812 -0.300513 -0.946052 0.218694 -0.320501 -0.388393 0.741383 0.909422 -0.79865 0.83716 -0.898474 0.00925452 -0.549392 0.257695 0.393605 0.126629 -1 -0.197997 -0.220586 0.292962 -0.975266 0.286889 -0.27455 -0.181578 -0.145629 -0.754201 -1 -0.980464 0.30118 0.992271 -0.356199 -0.368145 0.734651 -0.887994 -0.45735 0.517354 -0.202668 -0.59143 0.115075 -0.932293 0.0766537 0.0763362 
-0.718831 -1 0.282807 -0.457241 0.535629 -1 -1 0.708803 -0.942956 -0.718282 0.944357 0.436374 -1 -0.105125 0.26562 -1 0.246275 -0.543983 -0.840399 -0.4336 0.636998 0.343434 0.0148692 -0.631448 -0.525388 0.750796 0.654187 -1 0.743376 -0.352525 0.505856 -1 -0.651715 0.0833616 -0.582134 -0.432786 -0.613163 -0.560544 -0.884026 -1 -1 -0.844287 0.299271 0.397338 -0.537473 -0.0719183 -0.00678412 0.0991112 -0.00770941 -0.047616 -0.457803 0.68478 -0.979728 0.174448 -0.327818 -0.388404 -1 -0.317042 -0.743818 0.0919759 -0.346581 0.537681 -0.638093 0.336898 -0.763939 0.294804 -0.325716 0.0276774 -0.169803 0.460691 -1 -0.484387 -0.852342 -0.208884 0.204624 -0.699094 -0.392385 -0.928481 0.74338 0.253184 0.70821 -0.710866 -1 -0.751923 0.0867642 0.229188 -0.836489 0.31181 -1 -1 0.16582 -0.903132 0.359054 0.154408 0.220121 0.325543 0.366966 -0.42382 -0.946052 0.261943 -0.289311 -0.693656 0.499665 0.835361 -0.79865 0.716942 -0.938331 -0.0637645 -0.771809 0.0334807 0.451431 0.126629 -0.961815 -0.34429 -0.220586 -0.0561261 -0.975266 0.360031 -0.500394 -0.181578 -0.380576 -1 -1 -0.980464 0.22962 0.986189 -0.442603 -0.368145 0.7662 -0.887994 -0.40002 0.523872 -0.358287 -0.704853 -0.0886543 -1 -0.00727245 0.0763362 
-0.747368 -1 -0.122537 -0.380744 0.688326 -0.964938 -0.935886 0.690788 -0.8786 -0.658606 0.968964 0.436374 -0.814596 -0.0677622 0.338688 -1 0.179847 -0.543983 -0.759346 -0.403778 0.636998 0.343434 0.0901699 -0.390053 -0.379847 0.870931 0.803715 -1 0.488286 -0.21197 0.498577 -0.928904 -0.451929 -0.0465176 -0.647541 -0.432786 -0.854556 -0.247713 -0.858191 -0.925541 -0.965646 -0.757517 -0.0457934 0.603387 -0.476197 -0.225323 0.294203 0.103277 -0.00763278 0.0156036 -0.424391 0.515075 -1 -0.132646 -0.257979 -0.65715 -1 -0.288449 -0.766694 -0.310415 -0.45799 0.158594 -0.695813 0.357756 -0.855064 0.312064 -0.602958 -0.283311 -0.540833 0.310847 -0.938232 -0.621738 -0.68751 -0.22559 -0.0263947 -0.830481 -0.466611 -1 0.542305 0.107619 0.58313 -1 -1 -0.278414 0.109451 0.180753 -0.780643 0.130154 -1 -0.994083 0.107119 -0.831142 0.124146 0.0295762 0.639697 0.340017 0.386836 -0.473585 -1 0.0263687 -0.320501 -0.388393 0.43757 0.94421 -0.915394 0.857065 -0.945308 -0.196838 -0.549392 0.139675 0.393605 -0.0304279 -1 -0.375045 -0.388905 0.354405 -0.975266 0.321234 -0.27455 -0.238224 -0.164649 -0.973831 -1 -0.980464 0.32108 0.992271 -0.822598 -0.291802 0.78562 -0.88518 -0.45735 0.517354 -0.382727 -0.59143 0.0376518 -1 0.0766537 0.0763362 
-0.728931 -0.926431 0.189434 -0.380744 0.758803 -1 -0.96337 0.708803 -1 -0.85903 0.944357 0.431678 -0.966946 -0.164441 0.338688 -1 0.177829 -0.57019 -0.816676 -0.4336 0.404807 0.230829 0.271473 -0.35175 -0.445903 0.870931 0.838767 -0.869632 0.646634 -0.36309 0.643137 -1 -0.383807 0.0726196 -0.709136 -0.392137 -0.613163 -0.169138 -0.752705 -0.872416 -1 -0.760622 0.299271 0.393525 -0.529147 -0.0940974 0.228856 0.139634 0.190449 -0.047616 -0.654433 0.302492 -1 0.105676 -0.257979 -0.485981 -1 -0.280675 -0.9527 0.0470525 -0.557692 0.300197 -0.61495 0.293449 -0.722684 0.294804 -0.396167 -0.172908 -0.169803 0.460691 -0.69142 -0.707856 -0.532846 -0.130961 0.168705 -0.799457 -0.4673 -1 0.4492 0.255264 0.641163 -0.917866 -1 -0.320519 0.375293 0.387655 -0.797131 0.513775 -1 -0.933456 0.0577886 -0.875901 0.129504 0.181978 0.599231 0.301087 0.367812 -0.546007 -0.934022 0.152498 -0.563004 -0.597667 0.621085 0.829533 -0.787069 0.647174 -0.898474 0.0285505 -0.556927 0.257695 0.245011 0.0834382 -1 -0.197997 -0.285596 0.365 -0.975266 0.282203 -0.384446 -0.210864 -0.145629 -0.920641 -1 -1 0.30118 0.90536 -0.356199 -0.711095 0.595904 -0.887994 -0.589431 0.513003 -0.27451 -0.59143 -0.100406 -0.932293 0.0766537 -0.0595024 
0.153026 0.265561 0.0598553 -0.722806 0.406426 -0.500848 -1 -0.689313 -1 -0.191429 -0.941983 0.248495 -1 -0.932747 -0.863823 -0.757121 0.187301 -0.308892 -0.0224338 0.540933 0.651249 -0.808797 -1 -0.248694 -0.32069 -0.902454 -0.401965 0.356826 0.36133 0.121629 -0.505962 -0.0884653 -1 0.0422154 -1 -0.434987 0.945288 -0.332284 -0.386161 0.312297 -0.280472 0.736366 -1 -0.0785573 0.400706 0.288435 -0.78905 -1 -1 0.36103 -0.293949 0.735477 0.280901 0.248283 -0.314692 -0.955717 0.0624571 -1 -0.23933 -0.0232621 0.403482 -0.654436 -1 -0.965981 0.663622 -0.493801 -1 0.120017 -0.92952 -0.213586 -0.155353 0.104994 -1 -1 0.960738 -0.0284635 0.427494 0.160711 -0.71885 0.0835046 0.138871 -0.555771 -0.995454 -0.314329 -0.926354 -0.195439 -0.184539 -0.70055 0.361734 -0.0872164 -0.732233 -0.675806 -0.192243 0.246619 0.200318 0.170321 -0.0790706 -0.478573 -0.967626 -1 -1 -0.313208 -0.832919 0.182734 -0.462313 -1 -0.920287 -0.301889 0.318223 0.169818 -0.525431 0.804148 -0.361026 -0.660437 -1 -1 -0.868209 0.117431 0.369041 0.569605 0.818083 -0.864297 -0.949934 -0.85363 -0.918713 -0.664607 -1 0.10992 -0.327766 0.033729 -1 -0.480508 -0.444022 -0.527292 -0.930295 -0.095843 0.695418 -0.608876 
0.153026 0.265561 0.0598553 -0.722806 0.406426 -0.500848 -1 -0.689313 -1 -0.191429 -0.941983 0.248495 -1 -0.932747 -0.863823 -0.757121 0.187301 -0.308892 -0.0224338 0.540933 0.651249 -0.808797 -1 -0.248694 -0.32069 -0.902454 -0.401965 0.356826 0.36133 0.121629 -0.505962 -0.0884653 -1 0.0422154 -1 -0.434987 0.945288 -0.332284 -0.386161 0.312297 -0.280472 0.736366 -1 -0.0785573 0.400706 0.288435 -0.78905 -1 -1 0.36103 -0.293949 0.735477 0.280901 0.248283 -0.314692 -0.955717 0.0624571 -1 -0.23933 -0.0232621 0.403482 -0.654436 -1 -0.965981 0.663622 -0.493801 -1 0.120017 -0.92952 -0.213586 -0.155353 0.104994 -1 -1 0.960738 -0.0284635 0.427494 0.160711 -0.71885 0.0835046 0.138871 -0.555771 -0.995454 -0.314329 -0.926354 -0.195439 -0.184539 -0.70055 0.361734 -0.0872164 -0.732233 -0.675806 -0.192243 0.246619 0.200318 0.170321 -0.0790706 -0.478573 -0.967626 -1 -1 -0.313208 -0.832919 0.182734 -0.462313 -1 -0.920287 -0.301889 0.318223 0.169818 -0.525431 0.804148 -0.361026 -0.660437 -1 -1 -0.868209 0.117431 0.369041 0.569605 0.818083 -0.864297 -0.949934 -0.85363 -0.918713 -0.664607 -1 0.10992 -0.327766 0.033729 -1 -0.480508 -0.444022 -0.527292 -0.930295 -0.095843 0.695418 -0.608876 
0.219903 0.221638 -0.00101652 -0.891544 0.29304 -0.500848 -1 -0.820037 -1 -0.261806 -0.941983 0.248495 -1 -1 -1 -0.743858 0.187301 -0.308892 -0.0262691 0.540933 0.651249 -0.876668 -0.920892 -0.248694 -0.338371 -0.902454 -0.401965 0.253686 0.36133 0.106906 -0.505962 -0.159533 -1 -0.18299 -1 -0.434987 0.945288 -0.309695 -0.53623 0.312297 -0.280472 0.736366 -1 -0.121616 0.392143 0.291013 -0.78905 -1 -1 0.36103 -0.472483 0.735477 0.280901 0.248283 -0.314692 -0.955717 0.0624571 -1 -0.439824 -0.0232621 0.403482 -0.654436 -1 -0.965981 0.663622 -0.582599 -1 0.120017 -0.899453 -0.391685 -0.155353 0.104994 -1 -1 0.847043 -0.0284635 0.427494 0.204531 -0.71885 -0.137798 0.0602834 -0.622587 -0.935174 -0.314329 -0.904823 -0.133796 -0.154236 -0.737747 0.361734 -0.055313 -0.732233 -0.748271 -0.153002 0.122572 0.200318 0.170321 -0.226427 -0.558271 -0.896685 -1 -1 -0.426938 -0.832919 0.182734 -0.669192 -1 -0.920287 -0.301889 0.318223 0.246827 -0.658042 0.804148 -0.325363 -0.660437 -1 -1 -0.868209 0.15138 0.369041 0.569605 0.818083 -1 -0.949934 -0.780792 -0.918713 -0.680309 -1 0.10992 -0.481851 0.033729 -1 -0.480508 -0.516619 -0.527292 -0.930295 -0.095843 0.695418 -0.608876 
-0.979625 -1 0.282807 -0.380744 0.458585 -0.867159 -0.930837 0.14625 -0.90483 -0.510777 0.572707 -0.231052 -0.814582 -0.309344 0.1661 -0.91667 0.0929048 -0.887595 -0.857232 -0.441032 0.389959 0.279648 0.0717494 -0.390053 -0.535967 0.944945 0.117877 -1 0.268866 -0.174732 0.596055 -1 -0.546576 -0.172849 -0.822054 -0.630781 -0.6132 -0.602746 -0.741302 -1 -1 -1 0.385778 0.566797 -0.476764 -0.308157 -0.21364 0.234818 0.185211 -0.153479 -0.574919 0.536244 -1 0.105676 -0.257979 -0.70612 -0.914841 -0.568603 -0.999392 -0.118631 -0.570898 0.143499 -0.657746 -0.0270494 -0.935197 0.191668 -0.72016 -0.475929 -0.259058 0.460691 -0.882988 -0.880561 -0.708623 -0.373254 -0.159409 -1 -0.21952 -1 0.453283 0.130624 0.392842 -1 -1 -0.591702 0.087813 0.210699 -0.735613 0.443499 -0.996141 -1 -0.306594 -0.861525 0.181282 0.106867 0.181901 0.319106 0.085703 -0.478885 -0.938706 0.266758 -0.610579 -0.388393 0.741383 0.69606 -0.909021 0.579929 -0.921755 0.0493875 -0.555596 0.168571 0.41082 0.0936472 -1 -0.122235 -0.288733 0.184568 -0.939175 0.20104 -0.707631 -0.419776 -0.428035 -0.975714 -1 -0.930874 -0.135671 1 -0.776453 -0.390777 0.706912 -0.983464 -0.661004 0.394049 -0.180885 -0.59143 0.079119 -1 -0.305644 -0.22103 
-0.0154146 0.186207 0.109741 -0.722806 0.333059 -0.500848 -1 -0.689313 -1 -0.191429 -0.941983 0.25916 -1 -0.932747 -0.863823 -0.757121 0.134407 -0.308892 -0.0224338 0.540933 0.651249 -0.808797 -1 -0.290282 -0.535931 -0.902454 -0.401965 0.282315 0.36133 -0.0960034 -0.505962 -0.0884653 -1 0.0422154 -1 -0.630873 0.945288 -0.389363 -0.386161 0.312297 -0.280472 0.78761 -1 -0.0785573 0.39562 0.193048 -0.78905 -1 -1 0.36103 -0.26826 0.625242 0.280901 0.248283 -0.236175 -0.955717 0.0624571 -1 -0.23933 -0.260388 0.403482 -0.802189 -1 -0.937572 0.712083 -0.417603 -1 0.120017 -0.92952 -0.393697 -0.247657 0.104994 -1 -1 0.960738 -0.176755 0.234184 0.0634445 -0.71885 -0.0548873 0.0309992 -0.555771 -0.995454 -0.314329 -0.926354 -0.195439 -0.198709 -0.665513 0.361734 -0.0872164 -0.899444 -0.675806 -0.192243 0.246619 0.165091 0.1411 -0.00303026 -0.57447 -0.962671 -1 -1 -0.313208 -0.869027 0.182734 -0.462313 -1 -0.920287 -0.301889 0.284436 -0.0384319 -0.492475 0.804148 -0.582044 -0.660437 -1 -1 -0.868209 0.117431 0.369041 0.569605 0.866742 -1 -1 -0.85363 -1 -0.664607 -1 -0.0268268 -0.327766 0.0162825 -0.973456 -0.619637 -0.444022 -0.527292 -0.930295 -0.240535 0.695418 -0.608876 
-0.741466 -1 0.282807 -0.489836 0.771203 -0.95686 -1 0.708803 -0.942956 -0.49658 0.944357 0.436374 -1 -0.0874022 0.382212 -1 0.104422 -0.543983 -0.990153 -0.607392 0.636998 0.343434 0.267723 -0.369856 -0.302872 0.731171 0.703372 -1 0.455271 -0.371827 0.784277 -0.987369 -0.622149 0.00731394 -0.801525 -0.450642 -0.900646 -0.201271 -0.919827 -0.85222 -0.934909 -0.625866 0.128254 0.491498 -0.459267 -0.0494074 0.314137 0.219396 -0.0177161 -0.164902 -0.580846 0.728253 -1 -0.12632 -0.437008 -0.485981 -1 -0.692697 -0.974169 0.0470525 -0.320451 0.540929 -0.573798 0.336898 -0.867749 0.0603092 -0.396167 -0.223509 -0.29079 0.460691 -0.567807 -0.467856 -0.732146 -0.0252291 0.0917029 -0.770011 -0.297182 -1 0.548356 0.105497 0.737131 -0.914631 -1 -0.439964 0.231808 0.458051 -0.724784 0.44279 -1 -1 0.16582 -0.833609 0.359054 -0.145224 0.634569 0.0988643 0.218764 -0.429382 -1 0.0311061 -0.320501 -0.310988 0.741383 0.667129 -0.79865 0.6186 -0.898474 0.0590785 -0.682647 0.282382 0.393605 0.126629 -1 -0.150555 -0.220586 0.0972791 -0.950775 0.393637 -0.34739 -0.181578 -0.272856 -0.86838 -1 -0.975492 0.30118 0.821602 -0.546427 -0.538794 0.734651 -0.887994 -0.45735 0.498353 -0.417423 -0.553953 0.171841 -0.932293 0.0745459 -0.128173 
-0.970764 -1 0.282807 -0.380744 0.758803 -0.901936 -0.880426 0.525548 -1 -0.959778 0.944357 0.355203 -0.807192 -0.0394357 0.39359 -0.968015 0.00678104 -0.812593 -1 -0.87107 0.485805 -0.121873 0.127253 -0.369263 -0.302872 0.654595 0.734542 -1 0.187646 -0.263459 0.60784 -0.987369 -0.40192 -0.00807198 -0.875496 -0.373244 -0.703099 -0.280507 -0.997167 -0.793361 -1 -0.778459 0.356373 0.727489 -0.429417 -0.340661 0.134119 0.234818 -0.140392 -0.169466 -0.596441 0.71477 -1 -0.0286692 -0.257979 -0.686432 -1 -0.395104 -0.892495 -0.0661001 -0.735764 0.31438 -0.745013 0.136334 -0.763939 0.0300424 -0.396167 -0.0880644 -0.150085 0.367784 -0.746359 -0.467856 -0.53297 -0.312609 -0.310063 -0.660328 -0.600833 -0.981696 0.449118 0.250665 0.691492 -0.888939 -1 -0.45408 0.0290417 0.387655 -0.646643 0.303244 -1 -1 0.16582 -1 0.359054 -0.0384203 0.599231 0.29566 0.18593 -0.186357 -0.849784 -0.00921267 -0.426097 -0.413075 0.793137 0.917191 -0.79865 0.670886 -0.898474 -0.197642 -0.688954 0.112129 -0.0978791 0.131124 -1 -0.178168 -0.212901 0.0739676 -0.975266 0.286889 -0.437054 -0.241153 -0.270665 -1 -1 -1 0.0809415 0.987716 -0.602571 -0.368145 0.374196 -0.869654 -0.81375 0.207335 -0.327438 -0.812006 0.115075 -1 0.0414525 0.0564638 
0.153026 0.265561 0.0598553 -0.722806 0.406426 -0.500848 -1 -0.689313 -1 -0.191429 -0.941983 0.248495 -1 -0.932747 -0.863823 -0.757121 0.187301 -0.308892 -0.0224338 0.540933 0.651249 -0.808797 -1 -0.248694 -0.32069 -0.902454 -0.401965 0.356826 0.36133 0.121629 -0.505962 -0.0884653 -1 0.0422154 -1 -0.434987 0.945288 -0.332284 -0.386161 0.312297 -0.280472 0.736366 -1 -0.0785573 0.400706 0.288435 -0.78905 -1 -1 0.36103 -0.293949 0.735477 0.280901 0.248283 -0.314692 -0.955717 0.0624571 -1 -0.23933 -0.0232621 0.403482 -0.654436 -1 -0.965981 0.663622 -0.493801 -1 0.120017 -0.92952 -0.213586 -0.155353 0.104994 -1 -1 0.960738 -0.0284635 0.427494 0.160711 -0.71885 0.0835046 0.138871 -0.555771 -0.995454 -0.314329 -0.926354 -0.195439 -0.184539 -0.70055 0.361734 -0.0872164 -0.732233 -0.675806 -0.192243 0.246619 0.200318 0.170321 -0.0790706 -0.478573 -0.967626 -1 -1 -0.313208 -0.832919 0.182734 -0.462313 -1 -0.920287 -0.301889 0.318223 0.169818 -0.525431 0.804148 -0.361026 -0.660437 -1 -1 -0.868209 0.117431 0.369041 0.569605 0.818083 -0.864297 -0.949934 -0.85363 -0.918713 -0.664607 -1 0.10992 -0.327766 0.033729 -1 -0.480508 -0.444022 -0.527292 -0.930295 -0.095843 0.695418 -0.608876 
-0.810444 -1 0.282807 -0.463159 0.758803 -0.981078 -0.916484 0.708803 -1 -0.730761 0.944357 0.346067 -0.938336 -0.307271 0.338688 -1 0.173196 -0.653531 -0.865548 -0.390381 0.639634 0.129249 0.267723 -0.395722 -0.414231 0.80026 0.370737 -1 0.627584 -0.317821 0.417745 -0.920275 -0.48911 -0.221954 -0.487051 -0.432786 -0.754833 -0.376912 -0.657549 -0.844936 -1 -0.625866 0.299271 0.666385 -0.247031 -0.0886696 0.220109 0.167514 0.190449 -0.268888 -0.530519 0.661443 -0.954709 0.0335767 -0.444715 -0.933236 -1 -0.280675 -0.843668 0.0470525 -0.460841 0.455383 -0.38392 0.336898 -0.887149 0.294804 -0.445035 -0.141406 -0.189023 0.456106 -0.555994 -0.467856 -0.659073 -0.299302 0.21666 -0.981673 -0.568641 -1 0.644074 0.264965 0.644664 -0.612741 -1 -0.320519 -0.118655 0.427989 -0.923335 0.513775 -1 -1 -0.156757 -0.883518 0.115705 -0.0358312 0.303257 0.301087 0.33576 -0.29763 -1 0.218694 -0.320501 -0.3236 0.741383 0.781303 -0.791061 0.83716 -1 0.00925452 -0.798972 0.180686 0.138947 0.204948 -1 -0.197997 -0.400373 0.139393 -1 0.310274 -0.27455 -0.181578 -0.188673 -0.867272 -1 -1 0.0578108 0.870325 -0.420685 -0.360829 0.597506 -0.869033 -0.605967 0.253768 -0.33447 -0.444423 -0.157043 -1 -0.0495792 0.00935721 
0.153026 0.344608 -0.326182 -0.722806 0.406426 -0.679065 -1 -0.680056 -1 -0.384151 -0.965727 0.351579 -1 -0.932747 -1 -0.757121 -0.00617054 -0.524461 -0.0580196 0.540933 0.651249 -0.808797 -1 -0.248694 -0.288745 -0.836042 -0.519966 0.260594 0.210587 -0.336171 -0.505962 -0.383454 -0.98215 0.108531 -0.995399 -0.434987 0.718116 -0.571126 -0.564515 0.312297 -0.349768 0.774171 -0.956595 -0.136946 0.400706 0.288435 -0.78905 -1 -1 0.36103 -0.425716 0.541516 -0.0922571 -0.0234427 -0.314692 -1 -0.196246 -1 -0.23933 -0.179923 0.489664 -0.82997 -1 -1 0.663622 -0.493801 -1 0.0504022 -1 -0.420523 -0.155353 0.104994 -1 -1 0.960738 -0.0284635 0.346012 -0.0437375 -1 -0.00975925 0.191603 -0.792795 -1 -0.355856 -0.938476 -0.195439 -0.128994 -0.848413 0.361734 -0.0458001 -0.732233 -0.634555 -0.228977 0.183286 0.162769 0.170321 -0.521057 -0.478573 -0.967626 -0.983705 -1 -0.313208 -0.817804 0.211846 -0.678277 -0.993544 -1 -0.301889 0.318223 0.169818 -0.525431 0.691368 -0.567906 -0.590994 -1 -1 -0.868209 0.117431 0.369041 0.593059 0.774208 -0.972576 -0.949934 -0.787899 -0.979346 -0.666791 -1 -0.105064 -0.325839 0.033729 -1 -0.69196 -0.543842 -0.527292 -0.930295 -0.30565 0.568955 -0.691988 
-0.975279 -1 0.651143 0.669613 -0.847982 -0.838581 -0.0663616 0.931863 -0.58677 -1 -0.36547 -0.387404 -0.719012 0.29682 0.251384 -0.158193 -0.167381 0.132971 -1 -0.308494 0.31827 -0.666572 0.203694 0.238344 0.470588 -0.838652 0.689111 -0.0584201 -1 0.153982 -1 0.510882 -0.0797456 -0.182707 0.445435 -1 0.299067 -0.930246 0.0154428 -1 0.672028 0.255014 0.251283 -0.39325 0.838389 0.731568 0.0755237 -0.415002 0.407512 -0.818135 0.333246 -0.622144 -0.193475 0.426318 -0.974083 -0.85365 -0.967208 0.241381 0.298843 -0.995741 -1 -0.101421 0.369834 0.605721 0.0450251 0.829552 0.230278 -0.386989 -1 -0.235729 0.692152 -0.748135 -0.161441 0.155451 -0.354531 -0.486323 -0.16422 0.119287 -0.70253 -1 -1 -0.899159 -0.783376 -0.978116 -0.279901 -1 -1 -0.786095 -0.153192 0.311394 -0.834174 -0.88268 0.226329 -0.957769 -1 0.684821 -0.957007 -0.946249 -1 0.0487753 -0.198246 -1 0.449673 -0.0628077 -0.38599 0.0203639 -0.321653 -0.52907 0.0545089 -0.64108 -0.440592 0.747684 -0.430486 -0.410564 0.179673 -0.345084 -0.404726 -0.998106 -0.952122 -0.0174982 -0.386596 -0.678037 -0.738839 -0.215613 -0.459602 -0.362181 -0.810332 0.244988 -0.761603 0.186171 -0.266572 -1 -0.0162549 0.718058 0.522175 -0.344967 -0.41091 -0.901568 
-1 -0.703287 0.665405 0.728009 -0.438011 -0.656364 -0.260976 0.369819 -0.371167 -0.729489 -0.0653348 -0.618721 -0.293698 -0.164567 0.196374 -0.214971 -0.518066 0.289203 -1 -0.704518 0.0333645 -0.51483 0.374309 0.123281 0.689072 -0.571251 0.48206 0.318701 -0.838094 -0.0267529 -1 0.429189 0.0714381 -0.278405 0.173999 -0.9662 -0.0661287 -1 0.0479422 -1 0.265887 0.209296 0.30263 -0.0591122 0.572173 0.469637 0.0739112 -0.34992 0.473096 -1 0.41847 -0.343966 -0.553365 0.282087 -0.972226 -0.622565 -0.801634 0.148915 0.656268 -0.94466 -1 -0.00787606 0.347996 0.0572678 0.405475 0.573114 0.559895 -0.377508 -0.614643 -0.176918 0.712714 -1 -0.305816 0.415003 -0.658755 -0.417107 -0.47363 0.172239 -0.717594 -0.868526 -0.970909 -0.80502 -1 -0.948313 -0.461421 -1 -0.776167 -0.537876 0.104552 -0.14072 -1 -0.144317 0.440088 -0.981026 -0.944344 0.881925 -0.708861 -0.817314 -0.987546 0.319897 -0.228231 -1 0.236283 -0.37162 -1 0.196557 -0.28172 -0.0850554 -0.5054 -1 -0.374442 0.879927 -0.582474 -0.305844 0.244768 -0.203103 -0.444205 -1 -1 -0.224337 -0.422802 -0.442697 -0.204652 -0.171331 -0.801216 -0.595211 -0.713355 0.245565 -0.944045 0.0568323 -0.67189 -1 0.601045 0.344475 0.725778 -0.649109 -0.648517 -0.85502 
-1 -1 0.171882 -0.0724443 -1 -0.960201 -0.0191441 0.685431 -0.513631 -0.828511 -0.177264 -0.665495 -0.933193 -0.0547611 0.072481 -0.443627 -0.811949 0.659881 -0.857894 -0.56292 0.1542 -0.249778 0.360965 0.331921 -0.297129 -0.865945 0.237932 -0.164769 -0.864049 -0.0490674 -1 0.197123 -0.530534 -0.652483 0.270336 -1 0.179865 -0.900253 0.184059 -1 0.880765 0.393924 0.495984 -0.418102 0.943896 0.698995 -0.408252 -0.76587 0.345591 -0.997124 0.304109 -0.606372 -0.281932 0.3604 -0.465185 -0.539294 -0.99362 0.450564 0.507278 -1 -0.969929 -0.94755 0.656781 0.217264 0.2178 0.619703 0.564741 -0.142422 -0.944195 -0.456684 0.207006 -0.815637 -0.274849 0.244386 -0.934106 -0.379338 0.097733 -0.00624302 -0.759902 -0.918887 -1 -1 -1 -1 -0.239233 -0.919659 -1 -1 0.0580203 0.105617 -1 -0.341465 0.422539 -1 -0.95727 0.235277 -0.866262 -0.876782 -1 0.116169 -0.166603 -1 0.638506 -0.284274 -0.370329 0.128406 -0.161653 -0.389511 -0.429645 -1 -0.762545 0.68107 -0.586631 -0.576785 -0.0453334 -0.373307 -1 -0.958615 -1 -0.123655 -0.50691 -0.785633 -0.45815 -0.161499 -0.314023 -0.601625 -0.712229 -0.513475 -1 -0.090336 -0.357327 -1 0.387794 0.65973 0.403634 -0.272424 -0.332853 -1 
-0.788798 -1 0.287888 -0.770707 0.157421 -0.961814 -1 0.494547 -0.950899 -0.716672 0.756984 -0.284451 -0.949454 -0.63439 -0.328254 -1 -0.0709071 -0.768721 -0.904875 -0.423782 0.257323 0.353224 -0.57715 -0.765676 -0.324256 0.0972938 0.613077 -0.857084 0.541316 -0.0955648 0.499641 -1 -0.390459 -0.811185 -0.936301 -0.608384 -0.776813 -0.190264 -0.599661 -0.977491 -1 -0.688379 0.143651 0.20099 -0.483078 -0.42668 -0.144088 0.326749 -0.327681 -0.336264 -0.634993 0.478913 -1 -0.422164 -0.526111 -0.69817 -1 -0.61443 -0.983459 -0.171564 -0.28518 0.177798 -0.540641 0.46003 -0.736121 0.198922 -0.531083 -0.424459 -0.0405241 0.405772 -0.692378 -0.769776 -0.940888 -0.200068 -0.0300182 -1 -0.784561 -1 0.0915687 0.283255 0.309944 -1 -1 -0.500296 -0.000831068 0.172368 -0.891479 -0.0458342 -1 -1 0.0613143 -1 0.154105 -0.158065 0.251126 0.0529942 0.0553124 -0.300513 -0.94499 -0.0843495 -0.592772 -1 0.730474 0.63965 -1 0.680941 -1 0.240385 -0.781422 0.313817 0.0526599 0.117289 -1 -0.247161 -0.487265 -0.0474793 -1 0.113481 -0.476267 -0.271012 -0.762702 -0.849964 -0.968271 -1 0.105087 0.921266 -0.286303 -0.560847 0.555434 -1 -0.66576 0.393358 -0.202668 -0.59143 -0.204333 -1 0.0141848 -0.60673 
-1 -1 0.555048 0.565007 -0.661924 -0.734566 -0.52643 0.953204 -1 -1 -0.336968 -0.217223 -0.691721 0.551778 0.296102 -0.612454 -0.11739 -0.371187 -0.751632 -0.758174 0.352065 -0.39646 0.166751 -0.163554 0.443048 -0.755004 0.70151 0.235137 -0.7116 0.141784 -1 0.153188 -0.0519495 0.136778 0.140529 -1 0.435878 -0.348431 0.0588039 -0.956607 0.724129 0.58697 0.46981 -0.599832 0.724568 0.572035 0.120287 -0.391246 0.543427 -1 0.269833 -0.70437 -0.0122362 0.0540392 -0.682024 -0.779698 -0.708306 0.269297 0.2757 -1 -0.941531 0.0419688 0.427905 0.565661 0.378044 0.480797 0.265058 -0.12336 -1 -0.266378 0.677021 -1 0.0723557 0.36128 -0.701039 -0.156042 0.0570841 0.281765 -0.612948 -1 -0.661294 -0.73179 -0.926265 -1 -0.29015 -1 -0.995019 -0.639822 0.229073 0.247399 -1 -0.272483 0.616833 -1 -1 0.845557 -0.696895 -0.845303 -0.927653 0.0562655 0.295703 -1 0.721476 -0.697318 -0.559328 -0.101827 0.0362037 -0.937414 -0.32062 -0.974696 -0.87326 0.643448 -0.105198 -0.565403 0.122605 -0.310927 -0.491253 -1 -1 -0.280633 -0.566259 -0.257027 -0.658152 -0.110764 -0.269934 -0.643634 -0.896938 0.168257 -1 -0.0320086 -0.156121 -0.912696 -0.139493 0.426193 0.65488 -0.0332851 -0.478662 -0.896407 
-1 -0.732764 0.504844 0.753683 -0.543177 -0.380818 -0.234304 0.823411 -0.445331 -1 -0.45273 -0.128483 -0.873005 0.281688 0.164687 -0.214088 -0.0270481 0.233836 -0.818752 -0.754702 0.3777 -0.423546 0.385222 -0.196669 0.691265 -0.95214 0.870431 0.15268 -0.44191 0.387965 -0.907571 0.647325 -0.0136425 -0.167084 0.374167 -1 0.482397 -0.408347 -0.117 -1 0.811241 0.556935 0.452873 -0.565698 0.764224 0.582008 -0.182734 -0.491219 0.540316 -0.957959 -0.0829282 -0.498784 -0.426427 -0.083325 -0.690248 -0.823075 -0.787029 0.329114 0.383682 -1 -1 -0.0484429 0.511566 0.442831 0.757206 0.368922 0.038214 -0.160504 -1 -0.325724 0.479175 -0.953919 0.0813708 0.408127 -0.491472 -0.353493 -0.0483489 -0.0113114 -0.866747 -1 -0.866707 -0.622984 -1 -0.897927 -0.09927 -0.975558 -0.838783 -0.873369 0.198732 0.057353 -0.982967 -0.363356 0.317564 -1 -1 1 -0.799997 -1 -0.897826 0.0562655 0.0324704 -0.981296 0.66037 -0.702726 -0.658478 0.0525984 0.11396 -0.634196 -0.405631 -0.654088 -0.666509 0.822338 -0.379497 -0.482245 -0.0145246 -0.325896 -0.281527 -0.876147 -0.96285 -0.516098 -0.363807 -0.284836 -0.255639 0.152775 -0.23641 -1 -0.864268 0.0112839 -0.873119 0.443216 -0.482161 -1 0.0853275 0.297776 0.35723 0.136084 -0.808312 -0.649118 
-1 -1 0.431391 1 -1 -1 -0.530619 0.683403 -0.6686 -0.619893 -0.125654 -0.565936 -0.553957 0.268643 -0.326668 -0.535866 0.221834 0.556437 -0.681025 -0.563952 0.204497 -0.378551 0.210472 0.37247 0.41624 -0.94875 0.708861 -0.363205 -0.614489 -0.0845731 -1 0.799538 -0.372582 0.159914 0.484641 -1 0.274379 -0.795545 -0.387666 -1 0.945736 0.18333 0.758988 -0.342118 0.556397 0.803994 -0.359905 -0.164957 0.265262 -0.774283 0.0743582 -0.958686 -0.293167 -0.387767 -0.870978 -0.68744 -0.844708 0.441876 0.0517247 -1 -1 -0.0880828 0.668691 0.122126 0.116607 0.709844 0.0366808 -0.42807 -0.682937 -0.563086 0.489182 -1 0.270641 0.317071 -0.436545 -0.224983 0.00542456 -0.396323 -0.926314 -0.891016 -0.99853 -1 -0.905553 -1 -0.415237 -1 -0.69259 -0.395183 -0.494784 0.200768 -1 -0.337016 0.354297 -1 -0.945639 0.232814 -0.960714 -0.78298 -1 0.251204 0.490886 -0.935795 0.379547 -0.137967 -0.467361 0.259659 -0.0414823 -0.494263 0.137373 -0.549726 -0.477929 0.221544 -0.0231335 -0.378018 0.247043 -0.171795 -0.555785 -1 -1 -0.38254 -0.390788 -0.60679 -0.353661 0.153471 -0.293929 -0.565284 -0.679594 0.287639 -0.692946 0.0694709 -0.13044 -1 0.199136 0.242328 0.29782 -0.185931 -0.618557 -0.772276 
-1 -1 0.491402 0.25789 -0.582908 -0.862743 -0.204556 0.689031 -0.575347 -0.592536 -0.234246 -0.0711198 -0.614865 0.391511 0.176362 -0.305081 -0.143208 0.675112 -1 -0.386322 0.127749 -0.270775 0.621411 0.0296851 0.393274 -0.96578 0.797366 -0.140829 -0.492459 0.0664333 -1 0.632374 0.283729 0.192014 0.0852877 -0.985323 0.360742 -0.3961 0.313039 -1 0.87147 0.383574 0.545424 -0.616148 0.542985 0.281063 -0.161117 -0.328601 0.566621 -1 0.558228 -0.721089 0.0714689 0.653976 -0.499935 -1 -0.954692 0.479283 0.509067 -1 -1 -0.326566 0.578886 0.0796679 0.264031 0.343924 0.690996 -0.366295 -0.690157 -0.3044 0.345843 -0.84093 -0.439476 0.323323 -0.731963 0.0313844 0.293236 0.0331948 -0.598002 -1 -1 -1 -1 -1 -0.00596377 -1 -1 -0.701535 -0.170905 -0.174705 -1 -0.713135 0.482478 -1 -1 0.494677 -0.561609 -0.75639 -1 -0.106407 -0.183202 -0.811442 0.962274 -0.135012 -0.459926 0.209437 -0.267662 -0.582098 -0.202203 -0.936984 -0.684303 0.674709 -0.46751 -0.319361 0.212745 -0.618191 -0.563771 -1 -0.75807 -0.171908 -0.253941 -0.73587 -0.437701 0.244029 -0.413501 -0.87245 -0.428615 -0.164151 -1 0.0420031 -0.306766 -1 0.0723753 0.41194 0.463269 -0.129841 -0.489843 -0.562107 
-0.788266 -0.991424 0.0584731 -0.578748 0.902138 -1 -0.954596 0.699039 -0.805929 -0.454756 0.43295 0.253682 -0.788252 -0.288645 0.272838 -1 0.0616013 -0.869272 -0.739642 -0.593894 0.612279 0.0727122 0.228158 -0.708327 -0.302872 0.663134 0.510177 -1 0.524579 -0.143303 0.461296 -1 -0.480414 0.00314055 -0.582134 -0.616289 -0.773712 -0.308721 -0.632531 -0.85222 -1 -0.933056 0.406802 0.567549 -0.435096 -0.0387514 0.090514 0.190894 0.0492441 -0.0629336 -0.801409 0.550022 -1 0.0581552 -0.6163 -0.890062 -1 -0.260189 -0.811114 -0.0813429 -0.346581 0.290765 -0.567081 0.336898 -0.756461 0.294804 -0.324357 -0.0417292 -0.64951 0.432072 -0.508958 -0.586692 -0.533339 -0.0653003 -0.151046 -0.874511 -0.487712 -1 0.774107 0.156968 0.797252 -0.906086 -0.944552 -0.500763 0.214251 0.433582 -0.75557 0.332253 -0.926627 -1 0.299859 -0.986329 0.174912 -0.173623 0.646461 -0.0601512 0.0761346 -0.563897 -1 -0.0408193 -0.512191 -0.388393 0.741383 0.909422 -1 0.83716 -0.897178 -0.136598 -0.729117 0.168067 0.475292 -0.21354 -0.958287 -0.317642 -0.165267 0.292962 -1 0.286889 -0.25657 -0.381793 -0.09375 -0.754201 -1 -0.865094 0.354105 0.701841 -0.734507 -0.329765 0.613969 -0.887994 -0.517711 0.517354 -0.134964 -0.469699 0.0333131 -0.932293 -0.200721 -0.302899 
-0.906206 -1 0.19416 -0.380744 0.758803 -1 -1 0.708803 -1 -0.510777 0.944357 0.0496129 -0.886589 -0.0480327 0.338688 -1 0.177829 -0.543983 -0.816676 -0.352319 0.636998 0.343434 0.163224 -0.329416 -0.356007 0.881648 0.774153 -0.929386 0.667386 -0.320919 0.52575 -0.987084 -0.550642 -0.0767894 -0.698963 -0.532566 -0.718703 -0.240522 -0.657549 -0.736085 -1 -0.762385 0.299271 0.440721 -0.473257 -0.168961 0.24576 0.106369 0.190449 -0.199963 -0.560696 0.773885 -1 0.00401852 -0.581122 -0.594941 -1 -0.433187 -0.776561 0.0307713 -0.481904 0.455383 -0.451956 -0.0295147 -0.978608 0.294804 -0.551246 -0.371759 -0.243455 0.438781 -0.593533 -0.637336 -0.820279 -0.0653003 -0.0304125 -0.8905 -0.627963 -1 0.716713 0.237787 0.737131 -0.737178 -0.938576 -0.499712 0.22957 0.387655 -1 0.513775 -1 -1 0.16582 -0.859053 0.346179 0.0843655 0.599231 0.084515 0.367812 -0.300513 -0.946052 0.284517 -0.320501 -0.372715 0.787643 0.883216 -0.79865 0.83716 -1 0.0721462 -0.549392 0.257695 0.269113 0.0108683 -1 -0.177897 -0.172035 0.0690054 -1 0.0371307 -0.228926 -0.403201 -0.366304 -0.878795 -1 -1 0.222618 0.992271 -0.356199 -0.382964 0.468346 -0.943802 -0.552661 0.122171 -0.37904 -0.635248 0.192159 -0.932293 0.0766537 -0.155192 
-1 -1 0.23423 0.267648 -0.763681 -0.843252 -0.382543 0.712569 -0.660521 -0.3917 -0.231833 -0.207335 -0.672961 0.552996 0.466879 -0.482834 -0.0998803 0.250588 -0.921035 -0.355025 -0.0372493 -0.274149 0.573232 0.446571 0.154856 -1 0.579295 -0.229266 -0.847623 0.183405 -1 0.486927 0.344867 0.201045 0.372008 -0.933921 0.410299 -0.273549 0.125687 -1 0.85244 0.28653 0.373118 -0.595844 0.690923 0.284103 -0.0814748 -0.046607 0.638987 -0.998774 0.3714 -0.721089 -0.134855 0.387442 -0.7438 -0.887578 -0.966347 0.356144 0.46122 -1 -1 -0.367918 0.707132 -0.111526 0.156957 0.537632 0.730232 -0.519424 -0.536531 -0.249272 0.576656 -0.823393 -0.489054 0.144377 -0.965378 -0.0493444 0.0552716 -0.0420484 -0.824625 -1 -1 -1 -1 -1 -0.106119 -1 -1 -0.825304 -0.369385 -0.499624 -0.932071 -0.729785 0.625709 -1 -1 0.382577 -0.487078 -0.700969 -1 -0.0189992 -0.0968798 -0.823255 0.78211 -0.0170699 -0.699304 0.28638 -0.0400796 -0.791081 -0.00613646 -0.886047 -0.592152 0.644184 -0.256354 -0.569381 -0.106675 -0.584432 -0.379605 -0.995181 -0.903467 -0.243103 -0.438627 -0.73587 -0.656745 0.14461 -0.3413 -0.756595 -0.397021 -0.060625 -1 0.300184 -0.28264 -0.87787 -0.0972772 0.393209 0.463269 -0.216292 -0.489843 -0.46417 
-1 -0.909165 0.547281 0.234185 -0.661924 -0.855137 -0.61119 0.545432 -1 -1 -0.468066 -0.0656523 -0.667839 0.333451 0.074228 -0.649274 -0.0813702 -0.200397 -0.751632 -0.693492 -0.121855 -0.58587 0.0480559 0.130861 0.496636 -0.911935 0.678002 -0.0868434 -0.802565 0.160578 -0.995788 0.611998 -0.153322 0.136778 0.213315 -1 0.482397 -0.173982 0.112276 -0.968755 0.899858 0.58697 0.357285 -0.599832 0.974717 0.612691 -0.0235886 -0.536774 0.588322 -0.987713 0.46008 -0.873908 0.0833392 0.0735971 -0.895977 -1 -1 0.300342 0.319094 -1 -1 0.0733751 0.441879 0.412525 0.547356 0.424168 0.265058 -0.321773 -0.735205 -0.45776 0.555348 -0.902836 -0.0437115 0.432742 -0.278691 -0.157304 -0.377422 0.0954643 -0.612948 -1 -0.661294 -0.876856 -1 -1 -0.267457 -1 -1 -0.918653 0.0760289 0.207924 -1 -0.541498 0.267599 -1 -0.954854 0.758424 -0.892757 -1 -1 0.0473533 0.218017 -1 0.648836 -0.919419 -0.474752 0.0821293 -0.105195 -0.987822 -0.15864 -0.868448 -0.868121 0.490222 -0.314528 -0.58122 -0.0820926 -0.187123 -0.294017 -1 -1 -0.27897 -0.444132 -0.564812 -0.456148 -0.196796 -0.139042 -0.658871 -0.81034 -0.0909753 -0.931872 0.149714 -0.370459 -1 -0.362718 0.638356 0.402765 -0.156185 -0.82291 -1 
-1 -1 0.175026 -0.541112 0.758803 -0.965858 -1 0.685405 -0.942956 -0.584338 0.944357 0.436374 -0.705979 -0.0480327 0.169984 -1 0.244323 -0.543983 -0.832131 -0.619288 0.349647 0.343434 0.0712481 -0.390053 -0.212111 0.859976 0.803715 -0.870263 0.309095 -0.108732 0.453235 -1 -0.57781 0.00731394 -0.504183 -0.527044 -0.880063 -0.176301 -0.882299 -0.85222 -1 -0.808216 0.101177 0.613091 -0.704889 -0.161037 0.319528 -0.00262612 -0.1074 -0.0525786 -0.474795 0.728253 -1 -0.0777725 -0.218643 -0.584408 -1 -0.280675 -0.776561 -0.0186239 -0.346581 0.455383 -0.485848 -0.0951219 -0.763939 0.252466 -0.396167 -0.0417292 -0.169803 0.231061 -0.593533 -0.779282 -0.533339 -0.10547 0.154434 -0.818479 -0.256502 -0.935468 0.739913 0.274701 0.737131 -0.923614 -1 -0.320519 0.351591 0.387655 -1 0.513775 -1 -1 0.215087 -0.83149 -0.0163255 0.255783 0.558454 0.113793 0.367812 -0.300513 -0.902627 0.258582 -0.476248 -0.606171 0.734562 0.909422 -0.971384 0.745076 -0.898474 0.00925452 -0.832068 0.312725 0.343496 0.0414157 -0.998012 -0.109982 -0.667877 0.317413 -1 0.286889 -0.353979 -0.101989 -0.179472 -0.686198 -1 -1 0.17696 0.879029 -0.356199 -0.368145 0.491913 -1 -0.45735 0.517354 -0.202668 -0.59143 0.115075 -1 0.130409 -0.000826716 
-0.999371 -0.809382 0.686613 0.517236 -0.759355 -1 -0.424954 0.789646 -0.753937 -1 -0.367073 -0.338318 -0.377274 0.481143 0.28795 -0.0698363 -0.725759 0.180556 -0.653902 -0.266975 -0.013762 -0.350171 0.459336 0.354687 0.7356 -0.730291 0.683223 -0.0321406 -0.80371 -0.139726 -0.941129 0.801232 0.196838 0.0696704 0.172088 -0.96927 0.423158 -0.701322 0.0304234 -1 0.929461 0.29911 0.165538 -0.51585 0.781482 0.673203 0.0558678 -0.752389 0.705039 -1 0.40049 -0.168653 -0.216284 0.0959074 -1 -0.504871 -0.983403 0.666849 0.268195 -1 -1 -0.177907 0.705837 0.595665 0.616111 0.600369 0.118307 -0.391635 -0.680084 -0.242084 0.606502 -0.905372 -0.552749 0.402284 -0.351232 -0.365127 -0.343463 -0.0628196 -0.885154 -1 -0.983819 -0.786692 -0.642423 -0.962835 -0.275604 -1 -0.804653 -0.874912 -0.110606 -0.0966785 -0.832883 -0.338374 0.695886 -0.956066 -0.729118 0.871339 -0.790508 -1 -1 -0.0578843 0.189173 -0.866893 0.23298 -0.424463 -0.422828 0.154092 -0.0716468 -0.557039 -0.322852 -0.827372 -0.66546 0.803432 -0.54832 -0.513006 0.0596217 -0.427524 -0.721355 -1 -1 -0.606426 -0.0983004 -0.617756 -0.395257 -0.152333 -0.248729 -0.687057 -0.874195 -0.00736434 -1 0.393518 -0.277753 -1 0.238141 0.631055 0.651208 -0.0442096 -0.393674 -0.720899 
-1 -0.946188 0.0691355 -0.565012 0.758803 -1 -0.974393 0.708803 -1 -0.544542 0.944357 0.292863 -1 -0.0480327 0.202685 -1 0.177829 -0.58606 -0.745924 -0.420726 0.423282 0.135961 0.0435119 -0.390053 -0.740305 0.870931 0.676786 -1 0.710989 -0.383828 0.715478 -0.952636 -0.363173 -0.285672 -0.830554 -0.691352 -0.625414 -0.482718 -1 -1 -1 -0.890027 0.298919 0.149002 -0.56867 0.0277903 0.0700155 0.272768 0.221139 -0.205727 -0.408481 0.514627 -1 0.105676 -0.28974 -0.608678 -0.972082 -0.280675 -1 -0.342635 -0.494416 0.455383 -0.38392 0.135409 -0.955033 0.0928647 -0.396167 -0.234161 -0.0346961 0.353747 -0.617104 -0.506365 -0.552283 -0.0722406 0.039031 -0.901906 -0.382158 -1 0.695474 0.345287 0.473543 -0.947305 -0.939888 -0.466998 0.258419 0.369099 -0.735613 0.12171 -1 -1 -0.0721946 -0.803222 0.345697 0.181978 0.375364 0.0252026 0.40822 -0.335055 -1 0.263269 -0.553469 -0.317515 0.787993 0.909422 -0.802254 0.957343 -0.987214 0.0429023 -0.741681 0.0926039 0.16353 -0.00122142 -0.967352 -0.250066 -0.662938 0.174682 -0.90388 0.197821 -0.403095 -0.0999111 -0.16438 -1 -1 -1 -0.131545 0.4765 -0.323946 -0.447122 0.507475 -1 -0.404366 0.313422 -0.168274 -0.786527 -0.101064 -1 -0.118981 -0.187626 
-0.806687 -1 0.155899 -0.524629 0.615043 -1 -0.996745 0.708803 -1 -0.844209 0.646853 0.338966 -0.807192 -0.0480327 0.194495 -0.906962 0.173196 -0.574221 -0.833743 -0.685371 0.667216 0.129249 0.267723 -0.256759 -0.302872 0.879082 0.600977 -1 0.414275 -0.492406 0.643974 -1 -0.547855 0.00731394 -0.458274 -0.542264 -0.761807 -0.504553 -0.807577 -1 -0.9979 -0.909848 0.0633793 0.412466 -0.45159 -0.314359 0.293219 0.0328421 0.0330092 -0.279219 -0.711238 0.628663 -1 0.125722 -0.236373 -0.676158 -1 -0.264569 -0.776561 0.0470525 -0.459004 0.520583 -0.612244 0.280943 -0.816535 0.239175 -0.359897 -0.000400342 -0.169803 0.431932 -0.674375 -0.467856 -0.646539 -0.308004 -0.142615 -0.699094 -0.430224 -0.890229 0.451124 0.264965 0.644664 -0.762639 -1 -0.320519 0.0292041 0.418633 -1 0.538019 -1 -1 -0.101331 -0.920037 -0.173794 -0.00830936 0.683481 -0.0894777 0.313158 -0.592433 -1 0.00152095 -0.452741 -0.261057 0.741383 0.821287 -0.756824 0.886919 -1 -0.0892121 -0.725714 0.243213 0.140358 0.126629 -1 -0.395357 -0.510609 0.171872 -1 0.355656 -0.470559 -0.181578 -0.264505 -0.897673 -1 -0.878389 -0.026559 0.908845 -0.462353 -0.368145 0.637282 -0.824334 -0.518827 0.323668 -0.191171 -0.497609 0.0361424 -0.927093 0.0671117 -0.259833 
-0.737922 -0.973114 -0.168339 -0.594209 0.733036 -1 -1 0.583313 -0.999973 -0.711059 0.944357 0.436374 -1 -0.244437 0.338688 -1 0.0634056 -0.607981 -1 -0.449483 0.636998 0.343434 0.0994622 -0.390053 -0.331476 0.62573 0.696952 -0.806574 0.667386 -0.0708105 0.667478 -0.988799 -0.568127 -0.0554425 -0.790647 -0.585626 -0.703378 -0.247713 -0.657549 -0.85222 -1 -0.625866 0.299271 0.513636 -0.341388 -0.0311109 -0.0372722 0.234818 0.0417976 -0.0413307 -0.474795 0.694614 -0.936436 0.105676 -0.36178 -0.485981 -1 -0.317969 -0.89147 -0.0236746 -0.335365 0.455383 -0.38392 0.297057 -0.877542 0.189824 -0.638752 -0.0127243 -0.298558 0.391344 -0.798938 -0.406939 -0.561786 -0.273121 0.180474 -0.699094 -0.256502 -1 0.68775 0.264965 0.737131 -0.808858 -1 -0.320519 0.351591 0.390505 -0.831787 0.340215 -1 -1 0.100492 -1 0.255829 0.139896 0.387555 0.301087 0.0952351 -0.259625 -0.911143 -0.0157121 -0.475199 -0.388393 0.741383 0.984606 -0.79865 0.83716 -1 0.00925452 -0.473353 0.333259 0.250971 0.132536 -1 -0.36197 -0.420066 0.346057 -0.975266 0.360919 -0.248079 -0.282788 -0.530401 -0.908987 -1 -0.980464 0.144752 0.759694 -0.356199 -0.463845 0.583644 -1 -0.45735 0.567184 -0.543658 -0.59143 0.077506 -0.944529 -0.126417 0.0257248 
-1 -0.798647 0.266138 0.403259 -0.527827 -0.749399 -0.193615 0.470246 -0.555732 -1 -0.413941 -0.55143 -0.73072 0.347623 0.0668684 -0.355842 0.0326864 0.118061 -0.827213 -0.667481 0.433658 -0.369456 0.356543 -0.219578 0.799956 -0.900018 0.449139 0.257957 -0.549591 0.357325 -1 0.822964 0.258856 -0.547991 0.204387 -1 0.475881 -0.47116 -0.106658 -1 0.913437 0.299027 0.589623 -0.524048 0.554861 0.529224 -0.118827 -0.750325 0.295687 -1 0.0141162 -0.444015 -0.153231 -0.342483 -0.752815 -0.655828 -1 0.00455377 0.371021 -0.990827 -0.991682 -0.0865 0.554682 -0.0648644 0.720868 0.480797 -0.0838984 -0.453459 -0.921292 -0.394282 0.459297 -0.902271 -0.588918 0.66541 -0.514437 -0.250205 -0.147249 0.228698 -0.645412 -1 -0.852375 -1 -0.94185 -0.910511 -0.124065 -1 -0.801701 -0.80381 0.0935077 0.0224858 -1 -0.44633 0.591734 -0.866477 -1 0.803622 -0.778372 -0.819966 -0.896206 0.0562655 0.118768 -1 0.313429 -0.704402 -0.609419 -0.174524 0.0509422 -0.816436 -0.156983 -0.906531 -0.735669 0.974849 -0.0750662 -0.670447 0.326784 -0.5724 -0.451103 -1 -0.953432 -0.488958 -0.3219 -0.251282 -0.630388 0.0818997 -0.420766 -0.939197 -0.670283 0.220117 -0.974431 0.414057 -0.383809 -1 0.138517 0.460754 0.672604 -0.101293 -0.943661 -0.900414 
-0.78399 -0.920035 -0.142326 -0.380744 0.758803 -0.965858 -1 0.633062 -0.987777 -0.642762 0.773474 0.114297 -0.762482 -0.279482 0.178346 -1 0.177829 -0.771239 -0.737552 -0.398146 0.660278 0.353894 0.106362 -0.568438 -0.241389 0.378978 0.652515 -0.770048 0.412752 -0.406609 0.667478 -0.924137 -0.518414 0.0666892 -0.826312 -0.5933 -0.704203 -0.247713 -0.871053 -0.952067 -1 -0.625866 0.208314 0.59793 -0.304409 -0.0287813 0.283961 0.134943 0.0491652 -0.23096 -0.628549 0.389791 -1 0.105676 -0.257979 -0.607331 -1 -0.266648 -1 -0.0482116 -0.644129 0.352829 -0.38392 0.276295 -0.897672 0.321893 -0.396167 -0.0731589 -0.288878 0.510982 -0.593533 -0.633905 -0.757707 -0.0314336 -0.0699745 -0.906539 -0.282775 -1 0.776818 0.282083 0.776919 -0.840259 -1 -0.676123 0.407447 0.172436 -1 0.513775 -1 -1 0.16582 -1 0.100201 -0.0734328 0.336298 0.301087 0.206193 -0.255977 -1 0.162621 -0.701417 -0.659208 0.459561 0.661218 -0.79865 0.653059 -1 -0.193503 -0.72681 0.257695 0.39755 -0.0334596 -1 -0.373736 -0.63692 0.302274 -0.850626 0.171691 -0.27455 -0.475971 -0.395248 -0.935249 -0.949763 -0.980464 -0.0724299 0.969933 -0.520239 -0.331684 0.734651 -0.86171 -0.921943 0.517354 -0.161963 -0.59143 0.0634211 -1 0.0766537 0.0800051 
-0.950716 -1 0.282807 -0.373843 0.491031 -0.975902 -1 0.708803 -0.920896 -0.686758 0.730946 0.346067 -0.807192 -0.272497 0.417486 -1 0.0327024 -0.543983 -0.802025 -0.548643 0.640882 0.0996198 0.267723 -0.619188 -0.490165 0.80026 0.392153 -1 0.518232 -0.143303 0.525616 -0.945763 -0.54592 -0.0636359 -0.875077 -0.354041 -0.547232 -0.764653 -1 -0.989333 -1 -0.797151 0.165463 0.536581 -0.247031 -0.107724 0.460258 -0.0854358 0.190449 -0.196908 -0.913968 0.558648 -1 -0.0437148 -0.279793 -0.654521 -1 -0.570133 -0.776561 -0.209722 -0.498499 0.501153 -0.38392 0.180662 -0.934316 0.266228 -0.395312 -0.0417292 -0.27587 0.358242 -0.619688 -0.392482 -0.645982 -0.459902 -0.0457636 -0.633348 -0.521807 -1 0.563188 0.136396 0.104854 -0.813932 -1 -0.584366 0.257277 0.427989 -1 0.0576102 -0.924331 -1 -0.281569 -0.883518 0.126722 -0.0358312 0.434144 0.245466 0.307713 -0.300513 -0.905381 0.139105 -0.723813 -0.527132 0.741383 0.705806 -0.79865 0.83716 -1 -0.162586 -0.763818 0.0902453 0.388749 0.0493807 -1 -0.149604 -0.404605 0.0467009 -1 0.286889 -0.364275 -0.181578 -0.317163 -0.98246 -1 -1 0.0578108 0.937104 -0.71129 -0.410483 0.50653 -0.805672 -0.396945 0.323668 -0.242516 -0.496389 0.115075 -0.959945 -0.111747 -0.077189 
-0.757717 -1 -0.459622 -0.503437 0.758803 -1 -1 0.633062 -0.987777 -0.642762 0.682741 -0.0816689 -0.726615 -0.279482 0.200532 -1 0.0927254 -0.910011 -0.816676 -0.449427 0.598243 0.295025 0.106362 -0.495549 -0.41323 0.0733939 0.519888 -0.965015 0.328483 -0.406609 0.612099 -1 -0.543121 0.0666892 -0.826312 -0.705179 -0.770481 -0.207557 -0.824356 -1 -1 -0.683482 0.298491 0.59793 -0.304409 -0.04754 0.0975299 0.0304269 0.136044 -0.0650789 -0.746605 0.424174 -1 -0.0496166 -0.53446 -0.766055 -1 -0.535075 -1 -0.398054 -1 0.229509 -0.38392 0.407091 -0.829378 0.321893 -0.494066 -0.0303831 -0.204505 0.510982 -0.593533 -0.467856 -0.888203 -0.289992 0.227009 -0.923358 -0.256502 -1 0.615622 0.244775 0.770275 -0.805348 -1 -0.437202 0.407447 0.168652 -0.817714 0.465837 -1 -1 0.16582 -1 0.153815 0.0446663 0.342083 0.117376 0.128529 -0.255977 -0.946052 0.209274 -0.491825 -0.582541 0.665676 0.671708 -1 0.653059 -0.934575 -0.279752 -0.72681 0.257695 0.0928082 0.201929 -0.978542 -0.609075 -0.63692 0.318786 -0.756435 0.171691 -0.444561 -0.45884 -0.351726 -1 -0.991765 -0.994487 -0.078123 0.94359 -0.766875 -0.331684 0.672664 -0.888338 -0.745952 0.517354 -0.257583 -0.59143 -0.0684364 -1 0.0766537 -0.35685 
-0.0645296 0.299402 -0.0635006 -0.988334 0.425137 -0.351227 -0.90211 -0.456608 -1 -0.154955 -1 0.0395577 -0.936109 -0.932747 -0.863823 -0.90211 0.187301 -0.467305 0.022077 0.407287 0.631023 -0.832303 -1 -0.415591 -0.32069 -0.931405 -0.643965 0.313805 0.593307 0.121629 -0.753081 -0.153514 -0.885022 0.0422154 -1 -0.434987 0.945288 -0.616331 -0.431962 0.182064 -0.365563 0.814312 -1 -0.0795728 0.488451 0.288435 -0.83524 -0.830317 -1 0.373807 -0.288358 0.590259 0.180271 0.257264 -0.178884 -0.816293 -0.0145471 -0.955939 -0.354919 -0.112512 0.462358 -0.654436 -1 -0.876777 0.663622 -0.787324 -0.813935 0.357251 -0.92952 -0.451299 -0.102121 0.104994 -0.93585 -1 0.899054 0.111065 0.429543 0.123658 -0.644314 0.246027 0.138871 -0.555038 -1 -0.314329 -0.926354 -0.0551357 -0.355957 -0.529887 0.0996474 -0.0149924 -0.951126 -0.706562 -0.216557 0.46665 0.109363 0.352387 -0.0761876 -0.655644 -1 -1 -1 -0.313208 -0.832919 -0.071593 -0.49426 -1 -0.878872 0.00849178 0.318223 0.127434 -0.402871 0.804148 -0.289325 -0.632463 -1 -1 -0.613304 0.117431 0.632314 0.401156 0.72818 -0.897562 -0.961753 -0.753722 -1 -0.750516 -1 0.122361 -0.327766 0.205964 -0.895249 -0.372369 -0.444022 -0.336152 -1 0.0872974 0.664868 -0.806834 
-0.862501 -0.963716 0.282807 -0.62604 0.687179 -1 -1 0.524995 -1 -0.964876 0.91258 0.246539 -1 -0.0480327 0.359598 -1 0.195174 -0.888726 -1 -0.4336 0.636998 0.102003 0.0669763 -0.390053 -0.297287 0.67034 0.827489 -0.791327 0.572105 -0.143303 0.568234 -0.987369 -0.383807 0.00610843 -0.528019 -0.629078 -0.75089 -0.390509 -0.657549 -0.85222 -1 -0.577781 0.0317378 0.116261 -0.532609 -0.0348909 0.0717956 -0.00482806 0.190449 -0.173598 -0.456389 0.620986 -1 0.149384 -0.171827 -0.427149 -0.927437 -0.504105 -1 -0.100263 -0.546523 0.455383 -0.38392 0.336314 -0.84321 0.0219022 -0.317483 0.0193769 -0.308204 0.526686 -0.486101 -0.451429 -1 -0.3165 0.154434 -0.894253 -0.3825 -1 0.739913 -0.12387 0.737131 -1 -1 -0.320452 0.351591 0.192822 -0.789221 0.560211 -0.923692 -1 0.261215 -1 0.443283 0.181978 0.619455 0.109249 0.337529 -0.570072 -1 -0.238616 -0.310434 -0.577063 0.487171 0.950324 -0.852832 0.65072 -1 0.00373734 -0.716807 0.270661 0.472257 -0.0183414 -1 -0.232735 -0.441174 0.285 -1 0.35218 -0.318284 -0.295391 -0.142045 -0.749917 -0.926661 -0.951859 0.02109 0.992271 -0.329711 -0.606538 0.542365 -0.928509 -0.397652 0.382842 -0.665581 -0.664975 0.115075 -0.893579 0.0766537 -0.142332 
-1 -1 0.503178 0.382487 -0.762968 -0.484207 -0.380203 0.94559 -0.42887 -0.940721 -0.403233 -0.419163 -0.682872 0.611736 0.204183 -0.289056 -0.0875759 0.206118 -0.972899 -0.718222 0.128199 -0.612825 0.385222 0.0728397 -0.0105642 -0.711519 0.684772 0.206985 -0.619722 0.398431 -1 0.57611 0.251819 -0.0488012 0.505643 -1 0.375359 -0.243944 -0.111666 -1 0.89269 0.5938 0.418351 -0.492642 0.686437 0.542255 0.03124 -0.578021 0.271144 -0.779015 0.424313 -0.330681 0.0761207 0.03763 -1 -0.902891 -0.768627 0.0784743 0.198175 -1 -1 0.0832166 0.367744 0.339535 0.41401 0.313052 0.265058 -0.297026 -0.979186 -0.15568 0.677905 -0.897584 -0.0524977 0.417301 -0.505163 -0.156042 0.342943 0.158872 -0.980796 -1 -0.859198 -0.987933 -1 -1 -0.186496 -1 -1 -0.763885 -0.0411792 0.248315 -1 -0.546905 0.619166 -1 -1 1 -1 -0.638938 -1 0.0426381 0.305352 -1 0.367354 -0.579122 -0.498921 -0.151394 0.0105599 -0.395903 0.0560988 -0.751778 -0.818552 1 -0.469698 -0.427055 0.350474 -0.033371 -0.289187 -0.863733 -1 -0.145897 -0.398184 -0.261952 -0.314393 0.0818997 -0.820191 -1 -0.6463 -0.124388 -1 0.322389 -0.151402 -1 -0.0155089 0.868618 0.624296 -0.191344 -0.493386 -0.625418 
-1 -0.198557 0.677853 0.144156 -0.539622 -1 -0.00110389 0.983451 -0.865206 -0.170099 -0.353888 -0.46543 -0.243256 0.12831 -0.00741345 0.0689571 0.0230041 0.378158 -1 -0.496537 0.550426 -0.859692 0.0332902 0.210387 0.460171 -1 0.630702 0.111072 -0.731952 0.209823 -0.761731 0.632531 -0.0742778 -0.227687 0.122193 -1 0.612099 -1 0.0352375 -1 0.916822 0.499361 0.628436 -0.368694 0.251029 0.778738 0.150413 -0.42529 0.547006 -0.849388 -0.166297 -0.9182 -0.107079 0.560057 -0.918205 -0.857326 -1 0.429408 0.376375 -1 -1 -0.0862766 0.457072 0.490792 0.392734 0.854821 0.316683 -0.503292 -0.739816 -0.153858 0.690303 -0.81338 0.126413 0.405601 -0.198654 0.13253 0.288915 0.148776 -0.633715 -0.960072 -0.755213 -1 -1 -1 -0.232824 -1 -1 -0.603923 0.272971 -0.0412384 -1 -0.530715 0.560544 -0.871899 -1 0.5209 -0.9637 -0.579495 -1 0.187288 -0.0926053 -1 0.613846 -0.0982012 -0.569583 0.0118961 -0.381434 -0.495476 -0.39103 -0.950027 -0.616206 0.841445 -0.543534 -0.588279 0.231735 -0.358636 -0.673856 -1 -0.971841 -0.504679 -0.471109 -0.721023 -0.380873 0.0651178 -0.228199 -0.954415 -0.721827 0.204391 -1 0.714568 -0.395396 -1 0.26931 0.310434 0.690028 -0.0877479 -0.524821 -0.761524 
-0.728931 -0.990284 0.0948757 -0.52518 0.690443 -0.87969 -1 0.638723 -1 -0.532506 0.903091 0.526398 -1 0.0175356 0.113014 -1 0.102407 -0.517544 -0.816676 -0.3421 0.636998 0.255749 0.267723 -0.514814 -0.519645 0.912897 0.803715 -0.902547 0.264757 -0.159233 0.731903 -0.987369 -0.383807 0.0683929 -0.582134 -0.432786 -0.613163 -0.372936 -0.657549 -0.938795 -0.940097 -0.625866 0.064533 0.618042 -0.285191 -0.384618 0.118088 0.234818 -0.128937 -0.287297 -0.731527 0.634588 -0.987945 0.105676 -0.322779 -0.485981 -1 -0.594963 -0.8992 0.0470525 -0.608427 0.455383 -0.38392 0.336898 -0.886 0.073083 -0.680893 -0.174513 -0.336851 0.336574 -0.611765 -0.380257 -0.870727 -0.294039 0.217446 -0.699094 -0.353381 -1 0.739913 0.316541 0.737131 -0.710866 -1 -0.738586 0.19946 0.387655 -0.735613 0.513775 -1 -1 -0.126583 -1 0.244769 0.181978 0.599231 0.191847 0.270038 -0.427247 -1 0.125832 -0.420579 -0.388393 0.523354 0.909422 -0.79865 0.784618 -1 0.00925452 -0.777685 0.257695 0.123185 0.158736 -1 -0.197997 -0.153389 0.305698 -0.975266 0.286889 -0.301305 -0.113267 -0.0774306 -0.903738 -1 -0.962269 0.0960742 0.917292 -0.508515 -0.377224 0.734651 -1 -0.45735 0.517354 -0.202668 -0.834354 0.147205 -0.932293 0.0766537 0.170837 
-1 -1 0.235079 0.408302 -0.595822 -0.625076 -0.54304 0.769479 -0.952832 -1 -0.429928 -0.144537 -0.566234 0.371168 0.167538 -0.214088 -0.258297 0.197404 -0.786087 -0.839695 0.0254326 -0.294439 0.156788 0.0943211 0.405568 -0.969037 0.778672 0.214628 -0.545391 0.291569 -1 0.5826 0.237987 0.119297 0.362078 -0.9483 0.340673 -0.483035 -0.12421 -1 0.774514 0.527112 0.482707 -0.769166 0.819863 0.385835 0.164144 -0.483747 0.441759 -0.830199 0.393857 -0.548774 -0.0920594 0.0105855 -0.867115 -0.620221 -0.960485 0.362049 0.136863 -1 -1 -0.345102 0.362056 0.461959 0.736081 0.316823 0.304537 -0.196755 -0.927842 -0.453961 0.869668 -1 0.164644 0.630137 -0.471113 -0.156042 0.0337346 0.220062 -0.823718 -1 -0.823347 -1 -0.998862 -0.878639 -0.201303 -1 -0.84826 -0.603016 -0.223984 0.214386 -1 -0.350463 0.608191 -1 -0.973349 0.960058 -0.763172 -0.692246 -0.913341 0.0562655 0.250492 -0.88661 0.58242 -0.620715 -0.497796 0.0115675 -0.0994264 -0.671139 -0.100535 -0.669021 -0.654908 0.529351 -0.129984 -0.400223 0.166442 -0.429935 -0.505443 -0.962565 -1 -0.512861 -0.675746 -0.44815 -0.394335 -0.0565922 -0.46395 -0.778401 -0.775714 0.183164 -1 0.201952 -0.156121 -0.989633 0.0643393 0.485563 0.360907 0.0439598 -0.63078 -0.866624 
0.0651606 0.265561 0.0598553 -0.722806 0.425137 -0.286651 -0.994887 -0.456608 -1 -0.211587 -1 0.248495 -0.936109 -0.932747 -0.863823 -0.814992 0.187301 -0.308892 0.022077 0.540933 0.781739 -0.808797 -1 -0.248694 -0.32069 -0.815842 -0.401965 0.356826 0.593307 0.121629 -0.505962 -0.0884653 -0.885022 0.0422154 -1 -0.434987 0.945288 -0.332284 -0.431962 0.312297 -0.365563 0.814312 -1 -0.0785573 0.400706 0.288435 -0.83524 -0.758277 -1 0.373807 -0.293949 0.735477 0.280901 0.257264 -0.178884 -0.816293 -0.0145471 -1 -0.23933 -0.0194554 0.484239 -0.654436 -1 -0.965981 0.663622 -0.493801 -0.907674 0.357251 -0.92952 -0.213586 -0.155353 0.104994 -1 -1 0.899054 0.111065 0.429543 0.194939 -0.71885 0.325421 0.138871 -0.555771 -1 -0.314329 -0.926354 -0.0535473 -0.184539 -0.529887 0.337808 -0.0502892 -0.732233 -0.411999 -0.216557 0.46665 0.200318 0.367993 -0.0790706 -0.478573 -1 -1 -1 -0.313208 -0.832919 0.194521 -0.49426 -1 -0.920287 -0.0377196 0.318223 0.127434 -0.402871 0.804148 -0.289325 -0.683688 -1 -1 -0.676774 0.117431 0.619269 0.569605 0.752482 -0.864297 -1 -0.756566 -1 -0.72307 -1 0.10992 -0.327766 0.147234 -0.895249 -0.372369 -0.444022 -0.336152 -0.892306 0.0872974 0.760162 -0.608876 
-1 -0.862213 0.470605 0.552499 -1 -0.741404 -0.364867 0.601068 -0.479892 -1 -0.45669 -0.615682 -0.74273 0.3113 0.161993 -0.531222 -0.185442 0.0932052 -0.444416 -0.900891 -0.20017 -0.360364 0.340102 0.175794 0.747467 -0.87119 0.81343 0.210983 -0.823556 -0.175304 -0.931087 0.690803 0.0194439 -0.208737 0.334103 -1 0.392523 -0.21468 0.217573 -0.938809 0.540277 0.305252 0.219786 -0.509709 0.712065 0.460297 0.168259 -0.657461 0.295718 -1 0.182441 -0.326046 -0.0692334 0.208016 -1 -0.480886 -0.94892 0.219225 0.15775 -1 -1 -0.512672 0.0490744 0.132327 0.504385 0.347128 0.411328 -0.17852 -0.931944 -0.617092 0.688984 -1 0.219486 0.400024 -0.345736 -0.256369 -0.098297 -0.178866 -0.877695 -1 -1 -0.601529 -0.904924 -0.720222 -0.387722 -0.91746 -0.93517 -0.762144 0.423359 -0.241606 -1 -0.30936 0.737408 -1 -1 0.997464 -0.594785 -0.778319 -0.997568 0.00992023 0.0397964 -0.986598 0.126683 -1 -0.482111 0.096085 0.0124714 -0.617128 -0.459725 -0.751837 -1 0.909496 -0.586341 -0.591141 0.130361 -0.508915 -0.563829 -0.876881 -1 -0.257674 -0.686684 -0.449882 -0.965211 -0.0165328 -0.371248 -0.521004 -0.671589 -0.547105 -1 0.132366 -0.277046 -1 0.205225 0.53997 0.248221 -0.162481 -0.77099 -0.931596 
-0.94169 -0.927207 0.286887 -0.380744 0.833148 -0.905715 -1 0.760107 -0.942956 -0.499971 0.912347 0.436374 -0.970899 -0.0495303 0.256759 -1 0.110474 -0.605636 -0.955163 -0.515586 0.696866 0.343434 -0.0661801 -0.630184 -0.302872 0.675915 0.728186 -0.870263 0.449096 -0.143303 0.610505 -0.987369 -0.736859 -0.155403 -0.582134 -0.402031 -0.628033 -0.717053 -0.968391 -0.92982 -0.958681 -0.6606 0.313269 0.517497 -0.304409 -0.107724 0.166971 0.171905 0.166488 -0.244438 -0.564244 0.516435 -1 0.105676 -0.306196 -0.557357 -1 -0.504968 -0.776561 -0.0923515 -0.576819 0.489883 -0.38392 0.313523 -0.87156 0.294804 -0.594685 -0.000962265 -0.169803 0.168551 -0.967839 -0.82346 -0.872819 -0.0530407 0.174414 -0.758836 -0.256502 -1 0.660991 0.346207 0.710134 -0.915755 -1 -0.239788 0.36048 0.402705 -0.921893 0.376221 -0.948659 -1 0.16582 -1 0.123946 0.154288 0.599231 0.157377 0.367812 -0.413005 -1 0.218694 -0.459703 -0.878848 0.627785 0.793901 -0.911093 0.83716 -0.986742 -0.136465 -0.598172 0.157643 0.39179 0.126629 -0.936819 -0.216563 -0.462334 0.119836 -0.975266 0.185622 -0.266543 -0.347858 -0.557409 -1 -1 -0.956069 0.216581 0.82157 -0.517929 -0.460495 0.520655 -0.887994 -0.541849 0.260245 -0.16525 -0.771676 -0.105142 -0.969436 -0.31174 -0.151568 
-0.771631 -1 0.282807 -0.477359 0.687179 -0.965858 -1 0.50272 -0.977166 -0.526627 0.91258 0.136798 -0.804852 -0.0480327 0.171294 -1 0.177829 -0.772301 -0.796044 -0.4336 0.420783 0.195972 0.278423 -0.390053 -0.297287 0.84832 0.803715 -0.870263 0.619865 -0.143303 0.658474 -1 -0.383807 0.0237805 -0.823893 -0.432786 -0.563497 -0.163109 -0.657549 -1 -1 -0.507786 0.232871 0.425851 -0.736036 -0.0348909 0.2293 0.124844 0.165329 -0.047616 -0.474795 0.572741 -1 0.105676 -0.449328 -0.391501 -1 -0.489427 -0.776561 -0.270845 -0.350546 0.455383 -0.38392 0.219376 -0.763939 0.123707 -0.35819 0.0193769 -0.355098 0.460691 -0.665831 -0.42992 -0.634012 -0.149786 0.154434 -0.699094 -0.237833 -0.942114 0.682726 -0.0938535 0.737131 -0.653848 -1 -0.35203 0.351591 0.387655 -0.720411 0.513775 -1 -1 0.218661 -0.875901 0.156328 0.181978 0.400288 0.314715 0.369341 -0.540934 -0.946052 -0.00250927 -0.298639 -0.450873 0.636643 0.866604 -0.79865 0.65072 -0.99694 0.00925452 -0.756692 0.313668 0.393605 0.10564 -1 -0.197997 -0.298943 0.170729 -0.973968 0.313081 -0.27455 -0.352779 -0.208211 -0.754201 -1 -0.951859 0.30118 0.992271 -0.479032 -0.537699 0.509603 -0.887994 -0.407709 0.517354 -0.390261 -0.59143 0.115075 -0.932293 0.0766537 0.0763362 
0.153026 0.265561 0.0598553 -0.722806 0.406426 -0.500848 -1 -0.689313 -1 -0.191429 -0.941983 0.248495 -1 -0.932747 -0.863823 -0.757121 0.187301 -0.308892 -0.0224338 0.540933 0.651249 -0.808797 -1 -0.248694 -0.32069 -0.902454 -0.401965 0.356826 0.36133 0.121629 -0.505962 -0.0884653 -1 0.0422154 -1 -0.434987 0.945288 -0.332284 -0.386161 0.312297 -0.280472 0.736366 -1 -0.0785573 0.400706 0.288435 -0.78905 -1 -1 0.36103 -0.293949 0.735477 0.280901 0.248283 -0.314692 -0.955717 0.0624571 -1 -0.23933 -0.0232621 0.403482 -0.654436 -1 -0.965981 0.663622 -0.493801 -1 0.120017 -0.92952 -0.213586 -0.155353 0.104994 -1 -1 0.960738 -0.0284635 0.427494 0.160711 -0.71885 0.0835046 0.138871 -0.555771 -0.995454 -0.314329 -0.926354 -0.195439 -0.184539 -0.70055 0.361734 -0.0872164 -0.732233 -0.675806 -0.192243 0.246619 0.200318 0.170321 -0.0790706 -0.478573 -0.967626 -1 -1 -0.313208 -0.832919 0.182734 -0.462313 -1 -0.920287 -0.301889 0.318223 0.169818 -0.525431 0.804148 -0.361026 -0.660437 -1 -1 -0.868209 0.117431 0.369041 0.569605 0.818083 -0.864297 -0.949934 -0.85363 -0.918713 -0.664607 -1 0.10992 -0.327766 0.033729 -1 -0.480508 -0.444022 -0.527292 -0.930295 -0.095843 0.695418 -0.608876 
0.153026 0.265561 0.0598553 -0.722806 0.406426 -0.500848 -1 -0.689313 -1 -0.191429 -0.941983 0.248495 -1 -0.932747 -0.863823 -0.757121 0.187301 -0.308892 -0.0224338 0.540933 0.651249 -0.808797 -1 -0.248694 -0.32069 -0.902454 -0.401965 0.356826 0.36133 0.121629 -0.505962 -0.0884653 -1 0.0422154 -1 -0.434987 0.945288 -0.332284 -0.386161 0.312297 -0.280472 0.736366 -1 -0.0785573 0.400706 0.288435 -0.78905 -1 -1 0.36103 -0.293949 0.735477 0.280901 0.248283 -0.314692 -0.955717 0.0624571 -1 -0.23933 -0.0232621 0.403482 -0.654436 -1 -0.965981 0.663622 -0.493801 -1 0.120017 -0.92952 -0.213586 -0.155353 0.104994 -1 -1 0.960738 -0.0284635 0.427494 0.160711 -0.71885 0.0835046 0.138871 -0.555771 -0.995454 -0.314329 -0.926354 -0.195439 -0.184539 -0.70055 0.361734 -0.0872164 -0.732233 -0.675806 -0.192243 0.246619 0.200318 0.170321 -0.0790706 -0.478573 -0.967626 -1 -1 -0.313208 -0.832919 0.182734 -0.462313 -1 -0.920287 -0.301889 0.318223 0.169818 -0.525431 0.804148 -0.361026 -0.660437 -1 -1 -0.868209 0.117431 0.369041 0.569605 0.818083 -0.864297 -0.949934 -0.85363 -0.918713 -0.664607 -1 0.10992 -0.327766 0.033729 -1 -0.480508 -0.444022 -0.527292 -0.930295 -0.095843 0.695418 -0.608876 
-1 -1 -0.188036 -0.474718 0.519176 -0.965858 -1 0.553206 -1 -0.565321 0.936909 0.477176 -1 -0.269981 0.330824 -1 0.100401 -0.87914 -1 -0.49251 0.501938 0.400159 0.132321 -0.618668 -0.31605 0.431213 0.347273 -1 0.608894 -0.179129 0.59778 -1 -0.383807 0.0241331 -0.744947 -0.467785 -0.746918 -0.222092 -0.717957 -0.925229 -0.89642 -0.629479 0.346087 -0.0071981 -0.679462 -0.25679 -0.0143177 -0.0999154 0.242169 -0.204904 -0.716881 0.44898 -0.935582 -0.134634 -0.487352 -0.402437 -0.954863 -0.712693 -0.987832 0.111462 -0.688064 0.203773 -0.609966 0.109982 -0.983535 0.0111449 -0.832644 0.0169481 -0.214999 0.584897 -0.900953 -0.691354 -0.49098 -0.183347 0.177676 -0.785463 -0.370542 -1 0.649602 -0.317278 0.364578 -0.917031 -0.907249 -0.302595 0.412835 0.294587 -0.77977 0.0430004 -0.9356 -0.918311 0.0823011 -0.90107 0.322514 -0.134689 0.260808 0.301087 0.283651 -0.300513 -1 0.335965 -0.605874 -0.690232 0.580615 0.626079 -0.784924 0.726495 -1 -0.196716 -0.587558 -0.0804097 -0.106722 -0.103557 -1 -0.333413 -0.177752 0.380866 -0.987086 0.181326 -0.562706 -0.181578 -0.182265 -1 -0.918282 -0.992934 -0.0749511 1 -0.530071 -0.45148 0.216942 -1 -0.856921 0.181515 -0.365287 -0.783378 0.115075 -1 -0.191816 -0.0707559 
-0.666829 -1 -0.2498 -0.622144 0.758803 -1 -0.964579 0.257855 -0.942956 -0.667865 0.779457 0.355945 -0.807192 0.0140807 0.0508202 -1 0.177829 -0.814754 -0.909978 -0.360063 0.636998 0.206031 -0.00851774 -0.688076 -0.533258 0.829068 0.615415 -0.827497 0.552043 -0.220572 0.533232 -1 -0.383807 -0.102125 -0.632618 -0.432786 -0.746548 -0.423804 -0.657549 -1 -1 -0.910127 0.299271 0.613091 -0.503545 -0.129388 0.139513 0.302194 0.220692 -0.047616 -0.622825 0.739544 -1 0.105676 -0.541775 -0.564821 -1 -0.280675 -0.935069 -0.009727 -0.455545 0.269897 -0.432769 -0.114189 -0.904367 0.354519 -0.778655 -0.198173 -0.234153 0.110448 -0.593533 -0.355521 -0.913534 -0.0653003 -0.130313 -1 -0.560141 -1 0.739913 0.264965 0.579417 -0.74811 -1 -0.320519 0.14076 0.387655 -0.735613 0.513775 -1 -1 0.16582 -1 0.359054 -0.117587 0.496323 0.362745 0.254636 -0.483969 -1 0.175588 -0.470673 -0.614355 0.545772 0.693539 -0.703156 0.683143 -1 0.00925452 -0.811902 0.0772018 0.131249 -0.0122323 -1 -0.266413 -0.364034 0.292962 -0.978517 0.286889 -0.35026 -0.181578 -0.102827 -0.967207 -1 -1 0.0611468 0.917466 -0.440829 -0.368145 0.653672 -0.859549 -0.397949 0.360292 -0.110343 -0.59143 0.0845626 -0.932293 0.0766537 0.149197 
0.153026 0.265561 0.0598553 -0.722806 0.406426 -0.500848 -1 -0.689313 -1 -0.191429 -0.941983 0.248495 -1 -0.932747 -0.863823 -0.757121 0.187301 -0.308892 -0.0224338 0.540933 0.651249 -0.808797 -1 -0.248694 -0.32069 -0.902454 -0.401965 0.356826 0.36133 0.121629 -0.505962 -0.0884653 -1 0.0422154 -1 -0.434987 0.945288 -0.332284 -0.386161 0.312297 -0.280472 0.736366 -1 -0.0785573 0.400706 0.288435 -0.78905 -1 -1 0.36103 -0.293949 0.735477 0.280901 0.248283 -0.314692 -0.955717 0.0624571 -1 -0.23933 -0.0232621 0.403482 -0.654436 -1 -0.965981 0.663622 -0.493801 -1 0.120017 -0.92952 -0.213586 -0.155353 0.104994 -1 -1 0.960738 -0.0284635 0.427494 0.160711 -0.71885 0.0835046 0.138871 -0.555771 -0.995454 -0.314329 -0.926354 -0.195439 -0.184539 -0.70055 0.361734 -0.0872164 -0.732233 -0.675806 -0.192243 0.246619 0.200318 0.170321 -0.0790706 -0.478573 -0.967626 -1 -1 -0.313208 -0.832919 0.182734 -0.462313 -1 -0.920287 -0.301889 0.318223 0.169818 -0.525431 0.804148 -0.361026 -0.660437 -1 -1 -0.868209 0.117431 0.369041 0.569605 0.818083 -0.864297 -0.949934 -0.85363 -0.918713 -0.664607 -1 0.10992 -0.327766 0.033729 -1 -0.480508 -0.444022 -0.527292 -0.930295 -0.095843 0.695418 -0.608876 
-1 -1 0.368852 0.489104 -0.582908 -0.862743 -0.204556 0.575776 -0.575347 -0.765925 -0.526361 -0.171144 -0.789064 0.391511 0.176362 -0.340933 -0.164823 0.63919 -0.862967 -0.607988 0.120593 -0.333697 0.619224 0.199616 0.491452 -0.96578 0.797366 -0.393465 -0.731451 -0.087391 -1 0.632374 0.32729 -0.0512689 0.194442 -0.950824 0.203684 -0.617576 0.277089 -1 0.716182 0.383574 0.427404 -0.616148 0.583599 0.0901852 -0.161117 -0.432987 0.721807 -1 0.428078 -0.721089 0.194874 0.653976 -0.432223 -0.976553 -1 0.661862 0.56332 -0.964865 -0.970151 -0.463842 0.810701 -0.0869674 0.264031 0.343924 0.505062 -0.54617 -0.857403 -0.371646 0.312444 -0.84093 -0.610003 0.15389 -0.926135 0.0313844 0.282328 0.0281709 -0.699511 -1 -0.990474 -1 -1 -1 -0.329918 -0.92061 -1 -0.900486 -0.170905 -0.101412 -1 -0.759767 0.478591 -1 -1 0.311596 -0.726501 -0.75639 -1 0.00959397 -0.448754 -0.811442 0.872983 -0.104194 -0.459926 0.209437 -0.192991 -0.579423 -0.187474 -0.702944 -0.840536 0.882354 -0.311855 -0.32146 0.212745 -0.748461 -0.676493 -0.939151 -0.931259 -0.229174 -0.311445 -0.86352 -0.471102 0.244029 -0.307412 -0.996379 -0.428615 -0.150152 -0.775627 -0.0649881 -0.231577 -1 -0.00592255 0.390275 0.289189 -0.129841 -0.439026 -0.787969 
-1 -0.862213 0.470605 0.554015 -0.93728 -0.448223 -0.332952 0.671498 -0.354587 -1 -0.56969 -0.584597 -0.699388 0.3113 0.167287 -0.31326 -0.185442 0.126013 -0.67607 -1 -0.399903 -0.567835 0.340102 0.175794 0.929592 -0.681723 0.81343 0.0684694 -0.833376 -0.0294519 -0.961121 0.690803 0.0194439 -0.208737 0.457327 -0.965947 0.392523 -0.267321 0.217573 -1 0.484491 0.305252 0.219786 -0.509709 0.81795 0.460297 0.168259 -0.722857 0.295718 -1 0.182441 -0.311648 -0.0692334 0.208016 -1 -0.554286 -0.94892 0.109227 -0.0980741 -1 -1 -0.512672 0.0490744 0.359015 0.496435 0.347128 0.341995 -0.187458 -0.894432 -0.812085 0.611928 -1 0.158752 0.400024 -0.345736 -0.256369 0.025688 -0.178866 -0.877695 -1 -0.972608 -0.607484 -0.978421 -0.7546 -0.468681 -0.91746 -1 -0.992697 0.353243 -0.0564717 -1 -0.30936 0.760313 -0.95561 -1 0.955594 -0.594785 -0.842791 -0.997568 -0.0661935 -0.0415125 -0.966236 0.126683 -0.821025 -0.239195 0.096085 0.0418022 -0.605049 -0.459725 -0.701022 -1 0.909496 -0.586341 -0.591141 0.189401 -0.698415 -0.563829 -1 -1 -0.257674 -0.677492 -0.449882 -0.807768 -0.0165328 -0.371248 -0.52978 -0.872355 -0.313274 -1 0.132366 -0.257224 -1 0.205225 0.43381 0.281703 -0.0202331 -0.929312 -0.90769 
-1 -0.975543 0.651143 0.687559 -0.793074 -0.807587 -0.279213 0.925473 -0.664941 -1 -0.289418 -0.407923 -0.739693 0.303101 0.154626 0.0204043 -0.263316 0.14134 -0.742529 -0.308494 0.0423625 -0.649191 0.218345 0.113377 0.326953 -0.800252 0.744607 -0.00470823 -1 0.0255212 -1 0.482681 0.167917 -0.387688 0.215072 -1 0.461719 -0.930246 -0.0874565 -0.934399 0.859999 0.232053 0.339566 -0.628146 0.941469 0.84224 -0.207663 -0.312294 0.605199 -0.951056 0.329118 -0.385103 -0.318521 0.642102 -1 -1 -1 0.261596 0.434244 -0.995741 -1 0.0749278 0.449822 0.656394 0.19146 0.72828 0.3818 -0.202253 -1 -0.093395 0.659982 -0.883838 -0.158214 0.155451 -0.483339 -0.475727 -0.16422 -0.00481552 -0.716927 -1 -1 -0.743168 -0.876506 -0.786948 -0.272609 -1 -0.730326 -0.625114 -0.160942 0.241188 -0.834174 -0.716895 0.226329 -0.929373 -1 0.728888 -1 -0.946249 -1 0.0321822 -0.00191094 -1 0.369805 -0.296991 -0.376052 0.292512 -0.250576 -0.693681 0.0134489 -0.64108 -0.55611 0.775552 -0.476768 -0.427161 0.192677 -0.230608 -0.485103 -1 -0.871537 0.0482613 -0.444169 -0.517039 -0.684648 -0.10219 -0.475782 -0.362181 -0.764339 0.0820066 -0.752929 0.00739983 -0.266572 -0.966037 0.0482282 0.718058 0.40966 -0.405133 -0.393384 -0.767741 
-0.97452 -0.520833 0.328485 0.566507 -0.441757 -0.686905 -0.325392 -0.0645184 -0.760074 -0.765631 -0.0664201 -0.54716 -0.248932 -0.221487 0.288469 -0.38265 -0.437998 0.248745 -0.962272 -0.522334 -0.056156 -0.112271 0.392357 0.429242 0.710757 -0.514611 0.511071 0.189816 -0.562236 -0.22802 -0.925172 0.386817 0.0589574 0.160974 0.7169 -0.920986 -0.191852 -0.917115 -0.108196 -1 0.748055 0.0378752 0.352246 -0.329725 0.659257 0.540196 0.175928 -0.29195 0.617191 -0.986973 0.285454 -0.515527 -0.478606 0.580456 -1 -0.347711 -0.883685 0.229545 0.597584 -1 -1 -0.465025 0.398191 0.0956807 0.162139 0.60842 0.54717 -0.0205031 -0.628051 -0.166943 0.688753 -0.791941 0.0514589 0.575911 -0.834393 -0.37915 0.0362299 0.400671 -0.910734 -0.934377 -0.969531 -0.615482 -1 -1 -0.404789 -1 -1 -0.379617 0.265091 0.101324 -1 -0.140309 0.784699 -0.907931 -1 0.773398 -0.551852 -0.51565 -1 0.43035 -0.0452449 -1 0.561501 -0.324118 -0.580941 0.0500158 -0.335913 -0.208517 -0.50021 -0.743021 -0.677591 0.530303 -0.328869 -0.343144 0.435162 -0.151374 -0.305552 -0.95936 -1 -0.188256 -0.190775 -0.38462 -0.2404 -0.596082 -0.566237 -0.58313 -0.556592 -0.0393199 -0.799733 0.611919 -0.405504 -1 0.264211 0.682375 0.812782 -0.568563 -0.829259 -0.79966 
0.153026 0.265561 0.0598553 -0.722806 0.406426 -0.500848 -1 -0.689313 -1 -0.191429 -0.941983 0.248495 -1 -0.932747 -0.863823 -0.757121 0.187301 -0.308892 -0.0224338 0.540933 0.651249 -0.808797 -1 -0.248694 -0.32069 -0.902454 -0.401965 0.356826 0.36133 0.121629 -0.505962 -0.0884653 -1 0.0422154 -1 -0.434987 0.945288 -0.332284 -0.386161 0.312297 -0.280472 0.736366 -1 -0.0785573 0.400706 0.288435 -0.78905 -1 -1 0.36103 -0.293949 0.735477 0.280901 0.248283 -0.314692 -0.955717 0.0624571 -1 -0.23933 -0.0232621 0.403482 -0.654436 -1 -0.965981 0.663622 -0.493801 -1 0.120017 -0.92952 -0.213586 -0.155353 0.104994 -1 -1 0.960738 -0.0284635 0.427494 0.160711 -0.71885 0.0835046 0.138871 -0.555771 -0.995454 -0.314329 -0.926354 -0.195439 -0.184539 -0.70055 0.361734 -0.0872164 -0.732233 -0.675806 -0.192243 0.246619 0.200318 0.170321 -0.0790706 -0.478573 -0.967626 -1 -1 -0.313208 -0.832919 0.182734 -0.462313 -1 -0.920287 -0.301889 0.318223 0.169818 -0.525431 0.804148 -0.361026 -0.660437 -1 -1 -0.868209 0.117431 0.369041 0.569605 0.818083 -0.864297 -0.949934 -0.85363 -0.918713 -0.664607 -1 0.10992 -0.327766 0.033729 -1 -0.480508 -0.444022 -0.527292 -0.930295 -0.095843 0.695418 -0.608876 
-0.728931 -1 0.254326 -0.618353 0.520365 -0.951396 -1 0.718952 -1 -0.482088 0.944357 0.246371 -1 -0.178828 0.338688 -0.987416 0.0614101 -0.585305 -0.797915 -0.436962 0.525382 0.488479 0.17046 -0.583795 -0.443943 0.870931 0.803715 -0.870263 0.667386 -0.507194 0.450533 -1 -0.421638 -0.0632106 -1 -0.61132 -0.820762 -0.247713 -0.657549 -0.85222 -1 -0.820673 0.226779 0.613091 -0.540646 -0.0381502 0.314137 0.234818 0.241822 -0.047616 -0.434036 0.763419 -1 0.112384 -0.237197 -0.774378 -1 -0.625929 -0.898739 -0.298297 -0.48799 0.266058 -0.321978 0.336898 -0.924729 0.232916 -0.396167 -0.0678442 -0.613266 0.324962 -0.593533 -0.467856 -0.533339 -0.404608 -0.0270088 -1 -0.566212 -1 0.569172 0.0516072 0.737131 -0.804179 -0.975928 -0.320519 0.368357 -0.123028 -0.923791 0.39876 -1 -1 0.072535 -0.875901 0.367831 0.157298 0.364802 0.187264 0.367812 -0.290769 -1 -0.0151431 -0.395954 -0.816409 0.561795 0.984741 -1 0.83716 -0.994555 0.102628 -1 0.149266 0.393605 0.0420103 -1 -0.206954 -0.226379 0.124 -1 0.0518918 -0.400519 -0.406824 -0.145629 -0.754201 -1 -1 0.251336 0.829078 -0.41702 -0.403144 0.508872 -1 -0.807986 0.257495 -0.202668 -0.728427 0.116946 -1 -0.412046 -0.18352 
-1 -0.987176 0.443984 0.489104 -0.582908 -0.862743 -0.235673 0.845673 -0.386463 -0.545806 -0.231833 -0.333346 -0.550105 0.421067 -0.00530994 -0.305081 -0.200025 0.45382 -1 -0.386322 0.127749 -0.54518 0.645357 0.14985 0.366368 -1 0.847871 -0.0156934 -0.49929 0.245781 -1 0.686785 0.32729 0.302009 0.375717 -1 0.219855 -0.195287 0.457493 -1 0.87147 0.249317 0.314851 -0.61649 0.589332 0.0985127 -0.197807 -0.412206 0.391842 -0.996577 0.44274 -0.921401 0.0714689 0.572297 -0.499935 -0.950631 -1 0.472363 0.447759 -0.964865 -0.943117 -0.179376 0.740716 -0.0758992 0.296868 0.537632 0.486722 -0.370583 -0.573049 -0.371646 0.273659 -1 -0.332932 0.54859 -0.874922 0.0313844 0.0950778 0.0826382 -0.738742 -0.882969 -1 -1 -1 -1 -0.0568935 -1 -0.958803 -0.640471 -0.386566 -0.0218233 -1 -0.70227 0.381079 -1 -0.947827 0.494677 -0.559428 -0.968937 -1 0.111759 -0.262691 -0.793234 1 0.0995406 -0.887712 0.11896 -0.0703598 -0.569144 -0.199025 -0.893182 -0.618526 0.884095 -0.350811 -0.51431 0.060456 -0.580593 -0.716859 -1 -0.836218 -0.161222 -0.264606 -0.869598 -0.322765 0.32251 -0.184293 -0.756383 -0.615077 0.0816275 -0.888395 0.176858 -0.28264 -1 -0.0869738 0.588099 0.463269 -0.0786961 -0.574267 -0.663303 
-1 -1 0.443984 0.271849 -0.582908 -0.965051 -0.393808 0.875291 -0.732918 -0.344002 -0.449734 -0.609838 -0.502956 0.614859 0.415369 -0.462609 -0.161335 0.636029 -0.811035 -0.386322 -0.108282 -0.95609 0.503478 0.296445 0.50244 -0.928472 0.636943 0.00669198 -0.76519 -0.0120183 -1 0.308517 0.18554 0.0899443 0.301454 -1 0.224753 -0.273549 0.313039 -1 0.904435 0.236992 0.478807 -0.648734 0.710891 0.281063 -0.328725 -0.0713741 0.511168 -1 0.371422 -0.898191 -0.0848756 0.694311 -0.580391 -1 -0.992713 0.525258 0.30679 -1 -1 -0.590214 0.740716 0.0406311 0.296868 0.606967 0.742128 -0.521152 -0.727484 -0.793101 0.316591 -0.775502 -0.571708 0.291855 -0.52887 -0.0891851 0.318897 0.196298 -0.605085 -1 -1 -1 -1 -0.945934 -0.366222 -1 -1 -0.690211 -0.610466 -0.269348 -0.916396 -0.781936 0.663663 -1 -0.846072 0.405777 -0.692137 -1 -1 -0.0690168 -0.208045 -0.886941 0.941445 0.0948904 -0.668048 0.234321 -0.0400796 -0.834816 0.211872 -0.660205 -0.607504 0.456781 -0.446005 -0.358609 -0.107784 -0.677398 -0.51425 -0.928764 -0.965684 -0.421971 -0.434891 -0.730054 -0.34581 0.196317 -0.258154 -0.748498 -0.428615 0.204048 -0.812191 0.030951 -0.421782 -0.865153 -0.0734375 0.182268 0.463269 -0.00323887 -0.489843 -0.433621 
-0.59528 -1 0.157374 -0.700208 0.71075 -0.978186 -1 0.525571 -0.999442 -0.510777 0.84835 0.386119 -0.621963 -0.395308 0.235793 -0.971865 0.164622 -1 -0.969977 -0.514937 0.716106 0.352254 0.0893301 -0.695573 -0.379946 0.929814 0.886806 -0.925592 0.527934 -0.424327 0.497104 -1 -0.646619 -0.0818449 -0.586647 -0.478991 -0.850046 -0.247713 -0.896251 -0.880556 -0.927709 -0.700078 0.0135101 0.455666 -0.350926 -0.548307 0.314137 0.077943 0.182231 -0.475167 -0.697273 0.718198 -1 -0.245737 -0.335432 -0.463295 -1 -0.412304 -0.865376 -0.0579489 -0.441142 -0.0873134 -0.363963 0.112357 -0.940384 -0.325491 -0.886178 -0.27746 -0.490535 0.1162 -0.794501 -0.766051 -0.969041 0.0352082 -0.262984 -0.923248 -0.444191 -1 0.592402 0.122165 0.776397 -0.954891 -1 -0.45048 0.409158 0.366006 -0.979315 0.110654 -0.973758 -1 -0.30515 -1 0.246081 -0.00232393 0.321451 0.352169 0.334607 -0.660602 -0.931152 -0.100651 -0.670951 -0.935414 0.575057 0.905667 -0.737724 0.560068 -0.826108 -0.511351 -0.847764 0.0973725 0.306689 -0.0895525 -1 -0.270499 -0.342438 0.292962 -1 0.28129 -0.474734 -0.424823 -0.085626 -0.742379 -1 -0.888545 0.203607 1 -0.422396 -0.645786 0.822936 -0.884554 -0.52517 0.106579 -0.291377 -0.636956 -0.134101 -1 -0.0177716 -0.263035 
0.710236 0.170551 -0.832792 -0.760692 -0.585354 -0.898014 0.0423845 -0.468087 -0.539193 0.255705 -0.0150356 -0.380972 -1 -0.372313 -0.196273 -0.79544 0.837725 0.580146 -0.378057 0.618505 0.797473 -1 -0.563167 -0.626653 -0.669727 -0.746395 -0.928571 -0.313556 0.359498 0.618574 -0.775204 0.933123 -0.150559 0.700504 -0.186261 -0.834045 0.455573 -0.262111 0.853239 0.830806 -0.244912 -0.705375 0.458579 -0.520972 0.98786 0.699121 0.0274258 0.336309 -0.0842848 -0.366184 -0.805174 -0.68266 0.472888 -0.254972 -0.142562 0.304078 -0.364648 0.0797985 0.507899 0.491908 0.869501 0.608859 0.050259 0.602114 0.771096 -0.232726 -0.886092 -0.609869 -0.742051 0.485943 -0.499674 0.469181 0.132913 -0.494821 -0.282468 0.495018 0.0813695 0.94538 -0.0537294 0.777067 0.299212 -0.471391 -0.491857 -0.840389 0.0874779 -0.479051 -0.687776 0.363947 0.39436 -0.892691 0.161984 -0.671975 -0.522279 -0.393281 0.917431 0.292997 0.789994 0.24671 -0.262407 -0.195475 -0.983561 0.225838 -0.922789 0.12482 -0.481174 -0.0743129 -0.280702 0.70286 0.386778 0.478512 0.431266 0.654072 0.618416 0.718158 -0.859533 -1 0.699808 0.801362 0.023843 -0.168591 0.801812 -0.212081 0.224527 0.0424798 0.192374 -1 -0.985499 0.419394 0.56461 -0.618922 0.128918 0.75725 -0.86622 -0.280372 0.488292 -0.406235 0.673647 -0.694064 
-0.728931 -1 0.338574 -0.380744 0.758803 -1 -1 0.708803 -1 -0.640405 0.787842 0.436374 -0.807192 -0.0480327 0.394864 -1 -0.0170797 -0.871243 -0.814051 -0.595008 0.53624 0.343434 0.208552 -0.31677 -0.302872 0.799188 0.769897 -0.870263 0.667386 -0.143303 0.606933 -0.987369 -0.567202 0.00731394 -0.73983 -0.556975 -0.613163 -0.368976 -0.597863 -1 -1 -1 0.258779 0.613091 -0.53897 -0.191333 0.352924 -0.0463082 0.0994672 -0.553657 -0.474795 0.594226 -1 0.105676 -0.414304 -0.4465 -1 -0.280675 -1 -0.247209 -0.346581 0.240141 -0.494075 0.336898 -0.80994 0.0859506 -0.396167 -0.288457 -0.153411 0.41209 -0.593533 -0.632398 -0.533339 -0.0575452 -0.115184 -0.807399 -0.256502 -1 0.518535 0.189926 0.6089 -0.710866 -1 -0.326526 0.348344 0.205911 -0.800226 0.341174 -0.973942 -1 -0.100674 -1 0.359054 0.000108093 0.647155 0.301087 0.245351 -0.73882 -0.89568 -0.0672917 -0.712172 -0.512337 0.741383 0.909422 -1 0.871201 -1 0.0367441 -0.64487 0.257695 0.0938388 0.196388 -1 -0.252614 -0.399629 0.136234 -0.952312 0.279306 -0.471352 -0.181578 -0.145629 -0.975798 -1 -0.980464 0.196128 0.992271 -0.461875 -0.368145 0.667427 -0.839586 -0.804446 0.543704 -0.280507 -0.843826 -0.105076 -1 -0.128182 -0.0149739 
-0.941775 -1 0.269495 -0.427778 0.758803 -0.965858 -1 0.708803 -0.907064 -0.476289 0.971153 0.347293 -0.834544 -0.289366 0.375644 -1 0.177829 -0.58606 -0.793492 -0.420726 0.636998 0.168047 0.316824 -0.457673 -0.486356 0.706061 0.646099 -1 0.519575 -0.383828 0.610177 -1 -0.552774 -0.00386925 -0.606544 -0.59282 -0.613163 -0.627729 -0.657549 -1 -1 -0.763916 0.0888205 0.391294 -0.339419 -0.107724 0.314137 0.234818 0.263138 -0.271447 -0.474795 0.728253 -1 0.105676 -0.257979 -0.498762 -1 -0.280675 -0.700044 0.0470525 -0.301907 0.266985 -0.504109 0.336206 -0.763939 0.294804 -0.396167 -0.0417292 -0.0948476 0.499677 -0.619594 -0.632898 -0.533339 0.00164315 0.154434 -0.717869 -0.184952 -0.994598 0.633165 0.264965 0.525352 -0.816841 -0.939888 -0.536892 0.351591 0.369099 -0.735613 0.297338 -1 -1 0.16582 -0.835944 0.359054 0.139744 0.599231 0.301087 0.367812 -0.329937 -0.946052 0.218694 -0.289361 -0.401255 0.787993 0.909422 -0.990756 0.81485 -0.931306 -0.0700792 -0.549392 0.0926039 0.162395 0.122787 -0.967352 -0.197997 -0.421601 0.2716 -0.971333 0.352782 -0.442189 -0.0999111 -0.145629 -1 -1 -0.980464 0.0819305 0.769448 -0.323946 -0.368145 0.559349 -0.887994 -0.45735 0.102666 -0.202668 -0.771067 0.115075 -0.932293 -0.00271375 -0.0997675 
-0.980892 -0.226767 0.609471 0.49685 -0.512988 -0.980092 -0.422198 0.768302 -0.678103 -0.365884 -0.423155 -0.24616 -0.551701 0.162816 -0.0206709 -0.340043 -0.0894346 0.415059 -1 -0.653552 0.583015 -0.530795 0.499003 0.346923 0.254546 -1 0.979979 -0.100598 -0.93375 0.0529969 -0.893265 0.432782 0.446538 -1 0.0961293 -0.913043 0.633465 -0.89161 0.365747 -0.948169 0.967323 0.298018 0.519205 -0.589473 0.368177 0.041396 -0.0654668 -0.138812 -0.123239 -1 -0.131499 -0.511716 -0.0434479 0.491988 -0.900612 -0.940248 -1 0.140781 0.474994 -0.952579 -1 -0.105884 -0.047749 0.276031 0.128452 0.726218 0.106989 -0.768501 -0.800862 0.0794955 0.491705 -0.750951 -0.106109 0.154739 -0.328342 -0.173777 0.0586878 0.22055 -0.66269 -1 -0.563159 -1 -0.985523 -1 -0.308197 -1 -1 -0.590769 0.144516 0.263417 -1 -0.354149 0.773625 -0.98458 -1 0.743181 -0.831467 -0.69704 -0.877427 -0.00327526 -0.106011 -1 0.507854 -0.00124878 -0.508929 0.300186 -0.411615 -0.846693 6.41495e-05 -0.48103 -0.345171 0.675475 -0.745955 -0.915979 0.364235 -0.268591 -0.612635 -1 -0.930256 -0.325177 -0.340242 -0.956174 -0.380873 0.0767152 -0.108491 -0.562537 -0.962694 -0.0463523 -0.928669 0.268053 -1 -0.845274 0.15531 0.428902 0.773593 0.0489246 -0.762873 -0.713578 
0.153026 0.265561 0.0598553 -0.722806 0.406426 -0.500848 -1 -0.689313 -1 -0.191429 -0.941983 0.248495 -1 -0.932747 -0.863823 -0.757121 0.187301 -0.308892 -0.0224338 0.540933 0.651249 -0.808797 -1 -0.248694 -0.32069 -0.902454 -0.401965 0.356826 0.36133 0.121629 -0.505962 -0.0884653 -1 0.0422154 -1 -0.434987 0.945288 -0.332284 -0.386161 0.312297 -0.280472 0.736366 -1 -0.0785573 0.400706 0.288435 -0.78905 -1 -1 0.36103 -0.293949 0.735477 0.280901 0.248283 -0.314692 -0.955717 0.0624571 -1 -0.23933 -0.0232621 0.403482 -0.654436 -1 -0.965981 0.663622 -0.493801 -1 0.120017 -0.92952 -0.213586 -0.155353 0.104994 -1 -1 0.960738 -0.0284635 0.427494 0.160711 -0.71885 0.0835046 0.138871 -0.555771 -0.995454 -0.314329 -0.926354 -0.195439 -0.184539 -0.70055 0.361734 -0.0872164 -0.732233 -0.675806 -0.192243 0.246619 0.200318 0.170321 -0.0790706 -0.478573 -0.967626 -1 -1 -0.313208 -0.832919 0.182734 -0.462313 -1 -0.920287 -0.301889 0.318223 0.169818 -0.525431 0.804148 -0.361026 -0.660437 -1 -1 -0.868209 0.117431 0.369041 0.569605 0.818083 -0.864297 -0.949934 -0.85363 -0.918713 -0.664607 -1 0.10992 -0.327766 0.033729 -1 -0.480508 -0.444022 -0.527292 -0.930295 -0.095843 0.695418 -0.608876 
0.153026 0.265561 0.0598553 -0.722806 0.406426 -0.500848 -1 -0.689313 -1 -0.191429 -0.941983 0.248495 -1 -0.932747 -0.863823 -0.757121 0.187301 -0.308892 -0.0224338 0.540933 0.651249 -0.808797 -1 -0.248694 -0.32069 -0.902454 -0.401965 0.356826 0.36133 0.121629 -0.505962 -0.0884653 -1 0.0422154 -1 -0.434987 0.945288 -0.332284 -0.386161 0.312297 -0.280472 0.736366 -1 -0.0785573 0.400706 0.288435 -0.78905 -1 -1 0.36103 -0.293949 0.735477 0.280901 0.248283 -0.314692 -0.955717 0.0624571 -1 -0.23933 -0.0232621 0.403482 -0.654436 -1 -0.965981 0.663622 -0.493801 -1 0.120017 -0.92952 -0.213586 -0.155353 0.104994 -1 -1 0.960738 -0.0284635 0.427494 0.160711 -0.71885 0.0835046 0.138871 -0.555771 -0.995454 -0.314329 -0.926354 -0.195439 -0.184539 -0.70055 0.361734 -0.0872164 -0.732233 -0.675806 -0.192243 0.246619 0.200318 0.170321 -0.0790706 -0.478573 -0.967626 -1 -1 -0.313208 -0.832919 0.182734 -0.462313 -1 -0.920287 -0.301889 0.318223 0.169818 -0.525431 0.804148 -0.361026 -0.660437 -1 -1 -0.868209 0.117431 0.369041 0.569605 0.818083 -0.864297 -0.949934 -0.85363 -0.918713 -0.664607 -1 0.10992 -0.327766 0.033729 -1 -0.480508 -0.444022 -0.527292 -0.930295 -0.095843 0.695418 -0.608876 
-1 -0.168605 0.731177 0.708756 -0.496012 -1 -0.220234 0.0371033 -0.629825 -0.713182 -0.392688 -1 -0.0803316 -0.105477 -0.0583672 -0.632797 -0.219452 -0.0295433 -0.678725 -0.999064 0.173878 -0.611799 0.405688 0.219384 0.732939 -1 0.797667 0.288129 -0.522942 -0.0843733 -1 0.0304594 -0.0913708 -0.285638 0.0628006 -1 -0.0594986 -0.965918 -0.125602 -1 0.420476 0.327588 0.439074 -0.0591513 0.452754 0.307718 0.20671 -0.348374 0.641227 -1 0.469525 -0.628547 -1 0.329993 -1 -0.868323 -1 0.259329 0.929086 -1 -0.94457 -0.148453 0.103029 -0.294394 0.191234 0.492869 0.376076 -0.111775 -1 -0.00435536 0.488036 -1 -0.0237736 0.452871 -0.690276 -0.453118 0.115191 0.400175 -0.454854 -0.792095 -1 -0.841712 -1 -1 -0.354601 -1 -1 -0.721845 -0.14858 -0.101503 -0.735764 -0.213938 0.679439 -1 -0.741201 0.347042 -0.707222 -0.737305 -1 0.0921074 -0.0738194 -1 0.148879 -0.698955 -0.803502 -0.080601 -0.346861 -0.289236 -0.444675 -0.99714 -0.881139 0.789203 -0.328869 -0.257784 0.30021 0.0549802 -0.3943 -1 -0.965786 -0.365787 -0.223401 -0.0382307 -0.462387 -0.0344272 -0.318715 -0.580438 -0.393665 -0.0752806 -0.641146 0.444421 -0.216951 -1 -0.102779 0.560194 0.598832 -0.766767 -0.709029 -0.924894 
-0.972476 -0.96249 0.387244 0.457439 -0.574414 -1 -0.273604 0.962223 -0.835249 -0.597487 -0.57248 -1 -0.515971 -0.0152604 -0.161249 -0.706758 -0.646105 -0.210632 -0.945478 -0.471059 0.29765 -0.890547 0.773244 0.408582 -0.0358157 -0.918149 0.340143 -0.276452 -0.712835 0.474011 -1 0.0178546 0.259137 0.0782599 0.435816 -1 0.204596 -0.747404 -0.31826 -0.959065 0.504085 0.425396 0.663713 -0.726005 0.81368 0.523312 0.194574 -0.529487 0.113637 -0.951276 0.225822 -0.662446 -0.499939 0.357305 -0.546891 -1 -0.978679 0.123956 0.869187 -1 -1 0.14612 -0.271124 0.495185 0.290453 0.667563 0.169402 -0.754858 -0.848256 -0.0503428 0.401808 -0.86084 -0.390079 0.0471873 -0.958902 0.00546233 0.0387343 0.0445364 -0.859267 -1 -1 -1 -1 -1 -0.618937 -1 -0.499147 -0.8604 -0.132032 0.0442307 -1 -0.150864 0.676905 -1 -0.923659 0.942871 -0.38993 -0.73296 -1 -0.394906 -0.0110668 -0.899539 0.0482854 -0.415881 -0.263308 -0.0715894 -0.878487 -0.4554 -0.163576 -1 -0.481983 0.819226 -0.500456 -0.677752 0.261261 0.0370477 -0.650714 -1 -0.988996 0.0564591 -0.207268 -0.848976 -0.507398 0.178003 -0.326941 -0.39917 -0.302786 -0.200539 -0.936814 0.679264 -0.459824 -1 -0.435383 0.670468 0.390525 -0.365269 -0.568437 -0.926662 
0.153026 0.265561 0.0598553 -0.722806 0.406426 -0.500848 -1 -0.689313 -1 -0.191429 -0.941983 0.248495 -1 -0.932747 -0.863823 -0.757121 0.187301 -0.308892 -0.0224338 0.540933 0.651249 -0.808797 -1 -0.248694 -0.32069 -0.902454 -0.401965 0.356826 0.36133 0.121629 -0.505962 -0.0884653 -1 0.0422154 -1 -0.434987 0.945288 -0.332284 -0.386161 0.312297 -0.280472 0.736366 -1 -0.0785573 0.400706 0.288435 -0.78905 -1 -1 0.36103 -0.293949 0.735477 0.280901 0.248283 -0.314692 -0.955717 0.0624571 -1 -0.23933 -0.0232621 0.403482 -0.654436 -1 -0.965981 0.663622 -0.493801 -1 0.120017 -0.92952 -0.213586 -0.155353 0.104994 -1 -1 0.960738 -0.0284635 0.427494 0.160711 -0.71885 0.0835046 0.138871 -0.555771 -0.995454 -0.314329 -0.926354 -0.195439 -0.184539 -0.70055 0.361734 -0.0872164 -0.732233 -0.675806 -0.192243 0.246619 0.200318 0.170321 -0.0790706 -0.478573 -0.967626 -1 -1 -0.313208 -0.832919 0.182734 -0.462313 -1 -0.920287 -0.301889 0.318223 0.169818 -0.525431 0.804148 -0.361026 -0.660437 -1 -1 -0.868209 0.117431 0.369041 0.569605 0.818083 -0.864297 -0.949934 -0.85363 -0.918713 -0.664607 -1 0.10992 -0.327766 0.033729 -1 -0.480508 -0.444022 -0.527292 -0.930295 -0.095843 0.695418 -0.608876 
0.153026 0.265561 0.0598553 -0.722806 0.406426 -0.500848 -1 -0.689313 -1 -0.191429 -0.941983 0.248495 -1 -0.932747 -0.863823 -0.757121 0.187301 -0.308892 -0.0224338 0.540933 0.651249 -0.808797 -1 -0.248694 -0.32069 -0.902454 -0.401965 0.356826 0.36133 0.121629 -0.505962 -0.0884653 -1 0.0422154 -1 -0.434987 0.945288 -0.332284 -0.386161 0.312297 -0.280472 0.736366 -1 -0.0785573 0.400706 0.288435 -0.78905 -1 -1 0.36103 -0.293949 0.735477 0.280901 0.248283 -0.314692 -0.955717 0.0624571 -1 -0.23933 -0.0232621 0.403482 -0.654436 -1 -0.965981 0.663622 -0.493801 -1 0.120017 -0.92952 -0.213586 -0.155353 0.104994 -1 -1 0.960738 -0.0284635 0.427494 0.160711 -0.71885 0.0835046 0.138871 -0.555771 -0.995454 -0.314329 -0.926354 -0.195439 -0.184539 -0.70055 0.361734 -0.0872164 -0.732233 -0.675806 -0.192243 0.246619 0.200318 0.170321 -0.0790706 -0.478573 -0.967626 -1 -1 -0.313208 -0.832919 0.182734 -0.462313 -1 -0.920287 -0.301889 0.318223 0.169818 -0.525431 0.804148 -0.361026 -0.660437 -1 -1 -0.868209 0.117431 0.369041 0.569605 0.818083 -0.864297 -0.949934 -0.85363 -0.918713 -0.664607 -1 0.10992 -0.327766 0.033729 -1 -0.480508 -0.444022 -0.527292 -0.930295 -0.095843 0.695418 -0.608876 
-0.900183 -0.98683 0.0721815 -0.415379 0.78834 -0.993044 -0.980118 0.754989 -0.848307 -0.377234 0.942829 0.107661 -1 -0.223641 -0.0531042 -0.931667 0.0377584 -1 -0.987655 -0.585036 0.636998 0.343434 -0.207634 -0.702002 -0.302872 0.735359 0.784423 -1 0.288061 -0.614764 0.469423 -1 -0.457295 -0.192166 -0.633078 -0.440717 -0.613163 -0.117347 -0.844991 -0.944749 -1 -0.798677 0.323014 0.555893 -0.414726 -0.107724 0.328009 0.204697 -0.0589171 -0.211035 -0.586699 0.713259 -1 -0.187294 -0.316562 -0.982916 -1 -0.37786 -1 -0.119212 -0.593231 0.299585 -1 0.215481 -0.83637 0.386656 -0.374476 0.0370501 -0.100182 0.459302 -0.954067 -0.592304 -1 -0.225319 -0.289531 -0.793105 -0.256502 -0.986482 0.503633 0.264965 0.495768 -0.833339 -0.999736 -0.599365 0.193126 -0.0949246 -1 0.350243 -1 -0.905956 0.206529 -0.9233 0.187459 0.269772 0.599231 0.218757 0.150607 -0.402907 -1 0.122037 -0.649635 -0.570696 0.741383 0.909422 -0.983922 0.378666 -0.846341 -0.0619714 -0.731266 0.193301 0.429919 -0.162953 -1 -0.206973 -0.552408 0.0056929 -1 0.236184 -0.407405 -0.431774 -0.512 -0.794417 -1 -1 -0.140939 0.873415 -0.356199 -0.481046 0.594697 -0.887994 -0.544236 0.378247 -0.142879 -0.744642 0.145962 -0.930717 0.156445 -0.190725 
-0.806687 -0.95893 0.282807 -0.543039 0.506267 -1 -1 0.686922 -1 -0.806574 0.944357 0.346067 -0.91055 -0.0480327 0.382199 -1 0.0877569 -0.808179 -1 -0.313859 0.636998 0.129249 0.329223 -0.336927 -0.593544 0.80026 0.435182 -1 0.460928 -0.0656355 0.783432 -0.987369 -0.383807 0.00731394 -0.549849 -0.432786 -0.613163 -0.417499 -0.599734 -0.85222 -1 -0.625866 0.299271 0.613091 -0.247031 -0.107724 0.399768 0.303609 0.190449 -0.380235 -0.622442 0.628663 -1 0.105676 -0.300377 -0.676158 -1 -0.280675 -0.776561 0.00490323 -0.460841 0.455383 -0.38392 0.336898 -0.887149 0.200265 -0.333381 -0.0574471 -0.121112 0.380028 -0.839018 -0.569713 -0.533339 -0.299302 -0.126364 -0.699094 -0.47201 -0.964664 0.454089 0.264965 0.550625 -0.710866 -1 -0.60839 0.158304 0.217605 -1 0.283596 -1 -1 -0.140336 -1 -0.152648 -0.280674 0.463666 0.175553 0.328823 -0.56693 -1 0.218694 -0.582875 -0.388393 0.791134 0.810086 -0.92203 0.83716 -1 0.100189 -1 0.257695 0.38084 0.126629 -1 -0.197997 -0.552208 0.171872 -1 0.286889 -0.27455 -0.181578 -0.188673 -0.78571 -1 -0.980464 0.128389 0.917106 -0.500795 -0.368145 0.661226 -0.805672 -0.431038 0.323668 -0.238652 -0.497609 0.115075 -0.92628 -0.0235815 -0.287454 
-1 -0.987176 0.275334 0.489104 -0.732979 -1 -0.235673 0.773427 -0.626694 -0.545806 -0.231833 -0.333346 -0.449413 0.323879 0.194156 -0.305081 -0.164823 0.42817 -0.961056 -0.44002 0.00180018 -0.314201 0.452383 0.154489 0.557969 -0.96578 0.797366 -0.0444114 -0.572053 0.0692993 -1 0.67252 0.32729 0.196248 0.375717 -0.912991 0.276779 -0.234216 0.394746 -1 0.87147 0.12263 0.448124 -0.362445 0.589332 0.0598003 -0.0533256 -0.450462 0.42259 -1 0.484306 -0.851909 0.0714689 0.572297 -0.499935 -0.970351 -0.945245 0.588931 0.383011 -1 -1 -0.179376 0.740716 -0.0409986 0.296868 0.503373 0.662432 -0.370583 -0.573049 -0.371646 0.329805 -1 -0.332932 0.513517 -0.816829 0.0313844 0.131015 -0.0203219 -0.738742 -1 -0.942893 -0.937837 -1 -1 -0.0568935 -1 -0.958803 -0.767166 -0.515615 -0.0218233 -0.961219 -0.70227 0.381079 -1 -0.961956 0.312441 -0.559428 -0.75639 -1 0.111759 -0.215487 -0.793234 0.776251 0.0630634 -0.690716 0.0016011 -0.127767 -0.569144 -0.061184 -0.815918 -0.744968 0.884095 -0.297292 -0.467397 0.154844 -0.440992 -0.525585 -1 -0.836218 -0.204533 -0.399137 -0.73587 -0.322765 0.244029 -0.184293 -0.822488 -0.615077 0.0816275 -0.930982 0.0835923 -0.323779 -0.987107 -0.0950084 0.532937 0.463269 -0.00428381 -0.612124 -0.734231 
-1 -0.706627 0.811442 0.160886 -0.284818 -0.905022 -0.289037 0.491701 -0.287288 -0.904459 -0.476618 -0.784489 -0.41337 0.267216 -0.0654906 -0.409653 -0.524269 -0.013486 -0.70988 -0.517774 -0.541242 -0.638322 0.372953 0.117063 0.295316 -1 0.663601 -0.0869743 -0.588703 -0.134917 -1 0.595078 0.155368 0.0441709 0.405878 -0.946616 -0.172564 -1 -0.0123486 -0.968446 0.433446 0.168947 0.488134 -0.400772 0.561343 0.327901 0.267172 -0.772589 0.229535 -0.664957 -0.0158292 -0.916009 -0.668491 0.49809 -1 -0.535173 -1 0.520505 0.563906 -1 -1 -0.0194714 0.239932 0.282202 0.293514 0.508693 0.280504 -0.273609 -0.993237 -0.0606128 0.681246 -0.79639 -0.562652 0.38935 -0.92473 -0.0650953 0.1861 0.183402 -0.77809 -1 -0.925823 -0.782428 -1 -1 -0.715384 -0.957302 -1 -0.617686 0.210769 -0.0233106 -1 -0.402613 0.914275 -1 -0.916153 0.766035 -1 -0.874731 -1 0.42114 -0.397666 -1 0.290194 -0.358266 -0.742698 0.308561 -0.401429 0.041671 -0.467895 -0.76723 -0.724341 0.295461 -0.468361 -0.368572 -0.256971 -0.183778 -0.232072 -1 -1 -0.409634 -0.76833 -0.137591 -0.428867 0.0609581 -0.499952 -1 -0.654174 -0.251782 -0.615573 0.334264 -0.519062 -1 0.32907 0.612279 0.517245 -0.267118 -0.378584 -0.420448 
-1 -0.817482 0.811442 -0.0149197 -0.284818 -0.823738 -0.230053 0.491701 -0.286069 -0.904459 -0.517073 -0.75579 -0.544771 0.267216 -0.134548 -0.506333 -0.427459 -0.0352941 -0.70988 -0.57968 -0.591163 -0.613588 0.359936 -0.0488325 0.295316 -1 0.725482 0.163122 -0.588703 -0.134917 -0.964531 0.484033 0.0845561 -0.0963117 0.178218 -0.946616 -0.158754 -1 -0.0123486 -1 0.433446 0.168947 0.487027 -0.453697 0.622146 0.317849 0.465601 -0.77224 0.229535 -0.795749 0.204497 -0.903635 -0.763347 0.461162 -1 -0.726281 -1 0.520505 0.600604 -1 -0.976114 0.0205221 0.239932 0.14195 0.293514 0.499484 0.282345 -0.273609 -1 -0.0158659 0.681246 -0.79639 -0.562652 0.422761 -0.92473 -0.0650953 0.423597 -0.0179625 -0.77809 -1 -1 -0.806632 -1 -1 -0.594767 -0.967896 -1 -0.791894 0.220306 -0.0233106 -1 -0.211422 0.972877 -1 -1 0.766035 -1 -0.646355 -1 0.42485 -0.294969 -0.964457 0.290194 -0.40425 -0.709218 0.327054 -0.401429 -0.0243129 -0.510642 -0.76723 -0.477059 0.480276 -0.268712 -0.547927 0.0210777 -0.290972 -0.402441 -1 -0.949968 -0.351852 -0.690756 -0.137591 -0.376236 0.0942363 -0.499952 -1 -0.883037 -0.256651 -0.568914 0.525917 -0.688917 -1 0.274098 0.612279 0.51701 -0.267118 -0.378584 -0.420448 
-1 -1 0.282807 -0.470991 0.805241 -1 -1 0.629676 -0.942956 -0.510777 0.996938 0.436374 -1 -0.295693 0.385753 -1 0.177829 -0.543983 -0.826344 -0.4336 0.454784 0.343434 0.267723 -0.390053 -0.302872 0.866864 0.77888 -0.940144 0.455187 -0.292126 0.667478 -0.987369 -0.383807 -0.17787 -0.849433 -0.432786 -0.613163 -0.159686 -0.657549 -0.85222 -1 -0.760341 0.299271 0.613091 -0.304409 -0.206784 0.333399 0.234818 0.190449 -0.28327 -0.629546 0.728253 -1 0.105676 -0.257979 -0.485981 -1 -0.280675 -0.776561 0.0470525 -0.346581 0.455383 -0.38392 0.135763 -0.763939 0.373808 -0.396167 -0.0417292 -0.216687 0.478117 -0.593533 -0.61548 -0.611009 -0.0653003 0.154434 -0.699094 -0.327523 -1 0.739913 0.264965 0.438266 -0.845693 -0.958845 -0.282997 0.351591 0.280174 -0.735613 0.365356 -1 -0.967493 0.168504 -0.831588 0.445569 -0.0475441 0.608752 0.0250627 0.197642 -0.44564 -1 0.218694 -0.320501 -0.388393 0.686294 0.78033 -0.943528 0.845624 -0.881964 0.0334805 -0.786659 0.257695 0.393605 0.126629 -1 -0.197997 -0.42821 0.292962 -0.94444 0.151844 -0.480498 -0.153148 -0.0880361 -0.877263 -1 -0.980464 0.169458 0.872474 -0.356199 -0.472065 0.734651 -0.887994 -0.435576 0.517354 -0.202668 -0.59143 0.0127031 -0.932293 0.11115 0.0763362 
-1 -1 0.523661 1 -1 -1 -0.505498 0.704375 -0.865606 -0.700563 -0.125654 -0.364507 -0.275562 0.323611 -0.0519162 -0.786296 -0.371486 0.392357 -0.679402 -0.360449 0.124407 -0.802581 0.379621 0.321309 0.569112 -1 0.467958 -0.395452 -0.89083 0.197167 -1 0.606969 -0.154941 -0.260456 0.484641 -1 0.00421695 -0.871987 -0.307102 -0.978899 0.701341 0.422785 0.709653 -0.579375 0.474192 0.856669 -0.432806 -0.504814 0.533842 -0.927487 0.0370363 -0.980917 -0.326474 -0.199378 -0.775621 -0.796021 -1 0.526544 0.0517247 -1 -1 -0.206198 0.28253 0.124945 -0.0104631 1 0.14647 -0.564419 -0.721748 -0.885753 0.545714 -0.932992 0.339304 0.254199 -0.428674 -0.10661 -0.587182 -0.413606 -0.857019 -1 -0.711975 -1 -0.831589 -0.961569 -0.552382 -0.954893 -0.880083 -0.759313 -0.542621 -0.0960823 -1 -0.263605 0.618183 -1 -1 0.335031 -1 -0.675933 -1 0.331515 0.345277 -1 0.401214 -0.137967 -0.586186 0.11075 -0.122351 -0.501675 -0.149525 -0.467792 -0.483016 0.365406 -0.0117947 -0.387771 -0.197791 -0.41997 -1 -1 -0.976621 -0.121309 -0.566792 -0.589251 -0.406922 -0.0361139 -0.458211 -0.565284 -0.516946 0.287639 -0.704234 -0.140084 -0.173906 -1 0.166317 0.126826 0.179509 -0.15034 -0.842549 -0.420448 
-1 -1 0.460604 0.978193 -0.960787 -0.844541 -0.505498 0.771254 -0.404553 -0.548816 -0.165401 -0.296346 -0.293286 0.324521 -0.16747 -0.562008 -0.0174726 0.594555 -0.653902 -0.442349 0.155293 -0.78218 0.445222 0.321309 0.663713 -0.931081 0.708861 -0.282423 -0.399023 0.172143 -1 0.584364 -0.0109626 -0.00245913 0.464881 -1 0.194966 -0.798029 -0.247162 -1 0.932713 0.275319 0.736204 -0.420915 0.719705 0.856669 -0.359905 -0.328589 0.547635 -0.597784 0.23434 -0.762576 -0.197139 -0.265058 -0.825267 -0.79623 -1 0.650126 0.112121 -1 -1 -0.101055 0.449263 0.253105 0.248931 0.984537 -0.00639918 -0.475791 -0.771771 -0.466276 0.280885 -1 0.270641 0.397525 -0.399385 -0.166254 -0.0530433 -0.356678 -0.719932 -0.891016 -0.711975 -0.914245 -0.813128 -0.820178 -0.403479 -1 -0.771796 -0.790424 -0.356093 0.323658 -1 -0.251427 0.611125 -1 -1 0.557393 -1 -0.698183 -1 0.164636 0.515148 -0.939381 0.37778 -0.0671945 -0.263589 0.0455345 0.00507339 -0.398495 0.0724041 -0.556939 -0.513351 0.365406 -0.257421 -0.387771 0.242884 -0.32175 -0.706219 -1 -1 -0.0378913 -0.292089 -0.662554 -0.599856 0.125261 -0.599504 -0.572428 -0.647179 0.287639 -0.893177 0.202126 -0.0638342 -0.933662 0.628248 0.467419 0.328171 0.0226065 -0.562635 -0.692491 
-0.977723 -0.962864 0.455086 0.309977 -0.722255 -0.926303 -0.297619 0.924392 -0.610241 -0.482573 -0.207271 -0.152871 -0.482729 0.527525 0.415369 -0.615202 -0.164823 0.256053 -0.914407 -0.386322 -0.0575101 -0.738373 0.276521 0.323888 0.291178 -1 0.748112 -0.120788 -0.602669 -0.0175232 -1 0.388503 0.218283 0.296136 0.205658 -1 0.196716 -0.50865 0.193902 -1 0.684882 -0.00629568 0.260429 -0.742834 0.551052 0.232147 0.0162753 -0.132501 0.751969 -1 0.38574 -0.895867 -0.172756 0.697915 -0.561693 -0.907278 -0.850344 0.449483 0.590461 -0.953683 -1 -0.380162 0.776817 0.0184541 0.291307 0.596058 0.554041 -0.399347 -0.801556 -0.673862 0.239563 -0.974391 -0.532167 0.172007 -0.591189 -0.024025 0.103953 0.155138 -0.708199 -1 -1 -1 -1 -1 -0.117177 -1 -1 -1 -0.360347 -0.305526 -0.956571 -0.729785 0.394837 -1 -0.761461 0.426815 -0.691503 -1 -1 0.142011 -0.106645 -0.785197 0.744842 0.0594355 -0.634551 0.439486 -0.0400796 -0.724373 0.0875813 -0.784856 -0.861672 0.697279 -0.633829 -0.514426 -0.0727869 -0.884979 -0.613404 -1 -0.92989 -0.0536554 -0.427267 -0.92507 -0.322765 0.187202 -0.283781 -0.80077 -0.59868 0.165876 -0.812191 -0.119114 -0.195195 -0.902058 -0.0734375 0.635128 0.463269 -0.0295681 -0.757816 -0.592481 
-1 -0.326259 0.416038 0.789672 -0.490526 -0.776493 0.172626 0.65747 -0.530464 -0.403182 -0.484401 -0.244712 -0.63143 -0.141925 0.110474 -0.346971 -0.16141 0.198938 -1 -0.836335 0.578961 -0.482771 0.58418 0.499191 0.863115 -0.530527 0.445845 -0.218947 -0.683656 0.254714 -0.991287 0.611891 0.289588 -0.0531577 0.486286 -1 0.468416 -0.819731 -0.207326 -0.878656 0.855524 0.457463 0.701204 -0.159687 0.426897 0.920649 -0.17603 -0.607233 -0.0536485 -0.839863 0.300424 -0.515791 -0.234005 0.519264 -0.63063 -0.652988 -0.844979 0.334766 0.287687 -0.996056 -1 -0.291865 -0.139222 0.285655 0.141645 0.62581 0.32651 -0.60728 -0.855261 0.0723062 0.215418 -0.767127 -0.0221338 0.396346 -0.324671 -0.351376 0.0516658 0.201921 -0.539593 -1 -0.53699 -0.924263 -0.93925 -1 -0.535036 -1 -1 -0.384033 -0.0658236 0.0696957 -1 -0.193319 0.590395 -0.985056 -0.959148 0.522141 -0.698535 -0.928821 -1 -0.0829911 -0.0777667 -1 0.462087 -0.0746308 -0.812665 0.334176 -0.265653 -0.814825 -0.153888 -0.706365 -0.394034 0.301356 -0.2914 -0.402066 0.461136 -0.432154 -0.775209 -1 -1 -0.153654 -0.277588 -0.219248 -0.511652 -0.00226092 -0.306336 -0.5133 -0.975867 0.2032 -0.826239 0.817626 -0.486335 -1 0.297686 0.39495 0.585995 -0.0802172 -0.658585 -0.772001 
-0.806687 -1 0.282807 -0.463159 0.758803 -1 -1 0.708803 -1 -0.686758 0.944357 0.346067 -0.807192 -0.0480327 0.338688 -1 0.173196 -0.543983 -0.804167 -0.390381 0.636998 0.129249 0.267723 -0.336927 -0.302872 0.80026 0.550065 -1 0.667386 -0.143303 0.685398 -0.987369 -0.383807 0.00731394 -0.549849 -0.432786 -0.613163 -0.247713 -0.657549 -0.85222 -1 -0.625866 0.299271 0.613091 -0.247031 -0.107724 0.399768 0.303609 0.190449 -0.191045 -0.622442 0.628663 -1 0.105676 -0.257979 -0.676158 -1 -0.280675 -0.776561 0.0470525 -0.460841 0.455383 -0.38392 0.336898 -0.887149 0.294804 -0.333381 -0.0417292 -0.169803 0.380028 -0.593533 -0.467856 -0.533339 -0.299302 0.154434 -0.699094 -0.382268 -0.964664 0.644074 0.264965 0.644664 -0.710866 -1 -0.320519 0.158304 0.427989 -0.923335 0.513775 -1 -1 -0.103862 -0.883518 0.145424 -0.0358312 0.599231 0.301087 0.367812 -0.300513 -1 0.218694 -0.320501 -0.388393 0.741383 0.855975 -0.79865 0.83716 -1 0.00925452 -0.798972 0.257695 0.426903 0.126629 -1 -0.197997 -0.400373 0.171872 -1 0.286889 -0.27455 -0.181578 -0.188673 -0.754201 -1 -0.980464 0.0578108 0.870325 -0.420685 -0.368145 0.597506 -0.805672 -0.431038 0.323668 -0.178956 -0.497609 0.115075 -0.927093 0.11467 -0.00898722 
-1 -0.4639 0.565909 0.360443 -0.373019 -0.980092 -0.142316 0.711623 -0.912725 -0.215475 -0.385886 -0.20931 -0.188233 0.137542 -0.00975546 -0.0292599 -0.311939 0.423197 -1 -0.812624 0.565548 -0.562242 0.499003 0.488041 0.497196 -1 0.790332 0.0542001 -0.861193 0.0630139 -1 0.205812 0.352705 -0.708823 0.330105 -1 0.611776 -0.882985 0.277825 -1 1 0.357656 0.41646 -0.289098 -0.0707923 0.154939 0.222655 -0.12841 0.00877967 -1 0.0134135 -0.474064 0.0324716 0.467311 -0.635661 -0.518674 -1 0.360919 0.441539 -1 -0.987924 0.0193141 0.188625 0.420604 0.154735 0.561978 0.221887 -0.4539 -0.867987 -0.0530753 0.63119 -0.741846 0.0612943 0.337894 -0.328342 0.0109283 -0.0690794 0.192816 -0.399075 -1 -0.748377 -0.929414 -1 -0.872449 -0.308197 -1 -0.955472 -0.603923 0.0931317 0.238193 -1 -0.0546842 0.793561 -1 -0.923533 0.784381 -0.831467 -0.663894 -1 0.213408 0.212252 -1 0.400107 -0.246362 -0.478257 0.178613 -0.386486 -0.484738 0.0258943 -0.575734 -0.376354 0.701253 -0.534351 -0.399446 0.412691 -0.269327 -0.513134 -1 -1 -0.374783 -0.273237 -0.855401 -0.389551 0.0137982 -0.25994 -0.697987 -0.956311 0.14703 -0.951695 0.434124 -0.642592 -1 0.307059 0.54101 0.714806 -0.0882688 -0.670415 -1 
0.153026 0.265561 0.0598553 -0.722806 0.406426 -0.500848 -1 -0.689313 -1 -0.191429 -0.941983 0.248495 -1 -0.932747 -0.863823 -0.757121 0.187301 -0.308892 -0.0224338 0.540933 0.651249 -0.808797 -1 -0.248694 -0.32069 -0.902454 -0.401965 0.356826 0.36133 0.121629 -0.505962 -0.0884653 -1 0.0422154 -1 -0.434987 0.945288 -0.332284 -0.386161 0.312297 -0.280472 0.736366 -1 -0.0785573 0.400706 0.288435 -0.78905 -1 -1 0.36103 -0.293949 0.735477 0.280901 0.248283 -0.314692 -0.955717 0.0624571 -1 -0.23933 -0.0232621 0.403482 -0.654436 -1 -0.965981 0.663622 -0.493801 -1 0.120017 -0.92952 -0.213586 -0.155353 0.104994 -1 -1 0.960738 -0.0284635 0.427494 0.160711 -0.71885 0.0835046 0.138871 -0.555771 -0.995454 -0.314329 -0.926354 -0.195439 -0.184539 -0.70055 0.361734 -0.0872164 -0.732233 -0.675806 -0.192243 0.246619 0.200318 0.170321 -0.0790706 -0.478573 -0.967626 -1 -1 -0.313208 -0.832919 0.182734 -0.462313 -1 -0.920287 -0.301889 0.318223 0.169818 -0.525431 0.804148 -0.361026 -0.660437 -1 -1 -0.868209 0.117431 0.369041 0.569605 0.818083 -0.864297 -0.949934 -0.85363 -0.918713 -0.664607 -1 0.10992 -0.327766 0.033729 -1 -0.480508 -0.444022 -0.527292 -0.930295 -0.095843 0.695418 -0.608876 
-1 -0.921475 0.511318 0.492373 -0.670774 -0.69995 -0.814848 0.476684 -0.893316 -0.626026 -0.234316 -0.467038 -0.456953 0.115176 -0.166571 -0.342227 -0.226515 0.344778 -0.993489 -0.702176 0.403219 -0.628331 0.434607 0.0820096 0.417875 -0.764136 0.447034 -0.17343 -0.431699 0.346833 -0.976804 0.664741 -0.0857366 -0.102597 0.236737 -1 0.165402 -1 -0.0383358 -1 0.33257 0.428304 0.117966 -0.606851 0.574069 0.457967 0.261814 -0.479444 0.334887 -1 0.222071 -0.616882 -0.293058 0.566042 -0.845903 -0.549613 -0.853836 0.669735 0.245758 -0.957387 -1 -0.187645 0.3689 0.55898 0.794665 0.702411 0.319658 -0.173686 -0.703848 -0.252172 0.409565 -0.567348 0.0305497 0.481129 -0.373791 -0.322968 -0.465572 -0.0341661 -0.71382 -1 -0.839841 -1 -0.833406 -0.92343 -0.194358 -0.985079 -1 -0.487752 -0.265395 -0.213927 -0.822003 -0.545336 0.424775 -1 -1 1 -0.499427 -0.924202 -0.883289 -0.561816 -0.398939 -0.986838 0.526165 -0.436989 -0.894035 0.339721 -0.0400796 -0.62842 -0.073771 -0.957326 -0.440335 0.85396 -0.252916 -0.344893 0.459685 -0.29813 -0.909113 -1 -1 -0.343047 -0.669589 -0.143814 -0.768095 -0.257468 -0.609078 -0.818336 -1 0.216704 -0.953714 0.441923 -0.428617 -0.944933 0.321817 0.975604 0.206536 -0.240789 -0.836973 -0.65645 
-1 -0.921475 0.540455 0.267643 -0.521685 -0.742061 -0.598199 0.755434 -0.694237 -0.552256 -0.238918 -0.216076 -0.727024 0.0530403 -0.00572374 -0.266986 -0.372811 0.355889 -0.591564 -0.475823 0.22411 -0.713579 0.622806 0.00634064 0.623629 -0.805208 0.686119 0.145338 -0.600902 0.149885 -1 0.770468 0.133951 -0.0145836 0.0637814 -1 -0.0264072 -0.731747 -0.0552998 -0.984097 0.576122 0.403687 0.365471 -0.67917 0.542393 0.645242 0.059599 -0.479444 0.498839 -1 0.218118 -0.47886 -0.106384 0.67688 -0.972251 -0.729171 -0.853836 0.449011 -0.0449948 -1 -1 -0.0317267 0.350242 0.493545 0.794665 0.702411 -0.0356179 -0.30181 -0.994003 -0.484322 0.488859 -0.755623 -0.158184 0.566506 -0.564628 -0.35558 -0.22754 -0.213722 -0.870697 -1 -0.883364 -0.981072 -1 -1 -0.194358 -1 -0.947028 -0.520116 -0.0571311 -0.213927 -0.985273 -0.391756 0.499028 -1 -0.954741 0.901776 -0.460311 -0.803314 -0.883289 -0.170588 -0.029827 -0.625638 0.429154 -0.27416 -0.82138 0.287543 -0.142511 -0.407307 -0.073771 -0.93689 -0.406762 0.822834 -0.174213 -0.372616 0.470086 -0.366072 -1 -1 -1 -0.427786 -0.632581 -0.143814 -0.885952 -0.0223435 -0.376468 -0.868572 -0.956581 0.302683 -0.735535 0.577637 -0.401819 -1 0.472449 1 0.206536 -0.256689 -1 -0.820347 
-0.926383 -1 0.492322 0.719818 -0.509754 -0.877317 -0.487414 0.911009 -0.354587 -1 -0.692734 -0.424349 -0.472546 0.50569 0.115992 -0.0457288 -0.215834 -0.0260462 -0.823465 -0.760486 -0.0570461 -0.544756 0.587338 0.175794 0.476059 -0.720032 0.686667 -0.0694493 -0.567303 0.143563 -1 0.699974 -0.255234 -0.0720247 0.458835 -1 0.166059 -0.573372 -0.378091 -1 0.539536 0.331626 0.475929 -0.560983 0.981679 0.442639 0.00853761 -0.381321 0.321092 -1 0.37176 -0.533204 -0.114178 0.20936 -0.755408 -0.533673 -0.955134 0.192857 0.424942 -1 -1 -0.302493 0.434376 0.56626 0.514703 0.460597 0.352099 -0.181127 -0.89013 -0.224453 0.724795 -1 0.0147762 0.406655 -0.320487 -0.426772 0.210443 0.336318 -1 -1 -0.690055 -0.712852 -1 -1 -0.423421 -1 -0.947332 -0.522737 0.100674 0.138132 -1 -0.440917 0.584465 -1 -0.988744 0.659657 -0.586864 -0.895909 -0.92641 -0.0905433 0.235196 -0.931774 0.439108 -0.609118 -0.160253 -0.0632201 0.0124714 -0.386584 -0.268768 -1 -0.909135 0.955778 -0.27663 -0.763287 -0.0569761 -0.433835 -0.388594 -1 -1 -0.169294 -0.284723 -0.336565 -0.605815 -0.0846855 -0.450978 -0.585549 -0.955477 0.257613 -0.816309 0.200306 -0.311154 -1 0.205225 0.521132 0.460582 0.120527 -0.500321 -0.901932 
-1 -0.483776 0.317914 0.737175 -0.476662 -0.777578 -0.0986291 0.619935 -0.803463 -0.695227 -0.791471 -0.39302 -0.625084 -0.229202 -0.328986 -0.456841 -0.338177 -0.140211 -1 -0.377077 0.366817 -0.851412 0.492891 0.0059554 0.956523 -0.71292 0.6499 -0.132164 -0.73966 -0.0342336 -1 0.505458 0.338607 -0.178231 0.375052 -1 0.0668539 -0.765676 0.0555287 -0.993816 0.99458 0.501604 0.671683 -0.215931 0.310958 0.384442 -0.0589251 -0.642049 -0.0919009 -0.627582 0.340099 -0.924889 -0.0339621 0.187476 -0.898275 -0.611905 -0.757096 0.559 0.330504 -1 -1 -0.446758 0.0856396 -0.0268372 -0.0374191 0.600781 0.219502 -0.292523 -0.930248 -0.0791264 0.666459 -0.878935 -0.217805 -0.0741334 -0.882751 -0.543502 0.0615182 0.100681 -0.72382 -1 -0.765741 -0.830965 -0.988875 -1 -0.206843 -1 -1 -0.547827 0.142111 -0.272517 -0.923694 -0.496563 0.161216 -0.863009 -1 0.343462 -0.978105 -0.929929 -0.976104 -0.116579 -0.457077 -1 0.493693 -0.04851 -0.81788 -0.12317 -0.424941 -0.580613 -0.395572 -0.82004 -0.394034 0.291337 -0.467742 -0.438595 0.170795 -0.372644 -0.663824 -0.900468 -0.88728 -0.363353 -0.635633 -0.519757 -0.791333 0.0893369 -0.0307555 -0.911495 -1 0.0711804 -1 0.781588 -0.625064 -0.995019 0.293051 0.296938 0.626174 -0.598934 -1 -0.806729 
-1 -1 0.66821 0.754916 -1 -0.561785 -0.251263 0.94559 -0.809129 -0.925936 -0.494982 -0.366619 -0.666618 0.599651 -0.0580396 -0.435883 -0.274368 -0.358025 -0.880122 -0.739312 0.14111 -0.677054 0.40452 -0.209631 0.231982 -1 0.780676 0.105024 -0.765792 0.265735 -1 0.652592 -0.317513 -0.174992 0.45032 -1 0.205488 -0.258355 -0.00271653 -0.959573 0.964544 0.642927 0.0252993 -0.71945 0.862603 0.166821 0.120287 -0.938708 0.503975 -0.875812 -0.0609034 -0.332519 -0.261894 -0.256209 -1 -0.846245 -1 0.46113 0.120993 -1 -1 -0.25382 0.367744 0.413209 0.568838 0.514507 -0.202545 -0.629654 -0.87704 -0.233398 0.471328 -1 -0.211679 0.299013 -0.751659 -0.269605 -0.0947528 0.298888 -0.821498 -0.942812 -0.878068 -0.934321 -0.991087 -1 -0.6324 -1 -0.937257 -0.966362 -0.16735 0.26081 -0.932301 -1 0.430745 -1 -1 0.853488 -1 -0.702712 -1 -0.375963 -0.105002 -1 0.0291076 -0.924128 -0.528453 -0.115485 -0.191644 -0.869873 -0.214444 -1 -0.747301 1 -0.679952 -0.585497 -0.09257 0.0537128 -0.556707 -0.912341 -1 -0.211404 -0.854911 -0.207433 -0.255467 0.0818997 -0.802008 -1 -0.859653 -0.044338 -1 0.398253 -0.342242 -1 -0.199404 0.957642 0.495894 -0.093502 -0.283835 -1 
-0.740101 -1 -0.167214 -0.278382 0.764314 -1 -1 0.708803 -0.926277 -0.857034 0.637925 0.283554 -0.84997 -0.293028 0.107724 -1 0.278608 -0.679838 -0.720233 -0.797078 0.373045 0.376563 0.0040603 -0.296715 -0.330097 0.514467 0.803715 -1 0.196273 -0.487161 0.421379 -1 -0.70427 -0.178469 -1 -0.395407 -0.796874 -0.435352 -0.925691 -1 -0.932318 -0.870484 -0.264631 0.512302 -0.293525 -0.188757 0.442142 -0.334983 0.0379052 -0.047616 -0.474795 0.596951 -1 -0.401171 -0.198033 -0.527772 -1 -0.379381 -1 -0.275763 -0.290283 0.0357482 -0.39823 0.0213387 -1 -0.0261458 -0.350775 -0.285578 -0.082353 0.455874 -0.654981 -0.542611 -0.802354 0.0305447 0.101961 -0.945879 -0.547633 -1 0.628108 0.0404658 0.811407 -0.988508 -1 -0.223093 0.445682 0.173133 -0.817723 0.324814 -1 -1 -0.496998 -1 -0.214284 0.0400809 0.714812 -0.158024 0.0814221 -0.226274 -1 0.218694 -0.338339 -0.773788 0.330928 0.632662 -0.727276 0.824115 -0.820167 0.0419083 -0.69038 0.257695 0.142431 0.126629 -0.931879 -0.467819 -0.755399 0.213884 -1 0.251062 -0.582324 -0.384518 -0.496337 -0.827755 -1 -1 0.276802 0.764516 -0.54634 -0.315309 0.578524 -1 -0.455935 0.621616 -0.267872 -0.59143 -0.0884496 -1 -0.254284 -0.191782 
0.0160215 0.265561 -0.0232992 -0.730896 0.425137 -0.286651 -0.994887 -0.455176 -1 -0.211587 -1 0.33765 -0.936109 -1 -0.863823 -1 0.209463 -0.293697 -0.261549 0.540933 0.781739 -0.883835 -1 -0.485741 -0.32069 -0.815842 -0.401965 0.356826 0.593307 0.00711071 -0.442724 -0.0884653 -0.885022 0.0422154 -1 -0.434987 0.945288 -0.332284 -0.718006 0.312297 -0.365563 0.814312 -1 -0.0785573 0.400706 0.251586 -0.83524 -0.758277 -1 0.373807 -0.293949 0.539471 0.280901 0.0314295 -0.324274 -0.816293 0.0583827 -1 -0.23933 -0.0194554 0.394608 -0.654436 -1 -0.965981 0.663622 -0.493801 -0.907674 0.169133 -1 -0.213586 -0.155353 0.0149269 -0.927793 -1 0.791138 -0.0268114 0.357293 -0.0294664 -0.71885 0.245469 0.138871 -0.507177 -1 -0.314329 -0.926354 -0.0961423 -0.258875 -0.557456 0.211929 -0.0502892 -0.732233 -0.380597 -0.216557 0.46665 0.200318 0.11636 -0.0790706 -0.478573 -1 -1 -0.989905 -0.313208 -0.832919 0.155689 -0.49426 -1 -0.920287 -0.201953 0.384922 0.127434 -0.402871 0.714935 -0.301314 -0.703281 -1 -1 -0.774395 0.153981 0.619269 0.569605 0.752482 -0.989401 -1 -0.756566 -1 -0.642892 -1 0.10992 -0.327766 0.147234 -0.895249 -0.372369 -0.364765 -0.336152 -1 -0.197391 0.760162 -0.608876 
-0.806687 -1 0.282807 -0.463159 0.758803 -1 -1 0.708803 -1 -0.686758 0.944357 0.346067 -0.807192 -0.0480327 0.338688 -1 0.173196 -0.543983 -0.804167 -0.390381 0.636998 0.129249 0.267723 -0.336927 -0.302872 0.80026 0.550065 -1 0.667386 -0.143303 0.685398 -0.987369 -0.383807 0.00731394 -0.549849 -0.432786 -0.613163 -0.247713 -0.657549 -0.85222 -1 -0.625866 0.299271 0.613091 -0.247031 -0.107724 0.399768 0.303609 0.190449 -0.191045 -0.622442 0.628663 -1 0.105676 -0.257979 -0.676158 -1 -0.280675 -0.776561 0.0470525 -0.460841 0.455383 -0.38392 0.336898 -0.887149 0.294804 -0.333381 -0.0417292 -0.169803 0.380028 -0.593533 -0.467856 -0.533339 -0.299302 0.154434 -0.699094 -0.382268 -0.964664 0.644074 0.264965 0.644664 -0.710866 -1 -0.320519 0.158304 0.427989 -0.923335 0.513775 -1 -1 -0.103862 -0.883518 0.145424 -0.0358312 0.599231 0.301087 0.367812 -0.300513 -1 0.218694 -0.320501 -0.388393 0.741383 0.855975 -0.79865 0.83716 -1 0.00925452 -0.798972 0.257695 0.426903 0.126629 -1 -0.197997 -0.400373 0.171872 -1 0.286889 -0.27455 -0.181578 -0.188673 -0.754201 -1 -0.980464 0.0578108 0.870325 -0.420685 -0.368145 0.597506 -0.805672 -0.431038 0.323668 -0.178956 -0.497609 0.115075 -0.927093 0.11467 -0.00898722 
0.153026 0.265561 0.0598553 -0.722806 0.406426 -0.500848 -1 -0.689313 -1 -0.191429 -0.941983 0.248495 -1 -0.932747 -0.863823 -0.757121 0.187301 -0.308892 -0.0224338 0.540933 0.651249 -0.808797 -1 -0.248694 -0.32069 -0.902454 -0.401965 0.356826 0.36133 0.121629 -0.505962 -0.0884653 -1 0.0422154 -1 -0.434987 0.945288 -0.332284 -0.386161 0.312297 -0.280472 0.736366 -1 -0.0785573 0.400706 0.288435 -0.78905 -1 -1 0.36103 -0.293949 0.735477 0.280901 0.248283 -0.314692 -0.955717 0.0624571 -1 -0.23933 -0.0232621 0.403482 -0.654436 -1 -0.965981 0.663622 -0.493801 -1 0.120017 -0.92952 -0.213586 -0.155353 0.104994 -1 -1 0.960738 -0.0284635 0.427494 0.160711 -0.71885 0.0835046 0.138871 -0.555771 -0.995454 -0.314329 -0.926354 -0.195439 -0.184539 -0.70055 0.361734 -0.0872164 -0.732233 -0.675806 -0.192243 0.246619 0.200318 0.170321 -0.0790706 -0.478573 -0.967626 -1 -1 -0.313208 -0.832919 0.182734 -0.462313 -1 -0.920287 -0.301889 0.318223 0.169818 -0.525431 0.804148 -0.361026 -0.660437 -1 -1 -0.868209 0.117431 0.369041 0.569605 0.818083 -0.864297 -0.949934 -0.85363 -0.918713 -0.664607 -1 0.10992 -0.327766 0.033729 -1 -0.480508 -0.444022 -0.527292 -0.930295 -0.095843 0.695418 -0.608876 
-0.762066 -1 0.282807 -0.380744 0.758803 -0.924008 -1 0.546572 -0.965407 -0.510777 0.903908 0.233427 -1 -0.0480327 0.292163 -0.995758 -0.192554 -0.7404 -0.816676 -0.580302 0.495391 0.226726 -0.21096 -0.390053 -0.484959 0.714834 0.803715 -0.870263 0.667386 -0.263638 0.642218 -0.946032 -0.51296 0.00953013 -0.582134 -0.61114 -0.821599 -0.247713 -0.980783 -0.911309 -1 -0.820316 0.184957 0.412934 -0.304409 -0.107724 0.460222 0.08172 0.190449 -0.047616 -0.428522 0.588292 -1 -0.0260992 -0.33228 -0.667915 -1 -0.365904 -0.99251 -0.108337 -0.277579 0.270987 -0.571567 -0.171487 -1 0.367432 -0.339435 -0.383304 -0.177434 0.619825 -0.863598 -0.467856 -0.557819 -0.473541 -0.0273446 -0.699094 -0.524863 -1 0.800114 0.208684 0.527638 -0.850566 -0.980763 -0.263697 0.152 0.397347 -0.936297 0.36284 -1 -1 0.128328 -0.916081 0.0493984 0.0798747 0.520975 0.220398 0.367812 -0.278494 -0.889857 0.0253744 -0.550067 -0.617546 0.405166 0.909422 -0.79865 0.624485 -1 -0.241997 -0.588591 0.185291 0.188717 -0.0630956 -1 -0.37208 -0.35601 0.00479434 -0.920522 0.197813 -0.39433 -0.134215 -0.196455 -0.996163 -1 -1 0.188443 0.84115 -0.356199 -0.393783 0.760457 -0.887994 -0.45735 0.300452 -0.202668 -0.545412 -0.181608 -1 -0.229634 0.0471688 
-0.913154 -1 0.523661 0.903306 -1 -1 -0.467043 0.462074 -0.515762 -0.759754 -0.125654 -0.28547 -0.791394 0.252929 -0.456838 -0.524971 0.284252 0.159285 -0.677435 -0.729971 0.178482 -0.559917 0.0704252 0.275481 0.293016 -0.912671 0.703331 -0.363205 -0.336606 -0.0544587 -1 0.539657 -0.39029 0.0389204 0.441037 -0.977698 0.120837 -0.795545 -0.21124 -0.986828 0.964539 0.170577 0.797029 -0.347766 0.641176 0.697904 -0.363545 -0.545648 0.296236 -1 0.0743582 -0.93128 -0.25896 -0.751662 -0.824897 -0.425988 -0.844708 0.0560262 -0.0756806 -1 -1 -0.414927 0.35276 -0.117061 -0.195611 0.987209 -0.274834 -0.42807 -0.746278 -0.563086 0.489182 -0.935619 0.166435 0.220517 -0.691387 -0.247812 0.0174534 -0.220724 -0.793932 -0.81596 -0.990477 -1 -0.978702 -1 -0.352605 -0.933961 -0.615223 -0.486661 -0.743939 0.294386 -1 -0.259652 0.445263 -1 -0.832083 0.282009 -1 -0.78298 -1 -0.0220701 0.463829 -1 0.263259 -0.375585 -0.713693 0.327942 -0.0186587 -0.361232 0.137445 -0.770766 -0.386319 0.221544 -0.282151 -0.423179 -0.0357093 -0.103572 -0.769903 -1 -0.903167 -0.183977 -0.390788 -0.675389 -0.492818 0.153471 -0.293929 -0.586096 -0.516946 0.202168 -0.835412 0.102127 -0.13044 -1 0.243957 0.130716 0.358194 -0.185931 -0.618557 -0.6725 
-0.728931 -1 0.282807 -0.380744 0.758803 -0.965858 -1 0.708803 -0.942956 -0.510777 0.944357 0.436374 -0.807192 -0.0480327 0.338688 -1 0.177829 -0.543983 -0.816676 -0.4336 0.636998 0.343434 0.267723 -0.390053 -0.302872 0.870931 0.803715 -0.870263 0.667386 -0.143303 0.667478 -0.987369 -0.383807 0.00731394 -0.582134 -0.432786 -0.613163 -0.247713 -0.657549 -0.85222 -1 -0.625866 0.299271 0.613091 -0.304409 -0.107724 0.314137 0.234818 0.190449 -0.047616 -0.474795 0.728253 -1 0.105676 -0.257979 -0.485981 -1 -0.280675 -0.776561 0.0470525 -0.346581 0.455383 -0.38392 0.336898 -0.763939 0.294804 -0.396167 -0.0417292 -0.169803 0.460691 -0.593533 -0.467856 -0.533339 -0.0653003 0.154434 -0.699094 -0.256502 -1 0.739913 0.264965 0.737131 -0.710866 -1 -0.320519 0.351591 0.387655 -0.735613 0.513775 -1 -1 0.16582 -0.875901 0.359054 0.181978 0.599231 0.301087 0.367812 -0.300513 -0.946052 0.218694 -0.320501 -0.388393 0.741383 0.909422 -0.79865 0.83716 -0.898474 0.00925452 -0.549392 0.257695 0.393605 0.126629 -1 -0.197997 -0.220586 0.292962 -0.975266 0.286889 -0.27455 -0.181578 -0.145629 -0.754201 -1 -0.980464 0.30118 0.992271 -0.356199 -0.368145 0.734651 -0.887994 -0.45735 0.517354 -0.202668 -0.59143 0.115075 -0.932293 0.0766537 0.0763362 
-1 -0.955262 0.656044 0.592701 -0.969947 -0.69109 -0.364092 0.94559 -0.623255 -1 -0.518411 -0.345887 -0.985157 0.611736 0.28495 -0.37382 -0.204607 0.129387 -0.772299 -0.910085 0.106081 -0.626022 0.385222 -0.292166 0.222755 -0.821699 0.863484 0.247741 -1 0.531989 -0.982265 0.57611 -0.113861 -0.134884 0.529394 -0.980296 -0.0191679 -0.459411 0.145657 -0.981207 0.918749 0.603971 0.264821 -0.751626 0.646437 0.319556 -0.121547 -0.793022 0.513456 -0.911111 0.274518 -0.319781 -0.19017 -0.368357 -1 -0.825105 -1 0.34223 0.250921 -1 -1 -0.0367823 0.367744 0.410002 0.568838 0.514507 0.0912088 -0.575739 -1 -0.0595109 0.72308 -1 -0.432511 0.524384 -0.640387 -0.300681 -0.146957 0.170451 -0.772957 -1 -0.824707 -1 -0.996402 -0.983163 -0.664115 -1 -1 -0.881709 0.191435 0.276894 -1 -0.622859 0.592218 -1 -1 0.758782 -1 -0.749385 -1 0.195971 0.209362 -1 0.116258 -0.710741 -0.649218 -0.290302 0.0666189 -0.903881 -0.110716 -0.854654 -0.776209 0.817763 -0.240608 -0.654212 -0.0242696 0.123828 -0.289187 -0.93566 -0.93378 -0.435783 -0.482164 -0.25894 -0.292573 0.0818997 -0.705553 -1 -0.63642 0.102627 -1 0.260202 -0.151402 -1 -0.0617733 0.86096 0.58004 -0.125629 -0.475348 -0.9436 
-0.806687 -0.923718 0.282807 -0.463159 0.792148 -1 -1 0.708803 -0.958749 -0.686758 0.944357 0.346067 -0.860884 -0.0480327 0.338688 -1 0.173196 -0.543983 -0.804167 -0.506389 0.636998 0.129249 0.267723 -0.431142 -0.302872 0.80026 0.550065 -1 0.667386 -0.0500197 0.685398 -0.987369 -0.383807 0.00731394 -0.549849 -0.432786 -0.634951 -0.247713 -0.657549 -0.811143 -1 -0.914049 0.299271 0.613091 -0.247031 -0.107724 0.316495 0.38148 0.0196943 -0.191045 -0.622442 0.628663 -0.998858 0.105676 -0.257979 -0.676158 -1 -0.199188 -0.739151 -0.0146665 -0.481691 0.455383 -0.344612 0.280277 -0.887149 0.294804 -0.537875 -0.0242145 -0.169803 0.380028 -0.593533 -0.658311 -0.763217 -0.299302 0.154434 -0.612375 -0.382268 -0.964664 0.644074 0.264965 0.644664 -0.847231 -1 -0.320519 0.0420133 0.426278 -0.994423 0.539486 -1 -1 -0.126262 -0.883518 0.145424 -0.0512901 0.386874 0.301087 0.367812 -0.300513 -1 0.0657837 -0.440671 -0.681742 0.741383 0.76495 -0.79865 0.83716 -1 -0.0985038 -0.798972 0.257695 0.152822 0.126629 -0.906127 -0.197997 -0.330979 -0.119792 -1 0.369502 -0.31469 -0.181578 -0.188673 -0.754201 -1 -1 0.111591 0.870325 -0.451992 -0.404143 0.597506 -0.805672 -0.431038 0.323668 -0.216774 -0.497609 0.115075 -1 0.11467 -0.0393851 
-1 -0.444766 0.284833 0.627475 -0.332051 -1 0.0511242 0.465964 -0.647081 -0.60883 -0.492065 -0.266311 -0.906025 -0.200466 0.110474 -0.250064 -0.172552 0.14511 -1 -0.964683 0.192394 -0.452159 0.279444 0.499191 0.793445 -0.784662 0.259703 -0.1433 -0.633234 0.298509 -1 0.533003 0.401467 -0.252561 0.486286 -0.923305 0.355882 -0.681062 -0.187259 -1 0.680681 0.417682 0.701204 -0.337313 0.489697 0.899513 -0.102313 -0.607233 0.0760164 -1 0.0711746 -0.720798 -0.40276 0.342412 -0.557254 -0.733404 -0.797272 0.384307 0.287687 -0.942477 -1 -0.0704811 0.165645 0.213944 0.250203 0.62581 0.316683 -0.622007 -0.984405 0.130923 0.131267 -0.742569 -0.0902553 0.232786 -0.8278 -0.661111 0.0853838 0.176258 -0.539593 -1 -0.53699 -0.923632 -0.951662 -1 -0.535036 -1 -1 -0.38191 0.0744492 0.134314 -1 -0.170585 0.511127 -1 -1 0.292586 -0.904334 -0.918627 -1 0.0456054 -0.170189 -1 0.17717 -0.300868 -0.812665 0.0729831 -0.222711 -0.691497 -0.204741 -0.706365 -0.394034 0.275099 -0.2914 -0.402066 0.24445 -0.35573 -0.660435 -1 -0.99888 -0.296954 -0.374069 -0.220492 -0.511652 -0.00226092 -0.0386735 -0.498617 -0.853598 0.373137 -0.919626 0.713461 -0.721091 -1 0.410391 0.0930501 0.629096 -0.137171 -0.852351 -0.80678 
-1 -0.729657 0.504844 0.555272 -0.914405 -0.520009 -0.234304 0.778921 -0.678222 -1 -0.47294 -0.128483 -0.854464 0.278975 0.164687 -0.147821 -0.00838023 0.189078 -0.757123 -0.754702 0.246551 -0.544972 0.404962 -0.169793 0.668104 -1 0.80442 -0.10243 -0.671768 0.387965 -1 0.647325 0.125754 -0.206216 0.374167 -1 0.460634 -0.58372 -0.180535 -1 0.777495 0.379474 0.4681 -0.784313 0.864791 0.580006 -0.0877666 -0.582503 0.633811 -0.827319 -0.0829282 -0.498784 -0.195194 -0.126054 -1 -0.874437 -0.992072 0.510795 0.411323 -1 -1 -0.31756 0.508335 0.461583 0.607527 0.414582 0.220472 -0.151627 -1 -0.535965 0.479175 -0.953919 -0.177673 0.254572 -0.425998 -0.381525 0.111921 0.0623353 -0.967119 -1 -0.787985 -0.794098 -1 -0.996508 -0.395292 -1 -1 -0.873369 0.198732 -0.167463 -1 -0.708438 0.255445 -1 -1 0.891416 -0.875818 -1 -0.897826 -0.132067 0.0165528 -0.941012 0.533497 -0.561381 -0.62766 -0.145917 -0.232585 -0.769251 -0.555696 -0.654088 -0.69692 0.974342 -0.368824 -0.703206 -0.0689919 -0.10749 -0.223902 -0.876147 -0.96285 -0.507772 -0.346893 -0.315381 -0.385572 0.157272 -0.546166 -1 -0.864268 -0.274103 -0.733363 0.439381 -0.479693 -1 0.178108 0.427678 0.3723 0.136084 -0.808312 -0.918259 
-1 -0.921475 0.540455 0.433964 -0.558221 -0.686041 -0.598199 0.755434 -0.694237 -0.524801 -0.104759 -0.154839 -0.727024 0.139245 -0.0723952 -0.266986 -0.323924 0.311373 -0.569661 -0.566613 0.332575 -0.713579 0.683342 0.0741691 0.509431 -0.805208 0.686119 0.0772543 -0.689204 0.346833 -0.944036 0.770468 0.137543 0.00701278 0.0637814 -1 0.145683 -0.677449 -0.0552998 -1 0.576122 0.363425 0.365471 -0.781006 0.647527 0.467458 0.261814 -0.479444 0.421958 -1 0.141643 -0.47886 -0.106384 0.586935 -0.845903 -0.549613 -1 0.548303 0.178151 -1 -1 -0.0887284 0.350242 0.519775 0.794665 0.482785 0.122299 -0.457881 -0.86518 -0.252172 0.488859 -0.602669 -0.0540843 0.605371 -0.56057 -0.392046 -0.235423 -0.0873352 -0.71382 -1 -0.971086 -0.981072 -0.793561 -1 -0.194358 -1 -0.947028 -0.520116 -0.0571311 -0.213927 -0.979729 -0.432129 0.499028 -1 -0.954741 0.848421 -0.399247 -0.924402 -1 -0.289567 -0.0962806 -0.509472 0.429154 -0.436916 -0.784748 0.287543 -0.0730856 -0.629291 -0.073771 -0.93689 -0.551338 0.788992 -0.251012 -0.372616 0.402735 -0.287874 -0.934992 -1 -1 -0.377333 -0.506181 -0.143814 -0.86625 -0.0223435 -0.448265 -0.880976 -1 0.223107 -0.897816 0.530595 -0.364445 -1 0.472449 1 0.206536 -0.496448 -0.759708 -0.787992 
-1 -0.921475 0.319119 0.492373 -0.502887 -0.69709 -0.747186 0.755434 -0.923255 -0.524648 -0.103846 -0.128483 -0.482157 0.236912 0.170511 -0.123958 -0.328893 0.344778 -0.52472 -0.776251 0.134216 -0.781106 0.391564 0.0348177 0.397457 -0.859037 0.600546 0.0667244 -0.692968 0.346833 -0.942795 0.561664 0.110946 -0.287679 0.0322642 -1 0.113696 -0.76958 -0.0552998 -1 0.55792 0.428304 0.385369 -0.807493 0.518057 0.532341 0.261814 -0.417925 0.25042 -1 0.213707 -0.528961 -0.230299 0.637205 -1 -0.549613 -0.96435 0.412471 0.174465 -1 -1 -0.19913 0.319608 0.137528 0.620067 0.730059 0.117699 -0.238068 -0.703848 -0.252172 0.470801 -0.780943 0.0305497 0.690995 -0.284677 -0.321033 -0.288148 -0.0866813 -0.710154 -1 -0.997859 -1 -0.84417 -0.786865 -0.232996 -1 -1 -0.473077 -0.0571311 -0.213927 -1 -0.536343 0.297783 -1 -0.991587 0.929047 -0.456076 -0.803314 -0.883289 -0.447599 -0.210753 -0.810442 0.497322 -0.2256 -1 0.334168 0.000646546 -0.398498 -0.0183177 -1 -0.429835 0.853757 -0.314642 -0.344893 0.0115858 -0.489552 -1 -0.99356 -0.957474 -0.379526 -0.534668 -0.345687 -0.697677 0.0381918 -0.457305 -0.7596 -0.95467 0.216704 -0.741865 0.329205 -0.604189 -1 0.524841 0.995191 0.103815 -0.256689 -0.620542 -0.740082 
-0.758865 -1 0.287241 -0.519384 0.508256 -0.965858 -1 0.791033 -0.959213 -0.430793 1 0.32986 -0.717312 -0.269364 0.311505 -1 0.162748 -0.49674 -1 -0.4336 0.696866 0.343434 0.0929056 -0.705611 -0.67012 0.748151 0.769515 -0.833211 0.469347 -0.150077 0.586357 -0.987369 -0.383807 -0.207763 -0.567158 -0.432786 -0.662309 -0.256042 -0.883404 -1 -0.968639 -0.625866 0.299271 0.344818 -0.522804 -0.107724 0.314137 0.252396 0.190449 -0.257501 -0.564244 0.437839 -0.967653 -0.0324031 -0.428987 -0.680504 -1 -0.504968 -1 -0.125087 -0.346581 0.238735 -0.422975 0.113194 -0.763939 0.294804 -0.478208 -0.115641 -0.118837 0.0341633 -0.922347 -0.905509 -0.720776 -0.00562792 -0.101694 -0.699094 -0.398625 -1 0.666642 0.346207 0.569535 -0.716974 -1 -0.375801 0.150218 0.192424 -0.89998 0.445583 -0.916559 -1 0.0173296 -0.914573 0.0705644 0.246456 0.652698 0.356111 0.148852 -0.32324 -0.946052 0.242864 -0.459703 -0.630462 0.528483 0.777378 -1 0.653717 -0.986742 0.00925452 -0.640008 0.257695 0.314709 -0.124166 -1 -0.245455 -0.220586 0.292962 -1 0.236631 -0.413777 -0.522026 -0.360381 -0.968511 -1 -1 0.315207 0.992271 -0.267399 -0.42899 0.393869 -0.887994 -0.515004 0.540696 -0.280973 -0.597285 0.115075 -1 0.0340077 0.0763362 
-1 -0.770976 0.579328 0.403947 -0.605474 -1 -0.327903 0.837057 -0.639213 -1 -0.136094 -0.20221 -0.398441 0.423587 0.470678 -0.0698363 -0.841966 0.342659 -0.618091 -0.421067 -0.0131163 -0.368688 0.267522 0.40271 0.593295 -0.977461 0.683568 -0.0356894 -0.441698 -0.13443 -0.985571 0.432575 0.162528 -0.0904833 0.407889 -1 0.381877 -0.538755 -0.110861 -0.948598 0.989618 0.134207 0.432774 -0.51739 0.954784 0.505074 0.103543 -0.571807 0.324035 -1 0.472765 -0.123333 -0.130244 0.288845 -0.951438 -0.486998 -0.998687 0.453826 0.298201 -0.946454 -1 -0.0287064 0.716745 0.437657 0.245517 0.657304 0.0247446 -0.370645 -0.673299 -0.154108 0.54121 -0.729383 -0.596315 0.676802 -0.261934 -0.216795 -0.286057 0.0102453 -0.462083 -0.974113 -0.967067 -0.958865 -0.74447 -0.964878 -0.306631 -1 -0.821465 -0.710411 -0.0978784 0.0924409 -0.84865 -0.495084 0.695886 -0.95812 -1 0.898198 -0.628534 -0.878522 -0.957848 -0.150848 0.311482 -0.822047 0.335993 -0.245473 -0.745218 -0.189702 -0.0716468 -0.554123 -0.118575 -0.68304 -0.454632 0.782383 -0.573831 -0.703838 -0.0292076 -0.362866 -0.377334 -1 -1 -0.491385 -0.413086 -0.461591 -0.26971 -0.0526998 -0.575493 -0.826543 -0.841264 0.136238 -0.909071 0.213908 -0.197613 -0.954779 0.322601 0.443996 0.670239 0.09821 -0.408094 -0.59017 
-0.806687 -1 0.282807 -0.463159 0.758803 -1 -1 0.708803 -1 -0.686758 0.944357 0.346067 -0.807192 -0.0480327 0.338688 -1 0.173196 -0.543983 -0.804167 -0.390381 0.636998 0.129249 0.267723 -0.336927 -0.302872 0.80026 0.550065 -1 0.667386 -0.143303 0.685398 -0.987369 -0.383807 0.00731394 -0.549849 -0.432786 -0.613163 -0.247713 -0.657549 -0.85222 -1 -0.625866 0.299271 0.613091 -0.247031 -0.107724 0.399768 0.303609 0.190449 -0.191045 -0.622442 0.628663 -1 0.105676 -0.257979 -0.676158 -1 -0.280675 -0.776561 0.0470525 -0.460841 0.455383 -0.38392 0.336898 -0.887149 0.294804 -0.333381 -0.0417292 -0.169803 0.380028 -0.593533 -0.467856 -0.533339 -0.299302 0.154434 -0.699094 -0.382268 -0.964664 0.644074 0.264965 0.644664 -0.710866 -1 -0.320519 0.158304 0.427989 -0.923335 0.513775 -1 -1 -0.103862 -0.883518 0.145424 -0.0358312 0.599231 0.301087 0.367812 -0.300513 -1 0.218694 -0.320501 -0.388393 0.741383 0.855975 -0.79865 0.83716 -1 0.00925452 -0.798972 0.257695 0.426903 0.126629 -1 -0.197997 -0.400373 0.171872 -1 0.286889 -0.27455 -0.181578 -0.188673 -0.754201 -1 -0.980464 0.0578108 0.870325 -0.420685 -0.368145 0.597506 -0.805672 -0.431038 0.323668 -0.178956 -0.497609 0.115075 -0.927093 0.11467 -0.00898722 
0.00745042 0.218677 -0.0467872 -0.781483 0.332442 -0.516155 -1 -0.84099 -1 -0.191429 -1 0.248495 -1 -0.932747 -0.863823 -0.757121 0.187301 -0.308892 -0.0224338 0.540933 0.465719 -0.967894 -1 -0.355751 -0.413779 -1 -0.401965 0.356826 0.239065 0.121629 -0.505962 -0.0884653 -1 0.0422154 -1 -0.50087 0.838827 -0.332284 -0.386161 0.312297 -0.280472 0.736366 -0.931518 -0.0785573 0.375085 0.182592 -0.78905 -0.924459 -1 0.36103 -0.293949 0.735477 0.100242 0.248283 -0.314692 -1 0.0624571 -0.919785 -0.230123 -0.0232621 0.403482 -0.654436 -1 -0.965981 0.433061 -0.493801 -1 0.120017 -0.92952 -0.419556 -0.113668 -0.0946017 -1 -1 0.960738 -0.0284635 0.427494 0.155439 -0.71885 0.0551073 0.138871 -0.555771 -0.995454 -0.314329 -1 -0.353395 -0.184539 -0.817869 0.361734 -0.0761552 -0.732233 -0.675806 -0.134795 0.325501 0.200318 0.170321 -0.0790706 -0.561207 -1 -1 -1 -0.313208 -0.832919 0.182734 -0.462313 -1 -0.988237 -0.50061 0.318223 0.169818 -0.648291 0.848267 -0.361026 -0.589256 -1 -1 -1 0.117431 0.369041 0.569605 0.724433 -0.915188 -0.949934 -0.85363 -0.918713 -0.629636 -1 -0.0370761 -0.327766 0.033729 -1 -0.637868 -0.444022 -0.527292 -1 -0.229211 0.695418 -0.676774 
-0.728931 -1 0.282807 -0.380744 0.771571 -1 -1 0.429121 -0.942956 -0.5469 1 0.436374 -0.807192 -0.0771089 0.338688 -0.916868 0.177829 -0.543983 -0.816676 -0.678229 0.636998 0.343434 0.205477 -0.567603 -0.302872 0.603787 0.818537 -1 0.444872 -0.176799 0.583789 -0.987369 -0.383807 0.059021 -0.582134 -0.349686 -0.842403 -0.46152 -0.657549 -0.85222 -1 -0.625866 0.25612 0.682097 -0.304409 -0.107724 0.191803 0.234818 0.109682 -0.129725 -0.474795 0.728253 -1 -0.0969493 -0.257979 -0.485981 -1 -0.262835 -0.776561 -0.101482 -0.413926 0.455383 -0.508988 0.358768 -0.763939 0.294804 -0.396167 -0.0417292 -0.169803 0.329774 -0.83299 -0.459732 -0.533339 -0.0653003 -0.0777053 -0.894696 -0.256502 -1 0.739913 -0.00510302 0.708846 -0.710866 -1 -0.320519 0.351591 0.387655 -0.735613 0.513775 -1 -1 0.16582 -0.879592 0.359054 0.181978 0.599231 0.301087 0.367812 -0.447419 -1 -0.0223259 -0.377598 -0.388393 0.681774 0.939929 -0.79865 0.83716 -0.852577 0.00925452 -0.839691 0.257695 0.393605 -0.102072 -1 -0.141332 -0.13613 0.38652 -0.969325 0.286889 -0.296142 -0.309259 -0.145629 -1 -1 -1 0.30118 0.992271 -0.620462 -0.368145 0.832616 -0.915236 -0.45735 0.533728 -0.202668 -0.803762 -0.0564976 -0.932293 0.0766537 0.0763362 
0.153026 0.265561 -0.111683 -0.651423 0.406426 -0.48267 -0.933689 -0.689313 -1 -0.0997329 -0.941983 0.0537655 -1 -0.932747 -0.766928 -0.757121 0.187301 -0.418746 -0.0224338 0.407773 0.688407 -0.808797 -0.909844 -0.258111 -0.32069 -0.902454 -0.401965 0.356826 0.251541 0.121629 -0.561752 -0.0884653 -1 -0.014701 -1 -0.586197 0.945288 -0.332284 -0.646523 0.394482 -0.191056 0.593228 -1 -0.0785573 0.484086 0.0168692 -0.725671 -1 -1 0.36103 -0.245978 0.66822 0.280901 0.185322 -0.450479 -1 0.0894825 -1 -0.524616 -0.0232621 0.113162 -0.654436 -1 -1 0.593403 -0.438895 -1 0.120017 -0.92952 -0.213586 -0.155353 -0.102409 -1 -1 0.960738 -0.0284635 0.465121 -0.0999629 -0.71885 0.170407 0.138871 -0.773695 -1 -0.314329 -1 -0.128071 -0.386021 -0.909204 0.457125 -0.0872164 -0.732233 -0.93142 -0.159849 0.156697 0.200318 0.174111 -0.314159 -0.538378 -1 -0.953275 -1 -0.313208 -0.968275 0.0564047 -0.641678 -0.98083 -0.920287 -0.216503 0.0797741 0.169818 -0.81751 0.725492 -0.562116 -0.671934 -0.978785 -1 -0.845992 0.132272 0.133844 0.569605 0.818083 -1 -0.949934 -1 -1 -0.664607 -0.937122 0.159271 -0.481406 0.131484 -1 -0.708356 -0.444022 -0.527292 -1 -0.095843 0.628099 -0.571902 
0.153026 0.265561 0.0598553 -0.722806 0.406426 -0.500848 -1 -0.689313 -1 -0.191429 -0.941983 0.248495 -1 -0.932747 -0.863823 -0.757121 0.187301 -0.308892 -0.0224338 0.540933 0.651249 -0.808797 -1 -0.248694 -0.32069 -0.902454 -0.401965 0.356826 0.36133 0.121629 -0.505962 -0.0884653 -1 0.0422154 -1 -0.434987 0.945288 -0.332284 -0.386161 0.312297 -0.280472 0.736366 -1 -0.0785573 0.400706 0.288435 -0.78905 -1 -1 0.36103 -0.293949 0.735477 0.280901 0.248283 -0.314692 -0.955717 0.0624571 -1 -0.23933 -0.0232621 0.403482 -0.654436 -1 -0.965981 0.663622 -0.493801 -1 0.120017 -0.92952 -0.213586 -0.155353 0.104994 -1 -1 0.960738 -0.0284635 0.427494 0.160711 -0.71885 0.0835046 0.138871 -0.555771 -0.995454 -0.314329 -0.926354 -0.195439 -0.184539 -0.70055 0.361734 -0.0872164 -0.732233 -0.675806 -0.192243 0.246619 0.200318 0.170321 -0.0790706 -0.478573 -0.967626 -1 -1 -0.313208 -0.832919 0.182734 -0.462313 -1 -0.920287 -0.301889 0.318223 0.169818 -0.525431 0.804148 -0.361026 -0.660437 -1 -1 -0.868209 0.117431 0.369041 0.569605 0.818083 -0.864297 -0.949934 -0.85363 -0.918713 -0.664607 -1 0.10992 -0.327766 0.033729 -1 -0.480508 -0.444022 -0.527292 -0.930295 -0.095843 0.695418 -0.608876 
-0.728931 -1 0.224703 -0.380744 0.758803 -0.965858 -0.985129 0.515874 -0.942956 -0.510777 0.86403 0.353678 -0.870584 -0.250731 0.338688 -1 0.177829 -0.635595 -0.816676 -0.577748 0.703063 0.42169 0.267723 -0.648415 -0.563612 0.870931 0.803715 -1 0.482021 -0.143303 0.667478 -0.987369 -0.568676 -0.147095 -0.582134 -0.432786 -0.613163 -0.542477 -0.753361 -0.85222 -1 -0.539698 0.16427 0.704485 -0.304409 -0.107724 0.0175675 0.0148083 0.190449 -0.158096 -0.474795 0.728253 -1 -0.0615758 -0.29656 -0.485981 -1 -0.280675 -0.776561 0.0837807 -0.602714 0.455383 -0.332962 0.135955 -0.763939 0.148352 -0.388165 -0.0417292 -0.169803 0.501687 -0.593533 -0.469988 -0.685794 -0.0254601 0.154434 -0.864773 -0.540176 -1 0.739913 0.264965 0.685776 -0.710866 -1 -0.285464 0.207268 0.387655 -0.986688 0.314091 -1 -1 0.0585084 -0.875901 0.359054 0.160977 0.68556 0.185952 0.0742719 -0.551147 -0.946052 0.196209 -0.320501 -0.383177 0.828903 0.909422 -0.777743 0.800063 -0.898474 0.00925452 -0.656009 0.316998 0.394915 0.10836 -1 -0.197997 -0.220586 0.292962 -0.958319 0.137643 -0.498235 -0.16342 -0.217733 -0.754201 -1 -1 0.16303 0.992271 -0.57477 -0.368145 0.734651 -0.887994 -0.45735 0.401481 -0.270603 -0.59143 0.183989 -0.932293 0.161716 -0.214626 
-0.745138 -1 0.282807 -0.380744 0.758803 -0.965858 -1 0.664198 -0.942956 -0.42621 0.78433 0.436374 -1 -0.207247 0.338688 -1 0.177829 -0.737221 -0.972963 -0.4336 0.636998 0.343434 0.267723 -0.563666 -0.302872 0.870931 0.803715 -0.877835 0.387477 -0.24388 0.398882 -1 -0.654318 0.00731394 -0.727848 -0.480341 -0.613163 -0.247713 -0.938218 -0.85222 -1 -0.625866 0.299271 0.613091 -0.304409 -0.11329 0.27129 -0.0181638 0.0897085 -0.262324 -0.758812 0.773606 -0.963527 -0.0149711 -0.45066 -0.397265 -1 -0.389047 -0.804116 0.0470525 -0.346581 0.455383 -0.456366 0.336898 -0.763939 0.154662 -0.610385 0.0577383 -0.169803 0.460691 -0.593533 -0.446278 -0.533339 -0.294472 -0.0983398 -0.699094 -0.256502 -1 0.739913 -0.00964636 0.737131 -0.702102 -1 -0.574306 0.351591 0.171683 -0.940669 0.462294 -1 -0.901821 0.16582 -0.875901 0.359054 0.181978 0.599231 0.00132659 0.432384 -0.300513 -0.946052 0.218694 -0.320501 -0.464034 0.539785 0.909422 -0.825693 0.83716 -1 0.00925452 -0.788645 0.257695 0.221827 -0.0896972 -1 -0.375391 -0.47843 0.292962 -0.975266 0.286889 -0.27455 -0.181578 -0.145629 -0.987877 -1 -0.960516 0.30118 0.992271 -0.356199 -0.345384 0.734651 -0.913881 -0.45735 0.568294 -0.202668 -0.766358 0.115075 -1 -0.116468 0.0763362 
-0.924379 -0.800922 0.749098 0.35412 -0.381812 -0.801265 -0.269364 0.831658 -0.354587 -1 -0.632216 -0.419341 -0.403095 0.319126 -0.0274626 -0.301594 -0.293875 -0.258495 -0.673635 -0.728209 -0.000317767 -0.247819 0.480071 -0.384148 0.699236 -0.707801 0.737903 -0.326508 -1 0.159648 -0.973137 0.346836 -0.00102864 -0.28661 0.341613 -1 0.298185 -0.432738 -0.0576688 -1 0.697905 0.0149933 0.384274 -0.602478 0.981679 0.338302 0.00258681 -0.381321 0.0188585 -0.995373 0.302796 -0.252859 -0.203601 0.203147 -1 -0.88158 -0.821523 0.529443 0.00388509 -1 -1 -0.297054 0.320718 0.101827 0.43619 0.235282 0.288949 -0.331261 -0.944677 -0.735343 0.592956 -1 -0.046491 0.387141 -0.351362 -0.529492 0.181574 0.0114058 -0.887883 -1 -1 -0.955989 -1 -0.786948 -0.105611 -1 -0.849994 -0.835614 -0.0585539 0.166723 -1 -0.48073 0.379052 -1 -0.929458 0.766962 -0.634122 -0.745801 -1 -0.126038 0.14135 -0.795639 0.505971 -0.71877 -0.274543 -0.140547 0.0802974 -0.642442 -0.256796 -0.976542 -0.67286 0.97648 -0.717682 -0.646964 0.172564 -0.549784 -0.510442 -0.964603 -0.920978 -0.36339 -0.269381 -0.723574 -0.61301 -0.387248 -0.300785 -0.5401 -1 0.172576 -0.902088 0.292322 -0.301227 -1 0.149888 0.690254 0.457054 0.0926922 -0.70248 -0.7394 
-0.866019 -1 0.235703 -0.544796 0.558922 -0.981901 -1 0.4611 -1 -0.510777 0.716202 0.421676 -0.960049 -0.246211 0.338688 -0.908608 0.250001 -0.53939 -0.816676 -0.675296 0.535657 0.343434 0.267723 -0.390053 -0.311456 0.870931 0.856405 -0.870263 0.667386 -0.250309 0.688361 -1 -0.737854 -0.136149 -0.662598 -0.578582 -0.613163 -0.483452 -0.807361 -0.85222 -0.988199 -0.844797 0.299271 0.688827 -0.304409 -0.17376 0.0772256 0.157932 0.190449 -0.607163 -0.438599 0.536758 -1 0.105676 -0.257979 -0.485981 -1 -0.526295 -0.776561 -0.0250262 -0.346581 0.0119787 -0.38392 0.336898 -0.763939 0.294804 -0.707111 -0.289212 -0.379606 0.580365 -0.888855 -0.590176 -0.506513 -0.353674 -0.0580842 -0.699094 -0.242041 -0.999478 0.590613 0.206892 0.632111 -0.808994 -0.97404 -0.825868 0.300235 0.305475 -0.735613 0.513775 -0.934019 -1 -0.201161 -0.947908 0.285156 0.131721 0.680171 0.38268 0.244803 -0.524484 -0.990631 0.112613 -0.375253 -0.388393 0.704082 0.695159 -0.785664 0.83716 -1 0.070327 -0.954594 0.328057 0.393605 0.126629 -1 -0.504736 -0.328951 0.155528 -1 0.286889 -0.27455 -0.416064 -0.358924 -0.883215 -1 -0.957057 0.18188 0.992271 -0.336613 -0.31961 0.394748 -1 -0.688439 0.598086 -0.416307 -0.59143 -0.0581449 -1 -0.0311697 0.0763362 
-0.981612 -0.6982 0.579328 0.622172 -0.634445 -0.865878 -0.473121 0.98483 -0.588445 -0.846573 -0.577861 -0.205443 -0.748307 0.282584 0.296068 -0.154631 -0.640077 0.323328 -0.653902 -0.335648 -0.00472566 -0.315783 0.242045 0.274122 0.689955 -0.965582 0.757536 0.0817863 -0.735081 0.0175359 -1 0.645817 -0.0409362 0.0181813 0.48571 -1 0.1842 -0.457676 -0.077358 -0.948598 0.816263 0.27559 0.432774 -0.329907 0.954784 0.516522 0.202492 -0.642303 0.277692 -1 0.546784 -0.123333 -0.157683 0.267244 -0.961496 -0.486998 -1 0.111777 0.246266 -1 -0.777762 -0.300045 0.504792 0.595665 0.567378 0.47005 0.118307 -0.220745 -0.66459 -0.298457 0.554304 -0.798477 -0.379203 0.461553 -0.187713 -0.129519 -0.191614 0.00349431 -0.576188 -1 -1 -0.61862 -1 -1 -0.175185 -1 -1 -0.907544 -0.0949821 -0.0343827 -0.84865 -0.338374 0.695886 -1 -0.81503 1 -0.811111 -0.893508 -1 -0.0541872 0.024844 -0.741383 0.535593 -0.339816 -0.398653 -0.179557 -0.196524 -0.392199 -0.118575 -0.693786 -0.434309 0.814737 -0.573831 -0.444358 0.0321949 -0.565014 -0.308925 -1 -1 -0.631196 -0.244217 -0.521717 -0.324273 -0.225252 -0.21322 -0.692604 -0.987052 0.136238 -0.944513 0.111004 -0.141702 -1 0.0772691 0.597829 0.341967 0.176225 -0.257333 -0.527188 
-1 -1 0.651143 0.872922 -0.847982 -0.838581 -0.0663616 0.876138 -0.451903 -1 -0.583887 -0.407923 -0.841566 0.29682 0.251384 -0.0284436 -0.35791 0.102258 -0.837777 -0.308494 0.122175 -0.82112 0.158256 0.183659 0.276624 -0.811965 0.689111 -0.0584201 -1 0.252195 -1 0.318698 0.0266238 -0.182707 0.294651 -1 0.299067 -1 -0.16246 -0.960409 0.672028 0.270604 0.244372 -0.378584 0.795904 0.836194 0.00544703 -0.415002 0.496065 -0.818135 0.218639 -0.653997 -0.193475 0.426318 -0.974083 -0.85365 -1 0.401507 0.434244 -0.995741 -1 0.125836 0.468313 0.605721 0.0831313 0.829552 0.0810448 -0.308606 -0.98825 -0.263663 0.692152 -0.681426 -0.161441 -0.0432577 -0.442554 -0.637486 -0.0920887 -0.131026 -0.826392 -1 -1 -0.874077 -0.783376 -1 -0.548253 -0.999056 -1 -0.786095 -0.102003 0.138795 -0.788768 -0.777543 0.226329 -0.957769 -1 0.658387 -0.782767 -0.946249 -1 0.0487753 0.0143364 -1 0.391085 -0.0628077 -0.392792 0.124875 -0.250576 -0.52907 0.0134489 -0.64108 -0.343003 0.730529 -0.370631 -0.410564 0.128347 -0.345084 -0.432508 -1 -0.900176 -0.0145459 -0.386596 -0.678037 -0.840006 -0.0591619 -0.431869 -0.362181 -0.680444 0.203695 -0.802036 0.186171 -0.445017 -0.92761 -0.0162549 0.718058 0.522175 -0.339688 -0.393384 -1 
-0.923128 -0.959791 0.584574 0.301532 -0.291309 -0.810253 -0.280244 0.947993 -0.685406 -1 -0.383446 -0.515191 -0.674735 0.470381 -0.0699105 -0.764558 -0.0713312 -0.252642 -1 -0.781861 0.0727195 -0.724902 0.0490727 -0.0439275 0.472987 -0.82781 0.609524 0.0366983 -0.987819 0.16995 -1 0.822964 -0.187706 -0.607631 0.22565 -1 0.208864 -0.40304 -0.163578 -1 0.837456 0.360774 0.43058 -0.966045 0.980803 0.673012 0.0662623 -0.787106 0.157295 -1 0.295347 -0.491037 -0.424532 -0.15842 -0.792849 -0.652249 -1 0.0398997 0.0215648 -1 -1 -0.213346 0.259283 0.359622 0.740687 0.223886 0.0138084 -0.133024 -0.851636 -0.575281 0.267392 -0.956286 0.248385 0.261506 -0.801225 -0.573407 0.0451735 0.0744716 -1 -0.970528 -0.882455 -0.975029 -1 -1 -0.343967 -0.975944 -0.964343 -0.810073 -0.146816 0.226741 -1 -0.873664 0.184409 -1 -0.969837 0.642314 -1 -0.711436 -1 -0.301981 0.01925 -1 0.527082 -0.667722 -0.442761 -0.662257 -0.0550544 -0.86657 -0.354941 -0.961169 -0.928204 1 -0.298381 -0.446547 -0.00386231 -0.221088 -0.466642 -0.941043 -1 -0.271138 -0.352039 -0.251975 -0.960195 0.030209 -0.523347 -0.901199 -1 0.142091 -1 0.194582 -0.0470645 -1 0.293604 0.411099 0.232215 0.0421164 -0.888629 -0.801667 
-1 -0.706627 0.811442 0.202241 -0.284818 -0.823738 -0.495189 0.294744 -0.319561 -0.904459 -0.476618 -0.838946 -0.570993 0.267216 -0.134548 -0.322034 -0.427459 -0.0285591 -0.684708 -0.517774 -0.82866 -0.645953 0.364357 0.163863 0.295316 -1 0.725482 0.138211 -0.588703 -0.134917 -1 0.372837 0.155368 -0.041171 0.405878 -0.946616 -0.158754 -1 -0.241564 -0.968446 0.200558 0.196714 0.487027 -0.244373 0.663537 0.52895 0.482076 -0.827621 0.0783853 -0.746455 0.0439732 -0.843737 -0.619076 0.454095 -1 -0.535173 -1 0.530146 0.449391 -1 -1 -0.196324 0.239932 0.00553383 0.162511 0.321288 0.460894 -0.273609 -0.993237 -0.0606128 0.634494 -0.762877 -0.590639 0.391196 -0.997273 -0.0650953 0.423597 0.183402 -0.99047 -1 -1 -0.806632 -1 -1 -0.535251 -0.957302 -1 -0.632948 0.210769 -0.149255 -1 -0.211422 0.924549 -1 -1 0.766035 -1 -0.610195 -1 0.42485 -0.345832 -1 0.173135 -0.419644 -0.742698 0.308561 -0.401429 -0.0962059 -0.467895 -0.831101 -0.500836 0.480276 -0.263137 -0.368572 -0.0581408 -0.22963 -0.288084 -1 -1 -0.351852 -0.690756 -0.137591 -0.266074 -0.173511 -0.499952 -1 -0.829155 -0.256651 -0.568914 0.525917 -0.519062 -1 0.32907 0.612887 0.51701 -0.440725 -0.378584 -0.420448 
-1 -1 0.491402 0.489104 -0.543815 -0.832299 -0.204556 0.536935 -0.575347 -0.592536 -0.234246 -0.0983309 -0.668588 0.391511 -0.0226988 -0.305081 -0.164823 0.63919 -0.914407 -0.386322 -0.0643961 -0.333697 0.619224 0.151794 0.491452 -0.96578 0.797366 -0.140829 -0.492459 0.0664333 -0.937578 0.626458 0.32729 0.192014 0.172511 -1 0.360742 -0.4689 0.306455 -1 0.87147 0.383574 0.5092 -0.616148 0.374095 0.298946 -0.161117 -0.196512 0.668523 -1 0.553277 -0.721089 0.0714689 0.653976 -0.671428 -1 -0.990112 0.651748 0.523438 -1 -0.978032 -0.326566 0.517462 0.0796679 0.264031 0.3472 0.662432 -0.409858 -0.573049 -0.371646 0.179999 -0.84093 -0.429036 0.323323 -0.829328 0.0313844 0.277609 -0.106337 -0.817679 -1 -1 -1 -1 -1 -0.0686629 -1 -1 -0.690211 -0.170905 -0.263326 -1 -0.795982 0.482478 -1 -1 0.494677 -0.561609 -0.75639 -1 -0.0032404 -0.183202 -0.920064 0.980397 0.0630634 -0.459926 0.0725612 -0.321202 -0.579238 -0.187474 -0.795637 -0.684303 0.882354 -0.296632 -0.3754 0.0657342 -0.640208 -0.774188 -1 -0.836218 -0.12163 -0.253941 -0.726381 -0.267336 0.280521 -0.307412 -0.87245 -0.391901 -0.164151 -0.852488 0.0843214 -0.28264 -1 0.0723753 0.430373 0.463269 -0.129841 -0.489843 -0.562107 
-0.806687 -1 0.282807 -0.463159 0.758803 -1 -1 0.708803 -1 -0.686758 0.944357 0.346067 -0.807192 -0.0480327 0.338688 -1 0.173196 -0.543983 -0.804167 -0.390381 0.636998 0.129249 0.267723 -0.336927 -0.302872 0.80026 0.550065 -1 0.667386 -0.143303 0.685398 -0.987369 -0.383807 0.00731394 -0.549849 -0.432786 -0.613163 -0.247713 -0.657549 -0.85222 -1 -0.625866 0.299271 0.613091 -0.247031 -0.107724 0.399768 0.303609 0.190449 -0.191045 -0.622442 0.628663 -1 0.105676 -0.257979 -0.676158 -1 -0.280675 -0.776561 0.0470525 -0.460841 0.455383 -0.38392 0.336898 -0.887149 0.294804 -0.333381 -0.0417292 -0.169803 0.380028 -0.593533 -0.467856 -0.533339 -0.299302 0.154434 -0.699094 -0.382268 -0.964664 0.644074 0.264965 0.644664 -0.710866 -1 -0.320519 0.158304 0.427989 -0.923335 0.513775 -1 -1 -0.103862 -0.883518 0.145424 -0.0358312 0.599231 0.301087 0.367812 -0.300513 -1 0.218694 -0.320501 -0.388393 0.741383 0.855975 -0.79865 0.83716 -1 0.00925452 -0.798972 0.257695 0.426903 0.126629 -1 -0.197997 -0.400373 0.171872 -1 0.286889 -0.27455 -0.181578 -0.188673 -0.754201 -1 -0.980464 0.0578108 0.870325 -0.420685 -0.368145 0.597506 -0.805672 -0.431038 0.323668 -0.178956 -0.497609 0.115075 -0.927093 0.11467 -0.00898722 
-0.94352 -0.515396 0.621414 0.463412 -0.473462 -0.79748 -0.430145 1 -0.956146 -0.664108 -0.180143 -0.707823 -0.74613 0.286717 0.0794268 -0.519568 -0.341357 0.425724 -0.920408 -0.602 0.538792 -0.589125 0.844549 0.430252 0.429122 -0.856051 0.480216 0.0206988 -0.553738 0.231181 -1 0.503408 -0.13236 0.183024 0.493908 -1 0.297526 -0.504924 -0.138931 -0.934444 0.658286 0.499588 0.454158 -0.427558 0.878513 0.933843 0.201455 -0.67719 0.462956 -1 0.380693 -0.370174 -0.183757 0.741508 -0.881805 -0.893653 -1 0.30094 0.830057 -0.840903 -1 -0.0922055 0.207633 0.550458 0.361826 0.849791 0.335055 -0.624183 -0.714899 -0.27913 0.385264 -1 -0.0585659 0.281855 -0.895167 -0.0332368 0.539764 0.0775218 -0.491622 -1 -0.986266 -0.988502 -0.856502 -1 -0.686259 -0.995594 -0.613018 -0.976085 0.139088 -0.182574 -1 -0.31318 0.619046 -0.969851 -1 0.91231 -0.456709 -0.50929 -1 -0.305779 0.192634 -0.846329 0.333997 -0.475307 -0.320625 0.111691 -0.431506 -0.597691 -0.218726 -0.564343 -0.546079 0.996711 -0.323337 -0.342751 0.140966 -0.303184 -0.299815 -1 -1 -0.250693 -0.0554195 -0.817485 -0.600095 0.054121 -0.259414 -0.329326 -0.447609 0.0737537 -0.867402 0.553855 -0.742113 -1 -0.272215 0.425117 0.601956 -0.149466 -0.678959 -0.716154 
-1 -1 0.491402 0.417966 -0.684184 -0.862743 -0.204556 0.688802 -0.701324 -0.521478 -0.473142 -0.227771 -0.869302 0.391511 0.176362 -0.349648 -0.164823 0.63919 -0.914407 -0.386322 0.0745641 -0.477574 0.619224 0.0754387 0.491452 -1 0.723988 -0.140829 -0.495237 0.0664333 -1 0.676905 0.32729 0.192014 0.341312 -0.985323 0.360742 -0.4689 0.179605 -1 0.87147 0.383574 0.545424 -0.616148 0.497679 0.281063 -0.161117 -0.196512 0.622574 -1 0.553277 -0.721089 0.0714689 0.653976 -0.499935 -1 -1 0.570581 0.507293 -0.964865 -1 -0.326566 0.780965 0.0796679 0.136692 0.302003 0.42876 -0.436152 -0.596806 -0.342409 0.387272 -0.84093 -0.369663 0.190644 -0.731963 0.0313844 0.108584 0.0331948 -0.56439 -1 -1 -1 -1 -0.987761 -0.0974346 -0.961686 -0.993024 -0.856355 -0.170905 -0.313234 -1 -0.675356 0.319696 -1 -1 0.494677 -0.561609 -0.75639 -1 -0.0128591 -0.183202 -0.904082 0.941445 0.0630634 -0.459926 0.209437 -0.282643 -0.583326 -0.187474 -0.795637 -0.684303 0.71513 -0.304512 -0.3754 0.212745 -0.847332 -0.563771 -1 -0.836218 -0.131163 -0.253941 -0.704009 -0.322765 0.244029 -0.307412 -1 -0.395896 -0.164151 -0.781659 -0.0335708 -0.303373 -1 0.0723753 0.41194 0.328736 -0.129841 -0.489843 -0.562107 
-1 -0.706627 0.888946 0.160886 -0.284818 -1 -0.467955 0.365217 -0.34149 -0.904459 -0.519915 -0.784489 -0.41337 0.267216 -0.134548 -0.322034 -0.584922 -0.0285591 -0.844693 -0.517774 -0.591163 -0.653975 0.364357 0.163863 0.295316 -1 0.580166 0.206608 -0.588703 -0.308471 -1 0.595078 0.155368 -0.0401077 0.485188 -0.918021 -0.158754 -1 -0.0123486 -1 0.41312 0.168947 0.277107 -0.33615 0.596946 0.520913 0.445295 -0.77224 0.229535 -0.641101 0.204497 -1 -0.854614 0.54137 -1 -0.535173 -1 0.520505 0.563906 -1 -1 0.0295138 0.0297714 0.121419 0.323485 0.499484 0.460894 -0.3148 -0.993237 -0.0801529 0.471716 -0.956056 -0.761089 0.38935 -1 -0.0650953 0.48055 0.183402 -0.791869 -1 -1 -0.773056 -0.919166 -1 -0.594767 -1 -1 -0.587873 0.210769 -0.164782 -1 -0.19291 0.725189 -1 -0.916153 0.651178 -1 -0.646355 -1 0.42485 -0.531826 -1 0.215664 -0.587178 -0.810724 0.308561 -0.401429 -0.0243129 -0.617738 -0.76723 -0.500836 0.510306 -0.303286 -0.368572 -0.0581408 -0.183778 -0.288084 -1 -1 -0.351852 -0.690756 -0.0695159 -0.266074 0.0609581 -0.710256 -1 -0.72833 -0.256651 -0.568914 0.525917 -0.574879 -1 0.102183 0.612279 0.51701 -0.274424 -0.561913 -0.440876 
-0.956344 -0.485926 0.414682 0.837663 -0.322272 -0.565917 -0.350266 0.412207 -0.471636 -1 -0.379532 -0.670231 -0.305097 -0.172192 0.236561 -0.116244 -0.435618 0.474958 -0.560686 -0.640179 0.0946313 -0.465894 0.759129 0.532443 0.897195 -0.738321 0.794097 0.190975 -0.410611 -0.116879 -0.924586 0.512327 -0.0441401 -0.0407381 0.184958 -1 -0.306819 -0.870928 -0.0880145 -0.976025 0.795269 0.414938 0.289445 -0.455403 0.532555 0.935993 0.244054 -0.589919 0.672131 -1 0.241308 -0.264896 -0.585913 0.159644 -1 -0.718259 -0.930441 0.0821571 0.469033 -0.96477 -1 0.108597 0.323451 0.335797 0.383146 0.467476 0.699401 -0.277758 -0.636023 -0.0876731 0.253302 -1 0.161467 0.243416 -0.583688 -0.109317 -0.148571 0.0750135 -0.564283 -0.910424 -1 -0.941644 -1 -0.972783 -0.582152 -1 -0.748466 -0.505248 0.225823 -0.149325 -1 -0.348074 0.928118 -1 -1 0.822935 -0.549123 -0.846066 -1 0.259011 0.0652116 -1 0.102505 -0.638337 -0.434408 0.038572 -0.652008 -0.0224906 -0.629348 -0.414791 -0.631473 0.920392 -0.385518 -0.566666 0.258621 -0.0846501 -0.41341 -1 -1 -0.431764 -0.246044 -0.376496 -0.291633 -0.551685 -0.519151 -0.460226 -0.565999 0.171104 -0.729702 0.821517 -0.414121 -1 -0.0454781 0.564765 0.561749 -0.479655 -0.601912 -0.545618 
-1 -0.746244 0.52096 0.548029 -0.540763 -0.464671 -0.439443 0.838286 -0.667956 -1 -0.607708 -0.101152 -0.549337 0.352879 0.221061 -0.739723 -0.403615 0.233836 -0.953202 -0.681488 0.164433 -0.66093 0.1412 0.156679 0.415953 -0.929714 0.738784 0.0217057 -0.957801 0.452924 -0.96264 0.768911 0.259763 -0.218807 -0.109031 -0.94363 0.296347 -0.274787 -0.183657 -1 0.89655 0.381606 0.515812 -1 0.788342 0.529436 0.00178058 -1 0.387738 -0.767599 0.432 -0.269054 -0.175916 0.0387978 -0.867851 -0.484977 -1 0.139202 0.408326 -1 -1 -0.479692 0.389841 0.367073 0.793885 0.229568 0.0408937 -0.0843998 -1 -0.758976 0.331398 -0.70488 0.294726 0.312018 -0.690112 -0.774112 -0.124038 -0.363358 -0.9674 -1 -0.795975 -1 -1 -1 -0.111338 -1 -0.719596 -1 0.113365 0.0891206 -1 -1 0.494289 -0.888401 -0.966241 0.793973 -0.787374 -1 -1 -0.232502 -0.0470854 -1 0.569257 -0.790356 -0.365489 -0.102262 -0.183214 -0.779505 -0.0830515 -0.989698 -0.862909 1 -0.34548 -0.792324 0.0431019 -0.356199 -0.4322 -1 -1 -0.489064 -0.346562 -0.143909 -0.451488 -0.0922697 -0.269934 -0.633649 -0.935432 -0.0515039 -1 0.203846 -0.0095963 -1 0.176049 0.890745 0.462172 0.024774 -0.706078 -0.884031 
-0.941519 -1 0.0734787 -0.52349 0.758803 -1 -1 0.518889 -1 -0.675922 0.7587 0.35419 -1 -0.28374 0.320818 -1 -0.0356895 -0.451622 -0.930251 -0.542543 0.700667 0.183361 0.18385 -0.631499 -0.302872 0.870931 0.812602 -0.817675 0.530977 -0.226323 0.303942 -0.987369 -0.383807 -0.0830419 -0.569168 -0.595775 -0.869523 -0.103173 -0.644192 -0.939425 -0.969568 -0.625866 0.299271 0.423502 -0.514214 -0.107724 0.314137 0.0272944 0.190449 -0.212555 -0.778028 0.70579 -0.940105 -0.0573694 -0.219739 -0.485981 -1 -0.504398 -1 0.0470525 -0.346581 0.431876 -0.318596 0.282215 -0.763939 0.294804 -0.416719 -0.303277 -0.169803 0.519097 -0.501697 -0.467856 -0.455855 -0.0152517 0.0738697 -0.672782 -0.379258 -1 0.626657 0.266004 0.737131 -0.832762 -1 -0.275584 0.200408 0.20291 -0.844576 0.433197 -1 -1 0.0784752 -0.857565 0.357719 0.0879062 0.643874 0.301087 0.180523 -0.300513 -1 0.218694 -0.388023 -0.71623 0.497368 0.955559 -0.824223 0.84276 -1 -0.0649202 -1 0.257695 0.449387 0.165223 -1 -0.197997 -0.659346 0.073111 -1 0.30734 -0.308553 -0.211228 -0.246331 -0.754201 -1 -0.967356 0.21742 0.962544 -0.427193 -0.349563 0.524143 -1 -0.660674 0.543478 -0.279782 -0.92493 -0.0991814 -1 -0.130671 0.0763362 
-1 -0.423575 0.723763 0.629943 -0.673486 -0.650989 -0.247717 -0.129711 -0.207354 -0.693867 -0.522684 -0.556597 -0.239561 -0.120897 0.169731 -0.233881 -0.536355 0.108799 -0.998596 -0.776637 -0.00732275 -0.53249 0.472397 0.278622 0.632846 -0.987417 0.569158 0.318701 -1 -0.172765 -0.870537 0.370427 0.17854 -0.401935 0.645324 -1 -0.530516 -1 0.132378 -1 0.505156 0.194571 0.305216 -0.0821038 0.540825 0.677849 -0.183759 -0.55143 0.422748 -0.986378 0.310296 -0.285516 -0.664922 0.047835 -1 -0.418608 -1 0.228767 0.39432 -1 -1 0.120732 0.0353687 -0.0197753 -0.00854506 0.573114 0.494011 -0.381811 -0.811798 -0.184556 0.688856 -1 -0.31942 -0.14185 -0.614972 -0.218211 -0.265848 -0.0219712 -0.763245 -1 -1 -0.640086 -1 -1 -0.701225 -0.986047 -1 -0.847314 -0.205086 -0.501187 -1 -0.130758 0.479581 -0.970164 -0.73435 0.872995 -0.753146 -0.870332 -1 0.00582209 -0.140306 -1 0.00501461 -0.47125 -0.695504 0.253273 -0.30752 -0.2341 -0.474383 -1 -0.567571 0.44683 -0.178355 -0.368936 0.373107 -0.42715 -0.505319 -1 -1 -0.264087 -0.229416 -0.606595 -0.211645 -0.0188428 -0.703287 -0.313753 -0.509973 -0.0958758 -1 0.397979 -0.467517 -0.870157 0.566678 0.161558 0.756007 -0.934413 -0.741531 -0.842834 
0.0651606 0.12826 0.118562 -0.726448 0.425137 -0.515201 -1 -0.584762 -1 -0.378947 -1 0.235201 -0.936109 -1 -0.863823 -1 0.102836 -0.308892 -0.0879355 0.540933 0.781739 -1 -1 -0.248694 -0.32069 -0.815842 -0.410019 0.356826 0.593307 -0.0639766 -0.505962 -0.0884653 -0.817587 0.0422154 -1 -0.434987 0.945288 -0.332284 -0.431962 0.0762744 -0.365563 0.630204 -1 -0.0785573 0.260427 0.0607051 -1 -0.900023 -1 0.373807 -0.293949 0.726808 0.0427193 0.257264 -0.371138 -0.816293 -0.0145471 -1 -0.432241 -0.0194554 0.484239 -0.774113 -1 -0.989027 0.663622 -0.493801 -0.907674 0.357251 -1 -0.338622 -0.155353 -0.133068 -1 -1 0.818802 0.111065 0.429543 0.194939 -0.709767 0.325421 -0.028642 -0.555771 -1 -0.314329 -0.876149 -0.0535473 -0.184539 -0.755654 0.408543 -0.0502892 -0.907345 -0.396571 -0.216557 0.46665 0.181409 0.138959 -0.263204 -0.478573 -1 -1 -1 -0.320222 -0.787118 0.194521 -0.49426 -1 -1 -0.0377196 0.318223 0.118806 -0.402871 0.69932 -0.315336 -0.683688 -1 -0.979058 -0.676774 0.162252 0.619269 0.614462 0.569409 -0.864297 -1 -0.756566 -1 -0.72307 -1 0.10992 -0.327766 0.168864 -0.956237 -0.372369 -0.39176 -0.342276 -0.892306 -0.0787729 0.751589 -0.667507 
-1 -1 0.580931 0.62435 -0.760415 -1 -0.255292 1 -0.386757 -0.510907 -0.512883 -0.458776 -0.61829 0.273211 0.0925606 -0.582167 -0.560662 0.547816 -1 -0.749019 -0.0128662 -0.879333 0.137485 0.24172 0.221243 -1 0.794579 -0.0512424 -0.692267 0.292849 -0.871431 0.583951 0.26882 0.261278 0.378945 -1 0.0337936 -0.331826 0.150087 -1 0.504518 0.254185 0.508986 -0.498234 0.811686 0.197084 0.0133037 -0.268582 0.460732 -0.871156 0.555563 -0.409334 0.0834801 0.556656 -0.814061 -0.611994 -0.915098 0.471263 0.721318 -1 -0.93957 -0.0229245 0.587402 -0.0239034 -0.0156572 0.674431 0.340597 -0.355903 -0.504902 -0.420299 0.699035 -1 -0.428892 -0.253399 -0.670963 -0.0771713 -0.0626573 -0.169888 -0.854668 -0.980298 -1 -0.990731 -0.891218 -1 -0.47182 -1 -0.863155 -0.828027 -0.617415 -0.342636 -1 -0.791895 0.661878 -0.963401 -0.945837 0.436962 -0.544779 -0.569187 -1 0.0655848 0.0910911 -1 0.968408 0.140683 -0.522853 0.110148 -0.0400796 -0.560743 -0.216051 -0.833074 -0.694313 0.769997 -0.420076 -0.341929 0.123749 -0.637185 -0.51698 -0.948714 -1 -0.154789 -0.417409 -0.483913 -0.612938 -0.0368992 -0.240085 -1 -0.734876 0.172992 -0.874272 0.0257086 -0.248835 -1 0.424595 0.365846 0.521673 -0.105938 -0.633261 -0.599796 
-1 -0.70268 0.448519 0.717872 -0.658443 -0.464671 -0.251191 0.662722 -0.996511 -1 -0.504104 -0.245795 -0.684312 0.426416 0.009689 -0.580334 -0.124026 0.072852 -0.876685 -0.687639 0.110315 -0.636382 0.122456 0.100064 0.524989 -1 0.726676 0.0217057 -0.997267 0.44577 -0.927132 0.595924 0.200727 -0.062601 -0.278601 -0.96814 0.510891 -0.274787 -0.163713 -0.998526 0.563522 0.351021 0.515812 -1 0.465039 0.529436 0.120287 -0.799521 0.440068 -1 0.432 -0.269054 -0.191754 0.0387978 -0.662504 -0.608422 -1 0.265973 0.264991 -0.989639 -1 -0.46315 0.530742 0.588077 0.797349 0.125819 0.126381 -0.0843998 -0.86915 -0.724991 0.443511 -0.922847 0.200776 0.0576134 -0.66191 -0.883316 0.198608 -0.241012 -1 -0.881764 -1 -0.906929 -0.828801 -0.950354 -0.111338 -1 -0.719596 -1 0.208637 0.211701 -1 -0.957461 0.280969 -1 -1 0.974262 -0.713845 -0.889322 -1 -0.123668 -0.230399 -1 0.666954 -0.687934 -0.365489 -0.102262 -0.39115 -0.600661 -0.229981 -0.781174 -0.859017 1 -0.52149 -0.716652 0.206498 -0.204513 -0.466642 -1 -0.983799 -0.513279 -0.304488 -0.0976683 -0.387286 0.0818997 -0.269934 -0.999571 -0.854451 0.145389 -1 0.259092 -0.0095963 -1 0.202785 0.891247 0.462172 0.024774 -0.581965 -0.773895 
-0.728931 -1 0.261199 -0.380744 0.758803 -0.871073 -1 0.708803 -1 -0.510777 0.944357 0.436374 -0.807192 -0.173248 0.336672 -1 0.134142 -0.547231 -0.816676 -0.4336 0.401871 0.322678 0.267723 -0.390053 -0.441592 0.736579 0.803715 -0.870263 0.715572 -0.143303 0.667478 -1 -0.383807 -0.0299483 -0.582134 -0.432786 -0.613163 -0.468623 -0.664596 -0.85222 -1 -0.774388 0.115592 0.613091 -0.455465 -0.0379658 0.314137 0.234818 0.190449 -0.047616 -0.474795 0.728253 -1 0.105676 -0.211605 -0.485981 -1 -0.254924 -0.776561 0.0138956 -0.346581 0.455383 -0.38392 0.336898 -0.763939 0.118946 -0.496892 -0.148026 -0.169803 0.211588 -0.826611 -0.746998 -0.503163 -0.138144 0.154434 -0.699094 -0.256502 -1 0.739417 0.264965 0.599568 -0.822077 -0.944797 -0.246438 0.351591 0.387655 -0.949353 0.513775 -1 -1 0.0994479 -0.875901 0.359054 0.181978 0.307211 0.29612 0.17071 -0.300513 -0.921733 0.0939601 -0.327241 -0.388393 0.741383 0.909422 -0.727182 0.83716 -1 0.0164907 -0.549392 0.257695 0.393605 0.126629 -1 -0.197997 -0.220586 0.292962 -1 0.286889 -0.381089 -0.392389 -0.145629 -0.754201 -1 -0.925211 0.0392419 0.992271 -0.29651 -0.368145 0.652637 -1 -0.368386 0.236324 -0.365211 -0.597324 0.115075 -0.895591 0.0766537 0.0763362 
-1 -0.55081 0.381774 0.557371 -0.422397 -0.777578 0.110747 0.624452 -1 -0.410175 -0.571285 -0.411257 -0.567433 -0.585789 -0.0841266 -0.402001 -0.319585 -0.250982 -0.967948 -0.641914 0.483828 -0.912905 0.560416 0.426613 0.956523 -0.957961 0.732939 -0.517249 -0.806643 0.140093 -1 0.155521 0.0978476 -0.376276 0.375052 -1 0.293874 -0.688305 -0.576797 -1 1 0.31261 0.631037 -0.292323 0.00419888 0.574381 0.062949 -0.57528 0.109248 -0.878433 0.218297 -0.775289 -0.348254 0.218027 -0.877921 -0.918481 -1 0.547336 0.377922 -1 -1 -0.576169 0.269224 -0.19589 0.324024 0.627448 0.025855 -0.292523 -0.942637 -0.00984853 0.39218 -1 -0.292285 0.437409 -0.435066 -0.310237 0.160466 0.225795 -1 -1 -0.990798 -0.946219 -1 -0.939068 -0.575448 -1 -1 -0.510641 0.0165892 -0.0312156 -0.980643 -0.261256 0.275205 -0.790238 -0.820384 0.681403 -0.920706 -1 -0.944172 -0.207658 -0.442143 -1 0.493693 -0.397065 -0.553721 0.421853 -0.567567 -0.401243 -0.155544 -0.801901 -0.498997 0.587447 -0.514518 -0.46435 0.448926 -0.631167 -0.513802 -1 -0.914178 -0.506371 -0.438523 -0.448439 -0.42311 -0.248347 -0.429283 -0.936946 -0.791701 0.0823261 -0.935106 0.544133 -0.800321 -0.998564 0.151072 0.370257 0.489302 -0.0983316 -0.644538 -1 
-1 -0.733583 0.504519 0.548083 -0.538976 -0.420688 -0.188853 0.562573 -0.479549 -1 -0.503742 -0.34364 -0.595722 0.28284 -0.218904 -0.418885 -0.0875759 -0.00214824 -0.934534 -0.620227 -0.170505 -0.334663 0.532505 -0.0837085 0.801328 -0.560127 0.519287 -0.0146117 -0.736957 -0.319519 -1 0.556782 0.321801 -0.0430034 0.501906 -1 0.27887 -0.274787 -0.278863 -1 0.749894 0.261293 0.179816 -0.671034 0.832237 0.638204 0.307259 -0.382356 0.334186 -0.855263 0.374085 -0.770063 -0.276273 0.273222 -1 -0.627206 -0.976815 0.450155 0.300453 -1 -0.903196 -0.127343 0.478589 0.266393 0.743834 0.530499 0.257844 -0.504278 -1 -0.258706 0.74474 -1 0.106421 0.156479 -0.451047 -0.448986 0.237324 0.295794 -0.988366 -1 -0.999754 -0.648967 -1 -1 -0.545981 -0.935318 -0.712039 -0.472202 -0.240406 0.335639 -1 -0.669593 0.358115 -1 -1 0.989641 -0.751906 -0.659205 -1 -0.147028 -0.11196 -0.91289 0.569683 -0.718414 -0.333098 0.0948482 -0.322359 -0.540532 -0.0261975 -0.676888 -0.832674 0.733006 -0.212879 -0.738993 0.272423 -0.199175 -0.289187 -0.985008 -1 -0.368113 -0.528521 -0.453813 -0.355715 0.104337 -0.271874 -0.593337 -0.891291 -0.0335259 -0.809026 0.148516 -0.481436 -1 0.251959 0.68849 0.400778 0.124605 -0.424793 -0.979671 
-1 -0.226767 0.609471 0.280737 -0.429319 -1 -0.320777 0.763913 -0.678103 -0.365122 -0.423155 -0.24616 -0.391878 0.162816 -0.0206709 -0.271363 -0.0894346 0.414133 -1 -0.653552 0.583015 -0.469922 0.274154 0.346923 0.416602 -1 1 -0.165078 -0.709159 0.131865 -0.893265 0.432782 0.444865 -1 -0.0875054 -1 0.704551 -0.865456 0.24186 -1 0.844962 0.298018 0.519205 -0.589473 0.317562 0.185068 -0.0654668 -0.26148 -0.294247 -1 -0.22812 -0.511716 -0.245192 0.696553 -0.662467 -0.802539 -1 0.452063 0.668378 -0.972754 -1 -0.105884 -0.116674 0.24694 0.128452 0.533182 0.237804 -0.726891 -0.689275 -0.147672 0.453119 -0.897741 -0.106109 0.154739 -0.555172 -0.299808 -0.100053 0.22055 -0.66269 -1 -0.563159 -1 -1 -1 -0.442987 -0.880886 -1 -0.798825 0.250028 0.263417 -1 -0.339636 0.809236 -0.879375 -0.963001 0.743181 -0.999759 -0.69704 -0.877427 -0.00327526 -0.106011 -1 0.507854 0.0124297 -0.508929 0.310081 -0.495591 -0.840338 -0.0873664 -0.480594 -0.361338 0.551179 -0.742249 -0.769977 0.594042 -0.268591 -0.513134 -1 -1 -0.325177 -0.210374 -0.956174 -0.380873 0.0749559 -0.0753084 -0.562537 -1 0.0517493 -0.928669 0.165859 -0.809566 -0.857315 0.15531 0.476573 0.773593 0.0489246 -0.828032 -0.819835 
-0.684098 -1 0.211088 -0.727755 0.461131 -0.965858 -1 0.603739 -0.942956 -0.456556 0.743078 0.436374 -0.827703 -0.0480327 0.025708 -1 0.0559238 -0.478078 -1 -0.415168 0.751724 0.0676853 0.00620946 -0.554673 -0.302872 0.837859 0.705035 -0.958486 0.667386 -0.496458 0.440837 -1 -0.588865 0.0430307 -0.689201 -0.545639 -0.813331 -0.299956 -0.657549 -0.984277 -1 -0.919647 0.386005 0.613091 -0.481461 -0.107724 0.314137 -0.132677 0.188319 -0.0379828 -0.586037 0.596977 -1 -0.0127565 -0.52146 -0.727529 -1 -0.280675 -1 0.0470525 -0.443938 0.243489 -0.622142 0.193814 -0.763939 0.242278 -0.664517 -0.195961 -0.169803 0.308767 -0.650705 -0.69692 -0.901107 -0.0653003 0.0612859 -0.699094 -0.214562 -1 0.910121 0.0853767 0.556109 -0.713978 -1 -0.619254 0.373203 0.105199 -0.984518 0.214629 -0.987485 -1 0.16582 -0.891749 0.371439 0.191297 0.32482 0.301087 0.465673 -0.728368 -0.946052 -0.286486 -0.555854 -0.388393 0.492293 0.909422 -0.79865 0.762715 -0.898474 0.0925148 -0.549392 0.287313 0.422824 0.126629 -1 -0.232387 -0.516895 0.292962 -0.973997 0.206538 -0.585477 -0.154863 -0.145629 -1 -1 -1 -0.0862701 0.992271 -0.691918 -0.466465 0.734651 -0.922739 -0.45735 0.582967 -0.399117 -0.770769 0.115075 -0.974578 0.0865788 0.172783 
-1 -0.286647 0.416038 0.789672 -0.332051 -0.911489 0.172626 0.65747 -0.530464 -0.451541 -0.492065 -0.266311 -0.63143 -0.141925 0.110474 -0.200449 -0.159407 0.198938 -1 -0.863778 0.578961 -0.598747 0.629379 0.499191 0.908803 -0.576233 0.555593 -0.0778237 -0.659031 0.0198623 -1 0.429697 0.401467 -0.0531577 0.391343 -0.856527 0.400889 -0.681062 -0.110098 -0.878656 0.855524 0.457463 0.701204 -0.113859 0.489697 0.847475 -0.0617264 -0.607233 0.0520939 -0.911869 0.442978 -0.515791 -0.2048 0.418105 -0.602312 -0.652988 -0.844979 0.427988 0.140136 -1 -1 -0.106167 0.0689259 0.508822 0.213424 0.629132 0.316683 -0.425805 -0.917186 0.0168213 0.215418 -0.767127 -0.0841806 0.296623 -0.479336 -0.300065 0.160466 0.201921 -0.528755 -1 -0.489005 -0.886142 -0.958427 -1 -0.517215 -1 -1 -0.421263 0.0761047 0.0785311 -1 -0.045435 0.590395 -1 -0.959148 0.523829 -0.746135 -0.928821 -1 0.184643 -0.162411 -1 0.462087 -0.310797 -0.812665 0.334176 -0.265653 -0.695313 -0.159427 -0.706365 -0.394034 0.508774 -0.352698 -0.402066 0.461136 -0.210246 -0.751141 -0.985831 -1 -0.153654 -0.349183 -0.0846158 -0.511652 -0.0890899 -0.20405 -0.498617 -0.755512 0.22257 -0.829113 0.698982 -0.486335 -1 0.410391 0.386802 0.585995 -0.0802172 -0.591295 -0.590171 
-0.963573 -0.226767 0.628242 0.592168 -0.273199 -0.980092 -0.142316 0.708303 -0.920608 -0.364621 -0.423155 -0.266311 -0.188233 -0.010524 -0.155756 -0.169154 -0.140436 0.433221 -1 -0.573575 0.583015 -0.454877 0.499003 0.460944 0.68871 -1 0.861854 -0.0142319 -1 0.0677506 -1 0.432782 0.414509 -0.819936 0.0586563 -1 0.611776 -0.947304 0.149616 -1 0.912322 -0.050413 0.563651 -0.803723 0.240517 0.283676 0.149098 -0.169615 -0.0932848 -0.829484 -0.221496 -0.697685 0.0324716 0.625384 -0.834136 -0.802539 -1 0.37512 0.469546 -0.943842 -1 -0.0224 -0.156556 0.192659 0.362316 0.481532 0.0989784 -0.76777 -0.650974 0.0794955 0.629661 -0.75854 -0.106109 -0.196136 -0.328342 -0.173777 -0.0472622 0.0714938 -0.734281 -0.926168 -0.545301 -0.929414 -0.985523 -1 -0.504584 -1 -0.975389 -0.618296 0.297636 0.269611 -0.989967 -0.125209 0.78759 -1 -1 0.593917 -0.831467 -0.767422 -0.887718 -0.139691 -0.106011 -1 0.365453 -0.184906 -0.536831 0.237477 -0.31807 -0.898366 0.0318809 -0.604221 -0.34291 0.526192 -0.673502 -0.664116 0.381803 -0.268591 -0.527882 -1 -1 -0.43566 -0.358943 -0.863169 -0.345667 -0.0365566 -0.14693 -0.493055 -1 0.158808 -1 0.258311 -0.914585 -0.839609 0.0350764 0.320023 0.665541 0.0197197 -1 -0.604237 
-0.861429 -1 0.282807 -0.380744 0.758803 -1 -0.950606 0.708803 -0.964367 -0.680574 0.944357 0.436374 -0.807192 -0.0480327 0.338688 -1 0.119167 -0.543983 -0.816676 -0.371123 0.70635 0.343434 0.0469873 -0.494905 -0.302872 0.805539 0.59826 -0.870263 0.709341 -0.10853 0.667478 -0.987369 -0.383807 0.00731394 -0.582134 -0.432786 -0.590236 -0.413899 -0.706742 -0.85222 -1 -0.625866 0.299271 0.613091 -0.304409 -0.107724 0.314137 0.234818 0.190449 -0.047616 -0.452566 0.728253 -0.985087 0.105676 -0.257979 -0.405412 -1 -0.280675 -0.776561 0.0470525 -0.562504 0.471829 -0.610519 0.299011 -0.763939 0.0601379 -0.396167 -0.219236 -0.169803 0.334682 -0.66201 -0.467856 -0.722496 -0.0653003 -0.0229755 -0.729318 -0.24181 -1 0.739913 0.264965 0.60876 -0.686236 -1 -0.548222 0.351591 0.387655 -0.735613 0.513775 -0.991153 -1 0.245459 -1 0.359054 0.181978 0.461149 0.381682 0.367812 -0.403943 -0.946052 0.218694 -0.320501 -0.587955 0.741383 0.909422 -0.820486 0.83716 -0.898474 0.00140191 -0.549392 0.0272773 0.258653 0.193163 -1 -0.197997 -0.220586 0.292962 -0.975266 0.286889 -0.27455 -0.250744 -0.145629 -0.955403 -1 -0.949823 0.30118 1 -0.356199 -0.355703 0.734651 -0.887994 -0.45735 0.517354 -0.202668 -0.769086 0.115075 -0.932293 0.0299289 0.0763362 
-1 -1 0.61166 0.670052 -0.901528 -0.979965 -0.0905418 0.816733 -0.587585 -1 -0.381686 -0.443789 -0.761151 0.29682 0.046816 0.0587732 -0.373936 0.225133 -0.653902 -0.339837 0.173861 -0.617532 0.160654 0.287831 0.502399 -0.827687 0.665702 -0.0584201 -1 0.252195 -1 0.478961 0.157166 -0.209024 0.242442 -1 0.437935 -0.930246 -0.194762 -0.960409 0.775955 0.341131 0.371632 -0.436958 0.978055 0.906492 -0.074647 -0.339159 0.726778 -1 0.245227 -0.3902 -0.193475 0.647962 -1 -0.912573 -1 0.200619 0.434244 -0.970211 -1 -0.0836831 0.456683 0.564424 0.274722 0.829552 0.310731 -0.334479 -1 -0.306763 0.315383 -0.735523 -0.0191461 0.201647 -0.426502 -0.487033 -0.16422 0.0459125 -0.538211 -0.997876 -1 -0.723204 -0.795273 -0.786948 -0.248103 -1 -0.887606 -0.552551 -0.0684026 0.241188 -0.980266 -0.684294 0.264304 -0.957769 -1 0.473437 -0.904481 -0.946249 -1 -0.15464 0.0143364 -1 0.449673 -0.119743 -0.51649 0.339445 -0.191542 -0.798809 0.0669431 -0.64108 -0.479301 0.747684 -0.370631 -0.427161 0.402016 -0.256347 -0.485103 -1 -0.952122 -0.0145459 -0.602335 -0.854073 -0.738839 -0.10219 -0.447729 -0.362181 -0.712967 0.041332 -1 0.186171 -0.402778 -1 -0.186036 0.790284 0.504572 -0.294599 -0.313013 -0.964719 
-1 -0.882816 0.504844 0.716434 -0.543177 -0.340915 -0.234304 0.711147 -0.445331 -1 -0.381435 -0.128483 -0.665177 0.40281 0.162198 -0.214088 0.0319051 0.27566 -0.993197 -0.754702 0.3777 -0.574975 0.385222 -0.169793 0.668104 -1 0.865963 -0.0858624 -0.458234 0.387965 -0.977782 0.507271 0.0865491 -0.343041 0.257897 -1 0.482397 -0.586721 -0.0643493 -1 0.741929 0.314135 0.4681 -0.656001 0.767648 0.582678 -0.327342 -0.491219 0.542174 -0.869911 -0.00582805 -0.62259 -0.195194 -0.083325 -0.680444 -0.706231 -1 0.446389 0.383682 -1 -1 -0.174069 0.511566 0.522977 0.757206 0.405952 0.254777 -0.160504 -1 -0.325724 0.508952 -0.953919 0.23365 0.409889 -0.373497 -0.448746 -0.156017 0.220062 -0.866747 -1 -0.866707 -0.545307 -1 -0.895523 -0.197211 -0.975558 -0.829649 -0.873369 0.198732 0.057353 -1 -0.453727 0.272694 -0.912568 -1 1 -0.889912 -0.917744 -0.847399 -0.180423 0.0410408 -1 0.501951 -0.573241 -0.627232 0.0691723 -0.0737555 -0.484596 -0.405631 -0.654088 -0.69692 0.974849 -0.379497 -0.482245 -0.0145246 -0.10749 -0.208432 -0.919502 -0.96285 -0.47693 -0.433121 -0.284836 -0.255639 0.125573 -0.249178 -1 -0.864268 0.0112839 -0.873119 0.396036 -0.361097 -1 0.0853275 0.33025 0.492209 0.136084 -0.905038 -0.649118 
-1 -0.483776 0.437311 0.789672 -0.476662 -0.711134 -0.104433 0.632282 -0.963668 -0.343156 -0.492065 -0.309248 -0.889722 -0.18929 -0.0691634 -0.136478 -0.583123 -0.214236 -1 -0.44137 0.549916 -0.543946 0.492891 0.508657 0.956523 -0.497078 0.775414 -0.00581056 -0.453689 0.389065 -1 0.661109 0.103211 0.0378449 0.356588 -0.995955 0.323081 -0.615901 0.186394 -0.8788 0.99458 0.438418 0.635656 -0.141658 0.330459 0.485606 0.0608609 -0.5225 -0.0192623 -0.709625 0.418804 -0.700773 -0.0423328 0.333455 -0.898275 -0.525305 -0.925818 0.692304 0.532649 -0.989841 -0.98789 -0.468089 0.341166 0.209559 0.380596 0.400018 0.118872 -0.292523 -0.895819 -0.107787 0.314051 -1 -0.166141 0.251671 -0.858443 -0.181788 -0.0741792 0.208984 -0.489906 -1 -0.621002 -0.881797 -1 -0.919945 -0.308197 -1 -1 -0.458411 0.1826 0.144069 -0.902575 -0.163703 0.590395 -0.863009 -1 0.743181 -0.731009 -1 -1 0.0610265 -0.315873 -1 0.283885 -0.0853786 -0.640411 0.20733 -0.406347 -0.54121 -0.395786 -0.540112 -0.381011 0.587447 -0.231978 -0.520789 0.576198 -0.210246 -0.466747 -0.974426 -1 -0.17064 -0.490899 -0.416083 -0.669572 0.0210524 -0.276664 -0.516766 -0.932822 0.290632 -0.910075 0.619593 -0.563868 -1 0.501607 0.425126 0.770755 -0.330501 -0.779135 -0.74649 
-1 -1 0.443984 0.556339 -0.582908 -1 -0.522474 0.431746 -0.529708 -0.553967 -0.231833 -0.403587 -0.734405 0.468174 0.378265 -0.313699 -0.134885 0.502504 -0.914407 -0.614234 0.0539509 -0.314201 0.328705 0.147444 0.377333 -1 0.819281 -0.419737 -0.628315 0.248681 -1 0.226829 0.32729 0.209378 0.286589 -0.90888 0.113332 -0.384052 0.366503 -1 0.87147 0.450522 0.449558 -0.876353 0.418772 0.0640097 -0.112873 -0.136798 0.24431 -1 0.553277 -0.967998 -0.170179 0.404879 -0.499935 -0.903028 -0.927753 0.443176 0.394694 -0.964865 -0.978032 -0.42265 0.640241 0.0846097 0.285606 0.620213 0.618915 -0.370583 -0.509301 -0.453432 0.387272 -0.816143 -0.671133 0.23029 -1 -0.253419 -0.024304 -0.239489 -0.605085 -0.985942 -1 -1 -0.975043 -1 -0.236832 -1 -1 -0.64013 -0.455583 -0.484775 -1 -0.749835 0.488419 -1 -0.939108 0.320814 -0.642132 -0.75639 -0.989281 -0.133358 -0.248417 -0.906403 0.50654 -0.159591 -0.523115 0.0905029 -0.343173 -1 -0.240764 -0.668007 -0.542238 0.884095 -0.420064 -0.427944 -0.0226234 -0.788214 -0.622648 -1 -0.836218 -0.220662 -0.439413 -1 -0.527782 0.202673 -0.284458 -1 -0.394315 -0.289358 -0.756845 0.319803 -0.308916 -1 0.0955772 0.555152 0.523676 -0.400782 -0.489843 -0.379513 
-1 -0.746244 0.389646 0.857642 -0.591642 -0.663471 -0.325006 0.94559 -0.524065 -1 -0.402125 -0.086832 -0.76379 0.129826 -0.312531 -0.627024 -0.124026 0.202285 -0.85413 -0.536611 0.285472 -0.741434 -0.0344349 -0.134052 0.748247 -1 0.4635 -0.0239291 -0.699789 0.406377 -1 0.74044 0.00812067 -0.679124 0.279452 -0.886661 0.451879 -0.348071 -0.443548 -1 0.87457 0.331945 0.419324 -0.848774 1 0.448434 0.120287 -0.674094 0.335693 -0.965673 0.575814 -0.395438 -0.0473585 0.0704135 -0.880192 -0.512156 -1 0.26516 0.233059 -1 -0.823264 -0.0180261 0.123398 0.504385 0.558101 0.108909 0.0543979 -0.245619 -1 -0.269949 0.349765 -0.706512 -0.0868771 0.484645 -0.696247 -0.571873 0.0300006 0.132388 -0.819538 -1 -1 -0.834862 -1 -1 -0.0943934 -1 -0.951802 -0.900285 0.0207598 0.266745 -0.996297 -0.953339 0.460463 -1 -1 0.771893 -0.773797 -0.698982 -1 -0.346627 -0.119843 -1 0.58112 -0.772553 -0.564981 0.00813164 -0.0480277 -0.938991 0.0970598 -0.654088 -0.96365 0.934233 -0.361478 -0.400271 0.290573 -0.496736 -0.698314 -1 -1 -0.341158 -0.574455 -0.203402 -0.687302 0.0294378 -0.359571 -0.643634 -0.910725 0.0686736 -1 0.417063 -0.419773 -1 0.225161 0.865379 0.314956 -0.275402 -0.674425 -0.577055 
0.153026 0.265561 0.0598553 -0.722806 0.406426 -0.500848 -1 -0.689313 -1 -0.191429 -0.941983 0.248495 -1 -0.932747 -0.863823 -0.757121 0.187301 -0.308892 -0.0224338 0.540933 0.651249 -0.808797 -1 -0.248694 -0.32069 -0.902454 -0.401965 0.356826 0.36133 0.121629 -0.505962 -0.0884653 -1 0.0422154 -1 -0.434987 0.945288 -0.332284 -0.386161 0.312297 -0.280472 0.736366 -1 -0.0785573 0.400706 0.288435 -0.78905 -1 -1 0.36103 -0.293949 0.735477 0.280901 0.248283 -0.314692 -0.955717 0.0624571 -1 -0.23933 -0.0232621 0.403482 -0.654436 -1 -0.965981 0.663622 -0.493801 -1 0.120017 -0.92952 -0.213586 -0.155353 0.104994 -1 -1 0.960738 -0.0284635 0.427494 0.160711 -0.71885 0.0835046 0.138871 -0.555771 -0.995454 -0.314329 -0.926354 -0.195439 -0.184539 -0.70055 0.361734 -0.0872164 -0.732233 -0.675806 -0.192243 0.246619 0.200318 0.170321 -0.0790706 -0.478573 -0.967626 -1 -1 -0.313208 -0.832919 0.182734 -0.462313 -1 -0.920287 -0.301889 0.318223 0.169818 -0.525431 0.804148 -0.361026 -0.660437 -1 -1 -0.868209 0.117431 0.369041 0.569605 0.818083 -0.864297 -0.949934 -0.85363 -0.918713 -0.664607 -1 0.10992 -0.327766 0.033729 -1 -0.480508 -0.444022 -0.527292 -0.930295 -0.095843 0.695418 -0.608876 
-1 -0.433421 0.666265 0.567531 -0.472112 -1 -0.142316 0.749142 -0.678103 -0.434663 -0.385886 -0.287927 -0.351154 -0.0443773 0.101832 -0.00452159 -0.157574 0.423197 -1 -0.780167 0.565548 -0.572831 0.533025 0.353174 0.339112 -0.806498 0.913362 0.0542001 -0.759478 -0.337025 -1 0.432782 0.141095 -0.546061 0.312464 -1 0.572975 -0.80203 0.19896 -1 1 0.272343 0.660376 -0.478535 0.240517 0.257517 -0.00670633 -0.117927 0.0162723 -0.839863 -0.207075 -0.511716 0.0324716 0.525242 -0.614399 -0.571087 -1 0.3922 0.668378 -1 -1 -0.356804 -0.0505483 0.170565 0.328955 0.640429 0.214696 -0.493282 -0.763241 0.044224 0.583512 -0.581949 0.0612943 0.222395 -0.289493 0.068618 -0.158166 0.168138 -0.292294 -0.949127 -0.583636 -0.929414 -0.968513 -1 -0.263757 -1 -0.955472 -0.819667 0.297636 0.128454 -0.935717 -0.125209 0.793561 -0.879375 -1 0.690777 -0.971423 -0.615628 -0.788607 -0.0760752 0.155624 -1 0.635494 -0.00124878 -0.601382 0.276188 -0.272801 -0.741344 -0.115472 -0.448479 -0.524722 0.735372 -0.946134 -0.402301 0.534798 -0.320287 -0.530107 -1 -1 -0.325177 -0.327576 -0.844451 -0.583935 0.0652929 -0.170654 -0.807727 -0.945427 0.222966 -0.944518 0.28665 -0.642592 -1 0.268512 0.335846 0.558936 0.0197197 -0.484067 -0.639405 
0.0651606 0.265561 0.0598553 -0.722806 0.425137 -0.286651 -0.994887 -0.456608 -1 -0.211587 -1 0.248495 -0.936109 -0.932747 -0.863823 -0.814992 0.187301 -0.308892 0.022077 0.540933 0.781739 -0.808797 -1 -0.248694 -0.32069 -0.815842 -0.401965 0.356826 0.593307 0.121629 -0.505962 -0.0884653 -0.885022 0.0422154 -1 -0.434987 0.945288 -0.332284 -0.431962 0.312297 -0.365563 0.814312 -1 -0.0785573 0.400706 0.288435 -0.83524 -0.758277 -1 0.373807 -0.293949 0.735477 0.280901 0.257264 -0.178884 -0.816293 -0.0145471 -1 -0.23933 -0.0194554 0.484239 -0.654436 -1 -0.965981 0.663622 -0.493801 -0.907674 0.357251 -0.92952 -0.213586 -0.155353 0.104994 -1 -1 0.899054 0.111065 0.429543 0.194939 -0.71885 0.325421 0.138871 -0.555771 -1 -0.314329 -0.926354 -0.0535473 -0.184539 -0.529887 0.337808 -0.0502892 -0.732233 -0.411999 -0.216557 0.46665 0.200318 0.367993 -0.0790706 -0.478573 -1 -1 -1 -0.313208 -0.832919 0.194521 -0.49426 -1 -0.920287 -0.0377196 0.318223 0.127434 -0.402871 0.804148 -0.289325 -0.683688 -1 -1 -0.676774 0.117431 0.619269 0.569605 0.752482 -0.864297 -1 -0.756566 -1 -0.72307 -1 0.10992 -0.327766 0.147234 -0.895249 -0.372369 -0.444022 -0.336152 -0.892306 0.0872974 0.760162 -0.608876 
0.0504519 0.293438 0.121649 -0.758963 0.15914 -0.51613 -0.97669 -0.828012 -1 -0.211587 -0.94917 0.19245 -1 -1 -0.856687 -1 0.24102 -0.369437 0.022077 0.540933 0.781739 -1 -1 -0.508479 -0.32069 -0.727201 -0.639855 0.356826 0.676707 0.121629 -0.777101 -0.147602 -0.913882 -0.212801 -1 -0.434987 0.989751 -0.332284 -0.431962 0.0759347 -0.538031 0.80589 -0.929486 -0.223559 0.400706 0.266023 -1 -0.964422 -0.935955 0.0829435 -0.293949 0.735477 0.107787 0.020408 -0.322787 -1 0.0569354 -1 -0.23933 -0.303014 0.564239 -0.928095 -1 -1 0.466755 -0.441888 -1 0.357251 -0.92952 -0.261357 -0.339287 0.104994 -1 -1 0.921873 -0.0763918 0.202195 0.250597 -0.909945 0.325421 -0.0343997 -0.501118 -1 -0.357318 -1 -0.082607 -0.259262 -0.529887 0.0976982 -0.0502892 -0.789028 -0.626761 -0.216557 0.309477 0.172805 0.317019 -0.0450451 -0.457513 -1 -1 -1 -0.313208 -0.881019 0.100197 -0.534539 -1 -0.99314 -0.0351184 0.368526 -0.119379 -0.594724 0.418013 -0.373868 -0.736183 -1 -1 -0.676774 0.117431 0.619269 0.569605 0.516353 -1 -1 -0.756566 -1 -0.843779 -0.959299 0.116265 -0.327766 0.147234 -0.998023 -0.811729 -0.539096 -0.336152 -0.892306 0.0872974 0.631418 -0.908175 
-0.0173271 0.223487 0.0781575 -0.861894 0.406426 -0.500848 -0.920308 -0.807671 -1 -0.316049 -1 0.0150722 -1 -0.877621 -0.863823 -0.757881 0.100639 -0.360556 -0.0171218 0.56439 0.651249 -0.936983 -1 -0.233311 -0.32069 -0.902454 -0.600387 0.356826 0.139648 0.121629 -0.505962 -0.0884653 -1 0.0422154 -1 -0.434987 0.945288 -0.479543 -0.386161 0.294203 -0.303681 0.762712 -1 -0.20765 0.400706 0.297455 -0.839531 -1 -1 0.136405 -0.343956 0.735477 0.280901 0.247826 -0.314692 -1 0.0624571 -1 -0.23933 -0.0232621 0.403482 -0.857772 -1 -0.965981 0.482547 -0.493801 -1 0.146694 -0.910054 -0.213586 -0.290045 -0.0329692 -1 -1 0.960738 -0.0284635 0.427494 0.160711 -0.71885 0.0835046 0.138871 -0.531457 -1 -0.405569 -0.910854 -0.195439 -0.184539 -0.8598 0.296457 -0.0872164 -0.762733 -0.675806 -0.192243 0.246619 0.0910972 0.170321 -0.0490521 -0.575812 -0.967626 -1 -0.987299 -0.4777 -0.832919 0.149402 -0.462313 -1 -0.920287 -0.526974 0.251048 0.0450893 -0.544906 0.65979 -0.361026 -0.721912 -1 -1 -0.868209 0.117431 0.373438 0.569605 0.893001 -0.864297 -0.949934 -0.85363 -0.918713 -0.664607 -1 0.10992 -0.327766 0.033729 -1 -0.480508 -0.444022 -0.740013 -1 -0.210667 0.695418 -0.608876 
0.153026 0.265561 0.0598553 -0.722806 0.406426 -0.500848 -1 -0.689313 -1 -0.191429 -0.941983 0.248495 -1 -0.932747 -0.863823 -0.757121 0.187301 -0.308892 -0.0224338 0.540933 0.651249 -0.808797 -1 -0.248694 -0.32069 -0.902454 -0.401965 0.356826 0.36133 0.121629 -0.505962 -0.0884653 -1 0.0422154 -1 -0.434987 0.945288 -0.332284 -0.386161 0.312297 -0.280472 0.736366 -1 -0.0785573 0.400706 0.288435 -0.78905 -1 -1 0.36103 -0.293949 0.735477 0.280901 0.248283 -0.314692 -0.955717 0.0624571 -1 -0.23933 -0.0232621 0.403482 -0.654436 -1 -0.965981 0.663622 -0.493801 -1 0.120017 -0.92952 -0.213586 -0.155353 0.104994 -1 -1 0.960738 -0.0284635 0.427494 0.160711 -0.71885 0.0835046 0.138871 -0.555771 -0.995454 -0.314329 -0.926354 -0.195439 -0.184539 -0.70055 0.361734 -0.0872164 -0.732233 -0.675806 -0.192243 0.246619 0.200318 0.170321 -0.0790706 -0.478573 -0.967626 -1 -1 -0.313208 -0.832919 0.182734 -0.462313 -1 -0.920287 -0.301889 0.318223 0.169818 -0.525431 0.804148 -0.361026 -0.660437 -1 -1 -0.868209 0.117431 0.369041 0.569605 0.818083 -0.864297 -0.949934 -0.85363 -0.918713 -0.664607 -1 0.10992 -0.327766 0.033729 -1 -0.480508 -0.444022 -0.527292 -0.930295 -0.095843 0.695418 -0.608876 
-1 -0.973012 0.123494 -0.602657 0.33307 -0.950543 -0.970111 0.625816 -1 -0.567076 0.604162 0.123268 -0.980304 -0.263216 -0.0498613 -1 -0.276678 -0.926367 -1 -0.54778 0.726583 0.391868 -0.258486 -0.586696 -0.443375 0.278167 0.695288 -1 0.468777 -0.445688 0.0957266 -1 -0.340978 -0.238398 -1 -0.520872 -1 -0.699901 -0.931292 -0.85222 -1 -0.787543 0.100464 0.279877 -0.165999 0.0726697 0.123403 0.0279117 -0.0671372 0.0458142 -0.7538 0.617954 -1 -0.155107 -0.849885 -0.682197 -0.957769 -0.661935 -0.948238 -0.54652 -0.348012 0.4782 -0.22493 0.512474 -0.710954 -0.043503 -0.44713 -0.189858 -0.363665 0.193153 -1 -0.382521 -0.807705 -0.435208 0.039241 -0.71152 -0.550357 -1 0.166508 0.032702 0.253027 -1 -1 -0.331282 -0.696367 0.134351 -1 0.270449 -1 -1 -0.0639129 -0.985931 -0.0715592 0.0499244 0.452504 0.0340302 -0.103025 -0.289037 -1 0.117191 -0.981125 -0.834012 -0.301758 0.557933 -0.910259 0.208082 -1 -0.0912533 -0.944303 0.00930494 -0.345283 -0.391064 -1 -0.197997 -0.782487 -0.200905 -1 0.265087 -0.366051 -0.243053 -0.203382 -1 -0.986412 -1 0.153444 0.749833 -0.356199 -0.363052 -0.015954 -1 -0.724497 -0.123248 -0.396583 -0.804184 -0.568397 -0.99378 -0.0953086 -0.715447 
-0.986111 -1 0.507439 1 -1 -1 -0.567439 0.817469 -0.500541 -0.56062 -0.447878 -0.364507 -0.581983 0.268643 0.0175559 -0.430256 0.150971 0.494415 -0.600786 -0.501933 0.20222 -0.370372 0.210472 0.374466 0.185181 -1 0.708861 -0.326594 -0.383395 0.0970872 -1 0.624375 -0.456518 -0.230218 0.305292 -1 0.110685 -0.963434 -0.185084 -1 0.86693 -0.0429782 0.758988 -0.400276 0.75215 0.765744 -0.466107 -0.157886 0.15323 -0.779021 0.0743582 -0.980442 -0.172588 -0.510039 -0.687668 -0.571097 -0.899838 0.544599 -0.228561 -1 -1 -0.0880828 0.508976 0.00788575 0.240499 0.964355 0.075453 -0.446143 -0.698966 -0.729021 0.545714 -1 0.270641 0.488889 -0.436545 -0.419878 0.00542456 -0.145415 -0.719932 -0.831916 -1 -0.923276 -0.905553 -1 -0.548413 -0.915252 -0.674911 -0.455756 -0.523952 0.11961 -1 -0.17694 0.54919 -1 -1 0.203016 -1 -0.539192 -1 0.251204 0.262873 -0.97043 0.421652 -0.137967 -0.467361 0.120936 -0.00993045 -0.512495 0.0724041 -0.549726 -0.441598 0.104464 -0.121921 -0.378018 0.20397 -0.166177 -0.39628 -1 -1 -0.117619 -0.387281 -0.783422 -0.612392 0.173739 -0.357348 -0.565284 -0.593646 -0.0296268 -1 -0.139789 -0.13044 -0.933662 0.0898562 0.324199 0.25299 -0.301469 -0.618557 -0.6725 
-0.987189 -1 0.210173 -0.380744 0.758803 -0.930564 -0.928278 0.708803 -1 -0.510777 1 0.480487 -0.807192 -0.0480327 0.0540563 -0.985476 -0.0691159 -0.543983 -0.816676 -0.4336 0.636998 0.343434 0.267723 -0.390053 -0.266682 0.700322 0.803715 -0.870263 0.667386 -0.143303 0.667478 -0.987369 -0.383807 0.0485761 -0.582134 -0.537315 -0.777596 -0.247713 -0.878034 -1 -1 -0.765433 0.184775 0.506898 -0.304409 -0.107724 0.314137 0.184572 0.190449 -0.15277 -0.474795 0.692751 -1 0.110901 -0.216604 -0.781949 -1 -0.280675 -0.776561 0.0470525 -0.534782 0.341652 -0.38392 0.313002 -0.830224 0.340974 -0.396167 -0.293681 -0.169803 0.460691 -0.817699 -0.467856 -0.494067 -0.0653003 0.208389 -0.699094 -0.202026 -1 0.739913 0.323015 0.819242 -0.710866 -1 -0.320519 0.285095 0.387655 -0.735613 0.513775 -0.919085 -1 0.21276 -1 0.18362 0.181978 0.599231 0.301087 0.367812 -0.251139 -0.946052 0.0325519 -0.320501 -0.388393 0.741383 0.909422 -0.79865 0.549771 -0.898474 0.00925452 -0.549392 -0.00922683 0.393605 0.126629 -1 -0.197997 -0.220586 0.205219 -1 0.136629 -0.27455 -0.385479 -0.145629 -0.754201 -1 -0.934852 0.30118 0.992271 -0.356199 -0.368145 0.734651 -0.887994 -0.45735 0.439078 -0.202668 -0.660048 0.192431 -0.850936 0.0766537 0.0537637 
-0.728931 -1 0.0872755 -0.489836 0.644027 -0.95686 -1 0.708803 -0.942956 -0.591289 1 0.436374 -0.927336 -0.12137 0.382212 -1 0.114014 -0.543983 -0.816676 -0.418672 0.500233 0.343434 0.267723 -0.369856 -0.373258 0.802745 0.703372 -1 0.55263 -0.353017 0.706362 -1 -0.622149 -0.0133669 -0.815727 -0.450642 -0.786351 -0.247713 -0.796505 -1 -1 -0.7291 0.128254 0.491498 -0.365051 -0.0494074 0.147339 0.234818 -0.22266 -0.164902 -0.50149 0.73693 -0.99395 -0.0504396 -0.499382 -0.485981 -0.998098 -0.45622 -0.751554 0.0470525 -0.320451 0.461908 -0.38392 0.336898 -0.867749 0.107929 -0.396167 -0.0417292 -0.263691 0.460691 -0.593533 -0.467856 -0.584265 -0.0497014 -0.0289444 -0.770011 -0.188172 -1 0.585553 0.0503529 0.737131 -0.786101 -1 -0.439964 0.143516 0.387655 -0.724784 0.273533 -1 -1 0.16582 -0.823619 0.359054 0.06842 0.599231 0.0988643 0.277426 -0.300513 -0.913274 0.0711177 -0.320501 -0.388393 0.741383 0.682678 -0.79865 0.83716 -0.937864 0.0673799 -0.655307 0.0923057 0.393605 -0.0370289 -1 -0.150555 -0.220586 0.243159 -1 0.229977 -0.27455 -0.181578 -0.145629 -0.754201 -1 -0.923648 0.2918 0.990999 -0.538835 -0.439405 0.734651 -0.930277 -0.45735 0.517354 -0.318393 -0.7624 0.0845952 -0.932293 0.0439278 -0.259197 
0.0556176 0.1521 -0.255411 -1 0.406426 -0.858166 -1 -0.887707 -1 -0.42903 -1 0.255258 -1 -1 -0.863823 -0.885575 0.188781 -0.308892 0.0306749 0.512076 0.651249 -1 -1 -0.40257 -0.353073 -1 -0.566531 0.193259 0.042824 0.121629 -0.709915 -0.577556 -1 -0.161483 -1 -0.656266 0.945288 -0.580406 -0.673655 0.312297 -0.197987 0.736366 -1 -0.2109 0.449303 0.288435 -0.734277 -1 -1 0.0890013 -0.374286 0.735477 0.0239955 0.325134 -0.292931 -0.955717 0.144956 -0.991311 -0.296475 -0.132826 0.410318 -0.573442 -1 -0.965981 0.567892 -0.434857 -1 0.144042 -1 -0.365457 -0.160308 0.110063 -0.958179 -1 0.968047 -0.142449 0.204661 -0.286663 -0.71885 0.144842 0.138871 -0.529993 -0.995454 -0.38873 -0.931703 -0.524837 -0.184539 -0.876522 0.361734 -0.0872164 -0.874968 -0.768421 -0.155657 0.246619 0.0667592 0.0519187 -0.112115 -0.708731 -1 -1 -1 -0.486192 -0.915366 0.0460561 -0.830597 -1 -1 -0.301889 0.0771316 -0.148984 -0.967252 0.602283 -0.361026 -0.635429 -1 -1 -0.868209 0.117431 0.369041 0.569605 0.847701 -0.822601 -0.948959 -1 -1 -0.687679 -0.92316 0.112698 -0.246857 0.033729 -1 -0.480508 -0.497092 -0.611773 -1 -0.223532 0.695418 -0.651715 
-1 -0.277991 0.6005 0.0951596 -0.431389 -1 0.0140986 0.760776 -0.630025 -0.052162 -0.340677 -0.435549 -0.243256 0.0851755 0.00192025 0.0689571 -0.26107 0.398701 -0.959687 -0.984918 0.576447 -0.907845 0.422587 0.51523 0.383756 -0.999401 0.533317 0.111072 -0.826071 0.206866 -0.886346 0.522848 -0.0788829 -0.162088 0.254847 -0.977828 0.272783 -0.677404 -0.126272 -1 0.499024 0.703777 0.631588 -0.289098 0.302533 0.86542 0.373691 -0.238104 0.368592 -0.89194 0.175443 -0.95698 -0.420342 0.588286 -0.672917 -0.510986 -1 0.362576 0.648771 -1 -0.940018 -0.080378 0.398811 0.420604 0.436923 0.743695 0.257288 -0.355309 -0.821249 0.181496 0.512989 -0.640342 0.198892 0.0354951 -0.422631 -0.308795 0.286493 0.42979 -0.399075 -0.91375 -0.755213 -0.978087 -1 -0.952824 -0.284097 -1 -1 -0.80819 0.255656 0.118707 -0.93966 -0.0892497 0.793561 -1 -1 0.609828 -0.872428 -0.742057 -0.839898 0.15857 -0.302046 -0.97042 0.595161 0.012003 -0.360971 0.158131 -0.339712 -0.744989 -0.0520261 -0.855663 -0.532252 0.897224 -0.344688 -0.413688 0.212786 -0.198307 -0.68358 -1 -0.965002 -0.528049 -0.661747 -0.555242 -0.752494 0.0926363 -0.163755 -0.752929 -0.659991 0.202887 -0.965171 0.516952 -0.555258 -0.940295 0.117121 0.394787 0.819527 0.215279 -0.260197 -0.767653 
-1 -1 0.651143 0.820148 -0.901528 -0.838581 -0.0905418 0.623836 -0.795376 -0.968252 -0.381686 -0.400129 -0.689433 0.29682 0.046816 0.0587732 -0.322998 0.225133 -0.653902 -0.527725 0.121264 -0.586859 0.160654 0.32744 0.333003 -0.982924 0.665702 -0.0458354 -1 0.252195 -0.949988 0.478961 0.177263 -0.209024 0.250572 -1 0.485444 -0.930246 0.0105163 -0.895103 0.775955 0.270968 0.371632 -0.436958 0.978055 0.906492 -0.296187 -0.2229 0.645992 -1 0.119734 -0.492385 -0.193475 0.642102 -0.929458 -0.912573 -1 0.200619 0.434244 -1 -1 -0.0836831 0.291348 0.503417 0.194483 0.840761 0.460692 -0.333926 -1 -0.306763 0.577583 -0.843356 -0.00240573 0.155451 -0.426502 -0.487033 -0.16422 0.11323 -0.538211 -1 -0.993775 -0.761636 -0.939245 -0.786948 -0.356244 -1 -1 -0.625114 -0.0684026 0.241188 -0.834174 -0.684294 0.140935 -0.957769 -1 0.414521 -1 -0.946249 -1 -0.0378855 0.0143364 -1 0.449673 -0.119743 -0.461837 0.339445 -0.191542 -0.69687 0.0669431 -0.64108 -0.285677 0.747684 -0.57702 -0.427161 0.300291 -0.256347 -0.485103 -0.934537 -1 -0.0145459 -0.602335 -0.791086 -0.738839 -0.10219 -0.420413 -0.362181 -0.712967 0.308246 -1 0.186171 -0.402778 -1 -0.109909 0.790284 0.434301 -0.339688 -0.313013 -0.998943 
-1 -1 0.235079 0.455773 -0.709575 -0.513223 -0.558318 0.68223 -0.952832 -1 -0.392398 -0.0642758 -0.566234 0.56519 -0.0249026 -0.214088 -0.258297 0.270481 -0.809905 -0.764013 0.190056 -0.294439 0.293205 0.0943211 0.44372 -0.753044 0.81781 0.133624 -0.545391 0.163411 -1 0.472992 0.237987 0.119297 0.366599 -1 0.340673 -0.245463 0.00857606 -0.980473 0.846095 0.527112 0.482707 -0.795204 0.819863 0.385835 0.158428 -0.592736 0.357533 -0.890859 0.344561 -0.610344 -0.0417417 0.237546 -0.869695 -0.620221 -0.954895 0.399318 -0.0541146 -1 -1 -0.296451 0.362056 0.461959 0.714873 0.480797 0.304537 -0.12336 -0.927842 -0.64014 0.686924 -1 -0.15618 0.630137 -0.352177 -0.191411 -0.0507769 0.220062 -0.823718 -1 -0.695436 -0.893286 -0.998862 -0.903711 -0.201303 -1 -0.838655 -0.681315 -0.129376 0.0831766 -0.996297 -0.509004 0.608191 -1 -1 0.989641 -0.763172 -0.692246 -0.913341 0.00296031 0.250492 -0.88661 0.7644 -0.752046 -0.667552 0.0115675 -0.0479201 -0.671139 -0.0795201 -0.731514 -0.797771 0.419427 -0.129984 -0.548724 0.15903 -0.261295 -0.289187 -1 -1 -0.630667 -0.483426 -0.367303 -0.394335 0.122462 -0.46395 -1 -0.759892 0.183164 -1 0.154732 -0.196749 -1 0.23222 0.293225 0.283192 -0.0942542 -0.805953 -0.975591 
-0.985681 -1 0.254101 -0.554166 0.315177 -1 -1 0.520781 -1 -0.794343 0.7323 0.436374 -0.740526 -0.0480327 0.221316 -1 0.0957659 -0.75519 -0.791011 -0.4336 0.611333 0.130928 0.0900458 -0.390053 -0.295324 0.870931 0.71282 -0.774549 0.667386 -0.334138 0.521849 -1 -0.304475 0.00683194 -0.65045 -0.432786 -0.592667 -0.263848 -0.781188 -0.85222 -1 -0.625866 0.156735 0.613091 -0.647315 -0.289154 0.314137 0.234818 0.115625 -0.573856 -0.440081 0.728253 -1 -0.0354931 -0.672146 -0.485981 -1 -0.391922 -0.776561 0.0667873 -0.346581 0.456501 -0.38392 0.362821 -0.686649 0.17935 -0.396167 -0.0417292 -0.2682 0.460691 -0.593533 -0.467856 -0.699208 -0.178866 -0.0663223 -0.699094 -0.355528 -1 0.739913 0.294904 0.683609 -0.710866 -1 -0.494617 0.351591 0.387655 -0.735613 0.574722 -1 -1 0.16582 -0.875901 0.343405 0.0324941 0.599231 0.327629 0.38421 -0.300513 -1 0.185641 -0.450505 -0.388393 0.647858 0.454906 -0.739526 0.83716 -1 0.0533343 -0.497724 0.294963 0.357584 0.0312222 -1 -0.191653 -0.220586 0.254764 -0.900248 0.133019 -0.328057 -0.172849 -0.382968 -0.940892 -1 -1 0.0425794 0.996601 -0.639104 -0.368145 0.732994 -0.887994 -0.7379 0.502569 -0.202668 -0.59143 -0.0147086 -0.998357 -0.225607 0.0763362 
-0.952145 -0.898654 0.549628 0.392508 -0.789509 -0.742816 -0.498365 0.99265 -0.982196 -1 -0.367415 -0.219779 -0.402894 0.553135 0.296102 -0.724384 -0.0471071 0.040681 -0.940847 -0.791279 0.372767 -0.404926 0.212436 0.0216104 0.461387 -0.766507 0.63475 0.0415036 -0.72155 0.365601 -0.9576 0.581491 0.158934 0.136778 0.102235 -1 0.482397 -0.624303 -0.0520362 -1 0.911967 0.58697 0.117367 -0.521859 0.746811 0.572035 0.150182 -0.75584 0.542174 -0.939857 0.374336 -0.70437 -0.0209962 -0.245278 -0.877914 -0.755644 -0.821196 -0.0692485 0.130215 -1 -1 -0.339397 0.441879 0.328326 0.507592 0.460574 0.265058 -0.0668472 -0.735205 -0.520069 0.608406 -1 0.0723557 0.317892 -0.340802 -0.280457 -0.134814 -0.0587607 -0.838736 -1 -0.707857 -0.975219 -0.951107 -0.834354 -0.674075 -1 -0.988995 -0.812319 -0.0928965 0.115175 -1 -0.445973 0.668153 -0.984357 -0.91123 0.857302 -1 -0.894782 -1 0.0562655 0.0936479 -1 0.418603 -0.816902 -0.533919 -0.0948487 -0.0238549 -1 -0.100535 -0.70345 -0.894227 0.827636 -0.359772 -0.914745 -0.0137499 -0.401955 -0.435646 -1 -0.9549 -0.271057 -0.301695 -0.387912 -0.55695 -0.449221 -0.479858 -0.669398 -0.81034 -0.234977 -1 0.303757 -0.221796 -0.996072 -0.123267 0.471168 0.448521 -0.136929 -0.913041 -1 
-1 -0.409477 0.252534 0.759739 -0.562453 -0.647933 -0.345947 0.708884 -0.459721 -0.980368 -0.147404 -0.574763 -0.329681 0.373199 0.254429 -0.378305 -0.524078 0.429262 -0.810406 -0.610589 0.234736 -0.388613 0.472829 0.524973 0.69416 -0.692856 0.299295 0.328624 -0.610578 0.164049 -1 0.57999 0.179233 -0.0299347 0.162105 -0.996328 -0.00877278 -0.912895 0.1076 -1 0.66559 0.251467 0.0109931 -0.0450565 0.546927 0.773288 0.0381279 -0.467277 0.828414 -0.94322 0.344516 -0.48895 -0.481815 0.420623 -1 -0.732687 -0.798248 0.158575 0.656709 -1 -1 0.0941943 0.235264 0.312442 0.212975 0.530285 0.463448 -0.120182 -0.532543 0.0756076 0.613284 -1 0.0222729 0.682852 -0.37791 -0.134311 -0.085315 -0.0448469 -1 -1 -0.954545 -1 -1 -1 -0.302566 -1 -0.74496 -0.544635 0.121262 0.0148035 -0.858054 -0.0383653 0.958755 -1 -0.729486 1 -0.646785 -0.529523 -0.970149 0.2638 0.0333517 -1 0.366299 -0.709228 -0.94911 0.388422 -0.408689 -0.0682297 -0.769395 -0.957005 -0.688318 0.706302 -0.364638 -0.261092 0.371827 -0.381675 -0.387137 -1 -1 -0.62631 -0.395274 -0.210154 -0.563106 -0.551024 -0.306371 -0.56742 -0.765985 0.225335 -0.608482 0.605678 -0.382378 -1 0.322728 0.745442 0.771059 -0.395703 -0.662138 -0.811014 
-1 -1 0.441724 0.0138335 -0.951718 -0.825128 0.00826658 0.987763 -0.379654 -0.804442 -0.229746 -0.713727 -0.833034 0.282937 -0.0439349 0.00120211 -0.589585 0.352908 -0.572268 -0.600823 0.180728 -0.341472 0.344481 0.287249 -0.129225 -0.81471 0.816357 0.193087 -0.648987 0.528622 -1 0.366344 -0.341344 -0.430645 0.210642 -1 0.281188 -0.836284 0.413627 -1 0.65416 0.509216 0.230924 -0.305163 0.99329 0.330526 -0.0642564 -0.79119 0.160579 -0.615284 0.250893 -0.640114 -0.163575 0.211531 -0.574788 -0.923706 -1 0.308477 0.442033 -0.996176 -0.974499 -0.259695 0.397346 0.190477 0.24929 0.634838 0.506464 -0.281589 -0.532543 -0.253735 0.401846 -0.691424 -0.285314 -0.0132565 -0.724883 -0.552052 0.191587 -0.263438 -0.775505 -0.97504 -1 -1 -1 -1 -0.350951 -1 -0.941785 -0.63944 0.172045 -0.0330665 -1 -0.424583 0.558325 -0.933595 -1 0.354099 -0.553456 -0.893104 -0.948078 0.0483826 0.0874397 -1 0.877841 -0.0877646 -0.294973 0.117538 -0.322291 -0.386871 -0.590804 -1 -0.922604 0.373599 -0.66865 -0.388633 -0.0396098 -0.206468 -0.724903 -1 -0.929688 -0.127561 -0.502376 -0.531729 -0.767873 -0.0234521 -0.314023 -0.379387 -0.722228 -0.394438 -0.767383 0.158825 -0.293593 -1 0.110538 0.950312 0.499928 0.119423 -0.41858 -0.607619 
-1 -1 0.443984 0.29671 -0.582908 -1 -0.344125 0.773427 -0.47571 -0.545806 -0.367236 -0.338013 -0.702668 0.402184 0.439529 -0.331059 -0.190145 0.573372 -1 -0.384505 0.127749 -0.314201 0.645357 0.0597117 0.403466 -1 0.619554 -0.137695 -0.805135 0.184006 -1 0.605087 0.31608 0.296136 0.534813 -0.985323 0.14896 -0.234216 0.117846 -1 0.873548 0.302479 0.620967 -0.353986 0.622174 0.281063 0.022196 -0.144802 0.712384 -1 0.299185 -0.721089 0.0714689 0.576684 -0.481946 -1 -1 0.588931 0.509067 -0.964865 -1 -0.12349 0.578127 0.0473287 0.0441284 0.428473 0.662432 -0.41712 -0.695668 -0.371646 -0.0388933 -0.742889 -0.332932 0.475869 -0.771823 0.0313844 0.284686 0.0882496 -0.651207 -1 -1 -1 -1 -1 -0.148424 -1 -1 -0.690211 -0.0899623 -0.0218233 -1 -1 0.442303 -1 -1 0.494677 -0.694151 -0.97338 -1 0.0841721 -0.414771 -0.842432 0.800104 0.0630634 -0.61068 0.209437 -0.197462 -0.556279 -0.061184 -0.722479 -0.655351 0.839247 -0.294533 -0.427944 -0.051028 -0.442164 -0.702986 -1 -0.836218 -0.174518 -0.264606 -0.964002 -0.651301 0.244029 -0.329986 -1 -0.51099 -0.0809706 -1 0.146691 -0.28264 -0.866639 0.0087062 0.32242 0.290803 -0.217784 -0.654366 -0.379513 
-0.946866 -0.348098 0.812473 0.852835 -0.583116 -0.747505 -0.152236 0.242994 -0.566004 -0.75253 -0.0232049 -0.725883 -0.247063 0.0969514 -0.136493 -0.399775 -0.552411 0.287259 -0.804731 -0.931683 0.176185 -0.720409 0.495816 0.21148 0.814714 -0.649942 0.553181 0.0083916 -0.522942 -0.0599785 -1 0.424185 0.0891098 -0.330995 0.275867 -1 0.045609 -0.970968 0.05938 -1 0.679288 0.34465 0.251619 -0.0591513 0.785387 0.541551 0.318586 -0.0317438 0.627125 -0.943678 0.399627 -0.486051 -0.916867 0.618939 -1 -0.54077 -0.845509 0.375918 0.908313 -1 -0.93859 -0.241851 0.292497 0.189883 0.302194 0.665584 0.373722 -0.265345 -1 -0.00435536 0.115137 -0.785687 0.000638828 0.284327 -0.744056 -0.220541 -0.0262514 0.0987251 -0.711518 -0.933982 -0.877339 -0.909214 -0.954325 -0.941329 -0.501557 -1 -1 -0.489863 -0.00134899 -0.0584059 -0.873125 -0.395013 0.626837 -0.926349 -0.74806 0.549799 -0.72184 -0.529523 -0.928223 0.319279 -0.126249 -1 0.25225 -0.751426 -0.864914 0.10971 -0.353253 -0.205877 -0.487398 -0.557608 -0.686882 0.894802 -0.495558 -0.215578 0.339063 -0.0825678 -0.284508 -1 -1 -0.207073 -0.439475 -0.0702992 -0.433547 0.0147853 -0.25803 -0.329359 -0.426185 0.157627 -0.793997 0.605757 -0.216951 -0.946405 0.485853 0.562073 0.698658 -0.732531 -0.704311 -0.892789 
-0.970985 -1 0.301305 0.102096 -1 -1 -0.118117 0.935538 -0.490549 -0.92027 -0.230852 -0.570088 -0.972318 0.144566 0.0284635 -0.200443 -0.762154 0.558865 -0.777267 -0.637853 0.498778 -0.403172 0.441769 0.195889 0.0323519 -0.780176 0.62197 0.0617875 -0.878601 0.359558 -0.992782 0.259564 -0.0903951 -0.417082 0.156223 -1 0.0647234 -0.973476 0.45645 -1 0.682315 0.221285 0.552202 -0.686457 1 0.624082 -0.157791 -0.863863 0.302918 -0.988377 0.304109 -0.588631 -0.296716 0.289423 -0.461651 -0.327743 -0.97132 0.255452 0.235793 -0.997054 -1 -0.487163 0.495224 0.447271 0.315669 0.699765 0.500684 -0.217858 -0.643626 -0.599246 0.250109 -0.980032 -0.263002 0.292788 -0.977461 -0.256491 0.015105 0.351694 -0.746256 -1 -0.95937 -0.818268 -1 -1 -0.425252 -1 -1 -0.365518 -0.090889 0.0667385 -1 -0.210585 0.126518 -0.963168 -0.890487 0.402824 -0.49396 -0.902299 -1 -0.0848773 -0.124821 -1 0.644078 -0.0729093 -0.394871 -0.0490816 -0.26175 -0.592726 -0.39394 -1 -0.757059 0.703139 -0.599114 -0.331724 -0.0953727 -0.480214 -0.907653 -0.980856 -1 -0.311089 -0.462548 -0.54647 -0.398057 0.0972196 -0.245017 -0.464999 -0.469644 -0.360689 -0.804446 0.33628 -0.366889 -1 0.232365 0.823385 0.40923 -0.127872 -0.508187 -0.41958 
-1 -0.462511 0.223957 0.789672 -0.672386 -0.777578 -0.104433 0.645487 -0.762826 -0.579644 -0.548519 -0.506371 -0.651726 -0.18929 -0.0691634 -0.136478 -0.533525 -0.193142 -1 -0.44137 0.549916 -0.743647 0.492538 0.378996 0.988887 -0.497078 0.770123 -0.101386 -0.453689 0.268719 -1 0.579214 0.338607 -0.195322 0.449255 -0.961654 0.323081 -0.61146 0.136709 -0.8788 0.99458 0.443044 0.635656 -0.141658 0.312226 0.460338 0.0608609 -0.490337 -0.0922374 -0.709625 0.467415 -0.611842 -0.0423328 0.205822 -0.898275 -0.570009 -1 0.447401 0.377178 -0.937169 -0.943322 -0.558169 0.269224 0.0588935 0.411507 0.62581 0.219502 -0.292523 -0.807111 0.197897 0.531743 -0.921891 -0.112222 0.283012 -0.638508 -0.181788 0.0615182 0.14123 -0.489906 -0.983627 -0.606629 -0.881797 -1 -0.919945 -0.308197 -1 -1 -0.379266 0.324868 0.0785311 -0.923694 -0.054908 0.500475 -1 -1 0.754544 -0.744315 -1 -0.951441 0.0227712 -0.278823 -1 0.493693 -0.0853786 -0.640411 0.16177 -0.406347 -0.54121 -0.236892 -0.545365 -0.531744 0.587447 -0.283094 -0.665823 0.576198 -0.407397 -0.466747 -1 -1 -0.153654 -0.324466 -0.249756 -0.65514 0.0210524 -0.0970099 -0.532065 -0.682726 0.290632 -0.903697 0.725979 -0.496968 -1 0.501607 0.425126 0.644433 -0.330501 -0.854404 -0.806729 
-0.928165 -0.777867 0.811442 0.296255 -0.363455 -1 -0.2256 0.4817 -0.187823 -1 -0.251072 -1 -0.503349 0.128391 -0.131554 -0.570835 -0.735729 -0.424405 -0.794258 -0.474309 -0.675941 -0.408216 0.730717 0.0693516 -0.0258969 -1 0.138378 0.20145 -0.510257 0.0057888 -0.970411 0.466862 -0.121954 -0.429052 0.475907 -1 -0.380152 -1 -0.340942 -0.999407 0.474683 0.35912 0.46305 -0.173603 0.32979 0.463478 0.234851 -0.718263 0.198079 -0.892775 0.211295 -1 -0.9237 -0.188825 -1 -0.826823 -1 0.223149 0.320896 -0.943593 -1 -0.353888 0.353387 -0.122228 0.0771418 0.536729 0.602278 -0.822566 -1 -0.303895 0.591787 -0.814367 -0.48904 0.392622 -0.979609 -0.332371 0.365451 0.209729 -0.690579 -1 -0.901205 -1 -1 -1 -0.69509 -1 -0.992445 -0.513185 0.0886765 -0.231917 -1 -0.331659 0.31032 -1 -1 0.735599 -1 -0.798286 -1 -0.0933894 -0.420502 -0.986235 0.168116 -0.668433 -0.534135 0.292673 -0.502593 -0.183997 -0.635741 -0.597493 -0.747461 0.191057 -0.487281 -0.356847 -0.0491758 -0.510498 -0.459246 -1 -1 -0.491873 -0.464138 -0.045493 -0.740494 -0.287638 -0.566075 -1 -0.594944 -0.209159 -0.475807 0.722669 -0.51304 -1 0.356588 0.528029 -0.0466893 -0.269064 -0.683367 -0.644152 
-0.960517 -1 0.203298 0.461113 -0.582908 -0.926303 -0.212078 0.728675 -0.610241 -0.574672 -0.369906 -0.143794 -0.610835 0.76861 0.415369 -0.505323 -0.164823 0.414514 -0.914407 -0.386322 -0.0575101 -0.673793 0.547974 0.369961 0.685962 -0.96578 0.86111 -0.0444114 -0.654003 0.0744535 -1 0.523762 -0.0393882 0.296136 0.301454 -1 0.200715 -0.482967 0.313039 -1 0.923016 0.108863 0.451851 -0.595888 0.587214 0.0048755 0.0214919 -0.379572 0.770684 -1 0.264805 -0.721089 0.0460872 0.694311 -0.564068 -1 -1 0.372864 0.491709 -0.964865 -0.920368 -0.411401 0.795593 0.160594 0.304904 0.504964 0.772972 -0.370583 -0.808012 -0.586417 0.539187 -0.775502 -0.442848 0.276376 -0.685443 -0.199494 0.318897 0.0465252 -0.813698 -1 -0.924868 -0.952162 -1 -0.972237 -0.261961 -1 -1 -0.886472 -0.624424 -0.332089 -0.956571 -0.883387 0.404341 -1 -1 0.518497 -0.689332 -0.979529 -1 0.0655848 -0.184896 -0.786927 0.941445 0.0676161 -0.656978 0.439486 -0.0400796 -0.63165 0.164263 -0.643478 -0.684303 0.695039 -0.297292 -0.35905 0.0425086 -0.867735 -0.753648 -1 -1 -0.0830037 -0.244618 -0.92153 -0.503467 0.038965 -0.600638 -0.80077 -0.609535 0.0452253 -0.740042 0.077995 -0.210907 -0.883787 -0.0734375 0.555152 0.463269 -0.000804722 -0.513042 -0.588093 
-1 -0.764782 0.469488 0.663881 -0.605474 -1 -0.361856 0.836287 -0.877056 -0.942719 -0.122181 -0.350042 -0.605399 0.233227 0.318899 0.0104903 -0.676798 0.415317 -0.771489 -0.241035 -0.013762 -0.274966 0.459336 0.341543 0.724594 -0.761305 0.683568 -0.320522 -0.825653 0.0175359 -1 0.801232 0.42811 -0.200447 0.415972 -1 0.0578547 -0.463327 0.0304234 -1 0.775816 0.277168 0.266924 -0.394108 0.937824 0.734926 -0.0148628 -0.709364 0.632745 -1 0.554374 -0.202089 -0.617513 0.0175784 -1 -0.688504 -0.998687 0.539388 0.310085 -1 -0.819092 -0.312077 0.82989 0.595665 0.616111 0.702411 0.118307 -0.399817 -0.525504 -0.123175 0.48408 -1 -0.391902 0.402284 -0.593953 -0.421145 -0.0442257 0.0558245 -0.653087 -1 -1 -0.753011 -0.663952 -0.962835 -0.516597 -1 -0.844329 -0.828128 -0.302166 -0.269087 -0.80882 -0.417255 0.713367 -1 -0.883322 0.668727 -0.659832 -0.930895 -1 -0.0578843 -0.0365742 -0.88518 0.535593 -0.251958 -0.600755 0.0310045 -0.0581628 -0.539513 -0.277709 -0.462252 -0.707335 0.58572 -0.672155 -0.468505 -0.13075 -0.438866 -0.611193 -0.976428 -1 -0.497622 -0.390043 -0.587606 -0.523281 -0.0023405 -0.269934 -0.892643 -0.800106 0.0895376 -1 0.314368 -0.237047 -1 0.172795 0.597829 0.45816 0.0257974 -0.217318 -0.566575 
-0.757717 -1 0.038021 -0.622988 0.754421 -0.951729 -1 0.708803 -0.981266 -0.672 0.661639 0.271831 -0.898244 -0.163791 0.131838 -1 0.214547 -0.771239 -0.777565 -0.30447 0.427751 0.353894 0.133637 -0.766716 -0.23256 0.78352 0.662723 -0.912436 0.609548 -0.40467 0.594929 -1 -0.552572 -0.0110992 -0.729144 -0.689054 -0.547642 -0.446629 -0.700767 -1 -1 -0.625866 0.232272 0.531445 -0.3975 -0.107724 0.359319 0.0109417 0.207076 -0.357706 -0.652846 0.24251 -1 -0.0258335 -0.257979 -0.5477 -1 -0.446871 -1 0.00918767 -0.739487 0.184178 -0.434442 0.373392 -1 0.1604 -0.644176 -0.00882197 -0.355092 0.460691 -1 -0.467856 -0.60632 -0.317839 0.0571479 -0.795917 -0.275812 -1 0.302249 0.218592 0.557359 -0.997907 -0.946369 -0.75086 0.0740884 0.391592 -1 0.166922 -1 -0.939052 0.0757537 -1 0.32381 0.12475 0.459305 -0.0260416 -0.240702 -0.251778 -0.946052 0.117063 -0.803785 -0.520546 0.635948 0.873549 -0.79865 0.616936 -1 -0.0482888 -0.562958 0.0860246 0.177061 0.0953386 -1 -0.43571 -0.463555 0.373089 -0.974592 0.0665441 -0.27455 -0.314103 -0.477562 -1 -1 -1 0.279202 1 -0.484921 -0.317964 0.636147 -0.913237 -0.736165 0.407046 -0.388517 -0.595115 0.00960098 -0.873869 -0.229285 -0.103653 
-0.955052 -0.226767 0.609471 0.49685 -0.313142 -1 -0.384127 1 -0.678103 -0.406572 -0.40241 -0.24616 -0.452224 0.0826143 -0.163308 -0.271363 -0.169663 0.466105 -0.933984 -0.846076 0.583015 -0.530795 0.499003 0.346923 0.416602 -1 0.979979 -0.0709912 -0.709159 0.204784 -0.836098 0.459699 0.44452 -1 0.15994 -0.9485 0.691194 -0.944224 0.426394 -1 1 0.102824 0.519205 -0.589473 0.300828 0.185068 -0.144606 -0.138812 -0.123239 -1 -0.361727 -0.511716 -0.0102659 0.696553 -0.916107 -0.949274 -1 0.396343 0.698466 -0.952579 -0.948332 -0.105884 -0.152195 0.198439 0.128452 0.571999 0.0123874 -0.768501 -0.917969 -0.0350702 0.472326 -0.925849 -0.106109 -0.0697623 -0.328342 -0.173777 -0.159837 0.22055 -0.66269 -1 -0.563159 -0.929414 -0.985523 -1 -0.476557 -0.953011 -1 -0.535108 0.276069 0.252745 -0.984728 -0.133111 0.809236 -0.986297 -1 0.743181 -0.987493 -0.817583 -1 -0.00327526 -0.106011 -1 0.472756 -0.186443 -0.508929 0.380393 -0.450336 -0.911763 -0.230914 -0.48103 -0.361338 0.675475 -0.742249 -0.684386 0.594042 -0.268591 -0.556166 -1 -1 -0.245293 -0.210374 -0.956174 -0.380873 -0.1184 -0.0361142 -0.514858 -1 -0.0844859 -0.926898 0.171163 -0.926743 -0.857315 0.15531 0.428902 0.773593 -0.127853 -0.762873 -0.713578 
-1 -1 0.519628 0.0669898 -0.995905 -0.825128 0.0593263 0.98483 -0.327732 -0.577317 -0.177264 -0.713727 -0.646169 0.188591 0.00453842 0.00835326 -0.589585 0.352908 -0.572268 -0.64879 0.180728 -0.341472 0.344481 0.281902 -0.129225 -0.895108 0.778364 0.193087 -0.587425 0.562574 -0.983138 0.274788 -0.305825 -0.430645 0.210642 -1 0.281188 -0.683397 0.459383 -1 0.668763 0.446645 0.204609 -0.535778 0.99329 0.185447 -0.0642564 -1 0.160579 -0.798513 0.321394 -0.640114 -0.166816 0.1977 -0.530352 -0.714104 -1 0.160302 0.442033 -0.904873 -1 -0.259695 0.503373 0.190477 0.314074 0.791542 0.68659 -0.240543 -0.532543 -0.253735 0.401846 -0.691424 -0.285314 0.117617 -0.688148 -0.552052 0.191587 -0.119641 -0.746377 -0.97504 -0.95937 -0.900467 -1 -0.994556 -0.363328 -1 -0.941785 -0.575657 0.15976 0.133472 -1 -0.189189 0.558325 -1 -1 0.370949 -0.570429 -0.813703 -0.963366 0.0483826 -0.0492085 -1 0.70764 -0.0877646 -0.335988 0.105219 -0.514041 -0.375953 -0.417557 -0.939311 -0.922604 0.373599 -0.66865 -0.388633 -0.0396098 -0.371823 -0.739676 -0.980856 -1 -0.122956 -0.502376 -0.319603 -0.766096 -0.00377276 -0.314023 -0.379387 -0.665291 -0.336456 -0.767383 0.158825 -0.293593 -1 0.0953458 0.950312 0.656289 0.0308378 -0.41858 -0.424182 
-0.728931 -1 0.0257686 -0.337519 0.782953 -0.965858 -1 0.708803 -0.942956 -0.510777 0.944357 0.208209 -0.857231 -0.0480327 0.338688 -1 0.177829 -0.543983 -0.816676 -0.471787 0.636998 0.343434 0.267723 -0.675307 -0.302872 0.853643 0.803715 -1 0.667386 -0.143303 0.491959 -0.987369 -0.383807 -0.25331 -0.670713 -0.441081 -0.683768 -0.219487 -0.657549 -0.85222 -1 -0.625866 0.299271 0.64587 -0.582317 -0.19078 0.314137 0.104066 0.190449 0.0141895 -0.474795 0.728253 -1 0.0362303 -0.257979 -0.544533 -1 -0.280675 -0.703978 0.0470525 -0.601915 0.172081 -0.487734 0.0585597 -0.742196 0.294804 -0.396167 0.025541 -0.272118 0.434024 -0.651414 -0.467856 -0.460231 -0.0653003 0.154434 -0.699094 -0.40611 -1 0.811742 0.264965 0.576049 -0.710866 -0.980045 -0.320519 0.324852 0.387655 -0.735613 0.513775 -1 -1 0.16582 -0.875901 0.397759 0.181978 0.522189 0.301087 0.367812 -0.475098 -0.946052 0.218694 -0.320501 -0.388393 0.800113 0.683554 -0.79865 0.891476 -0.898474 0.00925452 -0.707716 0.257695 0.259709 -0.0414843 -1 -0.313254 -0.170774 0.292962 -0.975266 0.303709 -0.27455 -0.181578 -0.145629 -0.754201 -1 -0.980464 0.30118 0.992271 -0.356199 -0.368145 0.734651 -0.887994 -0.45735 0.517354 -0.202668 -0.838915 -0.123035 -1 -0.065779 -0.14666 
-1 -0.226767 0.628242 0.567365 -0.323554 -0.980092 -0.142316 0.940288 -0.920608 -0.215475 -0.423155 -0.266311 -0.41338 0.162816 -0.267745 -0.340397 -0.246542 0.433221 -1 -0.697716 0.583015 -0.318051 0.499003 0.460944 0.649539 -1 0.637124 -0.177695 -0.807221 0.0707362 -1 0.409706 0.414509 -0.995935 0.280303 -1 0.611776 -0.947304 0.365747 -1 1 -0.0759976 0.37977 -0.798101 0.0949805 0.259634 0.149098 -0.169615 -0.112007 -0.985628 -0.131499 -0.721825 -0.0894184 0.660672 -1 -0.834521 -0.977135 0.421824 0.469546 -1 -1 -0.0128166 -0.24077 0.433813 0.33586 0.634231 0.237804 -0.977784 -0.650974 0.0817003 0.629661 -0.813644 -0.307124 0.043362 -0.320774 -0.144978 -0.109179 0.291646 -0.734281 -1 -0.563159 -0.929414 -0.985523 -1 -0.308197 -1 -1 -0.618296 0.297636 0.103159 -0.989967 -0.125209 0.793561 -1 -0.936068 0.463114 -0.831467 -0.818381 -0.816711 -0.147566 -0.106011 -1 0.507854 -0.184906 -0.441174 0.280424 -0.327089 -0.82027 0.0318809 -0.571757 -0.34291 0.572151 -0.890733 -0.664116 0.320418 -0.268591 -0.527882 -1 -1 -0.404036 -0.475796 -0.863169 -0.530925 -0.037832 -0.108491 -0.493055 -1 0.0843826 -1 0.307146 -0.914585 -0.784715 0.128357 0.320023 0.773593 0.0197197 -0.826131 -0.536888 
-0.788716 -1 0.152055 -0.422403 0.654038 -1 -1 0.708803 -1 -0.686758 0.944357 0.346067 -0.807192 -0.0702354 0.306023 -1 0.173196 -0.551323 -0.804167 -0.425948 0.449424 0.129249 0.267723 -0.336927 -0.274168 0.832298 0.550065 -1 0.667386 -0.41311 0.605183 -1 -0.406589 0.00731394 -0.549849 -0.432786 -0.613163 -0.247713 -0.657549 -0.859859 -1 -0.625866 0.282143 0.44417 -0.247031 -0.107724 0.399768 0.225515 0.190449 -0.394024 -0.622442 0.632779 -1 0.105676 -0.250265 -0.676158 -1 -0.352969 -0.776561 -0.226719 -0.52241 0.455383 -0.521588 0.238842 -0.852434 0.294804 -0.262072 -0.0417292 -0.169803 0.380028 -0.593533 -0.467856 -0.599382 -0.415207 -0.0833033 -0.745306 -0.469217 -1 0.548058 0.13963 0.644664 -0.710866 -0.957245 -0.491555 0.158304 0.482511 -0.923335 0.513775 -1 -1 -0.103862 -0.883518 0.0955901 -0.0358312 0.557416 0.301087 0.367812 -0.485787 -1 0.121517 -0.489989 -0.388393 0.741383 0.904109 -0.781428 0.83716 -1 0.00925452 -0.798972 0.257695 0.426903 0.126629 -1 -0.334332 -0.691751 0.171872 -1 0.286889 -0.571044 -0.127275 -0.426909 -0.754201 -0.992532 -0.980464 -0.0867058 0.870325 -0.685648 -0.368145 0.597506 -0.805672 -0.6168 0.178865 -0.419357 -0.497609 0.136655 -0.927093 0.0523875 -0.183055 
-0.728931 -1 0.282807 -0.380744 0.758803 -0.965858 -1 0.708803 -0.942956 -0.510777 0.944357 0.436374 -0.807192 -0.0480327 0.338688 -1 0.177829 -0.543983 -0.816676 -0.4336 0.636998 0.343434 0.267723 -0.390053 -0.302872 0.870931 0.803715 -0.870263 0.667386 -0.143303 0.667478 -0.987369 -0.383807 0.00731394 -0.582134 -0.432786 -0.613163 -0.247713 -0.657549 -0.85222 -1 -0.625866 0.299271 0.613091 -0.304409 -0.107724 0.314137 0.234818 0.190449 -0.047616 -0.474795 0.728253 -1 0.105676 -0.257979 -0.485981 -1 -0.280675 -0.776561 0.0470525 -0.346581 0.455383 -0.38392 0.336898 -0.763939 0.294804 -0.396167 -0.0417292 -0.169803 0.460691 -0.593533 -0.467856 -0.533339 -0.0653003 0.154434 -0.699094 -0.256502 -1 0.739913 0.264965 0.737131 -0.710866 -1 -0.320519 0.351591 0.387655 -0.735613 0.513775 -1 -1 0.16582 -0.875901 0.359054 0.181978 0.599231 0.301087 0.367812 -0.300513 -0.946052 0.218694 -0.320501 -0.388393 0.741383 0.909422 -0.79865 0.83716 -0.898474 0.00925452 -0.549392 0.257695 0.393605 0.126629 -1 -0.197997 -0.220586 0.292962 -0.975266 0.286889 -0.27455 -0.181578 -0.145629 -0.754201 -1 -0.980464 0.30118 0.992271 -0.356199 -0.368145 0.734651 -0.887994 -0.45735 0.517354 -0.202668 -0.59143 0.115075 -0.932293 0.0766537 0.0763362 
-0.803694 -1 0.282807 -0.463159 0.852165 -1 -1 0.708803 -1 -0.657353 0.944357 0.346067 -1 -0.215983 0.338688 -1 0.173196 -0.543983 -0.804167 -0.621233 0.636998 0.129249 0.0632218 -0.465777 -0.302872 0.579416 0.550065 -1 0.726774 -0.143303 0.749 -0.987369 -0.544719 0.00731394 -0.810003 -0.432786 -0.613163 -0.314355 -0.642925 -1 -1 -0.728622 0.299271 0.613091 -0.294271 -0.067269 0.399768 0.301321 0.190449 -0.191045 -0.669762 0.628663 -0.916333 0.105676 -0.205881 -0.858828 -1 -0.566383 -0.776561 -0.198072 -0.432762 0.455383 -0.587965 0.336898 -0.887149 0.306255 -0.325329 -0.0948122 -0.300179 0.361224 -0.593533 -0.467856 -0.533339 -0.299302 0.164338 -0.699094 -0.361173 -0.964664 0.644074 0.110618 0.644664 -0.866268 -1 -0.242715 0.158304 0.408688 -0.923335 0.540576 -1 -1 -0.233172 -1 0.110726 -0.0358312 0.496689 0.301087 0.367812 -0.297028 -0.945748 0.218694 -0.320501 -0.388393 0.741383 0.716582 -0.79865 0.83716 -1 0.0705638 -0.798972 0.257695 0.426903 -0.0924507 -1 -0.203276 -0.400373 0.171872 -1 0.0383279 -0.27455 -0.311349 -0.188673 -1 -1 -0.980464 0.0474635 0.870325 -0.420685 -0.368145 0.597506 -0.805672 -0.431038 0.323668 -0.123343 -0.497609 0.115075 -0.927093 0.0103004 -0.0631456 
-0.661375 -1 -0.0655053 -0.380744 0.555064 -1 -0.988386 0.555701 -1 -0.439844 0.827953 0.436374 -0.926263 -0.481174 -0.1298 -1 0.0438849 -0.543983 -0.816676 -0.638911 0.695784 0.341331 0.00633511 -0.559526 -0.247329 0.816584 0.882517 -0.888305 0.662981 -0.143303 0.619537 -1 -0.383807 0.0667775 -0.739329 -0.60166 -0.613163 -0.246751 -0.657549 -0.96992 -0.9136 -0.625866 0.321822 0.613091 -0.304409 -0.269035 0.314137 0.0362385 0.0226457 -0.0683011 -0.474795 0.662026 -1 0.105676 -0.469073 -0.728016 -1 -0.280675 -0.747565 0.0470525 -0.346581 0.356793 -0.605422 0.336898 -0.722361 0.138721 -0.559201 -0.0417292 -0.336529 0.460691 -0.593533 -0.670748 -0.908066 -0.263483 -0.0479681 -0.585349 -0.278182 -1 0.739913 0.264965 0.521361 -0.737233 -1 -0.474837 0.447368 0.387655 -0.656037 0.31547 -1 -1 0.00230232 -0.933714 0.208512 0.221433 0.599231 0.301087 -0.080467 -0.488935 -0.999934 0.100686 -0.287132 -0.574046 0.506433 0.909422 -1 0.886341 -1 0.00925452 -0.75859 0.221815 0.0115263 0.00413662 -1 -0.147874 -0.220586 0.310538 -1 0.335541 -0.27455 -0.304997 -0.0874656 -0.77688 -1 -1 0.154196 0.649437 -0.356199 -0.368145 0.534128 -0.870074 -0.526961 0.182131 -0.430261 -0.59143 0.115075 -1 -0.218909 0.0763362 
-0.900183 -1 0.319743 -0.443559 0.806317 -1 -0.933398 0.754989 -0.790736 -0.632122 1 -0.136099 -1 -0.536784 -0.342084 -1 -0.393344 -1 -0.890649 -0.43469 0.555361 0.343434 -0.0771025 -0.643102 -0.302872 0.870931 0.671804 -1 0.438799 -0.46317 0.281399 -0.971796 -0.274302 0.00731394 -0.711656 -0.452027 -0.613163 -0.117347 -1 -1 -1 -0.69639 0.410891 0.661123 -0.413203 -0.107724 0.199135 0.0818618 -0.0529261 -0.250509 -0.586699 0.713259 -1 -0.266399 -0.229212 -1 -1 -0.254844 -1 0.0758664 -0.754133 0.549467 -0.828786 0.215481 -0.985354 -0.0197922 -0.28492 -0.24787 -0.0381859 0.493051 -1 -0.580632 -1 -0.0884718 -0.289531 -0.755427 -0.465021 -1 0.503633 0.04752 0.59058 -1 -0.931901 -0.655357 0.115594 0.161127 -0.997495 0.23863 -0.938083 -1 -0.0131757 -0.9233 0.0594742 0.289026 0.624764 0.301087 -0.331508 -0.692772 -0.907474 0.157506 -0.734428 -0.951487 0.807163 0.798411 -1 0.486087 -0.891573 -0.357341 -0.949769 0.193301 0.0757982 -0.204861 -1 -0.206973 -0.4661 0.0534478 -1 0.236184 -0.397243 -0.444745 -0.860707 -0.899199 -1 -1 -0.369574 0.756764 -0.2758 -0.402785 0.734677 -0.887901 -0.544236 0.378247 -0.0639388 -0.950575 0.145962 -1 0.0765341 -0.396099 
-0.698407 -1 0.282807 -0.425287 0.7434 -0.984016 -1 0.722492 -0.946844 -0.593517 0.500029 0.234602 -1 -0.217707 0.295407 -1 -0.0540935 -0.84542 -1 -0.613164 0.604722 0.102857 0.349795 -0.683774 -0.380638 0.9174 0.803715 -1 0.667386 -0.11538 0.667478 -1 -0.391504 -0.215424 -0.658295 -0.500326 -0.613163 -0.404239 -0.859004 -0.970155 -0.982788 -0.805495 0.337011 0.636469 -0.304409 -0.301648 0.193705 0.234818 0.190449 0.0310255 -0.560935 0.677404 -1 -0.171295 -0.329684 -0.697326 -0.946504 -0.722608 -0.835657 -0.0941772 -0.346581 0.455797 -0.724161 0.12597 -1 0.115404 -0.399982 -0.493711 -0.256786 0.188734 -0.777465 -0.467856 -0.588246 -0.182417 0.0114066 -0.956237 -0.150577 -1 0.771064 0.217612 0.747755 -0.758394 -1 -0.320519 0.281973 0.348994 -0.947591 0.357743 -0.922569 -1 0.0235074 -1 0.349996 0.27578 0.156094 0.213491 0.339091 -0.464837 -0.946052 0.145131 -0.402935 -0.451992 0.741383 0.630035 -1 0.703991 -0.898474 -0.0401564 -0.501158 0.0820775 0.393605 0.0674885 -1 -0.197997 -0.451923 0.257939 -0.975266 0.311836 -0.311466 -0.181578 -0.265817 -0.754201 -0.95406 -0.980464 0.30118 0.914282 -0.540139 -0.566453 0.734651 -0.869601 -0.827634 0.556128 -0.156578 -0.97235 -0.0724773 -1 0.0766537 0.0763362 
-1 -0.168605 0.609474 0.899578 -0.496012 -0.828392 0.00692719 0.155554 -0.318243 -0.713182 -0.0655559 -0.725883 -0.540188 0.147091 -0.379082 -0.548945 -0.310175 0.212062 -0.678725 -0.815072 0.00982267 -0.837573 0.343719 0.0951607 0.495672 -1 0.710835 0.0461529 -0.522942 -0.0743618 -1 0.0992547 -0.0515416 -0.386358 0.266993 -1 0.045609 -1 -0.115435 -0.974324 0.679288 -0.0353948 0.439074 -0.156999 0.697203 0.307718 0.0107173 -0.255689 0.446416 -1 0.348481 -0.796244 -0.972271 0.428812 -1 -0.578824 -1 0.315632 0.896992 -1 -0.99523 -0.241851 0.165055 -0.297662 0.000727415 0.417808 0.325714 -0.180002 -0.94252 -0.00435536 0.578877 -0.776175 -0.188082 0.283728 -0.773917 -0.431256 -0.177386 0.266244 -0.708862 -0.787217 -1 -1 -1 -0.944852 -0.620684 -1 -1 -0.438292 -0.0262704 -0.398961 -0.793543 -0.47619 0.67415 -1 -0.839103 0.465135 -0.717713 -0.650968 -0.993528 0.29502 0.0985267 -1 0.25454 -0.485327 -0.653367 -0.0572123 -0.423566 -0.121662 -0.444675 -0.749074 -0.974781 0.878688 -0.328869 -0.268288 0.361996 -0.154111 -0.319553 -0.959877 -1 -0.439735 -0.234927 -0.0382307 -0.573257 -0.0693197 -0.272927 -0.382669 -0.445875 -0.484831 -0.682473 0.541148 -0.216951 -0.942337 -0.118192 0.417311 0.82814 -0.880885 -0.709029 -1 
0.153026 0.265561 0.0598553 -0.722806 0.406426 -0.500848 -1 -0.689313 -1 -0.191429 -0.941983 0.248495 -1 -0.932747 -0.863823 -0.757121 0.187301 -0.308892 -0.0224338 0.540933 0.651249 -0.808797 -1 -0.248694 -0.32069 -0.902454 -0.401965 0.356826 0.36133 0.121629 -0.505962 -0.0884653 -1 0.0422154 -1 -0.434987 0.945288 -0.332284 -0.386161 0.312297 -0.280472 0.736366 -1 -0.0785573 0.400706 0.288435 -0.78905 -1 -1 0.36103 -0.293949 0.735477 0.280901 0.248283 -0.314692 -0.955717 0.0624571 -1 -0.23933 -0.0232621 0.403482 -0.654436 -1 -0.965981 0.663622 -0.493801 -1 0.120017 -0.92952 -0.213586 -0.155353 0.104994 -1 -1 0.960738 -0.0284635 0.427494 0.160711 -0.71885 0.0835046 0.138871 -0.555771 -0.995454 -0.314329 -0.926354 -0.195439 -0.184539 -0.70055 0.361734 -0.0872164 -0.732233 -0.675806 -0.192243 0.246619 0.200318 0.170321 -0.0790706 -0.478573 -0.967626 -1 -1 -0.313208 -0.832919 0.182734 -0.462313 -1 -0.920287 -0.301889 0.318223 0.169818 -0.525431 0.804148 -0.361026 -0.660437 -1 -1 -0.868209 0.117431 0.369041 0.569605 0.818083 -0.864297 -0.949934 -0.85363 -0.918713 -0.664607 -1 0.10992 -0.327766 0.033729 -1 -0.480508 -0.444022 -0.527292 -0.930295 -0.095843 0.695418 -0.608876 
-0.728931 -1 0.15051 -0.566224 0.533581 -1 -1 0.680895 -0.942956 -0.746808 0.856687 0.437174 -0.742895 -0.0108219 0.288675 -1 0.224555 -0.767256 -0.838352 -0.69249 0.647062 0.321185 0.267723 -0.554412 -0.302872 0.870931 0.747025 -1 0.557603 -0.273772 0.580526 -1 -0.612489 -0.135388 -0.582134 -0.499904 -0.61908 -0.498383 -0.877468 -0.85222 -1 -0.946813 0.299271 0.613091 -0.304409 -0.107724 0.222549 0.234818 0.190449 0.00910625 -0.474795 0.728253 -1 0.146108 -0.48854 -0.485981 -1 -0.452721 -0.776561 -0.0632226 -0.546492 0.455383 -0.38392 0.136892 -1 0.164423 -0.468437 -0.0417292 -0.169803 0.508522 -0.593533 -0.822643 -0.501042 -0.170662 0.0577734 -0.666975 -0.256502 -1 0.618381 0.264965 0.717693 -0.858689 -1 -0.489439 0.351591 0.46071 -0.735613 0.34983 -1 -1 0.16582 -0.934269 0.28729 0.0843552 0.628358 0.301087 0.367812 -0.493907 -0.946052 0.218694 -0.440155 -0.715651 0.491364 0.682006 -1 0.829447 -1 0.0853693 -0.567216 0.283106 0.309807 0.126629 -1 -0.438921 -0.461988 0.292962 -1 0.342529 -0.49107 -0.291748 -0.506721 -0.754201 -0.923571 -0.980464 0.30118 0.795243 -0.356199 -0.368145 0.667935 -0.887994 -0.62041 0.517354 -0.403637 -0.611249 -0.0775521 -0.932293 0.0766537 0.0763362 
-0.680929 -1 0.282807 -0.380744 0.758803 -0.965858 -0.904097 0.708803 -1 -0.725842 0.944357 0.436374 -0.807192 -0.30958 0.338688 -0.985949 0.177829 -0.543983 -0.934128 -0.4336 0.580875 0.436228 0.267723 -0.390053 -0.585424 0.870931 0.803715 -0.958504 0.667386 -0.0533684 0.509789 -0.987369 -0.292467 0.00731394 -0.844404 -0.463544 -0.708005 -0.247713 -0.752798 -0.85222 -1 -0.625866 0.299271 0.361497 -0.399913 -0.0412211 0.314137 0.128339 0.0370589 -0.047616 -0.474795 0.561844 -1 -0.179811 -0.257979 -0.485981 -1 -0.345042 -0.776561 0.00488341 -0.253979 0.331329 -0.38392 0.380121 -0.810048 0.0840727 -0.42969 -0.0417292 -0.315851 0.460691 -0.790625 -0.606416 -0.533339 -0.0653003 -0.0833061 -0.699094 -0.256502 -1 0.659309 0.12587 0.646588 -0.710866 -0.951971 -0.279626 0.351591 0.158217 -0.999894 0.475577 -1 -1 0.0250785 -0.875901 0.429086 -0.0529944 0.599231 0.237997 0.146978 -0.300513 -1 0.19959 -0.320501 -0.388393 0.678305 0.909422 -0.79865 0.855251 -1 0.00925452 -0.56899 0.198561 0.107516 -0.15829 -1 -0.427808 -0.220586 0.292962 -0.975266 0.0598166 -0.497711 -0.181578 -0.303779 -0.703144 -1 -0.980464 0.320828 0.992271 -0.585515 -0.368145 0.543916 -0.938647 -0.530074 0.517354 -0.175985 -0.59143 0.115075 -0.932293 0.0766537 0.0763362 
-0.806687 -1 0.282807 -0.463159 0.758803 -1 -1 0.708803 -1 -0.686758 0.944357 0.346067 -0.807192 -0.0480327 0.338688 -1 0.173196 -0.543983 -0.804167 -0.390381 0.636998 0.129249 0.267723 -0.336927 -0.302872 0.80026 0.550065 -1 0.667386 -0.143303 0.685398 -0.987369 -0.383807 0.00731394 -0.549849 -0.432786 -0.613163 -0.247713 -0.657549 -0.85222 -1 -0.625866 0.299271 0.613091 -0.247031 -0.107724 0.399768 0.303609 0.190449 -0.191045 -0.622442 0.628663 -1 0.105676 -0.257979 -0.676158 -1 -0.280675 -0.776561 0.0470525 -0.460841 0.455383 -0.38392 0.336898 -0.887149 0.294804 -0.333381 -0.0417292 -0.169803 0.380028 -0.593533 -0.467856 -0.533339 -0.299302 0.154434 -0.699094 -0.382268 -0.964664 0.644074 0.264965 0.644664 -0.710866 -1 -0.320519 0.158304 0.427989 -0.923335 0.513775 -1 -1 -0.103862 -0.883518 0.145424 -0.0358312 0.599231 0.301087 0.367812 -0.300513 -1 0.218694 -0.320501 -0.388393 0.741383 0.855975 -0.79865 0.83716 -1 0.00925452 -0.798972 0.257695 0.426903 0.126629 -1 -0.197997 -0.400373 0.171872 -1 0.286889 -0.27455 -0.181578 -0.188673 -0.754201 -1 -0.980464 0.0578108 0.870325 -0.420685 -0.368145 0.597506 -0.805672 -0.431038 0.323668 -0.178956 -0.497609 0.115075 -0.927093 0.11467 -0.00898722 
-0.690369 -1 0.282807 -0.733975 0.648487 -1 -1 0.708803 -1 -0.705338 0.984911 0.417219 -0.945297 -0.295873 0.36937 -1 0.177829 -0.664659 -0.744217 -0.4336 0.641262 0.296832 0.171396 -0.495356 -0.302872 0.761212 0.864284 -0.870263 0.667386 -0.57418 0.667478 -1 -0.485506 -0.00221376 -0.582134 -0.66802 -0.539541 -0.247713 -1 -0.752602 -1 -0.866516 0.229758 0.613091 -0.339929 -0.113449 0.0714594 0.234818 0.190449 -0.047616 -0.474795 0.793989 -1 0.105676 -0.406861 -0.632774 -1 -0.375806 -0.681936 0.132658 -0.346581 0.247978 -0.338714 0.201973 -0.761584 0.393463 -0.396167 -0.175246 -0.358959 0.53509 -0.593533 -0.492421 -0.692274 -0.0653003 -0.101166 -0.638768 -0.345142 -1 0.739913 0.264965 0.508346 -0.609796 -1 -0.463976 0.0113368 0.247113 -0.974165 0.285975 -0.983297 -1 0.16582 -0.983996 0.207395 0.181978 0.468225 0.301087 0.367812 -0.300513 -1 0.0343267 -0.412101 -0.449493 0.738525 0.795555 -0.787131 0.83716 -1 -0.225525 -0.644908 0.257695 0.484724 -0.00390746 -1 -0.266576 -0.265598 0.292962 -0.966265 0.35126 -0.27455 -0.343174 -0.408875 -0.917988 -0.979932 -1 0.30118 0.895796 -0.551312 -0.42347 0.769009 -0.973548 -0.413135 0.517354 -0.137001 -0.59143 0.0571224 -0.949635 -0.154061 -0.0642509 
-0.998055 -1 0.282807 -0.380744 0.591278 -0.991259 -1 0.597938 -1 -0.726977 0.944357 0.513784 -0.88093 -0.0642653 0.338688 -1 0.21885 -0.468713 -0.816676 -0.4336 0.687324 0.343434 0.267723 -0.390053 -0.302872 0.870931 0.604662 -0.870263 0.433586 -0.143303 0.657873 -0.987369 -0.383807 -0.26408 -0.516767 -0.463812 -0.613163 -0.299445 -0.926351 -0.801149 -1 -0.569556 0.186696 0.613091 -0.498031 -0.01967 0.479416 0.234818 0.190449 -0.137444 -0.474795 0.684235 -1 0.105676 -0.257979 -0.72495 -0.962193 -0.317053 -0.955253 -0.322814 -0.469897 0.254167 -0.38392 0.119315 -0.747074 0.130899 -0.551976 -0.192435 -0.38952 0.357037 -0.679345 -0.473548 -0.533339 -0.186378 0.0616396 -0.705218 -0.278309 -1 0.768453 0.282114 0.761568 -0.631907 -0.975768 -0.265902 0.351591 0.387655 -0.881736 0.54517 -1 -1 0.12962 -0.848801 0.260579 0.181978 0.314327 0.30734 0.367812 -0.300513 -0.946052 0.114063 -0.480194 -0.388393 0.741383 0.956732 -0.898395 0.83716 -1 0.00925452 -0.477823 -0.144061 -0.0110262 0.126629 -1 -0.301102 -0.220586 0.236147 -1 -0.0351272 -0.27455 -0.316909 -0.145629 -0.826808 -0.9899 -0.980464 0.213159 0.992271 -0.281733 -0.368145 0.608273 -1 -0.365492 0.517354 -0.202668 -0.687654 -0.125556 -0.932293 0.140117 0.0763362 
-0.728931 -1 -0.141962 -0.624426 0.689045 -0.904519 -0.920048 0.708803 -0.900091 -0.725339 0.944357 0.436374 -1 -0.323911 0.308537 -0.967567 0.0474377 -0.561052 -0.954514 -0.776724 0.605257 0.43599 0.386116 -0.581103 -0.536987 0.870111 0.803871 -0.836915 0.639169 -0.440564 0.743122 -0.971357 -0.526487 0.00276873 -0.619371 -0.418413 -0.613163 -0.247713 -0.657549 -0.85222 -0.985295 -0.636858 0.0208347 0.348949 -0.574285 -0.105958 0.0548216 0.2272 0.190449 -0.275399 -0.595135 0.728253 -1 0.105676 -0.257979 -0.585892 -1 -0.285277 -1 -0.0726093 -0.346581 0.0540524 -0.363896 0.336898 -0.707127 -0.166357 -0.417683 -0.0599859 -0.204019 0.278601 -0.572894 -0.467856 -0.681809 -0.135559 0.154434 -0.699094 -0.19727 -0.98976 0.532868 0.109039 0.798762 -0.710866 -1 -0.356353 0.0613514 0.284841 -0.735613 0.318216 -1 -1 0.16582 -0.875901 0.20681 0.0177325 0.599231 0.301087 0.118751 -0.525846 -1 0.27104 -0.516988 -0.51148 0.60115 0.682713 -0.855938 0.562566 -0.898474 -0.0530968 -0.766171 0.257695 0.390548 0.295957 -0.914358 -0.272396 -0.377307 0.292962 -0.833776 0.286889 -0.513345 -0.203743 -0.0793116 -0.860044 -1 -1 0.135019 1 -0.356199 -0.318563 0.652457 -1 -0.45735 0.45123 -0.364893 -0.59143 0.115075 -1 0.0766537 0.0272662 
-0.948293 -1 0.151149 -0.423974 0.758803 -1 -1 0.708803 -1 -0.60975 0.882515 0.193449 -0.807192 -0.0926718 0.231714 -1 0.122191 -0.543983 -0.816676 -0.437696 0.636998 0.343434 0.180679 -0.390053 -0.45772 0.403204 0.533323 -0.942568 0.433213 -0.198053 0.523167 -0.987369 -0.391593 -0.146287 -0.680828 -0.512563 -0.613163 -0.247713 -0.657549 -1 -1 -0.806544 0.0192029 0.607571 -0.622164 -0.107724 0.386534 0.0104101 0.190449 -0.047616 -0.474795 0.776943 -1 -0.0781748 -0.184046 -0.666238 -1 -0.447443 -0.748634 0.0470525 -0.388854 0.345356 -0.538789 0.336898 -0.806119 0.3232 -0.396167 -0.105947 -0.492225 0.111473 -0.797267 -0.591294 -0.840218 -0.0653003 0.193236 -0.655206 -0.463794 -0.934335 0.474039 0.139754 0.737131 -0.923057 -0.869298 -0.320519 0.297895 -0.0627009 -0.964358 0.475915 -0.970171 -1 0.16582 -0.875901 0.11741 0.142293 0.462286 0.35859 0.163787 -0.428868 -0.989782 -0.0725753 -0.539669 -0.386121 0.522638 0.909422 -1 0.556808 -1 0.0381171 -0.545915 -0.276059 0.473758 -0.16589 -0.919031 -0.215645 -0.444555 0.226989 -1 0.286889 -0.507358 -0.122443 -0.353939 -0.708358 -1 -0.978401 0.192706 1 -0.398113 -0.368145 0.697807 -0.908209 -0.669915 0.370872 -0.407111 -0.736979 -0.273949 -1 -0.188912 -0.0226641 
-0.728931 -0.962981 0.31654 -0.677446 0.604636 -0.932091 -1 0.638723 -1 -0.532506 0.801713 0.526398 -0.968122 -0.14158 0.355286 -1 0.142453 -0.757259 -0.816676 -0.3421 0.431236 0.343434 0.267723 -0.514814 -0.428997 0.912897 0.636965 -0.870263 0.258293 -0.159233 0.667478 -0.987369 -0.314628 0.0683929 -0.582134 -0.432786 -0.613163 -0.367542 -0.657549 -0.938795 -1 -0.625866 0.064533 0.557976 -0.285191 -0.384618 0.202719 0.120353 0.06398 -0.287297 -0.683806 0.551565 -1 0.105676 -0.257979 -0.485981 -1 -0.492532 -1 0.0470525 -0.795669 0.310734 -0.320945 0.336898 -1 0.0482149 -0.680893 -0.19122 -0.221919 0.254522 -0.593533 -0.533065 -0.79964 -0.294039 0.217446 -0.888718 -0.396684 -1 0.739913 0.316541 0.634974 -0.877068 -1 -0.669055 0.351591 0.387655 -0.735613 0.276074 -1 -0.960179 -0.222425 -1 0.244769 0.181978 0.599231 0.301087 0.208555 -0.427247 -1 0.274442 -0.580599 -0.388393 0.521412 0.899063 -0.79865 0.83716 -1 -0.161491 -0.957579 0.257695 0.115432 0.158736 -1 -0.197997 -0.195131 0.305698 -1 0.286889 -0.384232 -0.0576138 -0.0774306 -0.754201 -1 -0.962269 0.309376 0.917292 -0.270936 -0.610961 0.671605 -1 -0.45735 0.517354 -0.241535 -0.859963 0.0756267 -0.932293 0.0766537 0.160146 
-1 -0.45877 0.626279 0.567531 -0.373019 -0.980092 -0.142316 0.940288 -0.678103 -0.192633 -0.575346 -0.20931 -0.188233 0.146273 -0.00975546 -0.240322 -0.10875 0.410435 -1 -0.733778 0.447516 -0.629247 0.358677 0.47154 0.449469 -0.918286 0.830802 0.0542001 -0.709159 0.0630139 -0.990748 0.432782 0.170433 -0.533678 0.352564 -1 0.611776 -0.866719 0.139324 -1 1 0.298018 0.608548 -0.289098 -0.0364789 0.154939 0.142147 -0.12841 0.00218954 -1 0.0204538 -0.462992 0.0324716 0.329125 -0.712057 -0.518674 -1 0.360919 0.668378 -0.975482 -1 0.0278616 0.2282 0.420604 0.0352535 0.640429 0.237804 -0.487559 -0.598418 -0.0715133 0.63119 -0.790669 0.00626322 0.234042 -0.328342 0.068618 -0.128898 0.192816 -0.594413 -1 -0.483216 -0.929414 -0.918848 -0.876237 -0.437962 -0.98351 -0.955472 -0.61298 0.0931317 0.335529 -1 -0.238752 0.60628 -1 -1 0.743181 -0.831467 -0.695988 -0.969127 0.115484 0.212252 -1 0.352463 -0.246362 -0.454719 0.178613 -0.541184 -0.544402 0.00149381 -0.575734 -0.371246 0.735372 -0.750703 -0.439297 0.640936 -0.386032 -0.513134 -1 -1 -0.336177 -0.325309 -0.645205 -0.380873 0.0137982 -0.25994 -0.902878 -1 0.139035 -1 0.409059 -0.699921 -0.995532 0.25225 0.509614 0.714806 -0.303035 -0.484067 -0.980847 
-0.728931 -1 0.282807 -0.395465 0.758803 -0.965858 -1 0.708803 -1 -0.510777 0.944357 0.436374 -0.940539 -0.0925955 0.338688 -0.945086 -0.00977662 -0.543983 -0.816676 -0.41632 0.421142 0.343434 0.267723 -0.390053 -0.302872 0.709517 0.792598 -0.870263 0.667386 -0.280242 0.659885 -1 -0.578774 -0.067665 -0.582134 -0.367522 -0.613163 -0.247713 -0.657549 -0.935915 -1 -0.565232 0.299271 0.613091 -0.304409 -0.316423 0.314137 0.114683 0.190449 -0.242413 -0.706799 0.651116 -0.94099 -0.120114 -0.257979 -0.6843 -1 -0.236288 -0.849153 0.0470525 -0.326746 0.455383 -0.38392 0.336898 -0.763939 0.294804 -0.396167 -0.159499 -0.0960626 0.279795 -0.593533 -0.70255 -0.740224 -0.0653003 0.108843 -0.630235 -0.256502 -1 0.734677 0.180203 0.565867 -0.858151 -1 -0.320519 0.182475 0.387655 -0.967352 0.567245 -1 -1 0.16582 -1 0.134485 0.132767 0.599231 0.102186 0.367812 -0.300513 -1 0.218694 -0.416611 -0.388393 0.747266 0.761132 -0.79865 0.83716 -0.898474 -0.0671891 -0.549392 0.229037 0.362608 0.126629 -1 -0.197997 -0.325314 0.292962 -0.975266 0.286889 -0.27455 -0.181578 -0.145629 -0.754201 -1 -0.995439 0.108758 0.992271 -0.523765 -0.361072 0.734651 -0.887994 -0.525279 0.517354 -0.202668 -0.750611 0.115075 -0.932293 0.0766537 0.0763362 
-1 -0.79629 0.275627 0.767665 -0.543177 -0.380818 -0.182149 0.823411 -0.555218 -0.990757 -0.535243 -0.280795 -0.665177 0.292954 0.164687 -0.40966 -0.0253921 0.232577 -0.757123 -0.754702 0.3777 -0.423546 0.25179 -0.169793 0.668104 -0.95214 0.936178 0.154798 -0.393539 0.387965 -0.977782 0.431814 0.125754 -0.206216 0.374167 -0.991992 0.471186 -0.408347 -0.219611 -1 0.741929 0.556935 0.352355 -0.565698 0.992993 0.381776 -0.227991 -0.491219 0.542174 -0.869911 -0.0387492 -0.637941 -0.395597 -0.083325 -0.690248 -0.706231 -1 0.499396 0.383682 -1 -1 -0.265959 0.482545 0.550066 0.757206 0.460783 0.220472 -0.160504 -0.994583 -0.325724 0.239146 -0.953919 0.130072 0.459556 -0.373497 -0.353493 0.0609214 0.220062 -0.866747 -1 -0.839523 -0.816579 -1 -0.897927 -0.142218 -0.975558 -0.838156 -0.873369 0.198732 -0.118955 -1 -0.363356 0.272694 -1 -0.928282 1 -0.878939 -0.917744 -0.894531 0.0562655 0.0324704 -0.990121 0.648463 -0.573241 -0.659305 0.0143979 0.0547566 -0.521947 -0.36859 -0.689843 -0.621489 0.977813 -0.379497 -0.482245 -0.156762 -0.0947073 -0.411843 -0.98863 -1 -0.47693 -0.308537 -0.284836 -0.255639 0.157272 -0.249178 -1 -0.864268 -0.0544907 -0.873119 0.493204 -0.298923 -1 0.0853275 0.427678 0.413124 0.136084 -0.961347 -0.649118 
-0.940028 -0.959791 0.527451 0.405008 -0.836064 -0.846656 -0.121095 0.763831 -0.827469 -1 -0.402125 -0.411994 -0.791478 0.203429 -0.285199 -0.903702 -0.282297 0.237758 -1 -0.921211 -0.0135243 -0.571194 0.297426 -0.0590847 0.716552 -0.702675 0.594608 0.206848 -0.819089 0.467697 -1 0.208764 -0.394167 -0.491297 0.164522 -1 0.145112 -0.495227 0.0191467 -1 0.796096 0.481695 0.371324 -0.806071 0.7656 0.574572 -0.0325471 -0.655111 -0.189497 -1 0.137399 -0.450437 -0.430227 0.0316517 -0.767045 -0.652249 -0.983013 -0.251705 -0.0237067 -1 -1 -0.0265981 0.562387 -0.128231 0.593781 0.542647 -0.00549486 -0.50276 -0.851636 -0.711028 0.365607 -0.956286 0.383997 0.587577 -1 -0.303684 0.00709499 0.178673 -1 -0.919387 -1 -0.920772 -1 -1 -0.373506 -0.997052 -0.795641 -0.816968 -0.145261 0.254126 -0.950015 -0.895158 -0.0586674 -0.98498 -1 0.975562 -0.723559 -0.590142 -1 -0.442474 -0.198681 -1 -0.0233336 -0.560143 -0.626363 -0.2328 -0.350531 -0.966855 -0.255511 -0.88555 -0.878109 1 -0.531545 -0.471143 0.41334 -0.271777 -0.635957 -0.998263 -1 -0.227418 -0.71402 -0.142981 -0.774383 -0.0316583 -0.455873 -0.720343 -1 0.181819 -1 0.079787 0.0363683 -1 0.247165 0.628489 0.521174 0.101639 -0.527484 -0.822925 
-1 -0.819735 0.444207 0.429296 -0.304726 -0.658526 -0.471831 0.989629 -0.309487 -0.719642 -0.297028 -0.650076 -0.611239 0.258539 -0.0936071 -0.32979 -0.642673 0.0858174 -0.736056 -0.615506 0.276609 -0.635757 0.0905739 0.396468 0.708025 -0.751606 0.605237 -0.18068 -0.868625 0.242557 -1 0.445626 0.360246 0.275079 0.166762 -0.942493 -0.00286762 -0.511602 -0.429968 -1 0.703269 -0.013686 0.303039 -0.38118 0.981679 0.627549 0.23939 -0.400497 0.524649 -1 0.63477 -0.19938 -0.249189 0.644499 -0.705721 -0.661652 -1 0.615571 0.131594 -1 -1 -0.183547 0.603055 0.601181 0.439766 0.315558 0.226279 -0.350358 -0.673411 -0.0853648 0.65001 -0.788913 -0.120567 0.553739 -0.338997 -0.590811 0.220235 0.11756 -0.45111 -0.828364 -0.919589 -0.737027 -0.790506 -1 -0.449313 -1 -1 -0.865511 -0.200626 -0.227964 -0.901771 -0.135695 0.75046 -0.922076 -0.695142 1 -0.76317 -0.906599 -0.915401 -0.210284 0.304168 -0.959988 0.560782 -0.244502 -0.399676 0.243495 -0.195445 -0.70126 -0.0897644 -0.410442 -0.672073 0.855189 -0.54062 -0.331456 0.488061 0.038644 -0.616376 -0.982452 -0.921856 0.0425888 -0.441955 -0.326145 -0.722292 -0.280181 -0.364438 -0.501362 -0.769587 0.0626442 -1 0.388631 -0.540464 -1 0.26703 0.552086 0.36912 0.223334 -0.54607 -0.493988 
-1 -1 0.552778 0.92814 -0.970303 -1 -0.637983 0.755114 -0.401188 -0.612143 -0.242518 -0.364507 -0.561832 0.314614 -0.418327 -0.662608 0.221834 0.556437 -0.681025 -0.563952 0.301574 -0.378551 0.284974 0.265344 0.405066 -0.94875 0.754169 -0.318379 -0.399023 0.0249025 -1 0.799538 -0.540544 0.099474 0.250727 -1 0.274379 -0.795545 -0.189088 -1 0.767841 0.368179 0.758988 -0.289176 0.497504 0.831586 -0.359905 -0.164957 0.265262 -0.911494 0.0354882 -1 -0.323037 -0.387767 -0.869756 -0.510264 -0.904679 0.441876 0.0517247 -1 -1 -0.263385 0.594459 0.0674196 -0.0216289 0.903811 0.0366808 -0.42807 -0.698966 -0.792866 0.457313 -1 0.270641 0.317071 -0.417471 -0.224983 0.00542456 -0.238628 -0.930779 -0.891016 -1 -1 -0.905553 -1 -0.415237 -0.933961 -0.69259 -0.599684 -0.398131 0.191323 -1 -0.293662 0.214792 -1 -0.945639 0.0594146 -0.985088 -0.78298 -1 0.0794623 0.36788 -0.935795 0.255288 -0.269934 -0.485987 0.259659 -0.197775 -0.425392 0.0724041 -0.549726 -0.441598 0.221544 -0.0231335 -0.378018 0.247043 -0.166177 -0.555785 -1 -1 -0.387125 -0.390788 -0.60679 -0.353661 0.153471 -0.489206 -0.565284 -0.552291 0.0963444 -0.692946 0.102127 -0.13044 -1 0.199136 0.324199 0.389346 -0.128987 -0.573797 -0.6725 
0.153026 0.265561 0.0598553 -0.722806 0.406426 -0.500848 -1 -0.689313 -1 -0.191429 -0.941983 0.248495 -1 -0.932747 -0.863823 -0.757121 0.187301 -0.308892 -0.0224338 0.540933 0.651249 -0.808797 -1 -0.248694 -0.32069 -0.902454 -0.401965 0.356826 0.36133 0.121629 -0.505962 -0.0884653 -1 0.0422154 -1 -0.434987 0.945288 -0.332284 -0.386161 0.312297 -0.280472 0.736366 -1 -0.0785573 0.400706 0.288435 -0.78905 -1 -1 0.36103 -0.293949 0.735477 0.280901 0.248283 -0.314692 -0.955717 0.0624571 -1 -0.23933 -0.0232621 0.403482 -0.654436 -1 -0.965981 0.663622 -0.493801 -1 0.120017 -0.92952 -0.213586 -0.155353 0.104994 -1 -1 0.960738 -0.0284635 0.427494 0.160711 -0.71885 0.0835046 0.138871 -0.555771 -0.995454 -0.314329 -0.926354 -0.195439 -0.184539 -0.70055 0.361734 -0.0872164 -0.732233 -0.675806 -0.192243 0.246619 0.200318 0.170321 -0.0790706 -0.478573 -0.967626 -1 -1 -0.313208 -0.832919 0.182734 -0.462313 -1 -0.920287 -0.301889 0.318223 0.169818 -0.525431 0.804148 -0.361026 -0.660437 -1 -1 -0.868209 0.117431 0.369041 0.569605 0.818083 -0.864297 -0.949934 -0.85363 -0.918713 -0.664607 -1 0.10992 -0.327766 0.033729 -1 -0.480508 -0.444022 -0.527292 -0.930295 -0.095843 0.695418 -0.608876 
0.0443537 0.304823 -0.0154009 -0.631768 0.406426 -0.707725 -1 -0.689313 -1 -0.191429 -0.941983 0.0271234 -1 -1 -0.863823 -0.757121 0.187301 -0.383152 -0.23085 0.540933 0.651249 -0.738688 -1 -0.248694 -0.427089 -1 -0.453994 0.356826 0.36133 -0.146789 -0.619554 -0.0884653 -1 -0.0981448 -0.962494 -0.688202 0.945288 -0.332284 -0.379345 0.312297 -0.280472 0.613907 -1 -0.171357 0.400706 0.304334 -0.78905 -1 -1 0.239226 -0.561804 0.735477 0.280901 0.177429 -0.314692 -0.955717 0.157941 -1 -0.283931 -0.0232621 0.189025 -0.654436 -0.958721 -0.965981 0.563944 -0.747607 -1 0.120017 -0.92952 -0.213586 -0.268348 0.104994 -1 -1 0.762628 -0.306524 0.39119 0.253752 -0.998168 -0.0352734 -0.116933 -0.555771 -1 -0.314329 -1 -0.195439 -0.463488 -0.70055 0.0932916 -0.110416 -0.732233 -0.906688 -0.411851 0.246619 0.0563586 0.00993276 -0.0790706 -0.696554 -1 -1 -0.964685 -0.313208 -0.99341 0.150939 -0.462313 -1 -1 -0.301889 0.194272 -0.0761229 -0.525431 0.804148 -0.637513 -0.660437 -1 -1 -0.868209 0.117431 0.369041 0.598435 0.795305 -1 -0.950082 -0.85363 -0.918713 -0.664607 -1 0.10992 -0.327766 0.119687 -1 -0.669857 -0.444022 -0.527292 -1 -0.344239 0.426338 -0.608876 
-1 -1 0.182384 -0.57249 0.758803 -1 -1 0.674522 -1 -0.617514 0.944357 0.346067 -0.807192 -0.0480327 0.474779 -1 0.160243 -0.528255 -1 -0.68127 0.563259 0.192518 0.267723 -0.336927 -0.368505 0.874678 0.504684 -1 0.620018 -0.420107 0.395328 -0.939747 -0.383807 -0.192797 -0.793636 -0.432786 -0.878122 -0.247713 -0.939052 -0.85222 -1 -0.713483 0.320932 0.471481 -0.203344 -0.0435837 0.429521 0.303609 0.100466 -0.587663 -0.958529 0.368332 -1 0.0937277 -0.266818 -0.676158 -1 -0.766781 -0.755677 -0.032254 -0.460841 0.394842 -0.587956 0.336898 -0.891798 0.207471 -0.839298 -0.310919 -0.377705 0.326469 -0.589293 -0.40025 -0.625407 -0.299302 0.095029 -0.699094 -0.441178 -1 0.664061 0.264965 0.45611 -0.710866 -1 -0.347022 -0.0700236 0.295147 -1 0.32313 -1 -1 -0.303707 -0.979316 0.0668879 -0.0840566 0.652729 0.0197167 0.411544 -0.300513 -1 0.218694 -0.433957 -0.574112 0.456911 0.822782 -0.806272 0.83716 -1 -0.207311 -1 0.189935 0.358186 -0.269257 -1 -0.144074 -0.340522 0.293126 -1 0.244502 -0.627472 -0.491563 -0.288822 -0.754201 -1 -1 -0.0672517 0.946297 -0.879301 -0.3962 0.631374 -0.878732 -0.649696 0.350724 -0.302516 -0.497609 -0.0419998 -0.927093 0.109644 -0.297677 
-1 -1 0.66821 0.810717 -1 -0.551209 -0.364092 0.94559 -0.575329 -0.940721 -0.693202 -0.45014 -0.669722 0.427097 0.169337 -0.37005 -0.0875759 0.129387 -0.72709 -0.739312 0.104092 -0.531025 0.385222 -0.209631 0.0812659 -0.91735 0.891018 0.105024 -0.765792 0.487207 -1 0.57611 -0.0998591 0.0127016 0.505643 -1 0.153061 -0.198119 0.145657 -0.959573 0.693865 0.642927 0.102561 -0.586173 0.862603 0.372728 0.120287 -0.885593 0.509117 -0.875812 0.281229 -0.332519 -0.414072 -0.245583 -1 -0.648969 -0.998256 0.399318 0.235529 -0.912945 -1 -0.0265981 0.418954 0.410002 0.568838 0.514507 0.0381577 -0.523634 -0.855256 -0.233398 0.392823 -1 -0.21148 0.524384 -0.640387 -0.269605 0.0478685 0.298888 -0.772957 -1 -0.878068 -0.955276 -1 -0.908216 -0.468684 -1 -1 -0.991564 0.126711 0.0557196 -1 -0.783584 0.356556 -1 -1 0.991959 -1 -0.749385 -1 -0.100291 0.036181 -0.965643 0.0291076 -0.710741 -0.735891 -0.115485 -0.398317 -0.854351 0.117041 -1 -0.741267 1 -0.240608 -0.542513 -0.0938842 0.00661716 -0.315645 -1 -0.960778 -0.211404 -0.44106 -0.417361 -0.314393 -0.0388777 -0.542625 -1 -0.598308 -0.0686075 -1 0.398253 -0.254595 -1 -0.0118055 0.794873 0.58004 -0.125629 -0.280931 -1 
0.153026 0.265561 0.0598553 -0.722806 0.406426 -0.500848 -1 -0.689313 -1 -0.191429 -0.941983 0.248495 -1 -0.932747 -0.863823 -0.757121 0.187301 -0.308892 -0.0224338 0.540933 0.651249 -0.808797 -1 -0.248694 -0.32069 -0.902454 -0.401965 0.356826 0.36133 0.121629 -0.505962 -0.0884653 -1 0.0422154 -1 -0.434987 0.945288 -0.332284 -0.386161 0.312297 -0.280472 0.736366 -1 -0.0785573 0.400706 0.288435 -0.78905 -1 -1 0.36103 -0.293949 0.735477 0.280901 0.248283 -0.314692 -0.955717 0.0624571 -1 -0.23933 -0.0232621 0.403482 -0.654436 -1 -0.965981 0.663622 -0.493801 -1 0.120017 -0.92952 -0.213586 -0.155353 0.104994 -1 -1 0.960738 -0.0284635 0.427494 0.160711 -0.71885 0.0835046 0.138871 -0.555771 -0.995454 -0.314329 -0.926354 -0.195439 -0.184539 -0.70055 0.361734 -0.0872164 -0.732233 -0.675806 -0.192243 0.246619 0.200318 0.170321 -0.0790706 -0.478573 -0.967626 -1 -1 -0.313208 -0.832919 0.182734 -0.462313 -1 -0.920287 -0.301889 0.318223 0.169818 -0.525431 0.804148 -0.361026 -0.660437 -1 -1 -0.868209 0.117431 0.369041 0.569605 0.818083 -0.864297 -0.949934 -0.85363 -0.918713 -0.664607 -1 0.10992 -0.327766 0.033729 -1 -0.480508 -0.444022 -0.527292 -0.930295 -0.095843 0.695418 -0.608876 
-1 -1 0.381785 -0.380744 0.544921 -1 -0.994457 0.343702 -0.942956 -0.467134 1 0.402184 -0.939698 -0.521206 0.251056 -0.978423 -0.0102278 -0.507491 -0.936271 -0.4336 0.592687 0.43754 -0.170734 -0.618668 -0.31605 0.717451 0.729806 -1 0.493704 -0.0850804 0.466553 -1 -0.628417 -0.188903 -0.663494 -0.731889 -0.613163 -0.442368 -0.813313 -0.927975 -1 -0.722997 0.270062 0.518372 -0.427046 -0.303015 0.314137 0.14075 0.0288101 -0.248833 -0.569681 0.425466 -1 -0.0457675 -0.725117 -0.509576 -0.921292 -0.272931 -0.788863 -0.194126 -0.411374 0.384777 -0.545934 0.41479 -0.763939 0.113987 -0.61406 -0.00374544 -0.169803 0.291248 -0.706902 -0.649535 -0.520496 -0.0653003 0.0114392 -0.699094 -0.481707 -1 0.492373 0.113174 0.46101 -0.655118 -1 -0.358963 0.412835 0.265846 -0.980664 0.513775 -1 -1 0.16582 -0.858358 0.239747 0.117273 0.329226 0.189624 0.453286 -0.551591 -1 0.322595 -0.496105 -0.567164 0.486788 0.611418 -0.894707 0.494072 -1 -0.696888 -0.833795 0.283946 -0.0145933 -0.0527472 -0.863239 -0.197997 -0.281412 0.0753018 -0.915554 0.0464687 -0.481626 -0.260427 -0.252544 -0.979775 -0.962141 -1 0.361717 0.981888 -0.366082 -0.585654 0.589528 -0.786443 -0.385683 0.517354 -0.426937 -0.59143 -0.0947781 -0.980833 -0.0812284 -0.184483 
-0.787587 -1 0.282807 -0.511409 0.758803 -0.965858 -1 0.708803 -0.942956 -0.51584 1 0.436374 -0.807192 -0.0480327 0.265865 -1 0.177829 -0.543983 -1 -0.4336 0.395821 0.343434 0.267485 -0.390053 -0.302872 0.688339 0.803715 -0.772309 0.667386 -0.0745169 0.667478 -0.919069 -0.383807 0.00731394 -0.582134 -0.665409 -0.691913 -0.247713 -0.948618 -1 -0.934155 -0.625866 0.0592646 0.643648 -0.517232 -0.0459159 0.0601907 0.0727176 -0.0987312 -0.047616 -0.393749 0.802912 -1 0.105676 -0.513155 -0.485981 -1 -0.280675 -0.765563 0.100414 -0.284468 0.379121 -0.38392 0.155473 -0.938416 0.0328082 -0.396167 -0.0417292 -0.309067 0.251186 -0.593533 -0.437784 -0.561926 -0.0653003 0.154434 -0.929959 -0.366315 -1 0.616675 0.264965 0.698913 -0.959466 -1 -0.293072 0.120013 0.274729 -0.735613 0.387234 -1 -1 0.235481 -0.926519 0.277338 0.181978 0.599231 0.379672 0.158512 -0.316996 -0.946052 0.218694 -0.320501 -0.388393 0.741383 0.909422 -0.79865 0.788317 -0.80083 0.00925452 -0.504116 0.337298 0.393605 0.0995966 -1 -0.309105 -0.220586 0.125093 -1 0.246889 -0.27455 -0.242343 -0.30791 -0.754201 -1 -1 0.30118 0.868562 -0.356199 -0.308672 0.528051 -0.887994 -0.730103 0.517354 -0.202668 -0.59143 -0.0284255 -0.932293 0.0853159 0.0763362 
-1 -0.27765 0.710931 0.235739 -0.289411 -0.729399 -0.425696 0.341711 -0.322347 -0.687121 -0.178078 -0.922721 -0.398133 -0.0484239 0.35593 -0.283389 -0.759525 0.259507 -1 -0.6629 -0.0428039 -0.219443 0.125551 -0.0723009 0.43342 -0.678303 0.753874 0.0635106 -0.946973 0.0347587 -1 0.337033 0.253981 -0.631222 0.726748 -0.934447 0.156069 -0.900301 0.132378 -0.928544 0.728606 -0.0382736 0.122709 -0.390693 0.261939 0.393488 0.303264 -0.171398 0.603868 -1 0.34938 -0.268968 -0.594825 0.471861 -0.915553 -0.473158 -1 0.562375 0.621498 -1 -1 -0.510553 0.0782694 0.0622025 0.218933 -0.116279 0.564436 -0.279596 -0.805757 -0.342204 0.187783 -1 -0.17766 0.25004 -0.779193 -0.495787 -0.758571 -0.451514 -0.776077 -1 -1 -0.761059 -1 -1 -0.466799 -1 -1 -0.594368 0.159874 -0.268117 -1 -0.454159 0.600908 -0.988691 -1 1 -0.768161 -1 -1 -0.404652 -0.603519 -1 0.1972 -0.614871 -0.580941 0.0211587 -0.301119 -0.430805 -0.784086 -1 -0.596502 0.569383 -0.497661 -0.297121 0.185776 -0.57294 -0.406896 -1 -1 -0.201314 -0.224895 -0.33298 -0.661848 -0.21742 -0.718511 -0.39777 -0.684031 -0.11632 -0.739313 0.41683 -0.45726 -1 0.391461 0.585042 0.506837 -0.507027 -0.952625 -0.895873 
0.153026 0.265561 0.0598553 -0.722806 0.406426 -0.500848 -1 -0.689313 -1 -0.191429 -0.941983 0.248495 -1 -0.932747 -0.863823 -0.757121 0.187301 -0.308892 -0.0224338 0.540933 0.651249 -0.808797 -1 -0.248694 -0.32069 -0.902454 -0.401965 0.356826 0.36133 0.121629 -0.505962 -0.0884653 -1 0.0422154 -1 -0.434987 0.945288 -0.332284 -0.386161 0.312297 -0.280472 0.736366 -1 -0.0785573 0.400706 0.288435 -0.78905 -1 -1 0.36103 -0.293949 0.735477 0.280901 0.248283 -0.314692 -0.955717 0.0624571 -1 -0.23933 -0.0232621 0.403482 -0.654436 -1 -0.965981 0.663622 -0.493801 -1 0.120017 -0.92952 -0.213586 -0.155353 0.104994 -1 -1 0.960738 -0.0284635 0.427494 0.160711 -0.71885 0.0835046 0.138871 -0.555771 -0.995454 -0.314329 -0.926354 -0.195439 -0.184539 -0.70055 0.361734 -0.0872164 -0.732233 -0.675806 -0.192243 0.246619 0.200318 0.170321 -0.0790706 -0.478573 -0.967626 -1 -1 -0.313208 -0.832919 0.182734 -0.462313 -1 -0.920287 -0.301889 0.318223 0.169818 -0.525431 0.804148 -0.361026 -0.660437 -1 -1 -0.868209 0.117431 0.369041 0.569605 0.818083 -0.864297 -0.949934 -0.85363 -0.918713 -0.664607 -1 0.10992 -0.327766 0.033729 -1 -0.480508 -0.444022 -0.527292 -0.930295 -0.095843 0.695418 -0.608876 
0.153026 0.265561 0.0598553 -0.722806 0.406426 -0.500848 -1 -0.689313 -1 -0.191429 -0.941983 0.248495 -1 -0.932747 -0.863823 -0.757121 0.187301 -0.308892 -0.0224338 0.540933 0.651249 -0.808797 -1 -0.248694 -0.32069 -0.902454 -0.401965 0.356826 0.36133 0.121629 -0.505962 -0.0884653 -1 0.0422154 -1 -0.434987 0.945288 -0.332284 -0.386161 0.312297 -0.280472 0.736366 -1 -0.0785573 0.400706 0.288435 -0.78905 -1 -1 0.36103 -0.293949 0.735477 0.280901 0.248283 -0.314692 -0.955717 0.0624571 -1 -0.23933 -0.0232621 0.403482 -0.654436 -1 -0.965981 0.663622 -0.493801 -1 0.120017 -0.92952 -0.213586 -0.155353 0.104994 -1 -1 0.960738 -0.0284635 0.427494 0.160711 -0.71885 0.0835046 0.138871 -0.555771 -0.995454 -0.314329 -0.926354 -0.195439 -0.184539 -0.70055 0.361734 -0.0872164 -0.732233 -0.675806 -0.192243 0.246619 0.200318 0.170321 -0.0790706 -0.478573 -0.967626 -1 -1 -0.313208 -0.832919 0.182734 -0.462313 -1 -0.920287 -0.301889 0.318223 0.169818 -0.525431 0.804148 -0.361026 -0.660437 -1 -1 -0.868209 0.117431 0.369041 0.569605 0.818083 -0.864297 -0.949934 -0.85363 -0.918713 -0.664607 -1 0.10992 -0.327766 0.033729 -1 -0.480508 -0.444022 -0.527292 -0.930295 -0.095843 0.695418 -0.608876 
-0.999527 -1 -0.00461532 -0.850892 0.778187 -1 -1 0.708803 -1 -1 0.358761 0.292543 -0.825933 -0.139396 -0.15677 -1 0.0919794 -1 -0.777565 -0.286973 0.489648 0.353894 0.106362 -0.638276 -0.23256 0.865971 0.638525 -1 0.664955 -0.501051 0.338728 -1 -0.645222 -0.487254 -0.729144 -0.8335 -0.547642 -0.446629 -0.670954 -0.952067 -1 -0.552958 0.156524 0.464332 -0.522301 -0.107724 0.377269 0.0109417 0.206789 -0.13089 -0.805764 0.248376 -1 -0.0998365 -0.243107 -0.498586 -1 -0.395966 -1 -0.0794248 -0.916674 -0.0318601 -0.464332 0.377523 -0.97008 0.00868049 -0.733467 -0.00882197 -0.320842 0.460691 -0.820454 -0.699033 -0.60632 -0.317839 -0.463432 -0.978851 -0.737403 -1 0.337543 0.0602037 0.582333 -0.997907 -0.946369 -0.787652 -0.0938629 0.029853 -0.875902 0.245337 -1 -1 -0.10551 -1 0.228489 0.12475 0.303146 0.144827 -0.00590087 -0.355251 -0.946052 -0.357469 -0.994746 -0.819368 0.46098 0.931376 -0.79865 0.415951 -1 -0.240079 -0.941161 0.167553 0.103942 0.201929 -0.923792 -0.401028 -0.790184 0.193879 -1 0.171691 -0.442146 -0.273501 -0.198687 -1 -1 -1 0.292099 1 -0.484921 -0.317964 0.510242 -0.863421 -0.78654 0.242573 -0.375218 -0.581484 0.139489 -1 -0.505622 -0.0199716 
-0.861992 -1 0.282807 -0.492279 0.758803 -1 -1 0.707825 -0.942956 -0.510777 0.865448 0.425623 -1 -0.116631 0.13422 -1 0.133376 -0.465102 -0.777101 -0.4336 0.330254 0.282845 0.15508 -0.390053 -0.34049 0.870931 0.765387 -1 0.612002 -0.368715 0.667478 -1 -0.348564 -0.182601 -0.742065 -0.497141 -0.833078 -0.173581 -0.894475 -0.85593 -1 -0.625866 0.299271 0.646616 -0.304409 -0.055199 0.314137 0.27154 0.0264025 -0.047616 -0.716286 0.826133 -1 0.0194746 -0.310757 -0.770841 -1 -0.328249 -1 0.0470525 -0.526816 0.455383 -0.38392 0.150457 -0.763939 0.0682466 -0.396167 0.0121292 -0.366256 0.459139 -0.576129 -0.467856 -0.597538 -0.297417 0.154434 -0.776523 -0.247175 -1 0.809057 -0.00490697 0.737131 -0.646652 -1 -0.320519 0.351591 0.387655 -0.735613 0.324955 -1 -1 0.16582 -1 0.173606 0.0277486 0.323316 0.260654 0.380779 -0.471948 -1 0.218694 -0.320501 -0.486565 0.614221 0.620308 -0.918691 0.825222 -1 0.00925452 -0.723652 0.257695 0.262631 -0.0831292 -1 -0.372726 -0.372985 0.279874 -0.966882 0.17346 -0.453343 -0.274001 -0.292115 -0.704327 -0.90871 -0.902943 0.00356323 0.926176 -0.369016 -0.368145 0.604971 -1 -0.567786 0.517354 -0.19578 -0.59143 0.0960792 -1 -0.0478133 0.0337504 
-1 -0.436323 0.666265 0.567531 -0.563061 -1 -0.0600309 0.565147 -0.678103 -0.42684 -0.612831 -0.259786 -0.549042 0.0205579 -0.032285 -0.00452159 -0.102787 0.331856 -0.985989 -0.780167 0.639241 -0.605635 0.419882 0.47154 0.438451 -0.95604 0.807313 0.137911 -0.824973 -0.313026 -1 -0.0275998 0.0638446 -0.546061 0.122484 -0.977841 0.478282 -1 0.34882 -0.97408 1 0.272343 0.631037 -0.289098 0.218483 0.426374 -0.137987 -0.164957 0.127107 -0.839863 -0.234572 -0.458578 0.0324716 0.337 -0.83899 -0.571087 -1 0.401288 0.23952 -1 -0.940721 -0.177137 -0.295493 0.0870215 0.328955 0.640429 0.248936 -0.487559 -0.83961 0.044224 0.672339 -0.550579 -0.142515 -0.126596 -0.343341 0.0855705 -0.493964 0.162418 -0.557001 -0.949127 -0.655314 -0.948645 -1 -0.967403 -0.473323 -0.911688 -0.966534 -0.603923 0.27086 0.214397 -1 -0.249101 0.784056 -0.926744 -1 0.806444 -0.884473 -0.727711 -0.998187 0.0616466 0.156819 -1 0.756977 -0.00124878 -0.39596 0.443286 -0.31807 -0.565817 -0.107781 -0.594663 -0.361338 0.781091 -0.664254 -0.402301 0.58936 -0.250319 -0.546864 -1 -1 -0.325177 -0.327576 -0.530476 -0.583935 0.0129616 -0.210179 -0.717664 -0.941005 0.256238 -1 0.364589 -0.642592 -1 0.307059 0.416723 0.633676 -0.0136064 -0.766132 -0.630619 
-1 -1 0.682527 0.831275 -0.956947 -0.592982 -0.314231 0.710867 -0.548236 -0.952884 -0.595979 -0.511636 -0.384351 0.610937 -0.226011 -0.244443 -0.0622165 0.344778 -0.627451 -0.517461 0.126172 -0.263418 0.427785 0.00940457 0.600689 -0.739669 0.60939 0.14519 -0.616426 0.187701 -1 0.699974 0.341432 -0.210382 0.552826 -1 0.56965 -0.358679 0.246227 -0.975566 0.621501 0.456991 0.227178 -0.566431 0.840538 0.623635 0.308843 -0.449657 0.174195 -1 0.374085 -0.553869 -0.0931489 0.0369283 -0.663121 -0.669845 -1 0.529443 0.441436 -0.857239 -1 -0.157287 0.373757 0.26329 0.337194 0.561926 -0.20446 -0.0469577 -0.834227 -0.30666 0.752832 -1 0.253035 0.212236 -0.284926 -0.321673 0.171533 0.287215 -0.807707 -1 -0.73195 -0.891844 -1 -0.95744 -0.0713289 -0.863417 -0.838401 -0.522737 0.168199 0.176888 -1 -0.388167 0.621467 -0.943588 -0.969525 1 -0.821184 -0.701531 -1 -0.152854 0.230286 -0.999222 0.22427 -0.786877 -0.452083 0.0207924 -0.231507 -0.478411 -0.204491 -0.672289 -0.947874 1 -0.339677 -0.847112 -0.17072 -0.0779208 -0.291613 -0.938485 -1 -0.257674 -0.535062 -0.432346 -0.555538 0.23884 -0.391055 -0.603388 -0.904229 -0.312207 -1 0.272664 -0.360743 -1 0.244796 0.706788 0.127062 -0.0954318 -0.395997 -1 
-0.0396115 0.316464 0.0598553 -0.945809 0.406426 -0.632832 -1 -0.689313 -1 -0.404016 -1 0.306525 -1 -1 -0.863823 -0.757121 0.0940616 -0.308892 -0.214114 0.302967 0.651249 -0.808797 -1 -0.248694 -0.524157 -0.902454 -0.39763 0.356826 0.36133 0.121629 -0.505962 -0.311511 -1 0.0422154 -1 -0.621232 0.945288 -0.332284 -0.386161 0.161101 -0.280472 0.736366 -1 -0.0785573 0.425167 0.14128 -0.950611 -1 -1 0.191813 -0.293949 0.687928 0.118317 0.248283 -0.314692 -0.955717 0.0624571 -1 -0.23933 -0.0232621 0.403482 -0.654436 -1 -0.965981 0.519165 -0.573292 -1 -0.101634 -0.92952 -0.213586 -0.117184 -0.0444115 -1 -1 0.796488 -0.0284635 0.427494 0.134516 -0.71885 0.0835046 0.138871 -0.555771 -1 -0.314329 -1 -0.235804 -0.33468 -0.70055 0.406959 -0.108147 -0.732233 -0.675806 -0.211118 0.246619 0.200318 -0.053537 -0.0790706 -0.478573 -0.967626 -0.950824 -1 -0.448784 -0.832919 0.182734 -0.462313 -1 -0.879954 -0.31993 0.318223 0.169818 -0.658532 0.804148 -0.361026 -0.694737 -1 -0.946991 -0.94633 0.117431 0.369041 0.364457 0.588751 -0.974573 -0.949934 -0.824959 -0.918713 -0.664607 -1 0.10992 -0.303219 0.033729 -1 -0.460959 -0.444022 -0.527292 -0.930295 -0.0548957 0.695418 -0.607091 
-0.962605 -0.959791 0.542781 0.311424 -0.563516 -0.718693 -0.368587 0.772974 -0.612268 -1 -0.608495 -0.428104 -0.534123 0.520865 0.335374 -0.610599 -0.246763 0.158749 -1 -0.942036 -0.000869319 -0.758151 0.316343 0.0174989 0.743522 -0.738505 0.930121 0.285979 -0.760183 0.226124 -1 0.822964 -0.205282 -0.107591 0.232285 -1 0.170627 -0.417913 -0.0941808 -1 0.837456 0.481695 0.214988 -0.806071 0.981679 0.564611 0.1953 -0.709652 0.200951 -0.960233 0.432 -0.605017 -0.206577 0.257277 -0.650507 -0.758399 -1 -0.155333 0.0474379 -1 -1 -0.119475 0.37552 0.457579 0.439783 0.352486 0.0138084 -0.140022 -0.910776 -0.448474 0.438674 -1 0.0248104 0.654029 -0.888776 -0.560799 0.0875245 -0.0247014 -1 -0.970528 -0.8155 -0.814264 -1 -1 -0.478133 -0.960457 -0.82395 -1 0.149027 0.150831 -1 -0.640292 0.157989 -1 -1 0.994313 -0.723559 -0.590142 -1 -0.537805 -0.162664 -1 0.456915 -0.750169 -0.712762 -0.409156 -0.0550544 -1 -0.0268642 -0.7675 -0.69692 0.988676 -0.361478 -0.60304 0.41334 -0.552776 -0.66753 -1 -1 -0.227418 -0.507461 -0.173417 -0.836505 -0.0082233 -0.599636 -1 -1 0.0676193 -1 0.28603 -0.0550437 -1 0.119232 0.752797 0.354116 0.0421164 -0.540708 -0.801667 
-0.963239 -0.928735 0.205803 -0.534876 0.74824 -1 -0.94373 0.247571 -1 -1 0.878657 0.0506338 -1 -0.485946 0.357098 -1 -0.111308 -0.64764 -1 -0.609608 0.421122 0.0361422 0.265712 -0.886247 -0.304747 0.586542 0.909768 -0.99638 0.476794 -0.289856 0.684641 -1 -0.402 -0.342409 -0.582134 -0.60458 -0.647808 -0.505557 -0.603061 -1 -0.91819 -0.895055 0.230444 0.320554 -0.378185 -0.297148 0.217832 -0.131419 0.0694261 -0.0489148 -0.815617 0.0599929 -1 -0.017986 -0.603756 -0.584454 -1 -0.348087 -1 -0.0872546 -0.506851 0.411486 -0.419532 0.220839 -0.966604 0.208276 -0.838948 -0.384436 -0.401201 0.0527412 -0.51692 -0.863275 -1 -0.343277 0.283042 -0.807999 -0.649197 -1 0.587571 -0.126684 0.360268 -1 -1 -0.667612 -0.219295 -0.174194 -1 0.278702 -0.995113 -0.998372 -0.220801 -1 0.0488185 -0.0335189 0.277383 -0.0522841 -0.0389433 -0.731272 -0.947167 -0.253497 -0.766699 -0.521684 0.274327 0.663201 -1 0.270302 -0.829717 -0.295438 -0.551144 0.244271 0.196053 -0.187136 -1 -0.229891 -0.349769 -0.00790554 -1 0.36505 -0.573468 -0.230174 -0.619847 -0.848126 -1 -1 0.0685468 0.848148 -0.948191 -0.409865 0.432707 -1 -0.372787 0.521113 -0.121588 -0.931078 -0.334237 -1 -0.254388 -0.61571 
-1 -1 0.460604 0.776622 -0.960787 -0.78797 -0.696632 0.982948 -0.473824 -0.624278 -0.165401 -0.566371 -0.480331 0.25409 0.0569048 -0.609521 -0.00687426 0.581835 -0.653902 -0.584968 0.0569382 -0.546286 0.24509 0.321309 0.585207 -1 0.495088 -0.313047 -0.399023 0.172143 -0.915378 0.584364 -0.0109626 -0.243906 0.484641 -1 0.194966 -0.798029 -0.208308 -1 0.932713 0.386094 0.736204 -0.420915 0.719705 0.856669 -0.359905 -0.297403 0.547635 -0.898811 0.23434 -0.974364 -0.197139 -0.472436 -0.733443 -0.559664 -0.925268 0.650126 0.112121 -1 -1 -0.101055 0.255429 0.255991 0.240499 0.984537 -0.00639918 -0.248789 -0.698966 -0.497458 0.504849 -1 0.270641 0.540428 -0.322517 -0.166254 -0.0530433 -0.119883 -0.719932 -0.899118 -0.711975 -0.914245 -0.813128 -0.877157 -0.403479 -1 -0.771796 -0.780624 -0.376554 0.170283 -1 -0.251427 0.611125 -1 -0.971557 0.557393 -0.968887 -0.872783 -1 -0.0331624 0.533597 -1 0.615841 -0.32324 -0.263589 0.0458889 0.00507339 -0.595099 0.0724041 -0.556939 -0.579773 0.365406 -0.169291 -0.398262 0.0774613 -0.32175 -0.767113 -1 -1 -0.0378913 -0.292089 -0.846018 -0.599856 0.125261 -0.599504 -0.603033 -0.516946 0.286279 -0.893177 0.202126 -0.0638342 -0.933662 0.537957 0.244632 0.328171 -0.168466 -0.509049 -0.643731 
-0.945145 -0.267835 0.562481 0.443164 -0.552069 -0.92029 -0.712487 0.801502 -0.484826 -0.341125 -0.335698 -0.548258 -0.494818 0.00703666 -0.384738 -0.816424 0.0734923 0.475968 -1 -0.927174 0.251469 -0.604728 0.279908 0.347405 0.664718 -0.842696 0.269034 -0.23695 -0.620845 0.0935235 -0.964235 0.589703 -0.0576192 -0.214489 0.428826 -1 0.709424 -0.828544 -0.0878819 -1 0.770715 0.684153 0.686417 -0.590162 0.246558 0.636785 0.379297 -0.831602 0.302289 -1 -0.242574 -0.441191 -0.301097 0.460435 -0.545212 -0.756594 -1 0.255728 0.776848 -1 -1 -0.173986 -0.18477 0.239157 0.0556931 0.239613 0.378092 -0.65996 -0.819617 -0.0538064 0.359043 -0.8098 -0.287485 -0.170066 -0.412859 0.063483 -0.0229805 0.572396 -0.854646 -1 -0.672485 -1 -1 -1 -0.686416 -0.951002 -0.90279 -0.806722 0.100661 -0.0993117 -1 -0.0925979 0.572728 -1 -1 0.578867 -1 -1 -1 0.260872 -0.384173 -1 0.906216 -0.4001 -0.653444 0.157359 -0.438696 -1 -0.205574 -0.797996 -0.708046 0.389643 -0.74042 -0.901266 0.117772 -0.567046 -0.915875 -1 -1 -0.092682 -0.614897 -0.173605 -0.919159 -0.138134 -0.356336 -0.693016 -0.749817 0.10361 -0.953067 0.183294 -0.472662 -1 -0.081778 0.554556 0.897459 -0.517397 -0.703955 -0.928388 
-1 -0.698486 0.504844 0.801112 -0.677588 -0.380818 -0.320708 0.61768 -0.445331 -1 -0.617013 -0.128483 -0.665177 0.430247 0.164687 -0.214088 -0.00838023 0.10286 -0.757123 -0.766438 0.3777 -0.347619 0.269354 -0.193144 0.668104 -0.95214 0.894551 0.158594 -0.458234 0.384073 -0.977782 0.647325 0.125754 -0.206216 0.374167 -1 0.477869 -0.434729 -0.243394 -0.964113 0.624324 0.484417 0.235384 -0.565698 0.849823 0.580006 -0.322854 -0.491219 0.542174 -1 -0.0829282 -0.498784 -0.195194 -0.083325 -0.690248 -0.706231 -0.821138 0.582009 0.371283 -1 -0.923858 -0.0484429 0.575639 0.550066 0.757206 0.405952 0.0910759 -0.160504 -1 -0.284579 0.441976 -0.953919 0.149167 0.409889 -0.373497 -0.353493 0.0609214 0.14944 -1 -0.997986 -0.866707 -0.622984 -1 -0.949818 -0.142218 -0.975558 -0.750412 -0.873369 0.196613 -0.0368192 -0.982967 -0.363356 0.142964 -0.944145 -1 0.975149 -0.799997 -0.917744 -0.915845 -0.0958056 0.0324704 -0.955579 0.553246 -0.573241 -0.659305 -0.0613299 0.0771761 -0.620489 -0.405631 -0.85582 -0.69692 0.974849 -0.379497 -0.482245 -0.212098 -0.10749 -0.281527 -0.876147 -1 -0.47693 -0.308537 -0.284836 -0.255639 0.157272 -0.249178 -1 -0.864268 -0.0869311 -0.873119 0.297078 -0.475491 -1 0.0853275 0.427678 0.413124 0.0608841 -0.80823 -0.851717 
-1 -1 0.523661 1 -1 -1 -0.433435 0.864529 -0.434981 -0.578439 -0.276754 -0.458418 -0.581983 0.210184 -0.0348069 -0.547419 0.150971 0.494415 -0.653889 -0.527232 0.161723 -0.378551 0.023062 0.164905 0.234694 -1 0.708861 -0.493624 -0.56533 0.0970872 -1 0.863755 -0.289277 -0.0998954 0.286866 -1 0.249454 -0.782749 -0.200191 -0.969526 1 0.191972 0.585925 -0.380979 0.75215 0.765744 -0.453744 -0.266601 0.238161 -0.678182 0.0743582 -0.980442 -0.172588 -0.651209 -0.687668 -0.709542 -0.899838 0.71481 -0.0383546 -1 -0.918391 -0.0880828 0.464854 0.00788575 0.282243 0.899083 -0.0961672 -0.241352 -0.698966 -0.843 0.545714 -0.990219 0.147906 0.488889 -0.375084 -0.447902 0.00542456 -0.0790707 -0.719932 -0.891016 -0.904861 -0.948743 -0.905553 -1 -0.703067 -0.933961 -0.69259 -0.395183 -0.366463 0.11961 -1 -0.399545 0.657917 -1 -1 0.203016 -0.929038 -0.539192 -1 0.251204 0.251365 -1 0.379547 -0.137967 -0.578606 0.228345 -0.0105492 -0.459242 0.0724041 -0.549726 -0.441598 0.221544 -0.0231335 -0.40686 0.20397 -0.166177 -0.39628 -1 -1 -0.045053 -0.292089 -0.777687 -0.557222 0.12447 -0.357348 -0.565284 -0.516946 0.105679 -0.842036 0.00150593 -0.13044 -0.933662 0.243676 0.324199 0.383422 -0.184698 -0.618557 -0.6725 
-1 -0.437633 0.671083 0.359684 -0.507521 -0.980092 -0.142316 0.940288 -0.678103 -0.215475 -0.427216 -0.243621 -0.188233 0.18567 -0.00975546 -0.141358 -0.140436 0.207342 -1 -0.793464 0.565548 -0.579119 0.499003 0.265677 0.572687 -1 0.830802 0.0853413 -0.83626 0.0630139 -1 0.397841 0.320515 -0.621038 0.330105 -1 0.488912 -0.868912 0.255733 -1 1 0.298018 0.626844 -0.515225 0.131625 0.181339 -0.0142225 -0.12841 0.0255682 -1 0.0204538 -0.536533 0.0324716 0.291005 -0.712057 -0.518674 -1 0.142434 0.668378 -1 -1 -0.00302837 0.0512437 0.369016 0.00560044 0.563065 0.237804 -0.487559 -0.652176 -0.100308 0.416174 -0.685776 0.0612943 0.338845 -0.570313 0.068618 -0.0690794 0.192816 -0.476639 -1 -0.563159 -0.903188 -0.918848 -0.993051 -0.460827 -1 -0.955472 -0.603923 0.0931317 0.263417 -1 -0.106237 0.608922 -1 -1 0.517732 -1 -0.755765 -1 -0.033137 0.212252 -1 0.400107 -0.421138 -0.670133 0.178613 -0.31807 -0.484738 0.0770046 -0.575734 -0.396523 0.735372 -0.69136 -0.681808 0.594042 -0.269327 -0.513134 -1 -1 -0.575782 -0.273237 -0.645205 -0.380873 0.0137982 -0.472858 -0.697987 -1 0.101231 -0.951695 0.446434 -0.642592 -1 0.307059 0.509614 0.714806 -0.213339 -0.558728 -0.883369 
-1 -0.956036 0.724312 0.652065 -0.847982 -0.834592 -0.191947 0.931863 -0.451903 -1 -0.36547 -0.538965 -0.789 0.175394 0.251384 -0.0284436 -0.167381 0.225133 -0.837777 -0.298002 0.31827 -0.666572 0.203694 0.238344 0.421443 -0.811965 0.530169 -0.170224 -1 0.252195 -1 0.406029 0.157166 -0.182707 0.445435 -1 0.299067 -0.982918 0.0154428 -0.960409 0.672028 0.270604 0.145204 -0.483515 0.795904 0.84197 0.0343173 -0.492054 0.645992 -0.818135 0.28025 -0.591265 -0.193475 0.426318 -0.907156 -0.87084 -1 0.401507 0.434244 -0.995741 -0.939287 0.125836 0.364661 0.605721 -0.192543 0.806803 0.230278 -0.347625 -1 -0.189635 0.753714 -0.748135 -0.161441 0.155451 -0.405439 -0.511697 -0.140365 0.141326 -0.70253 -1 -1 -1 -0.783376 -1 -0.322974 -1 -1 -0.837888 -0.139066 0.135678 -0.834174 -0.859425 0.18839 -1 -1 0.681758 -0.850246 -0.991606 -1 0.0487753 0.0143364 -1 0.449673 -0.150177 -0.380705 0.263248 -0.250576 -0.52907 -0.00938606 -0.64108 -0.343003 0.807152 -0.572665 -0.359651 0.277637 -0.271408 -0.58226 -0.999738 -0.952122 -0.0145459 -0.386596 -0.67188 -0.738839 -0.12756 -0.431869 -0.406672 -0.697274 0.244988 -0.761603 0.186171 -0.266572 -1 -0.0162549 0.718058 0.522175 -0.339688 -0.548181 -0.913618 
-1 -0.690357 0.667946 0.860055 -0.334305 -1 -0.268863 0.365253 -0.438216 -0.60113 -0.220243 -0.941982 -0.249824 -0.259457 0.103439 -0.50468 -0.641173 0.299109 -0.829003 -0.266964 0.155692 -0.395638 0.3277 0.052693 0.761086 -0.6551 0.805285 0.0752929 -0.655047 -0.0663521 -0.934608 0.448237 0.334441 -0.0513682 0.459032 -1 -0.0844082 -0.690195 0.129255 -0.990564 0.597544 0.2097 0.352246 0.00811765 0.543551 0.721119 0.304304 -0.609875 0.244415 -0.964948 0.378078 -0.553958 -0.557002 0.274505 -1 -0.596853 -1 0.405666 0.439738 -1 -1 -0.208152 0.262502 0.109683 0.196125 0.642096 0.425003 -0.00781953 -0.62878 -0.0804207 0.445776 -0.956871 -0.10601 -0.000573024 -0.568469 -0.198672 0.0911578 0.121874 -0.51014 -0.926192 -1 -0.838536 -0.983566 -0.946969 -0.749344 -0.995449 -1 -0.528883 0.282658 -0.633659 -1 -0.193155 0.569413 -1 -0.880459 0.991406 -0.725253 -0.544415 -1 0.172715 -0.218981 -1 0.0669955 -0.538544 -0.997322 -0.0386852 -0.277904 -0.253326 -0.667148 -0.842644 -0.718018 0.46926 -0.583725 -0.294602 -0.00382866 -0.394014 -0.179442 -1 -0.978982 -0.25478 -0.0301813 -0.42613 -0.170598 -0.542689 -0.540715 -0.382583 -0.938783 0.256488 -1 0.0270554 -0.437267 -1 0.703733 0.234692 0.793249 -0.429843 -0.593056 -0.684372 
-1 -1 0.480768 0.478468 -0.60879 -0.65251 -0.140403 0.639165 -0.832867 -0.776378 -0.32207 -0.109964 -0.724612 0.336033 0.00219882 -0.23292 -0.474555 0.222737 -0.556247 -0.487336 0.462404 -0.44417 0.209522 -0.333149 0.239942 -0.767936 0.405158 0.143053 -0.383994 0.337398 -1 0.613989 0.360246 0.0269127 0.382434 -1 0.405031 -0.945022 -0.293149 -1 0.435092 -0.0337235 0.180194 -0.376773 0.610668 0.63731 0.0430005 -0.717738 0.416031 -1 0.385478 -0.470088 -0.566139 0.29757 -0.802 -0.677091 -0.90279 0.513813 0.428985 -0.923451 -0.927119 -0.398688 0.364681 0.595665 0.422794 0.342764 0.479684 -0.267465 -0.731854 -0.111243 0.503294 -0.704807 0.194786 0.359234 -0.444537 -0.295053 -0.0489374 -0.049182 -0.763983 -1 -0.844596 -1 -1 -1 -0.15808 -1 -0.951399 -1 -0.22845 0.307375 -1 -0.532181 0.453986 -1 -0.840477 1 -0.699612 -0.98999 -0.624394 -0.16951 0.133337 -0.791555 0.568262 -0.35298 -0.421567 0.284133 -0.222117 -0.439168 -0.171626 -0.876178 -0.353081 0.816651 -0.149137 -0.262755 0.240919 -0.417464 -0.433181 -1 -1 -0.412238 -0.472513 -0.481205 -0.506879 -0.200106 -0.448095 -0.662222 -0.948101 0.0249079 -0.769872 0.339762 -0.291895 -1 0.305818 0.526633 0.398924 -0.324807 -0.552359 -0.846378 
-1 -0.319571 0.454931 0.248182 -0.553948 -0.957899 -0.286352 0.649464 -1 -0.45753 -0.139207 -1 -0.62696 0.152638 0.0382776 -0.594912 -0.455335 -0.046463 -0.919239 -0.811024 0.377282 -0.491945 0.889583 0.428571 0.571379 -0.4751 0.444865 0.420725 -1 0.0751119 -1 0.0683978 0.106773 -0.355505 0.278784 -1 0.150949 -0.967373 -0.551744 -0.891451 0.55221 0.696348 0.443498 -0.709095 0.918821 0.301044 -0.295106 -0.25004 0.597763 -0.986929 0.334779 -0.345428 -0.404927 0.334423 -0.846838 -0.590501 -0.935108 0.547274 0.804094 -0.921716 -1 -0.0264056 0.110756 0.341193 0.72785 0.61786 -0.0925867 -0.514555 -0.712848 -0.561131 0.636569 -0.665313 0.162171 0.339269 -0.691406 0.0352233 0.062961 0.221799 -0.801941 -1 -0.685594 -0.982063 -1 -1 -0.80919 -1 -1 -1 -0.0276131 0.077374 -1 -0.129443 0.806596 -0.721082 -1 0.680427 -0.720382 -0.619651 -1 -0.0931042 0.136671 -1 0.271049 -0.568415 -0.559995 0.408994 -0.740161 -0.47162 -0.228712 -0.806807 -0.551697 0.993572 -0.497694 -1 0.209751 -0.111488 -0.91461 -1 -1 -0.0326665 -0.615656 -0.605389 -0.233492 -0.233424 -0.806018 -0.240286 -0.447037 -0.36567 -1 0.186631 -0.325468 -1 0.307731 0.528049 0.278974 -0.198149 -0.37717 -1 
-0.757717 -1 -0.117274 -0.485222 0.758803 -0.945178 -1 0.708803 -1 -0.672 0.588812 0.267466 -0.88315 -0.198661 -0.100228 -0.970101 0.0499795 -1 -0.816676 -0.373546 0.469131 0.327816 0.0558745 -0.710905 -0.205121 0.696046 0.438986 -1 0.664955 -0.419693 0.52908 -0.9672 -0.769589 0.00731394 -0.729144 -0.48769 -0.613163 -0.188708 -0.713626 -1 -1 -0.625866 0.273242 0.551567 -0.599989 -0.0522496 0.359319 0.0109417 0.0380852 -0.228406 -0.979237 0.248376 -1 0.0125384 -0.299957 -0.607331 -1 -0.280675 -0.995602 -0.204788 -0.663505 0.256936 -0.548269 0.0630822 -0.947435 0.294804 -0.58547 -0.227635 -0.124969 0.184082 -0.820454 -0.634711 -0.751714 -0.54797 0.00772613 -0.873992 -0.506839 -1 0.472514 0.226826 0.480204 -0.831575 -1 -0.532955 0.15839 0.4209 -0.735613 0.199871 -0.968389 -1 -0.0646532 -1 0.29749 0.12475 0.291194 0.229446 -0.250718 -0.365874 -1 0.0523271 -0.635647 -0.388393 0.635948 0.746982 -0.981157 0.653059 -1 -0.400756 -0.869709 0.257695 -0.0208761 -0.0560895 -0.942871 -0.438115 -0.499741 0.292962 -0.927881 0.171691 -0.27455 -0.608495 -0.351726 -0.921768 -1 -0.971395 0.264171 1 -0.430412 -0.514414 0.766044 -0.887994 -0.78654 0.424726 -0.194281 -0.53877 -0.0383107 -0.873869 -0.218987 -0.00795089 
-0.728931 -1 0.282807 -0.602821 0.758803 -0.965858 -0.966981 0.603353 -0.942956 -0.707702 0.944357 0.436374 -0.807192 -0.0480327 0.400881 -1 0.177829 -0.560605 -0.816676 -0.451423 0.394119 0.343434 0.160105 -0.488457 -0.289345 0.580619 0.752728 -0.870263 0.447216 -0.0925495 0.667478 -0.894622 -0.404221 -0.20539 -0.582134 -0.455771 -0.613163 -0.247713 -0.688139 -0.85222 -1 -0.75956 0.282178 0.613091 -0.304409 -0.107724 0.033687 0.171903 0.190449 -0.279175 -0.45605 0.452936 -1 0.105676 -0.257979 -0.758941 -1 -0.280675 -0.776561 -0.0360235 -0.425839 0.455383 -0.587201 0.336898 -0.763939 0.135519 -0.396167 -0.0417292 -0.169803 0.460691 -0.593533 -0.467856 -0.748456 -0.223062 0.07506 -0.699094 -0.256502 -0.995843 0.739913 0.239903 0.737131 -0.887558 -1 -0.369279 0.252994 0.387655 -0.845807 0.225314 -1 -1 -0.043738 -0.875901 0.288557 0.181978 0.599231 0.0881265 0.367812 -0.300513 -0.946052 0.218694 -0.274706 -0.388393 0.741383 0.909422 -1 0.83716 -0.898474 -0.0639878 -0.619266 0.0795587 0.393605 0.126629 -1 -0.262712 -0.163611 0.220526 -1 0.286889 -0.27455 -0.181578 -0.141675 -0.905776 -0.909119 -0.980464 0.30118 0.992271 -0.521033 -0.368145 0.734651 -1 -0.746607 0.581003 -0.202668 -0.731265 0.115075 -0.932293 -0.146349 0.0526664 
-0.852199 -0.900932 -0.0684156 -0.504809 0.764314 -1 -1 0.763216 -1 -0.981159 0.675463 0.47503 -0.807192 -0.0790544 0.178559 -1 0.207672 -0.590733 -0.732336 -0.391114 0.503525 0.343434 -0.122736 -0.342516 -0.261057 0.870931 0.803715 -0.950272 0.11747 -0.475828 0.272964 -0.980857 -0.711663 0.163982 -0.448698 -0.394959 -0.577389 -0.90173 -0.724523 -1 -1 -1 -0.0230249 0.56422 -0.790599 -0.387669 0.348 -0.36911 0.13401 -0.307194 -0.641372 0.581756 -1 -0.625513 -0.186576 -0.422953 -1 -0.367644 -0.776561 -0.214504 -0.421485 0.0908418 -0.399107 -0.0705693 -1 0.294804 -0.235022 -0.400441 -0.0608494 0.455874 -0.762831 -0.408904 -0.938773 -0.305424 -0.024154 -0.752067 -0.43329 -1 0.46978 0.396333 0.649342 -0.885615 -0.849399 -0.301186 0.166836 0.193645 -1 0.312391 -1 -1 -0.0322064 -1 -0.0796084 0.152789 0.441225 -0.0873037 0.367812 -0.300513 -0.946052 0.120492 -0.487411 -0.830491 0.65691 0.806369 -1 0.596037 -0.956035 0.0419083 -0.682532 0.349282 0.176277 0.126629 -0.931879 -0.145925 -0.330191 0.292962 -1 0.308761 -0.0586968 -0.112796 -0.662245 -0.9952 -0.968168 -0.822687 0.368635 0.941101 -0.402526 -0.511276 0.578524 -1 -0.809086 0.512939 -0.723285 -0.59143 0.115075 -1 -0.176608 -0.335182 
-0.923621 -1 0.298808 -0.380744 0.638011 -0.965858 -1 0.708803 -0.942956 -0.510777 1 0.436374 -0.966843 -0.136307 0.338688 -1 0.177829 -0.543983 -0.864732 -0.4336 0.636998 0.343434 0.267723 -0.434556 -0.302872 0.870931 0.873679 -0.870263 0.646261 -0.143303 0.667478 -1 -0.383807 -0.0908481 -0.837448 -0.642693 -0.613163 -0.341398 -0.657549 -0.85222 -1 -0.654782 0.299271 0.616128 -0.304409 -0.315099 0.314137 -0.0355064 0.149713 -0.101896 -0.574556 0.728253 -1 0.0215556 -0.257979 -0.485981 -0.936772 -0.280675 -0.776561 0.0470525 -0.399948 0.504669 -0.39703 0.336898 -0.836415 0.294804 -0.396167 -0.0417292 -0.169803 0.460691 -0.771278 -0.694805 -0.533339 -0.0653003 0.154434 -0.699094 -0.256502 -1 0.564867 0.148107 0.737131 -0.710866 -1 -0.295911 0.351591 0.387655 -0.735613 0.586282 -0.928209 -1 0.16582 -0.875901 0.359054 0.170615 0.568974 0.301087 0.367812 -0.300513 -0.946052 0.214444 -0.290581 -0.388393 0.741383 0.909422 -1 0.83716 -0.898474 -0.186958 -0.549392 0.105469 0.242622 0.126629 -1 -0.197997 -0.267115 0.292962 -0.938833 0.286889 -0.27455 -0.339446 -0.145629 -0.754201 -1 -0.980464 0.206723 0.992271 -0.430223 -0.368145 0.734651 -0.833714 -0.45735 0.382834 -0.14009 -0.789577 -0.140489 -0.932293 0.172364 -0.0436235 
-0.718545 -0.955219 0.085037 -0.516828 0.764314 -1 -1 0.708803 -0.903983 -1 0.42445 0.225634 -1 -0.308293 0.0564907 -1 -0.0906352 -0.902885 -1 -0.355272 0.287073 0.343434 0.0676633 -0.494331 -0.261057 0.795124 0.667152 -0.854528 0.407411 -0.374026 0.486824 -0.987369 -0.651774 -0.184162 -0.639509 -0.498719 -0.717131 -0.711822 -0.722015 -0.993987 -0.932318 -1 -0.269492 0.396265 -0.479019 -0.10797 0.375267 -0.194795 0.180539 0.000240996 -0.474795 0.505979 -0.919573 -0.517279 -0.349186 -0.422953 -1 -0.379381 -0.776561 0.0811491 -0.325505 0.114746 -0.626904 0.0898465 -0.680246 0.366953 -0.516803 -0.423576 -0.236293 0.455874 -0.685386 -0.419859 -0.807532 0.00816254 0.187954 -0.679853 -0.406823 -1 0.739913 -0.00957969 0.500985 -0.710866 -1 -0.716651 0.0578603 0.387655 -0.815535 0.480754 -1 -1 -0.259266 -0.943013 -0.0634648 0.152789 0.575082 0.0213193 0.367812 -0.35064 -1 0.277745 -0.379775 -0.630177 0.65691 0.632255 -0.711978 0.869776 -1 -0.112338 -0.733607 0.313252 0.182211 -0.276606 -1 -0.362762 -0.330191 0.292962 -1 0.348965 -0.452214 -0.297646 -0.408826 -0.834824 -1 -0.904188 0.276802 0.761041 -0.356199 -0.339568 0.578524 -1 -0.745407 0.661833 -0.289723 -0.787998 0.0768837 -1 -0.0576846 -0.0773246 
-0.867705 -0.537894 0.600598 0.287989 -0.284818 -0.989119 -0.315755 0.318236 -0.458382 -0.903116 -0.170563 -1 -0.41337 0.267216 0.039575 -0.529764 -0.376719 -0.130052 -0.710725 -0.325489 -0.408213 -0.424958 0.648502 0.251085 0.115599 -0.755574 0.769568 0.545442 -0.621021 -0.114747 -1 0.539355 -0.0570322 0.0778844 0.506846 -1 -0.184728 -1 0.136854 -0.968464 0.688721 0.386153 0.41722 -0.319397 0.813151 0.462192 0.561537 -0.318569 0.481483 -0.913571 0.220038 -0.759499 -0.376056 0.463693 -1 -0.552644 -0.991852 0.595324 0.385569 -0.990077 -1 -0.234953 0.308031 0.193964 0.411467 0.401394 0.561682 -0.286935 -0.950164 -0.0266422 0.613284 -0.922313 -0.200947 0.323646 -0.787158 -0.0650953 0.403778 0.0934803 -0.656758 -1 -0.925133 -0.646173 -0.913963 -1 -0.549889 -0.969257 -0.942078 -0.53804 0.039434 -0.183295 -0.839794 -0.271309 0.929541 -1 -1 0.534555 -1 -0.757857 -0.762142 0.345867 -0.053848 -1 0.464929 -0.312839 -0.699572 0.076375 -0.643987 0.1702 -0.359901 -1 -0.499548 0.606156 -0.303286 -0.470694 0.378188 -0.0140271 -0.230408 -0.921143 -0.975892 -0.67835 -0.419204 -0.0206102 -0.260955 -0.258047 -0.62939 -0.665463 -0.633942 0.008766 -0.595341 0.682371 -0.519062 -1 0.140988 0.490426 0.715441 -0.267118 -0.703175 -0.576772 
-1 -0.470146 0.416038 0.790295 -0.358328 -0.808865 0.152822 0.54572 -0.801849 -0.617734 -0.681586 -0.627232 -0.63143 -0.405051 0.110474 -0.411967 -0.159407 0.198938 -0.969213 -0.847908 0.342182 -0.482771 0.421105 0.41547 0.769334 -0.543606 0.620778 -0.0250841 -0.683656 -0.0290275 -1 0.611891 0.379142 -0.41836 0.284265 -0.847256 0.41674 -0.870311 -0.110098 -0.823467 0.796402 0.188626 0.623139 -0.155822 0.489697 0.846569 -0.0617264 -0.607233 -0.0167205 -1 0.442978 -0.515791 -0.212454 0.596095 -0.602312 -0.652988 -0.844979 0.341225 0.287687 -1 -1 -0.218971 0.0401517 0.396731 0.162741 0.62581 0.0766159 -0.786003 -1 0.103731 0.0724882 -0.97068 -0.271348 0.29075 -0.636021 -0.655931 0.160466 0.0661833 -0.60782 -1 -0.508697 -1 -0.951662 -1 -0.574783 -1 -1 -0.572959 0.104966 0.0785311 -0.959606 -0.215478 0.590395 -1 -1 0.227665 -1 -1 -1 0.095233 -0.0777667 -1 0.497575 -0.182838 -0.812665 0.388861 -0.265653 -0.739586 -0.16111 -0.752573 -0.523811 0.515785 -0.2914 -0.589911 0.436252 -0.386473 -0.740291 -0.973577 -0.970579 -0.153654 -0.576873 -0.0846158 -0.733296 0.0842155 -0.0300379 -0.838536 -0.821919 0.23372 -0.885404 0.70513 -0.470592 -1 0.212819 0.255172 0.46851 -0.323917 -0.584146 -0.655119 
-0.771631 -1 0.158256 -0.380744 0.680566 -0.965858 -1 0.220071 -1 -0.627688 0.91258 -0.206185 -0.96166 -0.0480327 0.118912 -1 -0.010879 -0.702477 -0.796044 -0.500473 0.350886 -0.14794 0.072946 -0.457626 -0.235309 0.870931 0.692405 -0.870263 0.537524 -0.143303 0.667478 -1 -0.383807 0.00731394 -0.603204 -0.72308 -0.563497 -0.0904996 -0.657549 -0.905342 -0.957766 -0.755539 0.189704 0.425851 -0.612682 -0.0348909 -0.281874 0.0563612 0.190449 -0.0279344 -0.651318 0.572741 -1 0.105676 -0.191281 -0.683477 -1 -0.579666 -1 -0.151914 -0.293474 0.521712 -0.487697 -0.141984 -0.840642 0.307804 -0.573903 0.0193769 -0.114938 0.286854 -0.635992 -0.467856 -0.706992 -0.111995 -0.0853658 -0.690664 -0.256502 -0.886132 0.497182 0.085766 0.72634 -0.853384 -1 -0.300313 0.426759 0.442133 -0.78247 0.513775 -1 -0.967913 0.114554 -0.793502 0.464162 0.181978 0.350687 0.301087 0.367812 -0.258513 -1 -0.0923053 -0.611599 -0.548283 0.554085 0.911348 -0.718149 0.65072 -1 0.0656206 -0.623778 0.257695 0.268247 0.0241083 -1 -0.324853 -0.295975 0.0611338 -0.973968 0.142979 -0.452081 -0.495449 -0.3731 -0.754201 -1 -0.951859 0.216253 0.992271 -0.329214 -0.310761 0.787154 -0.887994 -0.407709 0.517354 -0.307342 -0.471122 -0.146482 -1 -0.194546 0.0258771 
0.153026 0.265561 0.0211152 -0.722806 0.406426 -0.793453 -0.980825 -0.689313 -1 -0.142046 -0.976783 0.0652575 -0.951119 -1 -0.863823 -0.771165 -0.0831231 -0.308892 -0.214718 0.496034 0.676802 -0.871348 -0.963164 -0.248694 -0.279863 -1 -0.355747 0.412705 0.36133 0.21805 -0.505962 -0.108719 -1 0.0422154 -0.97549 -0.434987 0.99423 -0.332284 -0.386161 0.133054 -0.221867 0.736366 -1 -0.0785573 0.400706 0.380954 -0.78905 -1 -1 0.36103 -0.293949 0.735477 0.280901 0.248283 -0.314692 -1 0.000648156 -1 -0.230106 -0.115522 0.403482 -0.654436 -1 -0.965981 0.663622 -0.493801 -1 0.120017 -0.829631 -0.247309 -0.155353 -0.088703 -1 -1 0.960738 -0.0284635 0.427494 -0.0355968 -0.71885 0.0835046 0.138871 -0.555771 -0.995454 -0.302358 -0.926354 -0.372104 -0.325878 -0.70055 0.361734 -0.203563 -0.732233 -0.675806 -0.192243 0.246619 0.0103671 0.0422954 -0.259437 -0.615486 -0.935363 -0.926538 -1 -0.313208 -0.832919 0.105395 -0.462313 -1 -0.920287 -0.301889 0.179086 0.169818 -0.525431 0.804148 -0.361026 -0.637083 -1 -1 -0.901052 0.21495 0.3812 0.569605 0.79355 -0.864297 -1 -0.85363 -0.918713 -0.664529 -1 0.10992 -0.349093 0.033729 -1 -0.480508 -0.45906 -0.527292 -1 -0.151947 0.695418 -0.864472 
-0.806687 -1 0.282807 -0.463159 0.758803 -1 -1 0.708803 -1 -0.686758 0.944357 0.346067 -0.807192 -0.0480327 0.338688 -1 0.173196 -0.543983 -0.804167 -0.390381 0.636998 0.129249 0.267723 -0.336927 -0.302872 0.80026 0.550065 -1 0.667386 -0.143303 0.685398 -0.987369 -0.383807 0.00731394 -0.549849 -0.432786 -0.613163 -0.247713 -0.657549 -0.85222 -1 -0.625866 0.299271 0.613091 -0.247031 -0.107724 0.399768 0.303609 0.190449 -0.191045 -0.622442 0.628663 -1 0.105676 -0.257979 -0.676158 -1 -0.280675 -0.776561 0.0470525 -0.460841 0.455383 -0.38392 0.336898 -0.887149 0.294804 -0.333381 -0.0417292 -0.169803 0.380028 -0.593533 -0.467856 -0.533339 -0.299302 0.154434 -0.699094 -0.382268 -0.964664 0.644074 0.264965 0.644664 -0.710866 -1 -0.320519 0.158304 0.427989 -0.923335 0.513775 -1 -1 -0.103862 -0.883518 0.145424 -0.0358312 0.599231 0.301087 0.367812 -0.300513 -1 0.218694 -0.320501 -0.388393 0.741383 0.855975 -0.79865 0.83716 -1 0.00925452 -0.798972 0.257695 0.426903 0.126629 -1 -0.197997 -0.400373 0.171872 -1 0.286889 -0.27455 -0.181578 -0.188673 -0.754201 -1 -0.980464 0.0578108 0.870325 -0.420685 -0.368145 0.597506 -0.805672 -0.431038 0.323668 -0.178956 -0.497609 0.115075 -0.927093 0.11467 -0.00898722 
-0.733275 -1 0.122046 -0.331098 0.758803 -1 -1 0.433146 -0.942956 -0.480395 0.944357 0.436374 -0.947152 -0.215455 0.0529107 -1 0.177829 -0.635438 -0.710941 -0.592244 0.475262 0.213366 0.17459 -0.390053 -0.365832 0.600622 0.644657 -0.870263 0.667386 -0.142938 0.468654 -0.987369 -0.383807 -0.088758 -0.781631 -0.381372 -0.636913 -0.441031 -0.758524 -0.85222 -0.900039 -0.586462 0.263815 0.633052 -0.471461 -0.0755659 0.314137 0.190823 0.190449 -0.0115162 -0.474795 0.774411 -1 0.105676 -0.257979 -0.712752 -0.957499 -0.463387 -0.980486 -0.0169972 -0.465676 0.455383 -0.623768 0.336898 -0.743064 0.294804 -0.621508 -0.0417292 -0.169803 0.426909 -0.593533 -0.467856 -0.533339 -0.305021 0.154434 -0.721163 -0.256502 -1 0.739913 0.119456 0.737131 -0.710866 -1 -0.268624 -0.0860332 0.245336 -1 0.36803 -0.925896 -1 0.16582 -0.875901 0.23991 0.263947 0.520102 0.198511 0.367812 -0.300513 -1 0.218694 -0.429646 -0.56803 0.741383 0.906112 -0.937415 0.750991 -0.898474 -0.160511 -0.592659 0.343416 0.393605 -0.0702009 -1 -0.227714 -0.235484 0.292962 -1 0.218169 -0.27455 -0.256171 -0.0852523 -0.754201 -1 -1 0.241918 0.828116 -0.356199 -0.498451 0.829519 -0.923557 -0.684612 0.481529 -0.121856 -0.687828 0.0603533 -0.932293 -0.128624 -0.0193183 
-0.975279 -1 0.651143 0.669613 -0.847982 -0.838581 -0.0663616 0.986573 -0.58677 -1 -0.36547 -0.680233 -0.898384 0.29682 0.251384 -0.172645 -0.167381 0.070185 -1 -0.308494 0.31827 -0.617763 0.275672 -0.00341058 0.201438 -0.874211 0.470914 -0.0584201 -1 -0.00280114 -1 0.510882 -0.180796 -0.182707 0.445435 -1 0.335461 -0.930246 -0.190204 -0.916049 0.380913 0.255014 0.251283 -0.331539 0.838389 0.731568 0.0755237 -0.415002 0.407512 -0.818135 0.0983999 -0.588108 -0.193475 0.426318 -1 -0.85365 -0.967208 0.118677 0.298843 -0.995741 -1 -0.101421 0.369834 0.487583 0.139938 0.829552 -0.0394047 -0.435097 -1 -0.263513 0.692152 -0.748135 -0.437217 0.155451 -0.354531 -0.486323 -0.16422 0.119287 -0.7655 -1 -1 -0.899159 -0.783376 -1 -0.279901 -1 -1 -0.76237 -0.153192 0.311394 -0.834174 -0.88268 0.0634472 -1 -1 0.684821 -0.957007 -0.946249 -1 -0.212989 -0.2232 -1 0.277585 -0.0628077 -0.38599 0.0794933 -0.512826 -0.779989 -0.0501138 -0.64108 -0.469061 0.747684 -0.430486 -0.410564 0.179673 -0.590507 -0.343279 -0.991011 -0.896671 0.0602675 -0.386596 -0.678037 -0.738839 -0.215613 -0.459602 -0.362181 -0.854827 0.244988 -0.834753 0.186171 -0.266572 -1 -0.0162549 0.718058 0.352491 -0.344967 -0.573848 -0.901568 
0.153026 0.265561 0.0598553 -0.722806 0.406426 -0.500848 -1 -0.689313 -1 -0.191429 -0.941983 0.248495 -1 -0.932747 -0.863823 -0.757121 0.187301 -0.308892 -0.0224338 0.540933 0.651249 -0.808797 -1 -0.248694 -0.32069 -0.902454 -0.401965 0.356826 0.36133 0.121629 -0.505962 -0.0884653 -1 0.0422154 -1 -0.434987 0.945288 -0.332284 -0.386161 0.312297 -0.280472 0.736366 -1 -0.0785573 0.400706 0.288435 -0.78905 -1 -1 0.36103 -0.293949 0.735477 0.280901 0.248283 -0.314692 -0.955717 0.0624571 -1 -0.23933 -0.0232621 0.403482 -0.654436 -1 -0.965981 0.663622 -0.493801 -1 0.120017 -0.92952 -0.213586 -0.155353 0.104994 -1 -1 0.960738 -0.0284635 0.427494 0.160711 -0.71885 0.0835046 0.138871 -0.555771 -0.995454 -0.314329 -0.926354 -0.195439 -0.184539 -0.70055 0.361734 -0.0872164 -0.732233 -0.675806 -0.192243 0.246619 0.200318 0.170321 -0.0790706 -0.478573 -0.967626 -1 -1 -0.313208 -0.832919 0.182734 -0.462313 -1 -0.920287 -0.301889 0.318223 0.169818 -0.525431 0.804148 -0.361026 -0.660437 -1 -1 -0.868209 0.117431 0.369041 0.569605 0.818083 -0.864297 -0.949934 -0.85363 -0.918713 -0.664607 -1 0.10992 -0.327766 0.033729 -1 -0.480508 -0.444022 -0.527292 -0.930295 -0.095843 0.695418 -0.608876 
-0.666829 -0.987085 0.0143175 -0.630104 0.758803 -0.965858 -1 0.476645 -0.942956 -0.667865 0.944357 0.355945 -0.807192 -0.0480327 0.0508202 -1 0.177829 -0.543983 -0.816676 -0.360063 0.636998 0.206031 -0.00851774 -0.390053 -0.540909 0.829068 0.803715 -0.870263 0.667386 -0.143303 0.667478 -0.987369 -0.383807 0.00731394 -0.611009 -0.432786 -0.613163 -0.247713 -0.657549 -0.85222 -1 -0.910127 0.299271 0.613091 -0.569538 -0.107724 0.189951 0.302194 0.190449 -0.047616 -0.622825 0.728253 -1 0.105676 -0.257979 -0.564821 -1 -0.280675 -0.935069 0.0470525 -0.349477 0.269897 -0.432769 0.112481 -0.763939 0.354519 -0.523119 0.0319702 -0.283227 0.31393 -0.593533 -0.391519 -0.690565 -0.0653003 0.154434 -0.926301 -0.532443 -1 0.739913 0.264965 0.737131 -0.74811 -1 -0.320519 0.351591 0.387655 -0.735613 0.513775 -0.985915 -1 0.16582 -0.875901 0.359054 -0.117587 0.599231 0.362745 0.367812 -0.300513 -0.946052 0.122285 -0.470673 -0.614355 0.551648 0.693539 -0.79865 0.733582 -0.898474 0.00925452 -0.549392 0.0772018 0.185006 -0.0760413 -1 -0.197997 -0.364034 0.292962 -0.975266 0.286889 -0.35026 -0.181578 -0.145629 -0.967207 -1 -0.980464 0.0611468 0.992271 -0.356199 -0.368145 0.734651 -0.887994 -0.397949 0.360292 -0.202668 -0.59143 0.115075 -0.932293 0.0766537 0.149197 
-0.806207 -1 0.0425037 -0.380744 0.604866 -0.886486 -1 0.766972 -0.97825 -0.70135 0.944357 0.473773 -0.807192 -0.0480327 0.382701 -1 0.177829 -0.599098 -0.742515 -0.577052 0.53095 0.421329 0.341471 -0.338515 -0.302872 0.782354 0.626258 -0.795416 0.667386 -0.143303 0.737002 -1 -0.383807 0.0679445 -0.582134 -0.368933 -0.833568 -0.247713 -0.8202 -1 -1 -0.845273 0.299271 0.613091 -0.304409 -0.331372 0.337626 0.234818 0.190449 -0.047616 -0.474795 0.696527 -1 0.113022 -0.230159 -0.603835 -0.95191 -0.280675 -0.776561 -0.00538566 -0.346581 0.227388 -0.38392 0.182468 -0.763939 0.353158 -0.451817 -0.0417292 -0.169803 0.460691 -0.788899 -0.467856 -0.533339 -0.0653003 -0.000139207 -0.699094 -0.256502 -1 0.739913 0.117191 0.711452 -0.710866 -1 -0.320519 0.201086 0.409237 -0.735613 0.513775 -1 -1 0.16582 -0.875901 0.359054 0.181978 0.599231 0.301087 0.31453 -0.300513 -0.946052 0.226412 -0.320501 -0.565809 0.597633 0.923713 -0.878461 0.83716 -0.898474 0.00925452 -0.549392 0.257695 0.257298 0.0690752 -1 -0.197997 -0.220586 0.292962 -1 0.319992 -0.27455 -0.181578 -0.145629 -0.899667 -1 -0.980464 0.30118 0.992271 -0.53147 -0.368145 0.735346 -0.983104 -0.55495 0.342164 -0.202668 -0.59143 0.115075 -0.932293 0.0766537 0.0763362 
-0.757717 -0.933276 -0.333347 -0.481773 0.621061 -1 -1 0.65373 -0.94329 -0.591538 0.687342 -0.103866 -0.867954 -0.279482 0.192715 -1 0.255055 -1 -1 -0.619568 0.618193 0.339349 0.13752 -0.651643 -0.347247 0.357789 0.465388 -0.965015 0.628146 -0.365067 0.43236 -1 -0.518414 0.0666892 -0.826312 -0.771597 -0.711742 -0.247713 -0.863539 -1 -0.961532 -0.625866 0.391122 0.46908 -0.304409 -0.0545787 0.0975299 0.0627463 0.136044 -0.0809335 -0.720696 0.153493 -0.960321 0.105676 -0.225966 -0.562021 -0.923174 -0.23026 -1 -0.136203 -0.791135 0.322288 -0.285708 0.328869 -0.864935 0.248359 -0.420744 -0.117263 -0.204505 0.313974 -0.701874 -0.467856 -0.795504 -0.0217564 0.305148 -1 -0.256502 -1 0.56583 0.247096 0.776919 -0.856899 -1 -0.514995 0.241548 0.168652 -0.787755 0.425532 -1 -0.982491 0.105794 -1 0.216774 0.126807 0.305556 0.146049 0.206193 -0.255977 -0.946052 0.257048 -0.491825 -0.723781 0.665676 0.42247 -1 0.700063 -0.969024 -0.425454 -0.831509 0.349455 0.333849 0.0940543 -1 -0.520719 -0.63692 0.318786 -0.804993 0.171691 -0.27455 -0.314103 -0.351726 -1 -1 -1 0.101147 0.94359 -0.520239 -0.422159 0.482428 -0.888338 -1 0.556883 -0.436766 -0.580284 0.0634211 -1 0.165717 -0.0863895 
-0.964943 -1 0.282807 -0.385255 0.544921 -0.965858 -1 0.464886 -1 -0.578254 0.944357 0.390486 -0.939698 -0.174796 0.338688 -1 0.157065 -0.567287 -0.889829 -0.476127 0.704091 0.343434 0.211588 -0.618668 -0.31605 0.870931 0.772168 -0.88114 0.608894 -0.143303 0.535682 -1 -0.588933 -0.0466866 -0.762249 -0.524285 -0.613163 -0.247713 -0.813313 -0.961939 -1 -0.629479 0.316869 0.617117 -0.596532 -0.20354 0.270835 0.134403 0.0992042 -0.047616 -0.4381 0.50623 -1 -0.0684644 -0.700165 -0.691881 -1 -0.280675 -0.776561 0.0470525 -0.320161 0.448467 -0.38392 0.336898 -0.876122 0.249383 -0.61406 -0.0417292 -0.169803 0.485358 -0.706902 -0.425771 -0.739237 -0.0653003 0.177676 -0.699094 -0.440129 -0.939819 0.585084 0.264965 0.562787 -0.712417 -0.986992 -0.501669 0.412835 0.166178 -0.893827 0.513775 -1 -1 0.16582 -0.858358 0.12534 0.0431208 0.599231 0.115367 0.18816 -0.300513 -1 0.228595 -0.320501 -0.388393 0.640482 0.754911 -0.79865 0.535334 -0.960255 -0.235033 -0.549392 0.257695 0.200643 0.158349 -0.974908 -0.197997 -0.220586 0.275114 -1 0.121158 -0.38516 -0.181578 -0.25664 -0.969703 -0.99695 -0.909753 0.30118 1 -0.432301 -0.368145 0.734651 -0.817491 -0.45735 0.544709 -0.438349 -0.59143 0.115075 -0.980833 0.0959012 0.019102 
-0.816792 -1 0.130184 -0.380744 0.597324 -1 -1 0.695105 -1 -0.510777 0.8939 0.321521 -0.835942 -0.0997538 0.397361 -1 0.222381 -0.70434 -0.765071 -0.403778 0.61363 0.343434 0.0257241 -0.617531 -0.427365 0.778001 0.655461 -1 0.667386 -0.143303 0.498577 -0.987369 -0.433762 -0.115518 -0.952494 -0.351811 -0.705557 -0.327182 -0.655491 -0.90261 -1 -0.772718 0.05111 0.622429 -0.269203 -0.0971273 0.251869 -0.0944997 -0.0232511 0.00161272 -0.474795 0.515075 -1 -0.0497202 -0.257979 -0.530871 -1 -0.2574 -0.776561 -0.178952 -0.23318 0.399523 -0.428263 0.457378 -0.972179 0.294804 -0.396167 -0.0951476 -0.102655 0.37133 -0.823291 -0.544457 -0.68751 -0.107314 0.06776 -0.699094 -0.256502 -1 0.582553 0.0788978 0.738512 -0.691058 -1 -0.45053 0.2853 -0.219667 -0.979137 0.310324 -1 -1 0.200838 -0.84136 0.183114 0.0876738 0.599231 0.340017 0.367812 -0.239833 -0.946052 -0.114784 -0.546035 -0.388393 0.565641 0.73085 -0.758954 0.691371 -0.898474 -0.293611 -0.684707 0.194559 0.393605 -0.172659 -1 -0.375045 -0.398905 0.160845 -0.975266 0.16292 -0.27455 -0.162489 -0.24346 -0.771204 -1 -0.950574 0.169694 0.992271 -0.646833 -0.368145 0.52994 -0.999734 -0.629814 0.544733 -0.519168 -0.612972 0.115075 -1 -0.107329 -0.0641072 
-0.728931 -1 0.107788 -0.380744 0.596983 -0.965858 -1 0.544855 -1 -0.705179 0.944357 0.109672 -0.965293 -0.236653 0.126453 -1 -0.0525855 -0.562516 -0.911793 -0.4336 0.544515 0.371303 0.292036 -0.390053 -0.302872 0.639057 0.639651 -0.846652 0.340935 -0.420421 0.763326 -0.987369 -0.621715 -0.311841 -0.902463 -0.432786 -0.63243 -0.354021 -0.730833 -0.971104 -1 -0.735284 0.243688 0.690083 -0.366279 -0.0784841 0.165864 0.095695 0.00183004 -0.318701 -0.4917 0.534985 -1 0.0456689 -0.41153 -0.72954 -1 -0.48444 -1 -0.142598 -0.420136 0.185151 -0.344462 0.336898 -1 -0.0462966 -0.396167 0.00886544 -0.234223 0.216884 -0.526087 -0.751756 -0.770453 -0.0653003 0.154434 -0.942389 -0.362739 -0.945121 0.801022 -0.017388 0.675437 -0.710866 -1 -0.320519 0.100717 0.387655 -0.7755 0.116586 -1 -1 0.0369962 -1 0.274783 0.257756 0.599231 0.164118 0.25417 -0.71359 -1 -0.23355 -0.457112 -0.360067 0.657383 0.807288 -1 0.785209 -0.8383 -0.0383168 -0.549392 0.00969473 0.0385015 0.200682 -1 -0.124658 -0.224982 0.0829208 -1 0.0827686 -0.462056 -0.358725 -0.307606 -0.754201 -0.945338 -0.980464 0.266036 1 -0.356199 -0.384677 0.513837 -0.995607 -0.667405 0.270507 -0.202668 -0.59143 0.0753826 -1 -0.317689 -0.279496 
-1 -0.958462 0.395778 0.461721 -0.586188 -0.635642 -0.239856 0.596834 -0.746252 -1 -0.56068 -0.310581 -0.660191 0.0224274 -0.098175 -0.329063 -0.0586071 -0.187849 -1 -0.750878 -0.081591 -0.66072 0.128435 -0.0647498 0.276943 -0.895531 0.906897 0.239211 -0.773423 0.452924 -1 0.465579 0.0556987 -0.460359 -0.080485 -1 0.461369 -0.314316 -0.369182 -0.86122 0.950931 0.417912 0.446027 -1 0.66226 0.681934 -0.168853 -0.82144 0.047139 -1 0.37231 -0.499828 -0.163312 -0.256877 -1 -0.425457 -1 0.22703 0.198125 -1 -1 -0.206306 0.38079 0.456418 0.768672 0.347613 0.0803037 -0.726619 -1 -0.203479 0.0633683 -0.903785 -0.0769222 0.308166 -0.523529 -0.554909 -0.0914463 -0.205037 -1 -1 -0.888283 -0.93793 -1 -1 -0.24966 -0.897885 -0.970474 -0.781426 0.0603161 0.0757117 -1 -0.510896 0.163724 -1 -1 0.769846 -0.587097 -0.824378 -1 -0.54561 -0.367286 -1 0.722841 -0.486957 -0.340893 -0.224439 -0.0335896 -0.846415 0.191458 -0.721817 -0.812599 1 -0.808871 -0.291983 0.235439 -0.764208 -0.466642 -0.951851 -1 -0.418234 -0.703951 -0.250504 -0.486241 -0.0302161 -0.764755 -0.928149 -1 -0.191583 -1 0.197099 -0.554692 -1 0.16598 0.737954 0.545498 -0.139869 -0.685508 -1 
-0.959391 -1 0.232103 0.489104 -0.564738 -0.862743 -0.270673 0.773427 -0.386463 -0.718974 -0.231833 -0.333346 -0.449413 0.421067 -0.00662187 -0.305081 -0.142204 0.545767 -1 -0.484371 0.0852959 -0.314201 0.645357 0.147456 0.382142 -0.96578 0.646352 0.0305063 -0.572053 0.222343 -0.948872 0.632374 0.32729 0.296136 0.353155 -0.985323 0.113049 -0.252398 0.280624 -1 0.643046 0.0753473 0.545424 -0.430801 0.589332 0.281063 -0.0533256 -0.286354 0.438817 -1 0.242697 -0.719705 0.0714689 0.572297 -0.672603 -0.950631 -1 0.380328 0.553979 -1 -1 -0.403164 0.740716 -0.0613951 0.296868 0.434659 0.431948 -0.39028 -0.573049 -0.576681 0.329805 -0.950837 -0.337663 0.561991 -0.874922 0.0313844 -0.0915681 0.210552 -0.738742 -1 -1 -0.981719 -1 -1 0.0235561 -1 -0.958803 -0.640471 -0.386566 -0.0218233 -0.934762 -0.838421 0.15754 -1 -0.961956 0.494677 -0.559428 -0.771832 -0.945471 0.0310337 -0.262691 -0.793234 1 0.0630634 -0.920042 -0.0977261 -0.127767 -0.771722 -0.036607 -0.728063 -0.684303 0.963027 -0.297292 -0.51431 0.0953305 -0.440992 -0.525585 -1 -0.836218 -0.204533 -0.433821 -0.73587 -0.322765 0.208161 -0.184293 -0.822488 -0.777093 0.0153113 -0.930982 -0.0410967 -0.360201 -1 -0.22157 0.588099 0.463269 -0.0786961 -0.489843 -0.760808 
-0.845633 -0.959791 0.584574 0.421196 -0.462626 -0.843521 -0.258632 0.947993 -0.685406 -1 -0.383446 -0.515191 -0.729758 0.470381 0.16238 -0.590895 -0.00280351 -0.252642 -1 -0.781861 0.0981009 -0.724902 0.232207 -0.0402513 0.500452 -0.82781 0.791742 0.104917 -0.900416 0.29971 -1 0.750893 -0.187706 -0.560944 0.234809 -1 0.370928 -0.40304 -0.357023 -1 0.837456 0.515789 0.364508 -0.966045 0.771296 0.673012 0.0662623 -0.679168 0.157295 -0.997662 0.216027 -0.491037 -0.498686 0.0648703 -0.748968 -0.8578 -1 0.0398997 0.193283 -1 -1 -0.213346 0.259283 0.287417 0.764955 0.125905 0.0138084 -0.0761984 -0.772322 -0.448474 0.482012 -0.956286 0.282108 0.479101 -0.801225 -0.647523 0.0451735 -0.0763947 -0.979732 -0.913256 -1 -1 -1 -1 -0.343967 -0.973709 -0.992842 -0.739854 -0.133889 0.0163319 -1 -0.941948 0.0371571 -1 -0.969837 0.750665 -1 -0.671057 -1 -0.430355 -0.0694811 -1 0.571887 -0.60676 -0.452266 -0.44448 -0.0550544 -0.86657 -0.135876 -0.961169 -0.69692 1 -0.298381 -0.415497 0.224048 -0.206625 -0.619279 -0.99175 -1 -0.271138 -0.492074 -0.251975 -0.896302 0.183685 -0.523347 -1 -1 -0.077925 -1 0.11339 -0.0470645 -1 0.293604 0.375185 0.272657 0.0421164 -0.67409 -0.801667 
-1 -0.901104 0.362725 0.753683 -0.543177 -0.380818 -0.234304 0.675382 -0.445331 -1 -0.45273 -0.0538036 -0.665177 0.453064 0.164687 -0.214088 -0.158683 0.200473 -0.757123 -0.821145 0.3777 -0.423546 0.343887 -0.158107 0.444273 -0.95214 0.867934 0.10675 -0.39958 0.387965 -0.924444 0.565017 0.192744 -0.195263 0.374167 -1 0.444815 -0.408347 -0.0539546 -0.98175 0.63499 0.556935 0.4681 -0.501002 0.951581 0.443177 -0.150672 -0.491219 0.542174 -0.869911 -0.270237 -0.498784 -0.195194 -0.048164 -0.690248 -0.877727 -0.866702 0.510795 0.316996 -1 -1 -0.0484429 0.511566 0.314084 0.757206 0.405952 0.220472 -0.160504 -1 -0.372436 0.479175 -0.953919 0.262326 0.24268 -0.357009 -0.353493 0.141077 0.220062 -0.906991 -1 -0.866707 -0.622984 -1 -1 -0.358044 -1 -0.750412 -1 0.161296 0.057353 -1 -0.363356 0.272694 -0.943053 -1 1 -1 -0.917744 -1 0.0562655 0.0324704 -0.981296 0.667225 -0.573241 -0.717524 0.0143979 -0.0178527 -0.521947 -0.402227 -0.654088 -0.860612 0.733691 -0.379497 -0.482245 -0.184064 -0.10749 -0.281527 -0.946947 -1 -0.47693 -0.251783 -0.440235 -0.334967 -0.00880672 -0.249178 -1 -0.973343 -0.141046 -0.873119 0.481704 -0.361097 -1 0.0853275 0.204519 0.413124 0.072891 -0.983166 -0.649118 
-1 -0.207226 0.666265 0.413071 -0.373019 -1 -0.142316 0.940288 -0.678103 -0.215475 -0.385886 -0.575303 -0.530673 -0.0702901 0.179744 -0.00542781 -0.140436 0.477918 -1 -0.780167 0.565548 -0.813711 0.499003 0.47154 0.339112 -0.806498 0.678699 0.0109415 -0.709159 -0.168299 -1 0.432782 0.253606 -0.546061 0.305707 -1 0.623313 -0.898716 0.36923 -1 1 0.272343 0.644472 -0.447402 0.240517 0.408485 0.171345 -0.164957 0.127107 -1 -0.0274748 -0.701839 -0.0725944 0.44753 -0.614399 -0.738354 -0.9195 0.401288 0.668378 -1 -1 -0.225305 -0.0505483 0.198299 0.328955 0.466469 0.248936 -0.487559 -0.944312 -0.153038 0.640191 -0.581949 0.0612943 0.194748 -0.272523 0.068618 -0.106695 -0.0125171 -0.332035 -0.949127 -0.530572 -0.929414 -0.997554 -1 -0.308197 -0.999275 -0.955472 -0.603923 0.0956936 0.279546 -1 -0.268029 0.793561 -0.897228 -1 0.743181 -0.809652 -0.615628 -0.807816 -0.0649529 0.155624 -1 0.66269 -0.00124878 -0.472033 0.443286 -0.404277 -0.609517 -0.13247 -0.448479 -0.361338 0.735372 -0.914243 -0.382503 0.556009 -0.269327 -0.541177 -1 -1 -0.269409 -0.327576 -0.602228 -0.583935 -0.0529073 -0.248644 -0.653363 -1 0.222966 -0.944518 0.231516 -0.867903 -1 0.307059 0.473135 0.543198 0.0197197 -0.703255 -0.639405 
-1 -0.509085 0.700646 0.700893 -0.484022 -0.888355 -0.0813518 0.317587 -0.662394 -0.576343 -0.259687 -0.95709 -0.127446 -0.00524081 0.175113 -0.314302 -0.747895 0.314068 -0.826036 -0.266964 -0.126806 -0.219443 0.288874 0.0453742 1 -0.494222 0.520328 -0.07282 -0.655047 -0.180565 -0.995529 0.48964 0.215448 -0.210018 0.607263 -1 -0.1562 -0.890453 0.106026 -1 0.714587 0.128902 0.352246 -0.318927 0.552655 0.755111 0.304304 -0.756355 0.231143 -1 0.378078 -0.628751 -0.415199 0.17213 -0.937953 -0.80063 -1 0.187493 0.661737 -1 -1 -0.208152 0.305033 0.109683 0.196125 0.511851 0.398375 -0.132397 -0.532543 -0.080995 0.613284 -0.877551 -0.126781 0.275893 -0.685745 -0.166789 -0.043619 0.210564 -0.51014 -1 -1 -0.651631 -1 -0.946969 -0.685454 -0.953406 -1 -0.663815 0.342303 -0.288144 -0.959936 -0.0293103 0.253221 -0.988691 -0.969503 0.72782 -0.870431 -0.529523 -1 0.211373 -0.293862 -1 0.0921796 -0.37162 -1 0.25746 -0.209838 -0.422844 -0.747326 -0.952978 -0.718018 0.431083 -0.511881 -0.239837 0.00467244 -0.432204 -0.0926874 -1 -1 -0.104183 -0.233552 -0.0419329 -0.170598 -0.271861 -0.540715 -0.408582 -0.768003 0.256488 -1 0.197974 -0.508113 -1 0.697807 0.301368 0.793249 -0.445119 -0.582809 -0.777408 
-1 -0.710133 0.811442 0.157921 -0.284818 -1 -0.289037 0.491701 -0.425601 -0.989344 -0.476618 -0.784489 -0.41337 0.267216 -0.304406 -0.322034 -0.427459 -0.0285591 -0.70988 -0.517774 -0.591163 -0.434432 0.281763 0.157616 0.340585 -1 0.755446 0.138211 -0.59966 -0.134917 -1 0.595078 0.230729 -0.0349758 0.405878 -0.946616 -0.158754 -1 -0.190873 -0.95978 0.433446 0.168947 0.466836 -0.415145 0.539643 0.533303 0.482076 -0.77224 0.229535 -0.664957 0.1766 -1 -0.668491 0.49809 -1 -0.535173 -1 0.520505 0.582134 -1 -1 -0.200961 0.177643 0.142174 0.293514 0.499484 0.460894 -0.273609 -0.964396 -0.0606128 0.541979 -0.79639 -0.562652 0.38935 -1 -0.0650953 0.423597 -0.0194433 -0.77809 -1 -1 -0.806632 -1 -1 -0.594767 -0.957302 -1 -0.599205 0.210769 -0.0233106 -1 -0.211422 0.914275 -1 -1 0.731636 -1 -0.646355 -1 0.42485 -0.579431 -0.964457 0.290194 -0.358266 -0.736562 0.33131 -0.545345 -0.0243129 -0.467895 -0.76723 -0.555738 0.480276 -0.303286 -0.546304 -0.0862959 -0.183778 -0.40707 -1 -1 -0.458971 -0.664051 -0.187886 -0.266074 0.0609581 -0.499952 -1 -0.79183 -0.256651 -0.568914 0.301344 -0.519062 -1 0.152399 0.612279 0.51701 -0.267118 -0.378584 -0.499497 
-1 -0.74406 0.694973 0.232159 -0.284818 -0.692873 -0.569057 0.583696 -0.270646 -0.815843 -0.235032 -0.978025 -0.41337 0.185126 -0.314441 -0.408988 -0.606219 -0.355034 -0.664651 -0.238198 -0.315478 -0.62854 0.76247 0.0812036 0.388259 -0.755574 0.593763 0.285845 -0.701373 -0.169146 -1 0.608133 -0.0470885 -0.103746 -0.0275718 -1 -0.120447 -0.748131 -0.0524341 -1 0.755919 0.400585 0.418758 -0.15182 0.417057 0.605693 0.490771 -0.430996 0.390894 -0.898425 0.220038 -0.592358 -0.521487 0.529199 -1 -0.656555 -1 0.574649 0.226187 -1 -1 0.0426907 0.418664 0.327691 0.315887 0.456307 0.713633 -0.273609 -1 -0.221537 0.380377 -0.776175 -0.20809 0.441785 -0.711494 -0.267561 0.454733 0.235525 -0.919958 -1 -1 -0.59517 -0.98585 -1 -0.420672 -0.974276 -0.989736 -0.702508 0.0243523 -0.110744 -1 -0.157515 0.892479 -1 -1 0.904287 -1 -0.764489 -0.938534 -0.0589923 -0.0293807 -1 0.337513 -0.416829 -0.774169 0.125924 -0.613366 0.0282395 -0.477282 -0.759679 -0.559166 0.739497 -0.323719 -0.664761 0.348123 -0.033371 -0.339403 -1 -0.948363 -0.577568 -0.35586 0.0116084 -0.266074 -0.132403 -0.675737 -0.825857 -0.766563 -0.302026 -0.731416 0.696529 -0.438364 -1 0.00649762 0.64205 0.579485 -0.197596 -0.591052 -0.34894 
-0.809888 -1 0.233419 -0.459762 0.758803 -1 -1 0.708803 -0.942956 -0.78664 0.986575 0.436374 -0.807192 -0.0480327 0.338688 -0.939828 0.177829 -0.708449 -0.781899 -0.373737 0.395493 0.103155 0.262771 -0.390053 -0.533849 0.785132 0.803715 -0.870263 0.436647 -0.125744 0.613951 -0.987369 -0.60766 0.00731394 -0.53694 -0.407665 -0.6357 -0.247713 -0.745193 -0.944792 -1 -0.575155 0.149673 0.613091 -0.304409 -0.134144 0.314137 0.201487 0.0153255 -0.239808 -0.474795 0.500406 -0.999007 0.0653644 -0.257979 -0.537705 -1 -0.252833 -0.776561 -0.174957 -0.281429 0.455383 -0.542348 0.131076 -0.94752 0.294804 -0.766908 -0.201676 -0.169803 0.533432 -0.593533 -0.588556 -0.65642 -0.0653003 -0.0658556 -0.92375 -0.229764 -0.984448 0.795401 0.298246 0.311621 -0.803485 -1 -0.530496 0.351591 0.387655 -0.735613 0.454688 -1 -1 -0.00598525 -0.875901 0.381066 -0.106528 0.67037 0.188024 0.374002 -0.416268 -0.872933 0.218694 -0.341836 -0.613154 0.741383 0.8371 -1 0.83716 -0.898474 0.00925452 -0.685423 0.257695 0.393605 0.126629 -1 -0.197997 -0.27169 0.273814 -0.975266 0.30908 -0.27455 -0.181578 -0.0491477 -0.730015 -1 -0.966502 -0.00442836 0.786723 -0.394871 -0.368145 0.734651 -1 -0.732894 0.503744 -0.202668 -0.59143 0.118458 -0.955374 -0.103124 0.0763362 
-0.295359 -0.203565 -0.00277996 -0.802357 0.587281 0.984948 -0.538085 -0.567812 0.171705 -0.473011 -0.923267 -0.51096 0.286243 0.511348 0.325697 -0.941179 -0.792006 0.903344 -0.840975 0.869013 -0.844065 0.656157 0.114644 0.389755 -0.938859 0.576664 -0.108635 0.800684 0.419064 -0.507524 -0.441318 -0.382326 0.214663 0.793953 0.740003 0.775662 0.328929 0.987629 0.912213 0.608972 -0.882333 -0.250536 -0.893885 0.517909 -0.265062 0.985254 -0.479316 -0.257374 0.704286 -0.0713431 0.369342 -0.737523 0.853095 0.972912 -0.822602 0.21477 0.59335 -0.15123 0.172359 -0.0191278 -0.937059 -0.83132 -0.830514 0.471103 0.115441 -0.44208 0.23111 -0.469974 0.299307 0.117822 0.6284 0.361725 -0.408195 -0.307217 0.0267917 0.888096 -0.00300944 0.0215009 -0.488141 0.541727 0.227431 -0.886503 0.623483 -0.675857 0.157101 0.290367 -0.102125 0.934661 0.527605 -0.987124 -0.634765 -0.475933 -0.478657 -0.0330108 -0.979009 -0.115439 0.543888 -0.605244 0.610247 0.923903 0.672025 -0.204148 0.21218 0.936605 0.186871 0.776262 -0.880997 -0.2708 0.537642 -0.0135838 -0.0127026 0.536436 -0.746192 -0.178222 0.327925 -0.258739 0.352561 -0.881115 -0.00527751 0.701665 -0.972822 0.912185 0.92483 -0.317914 -0.488908 0.959489 0.0330412 -0.386603 -0.800234 -0.830133 0.065266 0.948668 -0.932138 0.483604 0.0779511 0.54542 0.761708 0.744164 
-0.953636 -1 0.406671 0.720814 -0.595822 -0.793262 -0.735689 0.987417 -0.949716 -1 -0.392398 0.0304302 -0.54172 0.696471 0.145946 -0.397956 -0.258297 0.0299766 -1 -0.640463 0.277888 -0.421802 0.317625 0.0703906 0.58874 -0.722009 0.824567 -0.00713842 -0.766437 0.391307 -1 0.672733 0.287098 0.0461515 0.203955 -1 0.465149 -0.245463 0.109713 -1 0.898637 0.527112 0.482707 -0.510449 0.981679 0.688295 -0.0794672 -0.483747 0.60718 -1 0.393857 -0.518691 -0.0038178 0.237546 -0.681981 -0.746476 -1 0.399318 0.127176 -1 -1 -0.430222 0.543467 0.543021 0.635475 0.480797 0.364586 -0.242997 -1 -0.351546 0.606988 -1 -0.0360501 0.639094 -0.371267 -0.156042 0.0889853 0.0451387 -0.902253 -1 -0.852493 -0.849623 -0.92218 -0.815539 -0.277141 -1 -0.992226 -0.610949 -0.0465947 0.254126 -1 -0.350463 0.608191 -0.979362 -1 0.798191 -1 -0.890164 -1 0.0645623 0.110882 -0.957917 0.661319 -0.793893 -0.538822 -0.180292 0.00794909 -0.671139 -0.100535 -0.594807 -0.654908 0.662731 -0.306895 -0.661491 0.275581 -0.261295 -0.289187 -1 -1 -0.570367 -0.533823 -0.335906 -0.232699 0.0496529 -0.454812 -1 -0.670283 0.192442 -1 -0.126867 -0.153976 -0.876819 0.23222 0.630419 0.394185 0.0320751 -0.515045 -0.840353 
-1 -0.207226 0.524563 0.567531 -0.58988 -1 -0.248064 0.940288 -0.678103 -0.215475 -0.463554 -0.352137 -0.3898 0.0205579 0.179744 -0.00452159 -0.268777 0.423197 -1 -0.844287 0.565548 -0.653246 0.499003 0.47154 0.339112 -0.806498 0.913362 0.0542001 -0.893607 -0.168299 -1 0.432503 0.189622 -0.546061 0.312464 -1 0.611776 -0.866719 0.36923 -1 1 0.272343 0.631037 -0.279894 0.313679 0.231336 -0.0360159 -0.175661 0.00934478 -0.839863 -0.0241695 -0.511716 0.0324716 0.660672 -0.612519 -0.571087 -1 0.401288 0.668378 -1 -0.938719 -0.39666 -0.0505483 0.275203 0.328955 0.465762 0.248936 -0.438174 -0.763241 0.044224 0.35049 -0.581949 -0.0227319 0.194748 -0.427634 0.068618 -0.174063 0.158813 -0.332035 -1 -0.563159 -1 -1 -0.958497 -0.308197 -1 -0.955472 -0.603923 0.3423 0.240045 -0.935717 -0.125209 0.793561 -0.879375 -1 0.685119 -0.977387 -0.615628 -0.906231 -0.0301194 0.136212 -1 0.495286 -0.00124878 -0.60992 0.443286 -0.266499 -0.608214 -0.324187 -0.448479 -0.361338 0.735372 -0.710117 -0.402301 0.594042 -0.269327 -0.530107 -1 -1 -0.325177 -0.24951 -0.602228 -0.583935 0.0137982 -0.170654 -0.653363 -0.941005 0.222966 -0.919715 0.24316 -0.642592 -1 0.307059 0.408918 0.633676 0.0197197 -0.484067 -0.840295 
-1 -0.926318 0.505605 0.62435 -0.852191 -1 -0.219002 1 -0.359694 -0.409302 -0.579611 -0.458776 -0.61829 0.465596 0.338561 -0.459587 -0.727839 0.547816 -1 -0.627003 -0.00388807 -1 0.13433 0.24172 0.360494 -0.972375 0.655454 -0.0512424 -0.626762 0.292653 -0.812326 0.472875 0.207363 0.261278 0.378945 -1 0.206407 -0.278968 0.206052 -0.966167 0.499366 0.019229 0.676078 -0.498234 0.647169 0.138939 0.0133037 -0.30032 0.644869 -0.830854 0.685254 -0.409334 0.127426 0.556656 -0.639825 -0.611994 -1 0.297868 0.537815 -1 -0.925336 -0.0229245 0.639845 -0.0239034 -0.140683 0.674431 0.340597 -0.340692 -0.436869 -0.420299 0.699035 -1 -0.33067 -0.169275 -0.670963 -0.201618 -0.147232 -0.206183 -1 -1 -1 -0.990731 -0.931228 -1 -0.473513 -0.991872 -0.863155 -0.923597 -0.552273 -0.458374 -1 -0.784022 0.514674 -1 -1 0.436962 -0.751847 -0.583495 -1 0.0982879 0.176429 -0.812502 1 0.215609 -0.503 0.148102 -0.0400796 -0.397655 -0.0102516 -0.833074 -0.648076 0.632447 -0.480164 -0.341929 0.0074557 -0.637185 -0.404617 -1 -0.95138 -0.276652 -0.43888 -0.475223 -0.560219 -0.0368992 -0.458568 -1 -0.974678 0.0282663 -0.874272 0.0257086 -0.255577 -0.92838 0.501217 0.437435 0.533643 -0.12948 -0.633261 -0.449722 
-0.806687 -1 0.282807 -0.463159 0.758803 -1 -1 0.708803 -1 -0.686758 0.944357 0.346067 -0.807192 -0.0480327 0.338688 -1 0.173196 -0.543983 -0.804167 -0.390381 0.636998 0.129249 0.267723 -0.336927 -0.302872 0.80026 0.550065 -1 0.667386 -0.143303 0.685398 -0.987369 -0.383807 0.00731394 -0.549849 -0.432786 -0.613163 -0.247713 -0.657549 -0.85222 -1 -0.625866 0.299271 0.613091 -0.247031 -0.107724 0.399768 0.303609 0.190449 -0.191045 -0.622442 0.628663 -1 0.105676 -0.257979 -0.676158 -1 -0.280675 -0.776561 0.0470525 -0.460841 0.455383 -0.38392 0.336898 -0.887149 0.294804 -0.333381 -0.0417292 -0.169803 0.380028 -0.593533 -0.467856 -0.533339 -0.299302 0.154434 -0.699094 -0.382268 -0.964664 0.644074 0.264965 0.644664 -0.710866 -1 -0.320519 0.158304 0.427989 -0.923335 0.513775 -1 -1 -0.103862 -0.883518 0.145424 -0.0358312 0.599231 0.301087 0.367812 -0.300513 -1 0.218694 -0.320501 -0.388393 0.741383 0.855975 -0.79865 0.83716 -1 0.00925452 -0.798972 0.257695 0.426903 0.126629 -1 -0.197997 -0.400373 0.171872 -1 0.286889 -0.27455 -0.181578 -0.188673 -0.754201 -1 -0.980464 0.0578108 0.870325 -0.420685 -0.368145 0.597506 -0.805672 -0.431038 0.323668 -0.178956 -0.497609 0.115075 -0.927093 0.11467 -0.00898722 
-0.728931 -1 0.09857 -0.380744 0.641196 -0.965858 -1 0.708803 -0.942956 -0.514886 0.944357 0.44 -0.988731 -0.0480327 0.338688 -1 0.0421229 -0.768914 -0.816676 -0.4336 0.44153 0.206627 0.267723 -0.358737 -0.302872 0.766444 0.803715 -0.870263 0.667386 -0.143303 0.667478 -1 -0.383807 0.00731394 -0.646236 -0.444944 -0.613163 -0.37903 -0.657549 -0.85222 -1 -0.572736 0.139754 0.613091 -0.304409 -0.107724 0.314137 0.0311742 0.0274427 -0.0272067 -0.684841 0.728253 -0.930306 0.105676 -0.257979 -0.485981 -0.932667 -0.280675 -0.776561 0.0470525 -0.346581 0.455383 -0.38392 0.407809 -0.763939 0.331022 -0.43248 -0.0771952 -0.243372 0.460691 -0.637621 -0.467856 -0.463634 -0.0653003 0.154434 -0.699094 -0.256502 -1 0.550901 0.264965 0.716525 -0.710866 -1 -0.320519 0.351591 0.232247 -0.735613 0.532712 -1 -1 0.18154 -0.83752 0.359054 0.257475 0.599231 0.197404 0.29603 -0.300513 -0.946052 0.15713 -0.320501 -0.448068 0.797283 0.922575 -0.79865 0.825616 -0.898474 -0.0420115 -0.575209 0.253866 0.247938 0.126629 -1 -0.197997 -0.157577 0.292962 -0.91529 0.322962 -0.27455 -0.361724 -0.145629 -0.754201 -0.96871 -1 0.30118 0.992271 -0.356199 -0.322454 0.734651 -0.834972 -0.45735 0.517354 -0.186205 -0.59143 -0.0648465 -1 -0.0328119 0.108286 
0.153026 0.265561 0.0598553 -0.722806 0.406426 -0.500848 -1 -0.689313 -1 -0.191429 -0.941983 0.248495 -1 -0.932747 -0.863823 -0.757121 0.187301 -0.308892 -0.0224338 0.540933 0.651249 -0.808797 -1 -0.248694 -0.32069 -0.902454 -0.401965 0.356826 0.36133 0.121629 -0.505962 -0.0884653 -1 0.0422154 -1 -0.434987 0.945288 -0.332284 -0.386161 0.312297 -0.280472 0.736366 -1 -0.0785573 0.400706 0.288435 -0.78905 -1 -1 0.36103 -0.293949 0.735477 0.280901 0.248283 -0.314692 -0.955717 0.0624571 -1 -0.23933 -0.0232621 0.403482 -0.654436 -1 -0.965981 0.663622 -0.493801 -1 0.120017 -0.92952 -0.213586 -0.155353 0.104994 -1 -1 0.960738 -0.0284635 0.427494 0.160711 -0.71885 0.0835046 0.138871 -0.555771 -0.995454 -0.314329 -0.926354 -0.195439 -0.184539 -0.70055 0.361734 -0.0872164 -0.732233 -0.675806 -0.192243 0.246619 0.200318 0.170321 -0.0790706 -0.478573 -0.967626 -1 -1 -0.313208 -0.832919 0.182734 -0.462313 -1 -0.920287 -0.301889 0.318223 0.169818 -0.525431 0.804148 -0.361026 -0.660437 -1 -1 -0.868209 0.117431 0.369041 0.569605 0.818083 -0.864297 -0.949934 -0.85363 -0.918713 -0.664607 -1 0.10992 -0.327766 0.033729 -1 -0.480508 -0.444022 -0.527292 -0.930295 -0.095843 0.695418 -0.608876 
-1 -1 0.319253 -0.463159 0.602824 -1 -1 0.708803 -1 -0.638603 0.927394 0.346067 -1 -0.18288 0.338688 -1 0.262327 -0.670623 -0.8494 -0.434308 0.665559 0.129249 0.267723 -0.382651 -0.309171 0.80026 0.550065 -1 0.638719 -0.143303 0.778066 -0.987369 -0.383807 0.00731394 -0.737251 -0.432786 -0.613163 -0.247713 -0.657549 -0.85222 -1 -0.625866 0.299271 0.613091 -0.259673 -0.107724 0.336507 0.303609 0.178143 -0.191045 -0.622442 0.444824 -1 0.118062 -0.257979 -0.676158 -1 -0.3281 -0.776561 0.0470525 -0.654453 0.455383 -0.38392 0.336898 -0.887149 0.305757 -0.333381 -0.27898 -0.169803 0.253424 -0.593533 -0.490049 -0.548338 -0.212847 0.154434 -0.699094 -0.400334 -0.964664 0.665096 0.264965 0.630395 -0.710866 -1 -0.320519 -0.0248062 0.382343 -0.923335 0.513775 -1 -1 -0.132331 -0.883518 0.145424 -0.0358312 0.550905 0.219871 0.367812 -0.300513 -1 0.218694 -0.320501 -0.679739 0.798424 0.926388 -0.956516 0.684668 -1 0.00925452 -0.849169 0.257695 0.426903 0.126629 -1 -0.223555 -0.368222 0.0289907 -1 0.286889 -0.27455 -0.180301 -0.168955 -0.711312 -1 -0.980464 -0.0439794 0.571654 -0.420685 -0.368145 0.597506 -0.984904 -0.39084 0.185116 -0.388334 -0.497609 -0.140056 -0.870957 0.11467 -0.186476 
-1 -0.894808 0.693359 0.627533 -0.495247 -0.944733 -0.487414 0.979559 -0.587249 -1 -0.580335 -0.452247 -0.472546 0.50569 0.115992 -0.186566 -0.215834 -0.0260462 -1 -0.788153 -0.000995085 -0.4291 0.523496 0.175794 0.433344 -0.4977 0.686667 -0.0589342 -0.567303 0.290459 -1 0.692447 -0.0189741 -0.0720247 0.525455 -1 0.0873148 -0.367731 -0.223199 -1 0.498297 0.279997 0.475929 -0.481706 1 0.442639 0.00853761 -0.307344 0.321092 -1 0.37176 -0.533204 -0.0717597 0.161026 -0.703157 -0.753913 -0.955134 0.218821 0.436935 -1 -1 -0.194773 0.493562 0.338972 0.514703 0.539631 0.391732 -0.213957 -0.955254 -0.13291 0.724795 -1 0.0147762 0.160516 -0.320487 -0.426772 0.256392 0.14929 -0.819065 -1 -0.684749 -0.718835 -1 -1 -0.486313 -1 -0.801176 -0.502359 0.229073 0.113168 -1 -0.304207 0.584465 -1 -0.988744 0.659657 -0.815854 -0.895909 -0.882574 -0.0180783 0.235196 -1 0.439108 -0.625163 -0.368483 -0.121893 0.0124714 -0.454734 -0.286932 -0.819562 -0.797069 0.955778 -0.27663 -0.543166 0.0117147 -0.433835 -0.388594 -1 -1 -0.169294 -0.289434 -0.336565 -0.605815 -0.0846855 -0.414738 -0.525924 -0.839522 0.257613 -0.88321 0.272664 -0.311154 -0.927776 -0.0324581 0.519473 0.535316 0.139435 -0.384685 -0.901932 
-1 -1 0.295262 -0.554425 0.627189 -0.897082 -1 0.622205 -0.941097 -0.566826 0.723722 0.122992 -0.730873 -0.0480327 0.345675 -1 0.177829 -0.543983 -0.728191 -0.4336 0.694271 0.0846278 0.224355 -0.363483 -0.373543 0.840677 0.803715 -0.756043 0.471903 -0.0499239 0.181981 -1 -0.664332 -0.013445 -0.551706 -0.539211 -0.613163 -0.360404 -0.860885 -0.765594 -0.945929 -0.81353 0.185786 0.414763 -0.266544 -0.161728 0.235378 0.234818 -0.0387094 -0.250583 -0.593741 0.748367 -1 0.0365445 -0.257979 -0.476263 -0.961457 -0.405769 -0.975082 0.124199 -0.596381 0.404068 -0.38392 0.336898 -0.763939 0.0558575 -0.396167 -0.0417292 -0.0901991 0.186904 -0.795003 -0.682241 -0.690525 -0.220276 0.181785 -0.699094 -0.538946 -1 0.739913 0.264965 0.462228 -0.932627 -1 -0.534456 0.329839 0.387655 -0.735613 0.513775 -1 -1 0.190497 -1 0.192993 -0.0811765 0.627842 0.327713 0.0965483 -0.567912 -0.946052 0.198698 -0.381608 -0.410247 0.81616 0.60996 -1 0.880017 -0.907989 0.0353785 -0.549392 0.223305 0.139783 -0.025943 -0.99725 -0.103252 -0.220586 0.397283 -0.975266 0.111592 -0.27455 -0.181578 -0.149775 -0.754201 -1 -1 0.30118 0.82704 -0.356199 -0.600556 0.439492 -0.887994 -0.643578 0.572462 -0.472217 -0.528513 0.0656485 -0.886655 -0.157526 0.0464865 
-0.744399 -1 0.357654 -0.51895 0.628483 -1 -1 0.663895 -0.942956 -0.585074 1 0.48583 -0.912475 -0.0585548 0.338688 -1 0.177829 -0.543983 -0.896429 -0.54399 0.395566 0.358097 0.0699777 -0.390053 -0.707408 0.870931 0.698326 -0.870263 0.55199 -0.143303 0.468477 -0.987369 -0.473395 -0.0350341 -0.627404 -0.833603 -0.613163 -0.456193 -0.786535 -0.85222 -1 -0.664487 0.113324 0.693149 -0.504619 -0.107724 0.352624 0.0413924 0.190449 -0.047616 -0.415138 0.802385 -1 -0.0582832 -0.275382 -0.692144 -1 -0.503869 -0.932131 -0.189117 -0.346581 0.368578 -0.44486 0.106116 -0.888484 0.0761546 -0.544307 -0.0417292 -0.121053 0.450619 -0.490267 -0.628215 -0.6669 -0.212503 0.246418 -0.699094 -0.39553 -1 0.459772 0.0960444 0.453842 -0.710866 -1 -0.253417 0.121101 0.387655 -0.822314 0.545201 -1 -1 0.0172593 -1 0.255563 0.0989494 0.599231 0.0652434 0.31761 -0.234423 -1 0.0845475 -0.320501 -0.488976 0.750999 0.898861 -0.802505 0.83716 -0.963534 -0.477281 -0.645231 0.257695 0.461849 0.211657 -0.954641 -0.197997 -0.216922 0.292962 -1 0.365335 -0.344948 -0.181578 -0.150379 -0.696359 -1 -1 0.184449 0.904831 -0.669463 -0.638441 0.489189 -0.887994 -0.45735 0.326891 -0.272088 -0.817883 0.115075 -1 0.0766537 -0.0330955 
-0.728931 -1 0.282807 -0.380744 0.758803 -0.965858 -1 0.708803 -0.942956 -0.510777 0.944357 0.436374 -0.807192 -0.0480327 0.338688 -1 0.177829 -0.543983 -0.816676 -0.4336 0.636998 0.343434 0.267723 -0.390053 -0.302872 0.870931 0.803715 -0.870263 0.667386 -0.143303 0.667478 -0.987369 -0.383807 0.00731394 -0.582134 -0.432786 -0.613163 -0.247713 -0.657549 -0.85222 -1 -0.625866 0.299271 0.613091 -0.304409 -0.107724 0.314137 0.234818 0.190449 -0.047616 -0.474795 0.728253 -1 0.105676 -0.257979 -0.485981 -1 -0.280675 -0.776561 0.0470525 -0.346581 0.455383 -0.38392 0.336898 -0.763939 0.294804 -0.396167 -0.0417292 -0.169803 0.460691 -0.593533 -0.467856 -0.533339 -0.0653003 0.154434 -0.699094 -0.256502 -1 0.739913 0.264965 0.737131 -0.710866 -1 -0.320519 0.351591 0.387655 -0.735613 0.513775 -1 -1 0.16582 -0.875901 0.359054 0.181978 0.599231 0.301087 0.367812 -0.300513 -0.946052 0.218694 -0.320501 -0.388393 0.741383 0.909422 -0.79865 0.83716 -0.898474 0.00925452 -0.549392 0.257695 0.393605 0.126629 -1 -0.197997 -0.220586 0.292962 -0.975266 0.286889 -0.27455 -0.181578 -0.145629 -0.754201 -1 -0.980464 0.30118 0.992271 -0.356199 -0.368145 0.734651 -0.887994 -0.45735 0.517354 -0.202668 -0.59143 0.115075 -0.932293 0.0766537 0.0763362 
-0.920524 -0.909165 0.495755 0.624149 -0.661924 -0.821169 -0.613872 0.78422 -0.806035 -0.885494 -0.611142 -0.0549713 -0.770916 0.48685 0.296102 -0.422556 -0.0471071 0.0291009 -0.751632 -1 0.199768 -0.546306 0.241552 0.0491496 0.261362 -0.882879 0.609026 0.284074 -0.709634 0.271292 -0.989462 0.159925 -0.206271 0.156075 0.140529 -1 0.240403 -0.120472 0.109713 -1 0.918749 0.565156 0.442492 -0.679285 0.772204 0.444988 0.118958 -0.423943 0.610753 -0.904576 0.263628 -0.808292 -0.0943185 0.0787133 -0.664052 -0.877133 -0.892972 0.191908 0.47226 -0.937441 -0.910102 0.0273521 0.441879 0.497687 0.358958 0.339271 0.148027 -0.192672 -0.785745 -0.348896 0.671646 -1 -0.154207 0.372295 -0.369114 -0.225629 0.0576912 -0.389457 -0.875851 -1 -0.648971 -1 -0.949255 -1 -0.29015 -1 -0.78947 -0.672014 0.0475771 0.257848 -0.997414 -0.298325 0.668153 -1 -1 0.544074 -0.76543 -0.975453 -0.927653 -0.378338 0.218017 -1 0.488019 -0.804524 -0.344785 0.0821293 0.0105599 -0.851566 -0.275642 -0.857907 -0.778239 0.436503 -0.550428 -0.974093 0.397835 -0.130387 -0.345736 -1 -1 -0.412237 -0.32896 -0.532843 -0.394271 -0.110764 -0.530581 -0.832705 -1 0.103399 -1 0.0888152 -0.386124 -1 -0.131997 0.638356 0.625502 0.0425042 -0.604574 -0.840353 
-1 -0.23166 0.671061 0.0856435 -0.412857 -0.974401 -0.169964 0.649464 -0.815886 -0.5382 -0.139207 -1 -0.705983 0.131332 0.240217 -0.619706 -0.32087 0.124 -1 -0.607929 0.377282 -0.717667 0.63645 0.472151 0.571379 -0.4751 0.444865 0.367487 -1 -0.0351243 -1 0.0683978 0.106773 -0.3162 0.269301 -1 0.125715 -0.742775 -0.400571 -1 0.734075 0.681619 0.499277 -0.525357 0.943021 0.223521 -0.138032 -0.25004 0.597763 -0.837867 0.208409 -0.345428 -0.346598 0.462256 -0.840571 -0.590501 -0.987101 0.475005 0.804094 -0.921716 -1 -0.0264056 0.161151 0.210303 0.72785 0.61786 -0.289464 -0.400568 -0.78236 -0.561131 0.491789 -0.665313 0.156882 0.251325 -0.662757 0.0352233 0.0849822 0.094062 -0.5758 -0.925044 -0.883308 -0.982063 -0.926432 -1 -1 -1 -1 -1 -0.0810816 0.077374 -1 -0.229586 0.83166 -0.729867 -0.972058 0.694593 -0.797044 -0.468505 -1 -0.0931042 0.136671 -1 0.271049 -0.49046 -0.533149 0.408994 -0.735935 -0.527084 -0.241313 -0.806807 -0.466576 0.899778 -0.688842 -1 0.202043 -0.347487 -0.728471 -1 -1 -0.0326665 -0.517353 -0.45938 -0.423006 -0.259921 -0.842745 -0.471854 -0.236912 -0.313548 -1 -0.0106182 -0.45317 -1 0.307731 0.568151 0.38066 -0.266185 -0.37717 -0.972758 
0.153026 0.208741 0.0598553 -0.909913 0.296747 -0.500848 -0.924993 -0.947069 -1 -0.371688 -0.896186 0.0997389 -0.940032 -0.932747 -0.863823 -0.989491 0.192431 -0.371091 -0.276393 0.379868 0.445544 -1 -1 -0.248694 -0.527111 -0.902454 -0.432769 0.303329 0.407549 -0.120444 -0.573068 -0.0884653 -1 0.0422154 -0.902945 -0.537361 0.688278 -0.462974 -0.305382 0.201456 -0.21894 0.736366 -1 -0.0785573 0.437687 0.363476 -0.988148 -1 -1 0.158738 -0.502337 0.492857 0.167153 0.248283 -0.314692 -0.955717 -0.179642 -0.983864 -0.637172 -0.416291 0.403482 -0.654436 -1 -0.909198 0.398074 -0.588198 -1 0.120017 -1 -0.213586 -0.219894 0.104994 -1 -1 0.763963 0.0672872 0.00675657 0.160711 -0.899103 0.0835046 -0.0208217 -0.523948 -0.995454 -0.436756 -0.926257 -0.187379 -0.184539 -0.70055 0.378569 -0.0872164 -0.839715 -0.732182 -0.117007 0.111193 0.0337661 0.170321 -0.279545 -0.427932 -1 -1 -1 -0.538746 -1 0.107348 -0.701318 -1 -1 -0.566154 0.25664 0.00468552 -0.684176 0.804148 -0.361026 -0.816953 -0.935712 -1 -0.991959 0.117431 0.369041 0.569605 0.818083 -1 -1 -0.85363 -1 -0.664607 -0.965452 0.10992 -0.249197 0.033729 -1 -0.912344 -0.382228 -0.527292 -0.949726 -0.095843 0.717487 -0.947657 
-0.862683 -1 0.0361812 -0.292446 0.455499 -1 -0.912118 0.479204 -1 -0.705727 0.703173 0.436374 -0.946506 -0.132124 0.0155339 -1 0.0674783 -0.816189 -0.732336 -0.391114 0.371571 0.343434 -0.197002 -0.510622 -0.636651 0.656762 0.798255 -0.947266 0.0703609 -0.468345 0.42893 -0.966678 -0.696712 0.105966 -0.597366 -0.321067 -0.577389 -0.561129 -0.813837 -1 -0.932318 -1 -0.334066 0.410519 -0.289692 -0.333566 0.196175 -0.179809 0.034101 0.111352 -0.563235 0.58542 -1 -0.298761 -0.224216 -0.557876 -0.969266 -0.476882 -0.819443 0.0616922 -0.331772 -0.299044 -0.73698 0.0705369 -0.763939 0.137258 -0.82571 -0.285578 -0.144393 0.455874 -0.844633 -0.370587 -0.736239 -0.241321 0.276653 -1 -0.43329 -1 0.507986 0.0813114 0.742924 -0.710866 -1 -0.436012 0.351591 0.0814956 -1 0.354937 -1 -0.969034 -0.0409016 -1 -0.34327 -0.0290405 0.575082 0.046819 0.390787 -0.300513 -0.946052 0.218694 -0.298582 -0.688135 0.663131 0.806369 -0.730951 0.824115 -0.883114 -0.163307 -0.706065 0.135879 0.264625 0.153814 -0.931879 -0.197997 -0.577316 -0.0636664 -1 0.368915 -0.275851 -0.357222 -0.781459 -1 -0.934649 -0.879529 0.178978 0.90167 -0.563166 -0.448377 0.578524 -1 -0.386889 0.594716 -0.289723 -0.59143 -0.111676 -0.932293 -0.0302827 -0.259315 
-0.728931 -1 0.282807 -0.380744 0.514064 -1 -1 0.596981 -0.90483 -0.510777 0.609369 -0.165613 -0.814582 -0.309344 0.0724047 -0.967897 0.250106 -0.887595 -1 -0.535202 0.389959 0.128177 -0.0120539 -0.627089 -0.535967 0.948422 0.569003 -1 0.241824 -0.139833 0.596055 -1 -0.644733 -0.172849 -0.674256 -0.483859 -0.711465 -0.526382 -0.855421 -0.954241 -1 -0.811163 0.358114 0.613091 -0.304409 -0.308344 -0.051597 0.232704 0.190449 -0.266068 -0.574919 0.536244 -1 0.105676 -0.457984 -0.706406 -1 -0.568603 -0.758197 -0.190695 -0.346581 0.179025 -0.657746 0.244969 -0.935197 0.01576 -0.620978 -0.259589 -0.244637 0.460691 -0.815001 -0.48072 -0.603299 -0.221094 -0.050646 -1 -0.230585 -1 0.673841 0.130624 0.466292 -0.947425 -1 -0.811434 -0.125638 0.210699 -0.735305 0.290799 -1 -1 -0.245181 -0.912188 0.17795 0.0352477 0.60726 0.307121 0.425296 -0.441337 -0.938706 0.187571 -0.513822 -0.388393 0.741383 0.539459 -0.79865 0.83716 -0.898474 -0.163776 -0.658933 0.0498665 0.367044 0.0488224 -1 -0.122235 -0.336914 0.153925 -0.939175 0.286889 -0.362494 -0.175007 -0.350726 -1 -1 -1 0.274946 1 -0.473826 -0.390777 0.734651 -0.983464 -0.517326 0.394049 -0.180885 -0.59143 0.239271 -1 0.0766537 -0.146567 
-0.971041 -1 0.282807 -0.463159 0.736302 -1 -1 0.708803 -1 -0.686758 0.944357 0.346067 -0.978865 -0.0480327 0.338688 -1 -0.0862992 -0.543983 -0.951002 -0.390381 0.636998 0.129249 0.169894 -0.351849 -0.302872 0.80026 0.617885 -1 0.667386 -0.28551 0.685398 -1 -0.549307 0.00731394 -0.549849 -0.60964 -0.853473 -0.247713 -0.657549 -0.761189 -1 -0.625866 0.299271 0.613091 -0.247031 -0.107724 0.399768 0.303609 0.190449 -0.191045 -0.835602 0.628663 -0.928501 0.108703 -0.494098 -0.676158 -1 -0.280675 -0.776561 0.0470525 -0.68662 0.497446 -0.38392 0.336898 -0.887149 0.294804 -0.333381 -0.0994307 -0.169803 0.250784 -0.593533 -0.467856 -0.533339 -0.299302 0.00689398 -0.715368 -0.475057 -1 0.364466 0.309968 0.623407 -0.982478 -1 -0.252864 0.158304 0.427989 -1 0.513775 -1 -1 -0.247756 -1 -0.00248151 -0.201139 0.449382 0.301087 0.347279 -0.600162 -1 -0.0205028 -0.311173 -0.380287 0.626976 0.865506 -1 0.83716 -1 -0.242955 -0.798972 0.019614 0.298302 0.126629 -1 -0.197997 -0.390561 0.171872 -1 0.286889 -0.27455 -0.233842 -0.481415 -0.817882 -1 -0.907264 0.141397 0.870325 -0.643443 -0.289138 0.597506 -0.805672 -0.679756 0.323668 -0.178956 -0.638523 -0.0994215 -0.927093 0.11467 -0.214679 
-0.94806 -1 0.523661 1 -1 -1 -0.511 0.810991 -0.500541 -0.56062 -0.417288 -0.364507 -0.581983 0.268643 -0.0348069 -0.64977 0.150971 0.530543 -0.814038 -0.659615 0.20222 -0.378551 0.130012 0.278626 0.453488 -1 0.708861 -0.326594 -0.607207 0.00547805 -1 0.799538 -0.289277 -0.0998954 0.286866 -1 0.175066 -1 -0.432475 -1 0.867955 0.191972 0.540701 -0.339659 0.75215 0.766872 -0.531524 -0.350308 0.238161 -0.716407 0.0743582 -0.917679 -0.172588 -0.742549 -0.687668 -0.595889 -0.899838 0.71481 -0.0956339 -1 -0.918391 -0.0880828 0.464854 0.00788575 0.240499 0.963862 0.075453 -0.208151 -0.698966 -0.729021 0.544602 -1 0.115081 0.488889 -0.436545 -0.354164 0.00542456 -0.119883 -0.719932 -0.891016 -0.925999 -0.948743 -0.905553 -1 -0.746014 -0.933961 -0.768515 -0.395183 -0.356093 -0.0768607 -1 -0.17694 0.657917 -1 -1 -0.0248048 -1 -0.762448 -1 0.235256 0.14821 -0.926834 0.379547 -0.137967 -0.467361 0.228345 -0.202291 -0.415193 -0.0445763 -0.549726 -0.441598 0.221544 -0.0231335 -0.583888 0.272025 -0.166177 -0.39628 -1 -1 -0.045053 -0.393043 -0.777687 -0.602075 0.125261 -0.294914 -0.565284 -0.516946 0.105679 -0.842036 -0.148369 -0.189852 -1 0.326034 0.340248 0.404371 -0.184698 -0.814587 -0.86887 
-0.929764 -1 0.282807 -0.45806 0.758803 -1 -1 0.708803 -1 -0.686758 0.76384 0.346067 -0.807192 0.0175344 0.318361 -0.988572 0.173196 -0.534945 -0.804167 -0.390381 0.636998 0.129249 0.223136 -0.336927 -0.302872 0.694741 0.507004 -1 0.667386 -0.143303 0.685398 -0.987369 -0.548741 -0.212981 -0.798483 -0.432786 -0.613163 -0.247713 -0.657549 -0.832269 -1 -0.726571 0.0168744 0.502199 -0.247031 -0.182235 0.259352 0.303609 0.190449 -0.463651 -0.622442 0.710991 -1 0.202134 -0.381819 -0.787136 -1 -0.47883 -0.776561 0.0470525 -0.460841 0.455383 -0.38392 0.320063 -0.887149 0.0414728 -0.333381 -0.12608 -0.169803 0.380028 -0.593533 -0.583278 -0.533339 -0.299302 0.154434 -0.866999 -0.51094 -1 0.432221 0.292288 0.723016 -0.710866 -1 -0.520153 0.158304 0.427989 -1 0.513775 -1 -1 -0.00465921 -0.883518 0.147199 -0.0358312 0.574276 0.301087 0.305728 -0.256683 -1 0.265903 -0.320501 -0.388393 0.741383 0.855975 -0.79865 0.83716 -1 0.0133277 -0.798972 0.131639 0.184884 0.126629 -1 -0.197997 -0.402869 0.171872 -1 0.286889 -0.447242 -0.181578 -0.47447 -0.943734 -0.969895 -0.980464 -0.0302104 0.870325 -0.534488 -0.368145 0.445024 -1 -0.566771 0.149541 -0.178956 -0.497609 0.115075 -0.927093 0.11467 0.0262375 
-0.925892 -1 0.0751326 -0.611083 0.713999 -0.817396 -0.965856 0.594401 -0.942956 -0.622427 0.719451 0.436374 -0.975808 -0.080028 0.0569017 -0.954909 0.251034 -0.868902 -0.908162 -0.476991 0.695034 0.276353 0.194158 -0.390053 -0.29912 0.767043 0.437809 -1 0.649495 -0.528312 0.492493 -1 -0.649242 -0.26806 -0.582134 -0.702309 -0.872011 -0.371439 -0.799433 -0.960554 -1 -0.621472 0.225283 0.613091 -0.304409 -0.151939 -0.020167 0.209712 0.190449 -0.0762751 -0.474795 0.690675 -1 0.105676 -0.39061 -0.59785 -1 -0.456349 -0.960818 -0.0968203 -0.346581 0.455383 -0.576418 0.10743 -0.801802 0.0800334 -0.69573 -0.0632115 -0.169803 0.36237 -0.493181 -0.785915 -0.68309 0.0387585 0.0617971 -0.759316 -0.256502 -1 0.739913 0.304829 0.535762 -0.704294 -1 -0.309155 0.184713 0.305543 -0.735613 0.513775 -1 -1 0.196951 -1 0.288707 -0.0386904 0.599231 0.191885 0.165051 -0.226572 -1 0.218694 -0.386004 -0.629142 0.559913 0.565041 -0.910761 0.69824 -1 0.036919 -0.843336 0.257695 0.244892 0.157836 -1 -0.38443 -0.220586 0.292962 -1 0.24541 -0.27455 -0.211299 -0.475416 -1 -0.946251 -1 0.293494 0.999348 -0.754034 -0.480726 0.641509 -1 -0.706517 0.27921 -0.271861 -0.591691 -0.184072 -0.86524 -0.345957 -0.00481226 
-1 -0.729657 0.504844 0.753683 -0.637385 -0.380818 -0.234304 0.778921 -0.678222 -1 -0.47294 -0.128483 -0.665177 0.278975 0.164687 -0.147821 -0.00838023 0.228874 -0.757123 -0.754702 0.3777 -0.544972 0.404962 -0.169793 0.668104 -0.95214 0.894551 -0.10243 -0.458234 0.387965 -0.977782 0.647325 0.125754 -0.206216 0.374167 -1 0.482397 -0.408347 -0.0539546 -1 0.741929 0.379474 0.4681 -0.691964 0.952921 0.580006 -0.132011 -0.582503 0.542174 -0.827319 -0.0829282 -0.498784 -0.195194 -0.126054 -0.773601 -0.706231 -0.992072 0.510795 0.411323 -1 -1 -0.0484429 0.511566 0.461583 0.827325 0.414582 0.220472 -0.160504 -1 -0.325724 0.479175 -0.953919 0.0299934 0.254572 -0.302857 -0.353493 0.0988069 0.244089 -0.967119 -1 -0.787985 -0.794098 -0.993946 -0.897927 -0.142218 -0.975558 -0.750412 -0.873369 0.198732 -0.167463 -0.941292 -0.545416 0.272694 -1 -1 1 -0.799997 -1 -0.897826 -0.0305708 0.0324704 -1 0.667225 -0.561381 -0.62766 0.0593511 -0.0646782 -0.521947 -0.405631 -0.654088 -0.69692 0.92962 -0.379497 -0.703206 -0.0689919 -0.10749 -0.281527 -0.876147 -0.96285 -0.57459 -0.346893 -0.284836 -0.385572 0.157272 -0.249178 -1 -0.864268 0.0112839 -0.822059 0.439381 -0.361097 -1 0.0853275 0.427678 0.413227 0.136084 -0.808312 -0.632444 
-1 -0.250178 0.506155 0.15692 -0.354945 -1 -0.221492 0.938575 -0.772296 -0.189888 -0.443892 -0.813391 -0.246318 -0.0860866 -0.0207625 0.0689571 -0.229677 0.370172 -1 -0.810906 0.396084 -0.681634 0.535837 0.49535 0.509471 -0.865526 0.506725 0.282255 -0.917611 0.197193 -0.786434 0.533727 0.0541526 -0.162088 0.254847 -1 0.375613 -0.877315 0.19059 -1 0.421974 0.703966 0.54814 -0.818579 0.174662 0.86542 -0.0217909 -0.455826 0.466152 -0.883518 -0.243457 -0.698783 -0.336822 0.698631 -0.6698 -0.571087 -1 0.429408 0.543193 -0.9187 -1 -0.0306253 0.320672 0.420604 0.580404 0.883912 0.316683 -0.611232 -0.651443 -0.107918 0.254475 -0.6256 0.0970634 0.350908 -0.430746 -0.281427 0.22727 0.523306 -0.767758 -0.865123 -0.807048 -1 -1 -0.995756 -0.192035 -1 -1 -0.662228 0.157797 0.12787 -0.939107 -0.152375 0.819385 -1 -1 0.57839 -0.788394 -0.579495 -1 -0.207121 -0.00410183 -0.920128 0.755391 -0.00124878 -0.729471 0.0217385 -0.604832 -0.514553 -0.216654 -0.946186 -0.622214 0.79982 -0.667805 -0.761527 0.282229 -0.20724 -0.489038 -0.943763 -0.984542 -0.379093 -0.63387 -0.840034 -0.766536 -0.0456734 -0.11315 -1 -1 0.202887 -1 0.561348 -0.395396 -0.907859 0.0620749 0.243403 0.674646 0.0754145 -0.547152 -0.950529 
-1 -1 0.425486 0.781717 -0.733038 -0.824841 -0.290377 0.867989 -0.558238 -0.999712 -0.613922 -0.463114 -0.781597 0.192443 0.323893 -0.0979367 -0.0046612 0.225133 -0.985082 -0.45884 0.305854 -0.747392 0.187178 0.0581214 0.518594 -0.727473 0.675768 -0.152737 -0.732003 -0.0026354 -1 0.304297 0.0509137 -0.394863 0.0395618 -1 0.143828 -0.760828 0.0246195 -1 0.546041 0.237331 0.37436 -0.517668 0.223898 0.90327 -0.00789111 -0.24479 0.642347 -0.90571 0.247641 -0.375026 -0.384053 0.725326 -1 -0.857895 -1 0.453236 0.558351 -1 -1 0.188374 0.386764 0.440321 -0.00907233 0.829552 0.338441 -0.231561 -0.95442 -0.247204 0.758911 -0.797309 0.166392 0.218315 -0.599887 -0.272184 -0.117681 0.186646 -0.669041 -0.966074 -1 -0.721379 -0.741671 -0.786948 -0.396035 -1 -0.968153 -0.625114 -0.128364 0.0622972 -0.822228 -0.843938 0.0901046 -0.985044 -1 0.640794 -0.679557 -1 -1 0.118884 0.118103 -1 0.639401 -0.296233 -0.586109 0.451887 -0.23931 -0.478329 -0.0691599 -0.708499 -0.390044 0.733521 -0.232992 -0.514421 0.422848 -0.302182 -0.758908 -1 -0.920214 0.0583769 -0.516973 -0.517129 -0.676134 -0.0601634 -0.484795 -0.547999 -0.662902 0.00851998 -0.732022 -0.110407 -0.342938 -1 -0.0913998 0.646667 0.649185 -0.370607 -0.429154 -0.874415 
-0.859003 -1 0.0685935 -0.303451 0.619041 -1 -0.989949 0.292176 -1 -0.524243 0.713512 0.241587 -0.824243 -0.319705 0.338688 -0.978731 0.0796417 -0.543983 -0.890794 -0.58117 0.469305 0.328334 0.121473 -0.862915 -0.526687 0.810331 0.73805 -1 0.495065 -0.143303 0.481053 -0.987369 -0.505095 0.12711 -0.644553 -0.578216 -0.625516 -0.506882 -0.657549 -0.85222 -1 -1 0.215794 0.597982 -0.304409 -0.220563 0.0194577 0.124667 0.146907 -0.1534 -0.474795 0.538654 -1 -0.0844451 -0.621838 -0.893033 -1 -0.429079 -0.815282 -0.15334 -0.758584 0.449154 -0.406801 0.236799 -0.968022 -0.121729 -0.518995 -0.29863 -0.800543 0.207734 -0.52005 -0.467856 -0.533339 0.0283945 0.188335 -0.785789 -0.286201 -1 0.554646 0.0139523 0.551596 -0.807176 -1 -0.574535 0.296064 0.387655 -0.934761 0.351683 -1 -1 -0.128486 -0.822151 0.482257 0.199507 0.385777 0.261539 0.372835 -0.572514 -1 0.00530046 -0.413007 -0.630338 0.610108 0.690984 -0.82203 0.566062 -0.947662 -0.34163 -0.529102 0.239156 0.393605 0.0778157 -1 -0.197997 -0.220586 0.309036 -0.975266 0.0793239 -0.548688 -0.171074 -0.363022 -0.880719 -0.943262 -0.96935 0.0568547 0.992271 -0.356199 -0.581879 0.350568 -0.808357 -0.45735 0.517354 -0.385624 -0.797771 -0.11848 -1 -0.0986468 -0.323251 
-1 -1 0.570226 0.753683 -1 -0.551209 -0.364092 0.886765 -0.575329 -0.940721 -0.494982 -0.366619 -0.669722 0.660457 0.229462 -0.214536 -0.0875759 0.129387 -0.72709 -0.769229 0.107719 -0.572776 0.385222 -0.209631 0.31158 -0.951255 0.891018 0.105024 -0.793336 0.531989 -1 0.385155 -0.211266 0.0127016 0.505643 -1 0.198839 -0.267707 0.145657 -0.959573 0.918749 0.642927 -0.0573011 -0.586173 0.862603 0.24398 0.120287 -0.874703 0.486995 -0.875812 0.211551 -0.332519 -0.203106 -0.383395 -1 -0.871367 -1 0.399318 0.176801 -1 -1 -0.0265981 0.418309 0.410002 0.568838 0.514507 -0.156302 -0.523634 -0.775127 -0.362179 0.563354 -1 -0.226163 0.524384 -0.640387 -0.269605 -0.0226548 0.298888 -0.772957 -1 -0.878068 -1 -1 -0.971753 -0.506326 -1 -1 -0.802395 -0.0646998 0.155511 -1 -0.898897 0.340129 -1 -0.994472 0.858252 -1 -0.749385 -1 0.125954 0.036181 -1 0.0291076 -0.710741 -0.528453 -0.115485 -0.179388 -0.870384 0.0811788 -1 -0.781934 1 -0.441799 -0.779694 -0.336289 -0.0601624 -0.355749 -1 -1 -0.211404 -0.492603 -0.207433 -0.369039 0.0818997 -0.59914 -1 -0.672798 -0.125926 -1 0.19352 -0.151402 -1 -0.0155089 0.779083 0.58004 -0.113401 -0.430453 -0.943681 
-1 -0.921475 0.565098 0.549389 -0.757847 -0.757857 -0.61661 0.522187 -0.918041 -0.629214 -0.162322 -0.483591 -0.553452 0.259345 0.226856 -0.12054 -0.308535 0.381631 -0.591564 -0.593331 0.306238 -0.699741 0.614456 0.0286141 0.623629 -0.947052 0.761122 0.0772543 -0.533172 0.264857 -0.942795 0.770468 0.0242744 -0.169261 0.334282 -1 0.277794 -0.604611 -0.0552998 -1 0.723076 0.420415 0.141134 -0.602032 0.644861 0.555789 0.261814 -0.537646 0.421958 -1 0.349634 -0.448887 -0.105905 0.52975 -0.845903 -0.549613 -0.774244 0.47521 0.18619 -0.87742 -1 -0.153388 0.22678 0.470957 0.656058 0.513234 0.355805 -0.382875 -0.922656 -0.252172 0.488859 -0.735995 0.0595554 0.525062 -0.284677 -0.322968 -0.398168 -0.0604194 -0.671104 -0.975873 -0.839841 -0.968161 -1 -0.786865 -0.347883 -1 -0.924753 -0.4701 -0.1077 -0.213927 -0.900377 -0.627537 0.524915 -1 -0.844804 0.766673 -0.512272 -0.803314 -1 -0.170588 -0.0962806 -0.491623 0.446181 -0.486397 -0.784748 0.287543 -0.0400796 -0.439168 -0.149637 -0.947978 -0.487211 0.788992 -0.247202 -0.344893 0.3111 -0.474653 -0.997213 -1 -1 -0.377333 -0.448705 -0.453982 -0.650113 -0.0223435 -0.457305 -0.744059 -0.963911 0.110596 -0.838158 0.39125 -0.374946 -1 0.412494 0.913319 -0.0317478 -0.256689 -0.812764 -0.717674 
-1 -0.74037 0.579328 0.492081 -0.595115 -0.865878 -0.483158 0.819937 -0.825267 -0.884985 -0.296391 -0.205443 -0.807208 0.216679 0.037276 -0.0698363 -0.664975 0.14006 -0.829276 -0.45531 0.0908191 -0.280671 0.459336 0.209897 0.457719 -0.807776 0.683568 -0.325179 -0.541988 -0.0109344 -1 0.586562 0.529072 0.0885007 0.41499 -0.99591 0.362603 -0.511602 -0.0205705 -1 0.609472 -0.175055 0.306248 -0.198102 0.954784 0.520045 0.0795127 -0.60694 0.579192 -1 0.387981 -0.229999 -0.157683 0.458728 -1 -0.831675 -0.998687 0.383083 0.0988195 -1 -0.952342 -0.177907 0.543224 0.378455 0.616111 0.574001 -0.212252 -0.21018 -0.800695 -0.337394 0.612476 -0.931882 -0.222382 0.417596 -0.181814 -0.268834 -0.0793755 0.113277 -0.544127 -1 -1 -0.971365 -0.742911 -0.90933 -0.269693 -1 -1 -0.926852 -0.177883 0.0703986 -0.889502 -0.354593 0.608848 -1 -0.81503 0.977562 -0.728465 -1 -1 -0.269417 -0.0163178 -0.741383 0.41633 -0.209266 -0.630342 -0.0481738 -0.219961 -0.277399 -0.461484 -0.448729 -0.655887 0.540205 -0.612434 -0.482336 -0.0822033 -0.256887 -0.287195 -1 -1 -0.405579 -0.149737 -0.613375 -0.206117 -0.0526998 -0.504026 -1 -0.796591 0.140379 -0.940582 0.130218 -0.193318 -1 0.258789 0.41087 0.545498 -0.0311824 -0.710396 -0.713335 
-1 -1 0.621591 0.589303 -0.875459 -0.766215 -0.183463 0.765922 -0.354587 -1 -0.455535 -0.586079 -0.585079 0.498767 -0.178943 -0.126707 -0.0875759 0.0769087 -0.815333 -0.517461 0.225313 -0.223701 0.199322 -0.176251 0.591204 -0.846749 0.852329 0.15771 -0.646007 0.252684 -1 0.550692 0.232142 -0.179816 0.407139 -1 0.49501 -0.222683 0.0916085 -1 0.645008 0.532744 0.154172 -0.341679 0.648372 0.425374 0.0921743 -0.399873 0.110914 -0.926786 0.324525 -0.361017 -0.050515 -0.0237442 -0.866542 -0.647806 -1 0.529443 0.594318 -0.96742 -1 0.0103679 0.134829 0.0958378 0.613591 0.439532 -0.213572 -0.12336 -0.996221 -0.28422 0.43674 -0.978391 0.206528 0.364766 -0.54736 -0.348368 -0.0267945 0.251192 -1 -1 -0.599288 -0.859305 -1 -0.95744 -0.544141 -0.919489 -1 -0.459228 0.0636794 0.355006 -1 -0.326327 0.712894 -0.994158 -0.982269 0.996643 -0.821184 -0.740225 -1 -0.416177 0.0285176 -1 0.123452 -1 -0.52389 0.345798 -0.597056 -0.538901 -0.350598 -0.549935 -0.934025 0.851677 -0.215963 -0.878195 -0.382797 -0.0587716 -0.238993 -1 -1 -0.579196 -0.29432 -0.495063 -0.497249 0.203848 -0.394394 -0.835434 -1 -0.0891245 -1 0.227317 -0.238616 -0.98658 0.194159 0.370118 0.476959 -0.361695 -0.463695 -1 
-1 -0.690357 0.667946 0.812329 -0.334305 -0.938844 -0.0813518 0.365253 -0.377823 -0.783613 -0.103717 -0.750915 -0.138025 -0.115447 0.297237 -0.5731 -0.672175 0.299109 -0.826036 -0.266964 -0.124775 -0.305883 0.0963814 0.0541539 0.926262 -0.6551 0.714252 0.0685644 -0.793531 -0.0772342 -0.934608 0.436264 0.225059 -0.0513682 0.459032 -1 -0.0801951 -0.746493 0.164107 -0.990564 0.566492 0.0631973 0.30289 -0.0634389 0.745211 0.721119 0.304304 -0.548171 0.244415 -1 0.378078 -0.510746 -0.72617 0.328734 -0.909518 -0.581119 -1 0.255696 0.439738 -1 -1 -0.260254 0.221018 0.109683 0.196125 0.578576 0.507699 -0.0582559 -0.498189 -0.00405221 0.657152 -0.956871 -0.126781 0.152545 -0.568469 -0.198672 0.0911578 0.198809 -0.572662 -1 -1 -0.963185 -1 -0.946969 -0.683971 -1 -1 -0.706263 0.282658 -0.624882 -1 -0.205591 0.495971 -1 -0.829958 0.873973 -0.808332 -0.529523 -1 0.254892 -0.445987 -1 0.219869 -0.355539 -0.997322 0.182239 -0.277904 -0.482366 -0.816506 -1 -0.891131 0.627107 -0.583725 -0.286601 -0.149904 -0.443903 -0.179442 -1 -1 -0.167758 -0.142158 -0.254214 -0.170598 -0.337939 -0.540715 -0.382583 -0.89182 0.269816 -1 0.0270554 -0.437267 -1 0.510559 0.289155 0.870959 -0.445119 -0.582809 -0.873207 
-1 -0.436323 0.692585 0.419962 -0.373019 -1 -0.0600309 0.736613 -0.678103 -0.42684 -0.405135 -0.259786 -0.542222 0.0205579 -0.0824046 -0.00452159 -0.168445 0.423197 -1 -0.830222 0.471185 -0.550225 0.261256 0.47154 0.217921 -0.95604 0.690862 0.137911 -0.709159 -0.168299 -1 0.198359 0.0827067 -0.638953 0.101463 -0.977841 0.613541 -1 0.438095 -0.913858 0.7575 0.0440735 0.608802 -0.462852 0.217997 0.426374 -0.150301 -0.164957 -0.0971827 -0.839863 -0.0274748 -0.644731 0.0324716 0.379579 -0.927211 -0.571087 -1 0.220128 0.291362 -1 -0.926951 -0.365844 -0.249509 0.275203 0.328955 0.695665 0.248936 -0.50775 -0.83961 0.044224 0.672339 -0.581949 -0.101583 0.0811667 -0.298785 0.0991248 -0.421451 0.0678172 -0.332035 -0.949127 -0.660923 -1 -1 -1 -0.308197 -0.89418 -0.966534 -0.603923 0.297636 0.0709779 -0.935717 -0.125209 0.784056 -1 -1 0.806444 -0.946771 -0.825789 -1 -0.0876621 0.156819 -1 0.711466 0.069646 -0.472033 0.443286 -0.556983 -0.628402 -0.201003 -0.531188 -0.361338 0.7221 -0.710117 -0.50105 0.654199 -0.208072 -0.477245 -1 -1 -0.325177 -0.327576 -0.602228 -0.571866 0.0129616 -0.247918 -0.653034 -0.941005 0.0296096 -0.944518 0.325767 -0.642592 -1 0.307059 0.509614 0.633676 0.0498467 -0.747449 -0.694544 
-1 -0.616548 0.612238 0.748655 -0.747356 -0.972901 -0.344694 0.76834 -0.727598 -0.586764 -0.125615 -0.845102 -0.572492 0.205374 0.215626 -0.457911 -0.214469 0.425724 -1 -0.732879 0.490034 -0.810581 0.779746 0.166627 0.624845 -0.76889 0.72456 -0.137911 -0.949339 0.438897 -1 0.497377 0.239309 -0.0824121 0.426723 -0.935709 0.158518 -0.395552 -0.197113 -1 0.770538 0.735041 0.598047 -0.516026 0.989998 0.662546 0.427019 -0.63115 0.431598 -1 -0.0391892 -0.195922 -0.606434 0.727228 -0.747984 -0.980642 -0.923174 0.35078 0.749524 -1 -1 -0.0766729 -0.0698045 0.488931 0.532534 0.825625 0.0936207 -0.596615 -0.637817 -0.0708537 0.401808 -0.749066 -0.106739 0.371113 -0.86151 -0.0895592 0.558758 0.282872 -0.587899 -1 -0.986266 -1 -0.878454 -1 -0.510603 -0.939261 -0.653387 -1 0.139088 0.0929067 -1 -0.13169 0.822104 -1 -0.869782 0.960306 -0.38993 -0.369927 -1 -0.449645 0.299597 -0.774138 0.475069 -0.706679 -0.268368 0.285879 -0.362822 -0.396723 -0.268791 -0.397621 -0.418579 0.812264 -0.258731 -0.577528 0.139134 0.0856307 -0.299815 -1 -1 -0.0587921 -0.252023 -0.697519 -0.451592 0.290352 -0.315432 -0.386527 -0.447609 0.0156613 -1 0.678077 -0.381045 -1 -0.360564 0.71557 0.604199 -0.420608 -0.670808 -0.510933 
-1 -0.329611 0.609471 0.423411 -0.385232 -1 -0.142316 0.798706 -0.808346 -0.360605 -0.423155 -0.209908 -0.188233 -0.103276 -0.0996014 -0.311698 -0.241948 0.426569 -0.974881 -0.69247 0.564776 -0.519078 0.365479 0.47154 0.561997 -1 0.913362 -0.0639658 -0.768614 0.0630139 -0.997578 0.446479 0.516867 -0.874132 -0.0773995 -0.9 0.621195 -0.947304 0.378658 -1 0.831346 0.36485 0.450599 -0.569105 0.240517 -0.0493717 0.0181437 -0.30039 -0.0805591 -0.876023 -0.131499 -0.682583 0.0203307 0.688014 -0.788118 -0.94155 -1 0.394023 0.581271 -1 -1 -0.0735782 -0.290199 0.112246 0.343202 0.650117 0.174067 -0.891963 -0.623663 -0.318296 0.587982 -0.750951 -0.106109 -0.188911 -0.359009 -0.173777 -0.11876 0.229144 -0.66269 -1 -0.797601 -1 -1 -1 -0.308197 -1 -1 -0.515348 0.282231 0.263417 -0.976758 -0.140925 0.600415 -0.804512 -1 0.743181 -0.869327 -0.819685 -0.815704 0.0369261 -0.106011 -1 0.507854 -0.00124878 -0.675546 0.301029 -0.383764 -0.708616 6.41495e-05 -0.510985 -0.361338 0.527009 -0.862108 -0.457822 0.643489 -0.268591 -0.651838 -1 -1 -0.30181 -0.344878 -0.863169 -0.306047 -0.0418994 -0.340143 -0.563597 -1 0.092633 -0.899984 0.258311 -0.784036 -0.857315 0.128357 0.572049 0.548311 -0.256022 -0.762873 -0.604237 
-1 -1 0.56242 0.67125 -0.7063 -0.914403 -0.493011 0.822817 -0.363259 -0.465545 -0.349266 -0.32198 -0.410793 0.54765 0.0553799 -0.585745 0.0458356 0.317685 -1 -0.565086 0.15157 -0.380153 0.235495 0.243817 0.55477 -0.851566 0.897298 -0.251087 -0.359756 -0.241689 -1 0.723212 -0.311245 -0.347627 0.261637 -1 0.0018654 -0.453004 -0.356383 -1 0.957847 0.380285 0.516526 -0.383045 0.913531 0.883954 -0.18 -0.194754 0.410343 -0.712099 0.19513 -0.409496 -0.542757 0.201899 -0.912667 -0.607448 -0.829427 0.454638 -0.182982 -1 -1 -0.0227396 0.569801 0.44354 0.363429 0.750934 0.075594 -0.224464 -1 -0.409969 0.375507 -1 0.26439 0.389716 -0.366506 -0.405845 -0.183616 -0.517024 -0.952826 -1 -0.963678 -1 -0.855027 -1 -0.512095 -1 -1 -1 -0.14082 0.337931 -1 -0.251427 0.697072 -1 -1 0.725481 -1 -0.649966 -1 0.298227 0.416457 -1 0.962322 -0.205662 -0.436271 0.0342375 -0.0252924 -0.432491 -0.139078 -0.938604 -0.507573 0.352337 -0.648397 -0.421671 0.143423 -0.434618 -0.79749 -1 -1 -0.271589 -0.536355 -0.886894 -0.453926 -0.0624625 -0.357348 -0.74812 -0.607821 0.252286 -1 0.367456 -0.240158 -1 0.360289 0.28259 0.550903 0.0406748 -0.522627 -0.661422 
-1 -0.690357 0.667946 0.791838 -0.334305 -1 -0.153987 0.365253 -0.377823 -0.729978 -0.103717 -0.717517 -0.240707 -0.115447 0.191024 -0.50468 -0.641173 0.299109 -0.826036 -0.371047 -0.0129864 -0.305883 0.3277 0.15232 0.932667 -0.684327 0.805285 0.120971 -0.856049 -0.0772342 -1 0.479907 0.334441 -0.209609 0.459032 -1 -0.0801951 -0.746493 0.164107 -0.990564 0.447079 0.0459275 0.352246 -0.0634389 0.718859 0.721119 0.177976 -0.754037 0.244415 -0.964948 0.378078 -0.550093 -0.557002 0.332061 -1 -0.596853 -1 0.362928 0.439738 -1 -1 -0.204225 0.262502 0.109683 0.0942863 0.609821 0.507699 -0.0582559 -0.490249 -0.0804207 0.657152 -1 -0.11036 0.189255 -0.568469 -0.198672 0.0911578 0.0727673 -0.51014 -0.926192 -1 -0.947422 -1 -0.946969 -0.526774 -1 -1 -0.703457 0.056402 -0.488144 -1 -0.0425883 0.495971 -0.926926 -0.888362 0.991406 -0.725253 -0.529523 -1 0.254892 -0.218981 -1 0.219869 -0.37162 -0.997322 0.174266 -0.34196 -0.253326 -0.752265 -0.842644 -0.718018 0.627107 -0.583725 -0.138654 -0.0553065 -0.444774 -0.149904 -1 -0.978982 -0.240399 -0.252045 -0.227913 -0.170598 -0.337939 -0.540715 -0.560999 -0.873684 0.256488 -1 0.0270554 -0.437267 -1 0.703733 0.110067 0.793249 -0.445119 -0.699578 -0.761127 
-0.93348 -1 0.237462 -0.380744 0.758803 -1 -1 0.774646 -0.942956 -0.510777 0.714913 0.12804 -1 -0.0480327 0.218243 -1 0.0900615 -0.771609 -0.947196 -0.4336 0.55907 0.343434 -0.00684911 -0.349687 -0.673993 0.694462 0.803715 -1 0.666331 -0.221019 0.667478 -0.907202 -0.290234 -0.244823 -0.582134 -0.739917 -0.666798 -0.377674 -0.564529 -1 -1 -0.887013 0.12181 0.650769 -0.529306 -0.299459 0.180089 0.234818 0.197605 -0.288166 -0.474795 0.728253 -1 0.105676 -0.532893 -0.727075 -0.992057 -0.259116 -0.776561 -0.0683464 -0.520998 0.455383 -0.502257 0.280599 -0.763939 0.0803926 -0.509549 -0.0130026 -0.169803 0.460691 -0.749477 -0.467856 -0.830803 -0.217288 0.0601882 -0.851357 -0.256502 -1 0.458975 0.00564411 0.823926 -0.710866 -1 -0.479925 0.351591 0.452878 -0.950347 0.438848 -1 -1 0.138796 -0.875901 0.359054 0.148024 0.611525 0.13146 0.367812 -0.667154 -0.9139 0.218694 -0.541736 -0.388393 0.561426 0.909422 -0.771087 0.647478 -0.916535 -0.18445 -0.549392 0.31488 0.393605 0.126629 -1 -0.273704 -0.429232 0.373552 -1 0.189984 -0.27455 -0.445724 -0.338966 -0.994037 -0.961977 -0.973346 -0.0573648 0.850271 -0.321528 -0.531339 0.734651 -0.839034 -0.615827 0.517354 -0.281899 -0.824121 -0.161666 -1 0.0738114 -0.122763 
-1 -0.207226 0.666265 0.567531 -0.383418 -1 -0.142316 0.93653 -0.678103 -0.215475 -0.385886 -0.352137 -0.351154 0.0205579 0.179744 -0.133716 -0.0675071 0.423197 -1 -0.951865 0.625006 -0.572831 0.346829 0.417422 0.339112 -1 0.913362 -0.0644614 -0.894135 -0.13765 -1 0.192694 0.189622 -0.557308 0.312464 -1 0.611776 -0.866719 0.36923 -1 1 0.278937 0.503624 -0.289098 0.0159257 0.386467 0.171345 -0.150901 0.127107 -1 -0.0274748 -0.511716 -0.196811 0.649831 -0.614399 -0.571087 -1 0.401288 0.471332 -1 -1 -0.225305 -0.0505483 0.275203 0.158064 0.633911 0.248936 -0.487559 -0.763241 0.044224 0.583512 -0.581949 0.0157461 0.194748 -0.397231 0.068618 -0.174063 0.158813 -0.564048 -0.949127 -0.789407 -0.929414 -0.968513 -0.958497 -0.54888 -1 -0.955472 -0.658556 0.371648 0.214397 -0.935717 -0.234383 0.793561 -0.879375 -1 0.743181 -0.767806 -0.67509 -0.807816 0.146057 0.16889 -1 0.66269 -0.00124878 -0.427528 0.325746 -0.31807 -0.628402 -0.115472 -0.448479 -0.476249 0.735372 -0.710117 -0.444562 0.540417 -0.269327 -0.484352 -1 -1 -0.325177 -0.337902 -0.642233 -0.723408 0.0137982 -0.273976 -0.636338 -0.952891 0.222966 -0.944518 0.371969 -0.602511 -1 0.307059 0.501555 0.633676 0.0900643 -0.484067 -0.639405 
0.153026 0.265561 0.0598553 -0.722806 0.39353 -0.500848 -1 -0.612606 -0.925779 -0.242556 -0.938717 0.227502 -1 -1 -1 -0.757121 0.187301 -0.308892 -0.0224338 0.331208 0.586206 -0.808797 -1 -0.248694 -0.242066 -1 -0.536532 0.130115 0.236869 -0.173204 -0.505962 0.00439242 -1 0.0422154 -1 -0.627923 0.76121 -0.452443 -0.500386 0.0340159 -0.280472 0.736366 -1 -0.0785573 0.400706 0.0693624 -0.78905 -1 -1 0.36103 -0.404649 0.735477 0.245713 0.248283 -0.50498 -0.955717 0.0624571 -1 -0.225039 -0.278832 0.403482 -0.654436 -1 -0.965981 0.663622 -0.493801 -1 -0.0174686 -0.859714 -0.2462 -0.069595 -0.18693 -0.965423 -1 0.758851 -0.0284635 0.427494 -0.130663 -0.71885 -0.109206 0.138871 -0.555771 -0.995454 -0.314329 -0.926354 -0.195439 -0.184539 -0.70055 0.361734 -0.0872164 -0.926922 -0.756602 -0.192243 0.246619 0.0716241 0.215881 -0.0790706 -0.71974 -1 -1 -1 -0.39921 -0.930273 0.182734 -0.664328 -1 -0.920287 -0.523456 0.318223 0.251223 -0.525431 0.873354 -0.361026 -0.612452 -1 -1 -0.813936 0.117431 0.369041 0.272979 0.818083 -1 -1 -0.95466 -0.918713 -0.582129 -1 0.10992 -0.579202 0.115199 -1 -0.455787 -0.41649 -0.443868 -1 -0.0267216 0.695418 -0.608876 
-0.728931 -1 0.293254 -0.648483 0.771029 -0.979019 -1 0.589081 -1 -0.831425 0.877023 0.436374 -0.807192 -0.24785 0.246112 -0.990438 -0.0876282 -0.498625 -1 -0.474423 0.36116 0.103155 0.267723 -0.712145 -0.361976 0.704783 0.820717 -0.942361 0.153266 -0.0508491 0.667478 -1 -0.580165 -0.27624 -0.653811 -0.69576 -0.69046 -0.374194 -1 -0.950916 -0.938367 -0.72697 0.299271 0.613091 -0.666511 -0.303001 0.205748 0.224561 -0.0906504 -0.444113 -0.474795 0.488087 -1 0.163839 -0.37214 -0.478479 -1 -0.37787 -0.776561 0.0470525 -0.564793 0.462744 -0.349228 0.336898 -1 0.0284459 -0.573501 -0.0290982 -0.169803 0.474567 -0.922758 -0.625793 -0.643691 -0.0653003 0.0370118 -1 -0.194925 -0.932352 0.739913 0.298246 0.538276 -0.848021 -0.974378 -0.248705 0.351591 0.0772235 -0.735613 0.163527 -1 -0.963489 0.169952 -0.836747 0.381066 -0.162802 0.502831 0.131712 0.449152 -0.448091 -0.922233 0.218694 -0.363049 -0.388393 0.741383 0.877303 -0.724393 0.649513 -1 -0.199709 -0.545234 0.309647 0.372787 0.0962101 -1 -0.197997 -0.220586 0.273814 -0.975266 0.0411481 -0.27455 -0.168482 -0.317645 -0.718975 -0.961332 -1 0.21048 0.786723 -0.394871 -0.317541 0.734651 -0.887994 -0.519486 0.503744 -0.324244 -0.59143 0.132035 -0.932293 0.00130063 -0.211778 
-1 -1 0.392562 0.492373 -0.805703 -0.970551 -0.720788 0.646434 -0.730235 -0.876306 -0.346024 -0.45857 -0.568052 0.050003 0.170511 -0.280575 -0.308535 0.381631 -0.591564 -0.593331 0.392037 -0.835043 0.614456 -0.0860865 0.575516 -0.815344 0.48831 -0.164084 -0.515103 0.0669459 -0.942795 0.770468 -0.442962 -0.169261 0.334282 -1 0.324285 -0.768893 -0.262434 -1 0.723076 0.306698 -0.0519557 -0.721863 0.522935 0.298566 0.339036 -0.56322 0.421958 -1 0.2337 -0.470235 -0.105905 0.469897 -0.845903 -0.596055 -1 0.532749 0.245758 -0.932477 -1 -0.0688507 0.22678 0.470957 0.844874 0.68907 0.419002 -0.399523 -1 -0.39121 0.451814 -0.735995 0.0595554 0.20848 -0.409657 -0.521859 -0.519384 -0.230202 -0.844869 -0.975873 -0.839841 -0.968161 -1 -0.931241 -0.103293 -1 -0.979389 -0.598289 -0.202141 -0.407106 -0.900377 -0.624341 0.411266 -1 -0.810291 0.607779 -0.450802 -0.832207 -1 -0.23414 -0.165276 -0.749335 0.566176 -0.682017 -0.784748 0.287543 -0.0400796 -0.439168 0.00507687 -1 -0.487211 0.788992 -0.23984 -0.344893 0.274957 -0.313894 -0.975939 -0.966904 -0.973875 -0.728459 -0.803548 -0.45813 -0.670481 -0.151542 -0.587368 -0.968333 -0.956581 0.110596 -0.735695 0.577637 -0.384943 -1 0.135892 0.853981 0.0922813 -0.256689 -1 -0.876484 
-0.980014 -1 0.138135 -0.370264 0.480027 -0.914487 -0.958343 0.708803 -0.942956 -0.510777 0.944357 0.217215 -0.761268 -0.0480327 -0.00476407 -0.932326 0.228855 -0.543983 -0.935535 -0.632338 0.44588 0.343434 0.20959 -0.533097 -0.582282 0.650415 0.879773 -0.876506 0.667386 -0.366111 0.489857 -1 -0.595164 -0.376405 -0.582134 -0.432786 -0.613163 -0.247713 -0.694183 -1 -1 -0.625866 0.250426 0.613091 -0.304409 -0.295894 0.100262 0.0935562 0.190449 -0.124417 -0.551411 0.787485 -1 0.1951 -0.39313 -0.709559 -1 -0.280675 -0.776561 0.0470525 -0.346581 0.287438 -0.38392 0.0793052 -0.852848 0.131898 -0.396167 -0.186372 -0.305016 0.15094 -0.613009 -0.467856 -0.533339 -0.118553 0.157845 -0.744834 -0.256502 -1 0.739913 0.264965 0.794368 -0.869822 -1 -0.559161 0.104796 0.178918 -0.894445 0.264057 -1 -1 0.254748 -0.875901 0.359054 0.139293 0.526986 0.134018 0.367812 -0.529195 -0.876271 0.120455 -0.525085 -0.344341 0.711812 0.604937 -0.691594 0.706871 -0.888948 -0.232877 -0.638731 0.13657 0.287043 -0.0332677 -0.979491 -0.197997 -0.152202 0.318173 -1 0.286889 -0.495863 -0.425935 -0.065614 -0.907401 -1 -0.980464 0.30118 1 -0.491908 -0.403703 0.734651 -0.974659 -0.517972 0.516515 -0.454185 -0.533776 0.115075 -0.984236 -0.169226 -0.111016 
-1 -0.708352 0.504844 0.753683 -0.543177 -0.380818 -0.234304 0.63963 -0.445331 -1 -0.45273 -0.128483 -0.873005 0.281688 0.164687 -0.146785 -0.0270481 0.233836 -0.818752 -0.754702 0.3777 -0.609968 0.236596 -0.438203 0.770903 -0.95214 0.870431 -0.125762 -0.496337 0.280771 -0.907571 0.636905 -0.0136425 -0.167084 0.374167 -1 0.482397 -0.310363 -0.117 -1 0.655337 0.326279 0.425566 -0.779664 0.764224 0.582008 -0.182734 -0.55179 0.560559 -1 -0.0829282 -0.585694 -0.426427 -0.110782 -0.961852 -0.838955 -0.787029 0.329114 0.383682 -1 -1 0.0295728 0.511566 0.442831 0.757206 0.0941777 0.038214 -0.460025 -1 -0.570357 0.479175 -0.953919 0.167143 0.470948 -0.491472 -0.353493 -0.11455 -0.0411839 -0.987545 -1 -0.866707 -0.622984 -1 -0.897927 -0.09927 -0.975558 -0.885254 -0.873369 0.229118 -0.0521257 -1 -0.550085 0.317564 -1 -1 1 -0.799997 -1 -0.90269 -0.117844 0.0324704 -0.981296 0.470492 -0.691761 -0.658478 0.0525984 0.205121 -0.85358 -0.405631 -0.927245 -0.696777 0.822338 -0.478319 -0.632981 -0.11329 -0.347315 -0.281527 -0.828495 -0.96285 -0.516098 -0.651929 -0.396716 -0.255639 0.217174 -0.23641 -1 -0.864268 0.0693803 -0.937705 0.316817 -0.605478 -1 0.136029 0.297776 0.153098 0.136084 -1 -0.817446 
-0.701572 -1 0.262482 -0.499531 0.707164 -1 -1 0.485714 -1 -0.932447 0.609325 0.487371 -0.875094 -0.0501324 0.297061 -1 -0.141271 -0.938181 -0.816676 -0.674417 0.400326 0.305387 0.0611722 -0.589969 -0.455695 0.65779 0.803715 -1 0.618974 -0.343393 0.475919 -0.977061 -0.318636 -0.0488203 -0.582134 -0.755834 -0.774969 -0.57452 -0.620677 -0.797999 -0.985716 -0.834947 0.301358 0.569168 -0.304409 -0.126253 0.210654 0.179875 0.110803 0.0872812 -0.505131 0.48226 -1 -0.146593 -0.292909 -0.469584 -1 -0.56094 -0.734598 0.0058686 -0.334342 0.455383 -0.38392 0.418264 -0.985532 0.0561886 -0.644444 -0.622695 -0.169803 0.229906 -0.745936 -0.464072 -0.533339 -0.0236314 0.200051 -0.912515 -0.199783 -1 0.699846 0.264965 0.737131 -0.908219 -1 -0.29267 0.331065 0.352618 -0.698737 0.518614 -1 -1 -0.00505252 -0.941942 0.136739 0.164663 0.599231 0.301087 0.219005 -0.516807 -1 0.164051 -0.513581 -0.412714 0.772969 0.785427 -0.777122 0.83716 -0.976953 0.0618141 -0.679914 0.181734 0.393605 0.126362 -1 -0.160622 -0.46856 0.360205 -0.975266 -0.181777 -0.27455 -0.181578 -0.280304 -0.754201 -1 -1 0.343054 1 -0.401393 -0.4603 0.429675 -0.890021 -0.502591 0.348544 -0.13466 -0.689487 -0.224752 -1 0.083685 -0.191974 
0.153026 0.265561 0.0598553 -0.722806 0.406426 -0.500848 -1 -0.689313 -1 -0.191429 -0.941983 0.248495 -1 -0.932747 -0.863823 -0.757121 0.187301 -0.308892 -0.0224338 0.540933 0.651249 -0.808797 -1 -0.248694 -0.32069 -0.902454 -0.401965 0.356826 0.36133 0.121629 -0.505962 -0.0884653 -1 0.0422154 -1 -0.434987 0.945288 -0.332284 -0.386161 0.312297 -0.280472 0.736366 -1 -0.0785573 0.400706 0.288435 -0.78905 -1 -1 0.36103 -0.293949 0.735477 0.280901 0.248283 -0.314692 -0.955717 0.0624571 -1 -0.23933 -0.0232621 0.403482 -0.654436 -1 -0.965981 0.663622 -0.493801 -1 0.120017 -0.92952 -0.213586 -0.155353 0.104994 -1 -1 0.960738 -0.0284635 0.427494 0.160711 -0.71885 0.0835046 0.138871 -0.555771 -0.995454 -0.314329 -0.926354 -0.195439 -0.184539 -0.70055 0.361734 -0.0872164 -0.732233 -0.675806 -0.192243 0.246619 0.200318 0.170321 -0.0790706 -0.478573 -0.967626 -1 -1 -0.313208 -0.832919 0.182734 -0.462313 -1 -0.920287 -0.301889 0.318223 0.169818 -0.525431 0.804148 -0.361026 -0.660437 -1 -1 -0.868209 0.117431 0.369041 0.569605 0.818083 -0.864297 -0.949934 -0.85363 -0.918713 -0.664607 -1 0.10992 -0.327766 0.033729 -1 -0.480508 -0.444022 -0.527292 -0.930295 -0.095843 0.695418 -0.608876 
0.153026 0.265561 0.0598553 -0.722806 0.406426 -0.500848 -1 -0.689313 -1 -0.191429 -0.941983 0.248495 -1 -0.932747 -0.863823 -0.757121 0.187301 -0.308892 -0.0224338 0.540933 0.651249 -0.808797 -1 -0.248694 -0.32069 -0.902454 -0.401965 0.356826 0.36133 0.121629 -0.505962 -0.0884653 -1 0.0422154 -1 -0.434987 0.945288 -0.332284 -0.386161 0.312297 -0.280472 0.736366 -1 -0.0785573 0.400706 0.288435 -0.78905 -1 -1 0.36103 -0.293949 0.735477 0.280901 0.248283 -0.314692 -0.955717 0.0624571 -1 -0.23933 -0.0232621 0.403482 -0.654436 -1 -0.965981 0.663622 -0.493801 -1 0.120017 -0.92952 -0.213586 -0.155353 0.104994 -1 -1 0.960738 -0.0284635 0.427494 0.160711 -0.71885 0.0835046 0.138871 -0.555771 -0.995454 -0.314329 -0.926354 -0.195439 -0.184539 -0.70055 0.361734 -0.0872164 -0.732233 -0.675806 -0.192243 0.246619 0.200318 0.170321 -0.0790706 -0.478573 -0.967626 -1 -1 -0.313208 -0.832919 0.182734 -0.462313 -1 -0.920287 -0.301889 0.318223 0.169818 -0.525431 0.804148 -0.361026 -0.660437 -1 -1 -0.868209 0.117431 0.369041 0.569605 0.818083 -0.864297 -0.949934 -0.85363 -0.918713 -0.664607 -1 0.10992 -0.327766 0.033729 -1 -0.480508 -0.444022 -0.527292 -0.930295 -0.095843 0.695418 -0.608876 
-0.931612 -1 0.357056 -0.366592 0.559565 -0.891725 -1 0.685351 -1 -0.758911 0.885461 0.359767 -1 -0.622974 0.432142 -1 -0.163539 -0.821073 -1 -0.553988 0.685521 -0.0597031 0.131913 -0.624336 -0.485355 0.764136 0.761389 -1 0.460601 -0.57453 0.459518 -0.963022 -0.427485 0.0686039 -0.811556 -0.465498 -1 -0.691785 -0.852602 -1 -1 -0.664947 0.0128241 0.374921 -0.304409 -0.120378 0.309395 0.189937 0.270482 -0.047616 -0.491365 0.771295 -1 -0.229327 -0.329647 -0.758441 -1 -0.215063 -0.941234 -0.223408 -0.241393 0.186445 -0.56149 0.336898 -1 0.143593 -0.586884 -0.279132 -0.140714 0.382202 -0.69084 -0.836678 -0.708404 -0.359815 0.224892 -0.655014 -0.427082 -1 0.725671 0.423867 0.613315 -0.964484 -1 -0.628111 -0.0978207 -0.276376 -1 0.425049 -1 -1 -0.0670909 -0.875901 0.0518596 0.276017 0.156494 0.31578 -0.015751 -0.218606 -0.981345 0.0430574 -0.741542 -0.748064 0.55588 0.609022 -0.850562 0.624876 -0.964342 -0.330664 -0.934999 0.338465 0.070478 0.034859 -1 -0.191797 -0.33311 0.0830818 -1 0.126815 -0.44181 -0.493187 -0.194501 -0.96371 -1 -1 -0.186059 0.674908 -0.32862 -0.460263 0.668246 -0.92689 -0.489929 0.211926 -0.298234 -0.651471 -0.139008 -0.972608 -0.125826 -0.403814 
-0.728931 -1 0.254326 -0.867021 0.73184 -1 -1 0.825296 -1 -0.46276 1 0.198378 -0.871374 -0.219476 0.242878 -1 0.0924941 -0.761397 -0.829474 -0.4336 0.525382 0.482913 -0.0715442 -0.3812 -0.548628 0.860514 0.803715 -1 0.403465 -0.508296 0.16629 -1 -0.383807 0.0734275 -0.850778 -0.61132 -0.679689 -0.286825 -0.566859 -0.809445 -1 -1 0.226779 0.613091 -0.337671 -0.262584 0.230895 0.113924 -0.0299779 -0.047616 -0.413806 0.689134 -0.96944 -0.0227491 -0.237197 -0.759481 -1 -0.602108 -0.955223 -0.466161 -0.346581 0.276378 -0.513959 0.336898 -1 0.246702 -0.607206 -0.222547 -0.413529 0.406063 -0.878302 -0.705725 -0.533339 -0.412876 -0.167795 -1 -0.877408 -1 0.580881 0.0774709 0.326009 -0.795294 -1 -0.46604 0.106773 -0.284944 -0.953841 0.39876 -1 -1 0.154681 -0.875901 0.125039 -0.111082 0.266092 0.232053 0.193682 -0.290769 -0.900582 0.0148707 -0.570926 -0.700175 0.741383 0.909422 -1 0.660832 -1 -0.0329147 -1 0.194169 0.393605 0.13467 -1 -0.162023 -0.4505 0.234169 -0.984886 0.0518918 -0.395965 -0.313305 -0.120014 -0.936206 -0.912597 -0.894849 0.245065 0.583418 -0.41702 -0.369983 0.715174 -1 -0.753563 0.433304 -0.173293 -0.496231 0.214289 -1 -0.468354 -0.264233 
-0.807705 -0.946123 0.272411 -0.344332 0.603365 -0.975473 -1 0.617482 -1 -0.593521 0.518718 0.511343 -0.962373 -0.26811 0.237009 -1 -0.12553 -0.777681 -1 -0.353507 0.40714 0.292171 0.270488 -0.736672 -0.250411 0.991294 0.467568 -0.763538 0.308119 -0.148726 0.768978 -0.972423 -0.753279 -0.0752453 -0.758162 -0.65146 -0.856472 -0.339125 -0.722058 -1 -0.949704 -0.667173 -0.234502 0.440922 -0.674277 -0.107724 0.0533564 0.120482 0.0433823 0.0919708 -0.474795 0.712503 -1 0.0879764 -0.149879 -0.801715 -1 -0.3122 -0.704721 -0.0921744 -0.641146 0.320088 -0.623007 0.294683 -0.888783 0.278818 -0.426746 -0.178806 -0.325589 0.596116 -0.612802 -0.489907 -0.63549 -0.349976 0.0376573 -0.699724 -0.335673 -1 0.773286 0.264965 0.379147 -1 -0.902831 -0.782087 0.236413 0.0637034 -0.83626 0.435488 -1 -1 -0.0941976 -1 0.197866 0.240546 0.0790411 0.144779 0.501842 -0.231007 -1 -0.058005 -0.50346 -0.469461 0.581164 0.3904 -1 0.823503 -1 -0.389739 -0.605176 0.0452707 0.151747 0.0609004 -1 -0.182388 -0.60757 0.150415 -1 0.0146582 -0.825579 -0.463551 -0.057924 -1 -1 -0.980464 0.125486 0.992271 -0.557834 -0.339246 0.734651 -1 -0.784224 0.365509 -0.426138 -0.629058 0.151721 -1 -0.162776 -0.0659053 
-0.749729 -1 0.282807 -0.964787 0.648487 -1 -1 0.708803 -1 -0.705338 0.984911 0.403384 -0.945297 -0.327277 0.36937 -1 0.241872 -0.664659 -1 -0.4336 0.517143 0.286685 0.139817 -0.682161 -0.528974 0.661103 0.864284 -0.870263 0.667386 -0.57418 0.521447 -1 -0.485506 -0.00221376 -0.867146 -0.735407 -0.767675 -0.458348 -1 -0.795838 -0.942695 -0.895658 0.31955 0.613091 -0.537837 -0.113449 0.0714594 0.234818 0.0777896 -0.047616 -0.474795 0.793989 -1 0.105028 -0.406861 -0.632774 -1 -0.375806 -0.681936 0.113954 -0.346581 0.247978 -0.338714 -0.046752 -0.761584 0.393463 -0.435027 -0.430402 -0.358959 0.53509 -0.747931 -0.491603 -0.692274 -0.352799 -0.101166 -0.720359 -0.345142 -0.973619 0.545862 0.331128 0.510975 -0.609796 -1 -0.463976 0.0113368 0.247113 -0.974165 0.285975 -1 -0.948174 0.036237 -1 0.028428 0.181978 0.193053 0.250539 0.373847 -0.421881 -1 0.0343267 -0.420091 -0.571182 0.828665 0.795555 -0.787131 0.83716 -1 -0.225525 -0.644908 0.257695 0.484724 -0.00390746 -1 -0.521789 -0.265598 0.292962 -1 0.357984 -0.27455 -0.343174 -0.503093 -1 -0.979932 -1 0.350015 0.895796 -0.742789 -0.42347 0.572978 -1 -0.669105 0.517354 -0.0510064 -0.59143 0.0714705 -0.949635 -0.239754 -0.255311 
0.153026 0.0404761 0.0598553 -0.894074 0.471145 -0.776708 -1 -0.811279 -0.914572 -0.191429 -0.927137 0.301434 -0.994865 -0.96754 -0.863823 -0.954931 0.00653996 -0.308892 -0.017383 0.540933 0.651249 -0.808797 -1 -0.19654 -0.262433 -0.902454 -0.447502 0.356826 0.151823 -0.105053 -0.667652 -0.0884653 -1 0.0422154 -1 -0.434987 0.945288 -0.332284 -0.341332 0.312297 -0.271716 0.736734 -1 -0.0785573 0.457945 0.36736 -0.78905 -1 -1 0.144338 -0.478779 0.735477 0.280901 0.33759 -0.225495 -0.955717 4.76502e-05 -1 -0.23933 -0.0232621 0.403482 -0.954278 -1 -1 0.663622 -0.582622 -1 0.00489194 -0.92952 -0.213586 -0.0782924 0.104994 -1 -1 0.960738 -0.299147 0.290168 0.17653 -0.71885 0.0835046 0.206796 -0.555771 -0.943416 -0.400499 -1 -0.468026 -0.381878 -0.70055 0.295318 -0.213984 -0.732233 -0.895802 -0.186942 0.246619 0.200318 0.170321 -0.081285 -0.514354 -0.967626 -1 -1 -0.405121 -0.832919 0.182734 -0.645644 -1 -0.920287 -0.301889 0.318223 0.218152 -0.480574 0.648824 -0.583359 -0.754942 -1 -1 -0.868209 0.117431 0.369041 0.569605 0.818083 -0.76897 -0.949934 -0.779484 -1 -0.6516 -1 0.10992 -0.560112 0.0880373 -1 -0.714629 -0.444022 -0.727782 -0.930295 -0.095843 0.532048 -0.608876 
-0.994291 -0.95301 0.341458 0.550124 -0.583209 -0.83188 -0.268295 0.690047 -0.510527 -0.576001 -0.119266 -0.128483 -0.68793 0.336033 0.261287 -0.123575 -0.291835 0.275505 -0.658443 -0.318392 0.324498 -0.472684 0.353471 -0.190011 0.440549 -0.698313 0.207134 0.143053 -0.37172 0.33255 -1 0.402155 0.390701 -0.0204572 0.398423 -0.971558 0.405031 -0.849513 -0.245238 -1 0.479404 0.00158683 0.389129 -0.432094 0.610668 0.46134 -0.0623511 -0.807724 0.416031 -1 0.554374 -0.399774 -0.566139 0.297143 -0.839902 -0.446145 -0.87158 0.271035 0.428985 -1 -0.927119 -0.398688 0.163352 0.245686 0.422794 0.521799 0.335586 -0.389924 -0.532543 -0.111243 0.693202 -0.543352 -0.0465374 0.513418 -0.444537 -0.352856 0.0563009 0.113449 -0.654015 -1 -0.714722 -0.926653 -1 -0.743215 -0.170895 -1 -1 -0.920936 -0.0559365 0.307375 -1 -0.603787 0.269368 -1 -0.787495 0.947082 -0.593377 -0.765502 -0.797203 0.0594914 -0.0935582 -1 0.558753 -0.50135 -0.400871 0.266072 -0.154249 -0.4338 -0.358482 -0.761622 -0.353081 0.773888 -0.202585 -0.455939 0.280315 -0.566789 -0.392432 -1 -0.934404 -0.605282 -0.403894 -0.403969 -0.326027 -0.0900163 -0.399914 -0.84138 -1 0.240978 -0.746811 0.398809 -0.238557 -1 0.33227 0.5634 0.320608 -0.266802 -0.685606 -0.727665 
-1 -0.962864 0.41274 0.452074 -1 -0.870785 -0.159309 0.651848 -0.435536 -0.393022 -0.30313 -0.552262 -0.520993 0.214539 0.3062 -0.561303 -0.391134 0.242849 -0.914507 -0.490813 -0.0720655 -0.464981 0.568558 0.460371 0.235161 -1 0.73102 -0.219621 -0.803845 -0.158457 -1 0.670168 0.129858 0.291419 0.5435 -1 0.0350482 -0.332929 0.0772413 -1 0.877262 0.248693 0.287606 -0.570762 0.690923 0.0133324 -0.0765777 -0.415787 0.589153 -0.942177 0.322827 -1 0.0463915 0.694289 -0.504283 -0.995517 -1 0.390484 0.509067 -0.96655 -1 -0.56234 0.560103 -0.0732589 0.0581063 0.202365 0.443609 -0.813642 -0.654754 -0.371646 0.539017 -0.963746 -0.391047 0.342802 -0.867337 -0.389468 0.170001 0.132257 -0.705316 -1 -1 -1 -1 -1 -0.167094 -1 -1 -0.838003 -0.288515 -0.17799 -1 -0.936415 0.479725 -1 -0.872314 0.413807 -0.544779 -0.783916 -1 -0.238084 -0.110118 -1 0.687324 -0.141699 -0.700486 0.0723675 -0.0451385 -0.782748 0.172701 -0.975482 -0.649962 0.609076 -0.43258 -0.358609 -0.25335 -0.709514 -0.558167 -1 -1 -0.352818 -0.343236 -0.929402 -0.267036 0.230909 -0.258154 -0.86316 -0.428615 -0.0178846 -1 0.300184 -0.477807 -0.79711 -0.0968384 0.328411 0.483012 -0.312235 -0.662183 -0.281093 
-1 -0.27765 0.601441 0.644867 -0.216329 -0.729399 -0.540423 0.375217 -0.50605 -0.729489 -0.116274 -0.740534 -0.286436 -0.0394043 0.102457 -0.195503 -0.577548 0.289203 -0.983913 -0.56783 0.110826 -0.313019 0.374309 0.0977116 0.440805 -0.512062 0.753874 0.318701 -1 0.00767936 -1 0.433068 0.104343 -0.493406 0.68287 -0.952333 -0.0527864 -1 0.132378 -0.919235 0.60291 0.110598 0.352246 -0.371435 0.651528 0.510586 0.29754 -0.30543 0.591246 -1 0.267337 -0.555204 -0.618883 0.237326 -0.972226 -0.548071 -1 0.255035 0.403901 -1 -1 0.0179852 0.283621 -0.196152 0.191728 0.530486 0.616205 -0.534938 -0.469989 0.0483237 0.613284 -1 -0.208556 0.387433 -0.759996 -0.21293 -0.129614 0.0915496 -0.646399 -0.934377 -0.953651 -0.745607 -1 -0.93997 -0.541783 -1 -0.980248 -0.60133 0.0920017 -0.309477 -1 -0.17328 0.703157 -0.988691 -0.979269 0.792889 -0.708861 -0.746313 -0.982916 0.0613024 0.0583637 -1 0.305011 -0.540094 -0.580941 0.196557 -0.270391 -0.0716718 -0.465573 -0.987325 -0.386078 0.881357 -0.411522 -0.189994 0.373107 -0.407813 -0.181324 -1 -0.966424 -0.382543 -0.0180882 -0.295724 -0.2404 -0.175381 -0.680144 -0.39777 -0.699916 0.24313 -0.820477 -0.00347279 -0.487377 -1 0.604186 0.632831 0.793249 -0.546842 -0.49497 -0.656406 
-1 -1 0.503178 0.663258 -0.983297 -0.454904 -0.515149 0.94559 -0.380846 -0.940721 -0.269996 -0.330739 -0.701488 0.611736 0.162802 -0.214536 -0.0875759 0.207256 -1 -0.489055 0.333921 -0.557794 0.385222 0.0785738 0.132007 -0.748489 0.628575 0.247741 -0.66574 0.398431 -1 0.620547 0.0257295 -0.264611 0.552133 -1 0.375359 -0.379869 -0.111666 -1 0.918749 0.5938 0.337782 -0.492642 0.683764 0.599226 0.03124 -0.47742 0.475664 -0.779015 0.425723 -0.360345 -0.136141 -0.0895534 -0.924999 -0.699138 -0.768627 0.248 0.278158 -1 -1 0.0243337 0.424783 0.339535 0.386741 0.514507 0.249822 -0.432431 -1 -0.216886 0.677905 -1 -0.0524977 0.493376 -0.722323 -0.167812 0.342943 0.158872 -0.88759 -1 -0.946475 -1 -1 -1 -0.186496 -1 -1 -0.739294 0.0356928 0.19421 -1 -0.373253 0.619166 -1 -1 1 -0.987981 -0.627581 -1 0.196772 0.305352 -1 0.197281 -0.64921 -0.644965 0.036108 -0.18224 -0.530829 -0.0951068 -0.751778 -0.818552 1 -0.478047 -0.229848 0.406512 -0.033371 -0.289187 -0.974542 -1 -0.211404 -0.398184 -0.261952 -0.544539 0.0818997 -0.644511 -0.968734 -0.774422 0.0384942 -1 0.46793 -0.151402 -1 -0.0155089 0.93767 0.646879 -0.197981 -0.283804 -0.653584 
-1 -0.570382 0.660007 0.706181 -0.499452 -0.715419 -0.833053 0.829822 -0.96288 -0.444188 -0.439358 -0.539924 -0.595137 0.603791 0.116616 -0.43035 -0.0258592 0.211775 -0.693366 -0.472935 0.379791 -0.393896 0.512184 0.436827 0.366547 -0.814426 0.606754 -0.173439 -0.511998 0.169321 -1 0.563571 0.280712 -0.0468699 0.413348 -1 0.0802672 -0.717447 -0.326804 -0.864623 0.61986 0.336629 0.681259 -0.7415 0.340499 0.740393 -0.0472625 -0.11759 0.431087 -1 0.382976 -0.502633 -0.422098 0.41882 -1 -0.604995 -0.802843 0.366567 0.653746 -1 -0.920748 -0.527207 0.395148 0.276584 0.594462 0.608394 0.285943 -0.484934 -0.656187 -0.217395 0.892012 -0.510102 0.296851 0.226322 -0.288822 -0.263495 0.0769845 0.0439831 -0.460938 -0.915836 -0.874776 -0.929134 -1 -1 -0.50048 -1 -0.685009 -1 0.178166 0.137207 -1 -0.308245 0.58513 -0.689847 -0.992766 0.727219 -0.525774 -0.671633 -0.929126 -0.412593 0.386694 -0.873045 0.057251 -0.335552 -0.620863 0.251644 -0.304522 -0.0480119 -0.0108024 -0.621997 -0.244195 0.61933 -0.247975 -0.396918 0.0988912 -0.0812694 -0.587532 -1 -0.949924 -0.448105 -0.299255 -0.73223 -0.313225 -0.373659 -0.335957 -0.539661 -0.368342 0.00250915 -1 0.639313 -0.576309 -0.929546 0.293128 0.622156 0.406712 -0.210439 -0.195153 -0.728137 
-1 -1 0.682527 0.831275 -0.890606 -0.592982 -0.34896 0.772678 -0.354587 -0.952884 -0.595979 -0.511636 -0.584427 0.605795 -0.226011 -0.0698363 -0.0875759 0.344778 -0.627451 -0.517461 0.0594436 -0.263418 0.427785 0.00940457 0.536358 -0.74074 0.852329 0.0489447 -0.616426 0.270107 -1 0.699974 0.341432 -0.350379 0.552826 -1 0.599206 -0.274787 0.0498564 -1 0.548873 0.297689 0.208062 -0.351797 0.840538 0.623635 0.261088 -0.532724 0.110914 -1 0.156715 -0.671844 -0.0931489 0.104878 -0.77393 -0.648455 -1 0.585144 0.441436 -0.857239 -0.966519 0.00343266 0.373757 0.26329 0.546742 0.621033 -0.000565052 -0.0469577 -1 -0.30666 0.523385 -0.919757 0.126677 0.212236 -0.371454 -0.148654 0.171533 0.287215 -0.864696 -1 -0.770071 -0.891844 -1 -0.95744 -0.0713289 -0.863417 -0.838401 -0.522737 -0.0705156 0.182247 -0.933321 -0.48273 0.646829 -1 -0.81503 0.798013 -0.796194 -0.701531 -1 -0.152854 -0.00138395 -1 0.301741 -0.633618 -0.469201 0.249578 -0.240498 -0.478411 -0.119907 -0.866526 -1 0.975648 -0.162319 -0.724603 -0.17994 -0.0779208 -0.291613 -0.97833 -1 -0.391617 -0.535062 -0.432346 -0.555538 0.34952 -0.212169 -0.65062 -0.899394 -0.168208 -1 0.145527 -0.516866 -1 0.0510468 0.706788 0.220404 -0.109274 -0.318047 -1 
-1 -0.962345 0.682527 0.559052 -0.538976 -0.420688 -0.188853 0.562573 -0.479549 -1 -0.503742 -0.3481 -0.442085 0.429283 -0.382652 -0.420869 -0.0875759 0.205616 -1 -0.620227 -0.0977491 -0.573659 0.661543 -0.0837085 0.801328 -0.794716 0.745011 -0.0280649 -0.736957 -0.453965 -1 0.478934 0.159904 -0.0371599 0.679715 -1 0.310725 -0.274787 -0.339555 -0.971955 0.749894 0.445904 0.179816 -0.604947 0.819545 0.638204 0.307259 -0.545544 0.393085 -0.793534 0.374085 -0.742676 -0.183721 0.33271 -0.811101 -0.768993 -0.976815 0.392315 0.442643 -1 -1 -0.127032 0.478589 0.447173 0.669465 0.3036 0.35349 -0.292761 -1 -0.269432 0.522972 -0.984084 -0.0262342 0.227648 -0.451047 -0.679227 0.124613 0.355188 -0.94649 -1 -0.782888 -0.80688 -1 -0.993593 -0.545981 -1 -0.776763 -0.52445 -0.461795 0.184331 -1 -0.727913 0.0604451 -1 -0.924768 1 -0.575497 -0.654664 -1 -0.147028 0.107939 -0.78738 0.703177 -0.929193 -0.333098 0.0890054 -0.123481 -0.540532 -0.0261975 -0.903828 -0.832674 0.783667 -0.335595 -0.738993 0.272423 -0.199175 -0.229131 -0.972451 -0.931242 -0.368113 -0.527157 -0.450496 -0.355715 0.125602 -0.235979 -0.497397 -0.81968 -0.0335259 -0.992581 0.0704384 -0.481436 -1 0.251959 0.68849 0.343065 0.110031 -0.424793 -0.983733 
-0.728931 -0.984122 0.0538128 -0.473786 0.758803 -1 -1 0.708803 -1 -0.510777 0.777953 0.34977 -0.807192 -0.0576991 0.289929 -1 0.177829 -0.616562 -1 -0.45208 0.502003 0.386138 0.0962443 -0.407574 -0.302872 0.8565 0.648787 -0.870263 0.559466 -0.247413 0.423278 -1 -0.721869 0.129958 -0.582134 -0.432786 -0.589171 -0.247713 -0.72093 -0.85222 -1 -0.625866 -0.0334465 0.557405 -0.392798 -0.301135 0.173727 0.234818 0.190449 -0.172119 -0.516644 0.559066 -1 0.105676 -0.653803 -0.763893 -1 -0.347689 -0.829423 0.0470525 -0.402469 0.290549 -0.762923 0.224134 -0.876239 0.294804 -0.528145 -0.0417292 -0.363475 0.464281 -0.547925 -0.672151 -0.562521 -0.0653003 0.0479588 -0.878191 -0.188788 -0.937648 0.739913 -0.0595316 0.537596 -0.661925 -1 -0.303908 0.417413 0.387655 -0.95533 0.513775 -1 -0.908038 0.15251 -1 0.276521 -0.148187 0.129877 0.301087 0.261511 -0.554978 -0.969903 0.218694 -0.320501 -0.500676 0.515084 0.811749 -1 0.83716 -1 -0.168768 -0.752189 0.257695 0.418597 0.126629 -0.92008 -0.209185 -0.390158 0.292962 -1 0.286889 -0.337723 -0.436188 -0.604967 -0.754201 -0.932904 -1 0.307096 0.903035 -0.356199 -0.500685 0.544731 -0.887994 -0.361181 0.523502 -0.311617 -0.945442 -0.131517 -1 0.106997 -0.286172 
-1 -0.686991 0.46722 0.589861 -0.574414 -1 -0.253113 0.962223 -0.845913 -0.5898 -0.57248 -1 -0.515971 0.0798749 0.0724463 -0.706758 -0.54838 0.0186634 -0.945478 -0.471059 0.453696 -0.987721 0.773244 0.408582 0.163856 -0.913114 0.340143 -0.271949 -0.712835 0.474011 -1 0.0178546 0.259137 0.137271 0.435816 -1 0.204596 -0.538951 -0.3671 -0.959065 0.475942 0.425396 0.675115 -0.568143 0.829183 0.605639 0.437131 -0.587564 0.222056 -0.951276 0.331725 -0.662446 -0.499939 0.407183 -0.461089 -0.767848 -0.995153 0.155239 0.869187 -1 -1 0.14612 -0.0730866 0.495185 0.429694 0.758441 0.419077 -0.655658 -0.840661 0.0700493 0.401808 -0.814549 -0.390079 0.0471873 -0.918345 0.00546233 0.275198 0.0445364 -0.859267 -1 -1 -1 -1 -1 -0.618937 -1 -0.499147 -0.851069 -0.132032 0.0442307 -1 -0.150864 0.676905 -1 -1 0.942871 -0.38993 -0.735135 -1 -0.295679 0.04805 -0.846329 0.0482854 -0.312898 -0.263308 0.111532 -0.878487 -0.4554 -0.163576 -0.857012 -0.454955 0.76505 -0.558215 -0.677752 0.299147 0.0370477 -0.611672 -1 -1 0.0211058 -0.207268 -0.848976 -0.507398 0.255896 -0.160479 -0.39917 -0.398285 -0.200539 -0.936814 0.679264 -0.459824 -1 -0.327906 0.682078 0.578732 -0.365269 -0.568437 -0.717205 
0.0651606 0.265561 0.0598553 -0.722806 0.315058 -0.4028 -0.994887 -0.456608 -1 -0.311353 -1 0.0512752 -1 -1 -0.863823 -0.776328 0.187301 -0.419714 0.022077 0.420907 0.781739 -0.808797 -1 -0.248694 -0.535322 -0.956348 -0.55031 0.234682 0.593307 0.121629 -0.687958 -0.276159 -0.944208 -0.0519265 -0.964505 -0.462158 0.945288 -0.297162 -0.431962 0.312297 -0.365563 0.817061 -0.988425 -0.16948 0.478088 0.288435 -0.83524 -0.758277 -1 0.373807 -0.245518 0.735477 0.280901 0.138307 -0.310845 -0.999182 -0.0145471 -1 -0.23933 -0.0194554 0.295344 -0.714854 -1 -0.965981 0.663622 -0.416715 -1 0.266538 -0.92952 -0.213586 -0.155353 0.104994 -1 -1 0.899054 -0.117737 0.447206 0.194939 -0.71885 0.381919 0.138871 -0.555771 -1 -0.314329 -0.926354 -0.0940297 -0.379708 -0.529887 0.114128 -0.0502892 -0.732233 -0.411999 -0.216557 0.248361 0.200318 0.346753 -0.305238 -0.478573 -1 -1 -1 -0.517184 -0.832919 -0.0165984 -0.49426 -1 -1 -0.0377196 0.178424 0.127434 -0.402871 0.755098 -0.289325 -0.853807 -1 -1 -0.676774 0.117431 0.619269 0.569605 0.752482 -0.986907 -1 -0.756566 -1 -0.905668 -1 0.151913 -0.325797 0.147234 -0.891352 -0.372369 -0.444022 -0.491191 -0.892306 0.0872974 0.60916 -0.767817 
-1 -1 0.523661 0.963614 -1 -1 -0.505498 0.686386 -0.574566 -0.460119 -0.125654 -0.364507 -0.275562 0.323611 -0.0519162 -0.520074 -0.093951 0.392357 -0.593084 -0.360449 0.124407 -0.582179 0.379621 0.321309 0.694689 -1 0.467958 -0.264841 -0.619231 0.13206 -0.991343 0.799538 -0.0109626 -0.0450198 0.484641 -1 -0.085171 -0.871987 -0.119763 -0.978899 0.701341 0.463212 0.709653 -0.579375 0.474192 0.856669 -0.436063 -0.401487 0.533842 -0.678182 0.0370363 -0.788167 -0.326474 -0.199378 -0.775621 -0.553632 -1 0.526544 0.0517247 -0.949492 -1 -0.206198 0.28253 0.124945 0.240499 0.984537 0.14647 -0.41238 -0.721748 -0.661059 0.545714 -0.932992 0.339304 0.167106 -0.428674 -0.10661 -0.448504 -0.119883 -0.857019 -1 -0.711975 -1 -0.689128 -0.827677 -0.373882 -1 -0.880083 -0.759313 -0.50862 0.079138 -1 -0.251427 0.559784 -1 -0.994888 0.39291 -1 -0.539192 -1 0.252349 0.345277 -1 0.608467 -0.137967 -0.586186 0.0936957 -0.122351 -0.501675 -0.149525 -0.496261 -0.441598 0.365406 -0.110854 -0.387771 0.0594943 -0.141107 -0.919573 -1 -1 -0.164467 -0.292089 -0.57022 -0.406922 0.125261 -0.346881 -0.565284 -0.516946 0.287639 -0.692946 0.14812 -0.173906 -1 0.401912 0.126826 0.103467 -0.15034 -0.552464 -0.420448 
-1 -0.930525 0.641379 0.593598 -0.381812 -0.480775 -0.454414 1 -0.524065 -0.92701 -0.343044 0.0128671 -0.666385 0.436972 -0.124861 -0.231336 -0.110874 0.0572771 -0.664287 -0.609385 0.357745 -0.39646 0.385222 -0.0397567 0.524938 -0.731516 0.894551 0.0408279 -1 0.306719 -1 0.822964 -0.110287 -0.466204 0.307513 -1 0.482397 -0.388958 0.0653264 -1 0.744521 0.341038 0.481485 -0.575903 0.772448 0.221292 -0.280892 -0.593676 0.260009 -0.80009 0.179124 -0.783502 -0.0932182 -0.2426 -0.918531 -0.635274 -0.930047 0.321489 0.480227 -1 -1 -0.242737 0.461489 0.544622 0.799355 0.0973044 0.0762264 -0.0823378 -0.905877 -0.0835011 0.308211 -1 0.0652162 0.437446 -0.373497 -0.553313 0.0929664 -0.0389362 -0.645412 -1 -0.664866 -0.546455 -0.906842 -0.858492 -0.107967 -1 -0.826148 -0.6058 0.0637096 -0.404052 -1 -0.350463 0.558425 -0.944145 -1 0.806526 -0.642119 -0.819966 -0.999856 -0.196072 0.0678645 -1 0.615443 -0.80577 -0.452651 -0.27637 -0.219475 -0.634177 -0.184152 -0.641051 -0.70265 0.612755 -0.0357997 -0.666403 0.285241 -0.354439 -0.229548 -0.896241 -1 -0.6327 -0.621929 -0.119324 -0.621861 -0.0529731 -0.276981 -0.894854 -0.808153 0.168257 -0.920732 0.45743 -0.137923 -1 0.0788162 0.666967 0.56774 0.183362 -0.610294 -1 
0.153026 0.265561 0.0120109 -0.829175 0.415616 -0.500848 -1 -0.641631 -1 -0.191429 -1 0.248495 -1 -1 -0.866379 -0.93983 0.196945 -0.308892 -0.237925 0.540933 0.709649 -0.970757 -1 -0.248694 -0.46083 -0.902454 -0.508234 0.356826 0.36133 0.0915289 -0.505962 -0.0884653 -1 0.111342 -1 -0.575695 0.945288 -0.406903 -0.482234 0.312297 -0.280472 0.736366 -0.988971 -0.0785573 0.400706 0.288435 -0.847078 -1 -1 0.374029 -0.24877 0.549274 0.280901 0.294719 -0.318295 -1 -0.0832875 -1 -0.451442 -0.0232621 0.43274 -0.654436 -1 -0.965981 0.663622 -0.506165 -1 -0.03901 -1 -0.213586 -0.285095 -0.0625766 -1 -1 0.960738 -0.0284635 0.427494 0.160711 -0.71885 0.0978242 0.174447 -0.652176 -0.995454 -0.353389 -0.926354 -0.413313 -0.184539 -0.70055 0.361734 -0.244411 -0.768073 -0.675806 -0.384752 0.246619 0.200318 -0.00859724 -0.0790706 -0.50373 -1 -1 -1 -0.313208 -1 0.109205 -0.462313 -1 -0.920287 -0.36213 0.318223 0.169818 -0.743453 0.804148 -0.361026 -0.579897 -1 -1 -0.808508 0.117431 0.211863 0.612502 0.818083 -0.849007 -0.949934 -0.85363 -0.918713 -0.664607 -0.995424 0.10992 -0.327766 0.033729 -1 -0.558912 -0.444022 -0.527292 -0.930295 -0.0280694 0.695418 -0.608876 
-0.728931 -1 0.282807 -0.621426 0.758803 -0.965858 -1 0.708803 -0.942956 -0.510777 0.955504 0.436374 -0.807192 -0.0480327 0.338688 -1 0.01017 -0.543983 -0.850779 -0.409058 0.441595 0.343434 0.0795075 -0.327705 -0.302872 0.870931 0.803715 -1 0.657806 -0.143303 0.499409 -0.987369 -0.383807 0.00731394 -0.582134 -0.390489 -0.613163 -0.286231 -0.657549 -1 -1 -0.705057 0.299271 0.585107 -0.304409 -0.298531 0.314137 0.234818 0.190449 -0.279793 -0.474795 0.728253 -1 0.185645 -0.229754 -0.588685 -1 -0.280675 -0.776561 0.0470525 -0.414321 0.455383 -0.38392 0.207482 -0.763939 0.294804 -0.437213 -0.0417292 -0.24803 0.460691 -0.593533 -0.40846 -0.673857 -0.0653003 0.204713 -0.715796 -0.256502 -1 0.783969 0.264965 0.737131 -0.710866 -1 -0.320519 0.351591 0.387655 -0.735613 0.344038 -1 -0.942335 -0.0452948 -0.875901 0.381694 0.181978 0.627613 0.301087 0.29517 -0.300513 -0.939049 0.218694 -0.31383 -0.388393 0.619981 0.909422 -0.79865 0.860466 -0.840972 0.00925452 -0.549392 0.204437 0.322445 0.126629 -0.967212 -0.289424 -0.220586 0.292962 -0.975266 0.286889 -0.351619 -0.145591 -0.242565 -0.754201 -1 -0.980464 0.30118 0.781479 -0.46348 -0.434248 0.694345 -1 -0.45735 0.517354 -0.195923 -0.59143 0.115075 -0.932293 0.0766537 0.0763362 
-0.728931 -1 0.282807 -0.564062 0.758803 -0.966068 -0.979041 0.641791 -1 -0.808525 0.774633 0.436374 -0.793014 -0.0480327 0.338688 -1 0.136878 -0.54303 -0.816676 -0.428142 0.478651 0.224722 0.0117613 -0.292528 -0.302872 0.872753 0.580909 -0.870263 0.655607 -0.1646 0.630246 -0.987369 -0.62324 -0.0844392 -0.529951 -0.432786 -0.719897 -0.289449 -0.807931 -0.921016 -1 -0.529279 0.21565 0.613091 -0.304409 -0.107724 0.314137 0.0555751 0.283825 -0.156447 -0.449989 0.728253 -1 -0.115834 -0.237367 -0.554088 -0.954875 -0.459055 -0.794871 0.0470525 -0.346581 0.551624 -0.437965 -0.0520908 -0.763939 0.294804 -0.423924 -0.0417292 -0.0981409 0.516891 -0.610046 -0.467856 -0.533339 -0.180068 0.246743 -0.841956 -0.369099 -1 0.739913 0.264965 0.666495 -1 -1 -0.384514 0.190774 0.0902635 -0.733882 0.484759 -1 -1 0.16582 -1 0.106536 0.181978 0.370342 0.301087 0.367812 -0.451575 -1 0.257584 -0.320501 -0.658458 0.811414 0.729743 -0.847823 0.608744 -0.948568 -0.171568 -0.549392 0.257695 0.393605 0.126629 -0.926706 -0.311129 -0.220586 0.0877767 -1 0.172858 -0.680326 -0.429604 -0.145629 -0.754201 -1 -1 0.0467061 0.721574 -0.307419 -0.368145 0.827068 -1 -0.45735 0.343593 -0.202668 -0.632274 -0.00836705 -0.946746 0.0766537 -0.143944 
-1 -0.921475 0.541961 0.433964 -0.569239 -0.807543 -0.590415 0.755434 -0.694237 -0.524801 0.00962993 -0.177564 -0.727024 0.228467 0.127658 -0.266986 -0.389342 0.265517 -0.591564 -0.538111 0.332575 -0.713579 0.646519 0.0161845 0.623629 -0.805208 0.686119 0.0772543 -0.650713 0.346833 -0.942795 0.685906 0.110946 -0.105076 -0.142848 -1 -0.041716 -0.82595 -0.0552998 -1 0.576122 0.250991 0.365471 -0.538272 0.615752 0.446989 0.261814 -0.637915 0.421958 -1 0.00447021 -0.702859 -0.106384 0.500975 -0.77329 -0.567129 -0.853836 0.548303 -0.00108713 -1 -1 -0.202021 0.212947 0.363847 0.794665 0.702411 0.122299 -0.444846 -0.854634 -0.252172 0.488859 -0.602669 0.0305497 0.474129 -0.427439 -0.322968 -0.255966 -0.194528 -0.71382 -1 -0.839841 -0.981072 -0.870862 -1 -0.258954 -1 -1 -0.503523 -0.0571311 -0.213927 -0.979729 -0.432129 0.499028 -1 -0.954741 0.827169 -0.567868 -0.817174 -0.883289 -0.170588 -0.071776 -0.498654 0.429154 -0.243789 -0.796246 0.287543 -0.0477344 -0.622799 -0.110654 -0.871722 -0.49376 0.809539 -0.174213 -0.372616 0.402735 -0.413975 -0.870633 -1 -1 -0.377333 -0.586628 -0.370581 -0.990629 0.027639 -0.448265 -0.818336 -0.956581 0.150302 -0.807259 0.637688 -0.450652 -1 0.528802 1 0.0765512 -0.38711 -0.801699 -0.787992 
-0.873102 -0.90259 0.336532 -0.458104 0.758803 -0.812758 -1 0.350776 -1 -0.975193 0.936364 0.0990918 -0.953225 -0.393081 0.239628 -1 0.130843 -0.755058 -0.770906 -0.647425 0.263116 0.343434 -0.0174544 -0.61109 -0.361475 0.855215 0.575293 -1 0.574754 -0.459693 0.363277 -0.929894 -0.7354 -0.400395 -0.62984 -0.595075 -0.692647 -0.137623 -0.98793 -1 -0.860275 -1 -0.0580086 0.498288 -0.304409 -0.0673746 0.0152944 -0.107581 0.343987 -0.354735 -0.767498 0.686589 -0.971153 -0.0847139 -0.496712 -0.592138 -1 -0.414039 -0.827779 0.0470525 -0.319289 0.351448 -1 0.159405 -0.973259 0.225782 -0.408573 -0.122109 -0.219569 0.226493 -0.557086 -0.40371 -0.782563 -0.204687 -0.209986 -0.896747 -0.749563 -1 0.720306 0.107023 0.477221 -0.681631 -0.916675 -0.794785 -0.206518 -0.182102 -1 0.0375264 -1 -1 -0.117052 -0.962252 0.363587 0.199016 0.621554 -0.0151632 0.367812 -0.717802 -0.870577 0.125502 -0.348683 -0.746887 0.777882 0.714304 -0.854121 0.581522 -1 -0.152917 -0.852235 0.326777 0.329701 0.139169 -0.958602 -0.266922 -0.243851 0.0244837 -1 -0.172018 -0.791236 -0.28218 -0.132037 -1 -1 -1 -0.193762 0.960232 -0.72465 -0.504705 0.833124 -1 -0.57886 0.578119 -0.929876 -0.510191 -0.209101 -0.929313 -0.183318 -0.164552 
-1 -1 0.282807 -0.380744 0.782562 -0.866748 -1 0.527134 -0.939197 -0.493265 0.753937 0.386277 -1 -0.211459 0.211446 -1 0.132314 -0.662614 -1 -0.41022 0.674554 0.420934 0.174336 -0.82417 -0.371977 0.644831 0.843941 -0.935169 0.490876 -0.143303 0.708564 -1 -0.524528 0.00731394 -0.60006 -0.566047 -0.609347 -0.296516 -0.77128 -0.95533 -1 -1 0.183307 0.352744 -0.304409 -0.30282 0.357139 -0.0962687 -0.00496792 -0.575137 -0.77218 0.610935 -1 -0.0209992 -0.253686 -0.717418 -1 -0.553157 -0.959479 -0.185503 -0.346581 0.509262 -0.533775 0.0654498 -0.89722 0.260694 -0.569119 -0.106568 -0.169803 0.467255 -0.792615 -0.534428 -0.887302 -0.332024 0.031974 -0.639358 -0.369299 -1 0.769899 0.342989 0.683614 -0.950626 -1 -0.733361 0.290989 0.283652 -0.642245 0.362466 -0.983873 -1 -0.0565267 -1 0.0955114 0.088226 0.577864 0.301087 0.105415 -0.286692 -0.924509 0.0566065 -0.788434 -0.47788 0.536973 0.659302 -0.834951 0.666208 -1 -0.228787 -0.626312 0.257695 0.284812 0.1786 -1 -0.197997 -0.358173 0.203816 -1 -0.07567 -0.466151 -0.181578 -0.215399 -1 -1 -1 0.251182 0.992271 -0.356199 -0.368145 0.562902 -1 -0.654489 0.517354 -0.399908 -0.812239 -0.0711566 -0.900513 -0.125041 0.152788 
-0.998943 -1 0.296247 -0.380744 0.780591 -0.834208 -1 0.479522 -0.916667 -0.905936 0.806221 0.452353 -0.885171 -0.0478375 0.143809 -1 -0.0794826 -0.66585 -0.723826 -0.4336 0.679231 0.295472 -0.0955582 -0.576438 -0.665043 0.870931 0.602524 -0.951485 0.582365 -0.143303 0.347403 -1 -0.604188 -0.168814 -0.892536 -0.69851 -0.863374 -0.472391 -0.938523 -1 -1 -0.587743 -0.238996 0.500123 -0.56397 -0.0867795 0.283219 0.294271 0.0679725 -0.135746 -0.306596 0.450547 -1 0.0529414 -0.426077 -0.485981 -0.977966 -0.280675 -1 -0.285791 -0.490518 0.0357771 -0.387107 0.336898 -0.924091 0.294804 -0.565733 -0.164159 -0.379027 0.356889 -1 -0.467856 -0.716372 -0.211971 0.154434 -0.864506 -0.651181 -1 0.35267 0.0644149 0.588914 -0.959794 -1 -0.446453 0.260895 0.153574 -0.755089 0.513775 -1 -1 0.0915238 -0.816902 0.0707487 0.0960919 0.394572 0.148297 0.108947 -0.218958 -1 0.244993 -0.191109 -0.401504 0.529344 0.909422 -0.755727 0.518389 -1 0.00925452 -0.698952 -0.0229349 0.0832467 -0.0398638 -1 -0.340404 -0.220586 0.0243559 -0.851427 0.115562 -0.571298 -0.19127 -0.145629 -0.809423 -1 -1 0.201084 0.977261 -0.57245 -0.538616 0.366987 -1 -0.45735 0.567639 -0.202668 -0.59143 0.287773 -0.922519 -0.0811082 -0.0558252 
-0.728931 -1 0.202194 -0.533678 0.758803 -1 -1 0.656581 -1 -0.466012 0.944357 0.436374 -0.807192 -0.0480327 0.418454 -1 0.0442842 -0.543983 -0.853265 -0.429785 0.636998 0.233895 0.267723 -0.442008 -0.292222 0.852034 0.572044 -0.870263 0.577334 -0.143303 0.667478 -0.987369 -0.60556 -0.126751 -0.796054 -0.432786 -0.613163 -0.247713 -0.657549 -0.85222 -0.941387 -0.756136 0.299271 0.420484 -0.304409 -0.107724 0.314137 0.234818 0.195269 -0.047616 -0.474795 0.728253 -1 0.105676 -0.384014 -0.500389 -1 -0.280675 -0.736769 0.0470525 -0.346581 0.455383 -0.38392 0.336898 -0.71797 0.214636 -0.396167 -0.0199904 -0.169803 0.460691 -0.593533 -0.69565 -0.594252 -0.0223218 0.154434 -0.699094 -0.256502 -1 0.739913 0.034583 0.737131 -0.710866 -1 -0.295727 0.197294 0.231693 -0.735613 0.367595 -1 -1 -0.0265749 -1 0.359054 0.181978 0.599231 0.33764 0.296868 -0.300513 -0.946052 0.0200704 -0.482767 -0.388393 0.741383 0.812942 -0.950111 0.83716 -0.898474 0.00925452 -0.655966 0.0684005 0.366191 0.0297549 -1 -0.197997 -0.457937 0.152589 -1 0.268045 -0.441871 -0.181578 -0.345366 -0.748807 -1 -0.980464 0.353483 0.992271 -0.356199 -0.368145 0.734651 -0.813436 -0.45735 0.517354 -0.202668 -0.59143 0.115075 -0.872169 -0.155057 -0.0135885 
-0.948694 -0.923238 0.038021 -0.54938 0.798592 -0.908881 -1 0.494106 -1 -0.721129 0.661639 0.196191 -1 -0.163791 -0.0996784 -1 0.104551 -0.771239 -0.88629 -0.429258 0.412108 0.353894 -0.0573912 -0.638276 -0.23256 0.78352 0.55611 -0.912436 0.664955 -0.364464 0.619623 -1 -0.552572 -0.0444825 -0.729144 -0.746946 -0.547642 -0.446629 -0.713626 -0.952067 -1 -0.625866 0.0872594 0.602301 -0.412053 -0.107724 0.359319 -0.133594 0.28016 -0.13089 -0.814133 0.204115 -0.938586 0.18645 -0.257979 -0.5477 -1 -0.410805 -0.972397 -0.0587431 -0.798115 0.184178 -0.447949 0.325265 -1 0.00382262 -0.644176 0.0597303 -0.320842 0.498274 -0.820454 -0.438501 -0.662004 -0.471985 0.092519 -0.804367 -0.275812 -1 0.489577 0.0164119 0.700178 -1 -0.908784 -0.520853 0.317765 0.391592 -0.914734 0.245337 -1 -1 0.107178 -1 0.13029 0.12475 0.459305 0.217871 -0.00590087 -0.251778 -0.931969 0.117063 -0.894487 -0.727337 0.470538 0.928066 -0.79865 0.653059 -1 -0.0641168 -0.724468 0.122432 0.16129 0.201929 -0.995147 -0.401028 -0.674937 0.181155 -0.911932 0.171691 -0.27455 -0.513624 -0.387875 -1 -1 -0.930917 0.281002 1 -0.477109 -0.339338 0.517887 -0.887994 -0.78654 0.407046 -0.388517 -0.581484 0.117583 -0.873869 -0.348246 -0.0199716 
-1 -1 0.550081 0.489104 -0.559105 -0.858617 -0.204556 0.575776 -0.575347 -0.903977 -0.526361 -0.358644 -0.697316 0.391511 0.176362 -0.340933 -0.173477 0.647657 -0.862967 -0.386322 0.120593 -0.333697 0.399892 -0.00975016 0.491452 -1 0.797366 -0.393465 -0.693733 -0.334244 -1 0.632374 0.344676 -0.0512689 0.279407 -1 0.0128181 -0.703616 0.0608227 -1 0.858401 0.383574 0.545424 -0.56813 0.583599 0.233164 -0.161117 -0.184933 0.721807 -1 0.553277 -0.684272 0.132115 0.641144 -0.499935 -0.945468 -1 0.488878 0.522646 -0.979521 -1 -0.270573 0.740716 0.0796679 0.264031 0.285802 0.466694 -0.54617 -0.991664 -0.371646 0.251919 -0.84093 -0.439476 0.123426 -1 0.0313844 0.282328 0.0331948 -0.598002 -1 -1 -0.985741 -1 -1 -0.520847 -0.92061 -1 -0.899237 -0.170905 -0.101412 -1 -0.675356 0.482478 -1 -1 0.0871353 -0.809823 -0.75639 -1 -0.105107 -0.377882 -0.811442 0.966887 -0.104194 -0.459926 0.282704 -0.127767 -0.579238 -0.187474 -0.702944 -0.838998 0.831272 -0.540698 -0.597034 0.291223 -0.837 -0.606917 -1 -0.984902 -0.282219 -0.303409 -0.778231 -0.471102 0.244029 -0.318553 -1 -0.428615 -0.164151 -0.960306 0.176858 -0.25669 -0.936425 0.0723753 0.390275 0.289189 -0.129841 -0.489843 -0.969417 
-0.932945 -1 0.675246 0.0295899 -0.453579 -0.893375 -0.419228 0.501218 -0.453325 -1 -0.794064 -0.784985 -0.262053 0.319724 -0.297539 -0.481722 -0.597816 -0.0285591 -0.700598 -0.543042 -0.497091 -0.438666 0.221151 0.13773 0.515383 -1 0.492233 0.473526 -0.727337 -0.112022 -1 0.647439 0.0608331 -0.0185403 0.456744 -1 -0.402729 -0.908219 0.136854 -0.968446 0.467424 -0.0996004 0.42032 -0.480793 0.670963 0.2317 0.499611 -0.686174 0.145832 -1 0.0238378 -1 -0.994372 0.492229 -1 -0.664405 -1 0.356394 0.345516 -1 -0.956458 0.0129121 0.361854 0.184222 0.286819 0.30704 0.492334 -0.459824 -0.862907 -0.174196 0.732958 -0.837853 -1 0.277363 -0.759577 -0.00531882 0.249081 0.137788 -1 -1 -1 -0.615173 -1 -1 -1 -1 -0.914056 -0.675365 0.290048 -0.0785402 -1 -0.248412 0.770975 -1 -0.823633 0.766035 -1 -0.769049 -0.996159 0.270557 -0.28234 -1 0.349555 -0.5154 -1 0.191657 -0.401429 0.0587416 -0.446975 -0.973058 -0.923321 0.572225 -0.510316 -0.309202 0.218914 6.51106e-05 -0.268377 -1 -1 -0.371102 -0.515816 -0.364609 -0.138501 -0.0962694 -0.499952 -0.837975 -0.738323 -0.63835 -0.834931 0.525917 -0.484097 -1 0.290517 0.507139 0.0417997 -0.309447 -0.378584 -0.338902 
-0.900183 -1 0.282807 -0.477054 0.78834 -1 -1 0.754989 -0.848307 -0.366565 1 0.0576677 -1 -0.138747 -0.0531042 -1 0.018491 -0.908147 -0.987655 -0.4336 0.636998 0.343434 -0.0771025 -0.643102 -0.302872 0.904568 0.64339 -1 0.483432 -0.463268 0.306348 -1 -0.274302 -0.135693 -0.511123 -0.628111 -0.724994 -0.166127 -0.993388 -1 -1 -0.618634 0.410891 0.62526 -0.529625 -0.107724 0.252635 0.178177 -0.234789 -0.146553 -0.539611 0.713259 -1 -0.187294 -0.316562 -0.987702 -1 -0.233894 -1 0.0758664 -0.879658 0.460416 -0.828786 0.215481 -0.772241 0.263271 -0.374476 0.0370501 -0.109043 0.365729 -0.954067 -0.670044 -1 -0.0653003 -0.423005 -0.955321 -0.346531 -0.986482 0.308176 0.264965 0.645782 -0.833339 -0.999736 -0.687695 0.288521 0.140493 -1 0.469304 -1 -0.905956 0.157094 -0.9233 0.237568 0.120275 0.599231 0.301087 0.150607 -0.287837 -0.984361 0.290562 -0.649635 -0.496247 0.741383 0.909422 -0.983922 0.300858 -0.891573 -0.0619714 -0.731266 0.193301 0.367859 -0.085536 -1 -0.206973 -0.497171 0.149528 -1 0.236184 -0.502378 -0.25386 -0.512 -0.794417 -0.930628 -1 -0.15688 0.910787 -0.356199 -0.481046 0.623353 -0.887994 -0.544236 0.162817 -0.142879 -0.768123 0.145962 -0.930717 0.0765341 -0.097137 
-1 -0.911029 0.538015 0.755861 -0.942554 -0.524159 -0.436588 0.518574 -0.457703 -1 -0.341367 -0.218584 -0.626453 0.611736 0.3521 -0.321324 -0.440979 0.143169 -0.786605 -0.565123 0.383802 -0.722447 0.145193 0.156815 -0.0306213 -0.711519 0.689622 0.0394201 -0.934514 0.28373 -1 0.483205 0.215059 -0.0685169 0.261951 -1 0.159617 -0.374009 0.00942428 -1 0.918749 0.306184 0.257916 -0.806976 0.813421 0.360013 0.218922 -0.334645 0.312996 -0.779015 0.459224 -0.795959 -0.0795344 -0.119876 -1 -0.756661 -0.93577 0.304039 0.162986 -1 -0.939298 -0.0943703 0.367744 0.285337 0.475107 0.514507 -0.0614173 -0.269611 -1 -0.434825 0.73261 -1 -0.164259 0.270964 -0.390545 -0.433596 0.251618 0.26077 -0.998377 -1 -0.968997 -1 -1 -1 -0.260175 -1 -1 -0.909375 -0.164699 0.236582 -1 -0.427242 0.440935 -1 -1 1 -1 -0.851673 -1 -0.0259313 0.0170508 -1 -0.058824 -1 -0.366138 -0.291831 -0.181209 -0.411904 0.0560988 -0.751778 -0.69692 0.924457 -0.313628 -0.516754 -0.0603451 -0.0279921 -0.32867 -0.990726 -0.987847 -0.13853 -0.506358 -0.261952 -0.433431 -0.183478 -0.836695 -0.950934 -0.931434 -0.15661 -0.988151 0.154886 -0.0475573 -0.970889 -0.247946 0.632217 0.510389 -0.269525 -0.306526 -0.645438 
0.689666 0.609111 -0.108583 0.129152 -0.987448 -0.15778 -0.81655 -0.767202 -0.605888 0.928171 0.93137 0.29889 -0.230111 0.718564 -0.309604 0.828884 -0.870504 0.524934 -0.239148 -0.687506 -0.551428 0.789539 0.0895611 -0.909962 -0.650762 0.258753 0.329007 0.177252 -0.486713 0.195597 0.866408 -0.970771 0.035252 -0.143539 0.790652 0.584862 0.0737478 0.969673 0.25642 -0.709438 0.634792 0.365707 0.244932 -0.869669 -0.997795 -0.736101 -0.0851018 0.492292 -0.949378 -0.631795 0.778292 -0.773231 0.209511 -0.495303 -0.256808 0.839547 -0.41309 -0.199583 -0.934153 0.506324 -0.242132 -0.526437 0.241564 0.113137 -0.0218558 0.794283 0.885585 0.436079 -0.230437 0.714574 0.251331 0.862122 -0.0227498 0.222304 0.518646 -0.95392 -0.35212 0.425342 0.881727 0.819187 -0.2906 -0.727573 -0.741988 -0.568602 0.900962 -0.600204 -0.706986 -0.223897 0.763839 0.0390283 0.848781 0.907068 0.129903 0.416573 0.701293 -0.656678 -0.695952 -0.109299 0.730258 -0.534026 -0.323356 0.755435 -0.733206 0.820491 -0.332645 -0.238031 -0.501931 -0.443663 0.78936 0.629128 -0.733093 0.944175 -0.0437037 0.0174364 -0.957617 0.49976 0.746207 0.575246 0.245543 -0.709224 -0.907994 -0.00933641 0.897476 0.216291 -0.980242 0.105613 -0.850026 0.203566 -0.236613 -0.341582 -0.656202 -0.794408 0.000541329 0.98673 0.138077 0.0452403 0.575659 -0.838997 
0.153026 0.265561 0.0598553 -0.722806 0.406426 -0.458108 -0.942629 -0.773786 -1 -0.191429 -0.938668 0.198071 -1 -0.932747 -0.840619 -0.757121 0.187301 -0.595104 -0.0224338 0.561603 0.613262 -0.716483 -1 -0.248694 -0.32069 -1 -0.306246 0.356826 0.36133 0.213828 -0.482967 -0.0884653 -1 0.0422154 -1 -0.434987 0.945288 -0.541047 -0.608037 0.312297 -0.280472 0.736366 -1 -0.0785573 0.435475 0.288435 -1 -1 -1 0.36103 -0.442872 0.735477 0.367191 0.248283 -0.385987 -0.955717 -0.071478 -1 -0.23933 -0.312231 0.21341 -0.728513 -1 -1 0.663622 -0.493801 -1 -0.0451339 -0.935178 -0.213586 -0.351594 0.0989885 -1 -0.938839 0.716621 -0.0284635 0.427494 0.160711 -0.71885 0.0851113 0.138871 -0.555771 -0.995454 -0.314329 -0.926354 -0.195439 -0.184539 -0.70055 0.361734 -0.0872164 -0.732233 -0.675806 -0.192243 0.246619 -0.0763679 0.170321 -0.0790706 -0.478573 -0.90714 -1 -1 -0.348014 -0.832919 0.182734 -0.462313 -1 -1 -0.301889 0.318223 -0.0452186 -0.525431 0.581261 -0.472369 -0.783177 -1 -1 -0.868209 0.117431 0.369041 0.569605 0.770516 -0.864297 -0.949934 -0.85363 -0.918713 -0.664607 -1 0.10992 -0.550043 0.0482426 -1 -0.657645 -0.444022 -0.518255 -1 -0.095843 0.695418 -0.608876 
-1 -1 0.692798 0.567007 -0.781281 -0.712907 -0.380203 0.762508 -0.629275 -1 -0.726127 -0.336203 -0.682872 0.611736 0.301807 -0.214536 -0.0742671 0.129387 -0.72709 -0.600479 0.397636 -0.39646 0.385222 0.127213 0.297401 -0.759968 0.897271 0.0250584 -0.787043 0.531989 -0.989168 0.569207 0.224677 -0.08391 0.505643 -0.980296 0.374947 -0.258355 -0.181601 -0.96105 0.918749 0.5938 0.379185 -0.661284 0.486361 0.554767 -0.255991 -0.491219 0.344225 -0.8024 0.233877 -0.758591 0.118278 0.03763 -1 -0.803829 -0.969561 0.399318 0.198175 -1 -1 0.0334002 0.411149 0.411874 0.573046 0.310228 0.265058 -0.297026 -0.936987 -0.142926 0.662606 -1 -0.085907 0.304951 -0.424513 -0.156042 0.342943 0.200996 -0.748405 -1 -0.778654 -0.945211 -1 -1 -0.239862 -1 -1 -0.84232 0.165184 0.301423 -1 -0.510403 0.573765 -0.96361 -0.994472 0.959952 -0.987981 -0.638938 -0.978799 -0.0546874 0.426739 -0.919667 0.0490605 -0.896824 -0.440873 0.0500227 0.0105599 -0.510671 0.111845 -0.751778 -0.69692 0.784821 -0.313628 -0.448475 0.177418 -0.329198 -0.443829 -0.863733 -1 -0.211404 -0.567883 -0.29562 -0.396364 0.0818997 -0.816727 -1 -0.595098 0.0384942 -1 0.398253 -0.151402 -1 -0.20281 0.771347 0.438158 -0.381645 -0.283804 -0.682456 
-0.806687 -1 0.282807 -0.549045 0.849327 -1 -1 0.676135 -1 -0.686758 1 0.402746 -0.974653 -0.0480327 0.0696893 -1 0.173196 -0.543983 -0.787778 -0.390381 0.649958 0.129249 0.267723 -0.630029 -0.421102 0.80026 0.289025 -1 0.667386 -0.18376 0.750052 -0.955437 -0.361335 -0.212881 -0.549849 -0.468577 -0.613163 -0.194036 -0.63113 -0.776695 -1 -0.917149 0.299271 0.420269 -0.247031 -0.111326 0.399768 0.303609 0.226168 -0.191045 -0.622442 0.628663 -1 -0.110239 -0.543401 -0.676158 -1 -0.488915 -0.776561 0.0470525 -0.496981 0.20192 -0.38392 0.336898 -1 0.020531 -0.333381 -0.313524 -0.169803 0.161523 -0.593533 -0.574651 -0.533339 -0.299302 0.242481 -0.699094 -0.325975 -0.964664 0.350913 0.264965 0.554408 -0.687128 -1 -0.486409 -0.104295 0.427989 -1 0.488464 -1 -1 -0.103862 -1 0.145424 -0.0358312 0.599231 0.336366 0.365722 -0.300513 -1 0.218694 -0.320501 -0.610011 0.669415 0.62129 -1 0.83716 -0.994857 -0.234778 -0.798972 0.257695 0.426903 0.126629 -0.97584 -0.197997 -0.400373 0.171872 -1 0.286889 -0.424891 -0.181578 -0.41927 -0.868541 -1 -0.980464 0.0578108 0.870325 -0.420685 -0.489273 0.597506 -1 -0.431038 0.323668 -0.246726 -0.541454 0.207998 -1 0.11467 -0.234635 
-0.806687 -1 0.282807 -0.463159 0.758803 -1 -1 0.708803 -1 -0.686758 0.944357 0.346067 -0.807192 -0.0480327 0.338688 -1 0.173196 -0.543983 -0.804167 -0.390381 0.636998 0.129249 0.267723 -0.336927 -0.302872 0.80026 0.550065 -1 0.667386 -0.143303 0.685398 -0.987369 -0.383807 0.00731394 -0.549849 -0.432786 -0.613163 -0.247713 -0.657549 -0.85222 -1 -0.625866 0.299271 0.613091 -0.247031 -0.107724 0.399768 0.303609 0.190449 -0.191045 -0.622442 0.628663 -1 0.105676 -0.257979 -0.676158 -1 -0.280675 -0.776561 0.0470525 -0.460841 0.455383 -0.38392 0.336898 -0.887149 0.294804 -0.333381 -0.0417292 -0.169803 0.380028 -0.593533 -0.467856 -0.533339 -0.299302 0.154434 -0.699094 -0.382268 -0.964664 0.644074 0.264965 0.644664 -0.710866 -1 -0.320519 0.158304 0.427989 -0.923335 0.513775 -1 -1 -0.103862 -0.883518 0.145424 -0.0358312 0.599231 0.301087 0.367812 -0.300513 -1 0.218694 -0.320501 -0.388393 0.741383 0.855975 -0.79865 0.83716 -1 0.00925452 -0.798972 0.257695 0.426903 0.126629 -1 -0.197997 -0.400373 0.171872 -1 0.286889 -0.27455 -0.181578 -0.188673 -0.754201 -1 -0.980464 0.0578108 0.870325 -0.420685 -0.368145 0.597506 -0.805672 -0.431038 0.323668 -0.178956 -0.497609 0.115075 -0.927093 0.11467 -0.00898722 
-1 -1 0.692938 0.474773 -0.217136 -0.976951 -0.246165 0.813337 -0.509441 -0.978601 -0.571204 -0.686679 -0.679166 0.503428 0.213805 -0.845044 -0.223517 -0.212307 -0.938949 -0.659254 0.164433 -0.860217 0.313927 0.209212 0.636816 -0.681348 0.852329 -0.0602154 -0.831773 0.522016 -1 0.714415 -0.202374 -0.458174 0.113896 -1 0.228179 -0.459555 -0.292989 -0.902104 0.837456 0.362789 0.41705 -0.759773 0.930344 0.365969 0.0876397 -0.836171 0.341568 -1 0.278259 -0.627703 -0.452193 -0.0504427 -0.63193 -0.740001 -1 0.189788 -0.0986015 -1 -1 -0.326576 0.515387 0.35111 0.742467 0.548741 -0.177931 -0.129952 -0.892057 -0.432381 0.551676 -0.926612 0.116134 0.385635 -0.644495 -0.522153 0.0729943 0.265999 -0.983979 -0.970528 -0.758684 -0.882389 -1 -0.973857 -0.343967 -1 -0.78046 -0.789035 0.0721224 0.254126 -1 -0.686456 0.100092 -0.931557 -0.917709 0.860801 -0.649127 -0.840751 -1 -0.663483 -0.340417 -1 0.512092 -0.919448 -0.452266 -0.305252 -0.349426 -0.93625 0.130613 -0.954649 -0.750774 0.875528 -0.485034 -0.46194 0.144833 -0.338111 -0.466642 -0.970652 -1 -0.323666 -0.352039 -0.161367 -0.57695 -0.0531975 -0.347016 -0.792788 -1 0.249266 -0.88918 0.119794 -0.179294 -1 0.181838 0.392177 0.460461 0.0421164 -0.470729 -1 
-0.806687 -1 0.282807 -0.463159 0.758803 -1 -1 0.658771 -1 -0.686758 0.944357 0.346067 -0.877153 -0.0480327 0.338688 -1 -0.00235146 -0.609296 -0.804167 -0.390381 0.481692 0.129249 0.267723 -0.552308 -0.302872 0.80026 0.45112 -1 0.668889 -0.143303 0.685398 -1 -0.535406 0.00731394 -0.601552 -0.432786 -0.613163 -0.247713 -0.657549 -0.85222 -1 -0.689175 0.0703557 0.613091 -0.247031 -0.265832 0.399768 0.303609 -0.0513643 -0.191045 -0.622442 0.628663 -1 0.105676 -0.322087 -0.676158 -1 -0.369915 -0.842497 -0.18844 -0.503888 0.423538 -0.38392 0.336898 -0.887149 0.294804 -0.333381 -0.0417292 -0.222348 0.287037 -0.637725 -0.561111 -0.533339 -0.299302 0.154434 -0.708164 -0.435499 -0.964664 0.644074 0.108622 0.644664 -0.710866 -1 -0.320519 0.233209 0.427989 -0.923335 0.584454 -0.981738 -1 -0.103862 -0.883518 0.0579456 -0.0358312 0.589721 0.301087 0.444346 -0.391668 -1 0.184424 -0.464679 -0.388393 0.769419 0.855975 -0.770578 0.597052 -0.942193 0.00925452 -0.798972 0.0848495 0.308721 0.126629 -1 -0.262578 -0.400373 0.074845 -1 0.307204 -0.27455 -0.181578 -0.400581 -0.837451 -1 -0.980464 0.0578108 0.74548 -0.653392 -0.368145 0.60321 -0.967256 -0.531178 0.323668 -0.178956 -0.497609 0.115075 -0.927093 0.11467 -0.116382 
-1 -1 0.235079 0.302583 -0.736938 -0.729537 -0.691853 0.972846 -1 -1 -0.361485 -0.117482 -0.566234 0.56519 0.167538 -0.214088 -0.433982 0.031877 -0.763211 -0.919605 0.190056 -0.299573 0.336343 0.166699 0.405568 -0.926041 0.805137 0.138784 -0.573941 0.064764 -1 0.351956 0.243584 0.119297 0.362078 -1 0.424248 -0.245463 0.0999682 -0.924457 0.743779 0.46787 0.482707 -0.608537 0.819863 0.385835 -0.112518 -0.555927 0.452599 -1 0.423545 -0.548774 0.00328939 0.237546 -0.636573 -0.64518 -0.954895 0.399318 0.221585 -0.951091 -1 -0.294365 0.362056 0.445152 0.593481 0.281587 0.22811 -0.12336 -1 -0.453961 0.809077 -1 0.107619 0.800257 -0.352893 -0.156042 -0.167992 0.220062 -1 -0.936278 -0.847597 -0.882746 -1 -0.973474 -0.201303 -0.915034 -0.8775 -0.807438 -0.0794628 0.254126 -0.937443 -0.693033 0.411796 -1 -1 1 -0.966105 -0.692246 -0.913341 0.0562655 -0.170194 -0.88661 0.665706 -0.783153 -0.601696 0.0115675 -0.272119 -0.677056 -0.106569 -0.731514 -0.654908 0.529351 -0.228241 -0.738079 -0.129731 -0.245473 -0.347532 -1 -1 -0.730929 -0.527554 -0.73481 -0.520413 -0.0799857 -0.686313 -1 -1 0.180128 -1 0.116431 -0.454806 -1 0.23222 0.559722 0.337856 -0.0265318 -0.876285 -0.857772 
-1 -0.810578 0.545499 0.630534 -0.630525 -0.464671 -0.439443 0.882166 -0.667956 -1 -0.639777 -0.101152 -0.626358 0.352879 0.221061 -0.865006 -0.345325 0.274857 -1 -0.796116 0.234278 -0.704566 0.122456 0.175794 0.302115 -0.929714 0.738784 0.0217057 -0.957801 0.452924 -0.96264 0.822964 0.339695 -0.016407 0.0748305 -0.94363 0.23835 -0.510076 -0.232529 -0.984778 0.869719 0.42215 0.515812 -0.938866 0.788342 0.529436 -0.238051 -0.932733 0.171666 -0.767599 0.432 -0.269054 -0.0906828 0.0387978 -0.662504 -0.591344 -1 0.0160658 0.408326 -0.931911 -1 -0.410065 0.530742 0.53295 0.858096 0.190698 0.0586984 -0.242192 -0.973618 -0.758976 0.288006 -0.775359 0.294726 0.312018 -0.67532 -0.820233 0.0675046 -0.363358 -1 -1 -0.795975 -1 -0.920998 -1 -0.111338 -0.994315 -0.767685 -1 0.154525 0.0891206 -1 -0.886117 0.494289 -0.89084 -0.942915 0.690675 -0.787374 -0.899679 -1 -0.0753542 -0.204276 -1 0.377141 -0.764261 -0.319051 -0.102262 -0.238008 -0.810538 0.00938924 -1 -0.862909 1 -0.3012 -0.640795 -0.124616 -0.204513 -0.4322 -1 -1 -0.505952 -0.28868 -0.151986 -0.666879 0.0818997 -0.269934 -0.633649 -0.854451 0.176306 -1 0.278721 -0.0524676 -1 0.219112 0.890745 0.272073 0.024774 -0.544208 -0.884031 
-1 -0.954807 0.540455 0.44705 -0.617405 -0.678946 -0.598199 0.797632 -0.694237 -0.58037 -0.191481 -0.330767 -0.688858 -0.00309967 0.126042 -0.425236 -0.324798 0.300477 -0.591564 -0.540459 0.219434 -0.713579 0.635062 0.0247483 0.432294 -0.78603 0.723072 -0.0951783 -0.650713 0.346833 -0.979358 0.770468 0.110946 -0.0145836 0.0637814 -1 0.145683 -0.677449 -0.146232 -1 0.576122 0.428304 0.39149 -0.538272 0.638497 0.712028 0.261814 -0.482473 0.315766 -1 0.0510586 -0.612894 -0.106384 0.572641 -1 -0.765138 -0.853836 0.478672 0.178151 -1 -1 -0.0887284 0.350242 0.458193 0.702201 0.61533 0.122299 -0.238068 -0.78192 -0.479756 0.456861 -0.806197 0.0305497 0.673163 -0.427439 -0.322968 -0.246678 -0.0161993 -0.761942 -0.974636 -1 -0.981072 -0.929753 -1 -0.368503 -1 -0.909059 -0.647658 -0.0571311 -0.213927 -0.979729 -0.407726 0.418846 -1 -0.954741 0.852343 -0.460311 -0.982622 -0.883289 -0.170588 -0.0962806 -0.570155 0.429154 -0.393141 -0.784748 0.287543 -0.309981 -0.439168 -0.232278 -0.942112 -0.507199 0.848312 -0.174213 -0.50918 0.336938 -0.394605 -0.870633 -1 -1 -0.55156 -0.418356 -0.201399 -0.971231 -0.0223435 -0.448265 -0.818336 -0.946725 0.0762995 -0.807259 0.577637 -0.433497 -1 0.424949 1 0.206536 -0.256689 -0.801699 -0.823336 
-1 -1 0.682527 0.838847 -0.761281 -0.592982 -0.207112 0.649838 -0.428992 -1 -0.595979 -0.737555 -0.626638 0.605795 -0.226011 -0.12571 -0.0875759 0.344778 -0.627451 -0.603879 -0.00705707 -0.263418 0.270543 -0.0981719 0.600689 -0.913934 0.885821 -0.0845523 -0.616426 0.453025 -0.956449 0.642142 0.41173 -0.248256 0.437601 -1 0.490783 -0.274787 0.0748944 -0.975566 0.689415 0.499968 0.153991 -0.341679 0.69379 0.404657 0.308843 -0.449657 0.110914 -1 0.374085 -0.553869 -0.325105 0.0369283 -0.706177 -0.669845 -1 0.529443 0.499369 -0.857239 -1 0.0621941 0.323878 0.26329 0.439748 0.522081 -0.0711959 -0.268664 -0.848342 -0.30666 0.752832 -0.93986 0.253035 0.146284 -0.310495 -0.148654 0.171533 0.287215 -0.864696 -1 -0.832005 -0.891844 -1 -1 -0.248078 -0.863417 -0.838401 -0.452193 0.168199 0.262964 -1 -0.50778 0.491992 -0.943588 -0.746476 0.722251 -0.866438 -0.701531 -1 -0.152854 0.20977 -0.999222 0.301741 -0.844223 -0.292951 0.249578 -0.231507 -0.478411 -0.119907 -0.714978 -1 0.975648 -0.314868 -0.724603 -0.17072 -0.0779208 -0.291613 -0.975063 -1 -0.257674 -0.535062 -0.432346 -0.555538 0.282718 -0.287011 -0.603388 -0.946659 -0.153103 -0.96855 0.317585 -0.593207 -0.96901 0.26223 0.738449 0.220404 -0.158883 -0.595517 -0.894956 
