-0.54764 -0.0512127 -0.917516 0.344316 0.104107 -0.292063 -0.997256 -0.0212903 -0.96685 -0.636929 -0.0808175 0.14915 -1 -0.0742667 -0.981703 -0.912497 -0.209655 -1 -1 -0.610102 -0.522671 -0.269453 0.0622613 -1 -1 -0.833315 -0.0928646 -0.102169 -0.83278 -0.638285 0.134844 -0.873233 -1 -1 -1 -1 -1 -1 -1 -0.384153 0.407733 0.132984 -1 -1 0.216884 -0.775242 -0.365462 -0.489127 0.148276 -0.964087 -0.93944 -0.651451 -0.0402173 -1 0.279848 -0.881457 -1 -1 -1 -1 -0.507148 0.227449 -0.57694 -0.697007 -0.124448 0.124324 -0.703865 -1 0.657888 -0.543773 -0.787653 -0.728562 -0.0121443 -0.929079 -0.212798 -0.786981 -0.222704 -1 -1 -1 -0.76152 -0.903614 0.0603607 -0.513355 -0.82722 -1 -1 0.196449 -1 -0.171334 0.00966977 -0.00808575 -1 -0.984657 0.488338 -0.913399 0.260339 -0.162933 0.571365 -0.866865 -0.699998 0.0668602 -0.518945 -0.909958 0.496645 -0.0791982 -0.736402 0.0404831 -0.443731 -0.621084 -1 -0.550727 -0.530523 -1 -1 -1 -0.631247 -0.591499 0.366008 -1 -0.22808 -0.0764947 -0.669715 0.0379577 0.316295 -0.358049 -0.778626 0.21954 -0.211805 -0.122748 -0.00914584 0.416181 -0.868926 -0.0816366 -1 -0.922123 0.0951589 -1 
-0.978043 -0.13446 -1 0.288262 0.255505 -0.127071 -0.956329 -0.090537 -1 -0.683128 -0.0427076 0.299073 -0.867517 -0.233816 -1 -0.912497 -0.567254 -1 -1 -0.646438 -0.509601 -0.24804 0.19843 -1 -1 -0.985283 -0.083934 -0.0855114 -1 -0.91246 -0.0851313 -1 -1 -1 -0.996224 -1 -1 -1 -0.834908 -0.408047 0.41235 0.114396 -0.956692 -0.887966 0.0958777 -0.569181 -0.26987 -0.494006 0.148276 -0.990908 -0.91588 -0.801233 -0.15054 -1 0.180543 -0.89145 -1 -1 -0.840238 -1 -0.479011 0.681979 -0.550837 -0.710221 0.143196 0.202718 -1 -1 0.737226 -0.746151 -0.805674 -0.488549 0.0714728 -1 -0.231987 -0.776239 -0.222704 -1 -0.777942 -0.991749 -0.686211 -1 0.154953 -0.338754 -0.376424 -0.848811 -0.922933 0.347187 -1 -0.139293 -0.113712 -0.174792 -1 -0.894242 0.576772 -1 0.221085 -0.313114 0.859721 -0.753981 -0.351318 0.0195552 -0.590333 -0.776042 0.361322 -0.0368012 -0.75461 0.190969 -0.661081 -0.539917 -1 -0.542422 -0.655161 -1 -0.862458 -1 -0.241552 -0.630041 0.106314 -1 -0.257365 -0.0732683 -0.515128 -0.163238 0.366873 -0.422033 -0.677058 0.11127 -0.274487 0.134649 -0.00723916 0.0323485 -0.651198 -0.0712473 -1 -0.858105 0.236564 -1 
-0.54764 -0.107475 -1 0.29573 0.255505 -0.110996 -1 -0.0212903 -0.942101 -0.636929 -0.0113536 0.392672 -0.77738 -0.233816 -1 -0.912497 -0.209655 -0.95018 -1 -0.641318 -0.272614 -0.280961 0.19843 -1 -0.920024 -0.833315 -0.083934 -0.0879335 -0.782488 -0.814651 0.0259916 -0.873233 -0.96217 -1 -1 -1 -1 -1 -0.834908 -0.367591 0.413302 0.132984 -0.944379 -0.887966 0.0958777 -0.579628 -0.119944 -0.585577 0.0940046 -1 -0.633229 -0.819272 -0.095365 -1 0.475821 -0.881457 -1 -0.861692 -0.956683 -1 -0.507148 0.681979 -0.550837 -0.560504 0.0348157 0.124324 -0.857508 -1 0.56581 -0.469191 -0.79031 -0.459519 0.0142312 -1 -0.305274 -0.776239 -0.222704 -1 -0.797758 -1 -0.686211 -1 0.0303148 -0.338754 -0.375451 -0.883472 -0.88027 0.340692 -1 -0.141307 0.00966977 -0.0320613 -1 -0.894242 0.541909 -0.940712 0.282445 -0.118861 0.828705 -0.711114 -0.305764 0.0455936 -0.562569 -0.909361 0.442434 -0.0791982 -0.512841 0.303274 -0.443731 -0.485931 -1 -0.271052 -0.670275 -1 -0.825035 -1 -0.257481 -0.578689 0.461787 -1 -0.216478 -0.122194 -0.480622 0.191797 0.342794 -0.354738 -0.534075 0.124192 -0.367221 0.134649 -0.157147 0.364141 -0.686697 0.174462 -1 -0.684594 0.361317 -0.946106 
-0.54764 -0.038816 -1 0.125301 0.255505 0.00463142 -1 -0.109279 -1 -0.636929 -0.0113536 0.392672 -0.774349 -0.233816 -1 -1 -0.209655 -0.935469 -1 -0.722057 -0.31795 -0.375267 0.19843 -1 -0.920024 -0.833315 -0.083934 0.015282 -0.782488 -0.730734 0.0457652 -0.953215 -1 -0.958006 -1 -1 -1 -1 -0.834908 -0.334109 0.567538 0.109916 -0.944379 -0.887966 0.0958777 -0.571512 -0.119944 -0.494006 0.148276 -1 -0.633229 -0.750744 -0.0270765 -1 0.358638 -0.881457 -1 -0.861692 -0.840238 -0.98557 -0.456267 0.681979 -0.716561 -0.560504 -0.039543 0.0481639 -0.944425 -1 0.702311 -0.502356 -0.787487 -0.459519 -0.0309522 -1 -0.305274 -0.776239 -0.222704 -1 -0.777942 -0.991749 -0.686211 -1 0.154953 -0.338754 -0.47884 -0.899054 -0.88027 0.347187 -1 -0.139293 -0.0471242 -0.0320613 -1 -0.894242 0.541909 -1 0.361532 -0.275164 0.828705 -0.753981 -0.35442 0.0195552 -0.436225 -0.776042 0.496303 -0.173881 -0.499086 0.303274 -0.459636 -0.485931 -1 -0.385006 -0.583564 -1 -0.833996 -1 -0.241552 -0.667252 0.461787 -1 -0.22808 -0.0732683 -0.471866 0.198864 0.366873 -0.501817 -0.534075 0.0720547 -0.291652 0.134649 -0.0819756 0.325487 -0.751899 0.132579 -1 -0.699988 0.361317 -0.946106 
-0.54764 -0.038816 -1 0.288262 0.255505 0.0707492 -1 -0.0212903 -1 -0.636929 -0.0113536 0.392672 -0.774349 -0.442242 -1 -0.912497 -0.209655 -1 -1 -0.816813 -0.31795 -0.24804 0.19843 -1 -1 -1 -0.083934 0.015282 -0.782488 -0.907991 -0.0642912 -0.802444 -1 -1 -1 -1 -0.996167 -1 -0.752704 -0.384153 0.567538 -0.0134461 -1 -1 0.118043 -0.579628 -0.119944 -0.498634 0.148276 -1 -0.633229 -0.750744 -0.049474 -1 0.475821 -1 -1 -0.861692 -1 -0.98557 -0.476755 0.476208 -0.550837 -0.632479 0.0348157 0.124324 -0.786439 -1 0.520218 -0.502356 -0.805674 -0.459519 -0.123265 -1 -0.305274 -0.706293 -0.399523 -1 -0.777942 -0.991749 -0.686211 -1 0.154953 -0.338754 -0.376424 -0.848811 -0.88027 0.347187 -1 -0.18972 0.00966977 -0.0320613 -1 -0.894242 0.574888 -0.996216 0.353345 -0.118861 0.59186 -0.753981 -0.305764 -0.0810142 -0.431355 -0.776042 0.496303 -0.0791982 -0.512841 0.303274 -0.388978 -0.490894 -1 -0.271052 -0.583564 -1 -0.947299 -1 -0.241552 -0.578689 0.461787 -1 -0.253598 -0.0331625 -0.708597 0.133282 0.308282 -0.354738 -0.534075 0.0330214 -0.291652 0.134649 -0.00723916 0.31103 -0.80732 -0.113098 -0.918922 -0.699988 0.361317 -0.946106 
-0.61152 -0.163635 -1 0.123423 0.211259 -0.254887 -1 -0.491003 -0.942101 -0.546166 -0.0896403 0.317903 -0.997483 -0.161524 -0.973753 -1 -0.130964 -1 -1 -0.860463 -0.394727 -0.24804 0.0243588 -0.987547 -0.920024 -1 -0.238841 -0.126607 -1 -0.865541 -0.140166 -0.875949 -1 -0.934659 -1 -0.922163 -1 -1 -1 -0.390466 0.555159 0.112224 -1 -1 -0.0529317 -1 -0.31414 -0.573923 0.165181 -0.947079 -0.683753 -0.804939 -0.146638 -1 0.475821 -0.881457 -1 -0.840415 -0.840238 -0.98557 -0.433412 0.450218 -0.645961 -0.695273 -0.0341979 0.121678 -0.786439 -1 0.513374 -0.671651 -0.805674 -0.463648 -0.0491548 -1 -0.370196 -0.831108 -0.270833 -1 -0.777942 -0.97489 -0.810368 -1 0.136989 -0.602561 -0.38803 -0.933272 -1 0.299441 -0.983792 -0.37304 0.0554525 -0.0320613 -1 -0.791711 0.206688 -0.924832 0.0111402 -0.274133 0.828705 -0.720532 -0.400205 -0.0994154 -0.734138 -0.87909 0.496303 -0.256872 -0.707356 0.303274 -0.704301 -0.803837 -1 -0.303164 -0.647908 -1 -0.825035 -0.922747 -0.191835 -0.522042 0.125275 -1 -0.22808 -0.287607 -0.480622 0.0295197 0.291651 -0.38348 -0.546001 0.0330425 -0.530584 0.0175043 0.00960202 0.297808 -0.778181 -0.0601561 -1 -0.68937 0.361317 -1 
0.203223 -0.881099 0.798144 0.0667095 -0.0997699 -1 -0.330333 0.67683 -0.554413 0.318549 -0.865022 -0.980561 -0.388208 -0.0905933 -0.394434 -0.245521 -0.617766 -0.399612 -0.244596 -0.87023 -1 -1 0.940407 -0.572461 -1 -0.232901 -0.911407 -0.213334 0.310405 -0.308604 0.0299704 -1 -0.933295 -0.335246 -0.452249 0.709256 0.0678341 0.534402 0.350356 -0.896003 0.446969 -1 -0.0973425 -0.501783 -1 0.279309 -0.749469 -1 -1 -1 -0.903196 -0.124569 -0.530063 -1 -1 -0.121591 -0.0989387 0.202422 -0.57994 -0.796354 -0.664346 0.703946 -0.908101 -0.999272 0.344768 -0.644976 -0.866087 0.428992 -0.50113 -1 -0.259536 0.310377 -0.256556 -0.64467 -0.748775 0.244077 0.755505 0.446299 -0.814488 -1 -1 -1 -1 0.0628549 -0.997055 0.0758786 -0.575436 -1 -0.745504 -1 0.314596 -0.585568 -0.986607 -0.420563 0.399668 -0.536867 -0.929647 0.149367 -0.447105 -0.980807 -0.0821171 0.582703 0.663284 -1 -0.461203 -0.977817 -0.199321 -0.722471 0.188014 -0.910427 -0.307833 -0.909369 -0.988652 -0.821338 -1 -1 -0.898509 -0.099697 0.497057 -0.857383 0.428222 0.0176724 -0.0580501 0.509878 -0.201985 -0.952447 -0.850857 -1 0.512076 0.085488 -0.692774 0.0968006 -0.586856 -0.748468 0.587271 -1 0.0816372 -0.631897 
-0.54764 -0.390634 -1 0.180584 0.13996 -0.200733 -1 -0.000316516 -1 -0.816117 -0.098416 0.312352 -0.866852 -0.337162 -0.996763 -0.955081 -0.200657 -0.966753 -1 -0.646474 -0.71382 -0.726132 -0.0757889 -1 -1 -0.833315 -0.434249 0.0479429 -0.968247 -0.749828 -0.140886 -0.948058 -0.976929 -1 -0.96062 -1 -0.959146 -1 -1 -0.652209 0.272906 -0.024608 -1 -1 0.0958777 -0.953706 -0.417819 -0.645137 -0.113482 -0.957401 -0.857918 -0.8716 -0.310555 -1 0.361014 -0.887155 -1 -1 -1 -1 -0.834933 0.457106 -0.565296 -0.760828 -0.153227 -0.142584 -0.719324 -1 0.742954 -0.543237 -1 -0.462806 -0.262943 -1 -0.177634 -0.979772 -0.645338 -0.978145 -0.798007 -0.991749 -1 -1 0.142834 -0.697271 -0.862611 -1 -1 0.150838 -1 -0.229183 -0.233197 -0.172021 -1 -1 0.122052 -0.983597 0.274631 -0.580856 0.705469 -0.753981 -0.324425 0.0347012 -0.669505 -1 0.262504 -0.1148 -0.815435 0.114207 -0.738309 -0.460558 -1 -0.50201 -0.64493 -0.890264 -0.968406 -1 -0.455292 -0.578689 0.187349 -1 -0.64018 -0.0283319 -0.586865 8.86619e-05 0.212727 -0.354738 -0.881343 -0.0608062 -0.269045 0.0362816 -0.35141 0.17263 -0.990126 -0.0785231 -1 -1 0.241526 -0.969656 
-0.54764 -0.390634 -0.966115 0.27496 0.0619629 -0.0647513 -1 -0.121494 -1 -0.802895 -0.128178 0.171541 -1 -0.382486 -0.935229 -0.955081 -0.200657 -1 -0.999162 -0.797416 -0.849953 -0.66685 -0.115786 -1 -1 -0.833315 -0.579716 0.0479429 -1 -0.799361 -0.140384 -0.978026 -0.976929 -1 -0.973784 -0.996977 -1 -1 -0.932857 -0.613528 0.355961 0.140011 -1 -1 0.0451573 -1 -0.417819 -0.659696 -0.0913371 -0.957401 -0.876179 -0.84133 -0.310555 -1 0.361014 -0.861154 -1 -1 -1 -1 -0.659359 0.575443 -0.504754 -0.760828 -0.24168 0.020258 -0.719324 -1 0.742954 -0.543237 -1 -0.462806 -0.229396 -1 -0.458968 -1 -0.545545 -1 -0.777812 -1 -1 -1 0.0820082 -0.572854 -0.856105 -0.936051 -1 0.1524 -1 -0.202795 -0.226116 -0.113741 -1 -0.867 0.128532 -0.938473 0.235637 -0.583046 0.705469 -0.753981 -0.283556 0.0347012 -0.831465 -1 0.272222 -0.155848 -0.929681 0.265589 -0.843898 -0.59463 -1 -0.559234 -0.620649 -1 -1 -1 -0.455429 -0.528652 0.305542 -0.947883 -0.702973 -0.0765836 -0.655576 -0.142466 0.189071 -0.430482 -1 -0.0422578 -0.291652 -0.091714 -0.32826 0.33996 -0.990126 -0.0942524 -0.915646 -1 0.0820009 -0.969656 
-0.590195 -0.197902 -0.939693 0.175877 0.139084 -0.123487 -1 -0.0731299 -0.942101 -0.583608 -0.127282 0.262957 -0.871784 -0.389745 -1 -0.912497 -0.209655 -1 -1 -0.698377 -0.31795 -0.317351 0.0280689 -1 -0.968063 -0.939952 -0.3199 -0.0603136 -0.791627 -0.870179 -0.0572411 -0.972248 -1 -0.92328 -0.980231 -1 -0.979742 -1 -0.932986 -0.42248 0.567538 0.132984 -0.926659 -0.887966 0.142316 -0.579628 -0.408513 -0.620259 0.198877 -0.995625 -0.76884 -0.784152 -0.106771 -1 0.472059 -1 -0.982279 -0.943083 -0.857481 -1 -0.520381 0.497452 -0.650352 -0.560504 0.00602755 0.124324 -0.779541 -1 0.575947 -0.759307 -0.790901 -0.523064 0.0395696 -0.974506 -0.237618 -0.739034 -0.250687 -1 -0.788453 -1 -0.864475 -1 0.0240292 -0.444225 -0.376424 -0.88508 -0.96078 0.0325221 -0.97882 -0.209279 0.0599192 -0.202977 -1 -1 0.438403 -1 0.396317 -0.118861 0.706204 -0.69315 -0.432226 0.0486379 -0.541942 -0.776042 0.496303 -0.0791982 -0.512841 0.297001 -0.482622 -0.559564 -1 -0.271052 -0.612947 -1 -0.931065 -1 -0.136956 -0.640296 0.352833 -1 -0.265167 -0.0340939 -0.483187 0.145068 0.366873 -0.354738 -0.667848 0.124192 -0.32204 0.134649 0.0123303 0.380184 -0.799738 0.132579 -1 -0.73326 0.237588 -1 
-0.701614 0.0415803 -0.973651 0.141299 -0.190964 -0.0968553 -1 -0.186192 -0.975399 -0.596432 0.000788484 0.472789 -0.930888 -0.709687 -1 -0.912497 -0.453744 -1 -1 -0.821962 -0.404367 -0.497745 0.0738308 -1 -1 -0.974494 -0.177139 -0.0976009 -0.958683 -0.679375 0.0296248 -1 -1 -0.917289 -0.96078 -1 -1 -0.959478 -1 -0.38509 0.469819 -0.0887806 -1 -0.802924 -0.127537 -0.937142 -0.417441 -0.426159 0.168574 -1 -0.9487 -0.801395 -0.262284 -1 0.437004 -1 -0.94168 -1 -1 -0.94493 -0.980485 0.41262 -0.706557 -0.560504 -0.414014 -0.325795 -0.876574 -1 0.443794 -0.984431 -0.955438 -0.605162 0.0808372 -0.953494 -0.387017 -1 -0.478575 -0.868285 -0.817753 -1 -0.67966 -1 0.188544 -0.703564 -0.521883 -0.848811 -0.960022 0.349214 -1 -0.408317 -0.024305 -0.183398 -1 -1 0.327576 -0.940712 0.238003 -0.753187 0.526652 -0.879102 -0.272438 -0.321951 -0.845879 -1 0.443108 -0.255905 -0.501704 0.0879053 -0.443731 -0.57645 -1 -0.640813 -1 -1 -1 -1 -0.641617 -0.494772 0.312391 -1 -0.292582 -0.0732683 -0.540842 -0.0787832 0.330039 -0.455656 -0.523401 -0.0334666 -0.472824 0.101436 -0.220187 0.317512 -1 -0.124406 -1 -0.932315 0.311141 -0.929916 
-0.694704 -0.132087 -1 0.114708 0.125027 0.0736353 -1 -0.0715376 -0.912982 -0.636929 -0.0113536 0.200157 -0.763216 -0.279177 -0.931279 -1 -0.351935 -0.935469 -1 -0.641318 -0.25241 -0.465713 0.26313 -0.972037 -0.920024 -0.833315 -0.249487 -0.206472 -0.880504 -0.707155 0.059308 -0.873233 -1 -0.92328 -1 -1 -0.996167 -0.928367 -1 -0.473804 0.350428 0.0757633 -1 -0.887966 0.146407 -0.579628 -0.119944 -0.457616 0.148276 -1 -0.894305 -0.750744 -0.108379 -1 0.222596 -0.881457 -0.929808 -0.880905 -0.887305 -1 -0.519862 0.454722 -0.550837 -0.476793 -0.354054 0.146722 -0.921636 -1 0.702311 -0.502356 -0.805674 -0.452767 -0.0732511 -1 -0.523134 -0.776239 -0.26519 -1 -0.946083 -1 -0.933639 -1 0.103486 -0.422044 -0.533506 -0.830191 -0.887408 0.206541 -1 -0.113149 0.0174745 -0.0320613 -1 -0.857342 0.541909 -0.940712 0.188632 -0.257489 0.732072 -0.821609 -0.644083 0.0195552 -0.431355 -0.776042 0.481703 -0.0791982 -0.805509 0.280425 -0.560955 -0.485931 -1 -0.558095 -0.644394 -0.954045 -0.825035 -1 -0.343827 -0.578689 0.295421 -1 -0.301508 -0.0488579 -0.491944 0.191797 0.27496 -0.579689 -0.69743 0.124192 -0.340143 0.134649 -0.00723916 0.364141 -0.774016 0.0131734 -1 -0.818506 0.225206 -0.955437 
-0.54764 -0.038816 -1 0.288262 0.255505 0.00463142 -1 -0.0212903 -0.942101 -0.736568 -0.0113536 0.321944 -0.813362 -0.233816 -0.999438 -0.912497 -0.185515 -0.935469 -1 -0.595519 -0.31795 -0.275003 0.108511 -1 -0.920024 -0.833315 -0.083934 -0.117624 -0.782488 -0.730734 0.0457652 -0.873233 -0.96217 -0.92328 -1 -1 -0.996167 -1 -0.834908 -0.384153 0.567538 0.132984 -0.944379 -0.887966 0.0230021 -0.536276 -0.164638 -0.494006 0.148276 -0.956445 -0.597526 -0.750744 -0.0804342 -1 0.475821 -0.861452 -1 -0.861692 -0.840238 -0.973491 -0.507148 0.681979 -0.550837 -0.560504 0.0348157 0.124324 -0.786439 -1 0.702311 -0.515051 -0.805674 -0.459519 0.0142312 -1 -0.305274 -0.776239 -0.219505 -1 -0.81809 -0.991749 -0.686211 -1 0.154953 -0.338754 -0.376424 -0.848811 -0.88027 0.226574 -1 -0.139293 0.00966977 -0.0320613 -1 -0.894242 0.439067 -0.940712 0.355979 -0.118861 0.828705 -0.753981 -0.305764 -0.0903959 -0.431355 -0.776042 0.496303 -0.0791982 -0.512841 0.206079 -0.443731 -0.485931 -1 -0.336866 -0.583564 -1 -0.976676 -1 -0.35946 -0.578689 0.458675 -1 -0.22808 -0.1203 -0.541914 0.244267 0.366873 -0.374614 -0.534075 0.124192 -0.291652 0.134649 -0.00723916 0.371769 -0.686697 0.1728 -1 -0.792016 0.384179 -0.903145 
-0.680465 -0.038816 -1 0.271401 0.255505 0.00463142 -1 0.0490349 -0.942101 -0.537035 -0.115628 0.392672 -0.774349 -0.233816 -1 -0.912497 -0.482811 -0.935469 -1 -0.594321 -0.31795 -0.416143 0.178763 -1 -0.920024 -0.980314 -0.0533704 -0.0832217 -0.881027 -0.730734 0.0457652 -0.873233 -1 -0.92328 -1 -0.910234 -0.996167 -0.917987 -0.834908 -0.352124 0.53581 0.132984 -1 -1 -0.105024 -0.729542 -0.129891 -0.603469 -0.00905387 -1 -0.829782 -0.786381 -0.0270765 -0.924055 0.475821 -0.846234 -1 -1 -0.840238 -1 -0.70702 0.562833 -0.452802 -0.560504 0.0348157 0.124324 -0.786439 -1 0.702311 -0.561933 -0.979193 -0.510846 0.0142312 -1 -0.305274 -0.776239 -0.393557 -0.935442 -0.777942 -0.991749 -0.686211 -1 0.154953 -0.619275 -0.493928 -0.848811 -0.870027 0.184903 -1 -0.423522 0.00966977 -0.0320613 -1 -0.923511 0.459406 -1 0.194074 -0.118861 0.828705 -0.828492 -0.305764 0.0195552 -0.431355 -0.685829 0.496303 -0.310546 -0.512841 0.26397 -0.452133 -0.640465 -1 -0.561507 -0.73823 -0.998551 -0.825035 -1 -0.183958 -0.621908 0.293493 -1 -0.217583 -0.0732683 -0.480622 0.191797 0.386531 -0.354738 -0.560561 0.124192 -0.214526 0.134649 0.0895279 0.364141 -0.771823 0.132579 -0.967925 -0.699988 0.292189 -0.901999 
-0.985111 -1 0.058179 -0.756694 0.821566 0.0465729 -0.869322 0.162444 -0.697481 -1 -0.718671 -0.760252 0.524716 0.568488 -0.379809 -0.876712 -0.980941 -0.388407 0.162943 0.0775026 -0.875566 0.0619658 0.375723 0.597451 -0.237119 -0.488384 -0.390437 0.526067 -0.238906 -0.506263 0.541228 0.0117385 -1 -0.188906 -0.350922 -0.920692 0.842833 0.954757 -0.979255 0.410661 0.44811 -0.385904 0.381616 -1 0.836083 0.574738 -0.885233 0.157892 0.0128595 -0.475059 -0.464566 -0.432793 -0.776192 -1 0.725626 -0.984309 -0.370885 -0.314067 -0.0839307 -1 0.135579 0.502029 -0.355538 0.420773 0.936598 -0.30453 -1 0.141288 0.217212 0.0965157 -0.754519 -1 -0.759281 0.442838 0.971393 0.59354 -0.892782 0.237708 -0.700043 0.372652 -0.876368 0.15205 -0.627883 -1 -0.342805 -0.217758 -1 -0.0951192 -0.801852 0.66179 0.707126 0.0513658 0.355619 0.262344 -0.866581 -0.0175588 0.103754 -0.0560604 -0.384179 -0.0608274 0.299054 -1 0.587481 0.478775 0.0197629 -0.498377 -0.79793 0.0819141 -0.827582 0.21955 0.856557 -0.145732 0.196727 0.0627991 -0.767585 0.36854 -0.00652918 -0.473801 0.0649603 -1 -0.960517 0.844067 -1 0.411505 0.675562 -0.626883 -0.627085 0.137769 0.769228 0.130932 -0.1588 -0.345225 -1 -1 0.211406 -1 0.310409 0.375291 
-0.597623 -0.0238947 -0.998355 0.136959 0.175708 -0.135048 -1 -0.0670994 -1 -0.829804 -0.430755 0.141876 -1 -0.241944 -1 -1 -0.209655 -1 -1 -0.641318 -0.306136 -0.502063 0.132972 -1 -0.920024 -0.901971 -0.0457816 -0.276297 -1 -0.837405 -0.230691 -1 -1 -1 -0.954192 -1 -1 -1 -0.975961 -0.62963 0.510485 0.0155272 -1 -1 -0.354211 -0.684987 -0.0452026 -0.494006 -0.272612 -1 -0.702513 -0.995133 -0.0270765 -1 0.078944 -0.912675 -1 -1 -0.978675 -0.860105 -0.565718 0.399056 -0.627407 -0.950414 -0.0198706 -0.238402 -0.975094 -1 0.775746 -0.581983 -1 -0.453606 -0.579231 -0.939181 -0.478031 -1 -0.342648 -1 -0.998947 -0.942043 -0.8349 -0.96132 -0.271713 -0.564524 -0.672335 -1 -0.910902 0.140081 -1 -0.500293 0.0376169 -0.134951 -1 -0.864865 0.294415 -0.991773 0.174896 -0.431485 0.624064 -0.741103 -0.67265 -0.0436045 -0.646598 -0.974846 0.421426 -0.22813 -0.741704 -0.0630784 -0.721083 -0.66953 -1 -0.1631 -0.982394 -0.970363 -0.945865 -1 -0.248343 -0.507181 0.465153 -1 -0.334218 -0.0473686 -0.690833 0.154846 0.259081 -0.352482 -0.525136 -0.258151 -0.791785 -0.068611 -0.334724 0.161019 -1 -0.0243854 -1 -1 0.0888783 -1 
-0.414886 -0.921338 -0.28757 -0.966707 -1 -0.534316 1 -0.454851 -0.183674 -0.452506 -1 0.191479 0.331686 -0.71691 -0.186257 -0.0196285 -0.632142 -0.589078 0.0509677 0.269734 -1 -1 0.493516 -0.0452157 0.300972 -0.718654 -0.896984 -0.397261 -1 0.542972 -0.974682 0.304168 -0.273097 0.342795 0.413505 -1 -1 -0.602764 -1 -0.643502 0.18652 0.100666 -0.717936 0.222283 -1 -1 0.095133 -0.320389 -0.321496 -1 -0.208552 0.547522 -1 0.453257 -0.243451 0.0888775 -1 -0.625438 -0.325078 -0.0726117 -0.891573 -0.835126 -0.402285 0.61909 -0.805829 0.115108 0.153379 0.673996 -0.503298 -0.829624 -1 0.334994 -0.779392 -0.687449 0.607359 0.209786 -0.161079 0.153435 -0.426172 0.351106 -0.129121 -0.922308 -0.803762 0.174824 0.231811 0.022998 -0.931601 0.567812 0.633582 0.00728801 -0.397058 -0.168557 -0.163393 -1 -0.973085 0.276354 -0.193392 -1 -0.85913 -0.154659 -0.226098 -0.907215 -0.639917 0.0808489 -0.0997646 -0.159271 -0.889716 -1 -1 -0.123396 -0.337221 -0.0910342 0.663246 -1 -1 -0.158832 -0.103626 -0.49735 -0.488398 -0.964677 -0.847029 -0.286562 0.561446 -1 -0.690983 -1 0.666628 -0.131091 -0.446745 -0.682754 -0.64125 -1 -1 -1 0.525062 0.449012 -1 -0.585278 
-0.703841 -0.038816 -1 0.288262 0.193172 -0.00999261 -1 -0.0212903 -1 -0.801525 -0.0113536 0.318602 -0.987756 -0.233816 -1 -0.850524 -0.202591 -1 -1 -0.542127 -0.31795 -0.120404 0.19843 -1 -0.999785 -0.833315 -0.0625686 -0.131207 -0.782488 -0.81322 0.0457652 -1 -1 -0.92328 -1 -1 -0.996167 -1 -1 -0.384153 0.567538 0.123413 -1 -0.889422 0.0958777 -0.620453 -0.117485 -0.474817 -0.0626386 -1 -0.639128 -0.896082 -0.0270765 -1 0.475821 -1 -1 -0.861692 -1 -0.98557 -0.471821 0.648235 -0.684227 -0.64943 -0.183927 -0.149226 -0.909484 -1 0.702311 -0.502356 -0.805674 -0.459519 0.0142312 -1 -0.447357 -0.776239 -0.222704 -1 -0.850398 -1 -0.649694 -1 0.154953 -0.440088 -0.376424 -0.909707 -1 0.2034 -1 -0.230603 0.00966977 -0.158056 -0.980547 -0.981599 0.517477 -0.995135 0.242538 -0.0983855 0.648086 -0.753981 -0.305764 0.0195552 -0.579068 -0.776042 0.496303 -0.144038 -0.626526 0.184507 -0.443731 -0.574363 -1 -0.340978 -0.505183 -1 -0.965428 -1 -0.241552 -0.712966 0.219398 -1 -0.296872 -0.157856 -0.480622 -0.108941 0.0675181 -0.442581 -0.768451 0.124192 -0.373215 0.166911 0.0467926 0.364141 -0.898484 -0.00673568 -1 -0.726753 0.448034 -0.988465 
-0.792922 -0.0040208 -1 0.111591 -0.178308 -0.177933 -1 -0.280257 -1 -0.740063 -0.203573 0.347468 -0.729025 -0.652735 -1 -0.953328 -0.437179 -0.904093 -1 -0.858224 -0.446497 -0.574418 -0.0189938 -0.993382 -1 -0.988451 -0.320114 -0.254957 -1 -0.730734 -0.00281999 -0.987602 -0.96217 -1 -1 -0.956777 -0.892831 -1 -1 -0.304636 0.287781 0.132984 -0.876731 -0.789798 0.0958777 -0.598447 -0.382071 -0.494006 -0.0488344 -0.930747 -0.797632 -0.826416 -0.572546 -1 0.290135 -0.991374 -1 -0.916121 -0.840238 -1 -0.921284 0.377458 -0.799096 -0.680344 -0.260976 -0.0517725 -1 -1 0.521448 -1 -0.880328 -0.697074 -0.281542 -1 -0.805496 -0.945837 -0.222704 -1 -1 -1 -0.714235 -1 -0.13877 -0.635097 -0.46637 -0.931683 -1 0.347187 -1 -0.486578 -0.251311 -0.0777108 -0.890996 -1 0.339941 -0.91149 0.185537 -0.677435 0.822808 -0.671557 -0.54409 -0.0956682 -0.647603 -0.822698 0.485595 -0.233141 -0.437795 0.0968094 -0.528365 -0.485931 -0.969812 -0.550263 -0.938096 -0.952513 -1 -1 -0.358019 -0.657571 0.441467 -1 -0.381533 -0.203429 -0.480622 0.0195719 0.479431 -0.404476 -0.65559 0.0802189 -0.427977 -0.0288583 -0.00723916 0.162865 -0.994534 -0.270609 -1 -0.678618 0.251126 -1 
-0.810435 -0.0675828 -0.938755 -0.0582117 -0.446744 -0.238121 -1 -0.234377 -1 -0.70743 -0.34663 0.527238 -0.749234 -0.376694 -1 -1 -0.384733 -0.992005 -1 -0.701742 -0.383672 -0.290416 -0.453733 -1 -0.978151 -0.889016 -0.510497 -0.235991 -1 -0.928014 -0.0273831 -0.965517 -1 -0.988876 -0.947411 -1 -1 -1 -0.826273 -0.419742 0.249455 -0.155501 -1 -1 -0.091533 -0.657511 -0.381609 -0.960275 0.0589088 -1 -0.86387 -0.927098 -0.255089 -1 0.287955 -1 -0.950913 -0.905033 -0.962833 -1 -0.952375 0.239394 -0.628944 -0.463816 -0.153474 -0.168482 -1 -1 0.460748 -0.755378 -1 -1 -0.0626728 -1 -0.805667 -1 -0.594793 -1 -1 -1 -0.817402 -1 -0.0394 -0.542486 -0.505897 -1 -1 0.0517417 -1 -0.607994 -0.207767 -0.488456 -0.976883 -0.991744 0.375223 -0.904316 0.185981 -0.208683 0.394372 -0.889696 -0.217165 0.0238129 -0.392664 -1 0.67044 -0.395722 -0.692198 0.120491 -1 -0.478126 -1 -0.556119 -0.834131 -1 -0.836621 -0.976465 -0.734535 -0.655739 -0.145216 -1 -0.171457 -0.129922 -0.658727 -0.172652 0.37575 -0.370482 -0.603635 0.0621704 -0.529608 0.318358 -0.28287 0.223221 -0.916357 -0.0505814 -0.916125 -0.699988 0.073718 -1 
0.380325 -0.155693 -0.15528 0.0341495 0.509455 -1 0.166148 -0.676418 -0.336576 -0.389025 -0.971338 0.188645 -0.0776271 -0.108691 -0.471291 -0.0202187 0.764324 -0.724605 0.449889 0.436987 0.0450601 0.678274 0.288426 0.0525321 1 0.460204 -0.12797 -0.506327 -0.846217 0.607025 0.430797 0.835761 0.625982 0.67787 -0.981248 0.391086 -0.578221 -0.280175 -0.887698 -0.67765 -0.0423587 -0.576099 -0.093151 -0.158884 0.657624 -0.0892925 0.346428 0.321233 -1 -0.457491 0.0470414 0.267799 -0.911693 0.831809 -0.214399 0.265851 0.665824 0.101329 0.671489 0.54445 -0.233247 -1 -0.866733 0.115636 -0.940962 0.571407 -0.515784 -0.536344 0.467868 -0.875916 0.792985 0.621541 -0.213202 0.824579 0.40112 0.331709 -0.997468 -1 -0.596337 -0.416398 1 -0.608354 -0.373186 -0.526489 -0.67488 0.196317 -0.0789854 -0.882341 0.656279 -0.306373 -0.8404 0.65369 0.511086 -1 -0.57713 0.755926 0.299413 -0.0968463 -0.681622 0.796802 0.471288 0.303378 0.818583 -0.402205 -0.338148 0.626226 0.323234 -0.0773736 -0.880014 0.709992 -1 -0.854932 0.763598 -0.824525 -0.306962 0.514575 0.689106 -0.528526 0.201641 0.200054 0.820511 -0.663562 -0.0427932 0.712645 -0.361842 -0.908623 0.820235 0.0525289 0.753562 0.590331 0.576299 -1 -0.449692 -0.0183489 -0.392573 0.540607 -0.851224 -0.574302 
0.301344 -0.89494 0.648592 0.155889 0.37128 -0.340807 -0.118257 0.355386 -0.628948 0.442955 -1 -0.97694 -0.441592 0.0271083 0.0427707 -0.424415 -0.590901 -0.230821 -0.387128 -0.694173 -0.804032 -0.975292 0.461731 -0.660797 -1 -0.180474 -0.55648 -0.246211 0.0723162 -0.421843 0.428761 -1 -1 -0.31958 -0.548342 0.0338641 0.50982 0.560924 0.55207 -1 0.262271 -0.730981 0.389915 -0.0857137 -1 0.518951 -0.49351 -0.92027 -1 -0.970387 -1 0.025856 -0.638466 -0.952899 -0.906218 0.173202 0.296947 0.0271843 -0.0605367 -0.46239 -0.554714 0.56504 -0.972884 -1 0.170455 -0.723865 -0.794777 0.0571121 -0.374918 -0.652824 -0.610945 0.576476 -0.542397 0.00811383 -0.612429 0.386509 0.88214 0.572806 0.0467197 -1 -0.816443 -1 -0.663499 0.419419 -1 0.471174 -0.797235 -0.570037 -0.308666 -0.911287 0.768377 -0.496386 -0.999326 -0.982057 0.61556 -0.746205 -0.808002 -0.0955316 0.186095 -0.890801 -0.146484 0.291662 0.650929 -0.915345 -0.40609 -1 0.256609 -0.730566 0.139563 -1 0.269717 -0.65147 -1 -0.573526 -0.447468 -1 -1 -0.0124449 0.379641 -0.600504 -0.216171 0.614585 -0.225451 0.335061 0.00553835 -1 -1 -0.906877 0.713924 0.147208 -0.462349 0.129611 -0.727131 -0.574782 0.652308 -1 0.264027 -0.213914 
-1 -1 -0.166498 -0.512641 -1 -0.669824 0.514735 -0.772813 -0.416369 -0.568167 -0.837976 0.504388 0.161111 -0.524227 -0.561011 0.0849064 -0.420267 -0.519497 -0.167124 0.14668 -1 -0.989554 0.610261 -0.0245731 0.480927 -0.0402571 -0.511891 -0.531375 -1 0.246345 -1 0.590014 -0.378456 0.323549 0.193038 -1 -1 -0.674588 -1 -0.462355 0.373445 0.319266 -0.80773 0.0243656 -0.956882 -0.573248 0.672529 -0.347288 0.0228231 -1 -0.384919 0.581151 -0.852746 0.241414 -0.300359 -0.360259 -0.793991 -0.672062 -0.295303 0.0782323 -0.774594 -0.761724 -0.696891 0.941203 -1 0.368854 -0.278956 0.847099 -0.502529 -0.683244 -1 0.410885 -1 -0.778641 0.416278 -0.0355432 0.290932 0.227512 -0.491045 0.743001 -0.322829 -0.985596 -0.822306 0.281982 0.410178 0.176834 -0.90569 0.327631 0.775555 0.0339143 -0.358898 -0.0193342 0.271709 -1 -0.933043 0.000293568 -0.348948 -0.620018 -1 -0.0387292 -0.609078 -1 -1 0.352452 0.0179182 -0.176091 -0.857251 -1 -1 -0.345162 -0.0786707 0.180201 0.754245 -0.933158 -0.99788 -0.191459 0.0635479 -0.644337 -0.512271 -1 -0.892853 -0.315244 0.665803 -1 -0.391749 -0.960588 0.559445 -0.00253025 -0.386118 -0.711356 -0.217965 -0.979371 -1 -1 0.368655 0.472294 -1 -1 
-0.690754 -1 -0.431572 -0.586538 -1 -0.624588 0.326476 -0.961774 -0.453832 -0.729105 -0.990833 0.492884 0.154589 -0.574574 -0.6548 0.133329 -0.359241 -0.677441 -0.234925 0.270213 -1 -1 0.610261 0.105779 0.323968 -0.157728 -0.999632 -0.922101 -1 0.482276 -0.985668 0.349075 -0.356424 0.341783 0.318029 -1 -0.883952 -0.767844 -1 -0.54832 0.482508 0.19726 -0.912356 -0.0791473 -1 -0.829734 0.614022 -0.343766 -0.242882 -1 -0.331662 0.671786 -0.838239 -0.186912 -0.0651307 -0.441728 -1 -0.547191 -0.222564 0.441964 -0.655624 -0.78399 -0.646425 0.876429 -0.888024 0.526582 -0.522241 0.747449 -0.527717 -0.683244 -1 0.78444 -0.607014 -1 0.666457 0.0474629 0.0749561 0.22605 -0.878776 0.742924 -0.284943 -1 -0.805653 0.221574 0.240379 -0.129245 -1 0.161547 0.566429 0.0867817 -0.64081 -0.0816082 0.139844 -1 -0.989601 -0.164868 -0.131939 -0.822599 -1 -0.0282044 -0.657494 -1 -0.704527 0.103463 0.119379 -0.176091 -0.961487 -0.949555 -0.97054 -0.734092 -0.0903778 0.363717 0.384461 -0.956479 -1 -0.318399 0.0294925 -0.393729 -0.634556 -1 -0.98673 -0.287121 0.665803 -0.932771 -0.507532 -1 0.366055 -0.178663 -0.673633 -0.650743 -0.219243 -1 -1 -1 0.297549 0.440799 -0.928645 -1 
-0.700671 -0.117389 -1 0.0488443 -0.0390008 -0.299047 -1 -0.254738 -1 -0.872507 -0.0301291 0.228995 -1 -0.392087 -1 -1 -0.285121 -1 -0.985246 -0.699864 -0.721691 -0.645564 0.211996 -1 -0.983804 -0.903003 -0.23165 -0.238912 -1 -0.996367 -0.405622 -1 -1 -0.884577 -1 -1 -0.995039 -1 -0.827734 -0.425309 0.536959 -0.176306 -0.944379 -1 0.165392 -0.706385 -0.931509 -0.580286 -0.0361887 -1 -1 -1 -0.0540643 -1 0.0673942 -1 -0.969024 -1 -0.938811 -1 -0.810341 0.681979 -0.533647 -0.762481 0.0348157 -0.237791 -1 -0.956936 0.442731 -1 -1 -0.459519 -0.00206743 -0.987339 -0.808272 -0.859995 -0.0593818 -1 -0.996085 -0.901547 -0.728738 -1 -0.0808991 -0.447069 -0.914837 -1 -1 -0.175273 -0.909409 -0.326879 -0.0717479 -0.0635115 -1 -1 0.566934 -1 0.294451 -0.132534 0.541162 -0.884336 -0.59141 0.0212338 -0.500571 -1 0.474908 -0.453493 -0.952358 0.00813293 -0.583062 -0.836168 -1 -0.237033 -0.916763 -0.922269 -1 -1 -0.620221 -0.815767 0.26259 -1 -0.357958 -0.226899 -0.618349 -0.0717442 0.418925 -0.321719 -0.72513 0.0881686 -0.274212 -0.177779 -0.53795 0.215734 -0.826271 -0.0138238 -1 -0.850138 0.22448 -1 
-0.723312 -0.0966255 -1 -0.0210162 -0.400094 -0.177933 -1 -0.243583 -0.970517 -0.786967 -0.00559574 0.347468 -0.878212 -0.549935 -0.924843 -1 -0.661962 -0.886968 -1 -0.752683 -0.446497 -0.406241 -0.0189938 -1 -1 -1 -0.476716 -0.465635 -1 -0.993996 -0.0132903 -0.987602 -0.96217 -1 -1 -0.956777 -1 -1 -0.917358 -0.431595 0.286226 -0.0690879 -0.835714 -0.913463 0.0958777 -0.598447 -0.382071 -0.494006 0.0998635 -0.930747 -0.797632 -0.812253 -0.586226 -0.973708 0.285266 -1 -1 -0.900107 -0.840238 -1 -0.921284 0.473283 -0.861302 -0.827584 -0.357309 -0.108001 -1 -0.987904 0.521448 -0.997166 -0.880328 -0.828812 -0.562678 -0.993186 -0.66351 -1 -0.222704 -1 -1 -1 -0.737776 -1 -0.42665 -0.49553 -0.666535 -1 -0.986691 0.187988 -1 -0.455938 -0.393342 -0.0777108 -0.97989 -0.963734 0.30962 -0.992249 0.229641 -0.561422 0.685675 -0.711158 -0.479465 -0.0725212 -0.871067 -0.769667 0.444176 -0.411524 -0.46921 0.0970427 -0.501022 -0.593831 -1 -0.454604 -0.879584 -1 -1 -1 -0.614195 -0.814438 0.404568 -0.930423 -0.364102 -0.0697058 -0.810056 0.0132866 0.193194 -0.270379 -0.628706 0.112218 -0.344251 -0.00587855 -0.00723916 0.162865 -0.974062 -0.270609 -1 -0.675572 0.136677 -1 
0.298915 -0.882354 0.798144 0.0667095 0.104491 -1 -0.0926663 0.646869 -0.41133 0.085818 -0.869519 -1 -0.725803 0.0470159 -0.228608 -0.19119 -0.897828 -0.287441 -0.226099 -0.898586 -0.773235 -1 0.632703 -0.631087 -1 -0.21836 -0.977374 -0.151935 0.399436 -0.422543 0.0145088 -1 -1 -0.516831 -0.800697 0.7105 0.356706 0.236814 0.429009 -0.636113 0.226793 -1 0.0205618 -0.517738 -1 0.0252368 -0.832938 -1 -1 -1 -1 -0.156941 -0.713358 -1 -1 -0.342168 -0.211818 0.335362 -0.473033 -0.741887 -0.732211 0.960612 -1 -1 0.203093 -1 -0.989007 0.514845 -0.812264 -1 -0.226387 0.34426 -0.387525 -0.58796 -0.596984 0.195419 0.642991 0.470452 -0.891119 -1 -1 -1 -0.959448 -0.0946701 -1 -0.0477969 -1 -1 -0.48808 -1 0.374595 -0.805277 -1 -0.771394 0.194798 -0.534487 -1 0.0523791 -0.311846 -1 -0.162353 0.523361 0.5029 -1 -0.505304 -0.935775 -0.199321 -0.824995 0.092819 -1 -0.0857634 -0.845348 -1 -1 -0.784391 -0.939306 -1 -0.0876144 0.4568 -0.841489 0.527027 -0.0984815 0.0682255 0.938238 -0.164683 -0.910633 -0.947832 -1 0.0851838 -0.115911 -0.828604 0.197428 -0.856623 -0.736224 0.597561 -0.854486 -0.0539148 -0.514686 
0.1629 -0.820857 0.853678 0.155889 0.37128 -0.309336 -0.0505301 0.491089 -0.562183 0.410892 -1 -0.985256 -0.359674 -0.0328155 -0.297879 -0.0192426 -0.417897 -0.341063 -0.169563 -0.764915 -0.833218 -1 0.603406 -0.483583 -1 -0.0291801 -0.689375 -0.0684118 0.0747927 -0.421843 0.556338 -0.988828 -0.959143 -0.189321 -0.570644 0.252943 0.494035 0.514652 0.560588 -0.785095 0.694297 -0.910342 0.349338 -0.0958007 -1 0.685581 -0.395012 -0.995917 -0.943763 -0.930327 -1 0.0291676 -0.784278 -1 -1 0.32444 0.296947 0.0980388 -0.152181 -0.485941 -0.560008 0.806592 -1 -1 0.203854 -0.629637 -0.701721 0.152508 -0.374918 -0.727949 -0.579039 0.61542 -0.542397 -0.118615 -0.767658 0.509971 0.769491 0.537398 -0.161505 -0.947208 -0.904388 -0.97754 -0.663499 0.32741 -0.990121 0.573675 -0.725584 -0.631172 -0.329991 -0.97248 0.904562 -0.329305 -0.983374 -0.770091 0.61556 -0.93812 -0.985214 -0.0201822 0.071623 -0.936241 -0.386809 0.414896 0.659479 -1 -0.292054 -1 0.303217 -0.894517 0.132648 -0.940959 0.178576 -0.68737 -1 -0.675735 -0.452153 -0.971965 -1 -0.0330568 0.438698 -0.564742 0.151231 0.565653 0.00629387 0.331407 0.06994 -0.944078 -1 -0.867968 0.728725 0.292173 -0.301325 0.164439 -0.698806 -0.709865 0.799859 -1 0.229497 -0.185752 
-0.732133 -0.038816 -1 0.288262 0.180666 -0.0178409 -1 -0.284983 -1 -0.902579 -0.095036 0.408233 -0.785013 -0.649503 -1 -0.912497 -0.277237 -1 -0.938417 -0.683792 -0.415408 -0.307888 -0.00594028 -1 -1 -0.833315 -0.173549 -0.223373 -0.782488 -0.947128 -0.280712 -0.885991 -0.96217 -1 -0.981553 -1 -1 -1 -1 -0.384153 0.567538 0.00407609 -0.944379 -0.967267 -0.0513914 -0.559465 -0.256671 -0.583861 0.138994 -1 -0.672863 -0.777738 -0.0506292 -1 0.467383 -0.875115 -0.966968 -0.853731 -0.857481 -1 -0.503898 0.330574 -0.548982 -0.78211 0.0348157 0.165337 -0.994405 -1 0.679057 -0.583383 -0.96949 -0.459519 -0.0942721 -1 -0.508019 -0.739034 -0.222704 -1 -0.922644 -0.991749 -0.946661 -0.910607 -0.00280045 -0.50823 -0.513127 -0.979728 -1 0.317572 -0.956741 -0.222067 0.00966977 -0.190135 -1 -1 0.536459 -1 0.252354 -0.179371 0.706204 -0.784955 -0.305764 0.0842511 -0.382855 -0.776042 0.414768 -0.31936 -0.810909 0.254027 -0.443731 -0.604328 -1 -0.313856 -0.631855 -0.990069 -0.906828 -1 -0.194828 -0.578689 0.473538 -1 -0.370837 -0.265217 -0.572631 0.208865 0.137339 -0.354738 -0.621326 0.204344 -0.291652 0.134649 0.0339323 0.321959 -0.686697 0.132579 -1 -0.73326 0.361317 -0.955339 
-0.54764 -0.072876 -0.991182 0.288262 0.117425 0.00463142 -1 -0.0212903 -0.942101 -0.636929 -0.0113536 0.323715 -0.774349 -0.233816 -1 -0.912497 -0.209655 -0.935469 -0.95245 -0.726279 -0.31795 -0.24804 0.19843 -1 -0.986419 -0.833315 -0.083934 0.015282 -0.782488 -0.839506 0.0714749 -0.873233 -0.96217 -0.92328 -1 -1 -0.996167 -1 -0.927182 -0.384153 0.567538 0.132984 -1 -0.887966 0.0958777 -0.579628 -0.225489 -0.617036 0.196054 -1 -0.633229 -0.750744 -0.102304 -1 0.475821 -0.881457 -1 -0.964138 -0.840238 -1 -0.507148 0.681979 -0.550837 -0.560504 0.0348157 0.124324 -0.769298 -1 0.717457 -0.502356 -0.812386 -0.615061 0.0142312 -1 -0.321477 -0.785445 -0.222704 -1 -0.865378 -0.991749 -0.688618 -1 0.154953 -0.338754 -0.376424 -0.848811 -0.88504 0.347187 -1 -0.139293 -0.0756589 -0.0320613 -1 -0.958735 0.541909 -1 0.353345 -0.220582 0.828705 -0.753981 -0.392907 0.0195552 -0.431355 -0.776042 0.496303 -0.0791982 -0.569442 0.251343 -0.443731 -0.569656 -1 -0.271052 -0.583564 -1 -0.839791 -1 -0.241552 -0.578689 0.437975 -1 -0.22808 -0.132217 -0.46534 0.191797 0.381218 -0.354738 -0.616708 0.124192 -0.296574 0.134649 -0.108016 0.364141 -0.686697 0.132579 -1 -0.720708 0.361317 -0.946106 
-1 0.0609487 -1 0.223326 0.118229 -0.370347 -1 0.0506622 -1 -0.682983 -0.220973 0.124326 -1 -0.318351 -1 -1 -0.433186 -0.936163 -0.989342 -1 -0.59136 -0.459367 -0.153089 -1 -1 -0.779713 -0.377992 -0.348169 -0.827422 -0.633462 0.0238774 -1 -0.969617 -1 -1 -0.9948 -1 -1 -1 -0.334483 0.148222 -0.120186 -0.943945 -0.918298 -0.538313 -0.765988 -0.667402 -0.488189 -0.200652 -1 -0.632298 -1 -0.0238817 -1 0.278291 -0.799086 -0.880312 -0.928326 -0.919354 -1 -0.902312 0.754796 -0.82727 -0.775089 -0.159989 0.0389172 -1 -1 0.416388 -0.692811 -0.764936 -0.549964 -0.253999 -0.961017 -0.305274 -0.932238 -0.26398 -1 -1 -0.955818 -0.989151 -1 0.154953 -0.632245 -0.698935 -0.917391 -0.88027 0.172584 -1 -0.409276 -0.480661 -0.184459 -1 -0.894242 -0.221903 -1 -0.130712 -0.127163 0.687991 -1 -1 -0.447622 -0.394397 -0.882835 0.403008 -0.270086 -0.679415 0.435954 -0.939313 -0.616379 -1 -0.41072 -0.62278 -0.943836 -0.908573 -1 -0.915505 -0.578689 0.37231 -1 -0.473839 -0.443697 -0.68835 -0.027806 -0.29372 -0.354738 -0.85143 0.171769 -0.707174 0.151228 -0.0630577 0.234094 -0.615716 -0.334921 -1 -0.699988 0.116534 -1 
-0.985111 -0.947301 0.0720141 -0.803543 0.77917 -0.283494 -1 -0.500919 -0.909885 -1 -1 -0.906659 0.275726 0.0722045 -0.611512 -0.985417 -1 -0.508857 0.17501 -0.227149 -0.861015 0.0479735 -0.00985196 0.342586 -0.671415 -0.522028 -0.820794 0.567308 -0.344629 -0.748043 0.288077 -0.4019 -0.935481 -0.29208 -0.506176 -1 0.842833 1 -1 0.273931 0.349245 -0.545771 0.381616 -1 0.803167 0.624931 -0.889546 -0.22552 -0.349097 -0.618867 -0.947595 -0.638296 -0.832686 -0.91054 0.564251 -1 -0.679914 -0.363836 -0.172953 -0.931616 -0.158036 0.39488 -0.831009 0.288189 0.631429 -0.273233 -0.998555 0.0964491 -0.310576 -0.00756726 -0.955659 -1 -0.935471 0.0692921 1 0.612479 -1 0.317558 -1 -0.197061 -0.835151 -0.0425093 -0.865911 -1 -0.413617 -0.21041 -0.984475 -0.124464 -1 0.615604 0.505885 -0.330891 0.233126 -0.30426 -0.942095 -0.0329907 -0.0992126 -0.173906 -0.658051 -0.470887 0.126246 -1 0.400186 0.164834 -0.237899 -0.57776 -0.889805 -0.287673 -0.951092 -0.198382 0.612312 -0.266289 0.230599 0.0302634 -0.98518 0.407009 -0.0624931 -0.626922 -0.0862092 -0.893612 -0.893721 0.551259 -0.948837 0.0631994 0.351382 -0.649003 -1 0.293508 0.685942 0.00719975 -0.25617 -0.221412 -1 -1 -0.109529 -1 -0.321489 0.215542 
-0.540489 -0.353459 -1 0.288262 -0.0665091 -0.131551 -0.921232 -0.184184 -1 -0.636929 -0.0488743 0.397206 -0.948447 -0.434619 -1 -1 -0.217476 -1 -1 -0.641318 -0.526758 -0.24804 0.19843 -1 -0.91001 -0.76315 -0.083934 -0.0288754 -1 -1 0.0457652 -0.873233 -1 -0.92328 -0.965923 -1 -1 -0.915091 -0.834908 -0.3622 0.61701 -0.117807 -1 -0.887966 -0.140666 -0.579628 -0.190281 -0.43285 0.0948173 -1 -0.699736 -0.750744 -0.104268 -0.917921 0.574359 -0.882321 -0.972623 -0.861692 -0.777712 -0.993257 -0.831869 0.681979 -0.61951 -0.696956 -0.185994 0.159178 -1 -0.911191 0.782314 -0.70432 -0.993235 -0.47571 0.0142312 -1 -0.51376 -0.823031 -0.245759 -0.911383 -0.975733 -0.968801 -0.799391 -1 -0.0245443 -0.596358 -0.501194 -0.980742 -0.88027 0.347187 -1 -0.26295 -0.200172 -0.0320613 -1 -1 0.541909 -0.940712 0.201281 -0.0281301 0.828705 -0.753981 -0.305764 -0.187428 -0.452883 -0.897946 0.160197 -0.264485 -0.756087 0.320058 -0.471189 -0.485931 -0.979068 -0.271052 -0.778673 -1 -0.973103 -1 -0.254199 -0.680649 0.353376 -1 -0.368454 -0.265827 -0.480622 0.00777107 0.213765 -0.354738 -0.534075 -0.0653938 -0.520455 0.0161009 -0.00723916 0.456809 -0.973872 -0.0517142 -1 -0.956903 0.361317 -1 
-0.703841 -0.038816 -1 0.288262 0.255505 0.00463142 -1 -0.0212903 -0.942101 -0.801525 -0.0113536 0.392672 -1 -0.233816 -1 -0.865289 -0.290201 -1 -1 -0.542127 -0.381682 -0.152372 0.19843 -1 -0.93644 -0.93829 -0.0625686 -0.168027 -0.825129 -0.81322 -0.0885474 -0.873233 -0.96217 -0.92328 -1 -1 -0.962783 -1 -1 -0.384153 0.579133 0.132984 -0.979683 -0.889422 0.0958777 -0.620453 -0.119944 -0.615535 -0.162814 -1 -0.639128 -0.937599 -0.154259 -1 0.475821 -0.941275 -1 -0.861692 -0.918073 -1 -0.462277 0.545255 -0.684227 -0.560504 -0.26792 -0.0204558 -0.861921 -1 0.702311 -0.502356 -0.758055 -0.557038 -0.0825175 -1 -0.305274 -0.776239 -0.330407 -1 -0.777942 -1 -0.686211 -1 0.154953 -0.51101 -0.376424 -0.909707 -0.978955 0.2034 -1 -0.230603 -0.0444674 -0.0320613 -0.980547 -1 0.415225 -1 0.332548 -0.0921513 0.648086 -0.753981 -0.341832 0.00241043 -0.605761 -0.776042 0.496303 -0.066159 -0.592413 0.303274 -0.443731 -0.485931 -1 -0.314901 -0.457137 -1 -0.965428 -1 -0.297521 -0.578689 0.250111 -0.910542 -0.22808 -0.195306 -0.480622 0.0214685 0.0675181 -0.354738 -0.820689 0.124192 -0.521399 0.168197 0.0467926 0.364141 -0.898484 0.0430949 -1 -0.773919 0.426574 -0.874944 
-0.829704 0.47978 -1 0.0236647 -0.97213 0.235223 -0.580796 -1 -0.963253 0.108921 -0.375821 -0.175593 -0.674843 0.28653 -0.46847 0.268612 0.309374 -0.620917 -0.786716 -0.17459 -0.999004 -0.424683 -0.981625 0.299263 0.0661881 -0.980505 -0.916267 -0.797934 0.562448 -1 0.158522 0.271805 -0.661175 0.539451 0.498983 -1 0.324676 -0.477938 -0.806932 0.348922 0.315129 0.534143 0.69507 0.102534 -1 -0.357095 -0.0214425 -0.956623 0.63094 0.413503 -1 0.382146 -0.987491 -0.388882 -0.852147 -0.936356 -0.97477 -0.38933 -1 0.225349 -0.160678 -0.182188 0.415377 -0.639172 -1 0.16915 0.00324627 0.447672 -0.805548 0.340016 -1 -0.446073 -1 -0.0621463 -0.590359 -0.171513 0.329707 -0.676174 -0.676086 -1 -0.178021 -1 -0.158247 -0.935488 -0.70362 -1 -0.690242 0.185336 -0.930495 0.223084 -0.746162 -1 0.315585 -0.395282 0.0021823 -1 -0.0744366 -1 -1 -0.176774 -1 0.0289986 0.330326 -0.68243 0.49813 -0.868571 -1 -1 0.553688 0.376098 -1 0.284125 -0.666716 -0.333596 0.265078 -0.3107 -1 -0.574886 -0.917842 -0.966039 -0.304952 -0.168987 -0.323961 -0.297644 -0.206437 0.646863 -0.103653 -0.906033 -0.188179 -0.996164 -1 -0.119283 0.519971 -0.0203343 -0.0182723 0.570104 -0.416941 -0.177207 
-0.659163 -0.8909 -0.339483 -0.649005 -1 -0.532654 0.838105 -0.467869 -0.477137 -0.532218 -1 -0.135757 0.224947 -0.470492 -0.12937 0.00440407 -0.475211 -0.589607 0.226326 0.072157 -1 -1 0.95244 0.214379 0.387904 -0.392936 -0.930835 -0.350498 -1 0.630624 -0.929427 0.507941 -0.301718 0.0837967 0.438405 -1 -1 -0.606326 -1 -0.476107 0.393386 0.263808 -0.701688 0.193349 -1 -1 0.166703 -0.182115 -0.621962 -1 -0.276279 0.59474 -0.958611 0.463584 -0.10766 -0.105686 -1 -0.8184 -0.403872 -0.0691105 -1 -0.915292 -0.98859 0.605394 -0.973807 0.485521 -0.164027 0.451743 -0.960026 -1 -1 0.27896 -0.825812 -0.592161 0.777012 -0.221051 -0.0203422 0.161218 -0.513643 0.546471 -0.262135 -0.873047 -0.715881 0.344301 0.0768725 -0.214201 -1 0.541282 0.925359 0.150781 -0.519366 0.00330364 0.0758228 -1 -1 -0.0393444 -0.599386 -0.829111 -1 -0.170072 -0.526844 -1 -0.442279 0.0442632 0.15475 -0.316697 -0.885854 -1 -1 -0.467746 -0.539255 -0.17009 0.622146 -0.725759 -1 -0.274506 -0.341276 -0.193494 -0.89614 -1 -0.760643 -0.431748 0.373934 -0.948168 -0.818461 -1 0.679192 -0.204205 -0.509334 -0.951027 -1 -1 -1 -1 0.352271 0.691278 -1 -0.926711 
-0.959061 -0.36484 -1 0.117769 0.0497577 0.125927 -1 -0.0816968 -1 -1 -0.310358 -0.0426354 -1 -0.177627 -1 -1 -0.510625 -1 -1 -0.7829 -0.366127 -0.326534 0.0286461 -0.961024 -1 -0.759653 -0.112869 -0.0880696 -1 -0.806857 0.136115 -0.824274 -1 -0.92328 -1 -0.961463 -1 -1 -1 -0.417066 -0.22101 0.0918918 -0.985022 -0.953072 0.081877 -0.652316 -0.635771 -0.810296 -0.068879 -1 -0.990349 -0.908884 -0.109686 -1 0.412662 -1 -0.940679 -1 -0.975738 -0.878054 -0.507148 0.582183 -1 -0.845719 -0.113898 -0.3162 -0.996441 -1 0.288563 -0.658278 -0.858088 -0.473263 -0.277695 -1 -0.561785 -0.776239 -0.390307 -1 -0.949577 -1 -0.66263 -1 -0.29374 -0.565939 -0.587279 -1 -1 0.23339 -1 -0.435004 -0.193724 -0.370644 -1 -1 0.140127 -0.933074 0.354348 -0.194032 0.448925 -1 -0.219712 -0.0748631 -0.537636 -0.867524 0.207233 -0.442222 -0.779779 0.192983 -0.614578 -0.520254 -0.903499 -0.306682 -0.733344 -1 -1 -1 -0.185999 -0.68768 0.654724 -1 -0.598323 -0.404477 -0.423511 -0.0701083 0.303587 -0.676034 -0.75261 -0.278506 -0.759672 -0.0786154 -0.314889 0.0705181 -0.626557 -0.240332 -1 -0.785492 0.111302 -0.959322 
-0.571813 -0.280037 -0.997649 0.143697 0.255505 -0.0744164 -1 -0.0212903 -0.942101 -0.90692 -0.0489412 0.322009 -0.911523 -0.233816 -1 -1 -0.420082 -0.935469 -0.988037 -0.549731 -0.412588 -0.425393 0.19843 -0.994522 -0.920024 -0.944896 -0.151911 0.015282 -0.785687 -0.687384 0.0457652 -0.842675 -0.972646 -0.976546 -1 -1 -0.996167 -0.999156 -0.834908 -0.30695 0.625196 0.132984 -0.994931 -0.840104 0.0958777 -0.652549 -0.321273 -0.730376 0.148276 -1 -0.773549 -0.981783 -0.219416 -0.948949 0.475821 -0.834321 -1 -0.861692 -0.901273 -1 -0.507148 0.37523 -0.573223 -0.737509 0.0250748 0.126576 -0.712575 -1 0.362124 -0.651538 -0.978771 -0.777791 0.0142312 -1 -0.642937 -0.776239 -0.222704 -0.990066 -0.857729 -1 -0.742667 -0.937867 -0.0856528 -0.48177 -0.418342 -0.834452 -0.848603 0.347187 -1 -0.0889495 -0.188844 -0.18284 -1 -0.894242 0.296628 -1 0.309956 -0.202104 0.578867 -1 -0.322679 0.0195552 -0.451243 -1 0.496303 -0.134873 -0.850212 0.32012 -0.420545 -0.638283 -1 -0.613554 -0.862586 -0.959604 -0.874891 -1 -0.241552 -0.657308 0.249209 -1 -0.42805 -0.0825411 -0.470007 0.180556 0.391251 -0.354738 -0.534075 -0.115143 -0.357686 0.134649 0.0186064 0.479154 -0.795885 -0.127014 -1 -0.848749 0.22275 -1 
-0.523553 -0.0238947 -0.998355 0.133504 0.051267 -0.135048 -0.990119 -0.0670994 -0.957673 -1 -0.556872 0.230815 -1 -0.509726 -1 -1 -0.209655 -0.993219 -0.993378 -0.564249 -0.306136 -0.502063 0.19843 -1 -0.865903 -0.769865 -0.0631248 -0.357477 -0.817513 -0.862374 -0.229686 -1 -1 -1 -1 -1 -0.93085 -0.967039 -1 -0.369348 0.562446 0.0155272 -1 -0.887966 -0.290108 -0.613236 0.0096198 -0.494006 -0.430275 -1 -0.98959 -0.941647 -0.255757 -1 0.0617809 -0.993293 -1 -1 -1 -0.860105 -0.414394 0.324582 -0.627407 -0.850808 -0.0198706 -0.195164 -0.955813 -1 0.775746 -0.498687 -1 -0.453606 -0.579231 -0.984427 -0.418685 -1 -0.113741 -1 -1 -0.942043 -0.809574 -1 -0.271713 -0.601099 -0.672335 -0.987461 -1 0.131685 -1 -0.672934 0.0376169 -0.384746 -1 -0.864865 0.401437 -1 0.174896 -0.431485 0.624064 -0.705588 -0.67265 -0.0436045 -0.612835 -0.938119 0.591573 -0.22813 -0.824403 -0.0297716 -0.680572 -0.774138 -1 -0.189768 -0.96018 -0.875989 -1 -1 -0.26808 -0.507181 0.465153 -1 -0.22808 -0.0473686 -0.557948 0.154846 0.259081 -0.352482 -0.534075 -0.462417 -0.753451 -0.068611 -0.43525 0.110677 -0.899648 -0.0212289 -1 -0.994376 0.0888783 -1 
-0.597623 -0.0238947 -0.998355 0.133504 0.139538 -0.135048 -1 -0.0670994 -0.957673 -0.780048 -0.430755 0.167593 -1 -0.241944 -1 -0.912523 -0.209655 -0.993219 -1 -0.641318 -0.306136 -0.502063 0.19843 -1 -0.920024 -0.833315 -0.0457816 -0.126586 -0.900337 -0.837405 -0.229686 -0.973728 -1 -0.959511 -1 -1 -0.93085 -0.967039 -1 -0.369348 0.562446 0.0155272 -1 -0.887966 -0.117952 -0.613236 -0.0452026 -0.494006 -0.146189 -1 -0.711199 -0.941647 -0.0270765 -1 0.073465 -0.948894 -1 -1 -0.883618 -0.860105 -0.432374 0.350245 -0.627407 -0.850808 -0.0198706 -0.0740356 -0.895827 -1 0.775746 -0.498687 -1 -0.453606 -0.579231 -0.984427 -0.325234 -1 -0.150481 -1 -1 -0.942043 -0.809574 -1 -0.271713 -0.601099 -0.672335 -0.987461 -0.910902 0.131685 -1 -0.498416 0.0376169 -0.134951 -1 -0.864865 0.401437 -0.880927 0.174896 -0.431485 0.624064 -0.741103 -0.67265 -0.0436045 -0.555028 -0.938119 0.491825 -0.22813 -0.745825 -0.0297716 -0.721083 -0.66953 -1 -0.189768 -0.96018 -0.964086 -0.945865 -1 -0.248343 -0.507181 0.465153 -1 -0.22808 -0.0473686 -0.557948 0.154846 0.259081 -0.352482 -0.534075 -0.183698 -0.753451 -0.068611 -0.297302 0.110677 -0.940172 -0.0243854 -1 -0.835424 0.0888783 -0.946106 
-1 -0.038816 -0.987098 0.303477 -0.0496147 0.0700706 -1 -0.275478 -1 -1 -0.814411 0.333235 -0.965636 -0.402574 -1 -1 -0.275174 -0.932382 -1 -0.817705 -0.87083 -0.255184 0.048481 -1 -0.905266 -1 -0.289601 -0.115632 -0.782488 -0.972719 0.0457652 -1 -0.920134 -1 -1 -1 -1 -1 -1 -0.384153 0.561498 0.0548705 -1 -1 0.113235 -0.84407 -0.314613 -0.47575 -0.190372 -0.948489 -1 -0.881025 -0.230689 -1 0.375725 -1 -1 -0.861692 -0.838329 -1 -0.684255 0.462326 -0.529973 -0.890667 -0.288828 0.197422 -1 -1 0.676504 -0.498599 -0.805674 -0.618216 -0.167852 -1 -0.456804 -0.776239 -0.854446 -1 -0.774259 -1 -0.813825 -1 0.0130489 -0.509952 -0.551099 -1 -1 0.437482 -1 -0.279092 -0.312403 -0.0798023 -1 -1 0.377394 -1 -0.42538 -0.17976 0.558417 -1 -0.358051 -0.265956 -0.405688 -1 0.0899438 -0.118741 -0.503212 0.220273 -0.470634 -0.812814 -1 -0.495111 -0.734027 -1 -0.977397 -0.98855 -0.461927 -0.517138 0.128328 -0.954286 -0.372276 -0.278175 -0.87523 0.208751 0.438299 -0.619316 -0.626855 -0.0509909 -0.308167 -0.13725 -0.120563 -0.207166 -0.694978 -0.0773339 -0.914955 -0.715506 0.361317 -1 
0.301344 -0.789882 0.756578 0.155889 0.37128 -0.340807 -0.0171715 0.540518 -0.525647 0.442955 -1 -0.97694 -0.374334 0.0145116 -0.0132189 -0.211517 -0.338374 -0.230821 -0.172973 -0.694173 -0.833218 -0.975292 0.461731 -0.435035 -1 0.0485621 -0.64982 0.0440095 0.0723162 -0.421843 0.556338 -1 -1 -0.282798 -0.570644 0.25503 0.558093 0.560924 0.55207 -0.900313 0.536345 -0.730981 0.349338 -0.0857137 -1 0.692459 -0.49351 -0.92027 -1 -0.930327 -1 0.025856 -0.638466 -0.952899 -1 0.173202 0.296947 0.177872 -0.0605367 -0.542217 -0.554714 0.822023 -1 -1 0.180252 -0.723865 -0.745227 0.349001 -0.374918 -0.652824 -0.610945 0.497893 -0.542397 0.00811383 -0.612429 0.386509 0.88214 0.572806 0.0467197 -0.941917 -0.868829 -1 -0.663499 0.470296 -0.990121 0.696531 -0.713684 -0.570037 -0.308666 -1 0.768377 -0.329305 -0.999326 -0.765272 0.61556 -0.735152 -0.807892 0.0840522 0.186095 -0.801369 -0.146484 0.291662 0.566052 -1 -0.212564 -0.955462 0.256609 -0.730566 0.139563 -0.971336 0.269717 -0.694967 -1 -0.646706 -0.447468 -1 -1 -0.0373093 0.379641 -0.600504 0.0778472 0.614585 -0.0291295 0.331407 0.00553835 -0.830496 -1 -0.906877 0.728725 0.273907 -0.450674 0.129611 -0.727131 -0.574782 0.706693 -1 0.229497 -0.213914 
-0.448793 -0.038816 -1 0.0653526 0.255505 0.00463142 -1 -0.216311 -1 -0.636929 0.0300803 0.254964 -0.774349 -0.452665 -1 -1 -0.206032 -0.935469 -1 -0.759371 -0.31795 -0.388831 0.0828637 -1 -0.914696 -0.833315 -0.14799 0.0326716 -0.772437 -0.999184 -0.0883492 -0.860327 -1 -0.958006 -1 -1 -1 -1 -0.834908 -0.299766 0.378855 0.0535655 -0.944379 -0.887966 0.0756975 -0.571512 -0.119944 -0.494006 -0.086422 -1 -0.633229 -0.6937 -0.0270765 -1 0.180426 -1 -1 -0.861692 -1 -0.98557 -0.472468 0.681979 -0.896365 -0.858602 -0.039543 0.0481639 -0.944425 -1 0.702311 -0.583811 -0.787487 -0.432574 0.0329936 -1 -0.305274 -0.776239 -0.222704 -0.949843 -0.762296 -0.991749 -0.686211 -1 -0.0910517 -0.415635 -0.47884 -0.899054 -0.786334 0.249265 -1 -0.345914 -0.0471242 -0.0320613 -1 -0.8835 0.541909 -1 0.361532 -0.373051 0.828705 -0.753981 -0.442404 -0.263882 -0.436225 -0.780409 0.196392 -0.173881 -0.457272 0.113309 -0.723465 -0.485931 -1 -0.532072 -0.583564 -1 -0.833996 -1 -0.241552 -0.667252 0.461787 -1 -0.22808 -0.0431123 -0.654822 0.275248 0.366356 -0.501817 -0.534075 0.0720547 -0.291652 0.134649 -0.0819756 0.027316 -0.831294 0.132579 -1 -0.978673 0.335263 -1 
-0.864358 0.0298396 -1 0.259696 -0.0431398 -0.0296344 -1 -0.0212903 -1 -0.636929 -0.0113536 0.440404 -0.763766 -0.575864 -1 -0.941245 -0.437179 -0.956397 -1 -0.641318 -0.368009 -0.59209 0.0223799 -1 -1 -1 -0.083934 0.0259198 -0.953289 -0.730734 0.0818745 -0.873233 -1 -0.92328 -1 -1 -1 -1 -1 -0.316556 0.567538 0.132984 -0.876731 -0.789798 0.0958777 -0.800898 -0.293918 -0.494006 0.217803 -0.900269 -0.711257 -0.71691 -0.145059 -1 0.418423 -0.991374 -0.94168 -0.980169 -0.804617 -1 -0.702102 0.681979 -0.550837 -0.560504 -0.0706036 -0.084359 -0.884946 -1 0.58801 -0.753831 -0.845103 -0.468482 0.0152602 -1 -0.305274 -0.783715 -0.304631 -1 -0.917951 -0.990493 -0.686211 -1 0.154953 -0.373246 -0.421744 -0.848811 -0.88027 0.35247 -1 -0.147878 0.00966977 -0.00558396 -1 -1 0.517971 -0.937684 0.353345 -0.288084 0.828705 -0.753981 -0.446764 0.0195552 -0.647603 -0.776042 0.496303 -0.110198 -0.512841 0.0678252 -0.443731 -0.485931 -1 -0.46648 -0.799518 -1 -0.852607 -1 -0.358019 -0.582993 0.378871 -1 -0.344373 -0.0732683 -0.486915 0.191797 0.366873 -0.270379 -0.534075 0.0419579 -0.291652 0.101305 -0.112609 0.23794 -0.975771 -0.04905 -1 -0.747692 0.361317 -0.946106 
-0.699202 -0.038816 -1 0.288262 0.255505 -0.00293199 -1 -0.00305616 -0.942101 -0.826801 -0.048013 0.42613 -0.90656 -0.304414 -0.960869 -0.912497 -0.209655 -0.935469 -0.942391 -0.610541 -0.31795 -0.29978 0.19843 -1 -0.917613 -0.864804 -0.136734 0.015282 -0.861514 -0.792584 -0.033255 -0.980481 -0.980919 -0.89856 -0.982894 -1 -1 -1 -0.798185 -0.384153 0.567538 0.132984 -0.944379 -0.992776 0.182987 -0.613157 -0.130267 -0.54882 0.148276 -1 -0.606468 -0.74921 -0.17251 -1 0.21405 -1 -1 -0.885306 -0.840238 -1 -0.514096 0.681979 -0.550837 -0.540973 0.0348157 0.0444023 -0.737875 -1 0.714734 -0.568351 -1 -0.498828 0.0142312 -1 -0.360731 -0.84602 -0.222704 -1 -0.777942 -1 -0.746396 -0.976116 0.154953 -0.391815 -0.376424 -0.997616 -0.88027 0.347187 -1 -0.139293 0.00966977 -0.0320613 -1 -0.894242 0.541909 -1 0.320348 -0.216242 0.851279 -0.77168 -0.305764 -0.00868683 -0.431355 -0.91277 0.496303 -0.118299 -0.546103 0.209844 -0.443731 -0.618996 -0.994665 -0.218843 -0.612483 -1 -0.825035 -1 -0.241552 -0.578689 0.461787 -1 -0.22808 -0.208732 -0.480622 0.172553 0.325575 -0.354738 -0.534075 0.172375 -0.291652 0.033211 -0.00723916 0.364141 -0.637481 0.132579 -0.99469 -0.990604 0.1316 -1 
-0.47391 -0.896437 0.128827 -0.274052 0.0432457 -0.46006 0.199664 0.817967 -0.225588 0.585926 -1 -1 -0.490822 -0.395207 0.240301 -0.0961787 -0.909696 -0.173442 -0.145871 -0.577382 -0.605476 -0.869171 0.823558 -1 -1 0.142543 -0.889152 -0.441079 -0.050785 -0.545053 0.00136857 -1 -0.828374 -0.352776 -0.432229 -0.427759 0.587321 0.19485 0.066238 -0.914997 0.0818166 -1 0.167241 -0.960011 -0.954392 0.417888 -0.689865 -1 -0.468287 -1 -1 -0.160562 -0.719558 -1 -1 -0.377362 0.496563 -0.101581 -0.231705 -1 -0.332162 0.669992 -1 -1 0.413623 -0.92866 -1 0.491055 -0.134836 -0.622503 -0.01284 -0.0920233 -0.762468 -0.0162045 -0.713246 0.353471 0.715023 0.3983 -0.415036 -1 -0.993214 -0.980395 -0.72391 -0.129468 -1 0.309867 -0.859624 -0.973643 -0.315796 -0.873321 0.62766 -0.56218 -0.925279 -0.77891 0.19236 -0.621778 -0.839721 0.161721 -0.126608 -1 -0.836058 0.266619 0.690027 -0.894634 -0.354911 -1 -0.0746792 -0.625208 0.472336 -0.965178 0.380204 -0.629057 -1 -0.530023 -1 -1 -1 -0.374414 0.479215 -0.864332 0.370862 0.256752 -0.117412 0.920063 -0.0863845 -1 -1 -1 0.469296 0.055339 -0.74298 -0.126625 -0.602347 -1 0.570858 -0.870767 0.182993 -0.478396 
-0.54764 -0.343729 -1 0.288262 0.236921 0.0570163 -1 -0.318407 -1 -0.542098 -0.682734 0.2026 -0.703256 -0.532854 -1 -0.896144 -0.379832 -0.953614 -1 -0.913183 -0.693723 -0.510458 -0.0780744 -0.969389 -1 -0.973106 -0.250584 0.092362 -1 -0.876547 -0.0892514 -0.906016 -0.944325 -0.985634 -1 -1 -1 -1 -0.960637 -0.496539 0.505669 -0.0957023 -0.949856 -0.924891 0.0758661 -0.959878 -0.266896 -0.77568 -0.165321 -1 -0.600505 -0.954016 -0.272063 -1 0.425376 -0.974304 -0.962315 -1 -1 -1 -0.734251 0.727888 -0.550837 -0.561691 -0.0792386 0.186094 -0.828513 -1 0.594912 -0.80845 -1 -0.695399 -0.521591 -1 -0.394926 -0.898833 -0.38793 -0.93844 -1 -0.991749 -0.72144 -0.932376 -0.140648 -0.931837 -0.641176 -0.949711 -1 -0.058111 -1 -0.349212 -0.0663511 -0.416737 -1 -1 0.135502 -0.974904 0.426331 -0.0613668 0.902912 -0.704116 -0.71736 -0.2031 -0.565879 -1 0.545716 -0.418733 -0.798634 0.289175 -0.751842 -0.584846 -0.998383 -0.555904 -0.653554 -1 -0.933687 -1 -0.456586 -0.470431 0.255981 -1 -0.353489 -0.145531 -0.800369 0.132416 0.149581 -0.579675 -0.656495 0.11632 -0.447444 0.0224055 -0.267663 0.309279 -0.944349 0.100162 -1 -0.784654 0.356505 -1 
-0.744232 -0.038816 -0.913139 -0.134207 0.0785578 -0.0537487 -0.947197 -0.120697 -0.942101 -0.636321 -0.29236 0.350201 -0.821735 -0.484377 -1 -1 -0.209655 -1 -1 -0.905818 -0.347094 -0.24804 0.19843 -1 -0.897428 -0.833315 -0.306152 0.015282 -1 -0.932531 0.100419 -0.910622 -1 -1 -0.975167 -1 -0.996167 -1 -1 -0.622767 0.273049 0.133965 -1 -0.887966 0.00122675 -0.720181 -0.250573 -0.760774 -0.123063 -1 -0.728411 -0.750744 -0.508726 -1 0.385859 -0.881457 -1 -0.861692 -0.936977 -1 -0.648795 0.681979 -0.648316 -0.559517 -0.408969 -0.121258 -0.792724 -1 0.207967 -0.759564 -0.938353 -0.701034 0.113426 -1 -0.506964 -0.973135 -0.513331 -1 -0.777942 -1 -0.775662 -1 -0.132069 -0.775928 -0.376424 -1 -0.88027 -0.142281 -1 -0.517413 -0.117246 -0.0320613 -1 -1 0.541909 -0.932458 0.317204 -0.321177 0.464592 -0.706002 -0.748149 0.0195552 -0.800085 -1 0.351156 -0.242515 -0.754818 0.25951 -0.69397 -0.485931 -1 -0.609148 -0.583564 -1 -0.825035 -1 -0.30777 -0.818426 0.511177 -1 -0.182662 -0.372325 -0.493724 0.107498 0.299384 -0.601255 -1 0.0271766 -0.580024 -0.00324437 -0.170104 0.322492 -0.857863 -0.405285 -1 -0.699988 0.41917 -0.963106 
-0.605552 -0.102935 -1 0.205087 0.147431 -0.123241 -0.923086 -0.252133 -1 -0.645703 -0.0846425 0.47026 -0.971807 -0.499302 -1 -1 -0.19414 -0.90316 -1 -0.624548 -0.575925 -0.444157 0.00921515 -1 -0.961385 -0.894805 -0.440773 -0.107701 -1 -0.792654 -0.257435 -0.982866 -1 -0.982573 -1 -1 -1 -1 -0.912725 -0.645383 0.560365 -0.415886 -0.965974 -0.864284 -0.340307 -0.914291 -0.119944 -0.644301 0.148276 -0.96225 -0.673939 -0.750744 -0.16263 -1 0.319372 -0.984918 -1 -1 -0.920431 -1 -0.579634 0.555182 -0.550837 -1 0.0348157 -0.0700698 -1 -0.99931 0.557336 -0.865532 -1 -0.546861 -0.153076 -1 -0.640738 -1 -0.304613 -1 -0.777942 -0.991749 -0.632584 -1 0.144681 -0.371915 -0.600536 -1 -0.87698 0.213714 -1 -0.318695 -0.229351 -0.0172369 -1 -0.827312 0.343023 -0.963596 0.238892 -0.33374 0.449759 -1 -0.560176 -0.330291 -0.470339 -0.937625 0.176148 -0.146249 -0.462155 0.114623 -0.404219 -0.37547 -1 -1 -0.538067 -0.959963 -1 -1 -0.241552 -0.653525 0.507667 -1 -0.197423 -0.366638 -0.945369 0.120341 0.0732804 -0.373603 -0.667907 0.062273 -0.322035 -0.100868 -0.104207 0.255705 -1 0.0964077 -1 -0.773595 0.276037 -1 
-0.727572 -0.163635 -1 0.0807175 0.210105 -0.309438 -1 -0.510037 -0.942101 -0.591706 -0.0113536 0.272134 -0.997483 -0.309929 -1 -1 -0.180496 -1 -1 -0.860463 -0.34751 -0.200667 0.0243588 -1 -0.923323 -1 -0.174269 -0.126607 -1 -0.787339 -0.165135 -0.889843 -1 -0.971548 -1 -0.880342 -1 -0.996952 -1 -0.40603 0.515294 0.132984 -1 -0.96869 -0.0529317 -1 -0.395168 -0.578849 0.148276 -0.947079 -0.633229 -0.804939 -0.199902 -1 0.322414 -0.881457 -1 -0.882065 -0.840238 -0.98557 -0.433412 0.450218 -0.677835 -0.642178 0.0348157 0.124324 -0.91876 -1 0.533952 -0.671651 -0.802643 -0.490499 -0.0420739 -1 -0.370196 -0.876002 -0.295754 -1 -0.777942 -1 -0.810368 -1 0.136989 -0.602561 -0.354678 -0.913371 -1 0.299441 -1 -0.37304 0.0554525 -0.0320613 -1 -0.839749 0.338443 -0.884976 -0.0691618 -0.274133 0.828705 -0.763229 -0.305764 -0.231988 -0.65633 -0.872752 0.496303 -0.110915 -0.707356 0.221268 -0.778321 -0.708278 -1 -0.434796 -0.583564 -0.973814 -0.944105 -0.922747 -0.241552 -0.575725 0.0819534 -1 -0.334092 -0.232208 -0.480622 0.00533069 0.291651 -0.435136 -0.534075 -0.0752103 -0.440343 0.134649 0.00960202 0.297808 -0.778181 0.019231 -1 -0.621036 0.394251 -1 
-0.605603 -0.038816 -1 0.288262 0.296841 -0.104205 -1 -0.0452271 -1 -0.621079 -0.0746372 0.374699 -0.7398 -0.273547 -1 -0.8681 -0.209655 -0.935469 -1 -0.607628 -0.434763 -0.24804 0.19843 -0.9992 -1 -1 -0.083934 0.015282 -0.835948 -0.730734 0.0457652 -0.873233 -0.96217 -1 -1 -0.975918 -0.996167 -1 -0.92719 -0.384153 0.617043 0.132984 -0.944379 -0.893724 0.040387 -0.649132 -0.119944 -0.631071 0.0285073 -0.971062 -0.633229 -0.750744 0.0151317 -1 0.475821 -0.846372 -0.980203 -0.861692 -0.840238 -1 -0.561945 0.545038 -0.620473 -0.607344 0.0348157 0.124324 -0.912089 -1 0.702311 -0.502356 -0.759351 -0.459519 -0.106435 -1 -0.270048 -0.853765 -0.222704 -1 -0.777942 -0.991749 -0.823734 -1 0.131248 -0.392085 -0.376424 -0.848811 -1 0.278606 -1 -0.139293 0.00966977 -0.126834 -1 -0.894242 0.541909 -0.940712 0.272369 -0.118861 0.828705 -0.753981 -0.365662 -0.0141189 -0.431355 -0.776042 0.521711 -0.0791982 -0.660883 0.303274 -0.443731 -0.451662 -1 -0.271052 -0.583564 -1 -0.825035 -1 -0.241552 -0.578689 0.476063 -1 -0.22808 -0.053637 -0.471438 0.140908 0.302843 -0.510621 -0.535318 0.124192 -0.291652 0.134649 -0.00723916 0.364141 -0.702424 0.132579 -1 -0.810555 0.361317 -0.960259 
-0.54764 -0.038816 -1 0.288262 0.255505 0.00463142 -1 -0.0212903 -0.942101 -0.636929 -0.0113536 0.392672 -0.774349 -0.233816 -1 -0.912497 -0.209655 -0.935469 -1 -0.641318 -0.31795 -0.24804 0.19843 -1 -0.920024 -0.833315 -0.083934 0.015282 -0.782488 -0.730734 0.0457652 -0.873233 -0.96217 -0.92328 -1 -1 -0.996167 -1 -0.834908 -0.384153 0.567538 0.132984 -0.944379 -0.887966 0.0958777 -0.579628 -0.119944 -0.494006 0.148276 -1 -0.633229 -0.750744 -0.0270765 -1 0.475821 -0.881457 -1 -0.861692 -0.840238 -0.98557 -0.507148 0.681979 -0.550837 -0.560504 0.0348157 0.124324 -0.786439 -1 0.702311 -0.502356 -0.805674 -0.459519 0.0142312 -1 -0.305274 -0.776239 -0.222704 -1 -0.777942 -0.991749 -0.686211 -1 0.154953 -0.338754 -0.376424 -0.848811 -0.88027 0.347187 -1 -0.139293 0.00966977 -0.0320613 -1 -0.894242 0.541909 -0.940712 0.353345 -0.118861 0.828705 -0.753981 -0.305764 0.0195552 -0.431355 -0.776042 0.496303 -0.0791982 -0.512841 0.303274 -0.443731 -0.485931 -1 -0.271052 -0.583564 -1 -0.825035 -1 -0.241552 -0.578689 0.461787 -1 -0.22808 -0.0732683 -0.480622 0.191797 0.366873 -0.354738 -0.534075 0.124192 -0.291652 0.134649 -0.00723916 0.364141 -0.686697 0.132579 -1 -0.699988 0.361317 -0.946106 
-0.674691 -0.111937 -0.993923 0.288262 0.249685 0.00463142 -1 -0.174409 -0.942101 -0.636929 -0.0113536 0.392672 -0.774349 -0.233816 -1 -0.912497 -0.209655 -0.989588 -1 -0.641318 -0.31795 -0.202821 0.11528 -1 -0.920024 -0.833315 -0.212435 0.015282 -0.73326 -0.730734 0.0597984 -0.928207 -0.989711 -1 -1 -1 -1 -1 -0.834908 -0.408515 0.610869 0.0629073 -0.944379 -0.887966 0.0958777 -0.579628 -0.119944 -0.494006 0.148276 -1 -0.633229 -0.801746 -0.0270765 -1 0.347171 -0.881457 -1 -0.861692 -0.840238 -0.936729 -0.507148 0.671652 -0.601097 -0.560504 -0.0684448 0.0468675 -0.786439 -1 0.702311 -0.502356 -0.805674 -0.459519 0.0146705 -1 -0.345068 -0.776239 -0.222704 -1 -0.777942 -0.991749 -0.686211 -1 0.136144 -0.338754 -0.376424 -0.848811 -0.88027 0.347187 -0.984144 -0.104804 -0.13967 -0.0320613 -1 -0.894242 0.541909 -0.940712 0.353345 -0.118861 0.828705 -0.753981 -0.305764 0.0195552 -0.431355 -0.776042 0.496303 -0.0791982 -0.621453 0.303274 -0.443731 -0.485931 -0.987994 -0.232972 -0.589376 -1 -0.805574 -1 -0.241552 -0.578689 0.461787 -1 -0.22808 -0.0732683 -0.480622 0.191797 0.366873 -0.354738 -0.534075 0.124192 -0.291652 0.0206077 -0.00723916 0.360216 -0.686697 0.00833738 -1 -0.699988 0.375003 -0.946106 
-0.569943 -0.354449 -1 0.31676 0.131136 -0.118527 -0.947671 -0.387421 -1 -0.889455 -0.337807 0.234461 -0.882605 -0.359578 -0.956834 -1 -0.44187 -1 -1 -0.853569 -0.656742 -1 -0.166401 -0.940783 -1 -0.833315 -0.665227 0.10419 -0.948659 -0.799361 -0.423018 -1 -0.976929 -1 -1 -0.996977 -1 -1 -0.804257 -0.835872 0.272015 0.186851 -0.900088 -0.905965 -0.022371 -0.930708 -0.574605 -0.626622 -0.0913371 -0.957401 -0.857918 -0.84133 -0.278253 -1 0.0985901 -1 -0.982082 -1 -1 -0.942049 -0.659359 0.629336 -0.504754 -0.761411 -0.24168 0.020258 -0.63822 -1 0.529528 -0.543237 -1 -0.373465 -0.135734 -1 -0.4238 -0.928724 -0.84788 -1 -0.96704 -1 -1 -1 0.0820082 -0.684979 -0.856105 -0.936051 -1 0.12727 -1 -0.202795 -0.18742 -0.194758 -1 -1 0.12099 -1 0.282814 -0.430083 0.705469 -0.753981 -0.500657 -0.308868 -0.623631 -1 0.272222 -0.332301 -1 0.292137 -0.843898 -0.605898 -1 -0.725537 -0.599803 -0.983612 -0.968406 -0.998342 -0.482307 -0.850636 0.113131 -0.919246 -0.77976 -0.149283 -1 0.0739041 0.167402 -0.354738 -0.980774 -0.162056 -0.256856 -0.135603 -0.346352 0.33996 -1 -0.0784686 -0.860951 -0.980551 -0.0965382 -1 
-0.67911 -0.266383 -1 0.288262 0.255505 0.0465571 -1 -0.370743 -0.942101 -0.808012 -0.141292 0.247816 -0.927036 -0.376784 -0.94107 -0.912497 -0.318689 -0.935469 -0.943336 -0.786174 -0.556492 -0.362509 0.157202 -1 -0.920024 -0.784465 0.0369911 -0.119121 -0.925657 -0.724675 0.0457652 -0.873233 -1 -0.94971 -1 -1 -0.958469 -1 -0.834908 -0.656971 0.479745 0.037472 -1 -0.870337 0.01785 -0.579628 -0.285329 -0.480715 -0.0489265 -1 -0.848666 -0.797984 -0.0270765 -1 0.239217 -0.881457 -1 -0.821337 -0.851975 -0.98557 -0.507148 0.501173 -0.550837 -0.560504 -0.149608 -0.112244 -0.786439 -1 0.29271 -0.590892 -1 -0.459519 -0.31197 -1 -0.433489 -0.992751 -0.244512 -1 -0.917537 -1 -0.641035 -1 0.233619 -0.687276 -0.376424 -1 -1 0.392384 -1 -0.295445 -0.0148223 -0.10011 -1 -0.835872 0.397948 -1 0.353345 -0.321074 0.478918 -0.722656 -0.632679 -0.132364 -0.431355 -0.826892 0.294034 -0.0405642 -0.449562 0.144187 -0.548771 -0.754013 -0.948296 -0.46203 -0.781524 -0.915803 -0.825035 -1 -0.241552 -0.594902 0.461787 -1 -0.283273 -0.346775 -0.75597 0.260802 0.157595 -0.399102 -0.500156 0.0200636 -0.291652 0.134649 -0.0778885 0.364141 -1 0.0826066 -1 -0.699988 0.371033 -1 
-0.582327 -0.563327 -1 -0.00975378 0.1375 -0.206242 -0.947671 -0.287653 -1 -0.911285 -0.11342 0.231334 -0.954344 -0.573245 -1 -0.878636 -0.362444 -1 -1 -0.768531 -0.966875 -0.854459 0.0588998 -1 -1 -1 -0.522076 -0.344648 -1 -0.749828 -0.22162 -1 -1 -1 -1 -1 -1 -1 -0.766176 -0.613528 0.355961 -0.130406 -1 -1 0.138155 -1 -0.563571 -0.692335 -0.186795 -1 -0.857918 -0.934138 -0.367336 -1 0.361014 -0.936905 -1 -1 -1 -1 -0.782904 0.473565 -0.504754 -0.682742 -0.153227 -0.12522 -0.719324 -1 0.742954 -0.543237 -1 -0.731014 -0.227172 -1 -0.263491 -1 -0.54181 -1 -0.729803 -1 -1 -1 0.129765 -0.819242 -0.822849 -1 -1 0.0397784 -1 -0.145028 -0.351144 -0.106209 -1 -0.891075 0.157546 -0.98392 0.0175448 -0.463154 0.421422 -0.753981 -0.205474 0.0815939 -0.681729 -1 0.318707 -0.365176 -1 0.0791535 -0.780069 -0.693099 -0.994525 -0.656567 -0.673206 -1 -1 -1 -0.348247 -0.686254 0.303053 -1 -0.74716 -0.330796 -0.620461 8.86619e-05 0.0941816 -0.425781 -0.86363 -0.204322 -0.457571 0.0169344 -0.411622 0.215717 -1 -0.214474 -1 -1 0.0870969 -0.969656 
-0.494427 -0.0190003 -1 0.243114 0.00261092 -0.32642 -0.887247 -0.353454 -0.928526 -0.62662 -0.389166 0.520749 -1 -0.453444 -1 -1 -0.185426 -0.945349 -1 -0.673837 -0.557259 -0.497977 0.0597376 -1 -0.98211 -0.833315 0.00329038 -0.327504 -0.924973 -1 -0.231637 -0.970864 -0.978712 -0.969222 -1 -1 -0.946122 -0.914418 -0.880251 -0.427256 0.627699 0.0528457 -1 -1 -0.0754583 -0.810857 -0.50523 -0.603621 -0.00777049 -0.993248 -0.802187 -0.884584 -0.137594 -1 0.31919 -0.940743 -1 -1 -0.848645 -1 -0.946001 0.768925 -0.917069 -0.76355 -0.562183 -0.192653 -0.829067 -1 0.52051 -0.547401 -0.82685 -0.87298 -0.378731 -1 -0.60226 -0.970253 -0.49214 -1 -0.792814 -1 -0.90157 -0.98569 -0.0758894 -0.536341 -0.522268 -1 -0.955008 0.299156 -1 -0.275816 -0.268034 -0.188114 -1 -0.773502 0.333998 -0.896667 -0.0683465 -0.518888 0.828705 -0.890247 -0.571341 -0.0834602 -0.539267 -0.998514 0.496303 -0.137282 -0.512841 -0.0346001 -0.659881 -0.526111 -1 -0.390165 -0.983691 -0.94326 -1 -1 -0.41385 -0.8791 0.364669 -1 -0.243932 -0.317823 -0.716409 0.128798 -0.0235508 -0.633687 -0.550124 0.124192 -0.388127 0.134649 -0.149271 0.294104 -0.776486 -0.288472 -1 -0.67051 0.350822 -1 
-0.250841 -0.946235 0.649951 -0.325313 -0.227291 -0.46184 0.000913382 0.681852 -0.164217 0.528959 -0.99787 -1 -0.439633 -0.227295 0.123085 -0.113121 -0.708564 -0.191522 0.0399829 -0.857949 -0.691594 -1 0.302961 -1 -0.957612 0.0846871 -1 -0.224306 0.267304 -0.410567 0.235276 -1 -1 -0.388361 -0.631277 -0.250237 0.712876 0.282261 0.25752 -0.687534 0.248964 -1 0.318097 -0.625916 -0.917212 0.499323 -0.351251 -1 -0.45374 -1 -1 -0.413965 -0.585622 -0.923122 -1 -0.07436 -0.100886 -0.24516 -0.0691481 -0.823712 -0.493898 0.735087 -1 -1 0.393748 -0.642729 -1 0.192936 -0.0235742 -0.791606 0.187295 0.257477 -0.903353 0.244765 -0.694088 0.303498 0.693456 0.209832 -0.605955 -1 -1 -1 -0.927062 0.363631 -1 0.176952 -0.619027 -0.823608 -0.095714 -0.985203 0.405672 -0.542176 -1 -0.760543 0.13626 -0.609583 -0.787181 0.457662 0.00329169 -1 -0.657146 0.346666 0.608779 -1 -0.628029 -0.947161 -0.117922 -0.68384 0.459882 -1 -0.00204848 -0.783221 -1 -0.817304 -1 -0.962332 -0.901925 -0.565636 0.601914 -0.866584 0.433135 0.405333 -0.268371 0.732756 0.143045 -1 -1 -1 0.144657 0.330927 -0.549954 -0.118962 -0.80326 -1 0.95436 -0.925825 -0.18358 -0.335743 
-0.54764 -0.0459155 -1 0.258634 0.255505 -0.105108 -1 -0.0212903 -1 -0.636929 -0.0113536 0.376008 -1 -0.268822 -0.95881 -0.95883 -0.209655 -0.935469 -1 -0.641318 -0.608605 -0.24804 0.216414 -1 -1 -0.849866 -0.083934 -0.148378 -0.927421 -0.730734 0.0457652 -0.873233 -0.96217 -0.872554 -0.970599 -1 -1 -1 -0.990921 -0.384153 0.567538 0.132984 -0.944379 -0.887966 0.0958777 -0.62995 -0.265194 -0.494006 -0.00261621 -1 -0.698807 -0.750744 -0.0400991 -1 0.475821 -0.881457 -1 -0.861692 -0.837902 -0.98557 -0.473792 0.612251 -0.539549 -0.668942 -0.0187532 0.0798948 -0.738711 -0.996339 0.694554 -0.502356 -0.805674 -0.564791 0.0311446 -1 -0.31304 -0.776239 -0.236093 -0.96662 -0.777942 -0.991749 -0.853292 -1 0.106361 -0.49613 -0.487007 -0.848811 -0.992969 0.324351 -1 -0.144663 0.00966977 -0.0119792 -1 -0.894242 0.541909 -0.970251 0.353345 -0.0712533 0.828705 -0.876807 -0.308726 0.0195552 -0.536743 -0.876286 0.42859 -0.0791982 -0.571079 0.303274 -0.397307 -0.626269 -1 -0.271052 -0.583564 -0.991287 -0.85655 -1 -0.315053 -0.760048 0.325597 -1 -0.375972 -0.0732683 -0.480622 0.0535748 0.339686 -0.363996 -0.483317 0.124192 -0.291652 0.134649 0.0197457 0.364141 -0.786495 0.149198 -1 -0.714467 0.361317 -0.95159 
-0.342071 -1 0.688105 -0.655204 -0.134072 -0.817781 0.0161151 0.419011 -0.207121 0.642132 -1 -1 -0.528032 -0.0687534 0.259293 -0.0594897 -0.708564 -0.13961 -0.141546 -1 -0.728346 -0.95839 0.504011 -0.967562 -1 -0.292675 -1 -0.373145 -0.212788 -0.326024 0.237508 -0.984991 -1 -0.350685 -0.641238 -0.198196 0.81943 0.330181 0.0223407 -1 0.220128 -1 0.190606 -0.8643 -1 0.461794 -0.318377 -1 -0.493317 -0.864457 -1 -0.341642 -0.948835 -1 -0.923299 -0.298078 -0.263915 -0.509061 -0.669413 -0.779977 -0.668212 0.703252 -0.979378 -0.938011 0.411426 -0.521594 -1 0.169116 -0.0235742 -0.678804 -0.224635 -0.0446787 -0.854307 0.0398991 -1 0.29696 0.387583 0.400791 -0.76947 -1 -1 -1 -0.833653 0.276621 -0.998065 0.0771614 -0.785638 -0.742425 -0.538614 -1 0.313785 -0.720042 -0.91913 -1 0.164471 -0.743199 -0.711651 0.502478 -0.291716 -1 -0.545678 0.224702 0.345864 -1 -0.605658 -0.86792 -0.0956464 -0.948969 0.317411 -0.931149 -0.307428 -0.829288 -0.936507 -0.817304 -1 -1 -1 -0.672198 0.347697 -0.78848 0.248259 0.383543 -0.135603 0.467512 0.0908917 -1 -0.956988 -0.969741 0.214928 0.145548 -0.483742 -0.331468 -1 -1 0.899677 -0.634643 -0.293301 -0.486674 
-0.440258 -0.163128 -1 0.288262 0.255505 -0.276505 -1 -0.0212903 -0.942101 -0.636929 -0.00899 0.327027 -0.823987 -0.352478 -1 -1 -0.209655 -0.941812 -0.959073 -0.794168 -0.31795 -0.332939 0.19843 -1 -0.969776 -0.923517 -0.0987446 -0.0214988 -0.890874 -1 0.158178 -0.824781 -0.96217 -0.923328 -1 -1 -0.996167 -0.950811 -0.762656 -0.426811 0.267873 -0.126874 -1 -0.949674 -0.0336534 -0.579628 -0.102251 -0.435878 0.0915241 -1 -0.899903 -0.738638 -0.0693057 -1 0.194331 -1 -1 -0.860026 -0.840238 -0.886665 -0.507148 0.295574 -0.578325 -0.560504 0.0337929 -0.102206 -0.786439 -1 0.702311 -0.650845 -0.805674 -0.62013 -0.132953 -1 -0.405427 -0.921561 -0.288946 -1 -0.876346 -1 -0.635473 -1 0.154953 -0.338754 -0.43723 -0.856886 -0.88027 0.347187 -0.914674 -0.139293 -0.251311 -0.0320613 -1 -1 0.288469 -0.940712 0.234922 -0.37305 0.797976 -0.753981 -0.368893 -0.00261333 -0.3608 -0.850662 0.250493 -0.321973 -0.797826 0.31064 -0.388746 -0.485931 -1 -0.255434 -0.746368 -1 -0.936143 -1 -0.375145 -0.512069 0.545417 -1 -0.393257 -0.0732683 -0.634393 0.0430736 0.290204 -0.318838 -0.534075 0.124192 -0.291652 0.184409 -0.00723916 0.364141 -0.856296 -0.0500713 -1 -0.699988 0.217237 -0.946106 
-0.847835 -0.119329 -0.968268 0.288262 0.323992 -0.127105 -0.951035 -0.192866 -1 -0.636929 -0.104754 0.317048 -0.988621 -0.279247 -1 -1 -0.433758 -0.976901 -1 -0.727429 -0.450846 -0.309998 0.308024 -1 -0.904694 -0.833315 -0.357536 -0.000579529 -0.763249 -0.909382 -0.0907824 -1 -1 -1 -0.954324 -1 -0.996167 -1 -1 -0.289477 0.584923 -0.129959 -1 -1 -0.147455 -0.608078 -0.311883 -0.494006 0.0627017 -0.904974 -0.633229 -1 -0.450256 -1 0.475821 -0.896266 -0.944893 -1 -1 -0.915594 -0.636089 0.571552 -0.867765 -0.728664 0.0450547 -0.0627904 -0.996802 -1 0.584613 -0.663489 -0.922357 -0.499811 -0.285509 -1 -0.539891 -0.838247 -0.222704 -1 -0.777942 -0.939573 -0.899265 -1 -0.0676685 -0.364915 -0.68919 -1 -1 0.382393 -1 -0.0471888 0.0511391 -0.266193 -0.967988 -1 0.480791 -1 0.118627 -0.350293 0.828705 -0.753981 -0.305764 -0.109135 -0.930677 -1 0.319836 -0.507495 -0.512841 0.17009 -0.579683 -1 -1 -0.205176 -0.969286 -1 -1 -1 -0.469053 -0.785499 0.106483 -1 -0.588323 -0.0363481 -0.548152 -0.0889164 0.222437 -0.460396 -0.491643 0.14861 -0.685523 0.168905 0.00116732 0.332078 -0.903864 -0.0492704 -1 -0.699988 0.172767 -0.983772 
0.730216 0.544962 0.11317 -0.208637 -0.528078 0.840427 -0.351323 0.172462 -0.694783 -0.637667 -0.0624375 0.0811161 -0.308768 0.667566 -0.844015 0.949846 -0.978726 0.087729 -0.0619904 -0.690003 0.834517 0.140946 -0.563862 -0.0253114 0.861048 0.698141 0.800856 -0.621522 0.882193 0.676761 -0.540598 -0.756555 -0.199799 -0.0526101 -0.457626 -0.0357432 -0.46246 -0.655426 0.93185 -0.744999 0.761352 -0.291133 0.598685 -0.00649768 -0.574466 0.940039 -0.00316525 -0.305817 -0.47831 -0.45377 0.727494 -0.303462 -0.839333 -0.758282 0.844864 0.313893 0.714026 0.278217 -0.399447 -0.239498 -0.334187 -0.261927 0.620111 0.0343827 -0.676391 -0.1826 0.319358 0.936212 0.767097 0.30632 0.793961 0.1637 -0.414703 0.786627 0.513862 0.441437 0.0846854 0.483577 0.97294 -0.656866 -0.54399 -0.232705 -0.787534 0.133362 0.553311 0.366605 -0.451948 -0.593242 0.452777 -0.702123 -0.752316 -0.0101104 -0.822266 -0.574054 -0.454792 0.0190612 0.703806 -0.122995 0.94397 0.00103593 -0.953884 -0.395599 0.122687 0.517267 -0.955826 -0.983668 0.928665 -0.191553 -0.277639 0.587759 0.957264 -0.0228722 0.557826 0.340149 -0.924473 0.320148 0.783424 0.359394 -0.588686 -0.210755 0.253619 -0.157382 -0.550266 0.324952 0.667067 0.315502 0.830846 -0.233155 -0.292734 0.894509 0.116449 0.130389 -0.578407 0.120866 0.567204 -0.76834 0.474825 0.567519 
-0.794837 -0.0136082 -0.955819 -0.040865 0.227779 0.00463142 -0.964994 -0.0212903 -0.942101 -0.56069 -0.255555 0.392672 -0.803254 -0.608103 -1 -0.848446 -0.122056 -0.935469 -1 -0.820255 -0.399394 -0.24804 0.0845518 -0.939867 -1 -0.846784 -0.329115 -0.123522 -0.797619 -0.730734 -0.112686 -0.874308 -1 -1 -1 -1 -0.958089 -1 -1 -0.554617 0.567538 -0.0712341 -1 -1 0.128679 -0.693698 -0.208082 -0.494006 -0.0164483 -1 -0.679162 -0.750744 -0.0453734 -1 0.484887 -0.812198 -0.920753 -0.871242 -0.96991 -0.98557 -0.507148 0.681979 -0.556141 -0.832376 -0.419299 0.0475533 -1 -1 0.702311 -0.800704 -1 -0.704884 0.0142312 -1 -0.305274 -1 -0.222704 -1 -0.777942 -1 -0.854123 -1 0.10376 -0.36296 -0.670042 -0.848811 -0.88027 0.100316 -1 -0.310304 -0.14457 -0.0202453 -1 -0.894242 0.461871 -0.857775 0.353345 -0.452505 0.562408 -0.954211 -0.581128 -0.147661 -0.534697 -1 0.305537 -0.191385 -0.454988 0.30509 -0.443731 -0.665865 -0.948322 -0.219695 -1 -1 -1 -1 -0.241552 -0.607518 0.326016 -0.951324 -0.631613 -0.0511944 -0.65421 0.126119 0.32023 -0.397329 -0.637708 -0.089774 -0.288581 0.0969694 -0.553576 0.0635229 -0.686697 -0.0222701 -1 -0.699988 0.361317 -1 
-0.553739 -0.00779556 -0.988831 0.159931 0.0973077 0.027913 -1 -0.284024 -1 -0.915297 -0.203624 0.392672 -1 -0.233816 -1 -0.869147 -0.209655 -1 -1 -0.887891 -0.49891 -0.267777 -0.242812 -1 -1 -1 -0.173549 0.00589547 -0.955478 -0.730734 -0.00408763 -0.985416 -0.96217 -1 -1 -1 -1 -1 -0.986204 -0.384153 0.567538 0.174631 -0.944379 -0.887966 -0.199577 -0.610601 -0.338189 -0.72294 0.148276 -1 -0.734998 -0.697284 0.0487619 -1 0.475821 -0.961271 -0.96928 -0.778602 -0.857481 -1 -0.614973 0.497452 -0.550837 -0.568156 0.0348157 0.0173283 -0.786439 -1 0.575947 -0.765134 -0.822422 -0.591106 0.0142312 -1 -0.270067 -0.739034 -0.386823 -0.972818 -0.788453 -0.991749 -0.864475 -1 0.154953 -0.444225 -0.324612 -0.840026 -1 0.291885 -0.989062 -0.139293 -0.232556 -0.190135 -1 -1 0.533371 -1 0.353345 -0.246891 0.415302 -0.69315 -0.213521 0.0680437 -0.412528 -0.776042 0.280409 -0.0791982 -0.631264 0.303274 -0.443731 -0.549896 -1 -0.271052 -0.687021 -1 -0.84456 -1 -0.0970271 -0.543161 0.461787 -1 -0.538021 -0.218796 -0.438196 0.191797 0.366873 -0.653282 -0.650845 0.124192 -0.291652 0.0787874 -0.00723916 0.364141 -0.603743 -0.135548 -0.949181 -0.783684 0.361317 -1 
-0.822294 -0.191227 -1 0.335959 0.234862 0.0449386 -1 -0.0240121 -1 -0.636929 -0.155405 0.400403 -0.840922 -0.602659 -1 -1 -0.461046 -1 -0.994753 -0.9503 -0.447868 -0.24804 -0.0147174 -1 -1 -1 -0.213816 0.015282 -0.847163 -0.959521 -0.0918871 -0.954347 -1 -1 -1 -0.94647 -1 -0.975604 -0.752704 -0.426548 0.585633 -0.0784148 -0.978582 -0.983774 0.118043 -0.602794 -0.119944 -0.645998 0.0262016 -1 -0.744139 -0.740005 -0.100327 -1 0.444996 -1 -1 -0.986367 -1 -0.98557 -0.508113 0.254259 -0.765575 -0.880574 -0.0628866 0.124324 -0.748014 -1 0.55588 -0.692292 -0.960915 -0.507348 -0.108702 -1 -0.398031 -0.949561 -0.486047 -1 -0.819313 -1 -0.935331 -1 0.0984692 -0.310732 -0.511517 -0.94789 -0.88027 0.242155 -0.980796 -0.342881 -0.0574974 -0.251194 -1 -0.894242 0.574888 -1 0.0794934 -0.256052 0.445446 -0.768938 -0.36561 -0.120822 -0.529967 -0.776042 0.496303 -0.110364 -0.695765 0.303274 -0.388978 -0.666365 -0.967218 -0.380801 -0.630513 -0.999602 -1 -1 -0.396689 -0.52652 0.341018 -1 -0.405923 -0.0558744 -0.708597 0.172587 0.34797 -0.455814 -0.68859 0.0707173 -0.530204 0.0323021 0.0166237 0.19887 -0.770444 -0.260244 -0.921929 -0.685967 0.354565 -0.96446 
0.562982 0.9759 -0.801672 -0.186662 0.206677 -0.168037 0.0570161 0.963123 0.0025562 0.00931048 -0.572731 0.190896 -0.291266 0.488339 -0.780122 0.562661 0.759224 -0.510039 -0.670431 -0.973722 0.309754 0.755725 -0.523835 0.512832 -0.149792 0.289301 -0.727077 0.983396 -0.564134 -0.617493 -0.473027 0.15666 0.610545 -0.108944 -0.562766 -0.377007 0.449283 -0.84727 -0.150536 -0.632054 -0.557606 0.0791144 -0.33728 0.729354 -0.0602897 -0.327472 -0.390176 0.416648 -0.19509 0.530508 0.837234 -0.0216412 -0.410791 -0.0217978 0.7177 0.851065 -0.212669 0.559109 0.310813 0.68883 0.0438755 0.670027 -0.866316 -0.286598 0.830994 -0.549074 0.19223 -0.0891047 0.813006 -0.990378 0.86928 -0.735476 -0.663299 0.0564193 -0.550989 0.288122 -0.178919 0.374148 0.790295 0.497208 -0.363712 -0.873707 0.760441 0.64658 0.714788 0.980532 -0.804388 0.612306 0.241935 0.452453 -0.440682 -0.0891146 -0.0840266 -0.147592 -0.937636 -0.499875 -0.0856246 0.351811 -0.616637 0.0195254 0.678606 -0.408495 0.880386 0.202155 -0.370316 0.271731 -0.186072 -0.410223 0.806344 0.481465 0.0176998 -0.884586 -0.553795 -0.71048 0.539494 0.325555 -0.563907 0.811491 0.0230535 -0.199614 0.459656 0.347753 0.283282 -0.226378 -0.244873 0.777808 -0.383117 0.14146 0.820328 0.340474 0.472455 0.351469 0.987843 0.0948496 -0.111841 0.15787 -0.854079 0.645239 
-0.54764 -0.230985 -1 0.288262 0.298509 0.00463142 -0.983854 -0.152722 -0.986544 -0.609317 -0.167117 0.445047 -0.7657 -0.302332 -1 -0.912497 -0.209655 -1 -1 -0.641318 -0.31795 -0.340517 0.043781 -1 -0.920024 -0.879805 -0.188581 -0.0625404 -0.782488 -0.865205 0.0457652 -1 -1 -1 -1 -1 -0.996167 -1 -0.914565 -0.503162 0.567538 0.0366519 -0.971061 -0.887966 0.120284 -0.687967 -0.119944 -0.620006 0.0971494 -1 -0.788595 -0.729076 -0.0636529 -1 0.475821 -0.870898 -1 -0.845613 -0.983408 -0.941903 -0.507148 0.681979 -0.550837 -0.569048 0.0348157 0.124324 -0.786439 -1 0.643452 -0.502356 -0.777153 -0.459519 0.0142312 -1 -0.305274 -0.777741 -0.222704 -1 -0.754406 -1 -0.654062 -1 0.203859 -0.338754 -0.376424 -0.848811 -0.88027 0.347187 -0.988458 -0.139293 -0.0168103 -0.181568 -1 -0.894242 0.541909 -0.940712 0.372687 -0.132472 0.750352 -0.80271 -0.323339 0.0195552 -0.431355 -0.838428 0.496303 -0.115453 -0.512841 0.25576 -0.562481 -0.545701 -1 -0.340244 -0.552032 -1 -0.825035 -1 -0.241552 -0.686021 0.338841 -1 -0.22808 -0.145347 -0.480622 0.16236 0.366873 -0.354738 -0.534075 0.124192 -0.41378 0.046828 -0.113918 0.364141 -0.693322 0.132579 -0.964288 -0.81134 0.24897 -0.930641 
-0.659163 -0.921338 -0.339483 -0.649005 -1 -0.563879 0.825139 -0.461054 -0.254596 -0.532218 -1 -0.135757 0.283099 -0.470492 -0.12937 0.279349 -0.475211 -0.589607 0.226326 0.222693 -1 -0.986534 0.892537 0.214379 0.387904 -0.442325 -0.971758 -0.350498 -0.997157 0.63606 -0.929427 0.730943 -0.301718 0.0837967 0.438405 -1 -1 -0.466918 -1 -0.476107 0.393386 0.290056 -0.715106 0.244949 -1 -0.98868 0.166703 -0.223263 -0.621962 -1 -0.145266 0.59474 -0.958611 0.549112 -0.10766 -0.105686 -0.794725 -0.75045 -0.403872 0.138151 -1 -0.915292 -0.794066 0.605394 -1 0.485521 0.110585 0.451743 -0.923177 -0.995543 -1 0.27896 -0.825812 -0.592161 0.777012 -0.156461 -0.0203422 0.125315 -0.513643 0.499884 -0.262135 -0.873047 -0.715881 0.293242 0.29348 -0.212526 -1 0.541282 0.925359 0.385554 -0.519366 0.00330364 0.0758228 -1 -1 -0.0393444 -0.421658 -0.829111 -1 -0.0525924 -0.423861 -1 -0.344869 0.0728501 0.306402 -0.197534 -0.904069 -0.885456 -1 -0.220754 -0.539255 -0.210477 0.622146 -0.725759 -1 -0.05808 -0.341276 -0.193494 -0.71162 -1 -0.859812 -0.156648 0.611814 -0.981324 -0.818461 -1 0.679192 -0.204205 -0.509334 -0.853138 -0.898871 -1 -1 -1 0.275352 0.691278 -1 -0.711019 
-0.572851 -0.205323 -1 0.304841 0.132483 -0.344857 -0.929853 -0.227245 -1 -0.8263 -0.226984 0.134088 -1 -0.45094 -0.936938 -1 -0.184388 -0.944703 -0.964031 -0.840766 -0.660752 -0.519562 -0.0369781 -1 -1 -1 -0.165162 -0.157564 -0.782488 -0.926624 -0.217466 -1 -1 -1 -1 -1 -1 -1 -1 -0.468183 0.192493 -0.231027 -1 -1 0.0240945 -0.751018 -0.372234 -0.740779 -0.0354957 -1 -0.971337 -0.951593 -0.228519 -1 0.313647 -1 -1 -0.892204 -1 -1 -0.67047 0.53359 -0.676925 -1 -0.389518 0.118624 -0.958419 -1 0.417804 -0.816647 -0.923767 -0.644648 -0.373859 -0.957738 -0.696466 -0.931526 -0.647007 -1 -0.892742 -1 -1 -1 0.07488 -0.396889 -0.447322 -1 -0.976233 0.374128 -1 -0.211299 -0.43395 -0.0889808 -1 -0.977301 0.486351 -0.92254 0.314298 -0.111155 0.312159 -0.84915 -0.427588 -0.0810142 -0.796726 -0.95742 0.439978 -0.154357 -1 0.098278 -0.620616 -0.586664 -0.975092 -0.375497 -0.69287 -1 -1 -1 -0.226931 -1 -0.056876 -0.869911 -0.304231 -0.176967 -0.901409 0.0387349 0.308282 -0.255301 -0.734406 -0.0633594 -0.213274 0.115994 -0.20219 0.221805 -0.874942 -0.376171 -0.88324 -0.982585 0.158591 -1 
-0.670292 -0.038816 -0.993701 0.288262 0.132535 0.00463142 -1 -0.0212903 -0.942101 -0.636929 -0.0915767 0.258909 -0.774349 -0.233816 -1 -0.912497 -0.209655 -0.935469 -0.988253 -0.641318 -0.391158 -0.203479 0.19843 -1 -0.99844 -0.854621 -0.083934 0.015282 -0.798311 -0.730734 0.00401885 -0.873233 -0.96217 -0.92328 -1 -1 -1 -1 -0.834908 -0.385404 0.567538 -0.00825781 -0.944379 -0.887966 0.0958777 -0.579628 -0.272903 -0.494006 0.148276 -1 -0.633229 -0.750744 -0.0270765 -1 0.475821 -0.881457 -1 -0.861692 -0.840238 -1 -0.507148 0.681979 -0.66524 -0.560504 0.0348157 0.124324 -0.786439 -1 0.702311 -0.502356 -0.805674 -0.459519 0.0142312 -1 -0.305274 -0.876925 -0.254483 -1 -0.777942 -0.991749 -0.740952 -1 0.154953 -0.338754 -0.376424 -0.974674 -0.88027 0.347187 -1 -0.262461 0.00966977 -0.0185876 -1 -0.942919 0.541909 -0.971566 0.353345 -0.118861 0.828705 -0.753981 -0.305764 0.0472822 -0.431355 -0.886438 0.496303 -0.0791982 -0.512841 0.303274 -0.504229 -0.485931 -1 -0.362876 -0.583564 -1 -0.825035 -1 -0.241552 -0.622827 0.461787 -1 -0.334224 -0.0732683 -0.480622 0.191797 0.324528 -0.354738 -0.534075 0.124192 -0.291652 0.134649 -0.00723916 0.364141 -0.686697 0.132579 -1 -0.826185 0.247243 -0.946106 
-0.766708 -0.109517 -1 -0.00312252 -0.0535115 -0.243844 -1 -0.0989498 -0.981793 -0.632619 -0.0113536 0.363133 -1 -0.314999 -1 -0.912497 -0.283229 -0.892966 -1 -0.641318 -0.450071 -0.35671 -0.267356 -0.923922 -0.965733 -0.899573 -0.0697268 -0.00638448 -0.762607 -0.794237 0.0457652 -0.873233 -0.925374 -1 -1 -0.933263 -1 -1 -0.837443 -0.474641 0.379353 0.119789 -0.944379 -0.958819 -0.186312 -0.508427 -0.440349 -0.494006 -0.171984 -1 -0.734431 -0.910284 -0.151989 -1 0.462511 -0.866208 -0.970522 -0.858868 -0.759498 -1 -0.591188 0.61103 -0.700391 -0.578409 -0.23998 -0.102544 -0.830366 -1 0.392659 -0.700863 -0.924614 -0.459339 -0.0199271 -1 -0.426311 -0.915771 -0.339611 -1 -0.896616 -1 -0.850523 -1 0.154953 -0.944032 -0.553266 -1 -0.84297 0.183362 -1 -0.593914 -0.114744 -0.174309 -1 -1 0.28943 -0.95881 -0.021791 -0.291985 0.860809 -0.769611 -0.640592 -0.0962824 -0.431355 -0.939599 0.196293 -0.174989 -0.453628 0.345977 -0.817257 -0.649796 -1 -0.326259 -0.664893 -0.967823 -0.757415 -1 -0.349757 -0.717353 0.322966 -0.969962 -0.52685 -0.161183 -0.567118 -0.000280187 0.143768 -0.457871 -0.856568 -0.124123 -0.443983 -0.121086 -0.0432778 0.201877 -0.861337 -0.0755833 -1 -0.837195 0.231179 -1 
-0.54764 -0.0534559 -0.900154 0.355415 0.255505 -0.393341 -0.938388 -0.0212903 -0.958288 -0.636929 -0.0113536 0.300072 -0.961768 -0.359174 -1 -0.912497 -0.209655 -0.95018 -1 -0.859005 -0.272614 -0.470144 0.11022 -1 -1 -0.791946 -0.083934 -0.0879335 -0.782488 -0.814651 0.0259916 -0.873233 -1 -1 -1 -1 -1 -0.95046 -0.834908 -0.547973 0.391091 0.0568248 -0.896203 -0.887966 0.0958777 -0.579628 -0.329522 -0.51704 -0.1714 -1 -0.633229 -0.819272 -0.095365 -0.976107 0.219024 -0.80951 -1 -0.861692 -0.956683 -1 -0.713725 0.681979 -0.596568 -0.560504 -0.233953 0.124324 -0.857508 -0.908025 0.56581 -0.676086 -0.79031 -0.678174 -0.284693 -1 -0.484655 -0.776239 -0.203974 -0.923977 -0.800123 -0.912481 -0.686211 -1 -0.178894 -0.557193 -0.339015 -0.883472 -0.88027 0.340692 -1 -0.141307 0.00966977 -0.0320613 -1 -1 0.582943 -0.914995 0.282445 -0.118861 0.828705 -0.711114 -0.578537 0.0609903 -0.562569 -0.909361 0.442434 -0.0791982 -0.529306 0.303274 -0.560307 -0.484079 -0.996837 -0.271052 -0.783395 -1 -0.825035 -1 -0.257481 -0.578689 0.461787 -1 -0.216478 -0.122194 -0.480622 0.191797 0.376706 -0.354738 -0.598883 0.124192 -0.367221 0.0282984 -0.27705 0.352912 -0.619829 0.174462 -1 -0.684594 0.273386 -0.946106 
-0.54764 -0.390634 -0.975415 0.1571 0.0523683 -0.0471731 -1 -0.102111 -1 -0.868472 -0.0250065 0.353622 -0.88456 -0.59002 -0.974547 -1 -0.200657 -1 -1 -0.641318 -0.986568 -0.716822 0.0110113 -1 -0.951537 -0.774329 -0.436536 -0.000911891 -1 -0.749828 -0.175882 -1 -0.964806 -1 -1 -1 -1 -1 -1 -0.701907 0.355961 0.121805 -0.951048 -1 0.0373636 -1 -0.546764 -0.919993 -0.143364 -0.957401 -1 -0.893042 -0.664024 -1 0.460363 -0.812385 -1 -1 -1 -1 -0.659359 0.53844 -0.609027 -0.885224 -0.204053 0.020258 -0.65748 -1 0.621627 -0.79055 -1 -0.742816 -0.277385 -1 -0.298262 -1 -0.51519 -1 -0.869522 -1 -0.964298 -1 0.179774 -0.572854 -0.789207 -0.936051 -1 0.197008 -1 -0.133574 -0.320218 -0.0195157 -0.921603 -0.891075 0.22287 -1 0.245223 -0.315432 0.699554 -0.704221 -0.491327 -0.182936 -0.848979 -1 0.318707 -0.032585 -1 0.284134 -0.836888 -0.726696 -1 -0.579127 -0.629704 -1 -1 -1 -0.35024 -0.946556 0.289381 -1 -0.650578 -0.148629 -0.865676 8.86619e-05 -0.103043 -0.440677 -0.929053 -0.195022 -0.511996 -0.0111795 -0.539772 0.152714 -0.990126 -0.0942524 -1 -0.970502 0.0587837 -0.969656 
-0.599916 -0.116816 -1 0.288262 0.255505 -0.137065 -1 -0.049834 -1 -0.858878 -0.118617 0.392672 -0.735643 -0.233816 -0.998643 -0.912497 -0.325725 -1 -0.990842 -0.770674 -0.439906 -0.24804 0.19843 -1 -0.963361 -0.797676 -0.083934 0.015282 -0.922333 -0.74164 0.0400809 -0.921551 -1 -1 -0.975148 -1 -1 -0.974263 -0.815869 -0.436085 0.567538 0.0548249 -1 -1 0.0958777 -0.579628 -0.221529 -0.494006 0.105325 -1 -0.600906 -0.750744 -0.0586866 -1 0.39178 -0.839258 -1 -0.82906 -0.840238 -0.98557 -0.568045 0.529045 -0.550837 -0.560504 -0.199532 0.124324 -0.775438 -1 0.684142 -0.502356 -0.805674 -0.572714 0.0142312 -0.999527 -0.459671 -0.917938 -0.315234 -1 -0.771673 -1 -0.792874 -1 0.154953 -0.307754 -0.505081 -0.847141 -1 0.347187 -0.947875 -0.216128 -0.0854652 -0.202472 -1 -0.894242 0.541909 -0.940712 0.176713 -0.118861 0.849108 -0.753981 -0.305764 0.0195552 -0.52449 -0.802921 0.496303 -0.0467761 -0.512841 0.321217 -0.443731 -0.485931 -0.980695 -0.357563 -0.583564 -0.988273 -0.825035 -1 -0.241552 -0.578689 0.457413 -1 -0.261331 -0.177063 -0.610792 0.0827397 0.293262 -0.354738 -0.5557 0.124192 -0.291652 0.134649 -0.0700227 0.408697 -0.668112 0.132579 -0.985082 -0.699988 0.413546 -0.96117 
-0.552203 -0.313796 -1 0.378589 0.261827 0.0707492 -1 -0.30723 -1 -0.636929 -0.021449 0.392672 -0.774349 -0.442242 -1 -0.899741 -0.209655 -1 -1 -0.816813 -0.31795 -0.213723 0.19843 -1 -1 -1 -0.366934 -0.225021 -0.841623 -0.907991 -0.0642912 -0.858903 -1 -1 -1 -1 -0.996167 -1 -0.660045 -0.586431 0.568711 -0.0134461 -1 -1 0.217256 -0.573149 -0.119944 -0.498634 0.148276 -1 -0.872192 -1 -0.049474 -1 0.336946 -1 -1 -0.861692 -1 -1 -0.476755 0.382843 -0.662083 -0.632479 0.0348157 0.124324 -0.786439 -1 0.323484 -0.502356 -0.888889 -0.577608 -0.123265 -1 -0.507162 -0.706293 -0.43998 -0.955784 -0.805007 -0.985571 -0.686211 -1 0.154953 -0.338754 -0.376424 -0.848811 -0.88027 0.272073 -1 -0.401156 -0.24938 0.0284935 -1 -0.894242 0.593996 -1 0.353345 -0.118861 0.59186 -0.970914 -0.485089 -0.0634608 -0.431355 -0.776042 0.496303 -0.0791982 -0.644591 0.303274 -0.388978 -0.490894 -1 -0.271052 -0.583564 -1 -1 -1 -0.477643 -0.790402 0.207763 -1 -0.253598 -0.177758 -0.912265 0.133282 0.308282 -0.378309 -0.534075 0.0330214 -0.291652 -0.0594982 -0.00723916 0.31103 -0.80732 -0.356237 -0.987934 -0.699988 0.267413 -0.946106 
-0.909298 -0.48934 -1 0.27496 -0.0554937 -0.114844 -0.883046 -0.0633873 -1 -1 -0.344175 0.0131454 -0.816734 -0.475133 -0.893441 -0.955081 -0.32259 -0.976095 -1 -0.723264 -0.608066 -0.723298 -0.0582354 -1 -0.972894 -1 -0.434631 0.0479429 -0.968247 -0.799379 -0.140384 -1 -1 -0.985219 -0.928663 -1 -1 -1 -0.9927 -0.613528 0.237207 0.132984 -1 -1 -0.0338114 -1 -0.368101 -0.601509 -0.317419 -1 -0.91075 -0.945352 -0.623074 -1 0.184719 -1 -1 -1 -1 -0.974778 -0.745749 0.510789 -0.645955 -0.760828 -0.442888 -0.133268 -0.914597 -1 0.722691 -0.52916 -0.959886 -0.695743 -0.406657 -1 -0.559221 -0.938154 -0.684291 -1 -0.849832 -1 -1 -1 0.129765 -0.543378 -1 -0.889562 -1 0.232701 -1 -0.43032 -0.359175 -0.272591 -1 -0.918543 0.176389 -0.98392 0.073138 -0.796898 0.550922 -0.753981 -0.247178 0.0347012 -0.670514 -1 0.0631783 -0.1148 -0.78795 0.265589 -0.787093 -0.744154 -1 -0.745643 -0.752865 -0.794905 -1 -1 -0.671637 -0.600892 0.151447 -1 -0.64018 -0.131825 -0.792735 -0.224072 -0.0583104 -0.456109 -1 -0.16562 -0.431944 -0.15569 -0.346352 0.077357 -0.948038 -0.135629 -1 -1 0.088419 -0.935769 
-0.985111 -0.974622 0.058179 -0.860673 0.77917 -0.326079 -1 -0.129775 -0.799366 -1 -0.956233 -0.906659 0.182334 0.269088 -0.379809 -1 -1 -0.508857 0.17501 -0.0358789 -0.875566 0.0632305 0.25491 0.505582 -0.742833 -0.650226 -0.45375 0.567308 -0.344629 -0.553039 0.281201 -0.198998 -1 -0.29208 -0.477219 -1 0.842833 0.756036 -1 0.301333 0.4967 -0.545771 0.381616 -1 0.849669 0.468547 -0.997791 0.0573112 -0.349097 -0.443045 -0.712742 -0.61441 -0.862791 -0.952952 0.471086 -1 -0.425573 -0.36327 -0.0917673 -0.931616 -0.0128561 0.463608 -0.885397 0.429079 0.698353 -0.273233 -1 0.0386773 -0.329766 -0.146288 -0.955659 -0.942425 -0.690899 0.0692921 0.984195 0.531187 -1 0.317558 -0.889576 0.139635 -0.835151 -0.0978581 -0.652413 -1 -0.418169 -0.35938 -0.953675 -0.0937644 -1 0.442157 0.707126 -0.243261 0.218993 -0.0385096 -1 -0.0175588 -0.0992126 -0.0802823 -0.61388 -0.622279 0.185375 -1 0.400186 0.446597 0.0197629 -0.588909 -0.994702 -0.186821 -0.801177 -0.0257991 0.677159 -0.255219 0.230599 0.0302634 -0.98518 0.338721 -0.0737185 -0.478178 -0.0862092 -1 -0.894547 0.37761 -0.968009 0.257263 0.696415 -0.691896 -0.864516 0.22193 0.685942 0.00719975 -0.203525 -0.304315 -1 -1 0.0141999 -1 0.031715 0.215542 
-0.705472 -0.0459155 -0.957276 0.119485 0.185734 0.133856 -1 -0.302583 -0.916256 -0.636929 0.00638244 0.474453 -1 -0.547324 -0.968307 -1 -0.420115 -1 -1 -0.809453 -0.856839 -0.30608 0.250277 -1 -1 -1 -0.228959 -0.048325 -1 -0.730734 -0.291134 -1 -0.957764 -1 -0.94834 -1 -0.970937 -1 -0.960995 -0.624443 0.435716 0.151684 -1 -1 0.0388246 -0.803114 -0.378788 -0.60037 0.11134 -1 -0.741116 -0.864678 -0.0270765 -1 0.475821 -0.938591 -1 -0.87566 -0.853417 -1 -0.507148 0.122744 -0.718493 -0.560504 -0.00445742 -0.11215 -0.850991 -0.970045 0.399445 -0.51284 -0.885571 -0.567176 -0.153044 -1 -0.719186 -0.732846 -0.308501 -1 -1 -0.952933 -0.80006 -1 -0.137349 -0.391606 -0.708856 -0.861187 -1 -0.0860443 -1 -0.183029 -0.261362 0.0716176 -1 -1 0.541909 -1 0.293205 -0.0084947 0.861905 -0.973695 -0.305764 -0.148816 -0.536743 -0.912696 0.380336 -0.084548 -0.590144 0.0987065 -0.393139 -0.637741 -0.971813 -0.271052 -0.613667 -0.976132 -0.962876 -1 -0.480232 -0.760377 0.038172 -1 -0.262272 -0.249716 -0.612024 -0.121339 0.495189 -0.394412 -0.483317 0.01972 -0.259181 -0.11308 -0.0225712 0.0952836 -0.84631 -0.0529468 -1 -0.685086 0.207084 -0.921474 
0.106654 -0.820857 0.823806 -0.00076957 0.46342 -0.309336 -0.0505301 0.245081 -0.562183 0.254169 -0.949915 -0.985256 -0.5142 0.0268448 -0.525896 -0.0736435 -0.3437 -0.603311 -0.138269 -0.764915 -1 -1 0.434987 -0.617698 -1 -0.062232 -0.689375 -0.345524 -0.295331 -0.422642 0.560743 -1 -0.991679 -0.654433 -0.76954 0.10272 0.397084 0.605868 0.262541 -0.842949 0.499911 -0.994897 0.349338 -0.0958007 -0.914661 0.457836 -0.331011 -1 -0.931205 -1 -1 -0.16708 -0.784278 -1 -1 0.06606 0.296947 0.165711 -0.235589 -0.562668 -0.840712 0.589506 -1 -1 0.059591 -0.885037 -0.776566 -0.144876 -0.493317 -0.727949 -0.579039 0.491427 -0.542397 -0.517783 -0.916953 0.347332 0.83394 0.537398 -0.161505 -1 -0.977997 -1 -0.932736 0.175197 -1 0.42349 -0.79588 -0.557776 -0.329991 -0.897953 0.868008 -0.230811 -0.979129 -0.971661 0.505831 -0.853272 -0.985214 -0.233057 -0.0228433 -1 -0.436894 0.40558 0.54372 -1 -0.509483 -0.999891 0.169376 -0.894517 0.108563 -1 0.250794 -0.68737 -1 -1 -0.462234 -1 -0.987259 -0.0330568 0.167711 -0.806255 0.132589 0.45351 -0.130831 0.436786 -0.108141 -0.977007 -1 -0.867968 0.728725 0.0650491 -0.338564 -0.124032 -0.85817 -0.933564 0.785136 -1 -0.177216 -0.39516 
-0.395135 -1 -0.504561 -0.725434 -1 -0.520119 0.443663 -0.683926 -0.64632 -0.683007 -1 0.548196 0.473018 -0.530827 -0.204283 -0.0694673 -0.621536 -0.477977 -0.176295 0.25738 -1 -0.972519 0.489276 0.130089 0.398595 -0.115583 -0.577526 -0.365635 -0.954347 0.419117 -0.976287 0.563267 -0.250398 0.745724 -0.0351222 -1 -1 -0.622785 -1 -0.324917 0.417196 0.20199 -0.612818 0.348765 -0.862793 -0.596958 0.587299 -0.449621 -0.129732 -1 -0.382093 0.54209 -1 0.173543 -0.24309 -0.223309 -0.864995 -0.62559 0.0191808 0.302186 -0.614907 -0.706451 -0.642829 0.840664 -0.606233 0.493539 -0.0415501 0.672312 -0.553064 -0.705491 -0.955908 0.760192 -1 -0.647949 0.891916 -0.155196 0.479873 0.103707 -0.542202 0.430878 -0.495142 -1 -1 0.0770497 0.410178 0.196949 -1 0.505204 0.670489 0.362241 -0.270986 0.161874 0.355683 -1 -0.953291 0.162984 0.094118 -0.531384 -1 -0.0565674 -0.485885 -0.893783 -0.593955 0.279237 -0.130434 -0.605215 -0.800645 -1 -1 -0.424647 -0.0875701 0.58765 0.457475 -1 -1 -0.132166 0.145057 -0.756582 -0.39295 -1 -1 -0.184446 0.477251 -1 -0.507529 -1 0.614504 -0.162357 -0.350768 -0.960376 -0.185267 -1 -0.936366 -1 0.673825 0.501128 -0.963464 -0.999283 
-0.7294 -0.390634 -1 -0.0478176 0.129599 -0.226611 -1 -0.000316516 -1 -0.816117 -0.36319 0.280545 -0.866852 -0.392332 -0.996763 -1 -0.362223 -1 -1 -0.646474 -0.943638 -0.859109 -0.215318 -1 -1 -0.768087 -0.431919 0.0181157 -0.968247 -0.772265 -0.140886 -0.948058 -0.891071 -1 -0.96062 -1 -0.959146 -1 -1 -0.755329 0.265127 -0.024608 -1 -1 0.0958777 -1 -0.417819 -0.645137 -0.113482 -0.957401 -0.857918 -0.8716 -0.320203 -1 0.359717 -0.913605 -1 -1 -0.936759 -1 -0.834933 0.457106 -0.832849 -0.72921 -0.153227 -0.0685972 -0.937822 -1 0.742954 -0.456083 -1 -0.462806 -0.262943 -1 -0.401902 -0.979772 -0.645338 -1 -1 -0.917068 -1 -1 0.142834 -0.736314 -1 -0.921042 -1 0.242271 -1 -0.229183 -0.4842 -0.172021 -0.987831 -1 0.122052 -0.983597 0.352285 -0.580856 0.660199 -0.753981 -0.455831 -0.206144 -0.669505 -1 0.262504 -0.1148 -0.815435 -0.0288406 -0.738309 -0.460558 -1 -0.41851 -0.64493 -0.890264 -0.894696 -1 -0.448389 -0.748601 0.187349 -1 -0.64018 -0.0283319 -0.586865 8.86619e-05 0.185008 -0.565809 -0.846394 -0.0608062 -0.269045 0.0109991 -0.35141 0.17263 -0.980053 -0.346734 -1 -1 0.241526 -0.969656 
-0.54764 -0.038816 -1 0.125301 0.255505 0.00463142 -1 -0.109279 -1 -0.636929 -0.0113536 0.392672 -0.774349 -0.233816 -1 -1 -0.209655 -0.935469 -1 -0.722057 -0.31795 -0.375267 0.19843 -1 -0.920024 -0.833315 -0.083934 0.015282 -0.782488 -0.730734 0.0457652 -0.953215 -1 -0.958006 -1 -1 -1 -1 -0.834908 -0.334109 0.567538 0.109916 -0.944379 -0.887966 0.0958777 -0.571512 -0.119944 -0.494006 0.148276 -1 -0.633229 -0.750744 -0.0270765 -1 0.358638 -0.881457 -1 -0.861692 -0.840238 -0.98557 -0.456267 0.681979 -0.716561 -0.560504 -0.039543 0.0481639 -0.944425 -1 0.702311 -0.502356 -0.787487 -0.459519 -0.0309522 -1 -0.305274 -0.776239 -0.222704 -1 -0.777942 -0.991749 -0.686211 -1 0.154953 -0.338754 -0.47884 -0.899054 -0.88027 0.347187 -1 -0.139293 -0.0471242 -0.0320613 -1 -0.894242 0.541909 -1 0.361532 -0.275164 0.828705 -0.753981 -0.35442 0.0195552 -0.436225 -0.776042 0.496303 -0.173881 -0.499086 0.303274 -0.459636 -0.485931 -1 -0.385006 -0.583564 -1 -0.833996 -1 -0.241552 -0.667252 0.461787 -1 -0.22808 -0.0732683 -0.471866 0.198864 0.366873 -0.501817 -0.534075 0.0720547 -0.291652 0.134649 -0.0819756 0.325487 -0.751899 0.132579 -1 -0.699988 0.361317 -0.946106 
-0.505965 -0.038816 -0.944709 -0.0890045 0.255505 -0.213657 -1 -0.109279 -1 -0.636929 -0.142931 0.392672 -0.936447 -0.335659 -1 -0.918436 -0.209655 -0.933609 -1 -0.655328 -0.24826 -0.393425 0.0789297 -1 -0.925217 -1 -0.152841 -0.143857 -0.845201 -0.902062 -0.194146 -1 -1 -1 -1 -1 -1 -1 -0.923735 -0.591895 0.567538 0.109916 -1 -1 0.085352 -0.684679 -0.131356 -0.689033 0.148276 -1 -0.633229 -0.750744 -0.0375138 -1 0.358638 -0.881457 -1 -1 -0.840238 -0.994213 -0.456267 0.681979 -0.667068 -0.560504 -0.039543 0.0481639 -0.944425 -1 0.587433 -0.502356 -0.787487 -0.459519 -0.0309522 -1 -0.2953 -0.776239 -0.506352 -1 -0.777942 -1 -0.839896 -1 0.246506 -0.370715 -0.614802 -0.840308 -0.988939 0.347187 -1 -0.139293 -0.0471242 -0.0418433 -1 -1 0.541909 -1 0.179486 -0.242826 0.922587 -0.753981 -0.35442 0.0195552 -0.436225 -0.776042 0.496303 -0.110721 -0.499086 0.0912317 -0.459636 -0.485931 -1 -0.488278 -0.583564 -1 -0.833996 -1 -0.241552 -0.667252 0.399501 -1 -0.451632 -0.0606012 -0.388054 0.198864 0.366873 -0.501817 -0.534075 0.0720547 -0.291652 0.198221 -0.265645 0.325487 -0.71352 0.132579 -1 -0.631693 0.361317 -1 
-0.745915 -0.4035 -0.922486 0.153324 0.28235 -0.202942 -1 -0.242588 -1 -0.636929 -0.0964216 0.340129 -0.797478 -0.552745 -1 -0.912497 -0.562677 -0.906491 -1 -0.608683 -0.31795 -0.269167 0.19843 -1 -1 -0.69643 -0.083934 -0.134876 -0.780944 -0.876848 0.0304936 -0.928512 -0.96217 -1 -1 -1 -1 -0.954191 -0.739624 -0.483853 0.345901 -0.110957 -0.904671 -0.948805 -0.0406014 -0.579628 -0.119944 -0.746416 -0.445918 -0.970227 -0.711982 -0.855946 -0.065236 -0.949127 0.499567 -0.937976 -1 -0.880374 -0.955403 -1 -0.940765 0.551155 -0.774873 -0.560504 0.10258 0.0839888 -0.786439 -1 0.524763 -0.643884 -0.933916 -0.546126 -0.253068 -1 -0.363355 -0.837373 -0.346842 -1 -0.73978 -0.993045 -0.724659 -1 0.0944751 -0.510026 -0.456439 -1 -0.918203 0.15636 -1 -0.0890421 0.00966977 -0.107865 -1 -0.935269 0.253173 -0.940712 0.0685654 -0.11339 0.849874 -0.966082 -0.477056 -0.240894 -0.614014 -0.853603 0.307705 -0.0799616 -0.539815 0.336383 -0.459105 -0.431523 -1 -0.273918 -0.566785 -0.969622 -0.825035 -1 -0.56683 -0.630646 0.0918044 -1 -0.35664 -0.197384 -0.566371 -0.00664704 -0.0996916 -0.401571 -1 -0.0164022 -0.499545 0.134649 0.0831242 0.207598 -0.686697 0.0759015 -0.993342 -0.699988 0.292482 -1 
-0.54764 0.060389 -1 0.288262 0.00930232 -0.0145282 -1 -0.0212903 -1 -0.900212 -0.0454412 0.404081 -0.932002 -0.288526 -1 -1 -0.469078 -1 -1 -0.641318 -0.245966 -0.476407 0.19843 -0.916447 -0.985249 -0.833315 -0.083934 -0.081042 -0.782488 -0.730734 0.0457652 -0.94897 -0.96217 -0.845741 -1 -1 -1 -1 -0.799714 -0.420695 0.609956 0.132984 -0.926979 -1 0.0229823 -0.579628 -0.45894 -0.87455 0.0839857 -0.918807 -0.633229 -0.898581 -0.288793 -1 0.498119 -0.956879 -1 -1 -0.83139 -1 -0.507148 0.6172 -0.530588 -0.826576 -0.0047718 -0.220096 -0.786439 -1 0.641569 -0.634913 -0.879045 -0.783067 0.0907759 -0.974687 -0.305274 -0.776239 -0.222704 -0.974285 -0.884708 -0.945499 -0.686211 -0.910262 0.154953 -0.338754 -0.376424 -0.855672 -1 0.0310653 -1 -0.139293 0.0539118 -0.0320613 -0.997194 -0.894242 0.541909 -0.940712 0.353345 -0.171306 0.75048 -0.753981 -0.308191 -0.313948 -0.400823 -0.855038 0.477982 -0.0791982 -0.637571 0.290809 -0.357713 -0.500075 -1 -0.203289 -0.791541 -1 -0.825035 -1 -0.342248 -0.578689 0.461787 -0.944463 -0.199384 -0.0732683 -0.719327 0.284363 0.366873 -0.375567 -0.534075 0.219385 -0.265435 -0.0839066 -0.00723916 0.364141 -0.770156 0.0829905 -1 -0.626339 0.321477 -0.943961 
-0.599873 -0.147957 -1 0.214496 0.150113 0.00463142 -0.923086 -0.163926 -1 -0.645703 -0.0470676 0.392672 -0.774349 -0.621956 -1 -0.912497 -0.271703 -0.919625 -1 -0.723555 -0.627248 -0.350837 0.135139 -1 -1 -1 -0.1997 -0.0345948 -1 -0.792654 -0.0324361 -0.912304 -0.944568 -0.92328 -0.964556 -1 -1 -0.969179 -0.912725 -0.398394 0.500079 -0.242811 -0.919361 -0.864284 -0.340307 -0.799069 -0.0964633 -0.494006 0.148276 -1 -0.581804 -0.728679 -0.197946 -1 0.314472 -0.984918 -1 -0.994487 -0.898567 -1 -0.670218 0.733651 -0.550837 -0.927829 0.0348157 -0.0700698 -1 -1 0.702311 -0.502356 -1 -0.546861 -0.153076 -1 -0.621735 -1 -0.198861 -1 -0.913767 -0.942902 -0.784496 -1 0.144681 -0.371915 -0.600536 -1 -0.922945 0.119643 -1 -0.300762 -0.00453255 -0.0111924 -1 -1 0.391958 -0.963596 0.184209 -0.33374 0.331656 -1 -0.380005 -0.188864 -0.431355 -0.947642 0.149734 -0.26741 -0.462155 0.249928 -0.411957 -0.486367 -0.954159 -0.80573 -0.538067 -1 -0.956385 -0.905543 -0.344084 -0.578689 0.507667 -1 -0.22808 -0.366638 -0.791324 0.0603032 0.0732804 -0.354738 -0.432291 0.124192 -0.36845 -0.258839 -0.104207 0.315366 -0.808102 0.0242329 -1 -0.864618 0.240078 -0.99155 
-0.54764 -0.038816 -1 0.125301 0.255505 0.00463142 -1 -0.109279 -1 -0.636929 -0.0113536 0.392672 -0.774349 -0.233816 -1 -1 -0.209655 -0.935469 -1 -0.722057 -0.31795 -0.375267 0.19843 -1 -0.920024 -0.833315 -0.083934 0.015282 -0.782488 -0.730734 0.0457652 -0.953215 -1 -0.958006 -1 -1 -1 -1 -0.834908 -0.334109 0.567538 0.109916 -0.944379 -0.887966 0.0958777 -0.571512 -0.119944 -0.494006 0.148276 -1 -0.633229 -0.750744 -0.0270765 -1 0.358638 -0.881457 -1 -0.861692 -0.840238 -0.98557 -0.456267 0.681979 -0.716561 -0.560504 -0.039543 0.0481639 -0.944425 -1 0.702311 -0.502356 -0.787487 -0.459519 -0.0309522 -1 -0.305274 -0.776239 -0.222704 -1 -0.777942 -0.991749 -0.686211 -1 0.154953 -0.338754 -0.47884 -0.899054 -0.88027 0.347187 -1 -0.139293 -0.0471242 -0.0320613 -1 -0.894242 0.541909 -1 0.361532 -0.275164 0.828705 -0.753981 -0.35442 0.0195552 -0.436225 -0.776042 0.496303 -0.173881 -0.499086 0.303274 -0.459636 -0.485931 -1 -0.385006 -0.583564 -1 -0.833996 -1 -0.241552 -0.667252 0.461787 -1 -0.22808 -0.0732683 -0.471866 0.198864 0.366873 -0.501817 -0.534075 0.0720547 -0.291652 0.134649 -0.0819756 0.325487 -0.751899 0.132579 -1 -0.699988 0.361317 -0.946106 
-0.308293 -0.936121 0.686605 -0.14841 -0.109476 -0.472782 0.270622 0.610728 -0.440482 0.332207 -0.962779 -1 -0.375886 -0.361193 0.129535 -0.0855166 -1 -0.0604589 0.00183869 -1 -0.781618 -1 0.382437 -1 -0.917376 0.118203 -0.900287 -0.110747 0.122795 -0.326024 0.0276042 -1 -1 -0.410795 -0.748924 -0.163377 0.725383 0.489081 0.4612 -0.719338 0.00887838 -1 0.359073 -0.559819 -1 0.396275 -0.25725 -0.89266 -0.402451 -0.772765 -1 -0.317273 -0.644279 -0.923122 -0.912653 -0.0831838 0.198207 -0.0544567 -0.0717382 -0.822131 -0.645845 0.911131 -1 -0.997699 0.301108 -0.771996 -1 0.311344 -0.150144 -0.845462 0.117398 0.218138 -0.903353 0.324799 -0.772766 0.440537 0.758141 0.518637 -0.738878 -1 -1 -1 -1 0.43226 -1 0.301419 -0.489376 -0.757933 -0.276489 -0.957053 0.318082 -0.521329 -1 -0.808219 -0.00119361 -0.914141 -0.866719 0.347178 -0.266237 -1 -0.459218 0.471395 0.608779 -1 -0.953025 -0.910678 0.00237441 -0.853787 0.289475 -1 0.0940504 -0.74282 -1 -0.756026 -0.969416 -1 -0.919801 -0.565636 0.63286 -0.741392 0.216294 0.214007 -0.068184 0.666534 0.280212 -1 -1 -1 0.215059 0.512943 -0.56393 0.145758 -0.733607 -1 0.797949 -0.572737 -0.108113 -0.236074 
-0.694701 -0.132214 -1 0.298038 0.255505 0.0488201 -1 -0.0198958 -0.916256 -0.636929 -0.0113536 0.376008 -0.888548 -0.197605 -0.95881 -0.944724 -0.209655 -0.935469 -1 -0.641318 -0.424087 -0.24804 0.224412 -1 -1 -0.849866 -0.134998 0.00631741 -0.861283 -0.802946 0.0457652 -0.970791 -0.96217 -0.872554 -0.970599 -1 -1 -1 -1 -0.384153 0.513195 0.132984 -0.944379 -1 -0.0244956 -0.773459 -0.265194 -0.494006 0.117965 -1 -0.824037 -0.786482 -0.0690581 -1 0.349841 -0.928507 -1 -0.861692 -0.840238 -1 -0.617149 0.512917 -0.550837 -0.560504 0.0348157 0.026098 -0.786439 -0.996339 0.694554 -0.599476 -0.805674 -0.459519 0.0621246 -1 -0.305274 -0.776239 -0.236093 -0.96662 -0.86829 -1 -0.80006 -1 0.154953 -0.338754 -0.39995 -0.848811 -1 0.324351 -1 -0.246575 0.00966977 -0.0119792 -1 -0.845134 0.420871 -1 0.353345 -0.271643 0.828705 -0.870215 -0.305764 -0.0112606 -0.536743 -0.876286 0.295303 -0.0791982 -0.571079 0.303274 -0.531436 -0.629427 -1 -0.271052 -0.559168 -0.976132 -0.825035 -1 -0.315053 -0.647488 0.325597 -1 -0.399422 -0.0732683 -0.480622 0.0535748 0.339686 -0.514157 -0.483317 0.100064 -0.291652 0.0943475 -0.00723916 0.364141 -0.816417 0.149198 -1 -0.744453 0.361317 -0.95159 
-0.555144 -0.205323 -1 0.304841 0.127307 -0.344857 -1 -0.253161 -1 -0.8263 -0.226984 0.134088 -1 -0.489521 -1 -1 -0.184388 -0.919816 -1 -0.769107 -0.660752 -0.519562 -0.0369781 -1 -1 -1 -0.116251 -0.157564 -0.782488 -0.960041 -0.297758 -1 -1 -0.957 -0.982336 -1 -1 -1 -0.941473 -0.446426 0.192493 -0.178646 -0.987355 -1 0.0465939 -0.807593 -0.372234 -0.740779 -0.0354957 -0.963169 -0.868572 -0.81759 -0.287292 -1 0.437313 -1 -1 -0.892204 -1 -1 -0.619021 0.43408 -0.830383 -1 -0.389518 0.193425 -1 -1 0.417804 -0.822249 -0.923767 -0.644648 -0.396574 -1 -0.696466 -0.816104 -0.654677 -1 -0.892742 -1 -1 -0.954043 -0.0638504 -0.396889 -0.447322 -1 -1 0.374128 -1 -0.308373 -0.43395 -0.0889808 -1 -0.977301 0.449428 -0.92254 0.314298 -0.111155 0.312159 -0.844329 -0.427588 -0.0810142 -0.796726 -0.879662 0.39678 -0.183976 -0.994178 0.098278 -0.620616 -0.598482 -1 -0.486245 -0.712554 -1 -1 -1 -0.236986 -0.9134 -0.0112566 -0.985546 -0.304231 -0.240043 -0.901409 0.159008 0.349776 -0.301528 -0.734406 -0.0633594 -0.243661 0.115994 -0.304339 0.0978592 -0.874942 -0.310072 -0.896691 -1 0.158591 -1 
-0.987188 0.0298396 -1 0.148772 -0.0122845 -0.354159 -1 -0.0212903 -1 -0.692818 -0.0113536 0.275528 -0.763766 -0.592742 -1 -1 -0.456043 -1 -1 -0.641318 -0.472297 -0.47858 0.134246 -1 -0.949027 -1 -0.083934 -0.0364463 -0.953289 -0.850911 0.0313554 -0.867214 -0.96217 -1 -1 -1 -0.996167 -1 -1 -0.35606 0.567538 0.178302 -0.876731 -1 0.0958777 -1 -0.417763 -0.498682 0.217803 -0.897946 -0.707135 -0.752793 -0.450238 -1 0.418423 -0.949118 -0.94168 -0.980169 -0.931143 -1 -0.977014 0.601906 -0.64251 -0.633658 -0.304832 -0.084359 -0.786439 -1 0.567954 -0.753831 -0.845103 -0.454631 0.0339591 -1 -0.327681 -0.789842 -0.32635 -1 -1 -0.990493 -0.686211 -1 0.154953 -0.616643 -0.279168 -0.865052 -1 0.347187 -1 -0.175973 0.00966977 -0.0320613 -1 -1 0.509817 -0.940712 0.306203 -0.302866 0.654753 -0.753981 -0.553793 0.0195552 -0.647603 -0.776042 0.457202 -0.110198 -0.664617 -0.209258 -0.643683 -0.669997 -0.995885 -0.55088 -0.832868 -1 -0.852607 -1 -0.261991 -0.676026 0.461787 -1 -0.22808 -0.190557 -0.587746 0.191797 0.335673 -0.289807 -0.67124 -0.0810979 -0.212033 0.0127246 0.0622744 0.23794 -0.946766 -0.0693159 -1 -0.812484 0.317759 -1 
-0.909298 -0.48934 -1 0.21353 -0.0554937 -0.114844 -0.910299 -0.0633873 -1 -1 -0.283816 0.0295121 -0.89654 -0.475133 -0.893441 -1 -0.32259 -1 -1 -0.727578 -0.678898 -0.723298 0.0110113 -1 -1 -1 -0.410404 0.00247268 -0.968247 -0.799379 -0.196925 -1 -0.952896 -1 -0.988185 -1 -1 -1 -1 -0.613528 0.326352 0.132984 -1 -1 -0.142209 -1 -0.368101 -0.601509 -0.317419 -1 -0.91075 -0.945352 -0.746896 -1 0.200082 -1 -0.952064 -1 -1 -0.914184 -0.745749 0.552306 -0.645955 -0.760828 -0.442888 -0.133268 -0.914597 -1 0.722691 -0.488157 -1 -0.607715 -0.406657 -1 -0.559221 -0.938154 -0.691641 -0.996194 -0.849832 -0.991749 -1 -1 0.134023 -0.543378 -1 -0.889562 -1 0.232701 -0.960148 -0.570112 -0.359175 -0.272591 -1 -0.918543 0.22287 -0.98392 0.0392235 -0.679971 0.463967 -0.753981 -0.37985 0.0347012 -0.670514 -0.980164 0.0631783 -0.1148 -0.78795 0.187792 -0.884968 -0.697537 -1 -0.743593 -0.571437 -0.794905 -1 -1 -0.734072 -0.578689 0.289381 -1 -0.624733 -0.157212 -0.792735 -0.224072 -0.0583104 -0.354738 -1 -0.16562 -0.241043 -0.15569 -0.378258 0.011092 -0.948038 -0.20189 -1 -1 0.219096 -0.969656 
-0.570756 -0.60043 -1 0.27496 0.00502864 -0.294024 -0.947671 -0.000316516 -1 -0.880025 -0.098416 0.348762 -1 -0.337162 -1 -0.955081 -0.200657 -1 -1 -0.641318 -0.640634 -0.925606 0.0110113 -1 -0.972894 -1 -0.335402 -0.211367 -0.968247 -0.749828 -0.140384 -0.928527 -0.976929 -1 -0.96062 -1 -1 -1 -0.864194 -0.521878 0.327246 0.119929 -1 -1 0.110613 -1 -0.504294 -0.645137 -0.0913371 -0.957401 -0.97958 -0.951494 -0.310555 -1 0.244046 -0.887155 -1 -0.978302 -1 -1 -0.613033 0.255384 -0.504754 -0.760828 -0.235762 0.020258 -0.719324 -1 0.813288 -0.455523 -0.981081 -0.713903 -0.229396 -1 -0.221309 -0.959459 -0.545545 -1 -1 -0.991749 -1 -0.973067 0.129765 -0.727422 -0.805447 -0.890399 -0.957333 0.1524 -1 -0.154655 -0.233197 -0.0738098 -1 -0.964058 0.22287 -1 0.292176 -0.67055 0.593168 -0.88889 -0.44342 0.0965175 -0.920528 -0.934892 0.0807816 -0.0584936 -0.785568 0.265589 -0.738309 -0.677798 -1 -0.50201 -0.583564 -0.890264 -1 -1 -0.385477 -0.870936 0.289381 -1 -0.918563 -0.0765836 -0.615064 0.0671579 0.189071 -0.365503 -0.881343 -0.143806 -0.291652 -0.149433 -0.602977 0.332309 -1 -0.0942524 -1 -1 -0.0419475 -0.969656 
-0.54764 -0.121348 -1 0.217418 0.255505 0.152249 -1 -0.0212903 -1 -0.636929 -0.129944 0.392672 -0.890269 -0.394944 -0.926419 -0.912497 -0.219266 -1 -1 -0.816813 -0.31795 -0.24804 0.19843 -1 -1 -1 -0.083934 -0.106461 -0.782488 -0.907991 -0.0642912 -1 -1 -1 -1 -1 -0.981805 -1 -1 -0.384153 0.60354 0.0578033 -1 -1 -0.160316 -0.677335 -0.119944 -0.429269 0.174469 -1 -0.633229 -0.731204 -0.0190515 -1 0.475821 -1 -1 -0.855346 -0.932377 -0.98557 -0.476755 0.476208 -0.550837 -0.616291 -0.109888 -0.016509 -0.705154 -1 0.520218 -0.405075 -0.82526 -0.73359 -0.123265 -1 -0.305274 -0.671633 -0.399523 -1 -0.804536 -1 -0.686211 -1 0.199212 -0.464682 -0.640831 -1 -0.804913 0.347187 -1 -0.18972 0.00966977 -0.0320613 -1 -0.894242 0.474638 -0.97277 0.103453 -0.256628 0.59186 -0.753981 -0.305764 -0.0248645 -0.431355 -0.776042 0.496303 -0.0791982 -0.553047 0.287786 -0.57649 -0.490894 -1 -0.179729 -0.583564 -1 -0.947299 -1 -0.241552 -0.578689 0.461787 -1 -0.253598 -0.0331625 -0.6838 0.133282 0.137227 -0.499051 -0.534075 0.0330214 -0.291652 0.118935 0.0718592 0.31103 -0.80732 -0.113098 -0.918922 -0.876561 0.361317 -1 
-0.944323 -1 -0.0678465 -0.764894 0.854005 -0.482151 -1 -0.601195 -0.799366 -1 -0.829888 -0.964562 -0.0340775 0.35804 -0.748003 -1 -1 -0.385093 0.19233 -0.108617 -0.896794 -0.0393256 0.171138 0.275807 -0.510766 -0.65123 -0.45375 0.567308 -0.344629 -0.642626 0.298277 -0.192437 -1 -0.654283 -0.527958 -0.905482 0.867948 0.641722 -1 0.364078 0.395381 -0.545771 0.230468 -1 0.841667 0.529889 -0.841711 0.125872 -0.384355 -0.640526 -1 -0.756346 -0.829968 -1 0.587089 -0.995852 -0.459179 -0.317225 -0.3349 -1 0.0192895 0.234696 -0.813029 0.358085 0.861613 -0.493136 -1 0.094005 -0.234186 -0.350513 -0.921264 -1 -0.94602 0.0985028 0.878691 0.61962 -1 0.0657656 -1 -0.178488 -0.96289 -0.075766 -0.624993 -1 -0.634515 -0.268508 -0.956688 -0.197406 -1 0.453814 0.678424 -0.213341 0.333673 0.023664 -0.901762 -0.0462956 -0.358345 -0.282229 -0.538313 -0.256777 0.242383 -1 0.400186 0.504959 -0.250119 -0.521601 -0.962075 -0.283141 -0.996971 -0.293688 0.71102 -0.137843 0.230599 0.0302634 -0.96133 0.338721 -0.060871 -0.448727 -0.0541846 -1 -1 0.541625 -0.968009 0.159661 0.691035 -0.679191 -0.864516 0.134274 0.657766 -0.214349 -0.116587 -0.335897 -1 -1 0.0475395 -1 -0.116689 0.143152 
-0.584813 -0.038816 -1 0.125301 0.145684 0.00463142 -1 -0.109279 -1 -0.654634 -0.0113536 0.223607 -0.976568 -0.292638 -1 -1 -0.18074 -1 -1 -0.914794 -0.511841 -0.529053 0.00195161 -1 -0.920024 -1 -0.147416 0.0386093 -1 -0.730734 0.0457652 -0.953215 -1 -0.958006 -1 -1 -1 -1 -0.834908 -0.312849 0.567538 -0.0596165 -1 -0.825305 0.0958777 -0.488181 -0.238265 -0.744687 0.148276 -1 -0.633229 -0.750744 -0.0270765 -1 0.33733 -0.971207 -1 -0.861692 -0.840238 -0.98557 -0.728848 0.681979 -0.757507 -0.509797 -0.039543 0.0481639 -0.982701 -1 0.702311 -0.579117 -0.787487 -0.459519 -0.283587 -1 -0.305274 -0.752915 -0.35223 -1 -0.777942 -1 -0.686211 -1 0.116958 -0.338754 -0.556479 -0.820104 -1 0.304703 -1 -0.139293 -0.210831 -0.0320613 -1 -0.894242 0.541909 -1 0.337036 -0.275164 0.828705 -0.837738 -0.35442 0.0195552 -0.39017 -0.795073 0.496303 -0.278731 -0.500274 0.303274 -0.490127 -0.485931 -1 -0.354364 -0.549029 -1 -0.833996 -1 -0.142027 -0.682476 0.300166 -1 -0.22808 -0.271976 -0.439043 -0.0294854 0.366829 -0.460763 -0.534075 0.0645529 -0.291652 -0.10411 -0.0169714 0.311948 -0.751899 0.132579 -1 -0.957998 0.35849 -0.946106 
-0.832785 -1 -0.473838 -0.580003 -1 -0.624588 0.441975 -0.961774 -0.42742 -0.729105 -0.990833 0.492884 0.154589 -0.574574 -0.686764 0.133329 -0.359241 -0.677441 -0.234925 0.386896 -1 -1 0.639831 0.127464 0.323968 -0.137385 -0.845582 -0.8883 -1 0.482276 -0.985668 0.447022 -0.356424 0.452271 0.282536 -1 -0.883952 -0.767844 -1 -0.549168 0.482508 0.19726 -1 -0.0791473 -1 -0.829734 0.614022 -0.288093 -0.321811 -1 -0.27107 0.680368 -0.838239 -0.181034 -0.202204 -0.470877 -1 -0.547191 -0.19505 0.441964 -0.660929 -0.758492 -0.646425 0.876429 -0.908275 0.520218 -0.586765 0.847099 -0.527717 -0.683244 -1 0.740268 -0.607014 -1 0.666457 0.0474629 0.10386 0.22605 -0.953641 0.742924 -0.284943 -1 -0.798007 0.221574 0.231884 -0.129093 -1 0.20404 0.566429 0.145976 -0.592774 -0.0257877 0.139844 -1 -0.954188 -0.164868 -0.164042 -0.924029 -0.987082 -0.0964218 -0.657494 -1 -0.704527 0.103463 0.119379 -0.176091 -0.93742 -0.949555 -0.97054 -0.700303 -0.0903778 0.363717 0.384461 -1 -1 -0.225725 0.0294925 -0.393729 -0.625944 -1 -1 -0.406356 0.665803 -0.932771 -0.507532 -1 0.286756 -0.178663 -0.637084 -0.638572 -0.212528 -1 -1 -1 0.297549 0.592132 -0.989232 -1 
-1 -0.965857 0.0611313 -1 0.749274 0.000771224 -0.876595 0.125982 -0.667707 -1 -1 -0.766425 0.226903 0.435137 -0.357749 -1 -1 -0.453712 0.162943 -0.0482053 -0.875566 -0.0995196 0.337917 0.418841 -0.214365 -0.43903 -0.530733 0.456821 -0.238906 -0.641899 0.47581 -0.0186345 -0.971086 -0.441462 -0.350922 -0.920692 0.745354 0.751873 -1 0.0741789 0.0790368 -0.416786 0.239632 -0.960649 0.742438 0.289503 -1 0.157892 -0.364155 -0.512121 -0.37165 -0.432793 -0.788707 -1 0.675259 -0.984309 -0.800671 -0.314067 -0.0839307 -1 0.066491 0.35143 -0.665625 0.464183 0.89274 -0.503275 -1 0.199426 0.166974 0.0965157 -0.96072 -1 -0.791838 0.344947 0.971393 0.597676 -0.850466 0.160388 -0.955353 0.372652 -0.876368 0.231064 -0.614138 -1 -0.265941 -0.217758 -1 -0.10939 -0.801852 0.484257 0.608253 -0.0783307 0.347542 0.262344 -0.91113 -0.109125 0.109601 -0.205339 -0.384179 -0.201866 0.250932 -1 0.587481 0.478775 -0.0696222 -0.498377 -0.943849 0.0104638 -0.737607 0.20848 0.696976 -0.311413 -0.102127 0.13071 -0.719982 0.338866 -0.191074 -0.473801 0.0649603 -0.948745 -0.960517 0.844067 -1 0.411505 0.642297 -0.626883 -0.663178 0.1776 0.72929 0.0355325 -0.241202 -0.593355 -0.961207 -1 0.211406 -1 0.227508 0.332133 
-0.630185 -0.038816 -1 0.288262 0.252933 0.0707492 -0.913872 0.0756209 -1 -0.636929 -0.0113536 0.392672 -0.872515 -0.425488 -1 -0.821049 -0.422616 -1 -1 -0.816813 -0.31795 -0.24804 0.190135 -1 -1 -1 -0.0456365 0.015282 -0.920601 -1 -0.279186 -0.739754 -1 -1 -1 -1 -1 -1 -1 -0.358926 0.567538 -0.123851 -1 -1 -0.065452 -0.579628 -0.119944 -0.498634 0.0854743 -0.915148 -0.817562 -0.750744 -0.049474 -1 0.475821 -1 -1 -0.861692 -1 -0.98557 -0.529784 0.312411 -0.550837 -0.632479 0.0630127 0.155811 -0.900237 -1 0.546508 -0.63215 -0.821006 -0.459519 -0.137684 -1 -0.534671 -0.68476 -0.474886 -1 -0.777942 -0.998938 -0.764171 -1 0.0557787 -0.560167 -0.376424 -1 -0.88027 0.315575 -1 -0.39801 0.00966977 -0.0265428 -1 -1 0.361965 -0.996216 0.353345 -0.321407 0.640815 -0.7263 -0.305764 -0.0810142 -0.399993 -0.760125 0.299708 -0.102998 -0.512841 0.236772 -0.388978 -0.720867 -1 -0.271052 -0.583564 -1 -1 -1 -0.241552 -0.578689 0.414429 -1 -0.173385 -0.0331625 -0.64116 0.133282 0.0684306 -0.354738 -0.77567 0.0622372 -0.291652 0.134649 0.0454836 0.0426599 -0.80732 -0.113098 -0.825812 -0.699988 0.361317 -0.966093 
0.458252 -1 0.83794 -0.189627 0.357103 -0.174102 0.169577 0.415727 -0.688868 0.40428 -1 -1 -0.968774 -0.718237 0.169 -0.190645 -0.383933 -0.45589 -0.0263929 -1 -1 -1 0.740742 -0.72814 -1 -0.689814 -0.842483 -0.428563 -0.0994478 -0.555318 0.051922 -1 -1 -0.668144 -0.911011 0.172399 0.256368 0.15001 0.388285 -0.921347 0.147268 -0.909185 0.467899 -0.431568 -1 0.377094 -0.457647 -1 -1 -0.900884 -1 -0.313303 -0.833275 -0.95323 -0.953714 -0.0397011 -0.0890751 0.0488111 -0.0923905 -0.611614 -1 0.365054 -1 -1 0.0597033 -0.45243 -1 0.416799 -0.135775 -0.782965 -0.927341 0.0309977 -0.806611 -0.329225 -0.56605 -0.111322 0.830538 0.375762 0.0670977 -1 -1 -1 -1 0.0705732 -1 -0.0223023 -0.884892 -0.613124 -0.774159 -1 0.732333 -0.453546 -1 -0.32925 0.374374 -0.908451 -0.77995 0.226176 -0.0371327 -0.735866 -0.87251 0.601882 -0.0203541 -1 -0.761119 -0.784127 0.0366145 -1 0.164758 -1 0.135365 -0.798012 -1 -0.586174 -0.360012 -1 -1 -0.439673 0.105732 -0.780495 0.20552 0.418419 -0.960841 0.0460114 0.077975 -0.756074 -0.552064 -1 0.939854 0.170323 -0.798835 0.0421455 -0.644641 -0.761393 0.636259 -1 -0.333637 -0.308178 
-1 -1 0.0446739 -1 0.780415 -0.0238198 -1 0.151043 -0.706936 -1 -0.894812 -0.760252 0.154004 0.55195 -0.414729 -0.907755 -1 -0.33941 0.129095 -0.0482053 -0.875566 -0.189102 0.337917 0.524806 -0.228448 -0.670887 -0.352686 0.266487 -0.308055 -0.641899 0.313847 0.0689977 -1 -0.441462 -0.630037 -0.964771 0.842833 0.751873 -1 0.0741789 0.102202 -0.437953 -0.0152209 -0.980207 0.836083 0.321847 -1 -0.076285 -0.235909 -0.584954 -0.677208 -0.432793 -0.788707 -0.949449 0.537449 -1 -1 -0.437735 -0.0839307 -1 0.066491 0.482218 -0.916993 0.464183 0.728997 -0.551714 -1 0.0372191 0.124908 0.0759505 -0.96072 -1 -0.899352 0.493562 0.971393 0.279233 -0.810342 0.160388 -1 0.372652 -0.876368 0.231064 -0.730563 -0.972088 -0.417894 -0.364583 -1 -0.363083 -0.801852 0.324669 0.307339 -0.195944 0.143548 0.310951 -0.831381 -0.162559 -0.0441127 -0.626135 -0.517575 -0.499811 0.0272966 -0.971773 0.34903 0.478775 -0.183148 -0.498377 -0.974447 -0.159604 -0.797536 0.163314 0.486764 -0.311413 0.0254283 0.14489 -0.719982 0.336597 -0.185416 -0.502878 -0.168082 -0.948745 -0.960517 0.735341 -1 0.345242 0.693752 -0.709361 -0.930454 0.1776 0.615724 0.0355325 -0.404632 -0.46985 -0.926179 -1 0.211406 -1 0.283509 0.17733 
-0.595262 -0.309628 -1 0.195362 -0.0569841 -0.0672814 -1 -0.0212903 -1 -0.773198 -0.20085 0.282688 -0.953369 -0.187881 -0.910145 -0.912497 -0.501136 -0.910939 -1 -0.845395 -0.31795 -0.198709 0.131419 -1 -1 -0.922896 -0.0417068 -0.215506 -1 -0.730734 -0.143302 -0.881702 -1 -1 -1 -1 -1 -0.973503 -0.873081 -0.500658 0.635941 0.0697602 -1 -1 -0.139985 -0.594586 -0.241991 -0.79655 -0.101447 -0.98308 -0.775723 -0.863194 -0.0270765 -0.981374 0.268212 -0.856697 -1 -0.998179 -1 -1 -0.677799 0.717849 -0.865443 -1 -0.046611 -0.192415 -0.9023 -1 0.579711 -0.874442 -0.943293 -0.469797 -0.131857 -1 -0.396455 -0.957872 -0.175885 -1 -0.777942 -1 -0.672952 -1 0.154953 -0.561086 -0.508989 -0.927687 -1 0.396442 -1 -0.29758 -0.115295 -0.0952717 -1 -0.880227 0.0408373 -1 0.249234 -0.478621 0.492382 -0.744163 -0.329986 0.0195552 -0.38993 -0.723359 0.48542 -0.187358 -0.500871 0.196413 -0.433001 -0.449389 -1 -0.296419 -0.629296 -0.998997 -0.972546 -1 -0.242029 -0.605069 0.486889 -1 -0.22808 -0.409285 -0.545892 -0.113971 0.260024 -0.444387 -0.655228 -0.0138247 -0.533602 -0.0279906 -0.217455 0.305867 -0.731913 -0.0948563 -1 -0.749756 0.181431 -1 
-0.250841 -1 0.649951 -0.187253 0.00628109 -0.46184 0.301368 0.667377 -0.164217 0.528959 -1 -1 -0.428246 -0.18964 0.373183 -0.113121 -0.708564 0.0805223 0.00183869 -0.924038 -0.897924 -0.989275 0.523543 -0.996078 -1 0.0255006 -1 -0.0415307 0.205316 -0.379104 0.0652509 -1 -1 -0.526024 -0.631277 -0.150292 0.740946 0.402678 0.276541 -0.819473 0.248964 -0.969601 0.439984 -0.699227 -0.946006 0.499323 -0.426329 -0.950855 -0.526881 -0.89139 -1 -0.317273 -0.590832 -0.964232 -1 -0.07436 0.144275 -0.107848 -0.0717382 -0.727993 -0.493898 0.735087 -1 -1 0.393748 -0.521594 -1 0.207772 -0.0235742 -0.71716 0.187295 0.302728 -0.903353 0.192135 -0.703661 0.234039 0.621451 0.631144 -0.523311 -1 -0.945859 -1 -0.896157 0.43226 -1 0.396753 -0.594789 -0.768464 -0.095714 -1 0.454891 -0.542176 -1 -0.883401 0.32855 -0.640945 -0.838055 0.457662 0.0751989 -0.926247 -0.537954 0.453036 0.608779 -1 -0.512849 -0.866111 -0.151525 -0.68384 0.540983 -1 -0.0476143 -0.703935 -1 -0.817304 -0.931914 -1 -1 -0.622929 0.601914 -0.741392 0.477696 0.37609 -0.0104183 0.666534 0.163035 -1 -1 -1 0.401618 0.375612 -0.419032 0.0385766 -0.803117 -1 0.827704 -0.790039 -0.108113 -0.45523 
-0.700369 -0.038816 -1 0.342338 0.10131 0.0707492 -0.925283 -0.172137 -1 -0.813811 -0.0933948 0.392672 -1 -0.457453 -1 -1 -0.137219 -1 -1 -1 -0.31795 -0.211442 -0.0426511 -1 -1 -0.994526 -0.083934 -0.0845518 -1 -0.984961 -0.258307 -0.802444 -0.920902 -0.902707 -1 -1 -0.996167 -1 -0.752704 -0.384153 0.286956 -0.517741 -1 -1 0.150156 -0.621562 -0.394547 -0.977234 0.148276 -1 -1 -0.836321 -0.424807 -1 -0.0949807 -1 -0.939482 -0.889134 -0.914281 -1 -0.699782 0.351117 -1 -0.68793 -0.140601 0.172658 -0.949082 -0.91016 0.316878 -0.502356 -0.783817 -0.718981 -0.123265 -1 -0.305274 -0.930086 -0.399523 -1 -0.870656 -0.960837 -0.686211 -1 0.154953 -0.338754 -0.376424 -0.848811 -1 0.128338 -1 -0.125712 0.00966977 -0.32805 -1 -0.894242 0.574888 -1 0.353345 -0.0365855 0.217757 -1 -0.305764 -0.342883 -0.454478 -0.776042 0.492008 -0.368882 -0.412047 0.369358 -0.610063 -0.547389 -1 -0.271052 -0.655435 -0.990991 -1 -0.909141 -0.215154 -0.823417 0.284368 -1 -0.205511 -0.405549 -1 -0.184342 0.183346 -0.354738 -0.534075 0.0330214 -0.416464 0.170135 -0.287866 -0.230237 -0.938495 -0.12576 -0.954745 -0.699988 0.361317 -0.946106 
-1 -1 -0.43919 -0.995125 -0.713482 -0.928314 0.824573 -0.682071 -1 -0.377846 -0.966927 0.00474226 -0.420056 -1 -0.29299 -0.391708 -0.390389 -0.92495 0.118861 0.523697 -1 -0.961764 0.315894 -0.480324 0.257558 -0.147918 -1 -0.748832 -1 -0.22998 -0.98796 0.372516 -0.486814 0.131872 -0.0245413 -1 -0.922049 -0.458742 -1 -0.694752 0.529984 -0.0537117 -0.951928 0.274407 -1 -1 -0.0888607 -0.233217 -0.536171 -1 -0.765987 0.310797 -1 0.236485 -0.0771762 -0.0451863 -1 -1 -0.894817 0.255256 -0.811308 -0.913495 -1 0.347226 -1 0.111806 -0.764533 0.329826 -0.870967 -1 -0.971362 0.235533 -0.97269 -0.195921 0.129125 -0.510843 -0.121742 -0.00273752 -0.267866 0.364415 -0.857102 -0.9642 -1 -0.525246 -0.734488 0.100823 -0.930875 0.285703 0.291692 0.347977 -0.834559 -0.192722 -0.0491844 -1 -0.92097 0.19152 0.0835103 -0.883743 -1 -0.433815 -0.203684 -0.900763 -0.641412 -0.425125 -0.376267 -0.626334 -1 -1 -1 -0.934953 -0.256711 0.272812 0.740692 -0.91892 -0.954516 -0.542499 -0.193177 -0.744884 -0.687097 -1 -1 0.082678 0.409711 -1 -0.756867 -1 0.679755 0.00638551 -0.885822 -0.844714 -0.742241 -0.802616 -1 -0.96934 0.0748422 0.373379 -0.970379 -1 
-0.540438 -0.038816 -0.939693 0.288262 0.262147 0.00463142 -1 -0.0212903 -0.942101 -0.636929 -0.0113536 0.416034 -0.765132 -0.233816 -1 -0.912497 -0.311767 -1 -1 -0.722206 -0.369694 -0.24804 0.0623874 -1 -0.968063 -0.833315 -0.173549 0.00589547 -0.782488 -0.681443 -0.00408763 -0.948664 -0.96217 -1 -1 -1 -0.979742 -1 -0.82373 -0.411865 0.567538 0.132984 -1 -0.887966 0.0958777 -0.574304 -0.255528 -0.494006 0.0131966 -1 -0.672863 -0.697284 -0.0806095 -1 0.475821 -1 -0.970894 -0.812136 -0.857481 -1 -0.494707 0.494489 -0.624082 -0.560504 0.0668209 0.124324 -0.786439 -1 0.575947 -0.677522 -0.822422 -0.459519 -0.114128 -1 -0.317581 -0.739034 -0.222704 -0.960697 -0.766404 -0.991749 -0.864475 -1 0.154953 -0.444225 -0.376424 -0.97505 -0.994806 0.291885 -0.973515 -0.181517 0.0109935 -0.25179 -1 -1 0.541909 -1 0.353345 -0.118861 0.579949 -0.69315 -0.364737 0.0195552 -0.382855 -0.776042 0.496303 -0.0791982 -0.512841 0.303274 -0.443731 -0.549896 -0.978894 -0.271052 -0.583564 -1 -0.825035 -1 -0.194828 -0.578689 0.461787 -1 -0.346708 -0.0732683 -0.508783 0.211224 0.354896 -0.354738 -0.76359 0.124192 -0.338537 0.0562715 -0.00723916 0.219063 -0.686697 0.132579 -1 -0.73326 0.361317 -1 
-0.517332 -0.038816 -0.9872 0.288262 0.255505 -0.0704645 -1 0.00176653 -1 -0.847076 0.0787959 0.298041 -0.911703 -0.233816 -1 -0.820153 -0.504596 -0.992597 -1 -0.889765 -0.31795 -0.369716 0.19843 -1 -0.997886 -0.833315 -0.083934 0.0265352 -0.704204 -0.730734 0.0922569 -0.873233 -0.96217 -0.92328 -1 -0.927873 -0.996167 -1 -0.834908 -0.384153 0.571618 0.130264 -0.944379 -0.887966 0.0958777 -0.525245 -0.264501 -0.728574 -0.213428 -1 -0.853737 -0.700181 -0.0930434 -1 0.318393 -0.881457 -1 -0.861692 -1 -1 -0.443541 0.442346 -0.827724 -0.581128 0.0348157 -0.0437507 -0.786439 -1 0.736235 -0.502356 -0.753373 -0.38087 -0.0608276 -0.922928 -0.567948 -0.776239 -0.239488 -1 -0.873022 -0.991749 -1 -1 0.116198 -0.338754 -0.639291 -0.848811 -0.88027 0.347187 -0.948051 -0.104771 0.00966977 -0.0320613 -1 -1 0.516466 -0.967831 0.303457 -0.246536 0.820794 -0.992123 -0.269396 0.0331573 -0.697441 -0.718219 0.366511 -0.235673 -0.512841 0.303274 -0.443731 -0.568061 -1 -0.389192 -0.732236 -0.945008 -0.853947 -1 -0.536282 -0.70076 0.461787 -1 -0.266609 -0.211128 -0.480622 0.191797 0.366873 -0.348332 -0.652168 -0.113836 -0.404725 -0.0670998 -0.205179 0.12822 -0.606615 0.131733 -1 -0.92016 0.384564 -0.980483 
-0.600021 -0.0366862 -0.970101 0.288262 0.0703883 -0.12846 -1 -0.118913 -1 -0.731125 0.00935524 0.396857 -0.774349 -0.185708 -1 -0.997425 -0.209655 -1 -0.975021 -0.719361 -0.31795 -0.209747 0.0854628 -1 -0.920024 -0.827323 -0.15101 -0.0158731 -0.689236 -0.730734 0.0112312 -1 -0.913241 -1 -1 -0.973176 -1 -1 -0.834908 -0.485359 0.411747 0.132984 -1 -0.986965 -0.0495366 -0.634727 -0.165701 -0.494006 -0.0895606 -1 -0.779724 -0.750744 -0.0270765 -0.987858 0.475821 -1 -1 -1 -0.946808 -0.98557 -0.545033 0.547671 -0.604181 -0.560504 -0.0563266 0.124324 -0.854194 -0.981796 0.543881 -0.662744 -0.986424 -0.617998 0.00887297 -1 -0.492023 -0.776239 -0.269459 -1 -0.757698 -0.991749 -0.761717 -1 0.154953 -0.338754 -0.491762 -0.956294 -0.971078 0.369943 -1 -0.139293 -0.213504 -0.0320613 -1 -1 0.472398 -0.940712 0.400892 -0.196413 0.828705 -0.808397 -0.305764 -0.0288491 -0.439259 -0.776042 0.496303 -0.0791982 -0.512841 0.20623 -0.420753 -0.730664 -1 -0.362783 -0.71254 -0.986324 -1 -0.985247 -0.364498 -0.723348 0.461787 -0.98407 -0.452371 -0.0732683 -0.48527 0.228659 0.366873 -0.413497 -0.534075 0.124192 -0.435773 0.011926 -0.228693 0.265273 -0.811746 0.132579 -0.978958 -0.783082 0.327797 -0.949224 
-0.250841 -1 0.649951 -0.187253 0.00628109 -0.572549 0.270622 0.667377 -0.164217 0.528959 -1 -1 -0.439633 -0.18964 0.373183 -0.158164 -0.800969 -0.0755347 0.00183869 -0.857949 -0.758504 -1 0.523543 -0.983795 -0.957612 0.00452109 -1 -0.0147747 0.205316 -0.356927 0.173713 -0.962469 -1 -0.395929 -0.598421 -0.150292 0.719914 0.532336 0.276541 -0.836573 0.248964 -0.969601 0.396323 -0.637856 -0.946006 0.53296 -0.33966 -0.950855 -0.4434 -0.943577 -1 -0.317273 -0.68682 -1 -1 -0.153578 0.198207 -0.107848 -0.144699 -0.717985 -0.618538 0.735087 -1 -1 0.25569 -0.629954 -1 0.286917 -0.0235742 -0.71716 0.189203 0.380146 -0.903353 0.244765 -0.637052 0.329986 0.621451 0.484511 -0.573504 -1 -0.945859 -1 -1 0.315381 -1 0.28662 -0.678622 -0.768464 -0.0506551 -0.957053 0.467364 -0.567844 -1 -0.852672 0.32855 -0.640945 -0.83001 0.457662 0.0751989 -0.958205 -0.459218 0.587144 0.608779 -1 -0.512849 -0.866111 -0.151525 -0.758654 0.540983 -0.97984 -0.080818 -0.703935 -1 -0.817448 -0.969416 -1 -0.982267 -0.565636 0.601914 -0.741392 0.477696 0.423967 -0.0104183 0.666534 0.143045 -1 -1 -1 0.4158 0.504818 -0.419032 0.0385766 -0.710047 -1 0.95436 -0.664184 -0.0803602 -0.335743 
-0.978043 -0.182653 -1 0.288262 0.0254912 -0.119809 -0.956329 -0.090537 -1 -0.683128 -0.0604816 0.344651 -0.867616 -0.233816 -1 -0.87068 -0.563152 -0.953689 -1 -0.646438 -0.716338 -0.435746 -0.0364625 -0.952338 -1 -0.919422 -0.152074 -0.0855114 -1 -0.91246 -0.0851313 -0.98467 -1 -0.919009 -1 -1 -1 -1 -0.834908 -0.408047 0.497672 0.114396 -0.956692 -0.887966 0.0958777 -0.569181 -0.26987 -0.61589 -0.0391183 -0.929721 -0.91588 -0.801233 -0.15054 -1 0.112061 -0.89145 -1 -1 -0.840238 -1 -0.479011 0.681979 -0.747688 -0.868224 0.143196 0.202718 -1 -1 0.807785 -0.892958 -1 -0.774254 0.0681447 -1 -0.231987 -0.93429 -0.222704 -1 -0.689529 -0.939907 -0.652105 -1 0.154953 -0.479704 -0.533426 -1 -0.922933 0.216655 -0.926896 -0.112402 -0.113712 -0.174792 -1 -1 0.505138 -0.984706 0.247514 -0.494054 0.859721 -0.753981 -0.351318 0.0195552 -0.654739 -0.703478 0.361322 -0.0368012 -0.711184 0.163347 -0.932068 -0.538093 -1 -0.598927 -0.717975 -1 -0.862458 -1 -0.150958 -0.660951 0.10447 -1 -0.26498 -0.0732683 -0.515128 -0.316934 0.366873 -0.357042 -0.677058 0.11127 -0.274487 0.0631314 -0.00723916 0.0323485 -0.785296 -0.287749 -1 -0.78408 0.048703 -0.941599 
-0.904778 -1 -0.648723 -1 -0.618819 -0.928314 0.824573 -0.766527 -1 -0.377846 -1 -0.138553 -0.608546 -1 -0.440051 -0.461646 -0.365545 -1 0.105126 0.542709 -1 -0.911654 0.315894 -0.705898 0.257558 -0.147918 -1 -0.84771 -0.947052 -0.167569 -1 0.301517 -0.733735 -0.0573279 0.00898586 -1 -0.922049 -0.46455 -1 -0.690724 0.476909 -0.219855 -0.919881 0.24406 -1 -0.992059 -0.0888607 -0.283234 -0.558226 -0.996807 -0.771546 0.358691 -1 0.236485 -0.0149004 -0.11646 -0.829293 -1 -0.894817 0.227751 -0.916705 -1 -1 0.347226 -1 0.111806 -0.890904 0.329826 -0.797957 -1 -1 0.262501 -1 -0.256801 -0.112946 -0.503216 -0.159298 -0.00273752 -0.329451 0.357383 -0.893843 -1 -1 -0.526351 -0.672211 -0.04376 -1 0.101776 0.191002 0.347977 -0.948509 -0.213274 -0.056837 -1 -0.92097 0.116768 0.0967777 -0.98071 -1 -0.584973 -0.383175 -0.900763 -0.886843 -0.491111 -0.357153 -0.643508 -1 -1 -0.947685 -0.779909 -0.256711 0.272812 0.641894 -0.91892 -0.954516 -0.808878 -0.193177 -1 -0.917106 -1 -1 0.0922797 0.371638 -1 -0.756867 -1 0.53045 0.127728 -0.897795 -0.78253 -0.713802 -0.842168 -1 -1 0.136426 0.340945 -1 -1 
-0.94111 -0.132214 -1 0.349153 0.255505 0.0488201 -1 -0.0198958 -0.916256 -0.636929 -0.0113536 0.110422 -1 -0.197605 -1 -0.944724 -0.300031 -0.961959 -1 -0.641318 -0.424087 -0.24804 0.224412 -1 -1 -0.849866 -0.4128 0.00631741 -0.861283 -0.802946 0.0457652 -1 -0.96217 -0.872554 -0.970599 -0.905669 -0.941999 -1 -1 -0.38133 0.461832 0.1655 -0.944379 -1 -0.0244956 -0.773459 -0.176233 -0.723811 0.117965 -1 -0.753491 -0.805366 -0.0690581 -1 0.349841 -0.928507 -1 -0.861692 -0.840238 -1 -0.617149 0.58979 -0.850585 -0.560504 -0.0528518 -0.0582289 -0.786439 -1 0.705785 -0.599476 -0.805674 -0.459519 0.0662073 -1 -0.425376 -0.776239 -0.236093 -1 -0.808405 -1 -0.726543 -1 0.139603 -0.526458 -0.33179 -0.922292 -0.930847 0.324351 -1 -0.246575 -0.233469 -0.0119792 -1 -0.845134 0.420871 -1 0.353345 -0.271643 0.828705 -0.870215 -0.305764 -0.0112606 -0.660907 -1 0.160695 -0.0791982 -0.651215 0.0114351 -0.531436 -0.629427 -1 -0.271052 -0.462465 -1 -0.825035 -1 -0.481134 -0.856188 0.325597 -1 -0.403182 0.0146938 -0.480622 0.0535748 0.339686 -0.75081 -0.3946 0.100064 -0.291652 0.0943475 -0.00723916 0.308043 -0.816417 0.245778 -1 -0.778887 0.0716629 -0.957356 
-0.705472 -0.121032 -0.957276 0.263489 0.0540891 0.133856 -1 -0.345636 -1 -0.760439 0.00638244 0.474453 -0.967358 -0.490695 -1 -1 -0.420115 -0.935469 -1 -0.851776 -0.856839 -0.323533 0.216414 -1 -1 -0.983162 -0.228959 0.0740247 -0.989797 -0.730734 -0.336638 -1 -1 -1 -0.971706 -1 -1 -0.98744 -1 -0.5972 0.547253 0.132984 -1 -1 0.115669 -0.845601 -0.336475 -0.572989 0.0919347 -1 -0.698807 -0.926196 -0.0270765 -1 0.415424 -0.896094 -1 -1 -0.853417 -1 -0.507148 0.122744 -0.718493 -0.560504 0.00971759 -0.0603709 -0.799867 -0.970045 0.447072 -0.51284 -0.885571 -0.567176 -0.153044 -1 -0.733088 -0.732846 -0.383541 -1 -0.960267 -1 -0.799521 -1 0.00116354 -0.342754 -0.566536 -0.848811 -0.989683 -0.0860443 -1 -0.259357 -0.261362 0.0716176 -1 -1 0.406089 -1 0.221568 -0.00362016 0.861905 -0.876807 -0.305764 -0.29057 -0.600835 -1 0.380336 -0.0791982 -0.590144 0.0987065 -0.393139 -0.6449 -1 -0.271052 -0.583564 -0.976132 -1 -1 -0.46032 -0.647488 -0.00834246 -1 -0.379319 -0.249716 -0.612024 -0.11976 0.495189 -0.405507 -0.469178 0.0830387 -0.255564 -0.11308 -0.0997761 0.143848 -0.796241 0.0760231 -1 -0.652896 0.208195 -1 
-0.694701 -0.132214 -1 0.190372 0.292553 0.0918637 -1 0.0257324 -1 -0.636929 -0.0113536 0.376008 -0.888548 -0.197605 -0.95881 -0.944724 -0.24829 -0.935469 -1 -0.641318 -0.424087 -0.24804 0.224412 -1 -1 -0.849866 -0.134998 0.00631741 -0.861283 -0.782182 0.0457652 -1 -1 -0.872554 -0.989171 -1 -1 -1 -1 -0.347253 0.502863 0.132984 -0.944379 -1 0.0348886 -0.773459 -0.265194 -0.494006 -0.0471364 -1 -0.86593 -0.786482 -0.0690581 -1 0.397044 -0.843673 -1 -0.890811 -1 -1 -0.617149 0.394246 -0.533747 -0.560504 0.0348157 0.026098 -1 -1 0.694554 -0.705052 -0.805674 -0.459519 0.150019 -1 -0.305274 -1 -0.236093 -0.96662 -1 -0.91327 -0.80006 -1 0.154953 -0.338754 -0.638716 -0.848811 -1 0.324351 -1 -0.181042 -0.11665 0.0625825 -1 -0.845134 0.252471 -1 0.353345 -0.271643 0.828705 -0.955477 -0.305764 -0.30093 -0.491673 -1 0.0376179 -0.0466369 -0.551778 0.347985 -0.703303 -0.629427 -1 -0.271052 -0.672402 -0.976132 -0.825035 -0.906234 -0.315053 -0.647488 0.11758 -1 -0.399422 -0.0732683 -0.480622 0.00631541 0.0714024 -0.668829 -0.483317 -0.0748319 -0.322583 0.0477274 -0.00723916 0.364141 -1 0.217671 -1 -0.724104 0.361317 -0.888862 
-0.54764 -0.271591 -1 0.124588 0.282998 -0.12377 -0.957654 -0.318407 -1 -0.542098 -0.533277 0.212872 -0.82815 -0.716812 -1 -1 -0.487752 -0.997044 -1 -1 -0.78952 -0.573785 0.0586135 -0.969389 -1 -1 -0.401611 -0.00850375 -0.982446 -0.876547 -0.0902333 -0.844786 -1 -1 -1 -1 -1 -1 -1 -0.638358 0.505669 -0.0868464 -0.991739 -0.953499 -0.0597289 -1 -0.357606 -0.628912 -0.165321 -0.918823 -0.633229 -0.963797 -0.545661 -0.864196 0.480732 -0.881457 -0.995462 -1 -1 -1 -0.734251 0.430966 -0.621231 -0.561691 -0.138847 -0.128639 -0.850115 -1 0.589324 -0.995896 -1 -0.742122 -0.521591 -0.900094 -0.365517 -0.898833 -0.387098 -1 -1 -0.991749 -0.903803 -0.91334 -0.202818 -0.823171 -0.641176 -1 -0.969188 -0.058111 -0.929737 -0.230257 -0.0663511 -0.416737 -1 -0.958157 -0.0821986 -0.974904 0.426331 -0.0485907 0.902912 -0.687698 -0.71736 -0.102113 -0.430863 -1 0.604019 -0.271886 -0.880502 0.289175 -0.813028 -0.679317 -0.987255 -0.555904 -0.663723 -0.927351 -0.973882 -0.975733 -0.578818 -0.503944 0.134932 -1 -0.331326 -0.18214 -1 -0.119392 0.269861 -0.579675 -0.656495 0.155292 -0.293636 0.0225005 -0.331656 0.309279 -0.88344 0.100162 -1 -0.806128 0.194554 -1 
-0.553739 -0.0762583 -1 0.27628 0.105576 -0.223287 -1 -0.435852 -1 -0.547026 -0.147764 0.29072 -0.981762 -0.350444 -1 -0.863374 -0.487255 -0.908099 -1 -1 -0.395108 -0.294914 -0.0214611 -1 -1 -0.859683 -0.306185 0.0147533 -0.909141 -0.962907 -0.00408763 -1 -0.96217 -1 -1 -1 -1 -0.971803 -0.816439 -0.390619 0.556443 -0.140743 -1 -0.969823 -0.188575 -0.864969 -0.255528 -0.494006 0.201484 -0.944322 -0.969405 -0.741837 -0.103436 -1 0.389113 -0.945562 -1 -1 -1 -1 -0.496133 0.469016 -0.840909 -1 -0.200558 0.184016 -0.902922 -1 0.238642 -0.537197 -0.722458 -0.478761 0.0835474 -1 -0.4005 -0.861772 -0.258908 -0.959249 -0.814468 -1 -1 -1 0.0054223 -0.689983 -0.701594 -0.982899 -0.906412 0.178962 -0.999604 -0.229702 -0.619073 -0.157986 -1 -1 0.247475 -0.907392 0.181359 -0.378744 0.291718 -0.804269 -0.398556 0.0195552 -0.485713 -0.776042 0.569129 -0.12543 -0.751259 0.247694 -0.443731 -0.752592 -1 -0.43414 -0.727265 -1 -1 -1 -0.499983 -0.501186 0.468397 -1 -0.548594 -0.19534 -0.435039 0.218147 0.366873 -0.38734 -0.955548 0.117382 -0.435217 0.0258451 -0.224992 0.243139 -0.961086 -0.342684 -1 -0.791048 0.361317 -1 
-0.657907 -0.25689 -1 0.155599 0.261022 0.098506 -0.990971 -0.104194 -1 -0.697282 -0.0113536 0.392672 -0.922222 -0.634231 -1 -1 -0.423985 -1 -1 -0.837947 -0.561217 -0.24804 -0.027626 -1 -1 -1 -0.303604 0.015282 -0.816386 -1 -0.0918871 -0.8725 -1 -1 -1 -0.901123 -1 -0.964335 -0.89774 -0.349304 0.585633 -0.102974 -1 -0.912909 0.0438932 -0.599212 -0.159095 -0.624673 0.0298822 -0.966022 -0.653087 -0.690988 -0.181282 -1 0.444996 -1 -1 -0.986367 -0.991612 -0.98557 -0.511588 0.25365 -0.765575 -0.632479 -0.103942 -0.0932705 -0.734287 -1 0.295073 -0.611894 -0.880096 -0.459519 -0.108702 -1 -0.398031 -0.845202 -0.496592 -0.969012 -0.819313 -1 -0.81282 -1 0.0984692 -0.310732 -0.517112 -0.94789 -0.88027 0.14051 -1 -0.379849 -0.273358 -0.294887 -0.964194 -1 0.537565 -1 0.187381 -0.256052 0.484349 -0.83645 -0.566555 -0.0810142 -0.464013 -0.794445 0.383196 -0.0900877 -0.608128 0.303274 -0.440636 -0.540844 -1 -0.271052 -0.761764 -1 -1 -1 -0.396689 -0.717028 0.431297 -1 -0.34765 -0.11717 -0.708597 0.0176 0.188438 -0.427167 -0.534075 0.0865964 -0.440635 0.0323021 -0.00723916 0.350457 -0.80732 -0.113098 -0.921929 -0.699988 0.300184 -0.96446 
-0.8651 -0.250498 -1 0.32311 0.353908 0.164886 -0.939609 -0.467901 -0.911878 -0.723679 0.0170511 0.176249 -0.986283 -0.317301 -1 -0.854521 -0.743579 -1 -1 -0.781102 -1 -0.444095 -0.241686 -1 -1 -0.888198 -0.309513 -0.271214 -0.802517 -0.940622 -0.184623 -1 -1 -0.991794 -1 -0.894946 -1 -1 -0.834908 -0.344207 0.404061 -0.061761 -1 -0.954226 -0.109928 -1 -0.0361028 -0.647095 0.0283632 -1 -0.792731 -0.737836 -0.276733 -1 0.475821 -1 -0.949481 -1 -0.683428 -0.942173 -0.662936 0.675447 -0.550837 -0.652586 -0.462274 0.0290799 -0.823012 -1 0.46989 -0.502356 -0.903546 -0.856827 -0.06841 -0.907915 -0.305716 -0.615959 -0.552369 -0.950199 -0.70389 -0.958818 -0.781445 -0.935369 0.18628 -0.59295 -0.67083 -1 -1 0.205044 -0.955864 -0.295682 -0.55849 -0.438256 -1 -0.956997 0.242884 -1 0.159568 -0.482407 0.828705 -0.929503 -0.270783 0.0748141 -0.71525 -1 0.262532 -0.364261 -0.601965 0.120784 -0.603795 -0.862977 -1 -0.472827 -0.8953 -1 -1 -1 -0.456068 -0.691567 0.431426 -1 -0.462397 -0.0732683 -0.650602 0.0341926 0.11897 -0.354742 -0.530599 0.0310354 -0.228509 0.029362 -0.434178 0.150795 -1 0.166686 -1 -0.987253 0.198607 -1 
-0.975232 -0.100755 -1 0.259198 -0.245816 -0.084144 -1 -0.0212903 -1 -0.636929 -0.331092 0.308926 -0.759494 -0.421405 -1 -1 -0.437179 -0.989674 -1 -0.816436 -0.354478 -0.47858 0.134246 -1 -1 -1 -0.0649742 -0.263772 -0.953289 -0.76334 0.0818745 -0.873233 -1 -1 -1 -1 -1 -1 -1 -0.453126 0.577581 0.188894 -1 -0.872478 0.0958777 -0.693163 -0.293918 -0.494006 0.0225604 -0.900269 -0.707135 -0.831483 -0.342803 -1 0.418423 -0.999298 -0.912216 -1 -0.840238 -1 -0.830711 0.681979 -0.550837 -0.560504 -0.0706036 -0.084359 -0.857926 -1 0.264977 -0.753831 -0.836643 -0.596377 -0.240103 -1 -0.271624 -0.863149 -0.222704 -1 -0.917951 -1 -0.825551 -1 0.154953 -0.373246 -0.519411 -0.912026 -0.995287 0.347187 -0.999067 -0.139293 0.0134427 -0.237318 -0.93788 -0.952071 0.452131 -1 0.282794 -0.28174 0.558859 -0.957529 -0.472204 0.0195552 -0.778446 -0.776042 0.496303 -0.23724 -0.512841 0.131308 -0.645369 -0.773365 -0.924464 -0.438583 -1 -1 -0.852607 -1 -0.358019 -0.987991 0.438848 -1 -0.383065 -0.159451 -0.480622 0.244882 0.229828 -0.45175 -0.659925 -0.0441163 -0.414732 0.134649 -0.118282 0.16048 -0.975771 -0.0693159 -1 -0.699988 0.460474 -1 
-0.885905 -0.119329 -0.967658 0.159702 -0.0798844 -0.364572 -1 -0.0212903 -1 -0.816017 -0.199358 0.0561372 -0.938648 -0.788269 -1 -1 -0.169709 -0.887878 -1 -0.82255 -0.74784 -0.640348 0.229998 -1 -0.908128 -0.88449 -0.327015 -0.10595 -0.896716 -0.725059 -0.0750802 -0.970558 -1 -1 -1 -1 -1 -0.982534 -0.834908 -0.384153 0.600419 -0.0816063 -0.97674 -1 -0.0258767 -0.52464 -0.00381601 -0.585029 -0.266135 -1 -0.832234 -1 -0.244241 -0.936915 0.228486 -1 -1 -0.99939 -0.980046 -1 -0.69283 0.303986 -0.75071 -0.471547 -0.530446 0.0942469 -0.886815 -0.916627 0.629081 -0.454018 -1 -0.714964 -0.379541 -1 -0.526053 -1 -0.139399 -1 -0.870536 -0.991749 -0.584332 -0.970265 0.0189102 -0.609061 -0.504953 -0.839432 -0.925024 0.275724 -1 -0.387879 0.0235704 -0.21323 -1 -0.911822 0.149209 -1 0.113149 -0.32409 0.595888 -0.983297 -0.338313 -0.159567 -0.66391 -0.967875 0.352909 -0.348874 -0.512841 0.156979 -1 -0.900979 -1 -0.790102 -0.582441 -0.967403 -1 -1 -0.370002 -0.670679 0.112207 -1 -0.608948 -0.638318 -0.931507 -0.235673 0.0630167 -0.381081 -0.847782 -0.224294 -0.817769 0.0561479 -0.21043 0.162831 -0.720172 -0.102965 -1 -0.726533 0.0295716 -0.994496 
-0.754504 -0.402785 -1 0.17695 0.155722 0.00463142 -1 -0.172594 -1 -0.76422 -0.0113536 0.328192 -0.774349 -0.122331 -1 -0.916614 -0.301474 -1 -1 -0.716654 -0.602025 -0.227344 0.294801 -1 -1 -0.921667 -0.0417068 -0.101148 -0.996986 -0.751349 -0.0456071 -0.873233 -0.990297 -1 -1 -1 -1 -1 -0.834908 -0.384153 0.557528 0.055745 -1 -1 -0.0280725 -0.653703 -0.194055 -0.664243 0.0733741 -0.921791 -0.840405 -0.979169 -0.20138 -1 0.276837 -0.932125 -1 -0.921434 -0.932493 -1 -0.507148 0.603785 -0.845162 -0.581968 -0.283756 -0.158745 -0.901604 -1 0.702311 -0.782008 -1 -0.612249 -0.113903 -1 -0.443087 -0.767022 -0.180139 -1 -0.777942 -0.877201 -0.775023 -1 -0.149855 -0.475026 -0.50415 -1 -0.912059 0.274157 -1 -0.332356 -0.0359386 -0.0344874 -1 -1 0.31646 -1 0.222617 -0.314732 0.377688 -0.752105 -0.300302 0.00492804 -0.532715 -0.950379 0.496303 -0.31893 -0.580197 0.0626251 -0.430919 -0.543126 -1 -0.314794 -0.98227 -1 -0.987693 -1 -0.374232 -0.562627 0.247429 -1 -0.22808 -0.155023 -0.445277 0.0529605 0.260024 -0.496902 -0.673378 -0.138918 -0.429908 -0.175283 -0.30699 0.0104215 -0.721576 0.135487 -1 -0.666058 -0.00993662 -1 
-0.681576 -0.152232 -1 0.288262 0.152185 0.00463142 -1 -0.0261404 -1 -0.636929 -0.0113536 0.358902 -0.770325 -0.349024 -1 -1 -0.209655 -0.935469 -1 -0.641318 -0.31795 -0.24804 0.10426 -0.991713 -0.975215 -0.971536 -0.23101 0.0588785 -0.859953 -0.718132 0.0457652 -0.922795 -0.96217 -0.92328 -1 -1 -0.996167 -1 -0.834908 -0.384153 0.567538 0.132984 -1 -0.887966 0.0958777 -0.588145 -0.119944 -0.494006 0.148276 -1 -0.633229 -0.935352 -0.0919725 -1 0.475821 -0.896266 -1 -0.892178 -0.840238 -0.98557 -0.507148 0.571552 -0.662845 -0.508908 0.0348157 0.124324 -0.888214 -1 0.702311 -0.48831 -1 -0.534371 -0.126684 -1 -0.305274 -0.798499 -0.222704 -1 -0.777942 -1 -0.647304 -0.9466 -0.124571 -0.338754 -0.445524 -0.848811 -0.88027 0.347187 -1 -0.139293 0.0511391 -0.103063 -1 -1 0.444197 -0.992509 0.353345 -0.118861 0.747175 -0.753981 -0.305764 -0.0883991 -0.455052 -0.908218 0.36357 -0.0791982 -0.619359 0.191661 -0.57803 -0.581977 -1 -0.271052 -0.730725 -1 -0.825035 -1 -0.326525 -0.677593 0.381982 -1 -0.22808 -0.117585 -0.480622 0.191797 0.360572 -0.323556 -0.532751 0.141096 -0.438637 0.168905 -0.100921 0.38574 -0.686697 0.132579 -1 -0.699988 0.361317 -0.946106 
-0.457402 -0.038816 -1 0.381147 0.223735 -0.0343727 -1 -0.133194 -0.942101 -0.636929 -0.132555 0.185918 -0.877414 -0.456556 -0.929448 -0.912497 -0.485102 -0.935469 -1 -0.770138 -0.31795 -0.433157 0.19843 -1 -0.920024 -0.88728 -0.0656748 0.0761915 -0.782488 -0.832995 0.0457652 -0.873233 -0.96217 -0.92328 -1 -1 -1 -1 -0.834908 -0.424555 0.567538 0.0923142 -0.944379 -0.887966 0.0958777 -0.579628 -0.194751 -0.463834 0.0601497 -1 -0.633229 -0.750744 -0.0270765 -1 0.328306 -0.881457 -1 -0.861692 -0.840238 -0.98557 -0.410679 0.681979 -0.550837 -0.726992 0.0348157 0.124324 -0.786439 -1 0.702311 -0.475695 -0.805674 -0.478892 0.0142312 -0.951811 -0.305274 -0.776239 -0.40758 -0.981656 -0.903612 -0.991749 -0.686211 -1 -0.120862 -0.298171 -0.376424 -0.848811 -0.88027 0.365103 -1 -0.2669 0.00966977 -0.295312 -1 -1 0.541909 -0.886707 0.135942 -0.375607 0.920177 -0.759796 -0.298572 0.0195552 -0.431355 -0.776042 0.496303 -0.0791982 -0.803129 0.303274 -0.443731 -0.485931 -1 -0.271052 -0.583564 -1 -0.980458 -0.904506 -0.241552 -0.873203 0.429326 -1 -0.487987 -0.00977261 -0.63296 0.191797 0.462547 -0.354738 -0.806262 0.124192 -0.446441 -0.162066 -0.0989802 0.364141 -0.686697 0.051969 -1 -0.662515 0.361317 -0.970603 
-0.511206 -1 -0.450578 -1 -0.853689 -0.617251 1 -0.253679 -0.233564 -0.458708 -1 0.019376 0.0601758 -0.656336 -0.454401 -0.0901949 -0.578337 -0.823053 -0.165314 0.00733763 -1 -1 0.381449 0.261234 0.332364 -0.718654 -0.840569 -0.437868 -1 0.383944 -1 0.48007 -0.0137223 0.509127 0.400675 -0.928579 -1 -0.860083 -1 -0.486542 0.273259 0.128894 -0.550291 0.277786 -0.982759 -0.962023 0.0197012 -0.522215 -0.540732 -1 -0.313798 0.830526 -0.913675 0.384616 -0.261006 0.128182 -1 -0.776095 -0.220954 -0.00467189 -1 -0.656709 -0.670859 0.727588 -0.869916 0.238696 0.135585 0.668329 -0.802397 -0.805468 -0.943998 0.416271 -1 -0.687449 0.473337 0.209786 -0.263122 -0.15206 -0.431355 0.306623 -0.508137 -1 -0.805235 -0.0891658 0.143003 0.109877 -0.931601 0.459348 0.337359 -0.0307844 -0.135467 -0.0524851 -0.299823 -0.920437 -1 -0.112524 -0.214598 -1 -0.913779 -0.244963 -0.242517 -0.947966 -0.417226 0.213231 -0.0722475 -0.425601 -1 -1 -1 -0.240402 -0.532885 -0.258897 0.596664 -1 -1 -0.39778 -0.09669 -0.384984 -0.459265 -1 -0.847029 -0.463576 0.5398 -1 -0.43371 -1 0.635075 -0.350841 -0.465515 -0.748012 -0.568678 -0.982276 -0.895663 -0.917553 0.371667 0.344864 -1 -0.616122 
0.302129 -1 0.600832 -0.285404 0.408578 -0.444635 -0.321374 0.489188 -1 0.511835 -1 -1 -0.719867 -0.527927 -0.309914 -0.174245 -0.743311 -0.379872 -0.168578 -0.823595 -0.739783 -1 0.345102 -0.578269 -1 0.118876 -1 -0.0194684 0.113374 -0.547459 0.604458 -1 -1 -0.487768 -0.884079 0.43033 0.338843 0.595858 0.753177 -0.759753 0.884545 -0.856287 0.345702 -0.320574 -1 0.695746 -0.393188 -0.995476 -0.612967 -0.752652 -1 -0.20919 -1 -1 -0.963162 0.0917656 0.152868 0.0250439 -0.217981 -0.243067 -0.854169 0.550061 -0.919836 -0.958495 0.025626 -0.488289 -0.781538 0.383452 -0.477381 -0.893186 -0.465279 0.369888 -0.699011 -0.230005 -0.604486 0.361975 0.843705 0.374286 -0.138698 -1 -1 -1 -1 0.182362 -1 0.586424 -0.649201 -1 -0.812357 -1 0.868954 -0.627145 -0.916192 -0.626898 0.513116 -0.541272 -0.691299 0.174843 0.0265934 -1 -0.204933 0.583138 0.508122 -1 -0.261721 -1 -0.0544116 -0.695933 0.354855 -1 -0.0361701 -0.78159 -0.895711 -0.44888 -0.501153 -1 -0.960189 -0.619537 0.0921664 -0.631786 -0.198105 0.280892 -0.180702 0.329592 0.183026 -0.934781 -1 -0.829753 0.776819 0.0909908 -0.356733 -0.364793 -0.685704 -0.589466 0.437042 -0.998894 0.307823 -0.807017 
-0.54764 -0.249317 -1 0.125301 0.0335052 -0.0521398 -1 -0.109279 -1 -0.858389 0.0759671 0.284144 -0.985403 -0.233816 -1 -1 -0.413466 -0.935469 -1 -0.673788 -0.439064 -0.375267 0.19843 -0.981674 -0.920024 -0.803872 -0.083934 -0.140284 -0.782488 -0.906767 0.0457652 -0.953215 -1 -0.958006 -1 -0.966401 -1 -1 -0.834908 -0.542438 0.507795 0.109916 -0.944379 -0.887966 0.0958777 -0.571512 -0.119944 -0.672939 0.0972813 -1 -0.633229 -0.686223 -0.0270765 -1 0.455139 -1 -0.934659 -0.821845 -1 -0.98557 -0.717454 0.616 -0.716561 -0.596684 -0.281421 -0.241637 -0.944425 -1 0.564933 -0.502356 -0.787487 -0.497704 -0.0309522 -1 -0.248172 -0.942072 -0.222704 -1 -1 -0.98622 -0.867817 -1 0.0763736 -0.338754 -0.68375 -1 -1 0.0809219 -1 -0.139293 -0.084521 -0.00289884 -1 -0.894242 0.409274 -0.927591 0.197019 -0.275164 0.828705 -0.753981 -0.35442 0.0703457 -0.565409 -0.919301 0.496303 -0.409018 -0.648054 0.303274 -0.459636 -0.485931 -1 -0.385006 -0.677631 -1 -0.833996 -1 -0.241552 -0.667252 0.461787 -1 -0.253527 -0.0732683 -0.523375 0.198864 0.366873 -0.67212 -0.534075 0.0720547 -0.583856 0.134649 -0.329591 0.325487 -0.751899 0.132579 -1 -0.699988 0.213089 -1 
-0.587886 -0.119329 -0.968268 0.123644 0.244092 -0.199678 -1 -0.0341697 -1 -0.636929 -0.0113536 0.130313 -0.880423 -0.449755 -1 -1 -0.233928 -0.967377 -1 -0.641318 -0.450846 -0.307507 0.215406 -1 -0.989082 -0.822328 -0.320884 0.015282 -0.763249 -0.754751 0.117042 -1 -0.975478 -0.92328 -1 -1 -0.996167 -0.930117 -0.834908 -0.384153 0.584923 0.132984 -1 -1 0.0958777 -0.608078 -0.233644 -0.494006 -0.252809 -0.959017 -0.647268 -0.742653 -0.317856 -1 0.251768 -0.896266 -1 -0.942042 -0.897829 -0.98557 -0.816262 0.665833 -0.654381 -0.559571 -0.210848 0.106901 -1 -0.994484 0.287191 -0.61088 -0.922357 -0.499811 -0.0875554 -1 -0.379685 -0.726974 -0.222704 -1 -0.981124 -1 -0.666451 -1 0.00765727 -0.434336 -0.451348 -0.925328 -1 0.40143 -1 -0.139293 0.0511391 -0.290054 -1 -1 0.444197 -1 -0.0293944 -0.368969 0.795236 -0.73999 -0.210905 -0.109135 -0.504759 -0.811557 0.379288 -0.0791982 -0.414777 0.364315 -0.5396 -0.581977 -1 -0.298566 -0.633077 -1 -0.838292 -1 -0.372455 -0.812629 0.418715 -1 -0.469531 -0.0942714 -0.480622 0.0680303 0.0937755 -0.352216 -0.506925 -0.145486 -0.607656 0.168905 -0.257698 0.254966 -0.686697 0.132579 -1 -0.699988 0.259469 -0.962958 
-0.910553 -0.038816 -1 0.234714 -0.0496147 0.117403 -1 -0.369223 -0.977436 -1 -0.559798 0.24855 -0.780684 -0.418814 -1 -0.968305 -0.240859 -1 -0.983159 -0.675516 -0.754801 -0.208569 0.19843 -0.97062 -0.979298 -0.90127 -0.211102 -0.103427 -0.782488 -0.88519 -0.0807845 -1 -0.96217 -1 -0.9831 -1 -1 -1 -1 -0.459676 0.567538 0.132984 -1 -1 0.156894 -0.84407 -0.314613 -0.494006 -0.212149 -1 -0.926274 -0.750744 -0.170967 -1 0.448971 -1 -1 -0.861692 -0.834438 -1 -0.838177 0.323426 -0.60691 -0.907618 -0.196134 0.0561669 -0.956582 -1 0.55935 -0.511663 -0.82076 -0.459519 -0.415646 -1 -0.305274 -0.776239 -0.4831 -1 -0.871946 -1 -0.813825 -1 -0.0389136 -0.651215 -0.551099 -1 -1 0.347187 -1 -0.201691 -0.312403 0.00870029 -1 -0.964515 0.335963 -1 -0.194298 -0.288295 0.569699 -0.971782 -0.399523 -0.107308 -0.405688 -1 0.289713 -0.193203 -0.697619 0.108727 -0.381346 -0.513453 -1 -0.501162 -0.813725 -1 -0.977397 -1 -0.329485 -0.517982 0.295176 -1 -0.448353 -0.253343 -0.615288 0.215012 0.366873 -0.445856 -0.554454 -0.214393 -0.416364 0.030697 -0.00723916 -0.0206144 -0.796353 -0.00680566 -0.914955 -0.715506 0.381956 -1 
-0.681152 0.0384015 -1 0.27628 0.218425 -0.392244 -0.972863 -0.4689 -1 -0.547026 -0.147764 0.269721 -0.982848 -0.350444 -1 -0.835866 -0.528201 -0.908099 -1 -0.98056 -0.385192 -0.294914 0.0485697 -0.998671 -1 -0.859683 -0.306185 -0.0142786 -1 -0.962907 -0.00408763 -1 -0.96217 -1 -1 -0.964746 -0.943485 -1 -0.816439 -0.493447 0.567538 -0.100915 -1 -0.821686 -0.188575 -0.864969 -0.314201 -0.548514 0.195307 -0.944322 -1 -0.741837 -0.0506292 -1 0.475821 -1 -1 -1 -0.953439 -1 -0.547647 0.469016 -0.840909 -0.992401 -0.0953872 0.161005 -0.90154 -1 0.228788 -0.537166 -0.722458 -0.459519 0.0873139 -1 -0.33261 -0.861772 -0.258908 -0.993234 -0.91932 -1 -1 -0.975516 -0.01762 -0.689983 -0.652322 -0.975017 -0.91488 0.232897 -0.999604 -0.261494 -0.619073 -0.157986 -0.965467 -1 0.247475 -0.949212 0.24928 -0.328706 0.291718 -0.922432 -0.350221 0.0195552 -0.434569 -0.775619 0.528507 -0.12543 -0.721267 0.265702 -0.577556 -0.737681 -1 -0.43414 -0.583564 -1 -1 -1 -0.544259 -0.501186 0.468397 -1 -0.626146 -0.19534 -0.480622 0.218147 0.366873 -0.306332 -0.955548 0.117382 -0.406271 -0.0959801 -0.224992 0.295125 -0.961086 -0.342684 -1 -0.765258 0.214757 -1 
-0.848765 -0.126083 -1 0.372712 0.149172 0.00463142 -1 -0.0212903 -0.942101 -0.62257 -0.0635764 0.392672 -0.750236 -0.192351 -1 -0.92966 -0.11693 -1 -1 -0.683792 -0.58778 -0.24804 0.0280689 -1 -1 -0.781905 -0.134656 -0.203111 -1 -0.730734 -0.00408763 -0.873233 -1 -1 -1 -1 -0.918083 -0.973221 -1 -0.344543 0.370034 0.132984 -1 -0.887966 0.000855863 -0.55241 -0.255528 -0.494006 0.0463681 -1 -0.796726 -0.697284 0.000487078 -0.978791 0.495666 -1 -1 -0.812136 -0.857481 -1 -0.677688 0.375895 -0.790851 -0.560504 0.0140518 -0.122393 -0.772276 -1 0.575947 -0.793094 -0.822422 -0.437214 -0.397034 -1 -0.242502 -0.739034 -0.345527 -1 -0.996545 -0.991749 -0.937397 -1 0.0657275 -0.672572 -0.376424 -0.930859 -1 0.0319626 -1 -0.259147 -0.0718013 -0.190135 -1 -1 0.580649 -1 0.353345 -0.118861 0.5891 -0.683664 -0.303065 0.0730937 -0.382855 -0.84432 0.255743 -0.184328 -0.512841 0.303274 -0.443731 -0.549896 -1 -0.568602 -0.529498 -1 -0.775812 -1 -0.194828 -0.480557 0.167203 -1 -0.346876 0.0214922 -0.541495 0.191797 0.245057 -0.407117 -0.650845 0.104229 -0.346647 -0.143653 -0.150663 0.364141 -0.966153 -0.0867358 -0.998328 -1 0.361317 -1 
-1 -0.144962 -0.953229 0.210756 -0.268857 -0.599385 -1 -0.345353 -1 -0.958262 -0.283829 0.252997 -1 -0.631143 -1 -1 -0.499235 -1 -0.963062 -0.978032 -0.745384 -0.685779 -0.0225507 -0.848797 -1 -1 -0.50476 -0.126546 -0.91053 -1 0.0921702 -0.928497 -1 -1 -0.921682 -0.947904 -1 -0.875002 -0.932256 -0.739023 0.36012 -0.0554276 -1 -1 -0.182973 -1 -0.458939 -0.672655 0.179974 -1 -0.967373 -0.865594 -0.438496 -1 0.384192 -1 -0.944337 -0.890956 -1 -1 -0.857113 0.734219 -0.712573 -0.625897 -0.421245 -0.367364 -0.754651 -0.901344 0.017216 -1 -0.833512 -0.360991 -0.301682 -1 -0.626528 -0.827877 -0.441406 -1 -1 -1 -0.741626 -1 0.231104 -1 -0.79396 -0.700732 -0.826074 0.239156 -1 -0.148576 -0.181701 -0.0320613 -1 -1 0.273599 -1 -0.133891 -0.484247 0.878074 -1 -0.366521 0.0841163 -0.683876 -0.960236 0.407479 -0.0795774 -0.646539 -0.160804 -0.729492 -0.639474 -1 -0.991111 -1 -1 -0.904164 -1 -0.361322 -0.947994 0.380439 -1 -0.479344 -0.0732683 -0.418772 0.191797 -0.0798901 -0.270379 -0.462489 0.0632507 -0.488571 0.232115 -0.0654211 0.241133 -0.893858 -0.0335576 -1 -0.769814 0.503421 -1 
-0.553739 -0.038816 -0.939693 0.288262 0.255505 0.00463142 -1 -0.0212903 -0.942101 -0.636929 -0.0113536 0.392672 -0.774349 -0.233816 -1 -0.912497 -0.209655 -1 -1 -0.683792 -0.31795 -0.24804 0.0280689 -1 -0.968063 -0.833315 -0.173549 0.00589547 -0.782488 -0.730734 -0.00408763 -0.873233 -0.96217 -0.92328 -1 -1 -0.979742 -1 -0.82373 -0.384153 0.567538 0.132984 -0.944379 -0.887966 0.0958777 -0.579628 -0.255528 -0.494006 0.148276 -1 -0.672863 -0.697284 -0.0506292 -1 0.475821 -0.881457 -1 -0.812136 -0.857481 -1 -0.520381 0.497452 -0.550837 -0.560504 0.0348157 0.124324 -0.786439 -1 0.575947 -0.604884 -0.822422 -0.459519 0.0142312 -1 -0.270067 -0.739034 -0.222704 -1 -0.788453 -0.991749 -0.864475 -1 0.154953 -0.444225 -0.376424 -0.88508 -1 0.291885 -0.973515 -0.139293 0.00966977 -0.190135 -1 -1 0.541909 -1 0.353345 -0.118861 0.706204 -0.69315 -0.305764 0.0195552 -0.382855 -0.776042 0.496303 -0.0791982 -0.512841 0.303274 -0.443731 -0.549896 -1 -0.271052 -0.583564 -1 -0.825035 -1 -0.194828 -0.578689 0.461787 -1 -0.265167 -0.0732683 -0.480622 0.191797 0.366873 -0.354738 -0.650845 0.124192 -0.291652 0.134649 -0.00723916 0.364141 -0.686697 0.132579 -1 -0.73326 0.361317 -1 
0.15551 -1 0.69044 -0.0115986 0.207993 -0.590106 -0.028226 0.140214 -0.770767 0.184578 -1 -1 -0.544275 -0.364458 0.00468575 -0.219559 -0.519342 0.00158382 -0.313443 -1 -1 -1 0.487765 -0.364746 -1 -0.105626 -0.772185 -0.357464 0.0258609 -0.492489 0.438218 -1 -1 -0.482591 -0.49089 0.531913 0.482145 0.434378 0.652506 -0.712865 0.661628 -1 0.152444 -0.262379 -0.866007 0.284051 -0.245379 -1 -1 -0.913335 -1 0.0116535 -0.553166 -1 -1 -0.111486 -0.339616 -0.0550457 -0.221265 -0.918734 -0.625367 0.809411 -0.900231 -1 0.247946 -0.650159 -0.874419 0.493773 -0.448039 -0.478485 -0.704977 0.452128 -0.605604 -0.277797 -0.562344 0.244404 0.888114 0.634616 -0.424585 -0.952386 -0.988073 -1 -0.897604 0.328615 -1 0.387332 -0.614908 -0.704794 -0.532942 -1 0.862966 -0.41002 -0.989785 -0.193622 0.317105 -1 -0.995585 -0.125288 0.196968 -0.955314 -0.0160748 0.725443 0.144075 -0.96483 -0.62933 -1 0.263145 -1 0.150473 -1 0.112593 -1 -1 -0.755371 -0.714506 -1 -0.946712 -0.667628 0.495757 -0.482758 0.446733 0.550909 -0.484883 0.338034 -0.194902 -1 -0.716784 -0.985644 0.626716 0.0758984 -0.276618 -0.0507116 -0.611662 -0.666853 0.884231 -1 -2.74479e-05 -0.241871 
-0.515175 0.634999 -0.724954 0.461185 -0.99019 0.210952 -0.748783 -1 -0.90859 0.417604 -0.4137 0.109107 -0.683738 0.411275 -0.388646 0.381962 0.168071 -0.313797 -0.786716 -0.0819099 -0.969572 -0.293123 -1 0.139893 0.0397635 -0.89698 -1 -0.608781 0.60946 -1 0.326289 0.271805 -0.633544 0.69537 0.530209 -1 0.262724 -0.475058 -0.846045 0.37642 0.555608 0.500095 0.574372 0.138881 -0.893148 0.107981 0.201894 -1 0.63094 0.359327 -1 0.453489 -0.884038 -0.417078 -0.870545 -0.766253 -0.933495 -0.571836 -1 0.372198 -0.298981 -0.407081 0.437538 -0.790341 -0.996366 0.461022 -0.076602 0.447672 -0.791922 0.181445 -0.972031 -0.217521 -1 0.0438748 -0.607499 -0.193416 0.341756 -0.243582 -0.700756 -1 -0.22116 -0.931359 -0.0845697 -1 -0.484354 -1 -0.699975 0.268038 -0.985167 0.223084 -0.695557 -0.965723 0.136833 -0.334787 0.207482 -0.807363 0.171443 -1 -1 -0.175889 -1 0.0848417 0.265996 -0.559766 0.568815 -0.927298 -0.950345 -0.853818 0.61186 0.398417 -0.941706 0.481669 -0.570719 -0.290623 0.20596 -0.406481 -0.93945 -0.308383 -0.796478 -0.966039 -0.114673 -0.168197 -0.458381 -0.385067 -0.0200361 0.6359 0.141171 -1 -0.217744 -0.663372 -0.707642 -0.174483 0.55428 0.137199 0.0935941 0.5659 -0.274123 -0.0210313 
-0.163057 -0.963826 0.624915 -0.194373 -0.343777 -0.463041 0.316259 0.482726 -0.164217 0.217432 -1 -0.993829 -0.317225 -0.221222 0.214739 -0.0855166 -0.708564 0.0783394 -0.0137021 -0.833958 -0.98535 -1 0.698959 -0.978581 -0.882414 0.118203 -0.973365 -0.200147 0.17989 -0.408687 0.0276042 -0.989749 -1 -0.408832 -0.631277 -0.109635 0.540548 0.532506 0.371864 -0.865997 0.07641 -0.969601 0.397491 -0.625046 -0.940222 0.499323 -0.299859 -1 -0.361651 -0.817319 -1 -0.536821 -0.659606 -0.923122 -1 -0.07436 0.012353 -0.0408039 -0.0717382 -0.751196 -0.500491 0.911131 -1 -1 0.113128 -0.422835 -1 0.161478 -0.558749 -0.699417 0.232165 0.153945 -0.984034 0.274087 -0.772766 0.322379 0.616528 0.270387 -0.814728 -1 -1 -1 -0.896157 0.43226 -1 0.164378 -0.629358 -0.768464 -0.144975 -0.957053 0.203103 -0.586489 -1 -0.808219 0.0654612 -0.686558 -0.786888 0.530885 -0.0379717 -0.924698 -0.419478 0.178019 0.608779 -1 -0.545474 -1 0.0992727 -0.805098 0.492606 -0.938419 -0.195002 -0.989833 -1 -0.991349 -0.923713 -1 -1 -0.61159 0.4906 -0.815179 0.404953 0.42238 0.0448424 0.666534 0.280212 -1 -0.994887 -0.989965 0.448391 0.488052 -0.553268 -0.0220246 -0.799627 -1 0.95436 -0.664184 -0.108113 -0.435211 
-0.0273594 -1 0.548419 0.106087 0.138447 -0.336907 -0.228642 -0.0774736 -0.773804 0.129213 -1 -1 -0.713555 -0.57893 -0.0332493 0.191035 -0.601558 -0.296326 -0.602142 -1 -1 -0.916053 0.139692 -0.409769 -1 0.0356803 -0.617113 -0.439299 0.375563 -0.293427 0.474589 -0.980986 -0.976694 -0.596113 -0.404887 0.486476 0.412446 0.282457 0.590756 -0.943704 0.706358 -0.90713 0.547813 -0.725351 -0.968786 0.607282 -0.355552 -1 -1 -0.816769 -1 0.071922 -0.476174 -1 -0.999281 0.427527 -0.153046 -0.00937975 -0.408711 -0.603207 -1 0.807201 -1 -0.946881 0.388751 -0.56726 -1 0.423005 -0.51038 -0.6085 -0.981926 0.491509 -0.501555 -0.0931536 -0.562344 0.323517 0.870209 0.348784 -0.490969 -0.948527 -1 -1 -0.816875 0.334335 -1 0.554483 -0.556353 -0.762903 -0.656933 -1 0.609735 -0.358783 -0.876982 -0.395651 0.158045 -0.924989 -0.771039 -0.0709133 -0.30623 -0.933922 -0.770472 0.262432 0.47088 -1 -0.704115 -0.960754 0.0718489 -1 -0.264767 -1 0.0501114 -0.732918 -1 -0.700202 -0.500122 -1 -1 -0.318118 0.397373 -0.984796 0.446733 0.386443 -0.390372 0.278434 0.0121352 -1 -0.671166 -0.887892 0.646857 0.0957741 -0.338172 0.0264111 -0.762986 -0.563246 0.657978 -0.993472 0.0492388 -0.0979281 
0.266074 -0.76859 0.756578 0.155889 0.334946 -0.309336 -0.0363856 0.540518 -0.562183 0.426317 -1 -0.97694 -0.511103 -0.0197585 0.0324803 -0.0717709 -0.338374 -0.248164 -0.172973 -0.694173 -0.833218 -1 0.461731 -0.435035 -1 0.029039 -0.64982 0.0440095 0.0618433 -0.421843 0.408617 -1 -1 -0.282798 -0.570644 0.256467 0.467096 0.447515 0.560588 -0.900313 0.503466 -0.754495 0.349338 -0.0857137 -1 0.557658 -0.395012 -0.952963 -0.984012 -1 -1 0.025856 -0.655334 -1 -1 0.25643 0.21127 0.131358 -0.0605367 -0.537613 -0.576359 0.822023 -1 -1 0.180252 -0.629637 -0.831608 0.213932 -0.514391 -0.673313 -0.610945 0.639769 -0.657374 -0.0360413 -0.563534 0.403429 0.88214 0.537398 0.049515 -0.941917 -0.904388 -1 -0.663499 0.470296 -0.990121 0.74016 -0.713684 -0.570037 -0.329991 -1 0.825119 -0.329305 -0.999326 -0.609807 0.61556 -0.689355 -0.725458 0.162986 0.186095 -0.801369 -0.146484 0.291662 0.666656 -1 -0.227395 -1 0.256609 -0.745305 0.184074 -0.940959 0.162695 -0.694967 -1 -0.56016 -0.510529 -1 -0.991798 -0.0373093 0.528872 -0.600504 0.090917 0.504681 -0.12354 0.331407 0.00553835 -0.792431 -1 -1 0.728725 0.242024 -0.450674 0.129611 -0.727131 -0.6077 0.706693 -0.954194 0.196785 -0.0902977 
-0.752683 0.0298396 -1 0.288262 -0.0122845 -0.22301 -1 -0.0212903 -1 -0.692818 -0.0113536 0.275528 -0.763766 -0.421405 -1 -1 -0.437179 -1 -1 -0.641318 -0.472297 -0.47858 0.134246 -1 -0.949027 -1 -0.083934 -0.0364463 -0.953289 -0.730734 0.0818745 -0.867214 -0.96217 -0.92328 -1 -1 -0.996167 -1 -1 -0.35606 0.567538 0.178302 -0.876731 -0.786017 0.0958777 -0.791352 -0.417763 -0.498682 0.217803 -0.897946 -0.707135 -0.752793 -0.168518 -1 0.418423 -0.949118 -0.94168 -0.980169 -0.825287 -1 -0.702102 0.681979 -0.64251 -0.625897 -0.0706036 -0.084359 -0.786439 -1 0.567954 -0.753831 -0.845103 -0.454631 0.0339591 -1 -0.327681 -0.789842 -0.222704 -1 -1 -0.990493 -0.686211 -1 0.154953 -0.404084 -0.279168 -0.848811 -0.827867 0.347187 -1 -0.139293 0.00966977 -0.0320613 -1 -1 0.509817 -0.940712 0.353345 -0.302866 0.828705 -0.753981 -0.305764 0.0195552 -0.647603 -0.776042 0.496303 -0.110198 -0.512841 -0.0478026 -0.432158 -0.639474 -0.995885 -0.438583 -0.832868 -1 -0.852607 -1 -0.358019 -0.676026 0.461787 -0.938189 -0.22808 -0.0732683 -0.500056 0.191797 0.335673 -0.270379 -0.534075 0.0419579 -0.291652 0.134649 -0.00723916 0.23794 -0.946766 -0.0693159 -1 -0.657032 0.361317 -1 
-0.6069 -0.038816 -0.939693 0.288262 0.255505 0.00463142 -1 -0.136294 -0.945472 -0.636929 -0.0113536 0.392672 -0.844275 -0.233816 -1 -0.958734 -0.356266 -1 -1 -0.707547 -0.31795 -0.24804 0.038475 -1 -1 -0.833315 -0.214187 0.00589547 -0.782488 -0.701664 -0.00408763 -0.927299 -0.96217 -0.92328 -1 -1 -1 -1 -0.82373 -0.342351 0.567538 0.132984 -0.944379 -0.887966 0.0751443 -0.579628 -0.214025 -0.494006 0.148276 -1 -0.650964 -0.816434 -0.201059 -0.962438 0.429753 -0.881457 -1 -0.864586 -0.857481 -0.947759 -0.677566 0.497452 -0.550837 -0.560504 0.0348157 0.124324 -0.828852 -1 0.575947 -0.604884 -0.822422 -0.556247 0.0142312 -1 -0.329768 -0.778882 -0.222704 -0.989389 -0.746453 -0.991749 -0.9695 -1 0.154953 -0.444225 -0.376424 -1 -1 0.263057 -0.973515 -0.139293 0.00966977 -0.190135 -1 -1 0.541909 -1 0.353345 -0.144666 0.706204 -0.69315 -0.305764 0.0195552 -0.382855 -0.761312 0.496303 -0.158898 -0.512841 0.303274 -0.443731 -0.549896 -1 -0.361878 -0.583564 -1 -0.825035 -1 -0.15092 -0.578689 0.461787 -1 -0.23362 -0.0753248 -0.480622 0.191797 0.366873 -0.354738 -0.650845 0.124192 -0.291652 0.134649 -0.00723916 0.208917 -0.700954 0.132579 -1 -0.80626 0.332507 -1 
-0.523157 -0.396196 -1 0.37628 0.208787 -0.159717 -1 -0.13832 -1 -0.723803 -0.277238 0.285757 -1 -0.245687 -1 -1 -0.209655 -0.840775 -0.965517 -0.667008 -0.423505 -0.36416 0.250616 -0.970871 -1 -0.868881 -0.203328 -0.409775 -1 -0.751714 0.117715 -0.873233 -1 -0.78289 -1 -0.983319 -1 -0.984236 -1 -0.384153 0.334981 -0.0851626 -1 -1 0.0322477 -0.796556 -0.185966 -0.441833 0.0116263 -0.975534 -0.716204 -0.750744 -0.159472 -1 0.195665 -1 -1 -0.966402 -1 -1 -0.729723 0.391961 -0.816845 -0.707578 0.113322 -0.0984237 -0.901416 -1 0.520987 -0.567844 -0.848518 -0.664958 -0.205328 -1 -0.602582 -0.999515 -0.394242 -1 -0.792046 -0.934685 -1 -0.99552 0.130633 -0.68087 -0.786209 -0.848811 -0.945662 0.112412 -1 -0.0455888 0.00966977 0.0349889 -1 -0.973844 0.320764 -1 -0.0283399 -0.425319 0.544024 -0.89099 -0.534497 -0.0279458 -0.966024 -1 0.237795 -0.349188 -0.528473 0.309649 -0.579452 -0.784056 -1 -0.438664 -0.791843 -1 -0.779186 -1 -0.250841 -0.782118 0.415391 -1 -0.519131 -0.0548807 -0.691422 -0.228058 -0.371708 -0.337465 -0.709963 -0.271636 -0.410057 0.0837309 -0.253534 0.347644 -1 0.0562803 -1 -0.739986 -0.0379977 -0.928329 
-0.609892 -0.0425851 -0.967101 0.191875 0.255505 -0.0607168 -1 -0.0212903 -0.942101 -0.753788 -0.241012 0.333297 -0.954938 -0.366391 -1 -0.912497 -0.244194 -1 -1 -0.741309 -0.431952 -0.24804 0.221175 -1 -0.920024 -0.955797 -0.083934 0.015282 -0.853823 -0.730734 0.0457652 -0.873233 -0.96217 -0.962462 -1 -1 -0.987352 -0.984937 -0.8765 -0.426641 0.567538 0.132984 -0.927832 -0.891755 0.123543 -0.549435 -0.119944 -0.494006 0.0819155 -1 -0.693071 -0.773468 -0.076219 -0.979664 0.475821 -0.858798 -1 -0.864641 -0.840238 -1 -0.507148 0.557648 -0.648037 -0.583049 0.0348157 0.14283 -0.819234 -1 0.709692 -0.502356 -0.923082 -0.459519 -0.127098 -1 -0.305274 -0.930991 -0.222704 -1 -0.838608 -0.991749 -0.686211 -1 0.154953 -0.387737 -0.323039 -0.848811 -0.956972 0.361541 -1 -0.139293 0.00966977 -0.0490245 -1 -0.894242 0.573268 -1 0.294435 -0.118861 0.828705 -0.753981 -0.416322 -0.0266393 -0.556414 -0.814029 0.496759 -0.0418879 -0.597723 0.235825 -0.443731 -0.485931 -1 -0.288932 -0.583564 -1 -0.852081 -1 -0.241552 -0.546515 0.461787 -1 -0.22808 -0.0732683 -0.568181 0.191797 0.366873 -0.421969 -0.620006 0.124192 -0.291652 0.0341201 -0.00723916 0.364141 -0.73668 0.0461984 -1 -0.667432 0.371596 -1 
-0.985111 -0.947301 0.0382753 -0.860673 0.77917 -0.172688 -1 -0.256822 -0.799366 -1 -0.91804 -0.877803 0.182334 0.161712 -0.404211 -1 -0.950984 -0.508857 0.0204591 -0.175454 -0.875566 0.0185984 0.25491 0.505582 -0.650961 -0.522028 -0.494993 0.573137 -0.482881 -0.631989 0.290937 -0.192437 -1 -0.29208 -0.610389 -1 0.846559 0.886011 -1 0.301333 0.4967 -0.545771 0.375888 -1 0.854946 0.674909 -0.911493 0.0573112 -0.349097 -0.490964 -0.826006 -0.756467 -0.829968 -0.952952 0.558527 -1 -0.445054 -0.363836 -0.193422 -0.931616 -0.0128561 0.426068 -0.831009 0.429079 0.698353 -0.273233 -1 0.158713 -0.258687 -0.0138225 -0.955659 -1 -0.733367 0.0692921 0.989669 0.612479 -0.861612 0.300322 -1 0.139635 -0.835151 -0.178141 -0.652413 -1 -0.418169 -0.243001 -1 -0.0951192 -0.949099 0.59582 0.742452 -0.361908 0.375931 -0.0385096 -1 -0.108507 -0.125959 -0.0802823 -0.61388 -0.470887 0.185375 -1 0.345674 0.52048 0.0197629 -0.498377 -0.869957 -0.186821 -0.801177 0.00104389 0.719424 -0.233452 0.230599 -0.0315497 -1 0.314955 -0.0279262 -0.478178 -0.200477 -1 -0.894547 0.48069 -0.968009 0.257263 0.696415 -0.636235 -0.93893 0.231893 0.705042 0.00719975 -0.203525 -0.304315 -1 -1 0.0141999 -1 0.0982028 0.0674825 
-0.597623 -0.0238947 -0.998355 0.133504 0.139538 -0.135048 -1 -0.0670994 -0.957673 -0.780048 -0.430755 0.167593 -1 -0.241944 -1 -0.912523 -0.209655 -0.993219 -1 -0.641318 -0.306136 -0.502063 0.19843 -1 -0.920024 -0.833315 -0.0457816 -0.126586 -0.900337 -0.837405 -0.229686 -0.973728 -1 -0.959511 -1 -1 -0.93085 -0.967039 -1 -0.369348 0.562446 0.0155272 -1 -0.887966 -0.117952 -0.613236 -0.0452026 -0.494006 -0.146189 -1 -0.711199 -0.941647 -0.0270765 -1 0.073465 -0.948894 -1 -1 -0.883618 -0.860105 -0.432374 0.350245 -0.627407 -0.850808 -0.0198706 -0.0740356 -0.895827 -1 0.775746 -0.498687 -1 -0.453606 -0.579231 -0.984427 -0.325234 -1 -0.150481 -1 -1 -0.942043 -0.809574 -1 -0.271713 -0.601099 -0.672335 -0.987461 -0.910902 0.131685 -1 -0.498416 0.0376169 -0.134951 -1 -0.864865 0.401437 -0.880927 0.174896 -0.431485 0.624064 -0.741103 -0.67265 -0.0436045 -0.555028 -0.938119 0.491825 -0.22813 -0.745825 -0.0297716 -0.721083 -0.66953 -1 -0.189768 -0.96018 -0.964086 -0.945865 -1 -0.248343 -0.507181 0.465153 -1 -0.22808 -0.0473686 -0.557948 0.154846 0.259081 -0.352482 -0.534075 -0.183698 -0.753451 -0.068611 -0.297302 0.110677 -0.940172 -0.0243854 -1 -0.835424 0.0888783 -0.946106 
-0.18028 -0.765846 0.549226 0.046177 0.0534211 -0.541206 0.499964 0.817967 -0.59031 0.614112 -1 -1 -0.341998 -0.404636 0.235147 -0.0504941 -0.822492 -0.113223 -0.019595 -0.828279 -0.63063 -1 0.489487 -0.8954 -1 0.0770795 -0.889152 -0.3301 -0.0276283 -0.399571 -0.0611713 -0.970002 -1 -0.367935 -0.708049 -0.340089 0.65672 0.40433 0.359596 -1 -0.137752 -0.991702 0.174492 -0.78689 -0.954392 0.466855 -0.835502 -0.935038 -0.734194 -1 -1 -0.0930274 -0.675979 -1 -1 -0.0973233 0.0846868 -0.0363788 -0.00273592 -0.814145 -0.293451 0.669992 -1 -1 0.428088 -0.736999 -1 0.412992 -0.259589 -0.688217 -0.351267 0.241059 -0.89587 0.246631 -0.730553 0.245298 0.702444 0.604817 -0.466414 -1 -1 -1 -0.792581 -0.0725385 -1 0.280086 -0.809443 -0.991655 -0.27156 -0.827855 0.537348 -0.473156 -1 -0.726409 0.0980285 -0.473317 -1 0.230999 -0.257424 -1 -0.850561 0.123706 0.501926 -0.970704 -0.403032 -0.870754 -0.204718 -0.825678 0.520544 -0.947448 0.210836 -0.842519 -0.980743 -0.530023 -1 -1 -1 -0.408551 0.577011 -0.897284 0.327589 0.121772 -0.173004 0.841755 0.123728 -1 -1 -0.950099 0.613005 0.0940418 -0.500097 -0.123794 -0.470209 -0.994012 0.730653 -0.824575 0.135565 -0.321737 
-0.462114 0.469618 -0.9581 -0.59339 -0.727859 -0.33393 -0.337274 -0.175306 0.00655431 -0.861006 0.145353 0.34987 -0.314428 0.431627 -0.771045 -0.444806 0.898198 -0.00636989 0.119366 -1 -0.498094 0.874231 -0.912491 0.511672 0.752644 0.101901 -0.688256 0.612059 -0.238218 -0.528725 0.814214 -0.368829 -0.404345 -0.333524 0.683729 -1 -1 -0.763438 0.461299 -0.107068 -0.0873426 0.488243 0.0919554 0.72404 -0.444903 0.595343 0.593584 -0.334106 -0.552473 -0.96112 0.14747 0.750576 0.00685695 -0.643059 -0.045702 -0.86364 1 -0.974938 -0.0456226 0.975083 -0.201507 -0.463369 0.670409 -0.485635 0.211273 0.322542 -1 0.609958 0.288806 -0.363428 -0.861406 -1 -0.88193 -0.318422 0.14368 0.683784 -0.703504 0.172269 -1 -0.190975 -0.52866 0.334807 0.384498 -0.625721 -0.694588 0.935957 0.69838 0.317149 -0.578685 0.611997 -1 0.724526 0.465151 -0.926392 -0.88063 0.714705 -0.547083 0.21145 0.514436 0.992778 0.490548 0.125487 -1 -0.857427 -0.303174 0.567548 -0.626369 -0.141856 0.416655 -0.720083 -0.246275 -0.479061 0.504074 0.042735 -0.210887 -0.0169637 -0.0146615 -0.320472 -0.398553 -0.41891 0.747945 0.163581 -0.916764 0.255884 -0.63595 0.116006 -0.821875 -1 -0.557709 0.639762 0.412069 0.74303 -0.952895 -0.409786 0.38739 0.0360084 0.0115805 -0.513774 
-1 -1 -0.141438 -0.652102 -1 -0.829119 0.572929 -1 -0.323519 -0.979956 -0.929995 0.27028 -0.00729115 -0.763766 -0.447027 -0.25728 -0.408676 -0.622496 -0.012767 0.418057 -1 -1 0.331348 -0.174315 0.173709 -0.29972 -1 -0.617076 -0.900347 -0.152359 -1 0.752485 -0.746214 0.0989609 0.373458 -1 -1 -0.62277 -1 -0.631958 0.2915 0.0232053 -1 0.0666247 -1 -0.5643 0.480405 -0.695964 -0.292496 -1 -0.547154 0.720792 -1 0.0961313 -0.33232 -0.316384 -1 -1 -0.562171 0.236186 -0.994166 -1 -0.829502 0.909734 -1 0.108272 -0.53167 0.65553 -0.749387 -1 -1 0.58747 -1 -1 0.541488 -0.0939815 -0.0228055 0.301067 -1 0.788136 -0.359755 -1 -1 -0.0353779 -0.00449745 -0.471997 -1 -0.234485 0.54431 -0.0623121 -0.628441 -0.265896 -0.346578 -1 -1 0.144856 -0.124569 -0.725626 -1 -0.301458 -0.965899 -0.866003 -0.909243 0.150001 0.153909 -0.692509 -1 -1 -1 -1 -0.173168 0.135819 0.519526 -0.933051 -1 -0.448604 0.146425 -0.743033 -0.494427 -1 -0.95848 -0.383895 0.775724 -1 -0.448029 -1 0.430731 -0.107167 -0.307988 -1 -0.516813 -0.836352 -0.883556 -1 0.132266 0.487834 -1 -1 
-0.71238 -0.950322 -0.417811 -0.758921 -1 -0.842394 0.639535 -0.891582 -0.574242 -0.992056 -0.990444 -0.205476 0.0392157 -0.783819 -0.430409 -0.265118 -0.447165 -0.778861 -0.137376 -0.0422959 -1 -1 0.457296 -0.262797 0.146041 -0.824111 -0.772622 -0.463658 -0.994542 -0.514623 -1 0.810426 -0.848837 0.466432 -0.0348568 -0.999391 -1 -0.863447 -0.912737 -0.540367 0.250784 0.302819 -0.589256 -0.0948035 -1 -1 0.319401 -0.765339 -0.463852 -1 -0.615257 0.164178 -1 -0.339634 -0.0553993 -0.621118 -1 -1 0.00964409 0.0825749 -0.957247 -1 -0.600507 0.340986 -1 -0.0952146 -0.822444 0.717919 -0.772881 -1 -0.983052 0.333757 -1 -0.86671 0.655085 -0.480393 0.125191 -0.023065 -0.637796 0.62443 -0.686548 -1 -1 0.0339398 0.092818 -0.402505 -0.937966 -0.428493 0.220564 -0.071193 -0.734286 -0.344734 0.436879 -0.978015 -1 -0.341351 -0.544122 -0.905023 -1 -0.167792 -0.502177 -0.821879 -0.540096 -0.421352 -0.220348 -0.685625 -0.944605 -1 -1 -1 -0.0816428 0.116734 0.134449 -1 -1 -0.150949 -0.204398 -0.34857 -0.468302 -1 -0.954072 -0.378043 0.113029 -1 -0.759559 -1 0.177743 -0.781619 -0.538767 -0.921914 -0.889986 -0.962333 -1 -1 0.403367 0.707136 -1 -1 
-0.612845 -0.427905 -1 0.143164 0.0142282 -0.464041 -0.973337 -0.393769 -1 -0.855963 -0.1234 0.0938975 -1 -0.393601 -0.996471 -0.921651 -0.436851 -1 -0.889874 -0.704637 -0.554451 -0.405193 -0.0336954 -0.987791 -1 -1 -0.391901 -0.333049 -1 -0.993121 0.0161225 -1 -1 -1 -1 -0.990653 -1 -1 -1 -0.481457 0.455986 0.132984 -0.963097 -1 0.00811191 -0.553929 -0.408276 -0.595645 -0.106872 -1 -0.98483 -1 -0.29981 -1 0.348073 -1 -1 -1 -0.965315 -1 -0.712508 0.0916222 -0.935534 -0.632915 -0.709225 0.0216255 -0.900086 -0.988197 0.57977 -0.829145 -1 -0.897789 -0.369095 -1 -0.689907 -1 -0.433076 -1 -1 -1 -0.660076 -0.962156 0.153922 -0.616688 -0.611608 -1 -0.988106 0.136543 -0.953087 -0.230737 -0.297147 -0.91207 -1 -1 0.364968 -1 0.229428 -0.403941 0.507182 -1 -0.304361 -0.159605 -0.942254 -1 0.373998 -0.0791982 -0.596341 0.0539165 -0.443749 -0.949452 -1 -0.686701 -0.639116 -0.947283 -0.947593 -0.977559 -0.241552 -0.675344 0.232947 -0.986362 -0.441753 -0.291506 -0.561319 -0.126218 0.180504 -0.593684 -0.682517 0.156883 -0.509079 0.187129 -0.28541 0.0989038 -0.732904 -0.306699 -1 -0.615991 0.00910838 -1 
-0.54764 -0.038816 -1 0.288262 0.255505 0.00463142 -1 -0.141028 -0.942101 -0.636929 -0.106389 0.247816 -0.927036 -0.318413 -1 -0.912497 -0.218568 -0.935469 -0.943336 -0.786174 -0.452037 -0.362509 0.157202 -1 -0.920024 -0.792263 -0.0382041 0.0684572 -0.925657 -0.730734 0.0457652 -0.873233 -1 -0.92328 -1 -1 -0.958469 -0.96361 -0.834908 -0.40574 0.479745 0.037472 -1 -0.870337 -0.0731972 -0.579628 -0.119944 -0.512635 0.0814021 -1 -0.633229 -0.814691 -0.0270765 -1 0.482294 -0.881457 -1 -0.821337 -0.851975 -0.98557 -0.507148 0.560985 -0.550837 -0.560504 -0.0142804 0.0799959 -0.786439 -1 0.559823 -0.590892 -0.805674 -0.459519 -0.0161884 -1 -0.433489 -0.77384 -0.244512 -1 -0.917537 -1 -0.72355 -1 0.154953 -0.488833 -0.376424 -0.839233 -1 0.392384 -0.997042 -0.287618 -0.0148223 0.015743 -1 -0.894242 0.557439 -1 0.353345 -0.118861 0.679601 -0.792829 -0.366163 0.0195552 -0.431355 -0.84351 0.496303 -0.0405642 -0.51626 0.273252 -0.548771 -0.485931 -0.948296 -0.46203 -0.681482 -1 -0.825035 -1 -0.241552 -0.594902 0.461787 -0.957347 -0.283273 -0.0487032 -0.63146 0.191797 0.366873 -0.347314 -0.56401 0.0200636 -0.291652 0.134649 -0.0564889 0.364141 -0.840954 0.178409 -1 -0.699988 0.310646 -0.946106 
-0.54764 -0.038816 -1 0.288262 0.255505 0.00463142 -0.949054 -0.0212903 -0.942101 -0.636929 -0.0113536 0.392672 -0.774349 -0.335187 -1 -0.912497 -0.209655 -0.935469 -1 -0.641318 -0.360833 -0.24804 0.19843 -1 -0.920024 -0.833315 -0.0945625 -0.026738 -0.782488 -0.730734 0.00874949 -0.873233 -0.96217 -0.92328 -1 -1 -0.997508 -1 -0.861299 -0.384153 0.570789 0.132984 -0.944379 -0.887966 0.0852782 -0.579628 -0.149218 -0.522922 0.148276 -1 -0.694808 -0.770244 -0.0270765 -1 0.474254 -0.881457 -1 -0.861692 -0.840238 -0.937822 -0.507148 0.681979 -0.514461 -0.560504 0.0348157 0.124324 -0.786439 -1 0.591418 -0.528773 -0.805674 -0.459519 -0.0730359 -1 -0.305274 -0.776239 -0.222704 -1 -0.879318 -0.991749 -0.634666 -1 0.154953 -0.338754 -0.376424 -0.848811 -0.917921 0.347187 -1 -0.182074 0.00966977 -0.0320613 -1 -0.894242 0.441658 -1 0.353345 -0.118861 0.78386 -0.753981 -0.414116 0.0195552 -0.457652 -0.829368 0.365288 -0.110258 -0.512841 0.303274 -0.539045 -0.485931 -1 -0.271052 -0.583564 -1 -0.947313 -1 -0.190113 -0.578689 0.461787 -1 -0.22808 -0.0732683 -0.458445 0.191797 0.366873 -0.340656 -0.534075 0.0175965 -0.291652 0.0833499 -0.00889045 0.302632 -0.686697 0.132579 -1 -0.654495 0.361317 -0.946106 
-0.54764 -0.038816 -1 0.125301 0.255505 0.00463142 -1 -0.109279 -1 -0.636929 -0.0113536 0.392672 -0.774349 -0.233816 -1 -1 -0.209655 -0.935469 -1 -0.722057 -0.31795 -0.375267 0.19843 -1 -0.920024 -0.833315 -0.083934 0.015282 -0.782488 -0.730734 0.0457652 -0.953215 -1 -0.958006 -1 -1 -1 -1 -0.834908 -0.334109 0.567538 0.109916 -0.944379 -0.887966 0.0958777 -0.571512 -0.119944 -0.494006 0.148276 -1 -0.633229 -0.750744 -0.0270765 -1 0.358638 -0.881457 -1 -0.861692 -0.840238 -0.98557 -0.456267 0.681979 -0.716561 -0.560504 -0.039543 0.0481639 -0.944425 -1 0.702311 -0.502356 -0.787487 -0.459519 -0.0309522 -1 -0.305274 -0.776239 -0.222704 -1 -0.777942 -0.991749 -0.686211 -1 0.154953 -0.338754 -0.47884 -0.899054 -0.88027 0.347187 -1 -0.139293 -0.0471242 -0.0320613 -1 -0.894242 0.541909 -1 0.361532 -0.275164 0.828705 -0.753981 -0.35442 0.0195552 -0.436225 -0.776042 0.496303 -0.173881 -0.499086 0.303274 -0.459636 -0.485931 -1 -0.385006 -0.583564 -1 -0.833996 -1 -0.241552 -0.667252 0.461787 -1 -0.22808 -0.0732683 -0.471866 0.198864 0.366873 -0.501817 -0.534075 0.0720547 -0.291652 0.134649 -0.0819756 0.325487 -0.751899 0.132579 -1 -0.699988 0.361317 -0.946106 
-0.54764 -0.038816 -1 0.125301 0.255505 0.00463142 -1 -0.109279 -1 -0.636929 -0.0113536 0.392672 -0.774349 -0.233816 -1 -1 -0.209655 -0.935469 -1 -0.722057 -0.31795 -0.375267 0.19843 -1 -0.920024 -0.833315 -0.083934 0.015282 -0.782488 -0.730734 0.0457652 -0.953215 -1 -0.958006 -1 -1 -1 -1 -0.834908 -0.334109 0.567538 0.109916 -0.944379 -0.887966 0.0958777 -0.571512 -0.119944 -0.494006 0.148276 -1 -0.633229 -0.750744 -0.0270765 -1 0.358638 -0.881457 -1 -0.861692 -0.840238 -0.98557 -0.456267 0.681979 -0.716561 -0.560504 -0.039543 0.0481639 -0.944425 -1 0.702311 -0.502356 -0.787487 -0.459519 -0.0309522 -1 -0.305274 -0.776239 -0.222704 -1 -0.777942 -0.991749 -0.686211 -1 0.154953 -0.338754 -0.47884 -0.899054 -0.88027 0.347187 -1 -0.139293 -0.0471242 -0.0320613 -1 -0.894242 0.541909 -1 0.361532 -0.275164 0.828705 -0.753981 -0.35442 0.0195552 -0.436225 -0.776042 0.496303 -0.173881 -0.499086 0.303274 -0.459636 -0.485931 -1 -0.385006 -0.583564 -1 -0.833996 -1 -0.241552 -0.667252 0.461787 -1 -0.22808 -0.0732683 -0.471866 0.198864 0.366873 -0.501817 -0.534075 0.0720547 -0.291652 0.134649 -0.0819756 0.325487 -0.751899 0.132579 -1 -0.699988 0.361317 -0.946106 
-0.486627 -0.076492 -0.957924 0.118704 -0.0355013 0.110779 -1 -0.534695 -0.930489 -0.935909 -0.216323 0.177948 -0.722602 -0.248062 -1 -1 -0.383109 -1 -0.9621 -1 -0.668381 -0.208081 -0.0327174 -1 -1 -0.794574 -0.663065 -0.399396 -0.785634 -0.721119 -0.0827427 -0.83167 -1 -1 -1 -1 -0.932838 -0.989631 -1 -0.469362 0.396764 0.118573 -0.99157 -1 -0.209635 -0.853384 -0.289177 -0.90065 0.0346037 -1 -0.994074 -0.707329 -0.386359 -1 0.117602 -1 -1 -1 -1 -1 -0.638253 0.634246 -0.517311 -1 0.0325065 0.270642 -0.974253 -1 0.469145 -0.6287 -0.99471 -0.899976 -0.180883 -1 -0.722369 -1 -0.474796 -1 -0.709447 -1 -0.804226 -1 -0.0805077 -0.295815 -0.55025 -0.997981 -0.984534 0.122675 -1 -0.41823 -0.133267 -0.0556847 -0.929169 -1 0.261271 -0.957523 0.446136 -0.461542 0.309274 -0.69828 -0.473039 0.0525578 -0.446869 -0.992605 0.262905 -0.101323 -0.837142 0.190872 -0.515618 -0.783954 -1 -0.401427 -0.82169 -1 -0.982271 -1 -0.671313 -0.843799 0.54792 -0.982349 -0.573488 -0.3453 -0.478893 0.0712302 0.0607874 -0.504444 -0.509741 -0.0213738 -0.346008 -0.0745741 -0.0186309 0.168651 -1 -0.115162 -0.987482 -0.914601 -0.40642 -1 
-0.553739 0.0384015 -1 0.282253 0.218425 -0.236408 -1 -0.435852 -0.964079 -0.550214 -0.147764 0.18971 -0.981762 -0.350444 -1 -0.835866 -0.487255 -0.908099 -1 -0.98056 -0.395108 -0.294914 0.0280689 -1 -1 -0.859683 -0.306185 0.0202705 -0.889296 -0.988445 -0.00408763 -1 -0.96217 -1 -1 -0.964746 -0.979742 -1 -0.816439 -0.390619 0.567538 -0.0917522 -1 -0.808665 -0.189922 -0.864969 -0.255528 -0.494006 0.234244 -0.944322 -0.969405 -0.741837 -0.0506292 -1 0.475821 -0.945562 -1 -1 -1 -1 -0.510288 0.469016 -0.840909 -0.992401 -0.101731 0.161005 -1 -1 0.366826 -0.521266 -0.722458 -0.459519 0.0120081 -1 -0.33261 -0.823671 -0.258908 -1 -0.923814 -1 -1 -1 -0.00243363 -0.689983 -0.681843 -0.982899 -0.956711 0.217498 -1 -0.229702 -0.619073 -0.297726 -1 -1 0.247475 -1 0.24928 -0.378744 0.291718 -0.912288 -0.350221 0.0195552 -0.382855 -0.925693 0.528507 -0.12543 -0.702954 0.133727 -0.525756 -0.795399 -1 -0.430089 -0.580504 -1 -1 -1 -0.465634 -0.501186 0.468397 -1 -0.548594 -0.158241 -0.480622 0.218147 0.366873 -0.306332 -1 0.117382 -0.45856 0.0553396 -0.224992 0.173379 -1 -0.342684 -1 -0.765258 0.361317 -1 
-0.629828 -0.038816 -1 0.288262 0.296841 -0.465369 -0.923496 0.0352343 -0.979704 -0.808997 0.0682581 0.131743 -0.794533 -0.275918 -1 -1 -0.209655 -0.935469 -0.984569 -0.842945 -0.31795 -0.621639 0.106237 -1 -0.872697 -1 -0.161586 0.015282 -1 -0.888444 0.0440977 -0.873233 -0.983557 -0.97289 -1 -1 -1 -1 -1 -0.528081 0.648009 0.0157484 -1 -1 -0.150702 -0.780495 -0.0404918 -0.718302 -0.372914 -1 -0.742639 -0.710848 -0.0150686 -1 0.475821 -0.881457 -1 -0.960637 -1 -0.957528 -0.524069 0.617941 -0.568228 -0.772051 0.0348157 0.110042 -0.981951 -1 0.600694 -0.502356 -0.805674 -0.685079 -0.26973 -1 -0.414422 -0.966561 -0.544604 -1 -0.777942 -0.991749 -0.725164 -1 -0.144923 -0.352635 -0.570561 -1 -1 0.202194 -1 -0.463095 -0.118005 -0.105109 -1 -1 0.541909 -1 0.353345 -0.252489 0.624666 -1 -0.560333 -0.0784515 -0.394477 -0.776042 0.38146 -0.185675 -0.866386 0.236707 -0.353644 -0.619945 -1 -0.271052 -0.707047 -1 -0.863229 -1 -0.89101 -0.411014 0.360671 -1 -0.348491 -0.0395098 -0.639523 -0.131088 0.252474 -0.410251 -0.643578 0.102172 -0.291652 0.134649 -0.412212 -0.0399514 -0.602547 -0.0350625 -1 -0.726638 0.335288 -0.924016 
-0.792922 -0.00792028 -0.916383 0.0161284 -0.185761 -0.56843 -1 -0.409974 -1 -0.748245 -0.132524 0.177199 -0.729025 -0.549935 -0.971102 -1 -0.601484 -1 -1 -0.824694 -0.637058 -0.477246 -0.151987 -0.98601 -1 -0.988451 -0.289019 -0.660076 -1 -0.732439 -0.262316 -0.987602 -1 -1 -1 -0.956777 -0.984431 -1 -1 -0.324957 -0.129783 -0.0126086 -1 -1 -0.0630312 -0.598447 -0.386935 -0.526407 0.153943 -1 -0.879166 -0.718586 -0.521705 -0.95906 0.111576 -1 -0.906048 -0.962513 -1 -1 -1 0.473283 -0.641847 -0.627206 -0.447859 -0.149641 -1 -0.991742 0.521448 -1 -1 -0.555319 -0.297626 -1 -0.796377 -0.96068 -0.130384 -1 -1 -1 -0.686211 -1 -0.301416 -0.556656 -0.679684 -1 -0.995001 0.368203 -1 -0.431767 -0.287398 -0.511807 -0.922194 -1 0.339941 -0.91149 0.158842 -0.831965 0.775396 -0.800577 -0.467631 -0.187378 -0.795948 -1 0.532568 -0.22065 -0.569531 0.123971 -0.553861 -0.607026 -1 -0.501458 -0.958161 -1 -1 -1 -0.308839 -0.657571 0.356615 -1 -0.546649 -0.190929 -0.577955 -0.0628781 0.517522 -0.364502 -0.60375 -0.0326653 -0.369774 -0.100341 -0.257379 -0.186301 -0.957864 -0.230543 -1 -0.785351 0.293665 -1 
-0.810435 -0.0675828 -0.938755 -0.334602 -0.683369 -0.238121 -1 -0.234377 -1 -0.946721 -0.34663 0.527238 -0.659293 -0.524159 -0.973669 -1 -0.384733 -1 -0.928941 -0.701742 -0.610247 -0.290416 -0.453733 -1 -1 -0.957892 -0.74427 -0.468075 -1 -1 -0.0273831 -0.965517 -1 -1 -0.947411 -1 -1 -1 -0.826273 -0.431104 0.230468 -0.377377 -1 -1 -0.091533 -0.846386 -0.381609 -0.960275 0.0589088 -1 -0.905393 -0.927098 -0.201875 -1 0.287955 -1 -0.950913 -1 -0.962833 -1 -1 0.260084 -0.605084 -0.463816 -0.355859 -0.180882 -1 -1 0.460748 -0.755378 -1 -1 0.00536101 -1 -0.805667 -1 -0.675706 -1 -1 -1 -0.817402 -1 0.0138666 -0.542486 -0.505897 -1 -1 -0.0746617 -1 -0.609496 -0.172989 -0.746566 -0.925047 -0.959084 0.375223 -1 0.148121 -0.208683 0.394372 -0.971932 -0.217165 0.0238129 -0.392664 -1 0.67044 -0.470496 -0.692198 0.180538 -1 -0.478126 -1 -0.556119 -0.798975 -1 -0.975791 -0.976465 -0.734535 -0.562296 -0.171192 -0.997253 -0.171457 -0.0893321 -0.658727 -0.135431 0.131336 -0.370482 -0.603635 0.0621704 -0.529608 0.318358 -0.28287 0.223221 -0.973049 -0.0505814 -0.882541 -0.699988 0.073718 -1 
-0.844891 -0.447368 -0.988646 0.239839 0.0985736 -0.658922 -1 -0.0899887 -0.981922 -0.89793 -0.385277 0.312352 -1 -0.670101 -1 -1 -0.255311 -1 -1 -0.948605 -0.640634 -0.595214 0.0833078 -1 -0.909106 -1 -0.590585 -0.094618 -0.952665 -0.749828 -0.501511 -0.999557 -0.976929 -1 -0.99039 -1 -1 -1 -0.955883 -0.674535 0.0866771 -0.219464 -0.969263 -1 0.0471694 -0.99437 -0.417965 -0.707052 -0.278859 -0.902546 -0.934747 -1 -0.651536 -1 0.312749 -0.924161 -1 -1 -0.964338 -1 -0.654404 0.552306 -0.863615 -0.992082 -0.153227 -0.438068 -0.833614 -1 0.612868 -0.587334 -0.944632 -0.526394 -0.342444 -1 -0.295167 -1 -0.515247 -1 -0.962747 -1 -1 -1 -0.0260698 -0.893139 -1 -0.977797 -1 -0.0994219 -1 -0.320367 -0.386131 -0.0997363 -0.913473 -1 -0.0197756 -1 -0.086953 -0.573098 0.716546 -0.664919 -0.501347 -0.0462719 -0.800821 -1 0.298634 -0.411289 -0.98077 0.323362 -0.691005 -0.87841 -0.967345 -0.609228 -0.587657 -0.890264 -1 -0.956191 -0.434525 -0.752228 0.178208 -1 -0.802658 -0.0588882 -0.877417 -0.27285 0.215055 -0.62256 -1 -0.0583104 -0.446202 -0.266954 -0.346352 0.0484066 -1 -0.233269 -1 -1 -0.0874863 -1 
-0.645184 -0.53315 -1 0.27496 -0.00235367 -0.0471731 -1 -0.399643 -0.907767 -0.784786 -0.098416 0.384062 -0.825175 -0.337162 -0.959414 -1 -0.320365 -0.966982 -1 -0.718556 -0.783637 -0.660297 0.0110113 -1 -0.929405 -1 -0.300064 0.0479429 -1 -0.815222 -0.347211 -0.922362 -1 -1 -0.938748 -1 -1 -0.973919 -0.841884 -0.725154 0.355961 -0.00936384 -1 -1 -0.16407 -0.953706 -0.779076 -0.713937 -0.206103 -0.962418 -1 -0.8716 -0.4984 -1 0.408857 -1 -0.927097 -1 -0.982214 -1 -0.659359 0.552306 -0.817316 -0.885224 -0.252069 0.020258 -0.683261 -1 0.706167 -0.543237 -1 -0.862812 -0.24832 -0.954133 -0.177634 -0.938154 -0.671111 -1 -0.869522 -1 -0.960524 -1 0.135204 -0.572854 -1 -0.929376 -0.991813 0.0510991 -1 -0.279645 -0.321951 -0.0157771 -1 -1 0.149809 -0.98392 0.260387 -0.547133 0.708982 -0.894416 -0.338213 -0.0215775 -0.609953 -1 0.318707 -0.396886 -0.930877 0.0521204 -0.935841 -0.485931 -1 -0.45045 -0.57959 -0.883866 -1 -0.997725 -0.551828 -0.599317 0.289381 -1 -0.64018 -0.0765836 -0.917121 8.86619e-05 0.06547 -0.673278 -0.881343 0.00384793 -0.557455 -0.0348192 -0.451273 0.154865 -1 -0.0942524 -1 -1 0.100652 -0.969656 
0.242631 -0.155693 -0.15528 -0.0155378 0.512717 -1 0.166148 -0.694312 -0.35995 -0.203672 -1 0.188645 -0.0421958 -0.0653605 -0.574694 0.0148706 0.794554 -0.724605 0.494592 0.413747 0.0919667 0.56958 0.288426 0.0525321 1 0.491841 -0.276764 -0.453965 -0.824568 0.607025 0.294986 0.831665 0.625982 0.653992 -0.94658 0.427624 -0.557594 -0.258525 -0.887698 -0.619262 -0.0423587 -0.576099 -0.138134 -0.124162 0.657624 -0.0995777 0.37438 0.259354 -1 -0.457491 -0.0501058 0.328261 -0.769896 0.844016 -0.214399 0.305524 0.546895 0.138359 0.624177 0.602454 -0.233247 -1 -0.863283 0.115636 -0.940962 0.603206 -0.578695 -0.514313 0.443782 -0.875916 0.820957 0.621541 -0.223585 0.824579 0.40112 0.282394 -1 -1 -0.522976 -0.416398 1 -0.578626 -0.373186 -0.508826 -0.778358 0.196317 -0.0435674 -0.882341 0.66827 -0.325893 -0.918407 0.73144 0.506098 -0.862525 -0.663589 0.699343 0.339428 -0.220111 -0.681622 0.761872 0.454642 0.23299 0.818583 -0.402205 -0.327012 0.626226 0.323234 -0.220593 -0.930032 0.709992 -1 -0.780002 0.754653 -0.772488 -0.277016 0.451572 0.614725 -0.500282 0.201641 0.0795221 0.815127 -0.77329 0.0448462 0.570217 -0.361842 -0.908623 0.899623 -0.0612494 0.646898 0.590331 0.576299 -1 -0.416524 -0.0183489 -0.392619 0.521739 -0.733501 -0.557504 
-0.56902 -0.0682754 -0.918945 0.147091 0.030549 -0.192856 -1 -0.0452271 -1 -0.621079 -0.0746372 0.170171 -0.7398 -0.273547 -0.942183 -0.932707 -0.491676 -1 -1 -0.527853 -0.434763 -0.24804 0.0461807 -0.936964 -1 -1 -0.25883 -0.273093 -0.835948 -0.99852 -0.022439 -0.806265 -1 -0.916893 -1 -1 -1 -0.938963 -0.87879 -0.505904 0.617043 -0.192875 -0.944379 -1 -0.0645505 -0.777843 -0.204851 -0.632597 0.0285073 -0.971062 -0.605208 -0.67969 0.0151317 -1 0.180329 -1 -1 -0.913523 -0.779976 -1 -0.834341 0.396942 -0.579966 -0.981687 -0.0950459 0.124324 -1 -1 0.685452 -0.502356 -0.759351 -0.749568 -0.208211 -1 -0.567299 -0.892494 -0.222704 -1 -1 -1 -1 -1 0.0717146 -0.608195 -0.654554 -0.838205 -1 0.289343 -0.970514 -0.130423 -0.247092 -0.233743 -1 -0.894242 0.305167 -0.940712 0.0393381 -0.150022 0.85783 -1 -0.861886 0.0603963 -0.431355 -1 0.581423 -0.601577 -0.670576 0.0105114 -0.418474 -0.54583 -1 -0.464106 -0.515827 -0.907144 -0.746704 -1 -0.492999 -0.508991 0.456213 -1 -0.142359 -0.053637 -0.678232 0.140908 -0.124831 -0.510621 -0.616586 0.07664 -0.588426 0.0446711 -0.113032 0.425559 -0.967444 0.0574363 -0.936598 -1 0.361317 -0.960259 
-0.775619 -0.105229 -1 -0.0596711 0.288864 -0.0408038 -0.904639 -0.105028 -0.923028 -0.669456 -0.210116 0.0196252 -0.735212 -0.29937 -1 -1 -0.377209 -1 -1 -0.646309 -0.255937 -0.24804 0.0056424 -1 -0.966232 -0.95598 -0.0800519 0.00941695 -0.729665 -0.80168 0.0457652 -1 -1 -0.924452 -1 -1 -1 -0.974215 -1 -0.718481 0.486465 0.137747 -1 -0.887966 0.262778 -0.531315 -0.129884 -0.506926 0.230658 -1 -0.848725 -0.776172 -0.0350314 -1 0.627877 -1 -1 -0.884881 -1 -0.98557 -0.896112 0.6276 -0.603606 -0.598463 -0.0250157 0.0789273 -0.82352 -1 0.672889 -0.624553 -1 -0.489993 0.0523301 -0.983579 -0.265051 -0.776239 -0.344017 -1 -1 -0.912966 -0.821775 -1 -0.138683 -0.586175 -0.715264 -1 -0.928443 0.347187 -1 -0.382122 0.00966977 -0.242502 -1 -0.869502 0.227317 -0.981196 0.354726 -0.118861 0.790616 -0.760855 -0.308223 -0.19742 -0.549655 -0.79282 0.393704 -0.232385 -0.623105 0.182835 -0.443731 -0.485931 -1 -0.293736 -0.57777 -0.967605 -0.822176 -1 -0.241552 -0.578689 0.330998 -0.967668 -0.346744 -0.326003 -0.545581 -0.0984578 0.366873 -0.599519 -0.534075 -0.0410344 -0.665795 0.00580335 -0.100037 0.0860643 -0.686697 0.155384 -1 -0.814891 0.204397 -1 
-0.54764 -0.038816 -1 0.125301 0.255505 0.00463142 -1 -0.109279 -1 -0.636929 -0.0113536 0.392672 -0.774349 -0.233816 -1 -1 -0.209655 -0.935469 -1 -0.722057 -0.31795 -0.375267 0.19843 -1 -0.920024 -0.833315 -0.083934 0.015282 -0.782488 -0.730734 0.0457652 -0.953215 -1 -0.958006 -1 -1 -1 -1 -0.834908 -0.334109 0.567538 0.109916 -0.944379 -0.887966 0.0958777 -0.571512 -0.119944 -0.494006 0.148276 -1 -0.633229 -0.750744 -0.0270765 -1 0.358638 -0.881457 -1 -0.861692 -0.840238 -0.98557 -0.456267 0.681979 -0.716561 -0.560504 -0.039543 0.0481639 -0.944425 -1 0.702311 -0.502356 -0.787487 -0.459519 -0.0309522 -1 -0.305274 -0.776239 -0.222704 -1 -0.777942 -0.991749 -0.686211 -1 0.154953 -0.338754 -0.47884 -0.899054 -0.88027 0.347187 -1 -0.139293 -0.0471242 -0.0320613 -1 -0.894242 0.541909 -1 0.361532 -0.275164 0.828705 -0.753981 -0.35442 0.0195552 -0.436225 -0.776042 0.496303 -0.173881 -0.499086 0.303274 -0.459636 -0.485931 -1 -0.385006 -0.583564 -1 -0.833996 -1 -0.241552 -0.667252 0.461787 -1 -0.22808 -0.0732683 -0.471866 0.198864 0.366873 -0.501817 -0.534075 0.0720547 -0.291652 0.134649 -0.0819756 0.325487 -0.751899 0.132579 -1 -0.699988 0.361317 -0.946106 
-0.54764 -0.0719813 -1 0.28756 0.255505 0.00463142 -1 -0.0212903 -0.942101 -0.636929 -0.103916 0.392672 -0.800714 -0.233816 -1 -0.875401 -0.209655 -0.935469 -1 -0.641318 -0.30646 -0.24804 0.11548 -1 -0.920024 -0.833315 -0.083934 0.015282 -0.782488 -0.730734 0.0457652 -0.873233 -1 -1 -1 -1 -0.996167 -1 -0.834908 -0.384153 0.567538 0.180798 -0.984522 -0.998106 -0.0534412 -0.579628 -0.119944 -0.494006 0.148276 -1 -0.611873 -0.880734 -0.0270765 -1 0.475821 -0.886941 -0.970821 -0.960393 -0.863226 -0.98557 -0.615201 0.681979 -0.550837 -0.630046 0.0348157 0.152595 -0.798555 -1 0.565103 -0.502356 -0.805674 -0.459519 0.0142312 -1 -0.429312 -0.776239 -0.229745 -1 -0.777942 -1 -0.818693 -1 0.154953 -0.338754 -0.376424 -0.96335 -0.88027 0.283825 -1 -0.223976 0.00966977 -0.0320613 -1 -0.886847 0.541909 -1 0.353345 -0.151505 0.828705 -0.753981 -0.305764 0.0195552 -0.431355 -0.776042 0.485926 -0.0791982 -0.512841 0.303274 -0.443731 -0.485931 -1 -0.271052 -0.553705 -1 -0.792174 -1 -0.241552 -0.688763 0.331469 -1 -0.187043 -0.0732683 -0.480622 0.191797 0.366873 -0.366111 -0.534075 0.00155755 -0.291652 0.134649 -0.126538 0.364141 -0.686697 0.132579 -1 -0.699988 0.256009 -0.946106 
-0.54764 -0.038816 -1 0.263269 0.255505 0.00463142 -1 -0.0212903 -0.942101 -0.684775 -0.0113536 0.392672 -0.862266 -0.199478 -1 -0.912497 -0.228733 -0.935469 -1 -0.641318 -0.432536 -0.24804 0.0512493 -1 -0.920024 -0.833315 -0.083934 -0.0261419 -0.782488 -0.980323 0.0457652 -0.998655 -0.934532 -0.951362 -0.962935 -0.968122 -1 -1 -0.887642 -0.376697 0.559583 0.180429 -0.996936 -0.909105 0.106084 -0.579628 -0.199049 -0.494006 0.148276 -1 -0.633229 -0.750744 -0.0531187 -1 0.475821 -0.948299 -1 -0.97977 -0.840238 -1 -0.507148 0.664843 -0.550837 -0.699866 0.0348157 0.124324 -0.786439 -0.977282 0.702311 -0.475613 -0.805674 -0.570665 0.0662775 -1 -0.380505 -0.743075 -0.222704 -1 -0.925912 -0.983802 -0.686211 -1 0.154953 -0.29883 -0.376424 -0.816838 -0.88027 0.335014 -1 -0.415212 -0.134148 -0.0320613 -1 -0.894242 0.541909 -0.940712 0.353345 -0.253807 0.688126 -0.827493 -0.305764 -0.0646304 -0.431355 -0.776042 0.482886 -0.0791982 -0.644757 0.303274 -0.427186 -0.485931 -1 -0.271052 -0.569903 -1 -0.998942 -0.955299 -0.241552 -0.578689 0.461787 -1 -0.22808 -0.226572 -0.53578 0.10102 0.284124 -0.43939 -0.534075 0.124192 -0.418319 0.112753 -0.00723916 0.287874 -0.686697 0.0191459 -1 -0.80897 0.0942845 -1 
-0.54764 -0.038816 -1 0.252219 0.324905 0.0942337 -1 -0.0212903 -0.942101 -0.588358 -0.0858542 0.392672 -0.774349 -0.196738 -1 -0.97843 -0.273699 -0.935469 -1 -0.880498 -0.422466 -0.24804 0.19843 -1 -0.920024 -0.990318 -0.083934 -0.134257 -0.814067 -0.795199 0.0457652 -0.873233 -1 -1 -1 -1 -1 -0.936558 -0.914783 -0.384153 0.547359 -0.0219292 -0.926223 -1 0.0760777 -0.650366 -0.415736 -0.494006 0.00561315 -1 -1 -0.750744 0.0120684 -1 0.31299 -0.982005 -1 -1 -0.89165 -0.98557 -0.507148 0.772124 -0.593542 -0.769442 -0.016983 0.155539 -0.786439 -1 0.713205 -0.80805 -1 -0.454143 -0.237209 -1 -0.577545 -0.846137 -0.321352 -1 -0.704607 -1 -0.686211 -1 -0.111289 -0.358969 -0.379346 -0.810202 -0.857713 0.275144 -1 -0.256654 -0.263115 -0.0194562 -1 -0.894242 0.426719 -0.905019 -0.0255061 -0.118861 0.765609 -0.753981 -0.30625 -0.209177 -0.431355 -0.720893 0.496303 -0.248285 -0.581528 0.303274 -0.645479 -0.43673 -1 -0.271052 -0.613517 -1 -0.87528 -1 -0.241552 -0.578689 0.429929 -1 -0.517423 -0.0322078 -0.506172 0.176611 0.338468 -0.412381 -0.704447 0.0846587 -0.291652 0.176405 -0.00723916 0.199218 -0.703847 -0.0423654 -1 -0.940696 0.183218 -0.91743 
-0.588746 -0.190596 -0.95904 0.240211 0.255505 -0.0272818 -1 -0.0887915 -0.902574 -0.636929 -0.0113536 0.392672 -0.952233 -0.233816 -1 -1 -0.387893 -1 -1 -0.641318 -0.31795 -0.268818 0.137158 -0.949716 -1 -0.786095 -0.323774 -0.084403 -1 -0.782968 0.100451 -0.970881 -1 -1 -1 -1 -0.988112 -0.971926 -0.835606 -0.384153 0.467087 0.132984 -1 -1 0.0958777 -0.73785 -0.119944 -0.494006 0.0534402 -1 -0.791776 -0.950585 -0.0270765 -1 0.505991 -0.881457 -1 -1 -0.832463 -0.975519 -0.507148 0.712844 -0.63939 -0.760991 0.0348157 0.0524639 -1 -1 0.702311 -0.471636 -0.821926 -0.433257 -0.114463 -1 -0.305961 -0.776239 -0.344639 -1 -0.771674 -0.975293 -0.686211 -1 -0.0271392 -0.384519 -0.343426 -0.867907 -0.836192 0.119358 -1 -0.202723 0.00966977 0.0172253 -1 -0.894242 0.562931 -0.817279 0.175096 -0.225872 0.685746 -1 -0.476029 -0.233001 -0.431355 -0.776042 0.203402 -0.0405522 -0.652798 0.303274 -0.493 -0.645587 -0.999843 -0.271052 -0.571495 -1 -1 -1 -0.376041 -0.663809 0.461787 -1 -0.357068 -0.0732683 -0.695741 0.191797 0.366873 -0.310039 -0.842774 -0.0363394 -0.220764 0.134649 -0.0374208 0.114007 -0.686697 0.0324977 -1 -0.68002 0.335292 -1 
-0.515175 0.430606 -0.884865 0.434054 -1 0.371058 -0.93254 -1 -1 -0.020465 -0.388336 0.109107 -0.636019 0.359557 -0.419903 0.203126 0.304657 -0.7209 -0.786716 -0.471312 -0.91571 -0.356758 -1 0.299263 -0.0723376 -0.907564 -1 -0.673999 0.402101 -1 0.365676 0.348608 -0.713764 0.454347 0.263245 -1 0.221584 -0.436877 -0.946779 0.637119 0.353877 0.397142 0.574372 -0.140236 -0.893148 0.0774532 0.197853 -0.954065 0.551494 0.233972 -1 0.502817 -0.884038 -0.421454 -0.731494 -0.797541 -1 -0.556315 -1 0.261466 -0.436301 -0.254522 0.357818 -0.674451 -0.9875 0.228258 -0.273386 0.239391 -0.717554 0.340016 -1 -0.217521 -1 -0.111632 -0.628971 -0.193416 0.364172 -0.361947 -0.702512 -1 -0.141792 -1 -0.0845697 -1 -0.721409 -0.982403 -0.699975 0.185336 -0.95605 -0.0403585 -0.473882 -0.963871 0.21613 -0.535315 0.271543 -0.866034 0.172053 -1 -1 -0.175889 -1 -0.0716681 0.414587 -0.717196 0.612558 -0.979674 -1 -1 0.417846 0.398417 -1 0.48119 -0.614206 -0.113297 0.0665432 -0.32087 -1 -0.46018 -0.796478 -0.957239 -0.238791 -0.148119 -0.596617 -0.380864 -0.23343 0.600394 0.0703562 -0.962787 -0.213069 -0.663372 -0.972162 -0.42911 0.277151 -0.0203343 -0.235374 0.60098 -0.552418 0.0133361 
-0.933145 -0.969193 -0.386157 -0.758921 -0.905253 -0.870537 0.639535 -0.835747 -0.688547 -0.99818 -0.910349 -0.261605 0.0392157 -0.783819 -0.72726 -0.248904 -0.447165 -0.976735 -0.0535073 -0.0422959 -1 -1 0.547831 -0.366565 0.073493 -0.824111 -0.772622 -0.457546 -1 -0.451332 -1 0.810426 -0.848837 0.466432 -0.0348568 -0.999391 -1 -1 -0.912737 -0.450686 0.0999319 0.302819 -0.589256 -0.0948035 -1 -1 0.319401 -0.678732 -0.454975 -0.999166 -0.615257 -0.0627967 -0.968297 -0.434393 -0.0808653 -0.654098 -1 -1 0.0145828 0.0825749 -1 -1 -0.695417 0.105653 -1 -0.0952146 -0.981449 0.717919 -0.772881 -1 -1 0.333757 -1 -0.957929 0.439105 -0.480393 0.178005 -0.0388048 -0.550996 0.62443 -0.686548 -1 -1 0.088606 -0.205929 -0.424898 -0.891184 -0.693154 0.220564 -0.136344 -0.734286 -0.344734 0.365117 -0.976964 -0.975711 -0.608012 -0.507481 -1 -1 -0.167792 -0.502177 -1 -0.838812 -0.421352 -0.220348 -0.685625 -0.90254 -0.955532 -1 -1 -0.0443915 -0.0646969 -0.0341965 -1 -1 -0.423457 -0.204398 -0.34857 -0.468302 -1 -0.954072 -0.52051 -0.0188989 -1 -0.753318 -1 0.188804 -0.781619 -0.538767 -0.950927 -0.930048 -0.962333 -1 -1 0.399653 0.707136 -1 -1 
-0.54764 -0.343729 -1 0.0678558 0.236921 0.0570163 -1 -0.318407 -1 -0.542098 -0.682734 0.236894 -0.703256 -0.479617 -1 -0.896144 -0.310991 -0.902044 -1 -0.913183 -0.693723 -0.740546 -0.234231 -0.903961 -1 -0.973106 -0.250584 0.170916 -1 -1 -0.0892514 -1 -1 -0.908993 -0.966544 -1 -1 -1 -1 -0.496539 0.247951 -0.0957023 -0.879442 -0.827873 -0.179841 -0.959878 -0.439754 -0.77568 -0.165321 -1 -0.600505 -1 -0.272063 -1 0.508033 -1 -0.962315 -1 -1 -1 -0.734251 0.727888 -0.740657 -0.561691 -0.279152 0.0817786 -1 -1 0.594912 -0.80845 -1 -0.695399 -0.719579 -1 -0.394926 -0.898833 -0.38793 -0.93844 -1 -0.991749 -0.72144 -1 -0.177667 -0.931837 -0.940831 -0.949711 -1 -0.058111 -0.978557 -0.636925 -0.0663511 -0.330829 -0.910408 -1 0.00445473 -1 0.426331 -0.0613668 0.902912 -0.704116 -0.89318 -0.2031 -0.565879 -1 0.545716 -0.671493 -0.800521 0.289175 -1 -0.584846 -1 -0.555904 -0.699547 -1 -0.840193 -1 -0.456586 -0.493153 0.306796 -1 -0.353489 -0.145531 -0.800369 0.132416 0.0229178 -0.579675 -0.656495 -0.0128274 -0.447444 0.0224055 -0.54279 0.309279 -0.944349 0.100162 -0.909712 -0.784654 0.356505 -1 
0.29348 -0.49847 0.611925 0.168656 0.0606095 -0.507149 0.232435 0.736379 -0.657407 0.179338 -1 -1 -0.389242 -0.169253 0.220232 0.223029 -0.37214 0.0990686 -0.129078 -1 -1 -1 0.515432 -0.380511 -0.994263 0.110193 -0.906841 0.0172675 -0.0718806 -0.0888375 0.140906 -1 -0.79334 -0.628415 -0.471889 0.374888 0.472572 0.595078 0.295407 -0.297108 0.560435 -1 0.677768 -0.172894 -0.845964 0.470299 -0.458453 -1 -0.68296 -0.97112 -0.99998 -0.201642 -0.624412 -1 -1 0.155862 0.528785 0.484556 -0.215396 -0.603986 -0.320903 0.676021 -1 -0.92365 0.54116 -0.864723 -0.579782 0.59976 0.0412374 -0.789398 -0.190338 0.533454 -0.490486 -0.104406 -0.562016 0.343638 0.618392 0.793555 -0.266513 -0.941917 -0.977574 -0.997985 -0.770898 0.354462 -1 0.462277 -0.735046 -0.69609 -0.174588 -1 0.828578 -0.770241 -1 -0.758906 0.522083 -0.995465 -0.59171 0.196662 0.105419 -0.726274 -0.261636 0.267774 0.597101 -0.94181 -0.260536 -0.706259 0.0622168 -0.908065 0.38814 -1 0.0078198 -0.52339 -0.99284 -0.399259 -0.349968 -0.82411 -1 -0.132265 0.487921 -0.736794 0.201055 0.410547 0.199393 0.673022 0.0978543 -1 -0.777212 -0.9887 0.0274232 0.189736 -0.116361 0.429267 -0.795424 -1 0.840652 -0.775705 0.419601 -0.135926 
-0.700671 -0.0891337 -0.899875 0.0488443 -0.155464 -0.119718 -1 -0.153229 -1 -0.807644 -0.0113536 0.228995 -0.933319 -0.233816 -1 -0.982032 -0.277652 -1 -0.979809 -0.798666 -0.647798 -0.645564 0.158103 -1 -1 -0.819768 -0.23165 -0.238912 -1 -1 -0.207102 -1 -1 -0.785584 -1 -0.977426 -0.995039 -1 -0.899041 -0.377348 0.637377 -0.045809 -0.934649 -0.905519 0.165392 -0.593573 -0.744366 -0.538224 0.10489 -1 -0.781011 -1 -0.0270765 -1 0.267836 -0.959634 -1 -1 -0.928517 -0.969896 -0.772012 0.681979 -0.589019 -0.692085 -0.0109919 -0.134981 -0.932705 -1 0.576195 -1 -0.985505 -0.459519 -0.0220552 -0.987339 -0.650795 -0.776239 -0.138874 -1 -0.944605 -0.998067 -0.728738 -1 -0.0547106 -0.237064 -0.876419 -0.981115 -1 -0.21678 -0.907759 -0.326879 0.00966977 -0.0635115 -1 -0.903234 0.541909 -1 0.201608 -0.274014 0.545702 -0.680147 -0.47285 0.0212338 -0.500571 -1 0.543458 -0.453493 -0.587617 0.0257702 -0.630509 -0.836168 -1 -0.237033 -0.558548 -0.946249 -0.876051 -1 -0.620221 -0.670396 0.26259 -1 -0.160846 -0.122633 -0.511137 0.204541 0.418925 -0.321719 -0.534075 0.0881686 -0.274212 -0.0596454 -0.524905 0.196904 -0.826271 -0.0138238 -0.955742 -0.945469 0.0673075 -1 
-0.65868 -0.135513 -1 0.0857964 0.0644801 -0.0853215 -1 -0.0104652 -1 -0.591448 -0.148398 0.37591 -0.860563 -0.65871 -1 -1 -0.459356 -1 -1 -0.981373 -0.563144 -0.582431 -0.00412545 -0.973593 -0.944619 -0.948952 -0.212165 0.0964928 -0.885854 -1 -0.0269372 -0.752469 -0.978287 -1 -1 -1 -0.98283 -0.987984 -0.911499 -0.426917 0.402069 -0.0834568 -1 -1 0.127431 -0.753301 -0.281303 -0.618189 -0.292207 -1 -0.600872 -1 -0.216946 -0.980375 0.527056 -1 -1 -1 -1 -1 -0.641239 0.354745 -0.75052 -0.821266 -0.256685 0.0186666 -0.912223 -0.972617 0.310016 -0.537292 -1 -0.523527 -0.289806 -1 -0.474931 -1 -0.350337 -1 -0.972805 -1 -0.76075 -0.993564 0.130093 -0.426126 -0.707323 -0.927623 -0.939622 0.17123 -1 -0.485265 -0.00770221 -0.282221 -1 -0.917749 0.427526 -1 0.147444 -0.235704 0.499809 -0.783894 -0.617388 -0.188459 -0.469743 -1 0.312076 -0.480675 -0.512841 0.0129246 -0.402282 -0.591083 -1 -0.579123 -0.747147 -0.982125 -0.991848 -1 -0.240519 -0.825894 0.168694 -1 -0.257676 -0.0410799 -1 -0.106451 0.180423 -0.330376 -0.604729 -0.227666 -0.376969 0.035118 0.0192264 -0.14764 -0.865925 -0.211479 -0.993425 -0.949087 -0.012501 -1 
-0.375892 -0.755585 0.403826 -0.135004 0.129045 -0.427269 0.532099 0.817967 -0.380164 0.614112 -1 -0.905931 -0.334024 -0.164771 0.235147 0.189326 -0.96059 -0.0174023 -0.106266 -0.577382 -0.632114 -0.959902 0.907825 -1 -1 0.156333 -0.889152 -0.196126 0.00782993 -0.276673 0.00136857 -1 -0.916143 -0.251271 -0.450287 -0.341664 0.583393 0.401293 0.376617 -0.861864 0.0130087 -0.923606 0.167241 -0.670209 -1 0.567763 -0.698727 -1 -0.468287 -1 -1 -0.0807864 -0.716532 -1 -1 -0.060099 0.403693 -0.257045 0.0164713 -0.851736 -0.382062 0.669992 -1 -1 0.413623 -0.743863 -1 0.491055 -0.0880022 -0.622503 -0.0786906 0.195003 -0.605362 0.142008 -0.694285 0.333959 0.715023 0.312825 -0.415036 -1 -1 -1 -0.864634 -0.0815002 -1 0.248489 -0.827412 -0.825388 -0.207905 -0.812936 0.596352 -0.473156 -0.995388 -0.791645 0.0980285 -0.473317 -0.865408 0.242119 -0.0609643 -1 -0.794183 0.320878 0.668936 -0.894634 -0.354911 -0.958092 -0.0746792 -0.768254 0.553681 -0.965178 0.241419 -0.763513 -1 -0.530023 -0.936365 -1 -1 -0.443003 0.707998 -0.791154 0.26514 0.238995 -0.117412 0.891461 0.0875674 -0.957635 -1 -1 0.589734 0.272253 -0.500097 0.0512918 -0.470209 -1 0.802042 -0.725967 0.182993 -0.436893 
-0.803096 -0.038816 -1 0.256869 0.196606 -0.0092786 -1 -0.0212903 -1 -0.756741 -0.125666 0.392672 -0.774349 -0.492782 -1 -0.912497 -0.372637 -1 -1 -0.613974 -0.31795 -0.33456 0.00829962 -0.973916 -0.985249 -1 -0.33272 -0.103032 -0.925994 -0.730734 0.0457652 -0.905922 -0.96217 -1 -1 -1 -0.921414 -1 -0.834908 -0.526693 0.609956 0.15537 -0.926979 -0.886525 -0.266312 -0.512645 -0.114399 -0.593813 0.0839857 -1 -0.633229 -0.750744 -0.0270765 -1 0.450331 -1 -1 -1 -0.784762 -1 -0.661041 0.432955 -0.671824 -0.560504 0.0348157 0.0800867 -0.944784 -0.983924 0.721973 -0.573227 -0.805674 -0.560155 -0.219733 -0.974687 -0.305274 -0.722297 -0.222704 -1 -0.884708 -1 -0.973089 -1 0.0580024 -0.412265 -0.541563 -0.848811 -0.860349 0.111507 -1 -0.139293 0.0188656 -0.10976 -1 -0.884775 0.541909 -1 0.353345 -0.158727 0.774072 -0.695468 -0.541811 -0.0489225 -0.431355 -0.880138 0.477982 -0.0791982 -0.729301 0.220297 -0.640255 -0.500075 -1 -0.146513 -0.561792 -1 -0.825035 -1 -0.342248 -0.578689 0.461787 -1 -0.291143 -0.171028 -0.688316 -0.0283926 0.366873 -0.599405 -0.702483 0.0648589 -0.265435 0.134649 -0.00723916 0.364141 -0.81869 0.116597 -1 -0.992167 0.07056 -1 
-0.799135 -0.119329 -0.968268 0.288262 0.244092 -0.0922179 -1 -0.192866 -1 -0.636929 -0.0113536 0.317048 -0.774349 -0.349024 -1 -1 -0.23996 -0.976901 -1 -0.727429 -0.450846 -0.309998 0.308024 -1 -0.904694 -0.833315 -0.357536 0.102789 -0.763249 -0.909382 -0.0907824 -1 -0.974619 -1 -1 -1 -0.996167 -1 -0.794672 -0.289477 0.584923 0.132984 -1 -1 0.0958777 -0.608078 -0.119944 -0.494006 0.0210439 -0.959017 -0.633229 -1 -0.389896 -1 0.475821 -0.896266 -1 -1 -1 -0.915594 -0.636089 0.571552 -0.806975 -0.728664 0.0450547 0.149272 -0.888214 -0.994484 0.584613 -0.621385 -0.922357 -0.499811 -0.285509 -1 -0.305274 -0.798499 -0.222704 -0.951927 -0.777942 -1 -0.647304 -1 0.112321 -0.378497 -0.732147 -0.899205 -0.94272 0.338138 -0.99296 -0.0471888 0.0511391 -0.24447 -0.967988 -0.990698 0.42135 -0.992509 0.118627 -0.350293 0.828705 -0.753981 -0.305764 -0.109135 -0.662722 -1 0.496303 -0.207598 -0.512841 0.303274 -0.579683 -0.861852 -1 -0.205176 -0.89651 -1 -0.785293 -1 -0.37122 -0.690336 0.381982 -1 -0.355514 -0.0363481 -0.480622 -0.0889164 0.349214 -0.460396 -0.491643 0.14861 -0.549992 0.168905 0.00116732 0.385004 -0.714067 -0.0492704 -1 -0.699988 0.249157 -0.946106 
-0.652626 -0.229659 -0.957924 0.106525 0.104482 0.141395 -1 -0.402512 -1 -0.748601 -0.133314 0.308099 -0.728748 -0.434558 -1 -1 -0.202751 -1 -1 -0.831664 -0.647298 -0.30168 0.0764381 -1 -1 -0.864345 -0.375345 -0.448702 -0.854473 -0.854876 0.0258276 -0.862408 -1 -0.977359 -1 -1 -1 -1 -0.809126 -0.394154 0.497623 0.118573 -1 -0.950581 -0.0729797 -0.58305 -0.0577988 -0.891673 0.0512731 -1 -1 -0.907459 -0.386359 -1 0.324264 -0.911589 -1 -0.891946 -1 -1 -0.635229 0.557759 -0.559676 -0.628705 0.0325065 0.190638 -1 -1 0.635389 -0.623757 -1 -0.602954 -0.10963 -1 -0.722369 -1 -0.248031 -0.971778 -0.777856 -1 -0.779008 -1 0.0935055 -0.347769 -0.601599 -1 -0.975234 0.141082 -1 -0.41823 0.00966977 -0.0756156 -1 -1 0.306736 -1 0.275035 -0.461542 0.264922 -0.747581 -0.445531 0.0525578 -0.446869 -0.99082 0.358369 -0.17658 -0.897961 0.235283 -0.628522 -0.485931 -1 -0.401427 -0.737206 -1 -0.982271 -1 -0.680636 -0.578689 0.470142 -0.982349 -0.331045 -0.306803 -0.550627 0.0712302 0.27952 -0.354738 -0.559826 -0.0571843 -0.375498 0.0341614 -0.0186309 0.147112 -0.822261 0.052567 -1 -0.848273 -0.106362 -1 
-0.587886 -0.276007 -0.968268 0.288262 0.00549375 -0.0710359 -1 -0.0341697 -1 -0.75639 0.0552502 0.322829 -0.774349 -0.43602 -1 -0.91694 -0.221513 -0.976587 -1 -0.550603 -0.58421 -0.261617 0.215406 -1 -0.976193 -0.833315 -0.232294 0.015282 -0.763249 -0.822175 0.0998232 -0.997512 -0.96217 -0.93036 -1 -0.907555 -0.996167 -1 -0.834908 -0.384153 0.584923 0.189405 -1 -0.887966 0.0958777 -0.608078 -0.119944 -0.494006 -0.257906 -0.959017 -0.881131 -0.765671 -0.176358 -1 0.219647 -0.896266 -1 -0.838938 -0.897829 -0.98557 -0.693394 0.412666 -0.830412 -0.559571 -0.0376458 -0.0356332 -0.888214 -0.994484 0.584613 -0.621385 -0.922357 -0.499811 -0.0875554 -1 -0.305274 -0.982637 -0.222704 -1 -0.777942 -0.947763 -0.880025 -1 0.0189102 -0.41843 -0.451348 -0.925328 -0.88027 0.167958 -1 -0.139293 0.0511391 -0.408694 -0.961046 -0.936373 0.444197 -0.992509 0.258933 -0.292628 0.828705 -0.770296 -0.213819 -0.109135 -0.658751 -0.789642 0.303892 -0.194952 -0.740345 0.303274 -0.559376 -0.524136 -1 -0.298566 -0.686207 -1 -0.838292 -1 -0.37122 -0.66423 0.369128 -1 -0.355514 -0.0942714 -0.598063 0.191797 0.214064 -0.323556 -0.566408 0.14861 -0.414015 0.0178623 0.00116732 0.371903 -0.95311 -0.0452231 -1 -0.699988 0.259469 -0.924372 
-0.581765 -1 0.0241623 -0.681719 -0.871828 -1 0.926482 -0.308652 -0.550091 -0.549679 -1 0.408582 0.0960082 -0.626158 -0.128359 0.112489 -0.120357 -0.718522 -0.229524 0.420579 -1 -1 0.531363 -0.239704 0.638269 -0.451258 -0.729996 -0.0352273 -1 0.357256 -1 0.488916 0.0112573 -0.0756814 -0.264117 -0.929748 -0.985794 -0.524014 -1 -0.948295 0.192498 0.558769 -0.57855 0.393811 -1 -0.7705 0.496272 -0.378407 -0.000358194 -1 -0.401987 0.269542 -1 0.125819 -0.158552 0.041423 -1 -0.685043 0.0628233 0.123773 -1 -0.405276 -0.682081 0.380089 -0.785854 0.535204 -0.161829 0.56169 -1 -0.794677 -1 0.810267 -0.740176 -0.462121 0.911361 0.0210318 0.266017 0.113507 -0.706326 0.074828 -0.273817 -0.870611 -1 0.362079 0.113605 -0.00677655 -1 0.406661 0.368498 0.286587 -0.147111 0.330648 0.314286 -1 -0.871771 0.0798668 -0.0421556 -0.600059 -0.990864 0.181149 -0.0732319 -1 -0.589173 0.272802 0.11288 -0.758263 -0.770869 -1 -1 -0.156056 0.00220626 0.299914 0.49537 -0.979122 -1 -0.30751 -0.0901583 -0.527988 -0.844933 -0.900227 -0.991904 -0.092338 0.504516 -0.916427 -0.686607 -1 0.568683 -0.303829 -0.60939 -0.695393 -0.127095 -0.947951 -0.981982 -0.969725 0.208808 0.615617 -0.991086 -0.640692 
-0.553739 -0.0762583 -1 0.108986 0.105576 -0.223287 -1 -0.48091 -0.978872 -0.507049 -0.147764 0.29072 -0.981762 -0.350444 -1 -0.863374 -0.629678 -0.816537 -1 -1 -0.395108 -0.369182 -0.0818378 -1 -1 -0.859683 -0.306185 0.0543044 -0.909141 -0.887043 -0.0874202 -1 -0.929229 -1 -1 -1 -1 -0.971803 -1 -0.390619 0.536318 -0.140743 -1 -0.969823 -0.188575 -0.923041 -0.255528 -0.494006 -0.0198568 -0.870995 -1 -0.75196 -0.103436 -1 0.389113 -0.929562 -1 -1 -1 -1 -0.496133 0.518083 -0.840909 -1 -0.286331 0.219376 -0.902922 -1 -0.0536031 -0.537197 -0.894538 -0.478761 -0.0271989 -1 -0.4005 -1 -0.55474 -0.865374 -0.807702 -0.995328 -1 -1 -0.0579313 -0.939649 -0.927382 -0.982899 -0.906412 0.178962 -0.938484 -0.354078 -0.619073 -0.157986 -1 -1 -0.0391096 -1 0.164108 -0.378744 0.251608 -0.804269 -0.676447 0.0195552 -0.485713 -0.776042 0.53191 -0.12543 -0.681497 0.247694 -0.489904 -0.885639 -1 -0.440728 -0.727265 -1 -1 -1 -0.579966 -0.501186 0.372934 -1 -0.548594 -0.19534 -0.435039 0.194393 0.366873 -0.38734 -1 0.117382 -0.435217 0.0734124 -0.454359 0.0831336 -0.961086 -0.585772 -0.947265 -0.791048 0.361317 -1 
-0.597623 -0.0238947 -0.998355 0.136959 0.109855 -0.135048 -1 -0.0670994 -1 -0.904534 -0.430755 0.111412 -1 -0.241944 -1 -0.912523 -0.162045 -1 -1 -0.691334 -0.306136 -0.502063 0.19843 -1 -0.920024 -0.901971 -0.195246 -0.126586 -0.933023 -0.931216 -0.230691 -1 -1 -0.959511 -1 -1 -1 -0.967039 -0.975961 -0.655203 0.510485 0.0155272 -1 -1 -0.346321 -0.680673 -0.0452026 -0.494006 -0.118893 -1 -0.68407 -0.936002 -0.0270765 -1 0.0597081 -0.948894 -1 -1 -0.948267 -0.860105 -0.581042 0.249835 -0.627407 -0.850808 -0.0198706 -0.185055 -1 -1 0.738829 -0.571689 -1 -0.547127 -0.579231 -1 -0.325234 -0.952636 -0.187148 -1 -1 -0.916862 -0.838213 -1 -0.321279 -0.601099 -0.672335 -1 -0.910902 0.131685 -1 -0.54552 0.0376169 -0.134951 -1 -0.864865 0.401437 -0.924323 0.217523 -0.431485 0.624064 -0.812291 -0.67265 -0.0283087 -0.646598 -0.974846 0.398985 -0.22813 -0.741704 -0.0630784 -0.721083 -0.66953 -1 -0.1631 -1 -1 -1 -1 -0.248343 -0.653919 0.465153 -1 -0.22808 -0.0473686 -0.762015 0.154846 0.259081 -0.352482 -0.525136 -0.258151 -0.8641 -0.210913 -0.334724 0.161019 -1 -0.0243854 -1 -0.953818 0.0888783 -1 
-0.701089 -0.979527 -0.466985 -0.959305 -1 -1 0.639535 -0.524469 -0.563089 -0.779392 -1 -0.205476 -0.0891084 -0.644638 -0.400186 -0.466941 -0.398878 -0.940933 -0.265577 0.346591 -0.95295 -1 0.50323 -0.107411 0.229831 -0.615959 -0.760627 -0.44559 -1 -0.493137 -1 0.769912 -0.604676 0.457547 -0.0332645 -0.999391 -1 -0.513291 -1 -0.538534 0.438208 0.302819 -0.673662 0.0588121 -0.98446 -1 0.28922 -0.531362 -0.353545 -1 -0.50673 0.0276336 -1 -0.067803 -0.0355419 -0.618178 -1 -0.754045 -0.0306017 -0.356755 -1 -0.898604 -0.911848 0.45001 -1 0.0300145 -0.822444 0.579905 -0.774111 -1 -1 0.372325 -1 -1 0.753577 -0.423682 0.285322 0.0858951 -0.699461 0.689098 -0.76034 -1 -1 0.320038 0.0129716 -0.202119 -1 -0.748395 0.200815 0.000899628 -0.962588 -0.170718 0.32478 -0.95354 -1 -0.17372 -0.61371 -0.752829 -0.971444 -0.338594 -0.208936 -1 -0.776403 -0.302762 -0.301875 -0.559215 -0.993118 -1 -1 -1 -0.222703 0.117247 0.23001 -1 -1 -0.194311 -0.281517 -0.340063 -0.593592 -1 -1 -0.513114 0.118252 -1 -0.72327 -1 0.214385 -0.961625 -0.635658 -0.639781 -0.659064 -1 -1 -0.967012 0.476485 0.804305 -0.936622 -0.931415 
-0.35505 -0.901013 0.0801286 -0.291183 -0.336886 -0.598873 0.456935 0.404153 -0.735735 -0.016161 -1 -0.921872 -0.734918 -0.472302 0.197881 -0.184324 -1 -0.439653 -0.154436 -0.750681 -1 -0.901104 0.611649 -1 -1 -0.692427 -0.925974 -0.329614 -0.15855 -0.39207 -0.20434 -1 -0.956412 -0.236617 -0.522866 -0.470132 0.312358 -0.0905396 -0.068797 -1 -0.132395 -1 -0.256007 -0.747034 -1 0.195743 -0.599365 -1 -0.614349 -1 -1 -0.395986 -1 -0.913919 -1 -0.207086 0.171731 -0.130743 -0.0903219 -1 -0.310959 0.28361 -1 -1 -0.102775 -0.980786 -1 0.42365 -0.169373 -0.717035 -0.441989 -0.0956155 -0.949286 0.0234531 -1 0.143185 0.327253 0.443418 -0.638148 -1 -1 -0.993467 -0.912373 -0.042431 -0.864828 0.266508 -1 -1 -0.107255 -0.964254 0.556774 -0.611974 -0.917364 -0.895888 0.140723 -0.942149 -0.882085 0.538792 -0.162925 -1 -0.806935 0.265364 0.304697 -0.828137 -1 -1 -0.124404 -0.789501 0.187931 -1 0.116848 -0.676127 -1 -0.568224 -1 -1 -0.996261 -0.489936 0.439334 -0.996452 0.00202438 0.238915 -0.263652 0.589743 -0.495582 -0.955073 -0.986569 -0.98376 0.658795 0.135597 -1 0.0785454 -1 -1 0.604175 -0.785274 0.142022 -0.311991 
-1 -0.252664 -1 0.288262 -0.0122845 -0.493732 -0.93956 -0.0212903 -1 -0.891237 -0.154424 0.192536 -0.763766 -0.68186 -1 -1 -0.601408 -1 -1 -0.785206 -0.472297 -0.539316 0.134246 -1 -0.949027 -1 -0.083934 -0.0364463 -0.953289 -0.998129 0.0661514 -0.867214 -0.96217 -0.92328 -1 -1 -1 -1 -0.932065 -0.474855 0.428407 0.178302 -0.876731 -0.786017 0.0562272 -0.791352 -0.417763 -0.746701 0.16826 -1 -0.707135 -0.752793 -0.45287 -1 0.418423 -0.862122 -0.94168 -0.980169 -1 -1 -0.702102 0.681979 -0.895085 -0.546461 -0.0706036 -0.347136 -0.690691 -1 0.663998 -0.68892 -0.96343 -0.433698 0.0339591 -1 -0.571834 -0.789842 -0.470706 -1 -1 -1 -0.686211 -1 0.154953 -0.391654 -0.279168 -0.848811 -0.827867 0.31094 -1 -0.139293 -0.147206 -0.263563 -1 -1 0.307764 -0.940712 0.232296 -0.33244 0.759267 -0.753981 -0.593185 0.0195552 -0.647603 -0.723617 0.496303 -0.280105 -0.689774 -0.0478026 -0.574301 -0.639474 -1 -0.438583 -1 -1 -0.852607 -1 -0.494995 -0.81609 0.461787 -0.982938 -0.329878 -0.0732683 -0.500056 0.191797 0.335673 -0.270379 -0.566369 -0.243571 -0.515037 0.134649 -0.0163511 0.23794 -0.919007 -0.0693159 -1 -0.557948 0.12165 -1 
-0.700671 0.0371847 -1 0.0488443 -0.0390008 -0.231206 -1 -0.366298 -1 -0.872507 -0.080219 0.18771 -1 -0.271288 -1 -0.94625 -0.285121 -1 -1 -0.745828 -0.633288 -0.645564 0.211996 -1 -1 -0.926485 -0.207924 -0.238912 -1 -1 -0.405622 -1 -0.961699 -0.977187 -1 -0.977426 -1 -1 -0.827734 -0.553823 0.497418 -0.173404 -0.944379 -1 0.165392 -0.593573 -1 -0.704601 -0.0361887 -1 -0.931464 -1 -0.0732111 -1 0.178538 -1 -1 -0.975604 -0.955413 -1 -0.799766 0.657106 -0.628775 -0.679439 0.0348157 -0.134981 -1 -0.956936 0.562704 -0.975174 -1 -0.459519 -0.00206743 -0.987339 -0.899267 -0.776239 -0.106314 -1 -0.996085 -0.903871 -0.684295 -1 -0.00390362 -0.447069 -0.914837 -1 -0.986604 -0.175273 -0.909409 -0.326879 -0.0717479 -0.0635115 -0.990395 -1 0.541909 -1 0.294451 -0.132534 0.5784 -0.890954 -0.47285 -0.0823752 -0.500571 -1 0.53139 -0.453493 -0.795762 -0.0917088 -0.591015 -0.836168 -1 -0.237033 -0.786386 -1 -1 -1 -0.578463 -0.688146 0.26259 -1 -0.325337 -0.0732683 -0.63678 -0.0717442 0.418925 -0.321719 -0.570661 0.0881686 -0.278435 -0.177779 -0.563157 0.215734 -0.826271 -0.129073 -1 -0.955624 0.15581 -1 
-0.725169 -0.0193963 -1 0.111591 -0.185761 -0.286853 -1 -0.280257 -0.970517 -0.77525 -0.0578481 0.419452 -0.795879 -0.621149 -0.937727 -0.953328 -0.6188 -0.956397 -1 -0.729479 -0.446497 -0.427323 -0.0189938 -1 -1 -0.911448 -0.530699 -0.254957 -1 -0.778254 -0.162403 -0.930011 -1 -0.974899 -0.995434 -0.956777 -0.916494 -1 -1 -0.489129 0.287781 0.121472 -0.876731 -0.860828 0.0958777 -0.598447 -0.642416 -0.494006 -0.165409 -1 -0.797632 -0.748802 -0.512309 -1 0.290135 -1 -1 -0.860418 -1 -1 -0.921284 0.240494 -0.803412 -0.84712 -0.513049 -0.0210786 -1 -1 0.439109 -1 -1 -0.555319 -0.38333 -0.979898 -0.674808 -0.945837 -0.389871 -1 -1 -0.990493 -0.686211 -1 -0.13877 -0.556656 -0.46637 -0.973775 -1 0.347187 -1 -0.576366 -0.251311 -0.0777108 -1 -0.963734 0.339941 -0.91149 -0.0907722 -0.592265 0.828705 -0.711158 -0.404157 -0.357615 -0.890422 -0.895048 0.276758 -0.296445 -0.544762 0.0968094 -0.528365 -0.528899 -0.910816 -0.813313 -1 -0.997131 -1 -1 -0.259091 -0.657571 0.441467 -1 -0.22808 -0.0859831 -0.480622 0.106554 0.464631 -0.270379 -0.808189 -0.0943104 -0.339744 -0.0288583 0.0408513 0.162865 -1 -0.196299 -0.920668 -0.675572 0.251126 -1 
-0.482441 -0.0291389 -1 0.243114 0.0373408 -0.482517 -0.950412 -0.299715 -0.973657 -0.857099 -0.519912 0.520749 -0.981842 -0.465116 -1 -1 -0.301208 -0.906015 -1 -0.673837 -0.623541 -0.418777 0.0829701 -1 -1 -0.806504 0.0965306 -0.4007 -1 -1 -0.324763 -0.965742 -1 -1 -1 -0.966851 -1 -1 -0.75382 -0.491393 0.46719 0.0528457 -1 -1 -0.0336171 -1 -0.726494 -0.530161 -0.00777049 -1 -1 -0.82998 -0.395481 -1 0.0154161 -0.945744 -1 -1 -0.848645 -1 -1 0.696093 -0.860651 -0.781815 -0.518698 -0.0236616 -0.829067 -1 0.32603 -0.83824 -0.894983 -0.776311 -0.572075 -1 -0.431369 -0.970253 -0.49214 -1 -0.792814 -1 -0.90157 -0.98569 -0.12369 -0.474802 -0.885224 -1 -1 0.109742 -1 -0.139381 -0.146486 -0.188114 -1 -0.96913 0.269733 -0.896667 -0.0842367 -0.651174 0.688524 -0.890247 -0.550446 -0.131332 -0.560538 -0.975104 0.496303 -0.347975 -0.849727 0.0140454 -0.584815 -0.681951 -1 -0.620325 -0.983691 -1 -0.998752 -1 -0.497838 -0.925151 0.0738351 -1 -0.361649 -0.537646 -0.757949 0.128798 -0.242057 -0.747385 -0.640501 0.107407 -0.430537 0.134649 -0.240874 0.122895 -0.776486 -0.308133 -1 -0.67051 0.0655362 -1 
-0.701089 -0.979527 -0.466985 -0.729631 -1 -0.815242 0.639535 -0.524469 -0.563089 -0.779392 -0.981165 -0.205476 0.210814 -0.644638 -0.400186 -0.251238 -0.398878 -0.940933 -0.229996 0.346591 -0.95295 -1 0.50323 -0.0344917 0.229831 -0.615959 -0.772622 -0.346711 -1 -0.493137 -1 0.769912 -0.64464 0.457547 -0.0332645 -0.999391 -1 -0.513291 -1 -0.586716 0.438208 0.302819 -0.583607 0.0588121 -1 -1 0.319401 -0.561593 -0.353545 -1 -0.50673 0.146687 -1 -0.067803 -0.0355419 -0.395782 -0.839565 -0.754045 0.00964409 -0.0757169 -1 -0.898604 -0.617317 0.45001 -1 0.0300145 -0.822444 0.717919 -0.774111 -0.954607 -1 0.372325 -1 -1 0.753577 -0.4175 0.285322 0.0858951 -0.637796 0.689098 -0.782973 -1 -1 0.320038 -0.0457024 -0.25911 -1 -0.748395 0.200815 0.246181 -0.669164 -0.170718 0.470504 -1 -1 -0.13673 -0.61371 -0.760499 -0.971444 -0.0758433 -0.208936 -1 -0.60582 -0.302762 -0.301875 -0.572095 -0.97545 -1 -1 -1 -0.222703 0.0914817 0.497829 -1 -1 -0.194311 -0.219777 -0.408538 -0.637006 -1 -1 -0.513114 0.131834 -1 -0.72327 -1 0.263867 -0.694017 -0.679178 -0.639781 -0.659064 -1 -0.942673 -0.967012 0.387545 0.71072 -1 -0.931415 
-0.54764 0.00504321 -0.938618 0.288262 0.203812 0.0707492 -0.996173 -0.0212903 -1 -0.636929 -0.0113536 0.111474 -0.87811 -0.417302 -1 -1 -0.154137 -1 -1 -0.816813 -0.31795 -0.24804 0.19843 -0.946648 -1 -1 -0.083934 -0.175359 -0.899271 -1 -0.0642912 -0.802444 -1 -1 -1 -0.986898 -1 -0.9484 -1 -0.384153 0.567538 -0.0134461 -1 -0.926296 0.118043 -0.660244 -0.119944 -0.498634 0.148276 -1 -0.904072 -0.743096 -0.049474 -1 0.475821 -1 -1 -0.898877 -1 -1 -0.747849 0.416963 -0.550837 -0.679104 0.0886946 0.124324 -0.981448 -1 0.520218 -0.637421 -0.805674 -0.554428 -0.15231 -1 -0.305274 -0.956983 -0.35321 -1 -0.786138 -1 -0.936043 -1 0.154953 -0.372527 -0.332621 -0.81584 -0.88027 0.347187 -1 -0.18972 -0.145225 -0.0320613 -1 -0.894242 0.574888 -0.996216 0.353345 -0.110274 0.59186 -0.753981 -0.305764 -0.0810142 -0.606626 -0.776042 0.32943 -0.131424 -0.686027 0.272346 -0.388978 -0.652636 -1 -0.370623 -0.840641 -1 -0.947299 -0.997763 -0.241552 -0.578689 0.321453 -1 -0.253598 -0.322009 -0.666088 -0.166395 0.308282 -0.354738 -0.509468 0.0330214 -0.479094 0.0298106 -0.0197097 0.31103 -0.722239 -0.113098 -0.918922 -0.699988 0.361317 -0.946106 
-0.250841 -0.906318 0.723393 -0.57758 -0.227194 -0.56128 0.000913382 0.477631 -0.349674 0.528959 -1 -1 -0.746712 -0.450838 0.00347745 -0.258791 -0.708564 -0.337411 0.0653258 -0.857949 -0.642655 -1 0.379637 -1 -0.900901 0.0929395 -1 -0.230019 0.267304 -0.410567 0.0040019 -1 -1 -0.794611 -0.712565 -0.391485 0.712876 0.190036 0.25752 -0.60481 0.248964 -1 0.407559 -0.846258 -1 0.462808 -0.382701 -0.948337 -0.45374 -1 -1 -0.404243 -0.656563 -0.923122 -1 -0.0985108 -0.229752 -0.383506 -0.0543857 -0.823712 -0.61325 0.720963 -0.928776 -1 0.212449 -0.642729 -1 0.00527702 -0.115152 -0.696612 0.187295 0.0474685 -1 0.065282 -0.664878 0.303498 0.806052 0.0539151 -0.605955 -1 -1 -1 -0.888814 0.0671685 -1 0.0315564 -0.619027 -0.989998 -0.458543 -1 0.484844 -0.688985 -1 -0.950634 -0.0905161 -0.84865 -0.697734 0.457662 -0.243924 -0.959545 -0.657146 0.387409 0.372238 -0.908472 -0.617215 -0.961493 -0.267955 -0.68384 0.362543 -1 -0.00204848 -0.783221 -1 -0.888315 -1 -0.991337 -0.901925 -0.655963 0.595939 -0.866584 0.502175 0.366184 -0.268371 0.732756 0.143045 -1 -1 -1 0.144657 0.103809 -0.549954 -0.231025 -0.797489 -1 0.873046 -0.925825 -0.241522 -0.24957 
-0.285656 -1 0.332566 -0.518673 -0.0450512 -0.894926 0.217058 0.509133 -0.378027 0.413167 -1 -0.915592 -0.282835 -0.500193 0.390361 -0.0907596 -0.86265 0.158946 0.00183869 -1 -0.920146 -1 0.448136 -0.971063 -0.885644 0.00700112 -0.951504 -0.265394 0.301144 -0.510056 0.0411163 -1 -1 -0.540256 -0.845857 -0.301228 0.711179 0.40955 0.239892 -0.647978 -0.00271559 -0.951975 0.336722 -0.596629 -1 0.0911249 -0.462831 -0.874636 -0.582993 -0.880549 -1 -0.295275 -0.748595 -0.923122 -0.936183 -0.00654178 -0.243776 -0.627325 -0.108188 -0.717985 -0.816488 0.891491 -1 -1 0.132825 -0.809875 -1 0.175102 0.0316912 -0.872998 0.0855048 0.106956 -0.972193 0.033162 -0.801971 0.250459 0.406627 0.165113 -0.881312 -1 -1 -1 -0.812656 0.0320255 -1 0.140234 -0.683029 -0.768464 -0.23722 -0.942142 0.27681 -0.810888 -0.921948 -0.639022 0.140617 -0.760467 -1 0.261436 0.065041 -1 -0.400561 0.524038 0.252572 -1 -0.765258 -1 -0.20755 -1 0.364148 -0.966773 0.0248821 -1 -1 -0.653988 -1 -1 -1 -0.713463 0.487253 -0.815702 0.339222 0.39437 -0.447972 0.207545 0.227043 -0.934443 -0.997363 -0.99639 0.222552 0.0438106 -0.609275 0.0385766 -1 -0.90398 0.403847 -1 -0.177484 -0.744567 
-0.54764 -0.038816 -1 0.288262 0.255505 0.0707492 -1 -0.0212903 -1 -0.636929 -0.0113536 0.392672 -0.774349 -0.442242 -1 -0.912497 -0.209655 -1 -1 -0.816813 -0.31795 -0.24804 0.19843 -1 -1 -1 -0.083934 0.015282 -0.782488 -0.907991 -0.0642912 -0.802444 -1 -1 -1 -1 -0.996167 -1 -0.752704 -0.384153 0.567538 -0.0134461 -1 -1 0.118043 -0.579628 -0.119944 -0.498634 0.148276 -1 -0.633229 -0.750744 -0.049474 -1 0.475821 -1 -1 -0.861692 -1 -0.98557 -0.476755 0.476208 -0.550837 -0.632479 0.0348157 0.124324 -0.786439 -1 0.520218 -0.502356 -0.805674 -0.459519 -0.123265 -1 -0.305274 -0.706293 -0.399523 -1 -0.777942 -0.991749 -0.686211 -1 0.154953 -0.338754 -0.376424 -0.848811 -0.88027 0.347187 -1 -0.18972 0.00966977 -0.0320613 -1 -0.894242 0.574888 -0.996216 0.353345 -0.118861 0.59186 -0.753981 -0.305764 -0.0810142 -0.431355 -0.776042 0.496303 -0.0791982 -0.512841 0.303274 -0.388978 -0.490894 -1 -0.271052 -0.583564 -1 -0.947299 -1 -0.241552 -0.578689 0.461787 -1 -0.253598 -0.0331625 -0.708597 0.133282 0.308282 -0.354738 -0.534075 0.0330214 -0.291652 0.134649 -0.00723916 0.31103 -0.80732 -0.113098 -0.918922 -0.699988 0.361317 -0.946106 
-0.165383 -1 0.590702 -0.477118 0.00628109 -0.673161 0.135712 0.460201 -0.27219 0.604549 -0.981041 -1 -0.270403 -0.113371 0.299942 -0.0377396 -0.68594 -0.076184 0.00183869 -1 -0.900894 -1 0.548635 -1 -1 0.156333 -0.996069 -0.172486 0.293767 -0.423848 0.241761 -1 -1 -0.543137 -0.828877 -0.152998 0.719914 0.304312 0.26608 -0.647978 0.320489 -0.95958 0.448879 -0.559819 -0.979315 0.582582 -0.43788 -0.950855 -0.444705 -1 -0.974995 -0.469281 -0.730135 -0.875161 -1 -0.113276 -0.037327 -0.382625 -0.0368271 -0.782603 -0.51114 0.891491 -1 -0.934211 0.367701 -0.521594 -1 0.23283 -0.0235742 -0.664278 0.0872369 0.185278 -1 0.153224 -0.637052 0.441175 0.505348 0.178317 -0.576393 -1 -0.969354 -0.914139 -0.896157 0.34572 -1 0.202584 -0.675819 -0.768464 -0.0888895 -0.957053 0.316244 -0.52483 -0.920959 -0.737896 0.279434 -0.637208 -0.956607 0.419353 -0.229731 -0.991008 -0.465664 0.587144 0.526661 -1 -0.491995 -0.833971 -0.179939 -1 0.34684 -1 -0.109915 -0.703935 -1 -0.828424 -0.969416 -0.964319 -0.962913 -0.565636 0.487253 -0.77876 0.455566 0.274237 -0.152926 0.666534 0.233943 -1 -1 -0.9757 0.243796 0.391594 -0.672791 0.0385766 -0.760413 -1 0.699462 -0.844934 -0.207574 -0.458216 
-0.881378 0.0126895 -0.99267 0.208517 -0.146612 -0.090394 -1 -0.118853 -1 -0.778417 -0.0414401 0.303987 -0.711956 -0.475239 -1 -1 -0.437179 -1 -1 -0.732676 -0.531508 -0.581587 0.134246 -0.976795 -0.986567 -1 -0.145106 0.0259198 -1 -0.769616 0.0818745 -1 -0.96217 -0.92328 -1 -1 -0.996167 -1 -0.991494 -0.419213 0.567538 0.132984 -0.839885 -0.74258 -0.0280518 -0.663562 -0.328867 -0.487792 0.211136 -0.954823 -0.720221 -0.750744 -0.273677 -1 0.399243 -1 -0.94168 -1 -0.840238 -0.996124 -0.784562 0.567107 -0.691791 -0.560504 -0.201715 -0.131414 -0.786439 -1 0.538989 -0.80739 -0.812326 -0.753688 0.0599583 -1 -0.305274 -0.776239 -0.293297 -0.952654 -1 -0.951174 -0.682771 -1 0.0289266 -0.373246 -0.379283 -0.915087 -1 0.151273 -0.975069 -0.411764 -0.123673 -0.177214 -1 -0.975221 0.367997 -0.989812 0.353345 -0.355869 0.724252 -0.753981 -0.305764 -0.0770255 -0.647603 -0.911714 0.496303 -0.19343 -0.552389 -0.00554082 -0.45564 -0.540353 -0.980201 -0.59166 -0.82916 -1 -0.852607 -1 -0.358019 -0.545039 0.461787 -0.938189 -0.22808 -0.0732683 -0.480622 0.191797 0.366873 -0.363313 -0.691378 0.0419579 -0.542121 -0.129154 -0.123831 0.15976 -1 -0.111885 -1 -0.699988 0.118814 -1 
-0.54764 -0.038816 -1 0.185688 0.255505 0.0447737 -1 -0.268254 -1 -0.636929 -0.0113536 0.392672 -1 -0.436348 -1 -0.914989 -0.464595 -1 -1 -0.816813 -0.31795 -0.24804 0.153844 -1 -1 -1 -0.083934 0.00296599 -0.885882 -1 -0.0642912 -0.802444 -1 -1 -1 -1 -1 -1 -0.68528 -0.473211 0.320894 -0.0134461 -1 -1 0.147639 -0.579628 -0.161908 -0.624264 -0.122895 -1 -0.703954 -0.935314 -0.114009 -0.981912 0.372358 -1 -1 -1 -1 -0.98557 -0.771199 0.476208 -0.489763 -0.632479 -0.127516 0.0675961 -0.743533 -1 0.596776 -0.673767 -0.805674 -0.459519 -0.123265 -1 -0.305274 -0.843573 -0.399523 -0.924321 -0.906028 -0.991749 -0.686211 -0.991597 0.154953 -0.338754 -0.528042 -1 -0.907716 0.347187 -0.993538 -0.18972 -0.222998 -0.0320613 -1 -0.894242 0.574888 -0.996216 0.0621071 -0.140836 0.59186 -0.753981 -0.305764 -0.161908 -0.431355 -0.776042 0.496303 -0.0791982 -0.512841 0.349743 -0.32325 -0.490894 -1 -0.271052 -0.541969 -0.915719 -0.947299 -1 -0.200938 -0.578689 0.461787 -1 -0.349447 -0.0331625 -0.670481 0.161328 0.308282 -0.318513 -0.557655 0.0330214 -0.322039 0.134649 -0.00723916 0.31103 -0.80732 -0.113098 -0.918922 -0.699988 0.30518 -0.946106 
-0.43506 -1 -0.408701 -1 -0.97514 -0.672621 0.913343 -0.744747 -0.2565 -0.484516 -0.970735 0.0875972 0.0955282 -0.656336 -0.484085 -0.128463 -0.578337 -0.689102 -0.0924427 0.269531 -0.907105 -1 0.654015 0.15487 0.353303 -0.718654 -0.987567 -0.604885 -1 0.470563 -0.963607 0.503513 -0.174261 0.527331 0.364103 -0.91805 -0.966985 -0.920436 -1 -0.244663 0.273259 0.171573 -0.458835 0.358495 -0.768162 -1 -0.132823 -0.397205 -0.506518 -1 -0.166223 0.836568 -0.901825 0.232582 -0.527103 0.20583 -1 -0.547719 -0.667713 0.229952 -1 -0.6256 -0.434433 0.548042 -0.915919 0.448466 0.028563 0.405938 -0.967055 -0.760866 -0.888761 0.385592 -1 -0.636895 0.736274 0.173162 0.0616628 0.0515848 -0.364957 0.0924037 -0.652824 -1 -1 0.0259858 0.146164 0.177316 -0.751218 0.402083 0.690281 0.0348548 -0.051051 -0.0187127 -0.25703 -1 -1 -0.0831264 -0.620286 -0.795573 -1 -0.209005 -0.0977078 -1 -0.575137 0.0207489 -0.0190028 -0.307361 -0.935613 -1 -1 -0.2763 -0.114022 0.203114 0.418364 -0.927122 -1 -0.344254 0.0331497 -0.321431 -0.631795 -1 -0.975847 -0.182775 0.598193 -0.95612 -0.464147 -1 0.519172 -0.131091 -0.569143 -0.96823 -0.567057 -0.931485 -1 -1 0.465179 0.27747 -0.971553 -0.564021 
-0.611766 -0.973497 -0.471786 -0.758921 -1 -0.757569 0.51812 -0.648924 -0.459701 -0.779392 -1 -0.164248 0.263518 -0.682822 -0.430409 -0.265118 -0.401272 -0.871234 -0.137376 0.10784 -1 -1 0.402951 -0.113012 0.358687 -0.657056 -0.772622 -0.346711 -1 -0.489636 -0.931916 0.769912 -0.659202 0.412488 -0.0348568 -0.999391 -1 -0.662948 -1 -0.530165 0.351263 0.302819 -0.583607 0.0588121 -0.98306 -1 0.302433 -0.561593 -0.353545 -1 -0.615257 0.164178 -0.968706 -0.244564 -0.0553993 -0.479415 -1 -0.945326 0.00964409 0.0825749 -0.957247 -0.891332 -0.617317 0.51895 -1 -0.0422356 -0.822444 0.717919 -0.772881 -1 -0.983052 0.265745 -1 -0.988426 0.584512 -0.426661 0.304434 0.0537735 -0.637796 0.689098 -0.686548 -1 -1 0.322897 0.0372976 -0.2917 -0.937966 -0.547448 0.191416 0.225275 -0.64352 -0.056048 0.436879 -1 -1 -0.372125 -0.544122 -0.905023 -1 -0.10666 -0.208936 -0.847055 -0.540096 -0.340443 -0.301564 -0.654034 -1 -1 -0.982245 -1 -0.249873 0.0871933 0.360084 -1 -1 -0.150949 -0.121657 -0.408538 -0.492337 -1 -0.954072 -0.41497 0.157413 -1 -0.614321 -1 0.17069 -0.728466 -0.538767 -0.718943 -0.53147 -0.962333 -0.942673 -1 0.403367 0.815378 -0.984733 -1 
-0.487234 -0.128556 -1 0.175759 0.169662 -0.344857 -0.978326 -0.271687 -1 -0.8263 -0.226984 -0.131408 -0.961094 -0.489521 -0.968517 -1 -0.345544 -0.944703 -0.971175 -0.83788 -0.669838 -0.578252 -0.0511679 -0.929204 -1 -0.995595 -0.40645 -0.0900575 -0.928128 -1 -0.214475 -1 -1 -0.940576 -1 -1 -1 -1 -0.957695 -0.528715 0.069466 -0.452372 -1 -1 -0.0158389 -0.875424 -0.506807 -0.801917 -0.119082 -1 -0.868572 -0.845012 -0.338657 -1 0.399447 -0.950425 -1 -0.892204 -1 -1 -0.61489 0.482289 -0.928326 -1 -0.357014 0.186944 -1 -1 0.288205 -0.816647 -0.923767 -0.644648 -0.396574 -0.944327 -0.890524 -0.816104 -0.698692 -1 -0.892742 -1 -1 -1 0.113214 -0.641645 -0.574448 -1 -1 0.466738 -1 -0.18972 -0.578991 -0.0889808 -1 -1 0.301371 -1 0.222255 -0.111155 0.312159 -0.877082 -0.600195 -0.0810142 -0.82014 -0.879662 0.0159906 -0.156413 -1 -0.167462 -0.620616 -0.677085 -0.975092 -0.276908 -1 -1 -1 -1 -0.491514 -0.965734 -0.0814464 -0.869911 -0.234033 -0.223077 -0.901409 -0.0845223 0.173664 -0.301528 -0.897518 -0.0633594 -0.168459 0.148927 -0.217895 0.173175 -0.874942 -0.604989 -0.983179 -1 0.158591 -1 
-0.737349 0.0125768 -1 0.349235 -0.0496147 0.0890129 -1 -0.327891 -0.997765 -1 -0.620883 0.186057 -0.780684 -0.587336 -0.950583 -1 -0.209655 -1 -1 -0.675516 -0.759942 -0.336274 0.12839 -1 -0.961849 -0.842187 -0.433624 -0.139702 -1 -1 -0.00645793 -1 -0.96217 -0.990725 -1 -1 -1 -1 -1 -0.384153 0.567538 -0.0960282 -0.916034 -1 -0.0200907 -0.889276 -0.291577 -0.708494 -0.278829 -1 -0.945962 -0.844454 -0.261335 -1 0.32208 -0.954521 -0.915365 -1 -0.846183 -0.98418 -0.667199 0.270301 -0.606383 -0.798914 -0.456155 0.235317 -0.937886 -1 0.619699 -0.529796 -0.805674 -0.459519 -0.341637 -0.933809 -0.573701 -0.785112 -0.429377 -1 -1 -1 -0.813825 -1 0.0210434 -0.514388 -0.59212 -1 -1 0.131246 -0.92858 -0.301797 -0.312403 0.0324303 -1 -1 0.335963 -1 -0.240218 -0.340822 0.409085 -1 -0.432773 0.13396 -0.617895 -1 0.313564 -0.446345 -0.583432 -0.0763584 -0.516122 -0.556007 -1 -0.474401 -0.626072 -1 -1 -1 -0.505052 -0.76852 0.274321 -1 -0.424221 -0.588005 -0.480622 0.153044 0.264913 -0.727037 -0.554853 -0.0573236 -0.310562 0.0351559 -0.00723916 -0.0206144 -0.694978 -0.0339715 -1 -0.740844 0.361317 -1 
0.239627 -1 0.740055 -0.384238 0.437393 -0.45874 -0.107626 0.489188 -0.771143 0.495182 -0.913328 -0.930946 -0.866231 -0.244718 -0.113726 -0.126375 -0.573257 -0.353716 -0.168578 -0.823595 -0.612789 -1 0.451617 -0.578269 -1 0.118876 -1 -0.0291004 -0.0558559 -0.547459 0.637345 -1 -0.975812 -0.487768 -0.693034 0.43033 0.390469 0.595858 0.644489 -0.759753 0.797715 -0.75847 0.551217 -0.250547 -1 0.695746 -0.335208 -0.995476 -0.612967 -0.851953 -0.990658 -0.0757799 -1 -1 -1 0.243498 0.152868 0.0250439 -0.1933 -0.309374 -0.654793 0.467917 -0.990542 -0.958495 0.126949 -0.551323 -0.644875 0.264074 -0.464603 -0.925475 -0.549044 0.213037 -0.699011 -0.250506 -0.604486 0.347634 0.886357 0.30861 -0.12069 -1 -1 -0.988079 -0.719947 0.204254 -1 0.586424 -0.658161 -1 -0.565082 -1 0.868954 -0.755474 -0.937882 -0.626898 0.623455 -0.605316 -0.691299 0.191946 -0.00767942 -0.801369 -0.204933 0.623425 0.647979 -1 -0.260898 -1 0.224595 -0.686431 0.354855 -1 0.168833 -0.693149 -1 -0.463538 -0.560952 -1 -1 -0.58923 0.0458166 -0.596934 0.226507 0.555109 -0.180702 0.421908 0.19782 -1 -1 -0.873441 0.776819 0.0387671 -0.445703 -0.138767 -0.632004 -0.731895 0.403381 -0.902417 0.307823 -0.463749 
-0.565113 -0.1172 -0.998486 0.169133 0.134765 0.00463142 -1 -0.0228926 -1 -0.688191 -0.20149 0.487743 -0.774349 -0.764512 -1 -0.944628 -0.209655 -0.958639 -1 -0.611834 -0.339754 -0.42633 -0.10902 -1 -0.920024 -0.970033 -0.00579477 -0.196261 -0.782488 -0.998395 0.00278795 -0.873233 -1 -0.941137 -1 -0.89916 -1 -1 -0.837455 -0.348665 0.657446 0.0577512 -1 -1 0.0958777 -0.590423 -0.0677024 -0.488077 -0.0122813 -1 -0.706874 -0.876599 -0.189388 -1 0.251103 -0.860897 -1 -0.982601 -1 -0.96777 -0.507148 0.548835 -0.550837 -0.903053 -0.111333 0.137928 -0.847499 -1 0.400419 -0.501393 -0.831194 -0.719342 0.0630757 -1 -0.510774 -0.861335 -0.523 -1 -1 -1 -0.676 -0.953932 0.0284378 -0.622426 -0.585638 -1 -0.786751 -0.0427145 -1 -0.228634 -0.40291 -0.135641 -0.989971 -0.966523 0.5089 -1 0.181051 -0.225514 0.914862 -0.920745 -0.403195 -0.0856727 -0.383495 -0.796467 -0.0544093 -0.216178 -0.62071 0.0384757 -0.443731 -0.931958 -1 -0.404278 -0.682243 -1 -0.871053 -1 -0.500323 -0.84497 0.313687 -1 -0.22808 -0.405236 -0.661969 0.191797 0.263497 -0.647903 -0.490816 -0.249246 -0.531563 -0.128889 -0.0492622 0.17083 -0.756517 0.0404575 -1 -0.970313 0.361317 -0.95511 
-0.553739 -0.038816 -0.939693 0.288262 0.255505 0.00463142 -1 -0.0212903 -0.942101 -0.636929 -0.0113536 0.392672 -0.774349 -0.233816 -1 -0.912497 -0.209655 -1 -1 -0.683792 -0.31795 -0.24804 0.0280689 -1 -0.968063 -0.833315 -0.173549 0.00589547 -0.782488 -0.730734 -0.00408763 -0.873233 -0.96217 -0.92328 -1 -1 -0.979742 -1 -0.82373 -0.384153 0.567538 0.132984 -0.944379 -0.887966 0.0958777 -0.579628 -0.255528 -0.494006 0.148276 -1 -0.672863 -0.697284 -0.0506292 -1 0.475821 -0.881457 -1 -0.812136 -0.857481 -1 -0.520381 0.497452 -0.550837 -0.560504 0.0348157 0.124324 -0.786439 -1 0.575947 -0.604884 -0.822422 -0.459519 0.0142312 -1 -0.270067 -0.739034 -0.222704 -1 -0.788453 -0.991749 -0.864475 -1 0.154953 -0.444225 -0.376424 -0.88508 -1 0.291885 -0.973515 -0.139293 0.00966977 -0.190135 -1 -1 0.541909 -1 0.353345 -0.118861 0.706204 -0.69315 -0.305764 0.0195552 -0.382855 -0.776042 0.496303 -0.0791982 -0.512841 0.303274 -0.443731 -0.549896 -1 -0.271052 -0.583564 -1 -0.825035 -1 -0.194828 -0.578689 0.461787 -1 -0.265167 -0.0732683 -0.480622 0.191797 0.366873 -0.354738 -0.650845 0.124192 -0.291652 0.134649 -0.00723916 0.364141 -0.686697 0.132579 -1 -0.73326 0.361317 -1 
-0.462114 0.457437 -0.9581 -0.59339 -0.727859 -0.625561 -0.568904 -0.175306 0.00655431 -0.854191 0.211663 0.0628409 -0.46992 0.456852 -0.771045 -0.737815 0.898198 -0.00636989 0.0517359 -1 -0.498094 0.738779 -0.944908 0.422566 0.752644 0.101901 -0.688256 0.545382 -0.196064 -0.528725 0.753366 -0.368829 -0.59873 -0.275524 0.683729 -1 -1 -0.823501 0.461299 -0.107068 -0.0873426 0.441296 -0.100089 0.740324 -0.444903 0.490207 0.593584 -0.267201 -0.552473 -0.96112 0.14353 0.713178 0.00685695 -0.643059 -0.304137 -0.86364 0.967023 -0.974938 -0.0456226 0.975083 -0.201507 -0.463369 0.447413 -0.485635 0.308716 0.41456 -1 0.609958 0.197825 -0.363428 -0.861406 -1 -0.88193 -0.318422 0.14368 0.572291 -0.732512 0.172269 -1 -0.220644 -0.52866 0.334807 0.384498 -0.625721 -0.628019 0.779119 0.69838 0.062176 -0.578685 0.611997 -1 0.509419 0.20435 -1 -0.965473 0.714705 -0.547083 0.21145 0.283613 0.992778 0.490548 -0.0224632 -1 -0.857427 -0.507017 0.502026 -0.626369 -0.141856 0.497261 -0.720083 -0.289871 -0.654927 0.504074 0.042735 -0.280303 -0.0608878 -0.0146615 -0.512708 -0.398553 -0.41891 0.747945 -0.110698 -1 0.255884 -0.616635 0.116006 -1 -1 -0.557709 0.597993 0.234696 0.530368 -1 -0.409786 0.291901 0.0360084 -0.216334 -0.585036 
-0.54764 -0.038816 -1 0.125301 0.255505 0.00463142 -1 -0.109279 -1 -0.636929 -0.0113536 0.392672 -0.774349 -0.233816 -1 -1 -0.209655 -0.935469 -1 -0.722057 -0.31795 -0.375267 0.19843 -1 -0.920024 -0.833315 -0.083934 0.015282 -0.782488 -0.730734 0.0457652 -0.953215 -1 -0.958006 -1 -1 -1 -1 -0.834908 -0.334109 0.567538 0.109916 -0.944379 -0.887966 0.0958777 -0.571512 -0.119944 -0.494006 0.148276 -1 -0.633229 -0.750744 -0.0270765 -1 0.358638 -0.881457 -1 -0.861692 -0.840238 -0.98557 -0.456267 0.681979 -0.716561 -0.560504 -0.039543 0.0481639 -0.944425 -1 0.702311 -0.502356 -0.787487 -0.459519 -0.0309522 -1 -0.305274 -0.776239 -0.222704 -1 -0.777942 -0.991749 -0.686211 -1 0.154953 -0.338754 -0.47884 -0.899054 -0.88027 0.347187 -1 -0.139293 -0.0471242 -0.0320613 -1 -0.894242 0.541909 -1 0.361532 -0.275164 0.828705 -0.753981 -0.35442 0.0195552 -0.436225 -0.776042 0.496303 -0.173881 -0.499086 0.303274 -0.459636 -0.485931 -1 -0.385006 -0.583564 -1 -0.833996 -1 -0.241552 -0.667252 0.461787 -1 -0.22808 -0.0732683 -0.471866 0.198864 0.366873 -0.501817 -0.534075 0.0720547 -0.291652 0.134649 -0.0819756 0.325487 -0.751899 0.132579 -1 -0.699988 0.361317 -0.946106 
-0.609478 -0.284276 -1 0.253971 0.18827 -0.144867 -0.949352 -0.0392121 -0.904739 -0.636929 -0.167117 0.305765 -0.686137 -0.278492 -1 -0.877985 -0.321766 -1 -0.918286 -0.641318 -0.397953 -0.472233 0.0187356 -1 -0.881311 -0.923578 -0.13918 -0.204374 -0.902459 -0.719753 0.0457652 -0.907116 -1 -1 -1 -1 -1 -1 -0.834908 -0.712792 0.516145 0.00354063 -0.907083 -1 -0.126186 -0.899719 -0.427537 -0.607574 -0.05628 -1 -0.633229 -1 -0.148603 -1 0.502207 -1 -0.876853 -1 -1 -1 -0.699528 0.693488 -0.550837 -0.694862 0.0348157 -0.246478 -0.786439 -0.919476 0.593074 -0.409052 -0.777153 -0.673667 0.064041 -1 -0.452655 -1 -0.222704 -1 -0.867548 -1 -0.565722 -0.988797 0.100414 -0.338754 -0.376424 -1 -0.88027 0.14537 -0.993802 -0.193326 -0.0199484 -0.0801758 -0.941703 -1 0.26789 -0.887156 0.353345 -0.0397059 0.750352 -0.714511 -0.499703 0.0195552 -0.647557 -0.882938 0.448025 -0.215407 -0.626162 0.289223 -0.675074 -0.65252 -1 -0.340244 -0.873606 -1 -1 -0.868488 -0.46667 -0.811259 0.392628 -1 -0.397082 -0.613118 -0.614014 0.0915875 0.0718631 -0.358628 -0.489855 -0.0601367 -0.738768 0.121863 -0.195147 0.250826 -1 0.132579 -1 -1 0.370553 -1 
0.0674697 -0.750687 0.572177 -0.0488548 0.0929942 -0.692161 -0.291381 0.585476 -0.751351 0.318352 -1 -0.97694 -0.860177 -0.0197585 -0.225648 -0.355565 -0.263413 -0.361376 -0.454207 -0.917119 -0.917589 -1 0.461731 -0.578219 -1 -0.230711 -0.947901 -0.188496 0.0407807 -0.461734 0.357815 -1 -1 -0.275959 -0.849703 0.256467 0.435152 0.590363 0.177469 -0.900313 0.497561 -0.836827 0.442784 -0.247001 -1 0.539482 -0.378821 -0.952963 -0.980323 -0.928781 -1 0.025856 -0.858639 -0.934742 -1 0.17658 0.21127 -0.188116 -0.00885795 -0.696618 -0.984815 0.398604 -1 -1 0.0334532 -0.56591 -1 0.14308 -0.776294 -0.673313 -0.829346 0.421533 -0.657374 -0.0360413 -0.493981 0.236253 0.708883 0.367166 0.0454405 -0.982359 -1 -1 -0.643186 0.357861 -1 0.823088 -0.734895 -0.667518 -0.343593 -1 0.580485 -0.329305 -1 -0.801637 0.437231 -0.89856 -0.847572 0.182606 0.149897 -0.987696 -0.0605891 0.291662 0.68723 -1 -0.171945 -1 0.307346 -0.797769 -0.104777 -0.935795 0.162695 -0.928489 -1 -0.943445 -0.4393 -1 -1 0.0408253 0.528872 -0.802382 0.129352 0.427173 -0.272195 0.100827 0.00553835 -0.982184 -1 -1 0.5801 0.235579 -0.562018 0.138274 -0.727131 -0.87327 0.295141 -0.947486 0.143223 -0.132182 
0.302129 -1 0.673182 -0.384238 0.437393 -0.444635 -0.107626 0.489188 -0.771143 0.511835 -0.913328 -1 -0.719867 -0.244718 -0.149721 -0.126375 -0.573257 -0.379872 -0.168578 -0.823595 -0.739783 -1 0.345102 -0.578269 -1 0.118876 -1 -0.0194684 0.028653 -0.547459 0.604458 -1 -1 -0.487768 -0.693034 0.43033 0.338843 0.595858 0.753177 -0.759753 0.797715 -0.607794 0.551217 -0.320574 -1 0.695746 -0.393188 -0.995476 -0.612967 -0.752652 -0.990658 -0.20919 -1 -0.984068 -1 0.0917656 0.152868 0.0250439 -0.217981 -0.243067 -0.704992 0.603448 -0.919836 -0.958495 0.162358 -0.488289 -0.781538 0.383452 -0.477381 -0.893186 -0.549044 0.369888 -0.699011 -0.250506 -0.604486 0.361975 0.843705 0.30861 -0.138698 -0.979545 -1 -0.988079 -0.864435 0.204254 -1 0.586424 -0.557475 -1 -0.691876 -1 0.868954 -0.627145 -0.916192 -0.626898 0.513116 -0.640821 -0.691299 0.174843 0.0310173 -0.801369 -0.204933 0.583138 0.508122 -1 -0.261721 -1 0.224595 -0.686431 0.354855 -1 0.0283369 -0.693149 -0.980154 -0.463538 -0.560952 -1 -1 -0.496253 0.0458166 -0.471054 0.0859302 0.555109 -0.180702 0.329592 0.239534 -1 -1 -0.829753 0.776819 0.0909908 -0.356733 -0.138767 -0.606968 -0.589466 0.403381 -0.757477 0.307823 -0.539658 
-0.537795 -0.038816 -1 0.288262 0.243977 -0.0324948 -1 -0.0212903 -0.942101 -0.636929 -0.0113536 0.392672 -0.774474 -0.189887 -1 -0.912497 -0.209655 -1 -1 -0.641318 -0.328393 -0.24804 0.19843 -1 -0.96638 -0.833315 -0.083934 0.015282 -0.782488 -0.730734 0.0457652 -0.873233 -0.962516 -0.92328 -1 -1 -0.952942 -1 -0.834908 -0.384153 0.567538 0.132984 -1 -0.887966 0.0958777 -0.731202 -0.0923472 -0.494006 0.148276 -1 -0.633229 -0.750744 -0.0270765 -1 0.475821 -0.881457 -1 -0.861692 -0.840238 -0.98557 -0.507148 0.598143 -0.550837 -0.560504 -0.0821998 0.0791524 -0.786439 -1 0.702311 -0.603478 -0.805674 -0.459519 0.0142312 -1 -0.349043 -0.776239 -0.199497 -1 -0.777942 -0.991749 -0.686211 -1 0.154953 -0.338754 -0.376424 -0.80082 -0.88027 0.347187 -1 -0.139293 0.00966977 -0.0320613 -1 -0.894242 0.541909 -0.940712 0.353345 -0.118861 0.846749 -0.753981 -0.343807 0.0195552 -0.514839 -0.776042 0.496303 -0.0791982 -0.512841 0.182615 -0.443731 -0.485931 -1 -0.2798 -0.731643 -1 -0.825035 -1 -0.390158 -0.693211 0.461787 -1 -0.287211 -0.0732683 -0.480622 0.191797 0.390476 -0.354738 -0.61331 0.169459 -0.291652 0.134649 -0.00723916 0.364141 -0.686697 -0.018755 -1 -0.699988 0.361317 -0.946106 
-1 -0.140079 -1 0.223608 -0.140648 -0.114482 -1 -0.0445609 -1 -1 0.0386556 -0.0118016 -1 -0.157185 -1 -1 -0.633256 -0.892599 -1 -0.900523 -0.491996 -0.34045 0.19843 -1 -0.97299 -0.759191 -0.233528 -0.0610291 -1 -1 -0.025242 -0.772948 -1 -1 -0.837539 -1 -1 -0.964518 -0.977626 -0.41073 0.2033 0.189163 -0.945089 -1 -0.212185 -0.687653 -0.510077 -0.913641 0.00686126 -1 -0.568163 -0.87702 -0.346006 -1 -0.104357 -0.881457 -1 -0.861692 -1 -0.907794 -0.437305 0.538804 -1 -0.898911 -0.0481298 -0.188267 -0.985617 -0.937212 0.323716 -0.681395 -1 -0.539994 -0.640958 -1 -0.335214 -0.976595 -0.127461 -1 -0.923316 -0.853995 -0.78097 -1 -0.440638 -0.342487 -0.621934 -1 -1 0.347187 -1 -0.305937 -0.266518 -0.175783 -1 -1 0.288915 -0.985724 -0.0293529 -0.493796 0.38478 -1 -0.375389 -0.189979 -0.682708 -1 0.585096 -0.313796 -0.825569 0.129004 -0.759553 -0.772793 -1 -0.344802 -0.803935 -0.983592 -1 -1 -0.308541 -0.838329 0.415823 -1 -0.73482 -0.428535 -0.488207 -0.0543566 0.205591 -0.51939 -0.869153 -0.300037 -0.261295 -0.0808908 -0.46121 0.116149 -0.673614 0.17184 -1 -0.804615 -0.155138 -0.932887 
-0.681152 0.0384015 -1 0.27628 0.218425 -0.392244 -0.972863 -0.379921 -1 -0.509708 -0.147764 0.269721 -1 -0.461064 -1 -0.835866 -0.528201 -0.908099 -1 -0.98056 -0.508129 -0.294914 -0.0883578 -1 -1 -0.859683 -0.306185 -0.0142786 -1 -1 -0.168208 -1 -1 -1 -1 -0.964746 -0.943485 -1 -0.816439 -0.651565 0.567538 -0.100915 -1 -0.852253 -0.188575 -0.881187 -0.314201 -0.78963 0.195307 -0.944322 -1 -0.741837 -0.292717 -0.947375 0.475821 -1 -1 -1 -0.953439 -0.901527 -0.613448 0.184181 -0.840909 -0.992401 -0.173316 0.185409 -0.90154 -1 -0.0214781 -0.828585 -0.722458 -0.459519 0.0873139 -1 -0.33261 -0.861772 -0.203529 -1 -0.91932 -0.929133 -1 -0.975516 -0.219194 -0.987781 -0.652322 -0.975017 -1 0.0492064 -0.999604 -0.261494 -0.619073 -0.157986 -0.965467 -1 0.220253 -1 0.24928 -0.328706 0.291718 -1 -0.350221 0.0335735 -0.620901 -0.775619 0.402986 -0.192452 -0.877678 0.265702 -0.588431 -0.933752 -1 -0.618541 -0.618361 -1 -0.971748 -1 -0.50049 -0.501186 0.484512 -1 -0.626146 -0.10864 -0.724314 0.218147 0.379304 -0.234257 -0.955548 0.117382 -0.406271 -0.253462 -0.21475 0.167904 -0.961086 -0.342684 -1 -0.765258 0.214757 -1 
-0.587886 -0.119329 -0.968268 0.288262 0.244092 -0.0710359 -1 -0.0341697 -1 -0.636929 -0.0113536 0.322829 -0.774349 -0.349024 -1 -1 -0.209655 -0.976901 -1 -0.641318 -0.450846 -0.307507 0.215406 -1 -0.989082 -0.833315 -0.23101 0.015282 -0.763249 -0.72249 0.0457652 -1 -0.96217 -0.92328 -1 -1 -0.996167 -1 -0.834908 -0.384153 0.584923 0.132984 -1 -0.887966 0.0958777 -0.608078 -0.119944 -0.494006 0.0210439 -0.959017 -0.633229 -0.791414 -0.176358 -1 0.475821 -0.896266 -0.972966 -0.892178 -0.897829 -0.98557 -0.555724 0.571552 -0.654381 -0.559571 0.0450547 0.124324 -0.888214 -0.994484 0.584613 -0.621385 -0.922357 -0.499811 -0.0875554 -1 -0.305274 -0.798499 -0.222704 -1 -0.777942 -0.991749 -0.647304 -1 0.0189102 -0.338754 -0.451348 -0.925328 -0.88027 0.347187 -1 -0.139293 0.0511391 -0.24447 -1 -1 0.444197 -0.992509 0.258933 -0.0951711 0.828705 -0.753981 -0.305764 -0.109135 -0.504759 -0.789642 0.496303 -0.0791982 -0.512841 0.303274 -0.5396 -0.581977 -1 -0.298566 -0.686207 -1 -0.838292 -1 -0.37122 -0.690336 0.381982 -1 -0.355514 -0.0942714 -0.480622 0.191797 0.366873 -0.323556 -0.534075 0.14861 -0.414015 0.168905 0.00116732 0.371903 -0.686697 0.132579 -1 -0.699988 0.259469 -0.946106 
-0.253533 -1 0.576487 -0.512294 -0.0411658 -0.891028 0.25397 0.402172 -0.416493 0.447951 -0.981041 -0.970397 -0.440311 -0.463713 0.0401786 -0.37558 -0.957284 -0.182559 0.00183869 -0.957321 -0.974626 -1 0.161832 -1 -1 0.0266587 -0.991377 -0.033696 0.293767 -0.483676 -0.0431309 -1 -1 -0.663813 -0.775509 -0.471242 0.62594 0.317143 0.438615 -1 0.301011 -1 0.161608 -0.562637 -0.807459 0.225726 -0.595837 -1 -0.59863 -0.909693 -1 -0.436393 -1 -1 -0.936183 0.0527686 -0.376355 -0.454277 -0.327426 -0.717985 -0.600036 0.891491 -0.929293 -1 -0.0078332 -0.885599 -1 0.347095 -0.209366 -0.695521 -0.240084 0.0388079 -1 0.0774555 -0.986234 0.441175 0.568326 0.322592 -0.739712 -1 -1 -1 -0.717523 0.248929 -1 0.170665 -0.668689 -0.753025 -0.169238 -0.957053 0.409544 -0.52483 -1 -0.929075 -0.155614 -0.84953 -1 0.457662 0.0437348 -0.974688 -0.72989 0.475254 0.190356 -1 -0.669646 -1 -0.189658 -0.961845 0.364148 -0.983985 0.0708382 -0.968303 -0.950845 -0.639447 -0.969416 -1 -1 -0.565636 0.400973 -0.687687 0.367932 0.39437 -0.279837 0.586814 0.156208 -1 -1 -0.969332 0.222552 -0.0664845 -0.657927 -0.114894 -0.958348 -0.90398 0.659246 -0.872223 -0.507551 -0.502325 
-0.54764 -0.0938239 -1 0.215011 0.231601 0.00463142 -1 -0.0212903 -1 -0.772256 -0.118617 0.392672 -0.735643 -0.233816 -0.998643 -0.912497 -0.325725 -1 -1 -0.789746 -0.439906 -0.24804 0.19843 -1 -1 -0.797676 -0.0524343 0.015282 -0.804921 -0.746418 -0.0249904 -0.952963 -1 -1 -1 -1 -1 -1 -0.802082 -0.5915 0.567538 0.0548249 -1 -0.916592 0.0958777 -0.598633 -0.213322 -0.591493 0.0774428 -1 -0.639866 -0.750744 0.0205265 -1 0.325082 -0.923475 -1 -0.82906 -0.840238 -0.943132 -0.507148 0.453227 -0.550837 -0.560504 -0.0822346 0.124324 -0.775438 -1 0.714042 -0.502356 -0.901549 -0.520793 0.0142312 -1 -0.325568 -0.776239 -0.222704 -1 -0.777942 -1 -0.792874 -1 0.154953 -0.307754 -0.379712 -0.89214 -1 0.347187 -0.947875 -0.216128 0.00966977 -0.0438815 -1 -0.908289 0.416128 -1 0.226295 -0.106734 0.828705 -0.755765 -0.305764 0.0195552 -0.515853 -0.776042 0.400329 -0.0791982 -0.512841 0.321217 -0.464316 -0.485931 -0.980695 -0.357563 -0.583564 -1 -0.925049 -1 -0.241552 -0.578689 0.457413 -1 -0.22808 -0.271313 -0.480622 0.0827397 0.293262 -0.354738 -0.5557 0.124192 -0.291652 0.136379 -0.0700227 0.364141 -0.666799 0.132579 -1 -0.694025 0.413546 -1 
-0.696951 -0.038816 -1 0.0711037 0.271198 0.00463142 -1 -0.202331 -0.942101 -0.746385 -0.0113536 0.228544 -0.774349 -0.233816 -1 -1 -0.3654 -0.888937 -0.933979 -0.951063 -0.31795 -0.24804 0.296542 -1 -1 -0.957886 -0.0888491 -0.228084 -0.923492 -0.730734 -0.152901 -0.922032 -1 -0.968424 -1 -1 -0.934098 -1 -0.919741 -0.511312 0.261452 0.0837048 -0.969914 -1 0.131886 -0.579628 -0.182758 -0.819684 0.148276 -1 -0.74444 -0.750744 -0.103448 -1 0.220581 -0.881457 -1 -0.861692 -0.840238 -0.98557 -0.707679 0.699574 -0.635887 -0.815799 0.0348157 0.168981 -0.758671 -1 0.564168 -0.502356 -0.958328 -0.849401 -0.13283 -1 -0.305274 -0.776239 -0.180701 -1 -0.777942 -1 -0.686211 -1 -0.0277131 -0.600092 -0.376424 -0.848811 -1 0.363079 -1 -0.381938 0.00966977 -0.245235 -1 -0.894242 0.422778 -1 0.353345 -0.249704 0.813772 -0.890565 -0.305764 0.0736601 -0.679315 -1 0.350227 -0.259828 -0.603608 0.247924 -0.600573 -0.411044 -1 -0.193655 -0.726684 -1 -0.825035 -0.950105 -0.33782 -0.704114 0.461787 -1 -0.195521 -0.442979 -0.640865 0.157734 -0.0185394 -0.438316 -0.534075 0.124192 -0.361823 0.0408874 -0.00723916 0.364141 -0.686697 -0.11723 -1 -0.842292 0.370593 -0.964713 
0.28944 -0.294312 -0.772999 0.470593 0.0523545 -0.840322 -0.785331 -0.68224 0.810402 -0.0368319 0.397718 -0.845998 -0.815313 -0.999817 0.908441 -0.370161 -0.669313 0.662219 -0.453993 -0.239556 -0.367946 0.248153 0.968579 -0.0760361 0.696121 -0.480939 0.0645088 -0.990728 -0.39735 0.747548 -0.734994 -0.991275 -0.920236 -0.575012 0.158065 0.462758 0.812496 0.436984 -0.013977 0.374297 -1 0.0564885 0.0694435 -0.00260318 0.269833 -0.912764 0.0176639 -0.303615 -0.576059 0.931832 0.261565 -0.121975 -0.698553 -0.0112352 0.591072 0.293764 -0.215432 -0.106478 0.232705 0.334656 0.620675 -0.284499 -0.38725 -0.536087 0.234846 -0.841852 0.584422 -0.914882 0.339927 0.784953 -0.658726 -0.0297164 0.423233 0.15459 -0.771673 0.318025 0.302721 -0.716837 -0.157738 -0.634527 -0.320568 0.837424 0.309944 0.594628 -0.931785 0.362039 0.274284 -0.185212 0.441885 -0.776394 -0.866472 -0.73218 0.625394 0.00645196 0.281695 0.284108 -0.708676 0.143859 -0.405123 0.596428 -0.0617528 0.203973 -0.677954 0.794274 -0.514039 -0.715421 0.603408 0.79364 0.270182 -0.344734 -0.009987 0.104118 -0.442687 -0.521821 -0.553095 -0.72144 -0.0188881 -0.890017 -0.668031 -0.1644 -0.422946 0.538792 -0.548488 -0.658634 -0.595436 -0.347278 -0.0226379 -0.951831 -0.760284 0.984042 -0.535021 -0.32689 0.485052 -0.53213 0.542801 0.184134 -0.985986 0.923134 
-0.470702 -0.0896884 -0.980133 0.10207 0.00261092 -0.167907 -0.887247 -0.352435 -0.989592 -0.598866 -0.429676 0.424351 -1 -0.237035 -1 -1 -0.366008 -0.935469 -1 -0.673837 -0.578599 -0.489845 0.19843 -1 -0.992663 -0.80842 0.00329038 -0.0373372 -1 -1 -0.070965 -0.912189 -1 -0.969222 -1 -0.993507 -0.996167 -0.914418 -0.790875 -0.505563 0.567538 0.0528457 -0.983178 -1 0.0484611 -0.55429 -0.240093 -0.64424 -0.0418177 -0.993248 -0.620082 -0.850331 -0.0864034 -0.969854 0.31919 -0.895811 -1 -1 -0.952511 -1 -0.892894 0.589566 -1 -0.782023 -0.458575 0.111969 -0.829067 -1 0.567743 -0.718958 -0.954026 -0.731448 -0.305974 -0.9514 -0.539136 -0.776239 -0.467466 -1 -0.891422 -1 -0.90157 -0.933202 -0.225656 -0.498246 -0.363185 -0.880636 -0.972621 0.310376 -1 -0.139381 -0.257754 -0.0444079 -1 -0.813907 0.422854 -0.880228 0.216602 -0.352362 0.861959 -0.850597 -0.396133 -0.137108 -0.539267 -0.961602 0.496303 -0.0791982 -0.512841 0.172683 -0.606627 -0.475227 -0.962986 -0.338391 -0.882441 -1 -1 -1 -0.395293 -0.746899 0.324505 -1 -0.243932 -0.0782259 -0.558389 0.111581 0.142744 -0.349745 -0.586328 0.124192 -0.291652 0.0293093 0.00911461 0.311501 -0.763809 -0.150281 -1 -0.67051 0.34489 -0.946106 
-0.588746 -0.226395 -0.95904 0.240211 0.255505 -0.106116 -1 -0.0887915 -1 -0.636929 -0.0113536 0.392672 -1 -0.460992 -1 -1 -0.337056 -1 -1 -0.657048 -0.519821 -0.268818 0.147392 -0.949716 -1 -0.786095 -0.323774 -0.084403 -1 -0.782968 0.100451 -0.970881 -1 -0.924849 -1 -1 -0.988112 -0.971926 -0.835606 -0.619155 0.467087 0.132984 -1 -1 0.102104 -0.915883 -0.119944 -0.607131 0.0534402 -1 -0.942773 -0.950585 0.0246477 -1 0.454856 -0.881457 -1 -1 -0.832463 -0.975519 -0.454995 0.712844 -0.63939 -0.760991 0.0348157 0.0524639 -1 -1 0.795598 -0.737719 -0.821926 -0.502132 -0.114463 -1 -0.527099 -0.776239 -0.396341 -1 -0.698142 -0.975293 -0.781667 -1 -0.168679 -0.384519 -0.343426 -0.85707 -0.845072 0.0367882 -1 -0.171776 0.00966977 -0.276566 -1 -1 0.562931 -0.817279 -0.0446549 -0.309169 0.685746 -1 -0.476029 -0.233001 -0.431355 -0.688986 0.203402 -0.176777 -0.652798 0.303274 -0.493 -0.58843 -0.986071 -0.271052 -0.530324 -1 -1 -1 -0.376041 -0.663809 0.236416 -1 -0.357068 -0.0341594 -0.841735 0.191797 0.0706246 -0.310039 -0.905854 0.00539245 -0.220764 0.134649 -0.112374 0.114007 -0.897045 0.0324977 -1 -0.68002 0.335292 -1 
-0.985111 -1 0.058179 -0.756694 0.821566 0.0465729 -0.869322 0.162444 -0.697481 -1 -0.718671 -0.760252 0.524716 0.568488 -0.379809 -0.876712 -0.980941 -0.388407 0.162943 0.0775026 -0.875566 0.0619658 0.375723 0.597451 -0.237119 -0.488384 -0.390437 0.526067 -0.238906 -0.506263 0.541228 0.0117385 -1 -0.188906 -0.350922 -0.920692 0.842833 0.954757 -0.979255 0.410661 0.44811 -0.385904 0.381616 -1 0.836083 0.574738 -0.885233 0.157892 0.0128595 -0.475059 -0.464566 -0.432793 -0.776192 -1 0.725626 -0.984309 -0.370885 -0.314067 -0.0839307 -1 0.135579 0.502029 -0.355538 0.420773 0.936598 -0.30453 -1 0.141288 0.217212 0.0965157 -0.754519 -1 -0.759281 0.442838 0.971393 0.59354 -0.892782 0.237708 -0.700043 0.372652 -0.876368 0.15205 -0.627883 -1 -0.342805 -0.217758 -1 -0.0951192 -0.801852 0.66179 0.707126 0.0513658 0.355619 0.262344 -0.866581 -0.0175588 0.103754 -0.0560604 -0.384179 -0.0608274 0.299054 -1 0.587481 0.478775 0.0197629 -0.498377 -0.79793 0.0819141 -0.827582 0.21955 0.856557 -0.145732 0.196727 0.0627991 -0.767585 0.36854 -0.00652918 -0.473801 0.0649603 -1 -0.960517 0.844067 -1 0.411505 0.675562 -0.626883 -0.627085 0.137769 0.769228 0.130932 -0.1588 -0.345225 -1 -1 0.211406 -1 0.310409 0.375291 
-0.85779 -0.192499 -0.949265 0.37628 0.167129 -0.403731 -0.916655 -0.32348 -1 -0.845132 0.00252359 -0.0839129 -1 -0.130578 -1 -1 -0.247439 -0.827678 -1 -0.581291 -0.473746 -0.648656 -0.0369375 -0.963216 -1 -0.687602 -0.197314 -0.318251 -1 -0.766382 -0.00748794 -0.926429 -1 -0.800129 -1 -1 -1 -0.921823 -1 -0.384153 0.279645 -0.0228275 -1 -1 -0.286121 -0.879859 -0.175876 -0.494006 -0.00643664 -1 -0.698103 -0.750744 -0.202016 -1 0.195665 -1 -1 -1 -0.972911 -1 -0.703579 0.285392 -0.774629 -0.686434 0.151315 -0.314898 -1 -1 0.51379 -0.631299 -0.851114 -0.464215 -0.205328 -1 -0.542663 -1 -0.418098 -1 -0.913497 -1 -1 -1 0.0284872 -0.589907 -0.568226 -1 -0.881292 0.0806318 -1 -0.234012 0.0830078 -0.377519 -1 -0.941109 0.320764 -0.993232 -0.012571 -0.425319 0.428277 -0.728977 -0.480294 -0.212136 -0.924028 -0.997088 0.13467 -0.18383 -0.607442 0.309649 -0.64093 -0.765093 -1 -0.544018 -0.720301 -1 -0.873075 -1 -0.250841 -1 0.415391 -1 -0.44846 0.00193084 -0.480622 -0.0868249 -0.0660141 -0.479051 -0.696981 -0.202782 -0.429103 0.13516 -0.48007 0.200155 -1 -0.188068 -0.973597 -0.788486 0.0582049 -1 
-0.961416 -0.0848985 -1 0.173173 -0.312365 -0.2022 -1 -0.27456 -0.983489 -1 -0.563747 0.106614 -1 -0.520773 -0.973865 -1 -0.330583 -1 -0.994096 -0.675516 -0.659068 -0.363324 0.111033 -1 -0.953166 -0.963683 -0.288942 -0.159605 -0.889219 -0.985162 -0.195428 -1 -0.9392 -1 -1 -1 -1 -1 -1 -0.677399 0.55702 0.102776 -1 -1 0.123999 -1 -0.317329 -0.45016 -0.324068 -1 -0.905646 -0.729279 -0.449843 -1 0.491962 -0.947806 -1 -0.868759 -0.66112 -0.948106 -0.937475 0.340701 -0.500943 -0.951274 -0.209219 0.222009 -0.992948 -1 0.762932 -0.870738 -1 -0.487623 -0.283883 -1 -0.31586 -0.657289 -0.518969 -1 -0.779233 -0.949088 -1 -1 0.102293 -0.514388 -0.728694 -1 -0.97315 0.260152 -1 -0.386505 -0.312403 -0.0506971 -1 -0.967819 0.334391 -1 -0.236357 -0.414373 0.355231 -0.966446 -0.358051 -0.0953834 -0.679536 -1 0.156268 -0.104481 -0.503212 0.26438 -0.475907 -0.513453 -0.959123 -0.495111 -0.865286 -0.954715 -0.942788 -1 -0.522904 -0.633319 0.186216 -0.911619 -0.453124 -0.449852 -0.571887 0.00372654 0.25185 -0.424747 -0.534075 -0.0573236 -0.217524 0.0136697 -0.217138 -0.151047 -1 0.043435 -0.949246 -0.682012 0.361317 -1 
-0.54764 -0.162119 -1 0.269064 0.255505 0.0917207 -1 0.0184452 -0.950834 -0.636929 -0.0113536 0.392672 -1 -0.361988 -0.989776 -0.975753 -0.257075 -0.935469 -1 -0.641318 -0.31795 -0.441629 0.19843 -0.912706 -1 -0.833315 -0.313727 -0.144615 -0.921977 -0.730734 0.0457652 -1 -1 -1 -1 -1 -1 -0.977058 -0.884788 -0.384153 0.522844 0.108007 -0.944379 -0.847872 0.136513 -0.571008 -0.380279 -0.803233 0.179473 -1 -0.897512 -0.687052 -0.324275 -1 0.370698 -0.881457 -0.949393 -0.8881 -0.840238 -0.98557 -0.818539 0.681979 -0.550837 -0.560504 -0.38651 0.124324 -0.747768 -0.956455 0.552578 -0.502356 -0.882043 -0.56815 0.0142312 -0.957155 -0.543843 -0.89166 -0.258715 -1 -0.864584 -0.991749 -0.686211 -0.962408 0.154953 -0.483311 -0.420376 -1 -0.809617 0.349708 -1 -0.280734 0.00966977 -0.0320613 -1 -1 0.588717 -0.972757 0.205807 -0.134808 0.607656 -0.690303 -0.305764 -0.153157 -0.683805 -1 0.496303 -0.0444924 -0.512841 0.279569 -0.595158 -0.505794 -1 -0.424541 -0.583564 -0.993412 -0.83629 -1 -0.241552 -0.865551 0.461787 -0.915578 -0.22808 -0.00754481 -0.753931 0.191797 0.366873 -0.354738 -0.534075 0.0674627 -0.488521 0.134649 0.0637748 0.232865 -0.71793 0.132579 -0.958057 -0.716468 0.361317 -1 
-0.163057 -0.959099 0.576487 -0.456884 0.00628109 -0.673161 0.181966 0.564688 -0.26208 0.607558 -0.981041 -0.993829 -0.271347 -0.113371 0.373183 -0.23939 -0.721226 0.0687516 0.00183869 -1 -0.804684 -1 0.294673 -1 -1 0.156333 -0.951504 -0.0147747 0.195573 -0.326024 0.144491 -1 -1 -0.533401 -0.832741 -0.294813 0.719914 0.400159 0.423785 -0.78857 0.320489 -0.969601 0.397491 -0.559819 -0.872854 0.582582 -0.409485 -1 -0.427265 -0.906048 -0.92601 -0.427837 -0.588942 -0.899497 -0.936183 -0.07436 -0.037327 -0.301433 -0.0368271 -0.717985 -0.591614 0.931102 -1 -1 0.27567 -0.619586 -1 0.289193 -0.0372452 -0.660561 -0.0169474 0.106551 -1 0.300105 -0.637052 0.465003 0.546127 0.322592 -0.461825 -1 -0.977798 -0.914139 -0.896157 0.478701 -1 0.155236 -0.602129 -0.768464 -0.123275 -0.957053 0.454891 -0.48785 -0.981608 -0.823892 0.293899 -0.652307 -0.84056 0.457662 -0.104366 -0.958205 -0.459218 0.607832 0.521409 -1 -0.604119 -0.800792 -0.189727 -0.961845 0.40924 -1 0.0248821 -0.637188 -0.98408 -0.850705 -0.938682 -1 -1 -0.693619 0.531492 -0.955286 0.477696 0.382642 -0.285872 0.666534 0.142499 -0.979967 -1 -1 0.301944 0.401008 -0.672791 0.0385766 -0.839952 -0.960361 0.699462 -0.872223 -0.0774818 -0.266059 
-0.54764 -0.390634 -1 0.27496 0.088666 -0.0471731 -0.947671 -0.000316516 -1 -0.833852 -0.098416 0.312352 -0.865592 -0.337162 -0.951831 -0.955081 -0.200657 -1 -1 -0.641318 -0.640634 -0.713298 0.0110113 -1 -0.972894 -0.833315 -0.434249 0.0479429 -0.968247 -0.749828 -0.140384 -0.972978 -0.976929 -1 -0.96062 -1 -1 -1 -0.864194 -0.613528 0.355961 0.132984 -1 -1 0.0958777 -0.953706 -0.417819 -0.645137 -0.0913371 -0.957401 -0.857918 -0.8716 -0.310555 -1 0.361014 -0.887155 -1 -1 -0.982214 -1 -0.659359 0.552306 -0.504754 -0.760828 -0.153227 0.020258 -0.719324 -1 0.742954 -0.543237 -0.981081 -0.462806 -0.229396 -1 -0.177634 -0.938154 -0.545545 -1 -0.777812 -0.991749 -1 -1 0.129765 -0.572854 -0.822849 -0.936051 -1 0.1524 -1 -0.154655 -0.233197 -0.106209 -1 -0.891075 0.22287 -0.98392 0.292176 -0.430083 0.705469 -0.753981 -0.247178 0.0347012 -0.681729 -1 0.318707 -0.1148 -0.815435 0.265589 -0.738309 -0.485931 -1 -0.50201 -0.583564 -0.890264 -0.968406 -1 -0.35024 -0.578689 0.289381 -1 -0.64018 -0.0765836 -0.615064 8.86619e-05 0.189071 -0.354738 -0.881343 -0.0608062 -0.291652 0.0169344 -0.346352 0.301969 -0.990126 -0.0942524 -0.959685 -1 0.241526 -0.969656 
-0.515943 -0.271591 -1 0.288262 0.236921 0.0559158 -1 -0.0212903 -1 -0.646533 -0.293854 0.117697 -0.774349 -0.480264 -1 -1 -0.434815 -1 -1 -0.913183 -0.693723 -0.434 0.177031 -0.972268 -1 -1 -0.302174 0.0160237 -0.927121 -1 -0.0892514 -0.881285 -0.96217 -1 -1 -1 -1 -1 -1 -0.496539 0.505669 -0.176245 -1 -1 0.0267228 -0.662356 -0.29937 -0.64343 -0.115818 -0.982322 -0.633229 -0.838742 -0.385771 -0.95466 0.333616 -0.881457 -1 -1 -1 -1 -0.656301 0.702097 -0.550837 -0.462861 -0.206788 0.0895852 -0.926911 -0.963686 0.594912 -0.744303 -0.890683 -0.428475 -0.355888 -1 -0.394926 -0.752392 -0.182719 -1 -1 -0.991749 -0.768862 -0.932376 -0.140648 -0.537008 -0.641176 -1 -1 -0.058111 -1 -0.230257 -0.0663511 -0.240758 -1 -1 0.135502 -1 0.196033 -0.117427 0.828705 -0.924055 -0.438866 -0.0662302 -0.433455 -1 0.545716 -0.0791982 -0.533998 0.285744 -0.751842 -0.552096 -0.937363 -0.44096 -0.624298 -1 -0.816761 -1 -0.241552 -0.544935 0.255981 -1 -0.42039 -0.284491 -0.587225 0.191797 0.253157 -0.462893 -0.664833 0.155292 -0.291652 0.0225005 -0.283197 0.326944 -0.686697 0.100162 -1 -0.811787 0.361317 -1 
-0.985111 -1 0.058179 -0.756694 0.821566 0.0465729 -0.869322 0.162444 -0.697481 -1 -0.718671 -0.760252 0.524716 0.568488 -0.379809 -0.876712 -0.980941 -0.388407 0.162943 0.0775026 -0.875566 0.0619658 0.375723 0.597451 -0.237119 -0.488384 -0.390437 0.526067 -0.238906 -0.506263 0.541228 0.0117385 -1 -0.188906 -0.350922 -0.920692 0.842833 0.954757 -0.979255 0.410661 0.44811 -0.385904 0.381616 -1 0.836083 0.574738 -0.885233 0.157892 0.0128595 -0.475059 -0.464566 -0.432793 -0.776192 -1 0.725626 -0.984309 -0.370885 -0.314067 -0.0839307 -1 0.135579 0.502029 -0.355538 0.420773 0.936598 -0.30453 -1 0.141288 0.217212 0.0965157 -0.754519 -1 -0.759281 0.442838 0.971393 0.59354 -0.892782 0.237708 -0.700043 0.372652 -0.876368 0.15205 -0.627883 -1 -0.342805 -0.217758 -1 -0.0951192 -0.801852 0.66179 0.707126 0.0513658 0.355619 0.262344 -0.866581 -0.0175588 0.103754 -0.0560604 -0.384179 -0.0608274 0.299054 -1 0.587481 0.478775 0.0197629 -0.498377 -0.79793 0.0819141 -0.827582 0.21955 0.856557 -0.145732 0.196727 0.0627991 -0.767585 0.36854 -0.00652918 -0.473801 0.0649603 -1 -0.960517 0.844067 -1 0.411505 0.675562 -0.626883 -0.627085 0.137769 0.769228 0.130932 -0.1588 -0.345225 -1 -1 0.211406 -1 0.310409 0.375291 
-0.54764 -0.038816 -1 0.288262 0.255505 0.0707492 -1 -0.0212903 -1 -0.636929 -0.0113536 0.392672 -0.774349 -0.442242 -1 -0.912497 -0.209655 -1 -1 -0.816813 -0.31795 -0.24804 0.19843 -1 -1 -1 -0.083934 0.015282 -0.782488 -0.907991 -0.0642912 -0.802444 -1 -1 -1 -1 -0.996167 -1 -0.752704 -0.384153 0.567538 -0.0134461 -1 -1 0.118043 -0.579628 -0.119944 -0.498634 0.148276 -1 -0.633229 -0.750744 -0.049474 -1 0.475821 -1 -1 -0.861692 -1 -0.98557 -0.476755 0.476208 -0.550837 -0.632479 0.0348157 0.124324 -0.786439 -1 0.520218 -0.502356 -0.805674 -0.459519 -0.123265 -1 -0.305274 -0.706293 -0.399523 -1 -0.777942 -0.991749 -0.686211 -1 0.154953 -0.338754 -0.376424 -0.848811 -0.88027 0.347187 -1 -0.18972 0.00966977 -0.0320613 -1 -0.894242 0.574888 -0.996216 0.353345 -0.118861 0.59186 -0.753981 -0.305764 -0.0810142 -0.431355 -0.776042 0.496303 -0.0791982 -0.512841 0.303274 -0.388978 -0.490894 -1 -0.271052 -0.583564 -1 -0.947299 -1 -0.241552 -0.578689 0.461787 -1 -0.253598 -0.0331625 -0.708597 0.133282 0.308282 -0.354738 -0.534075 0.0330214 -0.291652 0.134649 -0.00723916 0.31103 -0.80732 -0.113098 -0.918922 -0.699988 0.361317 -0.946106 
-0.605603 -0.038816 -1 0.316318 0.296841 -0.173796 -1 -0.275812 -1 -0.636929 0.0394137 0.389029 -0.956684 -0.516802 -1 -1 -0.209655 -1 -1 -0.851056 -0.31795 -0.357222 0.147384 -0.943093 -1 -0.94284 -0.17861 0.015282 -0.782488 -0.868035 0.0440977 -0.873233 -0.96217 -0.974209 -1 -1 -1 -1 -1 -0.527618 0.578123 0.132984 -0.944379 -0.948414 0.0906853 -0.741199 -0.119944 -0.599168 0.0712679 -1 -0.860678 -0.651327 -0.0150686 -1 0.475821 -0.881457 -1 -1 -0.948998 -0.957528 -0.578298 0.478345 -0.620473 -0.835341 0.0348157 0.110042 -0.87274 -1 0.425438 -0.502356 -1 -0.591673 -0.0456461 -1 -0.497805 -1 -0.326156 -1 -1 -0.991749 -0.886368 -1 -0.141558 -0.352635 -0.480636 -1 -0.864013 0.234562 -1 -0.266674 0.00966977 -0.0139231 -1 -1 0.35821 -1 0.353345 -0.118861 0.828705 -0.809622 -0.307651 -0.0141189 -0.431355 -0.776042 0.521711 -0.0791982 -0.638284 0.321376 -0.443731 -0.604415 -1 -0.271052 -0.792405 -1 -0.721044 -1 -0.369945 -0.714858 0.461787 -1 -0.198046 -0.053637 -0.573074 0.0799255 0.37463 -0.352914 -0.534075 -0.0137241 -0.436055 0.134649 -0.00723916 0.151111 -0.686697 0.0816125 -1 -0.816787 0.361647 -0.896183 
-0.470702 -0.0513252 -1 0.243114 -0.317943 -0.448174 -0.903076 -0.46552 -0.973657 -0.604328 -0.429676 0.424351 -1 -0.237035 -1 -0.995583 -0.366008 -1 -0.958248 -0.673837 -0.571875 -0.489845 -0.0259402 -1 -1 -0.725504 -0.255935 -0.0373372 -1 -0.927711 -0.19841 -1 -1 -1 -0.975064 -1 -1 -0.982125 -0.822675 -0.505563 0.619481 0.0528457 -0.971746 -1 -0.199351 -0.579628 -0.21505 -0.52983 -0.0541915 -1 -0.620082 -0.936188 -0.246899 -0.969854 0.381037 -0.925086 -1 -1 -0.852279 -1 -0.78318 0.649473 -0.943029 -0.967108 -0.881636 0.111969 -0.822298 -1 0.567743 -0.590215 -0.82685 -1 -0.305974 -0.9514 -0.625251 -1 -0.4167 -0.948289 -1 -0.931117 -1 -1 -0.179041 -0.498246 -0.52432 -0.880636 -1 0.131637 -0.948359 -0.258848 -0.108019 -0.180067 -1 -0.941558 0.315634 -0.880111 0.216602 -0.275463 0.861959 -0.890247 -0.531529 -0.229045 -0.63665 -1 0.496303 -0.453374 -0.505926 0.131978 -0.536706 -0.533037 -1 -0.62089 -0.732819 -0.955448 -1 -0.982937 -0.362745 -0.784452 0.324505 -1 -0.243932 -0.0782259 -0.592927 0.109668 0.170968 -0.269101 -0.939236 -0.207355 -0.559225 0.07686 -0.268078 0.316429 -0.702971 -0.294189 -0.983268 -0.884777 0.38992 -0.924999 
-0.837961 -0.192499 -1 0.37628 0.220413 -0.295461 -1 -0.32348 -1 -0.747415 -0.0113536 -0.0310368 -1 -0.130578 -1 -1 -0.209655 -0.933957 -1 -0.582314 -0.473746 -0.552816 0.0759954 -0.946223 -1 -0.649204 -0.197314 -0.318251 -1 -0.766382 -0.0182108 -0.873233 -1 -0.800129 -1 -1 -1 -0.921823 -1 -0.384153 0.408954 -0.133389 -1 -1 -0.233437 -1 -0.212549 -0.494006 -0.00643664 -1 -0.698103 -0.750744 -0.271181 -1 0.195665 -1 -0.970242 -1 -0.972911 -0.965877 -0.808613 0.456798 -0.870636 -0.745946 0.104222 -0.164161 -1 -0.974774 0.51379 -0.567844 -0.851114 -0.405512 -0.162529 -1 -0.530588 -1 -0.418098 -1 -0.913497 -1 -1 -1 -0.0206544 -0.587193 -0.517701 -1 -0.881292 0.215032 -1 -0.317914 0.0830078 -0.470382 -0.99251 -0.979995 0.320764 -0.940694 0.0280786 -0.425319 0.428277 -0.733198 -0.480294 -0.212136 -0.804862 -1 0.129431 -0.194991 -0.666264 0.309649 -0.76247 -0.69638 -1 -0.682677 -0.811588 -1 -0.837825 -1 -0.250841 -1 0.415391 -1 -0.44846 -0.0575613 -0.631956 -0.0868249 -0.0660141 -0.572663 -0.696981 -0.202782 -0.429103 0.0820694 -0.48007 0.0991369 -1 -0.188068 -1 -0.739986 0.114128 -1 
-0.0254161 -1 0.832999 -0.222304 0.207543 -0.217236 0.124433 0.0943404 -0.449459 0.461029 -0.799148 -1 -0.807251 -0.56434 -0.352544 -0.249991 -0.828368 -0.358971 -0.416238 -1 -0.815063 -1 0.35241 -0.428229 -1 -0.202354 -0.726126 -0.311254 0.165276 -0.192635 0.497975 -0.950683 -1 -0.458671 -1 0.094942 0.205916 0.206051 0.245839 -1 0.331408 -0.936758 0.712461 -0.77931 -0.919356 0.517611 -0.505239 -0.985456 -1 -0.919112 -1 -0.185403 -0.615783 -1 -1 0.240087 -0.44653 0.151316 -0.239522 -0.90551 -0.907461 0.84705 -1 -0.985292 0.484496 -0.475849 -1 0.319433 -0.30222 -0.552887 -0.657126 0.20326 -0.458513 -0.373436 -0.711404 0.648262 0.848881 0.419405 -0.257977 -0.992312 -1 -1 -0.932298 0.390874 -0.909099 0.468527 -0.844031 -1 -0.524612 -0.921627 0.746383 -0.384715 -0.928168 -1 0.2936 -0.518406 -0.78875 0.0233406 0.170855 -0.853529 -0.362782 0.634418 0.24585 -1 -0.602543 -1 -0.10252 -0.902522 -0.0475964 -1 0.142467 -0.931675 -1 -0.58121 -0.341917 -1 -1 -0.265386 0.765312 -0.739505 0.130038 0.522764 -0.0300834 0.109097 -0.072788 -0.762715 -1 -1 0.738943 -0.0916858 -0.455016 0.465416 -0.487819 -0.93289 0.99951 -1 -0.0953573 -0.109942 
-0.761009 -0.327932 -0.977173 -0.0226103 0.106289 0.00463142 -1 -0.00369851 -1 -0.998408 -0.426216 0.0943597 -0.979572 -0.264471 -1 -1 -0.262932 -1 -1 -0.815808 -0.727223 -0.521877 0.222696 -1 -0.933642 -1 -0.226091 -0.143504 -0.950699 -0.716392 -0.117807 -0.933517 -1 -1 -1 -0.976791 -1 -1 -0.816076 -0.384153 0.50741 -0.21639 -0.970483 -0.991485 -0.00443609 -0.683239 -0.119944 -0.655855 0.0874139 -1 -0.752364 -0.803955 -0.149658 -1 0.296477 -0.889921 -1 -1 -1 -1 -0.670729 0.404889 -1 -0.797361 -0.0172352 0.08869 -1 -1 0.468537 -0.974438 -0.77635 -0.451663 -0.0171296 -0.95204 -0.545665 -0.750027 -0.440691 -1 -0.800598 -1 -0.697562 -1 0.0640069 -0.275356 -0.376424 -0.909892 -0.978495 -0.148151 -1 -0.18437 -0.071315 0.0174765 -1 -0.904562 0.135811 -0.922253 0.0484067 -0.125304 0.76327 -0.866871 -0.42469 -0.115652 -0.66721 -1 0.305833 -0.321291 -0.624507 0.269253 -0.653004 -0.671383 -0.905725 -0.280443 -0.72994 -1 -1 -1 -0.241552 -0.717151 0.347551 -1 -0.27159 -0.209632 -0.575895 0.191797 0.0204838 -0.573724 -0.633462 0.168083 -0.308509 0.123955 -0.157051 0.106125 -0.697077 -0.120368 -0.996164 -0.858853 0.047788 -0.959661 
0.0520643 -1 0.679795 -0.720411 0.00628109 -0.591202 -0.0575761 0.509133 -0.333407 0.585207 -1 -1 -0.650183 -0.458842 0.107968 -0.0658997 -0.792393 -0.0824315 0.00183869 -0.939183 -1 -0.916274 0.448136 -0.971063 -1 0.00830537 -1 -0.033696 0.293767 -0.372175 -0.134374 -1 -1 -0.467618 -0.831924 -0.187391 0.34898 0.425702 0.438615 -0.647978 0.320489 -1 0.335116 -0.551853 -0.900682 0.357885 -0.47658 -0.968161 -0.549637 -1 -1 -0.600993 -0.720708 -1 -1 -0.00654178 -0.202195 -0.305107 -0.212579 -0.717985 -0.884119 0.710298 -1 -1 0.187626 -0.709802 -1 0.25486 -0.155839 -0.656537 0.0433832 -0.245846 -0.972525 0.0937651 -0.700017 0.401081 0.577695 0.231392 -0.808469 -1 -1 -1 -0.77845 0.259323 -1 0.1329 -0.634525 -0.79699 -0.169238 -0.957053 0.121508 -0.512189 -1 -0.870405 0.0362809 -0.779323 -0.867243 0.487678 -0.253652 -1 -0.485611 0.456987 0.108579 -1 -0.601826 -1 -0.320745 -1 0.364148 -1 0.0248821 -1 -0.903469 -0.645667 -0.969416 -1 -1 -0.590598 0.487253 -0.777175 0.380054 0.0562806 -0.518703 0.666534 0.280212 -1 -1 -1 0.17719 0.143657 -1 -0.0849781 -1 -0.873614 0.699462 -0.924709 -0.352268 -0.408184 
-0.0450666 -1 0.576487 -0.518673 -0.0411658 -0.673161 0.25397 0.496965 -0.27219 0.502608 -0.981041 -0.970397 -0.295815 -0.463713 0.315753 -0.134576 -0.957284 0.0229192 0.00183869 -1 -0.829844 -1 0.448136 -0.971063 -1 -0.0172945 -0.991377 -0.033696 0.293767 -0.372175 -0.00147372 -1 -1 -0.663813 -0.775509 -0.211875 0.62594 0.427258 0.438615 -0.759959 0.301011 -1 0.397491 -0.56622 -0.900682 0.357885 -0.478893 -0.874636 -0.458134 -0.956959 -1 -0.436393 -0.770049 -1 -0.936183 -0.00654178 -0.137777 -0.305107 -0.162927 -0.717985 -0.600036 0.891491 -0.962789 -0.997699 0.187626 -0.731254 -1 0.250498 -0.209366 -0.695521 -0.0772109 0.0388079 -0.972525 0.127536 -0.689668 0.441175 0.577695 0.322592 -0.808469 -1 -1 -1 -0.77845 0.248929 -1 0.162543 -0.656775 -0.768464 -0.169238 -0.957053 0.409544 -0.52483 -1 -0.789305 0.0362809 -0.779323 -1 0.457662 -0.0183251 -1 -0.496561 0.475254 0.276839 -1 -0.669646 -1 -0.246255 -0.961845 0.364148 -1 0.0248821 -0.968303 -0.950845 -0.639447 -0.969416 -1 -1 -0.565636 0.487253 -0.769943 0.367932 0.39437 -0.279837 0.586814 0.280212 -1 -1 -1 0.222552 0.0412521 -0.657927 -0.114894 -0.883553 -0.90398 0.659246 -0.872223 -0.252675 -0.502325 
-0.0998333 -0.991113 0.489641 -0.444932 0.082608 -0.495155 0.00743665 0.514175 -0.700695 0.480302 -1 -1 -0.424782 -0.113671 0.102894 -0.586123 -0.543335 -0.506633 -0.101888 -1 -0.70933 -1 0.386053 -0.586973 -0.984172 0.0902142 -0.921077 -0.146471 0.202585 -0.766804 0.641963 -1 -1 -0.710672 -0.646033 0.140582 0.410053 0.629767 0.532584 -0.75759 0.790757 -0.694647 0.121821 -0.257329 -1 0.45991 -0.342195 -1 -0.673968 -0.907701 -1 -0.289271 -0.911274 -0.998569 -0.905371 0.170885 0.0156581 0.346933 -0.187024 -0.574638 -0.59983 0.466234 -0.829553 -1 0.0680802 -1 -0.952985 0.329858 -0.331717 -0.802751 -0.580192 0.260239 -0.439419 -0.276997 -0.682668 0.255278 0.843705 0.406136 0.0269675 -1 -1 -1 -0.637095 0.21069 -1 0.456317 -0.423545 -0.850585 -0.662501 -1 0.869191 -0.684861 -0.801873 -1 0.623455 -0.678459 -0.742132 0.0455509 0.0364088 -0.823303 -0.345645 0.48771 0.334664 -1 -0.207947 -1 0.191576 -0.751028 0.0320668 -1 0.307547 -0.780408 -1 -0.711569 -0.745707 -1 -1 -0.480894 0.218259 -0.911197 0.219864 0.262355 -0.170912 0.330022 0.28536 -0.814177 -1 -0.927098 0.736547 0.0909908 -0.50826 0.139461 -0.36618 -0.781905 0.518065 -1 0.0694982 -0.358004 
-0.985111 -1 0.058179 -0.756694 0.821566 0.0465729 -0.869322 0.162444 -0.697481 -1 -0.718671 -0.760252 0.524716 0.568488 -0.379809 -0.876712 -0.980941 -0.388407 0.162943 0.0775026 -0.875566 0.0619658 0.375723 0.597451 -0.237119 -0.488384 -0.390437 0.526067 -0.238906 -0.506263 0.541228 0.0117385 -1 -0.188906 -0.350922 -0.920692 0.842833 0.954757 -0.979255 0.410661 0.44811 -0.385904 0.381616 -1 0.836083 0.574738 -0.885233 0.157892 0.0128595 -0.475059 -0.464566 -0.432793 -0.776192 -1 0.725626 -0.984309 -0.370885 -0.314067 -0.0839307 -1 0.135579 0.502029 -0.355538 0.420773 0.936598 -0.30453 -1 0.141288 0.217212 0.0965157 -0.754519 -1 -0.759281 0.442838 0.971393 0.59354 -0.892782 0.237708 -0.700043 0.372652 -0.876368 0.15205 -0.627883 -1 -0.342805 -0.217758 -1 -0.0951192 -0.801852 0.66179 0.707126 0.0513658 0.355619 0.262344 -0.866581 -0.0175588 0.103754 -0.0560604 -0.384179 -0.0608274 0.299054 -1 0.587481 0.478775 0.0197629 -0.498377 -0.79793 0.0819141 -0.827582 0.21955 0.856557 -0.145732 0.196727 0.0627991 -0.767585 0.36854 -0.00652918 -0.473801 0.0649603 -1 -0.960517 0.844067 -1 0.411505 0.675562 -0.626883 -0.627085 0.137769 0.769228 0.130932 -0.1588 -0.345225 -1 -1 0.211406 -1 0.310409 0.375291 
-0.483708 -0.0965049 -1 0.288262 0.157949 -0.129495 -1 -0.113059 -0.942101 -0.636929 0.00962557 0.28156 -0.857097 -0.270717 -1 -1 -0.209655 -0.90667 -1 -0.641318 -0.465855 -0.24804 -0.0213379 -1 -0.907121 -0.83846 -0.199911 -0.0775695 -0.734298 -0.896787 -0.0227776 -1 -0.98079 -1 -1 -1 -1 -1 -0.985258 -0.483927 0.548736 0.158804 -1 -0.903389 0.0994728 -0.747313 -0.103778 -0.494327 0.148276 -1 -0.844036 -0.851193 -0.0537095 -1 0.408162 -0.871565 -1 -0.979316 -1 -0.981372 -0.770125 0.64176 -0.690813 -0.677875 -0.138485 0.102968 -0.782987 -1 0.611943 -0.709264 -1 -0.516845 -0.202983 -1 -0.281479 -0.821926 -0.327821 -1 -0.793171 -1 -0.884578 -1 -0.225452 -0.448751 -0.434423 -0.833608 -0.88027 0.200895 -1 -0.305147 -0.0325018 -0.0575082 -1 -0.894242 0.494839 -1 0.353345 -0.259169 0.67454 -0.911157 -0.263036 -0.0780106 -0.394627 -0.776042 0.346951 -0.246685 -0.655707 0.325427 -0.443731 -0.549334 -1 -0.357814 -0.700681 -1 -0.950357 -1 -0.322891 -0.914319 0.359817 -1 -0.22808 -0.20512 -0.576118 0.0852301 0.366873 -0.354738 -0.85122 0.0606751 -0.366815 0.114545 -0.0932459 0.268129 -0.686697 0.0822769 -1 -0.881917 0.184427 -0.900185 
-0.54764 -0.038816 -1 0.125301 0.255505 0.00463142 -1 -0.109279 -1 -0.636929 -0.0113536 0.392672 -0.774349 -0.233816 -1 -1 -0.209655 -0.935469 -1 -0.722057 -0.31795 -0.375267 0.19843 -1 -0.920024 -0.833315 -0.083934 0.015282 -0.782488 -0.730734 0.0457652 -0.953215 -1 -0.958006 -1 -1 -1 -1 -0.834908 -0.334109 0.567538 0.109916 -0.944379 -0.887966 0.0958777 -0.571512 -0.119944 -0.494006 0.148276 -1 -0.633229 -0.750744 -0.0270765 -1 0.358638 -0.881457 -1 -0.861692 -0.840238 -0.98557 -0.456267 0.681979 -0.716561 -0.560504 -0.039543 0.0481639 -0.944425 -1 0.702311 -0.502356 -0.787487 -0.459519 -0.0309522 -1 -0.305274 -0.776239 -0.222704 -1 -0.777942 -0.991749 -0.686211 -1 0.154953 -0.338754 -0.47884 -0.899054 -0.88027 0.347187 -1 -0.139293 -0.0471242 -0.0320613 -1 -0.894242 0.541909 -1 0.361532 -0.275164 0.828705 -0.753981 -0.35442 0.0195552 -0.436225 -0.776042 0.496303 -0.173881 -0.499086 0.303274 -0.459636 -0.485931 -1 -0.385006 -0.583564 -1 -0.833996 -1 -0.241552 -0.667252 0.461787 -1 -0.22808 -0.0732683 -0.471866 0.198864 0.366873 -0.501817 -0.534075 0.0720547 -0.291652 0.134649 -0.0819756 0.325487 -0.751899 0.132579 -1 -0.699988 0.361317 -0.946106 
-0.250841 -1 0.69472 -0.404605 0.00628109 -0.418583 0.154812 0.667377 -0.12813 0.423575 -1 -0.982225 -0.439633 -0.106807 0.259293 -0.0594897 -0.721693 0.0924812 0.00183869 -0.857949 -0.728346 -1 0.558482 -1 -1 -0.236473 -1 -0.0147747 0.0657591 -0.326024 0.173713 -0.929647 -1 -0.350685 -0.680596 -0.255546 0.719914 0.231566 0.240201 -0.677604 0.218713 -0.969601 0.230531 -0.748543 -0.946006 0.489937 -0.288449 -0.950855 -0.493317 -0.89139 -1 -0.301799 -0.77879 -0.923122 -1 -0.328251 -0.13731 -0.361526 -0.45054 -0.676501 -0.519046 0.735087 -1 -1 0.445832 -0.521594 -1 0.0669672 -0.0235742 -0.867232 0.187295 0.186642 -0.959832 0.223753 -0.573594 0.293417 0.443177 0.604698 -0.568695 -0.926581 -1 -0.919672 -0.935931 0.183918 -1 0.363133 -0.619027 -0.883011 -0.095714 -1 0.454891 -0.542176 -1 -0.937038 0.164471 -0.640945 -0.794962 0.563473 -0.222665 -0.958205 -0.459218 0.331498 0.327512 -1 -0.596046 -0.866111 -0.177245 -0.68384 0.248698 -0.97984 -0.0814289 -0.880484 -1 -0.817304 -0.910735 -1 -0.919153 -0.565636 0.208034 -0.741392 0.251643 0.257924 -0.135603 0.666534 0.143045 -1 -1 -0.992372 0.136753 0.367801 -0.419032 -0.150026 -1 -1 0.899677 -0.664184 -0.230278 -0.439006 
-0.54764 -0.127044 -1 0.288262 0.0680995 0.0767118 -1 -0.223581 -1 -0.821859 -0.207058 0.245673 -1 -0.305728 -0.999991 -0.905346 -0.375287 -0.935469 -0.951535 -0.714333 -0.248578 -0.112649 0.110398 -1 -1 -1 -0.223699 -0.304981 -0.811007 -0.958863 0.0244811 -0.92599 -1 -0.903706 -1 -1 -0.990618 -1 -0.895328 -0.462676 0.567538 0.18108 -1 -1 -0.0533657 -0.647995 -0.0823931 -0.604642 0.183859 -1 -0.868156 -1 -0.0236708 -0.984819 0.317615 -1 -1 -0.908455 -1 -0.98557 -0.86334 0.636106 -0.865224 -0.560504 0.0348157 -0.0275116 -1 -1 0.702311 -0.777399 -0.897865 -0.794375 -0.0856141 -1 -0.348674 -0.776239 -0.263664 -0.972603 -0.777942 -1 -0.830489 -0.980184 0.154953 -0.440413 -0.473286 -0.973171 -1 0.0247238 -0.99676 -0.428559 0.0146522 0.00822553 -1 -1 0.433143 -1 0.289637 -0.118861 0.564526 -0.831329 -0.659453 0.0195552 -0.500165 -0.702434 0.573748 -0.14933 -0.512841 0.414013 -0.443585 -0.588148 -1 -0.398402 -0.802062 -1 -0.825035 -1 -0.332778 -0.655108 0.461787 -1 -0.516632 -0.176389 -0.639502 -0.0700081 0.484949 -0.308576 -0.797106 -0.156387 -0.620907 0.212275 -0.267026 0.147018 -0.691363 0.127997 -1 -0.838231 0.267884 -1 
-0.764052 -0.282047 -1 0.282071 -0.428259 -0.313269 -1 -0.302458 -0.975 -0.660888 -0.182694 0.320293 -0.832671 -0.453283 -1 -1 -0.739717 -1 -1 -0.70086 -0.31795 -0.558716 0.0159313 -1 -1 -1 -0.126084 0.0259198 -0.924735 -0.823424 0.0818745 -1 -1 -1 -1 -0.917967 -0.984491 -1 -1 -0.29493 0.369559 -0.00214663 -1 -0.797161 0.0666892 -1 -0.358457 -0.603027 0.0448405 -1 -0.95502 -0.750744 -0.168518 -0.945118 0.423679 -1 -0.927806 -1 -1 -1 -0.802076 0.681979 -0.53875 -0.560504 -0.023818 -0.192088 -0.943708 -1 0.538989 -0.986953 -0.966908 -0.898767 0.0598406 -1 -0.392859 -0.856111 -0.400557 -1 -1 -1 -0.752647 -1 0.00274492 -0.349859 -0.492303 -1 -0.89916 0.120379 -1 -0.150539 0.00966977 -0.0320613 -1 -0.960723 0.517971 -1 0.249238 -0.407374 0.828705 -0.800517 -0.31051 -0.200633 -0.647603 -0.979896 0.297673 -0.155665 -0.512841 -0.0224985 -0.55039 -0.518668 -1 -0.477847 -0.859006 -1 -0.928572 -0.995871 -0.475156 -0.718818 0.461787 -1 -0.22808 -0.258099 -0.666768 0.0267334 0.366873 -0.484808 -0.720531 -0.179659 -0.551459 0.134649 -0.0237997 -0.0521007 -0.975771 -0.317791 -1 -0.699988 0.361317 -0.933085 
-0.872824 -1 -0.380369 -0.586538 -1 -0.700682 0.576562 -0.83465 -0.516913 -0.761201 -0.923375 0.436879 0.193158 -0.649548 -0.399526 -0.162509 -0.455903 -0.622496 -0.127048 0.266776 -0.987314 -1 0.615381 0.0238615 0.23769 -0.304588 -0.68873 -0.383346 -1 0.309612 -0.953852 0.711615 -0.563526 0.366257 0.332362 -1 -0.930125 -0.621367 -1 -0.373467 0.241045 -0.0314719 -0.636368 -0.0857562 -1 -0.553056 0.629935 -0.434987 0.0416668 -1 -0.539468 0.778426 -1 0.189967 -0.367812 -0.157645 -0.728724 -0.817139 -0.189026 0.311584 -0.58888 -0.971084 -0.547813 0.752932 -1 0.137644 -0.425829 0.847099 -0.560145 -0.871802 -1 0.829535 -0.798001 -1 0.381468 -0.0102095 0.38891 0.375142 -0.517461 0.729776 -0.312207 -0.750876 -0.897106 0.204063 0.169758 -0.21352 -1 -0.21357 0.721012 0.331033 -0.40362 0.208768 0.351135 -0.930579 -0.969823 0.0269809 -0.162342 -0.576154 -1 -0.157329 -0.776181 -0.866003 -0.909243 0.211174 0.153507 -0.426821 -0.99898 -0.959878 -1 -0.663708 -0.214327 0.135819 0.523318 -1 -1 -0.327375 0.0819997 -0.489074 -0.301499 -1 -1 -0.089325 0.628203 -1 -0.431811 -0.816979 0.603047 -0.175036 -0.386118 -0.795481 -0.147666 -1 -1 -1 0.670127 0.616395 -0.968365 -1 
0.00130518 -0.687263 0.611554 -0.000851423 0.157391 -0.309336 0.0392772 0.585851 -0.742109 0.156038 -1 -1 -0.434949 -0.0328155 -0.0131777 -0.169263 -0.41052 -0.403495 -0.465624 -0.965099 -0.833218 -1 0.526034 -0.584806 -0.999859 -0.0165252 -0.835665 0.0345242 0.0440805 -0.8105 0.319291 -0.961633 -1 -0.303545 -0.636584 0.180244 0.595216 0.442435 0.487615 -0.682839 0.407171 -0.73136 0.281986 -0.179178 -1 0.678881 -0.316566 -1 -1 -1 -0.926447 -0.0538825 -0.784679 -0.964537 -1 0.145649 0.119371 -0.13087 -0.0605367 -0.395812 -0.802738 0.626834 -1 -1 -0.247298 -0.765845 -0.738441 0.419807 -0.329261 -0.673313 -0.620274 0.456403 -0.496741 -0.0469487 -0.8808 0.318875 0.693881 0.537398 -0.147269 -1 -1 -1 -0.78098 0.404698 -1 0.627039 -1 -0.898242 -0.329991 -1 0.897965 -0.445121 -1 -0.69786 0.56913 -0.726008 -0.844475 0.0424541 -0.102142 -0.806199 -0.146484 0.0619394 0.55381 -1 -0.264957 -1 0.268685 -0.800071 0.25532 -1 0.269717 -0.763499 -1 -0.571525 -0.562903 -1 -0.972973 -0.169062 0.365765 -0.731831 0.151231 0.565653 -0.368478 0.30828 0.06994 -1 -0.976909 -0.906877 0.68532 0.242024 -0.30286 0.0248445 -0.792675 -0.564629 0.835263 -0.967207 0.128209 -0.0902977 
-0.54764 -0.038816 -1 0.288262 0.270108 0.00463142 -1 -0.0212903 -0.942101 -0.636929 -0.155214 0.392672 -0.774349 -0.233816 -1 -0.912497 -0.209655 -0.935469 -1 -0.764967 -0.31795 -0.305015 0.19843 -0.966637 -0.920024 -0.833315 -0.083934 0.015282 -0.782488 -0.730734 0.0649777 -0.873233 -1 -0.92328 -1 -1 -0.996167 -1 -0.790697 -0.384153 0.567538 0.108895 -0.944379 -0.923046 -0.00923698 -0.579628 -0.119944 -0.494006 0.148276 -1 -0.633229 -0.749237 -0.0270765 -1 0.475821 -0.881457 -1 -0.861692 -0.843837 -0.942729 -0.507148 0.681979 -0.637204 -0.560504 0.0348157 -0.0143677 -0.853718 -1 0.702311 -0.460063 -0.805674 -0.459519 0.0142312 -1 -0.305274 -0.776239 -0.205222 -1 -0.777942 -0.991749 -0.686211 -1 0.154953 -0.338754 -0.376424 -0.996849 -0.88027 0.347187 -1 -0.139293 0.00966977 -0.0320613 -0.993636 -1 0.541909 -0.940712 0.353345 -0.118861 0.828705 -0.832524 -0.352237 -0.0646439 -0.431355 -0.776042 0.496303 -0.0791982 -0.603184 0.303274 -0.443731 -0.485931 -1 -0.271052 -0.583564 -1 -0.825035 -1 -0.301548 -0.699937 0.461787 -1 -0.267684 -0.0732683 -0.480622 0.191797 0.366873 -0.361863 -0.587287 0.124192 -0.291652 0.048283 -0.00723916 0.364141 -0.686697 0.132579 -1 -0.697763 0.361317 -0.946106 
-0.54764 -0.038816 -1 0.288262 0.255505 0.00463142 -1 -0.0212903 -0.942101 -0.636929 -0.0113536 0.392672 -0.774349 -0.233816 -1 -0.912497 -0.209655 -0.935469 -1 -0.641318 -0.31795 -0.24804 0.19843 -1 -0.920024 -0.833315 -0.083934 0.015282 -0.782488 -0.730734 0.0457652 -0.873233 -0.96217 -0.92328 -1 -1 -0.996167 -1 -0.834908 -0.384153 0.567538 0.132984 -0.944379 -0.887966 0.0958777 -0.579628 -0.119944 -0.494006 0.148276 -1 -0.633229 -0.750744 -0.0270765 -1 0.475821 -0.881457 -1 -0.861692 -0.840238 -0.98557 -0.507148 0.681979 -0.550837 -0.560504 0.0348157 0.124324 -0.786439 -1 0.702311 -0.502356 -0.805674 -0.459519 0.0142312 -1 -0.305274 -0.776239 -0.222704 -1 -0.777942 -0.991749 -0.686211 -1 0.154953 -0.338754 -0.376424 -0.848811 -0.88027 0.347187 -1 -0.139293 0.00966977 -0.0320613 -1 -0.894242 0.541909 -0.940712 0.353345 -0.118861 0.828705 -0.753981 -0.305764 0.0195552 -0.431355 -0.776042 0.496303 -0.0791982 -0.512841 0.303274 -0.443731 -0.485931 -1 -0.271052 -0.583564 -1 -0.825035 -1 -0.241552 -0.578689 0.461787 -1 -0.22808 -0.0732683 -0.480622 0.191797 0.366873 -0.354738 -0.534075 0.124192 -0.291652 0.134649 -0.00723916 0.364141 -0.686697 0.132579 -1 -0.699988 0.361317 -0.946106 
-0.525756 0.00326029 -1 0.161876 0.255505 -0.0482761 -1 -0.0212903 -1 -0.908705 -0.118617 0.442017 -0.843879 -0.233816 -1 -0.903592 -0.325725 -1 -1 -0.639229 -0.524678 -0.278135 0.19843 -1 -0.985587 -0.900581 -0.222584 0.015282 -0.782488 -0.746418 -0.0437246 -0.957731 -0.96217 -1 -1 -1 -0.962835 -1 -0.935168 -0.436085 0.567538 0.0212872 -1 -0.916592 -0.0402623 -0.579628 -0.245662 -0.494006 0.0774428 -1 -0.732407 -0.750744 -0.0270765 -1 0.475821 -0.839258 -1 -0.82906 -0.853827 -0.98557 -0.507148 0.529045 -0.550837 -0.560504 -0.0822346 0.115389 -0.919431 -1 0.620276 -0.502356 -0.834561 -0.506677 -0.0826795 -1 -0.305274 -0.776239 -0.222704 -1 -0.777942 -1 -0.847591 -1 0.00777331 -0.307754 -0.376424 -0.990993 -1 0.347187 -1 -0.216128 -0.0112846 -0.0884337 -1 -0.894242 0.541909 -0.98237 0.0900067 -0.118861 0.828705 -0.753981 -0.369189 0.0195552 -0.431355 -0.776042 0.496303 -0.0791982 -0.473339 0.330473 -0.494917 -0.485931 -1 -0.357563 -0.583564 -1 -0.818737 -1 -0.241552 -0.578689 0.457413 -1 -0.183771 -0.115124 -0.480622 0.0827397 0.293262 -0.354738 -0.508007 0.124192 -0.28766 0.134649 -0.165101 0.320662 -0.686697 0.0333427 -0.960583 -0.699988 0.413546 -0.96117 
-0.956918 -0.038816 -1 0.349235 -0.0496147 0.103356 -1 -0.210121 -0.952681 -1 -0.642037 0.0852658 -0.780684 -0.402574 -1 -1 -0.450555 -0.942019 -1 -0.638943 -0.754801 -0.537182 0.19843 -1 -0.86271 -0.93103 -0.241133 -0.324152 -0.782488 -1 0.0457652 -0.948758 -1 -0.902536 -1 -1 -1 -0.901338 -1 -0.384153 0.55267 -0.0443967 -0.941463 -1 0.156894 -0.84407 -0.249897 -0.407318 -0.0818361 -1 -0.878361 -0.750744 -0.170967 -0.934823 0.475821 -1 -1 -0.861692 -0.777895 -1 -0.764884 0.423724 -0.679202 -0.967484 -0.209219 0.267802 -1 -1 0.75148 -0.498599 -0.805674 -0.459519 -0.378207 -1 -0.34261 -0.856455 -0.483318 -1 -1 -0.967943 -0.813825 -1 0.122136 -0.514388 -0.551099 -1 -1 0.21703 -1 -0.473613 -0.312403 0.0311945 -1 -0.985693 0.335963 -1 -0.10921 -0.201079 0.519934 -0.973171 -0.580432 0.0999565 -0.312124 -1 0.0144405 -0.0350496 -0.503212 0.26438 -0.341459 -0.513453 -1 -0.755246 -0.872037 -1 -0.977397 -1 -0.280547 -0.521681 0.336599 -0.951215 -0.334636 -0.153684 -0.501221 0.196678 0.366873 -0.445856 -0.753282 -0.0573236 -0.10438 0.0351559 0.0742291 -0.214857 -0.688854 0.132579 -1 -0.715506 0.361317 -1 
-0.694701 -0.0574295 -1 0.298038 0.22651 -0.242048 -1 -0.0738868 -0.916256 -0.636929 -0.24659 0.350053 -0.888551 -0.279324 -0.95881 -0.944724 -0.389914 -0.935469 -0.949619 -0.814477 -0.568416 -0.24804 0.0937713 -1 -0.995297 -0.81898 -0.134998 0.00631741 -1 -1 0.106024 -1 -1 -0.872554 -0.978954 -1 -1 -1 -1 -0.605812 0.467397 -0.0713925 -0.971623 -1 -0.174155 -1 -0.351725 -0.489348 0.117965 -1 -0.824037 -0.786482 -0.0690581 -1 0.349841 -0.928507 -1 -1 -0.840238 -1 -0.726628 0.562908 -0.550837 -0.560504 0.0348157 0.026098 -0.919511 -0.996339 0.694554 -0.55989 -0.805674 -0.418693 -0.0426173 -1 -0.460369 -0.776239 -0.236093 -0.96662 -1 -1 -0.80006 -1 0.154953 -0.338754 -0.401063 -0.848811 -1 0.324351 -1 -0.246575 0.030081 -0.0119792 -1 -0.95777 0.420871 -1 0.205653 -0.271643 0.828705 -0.870215 -0.305764 -0.0112606 -0.536743 -0.911401 0.295303 -0.2856 -0.715301 0.170702 -0.531436 -0.629427 -0.912458 -0.184161 -0.64814 -1 -0.825035 -1 -0.551768 -0.647488 0.315529 -1 -0.598625 -0.0892735 -0.45728 0.0535748 0.339686 -0.595224 -0.483317 -0.0308154 -0.291652 -0.111424 -0.213807 0.359611 -0.816417 0.121164 -0.967995 -0.744453 0.137343 -0.95159 
0.0493532 -0.908555 0.560804 0.010839 0.180787 -0.319592 -0.0505301 0.490527 -0.562183 0.127435 -1 -0.959492 -0.359674 -0.0328155 -0.488726 -0.0192426 -0.569078 -0.341063 -0.28859 -1 -0.833218 -1 0.603406 -0.483583 -1 0.0282695 -0.650381 -0.0224268 0.0747927 -0.585614 0.613856 -1 -1 -0.189321 -0.570644 0.18698 0.494035 0.399419 0.651474 -0.821516 0.554099 -0.96997 0.349338 -0.080319 -1 0.685581 -0.524995 -1 -0.943763 -1 -1 0.0583269 -0.874272 -1 -1 0.32444 0.220915 0.0980388 -0.0571809 -0.5409 -0.817933 0.806592 -1 -1 0.203854 -0.629637 -0.701721 0.105335 -0.307093 -0.660434 -0.874321 0.61542 -0.713236 -0.0921207 -0.767658 0.509971 0.769491 0.537398 -0.327045 -1 -1 -0.97754 -0.663499 0.403241 -0.990121 0.573675 -0.879551 -0.631172 -0.329991 -0.961973 0.904562 -0.558288 -0.983374 -0.779843 0.338889 -1 -1 -0.0201822 0.0977408 -1 -0.429028 0.414896 0.659479 -1 -0.292054 -0.921108 0.303217 -1 0.132648 -0.940959 0.178576 -0.93533 -1 -0.683885 -0.713844 -1 -1 -0.30213 0.438698 -0.62314 0.0574875 0.565653 -0.269942 0.331407 0.06994 -0.944078 -1 -0.867968 0.581976 0.292173 -0.562944 0.164439 -0.931213 -0.902488 0.845798 -1 0.229497 -0.234828 
0.1629 -0.820857 0.823806 0.155889 0.46342 -0.309336 -0.0505301 0.245081 -0.562183 0.410892 -0.949915 -0.985256 -0.359674 0.0268448 -0.521796 -0.0192426 -0.417897 -0.603311 -0.169563 -0.764915 -0.833218 -1 0.434987 -0.659577 -1 -0.0291801 -0.689375 -0.0684118 -0.150374 -0.421916 0.537171 -1 -1 -0.377255 -0.570644 0.10272 0.397084 0.514652 0.560588 -0.842949 0.694297 -1 0.349338 -0.0958007 -0.914661 0.57408 -0.395012 -1 -0.931205 -0.952412 -1 -0.16708 -0.784278 -1 -0.972848 0.32444 0.296947 0.0980388 -0.235589 -0.562668 -0.560008 0.589506 -1 -1 0.059591 -0.909781 -0.768573 -0.144876 -0.38156 -0.727949 -0.579039 0.491427 -0.542397 -0.317828 -0.916953 0.347332 0.83394 0.537398 -0.161505 -1 -0.977538 -1 -0.932736 0.32741 -1 0.42349 -0.725584 -0.557776 -0.329991 -0.97248 0.904562 -0.230811 -0.979129 -0.971661 0.61556 -0.93812 -0.985214 -0.0201822 -0.10273 -1 -0.386809 0.47875 0.659479 -1 -0.509483 -0.999891 0.303217 -0.894517 0.108563 -0.940959 0.178576 -0.68737 -1 -0.956662 -0.452153 -1 -1 -0.0330568 0.167711 -0.806255 0.151231 0.45351 0.00629387 0.373747 -0.108141 -0.944078 -1 -0.867968 0.728725 0.319984 -0.338564 -0.124032 -0.85817 -0.709865 0.785136 -1 0.06719 -0.430893 
-0.250841 -1 0.596218 -0.244987 -0.0297505 -0.572549 0.127306 0.680823 -0.334696 0.528959 -1 -1 -0.439633 -0.362773 0.172586 -0.335502 -0.846544 -0.0508802 -0.0258665 -1 -0.823369 -1 0.174912 -0.983795 -0.957612 -0.284359 -1 -0.0395352 0.0940674 -0.542443 -0.0407051 -0.88464 -1 -0.395929 -0.864337 -0.150292 0.43659 0.570539 0.349353 -1 0.116377 -1 0.405071 -0.587298 -1 0.467624 -0.283267 -1 -0.495863 -0.943577 -1 -0.474498 -0.68682 -0.914706 -1 -0.153578 0.120491 -0.308851 -0.278427 -0.717985 -0.618538 0.735087 -1 -1 0.25569 -0.759367 -1 0.265804 -0.194257 -0.881869 0.189203 0.380146 -1 0.286184 -0.86983 -0.0134084 0.621451 0.4967 -0.726826 -0.934611 -0.857141 -1 -1 0.315381 -1 0.371912 -0.584983 -1 -0.203585 -1 0.417137 -0.720848 -1 -0.852672 0.32855 -0.604353 -0.920665 0.172099 -0.00288007 -0.958205 -0.529114 0.587144 0.638157 -0.924427 -0.414084 -0.818676 -0.299989 -0.758654 0.620178 -0.907267 -0.152471 -0.811997 -1 -0.736329 -1 -1 -1 -0.565636 0.482445 -0.899787 0.0467461 0.398413 0.0145086 0.627777 0.0450416 -1 -1 -0.920463 0.556437 0.462895 -0.760288 0.0298878 -0.805921 -0.905738 0.942027 -0.587543 -0.309597 -0.748229 
0.454864 -0.635884 -0.770439 0.403557 -0.986114 0.502492 -0.539253 -0.574266 -0.403647 0.252734 -0.126529 0.5114 -0.106453 0.424773 -0.838436 -0.31922 -0.58835 -0.459148 -0.188977 -0.415956 0.0161321 0.141772 -0.0499808 0.0949014 0.617418 0.983079 0.815342 -0.882962 -0.520928 -0.164369 0.163119 -0.741933 0.732971 -0.100694 -0.195658 -0.881761 -0.815814 0.726896 0.784007 -0.453257 0.455647 -0.101653 0.412229 -0.0500551 0.986886 0.42057 -0.276724 -0.974929 0.215375 -0.0573304 0.027144 0.990521 0.890733 0.504382 0.888571 -0.0691956 0.368919 0.893411 0.254746 -0.608822 -0.0798659 0.105017 0.665709 0.232363 0.233811 0.219186 0.173867 0.807719 -0.386254 -0.556095 0.156093 0.586648 0.0106536 -0.0559497 0.82957 0.128606 0.0203496 0.523942 -0.371725 0.263578 0.543475 -0.659666 -0.228389 0.915471 -0.0426049 0.781361 -0.524522 0.689292 -0.718934 -0.956696 -0.630175 -0.627534 -0.438349 -0.109749 -0.715921 0.628515 0.46288 -0.930279 0.491808 -0.945924 0.97745 0.110343 -0.630826 0.590948 0.8915 0.134812 -0.231395 -0.251247 -0.0236309 -0.75171 -0.575166 -0.271797 0.317468 0.117656 -0.714804 0.446809 0.285896 -0.0736217 -0.49703 -0.870754 -0.285712 0.107106 0.964243 -0.677846 -0.225249 0.956703 -0.302888 0.125279 0.6018 0.837304 0.632295 0.748116 0.815416 -0.124065 -0.280042 -0.893248 0.556831 0.96274 
-0.553739 -0.354523 -1 0.27628 0.105576 -0.205159 -1 -0.435852 -1 -0.493697 -0.147764 0.235883 -0.981762 -0.350444 -1 -0.978675 -0.785922 -0.93332 -1 -1 -0.615538 -0.2838 -0.122491 -1 -1 -0.859683 -0.255924 0.0147533 -0.909141 -0.962907 -0.00408763 -1 -0.96217 -1 -1 -1 -1 -1 -0.720468 -0.332823 0.556443 -0.238625 -1 -0.969823 -0.367779 -0.909677 -0.255528 -0.425711 0.201484 -0.944322 -1 -0.985838 -0.272632 -1 0.446132 -1 -1 -1 -0.930545 -0.920053 -0.544232 0.23712 -0.911936 -1 -0.419484 0.163435 -0.902922 -1 -0.0389081 -0.643977 -0.921726 -0.566375 0.0835474 -1 -0.4005 -0.868296 -0.258908 -0.959249 -0.967556 -1 -1 -0.939836 -0.281664 -0.689983 -0.693676 -1 -1 0.00238085 -0.999604 -0.395117 -0.757492 -0.157986 -1 -1 0.247475 -1 0.0861127 -0.581561 0.291718 -0.804269 -0.654386 0.0246667 -0.568984 -0.848562 0.530995 -0.12543 -0.751259 0.247694 -0.399878 -0.752592 -1 -0.43414 -0.917122 -0.954415 -1 -1 -0.499983 -0.501186 0.439303 -0.906786 -0.763992 -0.19534 -0.435039 0.253598 0.449313 -0.314367 -0.965593 0.199243 -0.595567 0.0258451 -0.224992 0.316901 -1 -0.342684 -1 -0.791048 0.0618681 -1 
-0.85012 -0.140079 -1 0.301974 0.044935 -0.240226 -1 -0.0590592 -0.972961 -1 0.0153041 0.0707438 -1 -0.202856 -1 -0.984595 -0.629394 -0.906575 -1 -0.945536 -0.517063 -0.468002 0.134117 -1 -0.97299 -0.779657 -0.233528 0.0838025 -0.955002 -0.910067 0.0122375 -0.872388 -1 -0.896425 -0.902259 -1 -1 -0.998943 -1 -0.498558 0.173499 0.195292 -0.945089 -0.983018 0.0244189 -0.687653 -0.519206 -0.719967 0.00686126 -1 -0.662853 -0.87702 -0.238167 -1 0.0396692 -0.881457 -1 -0.955016 -1 -1 -0.476166 0.495979 -0.772293 -0.889169 -0.0481298 -0.167453 -0.876378 -0.937212 0.360394 -0.567844 -0.915838 -0.540362 -0.472646 -1 -0.412627 -0.688699 -0.303631 -0.997318 -1 -0.955933 -0.832884 -1 -0.464842 -0.342487 -0.447331 -0.98663 -0.923968 0.354272 -0.998923 -0.228627 0.0231487 -0.25275 -1 -1 0.205452 -0.985724 0.230987 -0.240289 0.637736 -1 -0.375389 0.0447696 -0.487587 -0.884516 0.493575 -0.264964 -0.825569 0.100727 -0.437728 -0.772793 -1 -0.344802 -0.869508 -1 -1 -1 -0.308165 -0.824159 0.339636 -0.993644 -0.37662 -0.364382 -0.522753 -0.0769285 0.205591 -0.354738 -0.869153 -0.0261345 -0.212669 -0.173829 -0.352425 0.350826 -0.770329 0.0197644 -1 -0.834733 -0.150565 -1 
-0.72157 -0.119329 -1 0.329641 -0.0277955 -0.234727 -1 -0.0212903 -1 -0.771524 -0.0113536 0.0014021 -0.995032 -0.546244 -1 -1 -0.209655 -0.935469 -1 -0.813731 -0.497731 -0.24804 0.278069 -0.965119 -1 -0.835757 -0.364152 0.015282 -0.896716 -0.718132 -0.0388823 -0.964189 -0.96217 -1 -1 -1 -0.996167 -1 -0.813189 -0.384153 0.567538 -0.217009 -1 -1 0.0958777 -0.588145 -0.0929228 -0.535042 -0.145257 -0.976348 -0.547053 -1 -0.172437 -0.987731 0.126071 -0.968749 -1 -0.892178 -0.957067 -1 -0.507148 0.281432 -0.540614 -0.560504 -0.0412379 0.124324 -1 -0.997642 0.722138 -0.536464 -0.965834 -0.523612 -0.126684 -0.95192 -0.32878 -1 -0.228711 -1 -0.928653 -0.991749 -0.683597 -0.9466 0.0189102 -0.714064 -0.512519 -0.905369 -0.87461 0.347187 -1 -0.15149 0.0511391 -0.203494 -0.950338 -0.917772 0.149209 -0.992509 0.112103 -0.172154 0.828705 -0.680061 -0.390324 0.0195552 -0.666081 -0.776042 0.483258 -0.0791982 -0.512841 0.205554 -0.5396 -0.654772 -1 -0.614653 -0.583564 -1 -1 -1 -0.34422 -0.759566 0.275228 -1 -0.429024 -0.434858 -0.772025 0.0171263 0.113244 -0.323556 -0.765366 0.0462454 -0.414015 0.18369 -0.018181 0.408728 -0.665951 0.102412 -1 -0.699988 0.0728842 -1 
-0.592417 -0.425924 -0.97342 0.288262 0.236921 0.0958435 -1 -0.318407 -1 -0.542098 -0.526975 0.206945 -0.746372 -0.625066 -1 -0.900406 -0.354562 -1 -0.92137 -1 -0.693723 -0.498695 -0.016402 -0.940573 -1 -1 -0.420156 -0.15545 -0.939121 -0.993943 -0.00491626 -0.948192 -0.93588 -1 -1 -1 -1 -1 -0.997212 -0.496539 0.486749 -0.141869 -1 -0.960075 0.099217 -0.959878 -0.266896 -0.795405 -0.165321 -0.918844 -0.748559 -0.838742 -0.279836 -0.996022 0.302423 -0.881457 -1 -1 -1 -1 -0.77545 0.727888 -0.686174 -0.561691 -0.217683 0.078656 -0.806604 -1 0.594912 -1 -1 -0.72614 -0.780067 -1 -0.394926 -0.898833 -0.38793 -0.93844 -1 -0.897168 -0.65941 -1 -0.140648 -1 -0.606896 -1 -1 -0.058111 -1 -0.230257 -0.0219976 -0.570157 -1 -0.964285 -0.106089 -0.974904 0.426331 -0.387902 0.664513 -0.793883 -0.785426 -0.295336 -0.606392 -1 0.252027 -0.271886 -0.707238 0.289175 -0.667049 -0.587178 -1 -0.708504 -0.653554 -1 -1 -1 -0.456586 -0.470431 0.255981 -1 -0.430883 -0.0978151 -0.975148 0.125383 0.107143 -0.636877 -0.656495 0.155292 -0.291652 0.0225005 -0.283197 0.284002 -1 -0.0176386 -0.986787 -0.784654 0.334478 -0.956119 
-0.866283 -0.6408 -1 -0.0962113 0.244296 0.0142492 -1 -0.14878 -1 -0.657892 -0.153179 0.0660878 -0.774349 -0.349175 -1 -0.900464 -0.73944 -1 -1 -0.596391 -0.472968 -0.35747 0.142742 -1 -1 -0.783132 -0.335738 0.0863795 -1 -0.730734 0.0452705 -0.909944 -1 -0.914921 -1 -0.919254 -1 -1 -0.912018 -0.4871 0.394773 -0.173888 -1 -1 -0.107661 -0.553357 -0.209686 -0.636544 -0.240455 -0.949364 -0.760491 -0.998551 -0.207702 -0.847167 0.328223 -1 -1 -1 -1 -1 -0.831862 -0.0250028 -0.550837 -0.563324 -0.0552879 -0.289081 -1 -1 0.682541 -0.567844 -0.805674 -0.757861 -0.157722 -1 -0.531049 -0.836763 -0.724995 -0.947508 -0.926506 -1 -0.805455 -1 -0.37434 -0.308141 -0.563243 -0.823986 -0.947658 0.419931 -1 -0.206816 -0.265283 -0.311693 -1 -1 0.258788 -1 -0.115194 -0.485572 0.581216 -0.893951 -0.3675 -0.128263 -0.584221 -0.958886 0.234367 -0.3985 -0.878687 0.21313 -0.560195 -0.612666 -1 -0.561557 -0.564687 -1 -1 -1 -0.194523 -0.593441 0.0360281 -1 -0.536051 -0.255235 -0.852577 -0.0562946 -0.124761 -0.413486 -0.579498 -0.159714 -0.472141 0.160752 -0.417323 0.177704 -1 0.179987 -1 -0.699988 0.0978119 -0.975003 
-1 -0.0634631 -1 0.0702934 -0.532062 -0.445846 -1 -0.028091 -1 -1 -0.310073 0.000413667 -0.966794 -0.371895 -0.890222 -0.926763 -0.520754 -1 -1 -1 -0.64352 -1 0.032717 -1 -0.949855 -1 -0.699687 -0.278138 -1 -1 -0.105904 -0.783649 -0.933996 -0.988986 -1 -1 -1 -1 -1 -0.50839 0.559515 0.00263649 -0.900826 -1 -0.726083 -0.911582 -0.485296 -0.761409 0.0981973 -1 -1 -1 -0.703306 -1 0.0153898 -1 -1 -1 -0.921733 -0.946378 -1 0.435578 -0.645645 -0.982426 0.0340179 -0.632021 -0.977326 -1 0.158817 -1 -1 -0.652749 -0.15797 -0.903876 -0.594657 -1 -0.614033 -0.951562 -0.865263 -1 -0.89533 -1 -0.158982 -0.557797 -0.619801 -0.922026 -1 0.160643 -1 -0.73587 -0.157005 -0.271906 -1 -1 -0.0574074 -1 0.174048 -0.382197 0.706699 -0.963587 -0.506234 -0.768589 -0.876799 -1 0.174751 -0.352668 -1 -0.151281 -0.850459 -0.797117 -1 -0.723754 -0.965124 -1 -1 -0.970014 -0.763259 -1 0.247509 -1 -0.376687 -0.392318 -0.583297 0.000186171 -0.0292933 -0.364096 -1 -0.0897487 -0.56283 -0.368839 -0.161622 -0.233055 -0.86055 -0.433403 -1 -1 0.259967 -0.995236 
-0.0273594 -0.967977 0.470863 -0.0777527 -0.0134285 -0.591614 -0.227327 -0.108479 -0.736948 0.0817247 -0.990447 -1 -0.94094 -0.499086 -0.187779 0.191035 -0.87316 -0.387008 -0.602142 -1 -1 -0.916053 0.199926 -0.409769 -1 0.00382335 -0.642679 -0.439299 0.192667 -0.293427 0.474589 -0.980986 -0.976694 -0.573334 -0.370844 0.486476 0.55173 0.0236233 0.595938 -1 0.579509 -0.757706 0.545632 -0.632258 -0.978606 0.463047 -0.340368 -1 -0.989908 -0.857843 -1 -0.165909 -0.460653 -1 -0.986681 0.16407 -0.226212 -0.300991 -0.504125 -0.583579 -1 0.736981 -1 -0.974324 0.388751 -0.644045 -0.976347 0.282335 -0.417836 -0.738722 -0.97253 0.364402 -0.527077 -0.189139 -0.668534 0.323517 0.825901 0.277583 -0.622364 -0.885192 -1 -0.979866 -0.827624 0.260419 -1 0.574608 -0.556353 -0.724778 -0.544648 -1 0.512188 -0.356417 -0.876982 -0.395651 0.212043 -0.964637 -0.774104 0.0137412 -0.297538 -0.913748 -0.826899 0.382544 0.373081 -1 -0.683268 -1 0.111816 -1 -0.692362 -1 -0.166075 -0.859375 -1 -0.790654 -0.492526 -1 -0.957038 -0.321513 0.264174 -1 0.340438 0.386443 -0.390372 0.223079 -0.328024 -0.974989 -0.671166 -0.992816 0.764441 -0.0323382 -0.306606 -0.123877 -0.844731 -0.606635 0.673021 -1 0.0107588 -0.128992 
-0.54764 -0.038816 -1 0.288262 0.255505 0.00463142 -1 -0.0212903 -0.942101 -0.636929 -0.0113536 0.392672 -0.774349 -0.233816 -1 -0.912497 -0.209655 -0.935469 -1 -0.641318 -0.31795 -0.24804 0.19843 -1 -0.920024 -0.833315 -0.083934 0.015282 -0.782488 -0.730734 0.0457652 -0.873233 -0.96217 -0.92328 -1 -1 -0.996167 -1 -0.834908 -0.384153 0.567538 0.132984 -0.944379 -0.887966 0.0958777 -0.579628 -0.119944 -0.494006 0.148276 -1 -0.633229 -0.750744 -0.0270765 -1 0.475821 -0.881457 -1 -0.861692 -0.840238 -0.98557 -0.507148 0.681979 -0.550837 -0.560504 0.0348157 0.124324 -0.786439 -1 0.702311 -0.502356 -0.805674 -0.459519 0.0142312 -1 -0.305274 -0.776239 -0.222704 -1 -0.777942 -0.991749 -0.686211 -1 0.154953 -0.338754 -0.376424 -0.848811 -0.88027 0.347187 -1 -0.139293 0.00966977 -0.0320613 -1 -0.894242 0.541909 -0.940712 0.353345 -0.118861 0.828705 -0.753981 -0.305764 0.0195552 -0.431355 -0.776042 0.496303 -0.0791982 -0.512841 0.303274 -0.443731 -0.485931 -1 -0.271052 -0.583564 -1 -0.825035 -1 -0.241552 -0.578689 0.461787 -1 -0.22808 -0.0732683 -0.480622 0.191797 0.366873 -0.354738 -0.534075 0.124192 -0.291652 0.134649 -0.00723916 0.364141 -0.686697 0.132579 -1 -0.699988 0.361317 -0.946106 
0.458252 -1 0.623426 -0.144896 0.267061 -0.250423 0.396551 0.281314 -0.79787 0.303827 -1 -1 -0.990826 -0.590431 -0.223873 -0.419373 -0.164803 -0.193317 -0.223654 -0.902363 -0.96598 -1 0.902266 -0.331107 -0.960038 -0.155503 -0.536909 -0.591952 -0.441121 -0.233493 0.0335743 -0.980069 -0.908131 -0.62451 -1 0.244744 0.266933 -0.0836292 0.713267 -0.90548 -0.0407841 -1 0.776146 -0.380927 -1 0.47166 -0.230802 -1 -1 -0.949996 -1 -0.355915 -0.985137 -1 -1 0.321031 -0.203473 0.0013407 -0.213274 -1 -0.948294 0.560351 -1 -0.95087 0.130391 -0.569986 -1 0.395995 -0.46617 -0.797243 -0.87507 0.0243299 -0.792274 -0.46742 -0.802713 0.000216998 0.814776 0.502385 0.101183 -0.960469 -0.977897 -1 -1 -0.470721 -1 0.166313 -0.859375 -0.613361 -0.562628 -0.967255 0.827878 -0.604062 -0.894455 -0.325933 0.498382 -0.808653 -0.511038 -0.0505503 -0.153039 -0.724343 -0.694987 0.351654 -0.0573967 -1 -0.77193 -0.876351 -0.271224 -1 0.320947 -1 0.0478548 -1 -0.959068 -0.298088 -0.42322 -1 -0.968883 -0.924534 0.305844 -0.464479 -0.0473029 0.497145 -0.77009 -0.0303937 0.0851553 -0.98802 -0.681077 -1 0.865294 0.141353 -0.25761 0.162084 -0.789519 -1 0.587893 -1 -0.366552 -0.163775 
-0.494427 -0.0190003 -1 0.305116 0.00261092 -0.345345 -0.877689 -0.353454 -0.928526 -0.62662 -0.389166 0.455407 -1 -0.526577 -1 -1 -0.185426 -0.881684 -1 -0.719981 -0.551287 -0.797694 -0.163828 -1 -1 -0.833315 0.0226513 -0.327504 -1 -1 -0.231637 -0.970864 -0.978712 -1 -1 -1 -0.946122 -0.888899 -1 -0.528192 0.627699 -0.111873 -0.956516 -1 0.00902753 -0.810857 -0.50523 -0.603621 -0.00777049 -0.993248 -0.802187 -0.884584 -0.137594 -1 0.379384 -1 -1 -0.960707 -0.848645 -1 -1 0.799292 -1 -0.76355 -0.562183 -0.387995 -0.829067 -1 0.60336 -0.488093 -0.844036 -0.967201 -0.564995 -1 -0.850332 -0.959753 -0.49214 -0.908394 -1 -1 -1 -1 -0.0758894 -0.536341 -0.506248 -1 -1 0.252869 -1 -0.275816 -0.393012 -0.188114 -1 -0.975836 0.097341 -0.903877 -0.285634 -0.518888 0.631506 -0.882469 -0.500311 -0.0834602 -0.539267 -0.998514 0.200344 -0.137282 -0.512841 -0.268476 -0.74462 -0.463754 -1 -0.390165 -0.983691 -0.94326 -1 -1 -0.55671 -1 0.345791 -1 -0.48176 -0.372512 -0.716409 0.128798 -0.0811628 -0.633687 -0.550124 -0.158324 -0.313617 0.134649 -0.149271 0.0544945 -0.776486 -0.288472 -0.964839 -0.957429 0.206916 -1 
-0.875869 -0.103371 -1 0.111591 -0.354071 -0.360329 -1 -0.469514 -0.953613 -0.740063 -0.156131 0.347468 -0.834416 -0.760018 -0.971102 -0.96634 -0.437179 -0.956397 -1 -0.744582 -0.361764 -0.427323 0.0824047 -0.958975 -1 -0.988451 -0.363828 -0.254957 -1 -0.82944 -0.0132903 -0.987602 -1 -0.99172 -1 -1 -0.916494 -1 -1 -0.304636 0.14048 0.0768594 -1 -0.749047 -0.0240795 -0.706912 -0.382071 -0.55362 -0.109427 -0.930747 -0.759027 -0.702108 -0.476192 -1 0.290135 -0.991374 -1 -1 -0.912881 -1 -1 0.473283 -0.761529 -0.680474 -0.26648 -0.372398 -0.997281 -0.948557 0.410315 -0.977245 -0.906623 -0.696933 -0.287208 -1 -0.765121 -0.953356 -0.259664 -1 -1 -0.990493 -0.686211 -1 -0.247667 -0.672976 -0.496802 -1 -0.964148 0.285967 -1 -0.481109 -0.251311 -0.184488 -0.924836 -0.963734 0.310023 -0.880117 0.216814 -0.561422 0.828705 -0.853566 -0.41778 -0.0650096 -0.767118 -0.769667 0.452844 -0.233141 -0.614464 -0.0511273 -0.528365 -0.732024 -1 -0.759361 -0.969961 -0.95662 -1 -1 -0.358019 -0.703342 0.312533 -0.934472 -0.267381 -0.0859831 -0.513325 -0.0318722 0.393155 -0.371874 -0.58582 0.168529 -0.464387 -0.180435 -0.0336583 0.162865 -1 -0.320208 -0.982005 -0.680631 0.291522 -1 
-0.961416 -0.0848985 -1 0.173173 -0.312365 -0.2022 -1 -0.405604 -0.983489 -1 -0.822233 0.012985 -1 -0.542578 -0.973865 -1 -0.332583 -1 -1 -0.837593 -0.763506 -0.363324 0.111033 -1 -0.953166 -0.963683 -0.388936 -0.159605 -0.91191 -0.985162 -0.214959 -1 -0.9392 -1 -1 -1 -0.928209 -1 -1 -0.809657 0.620223 0.102776 -0.931491 -1 0.123999 -1 -0.36525 -0.45016 -0.354761 -1 -1 -0.729279 -0.449843 -1 0.208301 -0.947806 -1 -0.868759 -0.66112 -0.861908 -0.937475 0.340701 -0.642211 -0.951274 -0.426902 0.222009 -1 -1 0.762932 -0.870738 -1 -0.622934 -0.283883 -1 -0.31586 -0.657289 -0.518969 -1 -0.984748 -0.918022 -1 -1 0.198699 -0.522089 -0.69526 -1 -0.97315 0.260152 -1 -0.386505 -0.312403 -0.239393 -1 -0.967819 0.219201 -1 -0.236357 -0.414373 0.355231 -1 -0.358051 -0.0953834 -0.826043 -1 0.156268 -0.238406 -0.801673 0.26438 -0.429087 -0.513453 -1 -0.479444 -0.865286 -0.887472 -0.96376 -1 -0.472337 -0.633319 0.252189 -1 -0.453124 -0.449852 -0.571887 0.00372654 0.25185 -0.424747 -0.534075 -0.148124 -0.217524 -0.22571 -0.217138 -0.111625 -1 0.0186385 -1 -0.682012 0.102098 -1 
-0.985567 -0.298926 -1 -0.164047 -0.18358 -0.743781 -1 -0.710874 -1 -1 -0.593242 -0.336038 -1 -1 -1 -1 -1 -0.915598 -0.990972 -1 -0.816202 -0.920831 -0.462391 -1 -1 -0.93456 -0.682551 -0.60758 -1 -1 -0.203707 -1 -0.976287 -1 -0.947844 -1 -1 -1 -1 -0.868586 -0.299308 0.18492 -0.963329 -1 -0.669112 -1 -1 -0.612031 -0.585336 -1 -1 -0.730647 -0.697015 -1 -0.229065 -0.965787 -1 -1 -1 -0.965099 -1 -0.241486 -1 -0.939597 -0.653354 -0.680034 -0.901742 -0.910495 0.454738 -1 -1 -0.832055 -0.744611 -1 -0.859401 -0.933381 -0.359997 -1 -1 -1 -0.913937 -1 -0.53579 -0.903691 -0.953289 -1 -1 -0.426855 -0.908003 -0.476259 -0.617167 -0.50025 -1 -1 -0.246826 -0.942276 0.110319 -1 0.157581 -1 -0.528167 -0.848641 -1 -1 0.289056 -0.72468 -0.944627 -0.0713721 -0.834493 -0.704658 -1 -0.913985 -1 -1 -1 -1 -1 -0.920396 0.221222 -1 -0.684342 -0.362271 -0.559999 -0.409596 0.265585 -0.629572 -0.656392 -0.105759 -0.50534 -0.231454 -0.477925 -0.0879558 -0.957102 -0.206635 -0.914872 -0.947226 0.125094 -1 
-0.250841 -1 0.436989 -0.14749 0.00628109 -0.507988 0.122593 0.699095 -0.183684 0.521293 -0.971294 -1 -0.511711 -0.47081 0.373183 -0.113121 -0.959065 0.146897 -0.0523577 -1 -0.960566 -1 0.523543 -1 -1 -0.139731 -0.949634 0.0845193 0.231284 -0.390418 0.248609 -1 -1 -0.640123 -0.742507 -0.234204 0.719914 0.452632 0.276541 -0.770316 0.248964 -0.969601 0.396323 -0.721736 -1 0.499323 -0.318377 -1 -0.4434 -0.89139 -1 -0.499635 -0.590832 -0.923122 -0.944619 -0.365704 0.198207 -0.107848 -0.0709455 -0.952676 -0.488969 0.783566 -1 -1 0.254227 -0.638027 -0.982091 0.311344 -0.214001 -0.726787 0.187295 0.380146 -0.903353 0.244765 -0.785717 0.329986 0.448752 0.604698 -0.523311 -1 -0.945859 -1 -1 0.477681 -1 0.166728 -0.833045 -0.669738 -0.095714 -0.932216 0.454891 -0.701174 -1 -1 0.284114 -0.954457 -0.98648 0.457662 -0.0169452 -0.946458 -0.459218 0.479271 0.327587 -1 -0.512849 -0.866111 -0.0985487 -0.68384 0.35818 -1 -0.243931 -0.726132 -1 -0.817304 -0.969416 -1 -1 -0.604668 0.470883 -0.7998 0.477696 0.311909 -0.0104183 0.70068 -0.0858828 -1 -1 -1 0.323203 0.482951 -0.409103 0.0385766 -1 -1 0.806861 -0.664184 -0.201176 -0.335743 
-0.810435 -0.0675828 -0.938755 -0.0582117 -0.446744 -0.238121 -1 -0.234377 -1 -0.70743 -0.34663 0.527238 -0.749234 -0.376694 -1 -1 -0.384733 -0.992005 -1 -0.701742 -0.383672 -0.290416 -0.453733 -1 -0.978151 -0.889016 -0.510497 -0.235991 -1 -0.928014 -0.0273831 -0.965517 -1 -0.988876 -0.947411 -1 -1 -1 -0.826273 -0.419742 0.249455 -0.155501 -1 -1 -0.091533 -0.657511 -0.381609 -0.960275 0.0589088 -1 -0.86387 -0.927098 -0.255089 -1 0.287955 -1 -0.950913 -0.905033 -0.962833 -1 -0.952375 0.239394 -0.628944 -0.463816 -0.153474 -0.168482 -1 -1 0.460748 -0.755378 -1 -1 -0.0626728 -1 -0.805667 -1 -0.594793 -1 -1 -1 -0.817402 -1 -0.0394 -0.542486 -0.505897 -1 -1 0.0517417 -1 -0.607994 -0.207767 -0.488456 -0.976883 -0.991744 0.375223 -0.904316 0.185981 -0.208683 0.394372 -0.889696 -0.217165 0.0238129 -0.392664 -1 0.67044 -0.395722 -0.692198 0.120491 -1 -0.478126 -1 -0.556119 -0.834131 -1 -0.836621 -0.976465 -0.734535 -0.655739 -0.145216 -1 -0.171457 -0.129922 -0.658727 -0.172652 0.37575 -0.370482 -0.603635 0.0621704 -0.529608 0.318358 -0.28287 0.223221 -0.916357 -0.0505814 -0.916125 -0.699988 0.073718 -1 
-0.54764 -0.038816 -1 0.269064 0.317643 0.00691941 -1 -0.29273 -0.950834 -0.636929 0.0757066 0.392672 -0.774349 -0.278467 -1 -0.989642 -0.618057 -0.935469 -1 -0.641318 -0.257373 -0.24804 -0.0909211 -1 -1 -1 -0.240452 -0.176318 -0.782488 -0.730734 0.0457652 -1 -1 -1 -1 -1 -1 -1 -0.736052 -0.384153 0.55654 0.075307 -0.994993 -1 0.136513 -0.571008 -0.122532 -0.582211 0.162371 -0.909765 -0.633229 -0.750744 -0.0270765 -0.918445 0.394053 -0.957452 -0.971735 -0.861692 -0.840238 -0.94566 -0.731549 0.610561 -0.840041 -0.560504 -0.38578 -0.086616 -0.775804 -1 0.484587 -0.718993 -1 -0.459519 0.0200762 -1 -0.364795 -0.791111 -0.433711 -1 -0.777942 -1 -0.686211 -1 -0.134709 -0.483311 -0.420376 -0.820982 -0.88027 0.320458 -1 -0.139293 0.0836607 -0.0320613 -1 -1 0.576833 -0.947379 0.207862 -0.103293 0.828705 -0.75082 -0.305764 -0.0577822 -0.654285 -0.928692 0.496303 -0.0657472 -0.479052 0.279569 -0.595158 -0.485931 -1 -0.271052 -0.602521 -0.981497 -0.83629 -1 -0.241552 -0.578689 0.315758 -1 -0.418302 -0.0732683 -0.480622 0.191797 0.300696 -0.582108 -0.534075 -0.214679 -0.317008 0.134649 -0.00723916 0.364141 -0.786824 0.132579 -1 -0.845854 0.361317 -1 
-0.515175 0.64314 -0.863527 0.461185 -1 0.384254 -0.647481 -1 -1 0.265941 -0.388336 0.109107 -0.636019 0.359557 -0.420137 0.381962 0.304657 -0.524422 -0.786716 -0.186604 -0.953046 -0.356758 -1 0.299263 -0.0263944 -0.907564 -1 -0.564673 0.59079 -1 0.32595 0.271805 -0.661175 0.662435 0.498983 -0.964797 0.329282 -0.345862 -0.946779 0.637119 0.353877 0.397142 0.574372 0.156696 -0.893148 0.0774532 0.197853 -0.954065 0.551494 0.233972 -1 0.502817 -0.884038 -0.467369 -0.731494 -0.797541 -1 -0.468434 -0.890821 0.372198 -0.160678 -0.254522 0.347451 -0.674451 -0.9875 0.461022 -0.102188 0.447672 -0.805548 0.340016 -1 -0.217521 -1 0.0438748 -0.628971 -0.193416 0.341756 -0.361947 -0.702512 -1 -0.141792 -1 -0.0845697 -1 -0.43648 -0.982403 -0.699975 0.185336 -0.985167 0.223084 -0.514529 -0.937212 0.21613 -0.530009 0.176421 -0.866034 0.172053 -1 -1 -0.175889 -1 0.0848417 0.414587 -0.619399 0.612558 -0.920471 -0.976336 -0.897229 0.537035 0.398417 -0.922199 0.48119 -0.614206 -0.175848 0.145002 -0.32087 -1 -0.488927 -0.796478 -0.957239 -0.238791 -0.110978 -0.542043 -0.385067 -0.0200361 0.600394 0.0703562 -1 -0.145522 -0.663372 -0.707642 -0.174483 0.55428 -0.0203343 0.0478133 0.60098 -0.267124 0.0620528 
-0.110799 -0.506208 -0.859612 -0.846262 0.0364792 0.0529176 -0.884119 -0.755569 0.156238 -0.211439 -0.927549 0.984838 -0.218684 0.93168 0.862839 -0.0241018 0.360968 0.448594 0.662505 -0.510466 0.419513 0.947742 -0.974102 -0.595952 0.103907 -0.480915 -0.962736 0.924737 -0.386372 -0.67998 -0.823843 0.153989 -0.846731 0.167579 0.0850885 0.817141 0.364516 -0.746425 -0.992885 -0.157377 -0.437112 0.545557 -0.814233 0.0117505 -0.332019 0.659044 -0.157378 -0.676358 -0.873013 0.656282 -0.432462 0.698074 0.191166 0.280831 0.439833 0.57445 0.436897 0.520722 -0.302609 0.198311 -0.860497 0.862087 -0.8097 0.382716 -0.115971 0.946704 0.347424 0.165238 -0.129595 0.742381 -0.591851 0.528339 -0.0858076 0.481068 0.620021 -0.104234 -0.164077 0.790359 0.618386 0.22078 0.533681 0.155012 -0.116397 -0.759616 -0.240156 0.592623 0.982792 -0.556006 -0.786304 -0.92021 0.41067 -0.868685 0.215657 -0.874307 -0.836632 -0.456474 0.336694 0.374127 -0.976516 -0.0731894 0.00597847 -0.641264 0.434332 0.903818 -0.671963 -0.390303 0.536986 0.332707 0.510828 -0.401564 -0.275781 -0.108229 0.648449 0.484234 -0.0753842 0.412523 0.555785 -0.163536 -0.103173 0.902443 -0.618722 -0.101664 -0.756373 0.474103 -0.321209 -0.365629 0.551387 -0.29969 0.118703 -0.498735 -0.474661 0.236742 -0.125323 -0.928165 -0.257692 0.619924 -0.760418 -0.163237 
-0.792922 -0.0340813 -1 0.111591 -0.185761 -0.177933 -1 -0.280257 -0.970517 -0.740063 -0.0756793 0.347468 -0.729025 -0.549935 -0.971102 -0.953328 -0.437179 -0.956397 -1 -0.729479 -0.446497 -0.427323 -0.0189938 -1 -1 -0.988451 -0.320114 -0.254957 -1 -0.730734 -0.0132903 -0.987602 -0.96217 -0.992199 -1 -0.956777 -0.916494 -1 -1 -0.304636 0.287781 0.132984 -0.876731 -0.789798 0.0958777 -0.598447 -0.382071 -0.494006 0.0998635 -0.930747 -0.797632 -0.702108 -0.476192 -1 0.290135 -0.991374 -1 -0.916121 -0.840238 -1 -0.921284 0.473283 -0.654488 -0.699045 -0.260976 -0.0517725 -1 -1 0.521448 -1 -0.880328 -0.555319 -0.281542 -1 -0.650684 -0.945837 -0.222704 -1 -1 -0.990493 -0.686211 -1 -0.13877 -0.556656 -0.46637 -0.973775 -1 0.347187 -1 -0.486578 -0.251311 -0.0777108 -0.890996 -0.963734 0.339941 -0.91149 0.185537 -0.561422 0.828705 -0.711158 -0.395294 -0.0956682 -0.647603 -0.769667 0.485595 -0.233141 -0.46921 0.0968094 -0.528365 -0.485931 -0.910816 -0.550263 -0.938096 -1 -1 -1 -0.358019 -0.657571 0.441467 -0.962537 -0.22808 -0.0859831 -0.480622 0.0132866 0.464631 -0.270379 -0.58582 0.130621 -0.344251 -0.0288583 -0.00723916 0.162865 -1 -0.270609 -1 -0.675572 0.251126 -1 
-0.43506 -0.923429 -0.146879 -1 -0.907309 -0.495745 0.954584 -0.563155 -0.2565 -0.494753 -1 0.139001 0.129081 -0.656336 -0.164009 -0.0119184 -0.563927 -0.658188 0.0509677 0.262922 -1 -1 0.673349 0.15487 0.353303 -0.718654 -0.819072 -0.500717 -1 0.433676 -1 0.551618 -0.164663 0.527331 0.413505 -1 -0.966985 -0.780912 -1 -0.2992 0.303414 0.320623 -0.501197 0.145895 -0.858731 -1 0.123455 -0.362737 -0.488561 -1 -0.0189987 0.836568 -0.901825 0.306478 -0.527103 0.216988 -1 -0.625438 -0.472963 0.229952 -0.953691 -0.756489 -0.434433 0.548042 -0.993996 0.448466 0.028563 0.701486 -0.649952 -0.845005 -0.888761 0.391844 -0.793053 -0.719825 0.677043 0.209786 0.0318003 0.234271 -0.45732 0.0864169 -0.411565 -1 -1 0.0942601 0.134937 0.0720117 -0.751218 0.402083 0.647609 0.130588 -0.135467 -0.114437 -0.119201 -1 -1 0.0322138 -0.359154 -0.879146 -1 -0.00151821 -0.0337553 -0.984158 -0.432392 0.146564 0.176947 -0.159154 -0.935613 -1 -1 -0.111952 -0.231551 0.203114 0.297362 -1 -1 -0.392845 0.0331497 -0.292147 -0.582406 -0.849988 -0.955683 -0.183886 0.598193 -0.95612 -0.614449 -1 0.519172 -0.131091 -0.287004 -0.678222 -0.521885 -1 -0.974878 -0.970322 0.525062 0.490567 -1 -0.564021 
0.29348 -0.738234 0.706268 0.168656 0.368344 -0.507149 0.0938315 0.736379 -0.592564 0.179338 -1 -1 -0.577325 0.0566585 0.20458 0.223029 -0.396993 0.0397302 -0.129078 -0.929289 -0.914484 -1 0.858263 -0.380511 -0.89002 0.203066 -0.819071 0.0601139 -0.0687271 -0.0819256 0.232447 -1 -0.891849 -0.602369 -0.471889 0.453028 0.472572 0.474604 0.406127 -0.297108 0.635673 -1 0.658458 -0.0891635 -0.580584 0.591716 -0.302143 -1 -0.68296 -0.926766 -0.960999 -0.264541 -0.671145 -1 -1 0.0794361 0.528785 0.423544 -0.202747 -0.603986 -0.320903 0.879336 -0.973837 -1 0.486159 -0.608597 -0.645976 0.59976 -0.0725884 -0.88456 -0.1083 0.639769 -0.445018 -0.104406 -0.416091 0.604223 0.678393 0.811394 -0.183345 -1 -1 -0.952504 -0.563908 0.385553 -1 0.557504 -0.506698 -0.837584 -0.0841259 -1 0.828578 -0.649798 -0.946705 -0.517826 0.440864 -0.708245 -0.486812 0.348407 0.018258 -0.82348 -0.261636 0.500866 0.640855 -1 -0.347175 -0.704423 0.0377349 -0.936563 0.329996 -1 0.223035 -0.612725 -1 -0.399259 -0.335103 -0.847583 -0.997739 -0.138752 0.487921 -0.674698 0.449869 0.317288 0.210402 0.628618 0.0504346 -1 -0.73264 -1 0.143519 0.262867 -0.132392 0.429267 -0.795424 -0.821769 0.840652 -0.868661 0.233929 -0.203893 
-0.54764 -0.038816 -1 0.0915853 0.255505 -0.00406338 -1 -0.109279 -0.919308 -0.74437 -0.0113536 0.270062 -0.774349 -0.319455 -0.927685 -0.903363 -0.176734 -0.939644 -1 -0.722057 -0.281833 -0.399531 0.0149437 -1 -0.920024 -1 -0.083934 -0.00224958 -0.782488 -0.927987 0.0457652 -0.953215 -1 -1 -1 -1 -1 -1 -0.834908 -0.334109 0.567538 0.109916 -0.944379 -0.930278 -0.0982396 -0.592788 -0.380194 -0.494006 0.148276 -1 -0.633229 -1 -0.0270765 -1 0.28222 -0.896908 -1 -0.861692 -0.840238 -0.98557 -0.456267 0.681979 -0.716561 -0.464717 -0.143342 0.0481639 -0.844756 -1 0.702311 -0.502356 -0.969302 -0.459519 -0.0727367 -0.959364 -0.305274 -0.776239 -0.222704 -1 -0.731296 -0.991749 -0.616686 -1 0.154953 -0.287572 -0.618372 -0.839764 -0.907188 0.347187 -1 -0.0454777 -0.200469 -0.0320613 -1 -1 0.528406 -0.997889 0.361532 -0.527181 0.828705 -0.753981 -0.513227 0.0195552 -0.60974 -0.776042 0.472877 -0.173881 -0.499086 0.303274 -0.555792 -0.485931 -0.927166 -0.385006 -0.583564 -1 -0.833996 -1 -0.537093 -0.918342 0.175946 -1 -0.22808 -0.0732683 -0.543245 0.184573 0.366873 -0.501817 -0.762885 0.0720547 -0.291652 0.142973 -0.0819756 0.325487 -0.751899 0.132579 -1 -0.699988 0.361317 -0.946106 
0.60142 -0.586859 0.0243787 -0.742135 -0.962722 -0.625916 0.6943 -0.0209361 -0.724373 -0.791629 -0.832107 -0.244221 -0.682994 -0.364423 -0.361484 -0.247235 -0.595741 -0.432171 -0.173977 0.0987421 -0.812969 -0.00651097 -0.904366 -0.820658 -0.13407 -0.221916 0.0068357 -0.468724 0.846473 0.381818 0.108241 -0.0415446 0.38122 0.381286 0.821142 0.40255 0.877976 -0.616962 -0.87298 0.495991 0.661795 0.616579 -0.627874 0.795762 0.140535 0.788039 0.646888 0.531109 0.0929242 0.878538 -0.516305 -0.796156 0.0773346 0.574452 -0.188843 0.74109 0.791734 0.363944 -0.418304 0.683537 0.180596 0.645219 0.338061 0.400303 -0.0118854 0.142135 0.604202 -0.556873 -0.0238923 0.821321 0.699882 0.138779 -0.443146 -0.740562 0.836606 0.775744 0.780058 -0.460717 -0.334881 0.149661 -0.734814 -0.893434 0.577211 -0.648826 -0.437068 -0.544828 -0.317288 -0.552099 0.74011 -0.481979 0.356639 0.64218 0.366825 -0.133673 -0.540119 0.345747 0.777629 0.79171 0.330283 0.325972 0.221784 0.514127 0.51773 0.158414 -0.414039 -0.202944 -0.217341 0.2501 -0.530383 -0.589038 -0.732061 -0.827106 -0.587398 0.425131 0.422738 -0.464628 -0.630758 0.69928 0.596378 -0.28519 -0.780142 0.283649 0.370795 0.10553 -0.474703 0.537849 0.817433 -0.213038 -0.190591 -0.702865 -0.0217523 0.772768 0.254779 -0.00487596 -0.686842 -0.105503 -0.0167963 -0.407962 
-0.749386 -0.109517 -1 0.0283687 -0.0238932 -0.243844 -1 -0.397615 -1 -0.822591 -0.0113536 0.363133 -1 -0.314999 -1 -1 -0.371983 -0.859596 -1 -0.641318 -0.31795 -0.553115 -0.328216 -1 -1 -0.899573 -0.195884 -0.0955513 -0.762607 -0.773877 -0.0301166 -0.915884 -1 -1 -1 -1 -1 -1 -1 -0.770051 0.488127 0.12866 -0.907136 -1 -0.186312 -0.410211 -0.656443 -0.559659 -0.128429 -1 -0.617106 -0.910284 -0.392034 -0.921719 0.387106 -0.98497 -0.970522 -1 -0.981649 -1 -0.645104 0.619451 -0.569167 -0.508237 -0.397595 -0.0052728 -0.803588 -1 0.282954 -0.994134 -0.803622 -0.459339 -0.212719 -0.91519 -0.426311 -0.883387 -0.356857 -1 -1 -1 -0.824666 -1 0.142677 -1 -0.849364 -1 -0.758455 0.183362 -1 -0.593914 -0.159878 -0.0315175 -0.950736 -1 0.150215 -0.95881 -0.30889 -0.556159 0.940821 -0.804871 -0.568525 -0.264522 -0.555005 -1 0.190831 -0.296141 -0.451099 0.368679 -0.91418 -0.510649 -1 -0.302662 -0.700962 -0.967823 -0.919354 -1 -0.15289 -0.670484 0.272652 -1 -0.481904 -0.161183 -0.765204 0.16519 0.143768 -0.592726 -1 -0.244764 -0.579144 -0.108809 -0.145723 0.346286 -0.864701 -0.148865 -1 -0.837195 0.231179 -1 
-0.866206 -0.427905 -1 -0.044702 0.0304634 -0.67331 -0.942179 -0.369079 -1 -0.750623 -0.1234 0.2581 -0.954978 -0.472024 -1 -0.921651 -0.40908 -1 -0.90131 -0.796229 -0.554451 -0.405193 -0.0905127 -1 -0.906956 -1 -0.50155 -0.180428 -1 -0.897359 -0.225138 -0.900526 -0.917205 -0.928134 -1 -0.990653 -1 -1 -1 -0.481457 0.450036 0.102358 -1 -1 0.0447776 -0.553929 -0.395964 -0.595645 -0.127798 -1 -0.890718 -1 -0.38656 -0.971773 0.348073 -1 -1 -1 -0.965315 -1 -0.69306 0.0924394 -1 -0.632915 -0.582367 -0.076543 -0.895625 -0.993652 0.556612 -0.768761 -1 -0.85664 -0.610529 -1 -0.665886 -1 -0.448333 -1 -1 -0.95112 -0.691422 -1 0.137787 -0.947949 -0.580708 -0.955068 -1 0.14943 -1 -0.242174 -0.429297 -1 -0.917638 -1 0.140027 -1 0.236785 -0.403941 0.322878 -1 -0.390942 -0.274204 -0.927503 -0.930456 0.178397 -0.0791982 -0.849218 -0.121499 -0.522917 -1 -1 -1 -0.656311 -1 -1 -0.974328 -0.316393 -0.659037 0.0750454 -1 -0.671964 -0.225191 -0.561319 -0.126218 0.206102 -0.593684 -0.682517 0.195607 -0.509079 0.18294 -0.577491 -0.0116569 -0.605091 -0.617707 -1 -0.631308 0.00910838 -1 
0.296932 -1 0.84003 0.0643638 0.338942 -0.293438 0.047274 0.428569 -0.449459 0.464324 -0.795024 -0.960174 -0.605831 -0.297457 -0.301181 0.0136814 -0.510037 -0.163313 -0.0941252 -1 -0.846966 -1 0.61082 -0.536669 -1 -0.131106 -0.726126 -0.44951 0.165276 -0.130164 0.490298 -0.993069 -0.945766 -0.45014 -0.943717 0.284695 0.561716 0.206051 0.644432 -0.723824 0.480697 -0.92617 0.713838 -0.457089 -0.784996 0.385693 -0.258571 -0.985456 -1 -0.91587 -0.946507 0.0477581 -0.44423 -0.967663 -1 0.240087 -0.108103 0.412213 -0.0233327 -0.606341 -0.541461 0.789283 -0.964465 -1 0.494641 -0.475849 -0.870929 0.494287 -0.371065 -0.528033 -0.333615 0.383635 -0.594532 -0.258255 -0.643593 0.682315 0.827569 0.431593 -0.0566415 -1 -0.961874 -1 -0.932298 0.421261 -1 0.516104 -0.684754 -0.884556 -0.485851 -1 0.7762 -0.284036 -0.954684 -0.561181 0.457348 -0.449872 -0.577102 0.0233406 0.0814997 -0.878107 -0.409313 0.66535 0.262827 -1 -0.407357 -0.962199 0.130594 -0.883318 0.339953 -1 0.231827 -0.848242 -1 -0.526006 -0.334961 -1 -1 -0.304914 0.68501 -0.549019 0.309702 0.523352 -0.151024 0.287394 -0.0254315 -0.762715 -0.982072 -1 0.829733 -0.104893 -0.330973 0.473633 -0.402666 -0.65689 0.932105 -1 0.0345822 0.0216086 
-0.749386 -0.109517 -1 0.115935 -0.0535115 -0.243844 -1 -0.140931 -1 -0.610561 -0.0113536 0.363133 -1 -0.314999 -1 -0.933054 -0.371983 -0.859596 -1 -0.641318 -0.31795 -0.35671 -0.358812 -0.909698 -1 -0.899573 -0.195884 -0.0830024 -0.762607 -0.84196 -0.0301166 -0.915884 -0.925374 -1 -1 -0.997386 -1 -1 -0.837443 -0.474641 0.400306 0.12866 -0.944379 -0.985681 -0.186312 -0.474826 -0.440349 -0.494006 -0.128429 -1 -0.653033 -0.910284 -0.291435 -1 0.425789 -0.98497 -0.970522 -0.953632 -0.730493 -1 -0.662384 0.724174 -0.604718 -0.604803 -0.280717 -0.102544 -0.803588 -1 0.375317 -0.700863 -0.803622 -0.459339 -0.0199271 -0.91519 -0.426311 -0.915771 -0.356857 -1 -0.750608 -1 -0.824666 -0.952371 0.142677 -1 -0.553266 -1 -0.84297 0.183362 -1 -0.593914 -0.114744 -0.0320613 -1 -1 0.28943 -0.95881 -0.057059 -0.291985 0.860809 -0.769611 -0.557162 -0.264522 -0.555005 -1 0.190831 -0.0941136 -0.451099 0.368679 -0.91418 -0.589343 -1 -0.36742 -0.700962 -0.967823 -0.782267 -1 -0.217138 -0.670484 0.272652 -1 -0.481904 -0.161183 -0.567118 0.0963212 0.143768 -0.354738 -0.901835 -0.240846 -0.579144 0.0235585 -0.145723 0.346286 -0.864701 -0.0731598 -1 -0.837195 0.231179 -1 
-0.54764 -0.0517441 -1 0.288262 0.255505 -0.0705967 -1 -0.0212903 -0.918511 -0.636929 -0.141398 0.306102 -0.774349 -0.233816 -1 -0.912497 -0.208876 -0.935469 -1 -0.641318 -0.31795 -0.24804 0.19843 -1 -0.920024 -0.917714 -0.083934 0.015282 -0.782488 -0.730734 -0.0591633 -0.873233 -1 -0.92328 -1 -1 -0.996167 -1 -0.989168 -0.384153 0.455607 0.132984 -1 -0.887966 0.0958777 -0.579628 -0.119944 -0.494006 0.0746203 -1 -0.633229 -0.761836 -0.117312 -1 0.400729 -0.857651 -1 -0.861692 -0.840238 -1 -0.507148 0.681979 -0.550837 -0.560504 0.0348157 0.0835034 -0.788342 -1 0.702311 -0.502356 -0.786169 -0.571246 0.0142312 -1 -0.305274 -0.776239 -0.222704 -1 -0.843544 -0.991749 -0.686211 -1 0.154953 -0.338754 -0.39308 -0.848811 -0.88027 0.347187 -1 -0.175171 0.00966977 -0.0265319 -1 -0.997512 0.541909 -0.940712 0.353345 -0.118861 0.828705 -0.753981 -0.305764 0.0195552 -0.431355 -0.813018 0.496303 -0.0889397 -0.512841 0.220131 -0.443731 -0.485931 -1 -0.271052 -0.561041 -1 -0.825035 -1 -0.241552 -0.573079 0.461787 -1 -0.22808 -0.0835968 -0.480622 0.191797 0.23935 -0.354738 -0.534075 0.124192 -0.291652 0.134649 -0.00723916 0.371449 -0.686697 0.088454 -1 -0.699988 0.254168 -0.946106 
-0.605603 -0.038816 -1 0.147091 0.030549 -0.104205 -1 -0.0452271 -1 -0.621079 -0.0746372 0.374699 -0.7398 -0.273547 -1 -0.8681 -0.491676 -1 -1 -0.529114 -0.434763 -0.24804 0.19843 -0.9992 -1 -1 -0.134969 -0.0647295 -0.835948 -0.879688 0.0457652 -0.873233 -0.96217 -1 -1 -1 -1 -1 -0.832873 -0.384153 0.617043 0.0915874 -0.944379 -1 -0.0645505 -0.777843 -0.119944 -0.631071 0.0285073 -0.971062 -0.690179 -0.750744 0.0151317 -1 0.180329 -1 -1 -0.913523 -0.840238 -1 -0.834341 0.545038 -0.620473 -0.888359 0.0348157 0.124324 -0.912089 -1 0.702311 -0.502356 -0.759351 -0.454457 -0.208211 -1 -0.41855 -0.972632 -0.222704 -1 -1 -0.991749 -0.823734 -1 0.0717146 -0.392085 -0.654554 -0.848811 -1 0.366587 -1 -0.130423 -0.0705104 -0.126834 -1 -0.894242 0.305167 -0.940712 0.318587 -0.118861 0.85783 -0.986909 -0.591073 -0.0141189 -0.431355 -0.911826 0.521711 -0.364751 -0.692833 0.303274 -0.476765 -0.451662 -1 -0.271052 -0.515827 -1 -0.746704 -1 -0.202405 -0.593507 0.545264 -1 -0.22808 -0.053637 -0.471438 0.140908 0.102366 -0.510621 -0.651981 0.07664 -0.588426 0.134649 -0.00723916 0.425559 -0.673915 0.132579 -0.936598 -1 0.361317 -0.960259 
-0.5058 0.0505157 -1 0.0462163 -0.0296223 0.00463142 -0.93098 -0.106041 -1 -0.921997 -0.0683396 0.243253 -0.984656 -0.229609 -0.998643 -0.963816 -0.578344 -1 -1 -0.641318 -0.505452 -0.26944 0.19843 -1 -0.903287 -1 -0.083934 -0.172632 -1 -0.736527 -0.0315631 -0.934657 -0.96217 -1 -1 -1 -1 -1 -0.943363 -0.474469 0.567538 -0.16193 -0.876651 -0.916592 -0.331704 -0.71216 -0.286971 -0.811038 -0.00237527 -1 -0.589444 -0.855518 -0.0124202 -0.968752 0.418671 -0.88965 -1 -1 -0.740338 -1 -0.507148 0.453221 -0.962306 -0.67091 -0.17363 -0.164844 -0.702361 -1 0.478745 -0.675537 -0.994846 -0.84192 0.137228 -0.981273 -0.680278 -1 -0.454215 -1 -1 -1 -0.792874 -1 0.144062 -0.46956 -0.517862 -1 -0.903536 0.153271 -1 -0.293463 0.00966977 -0.240814 -1 -1 0.488831 -1 0.132313 -0.132671 0.484828 -0.820397 -0.30819 0.0718986 -0.431355 -0.914425 0.496303 -0.425718 -0.493728 0.246289 -0.443731 -0.664727 -1 -0.267214 -0.73203 -0.988083 -1 -0.958404 -0.209655 -0.960375 0.457413 -1 -0.433962 -0.110523 -0.710467 -0.176717 0.348379 -0.354738 -0.806603 -0.153311 -0.274649 0.166272 -0.284932 0.312379 -1 0.118541 -1 -0.80503 0.088633 -1 
-0.46387 -0.323479 -0.986277 0.288262 0.298659 0.0475447 -1 -0.299023 -0.993601 -0.676518 -0.395608 0.407603 -0.883801 -0.349399 -1 -1 -0.277987 -1 -0.97426 -0.611571 -0.613748 -0.392463 0.19843 -1 -0.920024 -1 -0.26226 -0.261111 -1 -0.931139 -0.0245692 -1 -0.957038 -1 -0.946515 -1 -1 -0.95479 -0.834908 -0.974266 0.420863 0.132984 -0.873655 -1 0.00493417 -0.770326 -0.193924 -0.443818 0.169279 -0.951361 -1 -0.750744 -0.0270765 -1 0.434527 -0.805618 -1 -0.983757 -1 -1 -0.647996 0.552432 -0.617448 -0.557248 -0.0177946 -0.0281914 -0.867927 -1 0.290521 -0.613801 -0.994145 -0.420873 0.066143 -1 -0.265726 -0.93435 -0.335365 -0.98735 -1 -1 -0.753472 -1 -0.159372 -0.356395 -0.694309 -0.965634 -1 0.20309 -1 -0.227271 -0.220113 -0.0320613 -1 -0.94426 0.479853 -0.937604 0.336672 -0.385229 0.522885 -0.809433 -0.397787 -0.224544 -0.475191 -0.907313 0.503824 -0.12043 -0.512841 0.382583 -0.64479 -0.845904 -1 -0.472046 -0.484287 -1 -0.818716 -1 -0.747036 -0.666298 0.193193 -1 -0.382227 -0.091866 -0.406388 -0.0885654 -0.010666 -0.330541 -0.900207 -0.481708 -0.260898 0.237774 0.03862 0.293456 -0.838481 -0.0065254 -0.966541 -0.759096 0.310164 -0.961612 
-0.863988 -0.0340813 -1 -0.166131 -0.47323 -0.233197 -1 -0.449534 -0.87594 -0.991028 -0.142139 0.0996886 -0.729025 -0.610667 -0.963602 -1 -0.386264 -1 -1 -0.889887 -0.670096 -0.584444 -0.0720287 -0.963491 -0.96726 -0.916879 -0.35566 -0.463333 -1 -0.99398 -0.123193 -0.983534 -1 -1 -1 -1 -1 -0.968329 -1 -0.429879 -0.0332123 0.144456 -1 -0.920484 0.0785616 -0.916657 -0.714774 -0.448277 0.179999 -0.898423 -1 -0.966873 -1 -1 0.149647 -0.910969 -1 -0.946518 -1 -0.942838 -1 0.516172 -0.855208 -0.799984 -0.543585 -0.226093 -1 -1 0.290749 -0.906365 -1 -1 -0.424455 -1 -0.550807 -1 -0.413185 -1 -0.957707 -1 -0.686211 -1 -0.29541 -0.49948 -0.769785 -1 -1 0.191375 -0.973593 -0.664806 -0.459808 -0.263817 -0.890996 -1 0.316285 -0.927391 0.185537 -0.624365 0.723036 -1 -0.814632 -0.274928 -0.647603 -1 0.352528 -0.47586 -0.383929 0.0968094 -0.56274 -0.599691 -1 -0.74018 -0.953116 -0.946435 -1 -1 -0.744855 -0.939771 0.390412 -0.966699 -0.449381 -0.101883 -0.480622 -0.076301 0.464631 -0.270379 -0.58582 0.0141145 -0.573248 -0.275469 -0.549098 0.17096 -0.994114 -0.467465 -1 -0.641838 0.236506 -1 
-0.732396 -0.294126 -1 0.335959 0.217284 0.0449386 -1 -0.0240121 -1 -0.636929 -0.0113536 0.400403 -0.840922 -0.602659 -1 -1 -0.475241 -1 -1 -0.875861 -0.387353 -0.261417 -0.027626 -1 -1 -1 -0.251417 0.015282 -0.816386 -0.884209 -0.190131 -0.951912 -1 -1 -1 -0.969557 -1 -0.975604 -0.752704 -0.477026 0.585633 -0.111192 -0.978582 -1 0.118043 -0.602794 -0.119944 -0.451024 0.0298822 -1 -0.653087 -0.740005 -0.0577009 -1 0.444996 -1 -1 -0.986367 -1 -1 -0.558704 0.288087 -0.730812 -0.738945 -0.0628866 0.124324 -0.786439 -1 0.55588 -0.667162 -0.897567 -0.507348 -0.108702 -1 -0.398031 -0.941758 -0.399523 -1 -0.819313 -1 -0.808756 -1 -0.0432283 -0.310732 -0.627052 -1 -0.88027 0.148148 -1 -0.202884 -0.0167972 -0.166517 -1 -0.894242 0.574888 -1 0.187381 -0.256052 0.353997 -0.720786 -0.352618 -0.197215 -0.464013 -0.855711 0.496303 -0.110364 -0.608128 0.303274 -0.388978 -0.651152 -0.967218 -0.271052 -0.691737 -1 -1 -1 -0.396689 -0.578689 0.33646 -1 -0.405923 -0.0737616 -0.71294 0.0970396 0.37336 -0.520813 -0.6825 0.0865964 -0.530204 0.0323021 -0.027157 0.39629 -0.826243 -0.260244 -0.921929 -0.685967 0.366473 -1 
-0.641797 -0.038816 -0.994904 0.366541 0.160558 -0.0100313 -1 -0.310434 -1 -0.845586 -0.0113536 0.164879 -1 -0.333503 -1 -0.90091 -0.161737 -1 -1 -0.58713 -0.457143 -0.498521 0.0924892 -1 -0.89935 -1 -0.338131 -0.0942651 -0.853602 -0.83286 0.0925555 -1 -1 -0.92328 -1 -1 -0.993292 -1 -0.834908 -0.641031 0.427975 0.132984 -1 -1 -0.0203436 -0.729364 -0.119944 -0.684154 -0.280492 -0.969862 -0.600245 -0.750744 -0.152608 -1 0.403822 -1 -1 -0.920774 -0.750877 -1 -0.664624 0.714016 -0.673382 -0.560504 -0.30209 -0.0410105 -1 -0.98028 0.468326 -0.502356 -1 -0.71047 -0.283159 -1 -0.39824 -0.776239 -0.222704 -0.938166 -0.935191 -1 -0.686211 -1 -0.102714 -0.445445 -0.198169 -0.813587 -1 0.347187 -1 -0.453434 -0.0582365 -0.0320613 -1 -0.902093 0.591475 -0.940712 0.243123 -0.247923 0.828705 -0.878837 -0.518753 -0.172587 -0.886338 -0.813177 0.496303 -0.12462 -0.61947 0.318741 -0.536288 -0.485931 -1 -0.666423 -0.440414 -0.962518 -0.951532 -0.9696 -0.72294 -0.557654 0.255964 -1 -0.34797 -0.0344506 -0.689716 0.271573 0.0929492 -0.354738 -1 -0.116982 -0.318711 0.17856 -0.00723916 0.267476 -0.694915 -0.140299 -1 -0.785661 0.427484 -1 
-0.715707 -0.327417 -1 0.124588 0.282998 -0.296696 -1 -0.318407 -1 -0.542098 -0.533277 0.212872 -0.832379 -0.69076 -1 -1 -0.487752 -1 -1 -1 -0.77747 -0.573785 0.0586135 -0.969389 -1 -1 -0.401611 -0.00850375 -0.982446 -0.876547 -0.32092 -0.844786 -1 -1 -1 -0.96032 -1 -1 -1 -0.739553 0.505669 -0.0868464 -0.991739 -0.953499 0.0198126 -1 -0.415776 -0.808913 -0.436754 -1 -0.833671 -0.901432 -0.668321 -0.864196 0.571521 -0.828067 -0.995462 -1 -1 -1 -0.734251 0.430966 -0.621231 -0.620317 -0.41156 -0.378619 -0.863996 -1 0.396883 -0.905415 -0.961652 -0.899023 -0.521591 -0.879992 -0.365517 -0.898833 -0.387098 -1 -1 -0.991749 -0.903803 -0.91334 -0.378076 -1 -0.603917 -1 -0.999352 -0.058111 -0.834494 -0.230257 -0.317141 -0.557068 -1 -1 -0.0821986 -0.974904 0.355856 -0.0485907 0.902912 -0.687698 -0.71736 -0.102113 -0.548893 -1 0.3645 -0.271886 -0.896577 0.190102 -0.849195 -0.869851 -0.987255 -0.823845 -0.663723 -0.927351 -1 -0.975733 -0.637061 -0.470206 0.213411 -1 -0.467292 -0.432012 -1 -0.119392 0.269861 -0.579675 -0.767768 0.0827749 -0.293636 -0.0124222 -0.498571 0.309279 -0.798569 0.100162 -0.916345 -0.806128 0.194554 -1 
-0.597623 -0.205426 -1 0.0300147 -0.0267069 -0.385663 -1 -0.324538 -0.924527 -0.899819 -0.554277 0.144123 -1 -0.309892 -0.996021 -0.768188 -0.199676 -1 -1 -0.86939 -0.360188 -0.508278 0.0276931 -1 -0.930869 -0.833572 -0.298291 -0.364515 -0.892604 -0.969159 -0.351944 -1 -1 -0.96983 -1 -1 -1 -1 -1 -0.364103 0.537298 0.0481323 -1 -0.95407 -0.411184 -0.613236 -0.151055 -0.803858 -0.398765 -1 -0.864253 -1 -0.247872 -1 0.0411495 -0.923949 -1 -0.952543 -1 -0.962923 -0.46864 0.128515 -0.841372 -0.921355 -0.00977459 -0.264019 -0.978999 -1 0.775746 -0.685296 -1 -0.665779 -0.979515 -1 -0.306966 -1 -0.150481 -1 -0.962602 -0.942043 -0.775962 -0.944683 -0.257723 -0.874515 -0.674181 -1 -1 0.131685 -1 -0.654046 -0.032779 -0.134951 -1 -0.876351 0.072543 -0.944259 0.219658 -0.53078 0.244677 -0.909587 -0.67265 -0.229772 -0.95242 -1 0.462403 -0.348035 -0.987189 -0.147685 -0.665008 -0.796234 -1 -0.223837 -0.995783 -1 -1 -1 -0.441384 -0.462659 0.211603 -1 -0.357583 -0.0464181 -0.768698 0.00331412 0.15084 -0.526315 -0.628902 -0.153021 -0.828302 -0.0822163 -0.297302 -0.15173 -0.960497 -0.0293677 -1 -0.929373 0.0422978 -1 
-0.515175 0.710761 -0.863527 0.461185 -1 0.335916 -0.647481 -1 -1 0.265941 -0.383575 0.109107 -0.636019 0.289874 -0.409669 0.284214 0.309374 -0.523331 -0.786716 -0.287065 -0.978597 -0.356758 -1 0.299263 0.017029 -0.89698 -1 -0.564673 0.472929 -1 0.32595 0.271805 -0.746477 0.69537 0.360868 -1 0.324676 -0.441274 -0.909971 0.636569 0.331923 0.547 0.577003 0.138881 -0.893148 -0.0664442 0.197853 -1 0.63094 0.359327 -1 0.549723 -0.846495 -0.285896 -0.768701 -0.797541 -0.997974 -0.468434 -0.936974 0.372198 -0.160678 -0.254522 0.4536 -0.674451 -0.9875 0.356615 -0.102188 0.486814 -0.805548 0.340016 -1 -0.198114 -1 -0.0680814 -0.679508 -0.193416 0.341756 -0.294732 -0.849901 -1 -0.178021 -1 -0.236837 -1 -0.43648 -0.988871 -0.699975 0.185336 -0.985167 0.112349 -0.497245 -0.937212 0.21613 -0.471208 0.176421 -0.914534 0.172053 -1 -1 -0.175889 -1 0.0848417 0.414587 -0.594052 0.568811 -0.927298 -0.976336 -0.897229 0.553688 0.376212 -1 0.48119 -0.516607 -0.223896 0.203898 -0.32087 -1 -0.483246 -0.763686 -0.966039 -0.276698 -0.117176 -0.400248 -0.385067 -0.139651 0.600394 0.0703562 -0.950551 -0.214879 -0.696528 -0.707642 -0.174483 0.55428 -0.0151901 0.0121462 0.67007 -0.274123 -0.0570729 
-0.608801 -0.0432477 -1 0.221066 0.273119 0.00463142 -1 0.131932 -0.879972 -0.636929 0.0880338 0.392672 -1 -0.275697 -1 -0.912497 -0.50376 -1 -1 -0.928627 -0.707653 -0.373948 -0.0752038 -0.99814 -1 -0.84364 -0.083934 -0.282388 -0.732799 -0.730734 0.0457652 -0.829429 -1 -1 -0.939617 -1 -0.996167 -1 -0.993949 -0.60199 0.328983 0.0532383 -1 -1 -0.354257 -0.822171 -0.337012 -0.695584 0.135749 -1 -0.626465 -0.77823 0.0547055 -1 0.4451 -0.799086 -1 -0.885832 -0.998607 -1 -0.841949 0.681979 -0.651216 -0.560504 -0.180128 -0.120143 -0.981592 -1 0.44125 -0.620277 -0.805674 -0.421191 -0.302476 -1 -0.404506 -1 -0.176817 -1 -0.724363 -1 -0.951814 -1 0.154953 -0.338754 -0.799779 -1 -1 0.347187 -1 -0.426051 -0.154878 0.0464922 -0.936164 -1 0.314182 -0.940712 0.321653 -0.315017 0.451465 -1 -0.730704 -0.0116574 -0.30183 -0.824554 0.490264 -0.0417275 -0.620673 0.330806 -0.63837 -0.450993 -1 -0.386629 -0.583564 -1 -0.885678 -1 -0.512662 -0.668266 0.258789 -1 -0.133485 -0.157658 -0.786615 0.0111643 0.164434 -0.354738 -0.509617 0.124192 -0.412787 0.00477052 -0.231569 0.0801561 -0.586882 -0.424305 -1 -0.981959 0.361317 -1 
-1 -1 -0.166498 -0.701749 -1 -0.669824 0.216716 -0.854604 -0.416369 -0.477829 -0.837976 0.211904 0.161111 -0.65423 -0.719636 -0.00419722 -0.420267 -0.519497 -0.167124 0.153581 -1 -0.989554 0.610261 -0.304592 0.480927 -0.0402571 -0.511891 -0.531375 -1 0.246345 -0.982664 0.4865 -0.36533 0.139618 0.193038 -1 -1 -0.674588 -0.991014 -0.462355 0.431023 0.319266 -0.745728 0.0243656 -0.956882 -0.72592 0.553507 -0.347288 0.00115364 -1 -0.384919 0.581151 -0.842332 0.241414 -0.300359 -0.411766 -0.793991 -0.959869 -0.295303 0.17443 -0.767961 -0.852776 -0.696891 0.941203 -1 0.214893 -0.278956 0.9163 -0.791678 -0.892986 -1 0.410885 -1 -0.778641 0.396041 0.042569 0.290932 0.227512 -0.491045 0.683595 -0.40348 -0.985596 -0.822306 0.281982 0.229902 0.0149216 -0.90569 0.327631 0.775555 0.0339143 -0.364 -0.208998 0.271709 -1 -0.933043 0.000293568 -0.348948 -0.620018 -1 -0.170664 -0.733708 -1 -1 0.352452 0.0179182 -0.17444 -0.857251 -1 -0.91954 -0.345162 -0.24621 0.147275 0.754245 -0.933158 -0.99788 -0.364366 -0.163134 -0.630433 -0.51296 -1 -1 -0.331992 0.665803 -0.978215 -0.661973 -0.960588 0.48172 -0.00253025 -0.386118 -0.646799 -0.269249 -0.979371 -1 -1 0.368655 0.373763 -1 -1 
-0.605806 -0.205323 -1 0.262729 0.110425 -0.440465 -1 0.000954736 -1 -0.969886 -0.0728529 0.134088 -0.821258 -0.442242 -0.974903 -1 -0.271691 -0.907845 -1 -0.769107 -0.693222 -0.652334 -0.0134189 -1 -1 -1 -0.338899 -0.157564 -0.883358 -0.926624 -0.147138 -1 -1 -0.989968 -1 -1 -1 -0.953338 -1 -0.39758 0.329673 -0.190675 -1 -1 -0.141598 -0.700442 -0.138915 -0.498634 0.0511934 -1 -0.870005 -0.843405 -0.201635 -1 0.422978 -1 -1 -0.861692 -1 -1 -0.705966 0.261557 -0.774565 -0.814374 -0.204181 0.127884 -1 -1 0.295762 -0.779259 -0.924209 -0.431666 -0.191208 -1 -0.706208 -0.706293 -0.399523 -0.978187 -0.971982 -0.967221 -1 -1 0.110528 -0.338754 -0.410155 -0.848811 -1 0.374128 -1 -0.229488 -0.280563 -0.0320613 -1 -1 0.489091 -1 0.276225 -0.118861 0.258877 -0.715029 -0.305764 -0.0545685 -0.750603 -0.898785 0.319247 -0.0791982 -0.789437 0.317867 -0.409334 -0.597952 -0.992483 -0.348749 -0.733692 -0.977863 -1 -0.975782 -0.107295 -0.88435 0.0653432 -1 -0.398615 -0.0966064 -1 0.144577 0.17069 -0.389536 -0.597492 0.0849604 -0.338222 0.233835 -0.0560542 0.280519 -0.908707 -0.293223 -0.987173 -0.890341 0.286188 -1 
-0.63621 -0.038816 -0.939693 0.0062041 0.186907 0.00463142 -1 -0.0212903 -0.942101 -0.673102 0.0228807 0.392672 -0.774349 -0.298605 -1 -0.911845 -0.219482 -1 -1 -0.665826 -0.326766 -0.421753 0.0280689 -0.952235 -1 -0.94948 -0.166619 -0.00464667 -0.782488 -0.830557 -0.0144344 -0.830513 -1 -0.92328 -1 -1 -1 -1 -0.889056 -0.389947 0.567538 0.139355 -0.944379 -0.826772 0.0958777 -0.796802 -0.235028 -0.494006 -0.0630751 -1 -0.645766 -0.697284 -0.164611 -1 0.202546 -0.905182 -1 -0.835399 -1 -1 -0.520381 0.497452 -0.550837 -0.560504 -0.152205 -0.127181 -0.735613 -1 0.601817 -0.604884 -0.962294 -0.460943 0.00772955 -1 -0.270067 -0.942199 -0.476337 -1 -0.936403 -1 -1 -1 0.142126 -0.444225 -0.403308 -1 -1 0.378688 -1 -0.479818 -0.126191 -0.179296 -1 -1 0.541909 -1 0.42054 -0.36194 0.71886 -0.642257 -0.43705 -0.0234369 -0.382855 -1 0.496303 -0.142427 -0.512841 0.206291 -0.443731 -0.549896 -0.978473 -0.64966 -0.642996 -1 -0.970551 -0.962641 -0.514738 -0.663321 0.165575 -1 -0.362122 -0.0732683 -0.480622 0.162714 0.37509 -0.354738 -0.653043 0.124192 -0.346451 -0.0376624 -0.00723916 0.364141 -0.686697 -0.280769 -0.90842 -0.73326 0.279925 -1 
-0.43506 -0.921338 -0.146879 -1 -0.907309 -0.59342 0.967073 -0.500146 -0.2565 -0.60539 -1 0.161839 0.0408177 -0.704306 -0.143939 -0.0196285 -0.578337 -0.658188 0.00458837 0.269531 -1 -0.985395 0.679354 0.15487 0.353303 -0.759086 -0.777988 -0.500717 -1 0.325306 -1 0.496756 -0.164663 0.527331 0.413505 -0.926689 -0.941695 -0.695534 -1 -0.400381 0.31686 0.320623 -0.50484 0.287166 -0.858731 -1 0.123455 -0.362737 -0.455884 -1 -0.0189987 0.836568 -0.901825 0.306478 -0.656326 0.216988 -1 -0.625438 -0.472963 0.0743734 -0.855005 -0.6256 -0.434433 0.548042 -0.915919 0.309819 0.028563 0.701486 -0.684586 -0.823982 -0.888761 0.409713 -0.793053 -0.766894 0.736274 0.209786 -0.0697071 0.17273 -0.45732 0.0808885 -0.45331 -1 -1 0.0942601 0.134937 0.153619 -0.751218 0.402083 0.647609 0.15296 -0.135467 -0.011341 -0.163393 -0.959419 -1 0.0759126 -0.359154 -0.904074 -0.951922 -0.00151821 -0.0337553 -0.951609 -0.443857 0.146564 0.189855 -0.261223 -0.935613 -1 -0.995014 -0.111952 -0.114022 0.203114 0.32969 -1 -1 -0.392845 0.0331497 -0.249642 -0.631795 -0.86746 -0.933863 -0.0895194 0.554777 -0.95612 -0.510805 -1 0.530701 -0.131091 -0.287004 -0.678222 -0.567057 -1 -1 -0.980905 0.525062 0.490567 -1 -0.564021 
-0.305194 0.873459 0.265291 -0.341029 -0.250777 0.688877 0.254814 0.889006 -0.40122 0.22998 -0.657798 0.729156 -0.660289 0.790317 -0.600182 -0.770801 0.528714 0.139975 0.196701 -0.632003 -0.307651 -0.442775 -0.142619 -0.170152 -0.207363 0.181161 -0.148234 0.781765 0.108945 0.280222 0.744253 0.0483161 -0.648863 0.157119 0.00334573 0.932542 -0.0679766 -0.0210879 -0.673466 0.739487 0.590804 -0.389776 0.777745 0.739805 -0.835328 0.164376 -0.263078 -0.99494 -0.812348 -0.154365 -0.737994 -0.653401 -0.414203 0.0711354 0.262428 0.606436 0.0790356 -0.312669 -0.881157 -0.434689 0.230233 -0.0222694 0.586865 -0.339591 -0.924693 -0.57411 -0.931362 0.184606 0.514828 -0.249395 0.621269 -0.470729 0.301479 0.509184 -0.666767 0.593593 -0.202265 0.907195 0.632584 -0.325387 -0.750531 -0.284372 0.805341 0.75176 -0.240502 0.643696 0.0756058 0.152406 0.161696 0.230056 0.272334 -0.730753 -0.854843 0.598329 -0.449713 0.425026 0.0330937 -0.359611 0.692213 0.0704337 -0.437017 0.468044 0.957285 0.117435 -0.91375 0.365713 -0.301484 -0.937616 -0.695108 0.795925 0.995012 -0.0967403 -0.568113 0.00089097 0.688841 0.940818 -0.0377258 0.906043 -0.542644 -0.0317562 0.402705 0.795613 -0.0923166 -0.85005 0.653083 0.611439 0.159558 -0.293789 0.965581 -0.843034 0.232384 -0.617665 0.733671 -0.371223 -0.401654 -0.277036 0.728992 -0.535639 
-0.683634 -0.323479 -1 0.134469 0.34713 -0.199469 -1 -0.289771 -1 -0.741845 -0.451173 -0.115364 -0.820611 -0.37241 -1 -1 -0.198067 -1 -0.968264 -1 -0.613748 -0.42925 0.283681 -1 -1 -1 -0.26226 -0.600261 -1 -1 -0.0859764 -1 -0.897028 -1 -1 -1 -1 -1 -0.892064 -0.97974 0.453022 0.132984 -0.925276 -0.978644 -0.0511895 -0.821077 -0.193924 -0.910011 0.271031 -1 -0.997897 -0.750744 0.0652844 -0.986772 0.409884 -0.825589 -1 -0.935136 -1 -1 -0.78854 0.343374 -0.617448 -0.631522 0.0695025 -0.0901587 -1 -1 0.123356 -0.599522 -1 -0.362809 -0.000204518 -1 -0.265726 -1 -0.0971242 -0.968647 -1 -1 -0.712649 -0.929654 -0.752878 -0.341451 -1 -0.965634 -0.927603 0.278948 -0.997393 -0.36063 -0.412233 -0.0155135 -1 -1 0.577481 -0.937604 0.362663 -0.385229 0.190431 -1 -0.449502 -0.188573 -0.431355 -0.907313 0.503824 -0.12043 -0.748807 0.301646 -0.787031 -0.74969 -1 -0.425898 -0.544358 -1 -0.986092 -0.905877 -1 -0.75234 0.232151 -1 -0.471504 -0.181979 -0.563376 -0.0885654 -0.112504 -0.352013 -0.977036 -0.67591 -0.513141 -0.0784775 0.109674 0.338912 -1 -0.138672 -1 -0.714291 0.155231 -1 
-0.553739 -0.268939 -0.939693 0.288262 0.255505 0.00463142 -1 -0.201377 -0.942101 -0.680324 -0.130451 0.161456 -0.685784 -0.476384 -0.956036 -1 -0.26548 -1 -1 -0.699511 -0.404048 -0.226053 -0.255644 -1 -1 -0.94948 -0.349708 -0.0283333 -0.782488 -1 -0.00408763 -0.873233 -1 -1 -1 -1 -0.946118 -0.953144 -0.889056 -0.389947 0.567538 -0.161272 -0.944379 -0.887966 0.0958777 -0.713715 -0.301299 -0.494006 0.0892825 -1 -0.645766 -0.853233 -0.164611 -1 0.37889 -0.859184 -1 -1 -0.857481 -1 -0.428431 0.497452 -0.843321 -0.560504 0.0348157 -0.207762 -1 -1 0.601817 -0.604884 -0.822422 -0.381794 0.00772955 -1 -0.270067 -0.739034 -0.222704 -1 -1 -1 -1 -0.995878 0.154953 -0.652397 -0.618853 -1 -0.994894 0.291885 -1 -0.294056 0.00966977 -0.467006 -1 -1 0.541909 -1 0.353345 -0.298741 0.706204 -0.642257 -0.60655 0.00921296 -0.646472 -0.932397 0.358874 -0.142427 -0.512841 0.30576 -0.443731 -0.549896 -1 -0.37098 -0.691112 -0.913745 -0.825035 -1 -0.231294 -0.788588 0.384143 -1 -0.58704 -0.0732683 -0.437397 0.191797 0.366873 -0.354738 -0.603437 0.106398 -0.346451 -0.0194363 -0.00723916 0.364141 -0.686697 -0.148415 -0.904411 -0.754329 0.361317 -1 
-1 -0.25643 -0.909602 0.0696169 0.186793 -0.415499 -1 -0.140062 -0.944563 -1 -0.763285 0.0609341 -1 -0.804446 -0.946126 -1 -0.293045 -0.891509 -1 -1 -0.518475 -0.400926 -0.0980769 -1 -0.934319 -0.984757 -0.11505 -0.603855 -1 -1 -0.058165 -1 -1 -1 -1 -1 -1 -1 -0.969129 -0.75584 0.43227 -0.0390434 -1 -0.98967 -0.479806 -1 -0.263122 -0.976699 -0.508043 -1 -0.750213 -0.895651 -0.229764 -1 -0.135256 -1 -1 -1 -1 -1 -0.787408 0.0655087 -1 -0.961709 -0.348297 -0.425799 -1 -1 0.341764 -0.935051 -1 -0.817822 -0.873722 -1 -1 -1 -0.773441 -1 -0.960823 -0.938703 -1 -1 -0.682722 -0.997341 -0.551886 -1 -1 -0.48879 -1 -0.46562 -0.652649 -0.066394 -1 -0.931627 0.185597 -1 -0.0222486 -0.605676 0.357574 -0.810758 -0.790076 -0.341623 -0.935165 -1 0.443654 -0.357475 -0.863547 -0.106062 -1 -0.581003 -1 -0.21714 -1 -1 -0.907036 -1 -0.774447 -1 0.325566 -0.927394 -0.391979 -0.481012 -1 -0.0684376 -0.219594 -0.683473 -0.861079 -0.281933 -0.936586 -0.479164 -0.627299 0.295881 -1 -0.333648 -1 -1 -0.0943279 -0.954921 
-0.653087 -0.133047 -1 0.288262 0.296841 -0.104205 -0.963253 -0.248188 -1 -0.861986 -0.0113536 0.346858 -0.774349 -0.233816 -1 -0.912497 -0.159759 -1 -1 -0.675222 -0.591432 -0.24804 -0.0118723 -1 -1 -0.861958 -0.083934 0.0299438 -1 -0.730734 0.0457652 -0.873233 -0.96217 -1 -1 -1 -0.996167 -1 -1 -0.651969 0.617043 0.0281487 -0.944379 -0.893724 0.040387 -0.649132 -0.119944 -0.509447 -0.248538 -1 -0.633229 -0.896147 -0.141075 -1 0.397087 -1 -1 -1 -1 -1 -0.748152 0.586064 -0.553 -0.725521 0.100779 -0.0620466 -1 -1 0.704838 -0.476837 -1 -0.590975 -0.0456461 -1 -0.305274 -0.922089 -0.1805 -1 -0.777942 -0.949743 -1 -1 0.109598 -0.659781 -0.56179 -0.994694 -0.88027 0.0899188 -1 -0.139293 0.00966977 -0.0320613 -1 -0.894242 0.324191 -1 0.232046 -0.274686 0.654526 -0.747548 -0.347684 -0.0141189 -0.431355 -0.877246 0.521711 -0.0791982 -0.875001 0.127901 -0.443731 -0.485931 -1 -0.541622 -0.705402 -1 -0.825035 -1 -0.195999 -0.578689 0.461787 -0.986455 -0.22808 -0.0458155 -0.471438 0.101719 0.326718 -0.337959 -0.534075 0.0590979 -0.291652 0.0800559 -0.00723916 0.364141 -0.686697 0.132579 -1 -0.816787 0.361317 -0.896183 
-0.889767 0.24257 0.546218 0.577283 -0.0111126 -0.872621 -0.115412 -0.259718 0.0487669 0.929208 0.903406 0.547951 -0.889555 0.201167 0.467786 -0.373591 0.478833 -0.476142 -0.587906 0.590798 -0.70424 -0.650735 -0.945115 0.355422 0.28073 -0.90846 0.164162 -0.965553 0.951535 0.742327 -0.338437 0.581656 -0.172892 0.610273 -0.788978 -0.243805 -0.851022 -0.447131 -0.69311 -0.0744064 -0.961344 -0.685473 -0.963449 0.679317 0.551756 0.0838172 0.313669 -0.448124 -0.364909 -0.465962 0.525819 0.163607 -0.109396 0.369582 -0.637252 0.61614 -0.816605 0.839669 -0.382844 0.926847 -0.408902 -0.446644 -0.129993 -0.695977 -0.674902 -0.82774 -0.0430227 -0.68373 0.2112 0.0107244 -0.264709 0.0787287 -0.447643 -0.781404 0.0146753 -0.891753 0.532805 -0.3517 0.680912 0.306107 0.134107 -0.550244 -0.253142 0.68883 0.0237886 0.697306 0.259944 0.33442 0.771693 -0.515354 0.615132 -0.430078 -0.0229561 -0.904955 -0.816419 -0.889572 0.380319 0.0599755 -0.140353 -0.962027 -0.189773 0.720355 -0.0594675 -0.828134 -0.048148 -0.419519 0.00445247 -0.120016 -0.975742 0.563886 0.224349 0.245662 0.491986 0.208434 -0.649312 -0.717542 0.635551 0.791148 0.213075 -0.712972 -0.696096 0.392941 -0.446469 0.458541 0.697758 -0.767447 -0.338879 0.512941 -0.960396 -0.381291 -0.826692 -0.0360162 0.914818 0.733611 -0.135774 -0.974337 -0.685035 0.275045 
-0.47391 -0.896437 0.366438 -0.0449143 0.0432457 -0.64666 0.446142 0.817967 -0.493732 0.670859 -1 -0.898887 -0.291912 -0.147088 0.235147 0.0562419 -1 0.106085 -0.336619 -0.577382 -0.866072 -1 0.816551 -1 -1 0.142543 -1 -0.196126 0.162613 -0.457497 -0.211022 -1 -1 -0.327142 -0.450287 -0.427759 0.440729 0.45943 0.301575 -0.972455 -0.0269901 -1 0.167241 -1 -0.954392 0.417888 -0.689865 -0.972616 -0.668921 -1 -1 -0.160562 -0.719558 -1 -1 -0.191595 0.372209 -0.101581 0.0164713 -0.988076 -0.273865 0.652256 -1 -1 0.413623 -0.743863 -1 0.491055 -0.112095 -0.622503 -0.162529 0.00791517 -0.819019 0.0778134 -0.717707 0.353471 0.715023 0.424207 -0.676353 -1 -1 -1 -0.79244 0.0634358 -1 0.309867 -0.888163 -1 -0.415471 -1 0.62766 -0.473156 -0.983763 -0.77891 0.0980285 -0.473317 -0.865408 0.222164 -0.0609643 -1 -0.916667 0.163661 0.420578 -0.894634 -0.354911 -1 -0.0746792 -0.625208 0.311119 -0.965178 0.159094 -0.629057 -1 -0.530023 -0.891768 -0.99703 -1 -0.383466 0.701389 -0.795495 0.425753 0.256752 -0.247285 0.920063 0.0837318 -0.957635 -1 -1 0.39483 0.18876 -0.488139 0.143477 -0.470209 -1 0.802042 -0.870767 0.182993 -0.478396 
-0.553739 -0.038816 -1 0.288262 0.251729 -0.0139183 -1 -0.0212903 -0.942101 -0.639622 0.000579789 0.392672 -0.774349 -0.233816 -1 -0.912497 -0.209655 -1 -0.949357 -0.637242 -0.31795 -0.24804 0.0280689 -1 -1 -0.833315 -0.288587 0.00589547 -0.782488 -0.730734 -0.00408763 -0.873233 -0.96217 -0.902112 -1 -1 -0.979742 -1 -0.82373 -0.40712 0.567538 0.132984 -0.944379 -0.887966 0.0958777 -0.579628 -0.255528 -0.494006 0.148276 -0.989388 -0.686803 -0.697284 -0.0506292 -0.999613 0.492431 -0.881457 -0.974859 -0.812136 -0.857481 -1 -0.520381 0.497452 -0.558964 -0.587079 0.0348157 0.0868401 -0.742325 -1 0.575947 -0.604884 -0.822422 -0.459519 0.0499859 -0.992823 -0.270067 -0.739034 -0.222704 -1 -0.749866 -0.968878 -0.864475 -0.991624 0.198807 -0.465834 -0.429687 -0.88508 -0.970498 0.291885 -0.973515 -0.139293 -0.018086 -0.18074 -1 -1 0.451004 -1 0.353345 -0.0997314 0.706204 -0.69315 -0.305764 -0.0477173 -0.331413 -0.853352 0.496303 -0.0791982 -0.512841 0.303274 -0.522706 -0.549896 -1 -0.271052 -0.583564 -1 -0.825035 -1 -0.194828 -0.578689 0.461787 -1 -0.265167 -0.0732683 -0.480622 0.191797 0.366873 -0.476598 -0.650845 0.114638 -0.410153 0.134649 0.0334454 0.364141 -0.686697 0.159713 -1 -0.855253 0.361317 -1 
