-0.462592 -1 -0.80797 -0.0672945 -0.594569 0.0396643 -0.134495 0.455132 0.44145 0.250305 0.537767 -0.178881 -0.784748 -0.815333 -1 -0.899093 0.1011 -0.704111 0.736402 0.471325 -0.395712 -0.966652 0.184625 -0.864841 -0.0795937 -0.567519 -1 -0.677904 -0.600664 0.671342 0.14385 -0.807473 0.747068 0.0907684 0.380955 0.0384894 -0.907379 0.0344017 -0.121725 -1 0.165489 0.224612 0.498376 -1 0.199354 0.515657 -1 -0.715351 -0.55879 0.116223 -1 -0.576622 0.256873 -0.110334 -0.081823 -1 0.967807 -0.153092 -0.331445 -0.281894 0.874178 -0.0646569 -0.0363193 -0.641105 0.250087 0.800771 -1 0.00811279 -0.27021 0.348124 0.527634 0.0436346 0.549478 0.301553 -0.451718 0.76614 0.00258747 -0.100162 -0.360596 -1 -0.793985 0.844068 -0.912049 0.707859 0.512846 0.758612 -0.33959 -0.398897 -0.341467 0.240289 -0.996051 -0.472464 -0.15074 -0.844051 -0.593593 0.259395 0.467007 0.00479504 0.516098 -0.447485 0.53443 0.641765 0.735985 -0.139597 -0.944587 -0.659822 -0.133056 -0.0976949 -0.65157 0.493095 -1 0.962187 0.0366352 0.425004 -0.107627 -0.25901 0.0867381 -0.174795 -1 -0.498038 -0.763561 -0.9456 0.637967 -0.0359407 -0.429561 -0.425415 -0.736439 -0.65998 -0.865533 -0.281738 -0.602735 0.264645 0.127673 -0.563805 -1 -0.019899 0.212847 -0.431248 
-0.487079 -1 -0.755112 -0.170031 -0.482834 0.121241 -0.134495 0.424699 0.491513 0.260773 0.560695 -0.177418 -0.832611 -0.815333 -1 -0.743803 0.0664681 -0.757116 0.652295 0.755333 -0.461816 -0.893355 0.0407766 -1 -0.159679 -0.303037 -1 -0.637414 -0.485771 0.562802 0.18705 -0.807473 0.901352 0.10698 0.382479 0.278563 -1 0.152452 -0.105934 -0.998464 0.263272 0.224612 0.531284 -1 0.158853 0.479135 -1 -0.79807 -0.53866 0.393977 -1 -0.627807 0.182069 -0.136977 -0.075442 -1 0.708866 -0.153092 -0.580114 -0.0358067 0.840208 0.235327 -0.123121 -0.542332 0.0787091 0.63608 -1 -0.208423 -0.452356 0.249481 0.532585 -0.019491 0.556426 0.240173 -0.54233 0.76614 -0.0588618 -0.299651 -0.0977579 -0.889944 -0.911639 0.764674 -1 0.427114 0.339709 0.511036 -0.33959 -0.398897 -0.35467 0.398623 -1 -0.227109 0.128387 -0.79158 -0.593593 0.262143 0.677099 0.0269438 0.675059 -0.447485 0.38906 0.647904 0.65654 -0.195913 -0.957657 -0.659822 -0.105845 0.188401 -0.626121 0.439523 -0.952422 0.793318 0.108268 0.533157 -0.105 -0.270511 0.0790273 -0.502328 -1 -0.498361 -0.763561 -1 0.46435 0.0514355 -0.384438 -0.362219 -0.704363 -0.65998 -0.817625 -0.0527207 -0.802218 0.398433 0.267088 -0.314417 -1 -0.019899 0.262574 -0.153343 
-0.487079 -1 -0.782597 -0.0975879 -0.518658 0.0984606 -0.170475 0.4219 0.44145 0.215949 0.537767 -0.217182 -0.919872 -0.833312 -1 -0.775363 0.1011 -0.776893 0.638482 0.845518 -0.606248 -0.786571 0.249618 -1 0.0370475 -0.403134 -1 -0.631847 -0.335706 0.591687 0.214852 -0.807473 0.901352 0.10698 0.364371 0.279342 -0.931761 0.126911 -0.12138 -0.968957 0.263272 0.249119 0.531011 -1 0.199354 0.521045 -1 -0.823996 -0.637465 0.307516 -1 -0.612574 0.277226 -0.0406701 -0.0890903 -1 0.904248 -0.127432 -0.30541 -0.0929645 0.864774 0.235327 0.0485176 -0.447837 0.390445 0.871991 -1 -0.0790414 -0.285503 0.307558 0.542982 0.105757 0.556426 0.278622 -0.454446 0.677749 -0.0524959 -0.100162 -0.20655 -1 -0.879888 0.745292 -0.95154 0.707859 0.427571 0.758612 -0.332383 -0.398897 -0.337916 0.398623 -1 -0.215374 0.0483689 -0.896909 -0.593593 0.226936 0.699636 0.0269438 0.675059 -0.447485 0.393055 0.60766 0.735985 -0.195913 -0.996643 -0.659822 -0.0866013 0.201975 -0.723352 0.426312 -1 0.869547 0.0429361 0.456139 -0.107627 -0.270511 0.123393 -0.249049 -1 -0.57637 -0.763561 -0.9456 0.606684 0.108198 -0.417394 -0.408057 -0.709517 -0.709407 -0.789674 -0.124606 -0.559617 0.336367 0.280391 -0.338534 -1 -0.179044 0.287046 -0.203829 
-0.301338 -0.332043 -0.908067 0.234904 0.694359 -0.792489 -0.191578 -1 0.780111 -1 -0.761088 -0.978113 0.000960246 -0.101722 0.250553 -1 -1 -1 0.431592 0.562249 -0.861865 -0.347759 -0.209186 0.277635 0.472958 0.798329 -0.473501 -0.957108 -0.942159 -1 -0.972832 -0.947147 -0.361936 -0.373628 -1 -0.722181 0.498946 -0.0603117 -1 -1 -0.102011 -0.750327 -0.975984 0.303942 -1 -0.60667 0.605878 -0.881801 -0.0703903 -0.290171 -0.699089 -0.46626 -1 -0.418447 -0.968448 -0.279388 -0.704566 0.384974 -0.600109 -1 -0.274405 -0.0303234 -1 0.308264 0.407859 -1 -0.531626 0.199446 0.733221 -1 -0.741149 -1 -0.495419 -1 -0.504181 -0.493473 -0.821081 -0.753094 0.149712 -0.972838 -0.288083 -1 -0.202314 0.0878385 -0.987253 -0.0130548 0.088723 0.167541 -0.158946 -0.528861 -0.966318 0.158723 -1 -1 -0.57287 -0.290377 -0.919043 -0.0884423 -0.00517242 -0.563657 -0.102552 -0.15945 -0.452828 -0.888311 -0.0848331 -0.445165 -0.247247 -0.434643 -0.477911 -0.0922074 -1 -1 0.276089 -0.0799453 -0.369897 0.0692062 0.174366 -1 -0.678897 -1 -1 0.55075 -0.408765 0.365964 -1 -1 -0.997371 -0.837045 0.459225 -0.397056 -0.517313 0.251318 -0.260159 0.19794 -0.536043 -0.904746 -1 -0.908439 
-0.454115 -0.975159 -0.811032 -0.0881806 -0.52997 0.0725986 -0.133173 0.330846 0.429219 0.260773 0.440362 -0.177418 -0.832634 -0.917092 -1 -0.762082 0.0958052 -0.804595 0.618568 0.767583 -0.573169 -0.883028 0.182375 -0.968586 0.00131516 -0.395182 -1 -0.662251 -0.332887 0.479029 0.148191 -0.738571 0.840684 0.10698 0.297048 0.265637 -0.924902 0.0251458 -0.105934 -1 0.124467 0.224612 0.496091 -1 0.130216 0.446068 -1 -0.816515 -0.615219 0.393977 -1 -0.57463 0.211748 -0.0728842 -0.149242 -0.966268 0.812842 -0.274596 -0.2979 -0.0701248 0.86261 0.235327 -0.113455 -0.556928 0.358188 0.84397 -1 -0.0204982 -0.244568 0.354392 0.424686 0.0487001 0.557148 0.329066 -0.49177 0.745878 0.032827 -0.286779 -0.14394 -0.943042 -0.865606 0.821742 -0.959496 0.707859 0.406789 0.758612 -0.356974 -0.406952 -0.370623 0.315464 -1 -0.345063 0.0555674 -0.922637 -0.776565 0.243091 0.79382 -0.0796696 0.675059 -0.544721 0.424037 0.466569 0.735985 -0.195913 -0.983168 -0.75987 -0.199472 0.199597 -0.707357 0.53397 -1 0.792882 0.108842 0.539145 -0.107627 -0.270511 0.123393 -0.294626 -1 -0.730092 -0.708107 -0.985884 0.57173 0.0999813 -0.456285 -0.362219 -0.606296 -0.736426 -0.779626 -0.126681 -0.559617 0.336335 0.267088 -0.38623 -0.994605 -0.019899 0.325151 -0.169826 
-0.14423 -0.477789 -1 0.0774658 0.413705 -0.748678 0.00913587 -1 0.387661 -1 -1 -0.980857 0.182418 -0.279945 0.233454 -1 -1 -1 0.00927383 0.705456 -0.405768 -0.144712 -0.17757 0.473446 0.544173 0.791196 -0.494256 -1 -1 -1 -1 -0.963267 -0.357129 -0.479847 -1 -1 0.134755 -0.19213 -0.970828 -1 -0.824808 -1 -0.648539 0.508553 -1 -0.826122 0.743031 -0.665723 -0.402561 -0.335931 -0.693109 -0.741574 -0.948593 -0.577321 -0.513218 -0.0591515 -0.97054 0.613044 -0.682548 -0.774837 -0.237532 -0.62003 -1 0.505849 0.189702 -1 -0.895297 0.173216 0.837664 -1 -1 -1 -0.395909 -1 -0.487917 -0.326444 -0.844598 -0.312548 -0.270434 -1 -0.404447 -1 -0.30427 -0.108778 -0.916203 -0.052195 0.325055 0.10835 -0.563798 -0.850101 -0.793617 0.29827 -1 -1 -0.64085 -0.390618 -1 -0.247402 -0.0132807 -0.598431 0.17234 -0.0751859 -0.708852 -0.929098 -0.29761 -0.895901 -0.359061 -0.313964 -0.552341 -0.114164 -0.949027 -1 -0.0792517 0.265413 -0.793328 0.0823877 0.324428 -0.99177 -0.594141 -1 -0.954433 0.339541 -0.349893 0.240618 -1 -1 -1 -0.358497 0.465151 -0.266054 -0.576182 -0.345415 -0.350725 0.000984579 -0.713353 -0.976104 -0.991058 -1 
-0.549472 -1 -0.755112 -0.0672945 -0.543237 0.143322 -0.148553 0.32495 0.44145 0.214383 0.518054 -0.223408 -0.784748 -0.906181 -0.960595 -0.815856 0.0521998 -0.704111 0.5081 0.826196 -0.432724 -0.844021 0.246697 -0.958572 0.0370475 -0.278148 -1 -0.608278 -0.255099 0.676733 0.18705 -0.87309 0.887233 0.0506086 0.260002 0.279342 -0.963781 0.10253 -0.146248 -1 0.282377 0.224612 0.531284 -0.999811 0.199354 0.479921 -1 -0.74496 -0.53866 0.393977 -1 -0.599036 0.20083 -0.184899 -0.150974 -1 0.828282 -0.131379 -0.294382 -0.0654933 0.86167 0.147314 0.0451387 -0.503431 0.387117 0.876418 -1 -0.108984 -0.290992 0.348124 0.530329 0.0691206 0.556426 0.301553 -0.454446 0.76614 -0.0620792 -0.1122 -0.244204 -0.899536 -1 0.804048 -0.993664 0.707859 0.506719 0.679048 -0.33959 -0.386054 -0.443964 0.398623 -1 -0.227109 0.128387 -0.852495 -0.593593 0.259395 0.762961 0.0267323 0.584787 -0.493524 0.481913 0.603765 0.735985 -0.224802 -0.957657 -0.659822 -0.12517 0.195854 -0.649315 0.53397 -0.986648 0.830767 0.0913558 0.533157 -0.103541 -0.270511 0.103959 -0.249049 -1 -0.494732 -0.735843 -0.99756 0.661138 0.108539 -0.448435 -0.339734 -0.65961 -0.633645 -0.875329 -0.0317527 -0.559617 0.319761 0.239061 -0.224079 -1 -0.0721164 0.242952 -0.153343 
-0.487079 -1 -0.755112 -0.0672945 -0.518658 0.121241 -0.134495 0.424699 0.44145 0.260773 0.537767 -0.177418 -0.784748 -0.815333 -1 -0.725354 0.1011 -0.704111 0.652295 0.826196 -0.461816 -0.728439 0.249618 -0.958572 0.0370475 -0.303037 -1 -0.631847 -0.255099 0.676733 0.18705 -0.807473 0.901352 0.10698 0.380955 0.279342 -0.907379 0.10253 -0.105934 -0.998464 0.263272 0.224612 0.531284 -1 0.199354 0.515657 -1 -0.74496 -0.53866 0.393977 -1 -0.576622 0.277226 -0.0376023 -0.0711449 -1 0.891925 -0.153092 -0.293373 -0.0358067 0.86167 0.235327 0.0485176 -0.447837 0.387117 0.876418 -1 0.00811279 -0.201055 0.348124 0.532585 0.0849656 0.556426 0.301553 -0.454446 0.76614 0.032827 -0.100162 -0.141271 -0.889944 -0.865606 0.821742 -0.928341 0.707859 0.512846 0.758612 -0.33959 -0.398897 -0.337916 0.398623 -1 -0.227109 0.128387 -0.844051 -0.593593 0.259395 0.773405 0.0269438 0.675059 -0.447485 0.53443 0.647904 0.735985 -0.195913 -0.957657 -0.659822 -0.105845 0.201975 -0.670226 0.53397 -0.973817 0.869547 0.108268 0.533157 -0.107627 -0.270511 0.123393 -0.249049 -1 -0.512521 -0.763561 -0.9456 0.637967 0.108198 -0.393012 -0.362219 -0.603848 -0.65998 -0.789674 -0.00584069 -0.559617 0.315613 0.267088 -0.238004 -1 -0.019899 0.323454 -0.153343 
-0.824433 -1 -0.866392 -0.129081 -0.81843 0.0512891 -0.379021 0.198883 0.235792 0.278893 0.537767 -0.293523 -1 -1 -1 -0.813855 -0.213911 -0.699412 0.397067 0.830985 -0.555674 -0.949393 -0.00314324 -1 -0.196303 -0.328632 -1 -0.631847 -0.343141 0.374149 -0.0486217 -0.980648 0.472649 -0.0964761 0.224998 0.308456 -0.992402 0.10253 0.00187033 -1 0.177561 -0.018602 0.188229 -1 0.168852 0.264499 -0.98599 -0.783751 -0.577253 0.221124 -1 -0.676474 0.268513 -0.22231 -0.313317 -0.964119 0.836532 -0.360017 -0.36937 -0.313818 0.715297 0.056998 0.0485176 -0.569646 0.258662 0.59747 -1 -0.0969124 -0.174737 0.348124 0.217191 0.0647419 0.462011 0.229924 -0.507044 0.772339 -0.0287656 -0.367555 -0.42147 -0.859655 -1 0.70319 -1 0.717864 0.224929 0.570115 -0.372813 -0.676603 -0.709104 0.202152 -1 -0.214628 -0.366121 -0.987622 -0.874406 0.214211 0.656705 0.00257688 0.582801 -0.429392 0.526995 0.193683 0.790514 -0.3598 -1 -0.932952 -0.139994 0.107338 -0.70897 0.148331 -1 0.800841 0.0218517 0.562561 -0.0332968 -0.33156 0.0155684 -0.476218 -1 -0.589088 -0.893868 -0.875758 0.381855 0.137098 -0.263779 -0.435758 -0.780891 -0.664907 -0.873276 -0.221963 -0.537817 0.367203 0.292596 -0.120627 -0.959709 -0.174115 -0.309351 -0.217261 
-0.270333 -0.0819356 -1 -0.508361 0.679098 -1 0.187881 -1 0.647847 -1 -0.876545 -1 -0.106449 -0.374174 -0.0156397 -1 -0.912522 -1 0.191678 0.392072 -0.319287 -0.291296 -0.143222 -0.094625 0.472019 0.750978 -0.521542 -1 -0.960347 -0.952493 -1 -1 -0.743759 -0.425465 -1 -0.862887 0.335681 -0.0676298 -1 -1 -0.501984 -0.868117 -0.951719 0.521914 -0.840859 -0.588522 0.748408 -0.742837 -0.190608 -0.217888 -0.798006 -0.36263 -1 -0.599527 -0.912808 -0.141843 -0.866159 0.560106 -0.411607 -1 -0.0549005 -0.330821 -1 0.137224 0.185323 -0.983334 -0.700044 0.159021 0.478698 -0.918561 -0.707774 -0.944789 -0.47469 -1 -0.763835 -0.427404 -0.750654 -0.311018 0.0324841 -1 -0.303667 -1 -0.355388 -0.319789 -1 -0.299726 0.179159 0.252398 -0.180831 -0.488602 -0.588257 0.235714 -1 -1 -0.557623 -0.332796 -0.822739 -0.132904 -0.346294 -0.671466 0.151516 -0.226882 -0.598923 -0.773243 -0.184951 -0.957556 -0.756029 -0.21551 -0.345516 -0.0419663 -1 -1 0.202014 -0.026941 -0.653215 0.0514805 0.306115 -0.988816 -0.645916 -1 -0.920826 0.67592 -0.499923 0.337207 -1 -0.888711 -1 -0.277125 0.432539 -0.152145 -0.537213 0.261943 -0.582672 0.0201075 -0.696508 -1 -1 -0.989018 
-0.515108 -1 -1 -0.2489 -0.708111 0.0658183 -0.18827 0.404067 0.304131 0.0741295 0.323937 -0.313561 -0.7657 -0.775458 -1 -0.85329 0.156653 -0.747701 0.595305 0.655671 -0.558155 -0.77004 -0.00891536 -0.947047 -0.327286 -0.650518 -1 -0.783515 -0.284631 0.643648 0.153847 -0.885626 0.903744 0.0376589 0.261046 -0.0467959 -1 0.0632012 -0.353671 -1 0.00668504 -0.0331737 0.458872 -0.953129 0.00663606 0.345798 -1 -0.71767 -0.65851 0.0413651 -1 -0.617516 0.316918 -0.435975 -0.430217 -1 0.793421 -0.403642 -0.355462 -0.309597 0.554334 0.284906 -0.0607412 -0.664174 0.256124 0.60253 -1 -0.154765 -0.242878 0.272864 0.573716 -0.018814 0.203272 0.124495 -0.563321 0.491989 0.0273953 -0.114014 -0.159966 -0.889944 -1 0.757079 -1 0.38842 0.219458 0.716989 -0.243541 -0.489644 -0.703228 0.267717 -0.912625 -0.486623 -0.140667 -0.885556 -0.670558 0.0916704 0.775151 -0.210607 0.615653 -0.541683 0.419454 0.318122 0.658067 -0.477348 -0.980464 -1 -0.31508 0.224054 -0.79478 0.418174 -1 0.747321 0.130134 0.534049 -0.101442 -0.205885 -0.146663 -0.231256 -1 -0.891026 -0.852452 -0.974467 0.2812 0.0317452 -0.492236 -0.350079 -0.740789 -0.622636 -0.806899 -0.0426214 -1 0.17132 0.15071 -0.385918 -1 0.079441 -0.00797081 -0.337309 
0.0292746 -0.189914 -0.979349 -0.0747949 0.632164 -0.95384 0.119129 -1 0.529277 -1 -0.847414 -1 -0.117002 -0.137842 -0.169345 -1 -1 -0.987497 0.257891 0.620957 -0.45809 -0.157321 -0.145141 0.0406834 0.591207 0.838074 -0.731662 -1 -1 -0.794498 -1 -1 -0.322029 -0.641518 -1 -0.976004 0.391677 -0.0958981 -1 -1 -0.68847 -0.800407 -0.801855 0.340019 -0.797046 -0.593694 0.801807 -0.648399 -0.288931 -0.321914 -0.794426 -0.516969 -0.990433 -0.631968 -0.651002 -0.064449 -0.870145 0.547411 -0.428994 -0.871577 0.0944678 0.00294325 -1 0.474384 0.156876 -0.999531 -0.565319 0.223951 0.874383 -1 -0.743359 -1 -0.391754 -1 -0.755446 -0.537143 -0.797863 -0.470237 0.0388253 -1 -0.297896 -1 -0.171702 -0.180706 -1 -0.306256 0.241315 0.0668986 0.0835045 -0.435045 -0.854522 0.201439 -1 -0.964671 -0.591534 -0.353536 -0.833732 -0.192959 -0.0193228 -0.545929 -0.0231827 -0.135177 -0.840387 -0.722752 -0.127148 -0.793251 -0.456217 -0.169232 -0.438449 -0.144449 -0.871337 -1 0.20057 -0.0491285 -0.423258 0.0231745 0.311794 -0.983064 -0.621493 -1 -0.863413 0.672621 -0.364782 0.2267 -1 -0.923972 -0.994972 -0.264877 0.432539 -0.477253 -0.478796 0.217963 -0.582132 0.0341324 -0.813912 -1 -0.930595 -0.961502 
0.101297 -0.178857 -0.944852 0.322143 0.259833 -0.808349 0.161628 -1 0.559116 -1 -1 -0.937835 -0.138629 -0.289339 0.207605 -1 -0.933172 -1 0.143556 0.191279 -0.811175 -0.140692 -0.231307 0.26952 0.625269 0.427216 -0.757261 -1 -1 -0.926683 -1 -1 -0.776593 -0.322028 -1 -1 0.131972 -0.0032965 -0.944963 -1 -0.139956 -1 -0.939364 0.405049 -0.835016 -0.602223 0.807218 -0.701717 -0.0110459 -0.318084 -0.940087 -0.368509 -1 -0.3022 -0.833772 0.0610703 -1 0.194839 -0.809907 -0.786263 0.0252674 0.0199906 -1 0.603316 0.087681 -1 -0.425438 0.199799 0.764175 -0.990169 -0.846809 -1 -0.373161 -1 -0.861245 -0.232082 -0.616849 -0.771507 0.169754 -1 -0.486675 -0.933167 -0.60135 -0.342537 -1 0.0436386 0.0343393 0.160899 -0.108677 -0.261497 -0.931389 0.239019 -1 -0.744386 -0.651814 -0.420887 -1 -0.285685 -0.157052 -0.940135 0.010227 -0.0793339 -1 -0.788576 -0.109786 -0.604766 -0.305367 -0.584361 -0.480203 0.141208 -1 -0.974926 0.280855 0.161982 -0.417804 -0.105802 0.314066 -0.910567 -0.773944 -1 -0.918687 0.405517 -0.771868 0.359596 -1 -0.994133 -1 -0.199796 0.607169 -0.0655725 -0.228395 0.248349 -0.0950686 0.126431 -1 -0.948148 -1 -1 
-0.455263 -0.941131 -0.877995 -0.126493 -0.61927 0.121241 -0.146703 0.354014 0.44145 0.270147 0.432713 -0.181306 -0.778267 -0.969995 -1 -0.772727 0.114344 -0.754444 0.636614 0.767583 -0.58949 -0.838784 0.179037 -1 0.00131516 -0.393063 -1 -0.682394 -0.292124 0.438868 0.238032 -0.8986 0.879001 0.10698 0.370965 0.319277 -0.907379 0.0374709 -0.11572 -0.950269 0.135734 0.202995 0.531284 -1 0.15489 0.537261 -0.971882 -0.745395 -0.620279 0.393977 -1 -0.666043 0.21337 -0.0376023 -0.154937 -0.969546 0.73097 -0.275534 -0.273779 -0.0791642 0.86261 0.160077 -0.0290553 -0.465816 0.392185 0.84353 -1 -0.0369779 -0.228726 0.310684 0.417972 0.124826 0.559335 0.301553 -0.519142 0.697382 0.032827 -0.241206 -0.14394 -1 -0.865606 0.744794 -0.975601 0.707859 0.389539 0.758612 -0.342808 -0.455234 -0.370623 0.267082 -1 -0.229008 -0.0334419 -0.922637 -0.721411 0.275258 0.760973 -0.0621969 0.677139 -0.470257 0.375908 0.477198 0.698613 -0.264332 -0.981058 -0.75987 -0.115333 0.115005 -0.709048 0.53397 -1 0.820978 0.104269 0.543621 -0.162384 -0.306614 0.0700992 -0.255647 -1 -0.751079 -0.788896 -0.952088 0.506999 0.108198 -0.456285 -0.398398 -0.562768 -0.716435 -0.779626 -0.108232 -0.559617 0.304451 0.267088 -0.326541 -1 -0.0127114 0.346467 -0.2528 
-0.658315 -0.978725 -0.800074 -0.182643 -0.604647 -0.00708678 -0.466138 0.388734 0.240524 0.260954 0.369464 -0.177418 -0.669446 -0.815333 -1 -0.682104 -0.0338775 -0.768687 0.287874 0.825103 -0.622471 -0.828712 0.0680508 -1 -0.0694849 -0.414273 -1 -0.674522 -0.341986 0.695489 0.0873116 -1 0.79465 -0.222212 0.339377 0.0590223 -0.974607 0.231192 -0.439817 -1 0.295329 -0.0885923 0.273608 -0.977178 0.202581 0.344272 -1 -0.917083 -0.635042 0.0868822 -1 -0.885569 0.105364 -0.207355 -0.122221 -1 0.794294 -0.138589 -0.634324 -0.101823 0.822553 0.244308 -0.0285533 -0.521216 0.24184 0.772365 -1 -0.141619 -0.299752 0.263868 0.297577 -0.110662 0.302035 0.298493 -0.802606 0.680588 0.039447 -0.0988199 -0.493305 -1 -1 0.551923 -1 0.502098 0.376466 0.464907 -0.323723 -0.457759 -0.445042 0.44813 -0.991215 -0.462727 -0.00592403 -1 -0.568527 -0.0111329 0.489781 0.00373668 0.363499 -0.726067 0.478308 0.230275 0.70544 -0.345015 -1 -0.784291 -0.273011 -0.41148 -0.678667 0.418187 -0.988074 0.975287 0.185558 0.553818 -0.413973 -0.240991 0.0263047 -0.393859 -0.979821 -0.55662 -0.763561 -0.988801 0.712602 0.161863 -0.358681 -0.578159 -0.866079 -0.854289 -1 0.00739623 -0.886727 0.244611 0.0495974 -0.331253 -1 -0.2116 0.0477899 -0.46338 
-0.483191 -0.979367 -0.811032 -0.0808137 -0.518658 0.0224442 -0.133173 0.290225 0.44145 0.260773 0.440362 -0.218568 -0.778267 -0.918617 -0.99429 -0.809692 0.0958052 -0.804595 0.653035 0.673833 -0.562121 -0.838066 0.222114 -0.952468 0.00131516 -0.393063 -1 -0.66634 -0.383287 0.479029 0.235196 -0.792134 0.870423 0.0512855 0.380955 0.184682 -0.97661 0.10253 -0.105934 -0.978554 0.126777 0.24963 0.429492 -1 0.130216 0.446068 -1 -0.74496 -0.552522 0.328722 -1 -0.576622 0.209937 -0.0376023 -0.100129 -0.969546 0.74887 -0.274596 -0.2979 -0.0791642 0.88652 0.235327 -0.0456293 -0.509477 0.350689 0.871149 -1 -0.0204982 -0.27064 0.326783 0.424686 0.0849656 0.496903 0.301553 -0.537422 0.745878 -0.0283975 -0.241206 -0.137577 -0.960003 -0.865606 0.777178 -0.993395 0.725291 0.441766 0.716727 -0.391279 -0.406952 -0.370623 0.351285 -1 -0.26423 -0.00427322 -0.922637 -0.776565 0.259395 0.810054 -0.0119377 0.675059 -0.544721 0.424037 0.499981 0.671385 -0.195913 -1 -0.746588 -0.0805261 0.131954 -0.709048 0.53397 -1 0.777534 0.107181 0.535774 -0.107627 -0.270511 0.0656515 -0.255647 -1 -0.724869 -0.675285 -0.970683 0.550797 -0.0386303 -0.49638 -0.362219 -0.573114 -0.695297 -0.779626 -0.126681 -0.559617 0.27158 0.216728 -0.31835 -1 -0.019899 0.323454 -0.227117 
-0.487079 -1 -0.755112 -0.0672945 -0.518658 0.121093 -0.134495 0.424699 0.383522 0.260773 0.537767 -0.177418 -0.784748 -0.844041 -1 -0.810002 0.115745 -0.704111 0.647939 0.823141 -0.474044 -0.728439 0.211952 -0.958572 0.016479 -0.303037 -1 -0.65846 -0.255099 0.676733 0.18705 -0.807473 0.901352 0.10698 0.372275 0.279342 -0.940077 0.10253 -0.105934 -0.976631 0.263272 0.219204 0.499007 -1 0.21336 0.515657 -1 -0.74496 -0.599514 0.393977 -1 -0.576622 0.277226 -0.109572 -0.0983282 -1 0.862505 -0.153092 -0.293373 -0.0358067 0.86167 0.153978 -0.0372384 -0.467697 0.352977 0.83779 -1 -0.0747372 -0.18267 0.348124 0.532585 0.0849656 0.54272 0.276979 -0.442932 0.726093 0.032827 -0.100162 -0.196707 -0.948704 -0.87089 0.785166 -0.928341 0.707859 0.506428 0.772941 -0.33959 -0.431502 -0.344381 0.398623 -1 -0.227109 0.128387 -0.844051 -0.593593 0.259395 0.773405 0.0526393 0.675059 -0.505407 0.53443 0.647904 0.725166 -0.195913 -0.961119 -0.671602 -0.115047 0.201975 -0.670226 0.380889 -0.973817 0.85243 0.108268 0.553859 -0.107627 -0.270511 0.123393 -0.249049 -1 -0.512521 -0.763561 -0.9456 0.637967 0.108198 -0.393012 -0.362219 -0.600261 -0.65998 -0.789674 -0.070522 -0.559617 0.315613 0.291903 -0.275243 -1 -0.019899 0.323454 -0.153343 
0.0281634 -0.285054 -1 -0.00799534 0.593701 -1 -0.173996 -1 0.54158 -1 -0.867819 -1 -0.0777457 -0.0141419 0.0876767 -1 -0.952456 -1 0.243216 0.614452 -0.400763 -0.117589 -0.131806 0.264146 0.546078 0.74366 -0.918402 -0.915087 -1 -0.875787 -1 -1 -0.361936 -0.432762 -0.983023 -0.969827 0.385215 -0.0537797 -1 -1 -0.435466 -0.781182 -0.845384 0.386719 -0.772376 -0.505931 0.742856 -0.589343 -0.227569 -0.689243 -0.709253 -0.297705 -1 -0.418533 -0.692592 -0.105944 -1 0.325176 -0.549726 -0.841253 -0.175132 0.00294325 -0.926037 0.437922 0.237746 -0.979924 -0.564695 0.142112 0.841596 -0.995317 -0.632317 -1 -0.338475 -1 -0.718064 -0.428321 -0.640479 -0.265891 -0.0888279 -1 -0.47928 -1 -0.162741 -0.359738 -0.982629 -0.320714 0.214129 0.353744 -0.163943 -0.652142 -0.788285 0.259383 -0.907151 -1 -0.739953 -0.40425 -0.862932 -0.297755 -0.00517242 -0.49764 -0.180043 -0.057529 -0.90931 -0.819146 0.0085367 -0.962524 -0.760938 -0.156376 -0.529124 0.116985 -0.90968 -0.915315 0.0848413 -0.146726 -0.334207 0.0507666 0.285859 -0.983064 -0.664649 -0.920902 -0.837853 0.650057 -0.381843 0.300671 -1 -1 -1 -0.260097 0.346477 -0.258873 -0.275022 0.149379 -0.379023 0.137352 -0.769422 -0.99099 -0.984892 -0.901746 
-0.264856 -0.123131 -0.92752 0.00998076 0.668813 -0.764114 0.108921 -1 0.691112 -1 -0.835457 -1 0.181182 -0.296533 0.133287 -0.982814 -1 -1 -0.000941902 0.800065 -0.430357 -0.098694 -0.149828 0.573916 0.637476 0.749177 -0.369763 -0.9757 -1 -0.894096 -1 -1 -0.674422 -0.412966 -1 -0.861166 0.505263 -0.0353745 -1 -1 -0.169365 -0.866146 -0.548952 0.585306 -0.835016 -0.599075 0.746619 -0.655496 -0.0849808 -0.299197 -0.553706 -0.58796 -1 -0.162896 -0.696889 0.0301433 -0.804339 0.613044 -0.602948 -0.572211 0.026496 -0.240351 -1 0.180113 0.163891 -0.999641 -0.394672 0.103911 0.819791 -1 -0.608363 -1 -0.266542 -1 -0.690289 -0.305355 -0.570057 -0.445929 0.0998203 -1 -0.329426 -1 -0.0792555 0.0437789 -0.920234 -0.180374 0.369267 0.360743 -0.073938 -0.443682 -0.800641 0.252147 -1 -0.840943 -0.463194 -0.533288 -0.953848 -0.0879242 -0.0420648 -0.66897 0.387378 -0.0676337 -0.618314 -0.933191 -0.362517 -0.516538 -0.328436 -0.262741 -0.392217 0.141095 -0.899595 -1 0.131221 0.194362 -0.373164 0.165104 0.33825 -1 -0.495662 -0.975583 -0.916902 0.643743 -0.58765 0.356947 -1 -1 -1 -0.264291 0.557335 -0.190662 -0.331002 0.186671 -0.254588 0.0779466 -0.608444 -0.937354 -1 -0.80061 
-0.226148 -0.113141 -1 -0.154091 0.719826 -1 0.21361 -1 0.615246 -0.974578 -0.933766 -1 -0.0919966 -0.555955 -0.164069 -0.904493 -0.971135 -0.983272 0.0197668 0.639817 -0.886554 -0.0373107 -0.23503 0.393742 0.262855 0.86502 -0.588511 -1 -1 -0.845949 -1 -1 -0.556028 -0.746098 -1 -1 0.275012 -0.339637 -0.971514 -0.941951 -0.357448 -0.979247 -0.548952 0.358081 -0.829587 -0.748097 0.747766 -0.883758 -0.198837 -0.462465 -0.458623 -0.487215 -1 -0.253947 -0.865295 -0.267267 -1 0.613044 -0.683677 -0.597137 -0.121024 0.00294325 -1 0.349044 -0.0891441 -1 -0.618502 0.0734733 0.920524 -1 -0.899188 -0.99595 -0.480115 -1 -0.621067 -0.313125 -0.543668 -0.457818 -0.0383053 -0.961446 -0.535843 -1 -0.0986985 -0.0727518 -0.975571 -0.286021 0.431228 0.414304 -0.0102594 -0.53178 -0.671584 0.286144 -1 -1 -0.462787 -0.507943 -0.959149 0.0172672 0.0194518 -0.85456 0.0525151 -0.314204 -0.448292 -1 -0.16025 -0.724183 -0.477575 -0.141874 -0.462716 0.195898 -1 -1 -0.0580147 0.283527 -0.369863 0.0823877 0.190207 -0.919489 -0.792342 -0.997084 -1 0.672621 -0.492784 0.291515 -1 -0.997758 -1 -0.558241 0.520937 -0.118755 -0.480291 0.104899 -0.363854 0.199031 -0.98717 -0.887373 -1 -0.859912 
-0.487079 -1 -0.868913 -0.0975879 -0.524332 0.0984606 -0.134495 0.40348 0.446936 0.260773 0.452143 -0.217182 -0.91904 -0.815333 -1 -0.725354 0.1011 -0.776893 0.638482 0.826196 -0.526554 -0.802096 0.249618 -0.958572 -0.0154208 -0.350147 -1 -0.631847 -0.313946 0.676733 0.139826 -0.807473 0.901352 0.10698 0.37491 0.27414 -0.948216 0.126911 -0.105934 -0.954849 0.263272 0.224612 0.531011 -1 0.199354 0.473678 -1 -0.74496 -0.624766 0.305768 -1 -0.633999 0.277226 -0.0503823 -0.0890903 -1 0.869187 -0.127432 -0.293373 -0.0929645 0.825157 0.235327 0.0485176 -0.459816 0.387117 0.844356 -1 -0.0790414 -0.223564 0.307558 0.532585 0.0553235 0.511987 0.278622 -0.454446 0.728494 0.032827 -0.100162 -0.20655 -0.979675 -0.879888 0.78844 -0.95154 0.672715 0.512846 0.758612 -0.319761 -0.398897 -0.337916 0.398623 -1 -0.225933 0.0483689 -0.844051 -0.593593 0.259395 0.699636 0.00643664 0.675059 -0.447485 0.467563 0.625424 0.735985 -0.195913 -0.982308 -0.713643 -0.0866013 0.116123 -0.670226 0.426312 -0.973817 0.851041 0.079463 0.456139 -0.107627 -0.345506 0.123393 -0.251387 -1 -0.640044 -0.763561 -0.9456 0.637967 0.0766379 -0.419905 -0.408057 -0.673092 -0.709407 -0.789674 -0.0408733 -0.556184 0.336367 0.267088 -0.302509 -1 -0.0957922 0.323454 -0.203829 
-0.750292 -1 -0.755112 -0.0892224 -0.74363 0.0916935 -0.129752 0.424699 0.179057 0.304126 0.554931 -0.260524 -1 -1 -1 -0.813855 -0.213911 -0.699412 0.397067 0.830985 -0.555674 -0.920122 0.176888 -1 -0.148519 -0.390572 -1 -0.614141 -0.343141 0.522593 -0.104323 -0.901704 0.72317 -0.0964761 0.263038 0.219029 -0.907379 0.10253 0.00187033 -0.982143 0.107933 -0.00353108 0.188229 -1 0.168852 0.285433 -1 -0.807964 -0.5991 0.238656 -1 -0.676474 0.232198 -0.0376023 -0.333771 -1 0.836532 -0.309582 -0.36937 -0.339532 0.715297 0.089071 0.0485176 -0.374544 0.258662 0.59747 -0.95254 -0.0969124 -0.156815 0.348124 0.356579 -0.0189831 0.462011 0.288511 -0.507044 0.772339 -0.00662684 -0.100162 -0.18389 -0.859655 -1 0.73386 -1 0.717864 0.453623 0.580647 -0.372813 -0.622346 -0.654459 0.226059 -1 -0.214628 -0.169989 -0.935367 -0.671468 0.284456 0.692286 -0.0564155 0.582801 -0.429392 0.526995 0.559257 0.790514 -0.241469 -0.989582 -0.777401 -0.139994 0.0372487 -0.70897 0.470581 -0.96336 0.751091 0.0720431 0.572079 -0.192661 -0.33156 0.0608082 -0.457393 -0.97052 -0.512521 -0.893868 -0.875758 0.667323 0.108198 -0.301608 -0.433081 -0.538903 -0.711043 -0.789674 0.0111769 -0.526851 0.393821 0.292596 -0.217215 -1 0.0388032 -0.0852124 -0.153343 
-0.501699 -1 -0.775089 -0.165458 -0.801077 0.121241 -0.255924 0.424699 0.44145 0.277257 0.535068 -0.383008 -1 -0.689453 -0.986734 -0.802813 0.0988762 -1 0.652295 0.429265 -0.59403 -0.638416 0.240452 -1 0.0735233 -0.573076 -1 -0.988333 -0.255099 0.411556 0.218554 -0.747922 0.818264 -0.157734 0.0706137 0.113291 -0.871482 -0.169507 -0.366062 -1 0.237968 0.131369 0.531284 -1 -0.0631799 0.372507 -1 -1 -0.535816 0.341158 -1 -0.576622 0.298469 0.0452432 -0.0273367 -1 0.653846 -0.153092 -0.401718 0.017558 0.549024 0.235327 0.0485176 -0.465142 0.157911 0.92498 -0.92027 0.0194381 -0.370991 0.309882 0.283235 -0.00392242 0.44742 0.301553 -0.750039 0.76614 0.032827 -0.280951 -0.408646 -0.996334 -0.872028 0.544037 -0.928341 0.559723 0.221885 0.758612 -0.546723 -0.587499 -0.424672 0.37245 -0.960951 -0.475724 -0.175885 -0.939275 -0.62308 -0.064421 0.742626 -0.0392328 0.485999 -0.502095 0.229895 0.507675 0.499588 -0.195913 -0.860044 -0.531383 -0.294404 0.0565888 -0.647706 0.273485 -1 0.784905 0.117932 0.548846 -0.0210894 -0.270511 -0.0474757 -0.249049 -1 -0.66245 -0.763561 -1 0.568531 0.108198 -0.370019 -0.368065 -0.755977 -0.739081 -0.822956 -0.136067 -0.559617 0.376043 0.209809 -0.485097 -0.982289 -0.019899 0.0697211 -0.333835 
-0.558429 -1 -0.987504 -0.0672945 -0.518658 0.103318 -0.080412 0.387261 0.397915 0.0311844 0.509367 -0.177418 -0.784748 -0.771509 -1 -0.95975 -0.20721 -0.704111 0.652295 0.826196 -0.713669 -0.693548 0.0834975 -0.958572 -0.221126 -0.591954 -1 -0.631847 -0.255099 0.517031 0.181502 -0.783415 0.626356 0.0367231 0.401393 0.234583 -0.918362 -0.14619 -0.105934 -0.998464 0.263272 0.245321 0.365917 -1 0.268731 0.387158 -1 -0.780582 -0.53866 0.393977 -0.99224 -0.512514 0.302668 -0.0548677 -0.272005 -1 0.664674 -0.149802 -0.293373 -0.102046 0.796834 0.235327 -0.111364 -0.447837 0.110256 0.723397 -1 -0.0433948 -0.552303 0.280297 0.514004 -0.110103 0.317414 0.249679 -0.454446 0.471944 0.032827 -0.133811 -0.36564 -0.889944 -1 0.637095 -1 0.707859 0.279613 0.724519 -0.33959 -0.398897 -0.397525 0.447692 -1 -0.227109 0.0305563 -0.844051 -0.686362 0.259395 0.856981 -0.0158699 0.585652 -0.447485 0.454602 0.581114 0.475988 -0.147053 -0.957657 -0.736083 -0.19366 -0.0829377 -0.916856 0.536822 -1 0.785364 0.134269 0.483073 -0.174344 -0.325929 0.113399 -0.249049 -1 -0.74741 -0.721153 -0.953073 0.443121 0.104772 -0.639471 -0.362219 -0.683927 -0.807244 -0.789674 -0.00584069 -0.499661 0.0984625 -0.0480644 -0.308458 -1 0.00673998 0.0282547 -0.153343 
-0.381509 -0.0969297 -1 -0.0454625 0.611568 -0.888822 0.0228299 -0.996306 0.290643 -1 -1 -0.989824 -0.0089503 -0.225927 0.155222 -1 -1 -0.970875 0.267233 0.550869 -0.391564 -0.389369 -0.407058 -0.0306913 0.410879 0.705241 -0.63439 -0.999082 -1 -1 -0.935842 -1 -0.721997 -0.623682 -1 -0.989465 0.100024 -0.0237497 -1 -0.983144 -0.338734 -0.902155 -0.925418 0.49274 -1 -0.561688 0.622192 -0.678599 -0.399593 -0.325758 -0.623592 -0.288751 -1 -0.676528 -0.515465 -0.014654 -0.862358 0.5159 -0.819969 -0.644122 0.0686822 -0.203093 -1 0.441045 0.222441 -1 -0.873748 0.191184 0.924407 -0.987728 -0.757436 -0.972607 -0.788311 -1 -0.672816 -0.299004 -0.795835 -0.727763 -0.0757367 -1 -0.390016 -1 -0.226643 -0.0914905 -1 -0.10329 0.309049 -0.0460811 -0.22114 -0.942678 -0.765359 0.304121 -1 -1 -0.49795 -0.358623 -0.973744 -0.0185082 0.0351588 -0.609026 0.0237911 -0.294501 -0.481254 -0.835005 -0.327928 -0.773639 -0.260131 -0.361401 -0.307388 -0.182685 -0.957567 -1 -0.105507 0.333769 -0.495124 0.186744 0.109339 -1 -0.820247 -1 -0.917201 0.589937 -0.596531 0.339357 -1 -0.995584 -0.933324 -0.328048 0.368602 -0.100086 -0.905323 -0.0243153 -0.220041 0.0269296 -0.879501 -1 -0.979697 -1 
-0.556687 -1 -0.733767 -0.0672945 -0.575833 0.121391 -0.148553 0.219732 0.155548 0.260773 0.537767 -0.189492 -0.784748 -1 -0.931532 -0.775999 -0.0059489 -0.656577 0.38818 0.728417 -0.449293 -0.812539 0.23169 -0.958572 -0.261893 -0.278321 -0.958193 -0.622394 -0.26741 0.790015 0.18705 -0.920133 0.763162 -0.035675 0.380955 0.06347 -0.922198 0.113708 -0.0667224 -1 0.0980497 0.323727 0.423422 -1 0.128655 0.489145 -1 -0.74496 -0.71874 0.319416 -1 -0.857635 -0.0142333 -0.174479 -0.135551 -1 0.724466 -0.233193 -0.356647 0.0295781 0.747218 0.235327 0.00941473 -0.400044 0.387117 0.816701 -1 -0.0269026 -0.298797 0.348124 0.2649 0.0691206 0.379479 0.0417747 -0.646082 0.76614 -0.210475 -0.1122 -0.391614 -0.889944 -0.966277 0.78852 -1 0.699615 0.502015 0.6627 -0.33959 -0.455253 -0.385766 0.393952 -1 -0.250247 0.128387 -1 -0.5036 0.20894 0.773405 0.0267323 0.584787 -0.487613 0.527216 0.577306 0.665273 -0.245001 -0.971327 -0.779878 -0.172015 0.195854 -0.750139 0.456225 -1 0.476529 -0.156939 0.533157 -0.186281 -0.270511 0.0149143 -0.237853 -1 -0.536638 -0.735843 -0.99847 0.625456 0.178976 -0.393012 -0.273384 -0.641389 -0.6525 -0.965745 -0.0147352 -0.601694 0.315613 0.267088 -0.238543 -1 -0.019899 0.264672 -0.505066 
-0.554613 -1 -0.774848 -0.0672945 -0.518658 0.103318 -0.134495 0.424699 0.397915 0.260773 0.509367 -0.212155 -0.755648 -0.898275 -1 -0.725354 0.0887111 -0.704111 0.652295 0.826196 -0.461816 -0.728439 0.249618 -0.958572 0.00216854 -0.303037 -1 -0.631847 -0.255099 0.701973 0.18705 -0.783415 0.892808 0.10698 0.380955 0.295003 -0.918362 0.10253 -0.105934 -0.998464 0.263272 0.224612 0.531284 -1 0.199354 0.520096 -1 -0.780582 -0.53866 0.393977 -0.99224 -0.598767 0.302668 -0.107115 -0.0409708 -1 0.891925 -0.130992 -0.293373 -0.102046 0.775237 0.15482 0.0553679 -0.512707 0.353042 0.786098 -1 0.00811279 -0.276102 0.370858 0.532585 0.0499597 0.556426 0.227353 -0.454446 0.76614 0.032827 -0.0875473 -0.141271 -0.889944 -0.865606 0.743236 -1 0.707859 0.466491 0.758612 -0.33959 -0.431999 -0.337916 0.398623 -1 -0.309258 0.104755 -0.844051 -0.593593 0.259395 0.773405 0.0269438 0.675059 -0.447485 0.48179 0.647904 0.735985 -0.195913 -1 -0.736083 -0.19366 0.147139 -0.670226 0.558492 -1 0.788479 0.108268 0.524437 -0.103333 -0.270511 0.0975798 -0.249049 -1 -0.512521 -0.763561 -0.932748 0.637967 0.108198 -0.470114 -0.438503 -0.603848 -0.65998 -0.789674 -0.00584069 -0.559617 0.320272 0.267088 -0.238004 -1 -0.019899 0.329672 -0.153343 
-0.718782 -1 -0.755112 -0.166008 -0.518658 0.115801 -0.412009 0.331328 0.44145 0.260773 0.537767 -0.246527 -0.773766 -1 -1 -0.822069 0.0742148 -0.734715 0.733798 0.641102 -0.432578 -0.728439 0.249618 -0.958423 -0.0158764 -0.303037 -1 -0.631847 -0.297868 0.561279 0.18705 -0.844551 0.937408 0.0268396 0.380955 0.226958 -0.979284 0.141177 -0.105934 -1 0.152049 -0.0391678 0.515248 -1 0.199354 0.515657 -1 -0.719568 -0.787346 0.393977 -1 -0.848484 0.277226 -0.113293 -0.399154 -1 0.891925 -0.153092 -0.293373 -0.0358067 0.618248 0.146067 -0.0418717 -0.738539 0.316808 0.859509 -1 0.00811279 -0.338157 0.348124 0.532585 -0.222811 0.598648 0.123973 -0.454446 0.76614 -0.20665 -0.425907 -0.141271 -0.964558 -0.771969 0.829474 -0.928341 0.707859 0.543961 0.590565 -0.332635 -0.398897 -0.337916 0.323885 -0.938476 -0.320479 -0.0488204 -0.844051 -0.582554 0.259395 0.609683 0.0419846 0.599033 -0.37459 0.228998 0.592884 0.73831 -0.097522 -1 -0.64483 -0.370364 0.201975 -0.670226 0.53397 -0.973817 0.76645 0.0137861 0.548402 -0.107627 -0.362151 0.123393 -0.393134 -0.982161 -0.533277 -0.726267 -0.998168 0.443053 0.108198 -0.718128 -0.385661 -0.609383 -0.65998 -0.789674 -0.0478665 -0.681413 0.315613 0.267088 -0.227852 -1 -0.019899 0.323454 -0.270381 
-0.458986 -0.915131 -0.951359 -0.094618 -0.518658 0.121241 -0.175657 0.43554 0.448679 0.237541 0.364214 -0.156622 -1 -0.738808 -0.933329 -0.638791 0.0104349 -0.817316 0.40945 0.878521 -0.502539 -0.728439 -0.0257882 -1 0.0370475 -0.548822 -0.978023 -0.631847 -0.255099 0.728809 0.159276 -0.844551 0.860299 0.0546748 0.218943 0.14663 -1 0.095407 -0.105934 -0.998464 -0.0869612 0.00866224 0.589299 -1 0.199354 0.254822 -0.957977 -0.74496 -0.528168 0.411465 -1 -0.576622 0.277226 -0.0180146 -0.0439122 -1 0.873178 -0.153092 -0.291673 0.0400474 0.86167 0.115566 -0.161981 -0.439728 0.312039 0.820718 -1 0.0714988 -0.29138 0.213919 0.232632 -0.235433 0.556426 0.304293 -0.454446 0.854609 0.0028801 -0.103649 -0.375389 -0.894089 -0.865606 0.525055 -1 0.707859 0.428401 0.758612 -0.332635 -0.398897 -0.550689 0.349974 -1 -0.531648 -0.00703917 -0.917685 -0.654559 0.11458 0.739969 0.0361807 0.664618 -0.447485 0.403172 0.332886 0.735985 -0.165865 -1 -0.745027 -0.345465 0.201975 -0.670226 0.475246 -0.98144 0.869547 0.156189 0.451469 -0.107627 -0.25683 0.123393 -0.22527 -1 -0.527327 -0.784795 -1 0.586635 0.108198 -0.393012 -0.385661 -0.610574 -0.669282 -0.824849 -0.22087 -0.557511 0.315613 0.348732 -0.227852 -1 -0.019899 0.323454 -0.153343 
-0.487079 -1 -0.755112 -0.13941 -0.518658 0.121093 -0.134495 0.422259 0.357856 0.260773 0.537767 -0.177418 -0.784748 -0.815333 -1 -0.810002 0.115745 -0.704111 0.658529 0.742004 -0.474044 -0.714056 0.249618 -0.958572 0.0370475 -0.274291 -1 -0.631847 -0.255099 0.676733 0.187498 -0.807473 0.908885 0.10698 0.344399 0.198514 -0.940077 0.10253 -0.105934 -1 0.239662 0.194309 0.531284 -1 0.21336 0.515657 -1 -0.74496 -0.672924 0.393977 -1 -0.576622 0.261477 -0.109572 -0.0711449 -1 0.891925 -0.153092 -0.293373 -0.0358067 0.85771 0.153978 -0.0372384 -0.447837 0.352977 0.83779 -1 -0.0387655 -0.18267 0.348124 0.532585 0.0849656 0.512635 0.276979 -0.454446 0.76614 0.0502393 -0.142067 -0.196707 -0.889944 -0.865606 0.786006 -0.928341 0.707859 0.488982 0.71833 -0.33959 -0.431502 -0.344381 0.398623 -1 -0.222111 0.122768 -0.826897 -0.593593 0.259395 0.773405 0.0526393 0.589084 -0.447485 0.53443 0.659625 0.725166 -0.195913 -0.961119 -0.671602 -0.08808 0.201975 -0.759271 0.417387 -0.973817 0.869547 0.108268 0.533157 -0.107627 -0.263652 0.123393 -0.249049 -1 -0.512521 -0.763561 -0.9456 0.658835 0.108198 -0.416021 -0.362219 -0.603848 -0.65998 -0.764354 -0.096088 -0.635324 0.317079 0.291903 -0.275243 -1 -0.019899 0.337704 -0.153343 
0.0292746 -0.0288655 -0.944852 0.230304 0.694359 -0.792489 0.196009 -1 0.780111 -1 -0.765138 -1 0.192972 -0.0851502 0.262341 -1 -0.918558 -1 0.345105 0.718645 -0.30415 -0.117589 -0.17087 0.546931 0.549073 0.846958 -0.306152 -1 -1 -0.817302 -0.978913 -1 -0.361936 -0.373628 -1 -0.751006 0.577226 0.0550361 -1 -1 -0.129245 -0.670782 -0.548952 0.636743 -0.835016 -0.532793 0.746619 -0.572135 -0.0515991 -0.290171 -0.557745 -0.312431 -1 -0.162896 -0.596548 0.0271166 -0.788669 0.613044 -0.411607 -0.572211 0.133453 0.00294325 -0.958756 0.470951 0.385572 -0.999641 -0.479773 0.223951 0.920524 -1 -0.632243 -1 -0.332682 -1 -0.422658 -0.238055 -0.543668 -0.312548 0.149712 -1 -0.297896 -1 -0.146405 0.0890647 -0.920234 -0.0130548 0.420349 0.360743 0.0585067 -0.443682 -0.621042 0.352475 -0.953958 -0.925063 -0.455076 -0.290377 -0.789424 -0.0265457 -0.00517242 -0.505807 0.274721 -0.00160059 -0.452828 -0.698069 -0.0603169 -0.465461 -0.221235 -0.184694 -0.345516 0.127931 -0.892449 -1 0.204804 0.272807 -0.381182 0.0823877 0.38162 -0.983064 -0.490113 -1 -0.834717 0.672621 -0.364782 0.369066 -1 -1 -1 -0.264291 0.557335 -0.140591 -0.356214 0.193641 -0.216717 0.199031 -0.608444 -0.908185 -1 -0.750581 
-0.487079 -1 -0.755112 -0.143979 -0.456588 0.0355287 -0.311054 0.409544 0.334702 0.183313 0.307185 -0.234284 -1 -0.914744 -0.975326 -0.786727 0.031183 -0.779548 0.498394 0.826196 -0.632796 -0.777166 0.248709 -1 -0.129597 -0.372955 -0.999537 -0.808097 -0.489804 0.606149 0.148681 -0.842211 0.91045 -0.077687 0.253664 0.269669 -0.972399 0.00811078 -0.154522 -1 0.29077 0.224612 0.360139 -0.964243 0.211649 0.424784 -1 -0.794983 -0.536225 0.22065 -0.934284 -0.616794 0.293786 -0.0763835 -0.113679 -1 0.891925 -0.178538 -0.293373 -0.0151478 0.86167 0.157488 -0.0392852 -0.449287 0.321392 0.833515 -0.99636 -0.00732453 -0.166724 0.253974 0.545277 -0.0666487 0.236443 0.212062 -0.454446 0.76614 -0.050543 -0.351203 -0.20113 -1 -0.917685 0.77633 -1 0.772103 0.266924 0.671514 -0.344736 -0.396606 -0.551237 0.312218 -1 -0.214674 0.0646462 -0.846871 -0.616198 0.121088 0.773405 -0.166167 0.675059 -0.496451 0.415503 0.43519 0.364066 -0.177016 -1 -0.834275 -0.16142 0.149772 -0.673186 0.478582 -1 0.869547 -0.110796 0.516396 -0.189615 -0.289627 0.123393 -0.249049 -1 -0.753677 -0.768792 -1 0.590045 0.0500368 -0.421942 -0.356781 -0.979394 -0.732584 -0.789674 -0.00584069 -0.849496 0.282249 0.291805 -0.264007 -0.979336 -0.102779 0.191158 -0.284338 
-0.670029 -1 -0.755112 -0.119614 -0.567714 -0.0423951 -0.219764 0.447207 0.38541 0.24141 0.537767 -0.158172 -0.887537 -0.837579 -1 -0.725354 0.0450643 -0.714564 0.652162 0.834791 -0.582766 -0.70663 0.0923051 -1 0.0457136 -0.398819 -0.955764 -0.61338 -0.340772 0.618424 0.123015 -0.823406 0.781648 0.034079 0.373459 0.247132 -1 0.00298368 -0.231116 -1 0.236296 0.157378 0.525841 -0.981382 0.149608 0.495249 -1 -0.98805 -0.620547 0.322035 -1 -0.685913 0.159512 -0.00315335 -0.050114 -1 0.85972 -0.246156 -0.335475 -0.0532054 0.702173 0.231427 -0.0550076 -0.526188 0.396984 0.794895 -1 -0.0382667 -0.259759 0.299418 0.532585 0.0678368 0.498821 0.200069 -0.454446 0.79197 0.0579395 -0.0797758 -0.128699 -0.929485 -0.888356 0.752366 -0.928341 0.632034 0.493467 0.758612 -0.400404 -0.39846 -0.385057 0.378246 -1 -0.292823 0.0035249 -0.844051 -0.645633 0.171497 0.703734 -0.0292856 0.613829 -0.532783 0.444865 0.595235 0.717669 -0.242902 -0.991717 -0.721709 -0.189761 0.201975 -0.717095 0.460561 -0.973817 0.877717 0.110755 0.526859 -0.246517 -0.343631 0.123393 -0.249049 -1 -0.512521 -0.78232 -0.9456 0.531157 -0.0353283 -0.446023 -0.407755 -0.667135 -0.620804 -0.789674 -0.205901 -0.559617 0.307883 0.260671 -0.361587 -1 -0.0180696 0.323454 -0.31167 
-0.525033 -1 -0.846943 -0.0864437 -0.535876 0.0537215 -0.108415 0.368949 0.295954 0.260773 0.506581 -0.262446 -0.784748 -0.895687 -1 -0.776631 0.0164054 -0.805041 0.652295 0.768031 -0.555432 -0.771466 0.189682 -0.94901 0.0254114 -0.329557 -0.98636 -0.880181 -0.306566 0.671153 0.137933 -0.807473 0.901352 0.0503696 0.245625 0.279342 -0.989425 0.0570118 -0.117734 -1 0.179104 0.146919 0.451414 -1 0.199354 0.490422 -1 -0.829482 -0.536351 0.327553 -1 -0.725674 0.177169 -0.0376023 -0.154377 -0.999251 0.873946 -0.16352 -0.293373 -0.0248848 0.807617 0.19375 -0.0477432 -0.533495 0.440149 0.876418 -1 -0.0132838 -0.235068 0.308134 0.532585 -0.0085829 0.556426 0.215506 -0.533442 0.76614 0.0331387 -0.189445 -0.190067 -0.930822 -0.936797 0.821742 -1 0.655683 0.443173 0.724534 -0.311533 -0.386701 -0.307342 0.36697 -0.969899 -0.308169 0.0618432 -0.869082 -0.592395 0.247151 0.736919 -0.0368117 0.703159 -0.505779 0.502173 0.618082 0.664817 -0.240082 -1 -0.702852 -0.108531 0.213774 -0.68536 0.44838 -0.97518 0.788383 0.116485 0.533157 -0.122126 -0.270511 -0.00466899 -0.249049 -1 -0.512521 -0.790025 -1 0.555869 0.0316701 -0.450798 -0.499033 -0.699175 -0.675095 -0.789674 -0.0623598 -0.716345 0.270907 0.2553 -0.238004 -1 -0.099938 0.323454 -0.232871 
0.0292746 -0.0435343 -1 0.234904 0.6476 -0.792489 0.209036 -1 0.780111 -1 -0.87201 -1 0.21826 -0.0851502 0.23459 -1 -0.970412 -1 0.349399 0.601423 -0.452642 -0.278391 -0.209266 0.553223 0.514815 0.776168 -0.306152 -1 -0.975097 -0.943998 -0.936945 -0.924955 -0.417164 -0.416167 -1 -0.768432 0.503053 -0.0285179 -0.970846 -0.994013 -0.155247 -0.670782 -0.622494 0.582309 -0.860629 -0.585859 0.767726 -0.572135 -0.081438 -0.266216 -0.581334 -0.363282 -1 -0.254944 -0.676733 0.0271166 -0.760077 0.613044 -0.406621 -0.543142 0.0368344 0.00294325 -0.995494 0.287285 0.373872 -0.999641 -0.618156 0.228895 0.835034 -0.995399 -0.758233 -0.99493 -0.41723 -1 -0.405372 -0.331956 -0.580989 -0.323551 0.164703 -0.973356 -0.288083 -1 -0.146405 0.00922593 -1 -0.0130548 0.379667 0.360743 -0.0751505 -0.614931 -0.744114 0.356628 -0.979354 -1 -0.537996 -0.290377 -0.862005 -0.0265457 -0.100688 -0.505807 0.181374 -0.0735136 -0.518599 -0.724641 -0.0663515 -0.449826 -0.271039 -0.271894 -0.402437 0.131209 -0.892449 -1 0.204097 0.0953111 -0.404905 0.0903197 0.272549 -1 -0.613412 -0.997848 -0.915876 0.586285 -0.408765 0.362417 -1 -1 -1 -0.230373 0.557335 -0.216425 -0.446451 0.207116 -0.198584 0.120395 -0.656088 -0.886709 -1 -0.823249 
-0.559177 -1 -1 -0.126493 -0.61927 0.0502441 -0.218404 0.354014 0.427942 0.270147 0.48241 -0.181306 -0.782821 -0.969995 -1 -1 0.114344 -1 0.651799 0.722424 -0.656344 -0.838784 0.179037 -1 -0.237786 -0.393063 -1 -0.61508 -0.300261 0.438868 0.196339 -1 0.922219 0.10698 0.370965 0.0274611 -0.907379 -0.0450497 -0.350768 -0.950269 0.0387077 -0.0761265 0.440456 -1 0.15489 0.252613 -0.971882 -0.745395 -0.620279 0.393977 -1 -0.963966 0.21337 -0.0376023 -0.154937 -0.882558 0.463779 -0.283743 -0.554992 -0.0791642 0.647219 0.160077 -0.0290553 -0.448199 0.417395 0.943391 -0.917144 -0.0369779 -0.228726 0.15217 0.258795 0.124826 0.559335 0.301553 -0.519142 0.703325 0.032827 -0.241206 -0.196167 -1 -1 0.744794 -1 0.788359 0.389539 0.695158 -0.603797 -0.455234 -0.370623 0.267082 -1 -0.391135 -0.0334419 -0.922637 -0.721411 0.275258 0.760973 -0.0621969 0.677139 -0.470257 0.375908 0.477198 0.698613 -0.264332 -1 -0.919208 -0.203554 0.115005 -0.709048 0.495187 -0.973216 0.820978 0.104269 0.543621 -0.172443 -0.466699 0.0700992 -0.180441 -1 -0.751079 -1 -1 0.506999 0.132858 -0.456285 -0.590418 -0.630315 -0.876659 -0.863281 -0.108232 -0.670475 0.304451 0.267088 -0.575244 -1 -0.0127114 0.346467 -0.2528 
-0.458986 -0.978382 -0.755112 -0.138216 -0.518658 0.121241 -0.142311 0.424699 0.448679 0.237541 0.537767 -0.156622 -0.784748 -0.829855 -1 -0.725354 0.0914047 -0.734715 0.652295 0.826196 -0.461816 -0.728439 0.249618 -0.958572 0.0370475 -0.303037 -1 -0.631847 -0.255099 0.650589 0.159276 -0.844551 0.901352 0.10698 0.380955 0.14663 -0.93479 0.095407 -0.105934 -0.998464 0.193783 0.187714 0.508325 -1 0.199354 0.515657 -1 -0.74496 -0.53866 0.411465 -1 -0.576622 0.277226 -0.0376023 -0.0689311 -1 0.891925 -0.153092 -0.293373 -0.0358067 0.86167 0.162824 0.0374336 -0.439728 0.387117 0.83354 -1 0.00811279 -0.29138 0.348124 0.532585 0.0408024 0.556426 0.304293 -0.454446 0.76614 0.0235888 -0.0834294 -0.173306 -0.964558 -0.865606 0.820714 -0.928341 0.707859 0.426955 0.758612 -0.332635 -0.398897 -0.413047 0.349974 -1 -0.315034 0.0961127 -0.844051 -0.593593 0.259395 0.739969 0.0419846 0.664618 -0.447485 0.447182 0.591674 0.735985 -0.195913 -0.929536 -0.648957 -0.105845 0.201975 -0.670226 0.475246 -0.986057 0.869547 0.108268 0.451469 -0.107627 -0.25683 0.123393 -0.22527 -1 -0.527327 -0.765095 -0.998168 0.586635 0.108198 -0.393012 -0.385661 -0.610574 -0.65998 -0.789674 -0.0805507 -0.588139 0.315613 0.267088 -0.227852 -1 -0.019899 0.323454 -0.153343 
0.0172406 -0.10912 -0.984186 0.207439 0.631238 -0.844722 -0.0298938 -1 0.723736 -1 -0.834869 -1 0.306261 -0.335561 0.23459 -1 -0.955616 -0.922083 0.286449 0.677828 -0.377792 -0.210016 -0.17087 0.29292 0.50762 0.733907 -0.652884 -1 -1 -0.931557 -0.980025 -1 -0.817716 -0.730029 -0.948753 -0.982621 0.546609 -0.261721 -1 -0.904823 -0.612385 -0.843531 -0.920924 0.462222 -1 -0.625366 0.703041 -0.982224 -0.255612 -0.323745 -0.557745 -0.629384 -1 -0.205996 -0.80334 -0.205574 -0.800681 0.493798 -0.367053 -0.575838 0.0657107 -0.181726 -0.981536 0.304335 0.163039 -0.955765 -0.479773 0.177885 0.844463 -1 -0.889869 -1 -0.470613 -0.916009 -0.542387 -0.348291 -0.56223 -0.641537 0.0426767 -1 -0.763395 -1 -0.446121 -0.178872 -1 0.0725712 0.378734 0.282682 -0.183467 -0.94185 -0.725235 0.231573 -1 -1 -0.537996 -0.398544 -0.83097 -0.0992585 -0.391065 -0.507828 -0.0528835 -0.140015 -0.564131 -0.796518 -0.10523 -0.419288 -0.608501 -0.413682 -0.475877 0.131209 -0.992077 -1 -0.0633236 -0.391362 -0.716173 -0.0890324 0.110974 -0.948633 -0.699627 -1 -0.860204 0.482487 -0.462345 0.380386 -0.945952 -1 -1 -0.393406 0.557335 -0.297174 -0.782086 0.163214 -0.398891 0.0422349 -0.839698 -1 -0.952671 -0.99176 
-0.538086 -1 -0.883288 -0.0855281 -0.486924 -0.239431 -0.206655 0.424699 0.298111 0.197539 0.357598 -0.267998 -0.946336 -0.948392 -1 -0.786835 -0.0641309 -0.811588 0.495951 0.495039 -0.49726 -0.718542 0.0854128 -1 -0.122406 -0.349835 -1 -0.968794 -0.355772 0.399425 0.179789 -0.743569 0.996646 0.0477621 0.270736 0.0362234 -0.925397 -0.0583579 -0.335942 -0.998464 0.2878 0.143461 0.444045 -1 0.199354 0.636086 -1 -0.818883 -0.613651 0.324901 -1 -0.632162 0.118756 -0.0661627 -0.17199 -0.980325 0.779184 -0.236823 -0.607866 -0.373551 0.744886 0.0758694 -0.0419213 -0.732362 0.355299 0.89525 -0.981618 -0.0502136 -0.201055 0.111091 0.517266 0.0390057 0.525185 0.196708 -0.454446 0.603718 -0.0712609 -0.245143 -0.0890128 -0.89953 -0.925228 0.918873 -0.967111 0.509482 0.42751 0.625814 -0.55734 -0.388245 -0.353473 0.359896 -1 -0.279443 0.139676 -0.844051 -0.593593 0.259395 0.773405 -0.0496213 0.364146 -0.496223 0.169716 0.666986 0.52603 -0.545178 -0.957657 -0.652844 -0.109235 -0.130534 -0.889342 0.463771 -1 0.807926 0.101274 0.502018 -0.210727 -0.316531 0.123393 -0.266476 -1 -0.493193 -0.876561 -0.9456 0.206766 0.172521 -0.420139 -0.426757 -0.523017 -0.909564 -0.825791 0.0798888 -0.677432 0.346187 0.201064 -0.301179 -0.994181 0.0102633 0.0586276 -0.153343 
0.0435029 -0.198874 -0.958971 -0.078999 0.739381 -0.792489 0.0345672 -1 0.732387 -0.943125 -0.76715 -1 0.184172 -0.348888 0.15217 -1 -1 -1 0.279335 0.593836 -0.30415 -0.117589 -0.37101 0.487039 -0.0329487 0.810497 -0.40586 -0.986939 -1 -0.741635 -1 -1 -0.387763 -0.409847 -1 -0.837744 0.634019 -0.161349 -0.915096 -1 -0.140863 -0.783229 -0.64051 0.481826 -0.969032 -0.61183 0.560632 -0.593277 -0.217717 -0.366569 -0.722676 -0.566895 -1 -0.608362 -0.767158 -0.461582 -0.799349 0.492722 -0.411607 -0.768508 -0.0162061 0.00294325 -1 0.302269 0.243023 -1 -0.508252 0.223951 0.888267 -1 -0.727844 -1 -0.422255 -1 -0.394164 -0.328435 -0.763084 -0.34963 0.105028 -1 -0.297896 -1 -0.370481 0.0846736 -1 -0.078755 0.420349 0.235291 0.0585067 -0.43208 -1 0.352475 -0.929696 -0.964464 -0.759522 -0.253576 -0.994909 -0.119139 -0.0164079 -0.543766 0.274721 0.0350771 -0.6144 -0.749238 -0.0786337 -0.619375 -0.40119 -0.449294 -0.562543 0.110544 -0.900067 -0.997483 0.204804 0.0517859 -0.732915 0.111592 0.407819 -1 -0.490113 -1 -0.743333 0.706579 -0.555343 0.369066 -1 -1 -1 -0.355389 0.346127 -0.455792 -0.659427 0.0323109 -0.421612 -0.00153446 -0.728831 -0.974391 -1 -1 
0.0292746 -0.149973 -1 -0.00799534 0.629304 -0.95384 -0.00422674 -1 0.646998 -1 -0.847414 -0.986483 -0.0560631 0.0145401 0.0694614 -1 -0.918558 -1 0.243216 0.620957 -0.381543 -0.117589 -0.131806 0.256348 0.601472 0.768711 -0.648314 -1 -1 -0.875787 -1 -0.995073 -0.361936 -0.432762 -1 -0.751006 0.31494 -0.11666 -1 -1 -0.435466 -0.798935 -0.922006 0.643639 -0.833601 -0.505931 0.742856 -0.589343 -0.190608 -0.45909 -0.62594 -0.312431 -0.980992 -0.43461 -0.596548 -0.105944 -0.860436 0.529324 -0.48866 -0.951221 0.0513409 -0.0160128 -0.958756 0.437922 0.235377 -0.973078 -0.479773 0.223951 0.841596 -0.920477 -0.671551 -1 -0.342399 -1 -0.662386 -0.543643 -0.543668 -0.291784 0.0324841 -0.988925 -0.297896 -1 -0.162741 -0.204518 -0.968687 -0.351872 0.302485 0.360743 0.0712508 -0.449588 -0.621042 0.293911 -1 -0.994263 -0.570432 -0.290377 -0.843377 -0.109868 0.00784829 -0.56708 0.0657063 0.0208391 -0.693424 -0.819146 0.0085367 -0.723474 -0.583177 -0.184694 -0.352864 0.0688769 -0.964991 -0.97527 0.019272 0.191481 -0.356613 0.0823877 0.278432 -0.983064 -0.595268 -1 -0.839052 0.593126 -0.364782 0.285892 -1 -0.971546 -1 -0.288339 0.432539 -0.258873 -0.356214 0.167418 -0.379023 0.111278 -0.811092 -0.99099 -0.994441 -0.957234 
0.0292746 -0.19541 -1 -0.0438774 0.625226 -0.971975 -0.103362 -0.913711 0.461323 -1 -0.84247 -1 -0.0600701 0.0145401 0.0684473 -1 -0.977414 -1 0.330987 0.695983 -0.448092 -0.117589 -0.330064 0.256348 0.601472 0.689494 -0.898081 -1 -0.944689 -0.875787 -1 -1 -0.361936 -0.432762 -0.962302 -0.76399 0.481285 -0.394778 -1 -1 -0.389315 -0.781182 -1 0.643899 -0.877072 -0.461605 0.492398 -0.678803 -0.197567 -0.505037 -0.62594 -0.312431 -0.94573 -0.467284 -0.704721 -0.105944 -0.813504 0.536039 -0.492882 -0.871577 -0.0152252 -0.118514 -0.958756 0.523531 -0.0202063 -1 -0.479773 0.27269 0.841596 -0.888984 -0.82986 -1 -0.230787 -1 -0.955573 -0.553148 -0.543668 -0.552433 -0.231338 -0.873712 -0.297896 -1 -0.218449 -0.249352 -0.982629 -0.306256 0.325643 0.360743 0.0712508 -0.388847 -0.686165 0.36708 -1 -0.925063 -0.570432 -0.268161 -0.862932 -0.19403 0.0401474 -0.574881 0.049613 -0.157251 -0.610814 -0.907494 -0.175023 -0.723474 -0.642974 -0.259744 -0.339125 0.116211 -0.892449 -0.97527 0.019272 0.191481 -0.372473 0.0823877 0.050001 -1 -0.77711 -0.970777 -0.866262 0.678835 -0.58024 0.203795 -1 -1 -0.911649 -0.288339 0.248471 -0.307847 -0.356214 -0.154919 -0.341499 0.111278 -0.677151 -1 -1 -1 
-0.11547 -0.548669 -0.98125 0.0667906 0.055703 -0.986898 -0.238386 -1 0.310149 -0.994554 -1 -1 -0.0849428 -0.255578 -0.0147572 -1 -1 -0.994841 0.0722393 0.658433 -0.456064 -0.633131 -0.418019 0.517832 0.264267 0.504889 -0.821972 -1 -1 -1 -0.919607 -1 -0.595461 -0.779878 -1 -1 0.596624 -0.287235 -1 -0.962597 -0.511712 -1 -1 0.064412 -1 -0.455062 0.542409 -0.857959 -0.454489 -0.290171 -0.721042 -0.586218 -1 -0.230629 -1 -0.0429166 -0.781845 0.471188 -0.704604 -0.67967 0.0804415 -0.162654 -1 0.177326 0.291963 -1 -0.830512 0.228328 0.81482 -1 -0.780728 -1 -0.397566 -1 -0.721552 -0.242681 -1 -0.468196 -0.516531 -1 -0.857161 -1 -0.374313 -0.107686 -0.970851 -0.417676 -0.0167035 0.266553 -0.261935 -0.585841 -1 0.26116 -1 -1 -1 -0.474467 -0.991556 -0.382696 -0.341508 -0.757923 0.268768 -0.021652 -0.505557 -1 -0.0943227 -0.521324 -0.505032 -0.510029 -0.8165 -0.548013 -1 -1 -0.0780402 0.216572 -0.70825 -0.0759567 0.416859 -1 -1 -1 -1 0.692133 -0.763907 0.369066 -1 -0.988403 -1 -0.467687 0.485607 -0.120144 -1 -0.16549 -0.237683 -0.238173 -0.854462 -1 -1 -1 
0.0241863 -0.104673 -1 0.0671586 0.538198 -0.97937 0.103288 -1 0.715927 -0.988752 -0.86663 -0.957078 -0.289908 -0.275775 0.339428 -1 -0.881437 -0.983669 0.378282 0.58733 -0.527972 -0.0826256 -0.200032 0.403609 0.18226 0.599015 -0.640211 -1 -1 -0.817302 -1 -1 -0.699512 -0.426955 -0.851857 -1 0.369436 0.0797732 -1 -0.956675 -0.214447 -0.783957 -0.738999 0.579054 -1 -0.792013 0.538998 -0.89932 -0.182929 -0.385835 -1 -0.298748 -0.910331 -0.35767 -0.724085 -0.0905107 -0.94862 0.353043 -0.54952 -0.728927 -0.0674445 -0.237545 -0.909051 0.529304 0.305929 -0.994361 -0.961229 0.00868325 0.651263 -1 -0.672841 -1 -0.305066 -1 -1 -0.495099 -0.791136 -0.268663 0.0432087 -1 -0.45148 -1 -0.423418 0.161209 -0.994963 -0.278934 0.288837 0.0345751 -0.313506 -0.780835 -0.872052 0.356056 -0.933457 -1 -0.906001 -0.53148 -0.705276 -0.0265457 -0.161881 -0.649444 0.129006 -0.10767 -0.581917 -0.810129 -0.370675 -0.541614 -0.271623 -0.191521 -0.459172 0.145142 -1 -1 0.25904 0.0472829 -0.578182 0.142198 0.336517 -1 -0.503287 -1 -1 0.614351 -0.61786 0.385072 -1 -0.998972 -1 -0.235684 0.0589863 -0.257796 -0.59037 -0.0610365 -0.379254 -0.0168933 -0.798167 -1 -1 -0.735187 
0.0292746 -0.0662255 -0.996692 0.234904 0.670612 -0.820968 0.187446 -1 0.780111 -1 -0.765138 -1 0.21826 -0.133823 0.122824 -1 -0.974928 -1 0.376706 0.565283 -0.331032 -0.278391 -0.20628 0.574137 0.467711 0.74968 -0.287726 -0.997594 -1 -0.967237 -1 -1 -0.52461 -0.410284 -0.97112 -0.862209 0.467011 -0.174063 -1 -1 -0.129245 -0.670782 -0.680692 0.519477 -0.860629 -0.6156 0.77418 -0.599322 -0.0515991 -0.339837 -0.602697 -0.430838 -1 -0.14355 -0.588687 -0.113752 -0.804974 0.613044 -0.386403 -0.543142 0.119456 0.00294325 -1 0.360961 0.385572 -1 -0.479773 0.135803 0.920524 -0.991883 -0.808848 -1 -0.41723 -1 -0.389988 -0.331353 -0.612528 -0.311326 0.149712 -0.975467 -0.34184 -0.980379 -0.236848 0.0760294 -1 -0.00173224 0.379667 0.360743 -0.0773741 -0.570328 -0.675603 0.298316 -0.976605 -0.925063 -0.586127 -0.297243 -0.836528 -0.0265457 -0.0750618 -0.489752 0.104718 -0.00160059 -0.518387 -0.74316 -0.107913 -0.465461 -0.247247 -0.227185 -0.482021 0.0392386 -0.892449 -1 0.242763 0.0953111 -0.462696 0.0923029 0.39809 -0.969855 -0.562442 -1 -0.860204 0.466737 -0.470944 0.366213 -1 -1 -0.997371 -0.218087 0.557335 -0.216425 -0.446451 0.135449 -0.308326 0.0868492 -0.691059 -0.908185 -1 -0.750451 
0.0102057 -0.0866892 -1 0.190155 0.716903 -0.792489 0.212047 -1 0.780111 -1 -0.765138 -1 0.21826 -0.167068 0.23459 -1 -1 -1 0.330799 0.570054 -0.354106 -0.372458 -0.17087 0.553223 0.514815 0.791834 -0.391294 -1 -1 -0.898618 -0.966454 -1 -0.417164 -0.373628 -1 -0.781295 0.492861 -0.0824598 -1 -1 -0.149569 -0.746708 -0.604733 0.548364 -0.860629 -0.532793 0.720856 -0.653205 -0.0410331 -0.290171 -0.557745 -0.363282 -1 -0.171488 -0.686113 0.0271166 -0.760077 0.568812 -0.386403 -0.536977 0.119456 0.00294325 -1 0.376642 0.385572 -1 -0.526472 0.249688 0.768065 -1 -0.731359 -1 -0.497361 -1 -0.405372 -0.220461 -0.56223 -0.351901 0.149712 -1 -0.288083 -1 -0.235449 0.0890647 -0.949802 -0.0911218 0.379667 0.360743 -0.0255063 -0.640131 -0.59829 0.271375 -0.979354 -0.925063 -0.617134 -0.321644 -0.852678 -0.0666054 -0.0750618 -0.505722 0.181374 -0.0470463 -0.597403 -0.724641 -0.133985 -0.465461 -0.312726 -0.284846 -0.417592 0.131209 -0.916997 -1 0.240538 0.0719458 -0.435717 0.110931 0.38162 -0.976382 -0.562442 -1 -0.871329 0.507187 -0.408765 0.303482 -1 -1 -1 -0.230373 0.544678 -0.263903 -0.446451 0.193641 -0.216717 0.0351002 -0.681638 -0.990177 -1 -0.750581 
-0.32414 -0.219134 -1 0.0337352 0.449903 -1 -0.181289 -1 0.707785 -0.933821 -0.829994 -0.977085 -0.219723 -0.557085 0.13294 -1 -0.911082 -0.999216 0.244534 0.546794 -0.338685 -0.218202 -0.417195 0.429324 0.478427 0.687296 -0.823144 -1 -1 -1 -0.988358 -0.999129 -0.773972 -0.476976 -1 -0.831508 0.543477 -0.0229717 -1 -0.969243 -0.551836 -0.747682 -0.881672 0.569607 -0.996373 -0.68282 0.767796 -0.813262 -0.204888 -0.585387 -0.863451 -0.554366 -1 -0.270236 -0.648884 -0.0308526 -1 0.317388 -0.620251 -0.601145 -0.000243917 -0.179521 -1 0.186272 0.408635 -1 -0.477462 0.0822067 0.599796 -1 -0.861638 -0.997866 -0.645182 -1 -0.490742 -0.279894 -0.722303 -0.438894 0.174058 -0.979165 -0.328406 -1 -0.10878 0.15931 -1 -0.0451959 0.0507012 0.242056 -0.105526 -0.544477 -0.726185 0.374196 -1 -1 -0.638397 -0.255076 -0.825516 -0.0633838 -0.0208724 -0.914419 0.0231481 -0.393466 -0.496406 -0.802045 -0.0787833 -0.465461 -0.547372 -0.158565 -0.363836 0.0535301 -1 -1 0.0629628 0.029189 -0.448038 0.0821366 0.156147 -0.979599 -0.447433 -1 -0.984579 0.511275 -0.732803 0.32187 -0.934641 -0.907699 -1 -0.266843 0.454529 -0.251979 -0.684599 -0.0266161 -0.244437 0.234498 -0.590083 -0.97115 -0.964052 -0.964883 
-0.19739 -0.281073 -1 0.468772 0.363703 -1 -0.109595 -1 0.186114 -0.998253 -0.934751 -1 -0.148711 -0.282377 -0.0386908 -0.978679 -1 -1 -0.148643 0.522403 -0.503484 -0.454646 -0.39226 0.0385208 0.315991 0.648352 -0.351908 -1 -1 -0.973667 -1 -0.978761 -0.465422 -0.551922 -0.893495 -1 0.445336 -0.146215 -1 -0.929153 -0.664208 -1 -0.654713 0.260968 -1 -0.910021 0.191702 -0.67295 -0.318638 -0.553447 -1 -0.650179 -1 -0.463736 -1 -0.11328 -0.857147 0.524882 -1 -0.686541 -0.427376 -0.198886 -0.955509 0.283909 0.0876688 -1 -0.515744 0.0563658 0.64624 -1 -0.843842 -1 -0.882656 -1 -0.4549 -0.286755 -0.666619 -0.367102 -0.287178 -1 -0.234273 -1 -0.207276 0.240804 -0.987555 -0.338636 -0.108518 0.0389982 -0.528194 -0.583831 -0.937861 0.228166 -0.910988 -1 -0.624667 -0.47794 -0.993512 -1 -0.163466 -0.769371 0.119716 -0.4615 -0.700108 -0.861472 -0.076692 -0.692859 -0.356374 -0.617263 -0.568746 -0.249764 -1 -1 0.127497 0.0826296 -0.666008 -0.120791 0.303478 -1 -0.731203 -0.920289 -0.744015 0.536009 -0.464213 0.404433 -0.972856 -1 -1 -0.489275 -0.0399723 -0.542441 -0.393528 0.134112 -0.712312 -0.187335 -0.925115 -1 -1 -1 
-0.168905 -0.00404266 -1 0.185565 0.65521 -0.891398 0.157221 -0.998651 0.711516 -1 -0.815321 -0.9863 -0.0544227 -0.12874 0.2272 -1 -0.994221 -0.91098 0.342349 0.430673 -0.35395 -0.281566 -0.187 0.250523 0.516782 0.776168 -0.313115 -1 -1 -0.784309 -1 -1 -0.495342 -0.373628 -1 -0.784632 0.330136 -0.0217325 -1 -1 -0.208462 -0.616318 -0.612688 0.562502 -0.995558 -0.578452 0.682788 -0.617716 -0.0737348 -0.446421 -0.806474 -0.363282 -0.997647 -0.41122 -0.86653 -0.0947496 -0.99742 0.671845 -0.365883 -0.488293 -0.105225 -0.0294458 -0.995494 0.194589 0.444587 -0.927186 -0.479773 0.253395 0.737307 -0.97416 -0.742596 -1 -0.536137 -1 -0.465508 -0.290093 -0.719976 -0.688976 0.149712 -1 -0.288083 -0.974481 -0.114848 0.0890647 -1 0.0162319 0.297028 0.337622 -0.0419648 -0.425462 -0.674728 0.206769 -0.883272 -0.897459 -0.651746 -0.266495 -0.862664 -0.115568 -0.0507831 -0.58203 0.181374 -0.0864972 -0.436717 -0.743171 -0.0577438 -0.500328 -0.326704 -0.304815 -0.355779 0.24116 -0.926217 -0.945799 0.189693 0.129497 -0.537007 0.175867 0.0346723 -1 -0.816706 -1 -0.834717 0.586285 -0.632038 0.297921 -1 -0.986921 -1 -0.315453 0.311163 -0.140591 -0.372246 -0.00898755 -0.216717 0.199031 -0.745053 -0.981868 -1 -0.990991 
-0.859697 -0.99073 -0.836275 -0.0471197 -0.683409 -0.14637 -0.862988 0.436128 0.166053 -0.0803733 0.423717 -0.130399 -0.839505 -0.99986 -1 -1 -0.147825 -0.872769 0.0829605 0.557971 -0.548304 -1 0.0581703 -1 -0.191385 -0.638821 -1 -0.660836 -0.387327 0.410431 0.0179832 -0.841443 0.925292 -0.081296 -0.0412539 0.167857 -0.903788 -0.153777 -0.432047 -1 0.0852257 0.213749 0.551632 -1 0.200894 0.474312 -1 -0.972564 -0.519986 0.324 -1 -0.845403 0.123442 -0.169529 -0.140871 -0.969088 0.529466 -0.251839 -0.547136 -0.178848 0.861774 -0.139679 -0.292743 -0.756086 0.287843 0.695835 -1 -0.253353 -0.0946322 -0.0398782 0.378255 -0.164891 0.4903 0.107096 -0.842389 0.493341 -0.250122 -0.0681864 -0.212978 -1 -0.803673 0.658442 -1 0.798422 0.331572 0.588261 -0.631413 -0.514934 -0.629387 0.244278 -1 -0.255423 0.0491585 -0.943452 -0.630192 0.140856 0.772374 -0.386287 0.280086 -0.635897 0.355482 0.330342 0.563775 -0.354246 -0.996181 -0.729254 -0.105845 0.0956816 -0.70175 0.367255 -1 0.913637 0.108268 0.422175 -0.203504 -0.294679 -0.146766 -0.514237 -1 -0.927259 -0.772281 -1 0.515613 -0.00425672 -0.466008 -0.681674 -0.776084 -0.810529 -0.998922 0.0820371 -0.597133 0.265839 0.0765034 -0.506367 -1 -0.0967882 -0.117617 -0.409853 
-0.487079 -1 -0.755112 -0.0672945 -0.518658 0.121241 -0.134495 0.424699 0.44145 0.260773 0.537767 -0.177418 -0.784748 -0.815333 -1 -0.725354 0.1011 -0.704111 0.652295 0.826196 -0.461816 -0.728439 0.249618 -0.958572 0.0370475 -0.303037 -1 -0.631847 -0.255099 0.676733 0.18705 -0.807473 0.901352 0.10698 0.380955 0.279342 -0.907379 0.10253 -0.105934 -0.998464 0.263272 0.224612 0.531284 -1 0.199354 0.515657 -1 -0.74496 -0.53866 0.393977 -1 -0.576622 0.277226 -0.0376023 -0.0711449 -1 0.891925 -0.153092 -0.293373 -0.0358067 0.86167 0.235327 0.0485176 -0.447837 0.387117 0.876418 -1 0.00811279 -0.201055 0.348124 0.532585 0.0849656 0.556426 0.301553 -0.454446 0.76614 0.032827 -0.100162 -0.141271 -0.889944 -0.865606 0.821742 -0.928341 0.707859 0.512846 0.758612 -0.33959 -0.398897 -0.337916 0.398623 -1 -0.227109 0.128387 -0.844051 -0.593593 0.259395 0.773405 0.0269438 0.675059 -0.447485 0.53443 0.647904 0.735985 -0.195913 -0.957657 -0.659822 -0.105845 0.201975 -0.670226 0.53397 -0.973817 0.869547 0.108268 0.533157 -0.107627 -0.270511 0.123393 -0.249049 -1 -0.512521 -0.763561 -0.9456 0.637967 0.108198 -0.393012 -0.362219 -0.603848 -0.65998 -0.789674 -0.00584069 -0.559617 0.315613 0.267088 -0.238004 -1 -0.019899 0.323454 -0.153343 
-0.954827 -1 -0.80978 -0.0777602 -0.567714 0.000810232 -0.21018 0.404117 0.272157 0.224677 0.5507 -0.162693 -1 -0.863137 -0.920557 -0.725354 -0.0538463 -1 0.697645 0.834791 -0.511021 -0.920168 0.14351 -0.949308 -0.103179 -0.439631 -0.955764 -0.66935 -0.311383 0.618424 0.122765 -0.846754 0.718539 -0.01081 0.200568 0.247132 -0.988858 0.00298368 -0.19907 -1 0.171367 -0.0431692 0.464181 -1 0.149608 0.431696 -1 -1 -0.695165 0.247713 -1 -0.62993 0.0278023 -0.257544 -0.050114 -0.99314 0.855096 -0.165971 -0.335475 -0.0532054 0.774371 0.191841 -0.331105 -0.707465 0.183145 0.761683 -0.976874 0.0411813 -0.201055 0.3827 0.532585 0.0678368 0.306565 0.164038 -0.454446 0.618679 -0.0261181 -0.0797758 -0.278174 -0.906854 -0.949525 0.710648 -0.919449 0.632034 0.493467 0.758612 -0.400404 -0.32475 -0.385057 0.174359 -0.923356 -0.292823 0.0725764 -0.844051 -0.590049 0.150075 0.565308 -0.174186 0.427062 -0.532783 0.452715 0.595235 0.717669 -0.353217 -0.893246 -0.875447 -0.23877 0.200854 -0.689183 0.407237 -0.973817 0.882687 0.128882 0.526859 -0.246517 -0.329679 0.123393 -0.197866 -1 -0.792356 -0.759678 -0.9456 0.552746 0.012085 -0.500275 -0.451739 -0.667135 -0.620804 -0.865201 -0.25271 -0.559617 0.306267 0.278237 -0.301313 -1 -0.0180696 0.323454 -0.499652 
-0.487079 -1 -0.775089 -0.0290528 -0.730595 0.121241 -0.134495 0.424699 0.44145 0.260773 0.548054 -0.383008 -1 -0.73035 -1 -0.802813 0.0988762 -1 0.652295 0.443314 -0.467285 -0.649563 0.240452 -1 0.117944 -0.521271 -1 -0.849246 -0.255099 0.44536 0.265924 -0.747922 0.954648 -0.158746 0.20918 0.089855 -0.849517 -0.169507 -0.366062 -1 0.237968 0.119011 0.531284 -1 0.00309245 0.372507 -1 -1 -0.492537 0.393977 -1 -0.576622 0.277226 0.0452432 -0.0273367 -0.961783 0.713285 -0.153092 -0.293373 -0.00231711 0.66159 0.235327 0.0485176 -0.510268 0.157911 0.963642 -0.92027 0.00811279 -0.370991 0.309882 0.283235 0.0849656 0.581272 0.301553 -0.679984 0.76614 0.032827 -0.279343 -0.346124 -0.889944 -0.889651 0.612282 -0.928341 0.645648 0.299657 0.758612 -0.541925 -0.490466 -0.391445 0.37245 -1 -0.475724 -0.104543 -0.939275 -0.593593 -0.00201453 0.742626 0.00636778 0.485999 -0.447485 0.2881 0.647904 0.499588 -0.195913 -0.860044 -0.526812 -0.323575 0.0565888 -0.670226 0.297479 -1 0.869547 0.108268 0.529558 -0.0210894 -0.270511 -0.048402 -0.249049 -1 -0.636975 -0.763561 -1 0.633039 0.108198 -0.370019 -0.362219 -0.755977 -0.739081 -0.822956 -0.136067 -0.559617 0.376043 0.267088 -0.489703 -1 -0.019899 0.0697211 -0.249085 
-0.0307015 -0.156594 -1 0.108916 0.570636 -0.927587 -0.116841 -0.972514 0.756434 -1 -0.839006 -1 -0.12945 -0.197649 0.136149 -0.930861 -1 -1 0.444091 0.72017 -0.471932 -0.231133 -0.318636 0.507918 0.494345 0.766462 -0.281137 -1 -1 -1 -1 -1 -0.382555 -0.365686 -1 -0.828799 0.45455 -0.0275926 -1 -1 -0.129245 -0.797202 -0.654879 0.546734 -0.892386 -0.654264 0.657677 -0.690568 -0.164325 -0.318674 -0.663044 -0.726897 -1 -0.366833 -0.739581 0.0146217 -0.988112 0.602696 -0.532626 -0.645572 0.16849 -0.197361 -1 0.180825 0.295195 -1 -0.530255 0.132477 0.729266 -0.966929 -0.657018 -0.986093 -0.694931 -1 -0.648287 -0.727462 -0.671519 -0.445315 0.0902122 -1 -0.395971 -1 -0.486106 0.0247131 -0.967151 0.0180001 0.355643 0.24424 0.00321034 -0.592506 -0.89569 0.352475 -1 -0.956073 -0.387923 -0.409816 -0.963862 -0.051787 -0.41001 -0.502216 0.233872 -0.0913844 -0.418759 -0.781245 -0.100512 -0.564101 -0.355897 -0.264139 -0.392852 0.0245919 -0.892449 -1 0.0682769 0.0680367 -0.381182 -0.154639 0.166042 -1 -0.600911 -1 -0.811867 0.426173 -0.387175 0.265162 -1 -1 -0.970476 -0.294787 0.557335 -0.140591 -0.787613 0.277133 -0.245833 0.083315 -0.599514 -1 -0.972427 -0.870368 
-0.214797 -0.170067 -1 -0.0894763 0.42811 -1 -0.0821335 -1 0.437084 -0.936065 -0.843876 -0.973546 -0.324172 -0.0373016 0.0815092 -1 -1 -1 0.278787 0.646594 -0.366233 -0.250934 -0.121484 -0.0211205 0.463842 0.846958 -0.528626 -1 -1 -0.914059 -0.928701 -1 -0.521338 -0.498348 -1 -0.914963 0.413794 -0.124116 -1 -1 -0.698674 -0.847281 -0.757464 0.670219 -1 -0.595393 0.690377 -0.665594 -0.190608 -0.567138 -0.733007 -0.420509 -1 -0.71273 -0.690442 -0.425194 -0.836689 0.688751 -0.508639 -1 0.0596401 -0.0115383 -1 0.520886 0.195097 -0.979924 -0.513808 0.152536 0.770633 -0.911312 -0.902374 -1 -0.410906 -1 -0.662075 -0.522747 -0.564981 -0.358877 -0.350261 -1 -0.274325 -1 -0.200335 -0.291245 -1 -0.430762 -0.02973 0.223687 0.100973 -0.771315 -0.621042 0.2573 -0.942154 -0.925063 -0.982923 -0.458638 -0.998976 -0.194297 -0.0745045 -0.562743 -0.0657764 -0.105516 -0.561112 -0.910819 0.0571975 -0.709798 -0.526699 -0.173663 -0.63264 -0.0493628 -0.822408 -1 -0.151539 0.163787 -0.962739 0.0285136 0.247102 -1 -0.621493 -0.964783 -0.811106 0.524625 -0.620913 0.368762 -1 -1 -0.977525 -0.294061 0.434331 -0.226743 -0.541287 -0.0540059 -0.379023 -0.344443 -0.853978 -1 -1 -1 
0.0358542 -0.083673 -0.981698 0.140659 0.694359 -0.870939 0.197734 -1 0.780111 -0.996985 -0.765138 -1 0.0424357 -0.120493 0.189682 -0.989142 -0.918558 -1 0.321436 0.666847 -0.297067 -0.176876 -0.17087 0.462175 0.493181 0.842826 -0.39056 -1 -0.974856 -0.817302 -0.944169 -1 -0.361936 -0.379166 -1 -0.74069 0.577226 0.0550361 -1 -1 -0.171559 -0.670782 -0.548952 0.636743 -0.992564 -0.602559 0.683831 -0.654301 -0.0802137 -0.374363 -0.546607 -0.32854 -1 -0.213808 -0.622263 -0.0396757 -0.785575 0.512746 -0.472228 -0.650623 0.162829 -0.163643 -0.958756 0.470951 0.391181 -0.999641 -0.479773 0.261266 0.920524 -1 -0.632243 -1 -0.305688 -1 -0.482015 -0.238055 -0.543668 -0.312548 0.149712 -1 -0.322835 -1 -0.229004 0.0218584 -0.920234 -0.0130548 0.420349 0.335798 -0.00896973 -0.469237 -0.621042 0.352475 -0.953958 -0.927154 -0.518492 -0.378215 -0.789424 -0.112401 -0.00517242 -0.529543 0.219205 -0.0227136 -0.452828 -0.698069 -0.0563168 -0.465461 -0.229766 -0.316433 -0.345516 0.118617 -0.864095 -1 0.0738398 0.272807 -0.381182 0.0319281 0.259558 -1 -0.482368 -0.973639 -0.834717 0.672621 -0.408667 0.409587 -1 -1 -1 -0.264291 0.557335 -0.140591 -0.424608 0.08624 -0.228936 0.164995 -0.67397 -0.961995 -1 -0.795171 
-0.876043 -1 -0.811547 -0.195219 -0.81843 0.121241 -0.324549 0.198883 0.235792 0.278893 0.537767 -0.32082 -1 -1 -1 -0.813855 -0.213911 -0.705972 0.397067 0.830985 -0.624221 -0.869294 -0.00314324 -1 -0.198322 -0.378703 -0.975382 -0.631847 -0.343141 0.355728 -0.049455 -1 0.409272 -0.0964761 0.224998 0.279342 -0.991921 0.10253 -0.0400531 -1 0.0903951 -0.00353108 0.188229 -1 0.168852 0.264499 -1 -0.783751 -0.591067 0.238656 -1 -0.737058 0.268513 -0.22231 -0.313317 -0.964119 0.836532 -0.360017 -0.391386 -0.313818 0.705328 0.089071 0.0101823 -0.598432 0.229506 0.526967 -1 -0.0969124 -0.181127 0.337425 0.217191 0.0759467 0.462011 0.288511 -0.507044 0.735333 -0.0287656 -0.367555 -0.424438 -0.859655 -1 0.70319 -0.996043 0.717864 0.293216 0.570115 -0.421701 -0.62153 -0.654459 0.20609 -1 -0.214628 -0.366121 -0.987622 -0.846264 0.199067 0.692286 0.0269438 0.582801 -0.494041 0.526995 0.191648 0.790514 -0.325644 -1 -0.851104 -0.2204 0.107338 -0.783481 0.148331 -0.96336 0.800841 0.0218517 0.572079 -0.0332968 -0.31318 0.0155684 -0.529027 -0.987031 -0.512521 -0.893868 -0.875758 0.381855 0.108198 -0.263779 -0.435758 -0.780891 -0.664907 -0.873276 -0.221963 -0.526851 0.392524 0.292596 -0.120627 -0.975746 -0.188802 -0.302211 -0.217261 
0.0292746 -0.0288655 -0.944852 0.230304 0.694359 -0.792489 0.196009 -1 0.780111 -1 -0.765138 -1 0.192972 -0.0851502 0.262341 -1 -0.918558 -1 0.345105 0.718645 -0.30415 -0.117589 -0.17087 0.546931 0.549073 0.846958 -0.306152 -1 -1 -0.817302 -0.978913 -1 -0.361936 -0.373628 -1 -0.751006 0.577226 0.0550361 -1 -1 -0.129245 -0.670782 -0.548952 0.636743 -0.835016 -0.532793 0.746619 -0.572135 -0.0515991 -0.290171 -0.557745 -0.312431 -1 -0.162896 -0.596548 0.0271166 -0.788669 0.613044 -0.411607 -0.572211 0.133453 0.00294325 -0.958756 0.470951 0.385572 -0.999641 -0.479773 0.223951 0.920524 -1 -0.632243 -1 -0.332682 -1 -0.422658 -0.238055 -0.543668 -0.312548 0.149712 -1 -0.297896 -1 -0.146405 0.0890647 -0.920234 -0.0130548 0.420349 0.360743 0.0585067 -0.443682 -0.621042 0.352475 -0.953958 -0.925063 -0.455076 -0.290377 -0.789424 -0.0265457 -0.00517242 -0.505807 0.274721 -0.00160059 -0.452828 -0.698069 -0.0603169 -0.465461 -0.221235 -0.184694 -0.345516 0.127931 -0.892449 -1 0.204804 0.272807 -0.381182 0.0823877 0.38162 -0.983064 -0.490113 -1 -0.834717 0.672621 -0.364782 0.369066 -1 -1 -1 -0.264291 0.557335 -0.140591 -0.356214 0.193641 -0.216717 0.199031 -0.608444 -0.908185 -1 -0.750581 
-0.487079 -1 -0.730758 -0.164458 -0.58657 -0.151288 -0.156886 0.3702 0.39767 0.266348 0.294964 -0.177418 -0.784748 -0.948555 -1 -0.919878 0.020595 -0.754025 0.652295 0.826196 -0.53581 -0.727255 0.110319 -1 -0.175281 -0.293791 -1 -0.651864 -0.255099 0.692728 0.211086 -0.860232 0.864383 0.128012 0.388264 0.279342 -0.873917 0.0610735 -0.17721 -1 0.284371 0.0701205 0.531284 -1 0.199354 0.26769 -1 -0.74496 -0.590306 0.393977 -1 -0.8379 0.224815 -0.0376023 -0.0711449 -1 0.742855 -0.153092 -0.408042 -0.207058 0.86167 0.226695 0.0485176 -0.794242 0.416095 0.860707 -0.998542 0.00811279 -0.201055 0.325388 0.263757 0.0748875 0.572786 0.150136 -0.506717 0.70437 0.0438956 -0.2723 -0.167951 -0.898466 -0.913163 0.536734 -1 0.707859 0.512846 0.389621 -0.390619 -0.398897 -0.337916 0.398623 -1 -0.41958 0.128387 -0.931084 -0.769275 0.0914572 0.743182 -0.0687854 0.485719 -0.452717 0.458799 0.674382 0.742837 -0.255275 -1 -0.659822 -0.0836394 0.202365 -0.952255 0.54029 -1 0.916607 0.0556772 0.289198 -0.179972 -0.380833 0.0860844 -0.275315 -1 -0.518527 -0.763561 -0.9456 0.637967 0.145251 -0.403712 -0.316954 -0.684408 -0.655782 -1 -0.00584069 -0.632368 0.390671 0.259818 -0.293681 -1 -0.076479 0.395461 -0.113256 
-0.240022 -0.121698 -0.931238 0.172849 0.704923 -0.752761 0.108921 -1 0.591592 -1 -0.765138 -1 0.192972 -0.0851502 0.219219 -1 -0.950183 -1 0.16614 0.718645 -0.448561 -0.247897 -0.149828 0.480637 0.298598 0.579141 -0.255829 -1 -1 -0.860503 -0.88935 -1 -0.658798 -0.360936 -1 -0.751006 0.577226 -0.0596927 -1 -1 -0.18045 -0.722462 -0.546629 0.61563 -0.811543 -0.532793 0.684403 -0.626094 -0.111976 -0.290171 -0.777013 -0.500673 -1 -0.0460297 -0.567102 0.116916 -0.785874 0.604208 -0.41953 -0.860571 -0.0925778 -0.139134 -1 0.262567 0.460331 -1 -0.401944 0.228016 0.879075 -0.983218 -0.625904 -1 -0.611155 -1 -0.710361 -0.305355 -0.733097 -0.317322 0.158603 -1 -0.42706 -0.947069 -0.116509 -0.0566598 -0.993613 -0.0730566 0.380927 0.352444 -0.236579 -0.451877 -0.655588 0.353219 -0.969243 -0.999047 -0.509841 -0.285023 -0.734834 -0.0881481 -0.0420648 -0.505807 -0.0894375 -0.190201 -0.462973 -0.698577 -0.162654 -0.62925 -0.316136 -0.328298 -0.392217 0.0415172 -1 -0.970612 0.16431 0.0815918 -0.380154 0.0123259 0.407997 -1 -0.490113 -1 -1 0.609361 -0.38648 0.132656 -1 -0.988708 -1 -0.264291 0.557335 -0.149595 -0.257083 0.197939 -0.40557 0.0751992 -0.779446 -1 -1 -0.874428 
-0.504504 -1 -0.755112 -0.0672945 -0.518658 0.106907 -0.134495 0.424699 0.118543 0.260773 0.512417 -0.0961071 -0.759531 -0.937525 -1 -0.774015 0.1011 -0.74685 0.379545 0.606927 -0.515579 -0.843615 0.00923266 -1 0.0161096 -0.363085 -1 -0.664464 -0.297704 0.628126 0.18705 -1 0.82427 0.0813329 0.262702 0.216103 -0.972684 0.0885451 -0.352754 -0.979036 0.104194 0.179421 0.551103 -1 0.221396 0.24549 -1 -0.692877 -0.564288 0.379278 -1 -0.576622 0.0488921 -0.0436497 -0.0711449 -1 0.826287 -0.189288 -0.168466 -0.286119 0.575729 0.235327 0.0235875 -0.573233 0.276476 0.876418 -1 -0.273211 -0.213567 0.164623 0.600325 0.132601 0.301038 0.1196 -0.517894 0.688748 0.032827 -0.277846 -0.194068 -1 -0.942593 0.778501 -1 0.453422 0.446232 0.519723 -0.387066 -0.762482 -0.337916 0.228378 -1 -0.19642 0.128387 -0.973991 -0.593593 0.259395 0.734135 -0.0388328 0.675059 -0.511834 0.43093 0.352047 0.760887 -0.195913 -1 -0.659822 -0.097621 0.291211 -0.729682 0.429652 -0.973817 0.869547 0.114674 0.50452 -0.00339378 -0.332949 0.151265 -0.217547 -1 -0.551926 -0.880276 -0.910405 0.637967 0.0292658 -0.576026 -0.398161 -0.755459 -0.707389 -0.789674 -0.0472633 -0.788626 0.315613 0.255017 -0.544119 -0.999709 -0.218831 0.0877379 -0.153343 
-0.271147 -0.22146 -1 0.468772 0.500183 -1 -0.109595 -1 0.186114 -1 -0.934751 -1 -0.148711 -0.373316 0.213288 -1 -1 -1 0.110185 0.536784 -0.587653 -0.454646 -0.39226 0.10956 0.315991 0.563599 -0.365142 -1 -0.97536 -1 -0.999151 -1 -0.465422 -0.611309 -0.893495 -1 0.64845 -0.119129 -0.911865 -1 -0.664208 -1 -0.592359 0.203764 -1 -0.893668 0.402235 -0.58233 -0.328645 -0.445312 -0.997008 -0.667848 -1 -0.463736 -0.825307 -0.0542918 -0.837789 0.574197 -0.923413 -0.729264 -0.144256 -0.198886 -1 0.338003 0.0876688 -1 -0.578712 0.00253425 0.64624 -1 -0.843842 -1 -0.915485 -1 -0.4549 -0.286755 -0.66278 -0.289577 -0.287178 -1 -0.234273 -1 -0.104365 0.246512 -1 -0.0680958 -0.189306 0.105977 -0.426874 -0.684374 -0.656672 0.214962 -0.910988 -1 -0.464585 -0.506153 -1 -0.73269 -0.146915 -0.595162 0.239253 -0.353197 -0.486744 -0.861472 -0.076692 -0.755565 -0.223539 -0.675418 -0.451799 -0.0704511 -1 -1 0.223503 0.102024 -0.666008 -0.0504007 0.303478 -1 -0.762888 -1 -0.744015 0.473831 -0.464213 0.386553 -1 -1 -0.914247 -0.420582 -0.0399723 -0.267128 -0.430245 0.134112 -0.699854 -0.187335 -0.953806 -1 -1 -0.884741 
-0.537844 -1 -0.755112 -0.144701 -0.802831 0.120254 -0.173094 0.261326 0.455344 0.260773 0.382942 -0.188485 -0.876379 -0.906024 -0.995433 -0.725354 -0.0311587 -0.769039 0.620734 0.751689 -0.461993 -0.815623 0.253531 -1 5.49853e-05 -0.291033 -1 -0.683756 -0.331425 0.507214 0.130988 -0.948635 0.785308 -0.101261 0.391573 0.201187 -0.912436 0.0693213 -0.130836 -0.982882 0.110631 0.210071 0.527899 -1 0.135604 0.415656 -1 -0.76246 -0.757708 0.323429 -1 -0.589996 0.182635 -0.0614676 -0.175265 -0.995965 0.811955 -0.153092 -0.390496 -0.256822 0.889393 0.0410506 -0.0221156 -0.449669 0.367303 0.760179 -0.978494 0.0365259 -0.326338 0.121637 0.502847 -0.124656 0.490007 0.193594 -0.454446 0.54832 -0.0943902 -0.232487 -0.118077 -1 -0.983632 0.580374 -0.928341 0.634888 0.369317 0.615508 -0.346486 -0.463731 -0.497782 0.390065 -1 -0.282313 0.0639249 -0.924655 -0.569967 0.130116 0.528446 -0.0545721 0.63593 -0.533764 0.528773 0.462853 0.569089 -0.229392 -0.953715 -0.749703 -0.164276 0.201975 -0.733467 0.440732 -0.96871 0.739031 -0.0248881 0.399737 -0.14217 -0.256597 0.0251333 -0.348464 -1 -0.468745 -0.903967 -1 0.517304 0.122121 -0.46811 -0.399393 -0.69909 -0.885002 -0.799463 -0.134555 -0.611438 0.224272 0.226531 -0.257726 -1 -0.10614 0.160948 -0.316296 
-0.806894 -1 -0.766872 -0.0672945 -0.561557 0.121241 -0.207498 0.410023 0.452717 0.178559 0.417636 -0.217444 -0.859776 -0.914284 -1 -0.866141 0.0969139 -0.682328 0.503953 0.826196 -0.585912 -0.716991 0.131063 -0.958572 -0.105212 -0.545979 -1 -0.593555 -0.226668 0.676733 0.179435 -0.893674 0.87492 -0.0668183 0.310196 0.00198188 -0.9849 0.0795389 -0.178035 -0.947578 0.120702 0.146784 0.32589 -1 0.164266 0.348028 -1 -0.738702 -0.68997 0.246099 -1 -0.760519 0.149648 -0.184899 -0.0905994 -1 0.705855 -0.270949 -0.265318 -0.0511196 0.835596 0.159745 -0.0201322 -0.677477 0.298256 0.707124 -1 -0.0819077 -0.268131 0.122376 0.541634 0.0967188 0.388767 0.174317 -0.585862 0.54164 -0.0284759 -0.265386 -0.143006 -0.937055 -0.938924 0.599306 -1 0.557649 0.487604 0.647914 -0.537117 -0.483953 -0.390426 0.296574 -1 -0.32028 -0.0203979 -0.971196 -0.601063 0.266406 0.762931 -0.0635152 0.580513 -0.471939 0.46775 0.388711 0.685093 -0.304401 -1 -0.665834 -0.194235 0.109494 -0.744441 0.406062 -1 0.777368 0.0404703 0.354468 -0.140046 -0.270511 -0.0474981 -0.285784 -1 -0.465192 -0.760806 -0.983426 0.289488 0.0231838 -0.390705 -0.372165 -0.760034 -0.684018 -0.969842 -0.12398 -0.697202 0.32885 0.254651 -0.405928 -0.996345 -0.120969 0.273751 -0.390857 
-0.288409 -0.084053 -1 -0.0178702 0.746559 -0.764114 0.104572 -1 0.64833 -1 -1 -1 0.109249 -0.296533 -0.189964 -1 -0.923646 -1 -0.310539 0.782036 -0.392846 -0.098694 -0.123788 0.466259 0.573322 0.807276 -0.374715 -1 -0.993929 -0.894096 -1 -1 -0.97413 -0.412966 -1 -0.880224 0.482502 -0.0353745 -0.999915 -1 -0.211452 -0.802205 -0.548952 0.341254 -0.835016 -0.674055 0.454123 -0.655496 -0.225608 -0.551948 -0.557745 -0.595227 -1 -0.162896 -0.761954 0.0271166 -0.785874 0.564369 -0.607299 -0.588391 -0.029195 -0.257058 -1 -0.133597 0.163891 -1 -0.394672 0.0706687 0.784912 -1 -0.628465 -1 -0.266542 -1 -0.690779 -0.295716 -0.932593 -0.376481 0.156192 -0.973202 -0.282526 -0.96667 -0.005371 -0.14777 -0.995472 -0.503197 0.343133 0.116588 0.0159949 -0.541726 -0.880368 0.246682 -1 -0.894136 -0.463194 -0.550294 -1 -0.0825192 -0.0237354 -0.593192 0.369478 -0.0200219 -0.618314 -0.909978 -0.342628 -0.547134 -0.328436 -0.286388 -0.392217 0.129537 -0.892449 -1 0.131221 0.268354 -0.490236 0.0609259 0.33825 -1 -0.60084 -0.93365 -0.984608 0.697346 -0.616354 0.356947 -1 -0.993594 -1 -0.264291 0.330562 -0.202428 -0.234179 0.239038 -0.186164 0.205325 -0.884148 -0.937354 -1 -1 
-0.154099 -0.571451 -1 0.0658334 0.721144 -0.984624 -0.208502 -1 0.348828 -1 -0.981478 -1 0.204389 -0.302365 0.221447 -1 -0.972662 -1 0.0620322 0.791586 -0.45575 -0.0563815 -0.313628 0.419302 0.544173 0.791196 -0.798957 -0.978208 -1 -1 -1 -1 -0.407522 -0.479847 -0.995376 -0.992239 0.17826 -0.19213 -0.983639 -1 -0.896536 -1 -0.862412 0.438659 -1 -0.641556 0.781523 -0.675331 -0.299024 -0.335931 -0.623412 -0.779495 -0.955581 -0.586063 -0.513218 -0.376676 -1 0.380329 -0.471846 -0.61227 -0.257771 -0.670897 -1 0.505849 0.255455 -1 -1 0.156743 1 -1 -0.800481 -0.968402 -0.611228 -1 -0.422658 -0.315137 -1 -0.580374 -0.201888 -0.930009 -0.471528 -1 -0.296224 0.0319755 -0.98336 -0.0654582 0.327376 0.0814365 -0.25418 -0.706268 -0.971531 0.182782 -1 -0.930372 -0.660601 -0.428531 -1 0.01531 -0.0941264 -0.89871 0.265319 -0.0765637 -0.401128 -0.903862 -0.233608 -0.780702 -0.151164 -0.363468 -0.552341 0.114245 -0.914955 -1 -0.0415076 0.255338 -0.569398 0.0925404 0.0102468 -1 -0.551423 -1 -0.928113 0.397549 -0.374603 0.218617 -1 -1 -0.977994 -0.279199 0.174282 -0.412861 -0.6886 -0.170268 -0.433913 -0.0136093 -0.718438 -0.943022 -1 -0.999572 
0.0292746 -0.108465 -0.98205 -0.0257531 0.665649 -0.984867 0.187881 -1 0.691785 -1 -0.893506 -0.973546 -0.0560631 -0.0373016 0.0322778 -1 -0.975995 -1 0.262528 0.620957 -0.368436 -0.176666 -0.227719 0.256348 0.591207 0.846958 -0.618221 -1 -1 -0.914059 -1 -1 -0.441811 -0.50023 -1 -0.773455 0.413794 -0.11666 -1 -1 -0.411096 -0.813398 -0.767583 0.643639 -1 -0.532793 0.651977 -0.675912 -0.261255 -0.358715 -0.606713 -0.312431 -1 -0.448926 -0.596548 -0.124989 -0.861399 0.536077 -0.437791 -0.923287 0.121368 0.00864386 -1 0.462272 0.210072 -0.979924 -0.522582 0.223951 0.770633 -0.957909 -0.683535 -0.971385 -0.35342 -1 -0.662075 -0.582478 -0.543668 -0.312548 0.0133828 -1 -0.275301 -0.964848 -0.236546 -0.143994 -0.994751 -0.306256 0.28948 0.274379 0.0144696 -0.472879 -0.637973 0.352475 -1 -0.925063 -0.654548 -0.361976 -0.839288 -0.109868 -0.0341249 -0.471474 -0.0309275 -0.105516 -0.583099 -0.830583 0.0085367 -0.709798 -0.462437 -0.184694 -0.352864 0.156169 -0.892449 -1 0.11423 0.213932 -0.388278 0.0141497 0.257038 -1 -0.621493 -0.967287 -0.814441 0.595453 -0.438736 0.285892 -1 -0.970957 -0.977525 -0.294061 0.432539 -0.21502 -0.364432 0.141446 -0.379023 0.199031 -0.616568 -1 -1 -0.901746 
-0.45852 -1 -0.755112 -0.0672945 -0.518658 0.106907 -0.134495 0.424699 0.118543 0.260773 0.512417 -0.0961071 -0.759531 -0.871763 -0.986886 -0.774015 0.0377948 -0.677163 0.311431 0.606927 -0.461816 -0.843615 0.00923266 -0.958572 0.0161096 -0.363085 -1 -0.664464 -0.297704 0.641016 0.186408 -1 0.751908 0.0813329 0.277014 0.265193 -1 0.10253 -0.352754 -0.979036 0.104194 0.179421 0.551103 -1 0.221396 0.24549 -1 -0.692877 -0.564288 0.379278 -1 -0.576622 0.0488921 -0.0376023 -0.0711449 -1 0.891925 -0.153092 -0.168466 -0.286119 0.575729 0.182776 0.0485176 -0.573233 0.290646 0.876418 -1 -0.196644 -0.238739 0.164623 0.618727 0.175735 0.305156 0.1196 -0.517894 0.749993 0.032827 -0.290957 -0.178586 -0.9762 -0.915254 0.743669 -0.974234 0.453422 0.459441 0.519723 -0.387066 -0.74988 -0.337916 0.250837 -1 -0.19642 0.128387 -0.89234 -0.593593 0.259395 0.784467 -0.112478 0.607111 -0.511834 0.43093 0.302905 0.760887 -0.195913 -1 -0.659822 -0.0633206 0.298502 -0.660334 0.507045 -0.973817 0.869547 0.108268 0.50452 -0.00339378 -0.360826 0.193425 -0.217547 -1 -0.512521 -0.901922 -0.910405 0.637967 0.0292658 -0.576026 -0.362219 -0.738067 -0.687702 -0.789674 -0.077199 -0.788076 0.315613 0.255017 -0.543707 -0.999709 -0.260645 0.0877379 -0.153343 
-0.0439339 -0.0435343 -1 0.234904 0.723069 -0.792489 0.108439 -1 0.780111 -1 -0.868759 -1 0.21826 -0.121833 0.23459 -1 -1 -1 0.349399 0.641422 -0.492964 -0.310457 -0.209266 0.553223 0.514815 0.726362 -0.306152 -1 -1 -0.905665 -0.936945 -1 -0.41278 -0.435093 -1 -0.768432 0.446588 -0.0110575 -0.971145 -1 -0.168509 -0.670782 -0.622494 0.534639 -0.860629 -0.66117 0.767726 -0.572135 -0.0515991 -0.251339 -0.629496 -0.424715 -1 -0.210184 -0.608914 0.0271166 -0.760077 0.546917 -0.389707 -0.543142 0.000885911 -0.00733559 -0.995494 0.376642 0.385572 -0.987073 -0.486777 0.228895 0.920524 -1 -0.78225 -1 -0.454222 -1 -0.405372 -0.272438 -0.551265 -0.323551 0.149712 -0.946372 -0.288083 -1 -0.223983 -0.0201715 -1 -0.0166265 0.379667 0.360743 -0.0751505 -0.570328 -0.695038 0.344146 -0.979354 -0.925063 -0.537996 -0.350652 -0.862005 -0.0265457 -0.0450788 -0.505807 0.0976915 0.0152302 -0.49653 -0.69895 -0.101669 -0.450992 -0.262621 -0.258987 -0.419449 0.123445 -0.867248 -0.996861 0.204097 0.0953111 -0.397557 0.0923029 0.249001 -0.969855 -0.558675 -1 -1 0.607091 -0.408765 0.366843 -1 -1 -0.983341 -0.230373 0.557335 -0.216425 -0.446451 0.193641 -0.190469 0.125579 -0.730863 -0.886709 -0.981784 -0.767672 
0.0364904 -0.0435343 -0.926533 0.334648 0.460754 -0.807686 -0.0221315 -1 0.780111 -1 -0.868759 -1 0.21826 -0.332268 0.23459 -1 -1 -1 0.335688 0.641422 -0.528775 -0.188263 -0.40716 0.5895 0.281377 0.799692 -0.306152 -1 -1 -0.905665 -1 -1 -0.511085 -0.563155 -1 -0.768432 0.309299 -0.0445032 -1 -1 -0.24417 -0.620855 -0.726437 0.534639 -0.902484 -0.564443 0.785827 -0.644132 -0.153235 -0.251058 -0.594768 -0.380019 -1 -0.198448 -0.881618 0.0271166 -0.760077 0.475626 -0.386403 -0.543142 0.0665156 -0.044659 -0.995494 0.328495 0.329152 -0.999641 -0.714561 0.298163 0.920524 -1 -0.836663 -1 -0.628727 -1 -0.596551 -0.480205 -0.520181 -0.323551 0.00768729 -0.91768 -0.539081 -1 -0.15721 0.0897778 -1 -0.0269537 0.0991919 0.336209 -0.073667 -0.786585 -0.675978 0.0647239 -0.979354 -0.962484 -0.567852 -0.350652 -0.862005 0.0205896 -0.0450788 -0.721269 0.137915 -0.00160059 -0.742338 -0.780032 -0.101669 -0.492243 -0.613941 -0.403899 -0.410966 0.0950066 -1 -1 0.191962 -0.00670379 -0.390054 -0.0428864 0.0904733 -1 -0.642282 -1 -1 0.582095 -0.408765 0.366843 -1 -1 -0.997371 -0.28563 0.438237 -0.217327 -0.387886 -0.029132 -0.246774 -0.152335 -0.710992 -1 -1 -0.750581 
-0.0509712 -0.108356 -1 0.161446 0.694359 -0.792489 0.185092 -1 0.742175 -1 -0.744699 -0.99826 0.12355 -0.0851502 0.23459 -1 -1 -1 0.295527 0.620679 -0.474129 -0.432007 -0.215182 0.568178 0.486005 0.776168 -0.306152 -1 -1 -0.936306 -1 -1 -0.488735 -0.492061 -1 -0.768432 0.500155 -0.0686845 -1 -1 -0.158409 -0.711749 -0.604733 0.559981 -0.948039 -0.674132 0.742836 -0.577639 -0.0409102 -0.290171 -0.653779 -0.363282 -1 -0.163927 -0.596548 0.0271166 -0.834687 0.613044 -0.437577 -0.51506 0.138842 0.0329857 -0.972078 0.376642 0.375832 -0.971753 -0.479773 0.228895 0.936199 -1 -0.819812 -0.996148 -0.463707 -1 -0.405372 -0.399029 -0.56223 -0.389563 0.159081 -1 -0.288083 -1 -0.146405 0.0846924 -0.998317 0.0137402 0.340807 0.360743 -0.0255063 -0.570328 -0.693154 0.352475 -0.979354 -0.982837 -0.514137 -0.291899 -1 -0.0265457 -0.141431 -0.546193 0.152198 -0.0992877 -0.451269 -0.724641 -0.0577438 -0.465461 -0.318365 -0.320349 -0.402234 0.0708155 -0.892449 -1 0.258988 0.0465044 -0.481746 0.120188 0.291519 -0.990997 -0.562442 -0.986853 -0.9661 0.55012 -0.4519 0.369066 -1 -0.982501 -0.966917 -0.230373 0.557335 -0.217308 -0.541996 0.194984 -0.303217 -0.0324387 -0.731234 -0.908185 -1 -0.750581 
-0.683057 -1 -0.735703 -0.182643 -0.604647 0.116338 -0.427354 0.33037 0.303131 0.145203 0.369464 -0.18312 -0.702116 -0.815333 -1 -0.80056 -0.0594201 -0.80664 0.38683 0.825103 -0.568604 -0.728439 0.0624457 -0.956478 -0.0277509 -0.308834 -1 -0.674522 -0.255099 0.656174 0.0873116 -0.807473 0.870274 -0.244832 0.403293 0.0534095 -0.97344 0.0994304 -0.357931 -1 0.22317 -0.0885923 0.383976 -0.977178 0.185089 0.515657 -1 -0.82719 -0.53866 0.240367 -1 -0.794023 0.112192 -0.103696 -0.114422 -1 0.891925 -0.197889 -0.308786 -0.0255262 0.756916 0.244308 -0.00152728 -0.448393 0.361961 0.74534 -1 -0.0547061 -0.17164 0.296495 0.257382 -0.110662 0.482812 0.271323 -0.804989 0.76614 -0.0228086 -0.0713906 -0.246395 -0.984831 -0.968133 0.539882 -0.993343 0.672727 0.376466 0.681677 -0.344085 -0.40633 -0.445042 0.405936 -1 -0.27116 0.00498 -1 -0.539238 0.0188435 0.452365 -0.0300165 0.363499 -0.448763 0.346871 0.157315 0.698667 -0.288568 -1 -0.712854 -0.147304 -0.153087 -0.727549 0.481719 -0.988074 0.972701 0.0590324 0.567453 -0.251092 -0.257382 -0.0398882 -0.410029 -1 -0.55662 -0.763561 -0.937896 0.651481 0.0422428 -0.397458 -0.449239 -0.631883 -0.876739 -1 0.0482429 -0.78059 0.261999 0.277373 -0.424179 -1 -0.0181782 0.133433 -0.286453 
-0.454115 -1 -0.811032 -0.384962 -0.52997 0.0725986 -0.397498 0.330846 0.429219 0.260773 0.342745 -0.0873198 -0.924059 -0.917092 -1 -0.670648 0.0871513 -0.804595 0.329599 0.767583 -0.518267 -0.883028 0.17739 -0.887368 0.0625692 -0.555207 -1 -0.662251 -0.584509 0.227218 0.182572 -0.738571 0.840684 0.10698 0.297048 0.179962 -1 0.0251458 -0.105934 -1 0.112893 0.224612 0.496091 -1 0.130216 0.222611 -1 -0.834 -0.615219 0.346669 -1 -0.57463 -0.0433838 -0.0728842 -0.149242 -0.966268 0.812842 -0.274596 -0.510713 -0.264131 0.86261 0.259217 -0.113455 -0.556928 0.358188 0.682256 -1 -0.256805 -0.244568 0.197029 0.424686 0.0487001 0.557148 0.329066 -0.75986 0.640311 0.032827 -0.286779 -0.195016 -1 -0.865606 0.821742 -0.959496 0.707859 0.406789 0.547789 -0.457268 -0.406952 -0.28147 0.315464 -1 -0.592346 0.0969575 -0.922637 -1 0.243091 0.79382 -0.0796696 0.556332 -0.544721 0.401221 0.458618 0.457117 -0.467546 -0.984674 -0.75987 -0.123298 0.199597 -0.643064 0.53397 -1 0.708217 0.108842 0.368504 -0.107627 -0.270511 0.0316025 -0.387001 -1 -0.984792 -0.708107 -0.913182 0.511282 -0.168995 -0.542565 -0.550245 -0.606296 -0.736426 -0.779626 -0.126681 -0.559617 0.336335 0.267088 -0.470274 -0.994605 -0.026595 0.325151 -0.305137 
0.0313372 -0.0461234 -1 0.184124 0.65521 -0.792489 0.157221 -1 0.777267 -1 -0.884954 -1 0.192972 -0.188755 0.2272 -1 -1 -0.951043 0.346372 0.542076 -0.354106 -0.280348 -0.187 0.546931 0.516782 0.776168 -0.313115 -0.993432 -1 -0.824623 -0.978913 -1 -0.395957 -0.373628 -1 -0.747187 0.599504 -0.0285179 -1 -0.992288 -0.113992 -0.711475 -0.612688 0.562887 -0.922704 -0.533694 0.665882 -0.617716 -0.0515991 -0.290171 -0.632075 -0.363282 -1 -0.162896 -0.60878 0.0271166 -0.810612 0.613044 -0.464798 -0.488293 0.0807274 -0.0294458 -0.995494 0.43087 0.385572 -1 -0.479773 0.253395 0.863675 -0.97416 -0.670112 -1 -0.469933 -1 -0.405372 -0.238055 -0.543668 -0.392555 0.149712 -0.989854 -0.302735 -1 -0.127924 0.0890647 -1 -0.00920308 0.379667 0.360743 -0.0419648 -0.473325 -0.666829 0.266488 -0.992263 -0.897459 -0.508402 -0.266495 -0.862664 -0.118931 -0.0486685 -0.58203 0.181374 -0.0686226 -0.453744 -0.794818 -0.0577438 -0.508793 -0.326704 -0.330497 -0.345516 0.159843 -0.978164 -1 0.233052 0.106134 -0.477737 0.0823877 0.287059 -1 -0.562442 -1 -0.853954 0.586285 -0.408765 0.297921 -1 -1 -0.997371 -0.315453 0.512926 -0.148859 -0.466894 0.193641 -0.216717 0.199031 -0.613091 -0.981868 -1 -0.750581 
-0.487079 -1 -0.755112 -0.0672945 -0.518658 0.121241 -0.134495 0.424699 0.44145 0.260773 0.537767 -0.177418 -0.784748 -0.815333 -1 -0.725354 0.1011 -0.704111 0.652295 0.826196 -0.461816 -0.728439 0.249618 -0.958572 0.0370475 -0.303037 -1 -0.631847 -0.255099 0.676733 0.18705 -0.807473 0.901352 0.10698 0.380955 0.279342 -0.907379 0.10253 -0.105934 -0.998464 0.263272 0.224612 0.531284 -1 0.199354 0.515657 -1 -0.74496 -0.53866 0.393977 -1 -0.576622 0.277226 -0.0376023 -0.0711449 -1 0.891925 -0.153092 -0.293373 -0.0358067 0.86167 0.235327 0.0485176 -0.447837 0.387117 0.876418 -1 0.00811279 -0.201055 0.348124 0.532585 0.0849656 0.556426 0.301553 -0.454446 0.76614 0.032827 -0.100162 -0.141271 -0.889944 -0.865606 0.821742 -0.928341 0.707859 0.512846 0.758612 -0.33959 -0.398897 -0.337916 0.398623 -1 -0.227109 0.128387 -0.844051 -0.593593 0.259395 0.773405 0.0269438 0.675059 -0.447485 0.53443 0.647904 0.735985 -0.195913 -0.957657 -0.659822 -0.105845 0.201975 -0.670226 0.53397 -0.973817 0.869547 0.108268 0.533157 -0.107627 -0.270511 0.123393 -0.249049 -1 -0.512521 -0.763561 -0.9456 0.637967 0.108198 -0.393012 -0.362219 -0.603848 -0.65998 -0.789674 -0.00584069 -0.559617 0.315613 0.267088 -0.238004 -1 -0.019899 0.323454 -0.153343 
-0.556687 -1 -0.733767 -0.0672945 -0.575833 0.106942 -0.138507 0.199985 0.155548 0.198774 0.537767 -0.189492 -0.784748 -1 -0.931532 -0.775999 0.00736189 -0.656577 0.38818 0.712694 -0.449293 -0.800214 0.238515 -0.958572 -0.261893 -0.278321 -0.993306 -0.622394 -0.29695 0.783294 0.18705 -0.920133 0.787498 0.0505385 0.380955 0.100239 -0.924232 0.063337 -0.104033 -1 0.13505 0.235049 0.403958 -1 0.128655 0.456046 -1 -0.74496 -0.71874 0.393977 -1 -0.857635 0.00668782 -0.102215 -0.159048 -1 0.777524 -0.150457 -0.356647 0.0295781 0.747218 0.209557 0.00861089 -0.432773 0.387117 0.816701 -1 -0.0269026 -0.298797 0.337631 0.284744 0.0691206 0.379479 0.0417747 -0.66305 0.76614 -0.210475 -0.1122 -0.457917 -0.889944 -0.966277 0.789128 -1 0.699615 0.505994 0.616585 -0.33959 -0.455253 -0.385766 0.373747 -1 -0.31149 0.128387 -1 -0.511911 0.179713 0.773405 0.0267323 0.584787 -0.465852 0.53443 0.647904 0.721152 -0.245001 -1 -0.79805 -0.109031 0.195854 -0.75431 0.484619 -1 0.476529 -0.123269 0.533157 -0.174932 -0.270511 0.0149143 -0.213107 -1 -0.536638 -0.735843 -0.978333 0.544012 0.178976 -0.413967 -0.313426 -0.603848 -0.680138 -0.965745 0.0310446 -0.526139 0.303418 0.294785 -0.245067 -1 -0.019899 0.264672 -0.505066 
-0.0829305 -0.428511 -1 0.0906023 0.721144 -0.748678 0.00913587 -1 0.387661 -1 -0.969346 -1 0.182418 -0.279945 0.254453 -1 -0.866205 -1 0.190569 0.790211 -0.506309 -0.076746 -0.202228 0.419302 0.544173 0.791196 -0.486219 -0.943736 -0.985651 -0.940809 -0.988749 -0.991315 -0.340516 -0.479847 -1 -1 0.300997 -0.254115 -1 -1 -0.808971 -1 -0.648539 0.593827 -1 -0.584075 0.834761 -0.68466 -0.368585 -0.335931 -0.669272 -0.741574 -0.948593 -0.586063 -0.562952 -0.105783 -1 0.613044 -0.468942 -0.607327 -0.168543 -0.634395 -1 0.505849 0.112382 -0.996949 -0.827991 0.106047 1 -1 -0.800481 -0.975707 -0.341679 -1 -0.56189 -0.283953 -0.825803 -0.312548 -0.134496 -1 -0.375349 -0.985832 -0.296224 0.0319755 -1 -0.0654582 0.325055 0.0933959 -0.274378 -0.599414 -0.623863 0.29827 -1 -0.930696 -0.493809 -0.355661 -1 -0.0654023 -0.0777135 -0.641936 0.296598 -0.140487 -0.579083 -0.713911 -0.136233 -0.659753 -0.151164 -0.328408 -0.552341 0.0671139 -0.967524 -1 -0.0883841 0.225223 -0.578299 0.0299892 0.324428 -0.939983 -0.537377 -1 -0.971705 0.466315 -0.442621 0.353058 -1 -0.97379 -0.956284 -0.27924 0.465151 -0.266054 -0.645174 -0.0882706 -0.386247 0.238475 -0.749228 -0.93125 -1 -0.801555 
-0.327863 -0.298641 -1 0.0511343 0.52159 -0.971926 0.169725 -1 0.720888 -1 -1 -1 -0.0198209 -0.217274 0.0185497 -1 -0.921818 -1 -0.0466896 0.473729 -0.348995 -0.353057 -0.414856 0.148089 0.320317 0.824175 -0.595737 -1 -1 -0.746167 -1 -1 -0.657947 -0.319052 -1 -0.919664 0.515027 -0.045102 -1 -0.920775 -0.236936 -0.978057 -0.784914 0.563232 -0.904962 -0.796577 0.74016 -0.789622 -0.335305 -0.641008 -0.620087 -0.355329 -1 -0.181961 -0.968877 -0.449132 -1 0.39534 -0.470611 -0.787685 0.0756228 -0.187063 -1 0.0706994 0.13797 -1 -0.550102 0.195749 0.728206 -1 -0.742765 -1 -0.430535 -1 -0.812245 -0.484844 -0.761836 -0.392257 -0.121336 -1 -0.423511 -1 -0.548669 0.0210275 -0.976029 0.011181 0.243808 0.379017 0.0721834 -0.536842 -0.816482 -0.0165012 -0.993036 -1 -0.469645 -0.876103 -1 -0.251932 -0.407145 -0.730844 0.115276 0.0262072 -0.446887 -0.742047 -0.103959 -0.551237 -0.42254 -0.209058 -0.390168 -0.109484 -1 -1 -0.0645226 -0.142626 -0.576478 0.030841 0.275875 -0.961924 -0.481467 -1 -0.960297 0.684787 -0.536591 0.282729 -1 -1 -1 -0.398767 0.435256 -0.750241 -0.495231 0.072019 -0.183495 0.106675 -0.74718 -1 -0.98278 -1 
-0.191618 -0.00404266 -0.902861 0.169551 0.65521 -0.891398 0.157221 -1 0.711516 -1 -1 -0.818175 -0.07058 -0.220952 0.2272 -1 -0.994221 -1 0.346372 0.499372 -0.35395 -0.389624 -0.187 0.290966 0.221655 0.776168 -0.313115 -1 -1 -0.856025 -1 -1 -0.403505 -0.373628 -1 -0.710039 0.351023 -0.0238709 -0.960519 -1 -0.208462 -0.909269 -0.599924 0.329612 -0.995558 -0.53327 0.676402 -0.843621 -0.0634674 -0.414743 -0.93272 -0.471767 -1 -0.385478 -0.86653 -0.0494407 -1 0.564784 -0.365883 -0.629374 -0.265108 -0.0294458 -1 0.273119 0.444587 -0.927186 -0.690451 -0.0168919 0.720107 -0.97416 -0.742596 -1 -0.457824 -1 -0.405372 -0.257262 -0.719976 -0.964176 0.0848908 -0.906689 -0.485552 -0.975102 -0.296668 -0.183847 -1 -0.0468881 0.322339 0.240252 -0.0419648 -0.586712 -0.666829 0.0841341 -1 -1 -0.760703 -0.266495 -0.862664 -0.115568 -0.0615653 -0.712422 -0.0983134 -0.00160059 -0.652456 -1 -0.344516 -0.500328 -0.57585 -0.321989 -0.472283 0.113928 -1 -0.972137 0.225797 0.106134 -0.575297 0.15275 0.0578625 -0.963746 -0.856283 -1 -0.955542 0.487782 -0.791189 0.329248 -1 -1 -1 -0.519766 0.311163 -0.147415 -0.645335 -0.00898755 -0.216717 0.199031 -0.602185 -0.893123 -0.99286 -1 
-0.487079 -0.978382 -0.755112 -0.138216 -0.518658 0.0848201 -0.142311 0.424699 0.44145 0.1936 0.537767 -0.225469 -0.782158 -0.815333 -1 -0.727877 0.0742148 -0.734715 0.652295 0.826196 -0.461816 -0.728439 0.265986 -0.958572 0.0370475 -0.303037 -1 -0.631847 -0.255099 0.687025 0.18705 -0.844551 0.923594 0.10698 0.332614 0.189102 -0.93479 0.095407 -0.105934 -0.998464 0.193783 0.187714 0.531284 -1 0.223873 0.515657 -1 -0.74496 -0.53866 0.393977 -1 -0.654746 0.277226 -0.0376023 -0.136676 -1 0.891925 -0.135158 -0.293373 -0.0358067 0.86167 0.185357 0.0374336 -0.475307 0.387117 0.876418 -0.995008 0.00811279 -0.29138 0.348124 0.532585 0.0408024 0.545535 0.301553 -0.454446 0.76614 0.032827 -0.115331 -0.141271 -0.989827 -0.865606 0.829474 -0.928341 0.707859 0.473535 0.758612 -0.336652 -0.398897 -0.337916 0.349974 -0.987149 -0.290734 0.128387 -0.844051 -0.593593 0.259395 0.739969 0.0419846 0.606196 -0.447485 0.501596 0.552876 0.735985 -0.195913 -0.957657 -0.659822 -0.176603 0.201975 -0.670226 0.459852 -0.973817 0.869547 0.108752 0.533157 -0.107627 -0.26384 0.0832031 -0.23094 -1 -0.504274 -0.738053 -0.998168 0.632223 0.108198 -0.393012 -0.385661 -0.610574 -0.687037 -0.860366 -0.0263592 -0.559617 0.315613 0.267088 -0.227852 -1 -0.019899 0.329284 -0.137238 
-0.487079 -1 -0.775089 0.000247117 -0.692167 -0.00253756 -0.318799 0.424699 0.365345 0.245127 0.548054 -0.512301 -1 -0.730582 -1 -0.802813 0.0988762 -1 0.652295 0.476826 -0.508081 -0.649563 0.240452 -1 0.0625285 -0.521271 -1 -0.849246 -0.358052 0.417857 0.265924 -0.747922 0.717387 -0.158746 0.20918 0.0248246 -0.893499 -0.169507 -0.435451 -1 0.237968 0.119011 0.531284 -0.990024 0.00309245 0.372507 -0.994317 -1 -0.430599 0.433367 -1 -0.559612 0.277226 -0.0388897 -0.0273367 -0.998355 0.761782 -0.312738 -0.348419 -0.00231711 0.581327 0.235327 0.0485176 -0.510268 0.0822131 0.994519 -0.864943 0.00811279 -0.370991 0.357108 0.283853 -0.0959573 0.581272 0.301553 -0.858254 0.720303 0.0400276 -0.279343 -0.443058 -0.985353 -0.889651 0.594633 -0.939167 0.620015 0.286063 0.670731 -0.541925 -0.490466 -0.391445 0.303059 -1 -0.475724 -0.104543 -1 -0.607025 -0.0334264 0.771969 -0.0612732 0.485999 -0.442689 0.2881 0.578585 0.499588 -0.195913 -0.946289 -0.517481 -0.323575 0.0276298 -0.670226 0.211749 -1 0.869547 -0.0333281 0.529558 -0.0609018 -0.312168 -0.048402 -0.312111 -1 -0.636975 -0.763561 -0.964986 0.633039 0.108198 -0.41127 -0.362219 -0.755977 -0.739081 -0.822956 -0.136067 -0.507548 0.376043 0.281605 -0.489703 -1 -0.019899 0.0946186 -0.362137 
-0.487079 -1 -0.730331 -0.0672945 -0.518658 0.121241 -0.143659 0.424699 0.44145 0.192936 0.544549 -0.177418 -0.784748 -0.904971 -1 -0.725354 0.1011 -0.734782 0.571627 0.826196 -0.461816 -0.728439 0.249618 -0.998471 -0.043569 -0.287011 -1 -0.631847 -0.279767 0.68769 0.164994 -0.807473 0.912869 0.10698 0.377982 0.283859 -0.964119 0.10253 -0.105934 -0.998464 0.263272 0.224612 0.493778 -1 0.199354 0.515657 -1 -0.74496 -0.53866 0.385577 -1 -0.576622 0.2545 -0.0905529 -0.136484 -1 0.867428 -0.153092 -0.293373 -0.0468799 0.786094 0.235327 -0.00673478 -0.433247 0.331705 0.876418 -1 0.00811279 -0.201055 0.361433 0.547798 -0.073972 0.556426 0.283218 -0.429491 0.76614 0.0183767 -0.100162 -0.141271 -0.913221 -0.941341 0.828577 -1 0.587512 0.512846 0.758612 -0.342028 -0.398897 -0.337916 0.314062 -1 -0.233108 0.128387 -0.92611 -0.608966 0.284989 0.773405 -0.0895551 0.675059 -0.536143 0.53443 0.556578 0.735985 -0.195913 -0.957657 -0.659822 -0.105845 0.201975 -0.670226 0.53397 -1 0.869547 0.108268 0.533157 -0.107627 -0.253298 0.114466 -0.317974 -1 -0.60013 -0.847375 -0.953257 0.551326 0.123747 -0.406875 -0.362219 -0.603848 -0.642712 -0.789674 -0.0595154 -0.557764 0.315613 0.267088 -0.238004 -1 -0.019899 0.2925 -0.174964 
-0.558731 -0.976515 -0.88522 -0.044852 -0.580407 -0.0410892 -0.229124 0.402169 0.365028 0.0705284 0.259779 -0.296085 -0.846129 -1 -0.998271 -0.699753 0.0256494 -0.713101 0.491438 0.858332 -0.581672 -1 0.199027 -0.998783 -0.153511 -0.592763 -1 -0.737575 -0.409254 0.51924 0.0813566 -0.846641 0.835845 -0.0765196 0.186538 0.216617 -0.988583 0.0411767 -0.290102 -1 0.0756365 0.190456 0.549885 -1 0.180744 0.334482 -0.98004 -0.942138 -0.718522 0.370666 -0.936757 -0.830834 0.285373 -0.312531 -0.242833 -1 0.80978 -0.159121 -0.46718 -0.0602459 0.672051 -0.0457088 -0.0491097 -0.609757 0.217078 0.811084 -1 0.00811279 -0.230311 0.283604 0.33085 -0.0650017 0.394388 -0.0382178 -0.678288 0.728604 -0.0940881 -0.313485 -0.171263 -0.918075 -0.992923 0.760138 -1 0.595779 0.429527 0.631664 -0.532375 -0.563895 -0.549605 0.340067 -1 -0.279826 -0.124042 -0.87156 -0.762491 0.0283587 0.548619 -0.101389 0.504939 -0.537426 0.317668 0.502999 0.57882 -0.359586 -0.968769 -0.633801 -0.193746 0.193175 -0.659556 0.476756 -0.974382 0.770806 -0.0237314 0.362736 -0.311584 -0.40565 0.15239 -0.285394 -0.978796 -0.769249 -0.840405 -1 0.534517 0.111739 -0.500332 -0.453253 -0.863155 -0.854778 -0.859574 -0.261997 -0.671344 0.305201 0.263885 -0.382903 -0.990511 -0.0252894 0.194336 -0.246467 
-0.525033 -1 -0.846943 -0.0751517 -0.535876 0.134678 -0.108415 0.368949 0.295954 0.260773 0.534903 -0.230294 -0.779013 -0.895687 -1 -0.776631 0.00800558 -0.798712 0.465277 0.75413 -0.475989 -0.922884 0.189682 -0.94901 -0.0266968 -0.394656 -1 -0.847113 -0.306566 0.671153 -0.114957 -0.807473 0.755178 0.0366188 0.245625 0.119836 -0.989425 0.0570118 -0.117734 -1 0.179104 0.146919 0.49548 -1 0.199354 0.519927 -1 -0.829482 -0.832434 0.327553 -1 -0.725674 0.177169 -0.00493389 -0.154377 -1 0.873946 -0.16352 -0.293373 -0.0865155 0.807617 0.19375 -0.0747878 -0.533495 0.440149 0.876418 -0.974197 -0.0132838 -0.350119 0.106943 0.322659 -0.0085829 0.556426 0.0228443 -0.46466 0.631173 -0.0650661 -0.329799 -0.42195 -0.930822 -0.936797 0.821742 -1 0.734266 0.443173 0.736471 -0.311533 -0.653684 -0.331579 0.320095 -0.969899 -0.590804 0.0618432 -0.865277 -0.592395 0.129363 0.736919 -0.0368117 0.547382 -0.646278 0.502173 0.57269 0.676527 -0.438932 -1 -0.624977 -0.0528174 0.213774 -0.68536 0.256765 -0.97518 0.797717 0.116485 0.533157 -0.141048 -0.459126 -0.00466899 -0.547722 -1 -0.512521 -0.84085 -1 0.291378 0.0946063 -0.356575 -0.669077 -0.933602 -0.778427 -0.789674 -0.0110451 -0.782464 0.203093 0.2553 -0.238004 -1 -0.373568 0.153243 -0.232871 
-0.566387 -1 -0.67325 -0.0371359 -0.830394 -0.244642 -0.380094 0.423885 0.353444 0.278893 0.339784 -0.398081 -0.934394 -1 -1 -1 -0.025878 -0.999892 0.583732 0.56638 -0.555674 -0.747247 0.207965 -0.92298 -0.187141 -0.395296 -0.985998 -0.619032 -0.331978 0.577879 -0.105777 -0.902518 0.730288 -0.258029 0.233331 0.0463907 -0.970271 -0.189655 -0.0833127 -0.990929 0.192904 -0.0302594 0.53638 -1 0.199354 0.489149 -1 -0.817729 -0.59571 0.400286 -1 -0.552421 0.331403 -0.15194 -0.0327095 -1 0.615267 -0.151359 -0.293373 -0.0581078 0.869624 0.243967 0.078633 -0.707775 0.210864 0.876418 -1 -0.0687304 -0.174737 0.289609 0.451441 0.0577025 0.462011 0.301553 -0.507044 0.76614 0.032827 -0.402575 -0.285336 -0.859655 -0.865606 0.821742 -1 0.680985 0.453623 0.327196 -0.412035 -0.546096 -0.30929 0.239475 -1 -0.240032 0.108118 -1 -0.739343 0.208067 0.719488 0.0196882 0.375329 -0.404012 0.526995 0.49472 0.650423 -0.320449 -1 -0.629376 -0.5414 0.201975 -0.670226 0.447273 -1 0.604978 -0.0260024 0.554826 -0.238085 -0.293579 0.0323756 -0.290012 -1 -0.512521 -0.735645 -1 0.629327 -0.171749 -0.429598 -0.435758 -0.684828 -0.734022 -0.789674 -0.137194 -0.481499 0.200002 0.307818 -0.157812 -0.998971 -0.019899 0.1202 -0.343618 
-0.316943 -0.142351 -1 -0.0239473 0.354258 -1 -0.191128 -0.929447 0.599537 -0.97268 -0.825742 -1 -0.251458 -0.158126 -0.137151 -1 -1 -1 -0.128926 0.779593 -0.428484 -0.262187 -0.246452 0.526527 0.521692 0.615566 -0.64506 -0.976493 -1 -0.946129 -1 -1 -0.666158 -0.553933 -0.98875 -0.971842 0.355921 0.00269848 -1 -1 -0.167035 -1 -0.849719 0.157672 -0.865504 -0.554442 0.724844 -0.855754 -0.120799 -0.349223 -0.583022 -0.363223 -1 -0.213176 -1 -0.0522991 -0.738506 0.568033 -0.796352 -0.714745 0.133453 -0.478957 -1 0.108554 0.00814739 -1 -0.738583 0.169486 0.896088 -0.960212 -0.822744 -1 -0.393063 -0.98638 -0.483684 -0.311974 -0.739639 -0.281252 0.00526525 -1 -0.457226 -1 -0.311396 -0.195903 -0.867746 -0.320618 0.19346 0.357164 -0.0557104 -0.376452 -0.788138 0.146631 -1 -0.986986 -0.846139 -0.468273 -1 -0.37244 -0.0170987 -0.736747 0.238963 -0.21876 -0.426486 -1 -0.0348989 -0.612446 -0.713139 -0.646888 -0.856547 -0.130444 -1 -1 0.066337 -0.100903 -0.603747 0.101914 0.0983917 -0.99869 -0.789751 -0.978487 -1 0.3864 -0.553527 0.282418 -0.981055 -1 -1 -0.30387 0.554096 -0.236613 -0.461335 0.02995 -0.292379 -0.241502 -0.580685 -1 -1 -0.984707 
-0.487079 -1 -0.755112 -0.0672945 -0.518658 0.121093 -0.134495 0.401398 0.383522 0.254596 0.463651 -0.177418 -0.784748 -0.815333 -1 -0.880954 0.115745 -0.704111 0.652295 0.823141 -0.474044 -0.728439 0.192719 -0.94071 0.0370475 -0.303037 -1 -0.676086 -0.323437 0.676733 0.18705 -0.807473 0.901352 0.10698 0.278079 0.274646 -0.940077 0.10253 -0.123776 -0.998464 0.263272 0.224612 0.536749 -1 0.21336 0.515657 -1 -0.747175 -0.599514 0.393977 -1 -0.661414 0.288372 -0.109572 -0.0627695 -1 0.891925 -0.153092 -0.293373 -0.10383 0.826577 0.153978 -0.0372384 -0.447837 0.361777 0.83779 -1 -0.0387655 -0.18267 0.348124 0.532585 0.10318 0.556426 0.230398 -0.454446 0.788148 0.032827 -0.100162 -0.196707 -0.878521 -0.907987 0.821742 -0.928341 0.707859 0.512846 0.758612 -0.347312 -0.469735 -0.344381 0.321094 -1 -0.227109 0.128387 -0.844051 -0.593593 0.220652 0.730858 0.0526393 0.675059 -0.447485 0.53443 0.647904 0.725166 -0.195913 -0.961119 -0.671602 -0.110528 0.201975 -0.670226 0.449666 -0.946122 0.869547 0.108268 0.533157 -0.107627 -0.330067 0.0785487 -0.249049 -1 -0.512521 -0.763561 -0.9456 0.570544 0.108198 -0.367325 -0.362219 -0.603848 -0.662484 -0.789674 -0.096088 -0.642806 0.315613 0.291903 -0.275243 -1 -0.0321378 0.323454 -0.209064 
-0.509125 -0.952713 -0.811032 -0.0881806 -0.61927 0.121241 -0.146703 0.355115 0.42705 0.29827 0.432713 -0.166855 -0.778267 -0.969995 -1 -0.772727 0.110626 -0.809295 0.636614 0.767583 -0.621442 -0.838784 0.201899 -1 0.00131516 -0.393063 -1 -0.655268 -0.297047 0.438868 0.189754 -0.803064 0.879001 0.10698 0.341667 0.230482 -0.884123 0.0347309 -0.107084 -0.950269 0.159814 0.202995 0.453028 -1 0.15489 0.534363 -0.971882 -0.801197 -0.647246 0.393977 -1 -0.584372 0.230619 -0.0376023 -0.154937 -1 0.73097 -0.274596 -0.293373 -0.0791642 0.86261 0.235327 -0.0882307 -0.479884 0.392185 0.860844 -1 -0.0369779 -0.228726 0.265669 0.366868 0.124826 0.556426 0.301553 -0.561756 0.697382 0.032827 -0.275882 -0.121816 -0.960003 -0.865606 0.746748 -0.975601 0.707859 0.389539 0.693931 -0.342808 -0.451567 -0.403897 0.351285 -1 -0.239282 -0.0180391 -0.956233 -0.721411 0.275258 0.760973 -0.0918124 0.675059 -0.470257 0.446989 0.499981 0.735985 -0.284044 -0.981731 -0.75987 -0.115333 0.115005 -0.709048 0.506681 -1 0.820978 0.104269 0.535774 -0.162384 -0.298332 0.0700992 -0.255647 -0.984817 -0.751079 -0.681278 -0.952088 0.506999 0.036898 -0.456285 -0.409822 -0.60269 -0.757972 -0.779626 -0.135409 -0.559617 0.304451 0.267088 -0.326541 -1 -0.0127114 0.346467 -0.2528 
-0.824433 -1 -0.802398 -0.169216 -0.902743 0.121241 -0.324549 0.198883 0.235792 0.278893 0.537767 -0.259734 -1 -1 -1 -0.785136 -0.213911 -0.699412 0.397067 0.830985 -0.555674 -0.869294 -0.0723282 -1 -0.227333 -0.328632 -1 -0.674815 -0.343141 0.374149 -0.049455 -1 0.396569 -0.131768 0.224998 0.222965 -0.991921 0.10253 0.00187033 -1 0.183918 -0.0683848 0.21019 -1 0.168852 0.230136 -1 -0.783751 -0.591067 0.261996 -1 -0.676474 0.268513 -0.252587 -0.313317 -0.964119 0.789094 -0.360017 -0.36937 -0.313818 0.715297 0.0737911 0.0485176 -0.598432 0.258662 0.58807 -1 -0.0969124 -0.174737 0.348124 0.217191 0.0647419 0.462011 0.288511 -0.507044 0.772339 -0.0287656 -0.367555 -0.42147 -0.845558 -1 0.70319 -1 0.717864 0.293216 0.52328 -0.372813 -0.601228 -0.654459 0.20609 -1 -0.214628 -0.364733 -0.987622 -0.874406 0.199067 0.611434 -0.00171378 0.582801 -0.429392 0.526995 0.268973 0.816727 -0.325644 -1 -0.851104 -0.139994 0.107338 -0.70897 0.148331 -0.96336 0.800841 0.0218517 0.572079 -0.0332968 -0.33156 0.000897379 -0.457393 -0.97052 -0.512521 -0.893868 -0.875758 0.381855 0.108198 -0.263779 -0.468361 -0.780891 -0.656502 -0.873276 -0.274133 -0.526851 0.367203 0.292596 -0.178559 -1 -0.188802 -0.302211 -0.247529 
-0.161042 -0.0995304 -0.984089 0.157261 0.662232 -0.94443 0.126528 -1 0.545625 -1 -0.999041 -0.968335 -0.0089503 -0.225927 0.155222 -0.986945 -0.929451 -1 0.183256 0.550869 -0.391564 -0.389369 -0.339586 0.168743 0.421153 0.636236 -0.63439 -0.99493 -1 -1 -0.953459 -1 -0.750404 -0.403636 -0.976275 -1 0.357119 -0.101289 -1 -0.986715 -0.230623 -0.67823 -0.802665 0.5902 -0.904187 -0.561688 0.602632 -0.737926 -0.469131 -0.395332 -0.62866 -0.365898 -1 -0.526449 -0.596548 -0.0161471 -0.862358 0.5159 -0.819969 -0.644122 0.0517614 -0.143794 -1 0.441045 0.222441 -1 -0.678646 0.179284 0.92967 -0.987728 -0.768796 -1 -0.543284 -1 -0.60815 -0.327732 -0.858485 -0.770572 -0.0899215 -0.99762 -0.369792 -1 -0.0932634 0.0667868 -1 -0.136388 0.31641 0.151324 -0.0324142 -0.839871 -0.843697 0.244534 -1 -1 -0.613621 -0.358623 -0.955104 -0.0467857 -0.0163365 -0.630327 0.117484 -0.268198 -0.571042 -0.756034 -0.111789 -0.488821 -0.285443 -0.361401 -0.324621 -0.18858 -1 -0.978058 0.216922 0.231323 -0.413609 0.186744 0.0941071 -1 -0.806149 -1 -0.917201 0.602902 -0.451128 0.35406 -1 -0.936169 -0.966173 -0.375661 0.376469 -0.178475 -0.745022 -0.0235855 -0.220041 -0.0371948 -0.953899 -1 -1 -1 
-0.487079 -0.989244 -0.658616 -0.0672945 -0.673671 0.121241 -0.134495 0.440869 0.236033 0.0149089 0.537767 -0.177418 -0.784748 -0.815333 -1 -0.890856 0.1011 -0.704111 0.652295 0.826196 -0.461816 -0.808319 0.249618 -1 -0.0224997 -0.303037 -1 -0.546582 -0.255099 0.675485 0.18705 -0.720504 0.668153 -0.087397 0.182421 0.279342 -0.916423 0.061669 -0.24309 -0.923012 0.263272 0.224612 0.316386 -0.98528 -0.0933872 0.257589 -1 -0.849563 -0.53866 0.34776 -1 -0.932658 0.213518 -0.207131 -0.0711449 -1 0.751201 -0.250267 -0.459925 0.038427 0.86167 -0.0985782 -0.0700266 -0.453811 0.387117 0.911199 -1 0.00811279 -0.302921 0.348124 0.532585 0.0745369 0.304599 -0.00148321 -0.618503 0.76614 -0.00609209 -0.183216 -0.141271 -0.848897 -1 0.742473 -0.941673 0.483831 0.346904 0.724097 -0.33959 -0.398897 -0.564987 0.398623 -1 -0.227109 0.0648996 -1 -0.624891 0.0303658 0.773405 -0.132968 0.675059 -0.398259 0.38315 0.639897 0.472349 -0.134256 -0.957657 -0.659822 -0.0710866 0.0788633 -0.670226 0.31825 -0.973817 0.866122 0.108268 0.533157 -0.107627 -0.324908 0.144991 -0.249049 -1 -0.512521 -0.763561 -0.885213 0.583883 -0.120446 -0.393012 -0.362219 -0.902764 -0.65998 -0.789674 0.0556703 -0.559617 0.28144 0.291588 -0.238004 -0.98552 -0.193805 0.323454 -0.343651 
0.00892566 -0.104753 -0.88929 -0.0747949 0.68804 -0.986151 0.274789 -0.960356 0.691785 -0.923039 -1 -1 -0.117002 -0.0304096 0.12761 -1 -1 -1 0.182418 0.620957 -0.563578 -0.409046 -0.16639 0.0443135 0.486508 0.496424 -0.593302 -1 -1 -0.881504 -1 -1 -0.564068 -0.44428 -1 -0.797622 0.104697 -0.102493 -1 -1 -0.482684 -0.927184 -0.719709 0.524823 -1 -0.612198 0.812984 -0.933482 -0.350648 -0.360059 -0.520759 -0.373465 -1 -0.515651 -0.651002 -0.0804689 -0.870145 0.645212 -0.466521 -0.957349 0.0465103 -0.0550482 -1 0.315439 -0.135461 -0.980402 -0.479773 -0.0722882 0.862087 -0.895001 -0.671551 -1 -0.291094 -1 -0.750233 -0.497055 -0.543668 -0.28169 0.0324841 -0.98339 -0.297896 -1 -0.171702 -0.234569 -1 -0.306256 0.0862188 0.438817 0.0585067 -0.435045 -0.789875 0.134047 -0.987174 -0.89625 -0.650285 -0.505892 -0.983623 -0.149382 -0.0413877 -0.492101 -0.0915636 0.02881 -0.580102 -0.675369 -0.220127 -0.708817 -0.483105 -0.211795 -0.472743 0.0175213 -1 -1 0.20057 0.276783 -0.423258 0.0411849 0.304268 -1 -0.572658 -1 -1 0.672621 -0.364782 0.272712 -1 -0.923972 -1 -0.287394 0.287902 -0.380416 -0.366835 0.193641 -0.579624 0.063873 -0.721223 -1 -1 -1 
-0.0632271 -0.00404266 -1 0.234904 0.694359 -0.943896 0.185092 -1 0.780111 -1 -0.765138 -1 0.21826 -0.121637 0.217036 -1 -1 -1 0.349399 0.541451 -0.354106 -0.298865 -0.235956 0.553223 0.435423 0.776168 -0.407952 -1 -1 -0.967442 -0.966454 -0.987923 -0.402972 -0.366758 -1 -0.824091 0.506329 -0.0247919 -0.982497 -1 -0.173752 -0.791382 -0.604733 0.548364 -0.885702 -0.504924 0.771471 -0.646097 -0.0410331 -0.291322 -0.565737 -0.363282 -1 -0.14355 -0.742746 0.0510639 -0.760077 0.528131 -0.386403 -0.589022 0.119456 0.00294325 -1 0.317972 0.385572 -1 -0.479773 0.225486 0.844463 -1 -0.731359 -1 -0.50497 -1 -0.405372 -0.220461 -0.56223 -0.38081 0.0822337 -1 -0.288083 -1 -0.266214 0.0804693 -1 -0.0983212 0.379667 0.295448 -0.00205901 -0.662642 -0.583718 0.271375 -0.949893 -0.925063 -0.666846 -0.290377 -0.789424 -0.0666054 -0.0750618 -0.505807 0.181374 -0.000470955 -0.57211 -0.804614 -0.0577438 -0.551582 -0.313527 -0.371362 -0.484565 0.131209 -0.916997 -1 0.258988 0.0953111 -0.490094 0.0923029 0.38162 -0.997197 -0.595781 -1 -0.893933 0.429803 -0.408765 0.380386 -1 -1 -0.997371 -0.230373 0.557335 -0.216425 -0.446451 0.193641 -0.216717 0.042157 -0.756651 -0.972522 -1 -0.750581 
-0.690236 -0.906467 -0.99986 -0.0158516 -0.518658 0.0773179 -0.134495 0.424699 0.223386 -0.213586 0.264666 -0.389889 -0.784748 -0.980842 -1 -0.725354 0.103321 -0.704562 0.652295 0.832569 -0.453878 -0.877976 0.130531 -0.887137 0.0482922 -0.479919 -1 -0.862091 -0.573684 0.63996 0.0333946 -1 0.909458 -0.0503648 0.407606 0.070026 -1 0.047069 -0.497127 -1 0.156532 0.160221 0.516678 -1 0.0137683 0.32572 -1 -0.761963 -0.735668 0.389505 -1 -0.781494 0.28791 -0.0376023 -0.0711449 -1 0.749403 -0.216275 -0.588098 0.0151544 0.509593 0.152301 -0.127247 -0.447837 0.387117 0.876418 -1 -0.252739 -0.381756 0.0683496 0.448999 -0.030302 0.29288 0.198262 -0.640116 0.305911 -0.126517 -0.100162 -0.480343 -1 -1 0.39978 -1 0.707859 0.450232 0.758612 -0.49304 -0.398897 -0.480185 0.237246 -1 -0.52258 0.128387 -1 -0.712657 0.259395 0.696647 -0.200385 0.526812 -0.447485 0.53443 0.682178 0.704581 -0.236881 -1 -0.826956 -0.149381 -0.0118475 -0.597614 0.494463 -0.871763 0.676161 0.0425917 0.53136 -0.211506 -0.528266 -0.133862 -0.245645 -1 -0.488472 -0.757056 -0.9456 0.418938 0.0308505 -0.559853 -0.32519 -0.659578 -1 -0.96556 -0.00584069 -0.500282 0.144355 0.361871 -0.769918 -0.904556 -0.156833 0.34188 -0.431619 
-0.107882 -0.18628 -1 0.144141 0.556953 -0.921807 0.252755 -1 0.60767 -1 -0.825877 -0.98927 0.0324975 -0.401693 0.236413 -0.947299 -0.909931 -1 0.175347 0.191268 -0.622537 -0.212516 -0.292693 0.389923 0.560537 0.677678 -0.603892 -1 -0.994247 -0.838069 -1 -0.957643 -0.346992 -0.664757 -0.957947 -0.864019 0.52177 -0.389419 -1 -1 -0.259211 -0.891681 -0.568983 0.406472 -1 -0.468917 0.660226 -0.943913 -0.245396 -0.452092 -0.6942 -0.464878 -0.986873 -0.162896 -0.564327 0.0363928 -0.788669 0.345776 -0.411607 -0.785463 0.0731161 -0.0545401 -0.958756 0.365678 0.263579 -0.999641 -0.653165 0.223951 0.957597 -1 -0.724518 -1 -0.712944 -1 -0.357889 -0.159916 -0.799103 -0.476799 -0.000466928 -1 -0.436485 -1 -0.32223 -0.219401 -1 -0.428928 0.423278 0.371294 0.0585067 -0.700239 -1 0.371894 -0.945992 -0.909333 -0.697241 -0.272872 -1 -0.244151 -0.208954 -0.608728 -0.0979645 -0.276899 -0.399151 -0.977394 -0.162285 -0.498314 -0.476602 -0.196264 -0.639409 -0.157995 -1 -0.987754 -0.235085 0.272807 -0.798996 0.0823877 0.0734526 -1 -0.581516 -1 -0.834717 0.650264 -0.373617 0.388768 -1 -0.959963 -1 -0.40349 0.501954 -0.201528 -0.551233 0.087269 -0.401647 -0.119795 -0.725058 -1 -1 -0.88413 
0.101297 -0.178857 -0.944852 0.322143 0.259833 -0.808349 0.161628 -1 0.559116 -1 -1 -0.937835 -0.138629 -0.289339 0.207605 -1 -0.933172 -1 0.143556 0.191279 -0.811175 -0.140692 -0.231307 0.26952 0.625269 0.427216 -0.757261 -1 -1 -0.926683 -1 -1 -0.776593 -0.322028 -1 -1 0.131972 -0.0032965 -0.944963 -1 -0.139956 -1 -0.939364 0.405049 -0.835016 -0.602223 0.807218 -0.701717 -0.0110459 -0.318084 -0.940087 -0.368509 -1 -0.3022 -0.833772 0.0610703 -1 0.194839 -0.809907 -0.786263 0.0252674 0.0199906 -1 0.603316 0.087681 -1 -0.425438 0.199799 0.764175 -0.990169 -0.846809 -1 -0.373161 -1 -0.861245 -0.232082 -0.616849 -0.771507 0.169754 -1 -0.486675 -0.933167 -0.60135 -0.342537 -1 0.0436386 0.0343393 0.160899 -0.108677 -0.261497 -0.931389 0.239019 -1 -0.744386 -0.651814 -0.420887 -1 -0.285685 -0.157052 -0.940135 0.010227 -0.0793339 -1 -0.788576 -0.109786 -0.604766 -0.305367 -0.584361 -0.480203 0.141208 -1 -0.974926 0.280855 0.161982 -0.417804 -0.105802 0.314066 -0.910567 -0.773944 -1 -0.918687 0.405517 -0.771868 0.359596 -1 -0.994133 -1 -0.199796 0.607169 -0.0655725 -0.228395 0.248349 -0.0950686 0.126431 -1 -0.948148 -1 -1 
-0.181779 -0.447928 -0.986167 -0.113917 0.696066 -0.815114 0.0155487 -1 0.298219 -0.968552 -1 -0.999231 0.204696 -0.303294 0.326261 -1 -1 -1 0.139737 0.797597 -0.657093 -0.098413 -0.202228 0.376128 0.510153 0.791196 -0.666434 -0.99888 -1 -0.866558 -0.983254 -1 -0.406619 -0.479847 -0.971763 -1 0.305279 -0.475145 -1 -1 -1 -1 -0.710774 0.594369 -1 -0.591809 0.78436 -0.957344 -0.587388 -0.737315 -0.716232 -0.976153 -0.98411 -0.584231 -0.496658 -0.333446 -0.98713 0.533426 -0.419395 -0.762157 -0.2275 -0.721773 -1 0.409516 0.0811832 -1 -0.986656 0.0456634 0.814022 -1 -0.878059 -1 -0.573331 -0.97109 -0.386899 -0.340035 -0.825803 -0.63388 -0.108124 -1 -0.352353 -0.970573 -0.339865 -0.0600437 -0.967888 -0.11436 0.301864 -0.102662 -0.462002 -0.750434 -0.998172 0.0608141 -0.935431 -0.930696 -0.872949 -0.486875 -1 -0.171244 -0.193293 -0.662346 -0.0133114 -0.430718 -0.680316 -0.584588 -0.117635 -1 -0.169288 -0.486293 -0.575981 -0.255743 -0.91958 -1 -0.372071 0.168495 -0.524333 0.0945766 0.333362 -0.965406 -0.968669 -1 -0.906931 0.479289 -0.770437 0.225601 -0.95344 -1 -1 -0.250966 0.401979 -0.181443 -0.522113 -0.240907 -0.487915 0.182283 -0.718438 -0.925453 -1 -1 
-0.549472 -1 -0.825123 -0.0672945 -0.543237 0.143322 -0.148553 0.174255 0.44145 0.262836 0.583873 -0.237827 -0.768936 -0.906181 -0.960595 -1 0.0521998 -0.704111 0.527994 0.826196 -0.333757 -0.844021 0.305913 -0.958572 0.0370475 -0.278148 -1 -0.608278 -0.255099 0.377854 0.0839899 -0.87309 0.887233 0.0573737 0.260002 0.279342 -0.963781 0.10253 -0.146248 -1 0.282377 0.0218704 0.531284 -0.906302 0.173208 0.479921 -1 -0.74496 -0.759544 0.431087 -0.924008 -0.599036 -0.0390253 -0.184899 -0.0985276 -0.904787 0.715022 -0.131379 -0.294382 -0.29607 0.86167 0.176508 0.0451387 -0.749999 0.146157 0.876418 -1 -0.170371 -0.384259 0.109487 0.530329 -0.00974101 0.447203 0.301553 -0.397033 0.504025 -0.0620792 -0.1122 -0.309474 -1 -1 0.804048 -1 0.707859 0.542145 0.464135 -0.33959 -0.386054 -0.477949 0.398623 -1 -0.227906 0.128387 -1 -0.593593 0.259395 0.785503 -0.0695742 0.584787 -0.473618 0.260598 0.442459 0.765339 -0.428673 -1 -0.659822 -0.239808 0.195854 -0.55522 0.53397 -0.986648 0.651806 0.0558236 0.533157 -0.177256 -0.273326 0.103959 -0.229815 -1 -0.494732 -0.73051 -1 0.738157 -0.0261483 -0.626328 -0.339734 -0.947971 -0.633645 -0.786919 -0.147049 -0.559617 0.0831019 0.167554 -0.488235 -1 -0.0721164 0.242952 -0.251366 
-0.0306344 -0.0152036 -1 0.268782 0.697534 -0.768473 0.136586 -1 0.746836 -1 -0.872787 -0.976683 0.181722 -0.0593954 0.133549 -0.975573 -1 -1 0.174197 0.638525 -0.445122 -0.325109 -0.22006 0.494709 0.301302 0.795904 -0.306152 -1 -0.974193 -0.8872 -0.960958 -1 -0.440063 -0.275078 -0.977415 -0.972915 0.438252 -0.219323 -1 -0.95918 -0.129245 -0.646349 -0.682898 0.612461 -1 -0.526972 0.767726 -0.572135 -0.0670922 -0.63065 -0.790838 -0.398753 -1 -0.162896 -0.596548 -0.0455583 -0.808537 0.626043 -0.512982 -0.727751 0.0497958 -0.349 -1 0.27255 0.282241 -1 -0.585087 0.152946 0.861026 -1 -0.679088 -0.993017 -0.497566 -1 -0.405372 -0.238055 -0.677757 -0.509916 0.0841782 -1 -0.288083 -1 -0.216706 0.102855 -1 -0.0852681 0.0809178 0.387588 -0.120572 -0.53959 -0.659665 0.372058 -0.892497 -1 -0.391488 -0.270595 -0.897807 -0.0265457 -0.00136419 -0.736262 0.115269 -0.0539221 -0.638609 -0.778876 -0.0860087 -0.803961 -0.247247 -0.258987 -0.349079 -0.1165 -1 -1 0.183403 0.124561 -0.522336 0.100106 0.301275 -1 -0.651858 -0.97643 -0.927832 0.586285 -0.651061 0.347945 -1 -1 -0.997371 -0.540592 0.367338 -0.140591 -0.446451 0.0588428 -0.272045 0.152984 -0.608444 -0.981579 -0.954081 -0.779447 
-0.0269816 -0.198874 -0.958971 0.0535162 0.694359 -0.792489 0.196009 -1 0.732387 -1 -0.766185 -1 0.192972 -0.176841 0.199314 -1 -0.925045 -0.980635 0.279335 0.668791 -0.30415 -0.117589 -0.17087 0.528462 0.260704 0.846958 -0.309386 -0.978145 -1 -0.804422 -1 -1 -0.395134 -0.359428 -1 -0.751006 0.545888 -0.161349 -0.975121 -1 -0.1212 -0.805064 -0.743356 0.574724 -0.893566 -0.41095 0.601524 -0.568851 -0.15413 -0.366569 -0.722676 -0.566895 -1 -0.488991 -0.680002 -0.231184 -0.788669 0.5262 -0.456834 -0.764803 -0.057949 -0.0407913 -0.958756 0.247556 0.31614 -1 -0.576222 0.16216 0.920524 -1 -0.727844 -1 -0.464352 -1 -0.394164 -0.330801 -0.724734 -0.312548 0.149712 -1 -0.297896 -1 -0.370481 0.0634738 -0.920234 -0.0168714 0.420349 0.410524 0.0585067 -0.43208 -0.766061 0.352475 -0.929696 -0.964464 -0.695857 -0.282282 -0.855251 0.0709332 -0.0520534 -0.593711 0.274721 0.00637981 -0.537669 -0.749238 -0.0502573 -0.491705 -0.465016 -0.432295 -0.548724 0.127172 -0.938568 -1 0.204804 0.201421 -0.619394 0.110113 0.407819 -0.981944 -0.490113 -0.920165 -0.743333 0.672621 -0.423158 0.369066 -1 -1 -0.985907 -0.281958 0.557335 -0.392055 -0.662947 0.0323109 -0.421612 -0.00153446 -0.910336 -1 -1 -1 
-0.487079 -1 -0.755112 -0.0672945 -0.518658 0.0899332 -0.134495 0.372869 0.44145 0.260773 0.537767 -0.177418 -0.784748 -0.815333 -1 -0.725354 0.1011 -0.704111 0.637936 0.759496 -0.511986 -0.728439 0.249618 -0.958572 0.0370475 -0.303037 -1 -0.631847 -0.255099 0.676733 0.198116 -0.807473 0.909587 0.0987245 0.380955 0.279342 -0.907379 0.10253 -0.105934 -0.998464 0.263272 0.224612 0.531284 -1 0.180266 0.488819 -1 -0.74496 -0.53866 0.393977 -1 -0.576622 0.277226 -0.0376023 -0.0711449 -1 0.812414 -0.177647 -0.32504 -0.0358067 0.86167 0.235327 0.0485176 -0.447837 0.374217 0.876418 -1 -0.00996301 -0.201055 0.348124 0.532585 0.00868998 0.556426 0.270166 -0.454446 0.76614 0.032827 -0.100162 -0.141271 -0.900348 -0.865606 0.821742 -0.99 0.707859 0.512846 0.758612 -0.33959 -0.398897 -0.315801 0.323142 -1 -0.227109 0.128387 -0.844051 -0.593593 0.278825 0.773405 0.0269438 0.675059 -0.447485 0.53443 0.599451 0.735985 -0.195913 -0.957657 -0.722261 -0.159159 0.201975 -0.670226 0.55249 -1 0.869547 0.108268 0.533157 -0.0794603 -0.270511 0.123393 -0.249049 -1 -0.507366 -0.763561 -0.9456 0.613334 0.135005 -0.393012 -0.362219 -0.621891 -0.65998 -0.800297 -0.00584069 -0.559617 0.315613 0.267088 -0.238004 -1 -0.019899 0.323454 -0.157524 
0.0376412 -0.162673 -0.980166 -0.177373 0.694359 -0.913547 0.214663 -1 0.795871 -1 -1 -1 0.126046 -0.0689618 0.262766 -1 -0.961044 -0.975557 0.324561 0.718645 -0.414182 -0.312725 -0.340462 0.595186 0.0844346 0.717383 -0.535812 -1 -1 -0.644753 -1 -1 -0.440014 -0.429828 -1 -0.797924 0.298087 -0.44133 -1 -1 -0.19598 -0.882847 -0.924996 0.504514 -0.941729 -0.41554 0.586315 -0.671712 -0.264932 -0.221615 -0.749182 -0.615804 -1 -0.423099 -0.680002 -0.379984 -0.875675 0.487354 -0.664002 -1 0.0508303 -0.416456 -0.958756 0.0153756 0.385572 -0.981528 -1 0.212054 0.948833 -0.965165 -0.994239 -1 -0.507908 -1 -0.693572 -0.65391 -0.736437 -0.540359 -0.0394362 -1 -0.454802 -0.971125 -0.651979 -0.0507032 -0.950502 0.059161 0.445107 0.238876 0.0585067 -0.526386 -0.844073 0.337384 -1 -1 -0.510858 -0.552271 -0.877536 0.0516707 -0.194099 -0.750214 0.200556 -0.00206004 -0.430391 -0.996238 -0.0603169 -0.51631 -0.48922 -0.266097 -0.585702 0.127172 -1 -1 0.204804 0.199199 -0.788563 -0.02142 0.325558 -1 -0.410509 -0.905028 -0.912697 0.630821 -0.344828 0.222989 -1 -1 -1 -0.251879 0.475623 -0.46653 -0.56679 -0.0065461 -0.3734 0.126024 -1 -1 -1 -1 
0.0102057 -0.0399932 -1 0.264443 0.721544 -0.802363 -0.114757 -0.998819 0.683061 -0.975582 -0.932564 -1 0.116388 -0.342277 -0.219941 -1 -1 -0.957455 0.0838571 0.593783 -0.426075 -0.298212 -0.279491 0.602485 0.423351 0.776168 -0.391294 -1 -0.993834 -1 -0.966454 -0.906169 -0.498767 -0.662299 -1 -0.888979 0.264483 -0.380052 -1 -1 -0.0669317 -0.846031 -0.604733 0.438266 -0.998765 -0.621541 0.597064 -0.646097 -0.0410331 -0.549316 -0.557745 -0.71442 -1 -0.211996 -0.860578 -0.0953287 -0.760077 0.505081 -0.551798 -0.661549 0.147976 -0.0305317 -1 0.326058 0.26377 -0.946099 -0.49955 0.280538 0.689335 -1 -0.731359 -0.974267 -0.810171 -1 -0.718 -0.330164 -0.781461 -0.351901 0.149712 -1 -0.448477 -1 -0.328688 -0.196679 -1 0.000991471 0.214112 0.360743 -0.155009 -0.854683 -0.744992 0.0387476 -0.979354 -1 -0.661873 -0.53362 -0.916224 -0.0350518 -0.216439 -0.488617 0.166216 -0.0176187 -0.520577 -1 -0.0577438 -0.517152 -0.374465 -0.272868 -0.695233 -0.100607 -1 -1 0.239951 -0.0266603 -0.413396 -0.079466 0.306006 -0.998148 -0.562442 -1 -1 0.507187 -0.627544 0.242531 -1 -1 -1 -0.199354 0.261452 -0.250667 -0.859657 0.193641 -0.505555 -0.0152757 -0.753902 -0.929411 -0.939081 -0.852066 
-0.487079 -1 -0.755112 -0.0672945 -0.518658 0.121241 -0.134495 0.424699 0.44145 0.260773 0.455806 -0.177418 -0.784748 -0.827482 -1 -0.7 0.1011 -0.704111 0.652295 0.833488 -0.450979 -0.747534 0.249618 -0.958572 0.00539145 -0.331266 -1 -0.631847 -0.255099 0.676733 0.18705 -0.800261 0.901352 0.10698 0.380955 0.228936 -0.907379 0.0854602 -0.104591 -0.998464 0.18562 0.224612 0.55194 -1 0.199354 0.50331 -1 -0.74496 -0.53866 0.393977 -1 -0.576622 0.277226 -0.0706108 -0.134867 -1 0.891925 -0.145843 -0.293373 -0.0358067 0.86167 0.235327 0.0485176 -0.447837 0.387117 0.820252 -1 0.00811279 -0.201055 0.348124 0.532585 0.0849656 0.556426 0.321989 -0.454446 0.76614 0.0505259 -0.107092 -0.141271 -0.889944 -0.865606 0.821742 -0.928341 0.706454 0.476904 0.758612 -0.33959 -0.398897 -0.337916 0.313912 -1 -0.227109 0.128387 -0.838977 -0.593593 0.259395 0.713467 0.0269438 0.659267 -0.447485 0.53443 0.603075 0.757179 -0.195913 -0.957657 -0.659822 -0.105845 0.180774 -0.670226 0.53397 -0.973817 0.851939 0.108268 0.533157 -0.107627 -0.270511 0.123393 -0.249049 -1 -0.512521 -0.763561 -0.9456 0.637967 0.108198 -0.393012 -0.362219 -0.603848 -0.65998 -0.789674 0.0230442 -0.559908 0.299219 0.267088 -0.238004 -1 -0.0266759 0.323454 -0.153343 
-0.466098 -1 -0.755112 -0.0672945 -0.571794 -0.0475432 -0.106724 0.400827 0.217774 0.280883 0.537767 -0.341231 -0.933135 -0.815333 -1 -0.725354 0.1692 -0.909603 0.652295 0.826196 -0.494759 -0.875092 0.0351683 -0.961127 0.0370475 -0.303037 -1 -0.622046 -0.209946 0.63249 0.18705 -0.833463 0.989421 0.132479 0.380955 0.303928 -0.955625 0.10253 -0.19811 -1 0.110912 0.220965 0.531284 -1 0.199354 0.325725 -0.980397 -0.769933 -0.591517 0.393977 -0.994784 -0.59302 0.135613 -0.0376023 0.0459246 -1 0.891925 -0.0649172 -0.293373 -0.343381 0.86167 0.235327 0.0469929 -0.634049 0.44737 0.971718 -1 -0.18872 -0.115603 0.348124 0.405583 -0.112688 0.556426 0.301553 -0.481963 0.676198 -0.20227 -0.00375541 -0.152033 -0.863918 -0.989902 0.821742 -1 0.707859 0.347079 0.724812 -0.33959 -0.398897 -0.570555 0.427757 -1 -0.438697 -0.0994865 -0.884932 -0.83102 0.255134 0.610511 0.00894248 0.675059 -0.490052 0.630087 0.647904 0.716068 -0.195913 -0.994128 -0.720236 -0.105845 0.201975 -0.697996 0.53397 -1 0.859894 0.108268 0.632461 -0.404458 -0.178787 0.0905557 -0.249049 -1 -0.578249 -0.818465 -0.924356 0.587036 0.0960838 -0.393012 -0.479955 -0.603848 -0.65998 -0.789674 -0.00584069 -0.623995 0.260229 0.203889 -0.238004 -1 -0.0445426 0.0984502 -0.336071 
-0.629449 -1 -0.935048 -0.162464 -0.557504 0.0951047 -0.258486 0.479366 0.254327 -0.0210024 0.342147 -0.434771 -0.713541 -0.827169 -1 -0.91623 -0.0593493 -0.762111 0.752037 0.636039 -0.922231 -0.69925 0.0370101 -1 -0.362203 -0.327198 -1 -0.661882 -0.421993 0.676733 0.18705 -0.730281 0.731361 -0.119002 0.152716 0.061968 -0.911965 -0.15016 -0.154841 -0.998464 0.179412 0.224612 0.401827 -1 0.126403 0.129476 -1 -0.965739 -1 0.282364 -1 -0.538166 -0.0689818 -0.0376023 -0.3491 -0.904808 0.928264 -0.153092 -0.362307 -0.303674 0.824997 0.00441593 0.0548382 -0.598003 -0.0591326 0.709641 -0.923296 -0.174978 -0.32042 0.220059 0.39341 -0.0513609 0.200603 0.275218 -0.894966 0.865998 -0.119116 -0.132795 -0.229385 -1 -1 0.857889 -0.887782 0.37419 0.475205 0.678523 -0.474378 -0.466439 -0.254593 0.351437 -1 -0.281003 0.128387 -1 -0.540097 0.223371 0.291595 -0.161826 0.663655 -0.520868 0.249075 0.585153 0.546589 -0.106435 -0.977008 -0.891533 -0.358104 0.214759 -0.699342 0.207787 -1 0.834876 -0.173857 0.510001 -0.152824 -0.44691 -0.169893 -0.249049 -1 -0.757175 -0.924713 -0.907733 0.484004 0.135089 -0.352656 -0.493782 -0.800447 -0.897897 -0.843399 -0.191093 -0.559617 0.348567 0.239216 -0.210093 -1 0.0016888 0.297112 -0.636006 
-0.532174 -0.982928 -0.88689 -0.132795 -0.69643 0.0994784 -0.281474 0.402778 0.412549 0.164585 0.487862 -0.329105 -0.784748 -0.815333 -1 -0.837585 0.148193 -0.786572 0.508011 0.574718 -0.539294 -0.792177 0.283641 -0.978706 -0.0255259 -0.512701 -1 -0.686155 -0.225225 0.57603 0.0641413 -0.847376 0.865314 -0.00798946 0.265836 0.233715 -1 -0.12878 -0.206616 -1 0.0101495 0.274079 0.440018 -1 0.0575213 0.452656 -1 -0.812973 -0.57082 0.244802 -0.980195 -0.575988 0.180059 -0.187356 -0.200529 -0.972013 0.822556 -0.191803 -0.389626 -0.183638 0.865167 0.265352 -0.0607412 -0.663973 0.25046 0.743932 -1 -0.0315484 -0.224683 0.242232 0.542692 0.0577967 0.505374 0.137965 -0.603 0.501615 0.0651641 -0.116211 -0.157599 -0.889944 -0.987211 0.700852 -1 0.580338 0.507009 0.692279 -0.33959 -0.512664 -0.645348 0.306979 -0.97567 -0.249931 0.128387 -1 -0.60547 0.196405 0.773405 -0.140473 0.497938 -0.548891 0.444053 0.274388 0.779473 -0.375172 -1 -0.675181 -0.259077 0.121491 -0.662706 0.541367 -1 0.789867 0.0233178 0.489348 -0.107627 -0.253499 -0.16106 -0.360723 -1 -0.643162 -0.825829 -0.9936 0.562543 -0.0214299 -0.427682 -0.387618 -0.798943 -0.636185 -0.820073 -0.0776555 -0.716489 0.349209 0.264751 -0.308804 -0.967737 0.0150877 0.180565 -0.359702 
-0.487079 -1 -0.730758 -0.164458 -0.58657 0.0396061 -0.156886 0.3702 0.39767 0.266348 0.537767 -0.177418 -0.784748 -0.822093 -1 -0.725354 0.020595 -0.713645 0.652295 0.826196 -0.53581 -0.727255 0.21746 -1 -0.0480787 -0.303037 -1 -0.651864 -0.255099 0.676733 0.211086 -0.860232 0.864383 0.128012 0.380955 0.279342 -0.907379 0.0610735 -0.17721 -0.968047 0.27039 0.223411 0.531284 -1 0.199354 0.427245 -1 -0.74496 -0.590306 0.393977 -1 -0.576622 0.224815 -0.0376023 -0.0711449 -1 0.894653 -0.153092 -0.293373 -0.0358067 0.86167 0.226695 0.0485176 -0.525595 0.416095 0.860707 -0.998542 0.00811279 -0.201055 0.267404 0.532585 0.0748875 0.572786 0.301553 -0.454446 0.70437 0.0596469 -0.100162 -0.142092 -0.889944 -0.913163 0.821742 -1 0.707859 0.512846 0.639783 -0.372815 -0.398897 -0.337916 0.398623 -0.987355 -0.227109 0.128387 -0.931084 -0.593593 0.259395 0.743182 0.0101177 0.602795 -0.452717 0.458799 0.674382 0.735985 -0.255275 -0.970057 -0.659822 -0.105845 0.202365 -0.670226 0.54029 -1 0.838611 0.0556772 0.448328 -0.179972 -0.270511 0.123393 -0.275315 -1 -0.512521 -0.763561 -0.9456 0.637967 0.108198 -0.403712 -0.362219 -0.684408 -0.700966 -0.789674 -0.00584069 -0.559617 0.337428 0.267088 -0.293681 -1 -0.019899 0.323454 -0.153343 
-0.250778 -0.0867994 -0.962945 0.140659 0.596382 -0.954684 0.197734 -1 0.780111 -1 -0.765138 -1 0.0993242 -0.365986 0.129575 -1 -0.903225 -1 0.321436 0.659848 -0.307216 -0.0777336 -0.38706 0.312767 0.302033 0.846958 -0.23964 -1 -1 -0.848495 -1 -1 -0.641141 -0.379166 -1 -0.74069 0.531302 -0.101922 -1 -1 -0.358689 -0.670782 -0.562116 0.515081 -0.992564 -0.597741 0.683831 -0.757108 -0.0802137 -0.374363 -0.726353 -0.338653 -0.908837 -0.213808 -0.739763 0.0271166 -0.797789 0.208555 -0.664886 -0.572211 0.165464 -0.132198 -0.958756 0.470951 0.312552 -0.999641 -0.479773 0.0546304 0.920524 -1 -0.8296 -1 -0.294347 -1 -0.482015 -0.198459 -0.444854 -0.312548 0.234152 -1 -0.382278 -1 -0.274405 -0.11824 -0.920234 -0.0130548 0.420349 0.260266 -0.00896973 -0.395584 -0.621042 0.372914 -1 -0.91366 -0.515237 -0.300264 -0.789424 -0.112401 -0.00517242 -0.479255 0.248808 -0.00160059 -0.466243 -0.615993 -0.0563168 -0.499349 -0.186001 -0.405295 -0.442465 0.118617 -0.892449 -1 0.219585 0.186389 -0.381182 0.105069 0.405796 -1 -0.772399 -1 -0.960216 0.672621 -0.364782 0.331574 -1 -1 -1 -0.264291 0.398614 -0.24225 -0.56503 0.19589 -0.348408 0.129706 -0.67397 -0.95193 -1 -0.795171 
-0.599339 -1 -0.868578 -0.0769628 -0.474914 -0.0617797 -0.29279 0.410023 0.452717 0.0560622 0.514957 -0.463382 -0.83035 -1 -1 -0.866141 0.0167913 -0.97593 0.418878 0.705171 -0.499981 -0.876269 0.207273 -1 0.0100186 -0.535774 -1 -0.558349 -0.141966 0.435645 0.138313 -0.803217 0.652399 -0.153051 0.203184 -0.289008 -0.874279 -0.0758401 -0.297464 -1 0.230438 0.0536678 0.32589 -1 0.278254 0.495938 -1 -0.794659 -0.625441 0.255523 -1 -0.699815 0.0138049 -0.200753 -0.0711449 -1 0.366504 -0.287121 -0.284806 -0.188374 0.531105 0.186495 -0.0812896 -0.60636 0.0379731 0.653225 -0.984996 -0.0760559 -0.466225 -0.0480609 0.544887 0.132023 0.386954 -0.0276409 -0.610638 0.585355 -0.051575 -0.435975 -0.330874 -1 -0.869146 0.456135 -1 0.567029 0.512846 0.610426 -0.451287 -0.391648 -0.458562 0.309863 -1 -0.429655 -0.0286745 -0.968478 -0.588302 -0.0602817 0.616391 -0.0160644 0.534509 -0.471939 0.46775 0.447823 0.71058 -0.367466 -1 -0.709723 -0.192291 0.109494 -0.710467 0.483272 -1 0.59157 0.0404703 0.354468 -0.151609 -0.472322 0.0486901 -0.293744 -0.996873 -0.512521 -0.822981 -1 0.292783 -0.140781 -0.393012 -0.482741 -0.703075 -0.636855 -0.963308 -0.0749832 -0.587478 0.260811 0.176402 -0.687258 -0.882387 -0.106212 0.0684996 -0.394962 
-0.487079 -1 -0.730331 -0.214243 -0.518658 0.121241 -0.143659 0.424699 0.44145 0.192936 0.37395 -0.406895 -1 -0.904971 -0.967661 -0.725354 0.1011 -0.734782 0.571627 0.771774 -0.461816 -0.728439 0.31687 -0.998471 -0.0905516 -0.287011 -1 -0.684841 -0.194682 0.631109 0.0510869 -0.807473 0.912869 0.10698 0.345302 0.283859 -1 0.10253 -0.0309751 -0.998464 0.263272 -0.0637683 0.319886 -1 0.238186 0.515657 -1 -0.875622 -0.53866 0.385577 -1 -0.795975 0.2545 -0.0905529 -0.191139 -1 0.867428 -0.117005 -0.293373 -0.0468799 0.695307 0.0389059 -0.00673478 -0.433247 0.331705 0.876418 -1 0.00811279 -0.201055 0.137707 0.547798 0.0125036 0.556426 0.283218 -0.687327 0.76614 -0.0188614 -0.143329 -0.101897 -0.913221 -0.941341 0.663072 -1 0.587512 0.579492 0.854858 -0.628852 -0.398897 -0.337916 0.314062 -1 -0.384159 0.132039 -0.827399 -0.608966 0.284989 0.836978 -0.309406 0.48373 -0.52703 0.53443 0.561864 0.735985 -0.195913 -0.961898 -0.659822 -0.191515 0.201975 -0.670226 0.357743 -1 0.869547 -0.0787769 0.533157 -0.168729 -0.426338 0.114466 -0.246654 -1 -0.57464 -0.839415 -0.872145 0.636136 0.123747 -0.406875 -0.362219 -0.875511 -0.684542 -0.789674 -0.0595154 -0.811669 0.360179 0.357165 -0.268497 -1 0.0595481 0.2925 -0.113486 
-0.271147 -0.22146 -1 0.468772 0.500183 -1 -0.109595 -1 0.186114 -1 -0.934751 -1 -0.230388 -0.373316 0.213288 -1 -1 -0.949617 0.110185 0.536784 -0.536797 -0.454382 -0.39226 0.10956 0.292023 0.64752 -0.347695 -1 -0.97536 -1 -0.978483 -0.99065 -0.465422 -0.542412 -0.888539 -1 0.64845 -0.206866 -0.911865 -1 -0.745593 -1 -0.508393 0.260968 -1 -0.913467 0.420643 -0.532294 -0.318638 -0.421352 -0.969586 -0.667848 -1 -0.463736 -0.832295 -0.0825187 -0.80542 0.587651 -0.923413 -0.686541 -0.144256 -0.198886 -0.988952 0.275445 0.0876688 -1 -0.593663 0.0734605 0.56233 -1 -0.843842 -1 -0.882656 -1 -0.4549 -0.286755 -0.668389 -0.289577 -0.287178 -1 -0.234273 -1 -0.0917917 0.240804 -1 -0.0680958 -0.108518 0.10715 -0.426874 -0.657575 -0.656672 0.229838 -0.988449 -1 -0.464585 -0.543034 -0.993512 -0.73269 -0.108632 -0.595162 0.178094 -0.353197 -0.505366 -0.861472 -0.0672987 -0.672343 -0.223539 -0.596754 -0.439672 -0.0704511 -0.969027 -1 0.21014 -0.00610809 -0.666008 -0.0504007 0.303478 -1 -0.815199 -1 -0.763402 0.473831 -0.464213 0.386553 -1 -1 -0.914247 -0.420582 -0.0399723 -0.352009 -0.430245 0.134112 -0.712312 -0.187335 -0.982446 -1 -0.973373 -0.95164 
0.0430852 -0.13575 -1 -0.0747949 0.645297 -0.95384 0.188831 -1 0.681144 -1 -0.847414 -1 -0.117002 -0.0193434 0.0857273 -1 -0.966379 -1 0.257891 0.620957 -0.45809 -0.157321 -0.145141 0.278721 0.591207 0.814666 -0.593302 -0.971582 -1 -0.835195 -1 -1 -0.350234 -0.44428 -1 -0.792864 0.417519 -0.0958981 -1 -1 -0.515669 -0.842592 -0.801218 0.628672 -0.927801 -0.626751 0.742856 -0.648399 -0.215477 -0.386116 -0.520759 -0.314599 -1 -0.556118 -0.651002 -0.0948347 -0.870145 0.547411 -0.428994 -0.860126 0.0944678 0.00294325 -0.958756 0.474384 0.14784 -0.980402 -0.479773 0.240454 0.862087 -0.928639 -0.671551 -1 -0.271874 -1 -0.662075 -0.497055 -0.543668 -0.315699 0.0324841 -1 -0.297896 -0.985934 -0.171702 -0.180706 -1 -0.306256 0.286705 0.273374 0.00921686 -0.435045 -0.621042 0.352475 -0.985624 -1 -0.655852 -0.290377 -0.829001 -0.109868 0.0144989 -0.492101 -0.0231827 0.02881 -0.583099 -0.820884 0.0085367 -0.687706 -0.483105 -0.211795 -0.489432 0.0767065 -0.859843 -1 0.20057 0.217221 -0.423258 0.0823877 0.38162 -1 -0.621493 -1 -0.863413 0.672621 -0.364782 0.181716 -1 -0.923972 -1 -0.2674 0.432539 -0.258722 -0.356214 0.193641 -0.379023 0.199031 -0.608444 -1 -1 -0.961502 
-0.263751 -0.0458498 -0.944852 0.230304 0.730577 -0.781689 0.196009 -1 0.604125 -1 -0.765138 -1 -0.0149255 -0.0348192 0.338061 -1 -0.918558 -0.985531 0.176136 0.718645 -0.30415 -0.338261 -0.337865 0.546931 0.549073 0.846958 -0.306152 -1 -1 -0.817302 -0.978913 -1 -0.308715 -0.4743 -0.932081 -0.658063 0.310016 -0.0225258 -1 -1 -0.125456 -0.747895 -0.548952 0.636743 -0.998607 -0.690995 0.809154 -0.572135 -0.0515991 -0.290171 -0.557745 -0.312431 -1 -0.4241 -0.596548 0.113228 -0.740942 0.328763 -0.575819 -0.826224 0.0119899 0.00294325 -0.981026 0.470951 0.385572 -1 -0.479773 0.319097 0.848762 -1 -0.632243 -1 -0.332682 -1 -0.422658 -0.238055 -0.543668 -0.312548 0.0703497 -1 -0.297896 -1 -0.0560813 0.0526834 -0.920234 -0.221937 0.25329 0.360743 0.102332 -0.443682 -0.621042 0.352475 -0.953958 -1 -0.502807 -0.290377 -0.717844 -0.0265457 -0.00517242 -0.505807 0.274721 -0.156216 -0.452828 -0.674429 -0.0603169 -0.56311 -0.221235 -0.184694 -0.627324 0.0554607 -0.892449 -1 0.240948 0.272807 -0.381182 0.0823877 0.420174 -0.983064 -0.490113 -0.955678 -0.945458 0.672621 -0.364782 0.369066 -1 -1 -0.930334 -0.264447 0.409498 -0.140591 -0.356214 -0.036921 -0.273263 0.199031 -0.608444 -0.908185 -1 -0.750581 
-0.649136 -1 -0.845792 -0.107361 -0.658244 0.0419681 -0.260947 0.369537 0.295958 0.152761 0.504496 -0.192723 -0.879545 -1 -1 -0.82791 -0.0956962 -0.723981 0.502738 0.828028 -0.484846 -0.725063 0.249618 -1 0.0424552 -0.430203 -1 -0.722411 -0.401332 0.568307 0.0822149 -0.8855 0.757019 0.05598 0.303757 0.118072 -0.921284 0.0623569 -0.38592 -1 0.0973815 0.190868 0.503883 -0.972642 0.152306 0.513629 -0.970756 -0.834529 -0.612069 0.311322 -1 -0.552213 0.255105 -0.0777834 -0.162852 -1 0.776552 -0.20103 -0.516939 -0.0610892 0.786957 0.174847 0.0296713 -0.489324 0.20201 0.733474 -0.96759 -0.184723 -0.281617 0.276496 0.514063 0.0461276 0.524398 0.238525 -0.458649 0.746909 -0.184408 -0.0630901 -0.214163 -0.966638 -0.966611 0.709494 -0.928341 0.656561 0.457728 0.594038 -0.366637 -0.457851 -0.380794 0.410339 -1 -0.273196 0.0906833 -0.894411 -0.814591 0.224621 0.662898 -0.0181068 0.658056 -0.566122 0.53443 0.601612 0.687853 -0.344 -0.990957 -0.851599 -0.149221 0.1135 -0.666377 0.392029 -1 0.771734 -0.00401157 0.523122 -0.195821 -0.260303 0.0561811 -0.33349 -0.970618 -0.673146 -0.781674 -1 0.430654 0.031312 -0.436804 -0.424731 -0.628597 -0.630999 -0.866741 -0.0222548 -0.714292 0.162596 0.274659 -0.386651 -1 0.00616413 0.303316 -0.376453 
-0.240022 -0.121698 -0.931238 0.191437 0.679359 -0.752761 0.108921 -1 0.591592 -1 -0.765138 -1 0.192972 -0.128229 0.219219 -0.987312 -0.950183 -1 0.16614 0.718645 -0.448561 -0.196731 -0.211355 0.473611 0.214677 0.579141 -0.213237 -1 -1 -0.816119 -0.90735 -0.986114 -0.658798 -0.360936 -1 -0.791984 0.577226 -0.0596927 -1 -1 -0.133178 -0.722462 -0.546629 0.539142 -0.811543 -0.587748 0.745801 -0.626094 -0.0849808 -0.290171 -0.789741 -0.520737 -1 -0.0648034 -0.567102 0.13019 -0.785874 0.562267 -0.41953 -0.838099 -0.0884194 -0.139134 -1 0.33229 0.460331 -1 -0.401944 0.228016 0.879075 -0.983218 -0.625904 -1 -0.65128 -1 -0.710361 -0.305355 -0.726516 -0.317322 0.15553 -1 -0.42706 -0.947069 -0.116509 -0.113156 -0.993613 -0.0220059 0.309362 0.352444 -0.255167 -0.451877 -0.655588 0.353219 -0.951689 -0.925063 -0.509841 -0.290377 -0.734834 -0.0265457 -0.067087 -0.505807 -0.0894375 -0.112373 -0.463796 -0.764045 -0.158585 -0.577183 -0.316136 -0.253562 -0.392217 0.0415172 -1 -1 0.0946957 0.0862035 -0.380154 -0.00966695 0.407997 -1 -0.490113 -1 -1 0.5882 -0.38648 0.109147 -1 -1 -1 -0.264291 0.487953 -0.218769 -0.291986 0.209805 -0.330461 0.0685556 -0.779446 -0.940831 -0.983214 -0.80061 
0.0292746 -0.170067 -1 -0.0894763 0.674872 -1 0.20819 -1 0.691785 -1 -0.911947 -0.973546 -0.0560631 -0.0373016 0.0322778 -1 -0.975995 -1 0.262528 0.554323 -0.368436 -0.250934 -0.145141 0.256348 0.568945 0.846958 -0.618221 -1 -1 -0.914059 -1 -1 -0.441811 -0.498348 -1 -0.773455 0.413794 -0.124116 -1 -0.980324 -0.411096 -0.847281 -0.757464 0.643639 -1 -0.532793 0.651977 -0.665594 -0.190608 -0.340923 -0.597897 -0.312431 -1 -0.43021 -0.596548 -0.0804689 -0.836689 0.613044 -0.489655 -0.923287 0.121368 -0.0115383 -1 0.462272 0.165484 -0.979924 -0.513808 0.152536 0.770633 -0.986485 -0.683535 -1 -0.29507 -1 -0.662075 -0.497055 -0.543668 -0.312548 0.00115813 -1 -0.275301 -0.993761 -0.236546 -0.143994 -1 -0.306256 0.28948 0.274379 0.0213518 -0.472879 -0.621042 0.352475 -0.984583 -0.925063 -0.728427 -0.39305 -0.839288 -0.109868 -0.00932059 -0.471474 -0.0309275 -0.105516 -0.613866 -0.830583 -0.0154385 -0.709798 -0.462437 -0.173663 -0.352864 0.156169 -0.892449 -1 0.053365 0.213932 -0.388278 0.0285136 0.306176 -1 -0.621493 -0.967287 -0.811106 0.672621 -0.438736 0.285892 -1 -1 -0.977525 -0.294061 0.432539 -0.226743 -0.356214 0.107332 -0.379023 0.199031 -0.618757 -1 -1 -0.901746 
-0.345642 0.00111363 -1 -0.0454625 0.611568 -0.888822 0.0228299 -0.996306 0.164025 -1 -0.985589 -0.989824 -0.0529108 -0.225927 0.155222 -1 -1 -0.970875 0.267233 0.550869 -0.47606 -0.389369 -0.407058 -0.0306913 0.410879 0.46032 -0.538559 -0.999082 -1 -1 -1 -1 -0.721997 -0.623682 -1 -0.989465 0.0633422 -0.0237497 -1 -0.983144 -0.338734 -0.902155 -0.925418 0.36448 -1 -0.561688 0.622192 -0.678599 -0.399593 -0.582254 -0.587185 -0.586689 -1 -0.611079 -0.515465 -0.014654 -0.862358 0.5159 -1 -0.82721 0.0686822 -0.366114 -1 0.441045 0.267822 -1 -0.898149 0.191184 0.943573 -0.987728 -0.757436 -0.972607 -1 -1 -0.694688 -0.299004 -0.795835 -0.758919 -0.0757367 -1 -0.390016 -1 -0.226643 -0.353577 -1 -0.10329 0.309049 -0.119334 -0.458648 -0.942678 -0.724791 0.30707 -1 -1 -0.406974 -0.611786 -1 -0.0841552 -0.247981 -0.609026 0.0237911 -0.52716 -0.61509 -0.986323 -0.616108 -0.773639 -0.260131 -0.534114 -0.307388 -0.182685 -0.928492 -1 -0.105507 0.333769 -0.576973 -0.0904561 -0.105388 -1 -1 -1 -1 0.649566 -0.596531 0.339357 -1 -0.995584 -1 -0.328048 0.41352 -0.315769 -0.905323 -0.218052 -0.469581 0.0541414 -0.879501 -1 -0.979697 -1 
-0.69101 -1 -0.886672 -0.130006 -0.564823 -0.153234 -0.77725 0.119158 0.3462 -0.170609 0.369464 -0.187765 -0.77945 -0.876112 -1 -0.773328 -0.220991 -0.767714 0.409601 0.652497 -0.52409 -0.774408 -0.0392483 -0.970742 -0.0823505 -0.303037 -0.963071 -0.674522 -0.319119 0.509164 -0.0462546 -0.835078 0.870274 -0.202255 0.403293 -0.0846362 -0.895883 0.275152 -0.352737 -1 0.227078 -0.00889018 0.493798 -1 0.211123 0.295575 -1 -0.79428 -0.53866 -0.0463121 -0.964872 -0.847739 -0.149404 -0.0272648 -0.102455 -1 0.829027 -0.153092 -0.359999 -0.0866997 0.750918 0.271657 -0.0901195 -0.431173 0.283378 0.78348 -1 -0.320131 -0.108905 0.410298 0.141426 -0.141468 0.483557 0.128684 -0.71982 0.76614 -0.0886584 -0.106262 -0.210816 -1 -1 0.485414 -1 0.571397 0.289656 0.661689 -0.364033 -0.45612 -0.445042 0.440522 -1 -0.256109 0.00752082 -0.924717 -0.568527 -0.0332019 0.283443 0.00373668 0.444549 -0.448763 0.467681 0.19289 0.54621 -0.278461 -0.898073 -0.863293 -0.105845 -0.355664 -0.792506 0.338564 -0.979959 0.960623 0.026814 0.421023 -0.356272 -0.197267 -0.0554627 -0.410029 -1 -0.55662 -0.824507 -0.9456 0.741216 0.108198 -0.366338 -0.347016 -0.573609 -0.789019 -0.965751 -0.160065 -0.78059 -0.0280681 0.0216806 -0.474382 -1 -0.14642 0.136864 -0.317737 
-0.41089 -1 -0.755112 -0.0672945 -0.870392 0.121241 -0.134495 0.446524 0.44145 0.220267 0.498675 -0.360426 -0.947429 -0.915025 -1 -0.882574 0.1011 -0.852027 0.699087 0.7761 -0.382808 -0.728439 -0.11805 -1 -0.0205579 -0.523586 -1 -0.631847 -0.276722 0.676733 -0.031387 -0.792041 0.901352 0.0539667 0.380955 0.356858 -0.907379 0.10253 -0.144485 -1 -0.0162973 0.2568 0.334353 -1 0.00443547 0.354542 -1 -0.74496 -0.713991 0.450883 -1 -0.706297 0.0809079 -0.0633783 -0.519178 -0.962544 0.712154 -0.120699 -0.513748 -0.381978 0.752732 0.135255 0.0485176 -0.51842 0.387117 0.725839 -1 -0.0431138 -0.200083 0.297971 0.532585 0.0873251 0.152622 0.358989 -0.849935 0.749062 0.0564035 -0.100162 -0.141271 -0.889944 -0.794986 0.639505 -1 0.578044 0.441541 0.578976 -0.63117 -0.398897 -0.337916 0.215969 -1 -0.207805 0.128387 -0.844051 -0.593593 -0.209294 0.313349 0.0217268 0.459799 -0.643745 0.53443 0.67311 0.818295 -0.162222 -1 -0.659822 -0.118075 0.243884 -0.804956 0.317424 -1 0.851112 0.0565599 0.568292 -0.212456 -0.270511 0.125757 -0.284601 -1 -0.512521 -0.782023 -0.9456 0.637967 0.0157024 -0.393012 -0.348144 -0.631065 -0.803536 -0.789674 -0.00584069 -0.559617 0.076973 0.267088 -0.314915 -0.991247 0.063301 0.20812 -0.115286 
-0.450498 -0.295101 -1 0.207956 0.71754 -1 -0.00929591 -1 0.592953 -1 -0.710403 -0.932541 0.160675 -0.297219 -0.101189 -1 -1 -1 0.327016 0.556844 -0.706402 -0.225135 -0.483671 0.0741522 0.159857 0.822859 -0.321389 -1 -0.985643 -0.874817 -0.978671 -0.961606 -0.994003 -0.576704 -1 -1 0.457432 -0.212571 -0.90725 -1 -0.371379 -0.850522 -0.822296 0.103013 -1 -1 0.74399 -1 -0.250033 -0.567482 -0.699559 -0.640351 -1 -0.393567 -0.95555 -0.523226 -0.841774 0.540601 -0.723892 -0.961547 -0.187652 -0.326497 -1 -0.147024 0.341996 -1 -0.795953 0.251916 0.566158 -1 -1 -1 -0.714673 -0.976117 -0.807923 -0.536364 -0.98717 -0.486167 -0.435269 -1 -0.355473 -0.981103 -0.527513 0.0695646 -0.979899 -0.256851 0.0758746 0.370508 -0.131528 -1 -0.99048 0.124197 -0.887555 -1 -0.751636 -0.799088 -0.990566 -0.19347 -0.609842 -0.714467 -0.071484 -0.0741168 -0.502235 -0.932648 -0.619439 -0.535674 -0.606279 -0.759215 -0.564313 0.017782 -1 -1 -0.0104865 -0.275951 -0.755366 0.0251762 0.264495 -1 -0.859437 -0.971084 -1 0.524035 -0.636409 0.116481 -1 -0.995062 -1 -0.314872 0.366785 -0.74965 -0.298339 0.107431 -0.346225 0.120794 -1 -1 -1 -1 
-0.455263 -0.966342 -0.811032 -0.150747 -0.61927 0.121241 -0.22414 0.354014 0.44145 0.212193 0.391885 -0.235561 -0.784478 -0.963678 -1 -0.772727 0.0385634 -0.74061 0.636614 0.71108 -0.562121 -0.838784 0.146827 -0.974385 0.00131516 -0.393063 -1 -0.655268 -0.292124 0.438868 0.238032 -0.828369 0.879001 0.10698 0.341667 0.319277 -0.907379 0.10253 -0.11572 -0.950269 0.159814 0.202995 0.531284 -1 0.1613 0.534363 -0.946914 -0.827096 -0.647246 0.393977 -1 -0.584372 0.21337 -0.0376023 -0.132309 -0.969546 0.73097 -0.274596 -0.293373 -0.0791642 0.780007 0.157634 -0.115325 -0.479884 0.392185 0.898385 -0.97935 -0.0369779 -0.268054 0.348124 0.454447 0.124826 0.556426 0.301553 -0.525069 0.697382 0.032827 -0.241206 -0.168786 -0.960003 -0.865606 0.773366 -0.993255 0.668316 0.389539 0.758612 -0.377761 -0.398897 -0.415056 0.351285 -0.970566 -0.229008 -0.0334419 -0.922637 -0.721411 0.275258 0.760973 -0.0732056 0.683059 -0.470257 0.446989 0.499981 0.669208 -0.284044 -0.981731 -0.75987 -0.115333 0.115005 -0.709048 0.53397 -1 0.820978 0.104269 0.533957 -0.162384 -0.270511 0.092246 -0.255647 -1 -0.751079 -0.708107 -0.924523 0.506999 0.108198 -0.429584 -0.409822 -0.620828 -0.716435 -0.779626 -0.135409 -0.539616 0.304451 0.267088 -0.382059 -1 -0.0125431 0.32633 -0.269004 
-0.486429 -0.978382 -0.755112 -0.138216 -0.518658 -0.168543 -0.264961 0.47088 0.482055 0.260773 0.276611 -0.4828 -0.949194 -0.815333 -1 -0.725354 0.0742148 -1 0.645448 0.846312 -0.677974 -0.728439 0.0822532 -0.958572 -0.0955833 -0.303037 -1 -0.820288 -0.255099 0.543393 0.155622 -1 0.859225 -0.0695986 0.248263 0.226958 -0.93479 -0.209699 -0.105934 -0.998464 -0.0941297 0.120242 0.48925 -1 0.0357631 0.543518 -1 -0.724222 -0.88051 0.331865 -1 -0.576622 0.0650098 -0.116903 -0.0569693 -1 0.891925 -0.14095 -0.293373 -0.242237 0.835156 -0.0211539 0.0374336 -0.689594 0.282493 0.836055 -0.984066 0.00811279 -0.29138 0.284228 0.532585 -0.121924 0.584755 0.301553 -0.454446 0.76614 0.00813323 -0.0768285 -0.0895195 -1 -0.886585 0.829474 -0.83593 0.683221 0.473535 0.53877 -0.404022 -0.325751 -0.333518 0.209636 -0.908402 -0.237621 -0.0431661 -0.844051 -0.593593 0.0117044 0.782484 0.0419846 0.575203 -0.699801 0.486937 0.589426 0.763052 -0.173489 -1 -0.777489 -0.210498 -0.0550327 -0.670226 0.53397 -0.973817 0.813177 0.108268 0.533157 -0.107627 -0.527273 0.0291799 -0.34951 -0.963886 -0.527327 -0.886967 -0.998168 0.632223 -0.0933187 -0.393012 -0.385661 -0.848512 -0.65998 -0.963998 0.00950526 -0.559617 0.315613 0.109709 -0.190076 -1 -0.019899 0.22326 -0.391759 
-0.24199 -0.121698 -0.92752 -0.0178702 0.746559 -0.792547 0.108921 -1 0.691112 -1 -0.838336 -1 0.150295 -0.353589 0.107447 -0.982814 -1 -1 0.0200105 0.748222 -0.281115 -0.098694 -0.174013 0.593167 0.637476 0.749177 -0.354656 -0.999676 -1 -0.924504 -1 -1 -0.7207 -0.412966 -1 -0.861166 0.577226 -0.0803555 -1 -1 -0.159148 -0.866146 -0.548952 0.542432 -0.835016 -0.532793 0.746619 -0.670223 -0.0670019 -0.299197 -0.534675 -0.576199 -1 -0.253352 -0.838286 0.0271166 -0.839267 0.613044 -0.663659 -0.569818 0.0797272 -0.235972 -1 0.180113 0.163891 -1 -0.394672 0.113016 0.843293 -1 -0.595786 -1 -0.266542 -0.999331 -0.615633 -0.305355 -0.641279 -0.427635 0.156192 -1 -0.329426 -1 -0.0792555 0.0414146 -0.939539 -0.180374 0.336444 0.360743 -0.073938 -0.502131 -0.800641 0.305317 -1 -0.828492 -0.463194 -0.533288 -0.924114 -0.0619413 -0.0420648 -0.668411 0.369478 -0.0416131 -0.618314 -0.885449 -0.358562 -0.484607 -0.328436 -0.253562 -0.392217 0.147638 -0.912204 -1 0.126615 0.194362 -0.381182 0.101514 0.272631 -1 -0.490113 -1 -0.849477 0.622999 -0.661369 0.356947 -0.996733 -1 -1 -0.264291 0.557335 -0.149595 -0.331002 0.20686 -0.275911 0.127506 -0.608444 -0.927643 -1 -0.80061 
-0.0712663 -0.18628 -1 0.117949 0.308918 -0.921807 0.338347 -1 0.632936 -1 -0.825877 -0.98927 0.0207998 -0.424705 0.233153 -0.947299 -0.85902 -1 0.0839535 -0.0575197 -0.622537 -0.363512 -0.341013 0.0996847 0.385344 0.45275 -0.603892 -1 -0.994247 -1 -1 -0.957643 -0.346992 -0.664757 -0.957947 -1 0.388956 -0.633759 -1 -1 -0.542368 -0.891681 -0.568983 0.371525 -1 -0.468917 0.660226 -1 -0.495325 -0.452092 -0.647824 -0.464878 -0.986873 -0.162896 -0.564327 0.0363928 -0.816843 0.367222 -0.396559 -0.982913 -0.088015 -0.0545401 -0.958756 0.0821156 0.0836214 -1 -0.815469 0.223951 0.847586 -1 -0.724518 -1 -0.614305 -0.936867 -0.645592 -0.159916 -1 -0.45706 -0.000466928 -1 -0.436485 -1 -0.32223 -0.219401 -1 -0.428928 0.479683 0.297263 0.0585067 -0.700239 -1 0.371894 -1 -0.909333 -0.697241 -0.466669 -1 -0.312067 -0.208954 -0.608728 -0.0979645 -0.276899 -0.399151 -1 -0.162285 -0.46253 -0.476602 -0.196264 -0.851344 -0.171611 -1 -1 -0.235085 0.179895 -1 0.0823877 0.0734526 -0.998769 -0.581516 -1 -0.925844 0.497072 -0.373617 0.388768 -1 -1 -1 -0.40349 0.501954 -0.201528 -0.698394 0.087269 -0.401647 -0.119795 -0.725058 -1 -1 -1 
0.0435029 -0.441775 -0.958971 -0.305342 0.663241 -0.956839 0.0436703 -1 0.326239 -1 -0.869394 -1 0.233744 -0.637843 0.0867949 -1 -1 -1 0.163732 0.593836 -0.422509 -0.117589 -0.387781 0.586774 -0.208995 0.810497 -0.767752 -0.986939 -0.911867 -0.910505 -1 -1 -0.547136 -0.622901 -1 -1 0.634019 -0.421411 -0.957595 -1 -0.140863 -0.827984 -0.64051 0.481826 -1 -0.896694 0.396802 -0.789831 -0.217717 -0.300474 -0.653302 -0.566895 -1 -0.584857 -0.694485 -0.65977 -1 0.492722 -0.411607 -0.882791 -0.306669 -0.212384 -1 0.26242 0.052119 -1 -0.508252 -0.212967 0.888267 -1 -0.727844 -1 -0.33634 -1 -0.447866 -0.328435 -0.946242 -0.34963 -0.433954 -1 -0.236555 -1 -0.292667 0.0846736 -1 -0.3031 0.420349 0.137872 0.049909 -0.407517 -1 0.352475 -1 -1 -0.759522 -0.303244 -1 -0.119139 -0.0164079 -0.543766 0.274721 0.0450428 -0.935099 -0.870573 -0.139926 -0.78218 -0.621698 -0.449294 -0.615755 -0.0382105 -1 -1 -0.0572253 -0.0893157 -0.945255 -0.0448289 0.256401 -0.964772 -0.490113 -1 -0.743333 0.568929 -0.682701 0.424502 -1 -0.910383 -1 -0.527763 0.225944 -0.736801 -0.832127 0.00627634 -0.421612 -0.00153446 -0.758437 -0.972525 -1 -0.925622 
-0.531153 -1 -0.775089 -0.121457 -0.812966 0.121241 -0.109352 0.374584 0.44145 0.291891 0.49815 -0.537106 -1 -0.747834 -1 -0.775932 -0.121565 -1 0.438828 0.423208 -0.467285 -0.649563 0.0321838 -1 0.163281 -0.682826 -1 -0.990531 -0.255099 0.283256 0.317374 -0.747922 0.996729 -0.254849 0.220731 0.0661872 -0.849517 -0.332183 -0.468597 -1 0.239996 0.119011 0.406188 -1 -0.105488 0.372507 -1 -1 -0.492537 0.270263 -1 -0.666891 0.277226 0.000765927 -0.0273367 -0.961783 0.68926 -0.153092 -0.458161 -0.10484 0.66159 0.166286 0.0485176 -0.580545 0.157911 0.835869 -0.92027 -0.0670813 -0.413531 0.145655 0.283235 0.0849656 0.429604 0.332481 -0.839549 0.737427 0.032827 -0.318957 -0.511823 -0.889944 -0.905409 0.619314 -0.928341 0.577011 0.264289 0.769559 -0.610895 -0.481954 -0.521173 0.306803 -1 -0.677245 -0.0683204 -0.937714 -0.712937 -0.00201453 0.768531 0.0251844 0.471857 -0.479092 0.247363 0.650243 0.406634 -0.253655 -1 -0.526812 -0.365378 0.00593137 -0.654495 0.16807 -0.972156 0.869547 0.108268 0.529558 -0.0210894 -0.270511 -0.205403 -0.249049 -0.943951 -0.616833 -0.763561 -1 0.633039 0.108198 -0.520456 -0.362219 -0.755977 -0.739081 -0.934368 -0.136067 -0.658812 0.408667 0.150007 -0.629238 -1 -0.00112106 0.0236407 -0.345514 
-0.726763 -0.978002 -0.659863 -0.105133 -0.604647 -0.0159424 -0.551262 0.128232 0.189878 0.120023 0.369464 -0.186366 -0.784415 -0.90397 -1 -0.717968 -0.128237 -0.744576 0.370115 0.665772 -0.424556 -0.828466 0.136679 -1 -0.367644 -0.578959 -1 -0.760087 -0.295042 0.800042 -0.148775 -0.807473 0.860705 -0.214832 0.106011 -0.105951 -1 0.179731 -0.609866 -0.989532 0.295329 -0.222653 0.420882 -0.995175 0.156164 0.545068 -1 -1 -0.752016 0.217613 -1 -0.664453 -0.163163 -0.0477419 -0.136993 -1 0.832149 -0.224312 -0.335681 -0.0839811 0.702443 0.151475 -0.14888 -0.722762 0.0698822 0.876995 -1 -0.0708666 -0.23174 0.361382 0.238635 -0.0559562 0.489276 0.222729 -0.644403 0.687248 -0.110502 -0.154367 -0.507374 -1 -1 0.512151 -0.933525 0.66676 0.180699 0.718396 -0.384599 -0.398897 -0.71602 0.272125 -1 -0.199817 0.0450096 -0.980601 -0.591144 -0.0973493 0.354418 -0.069143 0.338283 -0.52697 0.439012 0.269694 0.671603 -0.288568 -1 -0.680585 -0.154328 -0.141993 -0.832915 0.213934 -0.973817 0.698408 -0.0346178 0.525031 -0.248519 -0.224586 0.00232321 -0.539355 -0.979359 -0.615845 -0.787621 -1 0.524247 0.157363 -0.52402 -0.415139 -0.623845 -0.835399 -1 0.00713455 -0.790288 0.315613 0.267088 -0.250469 -0.930232 -0.0617477 0.171993 -0.338806 
-0.599339 -1 -0.703144 -0.0586563 -0.561557 0.147783 -0.210571 0.321202 0.452717 0.164337 0.511499 -0.210735 -0.83035 -0.943065 -1 -0.866141 0.0512687 -0.762019 0.555656 0.826196 -0.572642 -0.814507 0.192195 -1 -0.0733973 -0.535774 -1 -0.624358 -0.2585 0.702726 0.164533 -0.807473 0.760203 -0.150388 0.329919 -0.000455864 -0.968825 -0.0115406 -0.144445 -0.947578 0.207795 -0.014881 0.32589 -1 0.164266 0.369192 -1 -0.738702 -0.691166 0.255523 -1 -0.657464 0.121949 -0.0599135 -0.0711449 -1 0.705855 -0.24249 -0.322496 -0.0326713 0.792907 0.235327 -0.0120656 -0.587976 0.246652 0.675508 -1 -0.0760559 -0.185316 0.186155 0.542692 0.141121 0.386954 0.199223 -0.627936 0.541351 -0.0660187 -0.342052 -0.24169 -0.967752 -0.931271 0.576684 -1 0.545247 0.512846 0.647914 -0.49857 -0.539473 -0.397344 0.298716 -1 -0.32028 -0.0809329 -0.947661 -0.572906 0.266406 0.762931 0.0454209 0.555303 -0.471939 0.402848 0.445186 0.627554 -0.406084 -1 -0.644803 -0.194235 0.0610798 -0.717278 0.437109 -1 0.679594 0.0404703 0.354468 -0.140046 -0.269306 0.0486901 -0.332664 -1 -0.551482 -0.760806 -1 0.351655 -0.0155378 -0.484263 -0.376696 -0.742596 -0.660577 -0.885841 -0.12398 -0.723624 0.335453 0.291071 -0.405928 -1 -0.106212 0.282098 -0.362728 
-0.501699 -1 -0.775089 -0.165458 -0.730595 0.121241 -0.255924 0.424699 0.44145 0.260773 0.535068 -0.383008 -1 -0.689453 -1 -0.802813 0.0988762 -1 0.652295 0.429265 -0.59403 -0.638416 0.240452 -1 0.0735233 -0.526637 -1 -0.954543 -0.255099 0.411556 0.265924 -0.747922 0.818264 -0.158746 0.0706137 0.113291 -0.849517 -0.169507 -0.366062 -1 0.237968 0.131369 0.531284 -1 -0.0631799 0.372507 -1 -1 -0.492537 0.393977 -1 -0.576622 0.277226 0.0452432 -0.0273367 -1 0.653846 -0.153092 -0.401718 0.017558 0.549024 0.235327 0.0485176 -0.493754 0.157911 0.963642 -0.92027 0.0194381 -0.370991 0.309882 0.283235 0.0849656 0.44742 0.301553 -0.679984 0.76614 0.032827 -0.280951 -0.408646 -0.996334 -0.872028 0.544037 -0.928341 0.645648 0.299657 0.758612 -0.541925 -0.566505 -0.391445 0.37245 -0.960951 -0.475724 -0.175885 -0.939275 -0.593593 -0.000153758 0.742626 0.00636778 0.485999 -0.447485 0.2881 0.507675 0.499588 -0.195913 -0.860044 -0.526812 -0.323575 0.0565888 -0.647706 0.297479 -1 0.869547 0.108268 0.529558 -0.0210894 -0.270511 -0.0474757 -0.249049 -1 -0.636975 -0.763561 -1 0.568531 0.108198 -0.370019 -0.362219 -0.755977 -0.739081 -0.822956 -0.136067 -0.559617 0.376043 0.267088 -0.489703 -1 -0.019899 0.0697211 -0.333835 
0.0171581 -0.00404266 -1 0.229605 0.694359 -0.883467 0.189826 -1 0.782711 -1 -0.765138 -1 0.230938 -0.156584 0.23459 -1 -0.970412 -0.985581 0.349399 0.60008 -0.356685 -0.298865 -0.17087 0.553223 0.435423 0.776168 -0.391294 -1 -0.987951 -0.898618 -0.966454 -1 -0.417164 -0.453868 -1 -0.781003 0.506329 -0.0247919 -1 -1 -0.173752 -0.746708 -0.627512 0.548364 -0.974558 -0.532793 0.777318 -0.646097 -0.0410331 -0.371733 -0.557745 -0.363282 -1 -0.14355 -0.742746 0.0510639 -0.760077 0.528131 -0.386403 -0.536977 0.119456 0.0303879 -1 0.317972 0.385572 -1 -0.479773 0.220995 0.844463 -1 -0.731359 -1 -0.497361 -1 -0.450647 -0.220461 -0.54187 -0.351901 0.0822337 -1 -0.288083 -1 -0.212587 0.0804693 -1 -0.0983212 0.379667 0.295448 -0.0255063 -0.70186 -0.600256 0.271375 -0.970538 -0.948507 -0.579011 -0.290377 -0.789424 -0.15068 -0.0750618 -0.505807 0.181374 -0.00160059 -0.57211 -0.724641 -0.04514 -0.546347 -0.408825 -0.335988 -0.399668 0.140517 -0.980023 -1 0.173429 0.0953111 -0.429804 0.0923029 0.38162 -1 -0.595781 -1 -0.860204 0.486453 -0.408765 0.308866 -1 -1 -0.997371 -0.254817 0.557335 -0.216425 -0.525341 0.193641 -0.216717 0.00775944 -0.681638 -0.920592 -1 -0.742695 
0.0292746 -0.108465 -1 -0.0748339 0.63541 -1 0.0435121 -1 0.349587 -0.918567 -0.851705 -1 -0.0467242 0.0145401 0.0434173 -1 -0.918558 -0.985597 0.262528 0.620957 -0.418708 -0.333397 -0.330572 0.256348 0.466942 0.768711 -0.725582 -1 -1 -0.910398 -1 -1 -0.590457 -0.432762 -1 -0.751006 0.196855 -0.388563 -1 -1 -0.392322 -0.859762 -1 0.643639 -0.834231 -0.599265 0.388755 -0.591802 -0.232864 -0.470336 -0.663469 -0.287267 -1 -0.56643 -0.708108 -0.172035 -1 0.482215 -0.411607 -0.90762 0.102394 -0.109059 -0.985511 0.470951 -0.089329 -1 -0.699298 0.0967491 0.565828 -1 -0.670467 -0.998729 -0.275312 -1 -0.611495 -0.574364 -0.530448 -0.284282 -0.0348841 -1 -0.516684 -0.994396 -0.162741 -0.204518 -0.982629 -0.208532 0.409668 0.45853 0.0111252 -0.295929 -0.918918 0.369551 -1 -0.925063 -0.570432 -0.542717 -0.829001 -0.0972892 0.0123283 -0.471474 -0.0543555 -0.207056 -0.583099 -0.988932 -0.230442 -0.945164 -0.557961 -0.1073 -0.307943 0.098985 -0.927181 -1 -0.139854 -0.0993005 -0.43122 -0.0582854 0.0530562 -0.975404 -0.595268 -1 -0.775249 0.672621 -0.376324 0.310741 -0.958644 -0.952632 -1 -0.288339 0.347675 -0.23208 -0.356214 0.201771 -0.62939 0.133177 -0.820466 -1 -1 -0.901746 
-0.065363 -0.257753 -0.970752 -0.00760221 0.381312 -0.806989 0.121099 -1 0.747192 -1 -1 -0.989423 -0.215382 -0.351018 0.105713 -1 -1 -1 0.285437 0.539454 -0.37013 -0.479818 -0.234447 0.582475 0.212702 0.884125 -0.771461 -1 -0.977343 -1 -0.921888 -1 -0.538681 -0.421891 -1 -1 0.466737 -0.488292 -1 -1 -0.852592 -0.730637 -0.849646 0.375435 -1 -1 0.566913 -0.903909 -0.34367 -0.739255 -0.968677 -0.661274 -1 -0.513847 -0.646023 -0.221379 -1 0.393012 -0.648767 -0.980343 -0.0542952 -0.0467011 -0.988527 0.175181 0.281928 -1 -0.842373 0.0969906 0.474003 -0.980227 -0.953128 -1 -0.707379 -1 -0.637229 -0.303236 -0.881768 -0.646479 -0.142638 -1 -0.356129 -1 -0.344003 -0.401191 -1 -0.164065 0.340906 -0.0461974 -0.048499 -0.280792 -1 0.182126 -1 -1 -0.494249 -0.764629 -0.974584 -0.64707 -0.566165 -0.68639 -0.17081 -0.199033 -0.466989 -0.606884 -0.569173 -0.813182 -0.484914 -0.30673 -0.55781 0.157512 -1 -0.960358 -0.248426 -0.0996628 -0.760394 -0.118323 0.219557 -1 -0.6285 -1 -0.923682 0.767061 -0.676687 0.435882 -1 -0.969183 -1 -0.28751 0.140317 -0.364738 -0.51477 -0.296052 -0.517709 -0.279483 -0.882985 -0.942069 -1 -1 
-0.233923 -0.101003 -1 0.150287 0.637952 -1 -0.181721 -0.973561 0.599537 -0.97268 -0.825742 -1 -0.0969904 -0.143991 0.15497 -1 -1 -1 -0.128926 0.645273 -0.428484 -0.177299 -0.246452 0.483369 0.521692 0.682218 -0.576279 -0.988413 -0.992118 -0.822652 -1 -1 -0.666158 -0.635983 -1 -0.941429 0.518685 0.00606128 -1 -1 -0.167035 -1 -0.860867 0.353532 -0.865504 -0.554442 0.724844 -0.621143 -0.119046 -0.259888 -0.571253 -0.35509 -1 -0.237613 -1 -0.165756 -0.788669 0.568033 -0.77147 -0.714745 0.151088 -0.208819 -1 0.150299 0.307028 -1 -0.798895 0.136525 0.896088 -0.982005 -0.822744 -1 -0.387135 -1 -0.483684 -0.311974 -0.686116 -0.281252 -0.053021 -1 -0.378413 -1 -0.185939 -0.0631355 -0.966864 -0.320618 0.21909 0.225082 0.0201472 -0.447648 -0.751428 0.329731 -1 -0.95089 -0.763221 -0.411752 -1 -0.37244 -0.0504435 -0.555967 0.238963 0.0301551 -0.426486 -1 -0.0310417 -0.476668 -0.480203 -0.31528 -0.578534 -0.127891 -0.955049 -0.969729 0.117328 0.111611 -0.471306 0.101914 0.390403 -1 -0.510312 -0.957267 -0.836613 0.677693 -0.362629 0.282418 -1 -1 -1 -0.35626 0.617508 -0.152293 -0.428916 0.175694 -0.292379 -0.242114 -0.608444 -1 -1 -0.984707 
0.0102057 -0.0924697 -1 -0.0697016 0.694359 -0.826127 0.144969 -1 0.844651 -0.988082 -0.831484 -1 0.21826 -0.0851502 0.0633388 -1 -0.907254 -1 0.330799 0.626684 -0.379382 -0.467371 -0.44155 0.540219 0.539243 0.793013 -0.597288 -1 -1 -1 -1 -1 -0.491983 -0.373628 -1 -0.804939 0.506329 -0.0824598 -1 -1 -0.149569 -0.939 -0.604733 0.464232 -0.893811 -0.532793 0.429231 -0.711101 -0.0410331 -0.261679 -0.632528 -0.553059 -1 -0.259711 -0.686113 0.117343 -0.796298 0.493138 -0.744884 -0.598741 0.119456 -0.0276356 -1 0.373806 0.385572 -1 -0.52022 0.0936892 0.811496 -1 -0.731359 -1 -0.572617 -1 -0.433427 -0.211797 -0.56223 -0.351901 0.0908554 -1 -0.288083 -1 -0.4594 0.0890647 -0.970939 -0.0911218 0.338046 0.0463553 -0.0182202 -0.722468 -0.694322 0.0597505 -0.953255 -0.925063 -0.593223 -0.286305 -0.798926 -0.0666054 -0.133628 -0.576653 -0.103797 -0.0470463 -0.597403 -0.724641 -0.275617 -0.465461 -0.332384 -0.284846 -0.401381 0.202891 -0.916997 -1 0.257352 0.109191 -0.617765 0.0391242 0.167848 -1 -0.545535 -1 -0.871329 0.507187 -0.690195 0.380386 -0.985206 -1 -1 -0.243351 0.544678 -0.216425 -0.446451 0.187769 -0.472176 -0.0478988 -0.901953 -0.910751 -1 -0.897065 
-0.449112 -1 -0.826032 -0.0739104 -0.686149 0.0859184 -0.213486 0.366968 0.360163 0.28379 0.451027 -0.231401 -0.963881 -0.815333 -0.99498 -0.805618 0.1011 -0.644412 0.549373 0.786992 -0.475587 -0.78122 0.249618 -1 0.0683351 -0.330582 -1 -0.661524 -0.335402 0.676733 0.0774982 -0.807473 0.919081 0.0973531 0.375474 0.252399 -0.907379 0.0853349 -0.224555 -1 0.148982 0.217925 0.479451 -1 0.074264 0.495871 -1 -0.74496 -0.540788 0.394694 -1 -0.603999 0.15688 -0.0376023 -0.2962 -1 0.760437 -0.155459 -0.428715 -0.0358067 0.841145 0.256237 -0.242792 -0.446472 0.43232 0.664982 -0.975665 0.00811279 -0.276837 0.166469 0.544572 0.0310115 0.549131 0.241333 -0.585308 0.78487 -0.109832 -0.200921 -0.226886 -0.94927 -0.956339 0.764731 -0.982678 0.660622 0.516159 0.648943 -0.33959 -0.506477 -0.502866 0.296299 -0.970701 -0.281852 0.106225 -1 -0.676752 0.278834 0.593156 -0.145488 0.392035 -0.449853 0.380218 0.667606 0.672975 -0.280862 -1 -0.726281 -0.105845 0.172076 -0.716937 0.519812 -0.973817 0.705391 0.100184 0.543526 -0.172531 -0.355896 -0.0218956 -0.305765 -0.974618 -0.600879 -0.854445 -0.913121 0.508105 -0.0282086 -0.518369 -0.375357 -0.642127 -0.76134 -0.83671 -0.0377265 -0.623326 0.199179 0.188059 -0.238004 -1 -0.208652 0.274401 -0.250107 
0.00424717 -0.0752453 -1 0.256193 0.617975 -1 0.152402 -1 0.724734 -1 -0.833912 -1 0.125846 -0.225457 0.262341 -1 -0.952625 -1 0.302631 0.652777 -0.30415 -0.15978 -0.214215 0.328412 0.423828 0.715354 -0.306152 -1 -1 -0.729656 -1 -1 -0.487335 -0.373628 -0.99383 -0.751006 0.562728 0.0599528 -1 -0.874284 -0.147428 -0.694954 -0.673413 0.383851 -0.924946 -0.564908 0.835 -0.562032 -0.219508 -0.585262 -0.633745 -0.331688 -1 -0.157496 -0.78085 -0.0602494 -0.856847 0.67297 -0.411607 -0.6692 0.0787662 0.0309856 -1 0.30008 0.420139 -0.975899 -0.64669 0.121478 0.833311 -1 -0.661174 -0.989753 -0.383044 -1 -0.483636 -0.295221 -0.814893 -0.39861 0.175555 -0.992821 -0.469502 -1 -0.175191 -0.110911 -0.94718 0.00344202 0.361275 0.170205 0.0429656 -0.665388 -0.608012 0.329587 -0.953958 -1 -0.39638 -0.317357 -0.826519 -0.0374825 -0.0935778 -0.590757 0.27607 -0.329229 -0.49847 -0.644011 -0.0478472 -0.478135 -0.445746 -0.153157 -0.445215 0.0771729 -0.929982 -1 0.198459 0.351742 -0.342063 0.116872 0.315174 -1 -0.538471 -1 -1 0.422934 -0.580133 0.369066 -1 -1 -0.987904 -0.264291 0.384732 -0.315046 -0.340173 0.127738 -0.216717 0.102259 -0.874339 -0.925407 -1 -0.929699 
-0.487079 -1 -0.744322 -0.0672945 -0.518658 0.121241 -0.134495 0.424699 0.4237 0.260773 0.537767 -0.177418 -0.778107 -0.902686 -1 -0.725354 0.1011 -0.704111 0.652295 0.826196 -0.461816 -0.728439 0.249618 -0.958572 0.0370475 -0.362322 -1 -0.631847 -0.255099 0.676733 0.18705 -0.807473 0.901352 0.10698 0.380955 0.279342 -0.907379 0.10253 -0.105934 -0.998464 0.263272 0.224612 0.531284 -1 0.199354 0.515657 -1 -0.74496 -0.609938 0.393977 -1 -0.576622 0.277226 -0.0376023 -0.0711449 -0.978989 0.877604 -0.153092 -0.266701 -0.0358067 0.86167 0.235327 0.0485176 -0.447837 0.387117 0.876418 -1 0.00811279 -0.188364 0.348124 0.532585 0.0849656 0.556426 0.301553 -0.479955 0.699668 0.032827 -0.100162 -0.130075 -0.889944 -0.865606 0.821742 -0.928341 0.707859 0.512846 0.758612 -0.355952 -0.412957 -0.358542 0.398623 -0.995969 -0.227109 0.0772453 -0.844051 -0.593593 0.276316 0.773405 0.0269438 0.617926 -0.460253 0.53443 0.647904 0.676775 -0.195913 -0.957657 -0.631093 -0.0771059 0.201975 -0.670226 0.53397 -0.973817 0.837912 0.108268 0.453412 -0.0820605 -0.270511 0.143725 -0.249049 -0.976999 -0.529068 -0.763561 -0.9456 0.637967 0.108198 -0.444524 -0.359973 -0.603848 -0.65998 -0.789674 -0.00584069 -0.559617 0.335786 0.273302 -0.238004 -1 -0.019899 0.323454 -0.153343 
-0.500535 -1 -0.77882 -0.0672945 -0.518658 0.121241 -0.134495 0.424699 0.44145 0.268029 0.537767 -0.177418 -0.784748 -0.815333 -1 -0.725354 0.0216678 -0.704111 0.652295 0.826196 -0.54122 -0.728439 0.249618 -0.950727 0.0370475 -0.379688 -1 -0.631847 -0.255099 0.676733 0.105081 -0.785579 0.901352 0.053494 0.380955 0.279342 -0.907379 0.10253 -0.0809776 -0.998464 0.225676 0.224612 0.531284 -0.971577 0.11237 0.515657 -1 -0.74496 -0.53866 0.393977 -1 -0.661978 0.277226 -0.0376023 -0.0611973 -1 0.851086 -0.163509 -0.293373 -0.0358067 0.862694 0.235327 0.0485176 -0.49573 0.387117 0.876418 -1 -0.027753 -0.233049 0.348124 0.506412 0.0582297 0.548996 0.214695 -0.493848 0.76614 0.032827 -0.100162 -0.219763 -0.889944 -0.852881 0.769352 -0.928341 0.707859 0.46877 0.758612 -0.409428 -0.398897 -0.337916 0.398623 -1 -0.227109 0.138565 -0.902386 -0.609024 0.259395 0.773405 0.0269438 0.675059 -0.447485 0.53443 0.647904 0.735985 -0.195913 -1 -0.659822 -0.105845 0.201975 -0.670226 0.53397 -0.973817 0.869547 0.108268 0.533157 -0.166808 -0.270511 0.130616 -0.249049 -1 -0.558952 -0.763561 -0.9456 0.637967 0.12744 -0.393012 -0.362219 -0.641268 -0.65998 -0.824389 -0.00584069 -0.559617 0.284699 0.267088 -0.238004 -1 -0.019899 0.323454 -0.153343 
-0.645928 -0.988464 -0.755112 -0.0371359 -0.562976 0.121241 -0.134495 0.435724 0.297698 0.260773 0.457369 -0.267761 -0.915085 -0.962578 -1 -0.763179 -0.0491609 -0.704111 0.573656 0.826196 -0.472746 -0.782853 0.142483 -0.953441 -0.0697464 -0.373152 -0.981714 -0.631847 -0.313606 0.657512 0.232261 -0.906487 0.804033 -0.00909756 0.325649 0.279342 -0.907379 0.0562709 -0.0940019 -1 0.212677 0.0589155 0.379437 -1 0.182637 0.515657 -1 -0.803743 -0.629222 0.422989 -1 -0.733165 0.129735 -0.158059 -0.0990831 -1 0.893741 -0.170324 -0.293373 -0.0697815 0.869624 0.227264 0.0485176 -0.499096 0.322577 0.798168 -1 0.00811279 -0.217616 0.348124 0.39763 -0.0316557 0.406774 0.301553 -0.507044 0.755869 -0.0135228 -0.167485 -0.203687 -0.855276 -0.946318 0.786614 -1 0.72991 0.42674 0.595782 -0.463326 -0.40186 -0.337916 0.328371 -1 -0.297926 0.0335914 -0.925956 -0.640062 0.26713 0.692286 0.0540152 0.681613 -0.429392 0.499678 0.602129 0.722138 -0.197263 -1 -0.707366 -0.105845 0.201975 -0.670226 0.352467 -1 0.8196 0.108268 0.533157 -0.0856734 -0.325556 0.123393 -0.259422 -1 -0.506255 -0.883582 -0.9456 0.667323 0.108198 -0.393012 -0.451836 -0.638981 -0.728823 -0.826143 -0.0158955 -0.578028 0.187144 0.244839 -0.238004 -1 -0.111773 0.191135 -0.153343 
-0.487079 -1 -0.775089 -0.0290528 -0.730595 0.121241 -0.134495 0.424699 0.44145 0.260773 0.548054 -0.383008 -1 -0.73035 -1 -0.802813 0.0988762 -1 0.652295 0.443314 -0.467285 -0.649563 0.240452 -1 0.117944 -0.521271 -1 -0.849246 -0.255099 0.44536 0.265924 -0.747922 0.954648 -0.158746 0.20918 0.089855 -0.849517 -0.169507 -0.366062 -1 0.237968 0.119011 0.531284 -1 0.00309245 0.372507 -1 -1 -0.492537 0.393977 -1 -0.576622 0.277226 0.0452432 -0.0273367 -0.961783 0.713285 -0.153092 -0.293373 -0.00231711 0.66159 0.235327 0.0485176 -0.510268 0.157911 0.963642 -0.92027 0.00811279 -0.370991 0.309882 0.283235 0.0849656 0.581272 0.301553 -0.679984 0.76614 0.032827 -0.279343 -0.346124 -0.889944 -0.889651 0.612282 -0.928341 0.645648 0.299657 0.758612 -0.541925 -0.490466 -0.391445 0.37245 -1 -0.475724 -0.104543 -0.939275 -0.593593 -0.00201453 0.742626 0.00636778 0.485999 -0.447485 0.2881 0.647904 0.499588 -0.195913 -0.860044 -0.526812 -0.323575 0.0565888 -0.670226 0.297479 -1 0.869547 0.108268 0.529558 -0.0210894 -0.270511 -0.048402 -0.249049 -1 -0.636975 -0.763561 -1 0.633039 0.108198 -0.370019 -0.362219 -0.755977 -0.739081 -0.822956 -0.136067 -0.559617 0.376043 0.267088 -0.489703 -1 -0.019899 0.0697211 -0.249085 
-0.532084 -1 -0.755112 -0.0672945 -0.518658 0.121241 -0.170237 0.424699 0.44145 0.260773 0.552911 -0.225323 -0.784748 -0.889051 -1 -0.725354 0.1011 -0.708082 0.678114 0.822275 -0.503754 -0.788904 0.249618 -1 0.0370475 -0.303037 -1 -0.67143 -0.252083 0.643868 0.18705 -0.848914 0.901352 0.10698 0.380955 0.279342 -0.919907 0.10253 -0.105934 -0.998464 0.263272 0.224612 0.531284 -0.999048 0.199354 0.516373 -1 -0.725607 -0.616992 0.313789 -1 -0.576622 0.277226 -0.0376023 -0.0428201 -1 0.812565 -0.153092 -0.293373 -0.0358067 0.86167 0.150989 -0.0183685 -0.447837 0.387117 0.876418 -1 0.00811279 -0.229511 0.348124 0.552894 0.0849656 0.556426 0.301553 -0.523428 0.787526 0.032827 -0.100162 -0.141271 -0.889944 -0.865606 0.821742 -0.928341 0.707859 0.512846 0.718667 -0.33959 -0.370629 -0.337916 0.394973 -1 -0.227109 0.128387 -0.844051 -0.593593 0.259395 0.773405 0.0335555 0.675059 -0.447485 0.491445 0.647904 0.735985 -0.24166 -0.957657 -0.659822 -0.104799 0.201975 -0.670226 0.53397 -0.973817 0.869547 0.108268 0.533157 -0.107627 -0.270511 0.123393 -0.249049 -1 -0.533396 -0.763561 -0.9456 0.554607 0.108198 -0.393012 -0.362219 -0.654246 -0.658051 -0.762995 -0.00584069 -0.559617 0.315613 0.289044 -0.238004 -1 -0.019899 0.323454 -0.153343 
-0.580191 -0.983748 -0.755112 -0.0371359 -0.562976 0.214295 -0.134495 0.180119 0.356649 0.259098 0.537767 -0.445402 -0.978297 -0.859433 -1 -0.692808 -0.277499 -0.704111 0.594297 0.826196 -0.406084 -0.782853 0.0935122 -0.94938 -0.0791769 -0.429072 -1 -0.631847 -0.219795 0.635602 0.170308 -0.951662 0.905615 0.0290731 0.325649 -0.0696492 -0.907379 0.10253 -0.0940019 -1 0.192904 0.06703 0.328861 -1 0.172873 0.268728 -1 -1 -0.620572 0.183052 -0.920487 -0.586196 0.129735 -0.117122 -0.092535 -1 0.660794 -0.448109 -0.293373 -0.266942 0.869624 0.260815 0.0911968 -0.661247 0.267583 0.711165 -1 0.00811279 -0.307785 0.348124 0.39763 -0.0316557 0.469322 0.0119828 -0.766183 0.531653 -0.139279 -0.143912 -0.252874 -0.971811 -0.825544 0.770801 -1 0.533697 0.473608 0.393639 -0.644928 -0.439159 -0.35468 0.138432 -1 -0.254178 -0.0286851 -1 -0.640062 0.311735 0.692286 0.0540152 0.611636 -0.444922 0.499678 0.603878 0.604015 -0.493393 -1 -0.707366 -0.358564 0.201975 -0.670226 0.303172 -1 0.845654 0.108268 0.477035 -0.0856734 -0.321154 0.123717 -0.259422 -1 -0.512521 -1 -0.9456 0.761278 0.136529 -0.393012 -0.484083 -0.684974 -0.807658 -0.902089 -0.214749 -0.559617 0.100038 -0.0137165 -0.243476 -1 -0.136876 0.214673 -0.358895 
-0.467835 -0.293106 -1 0.304332 0.573606 -1 -0.0985803 -1 0.241907 -1 -0.700929 -0.85332 -0.0459722 -0.297219 -0.227467 -1 -1 -1 0.413886 0.38253 -1 -0.182095 -0.497247 0.0741522 0.19693 0.865931 -0.428075 -0.993212 -1 -0.874817 -0.951635 -0.916781 -1 -1 -1 -0.97823 0.540953 -0.113604 -1 -1 -0.371379 -0.850522 -0.82946 0.0975208 -0.912607 -1 0.702244 -0.840329 -0.45682 -0.665181 -0.699559 -1 -0.993849 -0.393567 -1 -0.523226 -0.841774 0.501129 -0.840601 -0.961547 -0.167735 -0.444847 -0.957915 -0.426624 0.310875 -1 -0.853649 0.0757108 0.374722 -1 -1 -0.954209 -0.905467 -0.973314 -0.803257 -0.465245 -0.935373 -0.78497 -0.727604 -1 -0.387672 -1 -0.700307 0.164895 -0.995789 -0.422044 0.095927 0.320929 -0.307581 -1 -0.99048 -0.0211735 -1 -0.907864 -0.967597 -0.799088 -1 -0.0979867 -0.71709 -0.806484 -0.119201 -0.474165 -0.715441 -1 -0.517409 -0.570768 -0.527534 -0.790415 -0.553008 0.0137031 -1 -0.93972 -0.273386 -0.504166 -0.795478 0.0147501 0.264495 -1 -0.939721 -0.951811 -0.935356 0.504643 -0.709702 0.116481 -1 -1 -1 -0.709809 0.366785 -1 -0.341722 -0.124177 -0.406921 0.236027 -0.973069 -1 -1 -1 
-0.487079 -1 -0.877798 -0.113603 -0.715741 -0.150901 -0.212823 0.3702 0.397431 0.273778 0.561748 -0.413417 -0.784748 -0.895383 -1 -1 -0.262096 -0.786613 0.519682 0.846505 -0.53581 -0.802621 0.0140148 -0.952246 -0.0480787 -0.303037 -1 -0.88724 -0.343785 0.676733 0.18705 -0.860232 0.847256 0.0776861 0.480595 0.0028604 -0.907379 -0.0620288 -0.423809 -0.968047 0.306437 0.224612 0.300619 -1 -0.0718885 0.32169 -1 -0.770576 -0.525544 0.305897 -1 -0.598602 0.252991 -0.261664 -0.165647 -1 0.808229 -0.115583 -0.360265 -0.09964 0.941665 0.167664 0.0485176 -0.69874 0.387117 0.783987 -1 -0.0627249 -0.201055 0.281225 0.595324 0.0849656 0.566895 0.301553 -0.480509 0.5221 0.032827 -0.0829429 -0.352586 -0.958854 -0.846163 0.646983 -1 0.493638 0.411671 0.445859 -0.31474 -0.398897 -0.399139 0.170079 -1 -0.257206 -0.145015 -1 -0.593593 0.216425 0.7558 -0.0514638 0.676339 -0.673236 0.236598 0.674382 0.735985 -0.305791 -0.957657 -0.659822 -0.105845 0.201975 -0.670226 0.546572 -1 0.838611 0.0489096 0.377939 -0.107627 -0.354433 0.123393 -0.275315 -1 -0.444404 -0.763561 -0.9456 0.637967 0.130757 -0.393012 -0.366408 -0.684408 -0.75708 -0.789674 -0.00584069 -0.855241 0.202982 0.27926 -0.304602 -1 0.0592612 0.0480166 -0.153343 
0.0241863 -0.104673 -1 0.0671586 0.538198 -0.97937 0.103288 -1 0.715927 -0.988752 -0.86663 -0.957078 -0.289908 -0.275775 0.339428 -1 -0.881437 -0.983669 0.378282 0.58733 -0.527972 -0.0826256 -0.200032 0.403609 0.18226 0.599015 -0.640211 -1 -1 -0.817302 -1 -1 -0.699512 -0.426955 -0.851857 -1 0.369436 0.0797732 -1 -0.956675 -0.214447 -0.783957 -0.738999 0.579054 -1 -0.792013 0.538998 -0.89932 -0.182929 -0.385835 -1 -0.298748 -0.910331 -0.35767 -0.724085 -0.0905107 -0.94862 0.353043 -0.54952 -0.728927 -0.0674445 -0.237545 -0.909051 0.529304 0.305929 -0.994361 -0.961229 0.00868325 0.651263 -1 -0.672841 -1 -0.305066 -1 -1 -0.495099 -0.791136 -0.268663 0.0432087 -1 -0.45148 -1 -0.423418 0.161209 -0.994963 -0.278934 0.288837 0.0345751 -0.313506 -0.780835 -0.872052 0.356056 -0.933457 -1 -0.906001 -0.53148 -0.705276 -0.0265457 -0.161881 -0.649444 0.129006 -0.10767 -0.581917 -0.810129 -0.370675 -0.541614 -0.271623 -0.191521 -0.459172 0.145142 -1 -1 0.25904 0.0472829 -0.578182 0.142198 0.336517 -1 -0.503287 -1 -1 0.614351 -0.61786 0.385072 -1 -0.998972 -1 -0.235684 0.0589863 -0.257796 -0.59037 -0.0610365 -0.379254 -0.0168933 -0.798167 -1 -1 -0.735187 
0.0145094 -0.13575 -0.875973 -0.0200147 0.694359 -0.95384 0.103237 -1 0.691785 -1 -0.872895 -1 -0.0725015 -0.0528417 0.0876767 -1 -1 -1 0.257891 0.568641 -0.45809 -0.270867 -0.155088 0.149223 0.6114 0.801091 -0.914968 -0.97273 -1 -0.840362 -1 -0.994906 -0.490296 -0.44428 -1 -1 0.391677 -0.140271 -1 -1 -0.693627 -0.887486 -0.879717 0.62154 -0.928004 -0.648435 0.513988 -0.638632 -0.247663 -0.360059 -0.711475 -0.312431 -1 -0.494592 -0.688794 -0.0804689 -0.844026 0.51026 -0.411607 -0.899089 0.181652 0.00294325 -1 0.238635 -0.141401 -0.980402 -0.613408 0.320478 0.749984 -0.957146 -0.663623 -1 -0.33698 -1 -0.694225 -0.416667 -0.543668 -0.571558 0.0324841 -0.957777 -0.443537 -1 -0.255662 -0.137999 -1 -0.55426 0.23842 0.182405 0.0585067 -0.560149 -0.699086 0.352475 -1 -0.991244 -0.650285 -0.290377 -0.829001 -0.170345 0.00125194 -0.492101 0.0444553 0.0346824 -0.583099 -0.783392 -0.178992 -0.63711 -0.499495 -0.273208 -0.36586 0.106377 -1 -1 0.170393 0.141428 -0.423258 -0.00374991 0.374348 -0.983064 -0.627529 -1 -0.791934 0.710746 -0.364782 0.256467 -0.985912 -0.923972 -1 -0.260979 0.432539 -0.501038 -0.645524 -0.0512462 -0.556677 0.199031 -0.680501 -0.908659 -1 -0.872539 
-0.0929513 -0.24688 -1 0.231095 0.681594 -0.792489 0.04585 -1 0.792409 -0.904318 -0.900404 -1 0.191292 -0.0845322 0.211485 -1 -1 -0.972305 0.172768 0.332984 -0.685528 -0.347759 -0.156462 0.277635 0.514815 0.85807 -0.503863 -1 -0.942159 -1 -1 -1 -0.361936 -0.621912 -1 -0.663343 0.498946 0.0714332 -0.965493 -1 -0.186281 -0.665571 -0.746065 0.334074 -0.93657 -0.801059 0.357196 -0.857874 -0.0703903 -0.290171 -0.833679 -0.749055 -1 -0.377306 -0.712905 -0.144194 -0.921748 0.681804 -0.425484 -0.896423 0.0689145 0.0319129 -1 0.292482 0.407859 -0.930914 -0.474863 0.267382 0.923333 -1 -0.914064 -1 -0.581502 -1 -0.504181 -0.262492 -0.772934 -0.526408 -0.0513923 -0.972838 -0.397402 -1 -0.178307 0.109271 -0.86429 -0.280561 0.111656 0.360743 -0.0950014 -0.528861 -0.881802 0.331364 -1 -1 -0.500002 -0.290377 -0.913576 -0.135726 -0.0310244 -0.563657 -0.095677 -0.2452 -0.703575 -0.831307 -0.0848331 -0.724107 -0.265156 -0.258987 -0.456088 0.0246921 -1 -0.992608 0.135474 -0.31999 -0.369897 -0.168357 0.185293 -1 -0.678897 -0.964386 -0.834717 0.572574 -0.366041 0.420163 -1 -1 -1 -0.625855 0.195558 -0.302703 -0.72893 0.251318 -0.236061 0.204928 -0.699904 -0.986004 -1 -1 
-0.428984 -1 -0.781668 -0.17683 -1 -0.0427271 -0.415764 0.446524 0.44145 0.220267 0.484945 -0.435723 -1 -0.96102 -1 -0.882574 0.056991 -0.852027 0.516028 0.842113 -0.404253 -0.728439 -0.269695 -1 0.0115708 -0.523586 -1 -0.665506 -0.474937 0.555213 -0.0513406 -0.792041 0.773563 0.0539667 0.213466 0.356858 -1 -0.192501 -0.0552771 -1 0.00432292 0.232013 0.277817 -1 -0.19318 0.126085 -1 -0.985343 -0.699987 0.157768 -0.903113 -0.757851 0.152355 -0.0203771 -0.583222 -0.889837 0.712154 -0.120699 -0.513748 -0.46482 0.674148 0.135255 0.0485176 -0.496656 0.139822 0.725839 -0.984425 -0.0367061 -0.262075 0.297971 0.532585 -0.100563 0.152622 0.245001 -0.764676 0.533839 0.0564035 -0.100162 -0.141271 -1 -0.704686 0.720859 -1 0.578044 0.415019 0.484099 -0.63117 -0.398897 -0.337916 0.254719 -1 -0.123978 0.128387 -0.844051 -0.806875 -0.257979 0.120086 -0.219011 0.450768 -0.628973 0.53443 0.67311 0.831838 -0.162222 -1 -0.758167 -0.118075 0.243884 -0.85585 0.0538655 -0.953932 0.907996 0.0408222 0.55969 -0.212456 -0.556607 0.125757 -0.284601 -1 -0.512521 -0.904049 -1 0.637967 -0.269789 -0.692673 -0.348144 -0.855477 -0.742372 -0.789674 -0.089143 -0.530718 0.076973 0.365043 -0.268789 -0.991247 0.132187 0.0650989 -0.325642 
0.0292746 -0.198421 -1 0.12125 0.694359 -0.863348 0.00066328 -1 0.696742 -0.980094 -0.765138 -0.978113 0.191292 -0.112387 0.123217 -1 -1 -0.947651 0.217202 0.683566 -0.423544 -0.195061 -0.24497 0.461515 0.471288 0.789807 -0.309121 -0.979588 -1 -1 -1 -1 -0.449078 -0.498869 -1 -0.751006 0.474935 -0.0237808 -0.999216 -1 -0.307906 -0.817791 -0.760188 0.477093 -1 -0.532793 0.69611 -0.704558 -0.113437 -0.290171 -0.554943 -0.397045 -1 -0.36501 -0.717983 -0.295738 -0.768456 0.597429 -0.4626 -0.685977 0.0689145 0.00294325 -1 0.221907 0.260108 -1 -0.463707 0.190066 0.468753 -1 -0.926423 -0.997309 -0.419448 -1 -0.4068 -0.412575 -0.543668 -0.310258 -0.0400818 -0.987729 -0.424227 -1 -0.178307 0.118278 -1 -0.0951529 0.140258 0.199662 -0.0950014 -0.747303 -0.652186 0.112484 -1 -1 -0.700169 -0.290377 -0.789424 -0.216337 -0.00412966 -0.514113 0.201268 -0.00681752 -0.511741 -0.724641 -0.0447053 -0.465461 -0.222716 -0.366684 -0.360352 0.0992144 -0.995472 -1 0.171848 0.0283444 -0.381182 0.0823877 0.338763 -0.918551 -0.93125 -1 -0.834717 0.220498 -0.52432 0.369066 -1 -1 -0.984986 -0.31899 0.491205 -0.140591 -0.532568 0.158218 -0.314297 0.149804 -0.628029 -1 -1 -0.89303 
-0.692386 -1 -0.777465 -0.188032 -0.518658 0.0828343 -0.171 0.218764 0.290122 0.260773 0.475864 -0.212265 -0.784748 -0.938946 -1 -0.69527 0.1011 -0.704111 0.370011 0.796171 -0.461816 -0.946189 0.249618 -0.958572 0.0370475 -0.478714 -1 -0.75471 -0.255099 0.421924 0.18705 -0.816891 0.532587 0.0715356 0.380955 0.132196 -1 0.0776304 -0.238886 -0.998464 0.146714 0.224612 0.484089 -1 0.2114 0.515657 -1 -0.74496 -0.573016 0.162197 -0.999979 -0.633342 0.30632 -0.0306789 -0.0424619 -1 0.695347 -0.153092 -0.598132 -0.0358067 0.791843 -0.0085181 0.0485176 -0.447837 0.314196 0.876418 -1 0.00811279 -0.201055 0.348124 0.260593 0.0822476 0.559013 0.301553 -0.614838 0.695059 0.043339 -0.100162 -0.167228 -0.889944 -0.781244 0.648439 -1 0.683741 0.557528 0.758612 -0.33959 -0.433767 -0.339248 0.398623 -1 -0.438021 0.087961 -0.961877 -0.588274 0.259395 0.786781 -0.179523 0.603174 -0.447485 0.40063 0.647904 0.586238 -0.174061 -0.954537 -0.933057 -0.105845 0.264348 -0.898369 0.53397 -0.973817 0.869547 0.108268 0.527605 -0.103799 -0.255549 -0.107574 -0.249049 -1 -0.785039 -0.763561 -1 0.628952 0.109405 -0.390686 -0.362219 -0.603848 -0.65998 -1 -0.00584069 -0.894347 0.315613 0.267088 -0.267085 -1 -0.019899 0.307371 -0.199254 
-0.487079 -1 -0.728282 -0.114017 -0.42679 0.121241 -0.134495 0.446495 0.261566 0.260773 0.537767 -0.177418 -0.906704 -0.815333 -1 -0.844551 0.1011 -0.938278 0.53547 0.826196 -0.485105 -0.869888 0.333631 -0.958572 -0.193742 -0.40423 -1 -0.547437 -0.255099 0.676733 0.0670505 -0.852668 0.901352 0.173747 0.208563 0.279342 -0.99146 0.10253 -0.105934 -0.998464 0.210308 0.0873657 0.503144 -1 0.243051 0.515657 -1 -0.831849 -0.53866 0.393977 -0.937838 -0.576622 0.277226 -0.0376023 -0.175047 -1 0.891925 -0.153092 -0.293373 -0.182364 0.775407 0.235327 0.114105 -0.410878 0.191953 0.876418 -0.982858 0.0138596 -0.201055 0.348124 0.359376 0.0849656 0.466246 0.37441 -0.454446 0.655927 0.032827 -0.100162 -0.109441 -0.889944 -0.865606 0.697244 -1 0.419793 0.512846 0.765979 -0.266378 -0.434716 -0.616845 0.33544 -0.983454 -0.185389 0.128387 -0.844051 -0.593593 0.129043 0.773405 0.0269438 0.447366 -0.520554 0.299011 0.443828 0.735985 -0.385985 -1 -0.646286 -0.32686 0.201975 -0.701166 0.53397 -1 0.869547 0.108268 0.533157 -0.107627 -0.560639 0.123393 -0.249049 -1 -0.485844 -0.763561 -0.9456 0.5267 0.108198 -0.691148 -0.497554 -0.603848 -0.954324 -1 0.0597408 -0.830518 0.315613 0.267088 -0.238004 -1 -0.019899 0.319157 -0.153343 
0.0241863 -0.104673 -1 0.0671586 0.538198 -0.97937 0.103288 -1 0.715927 -0.988752 -0.86663 -0.957078 -0.289908 -0.275775 0.339428 -1 -0.881437 -0.983669 0.378282 0.58733 -0.527972 -0.0826256 -0.200032 0.403609 0.18226 0.599015 -0.640211 -1 -1 -0.817302 -1 -1 -0.699512 -0.426955 -0.851857 -1 0.369436 0.0797732 -1 -0.956675 -0.214447 -0.783957 -0.738999 0.579054 -1 -0.792013 0.538998 -0.89932 -0.182929 -0.385835 -1 -0.298748 -0.910331 -0.35767 -0.724085 -0.0905107 -0.94862 0.353043 -0.54952 -0.728927 -0.0674445 -0.237545 -0.909051 0.529304 0.305929 -0.994361 -0.961229 0.00868325 0.651263 -1 -0.672841 -1 -0.305066 -1 -1 -0.495099 -0.791136 -0.268663 0.0432087 -1 -0.45148 -1 -0.423418 0.161209 -0.994963 -0.278934 0.288837 0.0345751 -0.313506 -0.780835 -0.872052 0.356056 -0.933457 -1 -0.906001 -0.53148 -0.705276 -0.0265457 -0.161881 -0.649444 0.129006 -0.10767 -0.581917 -0.810129 -0.370675 -0.541614 -0.271623 -0.191521 -0.459172 0.145142 -1 -1 0.25904 0.0472829 -0.578182 0.142198 0.336517 -1 -0.503287 -1 -1 0.614351 -0.61786 0.385072 -1 -0.998972 -1 -0.235684 0.0589863 -0.257796 -0.59037 -0.0610365 -0.379254 -0.0168933 -0.798167 -1 -1 -0.735187 
-0.572574 -1 -0.77395 -0.14411 -0.864775 0.121241 -0.144862 0.401061 0.44145 0.291891 0.548054 -0.537106 -1 -0.73035 -1 -0.764005 -0.0577988 -1 0.516875 0.423208 -0.467285 -0.692782 0.0321838 -1 0.163281 -0.643892 -1 -0.978837 -0.255099 0.299071 0.317374 -0.833436 0.994325 -0.250549 0.179574 0.0217538 -0.849517 -0.340434 -0.491936 -1 0.245286 0.14151 0.406188 -1 -0.105488 0.311366 -1 -1 -0.492537 0.140353 -1 -0.720636 0.143104 0.000765927 -0.0273367 -1 0.68926 -0.149388 -0.466867 -0.10484 0.66159 0.166286 0.0485176 -0.648242 0.157911 0.766936 -0.98709 -0.0670813 -0.450786 0.174806 0.283235 0.0684989 0.428127 0.243448 -0.839549 0.76614 0.0480092 -0.294574 -0.511823 -0.90731 -0.927546 0.619314 -0.928341 0.645648 0.264289 0.769559 -0.610895 -0.488405 -0.480724 0.37245 -1 -0.677245 -0.0683204 -0.937714 -0.712937 -0.00201453 0.737105 0.0251844 0.471857 -0.471743 0.219757 0.650243 0.478487 -0.227963 -1 -0.511286 -0.362182 0.0565888 -0.664731 0.149118 -0.981257 0.869547 0.108268 0.529558 -0.0210894 -0.260114 -0.192199 -0.249049 -0.992256 -0.616833 -0.763561 -1 0.633039 0.108198 -0.534561 -0.368043 -0.755977 -0.739081 -1 -0.136067 -0.686443 0.408667 0.127037 -0.674642 -1 -0.00112106 -0.0287878 -0.346029 
-0.585706 -0.984297 -0.731338 -0.126269 -0.518658 0.0416166 -0.148362 0.214543 0.354793 0.125043 0.235638 -0.286609 -0.969596 -0.815333 -1 -0.837806 -0.0913089 -0.884621 0.590737 0.557632 -0.463336 -0.747869 0.249618 -1 -0.142152 -0.492782 -1 -0.754369 -0.388553 0.284787 0.18705 -0.965218 0.759406 0.04941 0.380955 0.279342 -0.907379 -0.200231 -0.372118 -1 0.044407 0.232323 0.468801 -0.960747 0.199354 0.282546 -1 -0.771071 -0.687287 0.259127 -1 -0.624536 0.322225 -0.0376023 -0.0325253 -0.903199 0.685238 -0.371306 -0.526468 -0.0701878 0.685468 0.0349202 -0.290713 -0.447837 0.348538 0.858216 -0.904778 0.00811279 -0.358117 0.291443 0.177996 0.0532113 0.306342 0.262958 -0.59509 0.579196 -0.066 -0.368261 -0.25262 -0.845052 -0.932256 0.558405 -1 0.647961 0.522086 0.758612 -0.405517 -0.481658 -0.540192 0.398623 -1 -0.224069 0.0205638 -1 -0.552473 0.314314 0.540309 0.0269438 0.562243 -0.45858 0.386729 0.575175 0.56942 -0.257085 -1 -0.659822 -0.226906 0.169882 -0.802912 0.379908 -1 0.982524 -0.216114 0.534953 -0.200101 -0.316103 0.0442101 -0.396305 -1 -0.501831 -0.799146 -0.924444 0.297964 -0.145962 -0.390812 -0.362219 -0.700414 -0.693854 -0.77237 -0.274313 -0.822548 0.297448 0.187164 -0.311951 -1 -0.260426 0.163415 -0.500991 
0.034804 -0.0867994 -0.981698 0.140659 0.694359 -0.792489 0.197734 -1 0.780111 -1 -0.765138 -1 0.117078 -0.122916 0.189682 -0.989142 -0.956844 -1 0.321436 0.659848 -0.319265 -0.159094 -0.17087 0.546931 0.493181 0.846958 -0.306152 -1 -1 -0.817302 -0.972357 -1 -0.346126 -0.379166 -1 -0.74069 0.531302 0.0550361 -1 -1 -0.0988113 -0.670782 -0.548952 0.636743 -0.992564 -0.597741 0.683831 -0.617297 -0.0802137 -0.374363 -0.557745 -0.338653 -1 -0.213808 -0.622263 0.0271166 -0.797789 0.435741 -0.542916 -0.572211 0.165464 -0.163643 -0.958756 0.470951 0.312552 -0.999641 -0.479773 0.261266 0.920524 -1 -0.632243 -1 -0.305688 -1 -0.482015 -0.238055 -0.543668 -0.312548 0.142717 -1 -0.294537 -1 -0.146405 0.0218584 -0.920234 -0.0130548 0.420349 0.251655 -0.00896973 -0.469237 -0.621042 0.352475 -0.953958 -1 -0.518492 -0.378215 -0.789424 -0.112401 -0.00517242 -0.547204 0.219205 -0.00160059 -0.466243 -0.698069 -0.0563168 -0.499349 -0.229766 -0.347166 -0.345516 0.118617 -0.892449 -1 0.125414 0.186389 -0.381182 0.0728526 0.323371 -1 -0.482368 -1 -0.834717 0.672621 -0.364782 0.331574 -1 -1 -1 -0.264291 0.557335 -0.140591 -0.424608 0.106615 -0.228936 0.161608 -0.67397 -0.95193 -1 -0.795171 
0.101297 -0.129598 -1 0.402194 0.0451384 -0.808349 0.161628 -1 0.559116 -1 -1 -0.858232 -0.179284 -0.289339 0.124022 -1 -0.933172 -1 0.187607 0.191279 -0.723749 -0.140692 -0.253165 0.167899 0.695446 0.365596 -0.757261 -1 -1 -1 -1 -1 -0.776593 -0.322028 -1 -0.985236 -0.011128 -0.0032965 -0.976764 -1 -0.0563436 -1 -0.939364 0.246673 -1 -0.602223 0.807218 -0.701717 -0.11499 -0.353208 -1 -0.368509 -1 -0.396564 -0.800779 0.0610703 -1 -0.0457041 -0.772596 -0.891951 0.0552375 0.0199906 -1 0.626355 0.087681 -1 -0.669051 0.199799 0.862951 -0.962274 -0.965112 -1 -0.373161 -1 -1 -0.271157 -0.824595 -0.86327 -0.0607068 -1 -0.486675 -1 -0.60135 -0.342537 -1 0.0436386 -0.17886 0.121508 -0.108677 -0.369455 -0.872754 0.239019 -1 -1 -0.651814 -0.420887 -1 -0.262217 -0.157052 -0.901695 0.010227 -0.136931 -1 -0.727965 -0.109786 -0.604766 -0.463999 -0.584361 -0.768614 -0.0440392 -1 -1 0.192131 0.161982 -0.509674 -0.105802 0.17663 -0.910567 -1 -0.939327 -0.918687 0.405517 -0.771868 0.359596 -1 -0.936111 -1 -0.252724 0.577969 -0.0655725 -0.128786 0.211266 -0.0950686 0.126431 -1 -0.948148 -1 -1 
0.00424717 -0.0183581 -1 0.256193 0.617975 -1 0.202445 -1 0.724734 -1 -0.833912 -1 0.125846 -0.225457 0.262341 -1 -0.952625 -1 0.308228 0.696258 -0.30415 -0.1116 -0.29285 0.357372 0.423828 0.711796 -0.306152 -1 -1 -0.810108 -1 -1 -0.502884 -0.373628 -1 -0.751006 0.527733 0.0550361 -1 -0.881998 -0.153664 -0.694954 -0.712167 0.466804 -0.924946 -0.564908 0.835 -0.562032 -0.289424 -0.585262 -0.633745 -0.407084 -1 -0.170506 -0.840979 -0.0602494 -0.856847 0.67297 -0.445811 -0.6692 0.0189691 0.0247461 -1 0.283551 0.429565 -0.975899 -0.557882 0.121478 0.83958 -1 -0.661174 -0.989753 -0.383044 -1 -0.481481 -0.211964 -0.814893 -0.428069 0.175555 -0.992821 -0.469502 -1 -0.0965848 -0.0844868 -0.94718 0.00344202 0.361275 0.22864 0.0329501 -0.708799 -0.608012 0.360863 -0.971475 -0.972358 -0.432456 -0.317357 -0.826519 -0.0265457 -0.00517242 -0.50368 0.27607 -0.329229 -0.469003 -0.644011 -0.0478472 -0.478135 -0.437581 -0.153157 -0.373622 0.0771729 -0.970755 -1 0.218478 0.340246 -0.342063 0.116872 0.315174 -0.994706 -0.471078 -0.980349 -1 0.422934 -0.580133 0.335561 -1 -1 -0.910894 -0.283062 0.384732 -0.315046 -0.356214 0.177377 -0.216717 0.112576 -0.930907 -0.925407 -1 -0.942185 
-0.487079 -1 -0.755112 -0.150352 -0.518658 0.0906591 -0.134495 0.424699 0.44145 0.17011 0.537767 -0.177418 -0.784748 -0.827169 -1 -0.725354 0.1011 -0.689485 0.621924 0.854239 -0.461816 -0.728439 0.249618 -0.958572 0.0370475 -0.385573 -1 -0.631847 -0.255099 0.676733 0.18705 -0.869725 0.901352 0.10698 0.380955 0.279342 -0.943003 -0.00232724 -0.181256 -0.998464 0.263272 0.224612 0.529114 -1 0.199354 0.511055 -1 -0.74496 -0.53866 0.391789 -1 -0.576622 0.300244 -0.01002 -0.0711449 -1 0.910135 -0.153092 -0.362307 -0.0358067 0.86167 0.199254 0.0485176 -0.521327 0.291322 0.861131 -1 -0.0275346 -0.201055 0.347234 0.532585 0.0849656 0.476787 0.211472 -0.454446 0.743922 0.032827 -0.188372 -0.133145 -0.889944 -0.865606 0.821742 -0.954452 0.707859 0.475205 0.662494 -0.33959 -0.398897 -0.406181 0.398623 -1 -0.227109 0.128451 -0.909698 -0.593593 0.223371 0.748515 0.0269438 0.582198 -0.447485 0.477449 0.656232 0.735985 -0.195913 -0.957657 -0.744044 -0.119754 0.214759 -0.778077 0.53397 -0.973817 0.805377 0.108268 0.533157 -0.107627 -0.270511 0.0658838 -0.249049 -1 -0.512521 -0.763561 -0.9456 0.610919 0.108198 -0.393012 -0.362219 -0.599748 -0.705147 -0.843399 -0.00584069 -0.559617 0.336438 0.267088 -0.210093 -1 -0.019899 0.273876 -0.153343 
-0.487079 -1 -0.775089 -0.142725 -0.785517 -0.0914029 -0.134495 0.479641 0.262079 0.260773 0.548054 -0.369461 -1 -0.73035 -1 -1 -0.0715949 -1 0.652295 0.490714 -0.538639 -0.627638 0.240452 -1 0.0015633 -0.521271 -1 -1 -0.177403 0.237447 0.158208 -0.928509 0.954648 -0.158746 0.157885 0.089855 -0.873337 -0.275612 -0.366062 -1 0.237968 0.119011 0.28798 -1 0.0212286 0.0798579 -1 -1 -0.39622 0.393977 -0.948376 -0.576622 0.277226 -0.042561 -0.25908 -0.961783 0.787566 -0.215525 -0.415787 -0.00231711 0.411202 0.298636 -0.219013 -0.463778 -0.114922 0.979208 -0.92027 0.00811279 -0.370991 0.0793768 0.283235 -0.203589 0.616915 0.301553 -0.651297 0.478038 -0.233538 -0.279343 -0.346124 -0.889944 -0.889651 0.420701 -0.928341 0.645648 0.378438 0.758612 -0.783315 -0.490466 -0.655543 0.37245 -1 -0.743857 -0.104543 -0.939275 -0.585274 -0.00201453 0.742626 0.00636778 0.314159 -0.447485 0.2881 0.647904 0.499588 -0.195913 -1 -0.522225 -0.572986 0.154301 -0.917025 0.224888 -1 0.646114 0.108268 0.351881 -0.0210894 -0.242625 -0.048402 -0.249049 -1 -0.65739 -0.763561 -1 0.633039 0.206113 -0.370019 -0.362219 -0.755977 -0.739081 -0.824961 -0.136067 -0.559617 0.376043 0.267088 -0.725295 -0.973957 -0.019899 0.0697211 -0.249085 
-0.487079 -1 -0.745304 -0.107924 -0.518658 0.121241 -0.143659 0.443513 0.44145 0.192936 0.544549 -0.177418 -0.784748 -0.904971 -1 -0.778938 0.1011 -0.739633 0.571627 0.826196 -0.461816 -0.702472 0.249618 -0.979726 -0.121891 -0.287011 -1 -0.624931 -0.279767 0.68769 0.164994 -0.807473 0.907043 0.0830292 0.380955 0.279342 -0.964119 0.0405737 -0.105934 -0.998464 0.263272 0.224612 0.531284 -1 0.199354 0.515657 -1 -0.74496 -0.53866 0.393977 -1 -0.576622 0.2545 -0.0905529 -0.136484 -1 0.867428 -0.194798 -0.293373 -0.0468799 0.786094 0.235327 0.0485176 -0.447837 0.331705 0.876418 -1 0.00811279 -0.201055 0.348124 0.532585 0.00243904 0.481111 0.283218 -0.489745 0.705723 -0.00275514 -0.100162 -0.141271 -0.913221 -0.941341 0.843432 -0.928341 0.635448 0.512846 0.758612 -0.33959 -0.394713 -0.337916 0.305762 -1 -0.233108 0.128387 -0.910256 -0.593593 0.259395 0.739923 -0.0656069 0.675059 -0.447485 0.53443 0.556578 0.735985 -0.200021 -0.957657 -0.659822 -0.127052 0.201975 -0.670226 0.53397 -1 0.869547 0.03655 0.533157 -0.107627 -0.253298 0.153534 -0.249049 -1 -0.60013 -0.847375 -0.9456 0.551326 0.108198 -0.406875 -0.42651 -0.59653 -0.642712 -0.789674 -0.097496 -0.559617 0.263359 0.267088 -0.238004 -1 -0.0600284 0.317369 -0.143371 
-0.563358 -0.453484 -0.959148 0.0337352 0.4405 -0.982939 -0.389433 -0.94464 0.848665 -0.920516 -0.782716 -0.918073 -0.279345 -0.695105 0.13311 -1 -0.761534 -1 0.207683 0.485591 -0.276108 -0.218202 -0.70681 0.481836 0.502682 0.567122 -0.849234 -0.920084 -1 -1 -0.988358 -1 -0.688507 -0.471496 -1 -1 0.543477 -0.0109322 -1 -1 -0.551836 -0.893022 -0.881672 0.44956 -0.996373 -0.769524 0.732088 -0.813262 -0.500136 -0.585387 -0.863451 -0.554366 -1 -0.497999 -0.648884 -0.0308526 -0.962095 0.325874 -0.797536 -0.601145 -0.0358656 -0.179521 -0.968692 0.186272 0.394052 -1 -0.477462 0.00480439 0.629649 -1 -0.861638 -0.993227 -0.629563 -1 -0.507662 -0.397947 -0.722303 -0.625588 0.234217 -0.979165 -0.349939 -1 -0.119986 0.216322 -1 -0.0568203 -0.221709 0.205896 -0.387803 -0.544477 -0.644849 0.30384 -1 -1 -0.638397 -0.46707 -0.831327 -0.0633838 -0.0227043 -0.927509 0.0231481 -0.339421 -0.496406 -0.721538 -0.0787833 -0.465461 -0.733552 -0.0446725 -0.345516 0.13595 -1 -0.967035 0.043563 0.0654023 -0.448038 0.0112246 0.11949 -1 -0.646046 -1 -1 0.528511 -0.732803 0.374785 -0.859826 -0.907699 -1 -0.283286 0.454529 -0.172605 -0.684599 -0.0445174 -0.307331 0.211044 -0.524139 -0.97115 -0.972763 -0.896722 
-0.556687 -0.902962 -0.69432 -0.352803 -0.575833 -0.176967 -0.148553 0.219732 0.155548 0.283732 0.537767 -0.3834 -0.784748 -1 -1 -0.92799 -0.0059489 -0.656577 0.253202 0.728417 -0.517449 -0.812539 0.0343746 -1 -0.526777 -0.565201 -1 -0.622394 -0.26741 0.790015 0.18705 -0.877915 0.738195 -0.035675 0.380955 0.06347 -0.994542 -0.170951 -0.0667224 -1 0.163838 0.323727 0.423422 -0.940887 0.128655 0.38744 -1 -0.74496 -1 0.319416 -1 -1 -0.270242 -0.290965 -0.228494 -1 0.563875 -0.340596 -0.343402 -0.0123585 0.476554 0.0961479 0.00941473 -0.448524 0.387117 0.816701 -0.976985 -0.029345 -0.298797 0.348124 0.26777 0.0691206 0.379479 0.0417747 -0.894194 0.76614 -0.210475 -0.1122 -0.56257 -0.889944 -1 0.78852 -0.957111 0.622525 0.418933 0.6627 -0.496608 -0.497471 -0.385766 0.393952 -1 -0.151188 -0.0364153 -1 -0.598211 0.20894 0.842097 -0.125823 0.487168 -0.487613 0.527216 0.671399 0.665273 -0.245001 -0.971327 -0.779878 -0.369267 0.195854 -0.729105 0.456225 -1 0.476529 -0.215376 0.433799 -0.424199 -0.496985 -0.194573 -0.291583 -1 -0.679178 -1 -0.99847 0.683564 -0.113363 -0.527583 -0.273384 -0.641389 -0.637701 -1 -0.191361 -0.601694 0.405017 0.267088 -0.22087 -1 -0.019899 0.264672 -0.405915 
-0.487079 -1 -0.763997 -0.0672945 -0.518658 0.121241 -0.110782 0.430098 0.44145 0.215615 0.537767 -0.177418 -0.784748 -0.815333 -1 -0.726907 0.1011 -0.785768 0.652295 0.826196 -0.523364 -0.71041 0.249618 -0.958572 0.0370475 -0.303037 -1 -0.683004 -0.255099 0.676733 0.18705 -0.807473 0.901352 0.10698 0.342469 0.279342 -0.938716 0.10253 -0.105934 -0.998464 0.263272 0.224612 0.531284 -1 0.199354 0.515657 -1 -0.74496 -0.549782 0.344797 -1 -0.63733 0.277226 -0.0376023 -0.0711449 -1 0.891925 -0.153092 -0.293373 -0.0358067 0.86167 0.235327 0.0485176 -0.447837 0.387117 0.809916 -1 -0.00396866 -0.201055 0.36299 0.532585 0.0849656 0.556426 0.275156 -0.454446 0.76614 0.032827 -0.100162 -0.144597 -0.889944 -0.85043 0.821742 -0.928341 0.707859 0.49889 0.758612 -0.34979 -0.398897 -0.347208 0.376183 -1 -0.227109 0.128387 -0.844051 -0.665061 0.176381 0.773405 0.0269438 0.609842 -0.447485 0.53443 0.647904 0.735985 -0.195913 -0.957657 -0.715327 -0.0988556 0.179421 -0.670226 0.53397 -0.973817 0.869547 0.108268 0.533157 -0.107627 -0.270511 0.123393 -0.301559 -1 -0.512521 -0.763561 -0.9456 0.637967 0.108198 -0.393012 -0.363099 -0.605405 -0.650169 -0.789674 -0.00584069 -0.559617 0.315613 0.267088 -0.238004 -1 -0.019899 0.323454 -0.153343 
-0.487079 -1 -0.755112 -0.0533501 -0.518658 0.105405 -0.134495 0.437511 0.44145 0.243371 0.497307 -0.177418 -0.784748 -0.815333 -1 -0.758707 0.1011 -0.704111 0.652295 0.785896 -0.461816 -0.72074 0.207785 -0.976031 0.0173718 -0.303037 -1 -0.631847 -0.255099 0.699445 0.18705 -0.807473 0.901352 0.037878 0.380955 0.279342 -0.886274 0.10253 -0.105934 -0.998464 0.263272 0.224612 0.531284 -1 0.184963 0.515657 -1 -0.74496 -0.61973 0.393977 -1 -0.612484 0.277226 -0.0317048 -0.0711449 -1 0.891925 -0.153092 -0.293373 -0.0358067 0.86167 0.235327 0.0485176 -0.447837 0.387117 0.876418 -1 0.0325322 -0.221485 0.348124 0.532585 0.0849656 0.556426 0.301553 -0.454446 0.788015 0.032827 -0.100162 -0.141271 -0.889944 -0.865606 0.821742 -0.928341 0.707859 0.512846 0.758612 -0.33959 -0.398897 -0.337916 0.318434 -1 -0.227109 0.128387 -0.844051 -0.593593 0.259395 0.773405 0.0269438 0.675059 -0.447485 0.53443 0.647904 0.735985 -0.240173 -0.957657 -0.659822 -0.105845 0.201975 -0.709021 0.53397 -0.973817 0.822516 0.108268 0.455995 -0.107949 -0.270511 0.13913 -0.295526 -1 -0.512521 -0.763561 -0.9456 0.637967 0.108198 -0.393012 -0.362219 -0.603848 -0.65998 -0.789674 -0.00584069 -0.559617 0.315613 0.267088 -0.238004 -1 -0.0980156 0.323454 -0.153343 
-0.271147 -0.22146 -1 0.468772 0.500183 -1 -0.109595 -1 0.186114 -1 -0.935879 -1 -0.148711 -0.373316 0.190972 -1 -0.979627 -0.956351 0.0716866 0.536784 -0.503484 -0.454646 -0.392381 0.10956 0.315991 0.648352 -0.347695 -1 -0.97536 -1 -0.999151 -1 -0.456898 -0.542412 -0.893495 -1 0.64845 -0.130158 -0.911865 -1 -0.702138 -1 -0.508393 0.260968 -1 -0.913467 0.420643 -0.513032 -0.318638 -0.456336 -0.975769 -0.667848 -1 -0.463736 -0.825307 -0.0825187 -0.80542 0.587651 -0.923413 -0.686541 -0.144256 -0.198886 -0.988952 0.335449 0.0809009 -1 -0.593663 0.0734605 0.641001 -1 -0.843842 -1 -0.930186 -1 -0.4549 -0.286755 -0.66278 -0.289577 -0.287178 -1 -0.234273 -1 -0.0917917 0.240804 -1 -0.0781202 -0.108518 0.10715 -0.497767 -0.657575 -0.656672 0.176221 -0.910988 -1 -0.464585 -0.493777 -1 -0.73269 -0.108632 -0.646173 0.239253 -0.353197 -0.486744 -0.861472 -0.076692 -0.677445 -0.223539 -0.620103 -0.451799 -0.0704511 -0.998145 -1 0.21014 0.0826296 -0.666008 -0.0504007 0.303478 -1 -0.813417 -1 -0.744015 0.47806 -0.529027 0.386553 -1 -1 -0.935499 -0.420582 -0.0399723 -0.267128 -0.430245 0.134112 -0.712312 -0.187335 -0.925115 -1 -1 -0.8642 
-0.54899 -1 -0.755112 -0.150352 -0.584985 0.0906591 -0.134495 0.424699 0.44145 0.169228 0.537767 -0.177418 -0.784748 -0.802704 -1 -0.774195 0.1011 -0.691235 0.665189 0.826196 -0.510694 -0.728439 0.249618 -0.958572 -0.0285331 -0.349426 -1 -0.631847 -0.336265 0.676733 0.18705 -0.848691 0.89825 0.0385091 0.380955 0.279342 -0.907379 0.0372057 -0.130316 -0.998464 0.263272 0.224612 0.531284 -1 0.154514 0.515657 -1 -0.738109 -0.53866 0.391789 -1 -0.576622 0.28282 -0.0376023 -0.15601 -1 0.85752 -0.153092 -0.362307 -0.00894688 0.86167 0.199254 0.0485176 -0.521327 0.266117 0.876418 -1 -0.0510172 -0.201055 0.273635 0.532585 0.0657259 0.476787 0.275218 -0.454446 0.759113 -0.0537664 -0.172229 -0.133145 -0.889944 -0.865606 0.821742 -0.954452 0.707859 0.402934 0.667599 -0.343354 -0.399926 -0.337916 0.398623 -1 -0.227109 0.128387 -0.844051 -0.593593 0.162944 0.748515 -0.0100367 0.663655 -0.447485 0.514485 0.647904 0.722228 -0.195913 -0.957657 -0.636055 -0.119754 0.214759 -0.693073 0.53397 -0.973817 0.869547 0.0482179 0.491359 -0.107627 -0.270511 0.108737 -0.249049 -1 -0.512521 -0.763561 -0.9456 0.610919 0.108198 -0.393012 -0.362219 -0.603848 -0.63976 -0.843399 -0.0825187 -0.559617 0.336438 0.267088 -0.255872 -1 -0.0626846 0.300264 -0.153343 
-0.71471 -1 -0.735703 -0.182643 -0.604647 0.116338 -0.466138 0.322296 0.36163 0.145203 0.369464 -0.177418 -0.702116 -0.815333 -0.995298 -0.725354 -0.0338775 -0.73768 0.40813 0.825103 -0.568604 -0.728439 -0.0155196 -0.956478 -0.104898 -0.303037 -1 -0.674522 -0.341986 0.695489 0.0873116 -0.807473 0.79465 -0.222212 0.403293 0.0590223 -0.97344 0.185174 -0.430235 -0.982211 0.295329 -0.169574 0.43968 -1 0.202581 0.415011 -0.972822 -0.82719 -0.592957 0.246163 -1 -0.885569 0.112192 -0.0477419 -0.116235 -1 0.806274 -0.138589 -0.408993 -0.0319114 0.732161 0.244308 -0.0206571 -0.521216 0.361961 0.666801 -0.972 -0.0547061 -0.186049 0.320295 0.297577 -0.104638 0.493503 0.216721 -0.802606 0.61906 -0.0454114 -0.0988199 -0.27244 -0.968318 -0.968133 0.460626 -0.899308 0.586146 0.396754 0.681677 -0.33959 -0.398897 -0.445042 0.44813 -1 -0.300226 -0.00592403 -1 -0.568527 0.0188435 0.489781 0.00373668 0.363499 -0.448763 0.478308 0.230275 0.645735 -0.288568 -1 -0.784291 -0.157745 -0.16037 -0.7125 0.537094 -0.988074 0.996884 0.122035 0.553818 -0.287601 -0.257382 0.0263047 -0.393859 -1 -0.55662 -0.763561 -0.9456 0.699324 0.12479 -0.392672 -0.433727 -0.601886 -0.761317 -1 0.0654253 -0.78059 0.244611 0.21449 -0.332848 -1 -0.213378 0.133433 -0.268484 
-0.496973 -1 -0.658616 -0.173174 -0.693486 0.0524929 -0.229012 0.424699 0.236033 -0.00912379 0.261712 -0.177418 -0.800217 -0.825816 -1 -0.919667 0.0392481 -0.747481 0.652295 0.857253 -0.461816 -1 0.277193 -0.991067 0.0370475 -0.303037 -1 -0.57607 -0.255099 0.668893 0.18705 -0.83766 0.607829 -0.087397 0.223563 0.279342 -1 0.10253 -0.473217 -1 0.263272 0.224612 0.316386 -0.884808 -0.0766507 0.218463 -1 -1 -0.752678 0.184659 -1 -0.859336 0.31102 -0.207131 -0.334887 -1 0.751201 -0.353399 -0.459925 -0.172231 0.694666 -0.208098 0.0216654 -0.447837 0.411622 0.653553 -1 0.00811279 -0.425897 0.288173 0.532585 0.0823921 0.0229917 0.0111751 -0.866069 0.485625 -0.187347 -0.233359 -0.141271 -1 -1 0.821742 -0.928341 0.337133 0.366297 0.724097 -0.506789 -0.407425 -0.564987 0.393339 -1 -0.301144 0.0880372 -1 -0.791547 -0.0541991 0.502664 -0.132968 0.675059 -0.60282 0.117131 0.639897 0.472349 -0.207985 -1 -0.946201 -0.100015 0.0411743 -0.670226 0.31825 -0.973817 0.829065 0.113571 0.334471 -0.107627 -0.270511 -0.109346 -0.249049 -1 -0.575319 -0.763561 -0.885213 0.675727 -0.302544 -0.690842 -0.362219 -0.902764 -0.58638 -0.789674 -0.142713 -0.559617 0.315613 0.391276 -0.238004 -1 -0.150984 0.291963 -0.391042 
-0.537805 -1 -1 -0.131513 -0.646108 0.122439 -0.375507 0.377627 0.247315 0.17009 0.477664 -0.196038 -0.909025 -0.867895 -0.986967 -0.858349 -0.112968 -0.704111 0.709634 0.808021 -0.466471 -0.728439 0.179361 -0.932987 0.0370475 -0.361598 -1 -0.64592 -0.255099 0.598162 0.18705 -0.923451 0.886783 0.10698 0.344974 0.221022 -0.904077 0.10253 -0.20926 -1 0.261287 0.0564649 0.446957 -1 0.199354 0.511694 -0.969711 -0.808015 -0.625808 0.283474 -0.976183 -0.546682 0.216278 -0.101028 -0.143203 -1 0.912123 -0.242768 -0.548799 -0.0870058 0.672399 0.221718 -0.0895792 -0.441418 0.00979244 0.787706 -1 0.0275422 -0.260843 0.348124 0.517438 -0.040106 0.556426 0.25874 -0.449558 0.76614 -0.179589 -0.250157 -0.217081 -0.912044 -0.865606 0.826016 -0.976508 0.707859 0.474649 0.575054 -0.33959 -0.476021 -0.332256 0.398623 -1 -0.255423 0.0290013 -0.826258 -0.586683 0.251382 0.719758 0.0462995 0.622638 -0.652073 0.56036 0.601565 0.73736 -0.199365 -1 -0.776855 -0.186888 0.136099 -0.666055 0.53397 -0.98458 0.755475 0.019486 0.561329 -0.0830412 -0.274167 0.0407233 -0.22293 -1 -0.593442 -0.83538 -1 0.47474 -0.0116504 -0.380367 -0.376467 -0.62805 -0.652728 -0.789674 -0.00071691 -0.587779 0.249728 0.199779 -0.327897 -1 -0.019899 0.269613 -0.204956 
-0.293087 -0.084053 -1 -0.0178702 0.746559 -0.684361 0.128647 -1 0.690358 -1 -0.99476 -1 -0.0477594 -0.334749 -0.189964 -1 -0.923646 -1 -0.310539 0.771755 -0.601827 -0.0342146 -0.101397 0.466259 0.637476 0.87946 -0.306152 -1 -1 -1 -0.983315 -1 -0.912192 -0.525434 -1 -0.862511 0.502009 -0.106223 -1 -1 -0.337239 -0.948858 -0.769855 0.29735 -1 -0.674055 0.384432 -0.655496 -0.178863 -0.625637 -0.557745 -0.566278 -0.925902 -0.428311 -1 0.0827612 -0.801994 0.607149 -0.607299 -0.655266 -0.0982288 -0.273722 -1 -0.248231 0.133592 -1 -0.45635 -0.116016 0.783589 -0.999841 -0.672364 -0.984158 -0.404507 -0.99586 -0.926453 -0.295716 -0.962085 -0.554982 0.156192 -0.974046 -0.634084 -0.951802 -0.030667 -0.108218 -1 -0.544515 0.343133 0.127246 0.0159949 -0.546565 -0.826124 0.168183 -1 -0.886325 -0.463194 -0.550294 -1 -0.0265457 -0.296274 -0.83033 0.295208 -0.0200219 -0.618314 -1 -0.563997 -0.690063 -0.416856 -0.570137 -0.408378 0.129537 -0.892449 -1 0.14944 0.268354 -0.418188 -0.019943 0.375263 -1 -0.59039 -0.928091 -0.98094 0.716669 -0.535696 0.356947 -1 -1 -1 -0.306323 0.339418 -0.255397 -0.206987 0.310458 -0.229144 0.131942 -0.895384 -1 -1 -1 
-0.580191 -1 -0.755112 -0.0497133 -0.562976 0.126153 -0.134495 0.377848 0.365057 0.260773 0.526439 -0.267761 -0.915085 -0.918773 -1 -0.763179 -0.0491609 -0.704111 0.563083 0.826196 -0.46465 -0.753508 0.13427 -0.958572 -0.0697464 -0.395296 -0.992739 -0.650079 -0.313606 0.657512 0.232261 -0.964291 0.864965 0.0266124 0.325649 0.279342 -0.892282 0.10253 -0.0940019 -1 0.192904 0.0589155 0.379437 -1 0.182637 0.515657 -1 -0.803743 -0.583135 0.400286 -1 -0.669892 0.0688416 -0.117122 -0.0990831 -1 0.893741 -0.170324 -0.293373 -0.039554 0.869624 0.227264 0.0485176 -0.514261 0.322577 0.716559 -1 0.00811279 -0.237947 0.348124 0.420684 -0.0316557 0.469322 0.301553 -0.507044 0.755869 -0.0505191 -0.222464 -0.212962 -0.855276 -0.865606 0.786614 -1 0.717864 0.42674 0.595782 -0.41267 -0.40186 -0.337916 0.351266 -1 -0.297926 0.0335914 -0.911967 -0.640062 0.26713 0.692286 0.0540152 0.681613 -0.429392 0.485489 0.6045 0.722138 -0.197263 -1 -0.707366 -0.0966259 0.201975 -0.670226 0.309614 -1 0.845654 0.108268 0.533157 -0.173401 -0.321154 0.139959 -0.32722 -1 -0.566867 -0.883582 -0.9456 0.667323 0.124153 -0.413288 -0.499674 -0.603848 -0.702423 -0.826143 -0.0611544 -0.559617 0.27151 0.244839 -0.238004 -1 -0.0470399 0.293747 -0.153343 
0.0223214 -0.111521 -1 -0.130097 0.596789 -0.860779 0.187881 -1 0.695401 -1 -0.855291 -1 -0.10132 -0.119671 -0.0156397 -0.975952 -0.890792 -1 0.281294 0.547094 -0.393138 -0.197602 -0.17087 0.213571 0.606423 0.753569 -0.558186 -1 -1 -0.902133 -0.978913 -1 -0.333043 -0.48794 -0.971436 -0.775913 0.41197 -0.156443 -1 -1 -0.411096 -0.868935 -0.725597 0.521914 -0.812862 -0.546929 0.658594 -0.588866 -0.163473 -0.298034 -0.531561 -0.36263 -1 -0.457442 -0.675824 -0.0563406 -0.831327 0.566477 -0.411607 -0.967015 0.0190095 -0.00603678 -1 0.470951 0.185323 -1 -0.544605 0.159021 0.759482 -0.896577 -0.707774 -1 -0.299807 -1 -0.75108 -0.427404 -0.543668 -0.31756 0.0324841 -1 -0.297896 -1 -0.179921 -0.308624 -1 -0.332556 0.34384 0.360743 0.0585067 -0.404914 -0.621042 0.352475 -1 -0.979415 -0.557623 -0.373287 -0.822739 -0.134871 -0.0810708 -0.471474 0.135614 0.02881 -0.57633 -0.787487 0.0288364 -0.723474 -0.589196 -0.239176 -0.345516 0.130293 -1 -0.993311 0.202014 0.224229 -0.410363 0.0728291 0.345561 -0.983064 -0.645916 -1 -0.789371 0.679003 -0.452348 0.369066 -1 -1 -0.982509 -0.277125 0.369196 -0.21502 -0.421272 0.193641 -0.369687 0.212227 -0.69089 -1 -1 -0.989018 
0.0292746 -0.0435343 -1 0.207977 0.723069 -0.87334 0.108439 -1 0.780111 -1 -0.868759 -1 0.21826 -0.158477 0.23459 -1 -1 -1 0.349399 0.641422 -0.443815 -0.278391 -0.209266 0.574727 0.514815 0.776168 -0.306152 -1 -1 -0.905665 -1 -0.972535 -0.417164 -0.435093 -1 -0.739214 0.446588 -0.0285179 -0.98209 -1 -0.159289 -0.670782 -0.622494 0.471532 -0.883378 -0.585859 0.767726 -0.572135 -0.0515991 -0.266216 -0.594768 -0.397134 -1 -0.14355 -0.680259 0.0271166 -0.760077 0.532884 -0.386403 -0.523538 0.0665992 -0.00733559 -0.995494 0.303652 0.385572 -0.999641 -0.49913 0.216763 0.920524 -1 -0.784774 -1 -0.41723 -1 -0.405372 -0.272438 -0.537548 -0.321329 0.0723896 -0.946372 -0.288083 -1 -0.223983 0.0347391 -1 -0.103765 0.379667 0.360743 -0.0751505 -0.570328 -0.675978 0.344146 -0.979354 -0.959681 -0.537996 -0.344864 -0.871365 -0.0265457 -0.0450788 -0.505807 0.105906 -0.00160059 -0.49653 -0.724641 -0.101669 -0.465461 -0.233119 -0.258987 -0.419449 0.131209 -0.867248 -0.996861 0.204097 0.0953111 -0.397557 0.0923029 0.335019 -0.969855 -0.558675 -1 -0.977129 0.582095 -0.408765 0.366843 -1 -0.996797 -1 -0.273052 0.557335 -0.300737 -0.446451 0.193641 -0.162911 0.125579 -0.684005 -0.886709 -1 -0.750581 
-0.292033 -0.19881 -1 0.371633 0.499477 -1 -0.128954 -1 0.140266 -0.994393 -0.934751 -0.99206 -0.189289 -0.404717 0.221185 -0.970521 -1 -1 0.100626 0.50459 -0.596784 -0.471767 -0.39978 0.0986064 0.231978 0.648352 -0.347695 -1 -0.97536 -1 -0.990129 -0.981289 -0.560315 -0.528427 -0.932552 -1 0.64845 -0.299296 -1 -1 -0.664208 -1 -0.508393 0.227388 -1 -1 0.435472 -0.576425 -0.318638 -0.468598 -1 -0.682818 -0.973411 -0.433566 -0.941779 -0.0803056 -0.79936 0.614239 -0.949238 -0.717042 -0.176386 -0.197695 -0.988952 0.307623 0.0876688 -1 -0.654387 0.0817567 0.567524 -1 -1 -1 -0.954948 -0.977593 -0.501074 -0.303805 -0.685276 -0.392127 -0.27922 -1 -0.281925 -1 -0.114831 0.151791 -0.97496 -0.0818126 -0.209139 0.0968735 -0.4629 -0.778714 -0.807678 0.229838 -0.910988 -1 -0.454608 -0.597884 -0.965226 -0.788489 -0.099685 -0.749099 0.180826 -0.514178 -0.552638 -0.851125 -0.23694 -0.66737 -0.273284 -0.719771 -0.490305 -0.140359 -0.989059 -1 0.226213 0.0438836 -0.761042 -0.0761701 0.206448 -1 -0.810769 -1 -0.744015 0.500649 -0.464213 0.32656 -0.996305 -1 -0.933303 -0.382203 -0.0551931 -0.267128 -0.55437 0.081267 -0.87394 -0.187335 -1 -1 -1 -0.895875 
-0.315389 -0.194784 -1 -0.0995159 0.198883 -1 0.0344195 -1 0.576766 -1 -1 -0.915182 -0.165008 -0.109592 -0.0156389 -0.956183 -1 -0.943425 -0.0931452 0.642024 -0.425641 -0.56882 -0.676601 0.409251 0.125854 0.697571 -0.666062 -0.990804 -1 -0.90779 -1 -1 -0.418763 -0.336828 -1 -0.792985 0.465217 -0.277433 -1 -0.931216 -0.344289 -0.952383 -0.827085 0.321281 -1 -0.837061 0.833984 -0.919635 -0.650697 -0.682709 -0.726077 -0.416381 -1 -0.470455 -0.992404 -0.496743 -1 0.634688 -0.718576 -0.90605 0.13081 -0.142392 -1 -0.264612 0.0447006 -1 -0.575366 0.209662 0.822061 -1 -0.714395 -1 -0.430535 -0.869693 -0.69317 -0.323274 -0.574447 -0.430926 0.125908 -1 -0.228775 -1 -0.473736 0.0633638 -1 0.00611302 0.0841012 0.235868 0.0335915 -0.634352 -0.735039 0.171692 -0.976481 -1 -0.486608 -0.815081 -1 -0.26251 -0.501487 -0.94789 0.0108644 0.00911121 -0.467988 -0.824799 -0.193266 -0.906524 -0.463992 -0.120168 -0.403872 -0.0230729 -1 -1 -0.169313 -0.375384 -0.367823 -0.0151781 0.359892 -1 -0.550415 -1 -1 0.684444 -0.567461 0.286253 -1 -1 -1 -0.219101 -0.0843593 -0.639739 -0.506518 0.121136 -0.416097 0.118029 -0.542416 -1 -1 -1 
-0.487079 -1 -0.775089 -0.14411 -0.812966 0.121241 -0.109352 0.401061 0.44145 0.291891 0.548054 -0.561767 -1 -0.73035 -1 -0.775932 -0.0484397 -1 0.516875 0.423208 -0.467285 -0.649563 0.0321838 -1 0.163281 -0.643892 -1 -1 -0.265466 0.299071 0.317374 -0.747922 0.996729 -0.250549 0.220731 0.089855 -0.849517 -0.332183 -0.468597 -1 0.237968 0.119011 0.406188 -1 -0.105488 0.372507 -1 -1 -0.492537 0.270263 -1 -0.666891 0.199589 0.000765927 -0.0396004 -0.961783 0.62128 -0.153092 -0.455775 -0.10484 0.658407 0.166286 0.0485176 -0.59547 0.121377 0.835869 -1 -0.106295 -0.413531 0.145655 0.283235 0.0849656 0.429604 0.332481 -0.839549 0.76614 0.032827 -0.294574 -0.577598 -0.889944 -0.927546 0.619314 -0.928341 0.645648 0.181926 0.769559 -0.610895 -0.488405 -0.480724 0.321537 -1 -0.677245 -0.154396 -0.937714 -0.712937 -0.00201453 0.742626 0.0251844 0.471857 -0.471743 0.276928 0.650243 0.478487 -0.260554 -1 -0.526812 -0.365378 0.0565888 -0.655096 0.16807 -0.972156 0.869547 0.108268 0.529558 -0.0210894 -0.270511 -0.153879 -0.249049 -0.943951 -0.616833 -0.821998 -1 0.633039 0.0475411 -0.520456 -0.362219 -0.755977 -0.739081 -0.908005 -0.136067 -0.658812 0.408667 0.125793 -0.629238 -0.995146 -0.00112106 0.0169887 -0.314092 
-0.119397 -0.449366 -0.986167 0.101288 0.721144 -0.815114 -0.0370582 -0.995118 0.298219 -0.984984 -1 -1 0.233742 -0.303294 0.326261 -1 -0.990402 -1 0.167492 0.832962 -0.657093 -0.14459 -0.202228 0.422242 0.537917 0.783202 -0.582332 -1 -1 -1 -0.978913 -0.963267 -0.413461 -0.491088 -0.971763 -1 0.305279 -0.276316 -1 -1 -0.872608 -1 -0.692057 0.589228 -1 -0.59283 0.78116 -0.729982 -0.550387 -0.441586 -0.69378 -0.892512 -0.933537 -0.555695 -0.496658 -0.259079 -1 0.547785 -0.474779 -0.675797 -0.374407 -0.62788 -0.988447 0.505849 0.0811832 -1 -0.918065 0.111146 0.814022 -1 -0.800481 -1 -0.293902 -1 -0.386899 -0.296245 -0.825803 -0.312548 -0.167054 -1 -0.360365 -0.970769 -0.346234 -0.0986671 -1 -0.146638 0.301864 -0.102662 -0.462002 -0.758186 -0.725587 0.299359 -0.967162 -0.930696 -0.564483 -0.46282 -1 0.01531 -0.0114477 -0.745076 0.141217 -0.430718 -0.621805 -0.633364 -0.117635 -0.927365 -0.169288 -0.40142 -0.552341 -0.223094 -0.953819 -1 -0.22871 0.168495 -0.524333 0.0945766 0.320939 -0.916168 -0.711902 -0.931041 -0.933073 0.479289 -0.567541 0.266281 -0.95344 -0.973844 -0.956284 -0.263026 0.401979 -0.242502 -0.532533 -0.0788926 -0.451221 0.182283 -0.718438 -0.925453 -1 -0.796713 
-0.264856 -0.121698 -0.899786 0.0345538 0.804087 -0.9174 -0.107663 -1 0.565813 -1 -0.876573 -1 0.181182 -0.353589 0.014867 -0.9168 -0.9393 -1 -0.200405 0.626251 -0.208047 -0.370893 -0.149828 0.598748 0.511173 0.727665 -0.41227 -0.943149 -1 -0.898592 -1 -1 -0.801433 -0.560554 -0.969103 -1 0.577226 -0.0353745 -1 -1 -0.159148 -0.866146 -0.533818 0.263544 -0.910983 -0.532793 0.734934 -0.655496 -0.073365 -0.299197 -0.557745 -0.622548 -0.978612 -0.326972 -0.839158 0.0502974 -0.812094 0.613044 -0.582323 -0.703771 0.13947 -0.235972 -1 -0.0880758 0.195018 -1 -0.405901 0.117086 0.835062 -1 -0.595786 -1 -0.464095 -1 -0.590219 -0.503029 -0.556397 -0.354985 -0.0999014 -0.982767 -0.329426 -1 -0.152017 0.12808 -1 -0.530473 0.336444 0.360743 -0.0129046 -0.535238 -0.991054 0.230935 -1 -0.962428 -0.437981 -0.533288 -1 -0.0658808 -0.0420648 -0.668411 0.331167 -0.0416131 -0.618314 -0.890549 -0.358562 -0.611787 -0.609928 -0.167774 -0.392217 0.14823 -0.97381 -0.969004 0.131221 -0.175646 -0.381182 0.161594 0.272631 -1 -0.490113 -1 -0.849477 0.604032 -0.926554 0.264489 -1 -1 -1 -0.521239 0.571181 -0.127202 -0.335821 -0.0788471 -0.275911 -0.137915 -0.691463 -0.958876 -1 -0.80061 
-0.556687 -0.940862 -1 -0.132018 -0.575833 0.0938447 -0.0890949 -0.0687795 0.199572 0.255074 0.339166 -0.240123 -0.828026 -0.914707 -1 -0.781897 -0.0202599 -0.682308 0.242631 0.686427 -0.690139 -0.794554 0.259459 -0.902661 -0.371846 -0.408103 -0.958193 -0.608278 -0.273387 0.760894 -0.0991092 -0.927697 0.640294 -0.123068 0.380955 0.0197082 -1 -0.300611 0.0214494 -1 -0.0766288 0.212885 0.534142 -0.973268 -0.140241 0.543617 -1 -0.965613 -0.978722 0.360169 -1 -1 -0.0355849 -0.0279215 -0.147968 -1 0.473212 -0.406992 -0.413293 -0.246225 0.611265 0.0528695 0.0511532 -0.335357 0.387117 0.414998 -0.982071 -0.384037 -0.466582 0.348124 0.048799 0.14662 0.385212 0.126842 -0.636825 0.655761 -0.311085 -0.182035 -0.549287 -1 -0.938006 0.757418 -0.981425 0.405494 0.487607 0.57825 -0.268415 -0.454787 -0.314673 0.112865 -0.98324 -0.119844 0.0333146 -0.951626 -0.511911 0.270803 0.674848 0.00734838 0.574314 -0.721495 0.286141 0.608457 0.470425 -0.245001 -1 -0.717825 -0.283281 -0.0451306 -0.729762 0.487664 -0.997189 0.535438 0.0255349 0.336254 -0.107627 -0.205372 -0.0727281 -0.215864 -1 -0.678768 -0.762834 -0.99847 0.59147 0.203892 -0.412542 -0.370849 -0.791234 -0.623899 -1 -0.110355 -0.625957 0.41487 0.0135316 -0.51637 -1 -0.171913 0.11742 -0.915775 
0.0172406 -0.0530677 -1 0.207439 0.654563 -0.827842 0.220914 -1 0.723736 -1 -0.834869 -1 0.21826 -0.335561 0.23459 -1 -0.970412 -1 0.299543 0.607004 -0.353205 -0.18849 -0.17087 0.481974 0.50762 0.729243 -0.391294 -1 -1 -0.913631 -0.980025 -1 -0.58189 -0.456516 -1 -0.751272 0.473288 -0.334003 -1 -1 -0.324142 -0.734146 -0.811089 0.477853 -0.876228 -0.683567 0.818773 -0.982224 -0.263611 -0.382262 -0.557745 -0.363282 -1 -0.205996 -0.768095 -0.225178 -0.800681 0.605678 -0.415623 -0.642798 0.109024 -0.181726 -1 0.376642 0.197763 -1 -0.479773 0.177885 0.756854 -1 -0.935293 -1 -0.450346 -1 -0.455142 -0.294482 -0.56223 -0.565055 0.0375229 -0.907277 -0.502126 -1 -0.419442 0.0425481 -0.96172 -0.00266822 0.378734 0.295477 -0.183467 -0.686897 -0.763474 0.231573 -1 -1 -0.537996 -0.398544 -0.820134 -0.0666054 -0.352902 -0.490151 -0.0278045 -0.0897206 -0.546355 -0.786966 -0.15758 -0.43912 -0.332384 -0.450852 -0.514643 0.131209 -0.93956 -1 0.0169375 -0.194003 -0.602931 -0.142902 0.185252 -0.948633 -0.643632 -1 -0.860204 0.482487 -0.408765 0.380386 -0.93043 -1 -1 -0.196979 0.557212 -0.302781 -0.867103 0.193641 -0.482994 0.0422349 -0.681638 -0.897887 -1 -0.720104 
-0.791484 -1 -0.818829 -0.113806 -0.801008 -0.0521348 -0.586801 0.303057 0.317501 -0.0439658 0.377866 -0.187071 -0.859307 -1 -1 -0.82791 -0.169798 -0.711057 0.556114 0.824143 -0.461816 -0.785349 0.124004 -0.936955 -0.00330571 -0.631993 -1 -0.66119 -0.414777 0.432525 -0.133339 -0.863665 0.627433 -0.0287228 -0.0423091 0.138489 -0.998359 0.0166587 -0.58582 -1 -0.165426 0.205555 0.492813 -1 0.132845 0.443502 -1 -0.779644 -0.545876 0.232072 -1 -0.529541 0.0252031 -0.0838857 -0.162852 -0.988169 0.77696 -0.442162 -0.504017 -0.0575558 0.464176 0.229656 0.0734592 -0.638187 0.249493 0.641272 -1 -0.00833396 -0.446605 0.0339156 0.586635 -0.0128174 0.42093 0.221036 -0.698849 0.76614 -0.347254 -0.26332 -0.29813 -0.884404 -1 0.795381 -1 0.665877 0.242104 0.673402 -0.50916 -0.402008 -0.426655 0.336634 -1 -0.288712 -0.156946 -0.987227 -0.859396 0.280631 0.772374 -0.0181068 0.637301 -0.562266 0.557035 0.398832 0.503312 -0.45305 -1 -0.851599 -0.149221 0.164819 -0.745992 0.368091 -1 0.664926 0.0845575 0.554294 -0.359217 -0.250108 0.00888004 -0.323691 -0.981988 -0.724668 -0.883814 -1 0.316287 0.01793 -0.417498 -0.67383 -0.6051 -0.718934 -1 -0.140438 -0.635604 0.315613 0.223137 -0.671336 -0.961757 -0.226581 0.296978 -0.410977 
-0.104747 -0.273648 -1 0.0836313 0.660818 -0.909287 0.23682 -1 0.862522 -1 -1 -0.984307 0.244509 -0.183934 0.121945 -1 -0.991615 -1 0.123095 0.625675 -0.354106 -0.272882 -0.273353 0.450424 0.398458 0.450595 -0.306152 -1 -1 -1 -1 -0.990065 -0.417164 -0.656135 -1 -0.840199 0.525806 -0.106112 -1 -1 -0.323554 -0.670782 -0.782635 0.432707 -0.860629 -0.639396 0.655128 -0.671926 -0.0412068 -0.290171 -0.69377 -0.669143 -1 -0.14355 -0.588687 -0.397379 -0.790067 0.613044 -0.386403 -0.6574 0.115905 0.0512185 -1 0.458714 0.145349 -1 -0.438355 0.228895 0.903006 -1 -0.722952 -1 -0.402911 -1 -0.380929 -0.646913 -0.701071 -0.323551 0.119291 -1 -0.253267 -0.977448 -0.0982941 -0.148159 -0.99538 -0.0919802 0.379667 0.272003 -0.0255063 -0.536345 -0.705901 0.352475 -0.994732 -0.925063 -0.740539 -0.297243 -1 -0.0265457 -0.160381 -0.478228 -0.0481868 -0.00160059 -0.519694 -0.82991 -0.130964 -0.588614 -0.190035 -0.243838 -0.663267 0.0842509 -0.960442 -1 0.0268055 0.151608 -0.381182 -0.153118 0.323062 -0.969855 -0.628259 -0.988654 -0.871477 0.512925 -0.422413 0.369066 -1 -1 -0.997371 -0.230373 0.362655 -0.133068 -0.447964 -0.0687831 -0.212948 -0.222431 -0.772318 -1 -1 -0.725089 
-0.586115 -1 -0.866065 -0.0672945 -0.696336 -0.0154204 -0.134495 0.424699 0.44145 0.219511 0.405011 -0.391167 -0.784748 -1 -1 -0.740277 0.0953899 -0.717996 0.604412 0.842588 -0.585597 -0.975993 0.172175 -1 -0.0629148 -0.29218 -1 -0.712843 -0.360018 0.698283 -0.122498 -0.807473 0.694038 0.160429 0.304457 0.227298 -0.923674 0.130483 -0.220389 -0.998464 0.143683 0.233032 0.376409 -1 0.126734 0.515657 -1 -0.82282 -0.602653 0.391464 -1 -0.711442 0.229207 -0.0376023 -0.118866 -1 0.891925 -0.432533 -0.349902 -0.010225 0.86167 0.211151 -0.107869 -0.447837 0.402143 0.876418 -1 0.00811279 -0.201055 0.261112 0.532585 0.0235779 0.61207 0.234385 -0.454446 0.76614 -0.0544503 -0.100162 -0.387991 -0.844774 -0.873684 0.821742 -1 0.647535 0.531842 0.758612 -0.348288 -0.398897 -0.577332 0.158967 -1 -0.227109 -0.0135159 -0.888819 -0.593593 0.102787 0.773405 -0.20841 0.473228 -0.43024 0.3784 0.587701 0.532354 -0.223321 -0.998187 -0.659822 -0.105845 0.0819025 -0.735158 0.332999 -0.994998 0.869547 -0.209508 0.561522 -0.110779 -0.270511 0.136113 -0.273966 -1 -0.65149 -0.83759 -0.873882 0.637967 0.108198 -0.526464 -0.315262 -0.682172 -0.726655 -0.789674 -0.164696 -0.793986 0.315613 0.292644 -0.279715 -1 -0.019899 0.370167 -0.133038 
-0.0977028 -0.374268 -1 0.153473 0.677441 -0.748678 0.00913587 -1 0.387661 -1 -1 -1 0.147728 -0.254732 0.233454 -1 -0.888222 -1 0.179311 0.819125 -0.405768 -0.144712 -0.174668 0.419302 0.490162 0.791196 -0.486219 -0.970106 -1 -1 -0.978913 -0.945136 -0.357129 -0.479847 -1 -1 0.300452 -0.19213 -1 -1 -0.88095 -1 -0.648539 0.574037 -0.991993 -0.588638 0.697092 -0.665723 -0.299024 -0.335931 -0.669272 -0.741574 -0.948593 -0.586063 -0.58697 -0.0772666 -0.990348 0.613044 -0.471846 -0.66539 -0.202266 -0.62003 -0.988447 0.505849 0.205718 -1 -0.827991 0.156743 1 -0.970898 -0.790965 -1 -0.305582 -1 -0.464343 -0.23356 -0.825803 -0.312548 -0.223045 -1 -0.375349 -0.985832 -0.30427 0.0597967 -1 -0.0654582 0.325055 0.191063 -0.283836 -0.557212 -0.634565 0.283953 -1 -0.930696 -0.493809 -0.390618 -1 0.01531 -0.0615364 -0.680252 0.296598 -0.0751859 -0.452828 -0.713911 -0.0603169 -0.598967 -0.151164 -0.313964 -0.552341 0.0671139 -0.975393 -1 -0.0527041 0.225223 -0.543616 0.0823877 0.262336 -0.939983 -0.703701 -0.99568 -0.928254 0.457112 -0.374603 0.293305 -0.998462 -0.999248 -0.956284 -0.26392 0.465151 -0.266054 -0.598287 -0.081902 -0.494797 0.238475 -0.713353 -0.976104 -1 -0.819638 
0.00424717 -0.0465891 -1 0.256193 0.538559 -1 0.196009 -0.984601 0.705618 -1 -0.846547 -1 0.127142 -0.225457 0.262341 -1 -0.952625 -1 0.330075 0.696258 -0.30415 -0.1116 -0.214215 0.357372 0.423828 0.709152 -0.306152 -1 -1 -0.729656 -1 -1 -0.502884 -0.373628 -1 -0.751006 0.580975 0.0550361 -1 -0.964761 -0.129245 -0.694954 -0.673413 0.462591 -0.924946 -0.564908 0.835 -0.562032 -0.287622 -0.585262 -0.633745 -0.331688 -1 -0.157496 -0.756487 -0.0602494 -0.856847 0.67297 -0.411607 -0.653125 0.0787662 0.0309856 -1 0.283551 0.420139 -0.975899 -0.56607 0.121478 0.83958 -1 -0.661174 -0.989753 -0.383044 -1 -0.483636 -0.213031 -0.82536 -0.428069 0.117602 -0.992821 -0.469502 -1 -0.0899217 -0.0844868 -1 0.00344202 0.361275 0.219945 0.0329501 -0.665388 -0.692785 0.360863 -0.953958 -1 -0.39638 -0.395668 -0.826519 -0.0265457 -0.0271821 -0.50368 0.237903 -0.397286 -0.469003 -0.644011 -0.0557385 -0.478135 -0.437581 -0.188222 -0.373622 0.0771729 -0.980021 -1 0.218478 0.289644 -0.342063 0.116872 0.289615 -0.994706 -0.471078 -1 -1 0.422934 -0.580133 0.369066 -1 -1 -0.94197 -0.264291 0.384732 -0.315046 -0.356214 0.181623 -0.216717 0.102259 -0.882198 -0.925407 -1 -0.987857 
-0.803504 -1 -0.784116 -0.398277 -0.655815 0.0637339 -0.242689 0.222453 0.278101 0.0825591 0.313199 -0.171193 -1 -0.867741 -1 -0.739258 0.1011 -0.723287 0.665467 0.716341 -0.450261 -0.752669 0.20791 -1 0.0669858 -0.425684 -1 -0.721908 -0.297124 0.58352 0.0476605 -0.807473 0.731878 0.120263 0.348805 0.178062 -0.944013 -0.135052 -0.168546 -1 0.17928 -0.0479685 0.531284 -1 0.0725427 0.49123 -0.979438 -0.894262 -0.781505 0.24563 -0.957844 -0.691445 0.221179 -0.0652735 -0.126887 -1 0.891925 -0.141616 -0.337909 -0.294771 0.86167 0.294893 0.00837554 -0.495616 0.342227 0.482792 -1 -0.0932971 -0.307729 0.22936 0.428046 -0.0964685 0.279971 0.221947 -0.51793 0.754182 -0.0186641 -0.0937788 -0.188436 -0.953204 -0.865606 0.54122 -0.902723 0.600357 0.553095 0.488671 -0.324023 -0.398897 -0.337916 0.450653 -1 -0.238409 -0.17206 -1 -0.570042 0.149163 0.611588 -0.200733 0.579119 -0.75994 0.574366 0.647904 0.751716 -0.219743 -0.940347 -0.725307 -0.397705 0.105049 -0.930491 0.302941 -1 0.568933 0.108268 0.632293 -0.154203 -0.340719 0.0406067 -0.253549 -1 -0.644391 -0.73617 -0.93527 0.535245 -0.0331283 -0.447817 -0.362219 -0.580398 -0.999433 -0.828603 -0.0720559 -0.6583 0.262633 0.273395 -0.575088 -1 -0.0847404 0.186884 -0.153343 
-0.353747 -0.195447 -0.986151 0.0337352 0.398987 -1 -0.198333 -1 0.773148 -0.933821 -0.782716 -1 -0.13602 -0.557085 0.13294 -0.977771 -0.852494 -0.999216 0.222466 0.526088 -0.338685 -0.218202 -0.415518 0.481836 0.421365 0.687296 -0.823144 -1 -0.990311 -1 -0.988358 -0.999129 -0.773972 -0.476976 -1 -0.831508 0.543477 0.0562451 -1 -0.969243 -0.551836 -0.747682 -0.881672 0.569607 -1 -0.680526 0.777971 -0.813262 -0.204888 -0.585387 -0.863451 -0.542081 -1 -0.269333 -0.648884 -0.00949191 -1 0.317388 -0.620251 -0.601145 -0.000243917 -0.179521 -1 0.186272 0.317864 -1 -0.526977 0.0822067 0.629649 -1 -0.902709 -0.993227 -0.645182 -1 -0.490742 -0.225991 -0.722303 -0.438894 0.119538 -0.979165 -0.349939 -1 -0.0274997 0.15931 -0.986919 -0.126339 0.0507012 0.242056 -0.103766 -0.544477 -0.660012 0.457051 -0.980924 -1 -0.638397 -0.255076 -0.825516 -0.0646316 -0.0641692 -0.914419 0.0231481 -0.325587 -0.496406 -0.802045 -0.0787833 -0.457581 -0.547372 -0.139255 -0.338372 0.0535301 -1 -1 0.0649409 -0.00256122 -0.480028 0.0290092 0.156147 -0.979599 -0.473982 -1 -0.968732 0.528511 -0.732803 0.292203 -0.942928 -0.907699 -1 -0.266843 0.454529 -0.166883 -0.733988 -0.00828858 -0.244437 0.200786 -0.635445 -0.97115 -1 -0.934695 
-0.209006 -0.113069 -1 0.0786203 0.651517 -0.974621 -0.243756 -1 0.599537 -0.97268 -0.781412 -1 -0.0969904 -0.14635 0.15497 -1 -1 -0.972867 -0.175144 0.669577 -0.355045 -0.152424 -0.244871 0.546931 0.471847 0.682218 -0.516647 -0.988413 -0.990106 -0.805414 -0.998645 -1 -0.666158 -0.679122 -1 -0.984891 0.577226 0.00486208 -1 -1 -0.2023 -0.991429 -0.83611 0.353532 -0.84104 -0.532793 0.724844 -0.54699 -0.152179 -0.259888 -0.557745 -0.330118 -1 -0.273893 -1 -0.125388 -0.788669 0.53868 -0.756626 -0.794912 0.12901 -0.213345 -1 0.232219 0.404484 -1 -0.738583 0.169486 0.92657 -0.975834 -0.889469 -1 -0.306461 -1 -0.50693 -0.311974 -0.686116 -0.36778 -0.053021 -0.967878 -0.361238 -1 -0.185939 -0.0754347 -0.964735 -0.266731 0.19346 0.220437 0.0274154 -0.447648 -0.751428 0.387759 -0.992538 -1 -0.763221 -0.411752 -0.984674 -0.451555 -0.00604462 -0.4628 0.274721 0.0512446 -0.397197 -0.97872 -0.0348989 -0.476668 -0.480203 -0.31528 -0.578534 -0.127891 -0.892449 -0.987176 0.0985469 0.180218 -0.603559 0.101914 0.474325 -1 -0.488308 -0.978487 -0.83727 0.702951 -0.384655 0.359418 -1 -1 -1 -0.383187 0.617508 -0.152293 -0.452025 0.191475 -0.272176 -0.215207 -0.671383 -1 -1 -0.973995 
-0.487079 -1 -0.782597 -0.0975879 -0.518658 0.106014 -0.134495 0.40348 0.44145 0.260773 0.537767 -0.217182 -0.910095 -0.815333 -1 -0.725354 0.1011 -0.776893 0.621958 0.829471 -0.526554 -0.786571 0.249618 -0.958572 0.0370475 -0.417533 -1 -0.631847 -0.289656 0.676733 0.214852 -0.779009 0.901352 0.0371821 0.305576 0.279342 -0.931761 0.0915653 -0.105934 -0.968957 0.263272 0.242366 0.531011 -0.992798 0.199354 0.521045 -1 -0.74496 -0.624766 0.305768 -1 -0.662278 0.277226 -0.0406701 -0.0890903 -1 0.89898 -0.127432 -0.346683 -0.0929645 0.864774 0.235327 0.0485176 -0.447837 0.370752 0.844356 -1 -0.0790414 -0.223564 0.307558 0.540013 0.105757 0.556426 0.253652 -0.454446 0.76614 0.032827 -0.100162 -0.20655 -0.979675 -0.901508 0.78844 -0.95154 0.690806 0.512846 0.758612 -0.33959 -0.467393 -0.337916 0.398623 -1 -0.225933 -0.0149014 -0.824369 -0.593593 0.259395 0.699636 0.0269438 0.675059 -0.447485 0.473905 0.561414 0.735985 -0.187102 -0.982308 -0.714934 -0.0866013 0.201975 -0.670226 0.426312 -0.973817 0.869547 0.079463 0.456139 -0.107627 -0.275423 0.123393 -0.249049 -1 -0.57637 -0.763561 -0.9456 0.637967 0.108198 -0.394847 -0.422114 -0.69268 -0.713696 -0.821159 -0.0408733 -0.586903 0.322068 0.267088 -0.302509 -1 -0.0957922 0.31804 -0.203829 
-0.783387 -1 -0.887031 -0.313975 -0.482834 -0.150143 -0.153528 0.52459 0.267678 0.234747 0.592096 -0.177418 -0.841256 -0.815333 -1 -0.852969 0.0664681 -1 0.652295 0.553737 -0.396687 -0.883814 0.0407766 -1 -0.159679 -0.303037 -1 -0.637414 -0.490181 0.294014 0.0799306 -0.807473 0.666038 0.10698 0.382479 0.358343 -1 0.152452 -0.246667 -1 0.263272 0.224612 0.513716 -0.91131 0.158853 0.479135 -1 -0.7106 -0.53866 0.128656 -1 -0.627807 0.182069 -0.136977 -0.075442 -1 0.708866 -0.153092 -0.559114 0.0375715 0.840208 0.251267 -0.123121 -0.542332 0.0787091 0.461047 -1 -0.208423 -0.398878 0.249481 0.532585 -0.019491 0.556426 0.134758 -0.750258 0.76614 -0.0588618 -0.53257 -0.0977579 -0.881618 -1 0.699536 -1 0.196065 0.339709 0.511036 -0.33959 -0.340013 -0.36549 0.33464 -1 -0.461766 -0.0923136 -0.79158 -0.593593 0.313457 0.41179 0.0269438 0.407162 -0.491661 0.203809 0.647904 0.65654 -0.195913 -0.957657 -0.774758 -0.0271436 0.188401 -0.618396 0.432848 -0.952422 0.793318 0.108268 0.533157 -0.105 -0.270511 0.0790273 -0.766909 -1 -0.677224 -0.803479 -1 0.46435 -0.0140006 -0.547819 -0.362219 -0.704363 -0.65998 -0.817625 -0.0527207 -0.85747 0.210251 0.217127 -0.253001 -1 -0.019899 0.262574 -0.28987 
-0.487079 -1 -0.759473 -0.0672945 -0.528643 0.121241 -0.143659 0.386245 0.4301 0.188511 0.544549 -0.254155 -0.784748 -0.883554 -1 -0.725354 0.1011 -0.789086 0.510564 0.742768 -0.461816 -0.728439 0.249618 -0.979726 -0.043569 -0.287011 -1 -0.631847 -0.279767 0.68769 0.164994 -0.807473 0.837579 0.10698 0.380955 0.279342 -0.964119 0.128611 -0.105934 -0.998464 0.263272 0.224612 0.531284 -1 0.199354 0.515657 -1 -0.775586 -0.53866 0.393977 -1 -0.576622 0.212882 -0.0905529 -0.136484 -1 0.867428 -0.153092 -0.293373 -0.0468799 0.786094 0.176034 0.0485176 -0.439919 0.331705 0.867893 -1 0.00811279 -0.201055 0.348124 0.532585 -0.0103937 0.471345 0.283218 -0.429491 0.76614 0.032827 -0.100162 -0.141271 -0.913221 -0.941341 0.802852 -0.928341 0.660444 0.512846 0.771204 -0.33959 -0.39519 -0.337916 0.325233 -1 -0.233108 0.128387 -0.844051 -0.593593 0.259395 0.773405 -0.00459889 0.675059 -0.447485 0.447213 0.556578 0.682406 -0.195913 -0.957657 -0.659822 -0.105845 0.125316 -0.670226 0.53397 -1 0.831669 0.108268 0.533157 -0.107627 -0.253298 0.153534 -0.249049 -1 -0.60013 -0.874142 -0.9834 0.551326 0.108198 -0.482215 -0.393791 -0.687468 -0.642712 -0.789674 -0.0200672 -0.559617 0.258488 0.267088 -0.238004 -0.981688 -0.019899 0.317369 -0.153343 
-0.191618 -0.00404266 -1 0.169551 0.65521 -0.891398 0.157221 -1 0.711516 -1 -0.815321 -0.904416 -0.0544227 -0.12874 0.2272 -1 -0.994221 -0.91098 0.346372 0.430673 -0.35395 -0.281566 -0.187 0.290966 0.516782 0.776168 -0.313115 -1 -1 -0.784309 -0.978913 -1 -0.495342 -0.373628 -1 -0.720524 0.351023 -0.0238709 -1 -1 -0.208462 -0.616318 -0.612688 0.612461 -0.995558 -0.53327 0.676402 -0.617716 -0.111027 -0.414743 -0.834901 -0.363282 -1 -0.385478 -0.86653 -0.0494407 -1 0.687344 -0.365883 -0.458779 -0.105225 -0.0294458 -1 0.194589 0.444587 -0.927186 -0.479773 0.16801 0.746578 -0.97416 -0.742596 -1 -0.481414 -1 -0.405372 -0.257262 -0.719976 -0.66608 0.0848908 -1 -0.288083 -0.975102 -0.119758 0.0890647 -1 -0.0468881 0.322339 0.24869 -0.0419648 -0.415946 -0.666829 0.266488 -0.944631 -0.897459 -0.644075 -0.266495 -0.862664 -0.115568 -0.00136419 -0.562189 0.179928 -0.00160059 -0.436717 -0.758972 -0.0718412 -0.500328 -0.326704 -0.321989 -0.345516 0.24116 -0.926217 -0.972137 0.233052 0.106134 -0.455179 0.15275 0.0578625 -1 -0.856283 -1 -0.923323 0.586285 -0.632038 0.264709 -1 -1 -1 -0.315453 0.311163 -0.147415 -0.438667 -0.00898755 -0.216717 0.199031 -0.689188 -0.981868 -1 -0.990991 
0.0292746 -0.0435343 -1 0.0341014 0.701325 -0.77221 0.163496 -1 0.780111 -1 -0.850779 -1 0.149902 -0.0851502 0.0188921 -1 -0.970412 -0.971969 0.349399 0.669875 -0.460755 -0.278391 -0.274085 0.553223 0.403464 0.776168 -0.278363 -1 -0.975097 -1 -0.936945 -1 -0.41391 -0.416167 -1 -0.723037 0.503053 -0.128085 -1 -1 -0.359216 -0.670782 -0.644498 0.530587 -1 -0.857689 0.767726 -0.682045 -0.194697 -0.266216 -0.557745 -0.300788 -1 -0.18591 -0.634768 0.0974204 -0.760077 0.589296 -0.300869 -0.543142 0.0448038 -0.0624883 -1 0.322885 0.179917 -0.999641 -0.648008 0.228895 0.627916 -0.995399 -0.882283 -0.988684 -0.41723 -1 -0.347898 -0.251725 -0.575116 -0.323551 -0.0442688 -0.973356 -0.331172 -0.994979 -0.146405 -0.0853995 -1 -0.0130548 0.319216 0.360743 -0.0547789 -0.614931 -0.744114 0.1181 -0.971091 -0.84525 -0.630289 -0.561784 -0.894238 -0.0433984 -0.0750618 -0.543348 0.203283 -0.158588 -0.49653 -0.724641 -0.0577438 -0.465461 -0.21295 -0.258987 -0.639145 0.0929004 -0.838833 -1 0.204097 0.0953111 -0.404905 0.0760762 0.272549 -0.929812 -0.718206 -0.986441 -1 0.518641 -0.408765 0.271297 -1 -1 -1 -0.347326 0.343121 -0.216425 -0.446451 0.193641 -0.216717 -0.0507766 -0.706366 -0.886709 -1 -0.740721 
-0.457852 -0.987032 -0.891843 -0.157145 -0.58221 0.0755666 -0.214763 0.316206 0.170992 0.260773 0.257077 -0.177418 -1 -0.878264 -0.987376 -0.783131 0.0351233 -0.704111 0.636613 0.826196 -0.461816 -0.906392 0.141574 -1 0.0370475 -0.360265 -1 -0.677557 -0.255099 0.600808 0.0764888 -0.836367 0.758236 0.0126409 0.388915 0.254927 -0.907379 0.143697 -0.128134 -0.998464 0.263744 0.0173718 0.51322 -1 0.142922 0.474161 -1 -0.970396 -0.535262 0.188445 -1 -0.851052 0.146495 -0.101841 -0.0786322 -0.980245 0.733992 -0.105564 -0.324612 -0.208568 0.666557 0.210484 -0.0456997 -0.592988 0.416452 0.829882 -0.980443 0.022636 -0.295344 0.251087 0.589481 0.0678309 0.506985 0.283875 -0.356345 0.680964 -0.0988152 -0.0967097 -0.326183 -0.906441 -0.997911 0.821742 -0.889088 0.720836 0.366467 0.716309 -0.515508 -0.443983 -0.314902 0.218165 -1 -0.227109 0.128387 -0.827121 -0.720612 0.345649 0.456079 -0.137275 0.675059 -0.514836 0.206738 0.636032 0.696054 -0.479765 -0.974245 -0.659822 -0.16034 0.170981 -0.586095 0.489154 -0.874169 0.856282 0.125656 0.565077 -0.210575 -0.426839 0.0931979 -0.275864 -0.925478 -0.474522 -0.888134 -1 0.615544 0.108198 -0.333798 -0.362219 -0.842054 -0.580086 -0.93482 -0.0949685 -0.652721 0.277488 0.234918 -0.209794 -1 -0.176729 0.259931 -0.371899 
-0.775693 -1 -0.775089 0.000247117 -0.692167 -0.00253756 -0.602105 0.424699 0.365345 0.245127 0.548054 -0.421525 -0.921214 -0.730582 -0.964702 -0.802813 -0.1648 -1 0.364636 0.196616 -0.508081 -0.649563 0.240452 -1 0.0625285 -0.73366 -1 -1 -0.358052 0.386656 0.265924 -0.747922 0.717387 -0.158746 0.20918 -0.186143 -0.893499 -0.0716945 -0.435451 -1 0.199162 0.188415 0.5604 -0.990024 0.00309245 0.372507 -0.93738 -0.975236 -0.430599 0.270767 -0.924548 -0.559612 0.277226 -0.0388897 -0.110184 -1 0.761782 -0.567565 -0.348419 -0.00231711 0.367447 0.235327 -0.130719 -0.679504 0.0822131 0.994519 -0.864943 0.00811279 -0.668745 0.357108 0.283853 -0.0959573 0.581272 0.301863 -0.858254 0.720303 0.0400276 -0.488299 -0.443058 -0.985353 -0.889651 0.594633 -0.939167 0.620015 0.286063 0.670731 -0.541925 -0.490466 -0.391445 0.0121746 -1 -0.539896 -0.0867206 -1 -0.607025 -0.0334264 0.6074 -0.0612732 0.344379 -0.685511 0.262069 0.570858 0.329704 -0.238648 -1 -0.517481 -0.323575 0.0276298 -0.899989 0.0991305 -1 0.746104 -0.0711106 0.529558 -0.0609018 -0.533969 0.0151538 -0.470597 -1 -0.636975 -0.763561 -1 0.633039 -0.106793 -0.41127 -0.362219 -0.755977 -0.801776 -0.822956 -0.0449711 -0.507548 0.376043 0.306508 -0.733696 -1 -0.019899 -0.0993161 -0.362137 
-0.104747 -0.277962 -1 0.0836313 0.638595 -0.909287 0.23682 -1 0.849435 -1 -1 -1 0.244509 -0.254973 0.121945 -1 -0.970412 -1 0.0906199 0.625675 -0.354106 -0.278391 -0.197479 0.437622 0.435413 0.510484 -0.27865 -1 -1 -1 -1 -0.990065 -0.435429 -0.656135 -1 -0.794012 0.525806 -0.106112 -1 -1 -0.323554 -0.670569 -0.703548 0.490808 -0.83261 -0.690935 0.595717 -0.671926 -0.00547741 -0.290171 -0.69377 -0.669143 -1 -0.149634 -0.588687 -0.387368 -0.774635 0.613044 -0.386403 -0.718548 0.116803 0.0512185 -1 0.467353 0.145349 -1 -0.438355 0.228895 0.903006 -1 -0.722952 -1 -0.425634 -1 -0.392323 -0.688272 -0.701071 -0.323551 0.112058 -1 -0.294484 -1 -0.100816 -0.0971561 -1 -0.0919802 0.33452 0.272003 -0.081945 -0.536345 -0.705901 0.352475 -0.994732 -0.925063 -0.740539 -0.297243 -1 -0.0265457 -0.0750618 -0.569983 -0.0481868 -0.00160059 -0.54509 -0.82991 -0.130964 -0.528433 -0.191411 -0.243838 -0.626674 0.0920936 -1 -1 0.0268055 0.151608 -0.455802 -0.12942 0.39809 -0.969855 -0.562442 -0.988654 -0.935513 0.543624 -0.422413 0.369066 -1 -1 -1 -0.230373 0.298174 -0.133068 -0.447964 -0.0937272 -0.231231 -0.222431 -0.772318 -1 -1 -0.752427 
-0.45852 -1 -0.808418 -0.0848534 -0.55623 0.0345176 -0.118128 0.397171 0.188684 0.198606 0.512417 -0.156368 -0.759531 -0.88512 -1 -0.785532 0.0853994 -0.733471 0.379545 0.606927 -0.461816 -0.843615 0.0316916 -0.976408 0.0370475 -0.280464 -1 -0.692014 -0.297704 0.672574 0.159372 -1 0.82427 0.0830083 0.308609 0.296025 -1 0.10253 -0.352754 -1 0.104194 0.179421 0.478744 -1 0.206531 0.263046 -1 -0.692877 -0.53866 0.407709 -0.976864 -0.576622 0.0488921 -0.127941 -0.188082 -1 0.891925 -0.179615 -0.198243 -0.286119 0.526004 0.155359 0.0485176 -0.573233 0.362642 0.876418 -1 -0.196644 -0.23057 0.164623 0.583892 0.175735 0.232034 0.145008 -0.517894 0.76614 0.032827 -0.295768 -0.206975 -1 -0.925161 0.821742 -0.928341 0.502201 0.512846 0.519723 -0.327285 -0.701328 -0.354574 0.228378 -1 -0.19642 0.128387 -0.844051 -0.593593 0.178945 0.773405 -0.0646152 0.610797 -0.574596 0.517583 0.352047 0.729862 -0.195913 -1 -0.647133 -0.125143 0.291211 -0.733413 0.51243 -0.965007 0.909565 0.108268 0.475232 -0.0839762 -0.305079 0.193425 -0.224631 -1 -0.582423 -0.859361 -0.902593 0.637967 -0.0624919 -0.576026 -0.362219 -0.769477 -0.707389 -0.776147 -0.0472633 -0.86517 0.315613 0.263892 -0.497401 -1 -0.141093 0.15943 -0.153343 
-0.490293 -1 -0.658616 -0.0672945 -0.673671 0.121241 -0.134495 0.424699 0.236033 -0.00912379 0.537767 -0.177418 -0.761085 -0.825816 -1 -0.919667 0.0806151 -0.704111 0.652295 0.826196 -0.461816 -0.808319 0.277193 -1 0.0370475 -0.303037 -1 -0.546582 -0.255099 0.673271 0.18705 -0.80097 0.668153 -0.087397 0.182421 0.279342 -0.907379 0.10253 -0.256905 -0.987001 0.263272 0.224612 0.316386 -0.952022 -0.136216 0.318969 -1 -0.849563 -0.509231 0.393977 -1 -0.859336 0.277226 -0.207131 -0.0711449 -1 0.751201 -0.337465 -0.459925 0.038427 0.86167 -0.0124499 -0.0700266 -0.447837 0.387117 0.911199 -1 0.00811279 -0.302921 0.288173 0.532585 0.0769234 0.304599 0.0239816 -0.658178 0.76614 -0.00609209 -0.100162 -0.141271 -0.875111 -1 0.821742 -0.928341 0.488857 0.366297 0.724097 -0.33959 -0.398897 -0.564987 0.422485 -1 -0.227109 0.128387 -1 -0.593593 -0.0444175 0.792917 -0.132968 0.675059 -0.398259 0.38315 0.639897 0.472349 -0.207985 -1 -0.659822 -0.0970253 0.0411743 -0.670226 0.31825 -0.973817 0.829065 0.108268 0.533157 -0.107627 -0.270511 0.123393 -0.249049 -1 -0.512521 -0.763561 -0.885213 0.637967 -0.120446 -0.393012 -0.362219 -0.902764 -0.65998 -0.789674 0.0514528 -0.559617 0.315613 0.291588 -0.238004 -0.95501 -0.150984 0.323454 -0.391042 
-0.585706 -0.984297 -0.731338 -0.126269 -0.518658 0.0416166 -0.134495 0.214543 0.354793 0.125043 0.235638 -0.286609 -0.969596 -0.815333 -1 -0.837806 -0.0913089 -0.831968 0.632607 0.557632 -0.463336 -0.747869 0.249618 -1 -0.0548018 -0.514433 -1 -0.754369 -0.388553 0.284787 0.18705 -0.953215 0.759406 0.04941 0.380955 0.279342 -0.907379 -0.200231 -0.309084 -1 0.044407 0.232323 0.55123 -0.950654 0.199354 0.282546 -1 -0.771071 -0.686069 0.259127 -1 -0.624536 0.359595 -0.0376023 -0.0325253 -0.8631 0.685238 -0.371306 -0.526468 -0.0701878 0.685468 0.0349202 -0.290713 -0.447837 0.330952 0.876418 -0.904778 0.00811279 -0.358117 0.274609 0.177996 0.0532113 0.278754 0.262958 -0.59509 0.579196 -0.066 -0.368261 -0.25262 -0.845052 -0.932256 0.558405 -1 0.647961 0.522086 0.758612 -0.33959 -0.47205 -0.536415 0.398623 -1 -0.249133 0.0205638 -1 -0.543933 0.314314 0.511177 0.0269438 0.562243 -0.45858 0.386729 0.575175 0.56942 -0.257085 -1 -0.659822 -0.226906 0.257163 -0.826279 0.379908 -1 0.982524 -0.216114 0.534953 -0.200101 -0.316103 0.0442101 -0.396305 -1 -0.501831 -0.799146 -0.924444 0.297964 -0.145962 -0.36158 -0.362219 -0.700414 -0.693854 -0.789674 -0.274313 -0.775129 0.297448 0.187164 -0.311951 -1 -0.260426 0.163415 -0.520479 
-0.659278 -1 -0.735703 -0.182643 -0.620589 0.116338 -0.427354 0.332761 0.303131 0.14386 0.292696 -0.18312 -0.702116 -0.84075 -1 -0.725354 -0.0878919 -0.791694 0.377173 0.825103 -0.568604 -0.728439 0.0624457 -0.956478 -0.0277509 -0.303037 -1 -0.674522 -0.255099 0.724783 0.0873116 -0.807473 0.870274 -0.244832 0.403293 0.0534095 -0.97344 0.0994304 -0.357931 -1 0.295329 -0.0885923 0.303091 -0.977178 0.185089 0.51549 -1 -0.859867 -0.515487 0.240367 -1 -0.817103 0.024437 -0.0477419 -0.121808 -0.980597 0.891925 -0.183758 -0.308786 -0.0255262 0.756916 0.204297 -0.00366799 -0.448393 0.361961 0.74534 -1 -0.0547061 -0.17164 0.296495 0.318333 -0.110662 0.482812 0.271323 -0.845722 0.706965 -0.0565654 -0.0713906 -0.267135 -0.984831 -0.968133 0.539882 -0.993343 0.671247 0.331981 0.681677 -0.320041 -0.391124 -0.445042 0.463498 -1 -0.27116 -0.0131871 -1 -0.568527 0.0188435 0.450953 -0.0300165 0.326505 -0.448763 0.414644 0.230275 0.698667 -0.276827 -1 -0.712136 -0.147304 -0.153087 -0.755373 0.53397 -1 0.972701 0.100251 0.535416 -0.272842 -0.257382 -0.0398882 -0.410029 -1 -0.55662 -0.780981 -0.937896 0.630799 0.108198 -0.392672 -0.456854 -0.644388 -0.876739 -1 -0.045637 -0.78059 0.238014 0.246069 -0.424179 -1 -0.0428511 0.135944 -0.209052 
-0.691443 -1 -0.835691 -0.0672945 -0.570319 0.121241 -0.305408 0.279355 0.44145 0.10565 0.367707 -0.411459 -0.784748 -1 -1 -0.725354 0.1011 -0.704111 0.652295 0.826196 -0.461816 -0.728439 0.06378 -1 0.0370475 -0.303037 -1 -0.545228 -0.448855 0.676733 0.182547 -0.81676 0.707086 0.10698 0.370489 0.22378 -0.907379 0.194641 -0.2077 -0.9267 0.273032 0.224612 0.531284 -1 0.199354 0.307022 -1 -0.74496 -0.53866 0.202227 -0.909766 -0.576622 0.0308785 -0.0376023 -0.0711449 -1 0.891925 -0.250777 -0.565482 -0.158534 0.86167 0.000814289 -0.187708 -0.618408 0.387117 0.669854 -0.930714 0.0966654 -0.201055 0.348124 0.470463 0.0990173 0.323842 0.301553 -0.415027 0.597219 -0.0444376 -0.100162 -0.310507 -0.889944 -0.865606 0.821742 -1 0.707859 0.512846 0.77197 -0.478399 -0.398897 -0.337916 0.425212 -1 -0.227109 -0.0232605 -0.844051 -0.593593 0.259395 0.773405 0.0269438 0.675059 -0.398916 0.53443 0.647904 0.544593 -0.415622 -0.957657 -0.643643 -0.186366 0.201975 -0.812454 0.372409 -1 0.696632 0.108268 0.533157 -0.107627 -0.456328 -0.173446 -0.537468 -1 -0.538837 -1 -0.9456 0.590025 0.108198 -0.492913 -0.395299 -0.603848 -0.891258 -0.735816 -0.00584069 -0.559617 0.388552 0.0767326 -0.386917 -1 -0.019899 0.323454 -0.288371 
-0.0829305 -0.390196 -1 0.153473 0.677441 -0.748678 0.00913587 -1 0.387661 -1 -1 -1 0.182418 -0.279945 0.233454 -1 -0.888222 -1 0.190569 0.791586 -0.405768 -0.144712 -0.279618 0.419302 0.544173 0.791196 -0.486219 -0.97282 -1 -1 -0.978913 -0.963267 -0.424207 -0.511524 -1 -1 0.300452 -0.19213 -1 -1 -0.824808 -1 -0.648539 0.515529 -1 -0.605771 0.743031 -0.644004 -0.299024 -0.391348 -0.669272 -0.741574 -0.948593 -0.586063 -0.513218 -0.093472 -0.97054 0.613044 -0.471846 -0.66539 -0.176773 -0.62003 -0.988447 0.505849 0.189702 -0.985755 -0.827991 0.156743 1 -1 -0.790965 -1 -0.305582 -0.975111 -0.464343 -0.23356 -0.825803 -0.312548 -0.134496 -1 -0.375349 -1 -0.30427 0.0319755 -1 -0.129519 0.325055 0.147933 -0.283836 -0.557212 -0.716861 0.237213 -1 -0.957334 -0.50761 -0.430485 -1 0.01531 -0.0114477 -0.680252 0.287585 -0.0751859 -0.452828 -0.713911 -0.0603169 -0.627895 -0.151164 -0.313964 -0.552341 0.0630724 -0.992422 -1 -0.0159634 0.225223 -0.524333 0.097822 0.259924 -0.939983 -0.640123 -1 -0.996774 0.457112 -0.392004 0.293305 -1 -1 -0.956284 -0.26392 0.465151 -0.266054 -0.585779 -0.0825426 -0.444325 0.238475 -0.713353 -0.976104 -0.991058 -0.801555 
-0.530643 -1 -0.755112 -0.0672945 -0.518658 0.121241 -0.134495 0.424699 0.44145 0.219194 0.537767 -0.168778 -0.784748 -0.90185 -1 -0.725354 0.1011 -0.704111 0.652295 0.826196 -0.461816 -0.791952 0.237704 -0.958572 0.0370475 -0.386195 -1 -0.631847 -0.255099 0.676733 0.18705 -0.807473 0.901352 0.10698 0.380955 0.279342 -0.907379 0.10253 -0.105934 -0.998464 0.198137 0.224612 0.531284 -1 0.199354 0.515657 -1 -0.740373 -0.53866 0.393977 -1 -0.601378 0.277226 -0.0376023 -0.0711449 -1 0.891925 -0.155607 -0.289059 -0.0358067 0.86167 0.235327 0.0485176 -0.447837 0.387117 0.867346 -1 0.00811279 -0.201055 0.348124 0.448531 0.0849656 0.556426 0.301553 -0.454446 0.76614 -0.0326109 -0.100162 -0.141271 -0.926134 -0.865606 0.81999 -0.928341 0.707859 0.458064 0.695923 -0.33959 -0.398897 -0.337916 0.339547 -1 -0.227109 0.128387 -0.909639 -0.593593 0.259395 0.773405 0.0269438 0.675059 -0.447485 0.547031 0.647904 0.735985 -0.195913 -0.957657 -0.659822 -0.105845 0.201975 -0.670226 0.53397 -0.973817 0.869547 0.0740224 0.533157 -0.179103 -0.270511 0.123393 -0.29359 -1 -0.512521 -0.763561 -0.9456 0.637967 0.0480366 -0.393012 -0.427581 -0.603848 -0.65998 -0.789674 -0.00584069 -0.559617 0.315613 0.267088 -0.238004 -1 -0.0604649 0.293539 -0.153343 
-0.541992 -1 -0.975117 -0.261239 -0.480517 0.0345522 -0.145464 0.216345 0.409775 0.237797 0.557019 -0.411651 -0.8095 -1 -1 -0.896963 -0.0796827 -0.68886 0.342154 0.896922 -0.594004 -0.782586 0.165203 -0.958572 -0.0303498 -0.308985 -1 -0.735705 -0.615525 0.5967 0.132771 -0.830226 0.836816 -0.0685529 0.297093 0.12407 -1 0.0476334 -0.223323 -1 0.240487 0.225753 0.0925983 -1 -0.0776013 0.388386 -1 -1 -0.607313 0.35696 -1 -0.618306 0.25618 -0.296283 -0.188222 -0.936514 0.782873 -0.312821 -0.42231 -0.0242326 0.581891 0.152257 0.0532171 -0.73199 0.06209 0.80217 -0.915816 -0.151505 -0.316867 0.132088 0.389982 0.1437 0.550178 0.156293 -0.52646 0.550054 0.0407799 -0.165811 -0.37768 -0.905401 -0.820159 0.821575 -1 0.655054 0.414483 0.689197 -0.388721 -0.307954 -0.399454 0.148309 -1 -0.260109 0.0394297 -0.937508 -0.788748 0.0240438 0.542013 -0.0818904 0.654799 -0.372036 0.288951 0.669344 0.630841 -0.281272 -1 -0.807129 -0.0770333 0.209849 -0.67965 0.249191 -1 0.80917 0.017887 0.548455 -0.219848 -0.249214 0.0771776 -0.447101 -1 -0.557438 -0.813826 -0.97863 0.449539 -0.187427 -0.373463 -0.556553 -0.873101 -0.727834 -1 -0.60719 -0.661368 0.23452 0.145685 -0.157143 -1 -0.332032 0.225269 -0.316151 
-0.0214516 -0.137723 -1 0.0105635 0.694359 -1 0.187881 -0.991844 0.691785 -0.992143 -0.847414 -1 -0.0560631 0.0245434 0.038128 -0.984903 -0.948416 -1 0.262528 0.620957 -0.405761 -0.16623 -0.221804 0.274058 0.519301 0.846958 -0.617442 -1 -1 -0.850988 -1 -1 -0.3598 -0.4709 -1 -0.773455 0.413794 -0.11666 -1 -1 -0.411096 -0.781182 -0.786671 0.643639 -0.908694 -0.584556 0.619911 -0.578678 -0.233417 -0.360059 -0.531561 -0.308929 -1 -0.448926 -0.666548 -0.0804689 -0.777288 0.526476 -0.437791 -0.871577 0.128445 0.00294325 -0.958756 0.470951 0.174277 -1 -0.479773 0.223951 0.758455 -1 -0.696308 -0.971385 -0.29507 -0.995984 -0.662075 -0.497055 -0.523851 -0.315715 0.0133828 -0.986207 -0.344984 -1 -0.162741 -0.278524 -1 -0.306256 0.353691 0.360743 0.0614737 -0.399317 -0.691664 0.352475 -0.991729 -0.92297 -0.654548 -0.270823 -0.829001 -0.213326 -0.0300165 -0.471474 -0.0309275 -0.117167 -0.583099 -0.837349 0.00624481 -0.709798 -0.462437 -0.184694 -0.347997 0.15706 -0.871929 -1 0.20014 0.252605 -0.356613 -0.0144892 0.306176 -0.994433 -0.621493 -0.977285 -0.791934 0.598098 -0.438736 0.285892 -1 -0.940423 -1 -0.356074 0.339039 -0.21502 -0.356214 0.193641 -0.366862 0.199031 -0.688264 -1 -1 -0.942865 
-0.581681 -1 -0.71434 -0.0586563 -0.561557 0.130396 -0.210571 0.410023 0.382343 0.178559 0.511499 -0.226154 -0.83035 -0.943065 -1 -0.866141 0.0801501 -0.672487 0.544458 0.74096 -0.572642 -0.860572 0.120081 -1 -0.0862015 -0.586539 -1 -0.594514 -0.22621 0.676733 0.15141 -0.807473 0.793718 -0.137949 0.349755 -0.000455864 -0.907379 0.0341084 -0.248431 -0.947578 0.232919 0.0536678 0.32589 -1 0.17696 0.412008 -1 -0.794659 -0.625441 0.255523 -1 -0.657464 0.0816169 -0.147207 -0.0711449 -1 0.709455 -0.24249 -0.293373 -0.00608058 0.835596 0.235327 -0.0474345 -0.60636 0.246652 0.682527 -0.984996 -0.0760559 -0.185316 0.202101 0.544698 0.140849 0.4128 0.221777 -0.610638 0.585355 -0.0660187 -0.433488 -0.216967 -1 -0.869146 0.546406 -1 0.566239 0.487104 0.601689 -0.451287 -0.483953 -0.401542 0.361349 -0.977975 -0.406419 -0.036614 -0.968478 -0.601063 0.208086 0.733612 -0.0299355 0.534509 -0.471939 0.387993 0.447823 0.71058 -0.367466 -1 -0.776812 -0.192291 0.109494 -0.693083 0.483272 -1 0.661321 0.0404703 0.281718 -0.151609 -0.406765 0.0486901 -0.310367 -1 -0.520562 -0.760806 -1 0.351655 0.00356472 -0.393012 -0.34937 -0.742596 -0.660577 -0.973768 -0.153625 -0.661225 0.320846 0.291071 -0.51579 -0.979253 -0.106212 0.240685 -0.403721 
-0.465239 -1 -0.850889 -0.0672945 -0.518658 0.121241 -0.134495 0.416165 0.44145 0.22556 0.566696 -0.177418 -0.829585 -0.82905 -1 -0.873578 0.1011 -0.730559 0.670142 0.852775 -0.441053 -0.711523 0.174948 -0.989759 -0.049606 -0.341061 -0.981686 -0.631847 -0.313518 0.671375 0.131458 -0.915262 0.802791 0.0814281 0.312963 0.279342 -0.947676 0.10253 -0.105934 -0.978086 0.260176 0.224612 0.531284 -1 0.199354 0.515657 -1 -0.74496 -0.53866 0.393977 -1 -0.555627 0.217478 -0.0909445 -0.210326 -1 0.893153 -0.153092 -0.300608 -0.0770697 0.785746 0.235327 -0.00919449 -0.480385 0.273184 0.899117 -0.977895 -0.00833295 -0.245085 0.36716 0.469265 0.0773048 0.556426 0.166081 -0.524282 0.76614 0.0538357 -0.139008 -0.141271 -0.883744 -0.975137 0.748745 -0.930597 0.707859 0.512846 0.741413 -0.324147 -0.453425 -0.337916 0.308942 -1 -0.256672 0.146425 -0.896062 -0.653308 0.2789 0.773405 -0.0213184 0.675059 -0.447485 0.494838 0.635576 0.705093 -0.208634 -0.990963 -0.675144 -0.193742 0.128687 -0.670226 0.513547 -0.973817 0.672747 0.0337648 0.533157 -0.174137 -0.270511 0.123393 -0.249049 -1 -0.512521 -0.771892 -1 0.637967 0.0878039 -0.4478 -0.433736 -0.756482 -0.65998 -0.789674 0.0215287 -0.559617 0.254468 0.267088 -0.238004 -0.998867 -0.0818158 0.338169 -0.198732 
-0.41089 -1 -0.755112 -0.0672945 -0.870392 0.121241 -0.134495 0.446524 0.44145 0.220267 0.498675 -0.360426 -0.947429 -0.915025 -1 -0.882574 0.1011 -0.852027 0.699087 0.7761 -0.382808 -0.728439 -0.11805 -1 -0.0205579 -0.523586 -1 -0.631847 -0.276722 0.676733 -0.031387 -0.792041 0.901352 0.0539667 0.380955 0.356858 -0.907379 0.10253 -0.144485 -1 -0.0162973 0.2568 0.334353 -1 0.00443547 0.354542 -1 -0.74496 -0.713991 0.450883 -1 -0.706297 0.0809079 -0.0633783 -0.519178 -0.962544 0.712154 -0.120699 -0.513748 -0.381978 0.752732 0.135255 0.0485176 -0.51842 0.387117 0.725839 -1 -0.0431138 -0.200083 0.297971 0.532585 0.0873251 0.152622 0.358989 -0.849935 0.749062 0.0564035 -0.100162 -0.141271 -0.889944 -0.794986 0.639505 -1 0.578044 0.441541 0.578976 -0.63117 -0.398897 -0.337916 0.215969 -1 -0.207805 0.128387 -0.844051 -0.593593 -0.209294 0.313349 0.0217268 0.459799 -0.643745 0.53443 0.67311 0.818295 -0.162222 -1 -0.659822 -0.118075 0.243884 -0.804956 0.317424 -1 0.851112 0.0565599 0.568292 -0.212456 -0.270511 0.125757 -0.284601 -1 -0.512521 -0.782023 -0.9456 0.637967 0.0157024 -0.393012 -0.348144 -0.631065 -0.803536 -0.789674 -0.00584069 -0.559617 0.076973 0.267088 -0.314915 -0.991247 0.063301 0.20812 -0.115286 
-0.487079 -1 -0.835429 -0.0672945 -0.543237 0.162325 -0.148553 0.269067 0.424073 0.214383 0.537767 -0.223408 -0.784748 -0.934891 -0.956143 -0.815856 0.0143382 -0.704111 0.560462 0.826196 -0.461816 -0.798319 0.246697 -0.953509 0.0370475 -0.278148 -1 -0.608278 -0.255099 0.676733 0.18705 -0.87309 0.887233 0.0506086 0.305316 0.279342 -0.987566 0.0600772 -0.126508 -1 0.263593 0.224612 0.53833 -0.999811 0.199354 0.466661 -1 -0.74496 -0.53866 0.393977 -0.982903 -0.605948 0.20083 -0.102215 -0.0711449 -1 0.828282 -0.176641 -0.320693 -0.0990367 0.86167 0.0858141 0.0485176 -0.478112 0.387117 0.876418 -1 -0.0269026 -0.290992 0.348124 0.532585 0.00929957 0.556426 0.301553 -0.454446 0.76614 -0.0620792 -0.1122 -0.244204 -0.899536 -0.961354 0.74068 -0.993664 0.707859 0.507229 0.758612 -0.33959 -0.386061 -0.443964 0.427097 -1 -0.292359 0.128387 -0.844051 -0.604069 0.258622 0.812226 -0.0451563 0.584787 -0.493524 0.53443 0.647904 0.68926 -0.245001 -0.943063 -0.659822 -0.0713532 0.195854 -0.649315 0.53397 -1 0.832087 0.0913558 0.533157 -0.103541 -0.270511 0.103959 -0.321565 -1 -0.494732 -0.806302 -1 0.66109 0.123889 -0.393012 -0.362219 -0.664302 -0.615708 -0.857137 -0.0317527 -0.559617 0.316814 0.267088 -0.238004 -1 -0.0721164 0.242952 -0.153343 
-0.515108 -1 -1 -0.135078 -0.708111 -0.0118045 -0.27542 0.404067 0.304131 0.0865663 0.497886 -0.313561 -0.812417 -0.785385 -1 -0.913536 0.156653 -0.790754 0.662023 0.655671 -0.62839 -0.77004 0.249766 -1 -0.0430057 -0.430098 -0.959125 -0.653149 -0.284631 0.643789 0.156261 -0.889386 0.832904 0.0376589 0.351206 0.177278 -1 0.0632012 -0.260267 -1 0.00668504 0.0424255 0.383557 -0.978324 0.00663606 0.50095 -1 -0.817179 -0.603853 0.197812 -1 -0.617516 0.316918 -0.218268 -0.200529 -1 0.734535 -0.304747 -0.425488 -0.202187 0.775331 0.265352 -0.0392355 -0.664174 0.205022 0.741685 -1 -0.128171 -0.242878 0.21987 0.548391 0.144271 0.395629 0.290295 -0.572553 0.640299 0.0273953 -0.114014 -0.117133 -0.889944 -0.976415 0.757079 -1 0.55642 0.403605 0.716989 -0.306931 -0.557026 -0.52823 0.372032 -1 -0.289176 0.0970543 -0.90949 -0.737599 0.225808 0.775151 -0.268823 0.615653 -0.541683 0.355495 0.318122 0.658561 -0.308378 -0.998112 -0.759095 -0.31508 0.224054 -0.758829 0.428727 -1 0.747321 0.0449742 0.50816 -0.101442 -0.227181 -0.214965 -0.249049 -1 -0.672212 -0.852452 -0.974467 0.529418 0.0328255 -0.393012 -0.341092 -0.732142 -0.622636 -0.761822 -0.092001 -0.723153 0.300259 0.15071 -0.349535 -0.986569 -0.00457676 0.289145 -0.454992 
-0.439242 -1 -0.811032 -0.0881806 -0.61927 0.121241 -0.146703 0.354014 0.44145 0.270147 0.432713 -0.166855 -0.862947 -1 -1 -0.772727 0.0925944 -0.829163 0.564397 0.711742 -0.562121 -0.838784 0.179037 -1 0.00131516 -0.393063 -1 -0.717285 -0.292124 0.367158 0.238032 -0.90439 0.796801 0.10698 0.277184 0.319277 -0.907379 0.0878858 -0.11572 -0.950269 0.159814 0.197853 0.531284 -1 0.15489 0.534363 -1 -0.821412 -0.647246 0.393977 -1 -0.584372 0.21337 -0.0376023 -0.154937 -0.943716 0.73097 -0.274596 -0.293373 -0.0791642 0.8616 0.235327 -0.0290553 -0.479884 0.409765 0.898385 -1 -0.0369779 -0.228726 0.348124 0.454447 0.124826 0.556426 0.279606 -0.519142 0.634632 -0.00481527 -0.241206 -0.144443 -1 -0.865606 0.773366 -0.975601 0.707859 0.389539 0.758612 -0.342808 -0.398897 -0.370623 0.351285 -1 -0.229008 -0.0334419 -0.999156 -0.721411 0.275258 0.686707 -0.148924 0.675059 -0.470257 0.446989 0.499981 0.735985 -0.284044 -1 -0.75987 -0.115333 0.1214 -0.733597 0.53397 -1 0.769213 0.106921 0.535774 -0.24869 -0.270511 0.0469057 -0.255647 -1 -0.751079 -0.708107 -1 0.456509 0.0467235 -0.456285 -0.493079 -0.562768 -0.716435 -0.779626 -0.135409 -0.559617 0.304451 0.267088 -0.326541 -1 -0.0127114 0.346467 -0.314319 
0.0292746 -0.0152036 -1 0.206066 0.694359 -0.792489 0.000832476 -1 0.725517 -1 -0.872787 -1 0.15126 -0.0856841 0.2272 -1 -0.918558 -1 0.349399 0.647199 -0.360507 -0.281566 -0.286342 0.459189 0.54743 0.796466 -0.390299 -1 -1 -0.817302 -1 -1 -0.440063 -0.404207 -1 -0.799529 0.480703 -0.0285179 -1 -1 -0.215244 -0.715827 -0.682898 0.612461 -0.860629 -0.532793 0.767726 -0.572135 -0.0343846 -0.306827 -0.634553 -0.446271 -1 -0.171696 -0.580802 0.0271166 -0.742589 0.613044 -0.465351 -0.513897 0.125169 0.00294325 -0.984493 0.43087 0.385572 -1 -0.479773 0.202545 0.920524 -1 -0.709237 -0.977127 -0.41723 -1 -0.405372 -0.238055 -0.490727 -0.297128 0.0557612 -1 -0.308954 -1 -0.146405 0.0890647 -1 -0.0536843 0.305629 0.360743 -0.0637522 -0.498853 -0.621042 0.389602 -1 -0.925063 -0.455076 -0.270595 -0.862664 -0.0265457 -0.00136419 -0.670274 0.185424 -0.0309983 -0.440083 -0.783906 -0.0509891 -0.522236 -0.247247 -0.284146 -0.366338 0.183658 -1 -1 0.143131 0.133889 -0.437568 0.083177 0.221857 -1 -0.570163 -1 -0.920143 0.496457 -0.408765 0.297921 -1 -1 -0.997371 -0.288794 0.426508 -0.153623 -0.515254 0.193641 -0.222395 0.199031 -0.608444 -0.921589 -1 -0.750581 
-0.238297 -0.121698 -0.931238 0.191884 0.704923 -0.752761 0.108921 -1 0.591592 -1 -0.829924 -1 0.192972 -0.0851502 0.219219 -1 -0.950183 -1 0.16614 0.718645 -0.448561 -0.196731 -0.149828 0.477178 0.277745 0.515788 -0.237259 -1 -1 -0.816119 -0.90735 -1 -0.658798 -0.360936 -1 -0.804379 0.577226 -0.0596927 -1 -1 -0.129245 -0.722462 -0.546629 0.61563 -0.811543 -0.532793 0.745801 -0.626094 -0.0670535 -0.290171 -0.777013 -0.578876 -1 -0.0460297 -0.595192 0.116916 -0.785874 0.604208 -0.41953 -0.858585 -0.0884194 -0.133725 -1 0.33229 0.460331 -0.985394 -0.401944 0.228016 0.838013 -0.975868 -0.666667 -1 -0.611155 -1 -0.710361 -0.305355 -0.726516 -0.317322 0.158603 -1 -0.42706 -0.973869 -0.116509 -0.0566598 -0.993613 0.00788601 0.380927 0.3344 -0.255167 -0.451877 -0.655588 0.353219 -0.953321 -0.925063 -0.509841 -0.290377 -0.734834 -0.0265457 -0.0420648 -0.505807 -0.0894375 -0.112373 -0.455455 -0.698799 -0.158585 -0.552837 -0.316136 -0.253562 -0.392217 0.0415172 -1 -1 0.152044 0.112779 -0.380154 0.0123259 0.388492 -0.98601 -0.490113 -1 -1 0.5882 -0.38648 0.127024 -1 -1 -1 -0.264291 0.557335 -0.168429 -0.257083 0.197939 -0.330461 0.0685556 -0.779446 -0.940831 -1 -0.80061 
-0.464314 -1 -0.729843 -0.0672945 -0.518658 0.149935 -0.134495 0.376934 0.44145 0.249179 0.537767 -0.177418 -0.862324 -0.815333 -1 -0.725354 0.0541317 -0.781688 0.652295 0.826196 -0.461816 -0.728439 0.249618 -1 -0.00153173 -0.303037 -1 -0.710944 -0.255099 0.676733 0.18705 -0.807473 0.901352 0.10698 0.380955 0.30813 -0.889638 0.10253 -0.105934 -0.975387 0.235917 0.224612 0.521974 -1 0.199354 0.474978 -1 -0.728638 -0.53866 0.421591 -1 -0.660859 0.277226 -0.0376023 -0.076215 -1 0.891925 -0.153092 -0.293373 -0.0358067 0.86167 0.235136 0.00976755 -0.43117 0.387117 0.876418 -1 0.00811279 -0.201055 0.348124 0.532585 0.0849656 0.496201 0.301553 -0.454446 0.794444 0.032827 -0.100162 -0.132839 -0.889944 -0.920639 0.821742 -0.949613 0.707859 0.512846 0.758612 -0.356265 -0.398897 -0.337916 0.398623 -1 -0.227109 0.128387 -0.844051 -0.597028 0.259395 0.773405 0.0269438 0.675059 -0.447485 0.53443 0.647904 0.735985 -0.195913 -0.957657 -0.659822 -0.105845 0.201975 -0.687304 0.53397 -0.973817 0.869547 0.108268 0.533157 -0.182846 -0.270511 0.123393 -0.221731 -1 -0.512521 -0.758929 -0.999386 0.637967 0.0776509 -0.393012 -0.443613 -0.603848 -0.656809 -0.789674 -0.00584069 -0.559617 0.315613 0.274365 -0.238004 -1 -0.019899 0.323454 -0.153343 
-0.0929513 -0.255961 -1 0.22136 0.694359 -0.83874 0.0875551 -1 0.780111 -0.94003 -0.808888 -0.978113 0.147129 -0.101722 0.250553 -1 -1 -1 0.349399 0.622561 -0.700909 -0.347759 -0.214956 0.254852 0.514815 0.81877 -0.528776 -1 -0.942159 -1 -1 -0.920234 -0.361936 -0.452003 -1 -0.751449 0.498946 0.0714332 -0.973724 -1 -0.106733 -0.665571 -0.67971 0.36377 -1 -0.60667 0.514627 -0.635737 -0.150824 -0.290171 -0.554943 -0.533357 -1 -0.418447 -0.768792 0.00701178 -0.773765 0.570312 -0.44961 -0.834954 0.0689145 0.00294325 -1 0.291185 0.393883 -0.930914 -0.563819 0.267382 0.790419 -1 -0.730423 -1 -0.419448 -1 -0.504181 -0.262492 -0.85255 -0.551611 0.153936 -1 -0.288083 -1 -0.178307 0.0890647 -0.915312 -0.0130548 0.30515 0.360743 -0.0950014 -0.528861 -0.872178 0.355729 -1 -1 -0.459642 -0.290377 -0.926794 -0.0884423 -0.00517242 -0.563657 -0.107038 -0.15945 -0.452828 -0.831307 -0.11436 -0.428758 -0.247247 -0.345615 -0.543027 0.0516301 -1 -1 0.202791 -0.154597 -0.405187 0.102327 0.338763 -1 -0.678897 -0.966445 -0.834717 0.570373 -0.408765 0.369066 -0.987618 -0.970478 -0.997371 -0.606954 0.404118 -0.313315 -0.517313 0.167872 -0.260159 0.158 -0.608444 -0.904746 -1 -0.898937 
-0.70407 -1 -0.846943 -0.0797086 -0.656487 0.0537215 -0.108415 0.352262 0.268943 0.24609 0.354179 -0.146414 -0.784748 -1 -1 -0.913197 -0.0608652 -0.813212 0.472734 0.8496 -0.556443 -0.94624 0.231863 -1 0.0254114 -0.48921 -1 -1 -0.264671 0.386016 -0.0173844 -0.807473 0.901352 0.0642047 0.245625 0.172078 -0.989425 0.0570118 -0.117734 -1 -0.111735 -0.0532224 0.537183 -1 0.178501 0.581412 -1 -0.743174 -0.519521 0.327553 -1 -0.645913 -0.111829 -0.0376023 -0.368624 -0.991544 0.648615 -0.19255 -0.350796 -0.30033 0.888781 0.233884 -0.0324087 -0.533495 0.360963 0.88667 -1 -0.0460614 -0.305979 0.261789 0.532585 -0.0973603 0.526654 0.20467 -0.521532 0.575685 -0.0451521 -0.151044 -0.419127 -1 -0.936797 0.705712 -1 0.618317 0.532406 0.419159 -0.56651 -0.386701 -0.307342 0.427721 -1 -0.308169 0.1029 -0.970927 -0.830446 0.0146146 0.773405 -0.233472 0.675059 -0.459124 0.363556 0.675178 0.559394 -0.257362 -1 -0.825009 -0.316415 0.210392 -0.68536 0.53975 -0.999942 0.914281 -0.189996 0.387112 -0.0493411 -0.19567 0.0719088 -0.27158 -1 -0.417895 -0.851311 -1 0.548303 0.108198 -0.312715 -0.646752 -0.992766 -0.644876 -0.789674 -0.0556956 -0.758358 0.3314 0.0762554 -0.245138 -1 -0.0991128 0.118574 -0.35891 
-0.107882 -0.18628 -1 0.144141 0.556953 -0.921807 0.252755 -1 0.60767 -1 -0.825877 -0.98927 0.0324975 -0.401693 0.236413 -0.947299 -0.909931 -1 0.175347 0.191268 -0.622537 -0.212516 -0.292693 0.389923 0.560537 0.677678 -0.603892 -1 -0.994247 -0.838069 -1 -0.957643 -0.346992 -0.664757 -0.957947 -0.864019 0.52177 -0.389419 -1 -1 -0.259211 -0.891681 -0.568983 0.406472 -1 -0.468917 0.660226 -0.943913 -0.245396 -0.452092 -0.6942 -0.464878 -0.986873 -0.162896 -0.564327 0.0363928 -0.788669 0.345776 -0.411607 -0.785463 0.0731161 -0.0545401 -0.958756 0.365678 0.263579 -0.999641 -0.653165 0.223951 0.957597 -1 -0.724518 -1 -0.712944 -1 -0.357889 -0.159916 -0.799103 -0.476799 -0.000466928 -1 -0.436485 -1 -0.32223 -0.219401 -1 -0.428928 0.423278 0.371294 0.0585067 -0.700239 -1 0.371894 -0.945992 -0.909333 -0.697241 -0.272872 -1 -0.244151 -0.208954 -0.608728 -0.0979645 -0.276899 -0.399151 -0.977394 -0.162285 -0.498314 -0.476602 -0.196264 -0.639409 -0.157995 -1 -0.987754 -0.235085 0.272807 -0.798996 0.0823877 0.0734526 -1 -0.581516 -1 -0.834717 0.650264 -0.373617 0.388768 -1 -0.959963 -1 -0.40349 0.501954 -0.201528 -0.551233 0.087269 -0.401647 -0.119795 -0.725058 -1 -1 -0.88413 
-0.487079 -0.982233 -0.850889 -0.0699526 -0.518658 0.121241 -0.134495 0.424699 0.436874 0.22556 0.548997 -0.177418 -0.814709 -0.82905 -1 -0.884665 0.1011 -0.730559 0.670142 0.815312 -0.441053 -0.711523 0.150961 -0.958572 -0.0398487 -0.341061 -0.981686 -0.631847 -0.313518 0.671375 0.148628 -0.915262 0.810598 0.10698 0.243335 0.279342 -0.945062 0.10253 -0.105934 -0.978086 0.260176 0.224612 0.531284 -1 0.199354 0.515657 -1 -0.730058 -0.53866 0.393977 -1 -0.61174 0.214039 -0.0909445 -0.13351 -1 0.896826 -0.153092 -0.28603 -0.0770697 0.785746 0.235327 -0.00266319 -0.501055 0.36888 0.899117 -0.978964 -0.00833295 -0.245085 0.36716 0.401486 0.0773048 0.556426 0.230377 -0.524282 0.76614 0.0561756 -0.139008 -0.141271 -0.866899 -0.958001 0.687338 -0.907507 0.707859 0.476873 0.688686 -0.324147 -0.398897 -0.337916 0.308942 -1 -0.256672 0.135003 -0.92372 -0.560391 0.2789 0.773405 -0.0213184 0.675059 -0.447485 0.494838 0.635576 0.693115 -0.208634 -0.939796 -0.715367 -0.193742 0.128687 -0.670226 0.515752 -0.973817 0.757958 0.0337648 0.533157 -0.174137 -0.270511 0.123393 -0.236694 -1 -0.512521 -0.763561 -1 0.637967 0.0870064 -0.434157 -0.433736 -0.675202 -0.683334 -0.781792 -0.00584069 -0.559617 0.254468 0.245656 -0.238004 -1 -0.0965494 0.338169 -0.191192 
-0.537844 -1 -0.755112 -0.204272 -0.788547 0.0789635 -0.173094 0.219838 0.373532 0.237147 0.443446 -0.188485 -0.84628 -0.89818 -1 -0.736019 -0.107043 -0.704111 0.686431 0.826196 -0.461816 -0.805364 0.253531 -1 5.49853e-05 -0.303037 -1 -0.683756 -0.256659 0.563104 0.130988 -1 0.767204 -0.101261 0.391573 0.099111 -0.900376 0.0944905 -0.130836 -0.982882 0.190563 0.133839 0.420329 -1 0.151764 0.415656 -1 -0.715345 -0.705134 0.246849 -1 -0.589996 0.182635 -0.0795444 -0.180495 -0.992908 0.811955 -0.153092 -0.492004 -0.173055 0.86745 0.00520711 -0.0233308 -0.449669 0.38808 0.903915 -0.988658 0.0273641 -0.325649 0.101554 0.436036 -0.085279 0.490204 0.162145 -0.454446 0.692366 -0.11366 -0.201892 -0.12844 -0.977049 -0.911789 0.527425 -0.939504 0.634888 0.320313 0.622672 -0.324441 -0.441934 -0.469878 0.413414 -1 -0.282313 0.0639249 -0.83789 -0.568962 0.132841 0.573217 -0.0743165 0.613698 -0.533764 0.523451 0.494215 0.546474 -0.229392 -0.918863 -0.751888 -0.0985909 0.201975 -0.781577 0.457385 -1 0.731293 0.0424283 0.369897 -0.191743 -0.256597 -0.00186311 -0.348464 -1 -0.468745 -0.935114 -1 0.47499 0.0449317 -0.46811 -0.429669 -0.74778 -0.904042 -0.82062 -0.0905449 -0.611438 0.241142 0.139965 -0.257726 -1 -0.0928975 0.197123 -0.224946 
-0.537805 -1 -1 -0.131513 -0.646108 0.122439 -0.375507 0.377627 0.219854 0.108254 0.477664 -0.262342 -0.909025 -0.867895 -0.986967 -0.858349 -0.104296 -0.689066 0.709634 0.802782 -0.466471 -0.801537 0.179361 -0.932987 0.0370475 -0.361598 -1 -0.64592 -0.255099 0.598162 0.175184 -0.923451 0.830046 0.10698 0.344974 0.221022 -0.904077 0.10253 -0.27 -1 0.261287 0.0564649 0.446957 -1 0.199354 0.458316 -1 -0.808015 -0.625808 0.283474 -0.976183 -0.546682 0.172425 -0.114621 -0.143203 -1 0.912123 -0.242768 -0.548799 -0.175034 0.621027 0.221718 -0.0938617 -0.441418 -0.0382738 0.787706 -1 0.0275422 -0.260843 0.348124 0.517438 -0.040106 0.556426 0.25874 -0.449558 0.76614 -0.179589 -0.328541 -0.216325 -0.912044 -0.952243 0.826016 -0.976508 0.707859 0.474649 0.575054 -0.33959 -0.476021 -0.332256 0.398623 -0.999624 -0.255423 0.0290013 -0.826258 -0.598741 0.251382 0.719758 -0.0119895 0.622638 -0.652073 0.56036 0.549613 0.65457 -0.199365 -1 -0.822321 -0.218243 0.136099 -0.730899 0.532324 -0.98458 0.755475 -0.0657427 0.561329 -0.0830412 -0.274167 0.0226795 -0.22293 -0.975705 -0.681012 -0.83538 -1 0.47474 -0.0457276 -0.380367 -0.376467 -0.62805 -0.652728 -0.789674 -0.00071691 -0.658962 0.249728 0.199779 -0.327897 -1 -0.019899 0.2982 -0.204956 
-0.0401426 0.0188025 -1 0.234904 0.701325 -0.903596 0.209036 -1 0.780111 -1 -0.850779 -0.913118 0.149902 -0.0851502 0.0390872 -1 -0.970412 -0.971969 0.349399 0.322411 -0.641256 -0.278391 -0.233964 0.553223 0.514815 0.776168 -0.247662 -1 -1 -1 -0.936945 -0.915308 -0.420406 -0.416167 -1 -0.768432 0.498892 -0.228355 -1 -1 -0.162 -0.670782 -0.877381 0.530587 -0.860629 -0.585859 0.767726 -0.685749 -0.122639 -0.266216 -0.841505 -0.363282 -1 -0.18591 -0.580368 0.0957735 -0.761856 0.370358 -0.604394 -0.757794 0.0111558 0.0952415 -1 0.176188 0.354987 -0.999641 -0.530545 0.228895 0.920524 -1 -0.731359 -1 -0.604584 -0.927456 -0.411282 -0.180825 -0.625374 -0.61032 -0.0578995 -1 -0.282337 -1 -0.0754828 0.0368546 -1 -0.0130548 0.319216 0.102623 -0.0751505 -0.614931 -0.744114 0.363458 -0.979354 -0.925063 -0.537996 -0.271453 -0.845474 -0.0265457 -0.0750618 -0.459926 0.18704 -0.150769 -0.49653 -0.691265 -0.0577438 -0.465461 -0.480202 -0.428503 -0.402437 0.0929004 -0.892449 -1 0.204097 -0.146899 -0.568536 0.0931701 0.0380298 -1 -0.558675 -1 -1 0.610928 -0.408765 0.362417 -1 -1 -1 -0.28335 0.556629 -0.216425 -0.446451 0.21945 -0.288496 0.115937 -0.706366 -0.886709 -1 -0.649034 
-0.48048 -1 -0.755112 -0.0672945 -0.589579 0.121241 -0.134495 0.424699 0.44145 0.260773 0.537767 -0.177418 -0.784748 -0.815333 -1 -0.725354 0.1011 -0.704111 0.652295 0.718279 -0.461816 -0.728439 0.249618 -0.940333 0.0370475 -0.370048 -1 -0.677904 -0.255099 0.676733 0.18705 -0.807473 0.901352 0.110356 0.380955 0.301997 -0.907379 0.0344017 -0.105934 -1 0.22557 0.224612 0.498376 -1 0.199354 0.480209 -1 -0.804553 -0.534443 0.393977 -1 -0.576622 0.27603 -0.024585 -0.0711449 -0.985036 0.891925 -0.153092 -0.293373 -0.0889022 0.86167 0.256138 -0.0460855 -0.456773 0.387117 0.777961 -1 0.00811279 -0.224962 0.348124 0.532585 0.0869581 0.529545 0.301553 -0.454446 0.76614 0.032827 -0.100162 -0.141271 -0.866006 -0.865606 0.844068 -0.928341 0.707859 0.513457 0.758612 -0.33959 -0.476622 -0.354486 0.398623 -1 -0.227109 0.131607 -0.844051 -0.593593 0.260394 0.72101 0.0211592 0.675059 -0.506137 0.459484 0.641765 0.735985 -0.197554 -0.957657 -0.677088 -0.146406 0.0932738 -0.65157 0.53397 -0.973817 0.869547 0.108268 0.451625 -0.107627 -0.322051 0.0867381 -0.249049 -1 -0.498038 -0.763561 -1 0.637967 0.108198 -0.393012 -0.362219 -0.639208 -0.652894 -0.796204 -0.00584069 -0.559617 0.2616 0.267088 -0.362251 -1 -0.019899 0.323454 -0.153343 
0.0292746 -0.0435343 -1 0.234904 0.723069 -0.792489 0.108439 -1 0.780111 -1 -0.868759 -1 0.21826 -0.134214 0.23459 -1 -1 -1 0.319086 0.601857 -0.457532 -0.278391 -0.209266 0.553223 0.514815 0.776168 -0.36546 -1 -1 -0.905665 -0.936945 -1 -0.417164 -0.435093 -1 -0.768432 0.393087 -0.0285179 -1 -1 -0.168509 -0.670782 -0.642897 0.534639 -0.860629 -0.585859 0.707841 -0.573458 -0.0354518 -0.266216 -0.594768 -0.397134 -1 -0.14355 -0.608914 0.0271166 -0.788345 0.463453 -0.386403 -0.543142 0.0665992 -0.00733559 -0.994234 0.376642 0.385572 -0.999641 -0.49913 0.228895 0.920524 -1 -0.79864 -1 -0.41723 -1 -0.405372 -0.360247 -0.537548 -0.323551 0.149712 -0.946372 -0.288083 -1 -0.265854 0.0347391 -1 -0.0635855 0.379667 0.360743 -0.0751505 -0.649172 -0.675978 0.344146 -0.979354 -0.925063 -0.537996 -0.350652 -0.92823 -0.0265457 -0.0450788 -0.505807 0.111142 0.0257645 -0.49653 -0.724641 -0.163557 -0.463672 -0.247247 -0.258987 -0.419449 0.0737915 -0.878093 -0.996861 0.179023 0.0953111 -0.397557 0.0923029 0.305144 -1 -0.558675 -1 -0.977129 0.515614 -0.496289 0.366843 -1 -1 -1 -0.230373 0.557335 -0.216425 -0.446451 0.193641 -0.190469 0.110898 -0.684005 -0.886709 -1 -0.821891 
-0.24338 -0.3873 -1 -0.0952263 0.721144 -1 -0.0169514 -1 0.300579 -1 -1 -1 -0.0836568 -0.254453 0.159945 -0.955691 -0.945525 -1 0.067461 0.791586 -0.411769 -0.0563815 -0.203043 0.258496 0.345451 0.570439 -0.517718 -0.995162 -1 -1 -0.987742 -1 -0.68177 -0.59826 -1 -1 0.30732 -0.317321 -1 -1 -0.965384 -1 -0.64408 0.562128 -1 -0.58402 0.55724 -0.886472 -0.398827 -0.606307 -0.630167 -1 -1 -0.586063 -0.563202 -0.127162 -1 0.673949 -0.595061 -0.620037 -0.176773 -0.649171 -0.953127 0.521693 0.189702 -1 -0.827991 0.144212 1 -1 -0.724091 -0.975707 -0.305582 -1 -0.422658 -0.538616 -1 -0.346408 -0.0916397 -0.916769 -0.375349 -1 -0.199742 0.0155531 -1 -0.202356 0.325055 0.121927 -0.420292 -0.569184 -0.896392 0.269473 -0.975459 -0.964955 -0.552423 -0.369821 -1 0.0251091 -0.099733 -0.719073 -0.0898873 -0.0751859 -0.516897 -0.862978 -0.0506337 -0.833809 -0.225146 -0.313964 -0.631344 -0.0244012 -1 -0.975241 -0.0415076 0.225223 -0.524333 0.0823877 0.324428 -1 -0.570439 -0.94853 -0.913537 0.454895 -0.403035 0.388634 -1 -1 -0.956284 -0.26392 0.311823 -0.335962 -0.516671 -0.181912 -0.379413 0.238475 -0.78651 -1 -1 -1 
-0.157616 -0.0431171 -1 -0.101658 0.310922 -0.757688 0.143569 -1 0.780111 -1 -0.835109 -1 0.201911 -0.264131 0.0462926 -1 -1 -1 0.196221 0.718645 -0.589243 -0.120961 -0.30276 0.488841 0.549073 0.794767 -0.306152 -1 -1 -0.879383 -1 -0.900529 -0.515201 -0.332966 -0.993492 -1 0.605924 0.127867 -1 -0.953647 -0.332233 -0.79384 -0.701028 0.311703 -0.888847 -0.67549 0.609965 -0.53803 -0.290256 -0.480704 -0.553268 -0.510417 -0.967386 -0.192022 -0.669078 -0.389958 -1 0.515585 -0.678012 -0.779261 0.149111 -0.274853 -1 0.470951 0.470666 -0.999641 -0.736322 -0.157194 0.833666 -1 -0.542398 -1 -0.332682 -1 -0.661692 -0.216883 -0.543668 -0.420351 0.0884825 -1 -0.306164 -1 -0.0681366 -0.128433 -1 -0.0130548 0.465778 0.124281 -0.0336245 -0.56138 -0.808022 0.356037 -1 -0.988141 -0.51496 -0.209919 -1 -0.0783214 -0.117648 -0.505807 0.00111268 -0.00160059 -0.503433 -0.917243 -0.098888 -0.405163 -0.305559 -0.184694 -0.43122 0.182797 -0.847288 -0.973683 0.14319 0.272807 -0.376761 -0.0315681 0.16797 -1 -0.707623 -0.93194 -1 0.64925 -0.645242 0.460276 -0.940175 -1 -1 -0.356997 0.410784 -0.39862 -0.545901 -0.411378 -0.424826 0.150627 -1 -1 -0.974526 -0.685663 
0.00424717 -0.0400883 -1 0.256193 0.617975 -1 0.196009 -1 0.724734 -1 -0.833912 -1 0.125846 -0.225457 0.202695 -1 -0.965768 -1 0.302631 0.696258 -0.30415 -0.1116 -0.214215 0.357372 0.423828 0.703253 -0.306152 -1 -1 -0.729656 -1 -1 -0.502884 -0.373628 -0.987337 -0.751006 0.562728 0.0550361 -1 -0.881998 -0.129245 -0.694954 -0.673413 0.442835 -0.938282 -0.564908 0.835 -0.540439 -0.219508 -0.585262 -0.647484 -0.331688 -1 -0.168397 -0.78085 -0.0602494 -0.856847 0.67297 -0.411607 -0.752957 0.0787662 0.0309856 -1 0.30706 0.331703 -0.975899 -0.57252 0.121478 0.83958 -1 -0.670703 -1 -0.383044 -1 -0.502638 -0.211964 -0.814893 -0.428069 0.199611 -1 -0.469502 -1 -0.165047 -0.0844868 -0.94718 0.00344202 0.365871 0.214502 0.0329501 -0.747437 -0.608012 0.360863 -0.953958 -1 -0.39638 -0.317357 -0.826519 -0.0265457 -0.0445304 -0.50368 0.27607 -0.329229 -0.469003 -0.644011 -0.0271179 -0.478135 -0.437581 -0.153157 -0.356947 0.0771729 -0.892449 -1 0.218478 0.264578 -0.421497 0.116872 0.315174 -1 -0.471078 -1 -1 0.422934 -0.608053 0.327691 -1 -0.978947 -0.910894 -0.264291 0.384732 -0.315046 -0.402964 0.177377 -0.216717 0.102259 -0.943367 -0.925407 -1 -0.970752 
-0.487079 -0.903441 -1 -0.0781796 -0.73935 -0.126205 -0.108415 0.394858 0.27282 0.348013 0.437846 -0.192449 -0.806933 -1 -1 -0.812558 -0.00200201 -0.782569 0.652295 0.901767 -0.710073 -0.766869 0.256758 -0.976836 0.0254114 -0.398209 -0.997066 -0.852807 -0.548501 0.501526 -0.0748587 -1 0.973606 0.0503696 0.245625 0.279342 -1 0.0570118 -0.077785 -1 0.179104 0.230627 0.445183 -1 0.0286294 0.515657 -1 -0.716858 -0.790514 -0.00247455 -1 -0.745269 0.177169 -0.0376023 -0.223088 -0.999251 0.873946 -0.16352 -0.556363 -0.0953502 0.885674 0.233884 -0.0324087 -0.610844 0.398199 0.876418 -1 -0.18189 -0.137241 0.181012 0.532585 -0.0085829 0.370066 0.131297 -0.590577 0.503433 0.0548228 -0.225301 -0.462594 -1 -0.936797 0.815127 -1 0.389994 0.443173 0.463027 -0.461163 -0.676813 -0.51349 0.0680218 -0.969899 -0.308169 0.0356378 -0.869082 -0.650537 0.267617 0.521693 -0.0963316 0.757068 -0.469512 0.512433 0.646016 0.693177 -0.249662 -1 -0.819242 -0.276962 0.143201 -0.68536 0.470628 -0.97518 0.869547 0.0525436 0.316165 -0.130515 -0.279125 0.056535 -0.489112 -1 -0.512521 -0.792419 -1 0.548303 -0.237891 -0.397303 -0.645883 -0.895651 -0.775848 -0.827641 -0.0650245 -0.76081 0.0685527 0.0261085 -0.24093 -1 -0.099938 0.248641 -0.168757 
-0.487079 -1 -0.842769 -0.0975879 -0.492476 0.0984606 -0.209952 0.38344 0.44145 0.260773 0.537767 -0.217182 -0.910095 -0.815333 -1 -0.725354 0.1011 -0.776893 0.588115 0.760922 -0.556772 -0.786571 0.249618 -1 0.0370475 -0.34019 -1 -0.631847 -0.313946 0.676733 0.214852 -0.807473 0.849389 0.10698 0.364321 0.279342 -0.931761 0.0603219 -0.105934 -0.968957 0.239411 0.159023 0.531011 -0.984156 0.199354 0.521045 -1 -0.74496 -0.65266 0.226198 -1 -0.612574 0.238091 -0.0406701 -0.0890903 -1 0.89898 -0.127432 -0.293373 -0.0929645 0.864774 0.235327 -0.0365774 -0.50524 0.387117 0.844356 -1 -0.0790414 -0.223564 0.223081 0.532585 0.105757 0.556426 0.278622 -0.454446 0.76614 0.0409314 -0.100162 -0.261446 -0.979675 -0.879888 0.78844 -0.95154 0.719353 0.512846 0.690247 -0.33959 -0.398897 -0.337916 0.389916 -1 -0.293624 0.0238737 -0.844051 -0.66303 0.259395 0.699636 0.0269438 0.675059 -0.516487 0.426806 0.60766 0.735985 -0.195913 -0.998949 -0.729089 -0.110833 0.166744 -0.651468 0.408802 -0.973817 0.869547 0.079463 0.456139 -0.107627 -0.270511 0.0688211 -0.253101 -1 -0.57637 -0.763561 -0.9456 0.637967 0.112149 -0.417394 -0.446322 -0.673092 -0.709407 -0.789674 -0.0408733 -0.572172 0.276601 0.267088 -0.302509 -1 -0.0957922 0.323454 -0.203829 
-0.487079 -1 -0.755112 -0.0672945 -0.623795 0.121241 -0.134495 0.424699 0.472613 -0.0315043 0.594208 -0.177418 -1 -1 -1 -0.725354 0.149074 -0.704111 0.438181 0.650218 -0.461816 -0.70863 0.299552 -0.958572 0.0370475 -0.5051 -0.966538 -0.631847 -0.255099 0.676733 0.18705 -0.807473 0.969385 0.192369 0.268941 0.00808477 -0.907379 0.106976 -0.252685 -0.998464 0.273948 -0.0447073 0.304203 -0.950093 0.199354 0.515657 -1 -0.74496 -0.643774 0.393977 -1 -0.776351 0.277226 -0.188378 -0.340547 -0.961218 0.891925 -0.246549 -0.487017 -0.326426 0.86167 0.235327 0.0485176 -0.534475 0.387117 0.681609 -1 0.00811279 -0.468912 0.266504 0.578838 -0.208079 0.556426 0.301553 -0.67274 0.532941 0.032827 -0.30727 -0.141271 -0.890935 -0.865606 0.821742 -1 0.707859 0.41109 0.758612 -0.33959 -0.602548 -0.337916 0.232917 -1 -0.287888 -0.028658 -0.844051 -0.548685 0.259395 0.773405 0.0269438 0.675059 -0.411642 0.572564 0.647904 0.457968 -0.195913 -0.957657 -0.659822 -0.105845 0.201975 -0.670226 0.53397 -1 0.869547 -0.088099 0.37863 -0.107627 -0.270511 -0.14268 -0.249049 -1 -0.418503 -0.763561 -0.9456 0.637967 0.113624 -0.612607 -0.366628 -0.603848 -0.65998 -0.789674 -0.285604 -0.559617 0.293028 0.267088 -0.238004 -1 -0.00817946 0.160105 -0.192168 
-0.78606 -1 -0.926136 -0.379923 -0.68472 0.218072 -0.139456 0.424699 0.179057 0.0533257 0.595952 -0.260524 -1 -1 -0.891691 -0.81779 -0.184101 -0.610221 0.388677 0.769894 -0.555674 -0.869294 0.0728387 -0.975018 -0.0641987 -0.418754 -1 -0.631847 -0.343141 0.588638 -0.104323 -0.901704 0.743495 -0.0964761 0.15918 0.368159 -1 -0.181251 0.00187033 -0.953911 0.177561 -0.0294326 -0.0589028 -1 0.168852 0.285433 -1 -0.783751 -0.857918 0.198279 -0.984126 -0.692357 0.232198 -0.0376023 -0.252079 -1 0.555072 -0.382717 -0.533597 -0.287762 0.694012 0.089071 0.115372 -0.374544 0.258662 0.624885 -1 -0.0969124 -0.0967214 0.348124 0.177542 0.0647419 0.462011 0.0965928 -0.592477 0.793242 -0.0413769 -0.100162 -0.269403 -0.946487 -1 0.657548 -0.996883 0.621935 0.215967 0.443844 -0.551153 -0.750614 -0.668595 0.134869 -1 -0.348376 -0.38676 -0.976043 -0.84064 0.339103 0.692286 -0.234655 0.63366 -0.429392 0.439434 0.469092 0.790514 -0.454593 -1 -0.777401 -0.139994 -0.150605 -0.70897 0.422775 -1 0.751091 0.0921914 0.511592 -0.107627 -0.521951 0.152543 -0.457393 -0.906306 -0.558541 -0.893868 -0.793595 0.667323 0.0211511 -0.440577 -0.435758 -0.674336 -0.722434 -0.96577 0.0111769 -0.611609 0.367203 0.012104 -0.233854 -0.926512 -0.0878109 -0.218805 -0.383285 
-0.524077 -0.375998 -1 -0.227599 0.679098 -1 0.223315 -1 0.635638 -1 -0.893698 -1 -0.106449 -0.463671 -0.0161895 -1 -0.912522 -1 0.257078 0.602465 -0.393138 -0.291296 -0.143222 -0.0654311 0.586186 0.832852 -0.521542 -0.945663 -1 -0.952493 -1 -1 -0.74657 -0.404701 -1 -1 0.239132 -0.14437 -1 -1 -0.677484 -0.868117 -0.77053 0.556737 -0.840859 -0.572704 0.500163 -0.523605 -0.190608 -0.304037 -0.766227 -0.36263 -1 -0.589858 -0.675824 -0.170361 -0.787741 0.560106 -0.599215 -1 0.0366484 -0.330821 -1 0.327097 -0.0557504 -1 -0.453548 0.159021 0.773539 -0.918561 -0.884839 -1 -0.463866 -1 -0.763835 -0.427404 -0.934108 -0.311018 -0.187124 -1 -0.303667 -1 -0.118941 -0.319789 -1 -0.299726 0.179159 0.105425 -0.0666854 -0.405519 -0.625065 0.235714 -1 -1 -0.710699 -0.340445 -1 -0.0433353 -0.0315574 -0.554609 0.151516 0.02881 -0.8201 -0.787487 -0.00587809 -0.82977 -1 -0.21551 -0.49393 -0.069146 -1 -0.922158 0.13231 0.224229 -0.653215 0.0514805 0.306115 -0.976849 -0.784339 -0.956973 -1 0.67592 -0.420666 0.337207 -1 -0.926295 -1 -0.277125 0.432539 -0.224347 -0.530096 0.261943 -0.69794 0.212227 -0.676288 -1 -1 -1 
-0.457852 -1 -0.891843 -0.0573525 -0.888061 -0.0145505 -0.256882 0.131019 0.118094 0.132624 0.176615 -0.0928578 -0.931348 -1 -1 -0.721519 0.1011 -0.704111 0.371844 0.707218 -0.554386 -0.785843 0.244181 -1 -0.147592 -0.381318 -1 -0.61341 -0.213678 0.676733 -0.0539399 -0.843428 0.738613 0.0812404 0.358781 0.279342 -1 0.22171 -0.32304 -0.926734 0.203047 -0.219467 0.424736 -1 0.0948949 0.388488 -1 -0.998447 -0.522456 0.188445 -1 -0.876942 -0.0499634 -0.130837 -0.233369 -0.979846 0.676021 -0.0555157 -0.293373 -0.251 0.594001 0.253751 -0.0456997 -0.723894 0.36831 0.876418 -1 -0.164177 -0.337171 0.109206 0.611941 0.0793086 0.528182 0.147417 -0.376875 0.680964 -0.15577 -0.0697158 -0.224552 -0.889944 -1 0.821742 -1 0.413351 0.350392 0.566524 -0.458258 -0.327784 -0.411131 0.273915 -1 -0.487896 0.153291 -0.903168 -0.854938 0.303322 0.461121 -0.0582601 0.413264 -0.514836 -0.00491847 0.440706 0.676847 -0.479765 -0.961586 -0.705106 -0.229663 -0.0605953 -0.518464 0.445023 -0.895815 0.991174 0.0113603 0.52154 -0.195948 -0.333619 0.157539 -0.520919 -0.937487 -0.387442 -0.935303 -0.946418 0.410942 -0.0977748 -0.453597 -0.356888 -0.866661 -0.580086 -0.997497 -0.0949685 -0.559617 0.315613 0.234918 -0.201495 -1 -0.0551484 0.142256 -0.338387 
-0.454115 -0.973705 -0.861506 -0.259022 -0.570252 0.0260936 -0.157959 0.219497 0.357691 0.289536 0.20371 -0.271848 -0.802511 -0.873676 -1 -0.771328 0.0958052 -0.789 0.618568 0.713162 -0.562121 -0.942342 0.0164142 -1 0.0965376 -0.520387 -1 -0.740016 -0.159393 0.219391 0.149403 -0.839458 0.855926 0.127989 0.018729 -0.0215492 -0.858486 0.0251458 -0.105934 -1 0.212076 0.178597 0.59301 -1 0.102755 0.446068 -1 -0.816515 -0.765549 0.292845 -0.927074 -0.57463 0.0855664 -0.331589 -0.109074 -0.969546 0.538558 -0.274203 -0.32938 0.000167824 0.86261 0.235327 -0.0902948 -0.617973 0.358188 0.783815 -0.974461 -0.172735 -0.200719 0.354392 0.424686 0.033792 0.557148 0.357768 -0.519142 0.75561 0.032827 -0.225966 -0.14394 -1 -0.806108 0.848931 -1 0.707859 0.322493 0.758612 -0.470889 -0.476215 -0.367247 0.351285 -1 -0.528867 0.0445404 -0.946097 -0.776565 0.1752 0.79382 -0.199639 0.675059 -0.544721 0.424037 0.373473 0.771098 -0.300293 -1 -0.716681 -0.134408 0.199597 -0.991107 0.53397 -0.989353 0.868259 0.108842 0.414767 -0.282534 -0.270511 0.123393 -0.290916 -1 -0.805334 -0.857565 -1 0.57173 -0.0718157 -0.464681 -0.479407 -0.606296 -0.716435 -0.789361 -0.167149 -0.61398 0.217938 0.267088 -0.310499 -0.994605 -0.0982561 0.0488029 -0.169826 
-0.154517 -0.0514464 -1 -0.0189508 0.538198 -0.916488 0.103288 -1 0.458773 -0.980207 -0.868638 -0.865378 -0.289908 -0.620359 0.302614 -1 -1 -0.983669 0.297244 0.4562 -0.527972 -0.303784 -0.354123 0.266546 0.116727 0.485159 -0.513651 -1 -1 -0.817302 -1 -1 -0.856532 -0.349386 -1 -0.945886 0.0317384 -0.339633 -0.920356 -1 -0.135514 -0.968736 -0.717153 0.480924 -0.97261 -0.706382 0.48703 -0.89932 -0.182929 -0.309175 -1 -0.298748 -1 -0.35767 -0.958799 -0.144854 -1 0.259744 -0.494674 -0.768535 -0.22678 -0.272075 -0.917429 0.281669 0.298935 -0.975282 -1 -0.156775 0.0996852 -1 -0.736149 -1 -0.423057 -1 -1 -0.495099 -0.948382 -0.325024 -0.261974 -1 -0.621149 -1 -0.398533 -0.138522 -1 -0.357758 0.10851 0.0313437 -0.240285 -0.807289 -0.862356 0.108114 -0.878111 -1 -1 -0.570384 -0.726614 -0.0775299 -0.291759 -0.672519 -0.0485077 -0.182507 -0.489175 -0.810129 -0.633842 -0.537356 -0.243223 -0.191521 -0.634829 0.103203 -1 -0.954741 0.156509 -0.0377866 -0.692189 0.199872 0.125956 -1 -0.413613 -1 -1 0.645904 -0.74864 0.305281 -1 -0.899339 -1 -0.235684 0.0288187 -0.593904 -0.561627 -0.10805 -0.634231 -0.0235916 -0.853559 -1 -1 -0.800104 
-0.715912 -1 -1 -0.0927126 -0.551226 0.0180272 -0.348922 0.462374 0.226179 0.350843 0.43818 -0.477127 -0.796973 -1 -1 -0.919109 0.1011 -0.904308 0.210332 0.760728 -0.816107 -1 0.23058 -0.972879 -0.258365 -0.309167 -1 -0.767993 -0.733635 0.678713 0.0377571 -0.921344 0.712722 -0.0661432 0.066328 -0.310852 -0.895692 0.00946287 -0.18495 -0.998464 -0.141096 -0.0255802 0.282808 -1 0.229521 0.42627 -0.991068 -0.985544 -0.685439 0.160227 -1 -0.749081 -0.0431503 -0.207697 -0.350491 -1 0.575946 -0.285116 -0.276941 -0.131753 0.778131 -0.292617 -0.101978 -0.747712 0.22305 0.646765 -1 -0.336443 -0.312317 0.277492 0.582359 0.0383387 0.00068745 0.0719476 -0.820488 0.321662 -0.267414 -0.69843 -0.0578355 -0.983576 -1 0.67823 -1 0.707859 0.242885 0.578065 -0.443031 -0.387224 -0.531612 0.238355 -1 -0.4073 -0.0879735 -0.917914 -0.770606 -0.101877 0.810128 0.0110686 0.271589 -0.500335 0.367862 0.205887 0.453234 -0.161108 -1 -0.646729 -0.361467 0.215394 -0.847047 0.447475 -1 0.593141 0.13894 0.350844 -0.0921179 -0.778926 -0.195489 -0.354688 -1 -0.78258 -0.830371 -1 0.348284 0.0771932 -0.827893 -0.543882 -0.737426 -0.929785 -0.758129 -0.263769 -0.559617 0.333158 0.163508 -0.48816 -0.964857 -0.0607709 -0.257977 -0.236551 
-0.119397 -0.371467 -0.960146 0.101288 0.690537 -0.871378 -0.0428056 -0.995118 0.298219 -0.968552 -0.989773 -1 0.173192 -0.284731 0.321233 -1 -0.987635 -0.981589 0.167492 0.846543 -0.657093 -0.0807927 -0.2498 0.438602 0.468144 0.710091 -0.54004 -1 -1 -0.989557 -0.978913 -0.963267 -0.361936 -0.479847 -1 -0.987975 0.330797 -0.276316 -1 -1 -0.872608 -1 -0.702095 0.59397 -1 -0.605771 0.804867 -0.752858 -0.473471 -0.4047 -0.716232 -0.845809 -0.933537 -0.555695 -0.543956 -0.259079 -1 0.547179 -0.471846 -0.607327 -0.298671 -0.62003 -0.988447 0.4841 0.043106 -1 -0.923101 0.0958489 0.820686 -0.984084 -0.800481 -1 -0.305582 -1 -0.457098 -0.23356 -0.825803 -0.312548 -0.167054 -1 -0.441967 -1 -0.348433 -0.0600437 -1 -0.02087 0.271119 -0.102662 -0.462002 -0.775573 -0.74062 0.2336 -0.990289 -0.930696 -0.55169 -0.423049 -1 -0.0359141 0.00119869 -0.745076 0.141217 -0.372544 -0.621805 -0.633364 -0.149167 -0.927365 -0.169288 -0.389104 -0.636489 -0.223094 -0.953819 -1 -0.232286 0.225223 -0.524333 0.0140266 0.424415 -0.939983 -0.696967 -0.931041 -0.869651 0.436472 -0.651769 0.266281 -0.95344 -1 -0.956284 -0.263782 0.396076 -0.242502 -0.522113 -0.0712162 -0.451221 0.135535 -0.718438 -0.941263 -0.991058 -0.85734 
-0.416683 -1 -0.803455 -0.14952 -0.518658 -0.0861743 -0.134495 0.294676 0.439498 0.260773 0.449033 -0.177418 -0.793806 -0.854184 -0.99807 -0.706875 0.1011 -0.704111 0.652295 0.826196 -0.737728 -0.833061 0.249618 -0.933471 -0.13159 -0.303037 -1 -0.86933 -0.564072 0.712809 0.18705 -0.813465 0.901352 0.10698 0.382964 0.340618 -1 0.10253 -0.158181 -0.998464 0.109755 -0.0182298 0.531284 -1 0.157111 0.466463 -1 -0.996949 -0.598794 0.45055 -1 -0.772008 0.277226 -0.0975396 -0.0711449 -1 0.891925 -0.137663 -0.293373 -0.059853 0.885707 0.060354 0.114326 -0.486992 0.387117 0.719055 -1 0.00811279 -0.201055 0.183612 0.45061 0.148414 0.556426 0.297083 -0.454446 0.712523 0.032827 -0.305217 -0.118815 -0.984122 -1 0.821742 -0.928341 0.451241 0.395654 0.652889 -0.431019 -0.339654 -0.337916 0.269439 -1 -0.182603 0.197742 -0.844051 -0.593593 0.259395 0.773405 -0.0548534 0.590108 -0.447485 0.409597 0.705561 0.738704 -0.195913 -0.957657 -0.67598 -0.105845 0.228595 -0.670226 0.27014 -1 0.869547 0.0780914 0.444841 -0.0537445 -0.23547 0.123393 -0.447857 -1 -0.531266 -0.895848 -1 0.729083 0.0655889 -0.442911 -0.638272 -0.65777 -0.648276 -1 -0.0766364 -0.593929 0.388442 0.179356 -0.238004 -1 -0.019899 0.323454 -0.153343 
-0.717975 -1 -0.769324 -0.117952 -0.855518 -0.0184921 -0.26263 0.437701 0.311009 0.0204139 0.412915 -0.228344 -1 -1 -1 -0.888468 -0.143336 -0.704111 0.447095 0.828028 -0.465815 -0.923498 0.372423 -0.999899 0.0370475 -0.517181 -1 -0.677153 -0.461874 0.384654 0.136082 -0.892014 0.742997 -0.128645 -0.0279997 -0.107704 -1 0.0018553 -0.283796 -0.961966 -0.235176 0.152651 0.230441 -1 0.0720483 0.496508 -1 -0.860615 -0.468596 0.1941 -0.862026 -0.720983 0.277226 -0.229815 -0.223658 -1 0.828882 -0.381122 -0.526061 -0.205536 0.604379 0.262652 0.0645713 -0.577828 0.271231 0.81147 -1 -0.0890046 -0.439207 0.154471 0.557187 -0.329217 0.326444 0.238525 -0.786282 0.692985 -0.228236 -0.129906 -0.490972 -1 -1 0.717993 -1 0.558398 0.198918 0.673402 -0.668079 -0.651218 -0.276486 0.189544 -0.992442 -0.420996 0.173479 -1 -0.697167 0.314431 0.723222 -0.468316 0.629861 -0.604396 0.454628 0.458719 0.735192 -0.482594 -1 -0.865677 -0.0991488 0.11707 -0.763013 0.477854 -0.991879 0.453239 0.178563 0.0651225 -0.376995 -0.551698 -0.146069 -0.308106 -1 -0.671316 -0.788152 -1 0.551598 -0.0984339 -0.776463 -0.585795 -0.628597 -0.604389 -0.908284 -0.206561 -0.807842 0.234368 0.161998 -0.473907 -1 -0.113903 -0.0427555 -0.296769 
-0.487079 -1 -0.755112 -0.266526 -0.678319 0.0906591 -0.324043 0.366226 0.17625 -0.0910069 0.273773 -0.385836 -0.712929 -0.994491 -1 -0.725354 0.1011 -0.644537 0.69569 0.854239 -0.6367 -0.768171 0.249618 -1 0.0370475 -0.385573 -1 -0.631847 -0.255099 0.631473 0.0708344 -1 0.724855 0.10698 0.380955 0.169643 -0.943003 -0.171818 -0.303106 -1 0.111956 0.291364 0.529114 -1 0.199354 0.317463 -1 -0.74496 -0.53866 0.482471 -1 -0.576622 0.300244 -0.11102 -0.247633 -1 0.910135 -0.153092 -0.548012 -0.279225 0.780801 0.00728954 0.0485176 -0.521327 0.291322 0.656174 -1 -0.0353491 -0.201055 0.397562 0.53113 0.0743216 0.319493 0.211472 -0.745215 0.743922 0.100411 -0.444268 -0.310612 -0.889944 -0.865606 0.866278 -1 0.707859 0.475205 0.662494 -0.285492 -0.398897 -0.406181 0.497646 -1 -0.446045 0.128451 -0.967202 -0.593593 0.223371 0.602201 0.0269438 0.582198 -0.466894 0.477449 0.711888 0.458317 -0.333581 -0.957657 -0.981778 -0.119754 0.0607149 -0.778077 0.53397 -0.973817 0.805377 0.0535848 0.408512 -0.211965 -0.174544 -0.126059 -0.249049 -1 -0.425823 -0.865932 -0.930047 0.459314 0.0768586 -0.393012 -0.495143 -0.694637 -0.939837 -0.843399 -0.00584069 -0.638221 0.336438 0.267088 -0.328839 -1 -0.019899 0.273876 -0.153343 
-0.670029 -1 -0.932822 -0.119614 -0.567714 0.000810232 -0.21018 0.380016 0.315397 0.224677 0.5507 -0.304401 -0.887537 -1 -1 -0.725354 -0.0181395 -0.744089 0.652162 0.781834 -0.657602 -0.784835 0.1918 -1 0.0457136 -0.439631 -1 -0.66935 -0.340772 0.530258 0.102887 -1 0.636031 0.0101376 0.287253 0.0192878 -0.988858 0.00298368 -0.468399 -1 0.170015 0.157378 0.525841 -1 0.122461 0.431696 -1 -1 -0.703395 0.323449 -0.936873 -0.834256 0.0190173 -0.00315335 -0.050114 -0.99314 0.573005 -0.165971 -0.35048 -0.0532054 0.464009 0.277599 -0.0550076 -0.718601 0.434444 0.771125 -0.942212 -0.216747 -0.469151 0.331798 0.34702 0.0678368 0.498821 0.0518026 -0.454446 0.80142 -0.0261181 -0.235317 -0.405022 -0.84453 -0.949525 0.752366 -0.928341 0.632034 0.493467 0.640427 -0.379746 -0.39846 -0.404566 0.179809 -1 -0.411995 0.0505211 -0.851823 -0.590049 0.171497 0.734807 -0.0738717 0.488085 -0.532783 0.452715 0.330803 0.496554 -0.110208 -1 -0.721709 -0.23877 0.21389 -0.717095 0.203896 -0.973817 0.882687 -0.185965 0.526859 -0.246517 -0.445174 0.0608543 -0.235938 -1 -0.764925 -0.802079 -0.9456 0.552746 0.012085 -0.756288 -0.395436 -0.667135 -0.620804 -0.789674 -0.25271 -0.559617 0.306267 0.278237 -0.303324 -1 -0.0180696 0.362305 -0.537826 
0.154836 -0.088983 -1 0.125693 0.62404 -1 0.25929 -1 0.679545 -1 -0.92367 -1 0.21826 -0.0851502 0.0352004 -1 -0.970412 -0.917931 0.349399 0.607004 -0.369736 -0.389869 -0.152381 0.505309 0.60071 0.634125 -0.430895 -1 -1 -0.910735 -1 -1 -0.417164 -0.47213 -1 -0.772337 0.527603 -0.0285179 -1 -1 -0.392688 -0.732286 -0.699851 0.257355 -0.884088 -0.532297 0.796997 -0.688781 -0.201491 -0.332066 -0.557745 -0.363282 -1 -0.175687 -0.730904 -0.0617752 -0.785291 0.445208 -0.386403 -0.525247 0.0877418 -0.0723625 -1 0.376642 0.385572 -0.965816 -0.479773 0.114112 0.844463 -1 -0.781796 -1 -0.74842 -1 -0.376878 -0.402798 -0.56223 -0.64178 0.149712 -1 -0.286732 -0.981149 -0.235449 0.110035 -1 -0.0630986 0.265708 0.0531184 -0.0862005 -0.747005 -0.59829 0.354652 -1 -0.925063 -0.598717 -0.290377 -1 -0.254199 -0.0750618 -0.513019 0.181374 -0.00160059 -0.546355 -0.869345 -0.0759417 -0.43912 -0.332384 -0.40941 -0.743445 0.119861 -1 -1 0.102909 -0.303649 -0.501861 0.0923029 0.38162 -1 -0.634676 -1 -0.860204 0.507187 -0.408765 0.47715 -1 -0.93195 -1 -0.33237 0.546316 -0.302781 -0.766604 0.134518 -0.204578 -0.0804487 -0.627091 -0.897887 -1 -0.750581 
-0.195252 -0.137723 -1 -0.20541 0.694359 -1 0.187881 -0.991844 0.691785 -0.992143 -0.847414 -1 -0.0560631 -0.207381 -0.135661 -1 -1 -1 0.262528 0.700953 -0.405761 -0.462138 -0.221804 0.274058 0.502855 0.846958 -0.617442 -0.963629 -1 -1 -0.946616 -1 -0.3598 -0.4709 -1 -0.786307 0.499097 -0.11666 -1 -1 -0.526773 -0.781182 -0.786671 0.643639 -0.908694 -0.584556 0.619911 -0.677951 -0.515452 -0.508032 -0.531561 -0.308929 -1 -0.448926 -0.666548 -0.0804689 -0.880176 0.526476 -0.574794 -0.955376 0.128445 0.00294325 -0.958756 0.470951 0.174277 -0.935748 -0.479773 0.242101 0.518884 -1 -0.978714 -1 -0.379947 -0.97884 -0.662075 -0.497055 -0.523851 -0.315715 0.0133828 -1 -0.344984 -1 -0.157857 -0.278524 -1 -0.306256 0.279705 0.233036 -0.18774 -0.399317 -0.691664 0.224536 -1 -0.852782 -0.654548 -0.270823 -1 -0.380479 -0.233864 -0.471474 -0.0309275 -0.117167 -0.679675 -0.959657 -0.0813835 -0.709798 -0.694637 -0.184694 -0.342375 0.00130668 -0.871929 -1 0.20014 0.0666457 -0.48977 -0.0149289 0.246371 -1 -0.905941 -0.967258 -0.791934 0.356276 -0.438736 0.285892 -1 -0.940423 -1 -0.539777 0.339039 -0.172729 -0.356214 -0.0338864 -0.447368 0.0108363 -0.970437 -1 -1 -0.892465 
-0.659278 -1 -0.735703 -0.182643 -0.604647 0.116338 -0.427354 0.332761 0.303131 0.0688124 0.369464 -0.18312 -0.702116 -0.815333 -1 -0.725354 -0.125776 -0.73768 0.40813 0.740542 -0.568604 -0.728439 0.0624457 -1 -0.0277509 -0.303037 -1 -0.712918 -0.255099 0.642938 0.0873116 -0.859342 0.870274 -0.244832 0.403293 0.030558 -0.97344 0.0994304 -0.334393 -1 0.295329 -0.0885923 0.383976 -0.977178 0.120937 0.515657 -1 -0.82719 -0.53866 0.240367 -1 -0.796388 0.112192 -0.0477419 -0.114422 -1 0.891925 -0.197889 -0.308786 -0.047189 0.672258 0.244308 -0.00152728 -0.448393 0.386062 0.715644 -1 -0.0759432 -0.17164 0.321954 0.297577 -0.110662 0.482812 0.271323 -0.774668 0.76614 -0.0228086 -0.0713906 -0.273215 -0.984831 -0.968133 0.539882 -0.993343 0.671247 0.376466 0.672159 -0.320041 -0.40633 -0.445042 0.463498 -1 -0.27116 0.00498 -1 -0.568527 0.0188435 0.450953 -0.0300165 0.363499 -0.448763 0.414644 0.230275 0.698667 -0.288568 -1 -0.710357 -0.147304 -0.153087 -0.755032 0.53397 -0.984511 0.972701 0.100251 0.567453 -0.273293 -0.31659 -0.0398882 -0.410029 -1 -0.531216 -0.763561 -0.937896 0.651481 0.0363708 -0.461898 -0.529324 -0.631883 -0.910978 -1 0.0295707 -0.78059 0.261999 0.277373 -0.406746 -1 -0.0181782 0.133433 -0.230131 
-0.487079 -1 -0.755112 -0.0672945 -0.518658 0.121241 -0.134495 0.424699 0.44145 0.260773 0.510997 -0.164216 -0.784748 -0.902097 -1 -0.703246 0.1011 -0.757574 0.652295 0.826196 -0.461816 -0.793919 0.249618 -0.958572 0.0370475 -0.303037 -1 -0.631847 -0.255099 0.676733 0.18705 -0.807473 0.901352 0.10698 0.291861 0.279342 -0.907379 0.129401 -0.105934 -0.998464 0.263272 0.224612 0.532419 -1 0.199354 0.515657 -0.989217 -0.812548 -0.53866 0.339579 -0.980973 -0.576622 0.277226 -0.0376023 -0.0711449 -1 0.891925 -0.153092 -0.293373 -0.0358067 0.801985 0.235327 0.0485176 -0.447837 0.387117 0.876418 -1 0.00811279 -0.201055 0.348124 0.463065 0.0273956 0.556426 0.303169 -0.454446 0.76614 0.032827 -0.175405 -0.141271 -0.889944 -0.865606 0.821742 -0.928341 0.707859 0.512846 0.691813 -0.33959 -0.398897 -0.337916 0.398623 -1 -0.227109 0.128387 -0.844051 -0.593593 0.19984 0.773405 0.0269438 0.694515 -0.531024 0.53443 0.593836 0.724119 -0.195913 -0.957657 -0.659822 -0.105845 0.204405 -0.723338 0.53397 -1 0.869547 0.108268 0.533157 -0.160852 -0.270511 0.123393 -0.249049 -1 -0.567849 -0.763561 -0.9456 0.607543 0.108198 -0.371829 -0.408221 -0.603848 -0.639517 -0.789674 -0.00584069 -0.559617 0.315613 0.267088 -0.238004 -1 -0.019899 0.237112 -0.153343 
-0.487079 -1 -0.755112 -0.0672945 -0.518658 0.121241 -0.134495 0.424699 0.44145 0.260773 0.537767 -0.177418 -0.784748 -0.815333 -1 -0.725354 0.1011 -0.704111 0.652295 0.826196 -0.461816 -0.728439 0.249618 -0.958572 0.0370475 -0.303037 -1 -0.631847 -0.255099 0.676733 0.18705 -0.807473 0.901352 0.10698 0.380955 0.279342 -0.907379 0.10253 -0.105934 -0.998464 0.263272 0.224612 0.531284 -1 0.199354 0.515657 -1 -0.74496 -0.53866 0.393977 -1 -0.576622 0.277226 -0.0376023 -0.0711449 -1 0.891925 -0.153092 -0.293373 -0.0358067 0.86167 0.235327 0.0485176 -0.447837 0.387117 0.876418 -1 0.00811279 -0.201055 0.348124 0.532585 0.0849656 0.556426 0.301553 -0.454446 0.76614 0.032827 -0.100162 -0.141271 -0.889944 -0.865606 0.821742 -0.928341 0.707859 0.512846 0.758612 -0.33959 -0.398897 -0.337916 0.398623 -1 -0.227109 0.128387 -0.844051 -0.593593 0.259395 0.773405 0.0269438 0.675059 -0.447485 0.53443 0.647904 0.735985 -0.195913 -0.957657 -0.659822 -0.105845 0.201975 -0.670226 0.53397 -0.973817 0.869547 0.108268 0.533157 -0.107627 -0.270511 0.123393 -0.249049 -1 -0.512521 -0.763561 -0.9456 0.637967 0.108198 -0.393012 -0.362219 -0.603848 -0.65998 -0.789674 -0.00584069 -0.559617 0.315613 0.267088 -0.238004 -1 -0.019899 0.323454 -0.153343 
-0.120067 -0.128697 -0.994454 0.118831 0.547776 -1 0.252755 -1 0.60767 -1 -0.858419 -1 -0.0521385 -0.398403 0.236413 -1 -0.909931 -1 -0.0378099 0.113777 -0.622537 -0.238735 -0.234858 0.488445 0.284522 0.677678 -0.662574 -0.976787 -0.994247 -0.838069 -1 -0.957643 -0.399181 -0.661465 -0.957947 -1 0.52177 -0.514172 -1 -0.949037 -0.371632 -0.891681 -0.622161 0.366476 -1 -0.468917 0.751795 -1 -0.319629 -0.701842 -0.820033 -0.464878 -1 -0.13403 -0.748632 0.0530733 -0.858992 0.359828 -0.411607 -0.802973 0.00923607 -0.0545401 -0.958756 0.373547 0.247544 -1 -0.638926 0.249781 0.957597 -1 -0.723738 -1 -0.74144 -1 -0.357889 -0.177663 -0.764221 -0.70181 -0.0830682 -1 -0.697757 -1 -0.32223 -0.226791 -1 -0.428928 0.216084 0.200564 0.0585067 -0.781564 -1 0.382876 -0.945992 -0.909333 -0.697241 -0.423414 -1 -0.457777 -0.451002 -0.608728 -0.0979645 -0.484162 -0.511013 -1 -0.390738 -0.498314 -0.763318 -0.18347 -0.639409 -0.234301 -1 -0.987754 -0.184609 0.23731 -0.798996 0.0733559 0.0440828 -1 -0.581516 -1 -1 0.650264 -0.352311 0.122435 -1 -1 -0.96255 -0.407235 0.405599 -0.429053 -0.639855 0.087269 -0.654814 -0.0863942 -0.717694 -1 -1 -1 
-0.618286 -1 -1 -0.205211 -0.646108 0.0864392 -0.375507 0.29852 0.247315 0.179964 0.212052 -0.196038 -0.886253 -0.867895 -0.986967 -0.858349 -0.31154 -0.749698 0.709634 0.799346 -0.466471 -0.920084 0.145384 -0.991392 0.0504761 -0.425256 -1 -0.703868 -0.255099 0.598162 0.0999888 -0.923451 0.618859 -0.090322 0.269394 0.0930639 -0.930755 0.10253 -0.39717 -1 0.0722157 -0.103579 0.446957 -1 0.257685 0.490468 -0.969711 -0.808015 -0.625808 0.0471562 -0.913269 -0.721177 0.216278 -0.22345 -0.211068 -1 0.912123 -0.499926 -0.450691 -0.350238 0.672399 0.221718 -0.0895792 -0.345671 0.00979244 0.787706 -1 0.0275422 -0.301145 0.0835131 0.529396 -0.040106 0.567991 0.288071 -0.449558 0.76614 -0.179589 -0.531863 -0.217081 -0.873253 -1 0.774868 -1 0.590381 0.474649 0.598039 -0.313609 -0.555492 -0.332256 0.324289 -1 -0.254263 0.0290013 -1 -0.524574 0.251382 0.667283 -0.0268905 0.622638 -0.652073 0.513715 0.562182 0.73736 -0.221649 -1 -0.729979 -0.230536 -0.127766 -0.666055 0.354528 -1 0.700988 -0.00405663 0.561329 -0.208615 -0.274167 -0.241292 -0.202362 -1 -0.612198 -1 -1 0.47474 -0.0116504 -0.380367 -0.376467 -0.695647 -0.625955 -0.846027 -0.209323 -0.492404 0.204642 0.0984368 -0.596352 -1 -0.0908776 0.225539 -0.240861 
-0.670029 -1 -0.80978 -0.119614 -0.567714 0.000810232 -0.21018 0.380016 0.45988 0.224677 0.5507 -0.162693 -0.887537 -0.837579 -1 -0.725354 0.0180324 -0.744089 0.652162 0.834791 -0.49794 -0.728439 0.0923051 -0.981526 0.0457136 -0.439631 -0.955764 -0.66935 -0.340772 0.618424 0.102887 -0.846754 0.736223 -0.01081 0.287253 0.247132 -0.988858 0.00298368 -0.231116 -1 0.170015 0.157378 0.525841 -1 0.149608 0.431696 -1 -0.958328 -0.656936 0.323449 -1 -0.62993 0.179123 -0.00315335 -0.050114 -0.99314 0.85972 -0.165971 -0.335475 -0.0532054 0.702173 0.191841 -0.0550076 -0.525005 0.396984 0.794895 -0.976874 -0.0382667 -0.201055 0.299418 0.532585 0.0678368 0.498821 0.223791 -0.454446 0.80142 -0.0261181 -0.0797758 -0.128699 -0.906854 -0.949525 0.752366 -0.928341 0.632034 0.493467 0.758612 -0.400404 -0.39846 -0.385057 0.378246 -1 -0.292823 0.0505211 -0.844051 -0.590049 0.171497 0.703734 -0.0292856 0.613829 -0.532783 0.452715 0.595235 0.717669 -0.187884 -0.991717 -0.721709 -0.23877 0.230918 -0.717095 0.407237 -0.973817 0.882687 0.0994101 0.526859 -0.246517 -0.329679 0.123393 -0.249049 -1 -0.512521 -0.802079 -0.9456 0.552746 0.012085 -0.500275 -0.395436 -0.667135 -0.620804 -0.789674 -0.25271 -0.559617 0.306267 0.278237 -0.301313 -1 -0.0180696 0.323454 -0.31167 
-0.46754 -1 -0.804262 -0.182432 -0.784403 0.0346683 -0.109352 0.401061 0.44145 0.304343 0.548054 -0.508471 -1 -0.73035 -1 -0.775932 -0.0537191 -1 0.516875 0.423208 -0.467285 -0.649563 0.0321838 -1 0.163281 -0.643892 -1 -0.990531 -0.255099 0.316476 0.317374 -0.747922 0.996729 -0.250549 0.220731 0.0818982 -0.849517 -0.361703 -0.468597 -1 0.237968 0.119011 0.406188 -1 -0.105488 0.372507 -1 -1 -0.492537 0.270263 -1 -0.666891 0.190162 -0.0644602 -0.0273367 -0.961783 0.680236 -0.153092 -0.428448 -0.10484 0.66159 0.166286 0.0485176 -0.59435 0.157911 0.835869 -0.92027 -0.0955038 -0.499408 0.145655 0.270967 0.0324215 0.41164 0.300778 -0.839549 0.76614 0.032827 -0.294574 -0.511823 -0.889944 -0.998142 0.619314 -0.928341 0.645648 0.264289 0.769559 -0.610895 -0.488405 -0.480724 0.37245 -1 -0.731835 -0.0683204 -0.937714 -0.712937 -0.00201453 0.742626 -0.0212617 0.426916 -0.471743 0.2881 0.650243 0.478487 -0.227963 -1 -0.526812 -0.365378 0.0793594 -0.660548 0.129272 -0.972156 0.869547 0.118666 0.529558 -0.0210894 -0.324587 -0.153879 -0.249049 -0.943951 -0.616833 -0.763561 -1 0.561607 0.0578278 -0.520456 -0.362219 -0.828804 -0.803733 -0.934368 -0.136067 -0.734227 0.408667 0.171104 -0.629238 -1 -0.00112106 0.0169887 -0.314092 
-0.578487 -1 -0.739057 -0.333499 -0.730599 -0.0599542 -0.209235 0.410327 0.457872 0.257634 0.291025 -0.385055 -1 -0.95422 -1 -0.725354 0.130563 -0.936386 0.64028 0.792948 -0.755576 -0.728439 0.161874 -1 0.0577961 -0.545954 -0.97691 -0.631847 -0.434112 0.629431 0.144609 -0.806919 0.901352 -0.261626 0.380955 -0.0454762 -1 0.10253 -0.38944 -1 0.0558061 0.224612 0.19067 -1 0.104674 0.461096 -1 -0.706723 -0.706739 0.29706 -1 -0.670443 0.292911 0.00210331 -0.128958 -1 0.840594 -0.153092 -0.293373 -0.0847134 0.732173 -0.0341208 -0.0825206 -0.633664 0.120322 0.736923 -1 -0.348934 -0.291756 0.348124 0.527006 0.0130187 0.489618 0.113071 -0.454446 0.628299 -0.315639 -0.100162 -0.333524 -0.860545 -0.976381 0.8054 -0.986537 0.547073 0.492145 0.543975 -0.629261 -0.441018 -0.398135 0.359603 -0.94841 -0.322884 0.133109 -0.886836 -0.664163 -0.079174 0.590312 -0.100992 0.515188 -0.481881 0.521237 0.534434 0.568452 -0.394629 -1 -0.594302 -0.279925 0.0158107 -0.719835 0.557461 -0.973817 0.849983 -0.0209406 0.56289 -0.107627 -0.575518 0.103713 -0.398195 -1 -0.738727 -0.763561 -1 0.648603 0.182668 -0.443207 -0.556625 -0.57759 -0.65998 -0.822589 -0.240654 -0.559617 0.255964 0.232285 -0.285698 -1 -0.019899 0.0395651 -0.496853 
0.0435029 -0.198874 -0.958971 0.0190731 0.67641 -0.792489 0.196009 -1 0.732387 -1 -0.76715 -1 0.184172 -0.176841 0.15217 -1 -0.918558 -1 0.279335 0.668791 -0.30415 -0.117589 -0.17087 0.487039 0.260704 0.87519 -0.309386 -0.986939 -1 -0.741635 -0.978913 -1 -0.34536 -0.344009 -1 -0.751006 0.545888 -0.161349 -0.949629 -1 -0.154985 -0.723047 -0.698149 0.574724 -0.835016 -0.452209 0.560632 -0.593277 -0.15413 -0.366569 -0.722676 -0.566895 -1 -0.423099 -0.767158 -0.163261 -0.788669 0.463164 -0.411607 -0.78591 -0.0162061 0.00294325 -0.984935 0.247556 0.243023 -1 -0.508252 0.223951 0.920524 -0.989119 -0.727844 -1 -0.422255 -1 -0.394164 -0.328435 -0.724734 -0.34963 0.149712 -1 -0.297896 -0.971125 -0.370481 0.0846736 -0.920234 -0.078755 0.420349 0.415553 0.0585067 -0.43208 -0.828808 0.352475 -0.929696 -0.964464 -0.695857 -0.253576 -0.83068 0.0709332 -0.0282032 -0.543766 0.274721 0.00637981 -0.537669 -0.749238 -0.0786337 -0.491705 -0.40119 -0.372077 -0.562543 0.110544 -0.983258 -1 0.204804 0.150628 -0.641309 0.111592 0.407819 -1 -0.490113 -0.920165 -0.743333 0.672621 -0.423158 0.369066 -1 -1 -1 -0.355389 0.557335 -0.392055 -0.659427 0.0323109 -0.421612 -0.00153446 -0.803202 -1 -1 -1 
-0.545291 -0.994282 -0.775089 -0.127775 -0.724846 0.12045 -0.149128 0.329372 0.44145 0.31234 0.600837 -0.519367 -0.979644 -0.745589 -0.979495 -0.871754 -0.0374725 -1 0.513433 0.394733 -0.552389 -0.75281 -0.211619 -1 -0.00894628 -0.823069 -1 -1 -0.255099 0.176784 0.317374 -0.941192 0.939824 -0.209686 0.187574 0.00603763 -0.849517 -0.364301 -0.646163 -1 0.147748 0.0521456 0.272578 -0.963155 -0.357535 0.051765 -1 -1 -0.492537 0.185417 -0.901946 -0.827892 0.153401 0.0298241 -0.0539964 -1 0.673534 -0.179228 -0.458817 -0.10484 0.665138 0.0852262 -0.0559415 -0.816936 0.113896 0.714765 -1 -0.121064 -0.413531 0.0457872 0.283235 0.14405 0.365475 0.2762 -0.839549 0.76614 0.032827 -0.294574 -0.553149 -0.919 -0.927546 0.574215 -1 0.645648 0.264289 0.625357 -0.715171 -0.436735 -0.645541 0.376951 -0.975622 -0.803711 -0.106218 -1 -0.992502 -0.0174524 0.623915 -0.190634 0.56604 -0.375645 0.314107 0.581582 0.420586 -0.316305 -1 -0.548946 -0.406336 -0.322664 -0.669372 0.16807 -0.973598 0.874064 0.108268 0.529558 -0.0210894 -0.270511 -0.174049 -0.249049 -1 -0.605197 -0.873202 -1 0.6319 0.108198 -0.477111 -0.362219 -0.76855 -0.787592 -0.95565 -0.409221 -0.90634 0.373189 0.0759045 -0.625011 -1 -0.0294886 -0.339444 -0.363271 
0.00623008 -0.14049 -0.909118 -0.0719251 0.679098 -0.827778 0.187881 -1 0.73055 -1 -0.976312 -1 -0.387569 -0.456377 -0.0222236 -1 -1 -1 0.111426 0.463781 -0.677595 -0.436894 -0.228151 0.124595 0.690597 0.770543 -0.853308 -1 -1 -1 -1 -1 -0.361936 -0.570167 -1 -0.973413 0.300839 -0.394979 -1 -1 -0.326818 -0.94268 -0.791373 0.365873 -0.840211 -0.532793 0.548937 -0.789359 -0.486258 -0.559155 -0.85519 -0.589477 -0.994895 -0.425959 -0.997484 -0.131327 -1 0.595519 -0.411607 -1 0.0762777 -0.029833 -1 0.406517 0.156028 -1 -0.590311 0.104398 0.619318 -0.981984 -0.893192 -1 -0.243152 -0.991474 -0.918427 -0.453224 -0.565792 -0.31756 -0.0411322 -0.978356 -0.333566 -1 -0.188508 -0.401851 -1 -0.432191 0.25771 0.134766 0.0006519 -0.583526 -0.825587 0.154368 -1 -1 -0.54918 -0.441343 -0.781252 -0.0767778 -0.430991 -0.818785 -0.0924378 -0.0418641 -0.654968 -0.820585 -0.311538 -0.809693 -0.53702 -0.479517 -0.370739 0.0637693 -1 -1 0.222503 -0.0155157 -0.416141 0.178892 0.291856 -1 -0.839232 -1 -0.854891 0.580748 -0.29059 0.380453 -1 -0.891368 -1 -0.362468 0.432539 -0.21502 -0.37415 -0.0647596 -0.21241 0.116685 -0.676556 -1 -0.986019 -1 
-0.154099 -0.390196 -1 0.083842 0.721144 -0.748678 -0.0124403 -1 0.391169 -0.985142 -0.978549 -1 0.182418 -0.302365 0.221447 -1 -0.875852 -1 0.207236 0.810846 -0.435633 -0.0563815 -0.202228 0.373312 0.544173 0.791196 -0.5135 -1 -0.995259 -0.942589 -0.989454 -1 -0.407522 -0.479847 -0.995376 -1 0.300452 -0.19213 -1 -1 -0.896536 -1 -0.648539 0.488896 -1 -0.605771 0.84792 -0.675331 -0.378894 -0.335931 -0.669272 -0.741574 -0.976515 -0.586063 -0.513218 -0.0772666 -1 0.613044 -0.462133 -0.60086 -0.252751 -0.62003 -1 0.505849 0.189702 -1 -0.827991 0.156743 1 -1 -0.810732 -0.95424 -0.333105 -1 -0.420278 -0.23356 -0.854826 -0.312548 -0.134496 -1 -0.375349 -0.980016 -0.337005 0.0386664 -1 -0.0654582 0.28405 0.176048 -0.268856 -0.641569 -0.682413 0.29827 -1 -0.930372 -0.496735 -0.388006 -1 -0.0438652 -0.0941264 -0.675546 0.265319 -0.0607176 -0.452828 -0.759875 -0.073843 -0.662838 -0.151164 -0.363468 -0.552341 0.0671139 -0.953819 -1 -0.0839149 0.225223 -0.597931 0.0316194 0.286999 -0.939983 -0.551423 -0.986151 -0.928113 0.454831 -0.374603 0.369066 -1 -1 -0.931709 -0.26392 0.45343 -0.266054 -0.6886 -0.0539557 -0.477978 0.246577 -0.775022 -0.943022 -0.991058 -0.801555 
-0.00339034 -0.00404266 -1 0.207134 0.427625 -0.792489 0.0714242 -1 0.681686 -1 -1 -0.994763 0.164123 -0.163137 -0.120097 -1 -1 -1 0.272006 0.626684 -0.368573 -0.281566 -0.167019 0.208187 0.545444 0.78486 -0.298406 -1 -0.952724 -1 -1 -1 -0.466809 -0.534767 -1 -0.800733 0.639541 -0.0285179 -1 -0.98151 -0.113992 -0.74558 -0.613829 0.612461 -0.958404 -0.891972 0.688616 -0.728055 -0.0515991 -0.348845 -0.669791 -0.542003 -0.97596 -0.202503 -0.596548 -0.0447117 -0.809303 0.64505 -0.465351 -0.558232 0.0170062 -0.0854283 -1 0.436065 0.435927 -0.978512 -0.563046 0.187877 0.932767 -1 -0.668292 -1 -0.469933 -1 -0.405372 -0.238055 -0.600256 -0.392555 -0.0891884 -0.976566 -0.338993 -1 -0.451631 0.0421139 -1 0.0162319 0.420207 0.360743 -0.122416 -0.473325 -0.67003 -0.0335945 -1 -0.870029 -0.637887 -0.266495 -0.926 -0.161826 -0.0614977 -0.644752 0.181374 -0.178736 -0.440083 -0.846664 -0.0622492 -0.510918 -0.265168 -0.258987 -0.283453 0.126488 -1 -1 0.233052 0.2268 -0.477547 -0.144154 0.296822 -0.993053 -0.562442 -1 -0.780876 0.586285 -0.405472 0.219594 -1 -1 -1 -0.525343 0.522541 -0.140591 -0.446649 0.193641 -0.216717 0.199031 -0.76411 -0.908185 -1 -0.678718 
-0.554368 -1 -0.813877 -0.0672945 -0.725965 -0.134881 -0.134495 0.123883 0.423656 0.137135 0.467219 -0.419883 -1 -1 -1 -0.740277 0.0985795 -0.732472 0.652295 0.826196 -0.561073 -1 0.166136 -1 -0.351184 -0.241325 -0.979066 -0.712843 -0.609184 0.676733 -0.300489 -0.807473 0.694038 0.13535 0.304457 0.279342 -0.907379 0.130483 -0.281421 -1 0.0629379 0.182251 0.385924 -1 0.218912 0.329392 -1 -0.839169 -0.52782 0.207423 -1 -0.629151 0.226567 -0.0141661 -0.118866 -1 0.697881 -0.461238 -0.586941 -0.0386789 0.86167 0.234067 -0.0258998 -0.435568 0.146594 0.843425 -1 -0.0654659 -0.201055 0.261112 0.482175 0.0528937 0.311687 0.213214 -0.454446 0.76614 -0.0618446 -0.100162 -0.387991 -0.844774 -0.873684 0.804071 -1 0.580354 0.38559 0.720052 -0.635772 -0.496336 -0.494767 0.158967 -1 -0.233794 -0.0153754 -1 -0.593593 0.102787 0.547586 -0.16145 0.499312 -0.715529 0.447092 0.569074 0.532354 -0.195913 -1 -0.806827 -0.210203 0.0819025 -0.735158 0.151701 -0.973456 0.645029 -0.156888 0.551373 -0.110779 -0.270511 0.136113 -0.508423 -1 -0.65149 -0.83759 -0.873882 0.486513 0.108198 -0.526464 -0.315262 -0.682172 -0.65998 -0.789674 -0.201728 -0.802668 0.32402 0.35806 -0.279715 -1 -0.0579772 0.398417 -0.133038 
-0.154099 -0.390196 -1 0.103032 0.721144 -0.789468 0.00913587 -1 0.348828 -1 -0.969346 -1 0.182418 -0.302365 0.221447 -1 -0.888497 -1 0.207236 0.791586 -0.45575 -0.0563815 -0.282187 0.419302 0.544173 0.791196 -0.5135 -0.978208 -0.995259 -0.93477 -0.989454 -1 -0.407522 -0.479847 -0.995376 -0.97977 0.300452 -0.19213 -1 -1 -0.896536 -1 -0.648539 0.438659 -1 -0.605771 0.781523 -0.675331 -0.299024 -0.335931 -0.646829 -0.779495 -0.955581 -0.586063 -0.513218 -0.0772666 -1 0.613044 -0.471846 -0.60086 -0.257771 -0.620433 -0.988447 0.505849 0.189702 -0.996949 -0.827991 0.156743 1 -1 -0.800481 -0.975707 -0.324896 -1 -0.422658 -0.315137 -0.864681 -0.312548 -0.2221 -0.975724 -0.375349 -0.985832 -0.296224 0.0319755 -0.98336 -0.0654582 0.234183 0.176048 -0.268856 -0.706268 -0.672871 0.29827 -1 -0.930372 -0.524199 -0.355661 -1 0.01531 -0.0941264 -0.675546 0.265319 -0.0765637 -0.444819 -0.737068 -0.0603169 -0.662838 -0.151164 -0.363468 -0.552341 0.0822197 -0.953819 -1 -0.0415076 0.198437 -0.569398 0.0925404 0.286999 -0.949105 -0.551423 -1 -0.928113 0.406285 -0.374603 0.360581 -1 -1 -0.977994 -0.279199 0.465151 -0.266054 -0.6886 -0.0539557 -0.433913 0.231995 -0.718438 -0.943022 -0.991058 -0.801555 
-0.11547 -0.548669 -0.98125 0.0667906 0.055703 -1 -0.263464 -1 0.282467 -1 -0.967964 -1 -0.12193 -0.255578 -0.103656 -1 -1 -1 0.0722393 0.658433 -0.473111 -0.633131 -0.418019 0.517832 0.264267 0.504889 -0.796397 -1 -1 -1 -0.919607 -1 -0.595461 -0.779878 -0.974249 -1 0.596624 -0.248704 -1 -0.962597 -0.511712 -1 -0.971893 0.064412 -1 -0.524891 0.542409 -0.857959 -0.391983 -0.290171 -0.776402 -0.571331 -1 -0.253243 -1 -0.0429166 -0.812543 0.471188 -0.628103 -0.67967 0.0804415 -0.162654 -1 0.177326 0.281904 -1 -0.830512 0.274205 0.840055 -1 -0.713356 -1 -0.398672 -1 -0.721552 -0.242681 -1 -0.432627 -0.516531 -1 -0.857161 -1 -0.306863 -0.107686 -0.970851 -0.429803 -0.0167035 0.266553 -0.237864 -0.585841 -1 0.26116 -1 -1 -1 -0.474467 -0.991851 -0.326577 -0.307364 -0.757923 0.268768 -0.0996918 -0.505557 -1 -0.0943227 -0.586716 -0.505032 -0.513508 -0.8165 -0.548013 -1 -1 -0.138699 0.216572 -0.70825 -0.0759567 0.43616 -1 -1 -1 -1 0.692133 -0.763907 0.369066 -0.977236 -0.988403 -1 -0.458702 0.485607 -0.0922966 -1 -0.1567 -0.237683 -0.188933 -0.785142 -1 -0.979987 -1 
-0.214797 -0.0985007 -1 -0.148701 0.176621 -1 -0.026329 -0.974497 0.323767 -0.936065 -1 -0.973546 -0.605925 -0.0521196 0.043582 -1 -1 -1 0.0833791 0.646594 -0.305346 -0.250934 -0.121484 -0.0211205 0.463842 0.610884 -0.536755 -1 -1 -0.854798 -1 -1 -0.521338 -0.498348 -1 -1 0.413794 -0.280517 -1 -1 -0.698674 -0.847281 -0.757464 0.670219 -1 -0.595393 0.690377 -0.665594 -0.154577 -0.567138 -0.766782 -0.663524 -0.906136 -0.71273 -0.810036 -0.384995 -0.836689 0.688751 -0.554598 -1 -0.102122 -0.170715 -1 0.520886 0.229502 -0.979924 -0.513808 0.152536 0.622415 -0.883605 -0.902374 -1 -0.660267 -0.928941 -0.662075 -0.587938 -0.604747 -0.608171 -0.457424 -1 -0.322516 -1 -0.200335 -0.291245 -1 -0.702793 0.0323774 -0.0169233 -0.0215931 -0.751369 -0.621042 0.2573 -0.942154 -1 -0.982923 -0.603071 -1 -0.194297 -0.230563 -0.562743 -0.146888 -0.122731 -0.756739 -0.910819 0.0571975 -0.932799 -0.487455 -0.124712 -0.633156 -0.0493628 -0.822408 -1 -0.151539 0.163787 -0.962739 -0.0911607 0.140573 -1 -0.548736 -0.964783 -0.811106 0.524625 -0.599814 0.360375 -1 -1 -0.977525 -0.294061 0.390496 -0.400792 -0.583292 -0.250957 -0.379023 -0.344443 -0.809593 -1 -1 -0.966303 
-0.738208 -1 -0.774598 -0.390364 -0.81843 0.0852927 -0.451073 0.162175 0.205738 0.105392 0.335398 -0.293523 -1 -1 -1 -0.80177 -0.390601 -0.998043 0.174137 0.830985 -0.760702 -0.949393 -0.182957 -1 -0.440155 -0.170341 -1 -0.601601 -0.351961 -0.101055 -0.0486217 -1 0.472649 -0.0324216 0.281745 0.231429 -1 0.0640679 -0.237197 -1 0.253846 -0.0924203 0.118487 -1 0.073152 0.345179 -0.914021 -0.783751 -0.803378 0.0241025 -1 -1 0.268513 -0.22231 -0.545166 -0.964119 0.836532 -0.622229 -0.552537 -0.35355 0.715297 -0.0659588 0.0631689 -0.64552 0.258662 0.336978 -1 -0.0969124 -0.174737 0.348124 0.19328 0.0647419 0.523477 0.229924 -0.633029 0.495053 -0.0531772 -0.437937 -0.682293 -0.766597 -1 0.509838 -1 0.736706 0.00537643 0.310608 -0.552723 -0.759488 -0.698443 -0.0356039 -1 -0.16168 -0.31788 -0.987622 -0.874406 0.214211 0.447013 0.0217311 0.670898 -0.429392 0.526995 -0.0797673 0.790514 -0.397776 -1 -0.925601 -0.139994 -0.0198186 -0.725508 0.148331 -1 0.800841 0.0218517 0.562561 0.0566869 -0.332623 -0.11809 -0.616113 -1 -0.750297 -1 -0.875758 0.14486 -0.0123247 -0.263779 -0.566546 -0.780891 -0.805565 -1 -0.221963 -0.556895 0.367203 0.292596 -0.091547 -0.907466 -0.390834 -0.309351 -0.530896 
-0.527841 -0.993567 -0.826032 -0.0739104 -0.6358 0.13728 -0.293483 0.386576 0.332464 0.223393 0.555687 -0.271297 -0.950101 -0.787167 -0.972017 -0.795489 0.0333543 -0.673019 0.625778 0.826196 -0.457943 -0.821763 0.249618 -0.990579 0.0308995 -0.301933 -1 -0.701188 -0.335402 0.678625 0.111075 -0.87826 0.833198 0.10698 0.262661 0.207565 -0.984928 0.0934904 -0.224555 -1 0.141392 0.233281 0.561246 -1 0.137969 0.437154 -1 -0.800739 -0.53866 0.36968 -1 -0.603999 -0.00481729 -0.0631324 -0.158396 -1 0.685873 -0.153092 -0.293373 -0.110155 0.740941 0.245669 -0.113812 -0.560569 0.331442 0.75134 -1 -0.0223235 -0.423495 0.209284 0.509151 -0.111876 0.549131 0.18664 -0.546281 0.674567 0.0416034 -0.159754 -0.195561 -0.950886 -0.92675 0.871392 -1 0.707859 0.516883 0.6889 -0.379357 -0.506477 -0.451831 0.296299 -1 -0.281852 0.0168062 -1 -0.727389 0.259395 0.642759 -0.0493172 0.452479 -0.438106 0.410337 0.572664 0.655298 -0.246447 -1 -0.631199 -0.123579 0.231777 -0.716937 0.466988 -1 0.673405 0.0840401 0.533157 -0.162911 -0.3221 0.0304776 -0.371961 -1 -0.600879 -0.958258 -0.918491 0.444778 0.0638335 -0.489736 -0.325164 -0.786081 -0.706293 -0.789674 -0.161458 -0.605863 0.23425 0.142385 -0.276037 -1 -0.125566 0.282872 -0.263198 
-0.479176 -0.688412 -0.92752 0.00998076 0.486498 -0.834241 0.195115 -1 0.396839 -1 -0.835457 -1 0.0662138 -0.356517 -0.0207417 -1 -1 -1 -0.430912 0.827115 -0.351833 -0.211659 -0.149828 0.573916 0.468885 0.613852 -0.482433 -1 -1 -0.972146 -1 -1 -0.801249 -0.404633 -0.906221 -0.836492 0.133676 -0.315796 -0.917176 -1 -0.157754 -1 -0.548952 0.528658 -1 -0.832443 0.0813439 -1 -0.0167245 -0.407115 -0.551453 -0.514743 -0.991748 -0.41682 -0.844972 0.117669 -1 0.613044 -0.585268 -0.998139 0.0521571 -0.337435 -1 -0.0777442 -0.127494 -0.970933 -0.603205 0.120159 0.584503 -1 -0.563603 -0.9992 -0.377903 -1 -0.573883 -0.494815 -0.75361 -0.666659 0.0637375 -1 -0.789166 -0.987648 -0.0792555 -0.197214 -1 -0.180374 0.0753472 0.194574 -0.435793 -0.84225 -0.941971 0.0498183 -1 -1 -0.400505 -0.74335 -0.936895 -0.55999 -0.213288 -1 0.170733 -0.152695 -1 -0.916831 -0.470437 -1 -0.537138 -0.441951 -0.674696 -0.137059 -1 -1 0.131221 0.194362 -0.383612 0.0381238 0.260382 -1 -0.495662 -1 -1 0.539769 -0.58765 0.356947 -1 -1 -1 -0.264291 0.41574 -0.618773 -0.742855 0.183747 -0.388826 -0.0208561 -1 -0.835428 -1 -0.793034 
-0.532834 -1 -0.776486 -0.171862 -0.661217 -0.0480441 -0.247611 0.355982 0.238278 0.196494 0.470943 -0.21429 -0.869098 -1 -1 -0.840533 -0.170666 -0.93463 0.496002 0.611879 -0.500921 -0.841708 0.200176 -1 -0.168746 -0.370218 -1 -0.707782 -0.495151 0.571705 0.115009 -1 0.927043 -0.0452714 0.252714 0.20968 -1 0.0557626 -0.489911 -1 0.261287 0.148012 0.135466 -1 0.13598 0.111094 -1 -0.822643 -0.78944 0.189799 -1 -0.614433 -0.0948127 -0.199047 -0.210257 -1 0.750689 -0.251581 -0.488309 -0.0775918 0.713439 0.0239631 0.0485176 -0.728706 0.27368 0.727403 -1 0.0708549 -0.0937503 0.270929 0.65844 -0.000542738 0.429379 0.123881 -0.598472 0.510864 -0.315462 -0.178047 -0.163978 -0.909848 -0.84789 0.670302 -1 0.730671 0.387271 0.514313 -0.437301 -0.584981 -0.647397 0.198727 -0.935313 -0.359365 0.0982328 -1 -0.6936 0.145779 0.758522 -0.16187 0.527795 -0.623091 0.491343 0.516287 0.691103 -0.325156 -0.987119 -0.784065 -0.433669 0.0582801 -0.88212 0.521203 -1 0.771734 0.0718264 0.574113 -0.214116 -0.297949 0.100479 -0.239142 -1 -0.541786 -0.866053 -0.996712 0.304525 -0.101675 -0.571585 -0.558464 -1 -0.799826 -0.80861 -0.0561717 -0.559617 0.223448 0.274659 -0.385843 -1 -0.0252713 0.21459 -0.780899 
-0.487079 -0.95926 -0.881585 -0.114979 -0.49391 -0.167129 -0.112567 0.408392 0.44145 0.260773 0.537619 -0.177418 -1 -0.815333 -1 -0.725354 -0.00920175 -0.874893 0.457218 0.856239 -0.573669 -0.795571 -0.0620902 -0.941558 0.0370475 -0.531188 -1 -0.662538 -0.337906 0.676733 -0.0639942 -0.807473 0.615713 -0.128236 0.124708 0.279342 -0.939615 0.0898709 -0.119596 -1 0.181014 0.181935 0.559836 -1 0.103436 0.507513 -1 -0.656221 -0.53866 0.394504 -1 -0.790107 0.218331 -0.0376023 -0.0491583 -0.958948 0.821166 -0.153092 -0.384065 -0.0465994 0.82113 0.191884 0.103988 -0.454091 0.340907 0.645853 -0.934813 0.00811279 -0.201055 0.243879 0.532585 0.0893514 0.556426 0.331001 -0.524725 0.596583 -0.121254 -0.227948 -0.141271 -1 -0.844934 0.821742 -1 0.586374 0.329267 0.765241 -0.624524 -0.398897 -0.337916 0.311179 -1 -0.227109 0.128387 -0.893007 -0.631677 0.260981 0.628407 -0.056477 0.684969 -0.549862 0.392041 0.582712 0.735985 -0.177697 -0.957657 -0.605805 -0.273012 0.138001 -0.936631 0.608203 -0.973817 0.869547 0.134047 0.28142 -0.177491 -0.270511 0.0605901 -0.249049 -0.976854 -0.833613 -0.81243 -0.885174 0.521867 0.108198 -0.393012 -0.405213 -0.603848 -0.918513 -1 0.00894511 -0.637362 0.315613 0.192748 -0.364177 -1 -0.218523 0.294733 -0.400207 
-0.581688 -1 -0.824131 -0.0290528 -0.730595 0.121241 -0.201626 0.424699 0.35186 0.132094 0.447994 -0.509408 -1 -0.73035 -1 -0.920301 0.0111144 -1 0.652295 0.443314 -0.435494 -0.649563 0.240452 -1 0.117944 -0.486077 -1 -0.849246 -0.255099 0.472477 0.265924 -0.812896 0.954648 -0.231904 0.20918 0.108959 -0.849517 -0.169507 -0.397027 -1 0.144827 0.119011 0.531284 -1 0.00357414 0.372507 -1 -1 -0.595893 0.392038 -1 -0.672924 0.277226 0.0452432 -0.0273367 -0.961783 0.713285 -0.153092 -0.293373 -0.00231711 0.612451 0.115704 -0.0298916 -0.510268 0.157911 0.963642 -0.92027 0.00811279 -0.370991 0.309882 0.283235 0.0849656 0.581272 0.301553 -0.694308 0.720772 -0.0417025 -0.279343 -0.346124 -0.96896 -1 0.612282 -0.974937 0.692411 0.299657 0.622863 -0.541925 -0.582553 -0.391445 0.37245 -1 -0.475724 -0.115391 -0.939275 -0.593593 -0.00201453 0.742626 0.00636778 0.485999 -0.447485 0.2881 0.647904 0.499588 -0.269919 -0.860044 -0.526812 -0.323575 -0.0830001 -0.670226 0.297479 -1 0.869547 0.108268 0.407503 -0.0210894 -0.22181 -0.102285 -0.290331 -1 -0.634289 -0.763561 -1 0.540614 0.108198 -0.370019 -0.456589 -0.792363 -0.739081 -0.822956 -0.136067 -0.559617 0.376043 0.267088 -0.474652 -1 -0.019899 0.0697211 -0.249085 
-0.467835 -0.295101 -1 0.304332 0.573606 -1 0.0617918 -1 0.439442 -1 -0.700929 -0.85332 0.160675 -0.297219 -0.211258 -1 -1 -1 0.413886 0.556844 -0.978299 -0.257926 -0.463598 0.0741522 0.19693 0.865931 -0.321389 -0.993212 -0.985643 -0.874817 -0.978671 -0.960064 -1 -0.856974 -1 -0.97823 0.540953 -0.113604 -1 -1 -0.371379 -0.850522 -0.82946 0.0975208 -1 -1 0.702244 -0.907005 -0.453538 -0.665181 -0.699559 -0.904382 -0.993849 -0.393567 -0.870975 -0.523226 -0.841774 0.589496 -0.723892 -0.961547 -0.187652 -0.351125 -1 -0.147024 0.309677 -1 -0.793923 0.168844 0.566158 -1 -1 -1 -0.714673 -0.973314 -0.803257 -0.465245 -0.935373 -0.500874 -0.497972 -0.985695 -0.355473 -1 -0.607271 0.129293 -0.995789 -0.422044 0.0506951 0.320929 -0.074218 -1 -0.99048 -0.0211735 -0.964534 -0.946104 -0.964994 -0.799088 -0.990566 -0.134632 -0.581306 -0.714467 -0.119201 -0.401375 -0.715441 -1 -0.517409 -0.535674 -0.616492 -0.790415 -0.553008 0.0368625 -1 -1 -0.273386 -0.249865 -0.75552 0.0147501 0.264495 -1 -0.846569 -0.980164 -1 0.476139 -0.637168 0.116481 -1 -1 -1 -0.52232 0.366785 -1 -0.341722 -0.124177 -0.354358 0.145781 -0.973069 -1 -1 -1 
-0.680974 -1 -0.613927 -0.108449 -0.966748 -0.032857 -0.237089 0.424699 0.214518 -0.138117 0.537767 -0.177418 -0.849758 -0.815333 -1 -0.919667 0.1011 -0.664677 0.652295 0.826196 -0.657217 -0.866061 0.249618 -1 0.0623525 -0.337133 -1 -0.568842 -0.255099 0.673271 0.18705 -0.726037 0.668153 -0.328531 0.100748 0.261526 -0.907379 0.191703 -0.24309 -0.899274 0.263272 0.136654 0.260467 -1 -0.235417 0.318969 -1 -0.849563 -0.53866 0.462771 -1 -0.801531 0.277226 -0.207131 -0.0711449 -1 0.813898 -0.250267 -0.459925 -0.217691 0.934869 -0.0124499 -0.114255 -0.447837 0.387117 0.719214 -1 -0.0621552 -0.302921 0.255739 0.565783 0.0511659 0.203152 -0.0848158 -0.653428 0.76614 -0.013975 -0.156803 -0.141271 -0.848897 -1 0.6501 -1 0.390935 0.366297 0.724097 -0.248432 -0.398897 -0.583364 0.434186 -0.959128 -0.220123 0.17915 -1 -0.692533 0.0303658 0.773405 -0.132968 0.675059 -0.60079 0.38315 0.639897 0.454466 -0.38043 -0.957657 -0.659822 -0.16602 0.101605 -0.577683 0.31825 -0.973817 0.682198 -0.106138 0.540489 -0.107627 -0.382462 0.0658564 -0.329703 -1 -0.512521 -0.750864 -1 0.595261 -0.132378 -0.393012 -0.362219 -0.902764 -0.635957 -0.789674 0.149306 -0.559617 0.212503 0.291588 -0.219215 -1 -0.341046 0.295362 -0.349207 
-0.0269816 -0.198874 -0.859372 -0.213102 0.694359 -0.792489 0.196009 -1 0.643901 -1 -0.744144 -0.913577 0.192972 -0.176841 -0.0840579 -1 -0.925045 -0.980635 0.279335 0.668791 -0.30415 -0.0345307 -0.17087 0.420163 0.260704 0.846958 -0.309386 -0.978145 -1 -0.804422 -1 -1 -0.412569 -0.359428 -1 -0.699822 0.545888 -0.161349 -0.975121 -1 -0.363922 -0.805064 -0.83366 0.574724 -0.832421 -0.41095 0.601524 -0.568851 -0.15413 -0.277766 -0.722676 -0.604635 -1 -0.488991 -0.938435 -0.231184 -0.788669 0.5262 -0.648039 -0.764803 -0.118491 -0.0698071 -0.958756 0.247556 0.31614 -1 -0.701235 0.179297 0.75378 -0.924191 -0.67007 -0.956855 -0.54383 -1 -0.394164 -0.330801 -0.983637 -0.35089 0.0549197 -1 -0.421926 -0.95711 -0.6353 0.0634738 -1 -0.306468 0.216629 0.374454 0.0585067 -0.43208 -0.766061 0.26469 -0.929696 -0.964464 -0.753043 -0.282282 -0.855251 0.039656 -0.0520534 -0.7025 0.076986 0.00637981 -0.466588 -0.890083 -0.0502573 -0.730768 -0.534768 -0.432295 -0.548724 0.0246016 -1 -1 0.204804 0.224426 -0.73081 -0.0888922 0.232117 -0.924531 -0.490113 -1 -0.743333 0.672621 -0.423158 0.369066 -1 -1 -1 -0.453538 0.557335 -0.459736 -0.662947 0.0323109 -0.403083 -0.261453 -1 -1 -1 -1 
-0.487079 -1 -1 -0.0781796 -0.600814 0.110402 -0.0491573 0.406163 0.28144 0.0163439 0.453809 -0.367383 -0.784748 -1 -1 -0.773782 0.073695 -1 0.652295 0.8496 -0.556443 -0.916741 -0.0226858 -0.94901 0.0254114 -0.454737 -0.971332 -0.796962 -0.306566 0.488538 0.137933 -0.807473 0.901352 0.0503696 -0.0136539 0.1493 -1 0.0570118 -0.0267639 -1 -0.0218845 0.146919 0.621426 -1 -0.0831871 0.515657 -0.986524 -0.74496 -0.546276 0.250038 -1 -0.818192 0.193179 -0.096193 -0.154377 -0.999251 0.873946 -0.226954 -0.293373 -0.0799296 0.736245 0.233884 -0.117811 -0.694824 0.467156 0.876418 -1 0.0146654 -0.176706 0.266347 0.219201 0.067755 0.54508 0.0138132 -0.752838 0.703637 -0.189207 -0.437454 -0.190067 -1 -0.979363 0.821742 -1 0.706757 0.443173 0.724534 -0.378032 -0.386701 -0.307342 0.297912 -0.969899 -0.308169 -0.0055535 -0.869082 -0.835447 0.247151 0.71081 -0.156288 0.666002 -0.459124 0.551776 0.348249 0.592895 -0.270376 -1 -0.695558 -0.343971 0.213692 -0.718878 0.480938 -0.9457 0.613113 0.0586495 0.533157 -0.118607 -0.289828 0.0719088 -0.249049 -1 -0.512521 -0.77815 -1 0.393662 -0.174952 -0.357775 -0.419314 -0.699175 -0.640586 -0.907344 -0.0623598 -0.716345 0.0594645 0.188523 -0.235071 -1 -0.099938 0.0495476 -0.374642 
-0.512285 -1 -0.82503 -0.168383 -0.741197 0.147783 -0.210571 0.23675 0.452717 0.164337 0.511499 -0.455117 -0.986205 -1 -0.944824 -1 0.0512687 -0.993847 0.555656 0.826196 -0.825018 -0.763191 0.156429 -1 -0.0733973 -0.535774 -1 -0.807501 -0.2585 0.680062 -0.00167716 -1 0.828624 -0.150388 0.0827293 0.0626805 -1 -0.0651061 -0.248906 -0.947578 0.207795 0.0333266 0.276811 -1 -0.0644459 0.0829384 -0.957421 -0.738702 -0.691166 0.0389734 -1 -0.657464 0.100862 0.014406 -0.0711449 -1 0.705855 -0.233903 -0.557599 -0.0326713 0.816257 0.235327 -0.0116468 -0.528501 0.246652 0.675508 -1 -0.227899 -0.185316 0.186155 0.548438 0.221048 0.480202 0.199223 -0.690908 0.587919 -0.0660187 -0.342052 -0.24169 -1 -1 0.575187 -1 0.545247 0.434776 0.647914 -0.49857 -0.539473 -0.428343 0.0707916 -1 -0.32028 -0.0809329 -1 -0.705448 0.266406 0.762931 -0.1726 0.555303 -0.471939 0.456017 0.518512 0.627554 -0.406084 -1 -0.644803 -0.418745 0.0610798 -0.717278 0.437109 -1 0.679594 0.127817 0.354468 -0.140046 -0.269306 -0.127436 -0.332664 -1 -0.551482 -0.760806 -1 0.15019 0.00917859 -0.745661 -0.376696 -0.742596 -0.660577 -0.92591 -0.35323 -0.708069 0.0839526 0.362456 -0.405928 -1 -0.106212 0.164447 -0.362728 
-0.389504 -0.0969297 -1 -0.0454625 0.611568 -0.888822 -0.0324372 -0.996306 0.290643 -1 -1 -1 -0.0089503 -0.225927 0.155222 -1 -1 -0.970875 0.267233 0.550869 -0.391564 -0.389369 -0.344339 -0.0893455 0.410879 0.706743 -0.655314 -0.999082 -1 -1 -0.980678 -1 -0.721997 -0.623682 -1 -0.989465 0.111812 -0.00531682 -1 -0.988244 -0.422264 -0.946415 -0.881493 0.49274 -1 -0.54069 0.564905 -0.678599 -0.399593 -0.325758 -0.690584 -0.288751 -1 -0.730401 -0.515465 0.0486439 -0.853805 0.5159 -0.80486 -0.644122 0.0686822 -0.143794 -1 0.441045 0.222441 -1 -0.873748 0.192943 0.924407 -0.959196 -0.768796 -1 -0.766747 -1 -0.6631 -0.299004 -0.875692 -0.727763 -0.139805 -1 -0.438494 -1 -0.226643 -0.0914905 -0.938328 -0.10329 0.31641 -0.0460811 -0.22114 -0.957098 -0.765069 0.306293 -1 -1 -0.49795 -0.358623 -1 -0.0467857 0.0351588 -0.583415 0.0237911 -0.294501 -0.481254 -0.835005 -0.327928 -0.723405 -0.260131 -0.35371 -0.307388 -0.159171 -0.957567 -1 -0.108923 0.333769 -0.450938 0.186744 0.109339 -0.97238 -0.811151 -1 -0.917201 0.589937 -0.542842 0.369997 -1 -0.995584 -0.933324 -0.263648 0.402342 -0.178557 -0.876678 -0.0243153 -0.220041 0.0269296 -0.879501 -1 -0.979697 -1 
0.0292746 -0.13575 -0.954803 -0.0747949 0.694359 -1 0.187881 -1 0.610743 -1 -0.847414 -1 -0.117002 -0.0193434 0.113286 -1 -0.946078 -1 0.257891 0.620957 -0.520038 -0.157321 -0.145141 0.253403 0.591207 0.814666 -0.593302 -0.97273 -0.996266 -0.835195 -1 -1 -0.432975 -0.512296 -1 -0.751006 0.391677 -0.0958981 -1 -1 -0.568123 -0.800407 -0.753113 0.628672 -0.845475 -0.715341 0.742856 -0.655605 -0.214672 -0.360059 -0.520759 -0.312431 -1 -0.481823 -0.711475 -0.0804689 -0.870145 0.527805 -0.465219 -0.843616 0.044587 0.00698759 -0.935293 0.474384 0.145236 -0.963112 -0.479773 0.181279 0.862087 -0.928639 -0.671551 -1 -0.29507 -1 -0.662075 -0.497055 -0.543668 -0.315699 0.0324841 -0.996898 -0.297896 -1 -0.171702 -0.253985 -1 -0.306256 0.286705 0.360743 0.0585067 -0.435045 -0.621042 0.293964 -1 -0.923949 -0.650285 -0.290377 -0.803405 -0.109868 0.0144989 -0.492101 -0.0231827 0.02881 -0.566949 -0.746697 0.0085367 -0.708817 -0.560237 -0.185166 -0.465828 0.0227856 -0.871337 -1 0.138289 0.169272 -0.472373 0.0823877 0.384985 -0.983064 -0.621493 -1 -0.863413 0.672621 -0.364782 0.256467 -0.9832 -0.923972 -1 -0.2674 0.418792 -0.261135 -0.356214 0.193641 -0.379023 0.199031 -0.608444 -1 -1 -1 
